-4.0274e-07 -4.0598e-07 -4.0917e-07 -4.101e-07 -4.1006e-07 -4.0954e-07 -4.0927e-07 -4.1018e-07 -4.1211e-07 -4.1411e-07 -4.2037e-07 -4.2203e-07 -4.2121e-07 -4.2282e-07 -4.2563e-07 -4.2548e-07 -4.2508e-07 -4.2406e-07 -4.2372e-07 -4.2534e-07 -4.2568e-07 -4.2423e-07 -4.239e-07 -4.2462e-07 -4.253e-07 -4.2548e-07 -4.257e-07 -4.2568e-07 -4.2511e-07 -4.2542e-07 -4.2432e-07 -4.218e-07 -4.2327e-07 -4.2457e-07 -4.2247e-07 -4.2412e-07 -4.2529e-07 -4.2567e-07 -4.2552e-07 -4.2494e-07 -4.2419e-07 -4.2261e-07 -4.2093e-07 -4.2014e-07 -4.1944e-07 -4.1952e-07 -4.1921e-07 -4.1954e-07 -4.1925e-07 -4.1868e-07 -4.1772e-07 -4.1754e-07 -4.163e-07 -4.1584e-07 -4.1581e-07 -4.1572e-07 -4.1209e-07 -4.1069e-07 -4.0941e-07 -4.0957e-07 -4.0854e-07 -4.0743e-07 -4.074e-07 -4.0523e-07 -4.0627e-07 -4.0817e-07 -4.0879e-07 -4.0069e-07 -3.968e-07 -3.978e-07 -3.9338e-07 -3.9269e-07 -3.9255e-07 -3.9294e-07 -3.8954e-07 -3.8723e-07 -3.8611e-07 -3.8518e-07 -3.8384e-07 -3.8434e-07 -3.8292e-07 -3.8494e-07 -3.8532e-07 -3.8387e-07 -3.8565e-07 -3.8641e-07 -3.8604e-07 -3.8537e-07 -3.8498e-07 -3.8559e-07 -3.8675e-07 -3.8936e-07 -3.9039e-07 -3.9075e-07 -3.9112e-07 -3.9193e-07 -3.9127e-07 -3.9218e-07 -3.9303e-07 -3.929e-07 -3.911e-07 -3.9082e-07 -3.8998e-07 -3.8965e-07 -3.9083e-07 -3.9134e-07 -3.9191e-07 -3.9278e-07 -3.9337e-07 -3.9379e-07 -3.9453e-07 -3.9317e-07 -3.9063e-07 -3.9246e-07 -3.9628e-07 -3.9868e-07 -3.9776e-07 -3.9759e-07 -3.9826e-07 -3.9973e-07 -4.0103e-07 -4.018e-07 -4.0247e-07 -4.0417e-07 -4.0635e-07 -4.0827e-07 -4.0836e-07 -4.0986e-07 -4.1133e-07 -4.1218e-07 -4.1294e-07 -4.1342e-07 -4.1397e-07 -4.146e-07 -4.15e-07 -4.1616e-07 -4.1634e-07 -4.163e-07 -4.162e-07 -4.1656e-07 -4.1439e-07 -4.1477e-07 -4.1373e-07 -4.1198e-07 -4.1289e-07 -4.1272e-07 -4.1225e-07 -4.1077e-07 -4.0879e-07 -4.0706e-07 -4.0671e-07 -4.0579e-07 -4.0568e-07 -4.0302e-07 -4.0134e-07 -4.0029e-07 -3.9938e-07 -3.9817e-07 -3.9771e-07 -3.9836e-07 -3.9787e-07 -3.9727e-07 -3.9668e-07 -3.9505e-07 -3.9468e-07 -3.9397e-07 -3.9472e-07 -3.9547e-07 -3.9609e-07 -3.9676e-07 -3.979e-07 -3.9919e-07 -3.9947e-07 -3.9999e-07 -4.0021e-07 -4.0126e-07 -4.0179e-07 -4.0201e-07 -4.0211e-07 -4.0282e-07
-3.6156e-07 -3.5247e-07 -3.481e-07 -3.328e-07 -3.3649e-07 -3.2909e-07 -3.4105e-07 -3.4262e-07 -3.4552e-07 -3.5529e-07 -3.5581e-07 -3.5697e-07 -3.6725e-07 -3.7823e-07 -3.8296e-07 -3.8423e-07 -3.8253e-07 -3.8166e-07 -3.821e-07 -3.8574e-07 -3.8611e-07 -3.8208e-07 -3.7014e-07 -3.6636e-07 -3.6886e-07 -3.7408e-07 -3.7378e-07 -3.8295e-07 -3.7609e-07 -3.8965e-07 -3.6839e-07 -3.664e-07 -3.8104e-07 -3.8233e-07 -3.8295e-07 -3.8265e-07 -3.8513e-07 -3.8828e-07 -3.865e-07 -3.8795e-07 -3.9181e-07 -3.881e-07 -3.9104e-07 -3.9288e-07 -3.9534e-07 -3.9671e-07 -3.971e-07 -4.0144e-07 -4.0431e-07 -4.0751e-07 -4.1465e-07 -4.067e-07 -4.161e-07 -4.2403e-07 -4.2349e-07 -4.2454e-07 -4.2563e-07 -4.2535e-07 -4.2466e-07 -4.2426e-07 -4.257e-07 -4.1379e-07 -4.172e-07 -4.036e-07 -3.9859e-07 -3.971e-07 -3.9247e-07 -3.8933e-07 -3.8711e-07 -3.8497e-07 -3.7994e-07 -3.7643e-07 -3.8254e-07 -3.8067e-07 -3.5149e-07 -3.4463e-07 -3.3483e-07 -3.2155e-07 -3.1677e-07 -3.4045e-07 -2.9533e-07 -2.6237e-07 -2.5996e-07 -2.4169e-07 -2.3613e-07 -2.3734e-07 -2.4252e-07 -2.482e-07 -2.5493e-07 -2.5993e-07 -2.6686e-07 -2.6852e-07 -2.7129e-07 -2.7084e-07 -2.7224e-07 -3.3759e-07 -3.2337e-07 -3.4822e-07 -3.2979e-07 -3.5707e-07 -3.5661e-07 -3.5699e-07 -3.6704e-07 -3.6839e-07 -3.7265e-07 -3.8132e-07 -3.8709e-07 -3.9973e-07 -4.0588e-07 -4.0921e-07 -3.9971e-07 -3.9895e-07 -4.0159e-07 -4.0324e-07 -4.0462e-07 -4.0433e-07 -4.0758e-07 -4.097e-07 -4.1348e-07 -4.1366e-07 -4.1679e-07 -4.1903e-07 -4.1939e-07 -4.2105e-07 -4.2301e-07 -4.2267e-07 -4.2297e-07 -4.2438e-07 -4.253e-07 -4.251e-07 -4.2561e-07 -4.2565e-07 -4.2569e-07 -4.256e-07 -4.2424e-07 -4.2124e-07 -4.183e-07 -4.1202e-07 -4.1534e-07 -4.2163e-07 -4.2462e-07 -4.2513e-07 -4.2538e-07 -4.2556e-07 -4.257e-07 -4.2568e-07 -4.2564e-07 -4.2161e-07 -4.2061e-07 -4.2006e-07 -4.2005e-07 -4.2056e-07 -4.2179e-07 -4.2165e-07 -4.214e-07 -4.2163e-07 -4.2322e-07 -4.2502e-07 -4.2566e-07 -4.2563e-07 -4.2563e-07 -4.2517e-07 -4.2392e-07 -4.2326e-07 -4.2012e-07 -4.1681e-07 -4.1216e-07 -4.0942e-07 -4.0054e-07 -3.9747e-07 -3.8329e-07 -3.8296e-07 -3.8123e-07 -3.823e-07 -3.7456e-07 -3.8512e-07 -4.0474e-07 -3.9636e-07 -3.6316e-07 -3.3963e-07
-4.0933e-07 -4.0844e-07 -4.0688e-07 -4.0636e-07 -4.0572e-07 -4.06e-07 -4.0492e-07 -4.0213e-07 -4.0209e-07 -4.0249e-07 -4.0248e-07 -4.0222e-07 -4.0098e-07 -3.9585e-07 -4.0033e-07 -4.046e-07 -4.0396e-07 -3.9639e-07 -3.9718e-07 -3.9701e-07 -3.9679e-07 -3.958e-07 -3.9366e-07 -3.9288e-07 -3.9408e-07 -3.9388e-07 -3.9088e-07 -3.8251e-07 -3.7697e-07 -3.6335e-07 -3.2472e-07 -3.2096e-07 -3.2369e-07 -3.2392e-07 -3.1849e-07 -3.3789e-07 -3.1138e-07 -3.2592e-07 -3.331e-07 -3.407e-07 -3.126e-07 -2.7369e-07 -2.8108e-07 -2.7846e-07 -3.0912e-07 -3.1406e-07 -3.2758e-07 -3.4013e-07 -3.5032e-07 -3.6036e-07 -3.5723e-07 -3.694e-07 -3.7116e-07 -3.7435e-07 -3.4888e-07 -3.3942e-07 -3.6933e-07 -3.8538e-07 -3.8137e-07 -3.4445e-07 -3.6304e-07 -4.2169e-07 -4.2433e-07 -4.2352e-07 -4.2022e-07 -4.1702e-07 -4.2221e-07 -4.1964e-07 -4.2043e-07 -4.2547e-07 -4.2544e-07 -4.2563e-07 -4.2034e-07 -4.173e-07 -4.1923e-07 -4.0696e-07 -4.213e-07 -4.2562e-07 -4.2308e-07 -4.2521e-07 -4.2246e-07 -4.2041e-07 -4.2241e-07 -4.2281e-07 -4.2484e-07 -4.2204e-07 -4.2001e-07 -4.1439e-07 -4.1387e-07 -4.1864e-07 -4.1279e-07 -4.135e-07 -4.1802e-07 -4.1672e-07 -4.1652e-07 -4.1708e-07 -4.1783e-07 -4.196e-07 -4.2082e-07 -4.2342e-07 -4.227e-07 -4.2487e-07 -4.2451e-07 -4.1628e-07 -4.1927e-07 -4.2072e-07 -4.215e-07 -4.2104e-07 -4.2205e-07 -4.2031e-07 -4.1701e-07 -4.1457e-07 -4.1243e-07 -4.0882e-07 -4.1891e-07 -4.1655e-07 -4.1131e-07 -4.1003e-07 -4.1368e-07 -4.1736e-07 -4.1782e-07 -4.1637e-07 -4.1479e-07 -4.1019e-07 -4.0409e-07 -3.9851e-07 -3.9838e-07 -4.0277e-07 -4.0264e-07 -4.0607e-07 -4.0869e-07 -4.1048e-07 -4.1255e-07 -4.1198e-07 -4.105e-07 -4.0486e-07 -3.5886e-07 -2.0058e-07 -1.3097e-07 -1.7633e-07 -2.7987e-07 -3.1881e-07 -3.3286e-07 -3.2845e-07 -3.7698e-07 -3.9572e-07 -4.027e-07 -4.0945e-07 -4.0646e-07 -4.0242e-07 -4.0929e-07 -4.0773e-07 -4.0456e-07 -3.9484e-07 -3.8164e-07 -3.7682e-07 -3.7425e-07 -3.7234e-07 -3.7573e-07 -3.7583e-07 -3.7712e-07 -3.9047e-07 -4.0072e-07 -4.0532e-07 -4.0707e-07 -4.0122e-07 -3.9629e-07 -3.9024e-07 -3.7906e-07 -3.6128e-07 -3.8437e-07 -3.7936e-07 -3.8265e-07 -3.8668e-07 -3.9243e-07 -3.9597e-07 -3.9903e-07 -3.9995e-07 -4.0697e-07 -4.0942e-07
-4.0291e-07 -4.0139e-07 -4.0005e-07 -3.9881e-07 -3.9837e-07 -3.98e-07 -3.9694e-07 -3.9573e-07 -3.9418e-07 -3.9271e-07 -3.9104e-07 -3.8891e-07 -3.8641e-07 -3.8454e-07 -3.855e-07 -3.8491e-07 -3.8323e-07 -3.8009e-07 -3.7707e-07 -3.7475e-07 -3.7213e-07 -3.688e-07 -3.6544e-07 -3.6144e-07 -3.5657e-07 -3.5029e-07 -3.4509e-07 -3.3812e-07 -3.2522e-07 -3.0905e-07 -3.183e-07 -3.3773e-07 -3.408e-07 -3.4771e-07 -3.3496e-07 -3.2099e-07 -3.2275e-07 -3.2806e-07 -3.2013e-07 -3.1257e-07 -3.4328e-07 -3.4293e-07 -3.4069e-07 -3.3955e-07 -3.3671e-07 -3.3318e-07 -3.3659e-07 -2.6689e-07 -2.5069e-07 -2.3932e-07 -2.5449e-07 -2.5257e-07 -2.6499e-07 -2.6511e-07 -2.6123e-07 -2.6778e-07 -2.7653e-07 -2.31e-07 -2.1697e-07 -2.1734e-07 -2.916e-07 -2.3979e-07 -2.5508e-07 -2.7343e-07 -2.187e-07 -2.6764e-07 -2.6509e-07 -2.6961e-07 -2.028e-07 -2.6106e-07 -2.1126e-07 -1.677e-07 -1.3435e-07 -1.3247e-07 -1.635e-07 -1.9253e-07 -1.8615e-07 -1.8911e-07 -1.9059e-07 -1.7125e-07 -1.7616e-07 -1.8305e-07 -2.1149e-07 -2.0528e-07 -2.0122e-07 -2.1603e-07 -2.2744e-07 -2.3095e-07 -2.2189e-07 -2.2473e-07 -2.6979e-07 -2.7233e-07 -2.5703e-07 -1.9126e-07 -2.6903e-07 -2.8157e-07 -2.9632e-07 -3.0316e-07 -2.9936e-07 -3.1823e-07 -2.89e-07 -3.5562e-07 -3.3717e-07 -3.6619e-07 -3.1971e-07 -2.8616e-07 -2.7764e-07 -3.1183e-07 -3.2689e-07 -3.2299e-07 -3.1669e-07 -2.9838e-07 -2.6116e-07 -2.478e-07 -2.3355e-07 -2.3525e-07 -3.0077e-07 -2.9823e-07 -3.0761e-07 -3.0922e-07 -3.1885e-07 -3.1874e-07 -3.5734e-07 -3.6559e-07 -3.5881e-07 -3.5226e-07 -3.5261e-07 -3.6728e-07 -3.6803e-07 -3.5285e-07 -3.6042e-07 -3.5917e-07 -3.4062e-07 -3.3875e-07 -3.1353e-07 -2.2593e-07 -8.3851e-08 -1.0004e-07 -9.5197e-08 -9.9351e-08 -9.6054e-08 -2.9571e-07 -3.1112e-07 -3.0359e-07 -3.0833e-07 -2.8996e-07 -2.9561e-07 -3.0649e-07 -3.0996e-07 -3.1047e-07 -3.1792e-07 -3.3278e-07 -3.4532e-07 -3.5123e-07 -3.5647e-07 -3.7118e-07 -3.7715e-07 -3.7298e-07 -3.4078e-07 -2.9438e-07 -2.1951e-07 -1.6996e-07 -2.3553e-07 -3.1752e-07 -3.9608e-07 -3.959e-07 -4.1354e-07 -4.1668e-07 -4.1762e-07 -4.1812e-07 -4.1372e-07 -4.0182e-07 -3.5717e-07 -3.5817e-07 -3.8542e-07 -4.0075e-07 -4.0603e-07 -4.0777e-07 -4.0649e-07 -4.0456e-07
-3.7841e-07 -3.7187e-07 -3.716e-07 -3.5691e-07 -3.8134e-07 -3.7494e-07 -3.7071e-07 -3.6601e-07 -3.607e-07 -3.5449e-07 -3.48e-07 -3.3957e-07 -3.1916e-07 -3.1421e-07 -3.4067e-07 -3.4221e-07 -3.3828e-07 -3.3259e-07 -3.2514e-07 -3.1829e-07 -3.1174e-07 -3.0568e-07 -3.0314e-07 -2.9759e-07 -2.9233e-07 -2.8479e-07 -2.7482e-07 -2.7012e-07 -2.6628e-07 -2.61e-07 -2.5405e-07 -2.2833e-07 -2.3426e-07 -2.2989e-07 -2.1074e-07 -2.1878e-07 -2.5426e-07 -2.4773e-07 -2.5208e-07 -2.4813e-07 -2.1787e-07 -2.4322e-07 -2.9123e-07 -2.83e-07 -3.0607e-07 -3.2429e-07 -3.1584e-07 -2.9256e-07 -2.8484e-07 -3.0137e-07 -2.796e-07 -2.9396e-07 -2.6009e-07 -1.0949e-07 -1.5915e-07 -1.2418e-07 -7.708e-08 -1.6997e-07 -8.5175e-08 -1.0536e-07 -1.6716e-07 -1.4499e-07 -1.319e-07 -1.3881e-07 -1.3878e-07 -1.4868e-07 -1.3852e-07 -1.3669e-07 -1.5189e-07 -1.6864e-07 -1.487e-07 -1.7941e-07 -2.1186e-07 -2.0742e-07 -2.0294e-07 -1.9965e-07 -2.1003e-07 -2.0968e-07 -2.1421e-07 -2.0866e-07 -1.2491e-07 -2.2434e-07 -2.5203e-07 -2.5981e-07 -2.638e-07 -2.6029e-07 -2.6256e-07 -2.607e-07 -2.6498e-07 -2.6645e-07 -2.6881e-07 -2.6515e-07 -2.8124e-07 -3.07e-07 -3.3243e-07 -3.6516e-07 -4.125e-07 -4.2463e-07 -4.058e-07 -3.9675e-07 -3.5563e-07 -3.1563e-07 -3.2279e-07 -3.0705e-07 -2.629e-07 -2.2993e-07 -2.059e-07 -1.636e-07 -1.703e-07 -1.9156e-07 -2.2962e-07 -1.7527e-07 -1.5461e-07 -1.3034e-07 -1.3257e-07 -1.1709e-07 -1.112e-07 -9.4765e-08 -9.9543e-08 -1.0038e-07 -1.048e-07 -9.6221e-08 -1.0817e-07 -1.2239e-07 -1.2515e-07 -1.1143e-07 -1.9317e-07 -1.8654e-07 -1.729e-07 -1.5904e-07 -1.4742e-07 -1.0315e-07 -9.1739e-08 -7.3298e-08 -6.5572e-08 -7.0203e-08 -7.6357e-08 -1.9437e-07 -3.2632e-07 -3.5045e-07 -3.555e-07 -3.5971e-07 -3.6141e-07 -3.4143e-07 -3.3066e-07 -3.2821e-07 -3.3585e-07 -3.1627e-07 -3.0328e-07 -2.9085e-07 -2.7107e-07 -2.571e-07 -2.3795e-07 -2.7454e-07 -2.5665e-07 -2.1922e-07 -1.9332e-07 -2.4814e-07 -2.7164e-07 -2.6451e-07 -1.7975e-07 -2.1014e-07 -2.641e-07 -2.6552e-07 -2.4233e-07 -2.4877e-07 -1.8028e-07 -2.8392e-07 -3.7526e-07 -4.0149e-07 -4.0111e-07 -3.9012e-07 -3.7609e-07 -3.4992e-07 -3.1066e-07 -3.8513e-07 -3.7453e-07 -3.7442e-07 -3.9099e-07 -3.8613e-07
-3.4378e-07 -3.3801e-07 -3.3668e-07 -3.2294e-07 -3.2514e-07 -3.3023e-07 -3.2977e-07 -3.2487e-07 -3.2242e-07 -2.9635e-07 -3.1458e-07 -3.0266e-07 -2.9466e-07 -2.9079e-07 -2.7869e-07 -2.6027e-07 -2.7747e-07 -2.4238e-07 -2.8892e-07 -2.4792e-07 -2.6662e-07 -2.6108e-07 -2.6515e-07 -1.8597e-07 -1.0729e-07 -2.8279e-07 -2.1079e-07 -1.2027e-07 -1.6269e-07 -1.4438e-07 -1.5697e-07 -1.5622e-07 -1.6127e-07 -1.579e-07 -1.4919e-07 -1.4479e-07 -1.4438e-07 -1.4718e-07 -1.6529e-07 -1.721e-07 -1.7053e-07 -2.1077e-07 -9.981e-08 -7.9732e-08 -2.5076e-07 -2.2069e-07 -2.2319e-07 -2.4525e-07 -2.5289e-07 -1.9718e-07 -1.4755e-07 -2.1532e-07 -8.0883e-08 -1.2274e-07 -1.0998e-07 -7.0749e-08 -2.3849e-08 -2.4891e-07 -1.3434e-07 -2.2525e-07 -9.4424e-08 -1.3959e-07 -2.4947e-07 -1.7299e-07 -1.71e-07 -1.1334e-07 -1.065e-07 -1.1958e-07 -1.2476e-07 -1.3198e-07 -1.4049e-07 -1.3572e-07 -1.3976e-07 -1.3777e-07 -1.4301e-07 -1.4946e-07 -1.4448e-07 -1.3629e-07 -1.437e-07 -1.8277e-07 -1.6514e-07 -1.3427e-07 -1.8545e-07 -1.9204e-07 -1.8776e-07 -1.479e-07 -2.1012e-07 -1.7821e-07 -2.0735e-07 -2.0192e-07 -1.9217e-07 -2.1298e-07 -2.2337e-07 -2.6979e-07 -3.6912e-07 -3.688e-07 -4.0196e-07 -3.6296e-07 -2.9843e-07 -2.5482e-07 -2.6712e-07 -2.246e-07 -2.1658e-07 -2.0419e-07 -1.9083e-07 -1.5069e-07 -1.8347e-07 -1.613e-07 -2.0607e-07 -1.5703e-07 -2.3322e-07 -1.8183e-07 -2.1143e-07 -2.1122e-07 -2.683e-07 -2.8348e-07 -1.6161e-07 -1.2935e-07 -7.8246e-08 -6.8506e-08 -5.8367e-08 -6.1107e-08 -5.637e-08 -5.9791e-08 -5.1192e-08 -5.7759e-08 -6.5593e-08 -5.5798e-08 -5.9882e-08 -5.1834e-08 -6.3871e-08 -6.7534e-08 -5.1357e-08 -5.532e-08 -5.4566e-08 -5.3912e-08 -4.1038e-08 -3.8119e-08 -5.115e-08 -5.1376e-08 -5.1971e-08 -4.3818e-08 -1.0437e-07 -1.7829e-07 -1.4083e-07 -2.3811e-07 -3.1316e-07 -3.1236e-07 -3.1156e-07 -3.2483e-07 -3.168e-07 -3.0237e-07 -2.388e-07 -2.7561e-08 -5.9106e-08 -2.2688e-07 -2.5896e-07 -1.6648e-07 -3.4248e-07 -3.3833e-07 -2.5236e-07 -3.2938e-07 -3.6188e-07 -3.7472e-07 -3.8082e-07 -3.7049e-07 -3.8267e-07 -3.4115e-07 -3.6768e-07 -3.7132e-07 -3.7013e-07 -3.6393e-07 -3.4941e-07 -3.7864e-07 -3.8578e-07 -3.7509e-07 -3.6505e-07 -3.5415e-07 -3.5369e-07 -3.519e-07
-2.3331e-07 -2.7471e-07 -2.8672e-07 -2.9072e-07 -3.0286e-07 -2.6327e-07 -2.6978e-07 -2.1518e-07 -2.2319e-07 -2.1694e-07 -2.2213e-07 -2.1906e-07 -1.6036e-07 -1.9283e-07 -2.0185e-07 -1.932e-07 -1.7657e-07 -1.7857e-07 -1.5615e-07 -1.7862e-07 -1.89e-07 -1.8023e-07 -1.8926e-07 -1.6927e-07 -1.823e-07 -1.5935e-07 -1.2317e-07 -1.0909e-07 -1.3735e-07 -1.1818e-07 -1.2387e-07 -1.1863e-07 -1.1772e-07 -1.185e-07 -1.1922e-07 -1.1636e-07 -1.2326e-07 -1.1893e-07 -1.2266e-07 -1.2232e-07 -1.2533e-07 -1.2092e-07 -1.3489e-07 -1.6018e-07 -1.7175e-07 -2.0869e-07 -2.8807e-07 -1.7397e-07 -3.0167e-07 -2.6323e-07 -1.272e-07 -1.6659e-07 -1.9493e-07 -2.7878e-07 -2.5786e-07 -2.2334e-07 -1.924e-07 -1.9608e-07 -1.7482e-07 -1.8301e-07 -1.3172e-07 -9.8124e-08 -1.295e-07 -1.1868e-07 -8.4531e-08 -7.9801e-08 -8.5031e-08 -7.8209e-08 -7.8292e-08 -8.5646e-08 -9.2541e-08 -9.5645e-08 -1.0604e-07 -1.0351e-07 -1.105e-07 -1.1128e-07 -1.1665e-07 -1.3521e-07 -1.7252e-07 -1.6835e-07 -1.8083e-07 -2.0532e-07 -2.1563e-07 -2.4043e-07 -2.0112e-07 -1.6799e-07 -1.9242e-07 -1.8683e-07 -2.2038e-07 -2.0018e-07 -1.9743e-07 -2.073e-07 -2.6286e-07 -2.8596e-07 -3.039e-07 -3.2615e-07 -3.7682e-07 -4.0583e-07 -2.9183e-07 -9.8116e-08 -3.3256e-08 -2.9286e-09 5.7213e-11 -2.1665e-07 -1.716e-07 -1.9503e-07 -1.8916e-07 -1.5705e-07 -2.0338e-07 -1.4672e-07 -1.9364e-07 -1.9997e-07 -2.1158e-07 -1.321e-07 -6.7114e-08 -1.0213e-07 -2.0155e-07 -2.2449e-07 -2.8855e-07 -3.1983e-07 -3.3249e-07 -3.7315e-07 -3.8517e-07 -3.2863e-07 -2.3018e-07 -1.54e-07 -1.0369e-07 -1.0753e-07 -1.2561e-07 -1.6213e-07 -2.57e-07 -1.3476e-07 -9.7456e-08 -2.3668e-07 -1.3983e-07 -1.0083e-07 -4.6969e-08 -6.4796e-08 -1.0791e-07 -1.2499e-07 -1.891e-07 -1.8601e-07 -2.1984e-07 -1.3516e-07 -3.3843e-08 -4.2668e-08 -7.2449e-08 -9.4979e-08 -2.1031e-07 -2.0643e-07 -1.9724e-07 -3.1564e-07 -2.1249e-07 -1.6034e-07 -1.5922e-07 -2.9239e-07 -3.3872e-07 -3.2775e-07 -3.5266e-07 -3.4767e-07 -3.3614e-07 -3.5434e-07 -3.5512e-07 -3.2551e-07 -3.4049e-07 -3.4598e-07 -3.3064e-07 -3.1728e-07 -3.1088e-07 -3.1374e-07 -3.2613e-07 -3.1379e-07 -2.8375e-07 -3.2682e-07 -3.2398e-07 -3.1603e-07 -2.8853e-07 -2.6502e-07 -2.503e-07 -2.7847e-07
-1.991e-07 -1.8201e-07 -2.2035e-07 -1.9753e-07 -2.2519e-07 -2.2829e-07 -2.0887e-07 -8.0093e-08 -1.7257e-07 -1.8652e-07 -2.4018e-08 2.8251e-08 -1.5058e-07 -1.2843e-07 -1.2586e-07 -1.0528e-07 -1.4349e-07 -1.2285e-07 -1.2259e-07 -1.537e-07 -1.5303e-07 -1.1054e-07 -1.1082e-07 -8.271e-08 -1.0903e-07 -9.5799e-08 -8.7483e-08 -8.2873e-08 -8.7839e-08 -9.3568e-08 -9.2934e-08 -9.6529e-08 -8.9693e-08 -9.6148e-08 -1.6955e-07 -1.0814e-07 -1.0712e-07 -1.1032e-07 -1.1531e-07 -1.1628e-07 -1.2627e-07 -1.353e-07 -1.3385e-07 -1.3239e-07 -1.2499e-07 -1.1512e-07 -1.2971e-07 -1.4527e-07 -1.7802e-07 -1.9717e-07 -1.7607e-07 -2.6102e-07 -2.8263e-07 -2.2746e-07 -1.3867e-07 -1.2423e-07 -1.3716e-07 -7.825e-08 -5.1991e-08 -4.6457e-08 -4.0687e-08 -4.4032e-08 -5.3168e-08 -6.23e-08 -6.7864e-08 -6.9118e-08 -7.5285e-08 -1.1263e-07 -7.7504e-08 -9.7102e-08 -1.2436e-07 -1.5107e-07 -1.5716e-07 -1.8582e-07 -1.955e-07 -1.8282e-07 -1.9851e-07 -1.6811e-07 -1.9761e-07 -1.9365e-07 -1.8209e-07 -1.7358e-07 -1.5682e-07 -1.9125e-07 -1.3283e-07 -1.7497e-07 -1.7578e-07 -1.4839e-07 -1.7851e-07 -1.7858e-07 -1.9438e-07 -2.4235e-07 -2.6157e-07 -2.1415e-07 -1.9042e-07 -1.8684e-07 -1.8577e-07 -1.8437e-07 -1.7275e-07 -1.9475e-07 -2.2166e-07 -2.0421e-07 -2.034e-07 -2.1222e-07 -1.6204e-07 -1.5247e-07 -1.5152e-07 -1.7761e-07 -1.8384e-07 -2.0257e-07 -2.1666e-07 -2.4264e-07 -3.061e-07 -2.6968e-07 -2.5546e-07 -3.2674e-07 -2.7574e-07 -2.9576e-07 -3.2417e-07 -3.0369e-07 -3.3402e-07 -3.4176e-07 -2.4654e-07 -1.9392e-07 -2.2077e-07 -2.055e-07 -2.9717e-08 -2.8301e-07 -2.5586e-07 -2.5428e-07 -2.3559e-07 -1.4934e-07 -1.6946e-07 -1.9444e-07 -2.0503e-07 -2.3469e-07 -1.8352e-07 -3.2757e-07 -3.662e-07 -3.9898e-07 -4.0351e-07 -3.5295e-07 -7.6184e-09 -3.4352e-08 -1.4995e-08 -2.2445e-07 -1.1025e-07 -2.1062e-07 -8.2895e-08 -2.9206e-08 -5.5484e-08 -6.9143e-08 -8.2929e-08 -7.8447e-08 -5.7123e-08 -2.4697e-07 -3.7396e-07 -3.775e-07 -3.7882e-07 -3.7767e-07 -3.7971e-07 -3.653e-07 -2.877e-07 -3.028e-07 -2.7579e-07 -3.5234e-07 -3.4462e-07 -3.2285e-07 -3.1289e-07 -3.1389e-07 -3.042e-07 -3.0333e-07 -2.9868e-07 -2.6484e-07 -2.6307e-07 -2.5112e-07 -2.305e-07 -2.3808e-07 -2.2933e-07 -2.2034e-07
-6.3367e-09 -2.0239e-07 -9.0694e-08 -9.248e-08 -1.1396e-07 -1.6734e-07 -3.4452e-08 -9.2007e-08 -8.7744e-08 -9.1018e-08 -1.673e-07 -2.2405e-07 -2.294e-08 -1.7575e-07 -1.2473e-07 -9.2092e-08 -1.001e-07 -1.0134e-07 -1.1299e-07 -1.3446e-07 -1.608e-07 -2.1695e-07 -3.997e-08 -2.4752e-07 -2.0938e-07 -6.127e-08 -1.0781e-07 -1.1178e-07 -1.0696e-07 -9.7232e-08 -9.3216e-08 -9.3859e-08 -7.5325e-08 -1.3985e-07 -1.4803e-07 -2.0459e-07 -1.6804e-07 -1.0438e-07 -1.2485e-07 -1.1498e-07 -1.1526e-07 -1.0956e-07 -1.2583e-07 -1.1694e-07 -1.1059e-07 -1.1125e-07 -1.096e-07 -1.5261e-07 -4.5239e-08 8.2569e-08 8.1455e-08 9.6011e-08 9.1729e-08 -1.4437e-07 -5.6386e-08 -5.6386e-08 -2.7039e-08 -1.9051e-08 -1.5518e-08 -1.1974e-08 -1.0854e-08 -1.5008e-08 -2.6107e-08 -4.2174e-08 -3.5944e-08 -1.0446e-07 -7.8266e-08 -4.5637e-08 -4.1988e-08 -4.2223e-08 -5.2281e-08 -1.0082e-07 -1.3815e-07 -1.1439e-07 -1.4032e-07 -1.6239e-07 -1.7656e-07 -1.5644e-07 -1.1932e-07 -1.8436e-07 -1.8288e-07 -1.8169e-07 -1.748e-07 -1.1878e-07 -1.4847e-07 -1.0441e-07 -7.812e-08 -8.5773e-08 -1.0732e-07 -9.7956e-08 -1.6199e-07 -1.6842e-07 -2.2734e-07 -1.6481e-07 -1.6929e-07 -1.5126e-07 -1.2054e-07 -1.1641e-07 -1.1737e-07 -1.2196e-07 -1.1489e-07 -1.1369e-07 -9.8044e-08 -1.0767e-07 -1.2284e-07 -1.3517e-07 -1.1008e-07 -1.9021e-07 -2.025e-07 -2.2672e-07 -2.9071e-07 -3.3647e-07 -3.033e-07 -2.4048e-07 -1.6945e-07 -2.1744e-07 -1.8461e-07 -2.0423e-07 -1.8719e-07 -2.4405e-07 -2.2236e-07 -2.8112e-07 -3.0849e-07 -3.1825e-07 -2.7353e-07 -2.7864e-07 -2.2832e-07 -2.2414e-07 -1.7989e-07 -1.8575e-07 -1.9301e-07 -1.7345e-07 -1.6614e-07 -1.4988e-07 -1.3262e-07 -1.2949e-07 -1.3273e-07 -1.0813e-07 -1.6853e-07 -2.2823e-07 -1.5399e-07 -3.5307e-07 -3.3545e-07 -2.522e-07 -2.361e-07 -2.2589e-07 -2.1356e-07 -1.6318e-07 -1.3368e-08 -9.9286e-08 -1.4488e-07 -2.7234e-07 -1.4322e-07 -7.5216e-08 -2.2798e-08 -2.4516e-11 -9.8975e-08 -2.6676e-07 -3.7281e-07 -3.2834e-07 -3.5537e-07 -3.2128e-07 -2.5274e-07 -2.3343e-07 -3.331e-07 -2.9677e-07 -2.316e-07 -2.0939e-07 -2.3235e-07 -1.7016e-07 -2.9927e-08 -7.5453e-08 -1.4422e-07 -1.6816e-07 -1.6497e-07 -1.7474e-07 -1.4557e-07 -1.7797e-07 -1.6822e-07 -1.9512e-08
-3.972e-08 -3.3509e-08 -1.5937e-08 -5.6219e-09 6.013e-09 3.2624e-08 5.2227e-08 4.128e-08 4.2856e-08 4.5679e-08 4.5078e-08 -6.4814e-08 -1.7617e-07 -2.2548e-07 -3.1529e-07 -3.1318e-07 -2.1966e-07 -1.9385e-07 -5.4294e-09 -1.5573e-07 -1.4249e-07 -1.7206e-07 -2.0595e-07 -1.9246e-07 9.3068e-08 -8.0183e-08 -9.1993e-08 -8.7927e-08 -1.0817e-07 -1.455e-07 -1.3058e-07 -1.4708e-07 -1.4908e-07 -1.1531e-07 -1.2997e-07 -1.3698e-07 -1.5001e-07 -9.5377e-08 -1.2364e-07 -1.1968e-07 -9.6975e-08 -1.2545e-07 -1.0032e-07 -1.1718e-07 -1.0857e-07 -1.0232e-07 -1.5083e-07 -1.828e-07 -1.7244e-07 6.4203e-10 8.5525e-08 7.4275e-08 1.0456e-07 -1.8458e-07 -3.4501e-08 -1.0711e-08 -2.2887e-09 7.2549e-09 -4.6114e-09 -1.1381e-09 1.046e-08 -4.3837e-08 -6.6369e-08 -4.5506e-08 -2.5576e-08 -1.3718e-08 2.4604e-09 -3.7521e-08 -3.5073e-08 -1.8976e-07 -1.4144e-07 -1.0672e-07 -1.3358e-07 -1.0369e-07 -1.5642e-07 -1.1663e-07 -1.4914e-07 -2.2927e-07 -2.6042e-07 -2.81e-07 -2.9344e-07 -1.3584e-07 -1.4985e-07 -1.5311e-07 -1.1944e-07 -1.1732e-07 -9.1266e-08 -1.2731e-07 -7.8429e-08 -1.0912e-07 -1.6834e-08 -3.7781e-08 -1.1306e-07 -9.699e-08 -9.9119e-08 -1.2868e-07 -1.4202e-07 -2.412e-07 -1.4492e-07 -9.6567e-08 -6.9008e-08 -1.2015e-07 -1.118e-07 -1.1019e-07 -1.1448e-07 -1.0579e-07 -1.6704e-07 -2.9806e-07 -2.5753e-07 -2.0702e-07 -2.0083e-07 -1.8256e-07 -1.8067e-07 -1.5066e-07 -1.464e-07 -1.6182e-07 -1.1685e-07 -1.482e-07 -1.265e-07 -1.1121e-07 -1.2511e-07 -8.8934e-08 -8.3478e-08 -1.2012e-07 -6.9227e-08 -1.5323e-07 -2.5191e-07 -2.1912e-07 -1.0388e-08 -1.1044e-08 -1.841e-07 -1.5243e-07 -1.849e-07 -3.3598e-07 -2.3387e-07 -2.044e-07 -1.889e-07 -2.4919e-07 -3.0078e-07 -2.5343e-07 -1.6727e-07 -2.7074e-07 -1.3074e-07 -1.1875e-07 -6.9534e-08 -6.4013e-08 -7.0511e-08 -1.2305e-07 -1.2103e-07 -8.5054e-08 -3.9674e-08 -5.7597e-08 -1.5111e-08 -4.7915e-08 7.2167e-08 9.2868e-08 8.4298e-08 3.8706e-08 -1.3485e-08 -6.4075e-08 -1.93e-08 -5.3072e-08 -8.9667e-08 -3.1115e-08 -6.7902e-10 -1.229e-08 -1.322e-08 -4.2475e-08 -6.7991e-08 2.2307e-08 -5.6891e-08 -3.6235e-09 -2.2444e-08 -1.643e-08 -1.097e-07 -1.0998e-07 -9.9588e-08 -8.0536e-08 -1.456e-07 -3.6565e-08
-1.4792e-07 -1.3708e-07 -7.6482e-08 -3.1954e-08 -1.0665e-07 1.0354e-07 9.0854e-08 4.1497e-08 6.283e-08 5.8488e-08 5.1397e-08 2.2118e-08 -8.1459e-08 -6.015e-08 -1.2681e-07 -7.9363e-08 -2.8135e-07 -2.5598e-07 -1.8666e-07 -1.2189e-07 -6.0514e-08 -1.005e-07 -1.3675e-07 -1.4087e-07 -1.8355e-07 -5.8471e-08 -1.1322e-07 -8.4475e-08 -1.5205e-07 -3.0492e-08 -2.0894e-07 -1.9581e-07 -2.1e-07 -1.655e-07 -1.5801e-07 -1.4214e-07 -9.66e-08 -9.179e-08 -7.4243e-08 -7.4395e-08 -5.7886e-08 -7.4532e-08 -7.9758e-08 -6.9307e-08 -6.771e-08 5.1594e-08 -1.0216e-07 -4.9751e-08 -4.8024e-08 -5.1965e-08 -4.3714e-08 -2.0639e-08 -1.9693e-08 -1.7404e-09 1.3259e-09 -8.798e-09 -2.9328e-09 1.1688e-09 -3.3468e-08 -3.3886e-08 -6.7508e-08 -2.1465e-09 -9.0815e-09 1.6355e-08 -7.3332e-09 -4.3235e-08 -1.4978e-07 -1.4475e-07 -1.3538e-07 -1.3658e-07 -1.4575e-07 -1.1606e-07 -1.2606e-07 -9.2079e-08 -7.2858e-08 -3.5391e-08 -5.8671e-08 -1.6808e-07 -2.5087e-07 -2.1056e-07 -1.8824e-07 -1.054e-07 -9.5909e-08 -1.7854e-07 -1.853e-07 -2.2111e-07 -2.0983e-07 -2.1717e-07 -1.7415e-07 -1.272e-07 -1.2263e-07 -1.0054e-07 -2.3277e-07 -9.3921e-08 -7.9988e-08 -9.4323e-08 -6.9252e-08 -7.0015e-08 -7.3974e-08 -6.443e-08 -7.4408e-08 -8.0866e-08 -6.8827e-08 -8.3285e-08 -1.2264e-07 -1.7286e-07 -2.8252e-07 -1.0055e-07 -6.6183e-08 -8.7217e-08 -1.2015e-07 -1.5252e-07 -1.3426e-07 -1.5451e-07 -1.2988e-07 -2.0923e-07 -2.1582e-07 -1.2311e-07 -5.5554e-08 -2.0391e-08 1.0628e-08 -1.3149e-08 -6.6242e-09 6.692e-09 4.2792e-09 -1.0389e-08 -7.3834e-08 -1.4877e-07 -1.9555e-07 -1.92e-07 -1.0507e-07 -1.3402e-07 -1.4136e-07 -1.2919e-07 1.668e-08 -1.5922e-07 -3.4793e-07 -3.0626e-07 -2.8317e-07 -2.7313e-07 -2.4467e-07 -2.4494e-07 -2.9591e-07 -2.7957e-07 -2.0278e-07 -1.2613e-07 -1.0437e-07 -1.4818e-07 -5.9227e-08 -4.8364e-08 -4.8493e-08 -3.4051e-08 -1.1925e-07 -3.5744e-07 -5.1353e-08 6.9511e-08 4.5594e-08 -2.8628e-07 6.9467e-08 5.6659e-08 4.6264e-08 1.0507e-08 -2.0371e-09 -1.5725e-08 -5.8841e-08 -1.0686e-07 -1.4653e-07 -1.2418e-07 -2.5019e-07 -2.8685e-07 -1.4017e-07 -2.6759e-08 -4.4799e-08 -7.82e-08 -1.0374e-07 -1.3037e-07 -1.4705e-07 -1.6229e-07 -1.2379e-07 -1.2402e-07
7.8067e-08 -1.5818e-07 -1.9977e-07 -7.9485e-08 -7.4785e-08 -5.59e-08 -5.0086e-08 5.7965e-08 4.6204e-08 6.139e-08 6.6377e-08 6.5478e-08 4.3448e-08 2.6472e-08 -3.5321e-08 -8.7309e-08 -1.4036e-07 -2.1247e-07 -2.2517e-07 -2.6582e-07 -2.6772e-07 -3.0119e-07 -2.5903e-07 -2.5463e-07 -1.9942e-07 -2.0476e-07 -2.2236e-07 -2.3427e-07 -1.3798e-07 -2.7047e-07 -2.6909e-07 -2.553e-07 -1.587e-07 6.5963e-08 -1.9369e-07 -1.5536e-07 -1.5194e-07 5.3231e-09 -8.6057e-08 -8.0512e-08 -6.3341e-08 -6.5249e-08 -7.1884e-08 -6.8753e-08 -6.6302e-08 -5.7541e-08 -6.4511e-08 -4.5494e-08 -4.3533e-08 -5.3072e-08 -4.6497e-08 -2.9871e-08 -2.3232e-08 -2.2563e-08 -3.5228e-08 -8.8745e-09 1.576e-08 -4.72e-09 7.1003e-09 -7.6417e-09 -1.0077e-07 -3.4397e-08 3.2607e-09 2.1716e-09 -3.7486e-08 -6.5454e-08 1.1524e-07 1.1606e-07 1.0276e-07 -1.3223e-07 -1.0629e-07 -9.7854e-08 -8.8547e-08 -5.4661e-08 -2.7715e-08 -9.3919e-08 -1.5371e-07 -2.398e-07 -2.2957e-07 -2.7596e-07 -2.3118e-07 -2.2803e-07 -1.5914e-07 -1.7927e-07 -1.2492e-07 -1.4345e-07 -1.2307e-07 -1.1973e-07 -1.2197e-07 -1.2248e-07 -1.1476e-07 -8.6507e-08 -1.0121e-07 -7.5904e-08 -8.5663e-08 -6.4005e-08 -8.4924e-08 -9.3495e-08 -8.6759e-08 -1.2274e-07 -1.1488e-07 -2.3396e-07 -2.6333e-07 -2.5682e-07 -3.0224e-07 -2.2711e-07 -7.9597e-09 6.7011e-08 5.9155e-08 -2.9222e-09 -2.4681e-08 -9.8591e-08 -9.2468e-08 -1.5244e-07 -1.2346e-07 -1.4193e-07 -7.5179e-08 -4.4187e-08 -1.3865e-09 4.7404e-09 7.0053e-10 -1.2619e-09 8.9906e-09 7.4538e-09 -4.4199e-09 3.1928e-08 2.9976e-08 4.9573e-08 5.1703e-08 -2.4263e-08 -1.4999e-07 -2.5073e-07 -1.5849e-07 -1.2512e-07 -2.4648e-07 -2.7281e-07 -2.8902e-07 -3.3506e-07 -2.6654e-07 -3.5742e-07 -3.3064e-07 -2.8127e-07 -2.776e-07 -1.2938e-07 -1.8638e-07 -1.9584e-07 -2.6632e-07 -2.1784e-07 -1.4554e-07 -8.8401e-08 -3.426e-08 3.2674e-09 -5.9291e-08 -2.7813e-08 -6.3971e-09 2.223e-10 5.1448e-09 1.4391e-08 -4.7361e-08 -1.6904e-08 -2.7778e-08 -1.8436e-08 -5.2968e-08 -9.0587e-08 -4.5255e-08 -5.4655e-08 -5.4221e-08 -5.6624e-08 -6.6639e-08 -1.3997e-07 -3.1183e-08 -7.2766e-08 -8.3356e-08 -1.1833e-07 -1.9384e-07 -8.5776e-08 -2.0263e-07 -2.0719e-07 -1.971e-07 -1.1817e-07
-1.4155e-07 -2.0388e-07 -2.5087e-07 -1.8424e-07 -1.767e-07 -2.9111e-08 -3.931e-11 6.0786e-08 4.0813e-08 4.9119e-08 4.6272e-08 6.1214e-08 6.2072e-08 6.2171e-08 4.9401e-08 2.243e-08 6.1125e-10 -9.4734e-09 -2.7424e-08 -8.3142e-08 -1.6768e-07 -1.8876e-07 -1.7666e-07 -2.1135e-07 -1.5304e-07 -1.6712e-07 -2.1808e-07 -7.2575e-08 -1.098e-07 -2.1331e-07 -2.4529e-07 -1.9925e-07 -2.3211e-07 -1.9402e-07 -1.626e-07 -1.4109e-07 -1.3682e-07 -1.241e-07 -1.1907e-07 -8.1255e-08 -7.7422e-08 -5.9857e-08 -5.4048e-08 -5.2969e-08 -3.8027e-08 -3.2412e-08 -3.7683e-08 -3.9651e-08 -3.5545e-08 -3.7389e-08 -5.5908e-08 -7.1755e-08 -8.41e-08 -6.099e-08 -3.6532e-08 -1.4298e-08 -1.4036e-08 -1.2454e-08 -3.2829e-08 -1.7944e-07 3.3187e-08 1.5311e-08 4.0016e-08 6.8934e-08 -3.5604e-08 2.528e-08 4.7801e-08 5.4507e-08 -7.8041e-08 -9.2572e-08 -5.2652e-08 -7.6664e-08 -6.4239e-08 -4.0991e-08 -5.5244e-09 -2.5883e-08 -1.0988e-07 -1.4259e-07 -2.0598e-07 -2.5671e-07 -2.5486e-07 -2.0948e-07 -6.0777e-08 -1.5758e-07 -1.274e-07 -1.2056e-07 -1.2222e-07 -1.3554e-07 -1.776e-07 -1.1352e-07 -1.129e-07 -1.068e-07 -1.1593e-07 -8.5528e-08 -1.1678e-07 -7.8707e-08 -3.4562e-08 -6.4765e-08 -1.1112e-07 -9.8055e-08 -1.4101e-07 -1.3518e-07 -1.5691e-07 -1.7475e-07 -2.3482e-07 -1.8596e-07 -2.0982e-07 -1.668e-07 -1.4712e-07 -1.6633e-07 -1.7235e-07 -1.9176e-07 -1.7332e-07 -6.6026e-08 -2.3835e-08 5.6482e-08 5.1513e-08 2.1743e-08 -5.392e-09 -2.2868e-08 -2.1377e-08 9.188e-09 3.4907e-08 2.945e-08 4.8749e-08 4.0844e-08 3.5055e-08 4.3322e-08 4.2312e-08 5.7622e-08 -1.0599e-07 -1.1765e-07 -1.2707e-07 -1.4773e-07 8.4322e-08 -2.2766e-07 -2.3573e-07 -2.1733e-07 -1.351e-07 -3.1096e-07 -3.1558e-07 -3.1373e-07 -2.5092e-07 -2.4491e-07 -2.3698e-07 -2.9459e-07 -3.1115e-07 -1.2861e-07 -1.7146e-07 -2.2631e-07 -6.8927e-08 -1.0246e-07 -1.1811e-07 -3.413e-08 -4.0011e-08 -2.736e-07 -1.835e-07 -1.5172e-07 -5.0262e-08 -1.0366e-07 -2.0109e-07 -1.7697e-07 -4.4851e-08 -1.1508e-07 -6.9536e-08 -2.8296e-08 -5.3848e-08 -3.8044e-08 -4.5169e-08 -5.0897e-08 -1.0845e-07 -1.2678e-07 -1.5573e-07 -2.5107e-07 -9.4917e-08 -5.5552e-08 -1.2987e-07 -1.5762e-07 -2.1715e-07 -2.3293e-07
-1.4553e-07 -1.5037e-07 -7.1528e-08 -1.9399e-07 -2.3537e-07 -1.6222e-07 -6.981e-08 -4.3072e-08 5.8294e-10 -1.4043e-08 3.0061e-08 5.0594e-09 6.935e-08 3.8286e-08 4.1523e-08 2.149e-08 3.2021e-08 3.7169e-08 2.5055e-08 -5.406e-08 -1.4978e-07 -1.5501e-07 -1.9951e-07 -1.8356e-07 -1.9782e-07 -1.7405e-07 -1.7307e-07 -2.0303e-07 -2.1216e-07 -1.999e-07 -2.0934e-07 -1.8583e-07 -1.4573e-07 -1.4298e-07 -1.4894e-07 -1.8693e-07 -2.1585e-07 -1.5849e-07 -8.9999e-08 -1.3721e-07 -5.8773e-08 -1.1701e-07 -1.4956e-07 -8.0928e-08 -7.1892e-08 -7.261e-08 -1.1189e-07 -5.7111e-08 -7.0614e-08 -7.2099e-08 -1.1245e-07 -9.4209e-08 -1.8635e-08 4.0116e-08 -1.0056e-08 -1.4866e-07 -6.7457e-08 2.4854e-08 1.6256e-09 9.3147e-09 -1.1228e-09 -3.9833e-09 1.8491e-08 5.1775e-08 9.3762e-08 6.7171e-08 -4.6854e-08 7.5217e-08 -7.4353e-08 1.7365e-08 -2.5721e-08 -6.3819e-08 -5.5083e-08 -7.9269e-08 -5.9797e-08 2.345e-08 4.5721e-08 2.9231e-08 1.4408e-08 -5.3476e-08 -9.0441e-08 -1.5971e-07 -1.4227e-07 -1.4705e-07 -1.441e-07 -1.3425e-07 -1.1247e-07 -1.1284e-07 -1.1147e-07 -1.196e-07 -1.2279e-07 -1.1966e-07 -1.0007e-07 -1.1307e-07 -1.0379e-07 -1.3606e-07 -1.1096e-07 -9.8543e-08 -1.2519e-07 -8.1723e-08 -7.5736e-08 -1.265e-07 -1.1398e-07 -8.0281e-08 -1.0683e-07 -1.49e-07 -1.8351e-07 -2.2054e-07 -2.1432e-07 -2.4652e-07 -1.6316e-07 -1.4156e-07 -7.9395e-08 2.2365e-08 7.9867e-08 8.7092e-08 9.0634e-08 6.2881e-08 3.4052e-08 2.1291e-08 1.3885e-08 7.9116e-09 1.8454e-08 2.5914e-08 5.8996e-08 6.8675e-08 5.3781e-08 4.7931e-08 5.207e-08 5.6327e-08 2.6172e-08 -7.4632e-08 -9.5698e-08 -4.9576e-08 -1.2394e-07 -2.0303e-07 -2.4662e-07 -2.2166e-07 -2.4474e-07 -3.3899e-07 -8.2423e-08 -2.7766e-07 -1.8863e-07 -2.0385e-07 -2.0946e-07 -2.5508e-07 -2.7841e-07 -3.0296e-07 -3.3381e-07 -2.7149e-07 -2.0435e-07 -1.2938e-07 -1.7479e-07 -1.6502e-07 -1.0546e-07 -4.2558e-08 3.6277e-09 8.4426e-09 -4.0389e-08 -6.3516e-08 -1.5414e-07 -1.3642e-07 -1.0235e-07 -1.0815e-07 -1.2588e-07 -2.7059e-07 -2.7575e-07 -2.2122e-07 -1.3767e-07 -8.483e-08 -6.0034e-08 -4.7222e-08 -8.0118e-08 -3.292e-08 -3.9714e-08 -1.9728e-07 -1.2036e-07 -1.0176e-07 -1.1225e-07 -3.9515e-08
-1.1467e-08 -1.6249e-07 -2.469e-07 -1.5071e-07 -9.3718e-08 -5.6347e-08 -5.9828e-08 -1.7745e-07 -1.5557e-07 -1.1585e-07 -1.9618e-07 -1.5554e-07 -4.7651e-08 -1.57e-07 1.0932e-07 -1.4164e-07 -6.9595e-08 -7.77e-08 3.1196e-08 -3.615e-08 -5.2309e-08 -6.1289e-08 -5.3686e-08 -1.6705e-07 -1.9404e-07 -2.3138e-07 -2.0731e-08 -1.1295e-07 -1.9891e-07 -1.8529e-07 -1.0513e-07 -4.7459e-08 -4.1302e-08 -6.1117e-08 -5.4567e-08 -1.0815e-07 -1.8382e-07 -1.507e-07 -1.6509e-07 -1.6989e-07 -9.1926e-08 -2.1238e-07 -1.3754e-07 -6.9675e-08 -1.3042e-07 -2.8168e-07 -3.7337e-08 -7.8812e-09 5.7166e-10 -8.3724e-09 -1.375e-08 1.0317e-08 7.186e-09 -5.3262e-08 -1.2427e-07 4.0952e-08 4.1408e-08 5.6717e-09 4.3188e-08 4.0814e-08 3.2555e-08 2.6916e-09 2.6817e-08 3.7258e-08 7.3376e-08 1.0822e-07 8.2722e-08 -7.2301e-09 8.9671e-08 9.1928e-08 6.7314e-08 2.4058e-08 -1.2922e-07 2.0215e-08 5.2058e-08 -2.8583e-08 -5.6756e-08 -3.9038e-08 -6.7341e-08 -1.213e-07 -2.6347e-07 -2.5927e-07 -1.4829e-07 -9.7998e-08 -1.4339e-07 -1.5739e-07 -1.7878e-07 -1.2214e-07 -1.0303e-07 -1.0924e-07 -9.8319e-08 -1.1391e-07 -1.106e-07 -7.9184e-08 -9.7407e-08 -8.5691e-08 -9.428e-08 -1.2563e-07 -1.019e-07 -8.0772e-08 -6.4905e-08 -9.3095e-08 -1.0705e-07 -1.0872e-07 -2.0416e-07 -1.0537e-07 -1.215e-07 -1.1613e-07 -1.1165e-07 -8.8052e-08 -6.462e-08 -4.9328e-08 -2.8139e-08 7.4209e-09 4.9997e-08 6.279e-08 -1.3608e-08 -2.3191e-08 -1.6202e-08 -5.8323e-08 1.1366e-07 6.614e-08 -4.0879e-08 3.5773e-09 3.6612e-08 4.9518e-08 7.4031e-08 8.3671e-08 4.4116e-08 8.0993e-08 1.0835e-07 8.5142e-08 -2.6531e-07 5.8091e-08 3.2846e-08 -7.6476e-09 -2.1132e-07 -1.8339e-07 -1.8759e-07 -1.0838e-07 -2.4998e-07 -2.6395e-07 -2.7823e-07 -2.6323e-07 -2.5296e-07 -2.6666e-07 -2.6643e-07 -2.9781e-07 -2.6096e-07 -2.7078e-07 -2.2792e-07 -2.2895e-07 -2.1938e-07 -2.0371e-07 -1.9567e-07 -1.6194e-08 7.9347e-08 6.3844e-08 6.1783e-08 4.0954e-08 1.0035e-08 -3.3862e-08 -7.2917e-08 -1.1624e-07 -1.2868e-07 -1.9122e-07 -2.527e-07 -2.0857e-07 -1.9845e-07 -3.322e-07 -2.3012e-07 -1.0613e-07 -8.0572e-08 -1.2756e-07 -2.8288e-07 -2.2476e-07 -1.9707e-07 -4.2563e-08 -3.3867e-08 -3.8616e-08
1.0977e-08 -7.9883e-08 -1.1211e-07 -5.7407e-08 -6.0849e-08 -9.2827e-08 -2.9018e-07 -1.8872e-07 -1.5607e-07 -1.9015e-07 -1.0216e-07 -1.9119e-07 -1.5368e-07 -2.7999e-07 -1.2235e-07 -1.4972e-08 -9.2769e-08 -6.5404e-08 -1.1824e-07 -5.9876e-08 -3.7805e-08 -3.386e-08 -8.6597e-08 -1.1296e-07 -2.4798e-07 -1.8303e-07 -1.5131e-07 -1.3911e-07 -6.1442e-08 -1.807e-07 -1.3921e-07 -2.2248e-08 -7.2721e-09 -6.1526e-08 -3.208e-09 -5.7125e-08 -1.495e-07 -2.3289e-07 -2.5646e-07 -2.3501e-07 -1.8865e-07 -8.3735e-08 -2.5122e-08 -2.8978e-08 -4.1399e-08 -1.0115e-07 -1.0147e-08 1.5493e-08 4.461e-08 4.2656e-08 4.4606e-08 4.547e-08 5.1515e-08 5.5197e-08 1.2914e-08 -2.1639e-08 1.848e-09 -2.8775e-08 2.606e-08 4.6641e-08 -3.1256e-10 -5.261e-08 1.0229e-07 7.2255e-08 -8.5728e-09 1.1103e-07 1.7825e-08 5.5962e-08 8.9994e-08 -1.3565e-07 -8.1362e-08 6.4324e-08 1.1514e-07 4.8504e-09 8.1414e-08 -1.7283e-08 -1.011e-08 -7.2684e-08 -1.2209e-07 -1.2217e-07 -2.2008e-07 -1.9935e-07 -1.4696e-07 -1.8645e-07 -1.778e-07 -1.0306e-07 -1.338e-07 -1.3895e-07 -6.9476e-08 -2.6935e-07 -1.2783e-07 -8.5672e-08 -7.2065e-08 -9.2333e-08 3.4858e-09 -1.2558e-07 -1.3946e-07 -1.3476e-07 4.0755e-08 -1.4419e-07 -1.5928e-07 -8.5084e-08 -1.1282e-07 -1.067e-07 -9.1785e-08 -8.1193e-08 -8.499e-08 -9.6613e-08 -9.9373e-08 -3.7399e-08 -1.9394e-08 1.732e-08 2.9444e-08 3.1682e-08 6.6694e-09 -5.446e-08 -4.3283e-08 -2.5813e-08 -8.9234e-08 -1.6681e-07 -1.5786e-07 -1.5018e-07 -2.7852e-08 4.0493e-08 9.1161e-08 1.0249e-07 1.086e-07 1.0232e-07 1.0961e-07 1.1728e-07 1.0392e-07 1.008e-07 7.0806e-08 4.4683e-08 5.9766e-08 1.0658e-08 -7.5893e-08 -2.7106e-07 -3.3619e-07 -3.0036e-07 2.6778e-08 -9.1369e-11 -3.3673e-07 -3.3469e-07 -1.1655e-07 -2.9437e-07 -2.7407e-07 -3.531e-07 -2.7911e-07 -2.1854e-07 -2.8496e-07 -2.7119e-07 -1.9401e-07 -8.1157e-08 -3.0747e-08 6.3368e-09 3.6914e-08 2.7522e-08 4.4284e-08 4.2987e-08 3.8931e-08 2.6168e-08 4.6987e-09 -2.5257e-08 -1.0337e-07 -1.6187e-07 -2.1661e-07 -2.2767e-07 -1.9486e-07 -2.2967e-07 -5.814e-08 -3.1547e-07 -2.039e-07 -1.703e-07 -2.1616e-07 -1.0429e-07 -5.8639e-08 -9.3598e-08 -4.1368e-08 -1.3882e-08
-1.822e-08 -1.2184e-08 2.0965e-08 6.0363e-08 -1.2845e-08 -2.2325e-07 -1.5945e-07 -1.8901e-07 -2.543e-07 -2.4528e-07 -2.2922e-07 4.6308e-08 -2.3616e-07 -2.1488e-07 -2.7066e-07 -2.5941e-07 -1.5236e-07 -6.4822e-08 -1.4848e-07 -1.7287e-07 3.4063e-08 -1.6257e-07 -1.5557e-07 -1.582e-07 -2.7329e-07 -1.736e-07 -1.2855e-07 -1.3197e-07 -1.3598e-07 -2.6345e-07 -3.2879e-07 -2.0004e-08 -6.2143e-08 -4.5507e-08 -5.1218e-08 -8.4936e-08 -5.5459e-08 -1.7642e-07 -2.0905e-07 -1.985e-07 -2.3169e-07 -1.3195e-07 -9.0522e-08 -6.4679e-08 -4.8224e-08 -9.8306e-08 -1.7624e-07 -1.8569e-07 -3.4663e-08 4.5478e-08 5.0714e-08 5.9652e-08 3.7572e-08 3.2356e-08 -6.2336e-09 -1.0763e-07 -1.5193e-07 -1.4711e-07 -1.8577e-07 -2.0494e-07 -8.1743e-08 1.1548e-07 8.9393e-09 -8.2406e-08 1.1387e-07 1.1758e-07 1.1722e-07 7.7026e-08 3.0117e-08 -2.7417e-07 1.0964e-07 5.28e-08 -8.6394e-08 1.8622e-08 -4.8174e-08 8.3349e-08 1.0787e-07 7.7218e-08 3.4783e-08 1.1224e-07 1.1334e-07 8.3258e-10 -1.2948e-07 -1.1551e-07 -7.0298e-08 -1.2454e-07 -1.138e-07 -1.5917e-07 -1.6856e-07 -1.0989e-07 -9.8006e-08 -8.242e-08 -1.3489e-07 -1.8836e-07 -1.8848e-07 -1.987e-07 -1.9604e-07 -1.7976e-07 -1.0659e-07 -1.8155e-07 -2.2459e-07 -2.0143e-07 -2.0402e-07 -1.9107e-07 -1.9334e-07 -8.4269e-08 -7.4749e-08 -4.1136e-08 -1.1165e-08 1.4681e-08 3.7205e-08 5.8097e-08 7.7095e-08 9.0337e-08 7.4691e-08 4.0492e-08 5.8481e-08 6.0681e-08 7.8996e-08 4.2395e-08 3.0052e-08 5.9103e-08 1.0523e-07 1.179e-07 1.0955e-07 1.1057e-07 1.0864e-07 1.0949e-07 1.091e-07 8.3591e-08 1.1757e-07 1.1344e-07 9.945e-08 1.1402e-07 1.052e-07 9.7078e-08 8.9864e-08 1.5551e-08 -2.834e-07 -1.1392e-07 4.082e-08 8.8638e-08 -2.6183e-07 -2.36e-07 -1.4745e-07 -1.7833e-07 -2.4072e-07 -2.7334e-07 -2.7604e-07 -2.1812e-07 -1.3928e-07 -1.0783e-07 -8.4201e-08 -1.3206e-07 -3.6179e-08 -8.9601e-08 2.5825e-11 -9.7284e-08 -2.3342e-07 -1.9259e-07 1.3584e-08 3e-08 1.7537e-08 -3.6177e-08 -1.1501e-07 -1.685e-07 -2.1038e-07 -2.1067e-07 -1.9346e-07 -2.1059e-07 -2.6019e-07 -2.7904e-07 -2.062e-07 -1.9204e-07 -2.1381e-08 -1.9732e-07 -1.9475e-07 -1.7429e-07 -1.2219e-07 -2.6122e-08
-2.3745e-09 3.4582e-09 2.4739e-08 3.9651e-08 -6.7732e-08 -7.8671e-08 -9.338e-08 -1.673e-07 -1.9402e-07 -1.0993e-07 -1.1978e-07 -1.4081e-07 -1.6837e-07 -1.4591e-07 -2.0309e-07 -1.657e-07 -6.5329e-08 -9.1273e-08 -9.2383e-08 -1.0611e-07 -1.9869e-07 -3.0016e-07 -2.9943e-07 3.0897e-08 -3.0063e-07 -1.6651e-07 -1.0751e-07 -1.0607e-07 -1.0658e-07 -1.554e-07 -1.9754e-07 -4.273e-08 -4.8709e-08 -7.2965e-08 -3.0004e-08 -1.0746e-07 -1.5478e-07 -1.9423e-07 -2.626e-07 -2.7864e-07 -2.6274e-07 -2.7876e-07 -2.862e-07 -2.5536e-07 -1.276e-07 -1.7989e-07 -2.0852e-07 -1.4348e-07 -4.1764e-08 6.5116e-09 4.6095e-08 5.0751e-08 5.2981e-08 -2.7455e-08 -7.0056e-08 -2.5531e-07 -1.9661e-07 -2.6648e-07 -2.0458e-07 8.5815e-08 -8.9414e-08 1.1789e-07 1.112e-07 1.123e-07 -2.4408e-08 2.3277e-09 -1.644e-11 -1.0452e-08 2.2265e-09 6.1232e-10 2.2421e-10 8.8452e-08 -1.9518e-08 -9.4937e-09 1.1437e-07 6.6191e-08 -1.2042e-08 9.1765e-08 7.0531e-08 5.7295e-08 -2.319e-08 -8.5709e-08 -6.0911e-08 -6.656e-08 -8.4916e-08 -1.1411e-07 -1.116e-07 -1.6093e-07 -1.3875e-07 -1.928e-07 -1.4744e-07 -1.1191e-07 -6.7787e-08 -1.2801e-07 -1.1189e-07 -1.6357e-08 8.2181e-08 -1.1128e-07 -1.1947e-07 -9.994e-08 -1.0708e-07 -1.2251e-07 -2.2524e-07 -1.9183e-07 -2.2354e-07 -1.7736e-07 -4.307e-08 -2.251e-08 1.7506e-08 5.0704e-08 7.3901e-08 8.9705e-08 1.0837e-07 1.1691e-07 1.1694e-07 1.1671e-07 1.1119e-07 1.0074e-07 9.4742e-08 5.7649e-08 2.1279e-08 5.2781e-09 -1.7653e-09 -8.6263e-09 -1.6496e-08 -4.3503e-10 1.9913e-08 2.2653e-08 -1.6057e-08 6.3544e-08 1.0222e-07 1.1185e-07 1.1765e-07 1.1022e-07 1.1721e-07 1.1415e-07 -6.9066e-08 4.376e-08 2.1077e-08 -4.0544e-08 -7.628e-08 -1.1332e-07 -9.8806e-08 -9.3923e-08 -2.7207e-07 -2.1782e-07 -1.9687e-07 -1.9224e-07 -1.3379e-07 -7.2786e-08 -1.0411e-08 -9.8456e-09 1.0663e-07 4.0991e-08 -8.6027e-08 -5.5825e-08 -1.6329e-08 -2.4378e-07 -2.0808e-07 3.2456e-08 -1.541e-08 -5.5192e-08 -9.1051e-08 -8.3758e-08 -1.5765e-07 -1.8265e-07 -1.5208e-07 -1.1519e-07 -6.709e-08 -1.1107e-07 -1.1677e-07 -2.2521e-07 -8.6621e-08 -1.6012e-07 -2.0289e-07 -1.8615e-07 -1.3793e-07 -6.0396e-08 -6.0859e-08 -1.4929e-08
1.056e-08 -6.1031e-08 -4.5386e-08 6.444e-08 8.4818e-08 -1.8318e-07 -4.2818e-08 -1.9003e-08 -2.1612e-08 -5.9752e-08 -3.0453e-08 -1.321e-07 -1.6634e-07 -1.0132e-07 -1.0266e-07 -1.0414e-07 -1.576e-07 -8.3146e-08 -1.0841e-07 -9.0281e-08 -1.1538e-07 -2.345e-07 -2.8438e-07 -9.4249e-08 -1.7576e-07 -1.2326e-07 6.5143e-08 -1.3008e-07 -9.4088e-08 -1.2825e-07 -6.3563e-08 -8.9493e-08 -8.9703e-08 -1.1409e-08 -7.7202e-08 -8.0015e-08 -8.4664e-08 -2.3399e-07 -2.8203e-07 -2.8725e-07 -3.0349e-07 -2.8247e-07 -2.0177e-07 -1.6441e-07 -1.2783e-07 -1.0157e-07 -7.0675e-08 -7.9487e-08 7.4539e-08 1.1766e-07 -1.3922e-07 -1.2375e-07 -6.7336e-08 -1.1231e-07 -8.1307e-08 1.0903e-08 -2.1035e-08 -1.6038e-07 -1.8041e-07 -7.6511e-09 -5.9953e-08 1.1647e-07 1.1094e-07 9.7683e-08 -2.6532e-08 -1.7884e-08 -3.5594e-09 -4.15e-09 -6.6148e-09 -8.2601e-09 -6.8898e-09 6.5784e-09 6.6291e-08 1.1227e-07 6.6065e-08 4.0573e-08 7.4928e-08 1.065e-07 7.9473e-09 4.3965e-08 6.8418e-08 4.411e-08 2.105e-08 -1.0375e-08 -5.6763e-08 8.5984e-08 -7.6119e-09 -1.052e-07 -8.0768e-08 -7.0641e-08 -1.3071e-07 -1.4307e-07 -1.6607e-07 -7.9325e-08 -1.818e-07 -2.0993e-07 -1.5075e-07 -1.3352e-07 -1.1479e-07 -1.4011e-07 -1.0995e-07 -9.1555e-08 -1.7585e-07 -2.9418e-07 -7.7006e-08 -1.1502e-07 -8.2807e-08 -1.9067e-08 4.9626e-09 2.2746e-08 8.8003e-08 1.0614e-07 1.1791e-07 1.0999e-07 9.9247e-08 6.8384e-08 1.524e-08 -4.6578e-09 -2.9458e-08 -3.6468e-08 -3.1394e-08 -2.3177e-08 -1.8689e-08 -1.6768e-08 -1.5777e-08 -2.6578e-08 -2.9688e-08 -2.8277e-08 -2.795e-08 -3.0134e-08 -3.5698e-08 5.7066e-08 5.4614e-08 2.082e-08 1.1671e-07 1.1589e-07 1.1511e-07 1.1382e-07 -2.5304e-08 -2.936e-08 -4.6875e-09 -9.7332e-08 -8.0907e-08 -1.5393e-07 -1.1885e-07 1.3654e-08 -1.3933e-07 -1.4303e-07 -1.2696e-07 -1.6713e-07 -1.1953e-07 -4.2556e-08 2.0937e-08 5.0405e-08 1.1202e-07 -1.663e-09 -2.5256e-08 -2.7856e-07 4.3431e-08 -1.5733e-08 6.0401e-09 1.1858e-08 1.0517e-08 -5.3775e-08 -1.0152e-07 -1.1554e-07 -1.7285e-07 -1.0852e-07 -2.1635e-07 -1.0985e-07 -7.085e-08 -1.9347e-07 -2.8306e-07 -2.8366e-07 -1.8867e-07 -7.6172e-08 -6.3139e-08 -4.3067e-08 -1.689e-10 1.0058e-08
-4.7692e-09 -3.5316e-08 -9.7006e-08 -8.1827e-08 2.6689e-08 3.9817e-09 -7.7099e-09 -1.6313e-07 2.1112e-08 -7.4332e-08 -1.4202e-07 -8.7239e-08 -1.1982e-07 -7.2844e-08 -1.0345e-07 -1.2428e-07 -1.0369e-07 -2.2804e-07 -1.3399e-07 -1.1861e-07 -1.5825e-07 -2.2297e-07 -2.9472e-07 -3.1803e-07 -3.5611e-07 -1.7183e-07 -2.2943e-07 -1.6048e-07 -1.025e-07 -1.0076e-07 -1.1994e-07 -8.545e-08 -1.4182e-07 -1.4063e-07 -1.2324e-07 -1.6893e-07 -1.6936e-07 -1.9404e-07 -2.4016e-07 -3.4877e-07 -3.5203e-07 -3.6908e-07 -3.2677e-07 -1.6302e-07 -1.2622e-07 -8.95e-08 -6.9861e-08 -1.3931e-07 8.6804e-08 1.1325e-07 -1.5044e-07 -1.5835e-07 -2.4101e-07 -2.8331e-07 -8.1741e-08 7.0894e-08 9.215e-08 8.8418e-08 -6.1879e-08 -1.8009e-07 -1.5677e-07 -1.1043e-07 1.0753e-07 8.4137e-09 -1.6807e-08 1.9444e-09 -1.1308e-08 -6.2469e-09 -6.1144e-09 -5.5207e-09 -5.6792e-09 -7.1009e-09 6.5513e-08 5.8e-08 3.0508e-08 -9.0164e-09 7.5196e-08 8.2146e-08 2.9934e-08 3.511e-08 5.8641e-08 4.3483e-08 -2.7288e-08 -6.5499e-08 -1.1056e-07 1.5344e-08 -1.4059e-07 -1.2588e-07 -7.951e-08 -8.6341e-08 -9.399e-08 -8.1746e-08 -5.9312e-08 -4.4816e-08 -1.0082e-07 -1.7257e-07 -1.5204e-07 -1.3601e-07 -1.2158e-07 -1.9407e-07 -7.768e-08 -1.4197e-07 -1.9716e-07 -1.1574e-07 -1.4033e-07 -1.0208e-07 -3.9544e-08 1.248e-08 5.0599e-08 5.7634e-08 1.1485e-07 1.1791e-07 1.1666e-07 8.4054e-08 4.3282e-08 -7.3716e-09 -3.049e-08 -3.6184e-08 -2.7027e-08 -7.3139e-09 5.6627e-10 1.2089e-08 1.6349e-08 2.2458e-08 2.1641e-08 2.2131e-08 1.7149e-08 1.7315e-08 1.3635e-08 7.6421e-09 1.6846e-08 3.7219e-10 -2.9965e-08 -2.8359e-08 3.5727e-08 1.0297e-07 1.0345e-07 -1.1048e-07 -2.2202e-07 4.8231e-08 -4.8763e-09 -1.2856e-07 5.9605e-08 -1.1865e-07 -2.4235e-07 -1.9807e-07 -1.3324e-07 -2.2716e-08 -7.2852e-08 -5.2515e-08 1.3935e-08 1.8631e-08 -4.2713e-09 -2.5306e-08 -1.4421e-07 -2.3458e-08 -1.0494e-08 1.7921e-08 -2.1041e-09 -1.0365e-10 -1.1558e-08 -9.6479e-08 -7.2817e-08 -2.7489e-09 -1.1882e-08 -5.2698e-08 -1.5387e-07 -1.2595e-08 -9.1089e-08 -2.4439e-08 -9.8144e-08 -1.7477e-07 -8.6751e-08 -2.0426e-07 -1.8436e-07 -1.2774e-07 -9.699e-08 -5.3848e-08 -3.7267e-08 -9.8679e-09
-1.7148e-07 -1.2379e-07 -1.4975e-07 -7.1056e-08 6.3633e-08 8.9367e-08 1.0238e-07 -1.2504e-08 -1.4262e-08 -1.9422e-07 -1.0871e-07 -1.9705e-07 -1.9718e-07 -2.2609e-07 -1.7422e-07 -2.0902e-07 -2.1989e-07 -2.1341e-07 -3.2333e-07 -2.8863e-07 -2.3742e-07 -1.897e-07 -3.1067e-07 -3.2749e-07 -2.346e-07 -2.699e-07 -2.0885e-07 -1.0433e-07 -1.0896e-07 -1.1017e-07 -1.4513e-07 -9.9945e-08 -1.6637e-07 -3.4971e-07 -3.5236e-07 -3.2708e-07 -2.9043e-07 -2.9123e-07 -2.8399e-07 -3.5e-07 -3.6825e-07 -3.6124e-07 -3.4293e-07 -2.1724e-07 -1.5305e-07 -1.1645e-07 -1.1004e-07 -1.1165e-07 -1.2542e-07 -1.4598e-07 -1.8051e-07 -2.3651e-07 -3.0733e-07 -3.3265e-07 -2.9621e-07 -2.2483e-07 -2.1134e-08 -7.8153e-09 -1.3854e-07 -1.7739e-07 1.1055e-07 1.1784e-07 1.1244e-07 8.5538e-08 7.6837e-10 -2.4174e-08 -9.2276e-09 -1.0986e-08 -6.9975e-09 -1.6981e-08 -1.8176e-08 3.0867e-09 3.7231e-08 1.0402e-07 1.1303e-07 4.7687e-08 5.7452e-08 9.2469e-08 2.0317e-08 4.4822e-08 4.9384e-08 3.4036e-08 -1.5317e-08 -8.3916e-08 -6.9813e-08 -1.638e-07 -1.3637e-07 9.734e-08 1.6249e-08 -7.9941e-08 -1.1015e-07 -8.8816e-08 1.8961e-08 2.5634e-08 -8.1911e-08 -1.1566e-07 -2.4275e-07 -4.1521e-08 -1.821e-07 -1.8141e-07 -1.9167e-07 -1.9003e-07 -1.3697e-07 -6.656e-08 -4.7049e-08 -1.2004e-07 -1.2784e-07 1.9885e-08 5.0584e-08 9.7663e-08 4.966e-08 1.1426e-07 9.4186e-08 2.6012e-08 -2.8737e-08 -3.6221e-08 -2.6738e-08 -1.5891e-08 1.8684e-09 1.347e-08 2.9166e-08 3.5881e-08 2.9377e-08 2.8819e-08 5.0403e-09 1.9869e-08 2.2294e-08 2.506e-08 2.1692e-08 2.0468e-08 2.1126e-08 2.1617e-08 1.4899e-08 -2.9919e-10 -3.4796e-08 -2.5027e-08 1.097e-07 1.0016e-07 1.1494e-07 7.1163e-08 9.9177e-08 1.1286e-08 -1.8726e-07 -8.1231e-08 -4.8664e-08 -2.2732e-07 -9.9964e-08 -1.4422e-07 -4.4962e-08 -1.7555e-08 -1.4778e-07 -5.5287e-08 -5.7786e-08 -6.7371e-08 -9.2947e-08 -6.4321e-09 -5.0448e-08 -9.0384e-08 -1.5581e-07 -1.4805e-07 -3.4226e-07 -2.1763e-07 -7.8768e-08 -9.7669e-08 -1.6796e-07 -6.0508e-08 1.1723e-08 6.496e-08 -4.5072e-08 5.4997e-08 3.871e-08 -1.2682e-08 -2.3383e-08 -1.1903e-07 -1.9941e-07 -2.6906e-07 -2.3716e-07 -1.9704e-07 -1.2832e-07 -9.6135e-08
-2.0316e-07 -1.0937e-07 -1.6081e-07 -1.6818e-07 -2.9804e-08 6.1337e-08 -5.221e-08 -1.5444e-07 -5.5278e-08 -1.3614e-07 -1.9379e-07 -1.6948e-07 -3.2853e-07 -1.063e-07 -3.0514e-07 -2.705e-07 -3.7354e-07 -3.4891e-07 -2.3674e-07 -2.7364e-07 -1.9161e-07 -2.9355e-07 -2.3706e-07 -1.81e-07 -1.8934e-07 -9.2842e-08 -2.201e-07 -1.5718e-07 -1.2161e-07 -1.2708e-07 -1.2486e-07 -1.2559e-07 -1.1067e-07 -2.6039e-07 -2.9046e-07 -2.6835e-07 -2.216e-07 -2.1218e-07 -2.1473e-07 -2.6474e-07 -3.2403e-07 -3.4085e-07 -2.9423e-07 -2.7783e-07 -2.9755e-07 -1.9464e-07 -1.9271e-07 -1.7548e-07 -2.136e-07 -2.0557e-07 -2.6318e-07 -2.8793e-07 -3.365e-07 -3.3635e-07 -3.4065e-07 -2.9655e-07 -2.4865e-07 -2.4902e-07 -1.5846e-07 -6.436e-08 -2.4691e-07 7.8732e-08 2.2025e-08 1.1487e-07 1.1637e-07 -1.1751e-08 -2.3575e-08 -2.1974e-08 -1.8647e-08 -2.2983e-08 -2.0352e-08 -6.8521e-09 1.5265e-08 1.1612e-07 1.1722e-07 1.1787e-07 3.9604e-08 2.9739e-08 -8.602e-09 -1.1277e-07 1.7418e-08 -2.7439e-08 -4.6585e-08 -5.6524e-08 -1.2303e-07 -1.1279e-07 -1.6095e-07 -1.1118e-07 -4.7155e-08 -7.091e-08 -5.1111e-08 -4.8843e-08 4.6941e-08 -5.8234e-08 -1.0452e-07 -2.3699e-07 -1.7971e-07 -2.0612e-07 -1.3754e-07 -3.1936e-08 -1.7433e-07 -2.459e-07 -2.0492e-07 -1.4172e-07 2.7773e-08 3.1184e-08 -4.8903e-08 1.209e-08 8.0629e-08 6.9902e-08 4.7791e-08 9.6517e-08 1.104e-07 7.0119e-08 -2.8381e-08 4.9181e-09 1.7265e-08 3.3751e-08 3.8059e-08 2.8193e-08 1.7589e-08 2.4562e-08 3.2133e-08 3.0295e-08 2.1144e-08 1.3186e-08 6.872e-09 1.77e-08 2.2413e-08 1.9468e-08 1.9859e-08 1.4609e-08 1.5005e-08 1.2465e-08 -3.3472e-09 -2.9576e-08 -3.2658e-08 6.3442e-08 1.1629e-07 1.156e-07 1.0979e-07 9.946e-08 2.7758e-08 -6.853e-08 3.8238e-08 3.3473e-08 -6.8988e-08 -7.8208e-10 -1.4161e-08 -1.5181e-08 -1.2995e-08 -1.3347e-07 -1.6363e-07 -9.1611e-08 -1.7272e-07 -1.1543e-07 -1.0095e-07 -2.1568e-07 -2.7578e-07 -1.53e-07 -4.4815e-09 1.7775e-08 -1.6693e-07 -1.8233e-07 -7.9716e-08 2.0962e-08 -5.8327e-09 2.795e-08 5.815e-08 4.1712e-08 3.3065e-08 2.2737e-08 -1.4478e-07 -1.361e-07 -1.9908e-07 -8.7111e-08 -1.5906e-07 -1.873e-07 -1.1337e-07 -1.405e-07
-1.0543e-07 -9.0474e-08 -1.1851e-07 -1.0831e-07 -5.4796e-08 -6.388e-08 -4.0573e-08 -3.3571e-08 -1.077e-08 -1.7272e-07 -2.1469e-07 -1.139e-07 -2.1161e-07 -2.4787e-07 -2.3351e-07 -2.3237e-07 -4.1888e-08 -2.457e-07 -1.7534e-07 -1.5282e-07 -1.9661e-07 -1.3846e-07 -3.9818e-09 -2.1576e-07 -1.4565e-07 -9.1003e-08 -1.3382e-07 -1.591e-07 -1.5782e-07 -1.6622e-07 -1.9217e-07 -1.7393e-07 -1.8761e-07 -2.2469e-07 -2.242e-07 -2.3136e-07 -2.2627e-07 -2.2104e-07 -2.0199e-07 -1.9974e-07 -2.5875e-07 -2.7557e-07 -2.4658e-07 -2.6193e-07 -2.637e-07 -2.3425e-07 -2.3405e-07 -2.6931e-07 -2.9655e-07 -3.2288e-07 -3.3314e-07 -3.3384e-07 -3.3947e-07 -3.8817e-07 -4.0164e-07 -2.755e-07 -2.0334e-07 -1.7678e-07 -9.9153e-08 -4.3162e-08 2.466e-08 1.4201e-08 8.2215e-08 9.9743e-08 1.1373e-07 5.1403e-08 4.4667e-09 -3.6473e-08 -3.6127e-08 -3.0022e-08 -2.5498e-08 -1.5933e-08 7.5924e-08 1.0882e-07 1.1777e-07 1.1432e-07 9.0052e-09 -9.347e-10 -5.3405e-09 1.1356e-07 -7.7311e-08 -3.488e-08 -9.3805e-08 -1.0392e-07 -1.1834e-07 -1.3887e-07 -1.3958e-07 -3.6661e-08 -4.1473e-08 -6.1806e-08 -8.7346e-08 -6.9597e-08 -1.6057e-08 -7.3164e-08 -1.1677e-07 -9.3032e-08 -1.7144e-07 -1.6586e-07 -1.7509e-07 -2.8706e-08 -3.1148e-07 -2.0517e-07 -1.6898e-07 -1.5396e-07 -2.966e-08 -1.58e-07 -3.6046e-08 1.1147e-08 5.0023e-08 5.5733e-08 7.2577e-08 6.1436e-08 1.0979e-07 -1.881e-08 6.4206e-09 1.9975e-08 3.7449e-08 3.8093e-08 3.0476e-08 3.6316e-08 3.3546e-08 3.6784e-08 3.4869e-08 3.4652e-08 3.0827e-08 3.6373e-08 3.7561e-08 2.0929e-08 1.6715e-08 2.8412e-08 1.9344e-08 1.6502e-08 1.6471e-08 1.2825e-08 -3.9651e-09 -1.3287e-08 -3.6089e-08 1.028e-08 1.0405e-07 1.175e-07 1.1022e-07 1.1664e-07 -1.5965e-07 4.1724e-08 4.4156e-08 -1.615e-09 1.6538e-08 -4.1969e-08 -6.7337e-08 -3.9085e-09 -7.1061e-08 -1.1123e-07 -4.8915e-08 -1.2162e-07 -1.0356e-07 -1.7486e-07 -2.1807e-07 -2.0254e-07 -2.8802e-07 -3.8021e-07 -1.9349e-07 -2.426e-07 -1.4439e-07 2.5084e-08 4.6223e-08 2.7261e-08 -7.2804e-08 5.0904e-08 -4.8088e-08 -3.173e-08 2.2775e-08 2.9812e-09 -1.4563e-07 -1.3785e-07 -9.511e-08 -2.7743e-07 -2.6906e-07 -1.6428e-07 -1.2469e-07 -1.4422e-07
4.9484e-09 -1.5374e-07 2.6896e-08 -4.2263e-08 3.5756e-09 -6.6262e-08 -4.2654e-08 -5.0555e-08 -9.42e-08 -1.4243e-07 -2.1939e-07 -1.9939e-07 -2.4084e-07 -2.729e-07 -2.1587e-07 -2.0964e-07 -1.3706e-07 -1.1911e-07 -1.4906e-07 -1.5476e-07 -2.485e-07 -2.0593e-07 -1.6824e-07 -1.6643e-07 -2.2122e-07 -1.5155e-07 -1.342e-07 -1.3425e-07 -2.5873e-07 -2.0616e-07 -2.3196e-07 -1.8336e-07 -1.749e-07 -2.448e-07 -2.4185e-07 -2.4388e-07 -2.3877e-07 -2.1956e-07 -1.8522e-07 -1.67e-07 -2.7071e-07 -3.1073e-07 -4.1078e-07 -4.0646e-07 -3.2483e-07 -2.6989e-07 -2.9398e-07 -3.2821e-07 -3.2354e-07 -3.5688e-07 -3.6875e-07 -3.6724e-07 -3.7687e-07 -3.6716e-07 -3.6199e-07 -2.5956e-07 -2.4277e-07 -1.9889e-07 -1.9232e-07 -1.1662e-07 -1.1862e-07 -9.6897e-08 2.8978e-09 -1.0063e-07 1.1748e-07 1.1434e-07 9.2271e-08 7.2102e-08 4.9056e-08 3.2207e-08 5.6777e-08 6.1636e-08 1.179e-07 1.0785e-07 1.169e-07 3.2124e-08 1.3339e-08 4.4965e-08 2.2442e-08 4.2391e-08 -2.4417e-09 1.1092e-07 -9.2103e-08 -5.2732e-08 -8.7326e-08 -8.9205e-08 -1.1896e-07 -2.8091e-08 -3.6622e-08 -8.9813e-08 -1.0805e-07 -6.8182e-08 -5.8793e-08 -8.0509e-08 -8.7853e-08 -1.388e-07 -7.9496e-08 -1.4407e-07 -6.8559e-08 -1.7618e-07 -1.9072e-07 -1.6899e-07 -1.9954e-07 -2.7087e-07 -2.6133e-07 -1.9051e-07 -5.6918e-08 8.8505e-08 -1.1087e-08 4.0743e-08 5.1699e-08 7.7305e-08 8.6806e-08 -3.2341e-08 1.5362e-08 3.4525e-08 3.4161e-08 2.914e-08 3.3504e-08 3.7717e-08 3.5559e-08 3.5393e-08 3.1083e-08 3.6286e-08 3.5377e-08 2.2111e-08 2.5844e-08 2.3853e-08 2.9642e-08 2.3356e-08 1.8658e-08 1.7483e-08 1.1832e-08 2.3049e-09 -2.4717e-08 -2.713e-08 -3.5858e-08 -1.6913e-08 9.6281e-08 1.0502e-07 1.1738e-07 1.1553e-07 1.108e-07 1.0487e-07 8.1267e-08 5.9375e-08 1.4725e-08 -2.3973e-08 -1.7679e-08 8.6075e-08 2.5032e-08 -4.2439e-09 -1.7081e-08 -9.7048e-08 -1.0854e-07 -1.6926e-07 -2.2647e-07 -2.2926e-07 -2.1552e-07 -2.1015e-07 -2.5121e-07 -2.3279e-07 -9.7497e-08 5.3493e-08 7.7935e-08 7.7352e-08 4.3047e-08 2.3435e-08 -4.976e-08 -7.249e-09 -1.1895e-08 1.4145e-08 -2.4874e-07 -9.9423e-08 -9.088e-08 4.5851e-08 -1.5653e-07 -1.0819e-07 -4.4866e-08 -5.5833e-08
3.7577e-08 2.0463e-08 2.5998e-08 8.0683e-08 5.2377e-08 -8.3175e-08 -6.1572e-08 -7.9642e-08 3.3775e-08 9.4135e-08 1.1404e-07 1.1771e-07 -2.4416e-08 -2.0011e-07 -1.4874e-07 -1.6641e-07 -2.5556e-07 -2.0679e-07 -2.5708e-07 -1.9667e-07 -2.6109e-07 -1.5674e-07 -1.6734e-07 -1.6909e-07 -2.0641e-07 -3.4108e-07 -2.6243e-07 -2.2952e-07 -1.8701e-07 -2.6941e-07 -2.88e-07 -2.4627e-07 -2.7683e-07 -2.7542e-07 -3.1061e-07 -2.6421e-07 -2.5184e-07 -2.2086e-07 -2.1362e-07 -4.2565e-07 -4.2138e-07 -4.1438e-07 -1.2925e-07 -5.1005e-08 -7.6293e-08 -4.2479e-07 -4.2478e-07 -4.2488e-07 -4.0447e-07 -3.7605e-07 -4.0003e-07 -3.6338e-07 -3.9001e-07 -3.7253e-07 -3.7646e-07 -3.7015e-07 -3.5954e-07 -2.912e-07 -1.2378e-07 -1.6541e-07 -2.311e-07 -3.1878e-07 -6.9937e-08 5.9294e-08 4.6405e-08 1.1354e-07 1.1039e-07 1.1698e-07 8.9379e-08 8.091e-08 8.8654e-08 1.1782e-07 1.0828e-07 9.6928e-08 1.0085e-07 9.9164e-08 7.625e-08 9.9243e-08 6.5644e-08 -3.1198e-09 2.8156e-08 5.2153e-09 -6.1475e-08 -6.2137e-08 -1.0049e-07 -9.7322e-08 -5.3014e-08 -8.4617e-09 -1.3965e-08 -4.4124e-08 -9.7217e-08 -4.7831e-08 -1.1327e-07 -1.0298e-07 -7.7102e-08 -1.8065e-07 -2.0885e-07 -1.0826e-07 -1.2473e-07 -1.5048e-07 -2.1462e-07 -1.9481e-07 -2.8424e-07 -3.1978e-07 -2.7089e-08 -1.6823e-07 -9.7244e-08 1.9565e-08 1.9325e-08 2.1292e-08 6.2998e-08 9.5067e-08 9.2318e-08 -3.1701e-08 5.2167e-09 3.4643e-08 3.4737e-08 2.0346e-08 3.6225e-08 3.6561e-08 3.6417e-08 3.4e-08 3.7175e-08 3.8036e-08 3.3567e-08 2.1793e-08 2.9432e-08 3.099e-08 2.6048e-08 2.9475e-08 2.3857e-08 1.6316e-08 -3.8264e-09 -2.0345e-08 -2.7112e-08 -3.2102e-08 -3.6005e-08 -6.5477e-09 4.3554e-08 1.0171e-07 7.3555e-08 9.4151e-08 6.755e-08 9.4123e-08 -5.4948e-08 -5.6929e-08 1.93e-08 3.6393e-08 4.5677e-08 3.7655e-08 2.089e-08 2.627e-08 2.334e-08 -1.0896e-07 -1.3785e-07 -1.5066e-07 -1.9894e-07 -1.0689e-07 -1.2644e-07 -1.7239e-07 -1.8091e-07 -1.9676e-07 -6.9195e-08 7.486e-09 3.3315e-08 1.2845e-08 2.9883e-08 1.5061e-08 -1.3434e-07 -4.4665e-08 -4.266e-08 -1.9572e-07 -2.1291e-07 -6.8995e-08 -8.4569e-08 -4.8925e-08 -5.6206e-08 -1.2359e-08 2.3456e-08 -4.0027e-08
1.5294e-08 3.3747e-08 -1.7929e-08 -9.6436e-08 6.3502e-08 -8.605e-08 -1.0607e-08 -3.5848e-08 -1.8421e-07 -9.0392e-08 1.0677e-07 1.0764e-07 -1.3213e-07 -1.9526e-07 -7.8493e-08 -1.3805e-07 -8.4799e-08 -1.7737e-07 -1.2833e-07 -1.1846e-07 -8.3243e-08 -2.3002e-07 -7.8073e-08 -8.152e-08 -1.3739e-07 -1.3816e-07 -1.8015e-07 -2.3508e-07 -2.088e-07 -2.308e-07 -2.5286e-07 -4.2557e-07 -3.6232e-07 -3.0981e-07 -3.0894e-07 -2.8225e-07 -2.5901e-07 -2.6465e-07 -3.6215e-07 -3.8024e-07 -4.1909e-07 -3.7889e-07 -3.3735e-07 -3.4955e-07 -3.9086e-07 -4.0133e-07 -3.9278e-07 -4.1145e-07 -3.5766e-07 -4.257e-07 -3.9998e-07 -3.977e-07 -3.9499e-07 -3.8623e-07 -3.7116e-07 -3.6723e-07 -3.3942e-07 -2.9316e-07 -2.8049e-07 -1.932e-07 -1.9024e-07 -1.5883e-07 -2.4362e-07 -1.9968e-07 -3.2573e-08 -1.2693e-07 6.3252e-08 1.0448e-07 1.1373e-07 1.1369e-07 1.1382e-07 1.1459e-07 1.0966e-07 9.2214e-08 1.0571e-07 9.5656e-08 8.5525e-08 5.6968e-08 3.1658e-08 3.5339e-08 2.4112e-08 3.2543e-08 1.1877e-08 -4.2268e-08 -5.1346e-08 -1.0097e-07 -2.735e-08 3.2704e-08 -3.9462e-08 -5.0292e-08 -5.8694e-09 2.9665e-09 -1.434e-08 -1.0462e-07 -4.4619e-08 -1.3989e-07 -1.376e-07 -1.443e-07 -1.5244e-07 -5.4955e-08 -2.0416e-07 -1.5817e-07 -2.3736e-07 -2.183e-07 -2.3489e-07 -2.432e-07 -9.816e-08 -1.6579e-08 2.9024e-08 3.5537e-08 3.7034e-08 1.1392e-07 8.2137e-08 -3.2905e-08 -1.2608e-09 3.576e-08 3.8014e-08 3.7169e-08 3.0363e-08 3.5329e-08 3.7994e-08 3.6996e-08 3.7842e-08 3.803e-08 3.5222e-08 2.9331e-08 3.5439e-08 3.0923e-08 3.3113e-08 2.5352e-08 1.8485e-08 3.1035e-09 -1.6625e-08 -2.5502e-08 -3.4519e-08 -3.6532e-08 -3.5312e-08 -2.6668e-08 5.3021e-08 1.1787e-07 1.1511e-07 7.3913e-08 4.5871e-08 3.6256e-08 2.7392e-08 5.9e-08 9.9121e-08 5.1765e-08 -8.5627e-08 2.8184e-08 3.7602e-08 5.5858e-08 9.5331e-09 -2.6001e-08 -1.0222e-07 -4.7743e-08 -1.0159e-07 -1.6248e-07 -4.0835e-08 -7.7842e-08 -1.4017e-07 -1.6755e-07 -1.626e-07 -1.1331e-07 -4.5544e-08 -1.9546e-08 5.6059e-08 2.6695e-08 -2.579e-08 -3.0876e-08 -1.3295e-08 -5.2955e-08 1.4118e-08 -5.3361e-09 -3.0227e-10 -5.8718e-08 -2.9511e-08 1.5716e-08 4.2391e-08 6.2415e-08
6.4121e-08 3.7372e-08 3.4731e-08 -3.4696e-08 1.1312e-07 8.9e-08 2.548e-08 -1.3566e-07 -2.3537e-07 -3.3052e-07 -3.6691e-07 -2.2196e-07 -2.4989e-07 -8.3572e-08 -1.5987e-09 -8.7092e-09 -8.1242e-09 -8.3733e-09 -4.2135e-08 -6.367e-08 -6.644e-08 -7.1353e-08 -1.3743e-07 -9.8214e-08 -1.6603e-07 -2.3371e-07 -2.2101e-07 -2.9788e-07 -3.157e-07 -2.2812e-07 -2.4877e-07 -3.7428e-07 -3.5809e-07 -4.0938e-07 -3.4564e-07 -4.181e-07 -3.7894e-07 -3.7631e-07 -3.8877e-07 -3.8358e-07 -3.7041e-07 -2.4458e-07 -4.1326e-07 -4.1495e-07 -4.0994e-07 -4.0676e-07 -4.178e-07 -4.2026e-07 -4.2131e-07 -4.2043e-07 -4.1089e-07 -4.2521e-07 -4.0092e-07 -3.5389e-07 -3.5201e-07 -3.3938e-07 -3.5143e-07 -2.7104e-07 -2.4966e-07 -2.7624e-07 -2.7938e-07 -1.4182e-07 -1.4386e-07 -6.9896e-08 3.0788e-08 4.9326e-08 8.8966e-08 1.0268e-07 -1.4268e-07 1.1696e-07 8.8952e-08 9.9015e-08 1.0264e-07 1.1273e-07 1.0297e-07 8.2833e-08 6.8201e-08 6.4601e-08 6.7997e-08 3.1869e-08 -1.2311e-08 -4.2711e-08 -1.0304e-07 1.1096e-07 -3.462e-08 -7.8609e-08 -7.3407e-08 -9.8283e-08 2.2127e-08 -5.1277e-08 -2.2532e-08 5.622e-09 -3.2072e-09 -4.6509e-08 -1.3933e-07 -7.9138e-08 -1.5369e-07 -1.6897e-07 -7.9388e-08 -8.682e-08 -2.1401e-07 -2.2109e-07 -2.4777e-07 -2.1596e-07 -1.8007e-07 -1.8276e-07 8.2612e-08 -8.6265e-08 1.4244e-08 5.5675e-08 6.8922e-08 8.3173e-08 1.1725e-07 -1.5774e-08 -3.2283e-08 2.8097e-08 3.8059e-08 3.7265e-08 3.1275e-08 3.5667e-08 3.6534e-08 3.6851e-08 2.983e-08 3.7807e-08 3.1533e-08 3.3015e-08 2.9251e-08 3.1232e-08 3.0013e-08 2.7537e-08 2.3048e-08 -5.7181e-09 -2.8245e-08 -3.4002e-08 -3.6324e-08 -3.3045e-08 -1.3618e-08 4.7702e-08 9.6832e-08 1.1772e-07 7.8409e-08 8.0112e-08 5.4601e-10 3.1298e-09 -2.5679e-08 2.2561e-09 5.1877e-08 5.5593e-08 5.0079e-08 2.9305e-08 5.6342e-08 3.1389e-08 1.4561e-08 3.0821e-09 -2.8555e-08 -2.2876e-08 2.238e-08 -2.0401e-08 -3.7445e-08 -1.8259e-07 -1.1566e-07 -1.1888e-07 -2.1316e-07 -2.1711e-07 -7.8699e-08 -3.5274e-08 5.5734e-08 -2.3444e-08 -1.6841e-08 9.9724e-09 3.6286e-08 3.17e-08 2.6985e-08 2.2882e-08 -1.399e-08 -4.4611e-08 6.6542e-08 8.4379e-08 6.7868e-08 1.0778e-07
6.4435e-08 1.1306e-07 3.9456e-08 -9.6786e-08 1.7416e-08 -1.1063e-07 -1.1226e-07 -8.9674e-08 -2.1208e-07 -3.3191e-07 -3.487e-07 -2.2401e-07 -8.6092e-08 -5.1566e-08 -1.7688e-08 -3.3809e-08 -8.9301e-09 -2.7821e-07 -5.8473e-08 -7.2246e-08 -8.656e-08 -1.2698e-07 -1.2323e-07 -1.6883e-07 -2.6025e-07 -2.1888e-07 -2.5136e-07 -2.746e-07 -3.4885e-07 -3.3099e-07 -3.6731e-07 -3.8068e-07 -3.703e-07 -3.9613e-07 -3.849e-07 -3.6912e-07 -4.183e-07 -3.6422e-07 -3.7714e-07 -3.7115e-07 -2.9064e-07 -4.1172e-07 -4.2368e-07 -4.2521e-07 -4.229e-07 -4.2564e-07 -4.2451e-07 -4.2545e-07 -4.2368e-07 -4.2244e-07 -4.2531e-07 -3.9307e-07 -4.2569e-07 -3.7063e-07 -3.3061e-07 -3.0193e-07 -3.0172e-07 -2.9851e-07 -2.9455e-07 -2.7873e-07 -2.4774e-07 -2.1412e-07 -2.1677e-07 -6.0499e-09 -1.6018e-08 -1.341e-07 -8.3989e-08 -1.3964e-09 -1.5812e-08 9.9901e-08 9.4206e-08 1.1359e-07 7.5447e-08 3.0663e-08 5.0572e-08 7.3882e-08 7.4657e-08 7.1657e-08 9.9105e-08 5.7061e-08 -4.4839e-09 -6.5378e-08 -2.5882e-08 -6.2027e-08 -4.2499e-08 -1.1139e-07 -1.2527e-07 -1.0264e-07 -7.3986e-08 -5.4034e-08 -4.8815e-08 -9.6752e-09 -2.7244e-08 -1.135e-07 -1.0984e-07 -1.1548e-07 -6.5039e-08 -4.1328e-11 -1.5343e-07 -1.8004e-07 -1.711e-07 -2.7707e-07 -2.5509e-07 -1.8195e-07 -1.5092e-07 -1.6183e-07 -1.4433e-07 -7.0364e-08 4.9841e-08 1.2303e-08 7.6116e-09 5.6473e-08 9.51e-08 1.1241e-07 -3.6737e-09 -3.2692e-08 3.4901e-08 3.8187e-08 3.5883e-08 3.4337e-08 3.6151e-08 3.5812e-08 3.5897e-08 3.6688e-08 3.0288e-08 3.2288e-08 3.1013e-08 2.8236e-08 2.9823e-08 2.579e-08 3.7994e-09 -3.5497e-08 -3.2264e-08 -3.2607e-08 -2.4621e-08 -4.1394e-09 -1.1732e-08 5.0863e-08 5.9847e-08 6.9634e-08 1.1089e-07 5.442e-08 -8.9724e-08 -3.5005e-09 -4.9922e-08 -2.0306e-08 8.2356e-09 2.3933e-08 4.6113e-08 5.9131e-08 3.4707e-08 -3.3741e-10 -1.2722e-07 -1.1819e-07 -1.0881e-07 -4.7214e-08 -1.0869e-07 -1.492e-07 -8.1375e-08 -3.4721e-08 -8.5365e-08 -1.5036e-07 -5.4811e-08 -1.7593e-08 -5.8416e-08 -5.6751e-08 -9.0277e-08 -3.9982e-08 -4.4711e-08 -1.3884e-07 5.277e-08 5.4797e-08 5.8576e-09 -6.1014e-09 2.4861e-08 4.0741e-08 1.0438e-07 8.8866e-08 3.8717e-08 -7.5704e-08
7.1747e-08 8.3648e-08 -1.0085e-07 -1.3676e-07 -9.7086e-08 -2.5745e-07 -1.8532e-07 -3.2901e-07 -3.2617e-07 -2.3686e-07 -2.4755e-07 -1.9916e-07 -7.2418e-08 -4.1165e-08 2.4201e-08 -5.6192e-08 -6.8962e-09 4.4952e-11 -7.1025e-08 -7.1879e-08 -2.1199e-07 -1.2785e-07 -1.4258e-07 -1.4885e-07 -2.0839e-07 -2.5543e-07 -2.5388e-07 -2.8556e-07 -3.187e-07 -3.5389e-07 -3.7145e-07 -4.2259e-07 -4.0608e-07 -4.1748e-07 -4.2539e-07 -4.2233e-07 -4.1678e-07 -3.2006e-07 -2.9266e-07 -1.3925e-07 -2.0316e-07 -4.1355e-07 -4.1814e-07 -4.257e-07 -4.0026e-07 -4.2523e-07 -3.7965e-07 -3.7208e-07 -3.9506e-07 -3.9172e-07 -4.2308e-07 -3.9969e-07 -3.0132e-07 -4.247e-07 -3.7327e-07 -3.0406e-07 -3.0794e-07 -2.9645e-07 -2.8934e-07 -2.9047e-07 -2.2659e-07 -1.4538e-07 -1.5403e-07 -1.4476e-08 2.1509e-09 1.309e-08 7.5161e-09 5.6663e-09 -8.4342e-09 -3.9314e-08 1.7122e-09 9.0916e-08 8.7702e-08 3.2116e-08 9.2733e-08 3.2599e-08 9.5351e-08 6.3249e-08 5.5595e-08 6.9266e-08 3.4942e-08 -5.19e-10 4.3357e-08 -2.6828e-08 -4.0349e-08 -6.6882e-08 -7.8795e-08 -1.0276e-07 -1.0005e-07 -8.0036e-08 -7.0981e-08 -1.3341e-07 -9.0203e-08 -5.3781e-08 -1.0128e-07 -7.4515e-08 -1.2144e-07 -6.975e-08 -1.3089e-07 -2.2899e-07 -1.99e-07 -2.3234e-07 -2.7316e-07 -2.3502e-07 -1.9077e-07 -1.6906e-07 -1.6488e-07 -1.8076e-07 -4.9565e-08 8.0846e-09 -1.9512e-08 -3.0937e-08 -7.2307e-08 5.7188e-09 9.3704e-08 2.9779e-08 -1.3471e-08 2.5009e-08 3.6508e-08 3.796e-08 3.8048e-08 3.3735e-08 3.3268e-08 2.9123e-08 3.3224e-08 3.3005e-08 2.7615e-08 2.6714e-08 3.1182e-09 -2.3628e-08 -3.3413e-08 -2.5772e-08 2.2106e-08 3.2755e-08 4.0087e-08 4.2466e-08 1.4515e-08 3.3304e-08 8.6664e-08 9.73e-08 1.1786e-07 5.7518e-08 -2.6746e-09 -2.4953e-08 -5.6408e-08 -6.6874e-08 -3.0913e-08 -3.8721e-08 -1.5109e-08 1.1267e-08 4.4789e-09 -4.4434e-08 -7.6126e-08 -1.1493e-07 -2.1653e-07 -2.3557e-07 -2.1204e-07 -2.2462e-07 -9.0273e-08 -1.7618e-07 -1.0724e-07 -5.212e-08 -1.464e-07 -8.9496e-08 -1.1427e-07 -1.2881e-07 -5.11e-08 -2.3871e-08 1.8557e-08 -6.3772e-08 -1.6948e-08 6.195e-08 -8.1975e-08 1.4473e-08 1.6722e-08 4.4507e-08 6.5575e-08 3.6457e-08 -1.9086e-08 -1.5818e-08
6.0997e-08 -6.0942e-08 -9.0634e-08 -1.0705e-07 -2.2883e-07 -2.1437e-07 -2.9894e-07 -2.2871e-07 -2.0412e-07 -2.3031e-07 -1.9686e-07 -1.8954e-07 -1.1231e-07 -5.5311e-08 -4.4224e-09 -6.6241e-09 -6.4139e-09 -8.9386e-08 -1.2891e-07 -7.1881e-08 -1.5327e-07 -1.4296e-07 -1.5918e-07 -1.7401e-07 -2.1182e-07 -2.2357e-07 -2.6031e-07 -2.9251e-07 -3.3659e-07 -3.7261e-07 -3.9741e-07 -4.0827e-07 -4.109e-07 -4.2557e-07 -4.2337e-07 -4.2011e-07 -4.1178e-07 -2.8462e-07 -3.1055e-07 -1.3485e-07 -3.3875e-07 -4.1516e-07 -4.2555e-07 -4.118e-07 -3.9686e-07 -3.7804e-07 -3.7581e-07 -3.5309e-07 -3.5362e-07 -3.3929e-07 -4.1617e-07 -3.9932e-07 -4.2082e-07 -4.2371e-07 -4.2561e-07 -4.2541e-07 -3.4806e-07 -2.6439e-07 -2.7176e-07 -2.1587e-07 -1.3821e-07 -6.5565e-08 -1.8515e-08 -7.5444e-09 2.1645e-08 1.2655e-08 2.5586e-08 4.6351e-08 3.3858e-08 2.4414e-08 4.0073e-08 1.1711e-07 3.1165e-08 -9.1244e-09 3.7468e-08 2.032e-08 3.593e-08 5.2417e-08 7.6195e-08 7.3709e-08 8.8358e-08 7.7325e-08 3.6623e-08 3.3497e-08 1.1564e-08 -6.2931e-08 -1.1843e-07 -1.4673e-07 -1.0714e-07 -9.6783e-08 -9.7213e-08 -7.9532e-08 -1.3217e-07 -8.7084e-08 -7.3285e-08 -9.4028e-08 -7.9946e-08 -1.0345e-07 -1.1226e-07 -1.9419e-07 -2.0046e-07 -1.0959e-07 -1.7201e-07 -2.0771e-07 -1.5656e-07 -1.2221e-07 -1.0396e-07 -1.6129e-07 -3.8463e-08 5.8551e-09 4.3953e-08 -2.7719e-08 3.7544e-08 2.3326e-08 1.1503e-07 1.1452e-07 3.4224e-08 -2.0943e-08 -3.4542e-08 1.347e-08 3.1572e-08 3.801e-08 2.4948e-08 3.0852e-08 2.7139e-08 2.9426e-08 2.0025e-08 4.7234e-09 -3.5606e-08 1.9423e-08 -2.8914e-08 -1.3001e-08 5.813e-08 6.2127e-08 7.3383e-08 1.1014e-07 1.1285e-07 8.9176e-08 9.5214e-08 1.1643e-07 1.179e-07 3.8253e-09 8.7621e-09 -4.4408e-08 -8.9246e-09 -1.0361e-07 -7.5184e-08 -7.9983e-08 -7.4988e-08 -5.7928e-08 -3.4387e-08 -7.5229e-08 -1.1746e-07 -1.1632e-07 -1.8622e-07 -2.0025e-07 -7.35e-08 -2.3665e-07 -2.6541e-07 -2.9381e-07 -8.844e-08 -2.298e-08 5.1091e-08 -6.5701e-08 -2.8695e-08 5.6104e-09 2.8292e-08 9.5606e-09 1.4167e-08 -6.9864e-09 -3.9822e-08 1.1168e-08 -5.7047e-08 -3.5657e-09 -6.0196e-09 -3.3808e-08 -4.8407e-09 2.1935e-08 1.6325e-08 7.4236e-09
5.8733e-08 -6.6984e-08 -3.0335e-07 -1.0937e-07 -2.3162e-07 -2.5671e-07 -1.5614e-07 -2.3218e-07 -1.8287e-07 -2.1578e-07 -2.164e-07 -1.6931e-07 -6.386e-08 -2.2921e-08 -5.4728e-09 -1.5112e-08 -2.3478e-08 -2.2182e-07 -5.5765e-08 -6.3838e-08 -1.0061e-07 -1.5972e-07 -1.6242e-07 -1.8612e-07 -2.0261e-07 -2.3353e-07 -2.6227e-07 -3.092e-07 -3.5178e-07 -3.8139e-07 -4.0243e-07 -4.194e-07 -4.2458e-07 -4.2522e-07 -4.2553e-07 -3.9773e-07 -4.0094e-07 -3.5334e-07 -4.8006e-08 3.0179e-07 -3.2348e-07 -4.2113e-07 -4.2484e-07 -4.1582e-07 -3.9551e-07 -3.6981e-07 -3.5007e-07 -3.3358e-07 -3.1992e-07 -3.2011e-07 -3.2509e-07 -3.4302e-07 -4.066e-07 -4.0546e-07 -4.1076e-07 -4.2431e-07 -4.2465e-07 -4.0534e-07 -2.7773e-07 -2.2671e-07 -1.2796e-07 -5.2587e-09 1.7328e-08 9.7887e-09 9.1291e-08 1.8476e-08 -7.5371e-09 1.3692e-08 4.8946e-08 4.4246e-08 6.9822e-08 1.0258e-07 6.7717e-08 1.1835e-08 4.9417e-08 8.523e-08 5.6979e-08 5.2545e-08 9.7455e-08 8.7972e-08 8.1843e-08 8.3227e-08 5.1709e-08 6.7561e-08 -3.1443e-08 -3.5697e-08 -6.3936e-08 -1.1256e-07 -1.3578e-07 -9.7771e-08 -6.805e-08 -7.5902e-08 -5.1548e-08 -6.5227e-08 -7.4148e-08 -9.0611e-08 -8.4227e-08 -1.7497e-07 -1.0429e-07 -1.7556e-07 -8.0862e-08 -6.9103e-08 -1.2898e-07 -1.2467e-07 -7.822e-08 -5.5902e-08 -4.0134e-08 -5.9296e-08 -1.6989e-07 -1.0749e-08 -6.3716e-08 3.4403e-08 5.9437e-08 7.3013e-08 -3.8404e-08 2.2104e-08 1.1593e-07 1.1769e-07 5.994e-08 5.7797e-08 -1.4059e-08 -1.6395e-08 -3.5927e-08 -1.0073e-09 -2.7551e-08 -2.2311e-08 -3.5992e-08 -3.5583e-08 2.3701e-08 7.9981e-08 1.0851e-07 1.1782e-07 1.0407e-07 8.9997e-08 1.0774e-07 1.1704e-07 1.1727e-07 1.1755e-07 1.1776e-07 8.356e-08 7.7291e-08 3.3374e-08 -1.2128e-08 -3.8487e-08 -4.7436e-08 -7.7054e-08 -8.2848e-08 -6.839e-08 -6.8734e-08 -6.0633e-08 -5.3439e-08 -9.5971e-08 -1.0139e-07 -1.8928e-07 -1.4545e-07 -2.2518e-07 -3.0284e-07 -2.628e-07 -1.1525e-07 -3.041e-07 -1.3103e-07 -4.3112e-08 -1.0146e-08 -1.0326e-07 -2.7731e-09 -1.5667e-07 -1.2167e-08 2.1252e-08 -2.4071e-08 -4.9256e-08 -1.4149e-08 -3.9489e-08 -8.1054e-08 -5.6271e-08 -2.8696e-08 -2.1986e-09 -3.5547e-08 -5.7664e-09 1.7812e-08 4.5738e-08
2.6835e-09 -7.7444e-08 -8.0521e-08 -8.6423e-08 -2.0971e-07 -2.3395e-07 -1.2388e-07 -2.8199e-07 -2.0778e-07 -1.4184e-07 -1.62e-07 -7.7048e-08 -9.626e-08 -6.5423e-08 -3.7265e-09 -4.8129e-08 -2.5092e-09 -1.6368e-07 -5.9225e-08 -1.7336e-07 -1.6778e-07 -1.6427e-07 -1.8798e-07 -1.9337e-07 -2.2988e-07 -2.5069e-07 -2.7502e-07 -2.9561e-07 -3.5674e-07 -3.8852e-07 -4.1209e-07 -4.2365e-07 -4.2404e-07 -4.2387e-07 -4.1903e-07 -4.2392e-07 -4.2568e-07 -3.2224e-07 -2.7416e-07 1.997e-07 -3.5836e-07 -4.2216e-07 -4.2511e-07 -4.1216e-07 -3.8863e-07 -3.6012e-07 -3.349e-07 -3.157e-07 -3.0224e-07 -2.7778e-07 -2.8019e-07 -2.6889e-07 -3.064e-07 -3.7852e-07 -3.7812e-07 -3.6765e-07 -3.3378e-07 -3.354e-07 -3.4587e-07 -3.4584e-07 -3.6906e-07 -1.1865e-07 2.4123e-08 2.9041e-08 2.2222e-08 2.6397e-08 4.2361e-08 7.5046e-08 3.7998e-08 2.1615e-08 2.7935e-08 1.1027e-07 1.1594e-07 1.1786e-07 9.1181e-08 4.2099e-08 8.2692e-08 8.484e-08 1.0461e-07 1.0395e-07 1.0178e-07 1.0009e-07 8.8712e-08 5.5787e-08 3.6512e-08 -4.8269e-09 2.6599e-09 6.2889e-09 -6.8583e-08 -9.2603e-08 -1.014e-07 -6.0976e-08 -5.7601e-08 -1.362e-07 -1.0774e-07 -8.1457e-08 -7.7229e-08 -1.3275e-07 -1.3503e-07 -1.3782e-07 -8.3526e-08 -3.046e-08 -1.4269e-07 -7.4019e-08 -4.5006e-08 -6.8861e-08 -4.7379e-09 -1.3708e-07 -2.1278e-07 -1.5886e-07 -3.1769e-08 -3.0002e-08 2.191e-08 -8.7334e-09 -2.2274e-08 -3.8338e-09 7.4049e-09 1.1774e-07 1.1776e-07 1.1326e-07 1.0106e-07 9.5287e-08 6.6968e-08 5.5031e-08 4.4145e-08 8.2636e-09 -1.3834e-08 1.0739e-08 2.1579e-08 8.6144e-08 1.179e-07 1.0629e-07 1.0803e-07 1.1567e-07 1.0435e-07 1.1534e-07 -2.0109e-07 1.174e-07 1.1694e-07 -9.5427e-08 2.9744e-09 -6.0933e-08 -7.7549e-08 -7.7931e-08 -7.149e-08 -6.9006e-08 -6.8479e-08 -6.6058e-08 -8.5271e-08 -9.3423e-08 -1.0036e-07 -1.4952e-07 -2.3674e-07 -2.5644e-07 -2.7785e-07 -2.2967e-07 -1.1087e-07 -2.8941e-07 -2.7474e-07 -1.5904e-07 -2.2316e-07 -1.3227e-07 -4.0885e-08 -4.3972e-08 3.2527e-08 -1.3046e-07 -2.7099e-10 -3.8083e-08 -6.0978e-09 2.0314e-08 4.678e-09 -2.7096e-08 -1.0993e-07 -1.5017e-07 -1.4515e-07 -6.6141e-08 -6.6561e-08 -5.1706e-08 1.886e-08 2.7209e-08
2.8322e-08 -1.1448e-07 -4.2459e-08 -9.7292e-08 -1.0436e-07 -1.1941e-07 -8.8419e-08 -1.8879e-08 -1.2776e-07 -6.1434e-08 -9.5925e-08 1.8017e-08 1.6643e-08 -2.869e-09 1.7439e-08 -2.4352e-08 -1.3767e-08 -9.5799e-08 -1.6795e-07 -7.992e-08 -1.4532e-07 -1.8357e-07 -1.9391e-07 -2.1931e-07 -2.4352e-07 -2.7834e-07 -3.0191e-07 -3.259e-07 -3.7078e-07 -4.077e-07 -4.2244e-07 -4.256e-07 -4.206e-07 -4.1275e-07 -4.0908e-07 -3.4236e-07 -3.8771e-07 -4.1448e-07 -2.7192e-07 -3.3056e-07 -3.8514e-07 -4.2007e-07 -4.2414e-07 -4.1127e-07 -3.9672e-07 -3.7291e-07 -3.5366e-07 -3.2309e-07 -3.0171e-07 -2.9878e-07 -2.7021e-07 -2.6149e-07 -3.0414e-07 -3.5254e-07 -4.1976e-07 -3.7022e-07 -3.3381e-07 -3.1099e-07 -3.093e-07 -3.2851e-07 -3.986e-07 -2.425e-07 -1.9615e-08 -7.3549e-09 1.6257e-08 1.9554e-08 1.9248e-08 -8.0021e-08 -3.3334e-08 -5.69e-09 6.7518e-09 1.347e-08 9.409e-08 1.1373e-07 1.0051e-07 1.0172e-07 1.114e-07 1.1496e-07 1.1696e-07 1.1089e-07 1.1124e-07 1.0587e-07 1.1778e-07 9.4127e-08 1.1423e-07 3.8057e-08 5.0231e-08 5.1947e-08 4.5109e-08 -7.2953e-08 -7.6815e-09 -3.3074e-08 1.5144e-08 -1.5364e-07 -7.0157e-08 -7.721e-08 -7.7048e-08 -1.6433e-07 -2.2646e-07 -9.1928e-08 -8.3297e-08 -1.1163e-07 -9.4664e-08 -8.5521e-08 -1.1503e-07 -1.8834e-07 -9.1573e-08 -2.2385e-07 -2.6185e-07 -2.0064e-07 -1.3841e-07 -1.2062e-07 -4.6028e-08 -7.5959e-08 2.9711e-08 9.3976e-08 4.28e-08 1.0844e-07 1.1761e-07 1.1573e-07 1.0741e-07 1.1495e-07 1.1746e-07 7.233e-08 1.1119e-07 3.6765e-08 6.5926e-08 1.171e-07 1.1745e-07 1.0776e-07 1.1723e-07 9.9375e-08 9.6795e-08 1.1387e-07 9.7699e-08 -8.0666e-09 -3.2361e-08 2.7976e-08 -1.3803e-07 -5.1755e-08 -7.9558e-08 -1.1917e-07 -1.4884e-07 -1.3797e-07 -1.1777e-07 -1.0085e-07 -3.1985e-08 -9.3725e-08 -1.0458e-07 -1.3103e-07 -1.4302e-07 -1.8244e-07 -2.4854e-07 -3.0921e-07 -2.8663e-07 -2.4295e-07 -1.6174e-07 -2.5033e-07 -3.2822e-07 -2.6248e-07 -2.7801e-07 -2.0632e-07 -1.2227e-07 -3.9471e-08 -1.0981e-07 -1.0182e-07 -1.3223e-08 -1.0186e-07 -4.2359e-08 -4.5957e-10 -1.3105e-08 -9.1766e-08 -1.5649e-07 -2.4285e-08 -2.891e-08 -6.7571e-08 -4.3146e-08 2.8873e-08 6.7433e-08 1.3427e-08
2.5904e-08 1.1256e-08 -8.9308e-08 -8.7432e-08 -1.0405e-07 -7.7688e-08 -3.7229e-08 -2.7583e-09 2.6805e-08 3.3974e-08 3.0972e-08 2.3342e-08 5.7344e-08 6.6329e-08 1.9932e-08 4.3718e-08 -2.09e-07 -1.3727e-07 -6.2388e-08 -1.4637e-07 -1.4871e-07 -2.0183e-07 -2.0401e-07 -2.243e-07 -2.5629e-07 -3.0128e-07 -3.3342e-07 -3.7262e-07 -4.0432e-07 -4.2185e-07 -4.2543e-07 -4.1485e-07 -4.0238e-07 -3.932e-07 -3.9794e-07 -3.9214e-07 -2.8151e-07 -3.4278e-07 -2.598e-07 -3.1071e-07 -3.7879e-07 -4.1914e-07 -4.257e-07 -4.2189e-07 -4.1166e-07 -3.9697e-07 -3.7539e-07 -3.4974e-07 -3.158e-07 -2.9351e-07 -2.447e-07 -2.5188e-07 -2.5309e-07 -3.0667e-07 -3.9078e-07 -3.7436e-07 -3.384e-07 -3.3536e-07 -3.3959e-07 -3.7739e-07 -4.2047e-07 -2.0601e-07 -4.9046e-08 -3.5896e-08 -9.2182e-08 -5.2512e-08 -3.5813e-09 -7.1077e-08 -1.7452e-09 -6.7927e-09 -3.9732e-08 4.305e-08 6.4739e-08 1.1547e-07 1.1753e-07 1.1184e-07 1.0623e-07 1.1494e-07 1.1023e-07 1.1702e-07 1.1694e-07 1.1359e-07 1.146e-07 1.1584e-07 1.0788e-07 7.1742e-08 8.4907e-08 9.5554e-08 7.9313e-08 -1.0928e-07 9.0702e-09 -3.1437e-08 1.9907e-08 3.3712e-08 2.7553e-08 -6.2167e-08 -8.2476e-08 9.6188e-08 -6.7926e-08 -1.7574e-07 -1.4471e-07 -1.852e-07 -2.2233e-07 -2.5052e-07 -1.9723e-07 -1.177e-07 -2.567e-07 -2.6463e-07 -3.1047e-07 -2.1359e-07 -1.6479e-07 -7.4666e-08 -9.8412e-08 -1.6706e-07 -1.7404e-07 -1.1995e-07 -7.7705e-09 3.4886e-08 7.9875e-08 9.7162e-08 1.1782e-07 1.1293e-07 1.176e-07 1.1019e-07 1.096e-07 7.5212e-08 1.1311e-07 1.1241e-07 1.0796e-07 9.5061e-08 4.8792e-08 5.9851e-08 8.2255e-08 9.2052e-08 -3.6771e-08 -1.4191e-07 -2.594e-07 -2.2581e-07 -1.4978e-07 -9.2092e-08 -1.3525e-07 -1.7256e-07 -2.2991e-07 -2.0257e-07 -1.4206e-07 -1.2091e-07 -1.059e-07 -8.7778e-08 -1.4096e-07 -1.5308e-07 -1.6726e-07 -1.8059e-07 -1.4306e-07 -1.7149e-07 -1.5569e-07 -2.5464e-07 -1.6419e-07 -2.4851e-07 -3.0848e-07 -2.5572e-07 -3.1368e-07 -1.7596e-07 -1.3131e-07 -8.0766e-08 -7.8901e-08 -4.4369e-08 -6.2729e-08 -2.6197e-08 -5.0255e-08 5.6351e-08 -4.0579e-08 9.3134e-08 -4.7057e-08 -3.3583e-08 -2.3222e-08 -3.5463e-08 -7.061e-08 4.6363e-08 8.9615e-08 1.2633e-08
-2.8075e-08 -8.4829e-09 -8.7389e-08 -8.6008e-08 -9.1196e-08 -8.6755e-08 -1.8273e-08 8.4373e-08 5.0795e-08 3.0188e-08 8.9277e-09 1.5068e-08 3.2845e-08 6.708e-09 2.6103e-08 4.1473e-08 -2.6254e-08 -9.9502e-08 -9.304e-08 -1.3774e-07 -1.7333e-07 -2.1015e-07 -2.207e-07 -2.4846e-07 -2.799e-07 -3.1354e-07 -3.6265e-07 -4.0371e-07 -4.2471e-07 -4.2149e-07 -4.067e-07 -3.7686e-07 -3.519e-07 -3.4779e-07 -3.6564e-07 -2.9467e-07 -3.2303e-07 -1.8171e-07 -2.1769e-07 -3.1666e-07 -3.6916e-07 -4.0652e-07 -4.1976e-07 -4.2547e-07 -4.2284e-07 -4.1512e-07 -3.9555e-07 -3.7519e-07 -3.4721e-07 -3.1926e-07 -2.9842e-07 -2.6716e-07 -2.5968e-07 -3.1767e-07 -3.7413e-07 -3.3983e-07 -3.8288e-07 -3.5329e-07 -3.8381e-07 -4.0848e-07 -4.0371e-07 -3.7465e-07 -7.3847e-08 -7.8111e-08 -5.7695e-08 -8.5849e-08 -1.767e-08 4.7386e-09 -4.9027e-09 1.657e-09 3.4275e-08 2.5031e-08 5.9775e-08 9.1901e-08 1.165e-07 9.9648e-08 1.1767e-07 1.1616e-07 1.1777e-07 1.1682e-07 1.179e-07 1.1743e-07 1.162e-07 1.169e-07 1.1778e-07 1.1648e-07 9.7478e-08 9.9824e-08 7.8131e-08 2.1749e-08 -1.6883e-09 2.1185e-08 4.5838e-08 5.9008e-08 -1.0824e-08 -4.3196e-08 -7.7202e-08 -1.4609e-07 -1.5602e-07 -1.2344e-07 -1.0235e-07 -8.3115e-08 -2.6369e-07 -2.0175e-07 -1.528e-07 -1.7241e-07 -1.2837e-07 -2.9618e-07 -3.0795e-07 -2.3846e-07 -1.4324e-07 -2.2496e-07 -1.2924e-07 -1.3648e-07 -1.2204e-07 -6.7518e-08 -3.8929e-08 4.4614e-08 4.4485e-08 9.7485e-08 1.0978e-07 1.1686e-07 1.053e-07 1.158e-07 1.1244e-07 1.0935e-07 1.1496e-07 -2.7705e-08 5.1417e-08 5.0579e-08 2.6191e-08 -3.2519e-09 6.6432e-08 -3.1846e-08 -1.1697e-07 -1.5929e-07 -3.4227e-07 -3.2384e-07 -1.8516e-07 -2.1054e-07 -1.693e-07 -1.7255e-07 -2.3799e-07 -2.8957e-07 -1.3677e-07 -1.1302e-07 -1.0957e-07 -1.0252e-07 -1.0028e-07 -1.5028e-07 -1.9848e-07 -2.4313e-07 -2.8291e-07 -2.3747e-07 -9.8338e-08 -2.3524e-07 -2.0433e-07 -2.1401e-07 -2.9568e-07 -1.7588e-07 -1.9899e-07 -1.6415e-07 -1.8906e-07 -1.9049e-07 -7.4889e-08 -4.6661e-08 -1.8173e-09 -3.9997e-08 -9.1221e-08 4.5873e-08 6.5449e-08 1.8376e-08 2.5596e-08 6.3849e-08 5.0798e-08 -3.9153e-08 -1.1061e-07 -1.1322e-08 -8.3242e-09 -5.2996e-08
-1.7529e-07 -1.1447e-07 -1.1176e-07 -1.4661e-07 -6.7067e-08 -1.6468e-08 4.5638e-08 1.1481e-07 1.1279e-07 7.8262e-08 6.4685e-08 1.8023e-08 3.5875e-08 3.2573e-08 5.8681e-08 3.0543e-08 1.6963e-09 -3.51e-08 -1.2486e-07 -1.396e-07 -1.747e-07 -2.1945e-07 -2.4635e-07 -2.8921e-07 -3.1499e-07 -3.4911e-07 -3.8819e-07 -4.2395e-07 -4.0297e-07 -3.5947e-07 -3.1935e-07 -2.9588e-07 -2.7085e-07 -2.933e-07 -3.2993e-07 6.1481e-08 -2.7043e-07 -1.5638e-07 -1.926e-07 -2.5754e-07 -2.9298e-07 -3.5074e-07 -3.8413e-07 -4.0719e-07 -4.2296e-07 -4.2495e-07 -4.1411e-07 -3.9786e-07 -3.6966e-07 -3.459e-07 -3.2783e-07 -3.1277e-07 -2.9046e-07 -2.9883e-07 -3.5335e-07 -3.9274e-07 -3.9394e-07 -3.952e-07 -3.8412e-07 -3.9306e-07 -4.1475e-07 -2.6803e-07 -1.217e-07 -1.3203e-07 -9.1391e-08 -5.6512e-08 1.1283e-08 2.1159e-08 3.1506e-08 -6.3465e-09 2.2362e-08 5.2666e-08 8.9502e-08 1.1746e-07 7.9289e-08 7.5709e-08 8.4919e-08 1.1723e-07 1.147e-07 1.15e-07 9.7575e-08 1.1698e-07 1.1791e-07 1.1768e-07 1.1292e-07 1.0748e-07 1.1301e-07 9.1067e-08 9.3991e-08 9.915e-08 7.7562e-08 5.45e-08 6.1115e-08 4.4841e-08 -2.6332e-08 2.4838e-09 -7.405e-08 -1.015e-07 -5.3885e-08 -1.9599e-07 -1.228e-07 -1.0583e-07 -2.3201e-07 -1.6103e-07 -2.4194e-07 -1.8011e-07 -2.9476e-07 -3.2335e-07 -2.4524e-07 -2.4065e-07 -2.7165e-07 -2.0757e-07 -2.1129e-07 -1.7374e-07 -1.4944e-07 -1.0752e-07 -1.0651e-07 -1.1732e-07 -1.0456e-07 6.3434e-08 8.7898e-08 9.1712e-08 9.9256e-08 9.8538e-08 8.0688e-08 7.3548e-08 7.3946e-09 6.4387e-09 2.1438e-08 1.8578e-09 -1.1768e-08 -1.0787e-07 -1.4465e-07 -7.9342e-08 -1.5121e-07 -2.0725e-07 -2.8338e-07 -3.044e-07 -2.3809e-07 -1.9967e-07 -1.4571e-07 -1.3966e-07 -9.7778e-08 -1.0019e-07 -1.2885e-07 -1.201e-07 -1.1466e-07 -1.1105e-07 -1.3713e-07 -1.586e-07 -1.0879e-07 -2.0489e-07 -2.7955e-07 -2.6314e-07 -1.9066e-07 -1.6279e-07 -1.8586e-07 -1.4686e-07 -2.4068e-07 -1.6578e-07 -1.4452e-07 -1.8193e-07 -2.0179e-07 -2.1682e-07 -1.0736e-07 -1.0522e-07 -1.3106e-07 -1.4382e-07 -1.0901e-08 5.5292e-08 8.886e-08 1.0291e-07 1.0851e-07 1.1747e-07 1.0054e-07 1.052e-07 9.0784e-08 5.4398e-08 7.1047e-08 -1.5717e-07
-1.6321e-07 -1.6652e-07 -1.3387e-07 -6.4367e-08 -5.9381e-08 -1.0369e-08 9.1693e-08 1.0841e-07 1.0425e-07 9.6325e-08 7.918e-08 4.0007e-08 5.3427e-08 -5.8826e-08 4.7266e-08 9.8342e-08 4.6666e-09 1.3601e-09 -7.0821e-08 -1.4865e-07 -1.8023e-07 -2.1845e-07 -2.8374e-07 -3.2731e-07 -3.5308e-07 -3.8382e-07 -4.1613e-07 -4.0324e-07 -2.8945e-07 -1.6779e-07 -1.4372e-07 -1.6423e-07 -2.0855e-07 -2.4464e-07 -1.7191e-07 1.6815e-08 -1.0825e-07 -1.6414e-07 -1.2657e-07 -9.3673e-08 -1.2795e-07 -2.2899e-07 -3.0737e-07 -3.5193e-07 -4.0249e-07 -4.223e-07 -4.2492e-07 -4.172e-07 -3.9781e-07 -3.7259e-07 -3.5964e-07 -3.3395e-07 -3.3107e-07 -3.2036e-07 -3.633e-07 -3.971e-07 -4.2244e-07 -4.2168e-07 -3.9253e-07 -4.0119e-07 -4.1458e-07 -2.469e-07 -1.2683e-07 -2.3319e-07 -1.531e-07 7.9446e-08 -1.4337e-08 1.049e-07 1.417e-08 4.2945e-08 -3.6692e-08 5.3298e-08 8.2519e-08 1.1439e-07 7.81e-08 8.4251e-08 7.8942e-08 1.174e-07 1.1089e-07 1.1791e-07 1.1267e-07 1.1606e-07 1.1549e-07 1.1586e-07 1.1434e-07 1.1631e-07 1.1721e-07 1.1709e-07 1.158e-07 1.0147e-07 5.8648e-08 6.5653e-08 6.6083e-08 4.9327e-08 7.8601e-09 1.1884e-08 -6.8899e-08 -5.7869e-08 -1.2586e-07 -1.707e-09 -9.7617e-08 -1.5e-07 -2.2681e-07 -2.2789e-07 -2.2993e-07 -2.4042e-07 -2.2362e-07 -3.0365e-07 -2.2324e-07 -2.2435e-07 -1.9705e-07 -2.3299e-07 -2.6317e-07 -2.6712e-07 -2.1392e-07 -2.0201e-07 -1.6846e-07 -4.9159e-08 -3.3341e-08 -1.2571e-07 -2.3654e-08 -4.4679e-08 -7.2102e-10 -6.6182e-10 -1.6824e-08 5.436e-08 3.9407e-08 3.6655e-08 2.2624e-08 -7.0731e-09 -1.1188e-07 -8.5392e-08 -2.8605e-07 -2.2731e-07 -2.027e-07 -2.3137e-07 -3.1792e-07 -3.148e-07 -2.2897e-07 -1.8327e-07 -1.27e-07 -1.2007e-07 -9.5443e-08 -7.6405e-08 -1.1606e-07 -1.2417e-07 -1.3044e-07 -1.4315e-07 -1.5146e-07 -1.9839e-07 -1.7176e-07 -1.8968e-07 -2.4974e-07 -2.28e-07 -2.5143e-07 -2.3272e-07 -1.907e-07 -1.4786e-07 -1.8874e-07 -8.2599e-08 -1.4728e-07 -1.5505e-07 -1.9591e-07 -2.297e-07 -4.5224e-08 -2.2144e-07 -1.6299e-07 -1.0994e-07 -3.1568e-09 9.276e-08 1.014e-07 1.1398e-07 1.1431e-07 1.1791e-07 1.1559e-07 1.1107e-07 1.1143e-07 8.8847e-08 1.1175e-07 3.3031e-08
7.2752e-08 -1.5757e-07 1.1773e-08 -3.5773e-08 2.5353e-08 5.6456e-08 1.1524e-07 1.1776e-07 9.0338e-08 9.7599e-08 9.7157e-08 4.6049e-08 1.4582e-08 2.4768e-08 5.2031e-08 9.4241e-08 -1.4066e-07 1.3605e-08 5.7522e-08 -1.231e-07 -1.674e-07 -2.2636e-07 -2.7679e-07 -3.2279e-07 -3.707e-07 -4.1043e-07 -4.2098e-07 -2.6228e-07 1.729e-07 3.7376e-07 1.6972e-07 -4.0518e-08 -9.5374e-08 -1.6848e-07 -2.0456e-07 -1.8954e-07 -2.3238e-07 -2.387e-07 -5.7455e-08 5.6215e-08 6.7108e-08 -1.2046e-07 -2.1246e-07 -2.8259e-07 -3.6064e-07 -4.1133e-07 -4.2497e-07 -4.2396e-07 -4.1777e-07 -4.1006e-07 -4.0882e-07 -3.7773e-07 -3.5755e-07 -3.5651e-07 -3.8854e-07 -3.9788e-07 -4.1896e-07 -3.301e-07 -4.0555e-07 -3.1005e-07 -2.3195e-07 1.0582e-07 3.8033e-08 -2.164e-09 -2.8419e-08 -2.0989e-08 8.6942e-09 -2.7798e-08 -2.6584e-08 6.1219e-08 4.301e-08 1.0439e-07 9.7518e-08 1.076e-07 1.045e-07 1.0619e-07 9.059e-08 1.0725e-07 1.151e-07 1.169e-07 1.1545e-07 1.1492e-07 1.1658e-07 1.0796e-07 1.168e-07 1.1772e-07 1.176e-07 1.1658e-07 1.1277e-07 1.0768e-07 1.1283e-07 9.5991e-08 8.3767e-08 3.6228e-08 9.2988e-09 1.1893e-08 -7.717e-09 -4.8978e-08 -1.4933e-07 -5.038e-08 -1.8071e-07 -1.588e-07 -1.8588e-07 -2.4676e-07 -2.2708e-07 -2.7401e-07 -2.5106e-07 -2.5639e-07 -2.8021e-07 -2.6809e-07 -1.9441e-07 -2.7998e-07 -3.0582e-07 -3.0901e-07 -2.9573e-07 -3.397e-07 -2.0148e-07 -5.3089e-08 -4.5579e-08 -4.1268e-08 -1.2752e-07 -3.8826e-08 -4.3791e-08 -6.4181e-08 -9.048e-09 2.0138e-08 2.5154e-08 4.9907e-08 -4.9853e-08 -1.193e-07 -1.5704e-07 -3.0354e-07 -3.1536e-07 -3.0876e-07 -2.6316e-07 -2.8598e-07 -3.199e-07 -2.9424e-07 -2.8572e-07 -2.1277e-07 -1.5503e-07 -1.1033e-07 -1.1822e-07 -1.1417e-07 -9.1055e-08 -1.1345e-07 -1.5267e-07 -1.3505e-07 -1.9361e-07 -1.4944e-07 -1.9578e-07 -1.4916e-07 -2.6143e-07 -3.0613e-07 -1.4643e-07 -1.102e-07 -2.3285e-07 -1.0961e-07 -1.0306e-07 -1.5426e-07 -1.4214e-07 -1.6317e-07 -2.2845e-07 -1.883e-07 -1.0137e-07 -7.5863e-08 -1.015e-07 -9.4886e-08 -4.3873e-08 1.0473e-07 1.1744e-07 8.479e-08 1.1031e-07 1.1526e-07 1.1333e-07 1.0825e-07 1.1784e-07 8.8792e-08 2.9048e-08 5.38e-08
9.3609e-08 8.0989e-08 4.0828e-08 -8.7272e-09 2.9112e-08 8.7026e-08 1.1514e-07 1.1487e-07 1.1791e-07 1.1588e-07 1.1626e-07 8.3941e-08 6.7206e-08 8.6655e-08 8.3655e-08 9.2047e-08 2.7021e-08 1.8113e-08 -8.6407e-09 -7.6461e-08 -1.3905e-07 -2.1286e-07 -2.699e-07 -3.2265e-07 -3.8052e-07 -4.208e-07 -4.0149e-07 -1.3861e-08 1.1911e-06 1.5902e-06 6.6722e-07 1.2157e-07 -7.0968e-09 -3.9987e-08 -6.7543e-08 -2.4614e-07 -1.9096e-07 -1.8062e-07 -5.6672e-09 9.2084e-08 7.5129e-08 -2.7299e-07 -8.928e-08 -2.2079e-07 -3.2307e-07 -3.867e-07 -4.1942e-07 -4.2564e-07 -4.2357e-07 -4.1844e-07 -4.1636e-07 -3.5851e-07 -4.083e-07 -2.1364e-07 6.0227e-08 1.0868e-07 1.0204e-07 -3.1874e-08 -7.9554e-09 -3.2123e-08 8.3073e-08 -2.3738e-07 -2.5099e-07 -2.0648e-07 6.027e-08 3.1927e-08 1.0316e-07 1.0089e-07 -5.6382e-08 -6.8539e-09 1.0486e-07 8.6681e-08 1.0833e-07 1.169e-07 1.1791e-07 1.0606e-07 1.1189e-07 9.1678e-08 7.2866e-08 1.1174e-07 1.1405e-07 1.1363e-07 1.1493e-07 1.1492e-07 1.1785e-07 1.178e-07 1.1514e-07 1.1774e-07 1.117e-07 1.1788e-07 1.1514e-07 1.105e-07 9.5373e-08 6.557e-08 1.0159e-07 4.465e-08 1.2964e-08 -3.3613e-08 -6.5023e-08 -6.4235e-08 -7.2398e-08 -1.284e-07 -2.0205e-07 -2.3862e-07 -2.7142e-07 -1.82e-07 -2.6457e-07 -2.6895e-07 -2.8825e-07 -2.9954e-07 -2.9368e-07 -2.7113e-07 -3.2996e-07 -2.7468e-07 -2.9235e-07 -2.5408e-07 -2.5345e-07 -1.0767e-07 -7.137e-08 -9.6457e-08 -8.6062e-08 -3.5793e-08 -6.6569e-08 -6.7622e-08 -1.2448e-07 -3.405e-08 -2.0841e-08 -1.5958e-08 -5.6026e-08 -9.6818e-08 -2.7788e-07 -3.1259e-07 -3.5223e-07 -2.7729e-07 -3.0009e-07 -2.6711e-07 -3.2605e-07 -3.0103e-07 -1.8936e-07 -1.8339e-07 -9.0782e-08 -1.1274e-07 -8.7856e-08 -1.047e-07 -9.2876e-08 -1.0727e-07 -1.7589e-07 -2.0605e-07 -2.1634e-07 -2.0245e-07 -2.109e-07 -2.4831e-07 -1.7421e-07 -2.5926e-07 -1.0167e-07 -1.0549e-07 -1.997e-07 -1.9654e-07 -1.3283e-07 -1.1138e-07 -1.6497e-07 -1.4385e-07 -2.1493e-07 -2.3829e-07 -1.7744e-07 -2.2177e-09 5.9182e-09 3.5401e-08 8.3832e-08 1.1786e-07 1.1374e-07 1.0069e-07 9.5372e-08 1.0199e-07 1.0547e-07 9.459e-08 8.3022e-08 1.0232e-07 8.4472e-08 1.0354e-07
8.7361e-08 1.1144e-07 8.0163e-08 7.6757e-08 1.0952e-07 1.0614e-07 1.17e-07 1.1217e-07 1.1786e-07 1.1776e-07 1.1619e-07 1.1412e-07 1.156e-07 9.3687e-08 1.0774e-07 1.0119e-07 9.1879e-08 4.8856e-08 1.9209e-08 -4.182e-08 -1.1535e-07 -1.7256e-07 -2.5852e-07 -3.2283e-07 -3.9318e-07 -4.2387e-07 -3.9866e-07 -8.3331e-08 1.1373e-06 3.1227e-06 1.9344e-06 1.2914e-07 2.8216e-08 2.343e-08 5.546e-08 -1.5101e-07 -1.298e-07 -4.1652e-08 1.2753e-07 2.2688e-07 3.9557e-08 -7.7756e-08 -5.9709e-08 -2.0357e-07 -2.9591e-07 -3.6056e-07 -4.1793e-07 -4.2412e-07 -4.2563e-07 -4.2199e-07 -4.2456e-07 -3.9062e-07 1.1558e-07 9.0716e-08 -3.5664e-08 -3.6229e-08 1.0363e-07 -4.1961e-07 -4.0865e-07 -4.1183e-07 -3.5371e-07 -3.2704e-07 -2.8261e-07 -2.4531e-07 -1.5981e-07 -1.8124e-07 -1.4234e-07 1.0468e-07 1.0718e-08 2.6364e-08 -2.4706e-08 1.1679e-07 -2.5741e-08 1.0027e-07 1.1627e-07 7.2581e-08 7.0587e-08 9.7968e-08 8.2053e-08 7.7542e-08 1.1044e-07 1.1017e-07 1.0722e-07 1.1303e-07 1.111e-07 1.145e-07 1.033e-07 1.1709e-07 1.1531e-07 1.1755e-07 1.1757e-07 1.1643e-07 1.0032e-07 8.5463e-08 5.9648e-08 5.6505e-08 6.5744e-08 1.3851e-08 -2.2538e-07 -1.5212e-07 -6.325e-08 -5.0156e-08 -1.4938e-07 -1.9734e-07 -2.1636e-07 -2.7179e-07 -2.7815e-07 -2.6565e-07 -3.0046e-07 -2.945e-07 -2.1802e-07 -2.7691e-07 -2.6217e-07 -3.0639e-07 -2.6854e-07 -2.446e-07 -2.5449e-07 -2.1538e-07 -1.452e-07 -1.8469e-07 -1.5675e-07 -1.052e-07 -1.1344e-07 -1.3125e-07 -1.9109e-07 -3.4078e-08 -5.4323e-08 -5.0018e-09 -5.4837e-08 -6.093e-08 -1.1388e-07 -2.5875e-07 -3.4027e-07 -3.1142e-07 -3.1829e-07 -2.3083e-07 -2.9005e-07 -2.1565e-07 -1.5048e-07 -1.4487e-07 -6.335e-08 -7.987e-08 -1.1061e-07 -9.2327e-08 -8.7607e-08 -9.4516e-08 -1.1953e-07 -1.0849e-07 -1.6038e-07 -1.65e-07 -1.876e-07 -2.5506e-07 -3.1373e-07 -2.3944e-07 -2.5024e-07 -2.0491e-07 -1.3007e-07 -1.0912e-07 -1.5692e-07 -6.6202e-08 -1.2506e-07 -2.9836e-08 1.8958e-08 -4.0442e-08 -5.6469e-09 1.1729e-07 2.3406e-08 8.1617e-08 1.0437e-07 1.1635e-07 1.0927e-07 1.0612e-07 8.1531e-08 8.939e-08 7.5331e-08 6.4127e-08 6.3164e-08 1.1235e-07 1.0226e-07 1.17e-07
1.1556e-07 1.17e-07 1.1766e-07 1.0025e-07 7.7708e-08 1.1594e-07 1.1101e-07 1.1787e-07 1.105e-07 1.0424e-07 1.1787e-07 1.1637e-07 1.1665e-07 1.1381e-07 1.143e-07 1.0128e-07 1.0153e-07 7.3972e-08 4.8599e-08 -1.5691e-08 -6.828e-08 -1.5637e-07 -2.2276e-07 -3.0568e-07 -3.737e-07 -4.2004e-07 -4.1303e-07 -3.3431e-07 8.6937e-07 5.2196e-06 5.2418e-06 6.5724e-07 7.4797e-08 7.3042e-08 4.6842e-08 9.121e-08 -5.8279e-08 1.6875e-08 3.663e-09 1.2134e-07 6.8653e-08 -1.3914e-07 -4.126e-07 -3.6286e-07 -4.257e-07 -3.6788e-07 -4.1562e-07 -4.2429e-07 -4.2509e-07 -4.1127e-07 1.1194e-07 3.0399e-08 3.995e-08 -3.4203e-08 9.6108e-08 -4.2507e-07 -3.9203e-07 -3.1378e-07 -4.2492e-07 -3.6161e-07 -3.2914e-07 -3.0644e-07 -1.7968e-07 -2.1183e-07 -1.2314e-07 -8.207e-08 1.1712e-07 3.9768e-08 5.5092e-08 8.577e-08 -2.6884e-08 -2.7403e-08 -3.3047e-08 -1.4619e-09 2.6066e-08 6.8085e-08 1.0961e-07 9.2394e-08 8.9089e-08 2.8402e-08 7.7121e-08 1.1176e-07 1.0344e-07 1.012e-07 1.057e-07 1.0333e-07 8.8592e-08 1.1563e-07 1.1401e-07 1.1399e-07 1.0466e-07 1.1332e-07 1.1305e-07 1.0902e-07 8.4212e-08 4.7221e-08 5.8695e-08 2.2464e-08 -9.3275e-08 -1.1239e-07 -5.3791e-08 -8.7637e-08 -1.7243e-07 -1.41e-07 -1.4924e-07 -2.2397e-07 -2.7384e-07 -2.1315e-07 5.4141e-09 5.6053e-08 -2.5972e-07 -1.9154e-07 -2.3846e-07 -2.1974e-07 -2.2933e-07 -2.5359e-07 -2.4941e-07 -2.3348e-07 -1.8663e-07 -1.7499e-07 -1.7189e-07 -2.1249e-07 -1.7264e-07 -2.0597e-07 -2.1234e-07 -1.9123e-07 -1.3709e-07 -6.6743e-08 -5.4648e-08 -5.5109e-08 -1.228e-07 -1.9708e-07 -3.3662e-07 -2.0854e-07 -2.0627e-07 -3.0197e-07 -1.5636e-07 -1.0665e-07 -2.165e-07 -1.313e-07 -6.6254e-08 -5.7816e-08 -2.9628e-08 -6.7428e-08 -6.6865e-08 -1.0771e-07 -1.2499e-07 -4.629e-08 -6.6397e-08 -1.442e-07 -2.7841e-07 -2.4011e-07 -3.1158e-07 -1.8747e-07 -1.0667e-07 -1.3861e-07 -9.5956e-08 -1.6401e-08 -9.5332e-08 -4.4189e-08 2.9026e-08 1.1711e-07 1.1288e-07 1.0942e-07 1.0618e-07 1.1284e-07 1.1467e-07 1.1785e-07 1.1156e-07 1.0875e-07 9.9247e-08 8.6538e-08 7.2203e-08 2.2443e-08 4.5657e-08 4.9991e-08 1.0984e-07 -5.0714e-08 1.0465e-07 1.1297e-07
1.0911e-07 1.1199e-07 1.1612e-07 1.1613e-07 3.8417e-08 6.2532e-08 1.0147e-07 9.568e-08 5.8842e-08 8.484e-08 9.5685e-08 1.1232e-07 1.1755e-07 1.1784e-07 1.1791e-07 1.1734e-07 1.1788e-07 1.0175e-07 7.1921e-08 2.7018e-08 -3.6199e-08 -1.1546e-07 -1.8732e-07 -2.8437e-07 -3.5803e-07 -4.0464e-07 -4.2569e-07 -4.0606e-07 4.8731e-07 3.2369e-06 2.3244e-06 1.0207e-06 2.0659e-07 1.0438e-07 4.0756e-08 -3.4355e-08 1.2512e-07 1.179e-07 -3.8593e-08 1.1601e-07 -4.1678e-07 -4.0108e-07 -2.0269e-07 -2.2933e-07 -3.2997e-07 -2.5335e-07 -2.5559e-07 1.1303e-07 1.1705e-07 6.41e-09 -3.1044e-07 -4.2369e-07 -9.7109e-08 -2.6052e-08 1.1791e-07 1.0821e-07 8.1574e-08 -2.2162e-07 -3.7906e-07 -3.0276e-07 -2.8222e-07 -2.7655e-07 -2.2389e-07 -1.9026e-07 6.8768e-08 8.7936e-08 7.2275e-08 1.0423e-07 -6.5022e-08 -2.7956e-08 8.8356e-08 -2.941e-08 -2.691e-08 -6.4686e-09 -2.1822e-08 -1.5327e-09 3.3503e-08 1.0317e-07 1.0563e-07 8.9302e-08 8.3052e-08 9.4643e-08 8.9845e-08 1.0743e-07 1.0225e-07 1.0869e-07 1.1509e-07 1.1761e-07 1.1791e-07 1.1699e-07 1.1788e-07 1.159e-07 1.1289e-07 1.0854e-07 1.069e-07 1.1062e-07 1.1078e-07 5.5883e-08 -3.2591e-08 -2.1582e-09 -1.7053e-07 -1.8012e-07 -1.4785e-07 -1.3873e-07 -2.6468e-07 -1.827e-07 -1.5354e-07 -2.1074e-07 -2.1468e-07 -2.0689e-07 -1.679e-07 -1.7365e-07 -1.4437e-07 -2.6962e-07 -2.5592e-07 -2.533e-07 -2.5463e-07 -1.6067e-07 -1.5085e-07 -1.8625e-07 -2.4992e-07 -2.7966e-07 -2.5989e-07 -2.977e-07 -2.2795e-07 -1.3221e-07 -1.7534e-07 -1.4441e-07 -5.8156e-08 -5.6733e-08 -7.9268e-08 -1.0235e-07 -2.8447e-07 -2.9833e-07 -2.2941e-07 -1.8192e-07 -1.7831e-07 -1.5726e-07 -1.8281e-07 -1.1196e-07 -5.5963e-08 -6.6234e-08 -9.6002e-09 -1.7647e-08 -2.7878e-08 -1.7775e-08 5.6232e-09 3.3673e-09 -2.7026e-09 4.136e-08 -3.0875e-07 -3.2836e-07 -3.0496e-07 -1.8739e-07 -2.6499e-07 -3.063e-08 1.1687e-07 7.5702e-08 8.232e-08 7.6583e-08 1.1721e-07 1.1346e-07 1.165e-07 1.1786e-07 9.6735e-08 7.2925e-08 9.3078e-08 7.6451e-08 7.3526e-08 7.7558e-08 7.4048e-08 7.5443e-08 6.0556e-08 3.9346e-08 2.246e-08 2.1532e-08 6.3289e-08 8.6057e-08 9.3878e-08 1.0844e-07
1.0449e-07 9.5909e-08 8.5919e-08 9.0403e-08 1.0716e-07 3.2657e-08 3.9823e-08 4.1725e-08 2.8255e-08 7.6529e-08 9.715e-08 1.1786e-07 1.1413e-07 1.0775e-07 9.4111e-08 8.2972e-08 8.318e-08 1.1028e-07 8.8567e-08 8.5959e-08 2.6075e-08 -4.145e-08 -1.2529e-07 -2.3051e-07 -3.083e-07 -3.7417e-07 -4.1418e-07 -4.1719e-07 -2.8768e-07 1.8479e-07 8.6992e-07 7.2278e-07 2.0365e-07 1.4761e-07 1.0355e-08 -7.4476e-08 -6.7921e-08 -3.0782e-07 -1.5055e-07 4.547e-08 -7.3013e-08 -1.6105e-07 -2.6465e-07 -1.0518e-07 -3.8478e-07 -9.0133e-09 -3.5273e-07 -2.303e-07 -3.8573e-07 -4.2531e-07 -4.1866e-07 -9.1339e-08 1.1311e-07 1.1791e-07 9.0023e-08 -4.2425e-07 -4.1056e-07 -2.7976e-07 1.1791e-07 1.1658e-07 -2.407e-07 -2.1313e-07 -1.8876e-07 -1.7992e-07 -3.8711e-08 -1.1525e-07 2.6067e-08 -5.8545e-08 -4.353e-08 1.0017e-08 9.023e-08 1.1522e-07 1.5805e-08 1.1734e-07 1.1672e-07 1.6141e-08 -7.803e-09 1.2762e-08 1.1612e-07 1.0877e-07 3.7361e-08 6.9631e-08 7.6427e-08 9.0216e-08 9.6721e-08 1.0943e-07 1.1641e-07 1.1598e-07 1.0965e-07 1.1529e-07 1.1769e-07 1.1783e-07 1.1728e-07 1.0699e-07 1.0749e-07 1.1421e-07 1.1093e-07 1.0887e-07 7.8388e-08 8.9276e-08 -3.0432e-08 -2.1436e-07 -1.8045e-07 -1.455e-07 -8.2313e-08 -1.4118e-07 -1.633e-07 -1.7737e-07 -1.5442e-07 -1.8819e-07 -7.6626e-08 -6.1406e-08 -9.304e-08 -2.3503e-07 -2.6436e-07 -2.5336e-07 -2.9235e-07 -2.573e-07 -2.9657e-07 -2.0272e-07 -2.5514e-07 -1.9458e-07 -2.4185e-07 -2.3785e-07 -1.9239e-07 -2.2883e-07 -1.0483e-07 -1.9042e-07 -8.1017e-08 -6.8833e-08 -9.9784e-08 -2.0328e-07 -1.8092e-07 -2.7258e-07 -1.8734e-07 -1.5942e-07 -8.7254e-08 -1.1158e-07 -9.0993e-08 -6.4241e-08 -8.5818e-08 -3.6395e-08 4.9604e-08 5.8187e-08 3.2726e-08 2.0404e-08 1.0408e-07 7.6838e-08 9.0213e-09 -3.39e-08 -1.4298e-07 -2.2548e-07 -6.8072e-08 -9.3176e-08 -1.122e-07 -5.6515e-09 8.9377e-08 1.1766e-07 -1.2678e-08 8.6164e-08 1.0552e-07 1.1711e-07 1.1688e-07 9.0598e-08 9.0294e-08 5.3389e-08 5.2002e-08 6.0829e-08 6.0927e-08 5.1487e-08 4.5972e-08 4.9079e-08 2.8565e-08 3.0035e-08 3.0453e-08 2.4721e-08 2.1975e-08 4.4507e-08 6.994e-08 9.0443e-08
8.8751e-08 9.3097e-08 7.189e-08 6.7749e-08 8.2942e-08 6.2352e-09 5.1846e-09 1.7468e-08 5.6805e-08 4.0944e-08 1.1132e-07 1.0875e-07 9.1254e-08 3.1834e-08 3.8853e-08 2.4082e-08 1.1515e-07 9.2987e-08 1.1148e-07 1.1621e-07 9.7198e-08 2.0313e-08 -4.8322e-09 -1.181e-07 -2.3778e-07 -3.2347e-07 -3.8202e-07 -4.2561e-07 -4.0367e-07 -2.1589e-07 7.5189e-08 1.4706e-07 2.7194e-07 2.8632e-07 -2.3553e-08 -1.532e-07 -2.3362e-07 -2.7034e-07 -2.7858e-07 -1.8714e-07 -1.3581e-07 -2.7085e-07 -3.3617e-07 -4.1769e-07 -4.2527e-07 -4.2562e-07 -4.0813e-07 -4.0578e-07 -4.1525e-07 -4.2452e-07 -4.2508e-07 -4.2003e-07 -4.2418e-07 -8.0937e-08 -1.9744e-07 -4.0075e-07 -3.414e-07 -2.6766e-07 -2.0967e-07 6.4998e-08 -2.4226e-07 -1.0983e-07 -1.1653e-07 -5.744e-08 -4.4569e-08 -2.2169e-08 1.156e-07 3.6076e-08 5.8576e-08 9.7661e-08 1.1283e-07 1.1776e-07 -2.7933e-08 1.0566e-07 1.1171e-07 3.4505e-08 6.5889e-08 4.9919e-08 9.684e-08 9.0803e-08 7.4613e-08 7.4803e-08 3.7539e-08 6.9032e-08 9.3371e-08 1.0323e-07 9.5817e-08 1.0853e-07 1.0965e-07 1.1257e-07 1.1515e-07 1.1776e-07 1.1761e-07 1.1687e-07 1.1247e-07 1.1027e-07 6.8664e-08 1.0973e-07 1.0922e-07 1.1168e-07 1.243e-08 -9.4661e-08 -1.4132e-07 -1.0873e-07 -5.1739e-08 -1.4347e-07 -1.1992e-07 -8.2756e-08 -9.6704e-08 -9.5941e-08 -4.8767e-08 -4.794e-08 -1.0423e-07 -1.646e-07 -2.0087e-07 -2.7801e-07 -3.2074e-07 -1.0461e-07 -1.4158e-07 -1.926e-07 -2.0908e-07 -1.8481e-07 -2.1644e-07 -1.3742e-07 -2.4594e-07 -1.8316e-07 -2.2617e-07 -9.7108e-08 -8.6024e-08 -4.1394e-08 -1.2562e-07 -9.683e-08 -1.1805e-07 -1.4251e-07 -6.5509e-08 6.376e-08 -1.3143e-07 -4.9425e-09 -3.1427e-08 -8.387e-08 -3.3326e-08 -1.8835e-08 9.0257e-08 9.0444e-08 3.8223e-08 1.1282e-07 1.0128e-07 4.93e-08 -2.13e-09 -5.5192e-08 -1.5804e-07 -1.2224e-07 -1.4244e-07 -1.0417e-07 -5.5875e-08 8.231e-08 8.9008e-08 8.8461e-08 8.3407e-08 1.1032e-07 7.7703e-08 8.722e-08 9.0515e-08 9.6826e-08 8.0271e-08 4.9424e-08 6.5606e-08 8.917e-08 3.0236e-08 2.6021e-08 2.9708e-08 1.9831e-08 1.5705e-08 1.2164e-08 1.2971e-08 1.2208e-08 1.787e-08 2.7704e-08 5.8879e-08 6.4589e-08
5.6283e-08 6.4078e-08 5.8156e-08 3.9953e-08 3.1411e-08 3.9018e-09 2.8015e-09 2.2639e-08 3.438e-08 8.8645e-08 1.1648e-07 9.8e-08 8.0535e-08 3.66e-08 8.4149e-09 6.7812e-08 1.1067e-07 8.8856e-08 9.8318e-08 1.1719e-07 1.1187e-07 9.1412e-08 5.6076e-08 -2.4981e-08 -1.3658e-07 -2.7525e-07 -3.5945e-07 -4.1502e-07 -4.2309e-07 -3.7724e-07 -2.0454e-07 -4.605e-08 5.4284e-07 1.6008e-06 -9.287e-08 -2.081e-07 -2.6691e-07 -3.1587e-07 -3.4099e-07 -3.4628e-07 -3.5266e-07 -4.2072e-07 -4.2558e-07 -4.191e-07 -4.0658e-07 -3.5876e-07 -3.2044e-07 -2.8896e-07 -2.476e-07 -2.0765e-07 -2.6581e-07 -6.6973e-08 5.1711e-08 -3.992e-07 -3.8944e-07 -3.615e-07 -2.4465e-07 -1.8451e-07 -1.661e-07 6.7602e-08 -9.9964e-08 -4.8215e-08 -3.9161e-08 -4.4232e-08 -2.993e-10 1.7701e-08 1.5062e-08 1.159e-07 1.1762e-07 1.1586e-07 7.4219e-08 1.1781e-07 -1.3812e-08 -1.8503e-08 8.0877e-08 7.9865e-08 9.3612e-08 8.9293e-08 8.3892e-08 6.1567e-08 1.7318e-08 3.3961e-08 4.7468e-08 8.6456e-08 8.1761e-08 8.5685e-08 9.7481e-08 1.0863e-07 1.1363e-07 1.1511e-07 1.1342e-07 1.0838e-07 1.1747e-07 1.179e-07 1.1445e-07 1.1077e-07 5.3816e-08 1.0842e-07 1.0751e-07 1.104e-07 1.8111e-08 -1.7716e-08 -5.3621e-08 -9.4269e-08 -4.879e-08 -6.5337e-08 -7.5949e-08 -4.0819e-08 -3.1195e-08 -1.9222e-08 5.5399e-09 1.3037e-10 -1.3174e-07 -1.7819e-07 -1.8362e-07 -2.4215e-07 -2.9052e-07 -1.0074e-07 -1.4225e-07 -1.4951e-07 -1.4339e-07 -2.1814e-07 -2.025e-07 -2.3893e-07 -1.725e-07 -1.5953e-07 -1.2339e-07 -9.4137e-08 1.8914e-08 -1.0432e-08 -7.5527e-08 -1.6313e-07 -8.1259e-08 -5.5126e-08 5.8478e-08 4.8674e-08 1.058e-08 1.1306e-07 -1.8871e-08 -5.0992e-08 -9.37e-09 1.7898e-08 9.8633e-08 1.0275e-07 1.0661e-07 1.1498e-07 1.0993e-07 -7.6298e-09 3.38e-08 -5.0499e-08 -7.3167e-08 -5.5248e-08 6.0513e-08 6.9035e-08 1.0539e-07 9.1508e-08 6.0617e-08 4.3519e-08 6.4345e-08 6.8482e-08 3.265e-08 4.8442e-08 7.6417e-08 7.9115e-08 4.678e-08 6.0274e-08 9.2465e-08 6.1015e-08 3.3084e-08 2.3071e-08 2.0196e-08 1.7533e-08 1.6665e-08 1.1358e-08 9.7634e-09 1.1331e-08 2.3388e-08 2.2118e-08 3.7112e-08 5.0656e-08
4.6773e-08 6.1549e-08 4.0154e-08 1.5198e-08 2.3575e-08 1.3267e-08 2.3007e-09 -6.986e-09 3.0226e-08 7.1982e-08 1.1318e-07 1.1219e-07 4.9631e-08 8.5718e-09 7.2173e-09 3.3587e-08 5.6432e-08 7.3268e-08 1.1642e-07 1.0926e-07 1.1769e-07 1.1768e-07 6.3222e-08 -6.6667e-08 -1.7311e-07 -2.0327e-07 -3.1009e-07 -4.0383e-07 -4.2481e-07 -4.1682e-07 -3.8831e-07 -3.2154e-07 3.4144e-07 2.3212e-06 1.4034e-06 -2.7266e-07 -3.0092e-07 -3.2261e-07 -3.6672e-07 -3.9924e-07 -4.2126e-07 -4.2563e-07 -4.2169e-07 -4.0735e-07 -3.7609e-07 -3.1691e-07 -2.6807e-07 -2.0681e-07 -1.0229e-07 -1.3425e-08 -2.8598e-07 -4.0358e-07 -4.1403e-07 -3.8768e-07 -3.566e-07 -2.7441e-07 -1.9644e-07 -1.1282e-07 -9.8634e-08 -7.9616e-09 -5.6032e-08 -1.5575e-08 8.4762e-08 -1.5634e-08 8.7499e-09 3.2861e-08 9.5665e-09 1.0568e-07 8.9747e-08 1.1276e-07 1.1528e-07 -3.8409e-09 -3.5018e-08 -3.3987e-08 1.0665e-07 9.3461e-08 9.1217e-08 8.3818e-08 1.0461e-07 1.0177e-08 1.0357e-07 1.4974e-08 6.771e-08 9.1999e-08 6.7791e-08 7.3979e-08 9.4976e-08 1.0979e-07 1.0411e-07 1.1389e-07 1.1483e-07 1.1094e-07 1.1673e-07 1.1699e-07 1.1776e-07 1.1358e-07 1.0934e-07 7.753e-08 8.1694e-08 5.6473e-08 5.1526e-08 6.0132e-08 2.3522e-08 6.6574e-08 -3.5813e-08 -7.9553e-08 -6.7011e-08 2.9152e-08 1.6658e-09 -4.3646e-09 -3.8155e-09 -8.7897e-08 -5.3858e-08 -8.8549e-08 -1.7011e-07 -2.048e-07 -1.4176e-07 -1.4408e-07 -2.0011e-07 -1.1852e-07 -1.5686e-07 -1.8595e-07 -1.6876e-07 -1.6225e-07 -1.6374e-07 -1.4148e-07 -1.0425e-07 -5.1852e-08 -3.9626e-08 -1.6606e-09 7.151e-08 4.2736e-08 1.0017e-07 9.7247e-08 1.0688e-07 9.9232e-08 6.8026e-08 6.0338e-08 8.7328e-08 4.8135e-08 1.0118e-07 1.062e-07 1.1756e-07 1.1724e-07 1.1791e-07 1.069e-07 4.1273e-08 3.083e-08 4.1409e-08 -1.1852e-08 3.3298e-08 9.1479e-08 1.1235e-07 1.0105e-07 9.6549e-08 8.8271e-08 5.8282e-08 4.0919e-08 4.9588e-08 3.4116e-08 4.6839e-08 4.6784e-08 5.8846e-08 3.8564e-08 4.2709e-08 5.6856e-08 7.5043e-08 3.8984e-08 2.8501e-08 2.4186e-08 1.9381e-08 1.5614e-08 1.5388e-08 1.2861e-08 1.1685e-08 1.1559e-08 1.035e-08 1.5812e-08 2.1772e-08 3.1397e-08
9.2719e-09 1.6657e-08 1.2842e-08 5.3066e-09 -2.1778e-09 -5.212e-09 -2.8841e-09 2.5147e-09 1.0218e-08 7.0731e-08 8.7271e-08 8.0541e-08 4.6087e-09 -3.6292e-09 -1.8447e-09 1.2308e-08 2.6097e-08 1.0694e-07 1.1338e-07 9.0047e-08 1.0574e-07 1.0497e-07 2.9272e-08 -1.0483e-07 -2.3042e-07 -8.8917e-08 -2.311e-07 -4.2515e-07 -4.2517e-07 -4.257e-07 -4.2474e-07 -4.257e-07 -4.1362e-07 4.8189e-07 -1.1192e-07 -3.2476e-07 -2.843e-07 -3.0515e-07 -3.7489e-07 -4.1239e-07 -4.2536e-07 -4.2448e-07 -4.1945e-07 -4.2013e-07 -3.297e-07 -2.6501e-07 -1.7742e-07 -1.1355e-07 -4.728e-08 7.6515e-08 8.1667e-08 -1.8989e-07 -2.9224e-07 -2.5478e-07 -1.8682e-07 -1.1923e-07 -7.3728e-08 -5.0546e-08 -3.4497e-08 2.2556e-08 1.4297e-08 -1.271e-08 -6.3614e-08 9.2006e-08 1.0517e-07 5.9017e-08 7.8257e-08 1.1461e-07 1.1658e-07 1.1574e-07 1.1085e-07 9.9112e-08 -2.3176e-08 -2.8011e-08 -9.4982e-09 1.618e-08 5.7764e-09 2.2903e-08 4.1153e-08 4.1551e-08 8.5736e-08 9.6128e-08 6.5446e-08 8.2368e-08 9.1529e-08 6.532e-08 9.9847e-08 1.1322e-07 1.0837e-07 1.0937e-07 1.0368e-07 1.1049e-07 1.1331e-07 1.1669e-07 1.179e-07 1.1483e-07 1.1346e-07 9.7469e-08 1.0782e-07 9.2817e-08 9.2433e-08 9.2498e-08 9.1055e-08 6.3203e-08 6.377e-08 -3.7351e-08 1.4708e-08 7.5117e-08 1.0895e-07 -1.0563e-08 1.2435e-08 -3.8373e-08 -1.1584e-07 -1.2306e-07 -1.5118e-07 -6.7103e-08 -1.0787e-07 -1.0885e-07 -1.6903e-07 -1.113e-07 -1.4465e-07 -1.7171e-07 -1.7628e-07 -1.4997e-07 -1.4591e-07 -1.2952e-07 -7.9941e-08 -4.8548e-08 1.3449e-09 2.3495e-08 1.1565e-07 1.1114e-07 9.1812e-08 7.8517e-08 3.8955e-08 8.3813e-08 1.1161e-07 1.0434e-07 8.9471e-08 1.1195e-07 1.1375e-07 1.1791e-07 1.1669e-07 1.1785e-07 1.171e-07 8.7977e-08 8.1314e-08 6.0973e-08 4.1116e-08 -1.1536e-08 1.0823e-07 9.0075e-08 9.7803e-08 1.0836e-07 1.0327e-07 6.244e-08 4.9278e-08 3.8171e-08 3.4561e-08 2.7394e-08 5.1583e-08 2.876e-08 3.6916e-08 3.1004e-08 3.4304e-08 4.9895e-08 4.334e-08 3.1189e-08 2.7292e-08 2.4746e-08 2.3371e-08 1.7603e-08 1.5162e-08 1.4341e-08 1.4656e-08 1.226e-08 1.0695e-08 9.0753e-09 7.6075e-09 6.6758e-09
1.0313e-08 2.9805e-09 -1.066e-08 2.4437e-09 -7.4357e-09 -8.3059e-09 -4.7202e-09 -3.0599e-09 3.2204e-09 3.0769e-08 4.7343e-08 5.6667e-08 -4.5487e-09 -1.1064e-08 -1.114e-08 -4.1591e-09 5.6662e-08 1.1522e-07 6.1921e-08 7.6316e-08 1.1429e-07 5.7289e-08 -5.092e-08 -1.3539e-07 -7.7302e-08 -5.5076e-08 -1.0322e-07 -3.2111e-07 -4.2569e-07 -4.2533e-07 -4.2479e-07 -4.099e-07 -3.9193e-07 -4.1306e-07 -4.178e-07 -3.7026e-07 -2.4958e-07 -2.089e-07 -3.8853e-07 -4.2305e-07 -4.2398e-07 -4.1733e-07 -4.1206e-07 -4.2182e-07 -3.0063e-07 -1.6584e-07 -9.0558e-08 -3.6302e-08 3.3004e-08 1.0576e-07 1.1675e-07 -9.8345e-08 -1.0321e-07 -4.2645e-08 -4.2909e-09 3.151e-08 2.1257e-08 2.8813e-08 3.7577e-08 6.268e-08 9.8844e-08 4.211e-08 -2.4787e-08 9.0371e-09 5.2661e-08 1.0379e-07 1.158e-07 1.1777e-07 1.1789e-07 1.0727e-07 7.5889e-08 -1.2146e-08 7.3362e-08 1.5286e-08 -2.6244e-08 -1.0892e-08 2.6578e-08 7.5423e-08 8.7206e-08 8.3875e-08 9.8609e-08 7.8666e-08 9.2814e-08 8.3797e-08 6.0886e-08 8.6277e-08 9.0783e-08 1.1039e-07 1.0624e-07 1.1023e-07 1.1261e-07 1.1174e-07 1.179e-07 1.1781e-07 1.1745e-07 1.1706e-07 1.1622e-07 1.1659e-07 1.1176e-07 9.5708e-08 9.6214e-08 9.3326e-08 8.3647e-08 9.129e-08 8.1576e-08 7.7476e-08 8.4441e-08 7.1802e-08 8.2553e-08 -4.21e-08 -1.0812e-08 -1.6101e-07 -1.2334e-07 -1.4514e-07 -1.0335e-07 -1.3661e-07 -1.3037e-07 -1.0098e-07 -1.1595e-07 -1.1808e-07 -1.4333e-07 -1.6609e-07 -1.8503e-07 -1.7403e-07 -6.2381e-08 -1.1327e-07 -8.3069e-08 -2.5459e-08 3.3979e-08 9.3845e-08 1.1197e-07 -2.3036e-08 -2.7426e-08 -2.7522e-08 -2.6269e-08 -1.9362e-08 9.4473e-09 1.0253e-07 1.1528e-07 1.1709e-07 1.177e-07 1.1027e-07 1.1553e-07 1.1724e-07 1.1776e-07 9.8403e-08 7.9936e-08 8.4733e-08 1.1245e-08 2.7136e-08 9.2455e-08 9.9139e-08 8.6694e-08 8.3042e-08 7.2306e-08 6.7591e-08 4.4126e-08 3.5466e-08 2.8939e-08 2.7736e-08 3.1377e-08 3.4925e-08 2.9862e-08 3.0364e-08 2.9992e-08 3.0653e-08 3.0684e-08 3.2116e-08 2.7303e-08 2.6754e-08 2.6741e-08 2.1831e-08 1.8705e-08 1.697e-08 1.5737e-08 1.2729e-08 1.024e-08 9.0153e-09 7.1942e-09 4.7724e-09
6.2677e-09 1.8485e-09 -1.4137e-09 -2.7915e-09 -7.3537e-09 -8.6485e-09 -8.1652e-09 -7.0892e-09 -3.2924e-09 1.1303e-08 3.321e-08 7.9485e-09 -1.1837e-08 -1.5563e-08 -1.6588e-08 -6.1875e-09 6.9175e-08 2.9392e-08 3.6957e-08 7.2987e-08 1.17e-07 7.3524e-08 8.5618e-08 5.0839e-08 2.4352e-08 1.4476e-08 -4.954e-08 -2.0851e-07 -4.1771e-07 -4.2306e-07 -4.2479e-07 -3.8075e-07 -3.5157e-07 -3.7782e-07 -4.195e-07 -4.0903e-07 8.0889e-09 1.4107e-08 -4.1939e-07 -4.2472e-07 -4.1633e-07 -4.0685e-07 -3.986e-07 -3.7583e-07 -2.108e-07 -1.3525e-07 -7.08e-08 -1.8135e-09 5.6104e-08 1.0001e-07 1.1733e-07 1.1788e-07 2.0698e-08 1.4905e-08 1.4139e-08 2.1115e-08 4.6267e-08 6.8078e-08 8.5151e-08 9.6696e-08 1.0218e-07 8.0866e-08 1.1468e-08 7.9147e-08 1.1243e-07 1.1691e-07 1.1675e-07 1.1391e-07 1.1099e-07 9.5943e-08 6.3463e-08 -1.4681e-08 -2.9683e-08 -1.3927e-08 -2.586e-08 6.6836e-08 7.4421e-08 8.2876e-08 3.3218e-08 2.4182e-08 4.0785e-08 8.3767e-08 7.7793e-08 7.0953e-08 8.5341e-08 1.0211e-07 1.0137e-07 1.1101e-07 1.0536e-07 1.1408e-07 1.1065e-07 1.1371e-07 1.1502e-07 1.1086e-07 1.1726e-07 1.1529e-07 1.1175e-07 1.1724e-07 1.065e-07 8.25e-08 8.2498e-08 8.8683e-08 9.7968e-08 8.5422e-08 7.757e-08 9.8747e-08 4.3661e-08 1.1224e-07 8.333e-08 9.1382e-08 3.37e-08 -4.5713e-08 -7.359e-08 -1.6679e-07 -1.4658e-07 -1.2562e-07 -1.4445e-07 -1.157e-07 -1.1438e-07 -1.0762e-07 -1.5027e-07 -1.3734e-07 -1.8011e-07 -7.2982e-08 7.1447e-09 -1.3079e-07 -8.0141e-08 -8.9416e-09 9.4095e-08 9.9784e-08 -2.0216e-08 -3.0038e-08 -2.8852e-08 -2.8346e-08 -2.8189e-08 -2.5947e-08 -2.4704e-08 -5.7279e-09 9.819e-08 1.0097e-07 9.5706e-08 1.0692e-07 1.176e-07 1.1653e-07 9.9193e-08 6.5436e-08 7.9087e-08 1.0948e-07 8.7842e-08 8.4985e-08 1.0153e-07 7.6307e-08 6.9148e-08 5.8176e-08 4.8492e-08 5.442e-08 3.2705e-08 2.7505e-08 3.2424e-08 2.6945e-08 2.4636e-08 3.2767e-08 3.0329e-08 3.1417e-08 2.8456e-08 2.8819e-08 3.1407e-08 3.161e-08 3.2554e-08 3.1877e-08 3.0124e-08 3.5436e-08 2.2918e-08 1.8575e-08 2.0394e-08 1.2507e-08 8.6361e-09 6.6441e-09 5.4972e-09 3.4131e-09
1.112e-09 -4.9193e-09 6.8507e-09 2.66e-09 -9.0888e-09 -8.3194e-09 -9.0229e-09 -7.3205e-09 -1.1766e-08 4.8241e-09 2.2183e-08 -8.6858e-09 -1.7193e-08 -1.9085e-08 -1.7872e-08 5.5875e-09 2.7458e-08 6.0508e-09 4.1317e-08 1.0416e-07 1.1232e-07 1.179e-07 1.1635e-07 1.0853e-07 9.0766e-08 5.198e-08 -1.7649e-09 -1.8339e-07 -4.2409e-07 -4.2538e-07 -4.0322e-07 -3.1485e-07 -3.1673e-07 -2.8469e-07 -3.4795e-07 -4.2518e-07 2.518e-07 1.3482e-06 -3.6648e-07 -4.1608e-07 -4.0759e-07 -3.9147e-07 -3.7004e-07 -3.2455e-07 -2.2495e-07 -1.3274e-07 -5.6374e-08 1.5725e-08 6.026e-08 1.0312e-07 1.1748e-07 1.1791e-07 1.1459e-07 5.4526e-08 4.4498e-08 4.6276e-08 6.5019e-08 8.4741e-08 9.6985e-08 1.0892e-07 1.1571e-07 1.1142e-07 1.0075e-07 1.0666e-07 1.1403e-07 1.152e-07 9.4457e-08 9.0709e-08 8.4667e-08 4.7706e-08 -1.3723e-08 -1.7312e-08 -1.1911e-08 -2.8443e-08 3.9565e-08 4.3819e-08 3.6174e-08 4.7291e-08 2.1727e-08 7.3207e-08 7.267e-08 7.9911e-08 8.5642e-08 7.727e-08 6.9965e-08 8.7054e-08 9.4832e-08 8.2219e-08 9.5226e-08 9.371e-08 1.0853e-07 1.122e-07 1.1653e-07 1.1446e-07 1.1775e-07 1.0971e-07 1.1727e-07 1.1242e-07 1.0913e-07 1.1326e-07 1.1251e-07 6.9362e-08 3.6814e-08 2.3711e-08 9.2692e-08 1.0498e-07 1.0951e-07 6.4889e-08 5.3683e-08 2.897e-08 1.8301e-08 2.1382e-08 -1.4104e-08 1.6281e-08 -4.3448e-08 -9.8075e-08 -1.2659e-07 -1.1804e-07 -1.178e-07 -1.6971e-07 -1.3297e-07 -1.4654e-07 -2.0089e-07 4.6081e-08 -1.0767e-07 -1.3065e-07 -5.2762e-08 3.6844e-08 1.1502e-07 3.4259e-08 -2.5282e-08 -3.0799e-08 -3.0975e-08 -3.0445e-08 -2.9102e-08 -2.7901e-08 -2.6421e-08 -2.0669e-08 5.4267e-09 4.9058e-08 7.5362e-08 7.6308e-08 1.1771e-07 1.1406e-07 1.132e-07 1.0851e-07 1.1747e-07 1.1094e-07 1.1631e-07 1.1589e-07 8.5639e-08 5.7212e-08 3.9079e-08 5.81e-08 3.4099e-08 2.4045e-08 3.1291e-08 3.2663e-08 3.9801e-08 3.7964e-08 7.8125e-09 4.57e-08 4.9409e-08 4.2734e-08 3.3935e-08 2.9874e-08 4.003e-08 3.6184e-08 4.5026e-08 4.221e-08 4.1732e-08 2.5408e-08 2.3902e-08 1.8132e-08 2.2922e-08 1.2995e-08 8.7518e-09 5.6936e-09 3.5559e-09 3.7698e-09
-2.6542e-09 -2.0821e-09 -1.6188e-09 -1.5218e-09 -1.1986e-08 -1.2166e-08 -1.438e-08 -1.3056e-08 -1.841e-08 -1.5244e-08 -9.677e-09 -2.0886e-08 -2.2158e-08 -2.1127e-08 -1.9405e-08 -1.7165e-08 3.0802e-09 1.8527e-09 4.2363e-08 8.823e-08 1.0319e-07 1.116e-07 1.1789e-07 1.101e-07 8.6508e-08 5.6394e-08 -2.1262e-08 -1.8895e-07 -3.1609e-07 -2.7042e-07 -2.8006e-07 -2.8124e-07 -2.7686e-07 -2.7417e-07 -2.5612e-07 -2.7608e-07 -7.4062e-09 5.6839e-06 3.0438e-06 -4.1681e-07 -3.9679e-07 -3.7552e-07 -3.4387e-07 -2.9325e-07 -2.2447e-07 -1.2213e-07 -2.7242e-08 2.9744e-08 7.9112e-08 1.0261e-07 1.1633e-07 1.1781e-07 1.1791e-07 8.1034e-08 6.7694e-08 6.5945e-08 8.1727e-08 9.7828e-08 1.0487e-07 1.128e-07 1.1691e-07 1.0608e-07 9.8716e-08 1.1785e-07 1.1366e-07 1.0073e-07 6.6123e-08 4.4765e-08 2.6862e-08 3.9258e-08 -2.825e-08 -2.2154e-08 4.3033e-08 -2.9357e-08 -1.237e-08 4.7763e-08 -1.7014e-08 6.131e-08 7.4059e-08 5.4898e-08 7.6837e-08 8.3267e-08 9.3318e-08 9.8364e-08 8.6479e-08 8.164e-08 6.9489e-08 8.2057e-08 8.7609e-08 9.3416e-08 1.0768e-07 1.1081e-07 1.0988e-07 1.101e-07 1.0321e-07 1.1776e-07 1.1203e-07 1.1237e-07 1.1526e-07 1.1687e-07 1.1292e-07 1.1099e-07 8.8589e-08 3.0817e-08 1.0391e-07 9.7068e-08 1.105e-07 9.5564e-08 1.1674e-07 1.6947e-08 5.2443e-08 4.4839e-08 3.6402e-08 6.3235e-08 1.763e-08 -7.0791e-08 -1.2738e-07 -7.7475e-08 -3.6289e-08 -1.4021e-07 -1.0369e-07 -1.2287e-07 -1.6363e-07 -1.8582e-07 -1.5205e-07 -6.5951e-08 5.045e-09 7.9729e-08 1.1169e-07 1.0749e-08 -3.075e-08 -3.1605e-08 -3.221e-08 -3.0599e-08 -2.8231e-08 -2.8014e-08 -2.5177e-08 -2.2954e-08 -7.8233e-09 3.1535e-08 5.2773e-08 1.167e-07 1.0801e-07 1.1499e-07 1.1782e-07 1.0525e-07 8.344e-08 6.9484e-08 6.9865e-08 6.4279e-08 4.8343e-08 3.0789e-08 1.5041e-08 1.2494e-08 2.4088e-08 1.7731e-08 2.5009e-08 2.5191e-08 4.3379e-08 5.3133e-08 6.5942e-08 7.9634e-08 7.5215e-08 7.0544e-08 6.218e-08 5.6034e-08 5.4172e-08 5.4533e-08 5.1612e-08 2.6028e-08 8.7604e-08 3.9104e-08 2.6683e-08 2.6133e-08 2.586e-08 8.8834e-09 6.5591e-09 7.6067e-09 3.7984e-08 4.3468e-09
3.3899e-09 -5.7334e-09 1.9039e-08 1.9921e-08 -1.1613e-08 -1.0517e-08 -1.5649e-08 -1.821e-08 -1.9661e-08 -2.1231e-08 -2.3201e-08 -2.503e-08 -2.4781e-08 -2.4099e-08 -2.3031e-08 -1.8178e-08 -1.212e-08 6.2941e-09 9.243e-08 8.6082e-08 9.78e-08 1.1588e-07 1.1741e-07 1.1195e-07 8.2373e-08 3.7777e-08 -1.6703e-08 -9.077e-08 -2.3366e-07 -2.3358e-07 -2.538e-07 -2.556e-07 -2.5532e-07 -2.3792e-07 -2.0356e-07 -1.7424e-07 -2.9334e-07 2.5538e-06 1.3374e-06 -4.1431e-07 -4.1003e-07 -3.512e-07 -3.0241e-07 -2.6116e-07 -3.648e-07 -6.9712e-08 2.9247e-09 4.9998e-08 8.695e-08 1.0266e-07 1.1723e-07 1.1789e-07 1.1775e-07 9.0189e-08 8.1784e-08 8.8424e-08 9.9348e-08 1.0757e-07 1.1179e-07 1.1541e-07 1.1648e-07 1.1762e-07 1.1665e-07 1.1779e-07 1.0442e-07 5.498e-08 3.2159e-08 1.4468e-08 6.9325e-09 -2.3286e-08 -2.6636e-08 -2.2508e-08 9.1017e-09 1.7151e-08 3.3124e-08 -1.4216e-08 2.3135e-08 3.5656e-08 7.5305e-08 9.6857e-08 9.7755e-08 8.1966e-08 9.2214e-08 8.5864e-08 8.7237e-08 8.7615e-08 -2.4916e-08 8.5614e-08 2.1587e-08 9.5222e-08 1.0972e-07 1.0718e-07 1.0694e-07 9.4354e-08 9.9063e-08 1.179e-07 1.1786e-07 1.1725e-07 1.1518e-07 1.1433e-07 1.1619e-07 1.0682e-07 9.5659e-08 1.025e-07 1.0952e-07 1.1522e-07 1.0951e-07 1.1754e-07 1.0905e-07 8.8668e-08 8.3625e-08 1.0744e-07 6.9166e-08 5.7544e-08 3.6803e-08 4.0964e-09 -3.9928e-08 -1.7458e-08 7.9524e-09 -3.9518e-09 -2.5678e-08 -9.6313e-08 -1.1402e-07 -1.0758e-07 -8.8148e-08 -4.3016e-08 3.5597e-08 1.0825e-07 9.1637e-08 4.4042e-09 -3.0859e-08 -3.1289e-08 -3.0846e-08 -2.9715e-08 -2.7949e-08 -2.7506e-08 -2.6095e-08 -2.3982e-08 -1.4225e-08 1.6491e-08 3.5643e-08 8.6758e-08 7.9417e-08 7.2475e-08 7.3791e-08 6.4561e-08 6.6675e-08 3.1573e-08 4.4058e-08 2.2718e-08 1.5497e-08 9.5145e-09 -1.6207e-09 -7.4756e-09 -9.0434e-09 4.2499e-09 8.9793e-09 2.7752e-08 5.7027e-08 9.0025e-08 1.127e-07 1.1744e-07 1.0977e-07 1.0865e-07 9.5607e-08 8.4207e-08 7.8891e-08 6.4156e-08 6.7225e-08 6.3702e-08 5.9975e-08 7.6093e-08 2.7644e-08 2.9314e-08 2.1384e-08 1.9467e-08 8.4864e-09 1.1361e-08 7.7802e-08 2.9814e-08
1.4531e-09 -7.5262e-09 -8.3684e-09 -1.6916e-08 -1.5006e-08 -1.1105e-08 -1.8693e-08 -2.2871e-08 -2.3634e-08 -2.5093e-08 -2.6673e-08 -2.8779e-08 -2.8359e-08 -2.7632e-08 -2.7384e-08 -2.2198e-08 3.9268e-09 3.6379e-08 8.1129e-08 8.3205e-08 1.1791e-07 -3.223e-07 1.8469e-07 4.7295e-07 -3.2947e-07 1.633e-08 -4.1344e-08 -6.2167e-08 -1.1105e-07 -2.0253e-07 -2.1743e-07 -2.3681e-07 -2.3256e-07 -2.1842e-07 -2.0084e-07 -1.8107e-07 -1.7767e-07 -3.6388e-07 -3.8033e-07 -4.1084e-07 -3.9557e-07 -3.271e-07 -2.6406e-07 -2.2003e-07 -1.3493e-07 -1.4439e-08 2.6465e-08 6.5198e-08 8.8437e-08 1.0185e-07 1.1588e-07 1.179e-07 1.1715e-07 9.8173e-08 9.8121e-08 9.6999e-08 1.0475e-07 1.1256e-07 1.157e-07 1.1626e-07 1.1754e-07 1.1752e-07 1.1663e-07 1.1347e-07 4.9865e-08 2.3709e-08 9.0888e-09 -2.6037e-10 -2.3061e-09 -2.1558e-08 -2.8564e-08 -2.471e-08 -1.2001e-08 2.3066e-09 -1.5811e-08 7.8318e-09 1.7552e-08 3.4111e-08 4.9198e-08 5.8178e-08 4.6149e-08 7.9877e-08 1.1393e-07 -7.1719e-10 7.7641e-08 8.5477e-08 8.0354e-08 8.757e-08 8.6332e-08 8.5569e-08 3.6451e-08 7.9292e-08 1.0172e-07 1.0726e-07 1.0638e-07 1.1449e-07 1.129e-07 1.1016e-07 1.071e-07 1.0022e-07 1.0958e-07 1.1129e-07 1.1499e-07 1.1209e-07 1.1546e-07 1.1623e-07 1.1109e-07 1.0535e-07 1.1682e-07 6.2405e-08 9.1803e-08 9.617e-08 1.024e-07 1.0364e-07 5.2576e-08 4.1892e-08 9.62e-09 -2.0123e-08 -4.5639e-09 -3.0384e-09 -3.8817e-08 -1.7567e-08 -5.2338e-08 -3.97e-08 -7.2058e-09 1.4364e-08 6.7282e-08 1.1789e-07 5.6331e-08 -2.9657e-08 -3.0291e-08 -2.8623e-08 -3.0661e-08 -2.9177e-08 -2.7708e-08 -2.6884e-08 -2.5092e-08 -2.3819e-08 -1.6293e-08 5.6496e-09 2.338e-08 3.3113e-08 4.5969e-08 4.9719e-08 5.2847e-08 4.8745e-08 3.9872e-08 2.842e-08 8.4156e-09 3.5752e-09 -3.424e-09 -9.0788e-09 -9.582e-09 -1.3173e-08 -1.4156e-08 -1.2201e-08 3.5189e-09 3.188e-08 7.8933e-08 1.1115e-07 1.1766e-07 1.1201e-07 9.755e-08 1.1167e-07 1.1744e-07 1.0681e-07 9.3639e-08 8.2429e-08 8.0924e-08 7.3313e-08 6.8019e-08 6.4359e-08 4.7158e-08 3.1746e-08 2.8276e-08 2.2435e-08 1.723e-08 2.9095e-09 4.2552e-08 -2.5152e-08
-5.4717e-09 -1.2157e-08 -1.3741e-08 -1.8451e-08 4.9734e-09 -1.806e-08 -1.9521e-08 -2.234e-08 -2.6322e-08 -2.7224e-08 -2.8879e-08 -3.0268e-08 -3.0724e-08 -3.0456e-08 -3.1174e-08 -7.7808e-09 1.9931e-08 2.7082e-08 6.1898e-08 6.04e-08 9.8959e-08 6.6212e-07 4.9976e-06 7.7645e-06 2.4335e-06 -3.5151e-07 -5.1995e-08 -5.8534e-08 -1.1989e-08 -1.0628e-07 -1.6403e-07 -2.1342e-07 -2.2477e-07 -2.1235e-07 -1.9688e-07 -1.7739e-07 -1.7375e-07 -2.1358e-07 -3.7143e-07 -3.8357e-07 -3.2995e-07 -2.9667e-07 -2.5146e-07 -2.0293e-07 -1.2037e-07 -8.409e-09 4.4603e-08 7.739e-08 9.5385e-08 1.0697e-07 1.1343e-07 1.1717e-07 1.178e-07 8.1505e-08 8.5763e-08 1.0924e-07 1.1008e-07 1.1437e-07 1.1588e-07 1.1711e-07 1.1785e-07 1.1721e-07 1.1024e-07 6.8144e-08 4.1125e-08 6.4004e-09 -5.282e-09 -1.5118e-08 -2.3483e-08 -2.5163e-08 -1.9737e-08 -2.5521e-08 -2.2823e-08 -1.5516e-08 -1.9159e-08 -2.798e-09 2.1877e-08 1.7288e-08 2.6759e-08 5.9369e-08 7.3275e-08 9.9443e-08 6.8754e-08 2.9804e-08 8.7432e-08 8.1716e-08 7.9606e-08 -1.6983e-08 8.1663e-08 6.3424e-08 8.1023e-08 8.5418e-08 1.041e-07 1.0818e-07 1.0121e-07 9.3464e-08 1.0018e-07 9.9023e-08 9.9638e-08 8.8473e-08 9.0556e-08 1.016e-07 1.1698e-07 1.1791e-07 1.1198e-07 1.1364e-07 1.1351e-07 1.1506e-07 1.0503e-07 8.5201e-08 1.0143e-07 1.0396e-07 9.1523e-08 7.5496e-08 6.7892e-08 5.6228e-08 2.1257e-08 -9.0733e-08 -2.1503e-08 -3.8811e-12 7.6307e-09 5.5021e-09 -3.5767e-09 8.031e-09 2.0516e-08 4.6966e-08 1.1456e-07 1.1566e-07 4.5246e-08 -2.549e-08 -2.9196e-08 -2.9739e-08 -2.8989e-08 -2.7813e-08 -2.7249e-08 -2.724e-08 -2.5655e-08 -2.1451e-08 -1.6871e-08 -8.344e-09 4.3057e-09 -3.2814e-10 1.0347e-08 1.0417e-08 1.2112e-08 1.3661e-09 -8.3582e-10 -5.4075e-09 -1.0339e-08 -1.401e-08 -1.6798e-08 -1.6778e-08 -1.7388e-08 -2.0605e-08 -1.9101e-08 -1.8619e-08 -9.2717e-09 3.401e-08 7.8405e-08 1.1772e-07 1.0655e-07 7.0218e-08 3.2112e-08 3.3635e-08 8.1371e-08 1.1655e-07 1.0285e-07 9.7823e-08 9.8185e-08 8.8327e-08 7.5601e-08 6.0031e-08 4.4916e-08 3.3454e-08 3.5783e-08 2.246e-08 -1.081e-10 9.8737e-10 7.7392e-09 -7.6789e-09
-5.6424e-09 -1.3644e-08 -1.8486e-08 -2.0224e-08 -2.1841e-08 -1.8758e-08 -2.0059e-08 -2.4165e-08 -2.7736e-08 -2.9136e-08 -3.0506e-08 -3.1902e-08 -3.2307e-08 -3.2416e-08 -3.2854e-08 -1.3419e-08 1.5005e-08 4.2206e-08 1.0234e-07 7.9697e-08 1.1588e-07 5.991e-07 4.8475e-06 6.7161e-06 2.9772e-06 -3.657e-07 1.4097e-09 2.5558e-08 3.307e-08 1.0447e-08 -9.684e-08 -1.8836e-07 -2.3603e-07 -2.4697e-07 -2.4289e-07 -1.9407e-07 -1.6531e-07 -1.7051e-07 -2.5484e-07 -2.8229e-07 -2.6821e-07 -2.5687e-07 -2.411e-07 -2.0581e-07 -1.4751e-07 -4.3179e-08 5.6137e-08 8.4404e-08 1.0289e-07 1.0797e-07 1.1348e-07 1.1637e-07 1.1669e-07 1.1784e-07 8.0311e-08 9.918e-08 1.1058e-07 1.1375e-07 1.1683e-07 1.1719e-07 1.1721e-07 1.1706e-07 9.6064e-08 4.1661e-08 9.8256e-09 -7.7191e-09 -2.1355e-08 -2.424e-08 -2.9056e-08 -2.9208e-08 -3.1238e-08 -2.9071e-08 -2.8141e-08 -2.5465e-08 -2.2979e-08 -3.4119e-09 4.387e-09 2.0529e-09 -1.5376e-08 4.6942e-08 6.6316e-08 7.9863e-08 6.942e-08 6.4495e-08 -1.3886e-08 9.2065e-08 8.3943e-08 9.9256e-08 8.3484e-08 7.7668e-08 7.5868e-08 7.5186e-08 4.5962e-08 9.0895e-08 9.3672e-08 8.6008e-08 9.1927e-08 9.1931e-08 9.3502e-08 8.9052e-08 8.7252e-08 1.0914e-07 2.5471e-08 1.0961e-07 9.9181e-08 1.1778e-07 1.1575e-07 1.1567e-07 1.1506e-07 1.1203e-07 1.0373e-07 9.4267e-08 7.1831e-08 6.5587e-08 6.8546e-08 9.4408e-08 -2.1906e-09 3.4999e-08 -7.6058e-09 4.6254e-08 6.8537e-08 9.0411e-08 1.3727e-08 2.1558e-08 3.4876e-08 6.3729e-08 1.0996e-07 1.004e-07 8.7886e-08 1.2941e-08 -1.9263e-08 -2.8148e-08 -2.6779e-08 -2.6531e-08 -2.6014e-08 -2.4506e-08 -2.4259e-08 -2.3066e-08 -2.0089e-08 -1.7252e-08 -1.6597e-08 -1.6307e-08 -2.0455e-08 -1.6728e-08 -1.7676e-08 -1.6738e-08 -2.0802e-08 -2.1367e-08 -2.1992e-08 -2.4196e-08 -2.5753e-08 -2.4367e-08 -2.7373e-08 -2.6238e-08 -2.579e-08 -2.132e-08 -1.3462e-08 3.3778e-08 9.9841e-08 1.1469e-07 5.1378e-08 -1.8812e-08 -4.3156e-08 5.8639e-09 1.6034e-08 -1.3904e-07 1.1672e-07 1.1086e-07 1.0458e-07 9.5754e-08 8.1005e-08 6.2195e-08 4.5193e-08 3.2742e-08 2.831e-08 9.2744e-09 3.6093e-08 -5.6326e-09 -2.5173e-09 -9.3277e-09
-2.2176e-08 -1.8642e-08 -1.7684e-08 -2.4219e-08 -2.7016e-08 -2.6789e-08 -2.6139e-08 -2.8288e-08 -3.0774e-08 -3.1322e-08 -3.2644e-08 -3.302e-08 -3.3495e-08 -3.3617e-08 -3.3599e-08 -1.3205e-08 1.5673e-08 8.4242e-08 1.0055e-07 6.8232e-08 9.756e-08 -2.0683e-07 8.0439e-07 1.491e-06 2.6987e-07 -7.8945e-08 7.3156e-08 7.2939e-08 6.1325e-08 2.3945e-08 -4.9507e-08 -1.5103e-07 -2.388e-07 -2.7912e-07 -3.0641e-07 -3.1968e-07 -1.7611e-07 -1.7189e-07 -2.039e-07 -2.3027e-07 -2.376e-07 -2.3433e-07 -2.2431e-07 -1.9965e-07 -1.497e-07 -4.941e-08 7.5971e-08 8.2475e-08 9.5354e-08 1.0649e-07 1.071e-07 1.1764e-07 1.1537e-07 1.0898e-07 9.314e-08 9.929e-08 1.0336e-07 1.1167e-07 1.1391e-07 1.1779e-07 1.1728e-07 1.1599e-07 7.2924e-08 3.6741e-08 5.2997e-09 -2.5298e-08 -2.7469e-08 -2.8856e-08 -3.0931e-08 -3.1404e-08 -3.1486e-08 -3.0856e-08 -2.7731e-08 -2.8235e-08 -2.5624e-08 -1.4056e-08 -9.9333e-09 -1.1684e-08 1.1617e-08 4.5849e-08 5.0781e-08 2.7313e-08 5.2703e-08 6.6057e-08 9.2645e-08 7.1289e-08 5.1494e-08 8.1588e-08 7.6986e-08 6.8998e-08 7.825e-08 7.8314e-08 8.7552e-08 9.0558e-08 7.4721e-08 8.2574e-08 8.9656e-08 8.6759e-08 8.7835e-08 8.8152e-08 8.1155e-08 1.0588e-07 1.1473e-07 9.6526e-08 1.1747e-07 1.1387e-07 1.0001e-07 9.3544e-08 1.1584e-07 1.1459e-07 9.0229e-08 7.1868e-08 6.6532e-08 7.7496e-08 8.1931e-08 9.6546e-08 4.4193e-08 4.6496e-08 -1.1913e-07 7.9603e-08 8.6912e-08 8.2249e-08 -2.0929e-08 1.4209e-08 5.8798e-08 6.3518e-08 1.0669e-07 9.487e-08 1.1765e-07 9.8594e-08 2.2825e-08 8.9432e-09 -1.4141e-08 -1.8446e-08 -1.8295e-08 -2.3672e-08 -2.3435e-08 -2.3558e-08 -2.3552e-08 -2.2759e-08 -2.3718e-08 -2.6446e-08 -2.6419e-08 -2.6816e-08 -2.7539e-08 -2.6955e-08 -2.8711e-08 -2.9486e-08 -2.9555e-08 -2.8604e-08 -2.9798e-08 -2.908e-08 -2.9835e-08 -2.782e-08 -2.8852e-08 -2.8764e-08 -2.3257e-08 2.4536e-08 1.0626e-07 9.0393e-08 -4.1575e-08 -8.2573e-08 -1.007e-07 -1.0639e-07 -1.4889e-08 7.7663e-08 1.1578e-07 1.1743e-07 1.1211e-07 9.89e-08 7.8249e-08 6.2583e-08 4.6986e-08 3.6288e-08 1.8012e-08 1.3453e-08 3.7722e-08 -8.8707e-09 -8.9886e-09 -1.3822e-08
-2.1331e-08 -2.3102e-08 -2.452e-08 -2.6982e-08 -2.8295e-08 -2.9944e-08 -3.0861e-08 -3.2182e-08 -3.2862e-08 -3.3118e-08 -3.3714e-08 -3.3818e-08 -3.3981e-08 -3.3929e-08 -3.3977e-08 -1.5733e-08 3.1452e-08 9.415e-08 7.0115e-08 4.6225e-08 4.4109e-08 9.8961e-08 -2.3756e-07 -4.0313e-07 1.5273e-08 1.176e-07 1.02e-07 9.3994e-08 7.6207e-08 9.2609e-09 -6.9187e-08 -1.4872e-07 -2.2256e-07 -2.9633e-07 -3.3239e-07 -3.4345e-07 -2.2606e-07 -1.7075e-07 -1.8551e-07 -2.312e-07 -2.3314e-07 -2.6839e-07 -2.2243e-07 -1.9058e-07 -1.8437e-07 -1.3809e-08 2.9095e-08 6.568e-08 7.8964e-08 9.5175e-08 1.0367e-07 1.1101e-07 1.1755e-07 1.1311e-07 1.1788e-07 1.1024e-07 1.0355e-07 2.5175e-08 4.9909e-08 1.0768e-07 1.1516e-07 1.1778e-07 6.7645e-08 3.3057e-08 2.2697e-10 -2.4872e-08 -2.9879e-08 -3.1157e-08 -3.2593e-08 -3.3133e-08 -3.219e-08 -3.3174e-08 -2.8086e-08 -3.2106e-08 -3.0414e-08 -2.4404e-08 -2.2592e-08 -2.3524e-08 -2.0084e-08 9.2102e-09 4.1997e-08 7.4848e-08 9.3057e-08 7.2732e-08 8.5171e-08 7.7127e-08 7.4184e-08 7.0826e-08 7.2686e-08 8.7062e-08 6.6826e-08 6.309e-08 7.0695e-08 8.0239e-08 6.2831e-08 5.8425e-08 4.2675e-08 1.0087e-07 7.0084e-08 7.3779e-08 8.6948e-08 1.0238e-07 1.1349e-07 1.0247e-07 1.0114e-07 1.0616e-07 1.0652e-07 1.1638e-07 1.1481e-07 1.1791e-07 1.0992e-07 8.7973e-08 8.8381e-08 6.8079e-08 6.5825e-08 7.2408e-08 8.8812e-08 4.3486e-08 -7.9992e-08 7.1375e-08 8.4904e-08 6.109e-08 1.1713e-07 1.1202e-07 5.1719e-08 4.503e-08 8.1938e-08 1.0232e-07 1.0893e-07 1.1622e-07 9.5701e-08 6.557e-08 3.4742e-08 1.12e-08 -8.6484e-09 -1.9751e-08 -2.336e-08 -2.5159e-08 -2.7025e-08 -2.7747e-08 -2.7983e-08 -3.1317e-08 -2.9659e-08 -3.2042e-08 -3.2883e-08 -3.3538e-08 -3.4075e-08 -3.3528e-08 -3.4957e-08 -3.416e-08 -3.4351e-08 -3.3869e-08 -3.3552e-08 -3.3581e-08 -3.3991e-08 -3.2526e-08 -3.1187e-08 1.0608e-08 1.0929e-07 7.8994e-08 -1.573e-08 -9.8048e-08 -1.3338e-07 -3.798e-07 -2.733e-07 -6.6305e-09 1.005e-07 1.1784e-07 1.106e-07 9.8399e-08 7.8e-08 5.9741e-08 3.9332e-08 2.4787e-08 6.9442e-09 1.7983e-08 -3.4182e-09 -8.8186e-09 6.6023e-09 -1.941e-08
-2.4199e-08 -2.5321e-08 -2.4826e-08 -2.9475e-08 -3.1551e-08 -3.156e-08 -3.2655e-08 -3.2885e-08 -3.3175e-08 -3.376e-08 -3.4105e-08 -3.413e-08 -3.4136e-08 -3.4197e-08 -3.4245e-08 -1.8791e-08 4.7812e-08 7.7865e-08 7.0105e-08 8.6603e-08 4.1121e-08 5.5076e-08 5.7808e-08 6.0064e-08 9.5744e-08 1.1712e-07 8.6994e-08 1.0279e-07 5.5925e-08 -2.0465e-08 -1.1237e-07 -1.7103e-07 -2.5065e-07 -3.1038e-07 -3.4121e-07 -3.9233e-07 -3.8772e-07 -1.8965e-07 -1.7486e-07 -2.3385e-07 -2.1707e-07 -2.3149e-07 -2.1386e-07 -3.3055e-07 -1.2852e-07 -8.7175e-09 4.5291e-08 6.173e-08 7.1686e-08 8.2157e-08 6.5312e-08 9.9913e-08 1.034e-07 1.0589e-07 1.0143e-07 1.0558e-07 1.1019e-07 1.0731e-07 9.4359e-08 7.3331e-09 -2.539e-09 9.7549e-08 4.8814e-08 -1.2067e-08 -2.4506e-08 -3.1081e-08 -3.2498e-08 -3.2701e-08 -3.3462e-08 -3.4058e-08 -3.3904e-08 -3.3451e-08 -3.2776e-08 -3.1631e-08 -2.6484e-08 -2.8874e-08 -2.8328e-08 -2.9861e-08 -3.1981e-08 -1.1753e-08 5.1594e-09 5.6016e-08 6.7672e-08 4.9025e-08 4.7398e-08 6.4656e-08 5.6967e-08 6.3963e-08 6.1344e-08 8.0754e-08 6.8248e-08 4.5668e-08 6.4276e-08 6.2677e-08 6.1363e-08 3.3704e-08 5.3137e-08 6.7748e-08 7.8292e-08 6.958e-08 1.048e-07 1.0202e-07 9.1294e-08 1.0136e-07 1.0812e-07 8.0904e-08 9.2651e-08 1.1733e-07 1.0995e-07 1.1513e-07 1.1292e-07 1.1782e-07 1.1677e-07 1.1677e-07 1.1427e-07 7.9926e-08 1.0064e-07 -1.9122e-09 4.2945e-08 -5.0491e-08 1.8525e-08 5.4156e-09 1.4415e-08 5.0653e-08 5.515e-08 6.9722e-08 5.9994e-08 6.0502e-08 1.1321e-07 9.9563e-08 1.0521e-07 6.1985e-08 6.4072e-08 2.9011e-08 -1.145e-08 -2.2808e-08 -2.578e-08 -2.9862e-08 -3.0971e-08 -3.1799e-08 -3.326e-08 -3.3922e-08 -3.4588e-08 -3.5458e-08 -3.6089e-08 -3.6426e-08 -3.6524e-08 -3.6535e-08 -3.6532e-08 -3.6464e-08 -3.6298e-08 -3.6156e-08 -3.6236e-08 -3.5964e-08 -3.5513e-08 -3.4797e-08 -3.2992e-08 -2.9506e-08 7.1045e-08 1.1315e-07 -2.9021e-08 -1.0648e-07 -3.7544e-07 1.5713e-06 -4.0054e-07 -3.0936e-08 1.0267e-07 1.1777e-07 1.1158e-07 9.5261e-08 6.3532e-08 6.3487e-08 3.4426e-08 1.8028e-08 -1.7932e-09 -4.1695e-09 -1.0392e-08 -9.0596e-09 -1.8813e-08 -2.1403e-08
-2.8184e-08 -2.9506e-08 -3.0074e-08 -2.9569e-08 -3.2873e-08 -3.1483e-08 -3.3917e-08 -3.4228e-08 -3.423e-08 -3.426e-08 -3.4337e-08 -3.4362e-08 -3.4277e-08 -3.4239e-08 -3.429e-08 -2.486e-08 3.4721e-08 7.5832e-08 6.898e-08 7.431e-08 8.013e-08 7.1003e-08 1.1372e-07 1.0357e-07 1.0147e-07 1.1402e-07 1.177e-07 7.4401e-08 1.8008e-08 -4.7006e-08 -1.3869e-07 -2.0395e-07 -2.6326e-07 -3.2118e-07 -3.9089e-07 -3.9757e-07 -3.7005e-07 -1.5876e-07 -1.2159e-07 -1.9946e-07 -1.7116e-07 -1.756e-07 -1.6941e-07 -3.3264e-07 -1.9446e-07 -1.4054e-08 3.4116e-08 5.2045e-08 6.2028e-08 4.307e-08 9.6942e-09 2.9107e-08 1.0757e-07 1.1775e-07 1.0998e-07 9.3535e-08 1.0031e-07 7.1257e-08 5.8316e-08 1.2433e-09 4.2529e-08 1.0919e-07 -2.3884e-08 -2.7989e-08 -3.0643e-08 -3.1803e-08 -3.1764e-08 -3.3054e-08 -3.4317e-08 -3.4569e-08 -3.2113e-08 -3.4027e-08 -3.4119e-08 -3.3133e-08 -2.9427e-08 -3.3533e-08 -3.0826e-08 -3.2047e-08 -3.32e-08 -3.2763e-08 -1.0527e-08 5.0451e-09 2.0492e-08 2.9788e-08 2.5861e-08 4.7428e-08 6.2763e-08 6.9819e-08 6.1179e-08 5.973e-08 5.5239e-08 5.1627e-08 5.9852e-08 6.5342e-08 5.569e-08 7.0056e-08 4.9036e-08 5.7529e-08 8.7659e-08 1.0371e-07 4.8376e-08 1.09e-07 9.277e-08 9.1286e-08 1.1788e-07 6.2259e-08 1.1005e-07 1.1403e-07 1.0937e-07 1.1756e-07 1.1782e-07 1.1665e-07 1.1755e-07 1.1791e-07 1.1639e-07 1.1791e-07 1.1688e-07 1.0281e-07 9.8818e-08 6.1334e-08 9.0462e-08 1.1754e-07 4.8472e-08 8.253e-08 9.6116e-08 1.6509e-08 -2.7645e-08 9.1039e-08 1.178e-07 1.0544e-07 9.9605e-08 7.8462e-08 4.0499e-08 -3.1093e-09 -2.1738e-08 -2.8099e-08 -3.1969e-08 -3.2198e-08 -3.3404e-08 -3.4586e-08 -3.5282e-08 -3.6127e-08 -3.6412e-08 -3.6486e-08 -3.6082e-08 -3.5943e-08 -3.5645e-08 -3.5905e-08 -3.5927e-08 -3.6258e-08 -3.6408e-08 -3.6393e-08 -3.6536e-08 -3.6418e-08 -3.5912e-08 -3.5274e-08 -3.377e-08 -3.0957e-08 -6.1447e-09 1.1773e-07 3.7199e-08 -7.2371e-08 -2.2659e-07 -3.332e-07 -2.2095e-07 7.3941e-08 1.1749e-07 1.1385e-07 1.0532e-07 8.7671e-08 8.005e-08 3.607e-08 2.0533e-08 7.0619e-09 -6.8654e-09 -1.4389e-08 -1.4601e-08 -1.7141e-08 -2.1995e-08 -2.6177e-08
-3.1452e-08 -3.2117e-08 -3.307e-08 -3.3732e-08 -3.4482e-08 -3.4315e-08 -3.4737e-08 -3.4964e-08 -3.4992e-08 -3.4778e-08 -3.4861e-08 -3.4922e-08 -3.479e-08 -3.2979e-08 -3.469e-08 -3.4141e-08 -1.8412e-08 4.9207e-08 8.6471e-08 8.2944e-08 8.1726e-08 7.7159e-08 1.1475e-07 1.1733e-07 8.6867e-08 1.0793e-07 1.0284e-07 5.9984e-08 4.557e-10 -7.9955e-08 -1.5572e-07 -2.2282e-07 -2.6613e-07 -3.2588e-07 -4.2192e-07 -4.0515e-07 -3.0347e-07 -1.564e-07 -1.3248e-07 -1.7012e-07 -1.1554e-07 -1.0615e-07 -1.1481e-07 -9.3925e-08 -5.2422e-08 -9.5156e-09 3.8051e-08 5.8799e-08 5.7307e-08 -5.4294e-09 1.1609e-08 5.1862e-08 5.6166e-08 1.1789e-07 1.1732e-07 1.1396e-07 1.1305e-07 7.9358e-08 6.6263e-08 3.4904e-08 4.0611e-08 6.5723e-09 -1.9593e-08 -9.4985e-09 7.8696e-09 -2.8444e-08 -3.0371e-08 -3.2574e-08 -3.4272e-08 -3.491e-08 -3.4344e-08 -3.5199e-08 -3.4864e-08 -3.5273e-08 -3.4982e-08 -3.4551e-08 -3.3549e-08 -3.4067e-08 -3.4716e-08 -3.5012e-08 -3.4632e-08 -1.6952e-08 -4.5206e-09 9.9286e-09 4.039e-09 3.8028e-08 5.3136e-08 -3.6536e-08 4.9994e-08 5.8265e-08 4.5522e-08 2.6144e-08 4.9165e-08 4.6632e-08 7.0842e-08 6.3928e-08 5.0592e-08 5.3294e-08 8.3143e-08 8.3904e-08 9.781e-08 8.6219e-08 9.3753e-08 8.9076e-08 1.0933e-07 1.1568e-07 1.1608e-07 1.1771e-07 1.1675e-07 1.1555e-07 1.1719e-07 1.178e-07 1.1003e-07 8.7784e-08 9.4302e-08 9.6152e-08 1.1732e-07 1.0003e-07 9.1964e-08 8.5941e-08 1.0614e-07 8.1716e-08 6.4201e-08 8.125e-08 5.3613e-08 1.0451e-07 1.0632e-07 8.2496e-08 8.6947e-08 6.8047e-08 5.2593e-08 2.7291e-08 -1.1629e-08 -2.012e-08 -2.6646e-08 -3.223e-08 -3.3288e-08 -3.4722e-08 -3.5844e-08 -3.6403e-08 -3.653e-08 -3.6313e-08 -3.5477e-08 -3.4622e-08 -3.4002e-08 -3.2782e-08 -3.3235e-08 -3.4683e-08 -3.3924e-08 -3.4972e-08 -3.532e-08 -3.6003e-08 -3.6398e-08 -3.652e-08 -3.6355e-08 -3.6082e-08 -3.5236e-08 -3.3982e-08 -2.4462e-08 6.9817e-08 1.1736e-07 7.3817e-08 -1.4726e-08 -2.3882e-08 6.0656e-08 1.179e-07 1.1196e-07 1.048e-07 9.6127e-08 8.2509e-08 4.4333e-08 2.5896e-08 5.8122e-09 -7.3097e-09 -1.6741e-08 -2.2321e-08 -2.3131e-08 -2.4129e-08 -2.8745e-08 -3.0485e-08
-3.4463e-08 -3.3826e-08 -3.4891e-08 -3.4997e-08 -3.5076e-08 -3.5048e-08 -3.5231e-08 -3.5568e-08 -3.5626e-08 -3.5389e-08 -3.5237e-08 -3.5363e-08 -3.5366e-08 -3.5232e-08 -3.5083e-08 -3.4752e-08 -2.8428e-08 -6.978e-09 1.3569e-08 1.907e-08 4.0559e-08 5.2979e-08 8.6336e-08 9.0508e-08 6.8598e-08 1.1176e-07 8.8179e-08 4.8957e-08 -3.2997e-08 -9.6052e-08 -1.6915e-07 -1.8723e-07 -2.7951e-07 -3.2019e-07 -3.765e-07 -3.7168e-07 -2.9923e-07 -1.4523e-07 -1.3816e-07 -1.396e-07 -9.868e-08 -7.6076e-08 -4.7312e-08 -4.6484e-08 -2.0966e-08 6.9386e-09 3.5042e-08 6.329e-08 4.9618e-08 -4.6966e-08 5.0147e-08 6.66e-08 7.4569e-08 1.0014e-07 1.0836e-07 1.1531e-07 1.1731e-07 1.1563e-07 1.0555e-07 4.5052e-08 6.7467e-08 1.4176e-08 -5.3102e-10 -1.1745e-08 -2.3247e-08 -2.4435e-08 -2.9884e-08 -3.1763e-08 -3.2533e-08 -3.4957e-08 -3.5291e-08 -3.5274e-08 -3.5728e-08 -3.6121e-08 -3.5919e-08 -3.6372e-08 -3.4977e-08 -3.5475e-08 -3.5884e-08 -3.5322e-08 -3.5151e-08 -3.3909e-08 -2.5287e-08 -3.0886e-08 -1.5519e-08 1.2594e-09 3.3364e-08 5.7765e-08 3.8979e-08 3.053e-08 2.5842e-08 3.8303e-08 4.9596e-08 5.8408e-08 1.476e-08 4.1928e-08 6.1838e-08 8.1096e-08 8.8059e-08 6.4441e-08 9.8703e-08 9.5151e-08 8.1463e-08 8.3117e-08 1.0308e-07 1.0687e-07 1.1787e-07 1.1791e-07 1.1609e-07 1.1787e-07 1.1718e-07 1.1641e-07 1.1001e-07 9.7119e-08 1.0287e-07 1.0362e-07 1.1769e-07 1.029e-07 1.1342e-07 1.1547e-07 1.1141e-07 1.0768e-07 8.9839e-08 7.5533e-08 1.1326e-07 1.0122e-07 1.1731e-07 6.6844e-08 7.746e-08 5.2655e-08 2.4644e-08 -9.4931e-09 -1.5819e-08 -2.6282e-08 -3.0385e-08 -3.3192e-08 -3.5047e-08 -3.6192e-08 -3.6489e-08 -3.6027e-08 -3.541e-08 -3.4292e-08 -3.047e-08 -3.2329e-08 -3.0791e-08 -2.9809e-08 -3.0426e-08 -3.1443e-08 -3.2144e-08 -3.3386e-08 -3.4825e-08 -3.5424e-08 -3.4849e-08 -3.6427e-08 -3.6451e-08 -3.6533e-08 -3.6299e-08 -3.5711e-08 -3.1782e-08 -1.8522e-08 6.0401e-08 1.0031e-07 1.1387e-07 1.1569e-07 1.1773e-07 1.0747e-07 9.1855e-08 9.0836e-08 8.2592e-08 6.9248e-08 9.6863e-08 -3.0193e-08 -1.2597e-08 4.0858e-08 -2.589e-08 -1.2388e-08 -2.9468e-08 -3.03e-08 -3.1006e-08 -3.3701e-08
-3.5762e-08 -2.8304e-08 -3.511e-08 -3.5154e-08 -3.5697e-08 -3.5547e-08 -3.5597e-08 -3.5845e-08 -3.5664e-08 -3.5768e-08 -3.5704e-08 -3.5815e-08 -3.5787e-08 -3.5663e-08 -3.5896e-08 -3.569e-08 -3.5287e-08 -2.9926e-08 -4.5874e-09 5.8778e-08 4.3584e-08 4.5638e-08 3.7215e-08 5.1059e-08 1.1667e-07 1.0018e-07 7.4872e-08 2.7904e-08 -1.0074e-08 -1.3488e-07 -1.9687e-07 -2.4734e-07 -3.1218e-07 -3.5949e-07 -3.8956e-07 -3.8077e-07 -3.1224e-07 -1.7012e-07 -1.0993e-07 -9.2791e-08 -6.3522e-08 -3.5045e-08 -2.3172e-08 -1.0042e-08 -3.0773e-08 3.5606e-09 2.6102e-09 -2.1581e-08 -2.6682e-08 -1.1959e-09 4.9167e-08 8.0438e-08 8.5229e-08 7.8245e-08 1.0417e-07 1.1775e-07 1.1652e-07 1.1389e-07 1.151e-07 1.1189e-07 1.132e-07 1.1202e-07 7.0641e-08 -1.0282e-08 -1.0797e-08 -2.963e-08 -3.1788e-08 -3.2537e-08 -3.3304e-08 -3.4881e-08 -3.5784e-08 -3.6469e-08 -3.6477e-08 -3.6482e-08 -3.6414e-08 -3.6532e-08 -3.6517e-08 -3.6529e-08 -3.6511e-08 -3.5906e-08 -3.6414e-08 -3.632e-08 -3.4913e-08 -3.011e-08 -2.1887e-08 -5.9169e-09 1.7182e-08 3.6407e-08 1.1079e-08 2.8619e-08 3.2066e-08 6.6658e-08 4.0173e-08 4.1761e-08 4.0429e-08 6.1503e-08 5.3836e-08 8.2046e-08 6.1962e-08 5.5495e-08 1.0469e-07 1.0784e-07 9.1054e-08 1.1311e-07 5.8242e-08 1.1727e-07 1.1528e-07 1.1713e-07 1.1637e-07 1.0863e-07 9.4965e-08 1.1016e-07 1.166e-07 1.1104e-07 1.1581e-07 1.1677e-07 1.1616e-07 1.1781e-07 1.1434e-07 1.0959e-07 1.1397e-07 1.0818e-07 1.1217e-07 1.0967e-07 1.179e-07 9.7573e-08 9.3167e-08 5.9097e-08 3.755e-08 4.8502e-09 -4.9473e-09 -1.9398e-08 -2.4993e-08 -2.9841e-08 -3.2959e-08 -3.5088e-08 -3.6326e-08 -3.6345e-08 -3.5537e-08 -3.4717e-08 -3.2876e-08 -3.1749e-08 -3.0172e-08 -2.882e-08 -2.605e-08 -2.8923e-08 -2.981e-08 -3.0219e-08 -3.1056e-08 -3.4198e-08 -3.3308e-08 -3.4087e-08 -3.5019e-08 -3.6017e-08 -3.6493e-08 -3.6134e-08 -3.6328e-08 -3.6535e-08 -3.6251e-08 -3.5378e-08 -3.2283e-08 -2.5143e-08 -1.9091e-08 1.8983e-09 3.6444e-08 9.7797e-08 3.4207e-08 5.7954e-08 6.5591e-08 4.6513e-08 3.855e-08 -1.071e-08 -2.3326e-08 -2.6094e-08 -3.014e-08 -3.1894e-08 -3.2659e-08 -3.4148e-08 -3.4894e-08 -3.5509e-08
-3.6323e-08 -3.6043e-08 -3.6043e-08 -3.5805e-08 -3.5972e-08 -3.5866e-08 -3.5964e-08 -3.5948e-08 -3.5881e-08 -3.5986e-08 -3.6079e-08 -3.6042e-08 -3.6001e-08 -3.5872e-08 -3.611e-08 -3.5751e-08 -3.6009e-08 -3.5415e-08 -2.7966e-08 1.1598e-07 7.2301e-08 5.1234e-08 6.6622e-08 1.1096e-07 8.3767e-08 9.939e-08 7.1894e-08 2.3307e-08 -5.8979e-08 -1.6865e-07 -2.6078e-07 -3.4486e-07 -3.9991e-07 -4.1599e-07 -4.2256e-07 -4.2403e-07 -4.0684e-07 -3.4785e-07 -1.7882e-07 -6.0715e-08 -2.3471e-08 -1.0025e-08 1.1543e-09 -3.8951e-09 -1.2942e-07 -8.9174e-08 2.2554e-08 4.9933e-08 7.8127e-09 -1.2218e-08 4.7892e-08 3.4125e-08 7.9717e-09 3.5855e-08 9.1194e-08 1.1762e-07 1.1555e-07 1.1011e-07 1.0871e-07 1.0565e-07 1.0374e-07 1.0706e-07 7.4112e-08 -8.7407e-09 -2.74e-08 -3.0716e-08 -3.2362e-08 -3.2481e-08 -3.4067e-08 -3.519e-08 -3.562e-08 -3.653e-08 -3.6431e-08 -3.6522e-08 -3.6485e-08 -3.6224e-08 -3.6296e-08 -3.59e-08 -3.6333e-08 -3.6522e-08 -3.6535e-08 -3.6469e-08 -3.6493e-08 -3.0096e-08 -2.519e-08 -1.2874e-08 -6.9419e-09 9.2689e-10 1.4848e-08 7.8165e-09 5.3943e-08 4.8514e-08 4.4165e-08 2.0252e-08 3.9663e-09 6.5344e-08 5.6443e-08 7.1355e-08 5.6017e-08 7.3636e-08 7.3791e-08 8.1077e-08 8.5289e-08 9.2496e-08 9.6123e-08 1.1405e-07 1.1786e-07 9.01e-08 1.1789e-07 9.8721e-08 1.1486e-07 1.059e-07 1.0964e-07 1.0331e-07 9.4829e-08 8.8924e-08 1.0807e-07 1.1587e-07 1.1786e-07 9.6209e-08 9.2083e-08 9.867e-08 4.245e-08 6.3152e-08 7.7962e-08 4.5359e-08 4.5969e-08 3.5476e-08 1.0961e-08 -4.3906e-09 -1.7024e-08 -2.5373e-08 -2.8445e-08 -3.2415e-08 -3.4326e-08 -3.6197e-08 -3.6521e-08 -3.5583e-08 -3.3986e-08 -3.2183e-08 -3.1324e-08 -3.0033e-08 -2.6924e-08 -2.4957e-08 -2.3698e-08 -2.4411e-08 -2.661e-08 -2.7067e-08 -2.9932e-08 -3.0394e-08 -3.2143e-08 -3.5282e-08 -3.3949e-08 -3.5262e-08 -3.5498e-08 -3.5666e-08 -3.6112e-08 -3.6453e-08 -3.6478e-08 -3.6501e-08 -3.6287e-08 -3.5033e-08 -3.4226e-08 -3.331e-08 -2.9381e-08 -2.5977e-08 -1.4684e-08 1.2958e-08 2.9819e-08 2.4296e-08 2.2692e-08 -4.8153e-09 -7.4786e-09 -2.9279e-08 -3.1344e-08 -3.2796e-08 -3.428e-08 -3.5739e-08 -3.6249e-08 -3.6386e-08
-3.6533e-08 -3.6246e-08 -3.6294e-08 -3.59e-08 -3.6265e-08 -3.6133e-08 -3.6249e-08 -3.6218e-08 -3.6063e-08 -3.6116e-08 -3.6184e-08 -3.6204e-08 -3.6176e-08 -3.5998e-08 -3.5814e-08 -3.5668e-08 -3.5443e-08 -3.4784e-08 -3.4334e-08 6.4552e-08 6.7153e-08 7.8318e-08 1.027e-07 1.1748e-07 1.0376e-07 1.0327e-07 7.5034e-08 2.8201e-08 -4.5861e-08 -2.2044e-07 -3.688e-07 -4.2082e-07 -4.1498e-07 -3.8035e-07 -3.7936e-07 -4.0951e-07 -4.2428e-07 -4.2559e-07 -3.8077e-07 -2.0247e-07 -3.922e-08 2.0524e-08 2.7624e-08 2.1984e-08 5.035e-09 -2.2966e-08 2.0592e-09 2.6442e-08 4.6407e-08 8.681e-08 4.8133e-09 -1.987e-08 -4.6817e-08 -8.0754e-08 2.7385e-08 1.0341e-07 1.1665e-07 1.1217e-07 1.0992e-07 1.1096e-07 1.053e-07 1.0945e-07 4.5426e-08 -1.479e-08 -2.7165e-08 -3.0619e-08 -3.2342e-08 -3.3456e-08 -3.4279e-08 -3.5795e-08 -3.6081e-08 -3.6491e-08 -3.6536e-08 -3.6251e-08 -3.6104e-08 -3.5439e-08 -3.4631e-08 -3.4919e-08 -3.5056e-08 -3.5904e-08 -3.5688e-08 -3.6041e-08 -3.6403e-08 -3.6507e-08 -3.6054e-08 -3.4843e-08 -3.413e-08 -3.1267e-08 -2.2421e-08 -3.1453e-08 1.3738e-08 2.7555e-08 4.7038e-08 5.1039e-08 3.1682e-08 4.8657e-08 3.8395e-08 1.8645e-08 6.4627e-08 3.256e-08 5.7216e-08 3.5041e-08 7.0692e-08 2.0683e-08 5.8244e-08 6.2638e-08 9.9702e-08 1.1177e-07 1.1694e-07 1.1388e-07 1.0631e-07 9.891e-08 9.8221e-08 7.8859e-08 7.9606e-08 7.9588e-08 9.6434e-08 1.1743e-07 3.8035e-08 6.4167e-08 8.0001e-08 9.7978e-08 8.1395e-08 9.2641e-08 4.6121e-08 3.3268e-08 2.6063e-08 2.1157e-08 -7.324e-09 -1.5054e-08 -2.3576e-08 -2.9609e-08 -3.2048e-08 -3.3817e-08 -3.6152e-08 -3.6521e-08 -3.6248e-08 -3.4621e-08 -3.2974e-08 -2.9819e-08 -2.8252e-08 -2.5395e-08 -2.2733e-08 -2.2236e-08 -2.1431e-08 -2.082e-08 -2.2079e-08 -2.4772e-08 -2.5463e-08 -2.824e-08 -2.948e-08 -3.0724e-08 -3.1659e-08 -3.3552e-08 -3.2127e-08 -3.2774e-08 -3.4777e-08 -3.6045e-08 -3.603e-08 -3.6517e-08 -3.6358e-08 -3.6012e-08 -3.4071e-08 -3.2826e-08 -2.8551e-08 -2.6607e-08 -1.8849e-08 -7.3478e-09 3.6412e-09 4.4119e-09 9.173e-09 -1.0483e-08 -4.5622e-09 -3.1837e-08 -3.2573e-08 -3.3947e-08 -3.5788e-08 -3.6004e-08 -3.639e-08 -3.6446e-08
-3.6486e-08 -3.6422e-08 -3.6461e-08 -3.6299e-08 -3.375e-08 -3.6339e-08 -3.6362e-08 -3.5191e-08 -3.6308e-08 -3.6262e-08 -3.6147e-08 -3.6174e-08 -3.5888e-08 -3.5852e-08 -3.5662e-08 -3.5382e-08 -3.5326e-08 -3.5552e-08 -3.3754e-08 -2.3787e-08 9.6995e-08 1.072e-07 8.6863e-08 1.1589e-07 1.1661e-07 1.0833e-07 9.0663e-08 5.5227e-08 -7.8477e-08 -3.1507e-07 -4.2371e-07 -3.7538e-07 -2.6139e-07 -2.3997e-07 -1.5348e-07 -2.1759e-07 -4.0409e-07 -4.1711e-07 -4.2558e-07 -3.4388e-07 -1.1137e-07 2.6047e-08 4.7493e-08 4.0854e-08 -1.3355e-09 1.313e-08 -1.7446e-08 -1.7566e-07 1.6328e-08 2.5962e-08 2.1932e-08 -5.0986e-09 -7.742e-08 -1.3351e-07 -6.3506e-08 5.6776e-08 1.1437e-07 1.1764e-07 1.143e-07 1.1502e-07 8.9942e-08 8.5427e-08 8.0339e-08 1.0467e-08 -2.7859e-08 -3.1868e-08 -3.2704e-08 -3.3432e-08 -3.5137e-08 -3.6006e-08 -3.6502e-08 -3.6464e-08 -3.6411e-08 -3.5561e-08 -3.4779e-08 -3.4203e-08 -3.3729e-08 -3.3228e-08 -3.319e-08 -3.2016e-08 -3.4905e-08 -3.4923e-08 -3.5288e-08 -3.5665e-08 -3.6334e-08 -3.5415e-08 -3.6224e-08 -3.4625e-08 -2.8248e-08 -2.663e-08 -2.0501e-08 1.2811e-09 2.3969e-09 7.903e-09 1.2791e-08 3.4899e-08 4.9431e-08 5.4913e-08 1.487e-08 3.2063e-08 2.2785e-08 -2.765e-08 2.349e-08 7.2023e-08 5.4078e-09 8.255e-08 9.3758e-08 9.8394e-08 1.0913e-07 1.0767e-07 1.1779e-07 1.064e-07 8.9618e-08 9.1517e-08 9.4939e-08 1.1633e-07 1.0785e-07 1.1721e-07 4.8482e-08 4.3842e-08 4.0779e-08 4.2688e-08 3.8842e-08 2.5742e-08 2.2363e-08 1.4657e-08 5.9913e-09 -7.6881e-09 -1.3334e-08 -2.2742e-08 -2.8016e-08 -3.2093e-08 -3.3053e-08 -3.5803e-08 -3.6465e-08 -3.6251e-08 -3.5418e-08 -3.4211e-08 -3.1006e-08 -3.0186e-08 -2.3653e-08 -2.0719e-08 -1.9622e-08 -1.9577e-08 -1.9633e-08 -1.9096e-08 -2.115e-08 -2.1716e-08 -2.3814e-08 -2.2386e-08 -2.6439e-08 -2.7291e-08 -2.9798e-08 -3.0322e-08 -3.1172e-08 -3.1887e-08 -3.3008e-08 -3.5409e-08 -3.6503e-08 -3.6404e-08 -3.6472e-08 -3.6139e-08 -3.4975e-08 -3.2787e-08 -2.8669e-08 -2.8352e-08 -2.3849e-08 -1.907e-08 -1.5742e-08 -1.0639e-08 -5.9784e-09 1.7175e-08 8.4929e-08 -3.2719e-08 -3.3509e-08 -3.3958e-08 -3.5744e-08 -3.6346e-08 -3.6478e-08 -3.6396e-08
-3.6466e-08 -3.6493e-08 -3.6522e-08 -3.6501e-08 -3.6451e-08 -3.6398e-08 -3.6275e-08 -3.637e-08 -3.6281e-08 -3.6217e-08 -3.6208e-08 -3.6241e-08 -3.603e-08 -3.6156e-08 -3.5592e-08 -3.5743e-08 -3.5263e-08 -3.2786e-08 -3.0843e-08 -2.3286e-08 1.1016e-09 3.3054e-08 6.9806e-08 9.2298e-08 1.1262e-07 1.1763e-07 1.1093e-07 6.4431e-08 -9.4226e-08 -3.4517e-07 -4.2353e-07 -3.5538e-07 -3.0583e-07 -2.909e-07 -1.0889e-07 -2.1538e-07 -3.8941e-07 -4.2282e-07 -4.1874e-07 -2.9725e-07 -7.6417e-08 3.8863e-08 5.0863e-08 4.4638e-08 -6.2547e-08 2.6159e-08 -4.1291e-09 -7.2556e-08 -1.427e-08 -3.4667e-08 -3.239e-08 -6.1794e-08 -6.4166e-08 -3.687e-08 5.9937e-09 3.8123e-08 1.0001e-07 1.1785e-07 1.1769e-07 1.1791e-07 1.0848e-07 8.3367e-08 8.1143e-08 2.2058e-08 -2.2923e-08 -3.3195e-08 -3.416e-08 -3.3254e-08 -3.562e-08 -3.6366e-08 -3.6535e-08 -3.6175e-08 -3.5685e-08 -3.482e-08 -3.3549e-08 -3.2357e-08 -3.1731e-08 -3.1317e-08 -3.123e-08 -3.1528e-08 -3.204e-08 -3.2468e-08 -3.3573e-08 -3.1428e-08 -3.1949e-08 -3.5712e-08 -3.6519e-08 -3.6519e-08 -3.5238e-08 -3.5497e-08 -2.6649e-08 -3.446e-08 -2.9082e-08 -2.0078e-08 -2.2776e-08 1.8854e-09 2.0065e-08 -1.1496e-08 4.009e-08 9.4969e-09 -3.0856e-08 -3.0948e-08 -2.9422e-08 4.7322e-08 1.7447e-08 9.9272e-08 1.0788e-07 7.757e-08 7.2847e-08 9.0669e-08 1.0739e-07 9.2869e-08 2.6846e-09 4.5998e-08 1.1343e-07 9.8888e-08 2.7244e-08 1.1126e-07 3.2715e-08 4.3552e-08 3.6016e-08 3.7279e-08 8.5398e-09 4.4159e-09 -4.0768e-09 1.7787e-09 -9.8661e-09 -1.1972e-08 -2.2604e-08 -2.9087e-08 -3.1183e-08 -3.2386e-08 -3.4637e-08 -3.6016e-08 -3.6419e-08 -3.5635e-08 -3.3929e-08 -3.2741e-08 -2.7844e-08 -2.523e-08 -2.3115e-08 -1.8959e-08 -1.8365e-08 -1.8562e-08 -1.8832e-08 -1.9843e-08 -1.927e-08 -2.0165e-08 -2.1116e-08 -2.3363e-08 -2.4871e-08 -2.4399e-08 -2.486e-08 -2.7239e-08 -2.9361e-08 -3.1322e-08 -3.2829e-08 -3.384e-08 -3.5282e-08 -3.6183e-08 -3.6533e-08 -3.5969e-08 -3.5162e-08 -3.342e-08 -2.9851e-08 -2.9799e-08 -2.8111e-08 -2.5331e-08 -2.4923e-08 -1.8045e-08 3.4389e-08 8.7139e-09 3.3393e-08 -3.0234e-08 -3.3261e-08 -3.4963e-08 -3.535e-08 -3.63e-08 -3.6314e-08 -3.6503e-08
-3.6466e-08 -3.6533e-08 -3.6533e-08 -3.6508e-08 -3.6468e-08 -3.6448e-08 -3.6392e-08 -3.6336e-08 -3.6302e-08 -3.6335e-08 -3.6234e-08 -3.6426e-08 -3.628e-08 -3.6304e-08 -3.5813e-08 -3.5581e-08 -3.4565e-08 -3.257e-08 -2.6277e-08 -1.0369e-08 1.1221e-08 3.4925e-08 6.2496e-08 8.4932e-08 1.0372e-07 1.145e-07 1.1695e-07 1.0334e-07 1.2897e-08 -1.9479e-07 -3.8764e-07 -4.2232e-07 -3.9189e-07 -3.7509e-07 -3.6168e-07 -3.7804e-07 -4.2019e-07 -4.2536e-07 -2.498e-07 -3.0751e-08 6.6311e-08 8.5926e-08 6.7746e-08 6.1857e-08 6.4901e-08 -1.366e-08 3.2454e-08 -9.4219e-08 -2.5698e-08 -2.0097e-08 -4.0216e-08 -1.334e-08 -1.3636e-07 -2.966e-08 6.6374e-08 4.8663e-08 7.4019e-08 1.1516e-07 1.1709e-07 1.0125e-07 1.0365e-07 9.9493e-08 8.0417e-08 2.0601e-08 -2.2355e-08 -3.3918e-08 -3.5549e-08 -3.5914e-08 -3.6337e-08 -3.6536e-08 -3.6048e-08 -3.543e-08 -3.3641e-08 -3.284e-08 -2.7474e-08 -3.1323e-08 -2.9762e-08 -3.0735e-08 -2.9503e-08 -2.9438e-08 -3.0167e-08 -3.0478e-08 -3.2534e-08 -3.2233e-08 -3.1627e-08 -3.4661e-08 -3.5343e-08 -3.6503e-08 -3.6528e-08 -3.6535e-08 -3.63e-08 -3.5824e-08 -3.5681e-08 -3.4105e-08 -2.9982e-08 -1.7464e-08 -8.8879e-09 1.0309e-09 -2.4144e-08 -2.836e-08 -3.2572e-08 -3.0414e-08 -6.9068e-09 -2.7661e-08 -6.3009e-09 -2.638e-08 -1.9348e-08 -2.5573e-08 9.8879e-08 1.0523e-07 1.1381e-07 2.5486e-08 1.0551e-07 1.1674e-07 1.4534e-08 9.9048e-09 2.4775e-08 3.7912e-08 3.2894e-08 1.7128e-08 1.289e-08 1.1827e-08 -1.44e-08 -2.4715e-08 -1.2225e-08 -1.1847e-08 -1.4597e-08 -2.5324e-08 -2.9745e-08 -3.1245e-08 -3.0191e-08 -3.4474e-08 -3.4819e-08 -3.6362e-08 -3.6351e-08 -3.4694e-08 -3.2924e-08 -3.2323e-08 -2.8045e-08 -2.4328e-08 -2.0995e-08 -1.9019e-08 -2.0009e-08 -2.3094e-08 -1.8608e-08 -2.0006e-08 -2.0952e-08 -2.2855e-08 -1.954e-08 -2.5525e-08 -2.4741e-08 -2.5353e-08 -2.6861e-08 -2.7757e-08 -2.764e-08 -3.0077e-08 -3.2098e-08 -3.2881e-08 -3.5795e-08 -3.6195e-08 -3.6527e-08 -3.5931e-08 -3.3999e-08 -3.3063e-08 -3.1665e-08 -3.0261e-08 -2.7595e-08 -2.8743e-08 -2.817e-08 -2.1477e-08 -6.5955e-09 1.064e-08 5.3257e-08 -2.8435e-08 -3.4644e-08 -3.4759e-08 -3.6118e-08 -3.6274e-08 -3.6467e-08 -3.6535e-08
-3.6522e-08 -3.6524e-08 -3.6532e-08 -3.6533e-08 -3.6527e-08 -3.6498e-08 -3.646e-08 -3.6357e-08 -3.63e-08 -3.6411e-08 -3.6402e-08 -3.6228e-08 -3.618e-08 -3.5967e-08 -3.5829e-08 -3.4858e-08 -3.2791e-08 -2.8719e-08 -1.9692e-08 -6.1575e-09 1.6352e-08 3.8116e-08 5.947e-08 7.5125e-08 8.6805e-08 9.9534e-08 1.1176e-07 1.179e-07 9.74e-08 3.9834e-10 -1.1119e-07 -2.0226e-07 -2.3123e-07 -4.1591e-07 -4.216e-07 -4.1416e-07 -4.2315e-07 -2.8768e-07 -1.0243e-07 3.9169e-08 8.7932e-08 1.0194e-07 1.0093e-07 1.0738e-07 1.1404e-07 1.1752e-07 1.1791e-07 1.128e-07 3.5919e-08 -4.6947e-08 -1.3555e-07 -4.5774e-08 6.5561e-08 5.7296e-08 5.8885e-08 9.1519e-08 1.1679e-07 1.1733e-07 1.17e-07 9.5586e-08 8.1267e-08 5.0111e-08 2.7349e-08 -1.4525e-09 -2.3697e-08 -3.4821e-08 -3.5423e-08 -3.6418e-08 -3.6523e-08 -3.6148e-08 -3.5664e-08 -3.3609e-08 -3.2477e-08 -3.0852e-08 -3.097e-08 -2.8096e-08 -2.8262e-08 -2.8124e-08 -2.6244e-08 -2.6249e-08 -2.919e-08 -2.8349e-08 -2.9433e-08 -3.0075e-08 -3.1358e-08 -3.2413e-08 -3.4876e-08 -3.4276e-08 -3.5308e-08 -3.6421e-08 -3.6503e-08 -3.6255e-08 -3.6393e-08 -3.5779e-08 -3.5498e-08 -3.4701e-08 -2.8087e-08 -2.1806e-08 -3.2083e-08 -3.1594e-08 -2.0189e-08 -6.9037e-09 8.3025e-09 -2.9091e-08 -9.2157e-09 -2.6643e-08 -2.8032e-08 -2.8601e-08 -1.3146e-09 3.2785e-08 7.6296e-08 1.2999e-08 3.445e-08 4.8121e-08 8.9936e-09 2.9662e-08 4.832e-08 1.3411e-08 9.0644e-09 1.2673e-09 4.2412e-09 -1.0166e-08 -1.5728e-08 -2.2518e-08 -2.2604e-08 -2.5471e-08 -2.6585e-08 -2.732e-08 -3.1113e-08 -3.2449e-08 -3.3899e-08 -3.4275e-08 -3.6245e-08 -3.6526e-08 -3.536e-08 -3.3756e-08 -3.1577e-08 -2.8767e-08 -2.7332e-08 -2.4193e-08 -2.154e-08 -1.8647e-08 -1.8769e-08 -1.8531e-08 -1.9167e-08 -2.1612e-08 -2.067e-08 -2.0402e-08 -2.1218e-08 -2.1844e-08 -2.4174e-08 -2.2956e-08 -2.4359e-08 -2.8836e-08 -2.7494e-08 -2.8375e-08 -3.0897e-08 -3.3668e-08 -3.6165e-08 -3.6516e-08 -3.6487e-08 -3.5189e-08 -3.3631e-08 -3.2707e-08 -3.2346e-08 -3.1549e-08 -3.1264e-08 -3.1068e-08 -3.0756e-08 -2.895e-08 -2.5413e-08 -1.2951e-08 2.454e-08 -3.1486e-08 -3.183e-08 -3.3265e-08 -3.5601e-08 -3.6498e-08 -3.6507e-08 -3.6528e-08
-3.6524e-08 -3.6532e-08 -3.6533e-08 -3.6511e-08 -3.65e-08 -3.6494e-08 -3.6433e-08 -3.6458e-08 -3.6252e-08 -3.6494e-08 -3.6438e-08 -3.6309e-08 -3.6285e-08 -3.5867e-08 -3.4843e-08 -3.4284e-08 -3.0219e-08 -2.5792e-08 -1.7491e-08 -5.292e-09 1.6683e-08 2.9671e-08 4.4121e-08 5.4486e-08 6.7228e-08 7.9814e-08 9.5324e-08 1.0291e-07 1.1411e-07 1.1725e-07 1.0534e-07 9.6515e-08 9.7156e-08 9.3712e-08 -4.7133e-08 -8.9378e-08 2.4859e-08 6.7563e-08 7.5889e-08 8.1892e-08 9.8066e-08 1.0507e-07 1.0332e-07 1.077e-07 1.1584e-07 1.1787e-07 1.1784e-07 1.1789e-07 3.5101e-08 -3.7621e-08 4.7041e-08 9.6065e-08 1.1637e-07 1.1356e-07 1.1707e-07 1.0186e-07 1.1543e-07 4.9645e-08 1.1601e-07 1.0035e-07 7.2088e-08 3.5637e-08 -1.3064e-09 -2.4637e-08 -3.3213e-08 -3.5684e-08 -3.6363e-08 -3.6531e-08 -3.5875e-08 -3.5486e-08 -3.3719e-08 -3.2214e-08 -3.1344e-08 -2.9781e-08 -2.9031e-08 -2.9439e-08 -3.0908e-08 -3.3044e-08 -2.6178e-08 -2.5942e-08 -2.6968e-08 -2.596e-08 -2.7831e-08 -2.829e-08 -2.9991e-08 -3.0795e-08 -3.1267e-08 -3.2226e-08 -3.3598e-08 -3.4721e-08 -3.5584e-08 -3.5883e-08 -3.614e-08 -3.6445e-08 -3.619e-08 -3.6348e-08 -3.5303e-08 -3.4116e-08 -3.4144e-08 -3.4566e-08 -3.2996e-08 -3.1451e-08 -3.463e-08 -3.0447e-08 -2.2286e-08 -2.9333e-08 -1.6667e-08 -1.8825e-08 -2.6812e-08 -8.2296e-09 1.3817e-08 -4.0115e-09 -5.3353e-09 -1.3009e-08 -1.4788e-08 3.885e-08 8.1616e-09 -3.6373e-10 -5.971e-09 -1.5241e-08 -1.5843e-08 -1.9777e-08 -2.5958e-08 -2.2218e-08 -2.8401e-08 -2.8784e-08 -2.906e-08 -3.0003e-08 -3.2328e-08 -3.3227e-08 -3.5389e-08 -3.586e-08 -3.6505e-08 -3.6418e-08 -3.0755e-08 -3.0075e-08 -3.1334e-08 -2.9555e-08 -2.7009e-08 -2.4679e-08 -2.1892e-08 -1.9048e-08 -1.8973e-08 -2.0094e-08 -1.9867e-08 -2.0645e-08 -2.1354e-08 -2.146e-08 -2.3658e-08 -2.1225e-08 -2.2233e-08 -2.302e-08 -2.5683e-08 -2.5943e-08 -2.6108e-08 -2.9516e-08 -3.2311e-08 -3.4625e-08 -3.5791e-08 -3.2859e-08 -3.4825e-08 -3.6232e-08 -3.489e-08 -3.4523e-08 -3.382e-08 -3.3128e-08 -3.3205e-08 -3.2097e-08 -3.2404e-08 -3.1858e-08 -3.094e-08 -2.714e-08 -2.8975e-08 -3.0647e-08 -3.2468e-08 -3.5196e-08 -3.5597e-08 -3.6372e-08 -3.6494e-08 -3.6521e-08
-3.6507e-08 -3.6531e-08 -3.6533e-08 -3.6519e-08 -3.6536e-08 -3.6534e-08 -3.6519e-08 -3.6512e-08 -3.6445e-08 -3.6442e-08 -3.6484e-08 -3.6278e-08 -3.6181e-08 -3.5369e-08 -3.4069e-08 -3.2133e-08 -2.7812e-08 -2.3878e-08 -1.7416e-08 -6.8615e-09 6.2643e-09 1.4551e-08 2.6963e-08 3.9488e-08 5.7845e-08 6.8709e-08 7.5513e-08 8.4476e-08 9.0911e-08 9.9313e-08 1.0611e-07 1.1159e-07 1.1497e-07 1.1697e-07 1.179e-07 1.1783e-07 1.175e-07 1.1779e-07 1.1446e-07 1.0722e-07 1.0554e-07 1.1283e-07 1.1157e-07 9.6109e-08 1.076e-07 1.156e-07 1.1641e-07 1.1655e-07 1.0419e-07 5.9963e-08 2.8972e-08 2.1188e-09 -9.2012e-09 2.4863e-08 3.0542e-08 9.9561e-08 9.5646e-08 9.4038e-08 3.4487e-08 8.873e-08 3.6291e-08 3.437e-09 -2.2977e-08 -3.2153e-08 -3.3729e-08 -3.6394e-08 -3.6466e-08 -3.5765e-08 -3.5499e-08 -3.3158e-08 -3.2904e-08 -3.1478e-08 -2.9734e-08 -2.9258e-08 -2.8631e-08 -2.8309e-08 -2.7341e-08 -2.5438e-08 -2.4344e-08 -2.4586e-08 -2.4462e-08 -2.5912e-08 -2.621e-08 -2.7215e-08 -2.7774e-08 -2.9121e-08 -2.9354e-08 -3.1746e-08 -3.2431e-08 -3.3195e-08 -3.4075e-08 -3.5135e-08 -3.617e-08 -3.6447e-08 -3.6535e-08 -3.6536e-08 -3.6269e-08 -3.6357e-08 -3.6325e-08 -3.6047e-08 -3.3666e-08 -3.5297e-08 -3.1003e-08 -3.2391e-08 -4.1369e-09 -3.6195e-08 -2.1408e-08 -3.0847e-08 -2.8237e-08 -1.8795e-08 -1.2946e-08 -1.8414e-08 -1.5175e-08 -1.3146e-08 -2.5156e-09 -1.9403e-08 -1.6729e-08 -1.9878e-08 -2.274e-08 -2.1012e-08 -2.1855e-08 -2.4222e-08 -2.8059e-08 -2.7745e-08 -2.7715e-08 -2.9758e-08 -2.9073e-08 -3.1302e-08 -3.2609e-08 -3.4287e-08 -3.581e-08 -3.6427e-08 -3.6474e-08 -3.5776e-08 -3.2246e-08 -3.085e-08 -3.1643e-08 -2.8771e-08 -2.8603e-08 -2.5162e-08 -2.3161e-08 -2.1526e-08 -2.0138e-08 -2.0213e-08 -2.1188e-08 -2.0867e-08 -2.1481e-08 -2.1603e-08 -2.2955e-08 -2.5373e-08 -2.2055e-08 -2.4473e-08 -2.6956e-08 -2.8511e-08 -2.8571e-08 -3.2011e-08 -3.3473e-08 -3.5346e-08 -3.5845e-08 -3.3585e-08 -3.147e-08 -3.6388e-08 -3.5615e-08 -3.5272e-08 -3.5129e-08 -3.4631e-08 -3.4774e-08 -3.4269e-08 -3.3059e-08 -3.3774e-08 -3.2697e-08 -3.2992e-08 -2.1226e-08 -2.8441e-08 -3.5802e-08 -3.5546e-08 -3.5526e-08 -3.6513e-08 -3.6419e-08 -3.6533e-08
-3.6511e-08 -3.6505e-08 -3.6535e-08 -3.6535e-08 -3.6529e-08 -3.6523e-08 -3.6485e-08 -3.645e-08 -3.6497e-08 -3.6462e-08 -3.6331e-08 -3.5945e-08 -3.5469e-08 -3.4662e-08 -3.3082e-08 -3.0455e-08 -2.614e-08 -1.9933e-08 -1.431e-08 -6.5081e-09 1.3578e-08 1.0863e-08 2.1499e-08 3.6819e-08 4.2856e-08 5.3215e-08 6.2484e-08 6.9807e-08 7.7649e-08 8.2322e-08 9.0271e-08 9.8126e-08 1.0553e-07 1.0882e-07 1.0849e-07 1.0748e-07 1.1262e-07 1.1462e-07 1.1789e-07 1.1611e-07 1.1387e-07 1.1471e-07 1.1606e-07 1.1726e-07 1.1526e-07 1.1787e-07 1.116e-07 9.0942e-08 3.7516e-08 1.6598e-08 1.2407e-09 -9.2544e-09 -1.8965e-08 -2.3029e-08 -2.382e-08 -8.9337e-10 7.1815e-08 8.3721e-08 6.1356e-08 9.6001e-09 -8.6291e-09 -2.5455e-08 -3.1917e-08 -3.6174e-08 -3.6288e-08 -3.6517e-08 -3.614e-08 -3.4975e-08 -3.3555e-08 -3.2358e-08 -3.0233e-08 -2.8439e-08 -2.7201e-08 -2.7044e-08 -2.5852e-08 -2.5203e-08 -2.4841e-08 -2.6741e-08 -2.0541e-08 -1.8809e-08 -2.413e-08 -2.4544e-08 -2.3602e-08 -2.9257e-08 -2.6118e-08 -2.7693e-08 -3.0042e-08 -3.0695e-08 -2.9979e-08 -3.188e-08 -3.2413e-08 -3.3552e-08 -3.4749e-08 -3.5576e-08 -3.6074e-08 -3.6348e-08 -3.6519e-08 -3.6198e-08 -3.6533e-08 -3.6321e-08 -3.6244e-08 -3.6164e-08 -3.123e-08 -2.1982e-08 -3.2164e-09 -3.4956e-08 -1.0038e-08 -3.0799e-08 -2.9361e-08 -2.5733e-08 -2.5714e-08 -2.4802e-08 -2.4448e-08 -2.5689e-08 -2.8524e-08 -2.4717e-08 -2.6125e-08 -2.5334e-08 -2.76e-08 -2.8268e-08 -2.7632e-08 -2.9172e-08 -2.8047e-08 -2.8502e-08 -2.9836e-08 -3.0102e-08 -2.9267e-08 -3.1794e-08 -3.3025e-08 -3.425e-08 -3.5415e-08 -3.641e-08 -3.6409e-08 -3.5775e-08 -3.4243e-08 -3.3934e-08 -3.1041e-08 -2.9891e-08 -2.7147e-08 -2.5585e-08 -2.3933e-08 -2.2602e-08 -2.0319e-08 -2.0962e-08 -2.0421e-08 -2.0788e-08 -2.267e-08 -2.1341e-08 -2.1924e-08 -2.3443e-08 -2.4186e-08 -2.6539e-08 -2.6797e-08 -3.0331e-08 -3.3467e-08 -3.2866e-08 -3.4178e-08 -3.5377e-08 -3.5971e-08 -3.6311e-08 -3.6535e-08 -3.6486e-08 -3.6296e-08 -3.5834e-08 -3.5648e-08 -3.5678e-08 -3.5028e-08 -3.5265e-08 -3.4523e-08 -3.425e-08 -3.3903e-08 -3.4245e-08 -3.2935e-08 -3.55e-08 -3.5633e-08 -3.4864e-08 -3.5771e-08 -3.6517e-08 -3.6433e-08 -3.6446e-08
-3.6524e-08 -3.6536e-08 -3.6488e-08 -3.6479e-08 -3.6504e-08 -3.6528e-08 -3.6532e-08 -3.6476e-08 -3.6407e-08 -3.6024e-08 -3.6169e-08 -3.5853e-08 -3.4914e-08 -3.3746e-08 -3.1494e-08 -2.6912e-08 -1.7713e-08 -1.8689e-08 -1.5889e-08 -9.145e-09 -2.7868e-09 2.7308e-09 1.3159e-08 2.1049e-08 3.0712e-08 3.8659e-08 4.8423e-08 5.8498e-08 6.2987e-08 7.2111e-08 7.8819e-08 8.2233e-08 9.0044e-08 9.3094e-08 9.1893e-08 9.3616e-08 9.4754e-08 1.0353e-07 1.1301e-07 1.1704e-07 1.1791e-07 1.1791e-07 1.1773e-07 1.1674e-07 1.108e-07 9.6027e-08 8.2513e-08 5.8112e-08 3.1607e-08 6.2817e-09 -9.1935e-09 -1.658e-08 -2.1326e-08 -2.5303e-08 -2.7771e-08 -2.9794e-08 8.7745e-09 -5.5941e-09 2.6282e-08 -2.4377e-08 -3.5197e-08 -3.6106e-08 -3.6497e-08 -3.6532e-08 -3.6328e-08 -3.5662e-08 -3.387e-08 -3.2632e-08 -3.1157e-08 -3.0215e-08 -2.7061e-08 -2.5876e-08 -2.536e-08 -2.4648e-08 -2.3412e-08 -2.2089e-08 -2.1902e-08 -2.2784e-08 -2.0966e-08 -2.2005e-08 -2.3683e-08 -2.2331e-08 -2.3661e-08 -2.2795e-08 -2.4929e-08 -2.2283e-08 -2.3956e-08 -2.7883e-08 -2.8535e-08 -3.1139e-08 -3.1e-08 -3.2225e-08 -3.3757e-08 -3.4328e-08 -3.5541e-08 -3.612e-08 -3.5986e-08 -3.4449e-08 -3.6491e-08 -3.6524e-08 -3.6257e-08 -3.6244e-08 -3.5464e-08 -3.4182e-08 -2.8382e-08 -2.8925e-08 -2.8276e-08 -3.2983e-08 -3.0753e-08 -3.1895e-08 -3.0346e-08 -3.0344e-08 -2.8525e-08 -3.0202e-08 -2.9958e-08 -2.9307e-08 -3.0991e-08 -3.2254e-08 -3.0202e-08 -3.1743e-08 -3.0503e-08 -2.9786e-08 -2.763e-08 -2.908e-08 -2.9995e-08 -2.8989e-08 -2.89e-08 -3.1624e-08 -3.274e-08 -3.3707e-08 -3.5688e-08 -3.6446e-08 -3.6492e-08 -3.6062e-08 -3.61e-08 -3.4752e-08 -3.3449e-08 -3.1289e-08 -3.0827e-08 -2.9291e-08 -2.8745e-08 -2.6884e-08 -2.6593e-08 -2.4554e-08 -2.3882e-08 -2.3584e-08 -2.4937e-08 -2.4692e-08 -2.723e-08 -2.7157e-08 -2.697e-08 -2.7259e-08 -3.0503e-08 -3.2752e-08 -3.3611e-08 -3.4851e-08 -3.4397e-08 -3.5461e-08 -3.5952e-08 -3.6345e-08 -3.6515e-08 -3.6499e-08 -3.6363e-08 -3.6223e-08 -3.609e-08 -3.5839e-08 -3.5984e-08 -3.5792e-08 -3.3465e-08 -3.4532e-08 -3.3898e-08 -3.5093e-08 -3.4849e-08 -3.4856e-08 -3.5351e-08 -3.6248e-08 -3.6535e-08 -3.6536e-08 -3.6457e-08 -3.6414e-08
-3.6296e-08 -3.6368e-08 -3.6506e-08 -3.6521e-08 -3.6536e-08 -3.6306e-08 -3.6422e-08 -3.6474e-08 -3.6351e-08 -3.6176e-08 -3.6067e-08 -3.5374e-08 -3.4869e-08 -3.3275e-08 -3.2538e-08 -2.7694e-08 -3.1074e-08 -1.3811e-08 -1.7919e-08 -1.4822e-08 -1.0137e-08 -3.5372e-09 1.592e-09 5.1469e-09 1.634e-08 2.584e-08 3.4307e-08 4.5212e-08 5.3982e-08 5.9135e-08 6.4881e-08 6.6342e-08 7.1988e-08 7.029e-08 7.3214e-08 7.147e-08 7.8988e-08 8.4048e-08 9.0654e-08 9.9746e-08 1.0809e-07 1.0836e-07 1.1197e-07 1.0947e-07 1.0147e-07 8.3061e-08 5.8509e-08 -1.9814e-09 -4.174e-09 -1.6337e-08 -2.0243e-08 -2.1552e-08 -2.9187e-08 -2.7111e-08 -3.0111e-08 -3.2771e-08 -3.4368e-08 -3.4959e-08 -3.6297e-08 -3.6533e-08 -3.6439e-08 -3.611e-08 -3.492e-08 -3.4244e-08 -3.2883e-08 -3.1473e-08 -3.0905e-08 -2.9325e-08 -2.8378e-08 -2.6784e-08 -2.4466e-08 -2.3383e-08 -2.2917e-08 -2.1433e-08 -2.0564e-08 -2.1644e-08 -2.0934e-08 -2.0798e-08 -1.9803e-08 -1.7828e-08 -2.2505e-08 -2.1886e-08 -2.1088e-08 -2.2529e-08 -2.0446e-08 -2.3411e-08 -2.6282e-08 -2.6651e-08 -2.8998e-08 -2.898e-08 -2.9944e-08 -3.0561e-08 -3.2155e-08 -3.3486e-08 -3.5222e-08 -3.5416e-08 -3.5556e-08 -3.5717e-08 -3.613e-08 -3.644e-08 -3.6525e-08 -3.6508e-08 -3.6137e-08 -3.6139e-08 -3.5884e-08 -3.4878e-08 -3.3996e-08 -3.4065e-08 -3.4144e-08 -3.3208e-08 -3.3209e-08 -3.3202e-08 -3.2272e-08 -3.3529e-08 -3.2392e-08 -3.3695e-08 -3.4757e-08 -3.4399e-08 -3.4275e-08 -3.3729e-08 -3.1714e-08 -3.1101e-08 -2.996e-08 -2.9397e-08 -2.7931e-08 -2.8497e-08 -3.1656e-08 -3.3091e-08 -3.3214e-08 -3.3975e-08 -3.5514e-08 -3.6345e-08 -3.6534e-08 -3.6531e-08 -3.6216e-08 -3.5376e-08 -3.4473e-08 -3.3372e-08 -3.3183e-08 -3.2346e-08 -3.1573e-08 -3.0556e-08 -3.0157e-08 -2.8707e-08 -2.8141e-08 -2.9064e-08 -2.8683e-08 -2.8655e-08 -3.2134e-08 -3.1759e-08 -3.0477e-08 -3.2131e-08 -3.245e-08 -3.4129e-08 -3.4903e-08 -3.4287e-08 -3.5892e-08 -3.5345e-08 -3.5739e-08 -3.6511e-08 -3.6525e-08 -3.6502e-08 -3.6442e-08 -3.6453e-08 -3.6124e-08 -3.6168e-08 -3.5918e-08 -3.532e-08 -3.4943e-08 -3.5447e-08 -3.5565e-08 -3.3973e-08 -3.4592e-08 -3.4495e-08 -3.5897e-08 -3.6409e-08 -3.6536e-08 -3.6429e-08 -3.6238e-08 -3.6102e-08
-3.6298e-08 -3.6309e-08 -3.6416e-08 -3.65e-08 -3.6454e-08 -3.6531e-08 -3.6423e-08 -3.6318e-08 -3.6277e-08 -3.6305e-08 -3.5699e-08 -3.5029e-08 -3.5041e-08 -3.3554e-08 -3.2219e-08 -3.1396e-08 -2.1235e-08 -2.3179e-08 -1.9226e-08 -1.8734e-08 -1.5355e-08 -1.2225e-08 -6.8908e-09 -1.6008e-09 2.8037e-09 9.2045e-09 1.8488e-08 2.7942e-08 2.7817e-08 3.7392e-08 4.0761e-08 4.543e-08 4.8716e-08 4.7346e-08 5.0164e-08 4.9935e-08 5.2654e-08 5.7188e-08 6.1597e-08 7.7721e-08 8.245e-08 8.9385e-08 9.1958e-08 8.9906e-08 7.9465e-08 5.6354e-08 3.0662e-08 1.1269e-08 -1.0119e-08 -1.6716e-08 -2.1627e-08 -2.4434e-08 -2.6871e-08 -2.9744e-08 -3.2538e-08 -3.4485e-08 -3.5754e-08 -3.6465e-08 -3.6469e-08 -3.6036e-08 -3.4201e-08 -3.3362e-08 -3.2505e-08 -3.1748e-08 -3.0377e-08 -2.9829e-08 -2.8298e-08 -2.6865e-08 -2.5869e-08 -2.3673e-08 -2.3304e-08 -1.2268e-08 -1.9805e-08 -1.9687e-08 -1.9331e-08 -1.8188e-08 -1.852e-08 -1.9642e-08 -1.9323e-08 -1.9719e-08 -2.0343e-08 -1.756e-08 -2.2157e-08 -2.1707e-08 -3.159e-08 -2.8679e-09 -2.523e-08 -2.643e-08 -2.6995e-08 -2.8644e-08 -2.8443e-08 -3.0805e-08 -3.1808e-08 -3.2631e-08 -3.3168e-08 -3.4525e-08 -3.463e-08 -3.551e-08 -3.5883e-08 -3.6478e-08 -3.6468e-08 -3.6529e-08 -3.635e-08 -3.5744e-08 -3.5323e-08 -3.5427e-08 -3.5284e-08 -3.4409e-08 -3.5516e-08 -3.4982e-08 -3.4546e-08 -3.5194e-08 -3.5741e-08 -3.563e-08 -3.5606e-08 -3.5845e-08 -3.6121e-08 -3.5764e-08 -3.5189e-08 -3.351e-08 -3.2621e-08 -3.283e-08 -3.2119e-08 -3.0863e-08 -3.0881e-08 -3.1418e-08 -3.0615e-08 -3.2121e-08 -3.3337e-08 -3.3859e-08 -3.5432e-08 -3.5823e-08 -3.6425e-08 -3.6433e-08 -3.6533e-08 -3.6415e-08 -3.5641e-08 -3.521e-08 -3.4879e-08 -3.5256e-08 -3.369e-08 -3.4216e-08 -3.2879e-08 -3.1544e-08 -3.1435e-08 -3.2065e-08 -3.2419e-08 -3.2039e-08 -3.251e-08 -3.3524e-08 -3.2812e-08 -3.3493e-08 -3.3308e-08 -3.3537e-08 -3.4976e-08 -3.4593e-08 -3.5497e-08 -3.5236e-08 -3.5605e-08 -3.6316e-08 -3.6507e-08 -3.6486e-08 -3.6511e-08 -3.6452e-08 -3.6364e-08 -3.6054e-08 -3.6025e-08 -3.5762e-08 -3.4777e-08 -3.5613e-08 -3.5481e-08 -3.4938e-08 -3.6201e-08 -3.5758e-08 -3.5867e-08 -3.6437e-08 -3.6506e-08 -3.6509e-08 -3.6412e-08 -3.6354e-08
-3.6439e-08 -3.6361e-08 -3.6409e-08 -3.6532e-08 -3.6485e-08 -3.6514e-08 -3.6209e-08 -3.6517e-08 -3.6508e-08 -3.6509e-08 -3.636e-08 -3.6046e-08 -3.5441e-08 -3.4853e-08 -3.3408e-08 -3.1027e-08 -3.1509e-08 -2.894e-08 -2.6974e-08 -2.459e-08 -2.2076e-08 -1.873e-08 -1.3646e-08 -9.4824e-09 -9.1464e-09 -6.7569e-09 -4.4866e-09 5.0488e-10 4.2529e-09 8.8568e-09 1.1741e-08 1.857e-08 2.2093e-08 1.9877e-08 1.3919e-08 2.0246e-08 2.0927e-08 2.0589e-08 3.1649e-08 4.3893e-08 4.9664e-08 5.3948e-08 5.3681e-08 3.8613e-08 3.0264e-08 1.0626e-08 -1.8412e-10 -9.3792e-09 -1.8001e-08 -2.2302e-08 -2.5395e-08 -2.9576e-08 -3.0938e-08 -3.2935e-08 -3.483e-08 -3.5745e-08 -3.644e-08 -3.6475e-08 -3.5943e-08 -3.4384e-08 -3.1556e-08 -3.3169e-08 -2.8959e-08 -2.795e-08 -2.7593e-08 -2.6483e-08 -2.4662e-08 -2.3449e-08 -2.2816e-08 -2.29e-08 -2.0572e-08 -2.0806e-08 -1.9832e-08 -1.8007e-08 -1.7611e-08 -1.7477e-08 -1.8645e-08 -1.6652e-08 -1.555e-08 -1.6549e-08 -1.8922e-08 -1.951e-08 -1.9247e-08 -2.0892e-08 -2.1527e-08 -2.2106e-08 -2.3049e-08 -2.3718e-08 -2.524e-08 -2.8087e-08 -2.9963e-08 -2.9377e-08 -3.1384e-08 -3.1514e-08 -3.421e-08 -3.3558e-08 -3.3877e-08 -3.4705e-08 -3.5886e-08 -3.6106e-08 -3.6416e-08 -3.6488e-08 -3.6522e-08 -3.653e-08 -3.6528e-08 -3.6458e-08 -3.5866e-08 -3.5893e-08 -3.6031e-08 -3.6199e-08 -3.6432e-08 -3.6481e-08 -3.6464e-08 -3.6467e-08 -3.6185e-08 -3.6425e-08 -3.6401e-08 -3.6404e-08 -3.5571e-08 -3.4995e-08 -3.4684e-08 -3.4068e-08 -3.233e-08 -3.2698e-08 -3.1465e-08 -3.1699e-08 -3.0929e-08 -3.2155e-08 -3.3204e-08 -3.356e-08 -3.4849e-08 -3.4681e-08 -3.6131e-08 -3.6524e-08 -3.6461e-08 -3.6059e-08 -3.6524e-08 -3.6437e-08 -3.6486e-08 -3.5926e-08 -3.5308e-08 -3.6165e-08 -3.5306e-08 -3.4531e-08 -3.4667e-08 -3.5248e-08 -3.468e-08 -3.484e-08 -3.4775e-08 -3.4783e-08 -3.4874e-08 -3.4565e-08 -3.471e-08 -3.5225e-08 -3.5301e-08 -3.4961e-08 -3.5232e-08 -3.5872e-08 -3.5885e-08 -3.6282e-08 -3.6154e-08 -3.6488e-08 -3.6532e-08 -3.6482e-08 -3.6381e-08 -3.6151e-08 -3.5158e-08 -3.5287e-08 -3.5033e-08 -3.5543e-08 -3.5827e-08 -3.5918e-08 -3.6213e-08 -3.6171e-08 -3.6338e-08 -3.6462e-08 -3.6534e-08 -3.6377e-08 -3.6529e-08 -3.6476e-08
-3.648e-08 -3.6461e-08 -3.6483e-08 -3.6458e-08 -3.6496e-08 -3.6399e-08 -3.6534e-08 -3.6515e-08 -3.6536e-08 -3.6356e-08 -3.616e-08 -3.6205e-08 -3.5882e-08 -3.5206e-08 -3.4282e-08 -3.3483e-08 -3.2336e-08 -3.1182e-08 -2.9894e-08 -2.7518e-08 -2.5088e-08 -2.4309e-08 -2.2291e-08 -2.044e-08 -1.7741e-08 -1.6759e-08 -1.3991e-08 -1.2014e-08 -1.0169e-08 -9.8059e-09 -9.3404e-09 -7.0382e-09 -8.4929e-09 -8.5575e-09 -6.6434e-09 -4.8577e-09 -3.6757e-09 -4.8643e-09 -2.4172e-09 -1.6563e-08 1.1371e-09 1.9495e-09 1.6667e-09 -1.0473e-09 -3.5582e-09 -7.91e-09 -1.218e-08 -1.784e-08 -2.424e-08 -2.7579e-08 -2.8856e-08 -3.3091e-08 -3.4879e-08 -3.5797e-08 -3.6335e-08 -3.6524e-08 -3.6221e-08 -3.5523e-08 -3.4439e-08 -3.3399e-08 -3.0899e-08 -2.8045e-08 -2.6709e-08 -2.554e-08 -2.3758e-08 -1.3799e-08 -2.5297e-08 -2.0715e-08 -2.002e-08 -1.9834e-08 -1.7683e-08 -2.0436e-08 -1.8397e-08 -1.5123e-08 -1.367e-08 -1.4416e-08 -1.5325e-08 -1.487e-08 -1.728e-08 -1.6386e-08 -1.78e-08 -1.7769e-08 -1.8998e-08 -1.8617e-08 -2.0443e-08 -2.1209e-08 -2.3161e-08 -2.4277e-08 -2.6052e-08 -2.7459e-08 -2.9047e-08 -2.9811e-08 -3.033e-08 -3.1752e-08 -3.1863e-08 -3.2054e-08 -3.4032e-08 -3.4804e-08 -3.5002e-08 -3.5808e-08 -3.6002e-08 -3.6271e-08 -3.6498e-08 -3.6513e-08 -3.6532e-08 -3.6517e-08 -3.6424e-08 -3.6531e-08 -3.6517e-08 -3.6527e-08 -3.6535e-08 -3.6529e-08 -3.6506e-08 -3.6518e-08 -3.65e-08 -3.6534e-08 -3.65e-08 -3.6489e-08 -3.6383e-08 -3.5511e-08 -3.5964e-08 -3.5764e-08 -3.1864e-08 -3.3821e-08 -3.3289e-08 -3.2613e-08 -3.1439e-08 -3.0801e-08 -3.1741e-08 -3.3209e-08 -3.3259e-08 -3.388e-08 -3.4635e-08 -2.7958e-08 -3.4806e-08 -3.613e-08 -3.6278e-08 -3.6158e-08 -3.6531e-08 -3.6498e-08 -3.6394e-08 -3.6486e-08 -3.6206e-08 -3.602e-08 -3.5996e-08 -3.6446e-08 -3.6171e-08 -3.6243e-08 -3.5974e-08 -3.5758e-08 -3.5993e-08 -3.571e-08 -3.5989e-08 -3.6219e-08 -3.5892e-08 -3.582e-08 -3.6118e-08 -3.6218e-08 -3.616e-08 -3.6392e-08 -3.6487e-08 -3.6437e-08 -3.6535e-08 -3.6531e-08 -3.6492e-08 -3.5735e-08 -3.627e-08 -3.6118e-08 -3.5559e-08 -3.5931e-08 -3.5689e-08 -3.6165e-08 -3.6317e-08 -3.6258e-08 -3.6498e-08 -3.6513e-08 -3.646e-08 -3.6515e-08 -3.6529e-08 -3.6512e-08
-3.6243e-08 -3.652e-08 -3.6523e-08 -2.968e-08 -3.6481e-08 -3.6401e-08 -3.6391e-08 -3.6452e-08 -3.6505e-08 -3.6528e-08 -3.6529e-08 -3.6329e-08 -3.6284e-08 -3.5813e-08 -3.5583e-08 -3.5335e-08 -3.4628e-08 -3.4097e-08 -3.2202e-08 -2.9765e-08 -2.4811e-08 -2.9252e-08 -2.8074e-08 -2.6871e-08 -2.5864e-08 -2.5332e-08 -2.3488e-08 -2.3871e-08 -2.3717e-08 -2.202e-08 -2.156e-08 -2.0064e-08 -1.9457e-08 -1.8086e-08 -1.6536e-08 -1.5238e-08 -1.4556e-08 -1.5515e-08 -1.5134e-08 -1.4478e-08 -1.3866e-08 -1.554e-08 -1.5764e-08 -1.7843e-08 -2.0842e-08 -2.2682e-08 -2.5349e-08 -2.6678e-08 -3.0275e-08 -3.2466e-08 -3.4819e-08 -3.5807e-08 -3.6414e-08 -3.6496e-08 -3.5906e-08 -3.5379e-08 -3.4475e-08 -3.3262e-08 -3.1409e-08 -3.0822e-08 -2.9001e-08 -2.6526e-08 -2.406e-08 -2.169e-08 -2.1782e-08 -2.1148e-08 -1.7789e-08 -1.8341e-08 -1.869e-08 -1.8826e-08 -1.7152e-08 -1.8279e-08 -1.6498e-08 -1.6612e-08 -1.5855e-08 -1.4465e-08 -1.5621e-08 -1.7398e-08 -1.7716e-08 -1.6822e-08 -1.7433e-08 -1.7773e-08 -2.0001e-08 -2.1345e-08 -2.2285e-08 -2.696e-08 -2.5975e-08 -2.6824e-08 -2.7149e-08 -2.7906e-08 -2.8423e-08 -2.993e-08 -3.1561e-08 -3.2182e-08 -3.1574e-08 -3.4567e-08 -3.4899e-08 -3.4751e-08 -3.5135e-08 -3.5617e-08 -3.5731e-08 -3.6103e-08 -3.6345e-08 -3.6346e-08 -3.6315e-08 -3.6402e-08 -3.6432e-08 -3.6413e-08 -3.6444e-08 -3.6495e-08 -3.6382e-08 -3.6448e-08 -3.63e-08 -3.6457e-08 -3.6498e-08 -3.6529e-08 -3.6535e-08 -3.6464e-08 -3.6535e-08 -3.6444e-08 -3.619e-08 -3.6035e-08 -3.5962e-08 -3.5294e-08 -3.4712e-08 -3.4143e-08 -3.2948e-08 -3.2475e-08 -3.2036e-08 -3.2039e-08 -3.2237e-08 -3.3211e-08 -3.3898e-08 -3.3973e-08 -3.4741e-08 -3.5587e-08 -3.5893e-08 -3.587e-08 -3.6306e-08 -3.5588e-08 -3.6494e-08 -3.5874e-08 -3.6517e-08 -3.6523e-08 -3.6462e-08 -3.65e-08 -3.6515e-08 -3.6506e-08 -3.6442e-08 -3.643e-08 -3.6487e-08 -3.6463e-08 -3.6209e-08 -3.6213e-08 -3.6237e-08 -3.6358e-08 -3.6328e-08 -3.6455e-08 -3.6359e-08 -3.6321e-08 -3.6427e-08 -3.6512e-08 -3.6475e-08 -3.652e-08 -3.6425e-08 -3.6514e-08 -3.6512e-08 -3.6523e-08 -3.5855e-08 -3.6203e-08 -3.6279e-08 -3.6378e-08 -3.6052e-08 -3.6486e-08 -3.6533e-08 -3.6506e-08 -3.6531e-08 -3.6483e-08 -3.6449e-08 -3.641e-08
-3.6318e-08 -3.5783e-08 -3.6272e-08 -3.5885e-08 -3.5954e-08 -3.6148e-08 -3.626e-08 -3.6167e-08 -3.6516e-08 -3.6503e-08 -3.6536e-08 -3.6536e-08 -3.6535e-08 -3.6527e-08 -3.6361e-08 -3.6101e-08 -3.5905e-08 -3.5566e-08 -3.4527e-08 -3.5159e-08 -3.466e-08 -3.3474e-08 -3.3112e-08 -3.2687e-08 -3.2083e-08 -3.1704e-08 -2.9554e-08 -3.0448e-08 -2.9959e-08 -2.9449e-08 -2.8398e-08 -2.7318e-08 -2.6975e-08 -2.6041e-08 -2.4656e-08 -2.2989e-08 -2.2896e-08 -2.3195e-08 -2.1922e-08 -2.1603e-08 -2.1716e-08 -2.3442e-08 -2.5214e-08 -2.694e-08 -2.9073e-08 -3.0748e-08 -3.1927e-08 -3.3538e-08 -3.4466e-08 -3.5525e-08 -3.6182e-08 -3.6296e-08 -3.642e-08 -3.5445e-08 -3.4173e-08 -3.2323e-08 -3.0292e-08 -2.7522e-08 -2.6404e-08 -2.565e-08 -2.5026e-08 -2.247e-08 -2.1269e-08 -2.171e-08 -1.9046e-08 -1.8259e-08 -1.7905e-08 -1.9805e-08 -1.8593e-08 -1.7313e-08 -1.9669e-08 -1.9142e-08 -1.6968e-08 -1.6725e-08 -1.6732e-08 -1.6198e-08 -1.6275e-08 -1.7814e-08 -1.7614e-08 -1.816e-08 -1.7801e-08 -1.9661e-08 -2.0919e-08 -2.6734e-08 1.4574e-09 3.7926e-08 -3.4966e-08 -2.8956e-08 -2.7506e-08 -2.9122e-08 -2.8578e-08 -3.09e-08 -3.0622e-08 -3.2724e-08 -3.2905e-08 -3.3729e-08 -3.4502e-08 -3.4735e-08 -3.4811e-08 -3.5152e-08 -3.5689e-08 -3.5721e-08 -3.5973e-08 -3.6405e-08 -3.6083e-08 -3.6443e-08 -3.6474e-08 -3.638e-08 -3.6408e-08 -3.6456e-08 -3.6301e-08 -3.6303e-08 -3.6157e-08 -3.6407e-08 -3.6529e-08 -3.6536e-08 -3.6399e-08 -3.6535e-08 -3.6517e-08 -3.6527e-08 -3.6533e-08 -3.6448e-08 -3.6389e-08 -3.5528e-08 -3.5446e-08 -3.388e-08 -3.4327e-08 -3.3385e-08 -3.3187e-08 -3.1263e-08 -3.2755e-08 -3.246e-08 -3.2458e-08 -3.2906e-08 -3.3994e-08 -3.3675e-08 -3.4583e-08 -3.4867e-08 -3.4223e-08 -3.531e-08 -3.5859e-08 -3.5741e-08 -3.6158e-08 -3.6242e-08 -3.5896e-08 -3.643e-08 -3.6398e-08 -3.6469e-08 -3.6423e-08 -3.6473e-08 -3.653e-08 -3.6535e-08 -3.6536e-08 -3.652e-08 -3.635e-08 -3.6494e-08 -3.6522e-08 -3.6385e-08 -3.6437e-08 -3.6449e-08 -3.6536e-08 -3.6535e-08 -3.6424e-08 -3.6456e-08 -3.6534e-08 -3.6435e-08 -3.6456e-08 -3.6443e-08 -3.6531e-08 -3.6486e-08 -3.6506e-08 -3.6523e-08 -3.6536e-08 -3.6534e-08 -3.6532e-08 -3.644e-08 -3.6533e-08 -3.6536e-08 -3.6243e-08 -3.6395e-08
-3.561e-08 -3.5687e-08 -3.5326e-08 -3.558e-08 -3.5752e-08 -3.5044e-08 -3.5457e-08 -3.5783e-08 -3.5546e-08 -3.5829e-08 -3.6422e-08 -3.6319e-08 -3.6142e-08 -3.6492e-08 -3.6438e-08 -3.6527e-08 -3.6531e-08 -3.6531e-08 -3.6511e-08 -3.6495e-08 -3.5924e-08 -3.6192e-08 -3.5462e-08 -3.4992e-08 -3.4958e-08 -3.3661e-08 -3.4851e-08 -3.4543e-08 -3.3618e-08 -3.3243e-08 -3.2968e-08 -3.1582e-08 -3.1977e-08 -3.0442e-08 -3.4249e-08 -2.8564e-08 -2.8527e-08 -2.8282e-08 -2.7649e-08 -2.8193e-08 -2.8844e-08 -2.9845e-08 -3.1735e-08 -3.2304e-08 -3.3275e-08 -3.449e-08 -3.5491e-08 -3.625e-08 -3.6492e-08 -3.6495e-08 -3.6052e-08 -3.5031e-08 -3.3784e-08 -3.1742e-08 -2.9258e-08 -2.6683e-08 -2.3464e-08 -2.1065e-08 -1.8392e-08 -1.5794e-08 -1.4829e-08 -1.541e-08 -1.7434e-08 -1.8457e-08 -1.8362e-08 -1.8434e-08 -1.9314e-08 -1.847e-08 -1.7141e-08 -1.8129e-08 -1.7417e-08 -1.7451e-08 -1.8292e-08 -1.6864e-08 -1.7004e-08 -1.805e-08 -1.8741e-08 -2.1086e-08 -1.7621e-08 -1.8857e-08 -1.9636e-08 -2.1008e-08 -2.4257e-08 -2.5349e-08 -2.5626e-08 -2.808e-08 -2.856e-08 -2.8249e-08 -2.9063e-08 -2.8659e-08 -3.0092e-08 -3.1239e-08 -3.1433e-08 -3.2704e-08 -3.3147e-08 -3.4048e-08 -3.4427e-08 -3.4812e-08 -3.5129e-08 -3.5795e-08 -3.6095e-08 -3.5834e-08 -3.6035e-08 -3.6414e-08 -3.6346e-08 -3.6348e-08 -3.6317e-08 -3.6444e-08 -3.6512e-08 -3.6503e-08 -3.6536e-08 -3.6334e-08 -3.6155e-08 -3.6365e-08 -3.6453e-08 -3.6429e-08 -3.6534e-08 -3.6499e-08 -3.6519e-08 -3.653e-08 -3.6532e-08 -3.635e-08 -3.6454e-08 -3.6303e-08 -3.5997e-08 -3.5704e-08 -3.5615e-08 -3.4458e-08 -3.3627e-08 -3.3397e-08 -3.255e-08 -3.1464e-08 -3.1679e-08 -3.1711e-08 -3.0308e-08 -3.2983e-08 -3.3165e-08 -3.3632e-08 -2.8938e-08 -3.431e-08 -3.4874e-08 -3.5493e-08 -3.5627e-08 -3.523e-08 -3.5508e-08 -3.5606e-08 -3.4209e-08 -3.6112e-08 -3.6063e-08 -3.6226e-08 -3.6117e-08 -3.6485e-08 -3.6447e-08 -3.6518e-08 -3.6533e-08 -3.653e-08 -3.6536e-08 -3.6531e-08 -3.6522e-08 -3.645e-08 -3.6501e-08 -3.6526e-08 -3.653e-08 -3.6509e-08 -3.6524e-08 -3.6524e-08 -3.633e-08 -3.6336e-08 -3.6316e-08 -3.646e-08 -3.632e-08 -3.6459e-08 -3.6186e-08 -3.6248e-08 -3.6507e-08 -3.6427e-08 -3.6396e-08 -3.5891e-08 -3.6017e-08 -3.5776e-08
-3.6108e-08 -3.4932e-08 -3.4857e-08 -3.5225e-08 -3.5002e-08 -3.4888e-08 -3.5123e-08 -3.4813e-08 -3.5714e-08 -3.4508e-08 -3.5336e-08 -3.5447e-08 -3.5636e-08 -3.5485e-08 -3.6265e-08 -3.6457e-08 -3.6461e-08 -3.6148e-08 -3.6003e-08 -3.6381e-08 -3.6346e-08 -3.6387e-08 -3.6466e-08 -3.6514e-08 -3.6472e-08 -3.6427e-08 -3.4354e-08 -3.6288e-08 -3.6253e-08 -3.5333e-08 -3.6138e-08 -3.4885e-08 -3.5194e-08 -3.4153e-08 -3.2987e-08 -3.2043e-08 -3.2462e-08 -3.2359e-08 -3.2583e-08 -3.272e-08 -3.2893e-08 -3.4346e-08 -3.5022e-08 -3.5676e-08 -3.6112e-08 -3.6461e-08 -3.6401e-08 -3.573e-08 -3.4456e-08 -3.3185e-08 -3.2193e-08 -3.1018e-08 -3.022e-08 -2.8337e-08 -2.687e-08 -2.4479e-08 -2.2885e-08 -2.2054e-08 -1.9812e-08 -1.8976e-08 -1.8898e-08 -1.8443e-08 -1.8826e-08 -1.9132e-08 -2.0062e-08 -1.9292e-08 -1.8901e-08 -1.8686e-08 -1.9814e-08 -1.8439e-08 -1.8215e-08 -1.8954e-08 -1.7347e-08 -1.7912e-08 -2.0688e-08 -1.9132e-08 -1.9526e-08 -2.1224e-08 -2.1035e-08 -2.194e-08 -2.3379e-08 -2.4174e-08 -2.3632e-08 -2.5294e-08 -2.7587e-08 -2.734e-08 -2.9633e-08 -3.0301e-08 -3.0722e-08 -3.1415e-08 -3.1415e-08 -3.2336e-08 -3.3388e-08 -3.3514e-08 -3.3582e-08 -3.5177e-08 -3.4906e-08 -3.4949e-08 -3.5333e-08 -3.5525e-08 -3.5678e-08 -3.5741e-08 -3.5938e-08 -3.633e-08 -3.6274e-08 -3.598e-08 -3.6166e-08 -3.633e-08 -3.636e-08 -3.6253e-08 -3.6499e-08 -3.6532e-08 -3.6446e-08 -3.647e-08 -3.6384e-08 -3.6474e-08 -3.6532e-08 -3.651e-08 -3.6523e-08 -3.6486e-08 -3.6368e-08 -3.6461e-08 -3.6392e-08 -3.6372e-08 -3.5859e-08 -3.5725e-08 -3.5657e-08 -3.5453e-08 -3.5107e-08 -3.4685e-08 -3.4127e-08 -3.3015e-08 -3.2883e-08 -3.1924e-08 -3.0897e-08 -2.9822e-08 -3.0955e-08 -3.2647e-08 -3.3585e-08 -3.3215e-08 -3.3624e-08 -3.3625e-08 -3.4127e-08 -3.4109e-08 -3.4242e-08 -3.4329e-08 -3.4726e-08 -3.5178e-08 -3.5185e-08 -3.5046e-08 -3.567e-08 -3.5301e-08 -3.5785e-08 -3.6197e-08 -3.6414e-08 -3.6496e-08 -3.6438e-08 -3.6523e-08 -3.6367e-08 -3.65e-08 -3.6534e-08 -3.6535e-08 -3.6535e-08 -3.6436e-08 -3.6441e-08 -3.6297e-08 -3.6253e-08 -3.6019e-08 -3.6156e-08 -3.6306e-08 -3.6348e-08 -3.6019e-08 -3.5866e-08 -3.5659e-08 -3.4846e-08 -3.531e-08 -3.5603e-08 -3.5382e-08 -3.5679e-08 -3.5896e-08
-3.4685e-08 -3.398e-08 -3.34e-08 -3.4331e-08 -3.4761e-08 -3.4067e-08 -2.8335e-08 -3.5171e-08 -3.4305e-08 -3.4171e-08 -3.5258e-08 -3.4829e-08 -3.4604e-08 -3.5061e-08 -3.4234e-08 -3.4033e-08 -3.4195e-08 -3.4851e-08 -3.3563e-08 -3.5604e-08 -3.6114e-08 -3.5394e-08 -3.5434e-08 -3.5794e-08 -3.6196e-08 -3.6341e-08 -3.65e-08 -3.6526e-08 -3.653e-08 -3.6395e-08 -3.6477e-08 -3.6513e-08 -3.6527e-08 -3.6149e-08 -3.6471e-08 -3.6488e-08 -3.6148e-08 -3.616e-08 -3.6248e-08 -3.6322e-08 -3.6109e-08 -3.6526e-08 -3.6529e-08 -3.6473e-08 -3.6164e-08 -3.5854e-08 -3.5159e-08 -3.3803e-08 -3.2886e-08 -3.1352e-08 -3.0026e-08 -2.9009e-08 -2.8827e-08 -2.9192e-08 -2.7857e-08 -2.7397e-08 -2.6832e-08 -2.602e-08 -2.5059e-08 -2.5054e-08 -2.5646e-08 -2.4355e-08 -2.4252e-08 -2.3481e-08 -2.0653e-08 -2.2271e-08 -2.1902e-08 -2.1146e-08 -1.9061e-08 -2.078e-08 -1.9956e-08 -2.0736e-08 -2.1017e-08 -1.9979e-08 -2.1577e-08 -2.2897e-08 -2.2762e-08 -2.2131e-08 -2.3079e-08 -2.4514e-08 -2.5512e-08 -2.5776e-08 -2.6585e-08 -2.7857e-08 -2.9077e-08 -2.9466e-08 -3.0259e-08 -3.0512e-08 -3.1222e-08 -3.2594e-08 -3.3749e-08 -3.4443e-08 -3.4018e-08 -3.387e-08 -3.4752e-08 -3.484e-08 -3.5232e-08 -3.5372e-08 -3.5551e-08 -3.5844e-08 -3.6164e-08 -3.6332e-08 -3.6412e-08 -3.6465e-08 -3.6313e-08 -3.6235e-08 -3.6303e-08 -3.645e-08 -3.6409e-08 -3.6449e-08 -3.6302e-08 -3.6475e-08 -3.6508e-08 -3.6505e-08 -3.6534e-08 -3.6517e-08 -3.6525e-08 -3.6505e-08 -3.6295e-08 -3.6487e-08 -3.6099e-08 -3.6396e-08 -3.6324e-08 -3.583e-08 -3.5896e-08 -3.5841e-08 -3.5722e-08 -3.573e-08 -3.5382e-08 -3.482e-08 -3.4436e-08 -3.4587e-08 -3.4028e-08 -3.3706e-08 -3.2607e-08 -3.2845e-08 -3.2003e-08 -3.1467e-08 -3.0861e-08 -3.0344e-08 -2.9247e-08 -2.8991e-08 -2.9846e-08 -3.0663e-08 -3.1575e-08 -3.2382e-08 -3.3433e-08 -3.3748e-08 -3.4751e-08 -3.4545e-08 -3.5281e-08 -3.5203e-08 -3.5156e-08 -3.5436e-08 -3.601e-08 -3.5852e-08 -3.6405e-08 -3.652e-08 -3.6534e-08 -3.6515e-08 -3.6485e-08 -3.6534e-08 -3.6403e-08 -3.6353e-08 -3.6296e-08 -3.6032e-08 -3.614e-08 -3.5978e-08 -3.6424e-08 -3.5788e-08 -3.5823e-08 -3.5949e-08 -3.6253e-08 -3.5632e-08 -3.5435e-08 -3.5155e-08 -3.4378e-08 -3.5507e-08 -3.4842e-08 -3.5036e-08
-3.3368e-08 -3.2566e-08 -3.2486e-08 -3.3133e-08 -3.3839e-08 -3.2139e-08 -3.1857e-08 -3.2475e-08 -3.2532e-08 -3.1853e-08 -3.0916e-08 -3.2287e-08 -3.2029e-08 -3.3381e-08 -3.0414e-08 -3.261e-08 -3.2968e-08 -3.3329e-08 -3.4021e-08 -3.4057e-08 -3.3621e-08 -3.5711e-08 -3.5636e-08 -3.5105e-08 -3.5746e-08 -3.496e-08 -3.5718e-08 -3.2156e-08 -3.441e-08 -3.5203e-08 -3.4616e-08 -3.5725e-08 -3.6068e-08 -3.6273e-08 -3.6489e-08 -3.6311e-08 -3.6493e-08 -3.6425e-08 -3.6334e-08 -3.5958e-08 -3.5687e-08 -3.5294e-08 -3.4996e-08 -3.472e-08 -3.3938e-08 -3.3378e-08 -3.2979e-08 -3.2432e-08 -3.1766e-08 -3.09e-08 -2.9638e-08 -2.7464e-08 -2.8237e-08 -2.8103e-08 -2.8151e-08 -2.8359e-08 -2.9044e-08 -2.9159e-08 -2.9956e-08 -2.9019e-08 -2.8363e-08 -2.765e-08 -2.698e-08 -2.7119e-08 -2.6327e-08 -2.5002e-08 -2.4382e-08 -2.5079e-08 -2.5172e-08 -2.4501e-08 -2.2914e-08 -2.18e-08 -2.2065e-08 -2.415e-08 -2.2934e-08 -2.2722e-08 -2.2569e-08 -2.4372e-08 -2.5656e-08 -2.7529e-08 -2.7374e-08 -2.8298e-08 -2.9195e-08 -2.9988e-08 -2.9635e-08 -3.0057e-08 -3.0822e-08 -3.1617e-08 -3.2448e-08 -3.2503e-08 -3.3433e-08 -3.5049e-08 -3.5013e-08 -3.5006e-08 -3.5129e-08 -3.591e-08 -3.5806e-08 -3.5862e-08 -3.6072e-08 -3.5972e-08 -3.6193e-08 -3.6214e-08 -3.6352e-08 -3.6536e-08 -3.6442e-08 -3.6424e-08 -3.6524e-08 -3.6536e-08 -3.6536e-08 -3.6501e-08 -3.6536e-08 -3.6533e-08 -3.6499e-08 -3.6518e-08 -3.6535e-08 -3.6517e-08 -3.6509e-08 -3.6528e-08 -3.6361e-08 -3.6147e-08 -3.6323e-08 -3.6479e-08 -3.6415e-08 -3.6069e-08 -3.5971e-08 -3.5803e-08 -3.5511e-08 -3.5773e-08 -3.507e-08 -3.4994e-08 -3.4645e-08 -3.4269e-08 -3.4495e-08 -3.3873e-08 -3.4139e-08 -3.3676e-08 -3.3177e-08 -3.2552e-08 -3.2311e-08 -3.2505e-08 -3.2899e-08 -3.3205e-08 -3.3503e-08 -3.358e-08 -3.3869e-08 -3.4149e-08 -3.4358e-08 -3.4507e-08 -3.4954e-08 -3.5164e-08 -3.4932e-08 -3.5522e-08 -3.5502e-08 -3.5798e-08 -3.5798e-08 -3.5807e-08 -3.6352e-08 -3.6479e-08 -3.652e-08 -3.6492e-08 -3.6487e-08 -3.6494e-08 -3.6534e-08 -3.6387e-08 -3.6105e-08 -3.5853e-08 -3.6194e-08 -3.5832e-08 -3.5334e-08 -3.5045e-08 -3.6436e-08 -2.0766e-08 -3.6436e-08 -2.5595e-08 -3.533e-08 -3.4777e-08 -3.3505e-08 -3.3852e-08 -3.521e-08 -3.4234e-08
-3.3354e-08 -3.1972e-08 -3.2793e-08 -3.2161e-08 -3.2111e-08 -3.0416e-08 -3.2593e-08 -3.1343e-08 -3.103e-08 -3.1176e-08 -3.0398e-08 -3.1677e-08 -3.1405e-08 -2.9932e-08 -3.1407e-08 -3.0553e-08 -3.0673e-08 -3.3192e-08 -3.2089e-08 -3.1469e-08 -3.2296e-08 -3.089e-08 -3.0194e-08 -2.8882e-08 -3.1401e-08 -3.3672e-08 -3.3273e-08 -3.3214e-08 -3.5483e-08 -3.4824e-08 -3.4597e-08 -3.5081e-08 -3.3813e-08 -3.3283e-08 -3.2446e-08 -3.4361e-08 -3.4863e-08 -3.4708e-08 -3.5454e-08 -3.4394e-08 -3.4573e-08 -3.4113e-08 -3.3055e-08 -3.3217e-08 -3.3246e-08 -3.391e-08 -3.291e-08 -3.226e-08 -3.1763e-08 -3.0282e-08 -2.9443e-08 -2.9184e-08 -2.9229e-08 -2.8997e-08 -2.8848e-08 -2.6749e-08 -2.9254e-08 -2.9441e-08 -2.9003e-08 -2.8667e-08 -2.7374e-08 -2.6492e-08 -2.5835e-08 -2.5798e-08 -2.5821e-08 -2.639e-08 -2.6978e-08 -2.6612e-08 -2.582e-08 -2.7401e-08 -2.5273e-08 -2.5246e-08 -2.5242e-08 -2.524e-08 -2.5755e-08 -2.5087e-08 -2.6369e-08 -2.6552e-08 -2.8347e-08 -2.7981e-08 -2.9263e-08 -2.9477e-08 -3.059e-08 -2.8332e-08 -3.1247e-08 -3.2265e-08 -3.2953e-08 -3.3601e-08 -3.3747e-08 -3.3739e-08 -3.4433e-08 -3.4669e-08 -3.5005e-08 -3.5445e-08 -3.5428e-08 -3.5632e-08 -3.5037e-08 -3.6141e-08 -3.6299e-08 -3.6379e-08 -3.6431e-08 -3.6445e-08 -3.647e-08 -3.6525e-08 -3.6513e-08 -3.6494e-08 -3.649e-08 -3.653e-08 -3.6522e-08 -3.6526e-08 -3.6534e-08 -3.651e-08 -3.6535e-08 -3.6536e-08 -3.6534e-08 -3.6519e-08 -3.6487e-08 -3.6519e-08 -3.635e-08 -3.6359e-08 -3.6327e-08 -3.6256e-08 -3.5953e-08 -3.638e-08 -3.6372e-08 -3.625e-08 -3.5751e-08 -3.5644e-08 -3.5633e-08 -3.5027e-08 -3.5605e-08 -3.5366e-08 -3.5436e-08 -3.5149e-08 -3.441e-08 -3.4676e-08 -3.434e-08 -3.4325e-08 -3.4171e-08 -3.4161e-08 -3.3957e-08 -3.4638e-08 -3.4719e-08 -3.3405e-08 -3.4246e-08 -3.4701e-08 -3.5115e-08 -3.5242e-08 -3.4839e-08 -3.4905e-08 -3.5205e-08 -3.5599e-08 -3.5756e-08 -3.5874e-08 -3.6065e-08 -3.6086e-08 -3.6218e-08 -3.6465e-08 -3.652e-08 -3.6535e-08 -3.6533e-08 -3.6444e-08 -3.6427e-08 -3.6193e-08 -3.6077e-08 -3.6118e-08 -3.6077e-08 -3.5889e-08 -3.5629e-08 -3.5249e-08 -3.5227e-08 -3.4773e-08 -3.5219e-08 -3.2953e-08 -3.2748e-08 -3.2412e-08 -3.2316e-08 -3.2366e-08 -3.2937e-08 -3.3809e-08
-3.0638e-08 -3.2369e-08 -3.4936e-08 -3.5776e-08 -3.4628e-08 -3.1329e-08 -3.2689e-08 -3.6041e-08 -3.5912e-08 -3.2041e-08 -3.0636e-08 -3.0626e-08 -3.0129e-08 -3.0745e-08 -3.0916e-08 -3.3184e-08 -3.5798e-08 -3.5505e-08 -3.6074e-08 -3.3353e-08 -3.529e-08 -3.4325e-08 -2.8739e-08 -2.3436e-08 -3.1055e-08 -3.3342e-08 -3.349e-08 -3.1818e-08 -3.2686e-08 -3.2849e-08 -3.2997e-08 -3.2935e-08 -3.2299e-08 -3.3401e-08 -3.6016e-08 -3.3624e-08 -3.4597e-08 -3.3775e-08 -3.4121e-08 -3.447e-08 -3.2687e-08 -3.3066e-08 -3.397e-08 -3.3949e-08 -3.3051e-08 -3.2087e-08 -3.1626e-08 -3.112e-08 -3.0545e-08 -3.0165e-08 -2.9856e-08 -2.9292e-08 -3.1353e-08 -2.8294e-08 -2.7833e-08 -2.7081e-08 -2.6662e-08 -2.6703e-08 -2.6728e-08 -2.6662e-08 -2.6043e-08 -3.5156e-08 -3.4934e-08 -3.0264e-08 -2.8166e-08 -2.8611e-08 -2.8751e-08 -2.8263e-08 -2.9492e-08 -2.9521e-08 -2.857e-08 -2.8231e-08 -2.8274e-08 -2.8158e-08 -2.8956e-08 -2.8802e-08 -2.9261e-08 -2.9123e-08 -2.858e-08 -2.9009e-08 -2.988e-08 -3.1433e-08 -3.1678e-08 -3.2096e-08 -3.2234e-08 -3.3e-08 -3.4333e-08 -3.452e-08 -3.3784e-08 -3.4299e-08 -3.4207e-08 -3.4664e-08 -3.528e-08 -3.5876e-08 -3.5963e-08 -3.5773e-08 -3.5772e-08 -3.59e-08 -3.6116e-08 -3.6273e-08 -3.6328e-08 -3.6342e-08 -3.6457e-08 -3.626e-08 -3.647e-08 -3.6498e-08 -3.6497e-08 -3.6517e-08 -3.6521e-08 -3.6528e-08 -3.653e-08 -3.6536e-08 -3.6518e-08 -3.6421e-08 -3.6423e-08 -3.6405e-08 -3.6501e-08 -3.6325e-08 -3.6346e-08 -3.5983e-08 -3.6174e-08 -3.6292e-08 -3.6337e-08 -3.6367e-08 -3.634e-08 -3.6381e-08 -3.6277e-08 -3.6193e-08 -3.6036e-08 -3.5765e-08 -3.5967e-08 -3.5654e-08 -3.5401e-08 -3.4856e-08 -3.1288e-08 -3.4268e-08 -3.5165e-08 -3.5256e-08 -3.5468e-08 -3.5304e-08 -3.4924e-08 -3.5006e-08 -3.5026e-08 -3.4971e-08 -3.509e-08 -3.4888e-08 -3.5365e-08 -3.5043e-08 -3.5288e-08 -3.4883e-08 -3.5443e-08 -3.579e-08 -3.5741e-08 -3.5987e-08 -3.6201e-08 -3.6287e-08 -3.6391e-08 -3.6439e-08 -3.6348e-08 -3.6502e-08 -3.6528e-08 -3.6517e-08 -3.6345e-08 -3.6153e-08 -3.607e-08 -3.6041e-08 -3.5814e-08 -3.53e-08 -3.5262e-08 -3.5521e-08 -3.4916e-08 -3.5411e-08 -3.5009e-08 -3.4351e-08 -3.46e-08 -3.2411e-08 -3.0992e-08 -3.1338e-08 -3.2397e-08 -3.1453e-08
-3.4184e-08 -3.5266e-08 -3.5248e-08 -3.4393e-08 -3.4151e-08 -3.4585e-08 -3.4958e-08 -3.4994e-08 -3.4712e-08 -3.4861e-08 -3.4727e-08 -3.5863e-08 -3.3883e-08 -3.4373e-08 -3.4065e-08 -3.314e-08 -3.3172e-08 -3.2686e-08 -3.2673e-08 -3.3321e-08 -3.3554e-08 -3.2211e-08 -3.2487e-08 -3.2102e-08 -3.1452e-08 -3.088e-08 -3.2005e-08 -3.4523e-08 -3.3834e-08 -3.4856e-08 -3.4348e-08 -3.3937e-08 -3.3584e-08 -3.347e-08 -3.3925e-08 -3.3239e-08 -3.3699e-08 -3.2601e-08 -3.2798e-08 -3.2912e-08 -3.2724e-08 -3.2366e-08 -3.2416e-08 -3.2979e-08 -3.3658e-08 -3.3399e-08 -3.2991e-08 -3.2516e-08 -3.217e-08 -3.1114e-08 -3.0071e-08 -3.0656e-08 -3.0152e-08 -2.9567e-08 -2.8893e-08 -2.8729e-08 -2.9405e-08 -2.8513e-08 -2.7365e-08 -2.7482e-08 -2.6728e-08 -2.6257e-08 -2.6562e-08 -2.6212e-08 -2.7171e-08 -2.7138e-08 -2.593e-08 -2.6927e-08 -2.8581e-08 -2.9471e-08 -3.039e-08 -3.0864e-08 -3.1916e-08 -3.1548e-08 -3.1432e-08 -3.343e-08 -3.3883e-08 -3.3459e-08 -3.2265e-08 -3.2108e-08 -3.3417e-08 -3.2806e-08 -3.4511e-08 -3.6516e-08 -3.5892e-08 -3.3314e-08 -3.2057e-08 -3.4673e-08 -3.5684e-08 -2.271e-08 -3.2495e-08 -3.6511e-08 -3.4927e-08 -2.8944e-08 -3.6102e-08 -2.5119e-08 -2.8414e-08 -3.6375e-08 -3.47e-08 -2.937e-08 -3.1539e-08 -3.3052e-08 -3.4625e-08 -3.6535e-08 -3.6527e-08 -3.6513e-08 -3.6536e-08 -3.6533e-08 -3.6524e-08 -3.6535e-08 -3.6536e-08 -3.6534e-08 -3.653e-08 -3.6522e-08 -3.645e-08 -3.6485e-08 -3.6449e-08 -3.6439e-08 -3.6389e-08 -3.5387e-08 -3.6032e-08 -3.5231e-08 -3.6265e-08 -3.6158e-08 -3.6056e-08 -3.6221e-08 -3.6091e-08 -3.5963e-08 -3.6017e-08 -3.6052e-08 -3.6079e-08 -3.6117e-08 -3.6007e-08 -3.6058e-08 -3.6027e-08 -3.6047e-08 -3.6127e-08 -3.6126e-08 -3.5885e-08 -3.5998e-08 -3.5855e-08 -3.5616e-08 -3.514e-08 -3.5315e-08 -3.5383e-08 -3.4696e-08 -3.3792e-08 -3.3976e-08 -3.4556e-08 -3.5094e-08 -3.5358e-08 -3.5094e-08 -3.5753e-08 -3.605e-08 -3.6055e-08 -3.636e-08 -3.6271e-08 -3.6455e-08 -3.6423e-08 -3.6452e-08 -3.6513e-08 -3.6527e-08 -3.6496e-08 -3.6324e-08 -3.6274e-08 -3.6038e-08 -3.6161e-08 -3.6186e-08 -3.5998e-08 -3.5247e-08 -3.5297e-08 -3.5089e-08 -3.5015e-08 -3.4607e-08 -3.4419e-08 -3.4872e-08 -3.4955e-08 -3.3654e-08 -3.3622e-08 -3.3898e-08
-3.4274e-08 -3.4441e-08 -3.4727e-08 -3.5247e-08 -3.4742e-08 -3.4788e-08 -3.5049e-08 -3.4919e-08 -3.5023e-08 -3.5217e-08 -3.5421e-08 -3.5581e-08 -3.5746e-08 -3.5888e-08 -3.607e-08 -3.6184e-08 -3.6209e-08 -3.6316e-08 -3.6314e-08 -3.6387e-08 -3.6416e-08 -3.647e-08 -3.6508e-08 -3.6535e-08 -3.6527e-08 -3.644e-08 -3.6182e-08 -3.5687e-08 -3.5708e-08 -3.5222e-08 -3.4493e-08 -3.5257e-08 -3.515e-08 -3.353e-08 -3.6515e-08 -3.6518e-08 -3.6291e-08 -3.637e-08 -3.3854e-08 -3.5168e-08 -3.6356e-08 -3.6532e-08 -3.4698e-08 -3.465e-08 -3.4448e-08 -3.3738e-08 -3.291e-08 -3.336e-08 -3.5083e-08 -3.5413e-08 -3.613e-08 -3.5921e-08 -3.4446e-08 -3.6008e-08 -3.5663e-08 -3.6442e-08 -3.6144e-08 -3.606e-08 -3.6091e-08 -3.6458e-08 -3.3608e-08 -3.5248e-08 -3.4738e-08 -3.473e-08 -3.4051e-08 -3.3421e-08 -3.2355e-08 -3.5624e-08 -3.6352e-08 -3.627e-08 -3.6309e-08 -3.6342e-08 -3.2017e-08 -3.4989e-08 -3.263e-08 -2.688e-08 -2.1161e-08 -2.6538e-08 -1.9407e-08 -1.1299e-08 -9.0658e-09 6.5937e-09 3.6241e-09 1.4392e-08 1.463e-08 1.03e-08 2.7104e-08 2.9193e-08 2.7654e-08 3.6064e-08 2.9726e-08 2.0507e-08 4.3486e-08 4.3483e-08 2.0919e-08 3.7094e-08 3.5366e-08 5.2031e-08 5.2015e-08 4.8373e-08 2.0667e-08 1.2577e-08 1.4372e-08 1.4065e-08 1.4034e-08 8.7267e-09 3.0908e-08 -1.4823e-08 -1.9616e-08 -3.4565e-08 -3.402e-08 -2.1334e-08 -2.8284e-08 -3.6119e-08 -3.3313e-08 -3.438e-08 -3.026e-08 -3.2483e-08 -3.5361e-08 -2.64e-08 -2.7503e-08 -2.5336e-08 -2.7599e-08 -2.8478e-08 -3.3029e-08 -3.6073e-08 -3.049e-08 -3.2044e-08 -3.2048e-08 -3.1825e-08 -3.2979e-08 -3.2612e-08 -3.2638e-08 -3.3073e-08 -3.3348e-08 -3.3657e-08 -3.4637e-08 -3.5493e-08 -3.6057e-08 -3.6076e-08 -3.6103e-08 -3.6094e-08 -3.6106e-08 -3.5948e-08 -3.6071e-08 -3.5778e-08 -3.5837e-08 -3.5987e-08 -3.6062e-08 -3.6303e-08 -3.6304e-08 -3.6399e-08 -3.6423e-08 -3.6468e-08 -3.646e-08 -3.6432e-08 -3.6441e-08 -3.6502e-08 -3.6517e-08 -3.6457e-08 -3.6478e-08 -3.651e-08 -3.6533e-08 -3.6534e-08 -3.6534e-08 -3.6532e-08 -3.6513e-08 -3.6478e-08 -3.6456e-08 -3.623e-08 -3.5816e-08 -3.5923e-08 -3.5861e-08 -3.5792e-08 -3.5715e-08 -3.5351e-08 -3.4922e-08 -3.4451e-08 -3.4417e-08 -3.4305e-08
-2.8048e-08 -2.8112e-08 -2.8214e-08 -2.8161e-08 -2.8206e-08 -2.7997e-08 -2.8293e-08 -2.8572e-08 -2.88e-08 -2.9209e-08 -2.9732e-08 -3.0386e-08 -3.0607e-08 -3.1108e-08 -3.1421e-08 -3.2146e-08 -3.2782e-08 -3.2877e-08 -3.3858e-08 -3.3874e-08 -3.4307e-08 -3.4424e-08 -3.4431e-08 -3.4381e-08 -3.4278e-08 -3.363e-08 -3.5153e-08 -3.4847e-08 -3.4242e-08 -2.2996e-08 -1.836e-08 -1.0961e-08 -2.1235e-08 -2.4513e-08 -1.0876e-08 -1.8559e-08 -8.7178e-09 -1.0272e-08 -1.0228e-08 -5.2959e-09 1.666e-09 -5.1127e-09 7.5173e-09 1.6011e-08 1.515e-08 3.4807e-09 5.1307e-09 8.4808e-09 3.3667e-09 -1.4678e-09 -9.37e-09 -1.5858e-08 -2.3759e-08 -2.6156e-08 -1.2961e-08 -1.7239e-08 -8.8514e-09 -1.7675e-09 -6.4912e-10 -7.967e-09 -2.0283e-09 -2.7568e-08 -2.591e-08 -3.6393e-08 -3.6509e-08 -3.5949e-08 -3.4972e-08 -3.408e-08 -3.4286e-08 -3.6324e-08 -3.6324e-08 -3.3826e-08 -2.912e-08 -2.4037e-08 -2.0915e-08 -1.3553e-08 -8.5003e-09 -2.3704e-09 2.6085e-09 5.9753e-09 9.3272e-09 1.4377e-08 1.8013e-08 2.1225e-08 2.6643e-08 3.1799e-08 3.4769e-08 3.8912e-08 4.146e-08 4.1526e-08 4.1671e-08 4.276e-08 4.3653e-08 4.5891e-08 4.9074e-08 5.1704e-08 5.4528e-08 5.6902e-08 5.8302e-08 6.005e-08 6.1507e-08 6.4546e-08 6.6782e-08 6.8963e-08 7.0805e-08 7.2363e-08 7.302e-08 7.4217e-08 7.2638e-08 6.2262e-08 4.8197e-08 3.1478e-08 3.415e-08 2.8316e-08 4.1664e-08 3.0045e-08 1.4766e-08 1.0424e-08 1.7978e-08 2.6551e-08 3.1923e-08 2.9007e-08 9.5403e-09 2.2349e-08 1.6615e-08 2.7015e-08 1.8865e-08 1.5529e-08 2.2182e-08 1.7512e-08 2.9782e-08 2.6588e-08 1.6796e-08 4.002e-09 9.2817e-09 1.1916e-08 8.2875e-09 1.9061e-08 1.2581e-08 1.0992e-08 1.6929e-09 -1.3497e-08 -1.6618e-08 -2.1219e-08 -3.17e-08 -3.1043e-08 -3.4913e-08 -3.6132e-08 -3.6259e-08 -3.6118e-08 -3.5965e-08 -3.5868e-08 -3.5867e-08 -3.5906e-08 -3.617e-08 -3.6261e-08 -3.6183e-08 -3.6137e-08 -3.5772e-08 -3.5571e-08 -3.5408e-08 -3.533e-08 -3.5096e-08 -3.4805e-08 -3.4511e-08 -3.4183e-08 -3.3754e-08 -3.3307e-08 -3.3034e-08 -3.2763e-08 -3.2251e-08 -3.2114e-08 -3.15e-08 -3.1136e-08 -3.0893e-08 -3.0455e-08 -2.9581e-08 -2.8891e-08 -2.8409e-08 -2.8245e-08
-3.2248e-08 -2.9961e-08 -3.203e-08 -3.3962e-08 -3.4747e-08 -3.6239e-08 -6.5486e-09 -2.2481e-10 -1.1168e-08 -1.837e-08 6.48e-09 -1.1002e-08 -1.0985e-09 3.6772e-09 1.2236e-10 -1.1267e-08 2.8766e-08 4.5197e-08 4.8275e-08 4.7025e-08 4.6799e-08 2.6954e-08 -4.4341e-09 1.232e-08 1.3457e-08 4.1859e-09 -1.4464e-08 -7.817e-10 3.3977e-09 -1.0127e-08 -4.1898e-09 6.0443e-08 5.4188e-08 2.8246e-08 5.2903e-08 6.1586e-08 6.2612e-08 6.3397e-08 6.1543e-08 5.8124e-08 5.9671e-08 4.8787e-08 5.5776e-08 6.2755e-08 5.9291e-08 6.5378e-08 7.0864e-08 6.9778e-08 6.9831e-08 5.8084e-08 5.7617e-08 6.0725e-08 5.467e-08 3.5696e-08 3.7879e-08 4.7624e-08 4.6015e-08 4.3136e-08 3.7991e-08 3.2857e-08 3.0368e-08 3.549e-08 2.4464e-08 3.2135e-08 3.551e-08 3.5677e-08 1.556e-08 1.4916e-08 -5.5903e-09 -1.4099e-08 -1.9123e-08 -2.8052e-08 -2.2532e-08 -2.1775e-08 -2.0358e-08 -2.4003e-08 -2.7997e-08 -3.148e-08 -3.2629e-08 -3.3015e-08 -3.4072e-08 -3.4568e-08 -2.8991e-08 -1.8689e-08 1.0239e-10 3.2746e-09 -5.499e-10 -4.6681e-09 -9.8885e-09 -1.9437e-08 -2.9965e-08 -2.9048e-08 2.4583e-08 4.1025e-08 4.2522e-08 3.6326e-08 4.1441e-08 4.6005e-08 5.5604e-08 6.1205e-08 6.3743e-08 5.7065e-08 6.5348e-08 6.9351e-08 7.1811e-08 7.3934e-08 7.6127e-08 7.7589e-08 7.8575e-08 8.0345e-08 8.1264e-08 8.1092e-08 8.0387e-08 7.9655e-08 7.8787e-08 7.7283e-08 7.5763e-08 7.4539e-08 7.393e-08 7.4661e-08 7.2963e-08 7.0621e-08 6.9826e-08 7.154e-08 7.2207e-08 7.2224e-08 7.2592e-08 7.2324e-08 7.1551e-08 7.2868e-08 7.2271e-08 7.2778e-08 7.332e-08 7.204e-08 6.9424e-08 6.9484e-08 6.2821e-08 6.3516e-08 6.4947e-08 4.9819e-08 6.7163e-08 6.6915e-08 6.7103e-08 3.8899e-08 3.5817e-08 3.2229e-08 2.2728e-08 1.4692e-09 2.1856e-08 3.7975e-08 2.6743e-08 3.8686e-08 1.3615e-08 8.2928e-09 -4.0994e-09 -1.4349e-08 7.8631e-09 -4.3254e-09 -1.207e-08 -1.6046e-08 -1.4379e-08 -1.7541e-09 -8.4981e-09 -2.4183e-08 -1.9346e-08 -2.0832e-08 -2.7167e-08 -3.405e-08 -3.0902e-08 -3.4855e-08 -3.1663e-08 -2.7728e-08 -2.421e-08 -1.9437e-08 -2.4593e-08 -2.9664e-08 -3.199e-08 -2.5567e-08 -2.6166e-08 -2.7515e-08
9.1727e-08 8.3552e-08 8.7247e-08 8.519e-08 7.9938e-08 8.492e-08 8.4175e-08 8.624e-08 9.6359e-08 9.8737e-08 9.8444e-08 9.779e-08 9.4612e-08 9.2573e-08 9.6112e-08 1.0059e-07 1.0108e-07 1.004e-07 1.0146e-07 1.0167e-07 1.0043e-07 9.5302e-08 9.5438e-08 1.0648e-07 1.0599e-07 1.0624e-07 1.0381e-07 1.027e-07 1.01e-07 1.0042e-07 9.9276e-08 1.0393e-07 1.0743e-07 1.0499e-07 1.0724e-07 1.1107e-07 1.129e-07 1.1304e-07 1.1337e-07 1.1314e-07 1.1095e-07 1.1179e-07 1.0843e-07 1.0947e-07 1.1138e-07 1.1455e-07 1.1496e-07 1.1544e-07 1.1453e-07 1.1331e-07 1.1341e-07 1.1346e-07 1.1281e-07 1.1216e-07 1.0884e-07 1.0371e-07 1.0315e-07 1.0022e-07 9.8094e-08 9.8097e-08 1.012e-07 1.0356e-07 1.0415e-07 1.0511e-07 1.0577e-07 1.0602e-07 1.0676e-07 1.0588e-07 1.0476e-07 1.0277e-07 9.0851e-08 6.9615e-08 6.5729e-08 7.2401e-08 7.3783e-08 7.9007e-08 7.1366e-08 7.7838e-08 7.9935e-08 7.3977e-08 8.2548e-08 8.6722e-08 8.8256e-08 8.8465e-08 8.4444e-08 8.9001e-08 8.5636e-08 7.6419e-08 8.4311e-08 7.8452e-08 8.9985e-08 9.3876e-08 9.0868e-08 9.5725e-08 1.0012e-07 1.0072e-07 9.8689e-08 9.9356e-08 9.6156e-08 9.7346e-08 1.0061e-07 1.0485e-07 1.0444e-07 1.0087e-07 1.0056e-07 1.0626e-07 1.072e-07 1.0835e-07 1.0965e-07 1.1032e-07 1.1071e-07 1.0918e-07 1.1076e-07 1.1036e-07 1.0987e-07 1.0899e-07 1.0848e-07 1.0692e-07 1.0821e-07 1.0083e-07 1.0995e-07 1.0892e-07 1.0744e-07 1.0538e-07 9.9206e-08 9.5386e-08 1.0475e-07 1.0533e-07 1.0198e-07 1.0195e-07 9.7898e-08 1.0328e-07 1.095e-07 1.0938e-07 1.0939e-07 1.0966e-07 1.0955e-07 1.0778e-07 1.0377e-07 1.0318e-07 1.0292e-07 1.0197e-07 1.0082e-07 1.0251e-07 9.9462e-08 9.9487e-08 9.8703e-08 1.0134e-07 1.0475e-07 1.084e-07 1.052e-07 1.0827e-07 1.0322e-07 1.055e-07 1.1016e-07 1.0982e-07 1.086e-07 9.4112e-08 1.0064e-07 9.5551e-08 1.0184e-07 8.8769e-08 8.88e-08 8.1573e-08 8.225e-08 8.0292e-08 8.5871e-08 8.886e-08 8.7097e-08 8.605e-08 8.8086e-08 8.2218e-08 7.7909e-08 7.8979e-08 7.796e-08 7.634e-08 8.2573e-08 7.9339e-08 7.3494e-08 8.3986e-08
1.1763e-07 1.1774e-07 1.1764e-07 1.1731e-07 1.1728e-07 1.1791e-07 1.1791e-07 1.1772e-07 1.1765e-07 1.1769e-07 1.177e-07 1.1757e-07 1.1758e-07 1.1754e-07 1.1753e-07 1.1746e-07 1.1739e-07 1.1726e-07 1.1733e-07 1.1728e-07 1.1715e-07 1.1725e-07 1.1749e-07 1.1732e-07 1.1728e-07 1.1739e-07 1.1715e-07 1.1669e-07 1.1637e-07 1.1592e-07 1.1562e-07 1.1529e-07 1.1511e-07 1.148e-07 1.1457e-07 1.1436e-07 1.142e-07 1.1398e-07 1.139e-07 1.1367e-07 1.137e-07 1.1367e-07 1.1338e-07 1.1337e-07 1.1333e-07 1.1331e-07 1.1326e-07 1.1324e-07 1.1333e-07 1.1352e-07 1.1392e-07 1.1423e-07 1.1472e-07 1.1523e-07 1.1568e-07 1.1628e-07 1.1656e-07 1.1676e-07 1.1704e-07 1.1702e-07 1.169e-07 1.1719e-07 1.1725e-07 1.1736e-07 1.1746e-07 1.1761e-07 1.1769e-07 1.1774e-07 1.1773e-07 1.1778e-07 1.1781e-07 1.1783e-07 1.1788e-07 1.1791e-07 1.1791e-07 1.179e-07 1.1786e-07 1.1784e-07 1.1769e-07 1.1759e-07 1.1768e-07 1.1772e-07 1.1771e-07 1.1759e-07 1.1772e-07 1.1753e-07 1.1751e-07 1.1763e-07 1.1759e-07 1.176e-07 1.1761e-07 1.1736e-07 1.1695e-07 1.1712e-07 1.1745e-07 1.1771e-07 1.178e-07 1.1764e-07 1.1679e-07 1.165e-07 1.1711e-07 1.1772e-07 1.1774e-07 1.1781e-07 1.1786e-07 1.179e-07 1.1791e-07 1.1791e-07 1.1789e-07 1.1784e-07 1.1784e-07 1.178e-07 1.1775e-07 1.1769e-07 1.1764e-07 1.1756e-07 1.1753e-07 1.1747e-07 1.1738e-07 1.1736e-07 1.1738e-07 1.1739e-07 1.1734e-07 1.1741e-07 1.1752e-07 1.1743e-07 1.1738e-07 1.1725e-07 1.1706e-07 1.1697e-07 1.1692e-07 1.1685e-07 1.1673e-07 1.1665e-07 1.1636e-07 1.161e-07 1.1577e-07 1.1535e-07 1.1507e-07 1.1485e-07 1.1471e-07 1.1454e-07 1.1448e-07 1.1453e-07 1.1455e-07 1.1434e-07 1.1451e-07 1.1476e-07 1.1477e-07 1.1498e-07 1.1528e-07 1.1561e-07 1.1587e-07 1.1619e-07 1.1663e-07 1.1687e-07 1.1716e-07 1.1743e-07 1.172e-07 1.1688e-07 1.1691e-07 1.17e-07 1.1715e-07 1.1716e-07 1.17e-07 1.1715e-07 1.172e-07 1.1725e-07 1.1741e-07 1.1747e-07 1.1768e-07 1.1776e-07 1.1781e-07 1.1787e-07 1.179e-07 1.1791e-07 1.179e-07 1.1787e-07 1.1785e-07 1.1776e-07
