0.00073202 0.00073236 0.00073271 0.00073282 0.00073282 0.00073275 0.00073272 0.00073283 0.00073307 0.00073334 0.00073438 0.00073475 0.00073456 0.00073496 0.00073634 0.00073706 0.00073738 0.00073786 0.00073799 0.00073719 0.00073675 0.0007378 0.00073793 0.00073762 0.00073722 0.00073706 0.00073663 0.00073674 0.00073736 0.00073712 0.00073776 0.00073856 0.00073814 0.00073765 0.00073839 0.00073784 0.00073723 0.00073678 0.00073618 0.00073575 0.00073541 0.0007349 0.0007345 0.00073433 0.00073419 0.00073421 0.00073415 0.00073421 0.00073416 0.00073405 0.00073389 0.00073386 0.00073366 0.00073359 0.00073358 0.00073357 0.00073307 0.00073289 0.00073274 0.00073276 0.00073264 0.00073251 0.00073251 0.00073228 0.00073239 0.0007326 0.00073267 0.00073183 0.00073147 0.00073156 0.00073118 0.00073112 0.00073111 0.00073114 0.00073087 0.00073069 0.0007306 0.00073053 0.00073043 0.00073047 0.00073037 0.00073051 0.00073054 0.00073043 0.00073057 0.00073062 0.0007306 0.00073055 0.00073052 0.00073056 0.00073065 0.00073085 0.00073093 0.00073096 0.00073099 0.00073106 0.000731 0.00073108 0.00073115 0.00073114 0.00073099 0.00073097 0.0007309 0.00073088 0.00073097 0.00073101 0.00073106 0.00073113 0.00073118 0.00073121 0.00073127 0.00073116 0.00073095 0.0007311 0.00073143 0.00073164 0.00073156 0.00073154 0.0007316 0.00073174 0.00073186 0.00073193 0.000732 0.00073217 0.0007324 0.00073261 0.00073262 0.00073279 0.00073297 0.00073308 0.00073318 0.00073324 0.00073332 0.00073341 0.00073346 0.00073364 0.00073366 0.00073366 0.00073364 0.0007337 0.00073338 0.00073343 0.00073328 0.00073305 0.00073317 0.00073315 0.00073309 0.0007329 0.00073267 0.00073247 0.00073243 0.00073234 0.00073232 0.00073205 0.00073189 0.00073179 0.0007317 0.00073159 0.00073155 0.00073161 0.00073157 0.00073151 0.00073146 0.00073132 0.00073129 0.00073123 0.00073129 0.00073135 0.00073141 0.00073147 0.00073157 0.00073169 0.00073171 0.00073176 0.00073178 0.00073188 0.00073193 0.00073195 0.00073196 0.00073203
0.00074531 0.00074602 0.00074635 0.00074748 0.00074721 0.00074775 0.00074688 0.00074676 0.00074655 0.0007458 0.00074576 0.00074568 0.00074486 0.00074394 0.00074352 0.0007434 0.00074355 0.00074363 0.00074359 0.00074326 0.00074323 0.00074359 0.00074462 0.00074493 0.00074473 0.00074429 0.00074432 0.00074352 0.00074412 0.00074289 0.00074476 0.00074493 0.00074369 0.00074357 0.00074352 0.00074354 0.00074332 0.00074302 0.00074319 0.00074306 0.00074268 0.00074304 0.00074276 0.00074258 0.00074233 0.00074219 0.00074215 0.00074168 0.00074135 0.00074095 0.00073995 0.00074106 0.00073972 0.00073788 0.00073807 0.00073766 0.00073687 0.00073603 0.00073561 0.00073544 0.00073657 0.00073329 0.0007338 0.00073211 0.00073163 0.0007315 0.0007311 0.00073085 0.00073068 0.00073052 0.00073015 0.00072991 0.00073034 0.0007302 0.00072838 0.000728 0.00072749 0.00072683 0.00072661 0.00072778 0.00072563 0.00072426 0.00072417 0.00072346 0.00072325 0.0007233 0.00072349 0.00072371 0.00072397 0.00072417 0.00072444 0.00072451 0.00072462 0.0007246 0.00072466 0.00072763 0.00072692 0.0007282 0.00072724 0.0007287 0.00072867 0.00072869 0.0007293 0.00072938 0.00072966 0.00073025 0.00073068 0.00073174 0.00073234 0.00073272 0.00073173 0.00073166 0.00073191 0.00073207 0.00073221 0.00073218 0.00073253 0.00073277 0.00073325 0.00073327 0.00073373 0.00073412 0.00073418 0.00073452 0.00073502 0.00073492 0.000735 0.00073549 0.00073598 0.00073585 0.00073631 0.00073638 0.0007365 0.00073691 0.00073779 0.0007387 0.00073932 0.00074035 0.00073984 0.00073861 0.00073762 0.00073735 0.00073716 0.00073697 0.00073667 0.00073673 0.00073636 0.00073465 0.00073443 0.00073432 0.00073431 0.00073442 0.00073469 0.00073466 0.0007346 0.00073466 0.00073508 0.0007358 0.00073639 0.00073634 0.00073686 0.00073732 0.00073792 0.00073815 0.00073896 0.0007396 0.00074033 0.00074071 0.00074178 0.00074211 0.00074349 0.00074352 0.00074367 0.00074357 0.00074425 0.00074332 0.00074129 0.00074222 0.00074519 0.00074698
0.00074072 0.00074084 0.00074103 0.0007411 0.00074118 0.00074114 0.00074127 0.0007416 0.0007416 0.00074156 0.00074156 0.00074159 0.00074173 0.00074228 0.0007418 0.00074131 0.00074139 0.00074222 0.00074214 0.00074216 0.00074218 0.00074228 0.0007425 0.00074258 0.00074246 0.00074248 0.00074277 0.00074356 0.00074404 0.00074517 0.00074806 0.00074833 0.00074814 0.00074812 0.00074851 0.00074711 0.00074901 0.00074798 0.00074746 0.0007469 0.00074892 0.00075162 0.00075111 0.00075129 0.00074916 0.00074882 0.00074786 0.00074695 0.00074619 0.00074541 0.00074565 0.00074468 0.00074454 0.00074427 0.00074629 0.000747 0.00074469 0.0007433 0.00074366 0.00074663 0.0007452 0.00073859 0.00073776 0.00073806 0.00073894 0.00073956 0.00073846 0.00073906 0.00073889 0.00073614 0.0007371 0.00073634 0.00073437 0.00073382 0.00073415 0.00073246 0.00073458 0.00073632 0.0007382 0.00073592 0.00073486 0.00073439 0.00073485 0.00073496 0.0007357 0.00073476 0.00073431 0.00073338 0.0007333 0.00073405 0.00073316 0.00073325 0.00073394 0.00073372 0.00073369 0.00073378 0.00073391 0.00073423 0.00073447 0.00073514 0.00073493 0.00073572 0.00073768 0.00073969 0.00073914 0.00073882 0.00073864 0.00073875 0.0007385 0.00073892 0.00073956 0.00073997 0.00074029 0.00074079 0.00073921 0.00073964 0.00074045 0.00074062 0.0007401 0.0007395 0.00073941 0.00073967 0.00073993 0.0007406 0.00074137 0.000742 0.00074201 0.00074152 0.00074154 0.00074113 0.0007408 0.00074056 0.00074027 0.00074035 0.00074056 0.00074128 0.00074553 0.00075678 0.00076225 0.0007586 0.00075119 0.00074848 0.00074748 0.0007478 0.00074404 0.00074229 0.00074153 0.0007407 0.00074109 0.00074157 0.00074072 0.00074093 0.00074132 0.00074238 0.00074363 0.00074406 0.00074428 0.00074444 0.00074415 0.00074414 0.00074403 0.00074281 0.00074176 0.00074122 0.00074101 0.0007417 0.00074223 0.00074284 0.00074386 0.00074534 0.00074339 0.00074384 0.00074354 0.00074317 0.00074262 0.00074226 0.00074194 0.00074184 0.00074102 0.00074071
0.00074151 0.00074168 0.00074183 0.00074196 0.00074201 0.00074205 0.00074216 0.00074229 0.00074245 0.00074259 0.00074276 0.00074296 0.0007432 0.00074337 0.00074328 0.00074334 0.00074349 0.00074377 0.00074404 0.00074423 0.00074445 0.00074473 0.000745 0.00074532 0.00074571 0.00074619 0.00074658 0.00074709 0.00074803 0.00074917 0.00074852 0.00074712 0.0007469 0.00074638 0.00074733 0.00074833 0.0007482 0.00074782 0.00074839 0.00074892 0.00074671 0.00074674 0.00074691 0.00074699 0.0007472 0.00074745 0.00074721 0.00075209 0.00075321 0.000754 0.00075295 0.00075308 0.00075222 0.00075221 0.00075248 0.00075203 0.00075142 0.00075459 0.00075559 0.00075556 0.00075038 0.00075397 0.00075291 0.00075164 0.00075547 0.00075204 0.00075221 0.0007519 0.00075662 0.00075249 0.000756 0.00075927 0.00076196 0.00076212 0.0007596 0.00075738 0.00075785 0.00075763 0.00075752 0.00075899 0.00075861 0.00075809 0.00075599 0.00075644 0.00075673 0.00075566 0.00075484 0.00075459 0.00075524 0.00075504 0.00075189 0.00075171 0.00075277 0.00075747 0.00075194 0.00075107 0.00075005 0.00074958 0.00074984 0.00074852 0.00075056 0.00074578 0.00074716 0.00074494 0.00074842 0.00075076 0.00075134 0.00074897 0.00074791 0.00074819 0.00074863 0.00074991 0.00075248 0.00075341 0.00075441 0.00075429 0.00074975 0.00074992 0.00074927 0.00074916 0.00074848 0.00074849 0.00074565 0.00074499 0.00074553 0.00074604 0.00074601 0.00074486 0.00074479 0.00074599 0.00074541 0.0007455 0.00074691 0.00074705 0.00074885 0.00075495 0.00076654 0.00076499 0.00076545 0.00076506 0.00076536 0.0007501 0.00074902 0.00074955 0.00074922 0.00075049 0.0007501 0.00074935 0.0007491 0.00074907 0.00074855 0.00074748 0.00074656 0.00074612 0.00074571 0.00074453 0.00074403 0.00074438 0.0007469 0.00075019 0.00075541 0.00075909 0.00075427 0.00074857 0.00074225 0.00074227 0.00074012 0.00073962 0.00073945 0.00073936 0.0007401 0.00074163 0.00074566 0.00074558 0.00074329 0.00074175 0.00074114 0.00074092 0.00074108 0.00074132
0.00074392 0.00074448 0.0007445 0.00074568 0.00074366 0.00074422 0.00074457 0.00074496 0.00074538 0.00074587 0.00074636 0.00074699 0.00074846 0.00074881 0.00074691 0.00074679 0.00074708 0.0007475 0.00074803 0.00074852 0.00074898 0.0007494 0.00074958 0.00074997 0.00075033 0.00075085 0.00075154 0.00075186 0.00075213 0.00075249 0.00075298 0.00075478 0.00075436 0.00075467 0.00075604 0.00075546 0.00075296 0.00075342 0.00075311 0.00075339 0.00075553 0.00075373 0.00075041 0.00075098 0.00074938 0.00074809 0.00074869 0.00075031 0.00075085 0.0007497 0.00075121 0.00075022 0.00075256 0.00076413 0.00075994 0.00076283 0.00076721 0.00075909 0.00076641 0.0007645 0.00075931 0.00076108 0.00076217 0.00076159 0.00076159 0.00076078 0.00076161 0.00076177 0.00076052 0.00075919 0.00076078 0.00075837 0.00075596 0.00075628 0.00075661 0.00075685 0.00075609 0.00075612 0.00075579 0.00075619 0.00076277 0.00075506 0.00075312 0.00075258 0.0007523 0.00075254 0.00075239 0.00075251 0.00075222 0.00075212 0.00075195 0.00075221 0.0007511 0.00074931 0.00074751 0.00074503 0.00074028 0.0007356 0.00074117 0.00074218 0.00074578 0.00074871 0.0007482 0.00074931 0.00075236 0.00075467 0.00075639 0.00075959 0.00075906 0.00075745 0.00075469 0.00075868 0.0007603 0.0007623 0.00076211 0.00076345 0.00076397 0.00076549 0.00076504 0.00076496 0.00076455 0.00076535 0.00076425 0.00076298 0.00076275 0.00076395 0.00075733 0.00075783 0.00075886 0.00075995 0.00076088 0.0007647 0.00076577 0.00076759 0.0007684 0.00076791 0.00076728 0.00075724 0.00074795 0.00074618 0.00074579 0.00074546 0.00074533 0.00074685 0.00074764 0.00074781 0.00074726 0.00074866 0.00074957 0.00075043 0.0007518 0.00075276 0.0007541 0.00075156 0.0007528 0.00075543 0.00075732 0.00075339 0.00075176 0.00075225 0.00075834 0.00075608 0.00075228 0.00075218 0.00075379 0.00075334 0.0007583 0.00075091 0.00074419 0.00074167 0.00074171 0.00074285 0.00074412 0.00074622 0.00074906 0.00074332 0.00074425 0.00074426 0.00074276 0.00074323
0.00074668 0.0007471 0.0007472 0.00074819 0.00074803 0.00074767 0.0007477 0.00074805 0.00074823 0.00075005 0.00074878 0.00074961 0.00075017 0.00075044 0.00075127 0.00075255 0.00075136 0.00075379 0.00075057 0.0007534 0.00075211 0.00075249 0.00075221 0.00075787 0.00076433 0.00075099 0.00075604 0.00076317 0.00075966 0.00076113 0.00076011 0.00076017 0.00075977 0.00076004 0.00076074 0.0007611 0.00076113 0.0007609 0.00075945 0.00075893 0.00075905 0.00075604 0.00076501 0.00076695 0.00075321 0.00075532 0.00075515 0.00075359 0.00075306 0.00075703 0.00076087 0.00075571 0.00076683 0.00076295 0.00076408 0.00076786 0.00077325 0.00075333 0.00076196 0.000755 0.00076552 0.00076152 0.0007533 0.00075886 0.00075901 0.00076378 0.0007644 0.00076323 0.00076278 0.00076216 0.00076145 0.00076185 0.00076151 0.00076168 0.00076124 0.00076072 0.00076112 0.0007618 0.00076119 0.00075811 0.00075947 0.00076197 0.00075791 0.00075741 0.00075773 0.00076084 0.00075609 0.00075846 0.00075629 0.00075668 0.0007574 0.00075588 0.00075513 0.00075189 0.0007447 0.00074473 0.00074162 0.0007452 0.00074991 0.00075292 0.00075207 0.00075505 0.00075562 0.00075652 0.0007575 0.00076062 0.00075806 0.00075977 0.00075638 0.00076011 0.00075443 0.00075818 0.00075599 0.00075601 0.00075199 0.00075094 0.00075974 0.00076239 0.00076709 0.00076809 0.00076917 0.00076887 0.00076939 0.00076901 0.00076996 0.00076923 0.00076839 0.00076945 0.000769 0.00076989 0.00076858 0.00076819 0.00076994 0.0007695 0.00076958 0.00076966 0.00077113 0.00077147 0.00076996 0.00076994 0.00076987 0.0007708 0.00076459 0.00075845 0.00076142 0.00075409 0.00074888 0.00074894 0.00074899 0.00074805 0.00074862 0.00074963 0.00075404 0.00077277 0.00076909 0.00075488 0.00075264 0.00075936 0.00074677 0.00074708 0.00075309 0.00074773 0.00074529 0.00074424 0.00074371 0.00074459 0.00074354 0.00074687 0.00074482 0.00074452 0.00074462 0.00074513 0.00074625 0.0007439 0.00074326 0.00074421 0.00074504 0.00074589 0.00074593 0.00074606
0.00075443 0.00075155 0.00075072 0.00075044 0.0007496 0.00075234 0.00075189 0.00075572 0.00075515 0.00075559 0.00075522 0.00075544 0.00075984 0.00075735 0.00075669 0.00075733 0.00075858 0.00075843 0.00076018 0.00075843 0.00075764 0.0007583 0.00075762 0.00075914 0.00075815 0.00075992 0.00076292 0.00076416 0.00076171 0.00076335 0.00076286 0.00076331 0.00076339 0.00076332 0.00076326 0.00076351 0.00076291 0.00076329 0.00076296 0.00076299 0.00076273 0.00076311 0.00076192 0.00075986 0.00075895 0.00075619 0.00075063 0.00075878 0.00074968 0.00075234 0.00076257 0.00075935 0.0007572 0.00075127 0.00075271 0.00075514 0.00075739 0.00075711 0.00075872 0.00075809 0.00076219 0.00076517 0.00076237 0.00076331 0.00076647 0.00076694 0.00076642 0.0007671 0.00076709 0.00076636 0.0007657 0.0007654 0.00076444 0.00076467 0.00076404 0.00076397 0.00076349 0.00076189 0.00075889 0.00075922 0.00075826 0.00075643 0.00075569 0.00075393 0.00075674 0.00075924 0.00075739 0.0007578 0.00075535 0.00075681 0.00075701 0.00075629 0.00075237 0.00075077 0.00074953 0.00074796 0.00074406 0.00074116 0.00075037 0.00076517 0.00077206 0.00077614 0.00077659 0.00075561 0.00075896 0.00075719 0.00075763 0.00076011 0.00075658 0.00076094 0.00075729 0.00075683 0.00075598 0.00076215 0.00076823 0.0007648 0.00075671 0.00075505 0.00075059 0.00074841 0.0007475 0.00074437 0.00074331 0.00074778 0.00075465 0.00076035 0.00076465 0.0007643 0.00076271 0.0007597 0.00075277 0.00076193 0.00076523 0.00075419 0.0007615 0.00076492 0.00077044 0.00076848 0.00076427 0.00076276 0.00075763 0.00075787 0.00075539 0.00076189 0.00077199 0.00077094 0.00076768 0.00076547 0.00075607 0.00075635 0.00075703 0.00074871 0.00075591 0.00075984 0.00075993 0.00075033 0.00074705 0.00074785 0.00074601 0.00074639 0.00074724 0.00074588 0.00074582 0.00074801 0.00074692 0.00074651 0.00074764 0.00074859 0.00074904 0.00074884 0.00074796 0.00074884 0.00075092 0.00074791 0.00074812 0.00074868 0.00075059 0.00075222 0.00075324 0.00075129
0.00075689 0.00075817 0.00075535 0.00075701 0.000755 0.00075478 0.00075618 0.00076691 0.00075889 0.00075783 0.00077323 0.0007814 0.00076062 0.00076246 0.00076269 0.00076451 0.0007612 0.00076295 0.00076297 0.00076037 0.00076043 0.00076403 0.00076401 0.00076665 0.00076417 0.00076539 0.00076618 0.00076663 0.00076615 0.0007656 0.00076566 0.00076532 0.00076597 0.00076536 0.00075912 0.00076425 0.00076434 0.00076405 0.00076361 0.00076352 0.00076265 0.00076188 0.00076201 0.00076213 0.00076276 0.00076362 0.00076236 0.00076106 0.00075847 0.00075703 0.00075862 0.00075249 0.000751 0.00075484 0.0007616 0.00076283 0.00076173 0.00076709 0.00076987 0.0007705 0.00077117 0.00077078 0.00076974 0.00076874 0.00076816 0.00076803 0.00076739 0.00076384 0.00076717 0.00076527 0.00076281 0.00076059 0.0007601 0.00075788 0.00075716 0.00075811 0.00075693 0.00075924 0.000757 0.00075729 0.00075816 0.00075881 0.00076012 0.00075747 0.00076209 0.0007587 0.00075864 0.0007608 0.00075843 0.00075843 0.00075724 0.00075379 0.00075245 0.00075579 0.00075753 0.0007578 0.00075788 0.00075799 0.00075888 0.00075721 0.00075526 0.00075652 0.00075658 0.00075593 0.00075971 0.00076047 0.00076055 0.0007585 0.00075803 0.00075664 0.00075561 0.00075377 0.00074937 0.00075189 0.00075288 0.00074792 0.00075148 0.00075009 0.0007481 0.00074954 0.00074739 0.00074683 0.0007535 0.00075727 0.00075532 0.00075642 0.0007725 0.00075097 0.00075285 0.00075296 0.00075427 0.00076073 0.00075913 0.00075724 0.00075646 0.00075433 0.00075805 0.00074786 0.00074494 0.00074195 0.00074144 0.00074599 0.00077546 0.00077193 0.00077443 0.00075506 0.00076406 0.00075605 0.00076663 0.00077257 0.00076948 0.00076802 0.00076663 0.00076707 0.0007693 0.00075347 0.0007443 0.000744 0.00074388 0.00074398 0.00074381 0.00074502 0.00075065 0.0007496 0.00075147 0.00074603 0.00074661 0.0007482 0.0007489 0.00074883 0.00074951 0.00074957 0.00074989 0.00075223 0.00075235 0.00075318 0.00075463 0.00075409 0.00075471 0.00075535
0.00077564 0.00075665 0.00076587 0.0007657 0.00076373 0.0007593 0.00077192 0.00076575 0.00076616 0.00076584 0.0007593 0.00075508 0.00077337 0.00075864 0.00076278 0.00076574 0.00076499 0.00076487 0.00076381 0.00076195 0.00075981 0.00075559 0.00077125 0.00075343 0.00075614 0.00076885 0.00076428 0.00076392 0.00076436 0.00076525 0.00076563 0.00076557 0.00076739 0.0007615 0.00076083 0.00075649 0.00075924 0.00076459 0.00076277 0.00076364 0.00076361 0.00076412 0.00076269 0.00076346 0.00076403 0.00076397 0.00076412 0.00076046 0.00077064 0.00079575 0.00079533 0.00080163 0.00079956 0.00076113 0.00076938 0.00076938 0.00077284 0.00077388 0.00077435 0.00077484 0.000775 0.00077442 0.00077296 0.00077099 0.00077174 0.00076458 0.00076709 0.00077059 0.00077102 0.00077099 0.00076984 0.00076492 0.00076164 0.00076369 0.00076146 0.00075968 0.00075858 0.00076015 0.00076325 0.00075799 0.0007581 0.00075819 0.00075872 0.0007633 0.0007608 0.00076459 0.00076711 0.00076635 0.00076432 0.00076519 0.00075971 0.00075921 0.00075485 0.00075949 0.00075914 0.00076057 0.00076315 0.00076351 0.00076342 0.00076302 0.00076364 0.00076375 0.00076518 0.00076429 0.00076295 0.00076189 0.00076407 0.00075755 0.00075664 0.00075489 0.00075044 0.00074722 0.00074957 0.00075392 0.00075913 0.00075556 0.00075797 0.00075651 0.00075778 0.00075367 0.00075521 0.0007511 0.00074921 0.00074852 0.00075163 0.00075128 0.00075478 0.00075508 0.00075833 0.00075788 0.00075734 0.00075882 0.00075939 0.00076068 0.00076211 0.00076237 0.0007621 0.00076425 0.0007592 0.00075479 0.00076035 0.00074598 0.00074729 0.00075311 0.00075423 0.00075495 0.00075584 0.00075962 0.00077465 0.00076506 0.00076109 0.00075171 0.00076123 0.0007674 0.00077338 0.00077658 0.00076509 0.0007521 0.0007444 0.0007478 0.0007458 0.00074831 0.00075307 0.00075442 0.00074746 0.00075002 0.00075455 0.00075614 0.0007545 0.00075908 0.00077248 0.00076738 0.00076114 0.00075923 0.00075948 0.00075872 0.00076103 0.00075847 0.00075923 0.00077382
0.00077128 0.00077203 0.0007743 0.00077575 0.00077751 0.00078226 0.00078659 0.00078406 0.00078441 0.00078504 0.00078491 0.00076848 0.00075861 0.00075498 0.00074873 0.00074888 0.0007554 0.00075728 0.00077577 0.00076021 0.00076129 0.00075893 0.00075639 0.00075738 0.00080018 0.0007669 0.00076575 0.00076614 0.00076425 0.00076104 0.00076228 0.00076091 0.00076075 0.00076361 0.00076233 0.00076174 0.00076067 0.00076543 0.00076288 0.00076322 0.00076528 0.00076272 0.00076497 0.00076344 0.00076421 0.00076478 0.0007606 0.00075811 0.0007589 0.00077668 0.0007969 0.00079282 0.00080669 0.00075797 0.00077191 0.00077502 0.00077624 0.00077771 0.00077589 0.00077641 0.00077823 0.0007708 0.00076831 0.00077061 0.00077303 0.0007746 0.00077696 0.00077155 0.00077184 0.00075758 0.00076137 0.00076438 0.00076203 0.00076465 0.00076016 0.00076349 0.00076074 0.00075471 0.00075253 0.00075111 0.00075025 0.00076184 0.00076068 0.00076042 0.00076324 0.00076343 0.00076582 0.00076256 0.00076708 0.00076416 0.00077418 0.00077151 0.00076381 0.00076528 0.00076508 0.00076244 0.00076132 0.00075387 0.00076109 0.00076532 0.00076804 0.00076318 0.00076392 0.00076406 0.00076368 0.00076446 0.00075932 0.00074993 0.00075273 0.00075631 0.00075676 0.00075813 0.00075827 0.00076062 0.00076096 0.00075973 0.00076347 0.00076082 0.00076263 0.00076397 0.00076275 0.00076604 0.00076657 0.00076318 0.00076801 0.00076041 0.00075313 0.00075544 0.00077506 0.00077497 0.00075801 0.00076048 0.00075795 0.00074725 0.00075439 0.0007565 0.00075765 0.00075331 0.00074975 0.00075302 0.0007593 0.00075182 0.00076227 0.0007633 0.00076798 0.00076856 0.00076788 0.00076293 0.0007631 0.00076642 0.00077129 0.00076925 0.00077441 0.00077033 0.00079214 0.00080009 0.00079641 0.00078351 0.00077463 0.00076855 0.00077385 0.00076975 0.00076597 0.00077233 0.00077648 0.0007748 0.00077467 0.00077096 0.00076814 0.00078029 0.00076933 0.00077604 0.00077343 0.00077423 0.00076411 0.00076408 0.00076503 0.00076687 0.00076103 0.00077166
0.00076084 0.00076173 0.00076727 0.00077222 0.00076438 0.000806 0.00079916 0.00078411 0.00078936 0.00078818 0.00078639 0.00078025 0.00076677 0.00076897 0.0007626 0.00076698 0.00075109 0.00075284 0.00075782 0.00076303 0.00076894 0.00076495 0.00076176 0.00076142 0.00075805 0.00076916 0.00076379 0.00076648 0.00076051 0.00077241 0.00075617 0.00075713 0.00075609 0.00075944 0.00076003 0.00076131 0.00076531 0.00076577 0.0007675 0.00076748 0.00076922 0.00076747 0.00076694 0.00076801 0.00076817 0.00078644 0.0007648 0.00077012 0.00077032 0.00076987 0.00077081 0.00077367 0.00077379 0.00077632 0.00077678 0.00077529 0.00077614 0.00077676 0.00077204 0.00077199 0.00076819 0.00077626 0.00077525 0.00077923 0.0007755 0.00077087 0.00076069 0.0007611 0.00076188 0.00076178 0.00076102 0.00076354 0.00076267 0.00076574 0.00076764 0.0007718 0.00076913 0.00075924 0.0007532 0.00075605 0.0007577 0.0007645 0.00076538 0.00075843 0.00075792 0.00075529 0.00075611 0.00075558 0.00075877 0.00076257 0.00076296 0.00076495 0.00075447 0.00076557 0.00076692 0.00076553 0.00076801 0.00076793 0.00076753 0.00076852 0.00076748 0.00076683 0.00076806 0.00076659 0.00076296 0.00075887 0.00075101 0.00076494 0.00076833 0.00076621 0.00076318 0.00076047 0.00076197 0.00076031 0.00076234 0.00075615 0.00075567 0.00076292 0.00076948 0.0007737 0.00077826 0.00077468 0.0007756 0.00077762 0.00077724 0.00077506 0.00076754 0.00076077 0.00075715 0.00075742 0.00076453 0.00076199 0.00076138 0.0007624 0.00077929 0.00075993 0.00074637 0.00074936 0.00075096 0.00075166 0.00075363 0.00075361 0.00075008 0.00075121 0.00075662 0.00076266 0.00076459 0.00076082 0.00076907 0.00077028 0.00077026 0.00077197 0.00076326 0.00074564 0.00076994 0.00079131 0.00078502 0.00075075 0.0007913 0.00078771 0.00078518 0.00077824 0.00077627 0.00077433 0.00076912 0.00076436 0.00076095 0.00076283 0.00075325 0.00075071 0.00076148 0.00077288 0.00077069 0.0007671 0.00076465 0.0007623 0.00076091 0.00075969 0.00076286 0.00076284
0.00079411 0.00076002 0.00075684 0.00076697 0.00076744 0.00076944 0.00077008 0.00078805 0.00078516 0.00078897 0.00079038 0.00079012 0.00078454 0.00078106 0.00077181 0.0007662 0.00076146 0.00075592 0.000755 0.00075216 0.00075203 0.00074972 0.00075263 0.00075294 0.00075687 0.00075648 0.00075521 0.00075436 0.00076166 0.00075184 0.00075194 0.00075289 0.00075997 0.00079026 0.00075729 0.00076024 0.00076052 0.00077741 0.00076632 0.00076687 0.00076863 0.00076843 0.00076774 0.00076806 0.00076832 0.00076926 0.00076851 0.00077061 0.00077084 0.00076975 0.00077049 0.00077248 0.00077333 0.00077342 0.00077182 0.00077528 0.00077913 0.00077588 0.00077769 0.00077545 0.00076492 0.00077192 0.00077708 0.00077691 0.00077155 0.00076841 0.00083671 0.000835 0.00080549 0.00076214 0.00076442 0.0007652 0.00076608 0.00076957 0.00077275 0.00076557 0.00076037 0.00075397 0.00075469 0.00075146 0.00075458 0.0007548 0.00075994 0.00075838 0.00076277 0.00076121 0.00076293 0.00076322 0.00076302 0.00076298 0.00076366 0.00076628 0.00076488 0.00076733 0.00076636 0.00076856 0.00076643 0.00076561 0.00076625 0.00076295 0.00076364 0.00075438 0.00075233 0.00075278 0.00074964 0.00075487 0.00077541 0.00079056 0.00078836 0.00077614 0.00077314 0.00076513 0.0007657 0.00076047 0.00076289 0.00076133 0.0007674 0.00077076 0.00077637 0.00077731 0.00077669 0.00077639 0.00077799 0.00077775 0.00077592 0.00078212 0.00078173 0.00078595 0.00078646 0.00077319 0.00076067 0.00075321 0.00075999 0.00076275 0.0007535 0.00075168 0.00075056 0.00074732 0.00075211 0.00074564 0.00074764 0.00075109 0.00075135 0.00076238 0.00075784 0.00075713 0.00075213 0.00075553 0.00076103 0.00076609 0.00077194 0.00077708 0.00076907 0.00077274 0.00077563 0.00077661 0.00077738 0.00077889 0.00077039 0.00077417 0.00077275 0.00077396 0.00076976 0.00076588 0.00077064 0.00076957 0.00076962 0.00076936 0.00076828 0.00076149 0.00077232 0.00076765 0.00076659 0.00076334 0.00075728 0.00076635 0.00075663 0.0007563 0.00075704 0.00076335
0.00076136 0.00075654 0.0007532 0.000758 0.00075857 0.00077258 0.00077658 0.0007888 0.00078396 0.00078584 0.00078518 0.00078892 0.00078915 0.00078918 0.00078591 0.00078031 0.00077667 0.00077519 0.00077279 0.00076661 0.00075927 0.00075766 0.00075858 0.000756 0.00076043 0.00075931 0.00075551 0.00076767 0.0007641 0.00075585 0.00075359 0.00075688 0.00075451 0.00075727 0.00075967 0.0007614 0.00076176 0.00076284 0.00076328 0.00076679 0.00076718 0.00076901 0.00076964 0.00076976 0.00077149 0.00077217 0.00077153 0.00077129 0.00077178 0.00077156 0.00076944 0.00076775 0.00076651 0.00076888 0.00077166 0.00077452 0.00077456 0.00077478 0.00077212 0.00075836 0.00078237 0.00077905 0.00078379 0.00079114 0.00077178 0.00078084 0.00078553 0.00078716 0.00076711 0.00076569 0.0007698 0.00076725 0.00076854 0.00077113 0.00077576 0.00077299 0.00076409 0.00076128 0.00075639 0.00075279 0.00075292 0.00075613 0.00076891 0.00076006 0.00076255 0.00076314 0.000763 0.00076186 0.0007585 0.00076377 0.00076382 0.00076437 0.00076355 0.00076637 0.00076348 0.00076705 0.0007719 0.00076848 0.00076398 0.00076518 0.00076141 0.00076189 0.00076012 0.00075872 0.00075432 0.00075787 0.00075611 0.00075934 0.00076091 0.00075937 0.00075891 0.00075743 0.00075883 0.00076835 0.00077325 0.00078766 0.00078642 0.00078018 0.00077578 0.00077338 0.00077357 0.00077803 0.00078272 0.00078163 0.00078576 0.00078397 0.00078275 0.00078451 0.00078429 0.00078796 0.00076444 0.0007634 0.00076258 0.00076086 0.00079642 0.00075483 0.00075426 0.00075557 0.0007619 0.00074904 0.00074871 0.00074884 0.00075319 0.00075361 0.00075417 0.00075017 0.00074902 0.00076245 0.00075898 0.00075492 0.00076805 0.00076477 0.00076336 0.00077196 0.00077125 0.00075162 0.00075805 0.00076053 0.00077006 0.00076466 0.00075674 0.00075855 0.00077068 0.00076363 0.00076798 0.00077268 0.00076966 0.00077148 0.00077065 0.00076999 0.00076422 0.00076261 0.00076021 0.00075318 0.00076547 0.00076948 0.00076234 0.00076006 0.00075558 0.00075445
0.00076104 0.00076064 0.00076778 0.00075727 0.00075428 0.0007597 0.00076795 0.00077089 0.00077667 0.00077456 0.00078175 0.00077736 0.00079126 0.00078342 0.00078412 0.00078014 0.00078214 0.00078319 0.00078079 0.00076964 0.00076069 0.00076027 0.00075686 0.00075805 0.00075699 0.00075878 0.00075885 0.0007566 0.00075594 0.00075683 0.00075614 0.00075788 0.00076102 0.00076125 0.00076076 0.0007578 0.00075567 0.00075999 0.00076594 0.00076172 0.00076912 0.00076346 0.00076071 0.00076683 0.00076774 0.00076767 0.00076391 0.0007693 0.00076787 0.00076772 0.00076386 0.00076554 0.00077393 0.00078381 0.00077511 0.00076078 0.0007682 0.00078076 0.00077683 0.00077805 0.00077641 0.00077599 0.0007796 0.00078648 0.00080051 0.00079061 0.00077045 0.00079314 0.00076749 0.00077941 0.00077301 0.00076858 0.00076953 0.00076699 0.00076901 0.0007805 0.00078505 0.00078159 0.0007789 0.00076971 0.0007659 0.00075989 0.0007613 0.00076091 0.00076115 0.00076197 0.00076386 0.00076383 0.00076395 0.00076323 0.00076295 0.00076322 0.00076499 0.00076381 0.00076465 0.00076182 0.00076399 0.00076513 0.00076274 0.00076675 0.00076735 0.00076263 0.00076372 0.00076689 0.00076437 0.00076075 0.00075805 0.00075534 0.00075578 0.0007535 0.00075962 0.00076136 0.00076698 0.0007803 0.00079475 0.00079753 0.00079906 0.00078938 0.00078254 0.0007801 0.00077881 0.00077782 0.0007796 0.00078095 0.00078832 0.00079106 0.00078698 0.00078556 0.00078655 0.00078762 0.000781 0.00076746 0.0007654 0.00077014 0.00076285 0.0007566 0.00075349 0.00075525 0.00075363 0.00074703 0.00076668 0.00075134 0.00075767 0.00075654 0.00075613 0.00075291 0.00075129 0.00074959 0.00074741 0.00075177 0.00075651 0.00076238 0.00075872 0.00075948 0.00076449 0.00077095 0.00077714 0.0007779 0.0007712 0.00076861 0.00076034 0.00076179 0.00076478 0.00076425 0.00076268 0.00075183 0.00075148 0.00075529 0.00076168 0.00076644 0.00076899 0.00077041 0.00076691 0.0007721 0.00077128 0.00075703 0.00076316 0.00076483 0.00076388 0.00077131
0.00077491 0.00075967 0.00075347 0.00076061 0.00076559 0.00076939 0.00076901 0.00075851 0.00076022 0.00076356 0.00075711 0.00076023 0.00077036 0.00076011 0.0008104 0.00076136 0.00076798 0.00076715 0.00078197 0.00077171 0.00076983 0.00076885 0.00076968 0.00075932 0.00075727 0.00075456 0.00077366 0.00076382 0.00075691 0.00075792 0.00076452 0.00077038 0.0007711 0.00076887 0.00076958 0.00076425 0.00075803 0.00076062 0.00075947 0.0007591 0.00076576 0.00075592 0.0007617 0.00076797 0.00076229 0.00075107 0.00077157 0.00077542 0.00077667 0.00077535 0.0007746 0.00077821 0.0007777 0.00076973 0.00076282 0.00078399 0.00078409 0.00077746 0.00078448 0.00078396 0.00078224 0.00077699 0.00078112 0.0007832 0.00079253 0.00080946 0.0007958 0.00077551 0.00079863 0.00079965 0.00079065 0.00078061 0.0007624 0.00077991 0.00078655 0.00077264 0.00076934 0.00077136 0.00076821 0.00076308 0.00075232 0.00075261 0.00076081 0.00076518 0.00076121 0.00076008 0.00075841 0.00076301 0.00076471 0.00076415 0.00076515 0.00076373 0.00076403 0.000767 0.00076524 0.00076636 0.00076553 0.00076271 0.00076482 0.00076684 0.00076847 0.00076564 0.00076435 0.0007642 0.00075652 0.0007645 0.00076306 0.00076353 0.00076393 0.00076613 0.0007685 0.00077017 0.0007727 0.00077774 0.00078605 0.00078935 0.00077462 0.00077333 0.00077426 0.00076917 0.00081503 0.00079031 0.00077115 0.00077713 0.00078307 0.00078594 0.00079274 0.00079617 0.00078469 0.00079516 0.00080957 0.00079674 0.0007522 0.00078808 0.0007823 0.00077545 0.000756 0.00075806 0.00075775 0.00076423 0.00075326 0.00075229 0.0007513 0.00075234 0.00075305 0.0007521 0.00075212 0.00074995 0.0007525 0.00075182 0.00075481 0.00075474 0.00075542 0.00075655 0.00075714 0.00077426 0.00079456 0.00078965 0.00078907 0.00078399 0.00077816 0.00077199 0.00076763 0.00076352 0.00076244 0.00075748 0.00075307 0.0007562 0.00075694 0.00074753 0.00075465 0.00076443 0.00076686 0.00076254 0.00075098 0.00075503 0.00075704 0.00077095 0.00077199 0.00077141
0.00077832 0.00076693 0.00076389 0.00076927 0.0007689 0.00076567 0.00075048 0.00075766 0.00076018 0.00075755 0.00076479 0.00075748 0.00076038 0.00075118 0.00076299 0.00077443 0.00076568 0.00076841 0.00076335 0.000769 0.00077151 0.00077199 0.00076627 0.00076382 0.0007534 0.00075809 0.00076057 0.00076157 0.00076884 0.00075827 0.00076156 0.00077346 0.00077551 0.00076883 0.0007761 0.0007693 0.00076071 0.00075446 0.00075281 0.00075431 0.00075767 0.00076655 0.00077308 0.00077259 0.00077109 0.00076489 0.0007751 0.00077908 0.0007848 0.00078436 0.0007848 0.000785 0.00078642 0.00078733 0.00077864 0.00077354 0.00077686 0.00077262 0.00078098 0.00078526 0.00077653 0.0007698 0.00080519 0.00079217 0.00077532 0.00081203 0.00077949 0.00078753 0.00079877 0.00076185 0.00076678 0.00078978 0.0008172 0.00077733 0.00079531 0.00077411 0.0007751 0.00076766 0.00076301 0.000763 0.00075537 0.00075687 0.00076092 0.00075783 0.00075849 0.00076471 0.00076201 0.00076158 0.00076799 0.00075192 0.00076252 0.00076636 0.00076772 0.00076572 0.00077712 0.00076271 0.00076154 0.00076193 0.00078395 0.00076115 0.00075993 0.00076642 0.00076383 0.00076438 0.00076577 0.0007668 0.00076643 0.00076531 0.00076505 0.00077156 0.00077383 0.0007794 0.00078163 0.00078207 0.00077762 0.0007696 0.00077086 0.000773 0.00076601 0.00075934 0.00076004 0.00076066 0.00077274 0.00078389 0.0007993 0.00080532 0.00080978 0.00080521 0.00081067 0.00082211 0.00080626 0.00080428 0.00079171 0.00078482 0.00078852 0.00077827 0.00076733 0.0007518 0.00074724 0.00074977 0.00078112 0.00077657 0.0007472 0.00074734 0.0007635 0.00075019 0.00075159 0.00074597 0.00075124 0.00075548 0.00075084 0.00075179 0.00075727 0.0007668 0.00077237 0.00077757 0.00078313 0.00078126 0.00078473 0.00078444 0.00078356 0.000781 0.00077731 0.00077307 0.00076468 0.00075972 0.00075562 0.00075483 0.0007572 0.00075469 0.00076919 0.00074872 0.00075654 0.00075906 0.00075565 0.0007646 0.00076914 0.0007656 0.00077109 0.00077458
0.00077399 0.00077481 0.00078004 0.00078869 0.00077472 0.00075514 0.00075992 0.00075764 0.00075296 0.00075359 0.00075472 0.00078519 0.00075423 0.00075574 0.00075183 0.0007526 0.00076048 0.00076848 0.0007608 0.00075887 0.00078255 0.00075967 0.00076022 0.00076001 0.00075164 0.00075881 0.00076245 0.00076216 0.00076183 0.00075232 0.00074777 0.00077375 0.00076876 0.00077061 0.00076996 0.00076643 0.00076949 0.00075859 0.00075616 0.00075694 0.00075454 0.00076217 0.00076589 0.00076849 0.0007703 0.00076515 0.00075861 0.00075789 0.00077189 0.000785 0.00078622 0.00078849 0.00078327 0.0007822 0.00077566 0.00076429 0.00076052 0.00076091 0.00075788 0.00075646 0.00076675 0.00081779 0.00077799 0.00076668 0.00081532 0.00083018 0.00082188 0.00079375 0.00089205 0.00075158 0.00084469 0.00078673 0.00076629 0.00077963 0.0007703 0.00079604 0.00080917 0.00079381 0.00078269 0.00081331 0.00081463 0.00077671 0.00076238 0.00076359 0.0007679 0.0007628 0.00076374 0.00075994 0.0007592 0.00076409 0.00076518 0.00076668 0.00076192 0.00075769 0.00075768 0.00075692 0.00075712 0.00075834 0.00076439 0.0007582 0.00075505 0.00075672 0.00075653 0.00075749 0.00075732 0.0007665 0.00076745 0.00077112 0.00077495 0.00077894 0.00078319 0.00078808 0.00079377 0.00079893 0.00079296 0.00078389 0.00078818 0.00078877 0.00079444 0.00078431 0.00078175 0.00078835 0.00080716 0.00082735 0.0008448 0.0008436 0.0008458 0.00084486 0.00084529 0.00086528 0.00082332 0.00081475 0.00080349 0.00081552 0.00080714 0.00080219 0.00079872 0.00077909 0.00075095 0.00076373 0.00078396 0.00079819 0.00075244 0.00075424 0.00076088 0.00075845 0.00075391 0.00075164 0.00075146 0.00075551 0.00076155 0.00076428 0.0007665 0.00076216 0.00077171 0.00076598 0.00077659 0.00076525 0.00075442 0.00075737 0.00077876 0.00078174 0.00077944 0.00077171 0.00076363 0.0007592 0.00075607 0.00075605 0.00075731 0.00075605 0.00075255 0.00075125 0.00075637 0.00075741 0.00077357 0.00075702 0.00075721 0.00075876 0.000763 0.00077296
0.00077622 0.00077711 0.00078073 0.00078371 0.00076817 0.00076705 0.00076562 0.0007593 0.00075727 0.00076409 0.00076321 0.00076142 0.00075921 0.000761 0.0007566 0.00075942 0.00076842 0.00076582 0.00076571 0.00076443 0.00075692 0.00074979 0.00074984 0.00078191 0.00074976 0.00075936 0.00076431 0.00076444 0.00076439 0.00076024 0.00075701 0.00077093 0.00077024 0.00076763 0.00077247 0.00076431 0.00076029 0.00075725 0.00075238 0.00075128 0.00075237 0.00075127 0.00075075 0.00075289 0.00076254 0.00075833 0.0007562 0.0007612 0.00077104 0.00077759 0.00078514 0.00078623 0.00078678 0.00077279 0.00076793 0.00075289 0.00075707 0.00075212 0.00075649 0.00079701 0.000766 0.00082759 0.00084282 0.00081337 0.00077318 0.00090344 0.00090437 0.00090847 0.00090348 0.00090412 0.00090428 0.00086218 0.00077382 0.00077519 0.00081601 0.00079032 0.00077483 0.00079957 0.00079163 0.00078787 0.00077333 0.00076636 0.00076889 0.00076829 0.00076643 0.00076371 0.00076394 0.0007598 0.00076159 0.00075736 0.00076088 0.00076391 0.00076816 0.0007625 0.00076391 0.00077424 0.0007956 0.00076397 0.00076324 0.000765 0.00076435 0.00076297 0.000755 0.00075743 0.00075512 0.00075852 0.00077089 0.00077342 0.00077943 0.00078622 0.0007927 0.00079865 0.00080959 0.00082094 0.00082101 0.00083335 0.00084284 0.0008532 0.00085784 0.00087945 0.00089578 0.00090227 0.00090506 0.00090776 0.00091083 0.00090454 0.00089634 0.00089521 0.00091066 0.00087649 0.00085195 0.00084199 0.00082977 0.00081123 0.00082185 0.00081571 0.00076803 0.00078461 0.00078006 0.00077119 0.00076729 0.00076378 0.00076511 0.00076557 0.00075173 0.00075553 0.00075706 0.0007574 0.00076201 0.00076765 0.00077506 0.00077514 0.0008082 0.000784 0.00076632 0.00076945 0.00077424 0.00075369 0.00075623 0.00078222 0.00077437 0.00076952 0.00076584 0.00076655 0.00076006 0.00075812 0.0007605 0.00076362 0.00076824 0.00076398 0.00076348 0.000755 0.00076627 0.00075986 0.00075661 0.00075785 0.00076166 0.00076895 0.0007689 0.00077443
0.00077825 0.00076888 0.00077062 0.00078982 0.00079662 0.00075808 0.00077092 0.00077388 0.00077354 0.00076902 0.00077241 0.00076215 0.00075937 0.00076487 0.00076475 0.00076461 0.00076006 0.00076661 0.00076422 0.00076591 0.0007636 0.00075434 0.00075088 0.00076553 0.00075864 0.00076291 0.00079002 0.00076232 0.00076555 0.00076248 0.00076861 0.00076599 0.00076597 0.00077492 0.0007672 0.00076692 0.00076646 0.00075438 0.00075104 0.00075068 0.00074956 0.00075101 0.00075669 0.00075952 0.00076252 0.00076485 0.00076786 0.00076697 0.00079291 0.00082376 0.00076156 0.00076287 0.00076821 0.00076387 0.00076679 0.00077831 0.00077362 0.00075984 0.00075829 0.00077545 0.000769 0.000834 0.00084314 0.00085564 0.00091473 0.00091137 0.00090577 0.000906 0.00090697 0.00090762 0.00090708 0.00090175 0.00087506 0.00084142 0.00079029 0.00078391 0.00079304 0.00080809 0.00077782 0.00078466 0.00079098 0.00078469 0.00078006 0.00077507 0.00076934 0.00079708 0.00077546 0.00076452 0.00076684 0.00076787 0.00076227 0.00076124 0.00075939 0.00076699 0.00075818 0.0007561 0.00076061 0.00076203 0.00076365 0.00076148 0.00076409 0.00076579 0.00075864 0.0007502 0.00076722 0.00076363 0.00076664 0.00077388 0.00077735 0.00078037 0.00079792 0.00080782 0.00082658 0.00084429 0.00085441 0.00087396 0.00089826 0.0009062 0.00091587 0.00091912 0.00091871 0.00091779 0.00091743 0.00091731 0.00091726 0.00091814 0.0009185 0.00091833 0.00091829 0.00091855 0.00091846 0.00087974 0.00088093 0.00089597 0.00082039 0.00083539 0.00083695 0.00081525 0.00077306 0.00077255 0.00077588 0.00076524 0.00076683 0.00076036 0.00076329 0.00077877 0.00076155 0.00076124 0.00076259 0.00075931 0.00076323 0.00077095 0.00078004 0.00078615 0.00081306 0.00077633 0.00077307 0.00075128 0.00078454 0.00077432 0.00077752 0.00077847 0.00077824 0.00076967 0.00076485 0.00076359 0.00075887 0.00076421 0.00075564 0.00076409 0.00076785 0.00075731 0.00075097 0.00075093 0.00075767 0.0007673 0.00076865 0.00077089 0.00077656 0.00077817
0.00077587 0.00077181 0.00076527 0.00076674 0.0007811 0.00077719 0.00077544 0.00075962 0.00078007 0.00076749 0.00076132 0.00076621 0.00076321 0.00076764 0.00076468 0.00076282 0.00076465 0.0007548 0.00076199 0.00076332 0.00076001 0.00075516 0.00075017 0.00074854 0.00074574 0.00075895 0.0007547 0.00075983 0.00076476 0.00076492 0.0007632 0.00076638 0.00076134 0.00076144 0.00076291 0.00075917 0.00075914 0.00075727 0.00075395 0.0007463 0.00074606 0.00074471 0.00074792 0.00075963 0.00076265 0.00076599 0.00076795 0.00076155 0.00079742 0.00081451 0.00076064 0.00076 0.00075389 0.00075095 0.00076675 0.00079174 0.00079975 0.00079809 0.00076879 0.00075831 0.00076013 0.00076404 0.00084698 0.00090102 0.00091095 0.0009036 0.00090881 0.00090683 0.00090678 0.00090654 0.0009066 0.00090716 0.00087547 0.00087928 0.00089188 0.00090791 0.00079313 0.00079559 0.00078172 0.00078276 0.00078823 0.00078455 0.00077281 0.0007684 0.00076403 0.00077906 0.00076144 0.00076268 0.00076697 0.00076629 0.00076556 0.00076675 0.00076907 0.00077069 0.00076492 0.00075889 0.00076051 0.00076182 0.00076306 0.00075726 0.00076715 0.00076133 0.00075703 0.00076357 0.00076146 0.0007648 0.0007713 0.00077857 0.0007862 0.00078796 0.00081675 0.00082718 0.00083351 0.00086499 0.00088624 0.00090727 0.00091628 0.00091917 0.00091819 0.00091713 0.0009176 0.00091969 0.00092107 0.00092393 0.00092347 0.00092374 0.00092138 0.00092145 0.00092014 0.00091864 0.00092126 0.00091758 0.00091607 0.00091544 0.00088962 0.0008513 0.00080594 0.00076404 0.00075523 0.00078563 0.00077585 0.00076245 0.00078848 0.00076331 0.00075379 0.00075697 0.00076206 0.0007734 0.00076764 0.00076981 0.00077882 0.00077963 0.00077594 0.00077306 0.00076114 0.0007733 0.00077505 0.0007795 0.00077626 0.00077657 0.0007749 0.00076532 0.00076764 0.00077617 0.00077485 0.00076979 0.00076036 0.00077476 0.00076584 0.00077317 0.00076517 0.00075872 0.00076625 0.00075651 0.00075799 0.00076252 0.00076528 0.00076966 0.00077158 0.00077514
0.00075897 0.00076286 0.00076069 0.00076782 0.00078959 0.0007985 0.00080525 0.00077477 0.00077453 0.00075725 0.0007642 0.00075704 0.00075703 0.00075494 0.00075876 0.00075617 0.00075538 0.00075585 0.00074816 0.00075059 0.00075414 0.00075759 0.00074905 0.00074786 0.00075434 0.00075188 0.00075618 0.0007646 0.00076417 0.00076407 0.00076107 0.000765 0.00075937 0.00074623 0.00074603 0.00074789 0.00075046 0.00075041 0.00075091 0.00074621 0.00074478 0.00074534 0.00074674 0.00075557 0.00076043 0.00076351 0.00076408 0.00076393 0.00076272 0.000761 0.00075828 0.0007542 0.00074929 0.00074749 0.00075006 0.00075503 0.0007736 0.00077543 0.00076161 0.00075852 0.00081155 0.00082832 0.00084119 0.00086406 0.00090406 0.00091381 0.000908 0.00090868 0.00090712 0.00091102 0.00091148 0.00090314 0.00088895 0.00080632 0.00084036 0.00078551 0.00078791 0.0007999 0.00077993 0.00078485 0.00078591 0.00078254 0.00077438 0.00076653 0.00076795 0.00075957 0.00076179 0.00080233 0.00077921 0.00076692 0.00076407 0.00076605 0.00077969 0.0007809 0.00076673 0.00076358 0.00075376 0.00077107 0.00075816 0.00075821 0.00075744 0.00075756 0.00076174 0.00076829 0.00077043 0.00076319 0.00076252 0.00077985 0.00078619 0.0008025 0.00078597 0.00081586 0.00085824 0.0008938 0.00091559 0.00091917 0.00091815 0.00091727 0.00091774 0.00092009 0.00092902 0.00093951 0.00092923 0.00092868 0.00091818 0.00092257 0.00092384 0.00092558 0.0009235 0.00092286 0.0009232 0.00092346 0.00092055 0.00091751 0.0009191 0.00091414 0.00084462 0.0008039 0.00081689 0.00079183 0.00080334 0.00077837 0.00075777 0.0007668 0.00077025 0.00075485 0.000765 0.00076114 0.00077067 0.00077408 0.00076085 0.0007695 0.00076923 0.00076821 0.00076566 0.00077563 0.00077004 0.0007659 0.00076021 0.00076083 0.00074679 0.00075554 0.00076704 0.00076521 0.00075925 0.00076894 0.00077844 0.00078997 0.00077066 0.00078728 0.00078351 0.00077474 0.00077331 0.00076328 0.00075687 0.00075194 0.00075416 0.00075704 0.00076247 0.00076536
0.00075659 0.00076414 0.00075981 0.00075923 0.00077249 0.00078895 0.00076985 0.00076031 0.00076951 0.00076181 0.00075728 0.00075913 0.00074779 0.00076442 0.00074944 0.00075184 0.00074434 0.00074629 0.00075419 0.00075162 0.00075745 0.00075025 0.00075416 0.00075824 0.00075762 0.00076567 0.00075537 0.0007601 0.00076305 0.00076258 0.00076277 0.00076271 0.00076402 0.00075254 0.00075046 0.00075199 0.00075526 0.00075594 0.00075575 0.00075224 0.00074811 0.00074689 0.0007502 0.00075133 0.00074997 0.00075722 0.00075736 0.00075867 0.00075583 0.00075642 0.00075234 0.00075064 0.00074721 0.00074722 0.00074691 0.00075004 0.00075335 0.00075333 0.00075999 0.00076852 0.00075347 0.00079434 0.00078024 0.00083741 0.00083426 0.00090898 0.00091358 0.00091296 0.00091167 0.00091335 0.00091233 0.00090706 0.00089825 0.00081902 0.00083174 0.00082791 0.0007837 0.00078169 0.00077532 0.00076383 0.00077941 0.00077279 0.00077048 0.00076937 0.00076293 0.00076383 0.0007598 0.00076397 0.00077042 0.00076784 0.00076997 0.00077023 0.00078533 0.00076918 0.00076458 0.00075417 0.00075834 0.00075638 0.0007617 0.00077223 0.00075875 0.00075354 0.00075646 0.00076135 0.00078131 0.00078197 0.00077022 0.00077851 0.00079502 0.00079143 0.00078553 0.00080189 0.00084381 0.00087303 0.00091834 0.00091816 0.00092143 0.00093499 0.00094949 0.00092809 0.00092156 0.00092524 0.00093249 0.00093021 0.00092321 0.00092001 0.00091849 0.0009216 0.0009239 0.00092238 0.00092256 0.00092046 0.00092059 0.0009198 0.00091729 0.00091848 0.00091714 0.00087654 0.00083444 0.00081801 0.00081083 0.0008035 0.0007813 0.00076809 0.00078341 0.00078243 0.00076804 0.00077646 0.00077454 0.0007744 0.0007747 0.00076204 0.00075959 0.00076579 0.00075888 0.0007636 0.00076491 0.00075568 0.00075147 0.00076043 0.00077591 0.00077948 0.00075933 0.00075814 0.00076695 0.00078004 0.00077572 0.00078134 0.0007881 0.00078416 0.00078234 0.00078037 0.0007611 0.00076182 0.00075689 0.00076622 0.00075995 0.00075777 0.00076378 0.00076145
0.0007645 0.00076589 0.00076332 0.00076423 0.00076956 0.00076858 0.00077118 0.00077202 0.00077501 0.00075888 0.00075576 0.00076373 0.00075598 0.00075341 0.00075441 0.00075449 0.00077103 0.00075356 0.00075868 0.00076044 0.00075707 0.00076162 0.00077599 0.00075568 0.00076103 0.00076584 0.00076201 0.00075994 0.00076004 0.00075938 0.0007574 0.00075878 0.00075774 0.00075504 0.00075507 0.00075457 0.00075493 0.0007553 0.00075668 0.00075684 0.00075265 0.00075149 0.0007535 0.00075243 0.00075231 0.00075436 0.00075438 0.00075192 0.00075004 0.00074819 0.00074746 0.00074741 0.000747 0.00074303 0.00074165 0.00075149 0.00075658 0.00075857 0.00076507 0.00077088 0.00078072 0.00077886 0.00079561 0.00080366 0.00081513 0.00088247 0.0009026 0.00091912 0.00091869 0.00091609 0.00091432 0.00091061 0.00086981 0.00084561 0.00082453 0.00083836 0.000778 0.00077644 0.00077579 0.0008149 0.00076719 0.00077187 0.00076558 0.00076463 0.00076334 0.00076159 0.00076153 0.00077165 0.00077108 0.0007688 0.0007662 0.00076798 0.00077428 0.00076761 0.00076348 0.00076565 0.00075898 0.00075941 0.0007587 0.00077263 0.000749 0.00075645 0.00075917 0.00076035 0.00077251 0.00076003 0.00077172 0.00077835 0.00078606 0.00078747 0.00079227 0.00078898 0.00084452 0.00091173 0.00091841 0.00092262 0.00094511 0.00094991 0.00093042 0.00094075 0.00093464 0.00094229 0.00093712 0.00093667 0.00093083 0.00094092 0.00094571 0.00092309 0.00092121 0.00092829 0.00092232 0.00092113 0.00092112 0.0009199 0.00091725 0.00091716 0.00091918 0.00090027 0.00085033 0.00083056 0.00081123 0.00082021 0.0007599 0.00078416 0.0007847 0.00077634 0.00077926 0.00077102 0.00076821 0.000776 0.00076782 0.00076397 0.00077022 0.00076305 0.00076467 0.00075871 0.00075551 0.00075664 0.00075063 0.00074376 0.00075731 0.00075378 0.00076113 0.0007808 0.00078517 0.00078121 0.00076765 0.00078627 0.00077031 0.00077225 0.00078037 0.00077704 0.00076103 0.00076167 0.00076545 0.00075136 0.00075194 0.00075953 0.00076279 0.00076114
0.00077735 0.00076037 0.00078114 0.00077098 0.00077713 0.00076832 0.00077094 0.00077003 0.00076554 0.00076129 0.00075542 0.00075687 0.0007539 0.00075167 0.00075567 0.00075612 0.00076174 0.00076327 0.00076075 0.00076029 0.00075336 0.00075639 0.00075923 0.00075937 0.00075529 0.00076055 0.00076198 0.00076197 0.00075265 0.00075637 0.00075452 0.00075807 0.00075871 0.00075362 0.00075383 0.00075369 0.00075404 0.00075541 0.00075793 0.00075932 0.00075182 0.00074905 0.00074052 0.00074109 0.00074805 0.00075188 0.00075022 0.00074781 0.00074815 0.00074568 0.00074474 0.00074486 0.00074405 0.00074486 0.00074528 0.00075259 0.00075376 0.00075691 0.00075739 0.00076349 0.00076331 0.00076529 0.00077703 0.00076494 0.0008229 0.00081598 0.0008596 0.00087195 0.00088358 0.00089115 0.00087988 0.00087746 0.00082732 0.00084665 0.0008328 0.00078216 0.00077871 0.00078488 0.00078031 0.00078431 0.00077621 0.00084317 0.00076574 0.00076979 0.0007662 0.00076602 0.00076328 0.00077271 0.00077165 0.00076596 0.00076426 0.00076812 0.00076912 0.00076687 0.00076615 0.00076159 0.00076697 0.00076116 0.00076808 0.00075861 0.00075751 0.00075917 0.00075686 0.00075181 0.00075247 0.00075753 0.00076933 0.00079813 0.00077497 0.00078395 0.00078646 0.00079384 0.00086325 0.00091882 0.00092071 0.00093642 0.00093572 0.00092899 0.00093457 0.00094665 0.00093869 0.00093829 0.00093113 0.00094066 0.00093825 0.00092373 0.00092615 0.00092478 0.00092951 0.00092446 0.00092201 0.00092151 0.00091962 0.00091779 0.00091794 0.0009182 0.00091918 0.00091099 0.0008567 0.00084944 0.00083112 0.00083614 0.00081179 0.00080691 0.00079526 0.00078842 0.00077895 0.00077323 0.00077406 0.00079712 0.00078079 0.00077595 0.00077414 0.00076527 0.00076421 0.00075915 0.00075491 0.00075471 0.0007557 0.00075608 0.00075317 0.00075446 0.00076523 0.0007869 0.00079406 0.00079386 0.00078445 0.00078049 0.00077012 0.00077551 0.00077485 0.00077885 0.00075335 0.00076505 0.00076586 0.00078508 0.00076015 0.00076424 0.00077068 0.00076944
0.00078327 0.00077995 0.00078097 0.00079504 0.00078663 0.0007666 0.00076882 0.00076695 0.00078249 0.00080069 0.00083881 0.0008241 0.00077318 0.00075682 0.00076077 0.00075937 0.00075287 0.00075633 0.00075277 0.00075707 0.00075249 0.00076013 0.00075929 0.00075916 0.00075636 0.00074688 0.0007524 0.0007547 0.00075779 0.00075191 0.00075063 0.00075352 0.0007514 0.0007515 0.00074906 0.00075227 0.00075313 0.00075531 0.00075583 0.00073681 0.0007346 0.00073337 0.00071958 0.00071719 0.00071794 0.00073567 0.00073567 0.00073572 0.00074133 0.00074412 0.00074183 0.00074517 0.00074286 0.00074442 0.00074409 0.00074462 0.00074547 0.00075041 0.00076286 0.00075945 0.00075458 0.00074848 0.00076794 0.0007884 0.00078521 0.00081488 0.00081139 0.00083256 0.00086157 0.00086691 0.00086205 0.00082852 0.00084619 0.00080211 0.00080431 0.00080333 0.00079348 0.00085441 0.00079016 0.00077611 0.00078138 0.00077739 0.00076883 0.00076876 0.00076495 0.00076525 0.00076976 0.00077534 0.00077457 0.00077077 0.00076526 0.00077034 0.00076379 0.00076472 0.00076721 0.00075827 0.00075618 0.00076424 0.00076278 0.00076063 0.00075576 0.00075721 0.00075089 0.00074841 0.00077283 0.00075923 0.00076525 0.00077979 0.00077975 0.0007801 0.00078941 0.00080115 0.00085956 0.00091874 0.0009182 0.00093665 0.00093685 0.0009228 0.00094048 0.00094152 0.00094106 0.00093543 0.00094382 0.00094923 0.00093467 0.00092355 0.00092929 0.00093102 0.00092631 0.00092933 0.00092478 0.00092106 0.00091726 0.00091755 0.0009182 0.00091879 0.00091862 0.00090695 0.00088612 0.00085239 0.00087115 0.0008007 0.00079072 0.00080069 0.00076954 0.00076932 0.00077975 0.00078302 0.00078504 0.00078329 0.00078003 0.00078102 0.00078048 0.00076417 0.00076167 0.00076062 0.0007569 0.00076436 0.00076264 0.0007589 0.00075825 0.00075706 0.00076802 0.00077775 0.00078239 0.00077863 0.00078171 0.00077901 0.00076196 0.0007707 0.00077094 0.00075714 0.00075588 0.00076804 0.00076647 0.00077022 0.0007694 0.00077479 0.0007805 0.00077125
0.00077905 0.00078248 0.00077403 0.00076533 0.00078955 0.00076632 0.00077503 0.00077175 0.000758 0.0007659 0.0008083 0.00080898 0.00076215 0.00075717 0.00076707 0.00076165 0.00076644 0.00075852 0.00076247 0.00076333 0.0007666 0.00075466 0.00076711 0.00076677 0.00076171 0.00076164 0.00075831 0.0007543 0.00075618 0.0007546 0.00075306 0.00073695 0.00074525 0.00074912 0.00074918 0.00075103 0.00075263 0.00075224 0.00074527 0.00074376 0.00073917 0.00073008 0.00072762 0.00072827 0.00073097 0.00073189 0.00073113 0.00073299 0.00072873 0.00073655 0.00074184 0.00074208 0.00074237 0.00074322 0.00074454 0.00074486 0.000747 0.00075027 0.00075115 0.00075733 0.00075755 0.00075996 0.0007537 0.00075685 0.00077215 0.00076259 0.00078948 0.00084994 0.00083931 0.00083937 0.00083917 0.00083789 0.00081071 0.00079978 0.00080751 0.00080145 0.0007969 0.00078779 0.00078206 0.00078281 0.00078062 0.00078224 0.00077847 0.00077098 0.00076994 0.00076491 0.0007728 0.00078227 0.00077131 0.00077006 0.00077571 0.00077704 0.00077451 0.00076457 0.00077071 0.0007615 0.00076169 0.00076114 0.00076047 0.00076954 0.00075652 0.00076002 0.00075414 0.0007555 0.00075432 0.00075373 0.00076517 0.00077421 0.00078155 0.00078285 0.00078316 0.00081538 0.00086617 0.00091724 0.00091743 0.0009392 0.000949 0.0009438 0.00093029 0.00093814 0.0009488 0.00094308 0.00094752 0.00094918 0.0009379 0.00092919 0.0009384 0.00093094 0.00093394 0.00092579 0.00092194 0.00091789 0.0009173 0.00091802 0.00091908 0.00091906 0.00091827 0.00091478 0.0008817 0.00082798 0.00081716 0.00079271 0.00078509 0.000783 0.00078123 0.00078832 0.00080331 0.00078648 0.00076636 0.00078139 0.00078328 0.0007875 0.00077808 0.00077297 0.00076479 0.00077035 0.00076485 0.00075968 0.00077115 0.00076713 0.00076148 0.00075928 0.00075967 0.00076378 0.0007706 0.00077381 0.00078755 0.0007811 0.000773 0.00077236 0.00077466 0.00076976 0.00077885 0.00077579 0.00077654 0.00076913 0.00077253 0.00077912 0.00078431 0.00078925
0.00078973 0.00078323 0.00078268 0.00077189 0.00081435 0.00079834 0.00078087 0.00076185 0.00075428 0.00074765 0.00074489 0.00075523 0.00075327 0.00076656 0.00077634 0.0007753 0.00077539 0.00077535 0.000771 0.0007686 0.00076831 0.00076779 0.0007617 0.00076516 0.0007594 0.0007544 0.0007553 0.00074995 0.0007487 0.00075479 0.00075334 0.00074427 0.00074559 0.00074071 0.00074654 0.00073936 0.00074387 0.0007299 0.00073081 0.00074346 0.00072951 0.00072357 0.00073322 0.00073346 0.0007328 0.00073244 0.0007339 0.00073893 0.00073458 0.00073439 0.00073292 0.00073729 0.00074173 0.00074591 0.00074606 0.000747 0.0007461 0.0007518 0.00075328 0.00075144 0.00075123 0.00076134 0.00076117 0.00076794 0.00078189 0.00078589 0.00079833 0.00080544 0.00076127 0.00082108 0.00079832 0.00080325 0.00080542 0.00081388 0.00080563 0.00079585 0.00079092 0.00078986 0.00079086 0.00078211 0.00077479 0.00077093 0.00076471 0.00081195 0.0007719 0.00076706 0.00076758 0.00076516 0.00078025 0.00076995 0.00077342 0.00077745 0.0007761 0.00077049 0.00076155 0.000767 0.00076037 0.00075917 0.00076698 0.00076625 0.0007558 0.0007553 0.00075341 0.00075566 0.00075831 0.00075811 0.00079576 0.0007663 0.00077887 0.00078745 0.00079113 0.00079598 0.000822 0.00091055 0.00091882 0.000928 0.0009495 0.00096482 0.0009863 0.00093896 0.00094143 0.00094253 0.0009297 0.00094726 0.0009317 0.00093378 0.00092911 0.00093132 0.0009299 0.00092751 0.00092428 0.00091718 0.00091833 0.00091902 0.00091881 0.0009173 0.00090971 0.00088421 0.00085629 0.00082932 0.00079423 0.00079484 0.00077666 0.00077706 0.00077301 0.00077693 0.00078651 0.00078743 0.00078607 0.0007816 0.00078763 0.00078201 0.00077892 0.00077705 0.00077265 0.00077337 0.0007803 0.0007737 0.00077156 0.00075812 0.00076358 0.00076329 0.00075587 0.00075558 0.00076705 0.00077182 0.00078747 0.0007733 0.00077417 0.00077815 0.000783 0.00078207 0.00078116 0.00078039 0.00077456 0.00077071 0.00079042 0.00079644 0.00079082 0.0008091
0.00078982 0.00081427 0.00078367 0.0007653 0.00077941 0.00076402 0.00076388 0.00076597 0.00075594 0.00074755 0.00074631 0.00075509 0.00076632 0.00076992 0.00077406 0.000772 0.00077527 0.00075131 0.00076916 0.0007677 0.00076627 0.00076259 0.00076291 0.00075918 0.00075255 0.00075545 0.00075316 0.00075155 0.0007463 0.00074761 0.00074485 0.00074372 0.00074461 0.00074225 0.00074334 0.00074471 0.00073933 0.00072912 0.00072996 0.00072956 0.00072543 0.00073302 0.00073801 0.00073729 0.00073498 0.00073684 0.00073555 0.00073612 0.00073801 0.00073839 0.00073721 0.00073115 0.00073668 0.00074458 0.00074764 0.00074967 0.00074968 0.0007499 0.00075018 0.00075127 0.00075342 0.0007558 0.00075561 0.00077568 0.00077429 0.00076198 0.00076652 0.00077637 0.00077431 0.00080375 0.00080073 0.00081494 0.00079321 0.00078187 0.00078619 0.0007927 0.00079295 0.00079198 0.0008033 0.00078781 0.00077591 0.00076842 0.00077299 0.00076877 0.00077096 0.00076396 0.00076274 0.00076475 0.00076752 0.00076964 0.00077023 0.00077516 0.00077281 0.00076377 0.00076409 0.00076359 0.00076845 0.00077657 0.0007604 0.00075832 0.000759 0.00075138 0.0007529 0.00075817 0.0007606 0.00075973 0.00076113 0.0007679 0.00078601 0.00077854 0.00077777 0.00078766 0.00080117 0.0008135 0.00090582 0.00091887 0.00093719 0.00095141 0.00097151 0.0009772 0.00094026 0.00093933 0.00097145 0.00096792 0.00093021 0.00093271 0.00093105 0.00092813 0.0009297 0.00092611 0.00091799 0.00091916 0.00091698 0.00091712 0.00091398 0.000906 0.00090898 0.00088273 0.00087836 0.00087329 0.00081189 0.00078714 0.00076597 0.00077606 0.0007701 0.00077371 0.00077787 0.00078059 0.00078514 0.00078836 0.00078268 0.00077653 0.00076257 0.00076335 0.00076419 0.00077041 0.0007642 0.00076074 0.00076678 0.00077188 0.00076639 0.00076064 0.00076956 0.00077407 0.00076916 0.00076934 0.00076591 0.00077125 0.0007707 0.00076159 0.00078673 0.00078723 0.00077749 0.00077568 0.00078076 0.00078395 0.00080656 0.00079828 0.00078351 0.00076735
0.00079201 0.00079616 0.00076492 0.00076176 0.00076527 0.00075274 0.00075792 0.00074776 0.00074796 0.00075418 0.00075343 0.00075689 0.00076768 0.00077111 0.00078063 0.00076941 0.00077556 0.00077659 0.00076783 0.00076774 0.00075595 0.00076251 0.00076128 0.00076077 0.00075621 0.00075288 0.00075299 0.0007508 0.00074849 0.00074591 0.00074451 0.00073835 0.00074113 0.00073948 0.00073715 0.00073842 0.00073373 0.00072676 0.00072552 0.0007199 0.00072205 0.00073326 0.00073936 0.00073666 0.00074181 0.00073728 0.00074381 0.00074446 0.00074236 0.00074269 0.0007382 0.00073173 0.0007259 0.00073759 0.00074436 0.00074952 0.00074925 0.00075005 0.00075054 0.00075046 0.0007549 0.00076105 0.00076035 0.0007745 0.00077691 0.00077867 0.00077776 0.00077746 0.00077534 0.00077133 0.00077684 0.00079919 0.00079779 0.00078215 0.00080002 0.00078225 0.0008013 0.00078948 0.00078743 0.00079124 0.00078272 0.0007765 0.00078452 0.00077287 0.00077121 0.00076826 0.00076704 0.00076474 0.00076499 0.00076691 0.00076783 0.00076204 0.00076592 0.00076967 0.00076488 0.00076747 0.00076307 0.00076796 0.00076225 0.00075473 0.0007569 0.0007545 0.00075165 0.00075431 0.00075751 0.00075916 0.00075949 0.00075826 0.00077014 0.00077785 0.00077382 0.00077235 0.0007677 0.00077747 0.00080048 0.00089219 0.00091717 0.00092555 0.00094135 0.00095955 0.00095855 0.00097916 0.00093418 0.00092898 0.00093411 0.00093377 0.00092758 0.00092683 0.00091789 0.00091783 0.00091895 0.00091443 0.00089543 0.00089091 0.00088768 0.00088661 0.00089856 0.00089067 0.00086334 0.00085593 0.00082537 0.00078793 0.00077618 0.00077311 0.00076938 0.00076826 0.00077235 0.0007714 0.00077441 0.00077837 0.00077727 0.00077073 0.00076731 0.00076364 0.00075562 0.00075427 0.00075595 0.00075504 0.00076591 0.00075861 0.00076433 0.00076986 0.00076096 0.00076599 0.0007637 0.00076243 0.00076997 0.00077325 0.00077961 0.00076859 0.00077416 0.00078912 0.00076672 0.00077891 0.00077929 0.00078478 0.00079014 0.00078304 0.00077387 0.00077431
0.00078886 0.00076889 0.00076588 0.00076435 0.00075474 0.00075578 0.00074987 0.00075475 0.00075652 0.00075464 0.00075706 0.0007576 0.00076387 0.0007695 0.00077592 0.0007756 0.00077563 0.000766 0.00076242 0.00076774 0.00076041 0.00076125 0.00075994 0.00075878 0.00075596 0.00075512 0.00075254 0.00075032 0.00074721 0.00074442 0.00074211 0.00074086 0.00074051 0.00073626 0.00073513 0.00073896 0.00073303 0.00072517 0.00072632 0.00071976 0.00072769 0.00073349 0.00073622 0.00074038 0.00074217 0.00074395 0.00074414 0.00074597 0.00074593 0.00074701 0.00073971 0.0007317 0.00073447 0.00073524 0.00073631 0.00073608 0.00074636 0.00075226 0.00075175 0.00075567 0.00076164 0.0007684 0.00077395 0.00077547 0.00078017 0.0007786 0.00078089 0.0007852 0.0007825 0.00078067 0.0007838 0.00082153 0.00078197 0.00077524 0.00078325 0.00077993 0.00078293 0.00078664 0.00079346 0.00079264 0.00079807 0.00079385 0.00078307 0.00078243 0.00077842 0.00076868 0.00076333 0.00076094 0.00076434 0.0007653 0.00076526 0.00076697 0.00076215 0.00076622 0.0007676 0.00076556 0.00076692 0.00076468 0.00076388 0.00075725 0.00075679 0.00076412 0.00075893 0.00075626 0.00076014 0.000763 0.00076463 0.00075977 0.00077143 0.00077749 0.00078465 0.00077275 0.00078326 0.00078047 0.00081703 0.00081624 0.00089027 0.00091256 0.00091793 0.00092009 0.00093175 0.00094897 0.00092551 0.00093086 0.00092717 0.00092928 0.00092264 0.00091813 0.00091841 0.00089655 0.00091566 0.00090947 0.00087921 0.00087721 0.00087124 0.00084411 0.00084061 0.0008617 0.00085749 0.00083412 0.00082742 0.00077717 0.00077796 0.00077073 0.00077527 0.00076466 0.0007674 0.00076692 0.00076742 0.00076922 0.00077193 0.0007674 0.00076342 0.00076352 0.00075785 0.00075681 0.00076757 0.00075419 0.00075219 0.00075023 0.00076609 0.00077336 0.00078632 0.00076838 0.00077263 0.00077745 0.00078141 0.00077809 0.00077885 0.00077555 0.00077127 0.00077835 0.00076931 0.00077605 0.00077569 0.000772 0.00077586 0.00078022 0.00077922 0.00077774
0.00078825 0.00076825 0.00074957 0.00076414 0.00075455 0.00075279 0.00076018 0.00075451 0.0007581 0.00075568 0.00075563 0.00075914 0.00076858 0.00077337 0.00077577 0.00077441 0.0007733 0.00075524 0.00076945 0.00076858 0.00076494 0.00075989 0.00075968 0.00075786 0.00075663 0.00075441 0.00075241 0.00074916 0.00074607 0.00074366 0.00074156 0.00073911 0.00073764 0.00073728 0.000737 0.00073155 0.00073185 0.00072848 0.0007171 0.00070775 0.00072693 0.00073454 0.00073751 0.00073976 0.00074231 0.00074465 0.0007462 0.00074743 0.0007484 0.00074839 0.00074804 0.00074673 0.00074107 0.00074121 0.00074053 0.00073546 0.00073761 0.00074122 0.00075134 0.0007549 0.0007625 0.0007758 0.0007794 0.00077812 0.00079936 0.0007796 0.00077547 0.00077877 0.0007858 0.00078472 0.00079141 0.00080538 0.00079077 0.00077846 0.00078591 0.00079678 0.00078779 0.00078667 0.00080239 0.0007979 0.00079547 0.000796 0.00078647 0.00079073 0.00077229 0.00077177 0.00076857 0.00076385 0.00076184 0.0007652 0.00076814 0.00076733 0.00076992 0.00076843 0.00076751 0.00076588 0.0007665 0.0007587 0.0007646 0.00075866 0.00076683 0.00076803 0.00076242 0.00076279 0.0007671 0.00076944 0.00077123 0.00076907 0.0007591 0.00077501 0.00076859 0.00078261 0.00078844 0.00079241 0.00077144 0.00078025 0.00083529 0.00082958 0.00087831 0.00087938 0.00090988 0.00091079 0.00091918 0.00091745 0.00091824 0.00091771 0.00091861 0.00091917 0.00089477 0.00086746 0.00084594 0.00082497 0.00085032 0.00086115 0.00084676 0.00082132 0.00083155 0.00083035 0.00082441 0.00079612 0.00079384 0.00078241 0.00077482 0.00077143 0.00077039 0.00076721 0.00076664 0.0007681 0.00076807 0.00076892 0.00076971 0.00076537 0.00076487 0.00075762 0.00076104 0.000755 0.0007496 0.00075237 0.00076361 0.00074951 0.00076224 0.00077088 0.0007751 0.00076469 0.00077616 0.00076014 0.00077481 0.0007801 0.00077322 0.00077018 0.00077454 0.00077131 0.00076681 0.0007694 0.00077263 0.00077625 0.00077178 0.00077573 0.00077948 0.00078506
0.00077699 0.00076717 0.00076687 0.00076629 0.00075612 0.00075438 0.00076286 0.00075104 0.00075626 0.00076134 0.00075971 0.00076721 0.00076534 0.00076841 0.00077602 0.00077031 0.0007762 0.00075958 0.00076907 0.00075883 0.00075926 0.00075954 0.00075772 0.00075731 0.00075467 0.00075321 0.00075153 0.0007501 0.00074569 0.000743 0.00074034 0.00073802 0.00073535 0.00073529 0.00073412 0.00073531 0.00073673 0.00072687 0.00072474 0.00071033 0.00072877 0.00073478 0.00073736 0.00074033 0.00074299 0.00074543 0.00074733 0.0007487 0.00074964 0.00075134 0.00075117 0.00075195 0.00074935 0.00074391 0.00074394 0.00074483 0.00074741 0.00074729 0.00074652 0.00074652 0.00074471 0.00076331 0.00078062 0.00078155 0.00078027 0.00078105 0.0007843 0.00079308 0.00078336 0.00078016 0.00078134 0.00081128 0.00081866 0.00082815 0.00079931 0.00078424 0.00079579 0.00079662 0.00080672 0.00080627 0.00080488 0.00080386 0.00079822 0.00078748 0.00078305 0.00077586 0.00077699 0.00077756 0.00076808 0.00076569 0.00076487 0.00076889 0.00076925 0.00076181 0.00076428 0.00076677 0.0007672 0.0007621 0.00076191 0.00076167 0.00076657 0.00077241 0.00076127 0.00076752 0.00077066 0.00076805 0.00077588 0.00076173 0.00075589 0.00075996 0.00077225 0.00077247 0.00078021 0.0007753 0.00077345 0.00077601 0.00077774 0.00082924 0.00082447 0.00084002 0.00085293 0.00085744 0.00087471 0.00088073 0.00088585 0.00090108 0.00090979 0.00090009 0.00089565 0.00086367 0.00082604 0.00084822 0.00084646 0.00083586 0.00080654 0.00081754 0.00075674 0.00082257 0.00082102 0.00076542 0.00077704 0.00076889 0.00076716 0.00076713 0.00076778 0.00076804 0.00076809 0.00076835 0.0007664 0.00076561 0.00076496 0.00076071 0.00075419 0.00075281 0.00075133 0.00075469 0.000764 0.00075053 0.00075155 0.00075995 0.00075515 0.00076214 0.00077115 0.00077078 0.00078224 0.00076229 0.00077654 0.00077148 0.00077568 0.00077993 0.0007773 0.00077283 0.00076409 0.00076066 0.00076107 0.00076834 0.00076829 0.0007699 0.00077967 0.0007812
0.00078141 0.00076368 0.00077096 0.00076525 0.00076459 0.00076325 0.00076609 0.0007739 0.00076252 0.00076884 0.00076538 0.00077952 0.00077928 0.00077615 0.00077942 0.00077318 0.00077459 0.00076539 0.00075925 0.00076693 0.00076105 0.00075805 0.00075727 0.00075542 0.00075371 0.0007513 0.00074967 0.00074798 0.00074457 0.00074093 0.00073839 0.00073629 0.00073443 0.00073315 0.0007327 0.00072788 0.00073072 0.00073339 0.00072465 0.00072727 0.00073053 0.00073432 0.00073783 0.00074045 0.00074219 0.00074439 0.00074593 0.00074818 0.00074968 0.00074988 0.00075186 0.00075246 0.00074951 0.00074602 0.00073903 0.00074461 0.00074741 0.00074903 0.00074915 0.00074779 0.00074199 0.00075378 0.0007738 0.0007755 0.00077921 0.00077979 0.00077974 0.00076692 0.00077205 0.00077574 0.00077763 0.00077874 0.00080067 0.00083931 0.00085339 0.00080484 0.0008124 0.00081692 0.00083263 0.00081189 0.00081224 0.00080762 0.00082893 0.00080069 0.00081582 0.00078337 0.00078611 0.00078652 0.00078491 0.00076763 0.00077545 0.00077209 0.00077902 0.00076038 0.00076792 0.0007672 0.00076721 0.00075953 0.00075491 0.00076576 0.00076659 0.00076393 0.0007655 0.00076637 0.00076363 0.00075769 0.00076579 0.0007551 0.00075244 0.00075678 0.00076162 0.00076314 0.00077055 0.00076732 0.00078168 0.00080062 0.0007844 0.00080964 0.00082354 0.00083573 0.0008471 0.00083726 0.00083077 0.00087182 0.00084284 0.00088916 0.00087525 0.00083217 0.00082278 0.00080908 0.00082193 0.00080345 0.00080204 0.00081532 0.00080252 0.00077539 0.00077217 0.00078135 0.00076165 0.0007699 0.00076696 0.00076327 0.00076077 0.00076166 0.00076339 0.00076492 0.00077222 0.00076558 0.00076457 0.00076224 0.00076124 0.00075814 0.00075336 0.00074916 0.00075072 0.00075375 0.00075973 0.00075324 0.00074781 0.00075239 0.00075132 0.00075636 0.000763 0.00077131 0.0007641 0.00076483 0.00077467 0.00076482 0.00077097 0.00077651 0.00077468 0.00076577 0.00076015 0.00077319 0.0007726 0.00076819 0.00077088 0.00078152 0.00079069 0.00077873
0.00078095 0.00077837 0.00076601 0.00076619 0.00076462 0.00076715 0.00077158 0.00077617 0.00078112 0.00078253 0.00078193 0.00078048 0.00078788 0.00079036 0.00077986 0.0007846 0.00075617 0.00076172 0.00076873 0.00076097 0.00076078 0.00075669 0.00075653 0.00075507 0.00075282 0.00074971 0.00074744 0.00074441 0.00074134 0.00073855 0.00073609 0.00073344 0.00073199 0.00073116 0.00073157 0.00073108 0.00072504 0.0007279 0.00072416 0.00072632 0.00073007 0.00073414 0.00073663 0.00073854 0.0007404 0.00074216 0.00074418 0.00074623 0.0007487 0.00075025 0.00075363 0.00075313 0.00075304 0.00074933 0.00074278 0.00074427 0.00074707 0.0007473 0.00074699 0.00074401 0.00073888 0.00075638 0.0007702 0.00077174 0.00076573 0.00076981 0.00077605 0.00076782 0.00077632 0.00077558 0.00077128 0.00078445 0.0007899 0.00081777 0.00083043 0.00084201 0.00080789 0.00081689 0.00081124 0.00082125 0.000821 0.00081495 0.00081635 0.00083548 0.00080918 0.00079201 0.00079665 0.0008014 0.00079455 0.00076415 0.00077801 0.00077229 0.00077985 0.00078247 0.00078126 0.00076876 0.00076667 0.00080172 0.00076815 0.00075865 0.0007611 0.00075793 0.00075521 0.00075322 0.00075703 0.00076339 0.00075279 0.00075224 0.00074907 0.00075583 0.00075949 0.00076746 0.00076514 0.00075932 0.00075878 0.0007632 0.00077544 0.00078271 0.00079475 0.00080223 0.00082858 0.00081411 0.00083008 0.00084405 0.00084474 0.00087022 0.00084024 0.00081351 0.00080924 0.00080115 0.00078577 0.00078855 0.00079563 0.0007997 0.00077164 0.00076133 0.0007526 0.00075496 0.00076069 0.00076574 0.00076189 0.00075889 0.00075467 0.00075664 0.00076132 0.00076311 0.00076445 0.00076615 0.00076141 0.00076042 0.0007593 0.00075828 0.00076124 0.00075897 0.00076021 0.00075294 0.00075954 0.00075336 0.00074921 0.00075286 0.00074884 0.00075863 0.00076222 0.00076684 0.00076703 0.00077074 0.0007687 0.00077295 0.00077007 0.00078763 0.00077118 0.00080021 0.00077043 0.00077202 0.00077333 0.00077179 0.00076787 0.0007852 0.00079861 0.0007786
0.00077271 0.00077533 0.00076619 0.00076633 0.00076583 0.00076625 0.00077398 0.00079644 0.00078624 0.00078177 0.00077798 0.00077901 0.0007823 0.00077763 0.00078099 0.00078411 0.00077294 0.00076504 0.00076565 0.00076168 0.00075883 0.00075608 0.00075532 0.00075337 0.00075119 0.00074885 0.00074523 0.00074142 0.00073758 0.00073462 0.00073243 0.00072994 0.0007284 0.00072818 0.00072921 0.00072561 0.0007269 0.00072131 0.00072257 0.0007266 0.00072943 0.00073241 0.00073426 0.00073613 0.00073828 0.00073988 0.00074231 0.0007442 0.00074642 0.00074845 0.00074991 0.00075207 0.00075259 0.00074856 0.00074429 0.00074697 0.00074352 0.00074596 0.00074344 0.00074083 0.00074142 0.00074424 0.00076754 0.00076711 0.00076924 0.00076634 0.00077406 0.00077731 0.00077585 0.00077683 0.00078259 0.00078079 0.00078853 0.00079963 0.00083394 0.00085409 0.00082966 0.00081912 0.00082901 0.00083306 0.00082614 0.00082269 0.00081919 0.0008328 0.00082458 0.00083397 0.0008024 0.00080371 0.00079413 0.00078019 0.00077633 0.00078008 0.00078508 0.00078832 0.000775 0.00077087 0.0007672 0.00076099 0.00076019 0.00076289 0.00076478 0.00076661 0.00075231 0.0007567 0.00076045 0.0007589 0.00076247 0.00075006 0.00074925 0.00075407 0.00076122 0.00075502 0.0007624 0.00076178 0.00076302 0.00076819 0.00077138 0.0007848 0.00078477 0.00080241 0.00081082 0.0008208 0.00080721 0.00083556 0.00081354 0.00081043 0.00081691 0.00077276 0.00078639 0.00078619 0.00078101 0.00077609 0.00079039 0.00077224 0.00076346 0.00075993 0.00074679 0.00074813 0.00075793 0.00075606 0.00075914 0.00075889 0.0007541 0.00075052 0.00076176 0.00076381 0.00076412 0.00076476 0.00076497 0.00076065 0.00075694 0.00075374 0.00075098 0.00075413 0.00076515 0.00075429 0.00075651 0.0007558 0.0007501 0.00075863 0.0007569 0.00075954 0.00075764 0.00075753 0.00076743 0.00077047 0.00077631 0.00077125 0.00076582 0.00078509 0.00079011 0.00077958 0.00078089 0.00078965 0.00078624 0.00077135 0.00076403 0.00077493 0.00077536 0.00076976
0.00075868 0.00076368 0.00076392 0.00076095 0.00076824 0.00077422 0.00078503 0.00081667 0.00081394 0.00079418 0.00078989 0.00077952 0.00078292 0.00078225 0.00078824 0.00078184 0.00077684 0.00077184 0.00076277 0.00076152 0.00075873 0.00075541 0.00075351 0.00075055 0.00074875 0.00074628 0.00074303 0.00073791 0.00073205 0.00072884 0.00072673 0.00072566 0.0007246 0.00072555 0.00072724 0.00071399 0.00072459 0.00072046 0.00072168 0.00072407 0.00072553 0.00072834 0.00073045 0.00073249 0.000735 0.00073745 0.00074004 0.00074207 0.00074466 0.00074652 0.00074784 0.00074891 0.00075046 0.00074988 0.00074595 0.00074259 0.00074247 0.00074234 0.00074341 0.00074256 0.00073994 0.00075201 0.00076304 0.00076216 0.00076581 0.00076937 0.00077837 0.00078008 0.00078203 0.00077564 0.0007803 0.0007867 0.00079856 0.0008228 0.00086787 0.00086993 0.00086445 0.00082191 0.0008377 0.00083715 0.00085572 0.00083256 0.00082644 0.0008239 0.00084052 0.00084703 0.00081422 0.00079925 0.00080062 0.00080332 0.00079393 0.00078716 0.00078889 0.00078485 0.00077293 0.00077696 0.00076752 0.00076486 0.00076966 0.00075712 0.00076295 0.00076446 0.00075452 0.00075979 0.00075382 0.00075831 0.00075016 0.00074816 0.00075359 0.00075391 0.00075176 0.00075627 0.000756 0.0007588 0.00076072 0.00076431 0.0007644 0.00076343 0.00076457 0.00078953 0.00079787 0.00079955 0.00080338 0.00080298 0.00079505 0.00079259 0.00077774 0.00077758 0.00078013 0.00077686 0.00077487 0.00076427 0.00076111 0.00076698 0.00076057 0.00075629 0.00075095 0.00074949 0.00075409 0.00075685 0.00076102 0.00076152 0.0007652 0.00076498 0.00076243 0.00076318 0.00076366 0.00076399 0.00076173 0.00075998 0.00076419 0.00075647 0.00075121 0.00075235 0.00075752 0.00075965 0.00075788 0.00076093 0.00075391 0.00075942 0.00076112 0.00075817 0.00075669 0.0007556 0.00076432 0.00076451 0.00076224 0.00076118 0.00077499 0.00078736 0.00079828 0.00080559 0.0008097 0.00082286 0.00080412 0.00080714 0.00079913 0.00078713 0.00079179 0.0007601
0.00075962 0.00075936 0.000762 0.00076852 0.00076906 0.00077507 0.00079954 0.00080961 0.00080648 0.0008018 0.0007945 0.00078379 0.00078689 0.00076912 0.00078541 0.00080287 0.0007773 0.00077679 0.00076785 0.00076078 0.0007583 0.00075549 0.00075092 0.00074788 0.00074598 0.00074344 0.00073971 0.00073207 0.00072538 0.00072084 0.00072005 0.00072072 0.00072224 0.00072357 0.00072098 0.00071523 0.00071892 0.00072072 0.0007195 0.00071847 0.00071954 0.00072299 0.00072617 0.0007284 0.000732 0.00073482 0.00073747 0.00073953 0.00074207 0.00074442 0.00074547 0.0007474 0.00074761 0.00074837 0.00074518 0.00074215 0.00073839 0.00073859 0.00074261 0.0007417 0.00073996 0.00075347 0.0007626 0.00075444 0.00076042 0.00086778 0.00090999 0.00084955 0.00077886 0.00078443 0.00077165 0.00078686 0.00079573 0.00081605 0.00086856 0.00086487 0.00086807 0.00082254 0.00084321 0.00082706 0.00084088 0.00083499 0.00083622 0.00083545 0.00083832 0.0008344 0.00082184 0.00082146 0.00081839 0.00080469 0.00078823 0.00079017 0.00079029 0.00078589 0.00077781 0.00077847 0.00076805 0.00076922 0.00076269 0.00077632 0.00076522 0.00076067 0.00075489 0.00075481 0.00075467 0.00075393 0.00075511 0.00074955 0.00075514 0.00075506 0.00075704 0.00075445 0.00075234 0.00075207 0.00075581 0.00075668 0.00075921 0.00077019 0.00077205 0.0007627 0.00077327 0.0007707 0.00077647 0.00077648 0.00077418 0.00078712 0.00078366 0.00078308 0.00078034 0.00077554 0.00076391 0.00076639 0.00075076 0.00075485 0.00075663 0.00075457 0.00074855 0.00074877 0.00075473 0.00075807 0.00076259 0.00076319 0.00076542 0.00076728 0.00076354 0.00076283 0.00076229 0.00076123 0.00076055 0.00075694 0.00075895 0.00075759 0.00075328 0.0007548 0.00075316 0.00075447 0.00075751 0.00076085 0.00075766 0.00076666 0.00076089 0.00076027 0.00075713 0.00075468 0.00077064 0.00075527 0.00075964 0.00076409 0.00077611 0.00080003 0.00080464 0.00081546 0.00081593 0.00082641 0.00083601 0.00081207 0.00081244 0.00079828 0.00081277 0.00078234
0.00079233 0.00076006 0.00077845 0.00077176 0.00078085 0.00078765 0.00083671 0.00082442 0.00079893 0.00080247 0.00080223 0.00078513 0.00077893 0.00078074 0.00078654 0.00080075 0.00076144 0.00077876 0.00078793 0.00076292 0.00075929 0.00075492 0.0007514 0.0007482 0.00074457 0.00074057 0.00073451 0.00072426 0.00071102 0.00070597 0.00071111 0.00071688 0.00071852 0.00072086 0.0007221 0.00072158 0.00072311 0.00072335 0.00071738 0.00071414 0.00071384 0.0007193 0.00072238 0.00072509 0.00072891 0.00073297 0.00073577 0.0007379 0.00073942 0.00074062 0.00074079 0.00074398 0.00074563 0.00074571 0.000743 0.00074206 0.0007392 0.00074768 0.0007412 0.0007491 0.00075452 0.00084868 0.0008886 0.00090522 0.00091546 0.00091258 0.00090091 0.00091522 0.00091475 0.00078892 0.00078444 0.00080657 0.00080242 0.00080895 0.00084993 0.00084832 0.00086075 0.00084727 0.00083697 0.0008328 0.00083629 0.00083731 0.00083371 0.00084653 0.00083311 0.00082933 0.0008301 0.00082007 0.00081393 0.00080902 0.000814 0.00080162 0.0007962 0.00078299 0.00077804 0.00077847 0.00077544 0.00077021 0.00076073 0.00077005 0.00075827 0.00075997 0.00075787 0.00075348 0.00075487 0.0007516 0.00075318 0.00075281 0.00075117 0.000752 0.00075724 0.00075118 0.00074939 0.00074917 0.0007501 0.00074698 0.00075672 0.00076975 0.0007706 0.0007711 0.00076254 0.00077139 0.00077081 0.00076854 0.00077525 0.0007799 0.00078081 0.00078603 0.00077011 0.00076326 0.00076011 0.00074955 0.00074873 0.00074919 0.00075234 0.00075077 0.00074841 0.0007502 0.00075079 0.00075589 0.00076027 0.00076405 0.00076335 0.00076371 0.00076584 0.00076377 0.00076046 0.0007619 0.0007573 0.00076072 0.00075714 0.00076074 0.00075246 0.00074937 0.00076096 0.00076406 0.00075446 0.00076412 0.00076471 0.00076033 0.00076131 0.00075962 0.00075477 0.00075769 0.00076487 0.00076733 0.00076486 0.00076547 0.0007708 0.00080681 0.00082273 0.00086453 0.00084391 0.00083668 0.00081461 0.00084622 0.0008251 0.00086196 0.00078155 0.00078698
0.00080044 0.00079516 0.00078396 0.0007753 0.00078156 0.00079751 0.00081721 0.0008374 0.00082686 0.0008354 0.00081931 0.00079627 0.00079062 0.00079735 0.00079616 0.0007997 0.00078116 0.00077954 0.00077531 0.00076727 0.00076157 0.00075589 0.00075188 0.00074821 0.00074373 0.00073881 0.0007319 0.0007161 0.00068724 0.00067855 0.00069902 0.00071237 0.00071591 0.00071686 0.00071768 0.00072363 0.00072163 0.00072127 0.00071587 0.00071316 0.00071362 0.00072469 0.00071834 0.00072268 0.00072691 0.00073065 0.00073419 0.00073636 0.00073805 0.0007393 0.00073967 0.00074555 0.00074085 0.00075583 0.00087817 0.00084576 0.00085211 0.00077223 0.0009075 0.00091693 0.00086559 0.00075414 0.00075319 0.00075635 0.00087815 0.00089127 0.00085113 0.00085307 0.00076938 0.00090707 0.0008069 0.00079737 0.00080955 0.00082089 0.00082646 0.00084845 0.00084193 0.00086001 0.00087153 0.00084213 0.0008388 0.00083946 0.00083729 0.0008373 0.00082525 0.00082872 0.0008369 0.00082432 0.00081272 0.00082777 0.00081721 0.0008115 0.00080131 0.00079014 0.00080476 0.00078481 0.00077865 0.00077202 0.00076845 0.00076854 0.00076769 0.00076247 0.00075667 0.00075405 0.00075177 0.00075817 0.00075225 0.00075194 0.00075061 0.00074983 0.00075024 0.00075179 0.00074769 0.00075155 0.00075033 0.00075297 0.00075302 0.00076429 0.00076779 0.00076533 0.00076632 0.00077175 0.00076829 0.00076818 0.0007628 0.00077197 0.00077364 0.00077429 0.00076942 0.00076529 0.00075133 0.00074892 0.00074604 0.00075137 0.00074979 0.00075207 0.00074797 0.00074973 0.00075761 0.00075806 0.00076587 0.00076383 0.00076615 0.00076456 0.00076567 0.00076433 0.00075863 0.00075638 0.00075564 0.00075664 0.00075603 0.00075338 0.00075876 0.00075262 0.00076484 0.00076449 0.00075685 0.00075708 0.00076209 0.00076396 0.00075948 0.00076117 0.00075574 0.00075408 0.00075852 0.00077625 0.0007775 0.00078282 0.00079623 0.00082531 0.00083929 0.00085324 0.00085738 0.00085215 0.00084902 0.00085795 0.00086563 0.00085186 0.00086473 0.00085079
0.00086289 0.00084252 0.00086735 0.00086934 0.00081058 0.00080782 0.00082119 0.00084156 0.00082804 0.00082906 0.00081918 0.00081565 0.000818 0.00080048 0.00080907 0.00080451 0.00079962 0.00078578 0.00077973 0.00077104 0.0007636 0.00075889 0.00075267 0.0007482 0.00074255 0.00073794 0.00073164 0.00071815 0.00068843 0.00064599 0.00067116 0.00071217 0.00071491 0.00071505 0.00071416 0.00072028 0.0007196 0.00071691 0.00071221 0.00070963 0.0007146 0.00071799 0.00071744 0.00072207 0.00072566 0.0007289 0.00073392 0.00073538 0.00073686 0.00073851 0.00073765 0.0007428 0.00081797 0.00086067 0.00091844 0.00091875 0.00080606 0.00073423 0.00073265 0.00074037 0.00074593 0.0007479 0.000751 0.00075359 0.00075989 0.00075823 0.0007613 0.00080677 0.00077828 0.00078104 0.00091402 0.00083314 0.00091442 0.00085359 0.0008345 0.00087168 0.00087277 0.00085542 0.00086622 0.00086889 0.00084376 0.00084408 0.0008473 0.00084036 0.00084296 0.00083805 0.00085101 0.00083219 0.00083658 0.0008232 0.00082332 0.00083411 0.000804 0.00079687 0.00078849 0.00078767 0.00079019 0.0007788 0.00075499 0.0007605 0.00076864 0.00077008 0.00076072 0.00075702 0.00075564 0.00075175 0.00075131 0.00075217 0.00074977 0.00075018 0.00075552 0.0007514 0.00075241 0.00074935 0.00075197 0.00075364 0.00075295 0.00075571 0.00076106 0.00075796 0.00076013 0.00076452 0.00076377 0.00076223 0.00075748 0.00077196 0.00076961 0.00077584 0.00076955 0.00076889 0.00076373 0.00075265 0.00074694 0.000749 0.00074852 0.0007546 0.00075049 0.00075569 0.00076063 0.00076109 0.00076863 0.00076693 0.00076403 0.00076572 0.00076617 0.00076551 0.00076323 0.00076422 0.00075984 0.00075948 0.00075775 0.00075291 0.00074884 0.000754 0.00075324 0.00075646 0.00076233 0.00076416 0.00076012 0.00076833 0.00076275 0.00077249 0.00077969 0.0007712 0.00077574 0.00082214 0.00078049 0.00079539 0.00080656 0.0008343 0.00084511 0.00084839 0.00086653 0.00086156 0.00087015 0.00087619 0.00087668 0.00084132 0.00085192 0.00083248
0.00081794 0.00083249 0.00082977 0.0008536 0.00086879 0.00081865 0.00084306 0.00082803 0.00084368 0.00085017 0.00082804 0.00083426 0.00082023 0.00081523 0.00081592 0.00080457 0.00080472 0.00079272 0.00078572 0.00077433 0.00076811 0.00076016 0.00075518 0.0007494 0.00074432 0.00073897 0.00073319 0.00072746 0.00069441 0.00060188 0.00060141 0.00069925 0.00071363 0.00071368 0.00071439 0.00071318 0.0007174 0.00071523 0.0007156 0.00071238 0.0007138 0.0007199 0.00073313 0.00074521 0.00073658 0.00072935 0.00073355 0.00073777 0.00073737 0.00074045 0.00084188 0.00089193 0.00088775 0.00091778 0.00085683 0.00073738 0.00073107 0.00074884 0.00073575 0.00074531 0.00074775 0.00074935 0.00075834 0.00075596 0.00076292 0.00076671 0.00083209 0.00078374 0.0008807 0.00079699 0.00091486 0.00091507 0.0009173 0.00090494 0.00089377 0.00087412 0.00084472 0.00085951 0.00086176 0.00089278 0.00086913 0.00084211 0.00085088 0.00085282 0.00084879 0.00085098 0.00086209 0.00083594 0.00083887 0.0008389 0.00084977 0.0008146 0.00081426 0.00081014 0.00079638 0.0007854 0.00078824 0.00078032 0.00076563 0.00076387 0.00076967 0.00076617 0.0007589 0.00076141 0.00076073 0.00075509 0.00075161 0.00075587 0.00077742 0.00078755 0.00075258 0.00075745 0.00075406 0.00075539 0.00075471 0.00075301 0.0007533 0.00075442 0.00075782 0.0007587 0.00075894 0.00075591 0.00075888 0.00075639 0.00075593 0.00075747 0.00076173 0.00076827 0.00076958 0.00076952 0.00076295 0.00075704 0.0007472 0.0007562 0.00075637 0.00074966 0.00076016 0.00076438 0.00075563 0.00076222 0.00076832 0.00076923 0.00077251 0.0007682 0.00076826 0.00076429 0.00076276 0.00077052 0.00076831 0.00076114 0.00075129 0.00075395 0.00074899 0.00075776 0.00076438 0.00076161 0.00076537 0.00077423 0.00076543 0.00077076 0.00078155 0.00082152 0.00084058 0.00081049 0.00080785 0.00084063 0.00083776 0.0008282 0.00084236 0.00084568 0.00085441 0.00086342 0.00087189 0.00089529 0.00088516 0.00088314 0.00084446 0.00077001 0.00084979 0.00084045
0.00084528 0.00084181 0.00083486 0.00083484 0.00088843 0.000877 0.00085259 0.00085715 0.00087886 0.0008645 0.00085715 0.00084136 0.00083036 0.00082834 0.00082716 0.00083128 0.00082558 0.00080486 0.00079206 0.00078116 0.00077171 0.00076359 0.00075777 0.00075088 0.00074559 0.00074131 0.00073649 0.00073236 0.00070324 0.00064359 0.00066286 0.00069102 0.00071015 0.00071283 0.00071456 0.0007167 0.00071228 0.00071247 0.00071682 0.00071252 0.0007396 0.00074172 0.00072204 0.00075471 0.00074769 0.00075303 0.00075287 0.00081424 0.00082133 0.00077758 0.00074907 0.00073523 0.00076527 0.00091454 0.00082714 0.00084627 0.00086651 0.00075526 0.00074386 0.00074961 0.00075103 0.00075142 0.0007551 0.00075755 0.00079109 0.00086252 0.00087185 0.00085017 0.00076845 0.00077272 0.00086224 0.00091585 0.00091487 0.00090691 0.0009129 0.00090497 0.00089059 0.00085112 0.00084886 0.00086162 0.00086561 0.00085791 0.00086126 0.00084708 0.00085193 0.00084575 0.000837 0.00083001 0.00082708 0.00083252 0.00082781 0.00083536 0.00081407 0.00080973 0.0008084 0.00081161 0.00081178 0.00078751 0.00077215 0.00077626 0.00075905 0.00075831 0.00076085 0.0007616 0.00075224 0.00075812 0.00076039 0.00075604 0.00075576 0.00075632 0.00075925 0.00075881 0.00076113 0.0007519 0.00075285 0.00075303 0.00075294 0.00075982 0.0007606 0.00075785 0.00075326 0.00075121 0.00075257 0.00074996 0.00075481 0.00076214 0.00075868 0.00076113 0.00076919 0.00076935 0.00076699 0.00076478 0.00075087 0.00074992 0.0007547 0.00075817 0.00075845 0.00076009 0.00075811 0.0007639 0.00076943 0.00076833 0.00077518 0.00077407 0.00077273 0.00077405 0.00077745 0.0007771 0.00077618 0.00078408 0.00074919 0.0007478 0.00074945 0.00075776 0.00075222 0.00077239 0.00082082 0.0007933 0.00079565 0.0007936 0.00082185 0.00083973 0.00083391 0.0008254 0.00085636 0.00087149 0.00085903 0.00086951 0.00087116 0.00086888 0.00087087 0.00087009 0.000878 0.00088801 0.00089529 0.00089567 0.00087662 0.00086373 0.00085846 0.00084602
0.00084993 0.00085698 0.00086382 0.00086088 0.00084736 0.00089095 0.0008878 0.00088695 0.00089285 0.00086947 0.00085605 0.00082809 0.00083867 0.00084675 0.00085829 0.00086566 0.00086553 0.00084394 0.00079815 0.00079707 0.00078098 0.00077108 0.00076273 0.00075463 0.00074922 0.00074428 0.00074003 0.0007338 0.0007253 0.00071071 0.0006944 0.00069774 0.00071023 0.00071168 0.00071541 0.00071789 0.00071769 0.00072619 0.00072027 0.00071443 0.00071784 0.00072062 0.00072435 0.00076452 0.00074335 0.00077526 0.000746 0.00075464 0.00074326 0.00073722 0.00073405 0.00076581 0.00081434 0.00082723 0.00079879 0.00073779 0.00074055 0.0007512 0.00082704 0.00083371 0.00075391 0.00075587 0.00075766 0.00075833 0.0007714 0.00076361 0.00078098 0.00076915 0.00077084 0.00077816 0.00079888 0.00083675 0.00089803 0.00082232 0.00082042 0.00089789 0.00090744 0.00089927 0.00083485 0.00084566 0.0008889 0.00087329 0.00086953 0.00086101 0.00085637 0.00084492 0.00083416 0.00083517 0.00084468 0.00083662 0.00082956 0.000825 0.00083152 0.00080847 0.00080886 0.00081579 0.00081193 0.00081001 0.00079422 0.00079846 0.00077241 0.00075578 0.00075829 0.00076104 0.00076669 0.00076139 0.00075961 0.00075852 0.00076032 0.0007577 0.00076726 0.00076884 0.00076565 0.00075431 0.00075226 0.00075302 0.00075033 0.00075275 0.00075004 0.00075662 0.0007529 0.00075723 0.00075383 0.00075411 0.00075739 0.00075475 0.00076455 0.00075753 0.00076682 0.00076805 0.00076502 0.00075658 0.00075825 0.00075169 0.00075777 0.00075992 0.00076621 0.00076394 0.00076584 0.00076854 0.00076634 0.00077168 0.00078596 0.00078811 0.00078228 0.00077994 0.00080636 0.00079368 0.000778 0.00077198 0.00076124 0.00075498 0.00076813 0.00076564 0.00076388 0.00077574 0.00086157 0.00082378 0.00090934 0.00086366 0.00084897 0.00083214 0.00083288 0.00086075 0.00086095 0.00088152 0.00088219 0.00087787 0.00087782 0.00088243 0.00088501 0.00088357 0.00089271 0.00089208 0.00089191 0.00089434 0.00089549 0.00088568 0.00087312 0.00086085
0.00086198 0.00085902 0.00087206 0.0008743 0.00086568 0.00090189 0.00090231 0.00089735 0.00087987 0.0008873 0.00084268 0.00080991 0.0008603 0.00089131 0.00088823 0.00089461 0.00083688 0.00080014 0.00084247 0.00081922 0.00080225 0.00077993 0.00077586 0.00076336 0.00075411 0.00074815 0.0007436 0.0007369 0.00073212 0.00072251 0.00071362 0.0007117 0.00070849 0.00070813 0.00071638 0.00072036 0.00072316 0.00072458 0.00072492 0.0007215 0.00071979 0.0007246 0.00072756 0.00073388 0.00073596 0.00073633 0.00074088 0.00074117 0.00073986 0.00073767 0.00073584 0.00073431 0.00073782 0.00076683 0.00075701 0.00074175 0.00074685 0.00075203 0.00075612 0.00087574 0.0007538 0.0007641 0.0007635 0.00076927 0.00077072 0.00077347 0.00081801 0.00078296 0.00078821 0.0008025 0.000814 0.00082442 0.00091527 0.00084884 0.00084217 0.00089015 0.00087527 0.00088317 0.00085628 0.00086061 0.00087055 0.00087045 0.00088882 0.00087361 0.00085882 0.00085107 0.00085705 0.00084592 0.00084468 0.00084101 0.00083688 0.00082903 0.00082349 0.00082082 0.00081357 0.00081128 0.00079106 0.00081077 0.00081031 0.0008127 0.00077856 0.0007655 0.00076138 0.0007642 0.0007699 0.0007612 0.0007632 0.00076665 0.0007653 0.00076538 0.00077023 0.00077033 0.0007646 0.00075951 0.00075676 0.00075132 0.00074835 0.00076457 0.00076136 0.00075737 0.00075616 0.00075796 0.00075563 0.00076171 0.00075354 0.00075808 0.00075493 0.00076527 0.00076632 0.00077109 0.00076271 0.00076529 0.00076336 0.00076128 0.0007684 0.00078962 0.00076221 0.00077585 0.00077229 0.00076654 0.00077205 0.00077391 0.00079889 0.00079897 0.00078341 0.00081398 0.00080457 0.00078589 0.00077626 0.00076952 0.00076003 0.000763 0.00076129 0.00076461 0.00076944 0.00079565 0.00086181 0.00086218 0.00086539 0.0008439 0.00086879 0.00086298 0.0008608 0.00085629 0.00086729 0.00088341 0.00087542 0.00086171 0.000892 0.00089379 0.00089222 0.00089638 0.00089807 0.00089951 0.00089918 0.00089949 0.00089719 0.00089308 0.00087884 0.00087595
0.00088012 0.00087621 0.0008792 0.00088774 0.00089149 0.00090282 0.00090326 0.00089521 0.00089021 0.00086205 0.00083398 0.00080268 0.00086713 0.00088923 0.00090102 0.00087426 0.00084348 0.00086191 0.00085515 0.0008218 0.00081291 0.00079941 0.00078756 0.0007731 0.00076178 0.00075151 0.00074548 0.00073989 0.00073504 0.00072996 0.0007221 0.00071704 0.00070192 0.00067832 0.00071845 0.00072223 0.00072444 0.00072656 0.00072781 0.00072809 0.00072845 0.00073445 0.00073695 0.00073917 0.00074107 0.00074553 0.00074837 0.00075056 0.00075343 0.00075627 0.00075216 0.00076825 0.00088232 0.00074192 0.00074291 0.00074532 0.00075363 0.00075798 0.00075939 0.00079074 0.000765 0.0007703 0.00077135 0.00077075 0.00077654 0.00077946 0.00077901 0.00081858 0.00082356 0.00081849 0.00087077 0.00082867 0.00090979 0.00091161 0.00086693 0.00086753 0.00085865 0.00086162 0.00086509 0.00087749 0.00089741 0.00089039 0.00088432 0.00086348 0.00086639 0.00086397 0.00085579 0.00084581 0.00083947 0.00083695 0.00083979 0.00084609 0.00083074 0.00082728 0.00081614 0.00081177 0.00078699 0.00080962 0.00080888 0.0008114 0.00077954 0.00077406 0.00076969 0.00076553 0.00077023 0.00076842 0.00076733 0.00077115 0.00077232 0.00077386 0.00077744 0.0007766 0.00076218 0.00075846 0.00075805 0.00075381 0.00075046 0.00076493 0.00076131 0.00076071 0.00076121 0.00075551 0.00075664 0.00075403 0.00075889 0.00075991 0.0007629 0.00076555 0.00077968 0.00077506 0.00076737 0.00075962 0.00076679 0.00076952 0.00078818 0.00078574 0.00077825 0.00081427 0.0007739 0.00076998 0.00077521 0.0007795 0.00080303 0.00080549 0.00080817 0.00081695 0.00081096 0.00077546 0.00078249 0.00077004 0.00076761 0.00076951 0.00078873 0.00079117 0.00080728 0.00086013 0.00087797 0.00088613 0.00087607 0.00087391 0.00089096 0.00088387 0.00086953 0.00086797 0.00088464 0.00087815 0.00085946 0.00087777 0.00089077 0.00089503 0.00089623 0.00089732 0.00089768 0.00089984 0.00090048 0.00089985 0.0008949 0.00089543 0.00088901 0.00088283
0.00088464 0.0008775 0.00088765 0.00089828 0.00089482 0.00089906 0.00090346 0.00090712 0.000892 0.00087201 0.00084015 0.00084154 0.00088331 0.00090096 0.0009015 0.00089055 0.00088005 0.0008713 0.00081968 0.00084512 0.00082399 0.00082391 0.00078947 0.00076828 0.00075885 0.00075658 0.0007491 0.0007414 0.00073569 0.00073374 0.00073077 0.00072683 0.00070677 0.00066293 0.0006826 0.00072468 0.00072588 0.00072688 0.00072928 0.00073169 0.00073457 0.00073687 0.00073859 0.00074097 0.00074412 0.00074862 0.00075201 0.00075633 0.00076478 0.00077464 0.00075077 0.00074143 0.00074005 0.00074308 0.0007457 0.00075157 0.00075709 0.00076383 0.00076512 0.00077541 0.00076942 0.00077435 0.00079659 0.00077434 0.00077795 0.0007823 0.00077809 0.00084882 0.00079867 0.00081391 0.00083663 0.00090588 0.00091814 0.00091769 0.00084786 0.00085876 0.00086033 0.00086514 0.00084982 0.00090031 0.00085077 0.00089837 0.00087432 0.00085979 0.00087427 0.00087091 0.00085767 0.00084452 0.00085028 0.00083906 0.00083747 0.00084314 0.00083331 0.00083251 0.00082909 0.00081493 0.00081042 0.00079392 0.00079542 0.00078766 0.00078642 0.00078862 0.00078051 0.00079043 0.00077175 0.00076696 0.00076825 0.00078157 0.00077684 0.00077593 0.00077601 0.00076614 0.00076966 0.00076608 0.00075908 0.00075647 0.00076135 0.00076115 0.00075682 0.00076332 0.00076012 0.00075787 0.00075918 0.00075969 0.00075958 0.00076137 0.0007646 0.00076989 0.00077129 0.00077633 0.00079193 0.00078438 0.00080391 0.00080228 0.00080838 0.00080337 0.00079086 0.00078868 0.00079763 0.00078561 0.00080451 0.00080787 0.00082328 0.00082196 0.00082675 0.0008084 0.00078406 0.0007819 0.00078409 0.00077486 0.00078239 0.00079944 0.00084131 0.00085294 0.0008565 0.0008623 0.00087914 0.00088731 0.00088333 0.00089032 0.00088461 0.00088464 0.00087886 0.00088836 0.0008865 0.00087984 0.00087031 0.00088818 0.00089274 0.00089456 0.00089656 0.00089811 0.0008982 0.00089923 0.0008997 0.00089976 0.00090024 0.00089803 0.00089557 0.0008915
0.00090068 0.00089768 0.00089924 0.00090226 0.00090523 0.00090642 0.0009055 0.00090337 0.0009003 0.0008727 0.00086295 0.00086713 0.00090254 0.0009058 0.00090509 0.00089945 0.00089376 0.00084758 0.00083984 0.00086112 0.00084876 0.00080697 0.0007816 0.00076455 0.00075463 0.00076604 0.00075458 0.00073733 0.00073589 0.00073662 0.00073565 0.00073661 0.00073327 0.00070337 0.00071904 0.00072699 0.00072516 0.00072607 0.00072981 0.00073311 0.00073603 0.00073769 0.0007391 0.00073895 0.00074771 0.00075222 0.00075852 0.00076376 0.0007704 0.00079357 0.00079541 0.00075757 0.00075034 0.00075293 0.0007578 0.00076326 0.00076755 0.00077003 0.00077191 0.00078033 0.00077888 0.00077474 0.0007686 0.00079968 0.00080712 0.00078832 0.00079417 0.00081637 0.00082006 0.00083569 0.00084326 0.00085452 0.00091342 0.0009153 0.0009081 0.00089788 0.00090207 0.0008951 0.00088721 0.00088703 0.00086393 0.00085682 0.0008755 0.00086603 0.00086011 0.00087557 0.00085393 0.00084008 0.00084609 0.000845 0.00085067 0.00084369 0.00083995 0.00083342 0.00082753 0.00081671 0.00081477 0.0008024 0.00080913 0.00080006 0.00079988 0.00079991 0.00079925 0.00078947 0.00078963 0.00077157 0.00077895 0.0007931 0.00081008 0.00077504 0.00077856 0.00077144 0.00076356 0.00076293 0.00076058 0.00076824 0.00076427 0.00076418 0.00075916 0.00076396 0.00076111 0.00075896 0.0007586 0.00076067 0.000761 0.00076237 0.00076692 0.00077026 0.00077679 0.0007805 0.00081811 0.0008429 0.00085992 0.00086832 0.00088819 0.00086514 0.00081262 0.00080654 0.00079855 0.00081299 0.00081515 0.00082637 0.00083343 0.00082524 0.0008215 0.0007979 0.00079528 0.00078885 0.00078403 0.0007749 0.00080947 0.0008611 0.00085555 0.0008461 0.00085104 0.00087705 0.00088347 0.00088854 0.00089013 0.00089321 0.00088239 0.00089263 0.00088909 0.00089167 0.00089024 0.00088318 0.00088622 0.00089159 0.00089325 0.00089433 0.00089491 0.0008973 0.00089829 0.00089863 0.0008985 0.00089947 0.0009001 0.00090075 0.00090134 0.00090172
0.00090026 0.00090319 0.00090856 0.0009034 0.00090729 0.00090763 0.00090623 0.00090557 0.00090309 0.00089177 0.00088438 0.00087993 0.00090616 0.00090871 0.00090874 0.00090601 0.00087994 0.00083675 0.00087731 0.00086959 0.0008384 0.00078787 0.00076999 0.00076188 0.00076719 0.00076953 0.0007647 0.00074832 0.0007367 0.00073601 0.00073754 0.00074064 0.00074267 0.0007402 0.0007339 0.0007295 0.00072376 0.00072226 0.00073079 0.00073503 0.0007379 0.0007395 0.00074034 0.00073856 0.00074976 0.00075941 0.00076589 0.00077169 0.00078233 0.00080754 0.00082049 0.00076515 0.0007647 0.00077094 0.00077594 0.00078203 0.0007801 0.00078151 0.00078327 0.00078932 0.00080315 0.00078424 0.00077313 0.000778 0.0007867 0.00080616 0.00081839 0.00082451 0.00082769 0.00084724 0.00086983 0.00090914 0.00087125 0.00089824 0.00091461 0.00090865 0.00089356 0.0008701 0.00086299 0.0008651 0.00085492 0.00086823 0.00085922 0.00086515 0.00087784 0.00086359 0.00086062 0.00084381 0.00084827 0.00084401 0.00084096 0.00084213 0.00082746 0.00082486 0.00082277 0.00082136 0.00081923 0.00082008 0.00081279 0.00080148 0.00080174 0.0008003 0.00079616 0.00079935 0.00079537 0.0007939 0.00079647 0.00079203 0.00079574 0.000771 0.000775 0.00075979 0.0007629 0.00076107 0.00076469 0.00076177 0.0007623 0.0007649 0.00076355 0.00076336 0.00076122 0.00075939 0.00075794 0.00075878 0.00076874 0.00076379 0.00076661 0.00077304 0.00078253 0.00080055 0.00084183 0.00091337 0.00091507 0.00091511 0.00091462 0.00091194 0.00090061 0.00085169 0.00083663 0.00083219 0.00082946 0.00084396 0.00083613 0.00082196 0.00082441 0.00080291 0.00079477 0.00079658 0.00077836 0.00078119 0.00085947 0.0008545 0.00086332 0.00086561 0.00087184 0.00087438 0.00088586 0.00088973 0.00089255 0.00089307 0.00089151 0.00088997 0.00089216 0.00089194 0.0008921 0.00089182 0.00089181 0.00089119 0.00089325 0.00089348 0.00089349 0.00089555 0.00089684 0.00089755 0.00089806 0.00089928 0.00090029 0.00090078 0.00090151 0.00090247
0.00090188 0.00090363 0.00090492 0.00090547 0.00090726 0.00090777 0.00090758 0.00090716 0.00090567 0.00089986 0.00089072 0.00090121 0.00090902 0.00091047 0.00091087 0.0009068 0.00087354 0.00089236 0.00088907 0.00087146 0.00082118 0.00079258 0.00079693 0.00078625 0.00078066 0.00077891 0.00077015 0.0007562 0.00073388 0.00073503 0.00073754 0.00074371 0.00074609 0.00074397 0.00073909 0.00073269 0.00071548 0.00071531 0.00073418 0.00073758 0.00073968 0.00074104 0.00074199 0.00074414 0.00075604 0.00076189 0.00076785 0.00077631 0.00078756 0.00080381 0.00082227 0.00082571 0.00078 0.00077898 0.00077885 0.00078007 0.00078518 0.00079088 0.00079675 0.00080199 0.00080513 0.00079511 0.0007784 0.00079449 0.00081353 0.00082094 0.00083324 0.00083903 0.00084309 0.00085696 0.00087653 0.00091012 0.00091596 0.00090983 0.00091446 0.00087478 0.00087066 0.00086572 0.00089071 0.00089457 0.00088737 0.00086517 0.00086874 0.00087258 0.00086418 0.00085205 0.00085267 0.00084306 0.00084912 0.00083875 0.00084351 0.00083934 0.00083713 0.00084324 0.00082204 0.00081747 0.00081277 0.00082195 0.00080809 0.00079572 0.00079572 0.0007982 0.00080267 0.00079686 0.00079394 0.0008031 0.00078459 0.00081332 0.00079604 0.0007994 0.00078247 0.00077058 0.00076756 0.00075934 0.00076095 0.00076271 0.00076112 0.00076357 0.00076369 0.0007643 0.00076065 0.00076171 0.00075831 0.00076763 0.0007777 0.00076226 0.0007669 0.00077527 0.00080067 0.00085398 0.00091228 0.0009161 0.00091563 0.00091543 0.00091537 0.0009145 0.00091402 0.00090662 0.00085525 0.00085301 0.00085713 0.0008476 0.00083005 0.00083384 0.00080335 0.0007901 0.00079447 0.00081054 0.00079785 0.00079668 0.00085254 0.00086959 0.00087355 0.00087919 0.00088384 0.00088103 0.00089093 0.00089316 0.00089106 0.0008934 0.00089438 0.00089091 0.00089196 0.00089149 0.00089276 0.0008926 0.0008915 0.00089141 0.000891 0.00089129 0.00089205 0.00088974 0.0008951 0.0008969 0.00089614 0.00089937 0.00090093 0.00090173 0.00090219 0.00090301
0.00090393 0.00090631 0.00090165 0.00090331 0.00090794 0.00090764 0.00090792 0.00090725 0.00090899 0.00090245 0.0008954 0.00090778 0.0009111 0.00091184 0.00091137 0.00090215 0.00089318 0.00090196 0.00088713 0.00085024 0.00084136 0.00082605 0.00081953 0.00080972 0.00079912 0.00078653 0.00077632 0.00075806 0.00073785 0.00073716 0.00074147 0.00074876 0.00074863 0.00075086 0.00074636 0.0007359 0.000709 0.0006838 0.00072926 0.00073972 0.00074094 0.00074272 0.00074463 0.00074807 0.00075502 0.0007621 0.00076939 0.00077912 0.00078866 0.00080573 0.00082288 0.0008269 0.00081634 0.00078716 0.00078478 0.00078518 0.00078998 0.00079658 0.00080214 0.00081005 0.00081821 0.00081243 0.00080425 0.00080822 0.00081553 0.00083679 0.00085805 0.00086067 0.00086461 0.00088421 0.00090975 0.00091115 0.00090904 0.00091547 0.00088792 0.000886 0.00088942 0.0008844 0.00089559 0.00087134 0.00087164 0.0008675 0.00086399 0.00086904 0.00087311 0.00086309 0.00085777 0.00086612 0.00085748 0.00085858 0.00084592 0.00084153 0.00083385 0.00083812 0.00082912 0.00084461 0.00082206 0.00081351 0.00081024 0.00081452 0.00081362 0.00079127 0.00078311 0.00078054 0.0008 0.00080699 0.00081058 0.00078995 0.00078695 0.00078154 0.00077957 0.00078012 0.00077455 0.00077922 0.00077085 0.00076517 0.00076262 0.00076337 0.00076339 0.00075911 0.00076208 0.00076095 0.00075676 0.00078514 0.00076429 0.00076228 0.00076978 0.00078312 0.00081701 0.00089026 0.00091424 0.0009164 0.00091647 0.00091626 0.00091573 0.00091526 0.00091468 0.00091245 0.00090221 0.00088358 0.00087013 0.00086959 0.0008294 0.00081557 0.00081445 0.0008097 0.00083072 0.00084315 0.00083439 0.00083538 0.000864 0.00087967 0.00088813 0.00087923 0.00089033 0.00089462 0.00089154 0.00089095 0.00088781 0.00088863 0.00090126 0.00088514 0.00088341 0.00088649 0.0008904 0.00089215 0.00088771 0.00088942 0.00088545 0.00088673 0.00088694 0.00089405 0.00089468 0.00089708 0.00089509 0.00089917 0.00090088 0.00090211 0.00090296 0.00090287
0.00090541 0.00090519 0.00090501 0.00090497 0.00090907 0.00090914 0.00091001 0.00090949 0.00091157 0.00091034 0.00090817 0.00091254 0.00091303 0.00091263 0.00091196 0.00091109 0.00090315 0.00090363 0.00088666 0.00086233 0.00085111 0.00084231 0.00082583 0.00081112 0.00079729 0.00078764 0.00077359 0.00075764 0.00074867 0.00075184 0.00075118 0.0007511 0.0007514 0.00075158 0.00075283 0.00075145 0.00071592 0.0005921 0.00064765 0.0007396 0.00074218 0.00074417 0.00074667 0.00075027 0.00075505 0.00076301 0.00077281 0.00078169 0.00079448 0.0008054 0.00081948 0.00082866 0.0008264 0.00079517 0.00079077 0.00079025 0.00079543 0.00080259 0.00080691 0.00081396 0.00082092 0.00080778 0.00080308 0.00082524 0.00083942 0.00085321 0.00087515 0.00088557 0.00089344 0.00088805 0.0009154 0.00091303 0.00088636 0.00091583 0.00090922 0.00088418 0.00091103 0.00087762 0.00087086 0.00088079 0.00086929 0.00086548 0.00085886 0.00085511 0.00086346 0.00086647 0.00087337 0.00086621 0.00086273 0.00085879 0.00084682 0.00084331 0.00084442 0.00084416 0.00085109 0.00082907 0.00084174 0.00081346 0.00081742 0.00082083 0.0008141 0.00081199 0.00079816 0.0007819 0.00080624 0.00080218 0.00084369 0.0008014 0.00082047 0.00077933 0.00078664 0.00078485 0.00078303 0.00078948 0.00077945 0.00076785 0.00076255 0.00076717 0.00077169 0.00076147 0.00076465 0.00076294 0.00075958 0.00075788 0.00076051 0.00076836 0.00077736 0.0007947 0.0008422 0.00090008 0.00091638 0.00091672 0.00091696 0.00091632 0.00091539 0.0009153 0.0009142 0.00091334 0.00090745 0.00089144 0.00088182 0.0008334 0.00084648 0.00083719 0.00082494 0.00084923 0.00086537 0.00087337 0.00087317 0.00087611 0.00088391 0.00089176 0.00089834 0.00089938 0.00089461 0.00089724 0.00089422 0.00089414 0.0008862 0.00088165 0.00087525 0.00086766 0.00087021 0.0008728 0.00087718 0.00088024 0.00088115 0.00088097 0.00088237 0.00089379 0.00086274 0.00088812 0.00089351 0.00089374 0.00089386 0.00090083 0.00090176 0.00090134 0.00088862 0.00090264
0.00090302 0.00090663 0.0008967 0.00089634 0.00090893 0.0009085 0.0009105 0.0009115 0.00091206 0.00091267 0.00091343 0.00091414 0.00091405 0.00091378 0.00091337 0.00091148 0.00090913 0.00090187 0.00085949 0.00086371 0.00085555 0.0008354 0.00082259 0.00081299 0.00079567 0.00078331 0.00077419 0.00076587 0.0007544 0.00075441 0.00075299 0.00075287 0.00075289 0.0007541 0.00075656 0.00075876 0.00075026 0.000658 0.00068404 0.00073336 0.00074062 0.00074612 0.00074963 0.00075248 0.00072916 0.00076796 0.00077703 0.00078605 0.00079748 0.00080543 0.00082193 0.0008276 0.00082911 0.00079886 0.00079545 0.00079809 0.00080343 0.00080893 0.00081282 0.00081768 0.00081983 0.00082357 0.00083353 0.00082468 0.00084999 0.00088076 0.00089117 0.00089858 0.00090161 0.00091347 0.00091477 0.00091316 0.00090074 0.00089748 0.00089075 0.00090994 0.000895 0.00088965 0.00087016 0.00085627 0.00085558 0.00086627 0.00085964 0.00086385 0.00086297 0.00086273 0.0009141 0.00086401 0.00089565 0.00085749 0.0008446 0.00084734 0.00084758 0.00085812 0.00085456 0.00082731 0.00082812 0.00083161 0.00083682 0.00083834 0.00083468 0.00080834 0.00080145 0.00080533 0.00081059 0.00081734 0.00081058 0.00082315 0.00084535 0.0007982 0.00079615 0.00080882 0.00079121 0.00078794 0.00078311 0.00077721 0.00077126 0.00077409 0.00077783 0.00077599 0.00077301 0.00076534 0.00076372 0.0007643 0.00076612 0.0007709 0.00078286 0.00080948 0.00086004 0.00090262 0.00091642 0.00091659 0.00091642 0.00091597 0.00091528 0.00091511 0.00091456 0.00091374 0.00090995 0.00089775 0.00088965 0.00086328 0.00086779 0.00087174 0.00087101 0.00087596 0.00087486 0.00089142 0.00088589 0.00089518 0.00089816 0.00090058 0.00090501 0.00090731 0.00090792 0.00090268 0.00090079 0.00089306 0.00087976 0.00086113 0.00084083 0.00083088 0.00084454 0.0008458 0.0008572 0.00086489 0.0008681 0.00087617 0.00087457 0.00087641 0.0008783 0.00086972 0.00089311 0.00089239 0.00089573 0.00089653 0.00090099 0.00089983 0.00086874 0.00089218
0.00090379 0.00090733 0.00090766 0.00091099 0.00091025 0.00090873 0.00091168 0.00091331 0.0009136 0.00091417 0.00091478 0.0009156 0.00091544 0.00091515 0.00091506 0.00091304 0.00090281 0.00088933 0.00086677 0.00086551 0.00082632 0.00074824 0.00071072 0.00070358 0.00072722 0.00077923 0.00077109 0.00076876 0.00076399 0.00075664 0.00075556 0.00075418 0.00075448 0.00075549 0.00075676 0.00075824 0.0007585 0.00074513 0.00073018 0.00073291 0.00074231 0.00074789 0.00075228 0.00075537 0.00076191 0.0007745 0.00078106 0.00079003 0.0007981 0.00080492 0.00081854 0.00082749 0.000832 0.00080278 0.00080275 0.00080215 0.00080682 0.00081367 0.00081819 0.00081932 0.00082318 0.00082308 0.00082018 0.00083971 0.0008832 0.00089476 0.00090075 0.00090447 0.00090528 0.0009128 0.00091552 0.00091402 0.00090908 0.00090345 0.00091056 0.00090125 0.00089732 0.00089032 0.00088351 0.00087919 0.00088493 0.00086752 0.00083899 0.00090465 0.00086883 0.0008641 0.00086724 0.00086276 0.00086356 0.00086404 0.0008893 0.00086787 0.00085238 0.00084726 0.00084813 0.00083807 0.00084054 0.00084409 0.00084741 0.00085363 0.00084476 0.00084271 0.00081697 0.00081314 0.00081776 0.00081925 0.00081208 0.00084913 0.00083303 0.00078924 0.00079959 0.00080172 0.00080526 0.00080607 0.00078668 0.0007842 0.0007781 0.00077374 0.0007759 0.00077613 0.00077139 0.00077408 0.00076983 0.00077129 0.00077552 0.00077889 0.00079064 0.00082767 0.0008801 0.00091595 0.0009162 0.00091554 0.00091634 0.00091576 0.00091518 0.00091486 0.00091417 0.00091367 0.00091075 0.00090212 0.0008949 0.00089076 0.00088501 0.00088327 0.00088178 0.00088372 0.00088778 0.00089277 0.00090102 0.00090295 0.00090572 0.00090794 0.00090813 0.00090954 0.00090992 0.00090916 0.00090297 0.00089129 0.00086808 0.00084289 0.00082381 0.00081306 0.00080244 0.00081269 0.0008227 0.00084771 0.00085863 0.00086599 0.0008669 0.00087128 0.00087415 0.00087607 0.00088446 0.00089135 0.00089284 0.0008953 0.00089745 0.00090321 0.00088657 0.00091419
0.00090652 0.00090914 0.00090976 0.00091159 0.00090239 0.00091144 0.00091201 0.0009131 0.00091464 0.000915 0.00091564 0.00091619 0.00091637 0.00091626 0.00091655 0.00090743 0.00089634 0.00089334 0.00087733 0.00087808 0.00080321 0.00069914 0.00060656 0.00054806 0.00066054 0.00074609 0.00076987 0.00076915 0.00077484 0.00076442 0.00075955 0.00075585 0.00075503 0.00075592 0.00075705 0.00075852 0.0007588 0.00075584 0.00074451 0.00074346 0.00074769 0.00075003 0.00075316 0.00075661 0.00076316 0.00077534 0.0007848 0.00079387 0.00080131 0.00080845 0.00081474 0.00083191 0.00082878 0.00079535 0.00079699 0.00081034 0.0008111 0.00081601 0.00081853 0.00082153 0.0008253 0.00083177 0.000844 0.00087409 0.00088722 0.00090183 0.00090645 0.0009103 0.00091354 0.00091419 0.00091209 0.00091433 0.00091329 0.00091045 0.00091187 0.00090547 0.00089553 0.00089742 0.00089348 0.0008786 0.0008713 0.00085426 0.00087376 0.00089218 0.00086285 0.00086642 0.00086768 0.00091102 0.00086645 0.00087655 0.00086684 0.00086414 0.00085029 0.0008463 0.00085281 0.00085876 0.00085366 0.00085459 0.0008541 0.00086217 0.00086078 0.00085248 0.00083256 0.00082674 0.00084182 0.00083944 0.00083964 0.00083705 0.00080702 0.00079677 0.00080466 0.00080628 0.00079946 0.00079323 0.00079082 0.0007876 0.0007801 0.00076587 0.00077355 0.00077658 0.00077777 0.00077743 0.00077605 0.00077784 0.00077996 0.00078534 0.00081629 0.00083586 0.00088535 0.00091432 0.00091577 0.00091598 0.00091569 0.00091523 0.00091501 0.000915 0.00091439 0.00091275 0.00091098 0.00090765 0.00090266 0.0009045 0.00090024 0.00090022 0.00089953 0.00090383 0.0009047 0.0009065 0.00090843 0.00090986 0.00091095 0.00091094 0.00091118 0.00091243 0.00091184 0.00091166 0.00090801 0.00089037 0.00086838 0.00082934 0.00080813 0.00079153 0.00078215 0.00078246 0.0007953 0.0008338 0.0008514 0.00085553 0.00085525 0.00086226 0.00087 0.00087827 0.0008855 0.00089061 0.00088959 0.00089529 0.00090441 0.00090398 0.00090129 0.00090739
0.00090659 0.00090972 0.0009116 0.00091228 0.00091291 0.00091171 0.00091221 0.00091381 0.0009152 0.00091574 0.00091628 0.00091684 0.000917 0.00091705 0.00091722 0.00090963 0.00089836 0.00088673 0.00085185 0.00086763 0.00081854 0.0007006 0.00060971 0.00057029 0.00064906 0.00074498 0.0007768 0.00078089 0.00078235 0.00077823 0.00076529 0.00075769 0.00075424 0.00075347 0.00075375 0.00075726 0.00075945 0.00075905 0.00075292 0.00075102 0.000752 0.00075278 0.00075388 0.0007564 0.00076087 0.00077088 0.00078757 0.00079645 0.00080558 0.00080925 0.0008148 0.00083425 0.00082032 0.00082511 0.00079491 0.00080334 0.00081158 0.00081516 0.0008207 0.0008218 0.00083176 0.00083228 0.00085687 0.00088698 0.00090045 0.0009074 0.00091272 0.00091384 0.00091571 0.00091577 0.00091657 0.00091572 0.00091535 0.00091431 0.00091335 0.00090571 0.00090263 0.00090355 0.0009104 0.00088456 0.00087505 0.00086753 0.0008734 0.000876 0.00090982 0.00085974 0.00086506 0.0008544 0.00086534 0.00086881 0.00086984 0.00087023 0.00088502 0.00086055 0.00085861 0.00086376 0.00085984 0.00085983 0.00085873 0.00086178 0.00086296 0.00084525 0.00089402 0.00084473 0.00085446 0.00082892 0.00081828 0.00083584 0.00081709 0.00081308 0.00080612 0.00080076 0.00079204 0.00079015 0.00079102 0.00080083 0.00077625 0.00078274 0.00077546 0.00078518 0.00079102 0.00079896 0.00077878 0.00078015 0.00078271 0.00078962 0.00081098 0.00080404 0.00086255 0.0008992 0.00091191 0.00091536 0.00091482 0.00091473 0.00091452 0.00091394 0.00091384 0.00091338 0.00091223 0.00091113 0.00091087 0.00091076 0.00091237 0.00091092 0.00091129 0.00091093 0.0009125 0.00091272 0.00091296 0.00091382 0.00091442 0.00091389 0.00091505 0.00091461 0.00091444 0.0009127 0.00090965 0.00089047 0.00085393 0.0008165 0.00078638 0.00077391 0.00077088 0.00077749 0.00077917 0.00076157 0.00083333 0.00084325 0.00084985 0.0008571 0.00086685 0.00087718 0.00088537 0.00089092 0.00089282 0.00090067 0.00088946 0.00090659 0.00090536 0.00090804
0.00091304 0.00091166 0.00091129 0.00091383 0.00091491 0.00091483 0.00091457 0.00091541 0.00091639 0.00091661 0.00091714 0.00091729 0.00091749 0.00091754 0.00091753 0.00090955 0.00089809 0.00086487 0.00085336 0.00087404 0.00085573 0.00072218 0.00069588 0.0006807 0.00070855 0.00076702 0.00079246 0.00079239 0.00078895 0.00078059 0.00077015 0.00076059 0.00075404 0.00075124 0.00074935 0.00074842 0.00075862 0.00075894 0.00075654 0.00075464 0.00075413 0.00075436 0.00075507 0.00075685 0.0007607 0.00077016 0.00079339 0.00079571 0.0008013 0.00080809 0.00080856 0.00082367 0.00083645 0.00084543 0.00080021 0.0008034 0.00080588 0.00081269 0.00081536 0.00082471 0.00083151 0.00083516 0.0008715 0.00088917 0.00090226 0.00091425 0.00091509 0.00091563 0.00091645 0.00091664 0.00091667 0.00091642 0.00091519 0.00091539 0.00091437 0.00090988 0.00090827 0.00090896 0.00089973 0.00088507 0.00088277 0.00089325 0.00088185 0.00087519 0.00085934 0.00087239 0.00088243 0.0008665 0.00086921 0.00087363 0.00086848 0.00086844 0.00086277 0.00086077 0.00087049 0.0008659 0.00086138 0.00086328 0.00086259 0.00086238 0.00086676 0.00084863 0.00083765 0.00085652 0.00083074 0.00083909 0.0008538 0.00080041 0.00081847 0.0008379 0.00079888 0.00079205 0.00079042 0.00079391 0.00079551 0.00080191 0.00078471 0.00078523 0.00076327 0.00079465 0.00079746 0.00079562 0.00077363 0.00077886 0.00078827 0.00078956 0.00080824 0.00080106 0.00082372 0.00085493 0.00089513 0.00090081 0.00090991 0.00091159 0.00091153 0.00091362 0.00091352 0.00091357 0.00091357 0.00091326 0.00091363 0.00091469 0.00091468 0.00091484 0.00091512 0.00091489 0.00091558 0.00091588 0.00091591 0.00091553 0.000916 0.00091572 0.00091602 0.00091523 0.00091563 0.0009156 0.00091345 0.00089442 0.00084826 0.00079895 0.00077106 0.00076666 0.00076493 0.00076441 0.00077444 0.00079397 0.00081835 0.0008309 0.00084164 0.00085469 0.00086848 0.00087698 0.00088454 0.00088937 0.00089713 0.00089899 0.00088874 0.00090786 0.0009079 0.00090979
0.00091271 0.00091339 0.00091394 0.0009149 0.00091541 0.00091606 0.00091642 0.00091695 0.00091723 0.00091733 0.00091758 0.00091762 0.00091769 0.00091767 0.00091769 0.00091053 0.00089148 0.00085827 0.00087303 0.00088489 0.00088587 0.00080322 0.00075413 0.00074148 0.00077904 0.00082348 0.00080501 0.00080063 0.00079347 0.00077804 0.00076802 0.00076078 0.00075519 0.00075005 0.00074751 0.0007467 0.00075494 0.00075903 0.0007579 0.00075458 0.00075444 0.00075198 0.0007552 0.00075752 0.00075799 0.00077459 0.00078156 0.00079017 0.00079442 0.00080121 0.00080608 0.000812 0.00082322 0.00084025 0.00082559 0.00081125 0.00085078 0.00089415 0.00088318 0.00084682 0.00083686 0.0008246 0.00087435 0.00089078 0.00090428 0.00091408 0.00091603 0.00091654 0.00091712 0.00091734 0.00091695 0.00091735 0.00091533 0.00091692 0.00091625 0.0009139 0.0009132 0.00091356 0.00091222 0.0009007 0.00088682 0.00087042 0.00085905 0.0008716 0.00086429 0.00086913 0.00087079 0.00087264 0.00087163 0.00086309 0.00087478 0.00087672 0.00087272 0.00086731 0.00087685 0.00087907 0.00088652 0.00085309 0.00087305 0.00087102 0.00086316 0.00085182 0.00083967 0.00085173 0.00085287 0.00084835 0.000848 0.00083423 0.00081668 0.00082653 0.00081095 0.0007979 0.00079808 0.00079088 0.00079022 0.00079222 0.00079826 0.00078455 0.00076692 0.00079189 0.00079665 0.00078888 0.00083205 0.00081306 0.00078647 0.0007849 0.00079551 0.00080521 0.00081006 0.00083461 0.00085713 0.00087544 0.00089005 0.0008999 0.00090777 0.0009121 0.00091349 0.00091419 0.00091492 0.0009152 0.00091529 0.0009166 0.00091595 0.00091689 0.00091723 0.0009175 0.00091773 0.0009175 0.00091811 0.00091777 0.00091785 0.00091764 0.00091751 0.00091752 0.00091769 0.00091709 0.00091655 0.00090014 0.00084508 0.00079443 0.00077432 0.00076518 0.00076204 0.0007438 0.00075164 0.0007756 0.0008041 0.00082516 0.00084356 0.00085508 0.00086862 0.00087841 0.00088802 0.00089431 0.00090161 0.00089714 0.00090571 0.00090784 0.00090174 0.00091196
0.00091382 0.00091426 0.00091406 0.00091588 0.0009167 0.0009167 0.00091714 0.00091724 0.00091735 0.0009176 0.00091774 0.00091775 0.00091776 0.00091778 0.0009178 0.00091172 0.00088416 0.0008687 0.00087304 0.00086338 0.00088722 0.00088071 0.00087937 0.00087825 0.0008571 0.00083209 0.00079749 0.00080551 0.00078752 0.00077369 0.00076387 0.00075901 0.00075321 0.00074908 0.00074687 0.00074263 0.00074308 0.00075759 0.00075871 0.00075439 0.00075558 0.00075456 0.00075582 0.00074764 0.00076246 0.0007753 0.00078496 0.00078906 0.00079199 0.00079559 0.00079007 0.00080376 0.00080591 0.00084862 0.00080466 0.00080741 0.0008112 0.00080872 0.00085812 0.00090145 0.00090537 0.00085574 0.00088369 0.00090911 0.00091394 0.00091651 0.00091708 0.00091716 0.00091747 0.00091772 0.00091766 0.00091747 0.00091719 0.00091673 0.00091471 0.00091564 0.00091543 0.00091603 0.00091687 0.00090898 0.00090232 0.00088025 0.00087434 0.00088359 0.00088435 0.00087591 0.00087979 0.00087627 0.00087761 0.000867 0.00087403 0.00088515 0.00087611 0.00087693 0.0008776 0.0008905 0.00088164 0.0008743 0.00086845 0.00087332 0.00084964 0.00085212 0.00086027 0.00085269 0.00084636 0.00086691 0.00085933 0.00083134 0.00084433 0.00083691 0.0008141 0.00082495 0.00082054 0.00082053 0.00083843 0.00079477 0.00080419 0.00077629 0.00078443 0.00077004 0.00077961 0.00077742 0.0007789 0.00078621 0.00078732 0.00079138 0.00078859 0.00078872 0.00081446 0.00080356 0.00084926 0.00087728 0.00087622 0.00089252 0.00090886 0.00091328 0.00091443 0.00091603 0.00091647 0.0009168 0.00091739 0.00091767 0.00091795 0.00091834 0.00091867 0.00091889 0.000919 0.00091903 0.00091902 0.00091892 0.00091879 0.0009187 0.00091875 0.0009186 0.00091837 0.00091804 0.00091728 0.00091589 0.00087253 0.00081438 0.00077259 0.0007644 0.00074417 0.00067896 0.00074178 0.00077235 0.00080543 0.00082903 0.00084235 0.00085746 0.00087649 0.00087652 0.00089019 0.00089712 0.00090507 0.00090601 0.00090845 0.00090793 0.00091173 0.00091274
0.00091537 0.00091589 0.00091611 0.00091591 0.00091723 0.00091667 0.00091766 0.00091779 0.0009178 0.00091781 0.00091784 0.00091785 0.00091782 0.0009178 0.00091782 0.00091408 0.00089006 0.00086987 0.00087364 0.00087072 0.00086737 0.00087255 0.00083932 0.00085077 0.00085259 0.00083884 0.00082402 0.00079287 0.00077952 0.00077043 0.0007616 0.00075653 0.00075234 0.00074831 0.00074277 0.0007421 0.00074463 0.00075997 0.00076305 0.00075686 0.000759 0.00075866 0.00075913 0.00074749 0.00075723 0.00077455 0.00078256 0.00078655 0.00078914 0.00078446 0.00077811 0.00078156 0.00080892 0.00082433 0.0008443 0.00085871 0.00085355 0.00087241 0.00087912 0.00090387 0.00088658 0.00084519 0.0009137 0.00091529 0.00091634 0.0009168 0.00091678 0.0009173 0.00091783 0.00091794 0.00091692 0.00091771 0.00091775 0.00091734 0.00091586 0.0009175 0.00091641 0.0009169 0.00091736 0.00091719 0.0009085 0.00090237 0.0008961 0.00089219 0.00089386 0.00088434 0.00087689 0.00087319 0.00087769 0.00087842 0.00088063 0.00088236 0.00087836 0.00087556 0.00088041 0.00087306 0.00088359 0.00087951 0.0008627 0.00085065 0.0008839 0.00084541 0.00085925 0.00086028 0.00082777 0.00087714 0.00081107 0.00083884 0.00084499 0.0008303 0.00082858 0.00083352 0.00083034 0.00082623 0.00081961 0.00082702 0.00082083 0.00085144 0.00080314 0.00078895 0.00079898 0.00083041 0.00078569 0.00079573 0.00080169 0.00077926 0.00077276 0.00079924 0.00082871 0.00080731 0.00085413 0.00086835 0.0008875 0.00090559 0.00091287 0.00091534 0.00091686 0.00091696 0.00091745 0.00091795 0.00091826 0.00091869 0.00091888 0.00091911 0.00091918 0.00091918 0.00091917 0.00091918 0.00091918 0.00091917 0.00091914 0.00091915 0.00091905 0.00091888 0.00091857 0.00091826 0.0009176 0.00091646 0.00090679 0.0008242 0.00078319 0.00076769 0.0007549 0.00074745 0.00075531 0.00079271 0.00082292 0.00083912 0.00084916 0.00086269 0.00086742 0.00088947 0.00089609 0.00090156 0.00090707 0.00091001 0.00091009 0.00091108 0.00091297 0.00091459
0.00091666 0.00091692 0.00091731 0.00091759 0.0009179 0.00091783 0.00091802 0.00091812 0.00091813 0.00091803 0.00091807 0.0009181 0.00091804 0.00091727 0.00091799 0.00091776 0.00091158 0.00088351 0.00086347 0.00086567 0.00086641 0.00086911 0.00083762 0.0008313 0.00086321 0.00084656 0.00080554 0.00078858 0.00077665 0.00076692 0.00076021 0.00075517 0.00075214 0.00074798 0.00073853 0.00074125 0.00074956 0.00076016 0.00076212 0.00075908 0.00076359 0.00076443 0.00076365 0.00076557 0.00076982 0.00077519 0.00078337 0.00078827 0.00078788 0.00077577 0.00077842 0.0007865 0.00078758 0.00082581 0.00083137 0.00083894 0.00084033 0.00086783 0.00087508 0.00088998 0.00088745 0.00090176 0.00091203 0.0009081 0.00090124 0.00091547 0.00091623 0.00091711 0.00091781 0.00091809 0.00091784 0.00091822 0.00091807 0.00091826 0.00091812 0.00091793 0.00091751 0.00091773 0.00091801 0.00091814 0.00091797 0.00091101 0.00090615 0.00090041 0.00090277 0.0008886 0.00088164 0.00091904 0.00088314 0.00087915 0.00088522 0.00089374 0.00088353 0.00088471 0.00087264 0.00087629 0.00088286 0.00088157 0.00086555 0.00086508 0.00085554 0.00086363 0.00085855 0.00086177 0.00084504 0.00083583 0.00081894 0.00082944 0.00083324 0.00081792 0.00083184 0.00082877 0.00084423 0.00086262 0.00085816 0.0008568 0.00083136 0.00080382 0.00079966 0.00079706 0.00080782 0.00079542 0.00078975 0.00079525 0.00078693 0.00080666 0.00084819 0.00086595 0.00086316 0.00087414 0.0008819 0.00089325 0.00090893 0.00091224 0.00091477 0.00091697 0.0009174 0.00091801 0.00091853 0.00091887 0.00091907 0.00091916 0.00091916 0.00091909 0.00091902 0.00091888 0.00091893 0.00091909 0.00091901 0.00091912 0.00091915 0.00091918 0.00091915 0.00091899 0.00091883 0.00091866 0.00091824 0.00091769 0.00091392 0.00087319 0.0008224 0.00079267 0.00077446 0.00077324 0.00078876 0.00082733 0.00084184 0.00084965 0.00085682 0.00086594 0.00088576 0.00089385 0.00090206 0.00090724 0.00091093 0.00091309 0.00091341 0.00091379 0.00091559 0.00091627
0.0009179 0.00091762 0.00091808 0.00091813 0.00091817 0.00091815 0.00091824 0.0009184 0.00091842 0.00091831 0.00091824 0.0009183 0.0009183 0.00091824 0.00091817 0.00091802 0.00091547 0.00090711 0.00089894 0.00089669 0.00088747 0.00088172 0.00086355 0.00086081 0.00087384 0.00081278 0.00079799 0.0007858 0.0007721 0.00076536 0.00075915 0.00075777 0.00075122 0.00074838 0.00074408 0.00074449 0.00074985 0.00076106 0.00076164 0.00076152 0.00076512 0.00076731 0.0007704 0.00077049 0.00077362 0.00077766 0.00078275 0.00078949 0.00078596 0.00077044 0.00078609 0.00079044 0.00079292 0.00080389 0.00080958 0.0008175 0.00083141 0.00083593 0.00084894 0.00088543 0.00087444 0.0008987 0.00090458 0.00090898 0.00091345 0.00091391 0.00091604 0.00091678 0.00091709 0.00091811 0.00091826 0.00091826 0.00091847 0.00091868 0.00091857 0.00091885 0.00091812 0.00091835 0.00091855 0.00091828 0.0009182 0.00091766 0.00091424 0.00091643 0.00091045 0.00090387 0.00089065 0.00087939 0.00088818 0.00089187 0.00089387 0.00088848 0.00088332 0.00087908 0.00089846 0.00088686 0.00087736 0.00086679 0.00086244 0.00087603 0.00085484 0.00085754 0.00086657 0.00086557 0.0008512 0.00084765 0.00082552 0.00082703 0.00083493 0.00082548 0.00082175 0.00081966 0.00084427 0.00085607 0.00085139 0.00085073 0.00082396 0.00080558 0.00081472 0.00081777 0.00081242 0.00084682 0.00079871 0.00079324 0.00081452 0.00080453 0.00083141 0.00087477 0.00086893 0.00088187 0.00089437 0.0009081 0.00091057 0.00091463 0.00091623 0.00091736 0.00091815 0.00091873 0.00091911 0.00091918 0.00091915 0.00091905 0.00091859 0.00091882 0.00091863 0.00091851 0.00091859 0.00091871 0.0009188 0.00091895 0.00091911 0.00091916 0.00091911 0.00091914 0.00091913 0.00091902 0.00091879 0.00091847 0.00091679 0.00091162 0.00087808 0.00085356 0.00083909 0.00083581 0.00082931 0.00080885 0.00085989 0.00086059 0.00086589 0.0008735 0.00085626 0.00091616 0.00090931 0.00088734 0.00091448 0.00090923 0.00091587 0.0009162 0.00091648 0.00091757
0.00091849 0.00091542 0.00091818 0.0009182 0.00091846 0.00091839 0.00091841 0.00091853 0.00091844 0.00091849 0.00091846 0.00091852 0.0009185 0.00091844 0.00091856 0.00091846 0.00091826 0.00091605 0.00090617 0.00087889 0.0008861 0.00088516 0.00088896 0.00088263 0.00083346 0.00080391 0.00079302 0.00078133 0.00077511 0.00076192 0.00075706 0.00075344 0.00074895 0.00074548 0.0007429 0.00074371 0.00074895 0.00075908 0.00076409 0.00076567 0.00076861 0.00077184 0.00077334 0.00077511 0.00077237 0.00077713 0.00077698 0.00077354 0.00077288 0.0007764 0.00078585 0.00079495 0.00079678 0.00079417 0.00080642 0.00082434 0.00083387 0.00083905 0.00083698 0.00084194 0.00084011 0.00084177 0.00087275 0.00090841 0.00090861 0.00091594 0.00091679 0.00091709 0.00091741 0.00091808 0.0009185 0.00091893 0.00091894 0.00091894 0.00091888 0.00091907 0.00091899 0.00091901 0.00091898 0.00091857 0.00091888 0.00091881 0.00091809 0.00091613 0.00091292 0.0009067 0.00089747 0.00088932 0.00089995 0.00089269 0.00089121 0.00087487 0.00088765 0.00088693 0.00088753 0.00087753 0.00088131 0.00086622 0.00087729 0.00088051 0.00084975 0.00084666 0.00086044 0.00084024 0.00087916 0.00083156 0.00083662 0.00082159 0.00083426 0.0008098 0.0008011 0.00081117 0.00083365 0.00084302 0.00083555 0.00082054 0.00081911 0.00082865 0.00081598 0.00084475 0.00083893 0.0008463 0.00084157 0.00081072 0.00082745 0.00085572 0.00085897 0.00087873 0.00088881 0.00090244 0.00090632 0.00091196 0.00091413 0.00091602 0.00091727 0.00091817 0.00091881 0.00091916 0.00091916 0.0009191 0.00091889 0.00091875 0.00091856 0.00091839 0.00091808 0.0009184 0.00091851 0.00091856 0.00091866 0.00091904 0.00091894 0.00091903 0.00091912 0.00091918 0.00091911 0.00091918 0.00091916 0.00091903 0.00091876 0.00091831 0.00091699 0.00091419 0.00091184 0.00090361 0.0008893 0.00085555 0.00089028 0.0008793 0.00087543 0.00088476 0.00088837 0.00090858 0.00091348 0.00091456 0.00091614 0.00091683 0.00091714 0.00091776 0.00091808 0.00091837
0.00091881 0.00091864 0.00091864 0.00091851 0.0009186 0.00091855 0.0009186 0.00091859 0.00091855 0.00091861 0.00091866 0.00091864 0.00091862 0.00091855 0.00091868 0.00091849 0.00091862 0.00091832 0.00091529 0.00083517 0.00087184 0.00088255 0.00087489 0.00084313 0.0007962 0.00080346 0.00079206 0.00078047 0.0007691 0.00075919 0.00075251 0.0007466 0.00074185 0.00073974 0.00073836 0.00073788 0.00074104 0.00074637 0.00075841 0.00076891 0.0007733 0.00077512 0.00077676 0.000776 0.00076238 0.00076602 0.00078033 0.00078604 0.0007778 0.00077481 0.00078555 0.00078256 0.00077783 0.00078291 0.00079931 0.00082356 0.00083609 0.00084415 0.00084573 0.00084884 0.00085062 0.00084746 0.00087083 0.00090781 0.00091506 0.00091637 0.00091702 0.00091707 0.00091773 0.00091822 0.00091842 0.00091901 0.00091889 0.00091908 0.00091911 0.00091917 0.00091916 0.00091918 0.00091916 0.00091908 0.00091904 0.00091893 0.00091895 0.00091612 0.0009142 0.00090942 0.0009071 0.000904 0.00089842 0.00090126 0.00088126 0.00088383 0.00088584 0.0008962 0.00090279 0.00087556 0.00088004 0.00087236 0.00088025 0.0008711 0.00087101 0.00086681 0.00086422 0.00085944 0.00085682 0.00083879 0.00082808 0.00086108 0.00082581 0.00080308 0.00083742 0.00080764 0.00081069 0.00080585 0.00080104 0.00079831 0.00080933 0.00081852 0.00082532 0.00085676 0.00085973 0.00085487 0.00088662 0.00087669 0.00086864 0.00088529 0.00088501 0.00088973 0.0009 0.0009061 0.00091104 0.00091428 0.00091547 0.00091704 0.00091784 0.00091873 0.00091908 0.00091917 0.00091902 0.0009188 0.0009187 0.00091854 0.00091817 0.00091796 0.00091784 0.00091791 0.00091814 0.00091819 0.00091853 0.00091858 0.0009188 0.00091915 0.00091901 0.00091914 0.00091916 0.00091917 0.00091918 0.00091913 0.00091912 0.00091896 0.00091879 0.00091815 0.00091779 0.00091741 0.00091584 0.00091451 0.00091013 0.00089919 0.00089218 0.00089452 0.00089519 0.00090626 0.00090731 0.0009158 0.00091661 0.0009172 0.00091782 0.00091848 0.00091876 0.00091886
0.00091902 0.00091876 0.00091879 0.00091856 0.00091877 0.00091869 0.00091876 0.00091874 0.00091865 0.00091868 0.00091872 0.00091873 0.00091872 0.00091862 0.00091852 0.00091845 0.00091834 0.00091804 0.00091784 0.00087597 0.00087461 0.00086844 0.00085154 0.00083067 0.00080615 0.00080582 0.00079307 0.00078139 0.00077057 0.00075534 0.00074473 0.0007388 0.00073346 0.00073018 0.00073011 0.00073275 0.00073545 0.00073628 0.00074371 0.00075664 0.00077134 0.00077996 0.00078128 0.00078023 0.00077736 0.00077336 0.0007769 0.00078105 0.00078521 0.00079742 0.00077733 0.00077377 0.00077046 0.00076684 0.00078123 0.00080592 0.00083353 0.00084156 0.00084437 0.00084313 0.00084917 0.00084491 0.00088526 0.00091017 0.00091497 0.00091633 0.00091702 0.00091747 0.00091782 0.00091851 0.00091866 0.00091895 0.00091904 0.00091917 0.00091918 0.00091916 0.00091909 0.00091911 0.00091913 0.00091918 0.00091917 0.00091918 0.00091914 0.0009191 0.00091865 0.00091806 0.00091775 0.00091658 0.00091313 0.00091666 0.00089887 0.00089314 0.00088452 0.00088264 0.00089138 0.00088376 0.00088844 0.00089687 0.00087593 0.000891 0.00087966 0.00088992 0.00087272 0.00089603 0.00087916 0.00087695 0.00085405 0.0008421 0.00083268 0.00081532 0.00080795 0.00080319 0.00080281 0.00079439 0.00079465 0.00079465 0.00080185 0.0008309 0.0008886 0.00087617 0.00086745 0.00085541 0.00086661 0.00085934 0.00088494 0.00089069 0.00089377 0.00089583 0.00090725 0.00091027 0.00091358 0.00091593 0.0009169 0.00091762 0.0009187 0.00091909 0.00091917 0.00091909 0.0009189 0.00091851 0.00091833 0.00091801 0.00091775 0.0009177 0.00091763 0.00091758 0.00091769 0.00091794 0.00091802 0.00091832 0.00091847 0.00091862 0.00091874 0.00091897 0.0009188 0.00091888 0.0009191 0.00091918 0.00091918 0.00091909 0.00091884 0.00091862 0.00091773 0.00091721 0.00091551 0.00091476 0.00091175 0.00090726 0.00090292 0.00090262 0.00090072 0.00090849 0.00090616 0.00091681 0.00091711 0.00091768 0.0009185 0.00091862 0.00091886 0.00091891
0.00091894 0.00091888 0.00091892 0.00091879 0.00091759 0.00091882 0.00091884 0.00091822 0.0009188 0.00091877 0.0009187 0.00091872 0.00091856 0.00091854 0.00091844 0.00091831 0.00091828 0.00091839 0.00091759 0.00091366 0.00085616 0.00084732 0.00086321 0.00083537 0.00083362 0.00080955 0.00079907 0.00078734 0.00076707 0.00074875 0.00073799 0.00072984 0.00072422 0.0007234 0.00072037 0.00072257 0.00073216 0.00073379 0.00073694 0.00074667 0.00076396 0.00078098 0.00078546 0.00078397 0.00077638 0.00077868 0.00077409 0.00075865 0.00077923 0.00078096 0.00078022 0.00077582 0.00076718 0.00076203 0.00076862 0.00078774 0.00081601 0.00082988 0.00083839 0.00083713 0.00086119 0.00086413 0.00086725 0.0009002 0.00091524 0.00091682 0.00091716 0.00091746 0.00091819 0.00091862 0.00091896 0.00091912 0.00091914 0.00091916 0.0009191 0.00091904 0.00091899 0.00091893 0.00091893 0.00091878 0.00091911 0.00091911 0.00091915 0.00091917 0.00091916 0.00091832 0.00091875 0.00091797 0.0009154 0.00091476 0.00091239 0.00090386 0.00090342 0.00090122 0.00089926 0.00088998 0.0008834 0.00088079 0.00089841 0.00089121 0.00089515 0.00091516 0.00089486 0.00087199 0.00090222 0.00086591 0.00085855 0.00085509 0.00084526 0.00084684 0.0008288 0.00080802 0.00086141 0.00079946 0.00080109 0.00081947 0.00080915 0.00082186 0.00088385 0.00088599 0.00088737 0.00088651 0.00088824 0.00089391 0.00089533 0.0008985 0.00090199 0.00090739 0.0009096 0.00091326 0.0009153 0.00091691 0.0009173 0.00091851 0.00091892 0.00091917 0.00091916 0.00091904 0.00091866 0.00091856 0.00091783 0.00091758 0.00091749 0.00091749 0.00091749 0.00091745 0.00091761 0.00091766 0.00091785 0.00091772 0.00091812 0.00091822 0.00091851 0.00091857 0.00091868 0.00091877 0.0009189 0.00091915 0.0009191 0.00091914 0.00091893 0.00091869 0.00091812 0.0009172 0.00091556 0.00091544 0.00091368 0.00091183 0.00091054 0.00090855 0.00090672 0.00089747 0.00086444 0.00091717 0.00091749 0.00091768 0.00091848 0.00091883 0.00091894 0.00091886
0.00091892 0.00091895 0.000919 0.00091896 0.00091891 0.00091887 0.00091878 0.00091884 0.00091878 0.00091874 0.00091874 0.00091876 0.00091863 0.0009187 0.00091841 0.00091848 0.00091825 0.0009172 0.00091642 0.00091347 0.00090393 0.00089078 0.0008732 0.00085958 0.00084095 0.00082362 0.00081192 0.00078981 0.00076554 0.00074657 0.00073518 0.0007286 0.0007261 0.00072544 0.00071894 0.00072249 0.00073086 0.00073496 0.00073924 0.00074999 0.00076728 0.00078354 0.00078626 0.00078481 0.00076872 0.000781 0.00077596 0.00076767 0.00077452 0.00077189 0.00077217 0.0007688 0.00076855 0.00077162 0.00077751 0.00078339 0.00080381 0.00082817 0.00082955 0.00082633 0.00084598 0.00086541 0.00086677 0.00089545 0.00091333 0.00091736 0.00091777 0.00091739 0.00091842 0.00091884 0.00091903 0.00091917 0.00091917 0.00091911 0.00091897 0.00091883 0.00091875 0.0009187 0.00091869 0.00091872 0.00091879 0.00091884 0.00091897 0.00091871 0.00091877 0.00091917 0.00091909 0.00091899 0.00091824 0.00091836 0.00091477 0.00091789 0.00091572 0.00091222 0.00091327 0.00090362 0.00089628 0.00090888 0.00088768 0.00090059 0.00091642 0.00091646 0.00091585 0.00088439 0.00089736 0.00085439 0.00084662 0.00086887 0.00087154 0.0008607 0.00084712 0.00085918 0.0009033 0.000885 0.00083977 0.0008547 0.00089327 0.00084275 0.00089093 0.00088612 0.00088949 0.00088893 0.00090097 0.00090262 0.00090597 0.00090366 0.00090825 0.00090907 0.0009132 0.00091572 0.00091655 0.00091703 0.00091797 0.00091863 0.00091914 0.00091917 0.00091901 0.00091887 0.00091828 0.00091799 0.00091778 0.00091745 0.00091741 0.00091742 0.00091744 0.00091751 0.00091747 0.00091753 0.00091761 0.00091781 0.00091795 0.00091791 0.00091795 0.00091821 0.00091846 0.0009187 0.00091888 0.000919 0.00091915 0.00091917 0.00091902 0.0009186 0.00091821 0.00091746 0.00091602 0.000916 0.00091534 0.00091426 0.0009141 0.00091143 0.0008902 0.0009009 0.00089064 0.00091617 0.00091739 0.00091812 0.00091829 0.00091879 0.0009188 0.00091897
0.00091892 0.00091902 0.00091902 0.00091897 0.00091893 0.00091891 0.00091886 0.00091882 0.0009188 0.00091882 0.00091875 0.00091889 0.00091878 0.0009188 0.00091852 0.0009184 0.00091794 0.00091711 0.00091463 0.00090844 0.00089989 0.00088997 0.00087702 0.00086444 0.00085063 0.00083805 0.00082104 0.00080587 0.00077864 0.00075721 0.00074308 0.00073483 0.00073105 0.00072982 0.00072897 0.00073002 0.00073434 0.00073718 0.00075327 0.00077237 0.00079036 0.00079706 0.00079078 0.00078909 0.00078995 0.00077461 0.00078222 0.00076554 0.00077301 0.00077374 0.00077122 0.00077465 0.00076179 0.00077251 0.00079038 0.00078574 0.00079274 0.00081723 0.00083221 0.00085277 0.0008507 0.00085421 0.0008672 0.00089606 0.0009131 0.00091766 0.00091839 0.00091857 0.00091882 0.00091904 0.00091918 0.00091916 0.00091898 0.00091888 0.00091824 0.0009187 0.00091851 0.00091863 0.00091847 0.00091847 0.00091856 0.00091859 0.00091885 0.00091881 0.00091874 0.00091909 0.00091915 0.0009191 0.00091901 0.00091905 0.00091879 0.00091852 0.00091845 0.00091774 0.00091608 0.00091121 0.00090786 0.00090396 0.0009138 0.00091544 0.00091711 0.00091625 0.00090709 0.00091517 0.00090685 0.00091467 0.00091194 0.00091435 0.0008547 0.00084925 0.00083918 0.00089402 0.00084898 0.00083326 0.00089855 0.00090042 0.00089432 0.00088865 0.00089085 0.00089749 0.00089922 0.00089965 0.00091002 0.00091402 0.00090917 0.00090902 0.00091009 0.00091426 0.00091598 0.00091658 0.00091616 0.0009179 0.00091805 0.00091884 0.00091916 0.00091909 0.00091889 0.00091882 0.0009183 0.0009179 0.0009176 0.00091745 0.00091752 0.00091778 0.00091742 0.00091752 0.00091759 0.00091776 0.00091749 0.00091802 0.00091794 0.000918 0.00091817 0.00091827 0.00091825 0.00091854 0.00091879 0.00091889 0.00091917 0.00091917 0.00091901 0.00091858 0.0009177 0.00091731 0.00091674 0.00091619 0.00091514 0.00091559 0.00091536 0.00091276 0.00090696 0.00090013 0.00088159 0.00091547 0.00091797 0.00091803 0.00091868 0.00091878 0.00091893 0.00091903
0.00091908 0.00091908 0.00091902 0.00091902 0.000919 0.00091896 0.00091892 0.00091883 0.00091879 0.00091888 0.00091887 0.00091875 0.00091872 0.0009186 0.00091853 0.00091807 0.0009172 0.00091558 0.00091207 0.00090679 0.00089781 0.00088856 0.00087855 0.00087027 0.00086325 0.00085418 0.0008421 0.00082603 0.00080236 0.00077664 0.00076397 0.00075666 0.00075458 0.00073975 0.00073465 0.00073334 0.00073818 0.00075065 0.00076477 0.00078361 0.00079789 0.00080498 0.00080436 0.00080877 0.00081554 0.00082308 0.00082644 0.00081396 0.00078293 0.00077044 0.00076186 0.00077058 0.00079014 0.00078787 0.00078829 0.00079946 0.00083312 0.00082229 0.00083249 0.00085722 0.00086669 0.00088308 0.00089323 0.00090494 0.00091363 0.00091805 0.00091833 0.00091888 0.00091908 0.00091917 0.00091917 0.00091898 0.00091884 0.00091864 0.00091865 0.00091831 0.00091833 0.00091831 0.0009181 0.0009181 0.00091844 0.00091834 0.00091847 0.00091854 0.0009187 0.00091883 0.00091911 0.00091905 0.00091915 0.00091914 0.0009191 0.00091917 0.00091886 0.0009185 0.00091836 0.000918 0.00091533 0.00091289 0.00091691 0.00091671 0.00091227 0.00090708 0.00090106 0.00091573 0.00090799 0.00091477 0.00091531 0.00091553 0.00090489 0.0008909 0.0008696 0.00089917 0.00089018 0.00088401 0.00090079 0.00089224 0.00088392 0.00089901 0.00090076 0.00090386 0.00090268 0.00090836 0.00091053 0.00091317 0.0009132 0.00091431 0.00091475 0.00091503 0.00091652 0.00091706 0.00091766 0.00091782 0.00091876 0.000919 0.00091915 0.00091899 0.00091873 0.00091839 0.00091822 0.00091789 0.00091764 0.00091742 0.00091743 0.00091742 0.00091746 0.00091765 0.00091757 0.00091755 0.00091762 0.00091767 0.00091788 0.00091777 0.0009179 0.00091839 0.00091824 0.00091834 0.00091864 0.00091898 0.00091917 0.00091909 0.00091895 0.00091822 0.00091754 0.00091716 0.00091702 0.0009167 0.00091658 0.0009165 0.00091638 0.00091567 0.00091429 0.00090945 0.00089442 0.00091667 0.00091681 0.00091739 0.00091841 0.00091896 0.00091897 0.00091907
0.00091908 0.00091907 0.00091906 0.00091898 0.00091896 0.00091895 0.00091889 0.00091892 0.00091876 0.00091895 0.0009189 0.0009188 0.00091878 0.00091855 0.00091806 0.00091782 0.00091617 0.00091444 0.00091122 0.00090645 0.00089767 0.00089224 0.00088586 0.00088099 0.00087457 0.00086756 0.00085741 0.00085136 0.0008387 0.00082198 0.00080724 0.00080189 0.00080223 0.00080049 0.00077042 0.000766 0.00078076 0.00079073 0.00079336 0.00079549 0.00080272 0.00080705 0.00080585 0.00080904 0.00081845 0.00082791 0.0008283 0.00082583 0.00078276 0.00077153 0.00078536 0.00080166 0.00083425 0.00081491 0.00082139 0.00085226 0.00083634 0.0008833 0.0008351 0.00085352 0.00087196 0.00088966 0.00090488 0.00091399 0.00091737 0.00091845 0.00091884 0.00091901 0.00091918 0.00091916 0.00091899 0.00091881 0.0009187 0.00091851 0.00091842 0.00091847 0.00091865 0.00091891 0.00091809 0.00091807 0.00091818 0.00091807 0.00091828 0.00091833 0.00091853 0.00091863 0.00091869 0.00091881 0.00091897 0.0009191 0.00091917 0.00091918 0.00091918 0.00091913 0.00091873 0.00091883 0.00091827 0.00091775 0.00091776 0.00091794 0.00091728 0.00091666 0.00091797 0.00091626 0.00091308 0.00091582 0.0009109 0.00091174 0.00091484 0.0009076 0.00089884 0.00090595 0.00090647 0.00090947 0.00091017 0.00088824 0.00090112 0.00090451 0.00090672 0.00091034 0.00091058 0.00091211 0.0009145 0.00091305 0.00091545 0.0009156 0.00091571 0.00091608 0.00091701 0.00091738 0.00091831 0.00091854 0.00091897 0.00091914 0.00091863 0.00091854 0.0009187 0.00091848 0.00091818 0.00091793 0.00091767 0.00091745 0.00091745 0.00091753 0.00091751 0.00091757 0.00091763 0.00091764 0.00091783 0.00091762 0.0009177 0.00091777 0.00091804 0.00091807 0.00091808 0.00091848 0.00091882 0.00091909 0.00091917 0.00091723 0.00091805 0.00091875 0.00091808 0.00091792 0.00091762 0.00091734 0.00091737 0.00091692 0.00091704 0.00091682 0.00091645 0.00091496 0.00091568 0.00091634 0.00091707 0.00091822 0.00091841 0.00091885 0.00091895 0.00091908
0.0009191 0.00091907 0.00091906 0.00091899 0.00091904 0.00091903 0.00091899 0.00091898 0.0009189 0.0009189 0.00091894 0.00091878 0.00091872 0.0009183 0.00091773 0.00091693 0.00091523 0.0009137 0.00091119 0.00090707 0.00090188 0.00089854 0.00089339 0.00088795 0.00087935 0.00087378 0.00087005 0.00086473 0.00086053 0.00085436 0.0008484 0.00084233 0.00083722 0.0008326 0.00082603 0.00082842 0.00083059 0.0008288 0.00081615 0.00080865 0.00080738 0.00081399 0.00081258 0.00080168 0.00080895 0.00081801 0.00081967 0.00082 0.00085021 0.00078858 0.00089254 0.00090353 0.00090799 0.00089428 0.00089187 0.00085416 0.00085718 0.00085835 0.00089016 0.000862 0.00088937 0.000903 0.00091335 0.00091694 0.00091758 0.00091886 0.00091912 0.00091917 0.00091916 0.00091892 0.00091889 0.00091872 0.0009185 0.00091845 0.00091837 0.00091833 0.00091822 0.00091801 0.0009179 0.00091793 0.00091791 0.00091806 0.0009181 0.00091821 0.00091827 0.00091843 0.00091846 0.00091875 0.00091883 0.00091893 0.00091903 0.00091913 0.00091917 0.00091913 0.00091904 0.00091905 0.00091877 0.00091883 0.00091881 0.00091864 0.00091756 0.00091827 0.00091648 0.00091703 0.00091724 0.00091873 0.00091274 0.00091642 0.00091539 0.00091172 0.00090945 0.00091158 0.00091032 0.00090953 0.00090536 0.00091196 0.00091092 0.00091214 0.00091325 0.00091258 0.00091291 0.00091383 0.00091532 0.0009152 0.00091519 0.00091599 0.00091572 0.0009166 0.00091712 0.00091782 0.00091852 0.00091889 0.00091912 0.00091917 0.00091881 0.00091864 0.00091874 0.00091839 0.00091837 0.00091798 0.00091779 0.00091764 0.00091753 0.00091754 0.00091761 0.00091759 0.00091764 0.00091765 0.00091777 0.00091801 0.00091769 0.00091791 0.00091818 0.00091836 0.00091836 0.00091878 0.00091896 0.00091915 0.00091918 0.00091752 0.00091667 0.00091886 0.00091842 0.00091826 0.00091819 0.00091797 0.00091803 0.00091781 0.00091731 0.0009176 0.00091716 0.00091728 0.00091267 0.00091547 0.00091851 0.00091839 0.00091838 0.00091898 0.00091914 0.00091902
0.0009191 0.0009191 0.00091905 0.00091905 0.00091907 0.00091908 0.00091894 0.00091891 0.00091896 0.00091892 0.00091882 0.00091859 0.00091835 0.00091798 0.00091732 0.00091626 0.00091457 0.00091217 0.00090998 0.00090693 0.00089894 0.00090004 0.00089569 0.00088914 0.00088644 0.00088161 0.00087703 0.0008732 0.00086882 0.00086605 0.00086097 0.0008553 0.00084896 0.00084561 0.00084597 0.00084703 0.00084094 0.00083784 0.00082759 0.00081901 0.00081531 0.00081653 0.00081889 0.00082203 0.0008174 0.00082799 0.00084232 0.00086051 0.00088883 0.00089771 0.00090388 0.00090801 0.00091179 0.00091337 0.00091367 0.00090472 0.00087211 0.0008652 0.0008776 0.00090054 0.00090776 0.00091431 0.00091684 0.00091872 0.00091879 0.00091909 0.00091918 0.00091912 0.00091897 0.00091883 0.00091856 0.00091835 0.00091821 0.00091819 0.00091806 0.00091799 0.00091795 0.00091815 0.00091756 0.00091744 0.00091788 0.00091792 0.00091783 0.00091844 0.00091809 0.00091826 0.00091854 0.00091862 0.00091853 0.00091877 0.00091883 0.00091897 0.0009191 0.00091916 0.00091918 0.00091916 0.00091909 0.00091873 0.00091906 0.00091881 0.00091876 0.00091871 0.00091657 0.00091768 0.00091729 0.00091811 0.00090831 0.0009164 0.00091583 0.00091442 0.00091441 0.00091405 0.00091392 0.0009144 0.0009155 0.00091402 0.00091457 0.00091426 0.00091514 0.0009154 0.00091515 0.00091576 0.00091532 0.00091549 0.00091602 0.00091612 0.00091579 0.00091679 0.00091729 0.0009178 0.00091832 0.00091888 0.00091914 0.00091917 0.00091905 0.00091901 0.00091866 0.00091852 0.0009182 0.00091803 0.00091786 0.00091774 0.00091754 0.00091759 0.00091755 0.00091758 0.00091774 0.00091763 0.00091768 0.00091781 0.00091789 0.00091813 0.00091816 0.00091858 0.00091896 0.00091889 0.00091904 0.00091915 0.00091918 0.00091916 0.00091905 0.00091895 0.00091879 0.00091853 0.00091843 0.00091845 0.00091814 0.00091825 0.00091792 0.0009178 0.00091766 0.0009178 0.00091726 0.00091836 0.00091843 0.00091807 0.0009185 0.00091899 0.00091914 0.00091913
0.00091908 0.00091905 0.00091911 0.00091912 0.0009191 0.00091907 0.00091902 0.00091893 0.00091887 0.00091863 0.00091871 0.00091854 0.00091809 0.00091759 0.00091667 0.00091487 0.0009113 0.00091168 0.00091059 0.00090796 0.00090547 0.00090328 0.00089911 0.00089587 0.00089179 0.00088832 0.00088387 0.00087903 0.00087677 0.00087194 0.00086814 0.00086611 0.00086112 0.00085902 0.00085986 0.00085865 0.00085783 0.00085081 0.00084038 0.00083238 0.00082696 0.00082622 0.0008293 0.00083326 0.00084332 0.00085689 0.00086594 0.00087922 0.00089141 0.00090187 0.00090798 0.00091086 0.00091271 0.00091425 0.00091521 0.000916 0.00090088 0.00090657 0.00089368 0.00091389 0.00091822 0.00091868 0.00091896 0.00091907 0.00091916 0.00091917 0.00091901 0.00091886 0.00091868 0.00091856 0.00091819 0.00091806 0.000918 0.00091793 0.00091781 0.00091769 0.00091767 0.00091775 0.0009176 0.00091768 0.00091784 0.00091771 0.00091783 0.00091775 0.00091796 0.00091771 0.00091786 0.00091828 0.00091836 0.00091867 0.00091866 0.00091881 0.00091899 0.00091906 0.00091916 0.00091918 0.00091918 0.00091907 0.00091911 0.00091908 0.00091877 0.00091876 0.00091835 0.00091778 0.00091545 0.00091566 0.00091541 0.00091728 0.00091638 0.00091684 0.00091622 0.00091622 0.0009155 0.00091616 0.00091607 0.00091581 0.00091647 0.00091698 0.00091616 0.00091677 0.00091628 0.000916 0.00091515 0.00091572 0.00091608 0.00091569 0.00091565 0.00091673 0.00091718 0.00091757 0.00091845 0.00091891 0.00091911 0.00091918 0.00091918 0.0009191 0.00091896 0.00091869 0.00091864 0.00091845 0.00091838 0.00091817 0.00091814 0.00091792 0.00091786 0.00091783 0.00091796 0.00091794 0.00091821 0.0009182 0.00091818 0.00091821 0.0009186 0.00091887 0.00091898 0.00091911 0.00091906 0.00091916 0.00091918 0.00091916 0.00091909 0.00091896 0.00091884 0.00091875 0.00091867 0.00091853 0.00091861 0.00091851 0.00091747 0.00091793 0.00091766 0.00091817 0.00091806 0.00091807 0.00091829 0.00091876 0.00091903 0.00091904 0.00091913 0.00091914
0.00091916 0.00091915 0.0009191 0.00091899 0.00091904 0.0009188 0.00091888 0.00091893 0.00091883 0.00091872 0.00091865 0.0009183 0.00091807 0.0009174 0.00091709 0.00091518 0.00091867 0.00090979 0.00091138 0.00091018 0.00090835 0.00090576 0.00090374 0.00090232 0.00089781 0.00089387 0.00089024 0.00088536 0.00088124 0.00087871 0.0008758 0.00087504 0.00087201 0.00087294 0.00087133 0.00087229 0.00086804 0.00086499 0.00086071 0.00085401 0.0008464 0.0008461 0.00084183 0.00084488 0.00085259 0.0008656 0.00087903 0.00090515 0.00090601 0.00091077 0.00091229 0.00091279 0.00091576 0.00091495 0.00091613 0.00091719 0.00091785 0.00091811 0.00091879 0.00091902 0.00091913 0.00091918 0.00091911 0.00091905 0.00091889 0.00091872 0.00091865 0.00091845 0.00091834 0.00091816 0.00091791 0.00091781 0.00091776 0.00091763 0.00091756 0.00091765 0.00091759 0.00091758 0.00091751 0.00091737 0.00091773 0.00091767 0.00091761 0.00091773 0.00091755 0.00091781 0.0009181 0.00091814 0.00091841 0.00091841 0.00091853 0.0009186 0.0009188 0.00091896 0.00091914 0.00091915 0.00091916 0.00091917 0.00091918 0.00091913 0.00091908 0.00091897 0.00091869 0.00091869 0.00091855 0.00091808 0.0009177 0.00091773 0.00091776 0.00091737 0.00091737 0.00091737 0.00091699 0.0009175 0.00091704 0.00091757 0.00091802 0.00091787 0.00091781 0.00091758 0.00091676 0.00091652 0.00091607 0.00091585 0.00091527 0.00091549 0.00091674 0.00091732 0.00091737 0.00091769 0.00091837 0.00091883 0.00091903 0.00091907 0.00091917 0.00091915 0.00091907 0.00091895 0.00091893 0.00091882 0.00091873 0.0009186 0.00091855 0.00091838 0.00091831 0.00091842 0.00091838 0.00091837 0.0009188 0.00091875 0.00091859 0.0009188 0.00091884 0.00091903 0.00091911 0.00091905 0.00091918 0.00091915 0.00091917 0.0009191 0.000919 0.00091896 0.0009189 0.00091891 0.00091869 0.00091871 0.00091857 0.00091828 0.00091811 0.00091834 0.00091839 0.00091769 0.00091795 0.00091791 0.00091856 0.00091887 0.00091905 0.00091914 0.00091917 0.00091918
0.00091916 0.00091916 0.00091914 0.0009191 0.00091913 0.00091902 0.00091889 0.00091881 0.00091878 0.0009188 0.00091846 0.00091815 0.00091815 0.00091751 0.00091697 0.00091664 0.00091267 0.00091342 0.00091189 0.0009117 0.00091039 0.00090917 0.00090708 0.000905 0.00090326 0.0009007 0.00089693 0.00089298 0.00089303 0.00088888 0.00088738 0.00088526 0.00088374 0.00088438 0.00088306 0.00088317 0.00088188 0.00087968 0.00087748 0.00086878 0.00086598 0.00086156 0.00085982 0.00086122 0.00086776 0.00088009 0.00089182 0.00089987 0.00090834 0.00091092 0.00091282 0.00091391 0.00091486 0.00091598 0.00091709 0.00091791 0.00091849 0.00091892 0.00091912 0.00091918 0.00091904 0.00091895 0.00091884 0.00091875 0.00091858 0.00091851 0.00091833 0.00091817 0.00091806 0.00091784 0.0009178 0.00091714 0.00091751 0.0009175 0.00091747 0.00091739 0.00091742 0.00091749 0.00091747 0.0009175 0.00091755 0.00091736 0.0009177 0.00091766 0.00091873 0.00091732 0.00091799 0.00091812 0.00091818 0.00091837 0.00091835 0.00091863 0.00091876 0.00091886 0.00091892 0.00091908 0.00091909 0.00091916 0.00091918 0.00091912 0.00091912 0.00091907 0.00091883 0.00091848 0.00091828 0.00091833 0.00091826 0.00091787 0.00091837 0.00091812 0.00091793 0.00091822 0.00091848 0.00091843 0.00091841 0.00091853 0.00091868 0.00091849 0.00091822 0.00091749 0.00091713 0.00091721 0.00091693 0.00091642 0.00091643 0.00091664 0.00091632 0.00091693 0.00091742 0.00091764 0.00091833 0.00091852 0.00091889 0.00091889 0.00091902 0.00091914 0.00091917 0.00091914 0.00091911 0.00091914 0.00091898 0.00091904 0.00091889 0.00091872 0.00091871 0.00091879 0.00091883 0.00091879 0.00091884 0.00091897 0.00091888 0.00091896 0.00091894 0.00091897 0.00091912 0.00091908 0.00091916 0.00091914 0.00091917 0.00091916 0.0009191 0.00091911 0.00091898 0.00091891 0.00091884 0.00091865 0.00091863 0.00091849 0.00091803 0.00091842 0.00091835 0.0009181 0.00091873 0.00091849 0.00091855 0.0009189 0.0009191 0.0009191 0.00091914 0.00091915
0.00091913 0.00091915 0.00091914 0.00091902 0.00091911 0.00091909 0.00091874 0.00091899 0.00091897 0.00091897 0.00091884 0.00091864 0.00091834 0.00091807 0.00091745 0.00091649 0.00091668 0.00091567 0.0009149 0.00091397 0.000913 0.0009117 0.00090972 0.0009081 0.00090796 0.00090703 0.00090614 0.00090417 0.00090268 0.00090084 0.00089968 0.0008969 0.00089544 0.00089636 0.0008988 0.00089621 0.00089592 0.00089606 0.00089139 0.00088596 0.00088329 0.00088125 0.00088138 0.00088834 0.00089199 0.00090013 0.00090444 0.00090806 0.00091142 0.00091308 0.00091428 0.00091592 0.00091645 0.00091726 0.00091806 0.00091848 0.0009189 0.00091912 0.00091918 0.00091906 0.00091873 0.00091892 0.00091841 0.00091829 0.00091825 0.00091813 0.00091793 0.00091781 0.00091775 0.00091776 0.00091756 0.00091758 0.00091751 0.00091738 0.00091736 0.00091735 0.00091742 0.0009173 0.00091725 0.0009173 0.00091744 0.00091748 0.00091747 0.00091759 0.00091764 0.00091769 0.00091778 0.00091784 0.00091799 0.00091831 0.00091853 0.00091846 0.00091871 0.00091872 0.00091904 0.00091897 0.00091901 0.00091909 0.00091918 0.00091918 0.00091914 0.00091911 0.00091908 0.00091901 0.00091901 0.00091892 0.00091855 0.00091856 0.00091863 0.00091873 0.00091889 0.00091894 0.00091892 0.00091893 0.00091872 0.00091889 0.00091887 0.00091887 0.0009184 0.00091813 0.00091799 0.00091773 0.00091701 0.00091716 0.00091666 0.00091676 0.00091645 0.00091694 0.00091737 0.00091751 0.00091806 0.00091799 0.00091869 0.000919 0.00091892 0.00091865 0.00091908 0.00091913 0.00091911 0.00091918 0.00091915 0.00091917 0.00091915 0.00091908 0.00091909 0.00091914 0.00091909 0.00091911 0.0009191 0.0009191 0.00091911 0.00091908 0.00091909 0.00091914 0.00091915 0.00091912 0.00091914 0.00091918 0.00091918 0.00091916 0.00091917 0.00091911 0.00091906 0.00091894 0.00091885 0.0009187 0.0009182 0.00091826 0.00091815 0.00091838 0.00091853 0.00091857 0.00091874 0.00091871 0.00091882 0.00091892 0.00091906 0.00091915 0.00091901 0.00091912
0.00091912 0.00091913 0.00091911 0.00091913 0.00091911 0.00091915 0.00091906 0.00091898 0.00091905 0.00091883 0.00091871 0.00091873 0.00091855 0.00091823 0.00091782 0.00091748 0.00091701 0.00091655 0.00091604 0.00091511 0.00091417 0.00091386 0.00091308 0.00091236 0.00091131 0.00091093 0.00090986 0.00090908 0.00090836 0.00090822 0.00090804 0.00090714 0.00090771 0.00090773 0.00090698 0.00090628 0.00090582 0.00090628 0.00090532 0.00091086 0.00090392 0.00090359 0.00090371 0.00090478 0.00090577 0.00090748 0.00090915 0.00091135 0.00091384 0.00091513 0.00091563 0.00091732 0.00091808 0.00091851 0.00091882 0.00091908 0.00091917 0.00091916 0.00091907 0.00091895 0.00091865 0.0009183 0.00091815 0.00091802 0.00091784 0.00091718 0.000918 0.00091758 0.00091752 0.00091751 0.00091736 0.00091755 0.00091741 0.00091723 0.00091718 0.0009172 0.00091724 0.00091722 0.00091734 0.00091729 0.00091737 0.00091737 0.00091745 0.00091742 0.00091755 0.00091762 0.00091779 0.00091789 0.00091808 0.00091823 0.00091842 0.00091851 0.00091858 0.00091875 0.00091876 0.00091879 0.00091902 0.0009191 0.00091912 0.00091918 0.00091918 0.00091917 0.00091911 0.00091909 0.00091907 0.00091909 0.00091889 0.00091901 0.00091899 0.00091908 0.00091905 0.00091907 0.0009191 0.00091909 0.00091896 0.00091906 0.00091896 0.00091895 0.00091885 0.00091837 0.0009186 0.00091849 0.00091682 0.00091762 0.0009174 0.00091712 0.00091665 0.0009164 0.00091677 0.00091737 0.00091739 0.00091765 0.00091797 0.00091528 0.00091805 0.00091869 0.00091878 0.00091871 0.00091901 0.00091911 0.00091915 0.00091895 0.00091917 0.00091918 0.00091918 0.00091913 0.00091917 0.00091917 0.00091918 0.00091917 0.00091918 0.00091917 0.00091918 0.00091917 0.00091918 0.00091918 0.00091918 0.00091917 0.00091917 0.00091915 0.00091911 0.00091913 0.00091905 0.00091902 0.00091895 0.00091848 0.00091877 0.00091868 0.00091839 0.00091858 0.00091846 0.00091871 0.00091881 0.00091877 0.00091896 0.00091898 0.00091892 0.00091909 0.00091907 0.00091898
0.00091917 0.00091909 0.00091908 0.0009185 0.00091912 0.00091914 0.00091915 0.00091913 0.0009191 0.00091907 0.00091901 0.00091881 0.00091878 0.00091852 0.0009184 0.00091829 0.00091797 0.00091774 0.00091696 0.00091599 0.00091406 0.00091579 0.00091533 0.00091486 0.00091447 0.00091426 0.00091354 0.00091369 0.00091363 0.00091298 0.0009128 0.00091222 0.00091198 0.00091145 0.00091085 0.00091034 0.00091008 0.00091045 0.0009103 0.00091005 0.00090981 0.00091046 0.00091055 0.00091135 0.00091252 0.00091323 0.00091427 0.00091478 0.00091619 0.00091707 0.00091805 0.00091851 0.00091888 0.00091911 0.00091918 0.00091915 0.00091907 0.00091893 0.00091871 0.00091864 0.00091841 0.00091813 0.00091787 0.00091766 0.00091766 0.00091761 0.00091737 0.0009174 0.00091743 0.00091744 0.00091733 0.0009174 0.0009173 0.0009173 0.00091726 0.0009172 0.00091725 0.00091735 0.00091737 0.00091731 0.00091735 0.00091737 0.00091752 0.00091763 0.00091771 0.00091818 0.00091807 0.00091816 0.0009182 0.00091829 0.00091835 0.00091853 0.00091873 0.0009188 0.00091873 0.00091908 0.00091911 0.0009191 0.00091913 0.00091917 0.00091917 0.00091918 0.00091916 0.00091916 0.00091916 0.00091914 0.00091914 0.00091914 0.00091913 0.00091911 0.00091915 0.00091913 0.00091916 0.00091913 0.00091911 0.00091907 0.00091905 0.00091892 0.00091904 0.0009189 0.00091872 0.00091864 0.0009186 0.00091827 0.000918 0.00091776 0.00091726 0.00091707 0.00091689 0.00091689 0.00091697 0.00091737 0.00091765 0.00091769 0.00091802 0.00091841 0.00091856 0.00091855 0.0009188 0.00091841 0.00091895 0.00091855 0.00091899 0.00091908 0.00091892 0.0009191 0.00091909 0.0009191 0.00091913 0.00091914 0.00091911 0.00091912 0.00091917 0.00091917 0.00091917 0.00091915 0.00091916 0.00091913 0.00091915 0.00091916 0.00091914 0.00091909 0.00091912 0.00091909 0.00091889 0.00091898 0.00091898 0.000919 0.00091854 0.00091873 0.00091878 0.00091885 0.00091864 0.00091894 0.00091906 0.0009191 0.00091907 0.00091912 0.00091913 0.00091914
0.00091916 0.00091917 0.00091917 0.00091918 0.00091918 0.00091917 0.00091917 0.00091917 0.00091899 0.0009191 0.00091904 0.00091904 0.00091905 0.000919 0.00091915 0.00091867 0.00091857 0.0009184 0.00091792 0.0009182 0.00091798 0.00091748 0.00091733 0.00091715 0.00091691 0.00091676 0.00091591 0.00091626 0.00091607 0.00091587 0.00091545 0.00091503 0.0009149 0.00091454 0.000914 0.00091335 0.00091331 0.00091343 0.00091294 0.00091281 0.00091286 0.00091353 0.00091421 0.00091489 0.00091572 0.00091638 0.00091685 0.0009175 0.0009179 0.00091838 0.00091872 0.00091879 0.00091914 0.00091916 0.00091904 0.00091882 0.00091857 0.00091824 0.00091812 0.00091804 0.00091797 0.00091772 0.00091762 0.00091766 0.00091745 0.0009174 0.00091738 0.00091751 0.00091742 0.00091734 0.0009175 0.00091746 0.00091732 0.00091731 0.00091731 0.00091728 0.00091728 0.00091737 0.00091736 0.00091739 0.00091737 0.00091749 0.00091759 0.00091815 0.00091769 0.0009599 0.00091912 0.00091841 0.00091824 0.00091843 0.00091836 0.00091865 0.00091861 0.00091887 0.00091889 0.00091899 0.00091907 0.0009191 0.0009191 0.00091913 0.00091917 0.00091917 0.00091918 0.00091914 0.00091918 0.00091913 0.00091912 0.00091915 0.00091914 0.00091913 0.00091916 0.00091916 0.00091917 0.00091914 0.00091901 0.00091904 0.00091915 0.00091903 0.00091899 0.00091908 0.00091902 0.00091891 0.00091886 0.00091838 0.00091834 0.00091765 0.00091784 0.00091744 0.00091736 0.00091658 0.00091718 0.00091706 0.00091706 0.00091724 0.0009177 0.00091756 0.00091795 0.00091807 0.00091779 0.00091827 0.00091854 0.00091848 0.00091871 0.00091876 0.00091856 0.00091889 0.00091887 0.00091893 0.00091889 0.00091893 0.00091901 0.00091903 0.00091904 0.00091909 0.00091883 0.00091911 0.00091908 0.00091915 0.00091913 0.00091913 0.00091905 0.00091903 0.00091914 0.00091913 0.00091903 0.00091914 0.00091913 0.0009189 0.00091907 0.00091895 0.0009191 0.00091908 0.00091904 0.00091906 0.00091907 0.00091913 0.00091902 0.00091905 0.00091917 0.00091886
0.00091917 0.00091917 0.00091915 0.00091917 0.00091917 0.00091913 0.00091916 0.00091917 0.00091916 0.00091918 0.00091914 0.00091916 0.00091918 0.00091911 0.00091913 0.00091907 0.00091907 0.00091902 0.00091898 0.00091896 0.00091858 0.00091873 0.00091835 0.00091813 0.00091811 0.00091756 0.00091807 0.00091793 0.00091754 0.00091738 0.00091727 0.00091671 0.00091687 0.00091626 0.0009178 0.00091552 0.0009155 0.00091541 0.00091516 0.00091537 0.00091563 0.00091602 0.00091677 0.000917 0.0009174 0.00091791 0.00091836 0.00091876 0.00091895 0.00091911 0.00091918 0.00091912 0.000919 0.00091875 0.00091845 0.00091815 0.00091782 0.0009176 0.00091741 0.00091726 0.00091722 0.00091724 0.00091735 0.00091741 0.00091741 0.00091741 0.00091747 0.00091741 0.00091733 0.00091739 0.00091735 0.00091735 0.0009174 0.00091732 0.00091732 0.00091739 0.00091743 0.00091761 0.00091736 0.00091744 0.00091749 0.0009176 0.00091789 0.000918 0.00091803 0.00091831 0.00091836 0.00091833 0.00091842 0.00091837 0.00091855 0.00091869 0.00091871 0.00091887 0.00091892 0.00091903 0.00091907 0.0009191 0.00091913 0.00091917 0.00091918 0.00091918 0.00091918 0.00091914 0.00091916 0.00091916 0.00091916 0.00091913 0.00091909 0.00091897 0.00091904 0.00091916 0.00091917 0.00091915 0.00091913 0.00091914 0.00091903 0.00091911 0.00091909 0.00091907 0.00091902 0.00091883 0.00091891 0.0009188 0.00091861 0.00091846 0.00091842 0.00091789 0.00091754 0.00091745 0.0009171 0.00091666 0.00091675 0.00091676 0.0009162 0.00091728 0.00091735 0.00091754 0.00091567 0.00091783 0.00091808 0.00091836 0.00091843 0.00091824 0.00091837 0.00091841 0.00091779 0.00091868 0.00091865 0.00091875 0.00091868 0.00091894 0.00091891 0.00091899 0.00091902 0.00091901 0.00091904 0.00091907 0.00091908 0.00091913 0.00091896 0.000919 0.00091901 0.0009191 0.00091908 0.00091908 0.00091916 0.00091916 0.00091916 0.00091913 0.00091916 0.00091913 0.00091917 0.00091917 0.0009191 0.00091914 0.00091915 0.00091918 0.00091918 0.00091917
0.00091918 0.00091912 0.00091911 0.00091914 0.00091912 0.00091911 0.00091913 0.0009191 0.00091917 0.00091907 0.00091915 0.00091916 0.00091917 0.00091916 0.00091917 0.00091913 0.00091913 0.00091917 0.00091918 0.00091915 0.00091916 0.00091915 0.00091912 0.00091909 0.00091893 0.00091889 0.00091785 0.00091879 0.00091876 0.00091828 0.00091869 0.00091808 0.00091822 0.00091776 0.00091728 0.00091689 0.00091706 0.00091702 0.00091711 0.00091717 0.00091724 0.00091785 0.00091814 0.00091845 0.00091868 0.00091892 0.00091914 0.00091917 0.00091907 0.00091893 0.0009188 0.00091866 0.00091856 0.00091834 0.00091817 0.00091791 0.00091776 0.00091769 0.00091751 0.00091745 0.00091744 0.00091741 0.00091744 0.00091746 0.00091752 0.00091747 0.00091744 0.00091743 0.00091751 0.00091741 0.0009174 0.00091744 0.00091734 0.00091738 0.00091757 0.00091746 0.00091749 0.00091762 0.0009176 0.00091768 0.00091781 0.00091788 0.00091783 0.000918 0.00091825 0.00091822 0.00091849 0.00091857 0.00091862 0.00091871 0.00091871 0.00091882 0.00091895 0.00091896 0.00091897 0.00091914 0.00091911 0.00091912 0.00091915 0.00091916 0.00091917 0.00091917 0.00091918 0.00091916 0.00091917 0.00091918 0.00091917 0.00091916 0.00091915 0.00091917 0.00091896 0.00091902 0.00091913 0.00091912 0.00091915 0.00091912 0.00091907 0.0009191 0.00091908 0.00091895 0.00091884 0.00091892 0.00091886 0.00091885 0.00091854 0.00091847 0.00091844 0.00091834 0.00091818 0.00091799 0.00091775 0.00091729 0.00091723 0.00091685 0.00091644 0.00091601 0.00091646 0.00091714 0.00091752 0.00091737 0.00091754 0.00091754 0.00091775 0.00091774 0.0009178 0.00091784 0.00091801 0.00091821 0.00091822 0.00091815 0.00091845 0.00091827 0.0009185 0.00091873 0.00091888 0.00091896 0.0009189 0.000919 0.00091915 0.0009191 0.00091906 0.00091905 0.00091905 0.00091913 0.00091913 0.00091916 0.00091917 0.00091918 0.00091917 0.00091916 0.00091916 0.00091918 0.00091918 0.00091917 0.00091911 0.00091915 0.00091917 0.00091915 0.00091917 0.00091918
0.00091909 0.00091902 0.00091895 0.00091906 0.0009191 0.00091903 0.00091834 0.00091914 0.00091905 0.00091904 0.00091914 0.00091911 0.00091908 0.00091913 0.00091905 0.00091902 0.00091904 0.00091911 0.00091897 0.00091917 0.00091918 0.00091915 0.00091916 0.00091917 0.00091917 0.00091916 0.0009191 0.000919 0.00091907 0.00091886 0.00091894 0.00091898 0.00091901 0.0009187 0.00091893 0.00091895 0.0009187 0.00091871 0.00091876 0.00091881 0.00091868 0.000919 0.00091907 0.00091912 0.00091917 0.00091918 0.00091914 0.000919 0.00091889 0.0009187 0.00091854 0.00091842 0.00091839 0.00091844 0.00091828 0.00091823 0.00091816 0.00091807 0.00091797 0.00091797 0.00091803 0.0009179 0.00091789 0.00091782 0.00091757 0.00091771 0.00091767 0.00091761 0.00091745 0.00091758 0.00091752 0.00091758 0.0009176 0.00091752 0.00091765 0.00091776 0.00091775 0.00091769 0.00091778 0.00091792 0.00091802 0.00091805 0.00091814 0.00091828 0.00091842 0.00091847 0.00091857 0.0009186 0.00091869 0.00091885 0.00091899 0.00091907 0.00091902 0.00091901 0.0009191 0.00091911 0.00091914 0.00091915 0.00091916 0.00091918 0.00091917 0.00091916 0.00091914 0.00091912 0.00091916 0.00091917 0.00091916 0.00091913 0.00091914 0.00091913 0.00091916 0.00091912 0.0009191 0.0009191 0.00091903 0.00091909 0.000919 0.00091897 0.00091879 0.00091895 0.00091867 0.00091886 0.00091881 0.00091853 0.00091856 0.00091853 0.00091847 0.00091848 0.00091831 0.00091805 0.00091788 0.00091795 0.00091771 0.00091757 0.00091712 0.00091722 0.00091688 0.00091666 0.00091642 0.00091622 0.00091579 0.00091569 0.00091602 0.00091634 0.00091671 0.00091703 0.00091746 0.00091759 0.00091802 0.00091793 0.00091826 0.00091822 0.0009182 0.00091833 0.00091862 0.00091854 0.00091887 0.00091899 0.00091906 0.00091909 0.00091911 0.00091903 0.00091914 0.00091915 0.00091916 0.00091918 0.00091918 0.00091918 0.00091914 0.00091917 0.00091918 0.00091918 0.00091917 0.00091917 0.00091916 0.00091914 0.00091906 0.00091916 0.00091911 0.00091913
0.00091895 0.00091885 0.00091884 0.00091892 0.000919 0.0009188 0.00091876 0.00091884 0.00091885 0.00091876 0.00091865 0.00091882 0.00091878 0.00091895 0.00091859 0.00091886 0.0009189 0.00091894 0.00091902 0.00091903 0.00091898 0.00091917 0.00091917 0.00091913 0.00091917 0.00091912 0.00091917 0.0009188 0.00091906 0.00091914 0.00091909 0.00091917 0.00091918 0.00091917 0.00091911 0.00091916 0.00091911 0.00091914 0.00091916 0.00091918 0.00091917 0.00091915 0.00091912 0.0009191 0.00091901 0.00091895 0.0009189 0.00091883 0.00091875 0.00091865 0.00091849 0.00091823 0.00091832 0.00091831 0.00091831 0.00091834 0.00091842 0.00091843 0.00091853 0.00091842 0.00091834 0.00091826 0.00091818 0.0009182 0.00091811 0.00091797 0.0009179 0.00091798 0.00091799 0.00091792 0.00091776 0.00091766 0.00091769 0.00091788 0.00091777 0.00091775 0.00091773 0.0009179 0.00091804 0.00091824 0.00091822 0.00091833 0.00091844 0.00091853 0.00091849 0.00091854 0.00091864 0.00091873 0.00091884 0.00091884 0.00091895 0.00091913 0.00091912 0.00091912 0.00091913 0.00091918 0.00091918 0.00091918 0.00091918 0.00091918 0.00091917 0.00091917 0.00091916 0.00091904 0.00091913 0.00091914 0.00091908 0.00091905 0.00091904 0.00091896 0.00091905 0.00091906 0.0009191 0.00091909 0.00091903 0.00091909 0.0009191 0.00091901 0.00091884 0.0009187 0.00091881 0.00091894 0.00091888 0.00091865 0.0009186 0.00091851 0.00091837 0.0009185 0.00091816 0.00091813 0.00091797 0.00091781 0.00091791 0.00091764 0.00091776 0.00091756 0.00091736 0.0009171 0.000917 0.00091708 0.00091724 0.00091737 0.00091749 0.00091752 0.00091764 0.00091776 0.00091785 0.00091792 0.00091811 0.00091821 0.0009181 0.00091837 0.00091836 0.00091851 0.00091851 0.00091851 0.00091883 0.00091894 0.00091899 0.00091895 0.00091911 0.00091911 0.00091906 0.00091915 0.00091918 0.00091918 0.00091917 0.00091918 0.00091915 0.00091913 0.0009189 0.00091758 0.00091913 0.00091436 0.00091915 0.0009191 0.00091896 0.000919 0.00091914 0.00091905
0.00091895 0.00091878 0.00091888 0.0009188 0.00091879 0.00091859 0.00091885 0.0009187 0.00091866 0.00091868 0.00091858 0.00091874 0.00091871 0.00091853 0.00091871 0.0009186 0.00091862 0.00091893 0.00091879 0.00091872 0.00091882 0.00091864 0.00091856 0.0009184 0.00091871 0.00091898 0.00091894 0.00091893 0.00091916 0.00091911 0.00091908 0.00091913 0.000919 0.00091894 0.00091884 0.00091906 0.00091911 0.00091909 0.00091916 0.00091906 0.00091908 0.00091903 0.00091891 0.00091893 0.00091893 0.00091901 0.00091889 0.00091881 0.00091875 0.00091857 0.00091847 0.00091844 0.00091844 0.00091841 0.0009184 0.00091815 0.00091844 0.00091847 0.00091841 0.00091837 0.00091822 0.00091813 0.00091805 0.00091805 0.00091805 0.00091811 0.00091818 0.00091814 0.00091805 0.00091823 0.000918 0.00091799 0.00091799 0.00091799 0.00091805 0.00091798 0.00091811 0.00091813 0.00091834 0.00091829 0.00091845 0.00091847 0.00091861 0.00091834 0.00091869 0.00091881 0.0009189 0.00091897 0.00091899 0.00091899 0.00091907 0.00091909 0.00091912 0.00091916 0.00091916 0.00091917 0.00091913 0.00091918 0.00091916 0.00091915 0.00091914 0.00091913 0.00091912 0.00091908 0.00091909 0.00091911 0.00091911 0.00091907 0.00091899 0.00091908 0.00091903 0.00091898 0.00091905 0.00091904 0.00091903 0.00091899 0.00091895 0.00091899 0.00091883 0.00091884 0.00091881 0.00091877 0.00091859 0.00091885 0.00091885 0.00091876 0.00091849 0.00091843 0.00091843 0.00091814 0.00091841 0.0009183 0.00091833 0.0009182 0.00091787 0.00091799 0.00091784 0.00091784 0.00091777 0.00091777 0.00091768 0.00091797 0.00091801 0.00091745 0.0009178 0.000918 0.00091818 0.00091824 0.00091806 0.00091809 0.00091823 0.00091841 0.00091849 0.00091855 0.00091865 0.00091866 0.00091874 0.00091892 0.00091899 0.00091906 0.00091906 0.00091913 0.00091914 0.00091917 0.00091918 0.00091918 0.00091918 0.00091918 0.00091917 0.00091914 0.00091914 0.0009191 0.00091914 0.0009189 0.00091887 0.00091883 0.00091882 0.00091883 0.0009189 0.000919
0.00091861 0.00091883 0.00091912 0.00091917 0.00091909 0.0009187 0.00091887 0.00091918 0.00091918 0.00091879 0.00091861 0.00091861 0.00091855 0.00091863 0.00091865 0.00091893 0.00091917 0.00091916 0.00091918 0.00091895 0.00091915 0.00091906 0.00091838 0.00091781 0.00091866 0.00091894 0.00091896 0.00091876 0.00091887 0.00091889 0.0009189 0.0009189 0.00091882 0.00091895 0.00091918 0.00091898 0.00091908 0.00091899 0.00091903 0.00091907 0.00091887 0.00091891 0.00091902 0.00091901 0.00091891 0.00091879 0.00091874 0.00091867 0.0009186 0.00091856 0.00091852 0.00091845 0.0009187 0.00091833 0.00091828 0.00091819 0.00091814 0.00091815 0.00091815 0.00091814 0.00091808 0.00091914 0.00091912 0.00091857 0.00091832 0.00091837 0.00091838 0.00091833 0.00091847 0.00091848 0.00091836 0.00091832 0.00091833 0.00091831 0.00091841 0.00091839 0.00091845 0.00091843 0.00091836 0.00091842 0.00091852 0.00091871 0.00091874 0.00091879 0.00091881 0.0009189 0.00091906 0.00091908 0.000919 0.00091905 0.00091904 0.00091909 0.00091915 0.00091918 0.00091918 0.00091917 0.00091917 0.00091918 0.00091918 0.00091917 0.00091916 0.00091916 0.00091913 0.00091917 0.00091912 0.00091911 0.00091911 0.00091909 0.00091908 0.00091907 0.00091907 0.00091904 0.00091899 0.00091888 0.00091889 0.00091887 0.00091896 0.00091881 0.00091883 0.00091861 0.00091872 0.00091879 0.00091882 0.00091884 0.00091882 0.00091885 0.00091878 0.00091873 0.00091864 0.00091849 0.0009186 0.00091844 0.00091832 0.00091807 0.00091659 0.00091781 0.00091821 0.00091825 0.00091835 0.00091827 0.0009181 0.00091814 0.00091814 0.00091812 0.00091817 0.00091808 0.0009183 0.00091815 0.00091826 0.00091808 0.00091834 0.00091851 0.00091848 0.00091861 0.00091873 0.00091879 0.00091886 0.0009189 0.00091883 0.00091897 0.00091901 0.00091909 0.00091916 0.00091917 0.00091918 0.00091918 0.00091918 0.00091915 0.00091914 0.00091916 0.00091911 0.00091915 0.00091912 0.00091906 0.00091908 0.00091883 0.00091866 0.0009187 0.00091883 0.00091871
0.00091904 0.00091914 0.00091914 0.00091906 0.00091904 0.00091908 0.00091912 0.00091912 0.00091909 0.00091911 0.0009191 0.00091918 0.00091901 0.00091906 0.00091903 0.00091892 0.00091892 0.00091887 0.00091886 0.00091894 0.00091897 0.00091881 0.00091884 0.00091879 0.00091871 0.00091864 0.00091878 0.00091908 0.000919 0.00091911 0.00091906 0.00091901 0.00091897 0.00091896 0.00091901 0.00091893 0.00091899 0.00091885 0.00091888 0.00091889 0.00091887 0.00091883 0.00091883 0.0009189 0.00091898 0.00091895 0.0009189 0.00091884 0.0009188 0.00091867 0.00091854 0.00091862 0.00091855 0.00091848 0.0009184 0.00091838 0.00091846 0.00091836 0.00091822 0.00091824 0.00091815 0.0009181 0.00091813 0.0009181 0.0009182 0.0009182 0.00091807 0.00091817 0.00091836 0.00091847 0.00091858 0.00091864 0.00091877 0.00091873 0.00091871 0.00091895 0.00091901 0.00091896 0.00091881 0.00091879 0.00091895 0.00091888 0.00091907 0.00091898 0.00091918 0.00091894 0.0009169 0.00091799 0.00091917 0.00091324 0.00091708 0.00091898 0.0009181 0.00091567 0.00091867 0.00091418 0.00091546 0.00091885 0.000918 0.00091583 0.00091669 0.0009173 0.00091797 0.00091903 0.00091908 0.00091898 0.00091905 0.00091906 0.00091908 0.00091905 0.00091904 0.00091903 0.00091901 0.00091899 0.00091891 0.00091894 0.00091891 0.0009189 0.00091886 0.00091831 0.00091918 0.00091824 0.00091877 0.00091871 0.00091865 0.00091874 0.00091867 0.0009186 0.00091863 0.00091865 0.00091866 0.00091868 0.00091862 0.00091865 0.00091863 0.00091864 0.00091869 0.00091869 0.00091856 0.00091862 0.00091854 0.00091842 0.0009182 0.00091828 0.00091831 0.000918 0.00091761 0.00091769 0.00091794 0.00091817 0.0009183 0.00091817 0.00091849 0.00091864 0.00091865 0.00091884 0.00091878 0.00091891 0.00091889 0.00091891 0.00091898 0.00091908 0.00091911 0.00091916 0.00091917 0.00091918 0.00091917 0.00091917 0.00091918 0.00091914 0.00091915 0.00091913 0.00091912 0.00091908 0.00091907 0.00091911 0.00091912 0.00091898 0.00091898 0.00091901
0.00091781 0.00091789 0.00091801 0.00091824 0.00091802 0.00091804 0.00091815 0.0009181 0.00091814 0.00091823 0.00091833 0.0009184 0.00091848 0.00091856 0.00091866 0.00091872 0.00091874 0.00091881 0.0009188 0.00091886 0.00091888 0.00091893 0.00091897 0.00091903 0.00091908 0.00091913 0.00091917 0.00091917 0.00091917 0.00091914 0.00091907 0.00091914 0.00091913 0.00091897 0.00091909 0.00091909 0.00091879 0.00091915 0.00091764 0.00091821 0.00091883 0.00091902 0.00091909 0.00091909 0.00091907 0.00091899 0.00091889 0.00091895 0.00091913 0.00091915 0.00091869 0.00091857 0.00091789 0.00091862 0.00091917 0.0009189 0.0009187 0.00091865 0.00091867 0.00091892 0.00091898 0.00091914 0.0009191 0.0009191 0.00091903 0.00091895 0.00091882 0.00091917 0.00091916 0.00091877 0.0009188 0.00091882 0.00091688 0.00091813 0.00091713 0.00091486 0.00091264 0.00091473 0.00091196 0.00090881 0.00090793 0.00090175 0.00090293 0.00089861 0.00089851 0.00090026 0.00089333 0.00089245 0.0008931 0.00088947 0.00089222 0.0008961 0.00088615 0.00088615 0.00089593 0.00088901 0.00088977 0.00088217 0.00088218 0.0008839 0.00089603 0.00089934 0.00089862 0.00089874 0.00089875 0.00090089 0.00089171 0.00091018 0.00091204 0.00091794 0.00091771 0.00091271 0.00091541 0.00091868 0.00091741 0.00091786 0.00091618 0.00091707 0.0009183 0.00091468 0.0009151 0.00091426 0.00091514 0.00091548 0.00091729 0.00091866 0.00091628 0.00091689 0.0009169 0.00091681 0.00091727 0.00091712 0.00091714 0.00091731 0.00091743 0.00091755 0.00091797 0.00091836 0.00091865 0.00091866 0.00091867 0.00091867 0.00091868 0.00091859 0.00091866 0.0009185 0.00091853 0.00091861 0.00091865 0.0009188 0.0009188 0.00091887 0.00091889 0.00091893 0.00091892 0.00091889 0.0009189 0.00091897 0.00091899 0.00091892 0.00091894 0.00091898 0.00091902 0.00091903 0.00091903 0.00091902 0.00091898 0.00091894 0.00091891 0.00091875 0.00091852 0.00091857 0.00091854 0.00091851 0.00091847 0.00091829 0.0009181 0.00091789 0.00091788 0.00091783
0.00091532 0.00091534 0.00091538 0.00091536 0.00091538 0.0009153 0.00091541 0.00091552 0.00091561 0.00091577 0.00091598 0.00091623 0.00091632 0.00091652 0.00091665 0.00091694 0.00091719 0.00091723 0.00091764 0.00091764 0.00091783 0.00091788 0.00091788 0.00091786 0.00091782 0.00091754 0.0009182 0.00091806 0.0009178 0.00091335 0.00091156 0.00090867 0.00091267 0.00091394 0.00090864 0.00091163 0.0009078 0.0009084 0.00090839 0.00090645 0.00090371 0.00090638 0.00090138 0.00089795 0.0008983 0.00090299 0.00090233 0.00090099 0.00090303 0.00090495 0.00090805 0.00091058 0.00091365 0.00091458 0.00090945 0.00091112 0.00090785 0.00090506 0.00090462 0.0009075 0.00090517 0.00091513 0.00091448 0.00091886 0.0009191 0.00091918 0.00091912 0.00091903 0.00091905 0.00091916 0.00091881 0.00091762 0.00091574 0.00091376 0.00091255 0.00090969 0.00090771 0.0009053 0.00090333 0.00090199 0.00090065 0.00089861 0.00089713 0.0008958 0.00089353 0.00089133 0.00089004 0.00088821 0.00088707 0.00088704 0.00088697 0.00088648 0.00088607 0.00088505 0.00088357 0.00088233 0.00088097 0.00087982 0.00087913 0.00087826 0.00087752 0.00087597 0.00087481 0.00087365 0.00087266 0.0008718 0.00087144 0.00087078 0.00087165 0.00087714 0.00088398 0.00089146 0.00089031 0.00089282 0.00088697 0.00089208 0.00089846 0.00090021 0.00089714 0.00089357 0.00089127 0.00089252 0.00090057 0.00089533 0.0008977 0.00089337 0.00089678 0.00089814 0.0008954 0.00089733 0.00089219 0.00089355 0.00089763 0.00090278 0.00090067 0.00089961 0.00090107 0.0008967 0.00089934 0.00089998 0.0009037 0.00090966 0.00091088 0.00091266 0.00091676 0.0009165 0.00091809 0.00091869 0.00091877 0.00091868 0.0009186 0.00091855 0.00091855 0.00091857 0.00091871 0.00091877 0.00091872 0.00091869 0.0009185 0.0009184 0.00091832 0.00091828 0.00091818 0.00091805 0.00091792 0.00091778 0.00091759 0.00091741 0.0009173 0.00091719 0.00091698 0.00091692 0.00091668 0.00091653 0.00091644 0.00091626 0.00091592 0.00091565 0.00091546 0.00091539
0.00091698 0.00091607 0.00091689 0.00091768 0.00091802 0.00091876 0.00090695 0.00090445 0.00090875 0.00091156 0.00090179 0.00090869 0.0009048 0.00090291 0.00090432 0.00090879 0.00089263 0.00088537 0.00088394 0.00088452 0.00088463 0.0008934 0.00090611 0.00089945 0.00089899 0.00090271 0.00091004 0.00090467 0.00090302 0.00090835 0.00090602 0.00087806 0.00088114 0.00089285 0.00088176 0.00087748 0.00087696 0.00087656 0.00087751 0.00087922 0.00087845 0.0008837 0.00088037 0.00087689 0.00087864 0.00087554 0.00087262 0.00087321 0.00087318 0.00087924 0.00087947 0.00087792 0.00088091 0.00088963 0.00088867 0.00088425 0.00088499 0.00088631 0.00088862 0.00089087 0.00089194 0.00088972 0.00089445 0.00089118 0.00088971 0.00088964 0.00089813 0.00089839 0.00090657 0.0009099 0.00091185 0.00091532 0.00091317 0.00091288 0.00091233 0.00091374 0.0009153 0.00091667 0.00091713 0.00091729 0.00091773 0.00091794 0.00091569 0.00091168 0.00090433 0.00090307 0.00090458 0.00090621 0.00090825 0.00091197 0.00091607 0.00091571 0.0008944 0.00088726 0.00088659 0.00088935 0.00088708 0.000885 0.00088045 0.00087768 0.00087638 0.00087974 0.00087556 0.00087344 0.00087211 0.00087093 0.0008697 0.00086886 0.00086829 0.00086724 0.00086669 0.0008668 0.00086722 0.00086765 0.00086816 0.00086904 0.0008699 0.0008706 0.00087094 0.00087053 0.00087147 0.00087276 0.00087319 0.00087226 0.00087189 0.00087188 0.00087168 0.00087183 0.00087225 0.00087153 0.00087186 0.00087158 0.00087128 0.00087198 0.0008734 0.00087337 0.00087686 0.0008765 0.00087576 0.00088322 0.0008746 0.00087474 0.00087464 0.00088821 0.00088958 0.00089114 0.00089517 0.00090378 0.00089554 0.00088862 0.00089349 0.00088831 0.00089892 0.00090107 0.00090598 0.00091 0.00090124 0.00090607 0.00090911 0.00091066 0.00091001 0.00090506 0.00090771 0.00091381 0.00091194 0.00091251 0.00091497 0.00091772 0.00091644 0.00091807 0.00091674 0.00091519 0.00091382 0.00091197 0.00091397 0.00091595 0.00091687 0.00091435 0.00091458 0.00091511
0.00085997 0.0008653 0.00086297 0.00086428 0.00086748 0.00086445 0.00086491 0.00086361 0.00085664 0.00085482 0.00085505 0.00085556 0.00085793 0.00085939 0.00085683 0.00085332 0.00085292 0.00085348 0.0008526 0.00085242 0.00085345 0.00085743 0.00085733 0.00084804 0.00084851 0.00084827 0.00085055 0.00085154 0.00085299 0.00085346 0.00085439 0.00085045 0.00084708 0.00084947 0.00084727 0.00084299 0.00084055 0.00084035 0.00083986 0.0008402 0.00084314 0.00084207 0.00084603 0.00084488 0.00084259 0.00083797 0.00083724 0.00083631 0.00083801 0.00083995 0.0008398 0.00083973 0.00084068 0.00084158 0.00084558 0.00085064 0.00085114 0.00085362 0.00085532 0.00085532 0.00085282 0.00085078 0.00085024 0.00084936 0.00084873 0.00084849 0.00084776 0.00084863 0.00084968 0.00085148 0.00086058 0.0008733 0.00087536 0.00087178 0.00087102 0.00086803 0.00087235 0.00086871 0.00086749 0.00087091 0.00086592 0.00086331 0.00086231 0.00086217 0.00086475 0.00086182 0.000864 0.00086953 0.00086483 0.00086836 0.00086116 0.00085846 0.00086056 0.00085712 0.00085371 0.00085321 0.00085485 0.00085432 0.0008568 0.0008559 0.00085331 0.0008496 0.00084998 0.00085309 0.00085335 0.00084825 0.00084731 0.00084612 0.00084468 0.0008439 0.00084343 0.00084521 0.00084337 0.00084385 0.00084442 0.00084542 0.00084597 0.0008476 0.00084626 0.00085312 0.00084433 0.00084549 0.00084707 0.0008491 0.00085444 0.00085737 0.00084969 0.00084915 0.00085216 0.00085218 0.00085547 0.00085103 0.00084485 0.00084498 0.00084498 0.00084467 0.00084479 0.00084672 0.00085059 0.00085112 0.00085135 0.00085217 0.00085313 0.00085171 0.00085424 0.00085422 0.00085484 0.0008527 0.00084969 0.00084606 0.00084928 0.0008462 0.00085108 0.00084899 0.00084409 0.00084448 0.00084584 0.00085829 0.00085328 0.00085725 0.00085228 0.00086197 0.00086195 0.00086651 0.0008661 0.00086727 0.00086385 0.00086191 0.00086306 0.00086374 0.00086242 0.00086612 0.00086867 0.00086805 0.00086864 0.00086958 0.0008659 0.00086784 0.00087118 0.00086503
0.00082992 0.00082925 0.00082987 0.0008314 0.00083152 0.00082656 0.00082626 0.00082413 0.00082373 0.00082396 0.00082403 0.0008233 0.00082334 0.00082318 0.00082311 0.0008228 0.0008225 0.00082203 0.00082227 0.00082211 0.00082166 0.00082199 0.00082293 0.00082225 0.0008221 0.00082253 0.00082167 0.00082033 0.00081957 0.00081861 0.00081805 0.00081745 0.00081716 0.00081666 0.00081631 0.000816 0.00081577 0.00081546 0.00081535 0.00081504 0.00081509 0.00081504 0.00081467 0.00081466 0.0008146 0.00081459 0.00081452 0.00081449 0.00081461 0.00081485 0.00081538 0.00081581 0.00081654 0.00081736 0.00081815 0.00081936 0.00082001 0.00082051 0.0008213 0.00082125 0.00082091 0.00082179 0.00082201 0.00082238 0.00082281 0.00082351 0.00082399 0.00082432 0.0008242 0.00082457 0.00082487 0.000825 0.00082569 0.00082637 0.00082693 0.00082744 0.00082805 0.00082839 0.00082955 0.00083016 0.00082962 0.00082934 0.0008294 0.00083014 0.00082934 0.00083046 0.00083052 0.00082993 0.00083014 0.0008301 0.00083003 0.00083119 0.00083264 0.00083208 0.00083083 0.00082945 0.00082875 0.00082985 0.00083313 0.00083393 0.00083214 0.00082935 0.00082923 0.00082869 0.00082809 0.0008275 0.00082709 0.00082637 0.0008258 0.00082516 0.00082519 0.00082476 0.00082437 0.00082397 0.00082369 0.00082326 0.00082311 0.00082286 0.00082246 0.00082241 0.00082247 0.0008225 0.00082232 0.00082261 0.00082306 0.00082268 0.00082247 0.000822 0.00082136 0.00082109 0.00082094 0.00082075 0.00082045 0.00082023 0.00081954 0.00081898 0.00081833 0.00081757 0.00081709 0.00081673 0.00081652 0.00081626 0.00081617 0.00081624 0.00081628 0.00081597 0.00081622 0.00081659 0.00081662 0.00081695 0.00081744 0.00081803 0.00081851 0.00081917 0.00082018 0.00082083 0.0008217 0.00082267 0.00082184 0.00082086 0.00082092 0.00082119 0.00082164 0.00082167 0.00082118 0.00082165 0.00082183 0.00082199 0.00082259 0.00082284 0.00082391 0.0008244 0.00082488 0.0008255 0.00082607 0.00082665 0.00082746 0.00082797 0.00082821 0.00082904
