2.7119e-05 2.7134e-05 2.715e-05 2.7155e-05 2.7155e-05 2.7152e-05 2.715e-05 2.7155e-05 2.7166e-05 2.7178e-05 2.7225e-05 2.7242e-05 2.7233e-05 2.7251e-05 2.7314e-05 2.7347e-05 2.7361e-05 2.7383e-05 2.7389e-05 2.7353e-05 2.7333e-05 2.738e-05 2.7386e-05 2.7372e-05 2.7354e-05 2.7347e-05 2.7327e-05 2.7332e-05 2.736e-05 2.7349e-05 2.7378e-05 2.7414e-05 2.7396e-05 2.7373e-05 2.7406e-05 2.7382e-05 2.7354e-05 2.7334e-05 2.7307e-05 2.7287e-05 2.7272e-05 2.7249e-05 2.723e-05 2.7223e-05 2.7217e-05 2.7217e-05 2.7215e-05 2.7218e-05 2.7215e-05 2.721e-05 2.7203e-05 2.7201e-05 2.7192e-05 2.7189e-05 2.7189e-05 2.7188e-05 2.7166e-05 2.7158e-05 2.7151e-05 2.7152e-05 2.7147e-05 2.7141e-05 2.7141e-05 2.713e-05 2.7135e-05 2.7145e-05 2.7148e-05 2.711e-05 2.7095e-05 2.7099e-05 2.7082e-05 2.7079e-05 2.7079e-05 2.708e-05 2.7068e-05 2.706e-05 2.7057e-05 2.7054e-05 2.7049e-05 2.7051e-05 2.7047e-05 2.7053e-05 2.7054e-05 2.705e-05 2.7055e-05 2.7058e-05 2.7057e-05 2.7054e-05 2.7053e-05 2.7055e-05 2.7059e-05 2.7068e-05 2.7071e-05 2.7073e-05 2.7074e-05 2.7077e-05 2.7074e-05 2.7078e-05 2.7081e-05 2.708e-05 2.7074e-05 2.7073e-05 2.707e-05 2.7069e-05 2.7073e-05 2.7075e-05 2.7077e-05 2.708e-05 2.7082e-05 2.7083e-05 2.7086e-05 2.7081e-05 2.7072e-05 2.7079e-05 2.7093e-05 2.7102e-05 2.7099e-05 2.7098e-05 2.7101e-05 2.7107e-05 2.7112e-05 2.7115e-05 2.7118e-05 2.7126e-05 2.7136e-05 2.7145e-05 2.7146e-05 2.7154e-05 2.7162e-05 2.7166e-05 2.7171e-05 2.7174e-05 2.7177e-05 2.7181e-05 2.7184e-05 2.7191e-05 2.7193e-05 2.7192e-05 2.7192e-05 2.7194e-05 2.718e-05 2.7182e-05 2.7176e-05 2.7165e-05 2.7171e-05 2.717e-05 2.7167e-05 2.7158e-05 2.7148e-05 2.7139e-05 2.7138e-05 2.7133e-05 2.7133e-05 2.712e-05 2.7113e-05 2.7109e-05 2.7105e-05 2.71e-05 2.7098e-05 2.7101e-05 2.7099e-05 2.7097e-05 2.7094e-05 2.7088e-05 2.7087e-05 2.7084e-05 2.7087e-05 2.709e-05 2.7092e-05 2.7095e-05 2.7099e-05 2.7104e-05 2.7105e-05 2.7108e-05 2.7108e-05 2.7113e-05 2.7115e-05 2.7116e-05 2.7116e-05 2.712e-05
2.7695e-05 2.7722e-05 2.7734e-05 2.7774e-05 2.7765e-05 2.7783e-05 2.7753e-05 2.7749e-05 2.7741e-05 2.7714e-05 2.7712e-05 2.7709e-05 2.7678e-05 2.7642e-05 2.7625e-05 2.7621e-05 2.7627e-05 2.763e-05 2.7628e-05 2.7615e-05 2.7614e-05 2.7628e-05 2.7669e-05 2.7681e-05 2.7673e-05 2.7656e-05 2.7657e-05 2.7625e-05 2.7649e-05 2.76e-05 2.7674e-05 2.7681e-05 2.7632e-05 2.7627e-05 2.7625e-05 2.7626e-05 2.7617e-05 2.7605e-05 2.7612e-05 2.7607e-05 2.7592e-05 2.7606e-05 2.7595e-05 2.7587e-05 2.7577e-05 2.7571e-05 2.7569e-05 2.755e-05 2.7536e-05 2.7519e-05 2.7476e-05 2.7523e-05 2.7465e-05 2.7384e-05 2.7392e-05 2.7374e-05 2.7338e-05 2.73e-05 2.7281e-05 2.7273e-05 2.7324e-05 2.7176e-05 2.7199e-05 2.7123e-05 2.7102e-05 2.7096e-05 2.7079e-05 2.7068e-05 2.706e-05 2.7053e-05 2.7037e-05 2.7027e-05 2.7045e-05 2.704e-05 2.6962e-05 2.6947e-05 2.6926e-05 2.6899e-05 2.689e-05 2.6937e-05 2.6852e-05 2.6799e-05 2.6796e-05 2.6769e-05 2.6762e-05 2.6763e-05 2.6771e-05 2.6779e-05 2.6788e-05 2.6796e-05 2.6806e-05 2.6808e-05 2.6813e-05 2.6812e-05 2.6814e-05 2.6931e-05 2.6902e-05 2.6955e-05 2.6915e-05 2.6975e-05 2.6974e-05 2.6975e-05 2.7001e-05 2.7004e-05 2.7016e-05 2.7042e-05 2.706e-05 2.7107e-05 2.7134e-05 2.715e-05 2.7106e-05 2.7103e-05 2.7114e-05 2.7121e-05 2.7128e-05 2.7126e-05 2.7142e-05 2.7153e-05 2.7174e-05 2.7175e-05 2.7196e-05 2.7213e-05 2.7216e-05 2.7232e-05 2.7254e-05 2.725e-05 2.7253e-05 2.7275e-05 2.7298e-05 2.7292e-05 2.7313e-05 2.7316e-05 2.7321e-05 2.734e-05 2.738e-05 2.742e-05 2.7448e-05 2.7493e-05 2.7471e-05 2.7416e-05 2.7372e-05 2.736e-05 2.7351e-05 2.7343e-05 2.7329e-05 2.7332e-05 2.7315e-05 2.7237e-05 2.7227e-05 2.7222e-05 2.7222e-05 2.7227e-05 2.7239e-05 2.7238e-05 2.7235e-05 2.7238e-05 2.7257e-05 2.729e-05 2.7317e-05 2.7314e-05 2.7338e-05 2.7358e-05 2.7385e-05 2.7396e-05 2.7432e-05 2.746e-05 2.7492e-05 2.7508e-05 2.7554e-05 2.7568e-05 2.7624e-05 2.7625e-05 2.7631e-05 2.7628e-05 2.7654e-05 2.7617e-05 2.7534e-05 2.7573e-05 2.769e-05 2.7756e-05
2.7509e-05 2.7514e-05 2.7522e-05 2.7525e-05 2.7528e-05 2.7527e-05 2.7533e-05 2.7546e-05 2.7547e-05 2.7545e-05 2.7545e-05 2.7546e-05 2.7552e-05 2.7575e-05 2.7555e-05 2.7534e-05 2.7537e-05 2.7572e-05 2.7569e-05 2.757e-05 2.7571e-05 2.7575e-05 2.7584e-05 2.7587e-05 2.7582e-05 2.7583e-05 2.7595e-05 2.7627e-05 2.7646e-05 2.769e-05 2.7794e-05 2.7803e-05 2.7796e-05 2.7796e-05 2.7809e-05 2.7761e-05 2.7825e-05 2.7791e-05 2.7773e-05 2.7754e-05 2.7823e-05 2.7907e-05 2.7891e-05 2.7897e-05 2.7831e-05 2.7819e-05 2.7787e-05 2.7755e-05 2.7728e-05 2.7699e-05 2.7708e-05 2.7671e-05 2.7665e-05 2.7655e-05 2.7732e-05 2.7757e-05 2.7671e-05 2.7616e-05 2.7631e-05 2.7744e-05 2.7691e-05 2.7416e-05 2.7378e-05 2.7392e-05 2.7431e-05 2.7458e-05 2.741e-05 2.7436e-05 2.7429e-05 2.7305e-05 2.7348e-05 2.7314e-05 2.7225e-05 2.72e-05 2.7215e-05 2.7139e-05 2.7234e-05 2.7313e-05 2.7398e-05 2.7295e-05 2.7247e-05 2.7225e-05 2.7246e-05 2.7251e-05 2.7285e-05 2.7242e-05 2.7222e-05 2.718e-05 2.7176e-05 2.721e-05 2.717e-05 2.7174e-05 2.7205e-05 2.7195e-05 2.7194e-05 2.7198e-05 2.7204e-05 2.7218e-05 2.7229e-05 2.726e-05 2.725e-05 2.7286e-05 2.7375e-05 2.7464e-05 2.744e-05 2.7426e-05 2.7418e-05 2.7423e-05 2.7411e-05 2.743e-05 2.7459e-05 2.7476e-05 2.749e-05 2.7512e-05 2.7443e-05 2.7462e-05 2.7497e-05 2.7505e-05 2.7482e-05 2.7456e-05 2.7452e-05 2.7463e-05 2.7475e-05 2.7504e-05 2.7537e-05 2.7563e-05 2.7564e-05 2.7543e-05 2.7544e-05 2.7527e-05 2.7512e-05 2.7502e-05 2.749e-05 2.7493e-05 2.7502e-05 2.7533e-05 2.7703e-05 2.8042e-05 2.8154e-05 2.8082e-05 2.7894e-05 2.7808e-05 2.7774e-05 2.7785e-05 2.7646e-05 2.7575e-05 2.7544e-05 2.7508e-05 2.7525e-05 2.7545e-05 2.7509e-05 2.7518e-05 2.7534e-05 2.7579e-05 2.763e-05 2.7647e-05 2.7655e-05 2.7662e-05 2.765e-05 2.765e-05 2.7646e-05 2.7597e-05 2.7553e-05 2.7531e-05 2.7521e-05 2.7551e-05 2.7573e-05 2.7598e-05 2.7639e-05 2.7696e-05 2.762e-05 2.7638e-05 2.7626e-05 2.7611e-05 2.7589e-05 2.7574e-05 2.7561e-05 2.7557e-05 2.7522e-05 2.7508e-05
2.7543e-05 2.755e-05 2.7556e-05 2.7562e-05 2.7564e-05 2.7565e-05 2.757e-05 2.7575e-05 2.7582e-05 2.7588e-05 2.7595e-05 2.7603e-05 2.7613e-05 2.7619e-05 2.7616e-05 2.7618e-05 2.7624e-05 2.7635e-05 2.7646e-05 2.7654e-05 2.7662e-05 2.7673e-05 2.7683e-05 2.7696e-05 2.771e-05 2.7728e-05 2.7742e-05 2.776e-05 2.7793e-05 2.7831e-05 2.7809e-05 2.7761e-05 2.7753e-05 2.7735e-05 2.7768e-05 2.7803e-05 2.7799e-05 2.7786e-05 2.7805e-05 2.7823e-05 2.7747e-05 2.7748e-05 2.7754e-05 2.7757e-05 2.7764e-05 2.7773e-05 2.7764e-05 2.792e-05 2.7952e-05 2.7973e-05 2.7944e-05 2.7948e-05 2.7924e-05 2.7924e-05 2.7931e-05 2.7918e-05 2.7901e-05 2.7988e-05 2.8013e-05 2.8013e-05 2.7869e-05 2.7972e-05 2.7943e-05 2.7907e-05 2.801e-05 2.7919e-05 2.7924e-05 2.7915e-05 2.8038e-05 2.7932e-05 2.8023e-05 2.8096e-05 2.8149e-05 2.8152e-05 2.8103e-05 2.8055e-05 2.8066e-05 2.8061e-05 2.8059e-05 2.8091e-05 2.8083e-05 2.8071e-05 2.8023e-05 2.8034e-05 2.8041e-05 2.8015e-05 2.7995e-05 2.7988e-05 2.8005e-05 2.8e-05 2.7914e-05 2.7909e-05 2.794e-05 2.8058e-05 2.7916e-05 2.789e-05 2.7859e-05 2.7844e-05 2.7852e-05 2.781e-05 2.7875e-05 2.7713e-05 2.7763e-05 2.7681e-05 2.7806e-05 2.7881e-05 2.7899e-05 2.7824e-05 2.7789e-05 2.7798e-05 2.7813e-05 2.7855e-05 2.7931e-05 2.7957e-05 2.7984e-05 2.798e-05 2.7849e-05 2.7855e-05 2.7834e-05 2.783e-05 2.7808e-05 2.7808e-05 2.7708e-05 2.7683e-05 2.7703e-05 2.7722e-05 2.7721e-05 2.7678e-05 2.7675e-05 2.7721e-05 2.7699e-05 2.7702e-05 2.7754e-05 2.7759e-05 2.7821e-05 2.7997e-05 2.8224e-05 2.82e-05 2.8208e-05 2.8201e-05 2.8206e-05 2.786e-05 2.7826e-05 2.7843e-05 2.7832e-05 2.7873e-05 2.7861e-05 2.7837e-05 2.7829e-05 2.7828e-05 2.781e-05 2.7774e-05 2.7741e-05 2.7725e-05 2.771e-05 2.7665e-05 2.7646e-05 2.766e-05 2.7753e-05 2.7863e-05 2.8009e-05 2.8093e-05 2.798e-05 2.7811e-05 2.7574e-05 2.7575e-05 2.7483e-05 2.7461e-05 2.7454e-05 2.745e-05 2.7482e-05 2.7548e-05 2.7708e-05 2.7705e-05 2.7616e-05 2.7553e-05 2.7527e-05 2.7518e-05 2.7524e-05 2.7534e-05
2.7641e-05 2.7663e-05 2.7664e-05 2.7709e-05 2.7631e-05 2.7653e-05 2.7667e-05 2.7682e-05 2.7698e-05 2.7716e-05 2.7734e-05 2.7757e-05 2.7807e-05 2.7819e-05 2.7754e-05 2.775e-05 2.776e-05 2.7775e-05 2.7793e-05 2.7809e-05 2.7825e-05 2.7838e-05 2.7844e-05 2.7856e-05 2.7868e-05 2.7884e-05 2.7904e-05 2.7914e-05 2.7921e-05 2.7932e-05 2.7945e-05 2.7993e-05 2.7982e-05 2.799e-05 2.8024e-05 2.801e-05 2.7945e-05 2.7957e-05 2.7949e-05 2.7957e-05 2.8012e-05 2.7966e-05 2.787e-05 2.7887e-05 2.7838e-05 2.7795e-05 2.7815e-05 2.7867e-05 2.7884e-05 2.7848e-05 2.7895e-05 2.7864e-05 2.7934e-05 2.8186e-05 2.811e-05 2.8164e-05 2.8234e-05 2.8093e-05 2.8222e-05 2.8193e-05 2.8097e-05 2.8132e-05 2.8153e-05 2.8142e-05 2.8142e-05 2.8127e-05 2.8142e-05 2.8145e-05 2.8122e-05 2.8095e-05 2.8127e-05 2.8077e-05 2.8022e-05 2.803e-05 2.8038e-05 2.8043e-05 2.8026e-05 2.8026e-05 2.8018e-05 2.8028e-05 2.8163e-05 2.8e-05 2.7949e-05 2.7934e-05 2.7926e-05 2.7933e-05 2.7929e-05 2.7932e-05 2.7924e-05 2.7921e-05 2.7916e-05 2.7924e-05 2.7891e-05 2.7835e-05 2.7775e-05 2.7684e-05 2.749e-05 2.728e-05 2.7528e-05 2.7571e-05 2.7713e-05 2.7816e-05 2.7799e-05 2.7835e-05 2.7928e-05 2.799e-05 2.8033e-05 2.8103e-05 2.8092e-05 2.8057e-05 2.7991e-05 2.8084e-05 2.8117e-05 2.8155e-05 2.8152e-05 2.8175e-05 2.8184e-05 2.8208e-05 2.8201e-05 2.82e-05 2.8193e-05 2.8206e-05 2.8188e-05 2.8167e-05 2.8163e-05 2.8184e-05 2.8054e-05 2.8065e-05 2.8088e-05 2.811e-05 2.8129e-05 2.8196e-05 2.8213e-05 2.8239e-05 2.825e-05 2.8244e-05 2.8235e-05 2.8052e-05 2.779e-05 2.7727e-05 2.7713e-05 2.7701e-05 2.7696e-05 2.7752e-05 2.7779e-05 2.7785e-05 2.7766e-05 2.7814e-05 2.7844e-05 2.7871e-05 2.7912e-05 2.7939e-05 2.7976e-05 2.7905e-05 2.794e-05 2.8009e-05 2.8054e-05 2.7956e-05 2.7911e-05 2.7925e-05 2.8077e-05 2.8025e-05 2.7926e-05 2.7923e-05 2.7967e-05 2.7955e-05 2.8076e-05 2.7886e-05 2.7652e-05 2.7549e-05 2.7551e-05 2.7598e-05 2.7649e-05 2.7729e-05 2.7827e-05 2.7617e-05 2.7654e-05 2.7655e-05 2.7595e-05 2.7614e-05
2.7745e-05 2.7761e-05 2.7764e-05 2.7798e-05 2.7793e-05 2.778e-05 2.7782e-05 2.7794e-05 2.78e-05 2.7859e-05 2.7818e-05 2.7845e-05 2.7863e-05 2.7871e-05 2.7896e-05 2.7933e-05 2.7899e-05 2.7967e-05 2.7875e-05 2.7957e-05 2.7921e-05 2.7932e-05 2.7924e-05 2.8066e-05 2.819e-05 2.7888e-05 2.8024e-05 2.817e-05 2.8104e-05 2.8133e-05 2.8113e-05 2.8115e-05 2.8107e-05 2.8112e-05 2.8126e-05 2.8133e-05 2.8133e-05 2.8129e-05 2.81e-05 2.8089e-05 2.8092e-05 2.8024e-05 2.8201e-05 2.823e-05 2.7952e-05 2.8007e-05 2.8002e-05 2.7962e-05 2.7947e-05 2.8048e-05 2.8128e-05 2.8016e-05 2.8228e-05 2.8167e-05 2.8186e-05 2.8243e-05 2.8309e-05 2.7955e-05 2.8149e-05 2.7999e-05 2.8209e-05 2.8141e-05 2.7954e-05 2.8088e-05 2.8091e-05 2.8181e-05 2.8191e-05 2.8171e-05 2.8163e-05 2.8152e-05 2.8139e-05 2.8147e-05 2.814e-05 2.8144e-05 2.8135e-05 2.8125e-05 2.8133e-05 2.8146e-05 2.8134e-05 2.8072e-05 2.81e-05 2.8149e-05 2.8067e-05 2.8056e-05 2.8063e-05 2.8128e-05 2.8025e-05 2.8079e-05 2.803e-05 2.8039e-05 2.8056e-05 2.802e-05 2.8002e-05 2.7914e-05 2.7672e-05 2.7673e-05 2.7547e-05 2.7691e-05 2.7855e-05 2.7944e-05 2.792e-05 2.8e-05 2.8014e-05 2.8036e-05 2.8058e-05 2.8123e-05 2.8071e-05 2.8107e-05 2.8032e-05 2.8113e-05 2.7984e-05 2.8073e-05 2.8023e-05 2.8023e-05 2.7917e-05 2.7886e-05 2.8106e-05 2.8156e-05 2.8232e-05 2.8246e-05 2.8261e-05 2.8257e-05 2.8264e-05 2.8259e-05 2.8271e-05 2.8262e-05 2.825e-05 2.8264e-05 2.8259e-05 2.827e-05 2.8253e-05 2.8248e-05 2.8271e-05 2.8265e-05 2.8266e-05 2.8267e-05 2.8285e-05 2.8289e-05 2.8271e-05 2.8271e-05 2.827e-05 2.8281e-05 2.8194e-05 2.8079e-05 2.8139e-05 2.7975e-05 2.7821e-05 2.7823e-05 2.7825e-05 2.7794e-05 2.7813e-05 2.7846e-05 2.7974e-05 2.8304e-05 2.826e-05 2.7996e-05 2.7936e-05 2.8098e-05 2.7749e-05 2.776e-05 2.7948e-05 2.7783e-05 2.7694e-05 2.7654e-05 2.7633e-05 2.7668e-05 2.7626e-05 2.7752e-05 2.7677e-05 2.7665e-05 2.7669e-05 2.7688e-05 2.773e-05 2.764e-05 2.7615e-05 2.7653e-05 2.7685e-05 2.7717e-05 2.7718e-05 2.7723e-05
2.7984e-05 2.7904e-05 2.788e-05 2.7871e-05 2.7845e-05 2.7927e-05 2.7914e-05 2.8017e-05 2.8002e-05 2.8013e-05 2.8004e-05 2.801e-05 2.8108e-05 2.8055e-05 2.804e-05 2.8054e-05 2.8082e-05 2.8079e-05 2.8115e-05 2.8079e-05 2.8061e-05 2.8076e-05 2.8061e-05 2.8094e-05 2.8072e-05 2.811e-05 2.8166e-05 2.8187e-05 2.8144e-05 2.8173e-05 2.8165e-05 2.8173e-05 2.8174e-05 2.8173e-05 2.8172e-05 2.8176e-05 2.8166e-05 2.8172e-05 2.8167e-05 2.8167e-05 2.8163e-05 2.8169e-05 2.8148e-05 2.8108e-05 2.809e-05 2.8028e-05 2.7877e-05 2.8086e-05 2.7847e-05 2.7927e-05 2.816e-05 2.8098e-05 2.8051e-05 2.7896e-05 2.7938e-05 2.8002e-05 2.8056e-05 2.8049e-05 2.8085e-05 2.8071e-05 2.8153e-05 2.8203e-05 2.8156e-05 2.8173e-05 2.8223e-05 2.823e-05 2.8222e-05 2.8232e-05 2.8232e-05 2.8222e-05 2.8211e-05 2.8207e-05 2.8192e-05 2.8195e-05 2.8185e-05 2.8184e-05 2.8176e-05 2.8148e-05 2.8089e-05 2.8095e-05 2.8075e-05 2.8034e-05 2.8016e-05 2.7971e-05 2.8041e-05 2.8096e-05 2.8056e-05 2.8065e-05 2.8007e-05 2.8042e-05 2.8047e-05 2.803e-05 2.7928e-05 2.7881e-05 2.7842e-05 2.779e-05 2.7647e-05 2.7528e-05 2.7869e-05 2.8203e-05 2.8296e-05 2.8338e-05 2.8342e-05 2.8014e-05 2.809e-05 2.8051e-05 2.8061e-05 2.8113e-05 2.8037e-05 2.813e-05 2.8054e-05 2.8043e-05 2.8023e-05 2.8152e-05 2.8248e-05 2.8197e-05 2.804e-05 2.8e-05 2.7876e-05 2.7806e-05 2.7775e-05 2.7659e-05 2.7617e-05 2.7784e-05 2.799e-05 2.8118e-05 2.8195e-05 2.8189e-05 2.8162e-05 2.8105e-05 2.794e-05 2.8148e-05 2.8204e-05 2.7978e-05 2.814e-05 2.8199e-05 2.8277e-05 2.8252e-05 2.8189e-05 2.8163e-05 2.8061e-05 2.8066e-05 2.8008e-05 2.8148e-05 2.8295e-05 2.8283e-05 2.8241e-05 2.8208e-05 2.8025e-05 2.8032e-05 2.8047e-05 2.7816e-05 2.8021e-05 2.8108e-05 2.811e-05 2.7868e-05 2.7759e-05 2.7787e-05 2.7721e-05 2.7735e-05 2.7765e-05 2.7716e-05 2.7714e-05 2.7792e-05 2.7754e-05 2.774e-05 2.7779e-05 2.7812e-05 2.7827e-05 2.782e-05 2.7791e-05 2.782e-05 2.7886e-05 2.7789e-05 2.7796e-05 2.7815e-05 2.7876e-05 2.7924e-05 2.7952e-05 2.7897e-05
2.8044e-05 2.8073e-05 2.8007e-05 2.8047e-05 2.7999e-05 2.7993e-05 2.8028e-05 2.823e-05 2.8088e-05 2.8065e-05 2.8309e-05 2.8382e-05 2.8124e-05 2.8158e-05 2.8162e-05 2.8193e-05 2.8135e-05 2.8166e-05 2.8167e-05 2.8119e-05 2.812e-05 2.8185e-05 2.8184e-05 2.8226e-05 2.8187e-05 2.8207e-05 2.8219e-05 2.8226e-05 2.8218e-05 2.821e-05 2.8211e-05 2.8206e-05 2.8216e-05 2.8206e-05 2.8093e-05 2.8188e-05 2.819e-05 2.8185e-05 2.8178e-05 2.8176e-05 2.8161e-05 2.8147e-05 2.815e-05 2.8152e-05 2.8163e-05 2.8178e-05 2.8156e-05 2.8132e-05 2.808e-05 2.8048e-05 2.8083e-05 2.7932e-05 2.7888e-05 2.7995e-05 2.8142e-05 2.8164e-05 2.8144e-05 2.8232e-05 2.827e-05 2.8278e-05 2.8286e-05 2.8281e-05 2.8268e-05 2.8255e-05 2.8247e-05 2.8245e-05 2.8237e-05 2.8182e-05 2.8233e-05 2.8205e-05 2.8164e-05 2.8123e-05 2.8113e-05 2.8067e-05 2.805e-05 2.8072e-05 2.8045e-05 2.8096e-05 2.8047e-05 2.8054e-05 2.8073e-05 2.8087e-05 2.8114e-05 2.8058e-05 2.8151e-05 2.8085e-05 2.8083e-05 2.8127e-05 2.8079e-05 2.8079e-05 2.8052e-05 2.7967e-05 2.7931e-05 2.8018e-05 2.8059e-05 2.8065e-05 2.8067e-05 2.8069e-05 2.8088e-05 2.8052e-05 2.8005e-05 2.8036e-05 2.8037e-05 2.8022e-05 2.8105e-05 2.8121e-05 2.8122e-05 2.808e-05 2.807e-05 2.8038e-05 2.8014e-05 2.7967e-05 2.7837e-05 2.7915e-05 2.7943e-05 2.7789e-05 2.7902e-05 2.786e-05 2.7795e-05 2.7843e-05 2.7771e-05 2.7751e-05 2.796e-05 2.8053e-05 2.8007e-05 2.8033e-05 2.8301e-05 2.7887e-05 2.7942e-05 2.7945e-05 2.798e-05 2.8126e-05 2.8093e-05 2.8052e-05 2.8034e-05 2.7982e-05 2.807e-05 2.7787e-05 2.7681e-05 2.7561e-05 2.754e-05 2.772e-05 2.8332e-05 2.8295e-05 2.8321e-05 2.8e-05 2.8185e-05 2.8024e-05 2.8226e-05 2.8302e-05 2.8265e-05 2.8245e-05 2.8225e-05 2.8232e-05 2.8262e-05 2.7959e-05 2.7656e-05 2.7644e-05 2.764e-05 2.7644e-05 2.7637e-05 2.7684e-05 2.7878e-05 2.7845e-05 2.7902e-05 2.7722e-05 2.7743e-05 2.7798e-05 2.7822e-05 2.782e-05 2.7842e-05 2.7844e-05 2.7854e-05 2.7924e-05 2.7928e-05 2.7951e-05 2.7989e-05 2.7975e-05 2.7991e-05 2.8007e-05
2.8333e-05 2.8039e-05 2.8214e-05 2.8212e-05 2.818e-05 2.8097e-05 2.8294e-05 2.8212e-05 2.8218e-05 2.8214e-05 2.8097e-05 2.8001e-05 2.831e-05 2.8083e-05 2.8164e-05 2.8212e-05 2.82e-05 2.8199e-05 2.8181e-05 2.8149e-05 2.8107e-05 2.8013e-05 2.8287e-05 2.7958e-05 2.8027e-05 2.8257e-05 2.8189e-05 2.8183e-05 2.819e-05 2.8205e-05 2.821e-05 2.821e-05 2.8236e-05 2.814e-05 2.8128e-05 2.8035e-05 2.8096e-05 2.8194e-05 2.8163e-05 2.8178e-05 2.8178e-05 2.8186e-05 2.8162e-05 2.8175e-05 2.8185e-05 2.8184e-05 2.8186e-05 2.812e-05 2.8279e-05 2.8457e-05 2.8456e-05 2.8476e-05 2.847e-05 2.8133e-05 2.8264e-05 2.8264e-05 2.8305e-05 2.8316e-05 2.8321e-05 2.8326e-05 2.8327e-05 2.8321e-05 2.8306e-05 2.8284e-05 2.8292e-05 2.8194e-05 2.8232e-05 2.8279e-05 2.8284e-05 2.8283e-05 2.8269e-05 2.8199e-05 2.8143e-05 2.8179e-05 2.814e-05 2.8105e-05 2.8082e-05 2.8114e-05 2.8172e-05 2.8069e-05 2.8072e-05 2.8073e-05 2.8085e-05 2.8173e-05 2.8127e-05 2.8194e-05 2.8232e-05 2.8221e-05 2.819e-05 2.8204e-05 2.8106e-05 2.8095e-05 2.7995e-05 2.8101e-05 2.8094e-05 2.8123e-05 2.817e-05 2.8176e-05 2.8175e-05 2.8168e-05 2.8178e-05 2.818e-05 2.8203e-05 2.8189e-05 2.8166e-05 2.8148e-05 2.8186e-05 2.8059e-05 2.8039e-05 2.7996e-05 2.7871e-05 2.7765e-05 2.7844e-05 2.7971e-05 2.8094e-05 2.8013e-05 2.8069e-05 2.8036e-05 2.8064e-05 2.7964e-05 2.8004e-05 2.7891e-05 2.7832e-05 2.7809e-05 2.7907e-05 2.7896e-05 2.7993e-05 2.8001e-05 2.8076e-05 2.8067e-05 2.8055e-05 2.8087e-05 2.8099e-05 2.8125e-05 2.8151e-05 2.8156e-05 2.8151e-05 2.8188e-05 2.8095e-05 2.7993e-05 2.8118e-05 2.772e-05 2.7767e-05 2.7949e-05 2.7979e-05 2.7997e-05 2.8019e-05 2.8104e-05 2.8324e-05 2.8202e-05 2.8133e-05 2.7909e-05 2.8135e-05 2.8237e-05 2.8311e-05 2.8342e-05 2.8202e-05 2.792e-05 2.766e-05 2.7785e-05 2.7713e-05 2.7802e-05 2.7948e-05 2.7984e-05 2.7773e-05 2.7858e-05 2.7987e-05 2.8027e-05 2.7986e-05 2.8092e-05 2.8301e-05 2.8236e-05 2.8134e-05 2.8096e-05 2.8101e-05 2.8085e-05 2.8131e-05 2.808e-05 2.8095e-05 2.8315e-05
2.8287e-05 2.8296e-05 2.832e-05 2.8334e-05 2.8351e-05 2.8388e-05 2.8415e-05 2.84e-05 2.8402e-05 2.8406e-05 2.8405e-05 2.8252e-05 2.8083e-05 2.7998e-05 2.7816e-05 2.7821e-05 2.8009e-05 2.8053e-05 2.8335e-05 2.8115e-05 2.8136e-05 2.8089e-05 2.8033e-05 2.8056e-05 2.8472e-05 2.8229e-05 2.8212e-05 2.8218e-05 2.8188e-05 2.8132e-05 2.8155e-05 2.8129e-05 2.8126e-05 2.8178e-05 2.8156e-05 2.8145e-05 2.8124e-05 2.8207e-05 2.8165e-05 2.8171e-05 2.8205e-05 2.8162e-05 2.82e-05 2.8175e-05 2.8188e-05 2.8197e-05 2.8123e-05 2.8072e-05 2.8089e-05 2.8343e-05 2.8461e-05 2.8446e-05 2.8487e-05 2.8069e-05 2.8294e-05 2.8327e-05 2.8339e-05 2.8352e-05 2.8336e-05 2.8341e-05 2.8357e-05 2.8281e-05 2.8249e-05 2.8279e-05 2.8307e-05 2.8323e-05 2.8346e-05 2.829e-05 2.8294e-05 2.806e-05 2.8138e-05 2.8191e-05 2.815e-05 2.8195e-05 2.8114e-05 2.8176e-05 2.8126e-05 2.7991e-05 2.7933e-05 2.7892e-05 2.7865e-05 2.8147e-05 2.8125e-05 2.812e-05 2.8172e-05 2.8175e-05 2.8213e-05 2.816e-05 2.8232e-05 2.8187e-05 2.8319e-05 2.829e-05 2.8181e-05 2.8205e-05 2.8202e-05 2.8158e-05 2.8137e-05 2.797e-05 2.8132e-05 2.8206e-05 2.8246e-05 2.817e-05 2.8183e-05 2.8185e-05 2.8179e-05 2.8192e-05 2.8097e-05 2.7855e-05 2.7939e-05 2.8031e-05 2.8041e-05 2.8072e-05 2.8075e-05 2.8123e-05 2.813e-05 2.8106e-05 2.8175e-05 2.8127e-05 2.8161e-05 2.8184e-05 2.8163e-05 2.8217e-05 2.8225e-05 2.8171e-05 2.8245e-05 2.8119e-05 2.7949e-05 2.801e-05 2.8328e-05 2.8327e-05 2.807e-05 2.8121e-05 2.8068e-05 2.7766e-05 2.7983e-05 2.8035e-05 2.8062e-05 2.7955e-05 2.7849e-05 2.7946e-05 2.8097e-05 2.7913e-05 2.8154e-05 2.8173e-05 2.8245e-05 2.8253e-05 2.8243e-05 2.8166e-05 2.8169e-05 2.8222e-05 2.8287e-05 2.8262e-05 2.8321e-05 2.8275e-05 2.8443e-05 2.8472e-05 2.846e-05 2.8396e-05 2.8324e-05 2.8253e-05 2.8315e-05 2.8268e-05 2.8216e-05 2.8299e-05 2.8341e-05 2.8325e-05 2.8324e-05 2.8283e-05 2.8247e-05 2.8373e-05 2.8263e-05 2.8337e-05 2.8311e-05 2.8319e-05 2.8186e-05 2.8186e-05 2.8201e-05 2.8229e-05 2.8131e-05 2.8291e-05
2.8128e-05 2.8145e-05 2.8235e-05 2.8298e-05 2.8191e-05 2.8486e-05 2.8469e-05 2.84e-05 2.843e-05 2.8424e-05 2.8414e-05 2.8373e-05 2.8228e-05 2.8258e-05 2.816e-05 2.8231e-05 2.7891e-05 2.7942e-05 2.8065e-05 2.8168e-05 2.8258e-05 2.82e-05 2.8145e-05 2.8139e-05 2.807e-05 2.8261e-05 2.8181e-05 2.8223e-05 2.8121e-05 2.83e-05 2.8027e-05 2.805e-05 2.8026e-05 2.81e-05 2.8112e-05 2.8137e-05 2.8206e-05 2.8213e-05 2.8238e-05 2.8238e-05 2.8261e-05 2.8238e-05 2.823e-05 2.8245e-05 2.8247e-05 2.8414e-05 2.8197e-05 2.8273e-05 2.8275e-05 2.827e-05 2.8281e-05 2.8314e-05 2.8315e-05 2.834e-05 2.8344e-05 2.833e-05 2.8338e-05 2.8344e-05 2.8296e-05 2.8295e-05 2.8248e-05 2.8339e-05 2.833e-05 2.8365e-05 2.8332e-05 2.8282e-05 2.8125e-05 2.8133e-05 2.8147e-05 2.8145e-05 2.8131e-05 2.8177e-05 2.8162e-05 2.8212e-05 2.824e-05 2.8293e-05 2.826e-05 2.8096e-05 2.7951e-05 2.8025e-05 2.8063e-05 2.8193e-05 2.8207e-05 2.8079e-05 2.8068e-05 2.8006e-05 2.8026e-05 2.8013e-05 2.8086e-05 2.816e-05 2.8167e-05 2.82e-05 2.7985e-05 2.8209e-05 2.823e-05 2.8209e-05 2.8245e-05 2.8244e-05 2.8238e-05 2.8252e-05 2.8238e-05 2.8228e-05 2.8246e-05 2.8225e-05 2.8167e-05 2.8088e-05 2.7888e-05 2.82e-05 2.825e-05 2.8219e-05 2.817e-05 2.8121e-05 2.8149e-05 2.8117e-05 2.8156e-05 2.8027e-05 2.8015e-05 2.8166e-05 2.8265e-05 2.8314e-05 2.8357e-05 2.8324e-05 2.8333e-05 2.8352e-05 2.8348e-05 2.8328e-05 2.8239e-05 2.8126e-05 2.805e-05 2.8056e-05 2.8193e-05 2.8149e-05 2.8138e-05 2.8157e-05 2.8365e-05 2.811e-05 2.7734e-05 2.7837e-05 2.7887e-05 2.7908e-05 2.7963e-05 2.7963e-05 2.786e-05 2.7895e-05 2.8038e-05 2.8161e-05 2.8194e-05 2.8127e-05 2.8259e-05 2.8275e-05 2.8275e-05 2.8295e-05 2.8172e-05 2.7707e-05 2.8271e-05 2.8439e-05 2.8406e-05 2.7881e-05 2.8439e-05 2.8421e-05 2.8407e-05 2.8357e-05 2.8339e-05 2.832e-05 2.826e-05 2.819e-05 2.813e-05 2.8164e-05 2.7953e-05 2.7879e-05 2.814e-05 2.8305e-05 2.828e-05 2.8232e-05 2.8195e-05 2.8155e-05 2.8129e-05 2.8105e-05 2.8165e-05 2.8165e-05
2.8451e-05 2.8112e-05 2.8043e-05 2.823e-05 2.8237e-05 2.8264e-05 2.8272e-05 2.8423e-05 2.8407e-05 2.8428e-05 2.8435e-05 2.8434e-05 2.8403e-05 2.8379e-05 2.8293e-05 2.8219e-05 2.814e-05 2.8021e-05 2.7999e-05 2.7922e-05 2.7919e-05 2.7848e-05 2.7936e-05 2.7944e-05 2.8044e-05 2.8035e-05 2.8004e-05 2.7982e-05 2.8143e-05 2.7913e-05 2.7916e-05 2.7943e-05 2.8111e-05 2.8434e-05 2.8053e-05 2.8116e-05 2.8121e-05 2.835e-05 2.8221e-05 2.8229e-05 2.8254e-05 2.8251e-05 2.8241e-05 2.8246e-05 2.8249e-05 2.8262e-05 2.8252e-05 2.8279e-05 2.8282e-05 2.8268e-05 2.8277e-05 2.8301e-05 2.831e-05 2.8311e-05 2.8293e-05 2.833e-05 2.8364e-05 2.8336e-05 2.8352e-05 2.8332e-05 2.8199e-05 2.8294e-05 2.8347e-05 2.8345e-05 2.829e-05 2.8251e-05 2.8488e-05 2.849e-05 2.8485e-05 2.8152e-05 2.8191e-05 2.8204e-05 2.8217e-05 2.8266e-05 2.8304e-05 2.8209e-05 2.8119e-05 2.7972e-05 2.7991e-05 2.7902e-05 2.7988e-05 2.7994e-05 2.811e-05 2.8077e-05 2.8163e-05 2.8135e-05 2.8166e-05 2.8171e-05 2.8168e-05 2.8167e-05 2.8179e-05 2.822e-05 2.8199e-05 2.8236e-05 2.8222e-05 2.8253e-05 2.8223e-05 2.821e-05 2.822e-05 2.8167e-05 2.8178e-05 2.7983e-05 2.7927e-05 2.794e-05 2.7846e-05 2.7995e-05 2.8331e-05 2.8436e-05 2.8425e-05 2.8338e-05 2.8308e-05 2.8203e-05 2.8212e-05 2.8121e-05 2.8165e-05 2.8137e-05 2.8237e-05 2.8281e-05 2.834e-05 2.8349e-05 2.8343e-05 2.8341e-05 2.8355e-05 2.8353e-05 2.8336e-05 2.8387e-05 2.8384e-05 2.8411e-05 2.8414e-05 2.8309e-05 2.8125e-05 2.7952e-05 2.8111e-05 2.8163e-05 2.796e-05 2.7908e-05 2.7875e-05 2.7768e-05 2.7921e-05 2.7707e-05 2.7779e-05 2.7891e-05 2.7899e-05 2.8156e-05 2.8066e-05 2.805e-05 2.7921e-05 2.8012e-05 2.8131e-05 2.8218e-05 2.8295e-05 2.8347e-05 2.8259e-05 2.8304e-05 2.8333e-05 2.8343e-05 2.8349e-05 2.8362e-05 2.8276e-05 2.8319e-05 2.8304e-05 2.8317e-05 2.8268e-05 2.8214e-05 2.8279e-05 2.8266e-05 2.8267e-05 2.8263e-05 2.8249e-05 2.814e-05 2.8299e-05 2.824e-05 2.8225e-05 2.8173e-05 2.8053e-05 2.8221e-05 2.8038e-05 2.803e-05 2.8048e-05 2.8173e-05
2.8138e-05 2.8036e-05 2.7951e-05 2.8069e-05 2.8082e-05 2.8302e-05 2.8342e-05 2.8427e-05 2.8399e-05 2.8411e-05 2.8407e-05 2.8428e-05 2.8429e-05 2.8429e-05 2.8411e-05 2.8374e-05 2.8343e-05 2.8329e-05 2.8304e-05 2.8225e-05 2.8096e-05 2.8062e-05 2.8082e-05 2.8023e-05 2.812e-05 2.8097e-05 2.8011e-05 2.824e-05 2.8186e-05 2.802e-05 2.7962e-05 2.8044e-05 2.7986e-05 2.8053e-05 2.8105e-05 2.8138e-05 2.8145e-05 2.8164e-05 2.8172e-05 2.8228e-05 2.8233e-05 2.8259e-05 2.8267e-05 2.8268e-05 2.8289e-05 2.8297e-05 2.829e-05 2.8287e-05 2.8293e-05 2.829e-05 2.8264e-05 2.8242e-05 2.8224e-05 2.8257e-05 2.8291e-05 2.8322e-05 2.8323e-05 2.8325e-05 2.8297e-05 2.8077e-05 2.8389e-05 2.8364e-05 2.8398e-05 2.8438e-05 2.8293e-05 2.8377e-05 2.8409e-05 2.8418e-05 2.8233e-05 2.8211e-05 2.8269e-05 2.8235e-05 2.8252e-05 2.8285e-05 2.8335e-05 2.8306e-05 2.8186e-05 2.8136e-05 2.8033e-05 2.794e-05 2.7944e-05 2.8026e-05 2.8257e-05 2.8113e-05 2.8159e-05 2.817e-05 2.8167e-05 2.8147e-05 2.808e-05 2.818e-05 2.8181e-05 2.819e-05 2.8177e-05 2.8222e-05 2.8176e-05 2.8232e-05 2.8294e-05 2.8252e-05 2.8184e-05 2.8203e-05 2.8139e-05 2.8148e-05 2.8114e-05 2.8085e-05 2.7981e-05 2.8066e-05 2.8026e-05 2.8098e-05 2.8129e-05 2.8099e-05 2.8089e-05 2.8057e-05 2.8087e-05 2.825e-05 2.8309e-05 2.8421e-05 2.8414e-05 2.8373e-05 2.8335e-05 2.8311e-05 2.8313e-05 2.8355e-05 2.8391e-05 2.8383e-05 2.841e-05 2.8399e-05 2.8391e-05 2.8403e-05 2.8401e-05 2.8423e-05 2.8192e-05 2.8174e-05 2.816e-05 2.8128e-05 2.846e-05 2.7994e-05 2.798e-05 2.8013e-05 2.8148e-05 2.7826e-05 2.7816e-05 2.782e-05 2.7951e-05 2.7963e-05 2.7977e-05 2.7863e-05 2.7826e-05 2.8158e-05 2.809e-05 2.7997e-05 2.8246e-05 2.8197e-05 2.8174e-05 2.8295e-05 2.8287e-05 2.7907e-05 2.8071e-05 2.8122e-05 2.8272e-05 2.8195e-05 2.8041e-05 2.8081e-05 2.828e-05 2.8178e-05 2.8245e-05 2.8303e-05 2.8267e-05 2.8289e-05 2.8279e-05 2.8271e-05 2.8188e-05 2.816e-05 2.8115e-05 2.7951e-05 2.8208e-05 2.8265e-05 2.8156e-05 2.8112e-05 2.8013e-05 2.7985e-05
2.8132e-05 2.8124e-05 2.8242e-05 2.8053e-05 2.798e-05 2.8105e-05 2.8244e-05 2.8282e-05 2.8343e-05 2.8323e-05 2.8384e-05 2.8349e-05 2.8439e-05 2.8396e-05 2.84e-05 2.8372e-05 2.8387e-05 2.8394e-05 2.8377e-05 2.8267e-05 2.8125e-05 2.8117e-05 2.8044e-05 2.807e-05 2.8046e-05 2.8086e-05 2.8088e-05 2.8038e-05 2.8022e-05 2.8043e-05 2.8027e-05 2.8067e-05 2.8131e-05 2.8135e-05 2.8126e-05 2.8065e-05 2.8015e-05 2.8111e-05 2.8215e-05 2.8144e-05 2.826e-05 2.8175e-05 2.8125e-05 2.8228e-05 2.8241e-05 2.824e-05 2.8183e-05 2.8262e-05 2.8243e-05 2.8241e-05 2.8182e-05 2.8209e-05 2.8316e-05 2.8398e-05 2.8328e-05 2.8127e-05 2.8248e-05 2.8377e-05 2.8345e-05 2.8355e-05 2.8341e-05 2.8337e-05 2.8368e-05 2.8414e-05 2.8473e-05 2.8436e-05 2.8277e-05 2.8447e-05 2.8238e-05 2.8366e-05 2.8307e-05 2.8253e-05 2.8265e-05 2.8231e-05 2.8259e-05 2.8375e-05 2.8406e-05 2.8383e-05 2.8362e-05 2.8268e-05 2.8215e-05 2.8109e-05 2.8137e-05 2.8129e-05 2.8134e-05 2.8149e-05 2.8182e-05 2.8181e-05 2.8183e-05 2.8171e-05 2.8166e-05 2.8171e-05 2.82e-05 2.8181e-05 2.8195e-05 2.8146e-05 2.8184e-05 2.8203e-05 2.8163e-05 2.8227e-05 2.8236e-05 2.8161e-05 2.818e-05 2.8229e-05 2.819e-05 2.8126e-05 2.807e-05 2.8007e-05 2.8018e-05 2.796e-05 2.8104e-05 2.8138e-05 2.8231e-05 2.8373e-05 2.8454e-05 2.8464e-05 2.8468e-05 2.843e-05 2.839e-05 2.8372e-05 2.8362e-05 2.8353e-05 2.8368e-05 2.8378e-05 2.8425e-05 2.8438e-05 2.8417e-05 2.8409e-05 2.8415e-05 2.8421e-05 2.8379e-05 2.8237e-05 2.8207e-05 2.8273e-05 2.8165e-05 2.8038e-05 2.7959e-05 2.8005e-05 2.7963e-05 2.7758e-05 2.8226e-05 2.7898e-05 2.8062e-05 2.8036e-05 2.8026e-05 2.7943e-05 2.7897e-05 2.7845e-05 2.7771e-05 2.7911e-05 2.8035e-05 2.8156e-05 2.8085e-05 2.8101e-05 2.8192e-05 2.8283e-05 2.8347e-05 2.8354e-05 2.8286e-05 2.8253e-05 2.8118e-05 2.8146e-05 2.8197e-05 2.8188e-05 2.8162e-05 2.7913e-05 2.7902e-05 2.8006e-05 2.8144e-05 2.8223e-05 2.8258e-05 2.8276e-05 2.823e-05 2.8297e-05 2.8287e-05 2.8047e-05 2.817e-05 2.8198e-05 2.8182e-05 2.8287e-05
2.8326e-05 2.8105e-05 2.7959e-05 2.8123e-05 2.821e-05 2.8264e-05 2.8259e-05 2.808e-05 2.8116e-05 2.8177e-05 2.8049e-05 2.8116e-05 2.8276e-05 2.8113e-05 2.8493e-05 2.8138e-05 2.8245e-05 2.8233e-05 2.8386e-05 2.8292e-05 2.8269e-05 2.8257e-05 2.8267e-05 2.8097e-05 2.8053e-05 2.7988e-05 2.8314e-05 2.8181e-05 2.8045e-05 2.8068e-05 2.8193e-05 2.8276e-05 2.8285e-05 2.8257e-05 2.8266e-05 2.8188e-05 2.807e-05 2.8123e-05 2.8101e-05 2.8093e-05 2.8212e-05 2.8021e-05 2.8144e-05 2.8245e-05 2.8155e-05 2.789e-05 2.829e-05 2.8331e-05 2.8343e-05 2.8331e-05 2.8323e-05 2.8357e-05 2.8352e-05 2.8268e-05 2.8164e-05 2.8399e-05 2.84e-05 2.835e-05 2.8402e-05 2.8399e-05 2.8388e-05 2.8346e-05 2.838e-05 2.8394e-05 2.8445e-05 2.8492e-05 2.8458e-05 2.8332e-05 2.8467e-05 2.847e-05 2.8436e-05 2.8376e-05 2.8157e-05 2.837e-05 2.8415e-05 2.8303e-05 2.8263e-05 2.8288e-05 2.8248e-05 2.8169e-05 2.7927e-05 2.7935e-05 2.8127e-05 2.8203e-05 2.8135e-05 2.8113e-05 2.8078e-05 2.8167e-05 2.8196e-05 2.8187e-05 2.8203e-05 2.818e-05 2.8185e-05 2.8231e-05 2.8204e-05 2.8221e-05 2.8209e-05 2.8162e-05 2.8198e-05 2.8229e-05 2.8251e-05 2.8211e-05 2.819e-05 2.8188e-05 2.8036e-05 2.8193e-05 2.8168e-05 2.8177e-05 2.8183e-05 2.8218e-05 2.8252e-05 2.8273e-05 2.8303e-05 2.8353e-05 2.8412e-05 2.843e-05 2.8323e-05 2.831e-05 2.832e-05 2.8261e-05 2.8498e-05 2.8435e-05 2.8285e-05 2.8347e-05 2.8393e-05 2.8411e-05 2.8446e-05 2.8459e-05 2.8404e-05 2.8455e-05 2.8492e-05 2.8461e-05 2.7923e-05 2.8423e-05 2.8388e-05 2.8332e-05 2.8023e-05 2.8071e-05 2.8064e-05 2.8188e-05 2.7953e-05 2.7926e-05 2.7897e-05 2.7927e-05 2.7947e-05 2.7921e-05 2.7921e-05 2.7856e-05 2.7932e-05 2.7912e-05 2.7994e-05 2.7992e-05 2.8009e-05 2.8036e-05 2.805e-05 2.832e-05 2.8453e-05 2.8431e-05 2.8428e-05 2.8399e-05 2.8356e-05 2.8295e-05 2.824e-05 2.8176e-05 2.8158e-05 2.8058e-05 2.7948e-05 2.8028e-05 2.8045e-05 2.7775e-05 2.799e-05 2.8191e-05 2.8229e-05 2.8159e-05 2.7888e-05 2.8e-05 2.8048e-05 2.8283e-05 2.8295e-05 2.8289e-05
2.8358e-05 2.823e-05 2.8183e-05 2.8262e-05 2.8257e-05 2.8211e-05 2.7872e-05 2.8062e-05 2.8115e-05 2.8059e-05 2.8197e-05 2.8058e-05 2.8119e-05 2.7894e-05 2.8167e-05 2.8322e-05 2.8211e-05 2.8251e-05 2.8173e-05 2.8259e-05 2.829e-05 2.8295e-05 2.822e-05 2.8181e-05 2.7957e-05 2.8071e-05 2.8122e-05 2.8141e-05 2.8256e-05 2.8075e-05 2.8141e-05 2.8311e-05 2.8332e-05 2.8256e-05 2.8338e-05 2.8262e-05 2.8125e-05 2.7985e-05 2.7941e-05 2.7981e-05 2.8062e-05 2.8224e-05 2.8307e-05 2.8302e-05 2.8285e-05 2.8199e-05 2.8328e-05 2.8364e-05 2.8404e-05 2.8402e-05 2.8404e-05 2.8406e-05 2.8414e-05 2.8419e-05 2.836e-05 2.8312e-05 2.8345e-05 2.8302e-05 2.8379e-05 2.8407e-05 2.8342e-05 2.8269e-05 2.8484e-05 2.8443e-05 2.833e-05 2.8495e-05 2.8367e-05 2.842e-05 2.8468e-05 2.8147e-05 2.8228e-05 2.8432e-05 2.8499e-05 2.8349e-05 2.8456e-05 2.8318e-05 2.8328e-05 2.824e-05 2.8168e-05 2.8167e-05 2.8008e-05 2.8044e-05 2.8129e-05 2.8066e-05 2.808e-05 2.8196e-05 2.815e-05 2.8142e-05 2.8245e-05 2.7915e-05 2.8159e-05 2.8222e-05 2.8241e-05 2.8212e-05 2.8347e-05 2.8162e-05 2.8141e-05 2.8148e-05 2.8399e-05 2.8134e-05 2.811e-05 2.8222e-05 2.8181e-05 2.8191e-05 2.8213e-05 2.8228e-05 2.8222e-05 2.8206e-05 2.8201e-05 2.829e-05 2.8315e-05 2.8366e-05 2.8383e-05 2.8386e-05 2.8352e-05 2.8266e-05 2.8282e-05 2.8306e-05 2.8216e-05 2.8098e-05 2.8112e-05 2.8124e-05 2.8304e-05 2.8399e-05 2.8469e-05 2.8484e-05 2.8492e-05 2.8484e-05 2.8493e-05 2.85e-05 2.8486e-05 2.8482e-05 2.8441e-05 2.8405e-05 2.8426e-05 2.8357e-05 2.8236e-05 2.7912e-05 2.7765e-05 2.785e-05 2.838e-05 2.8342e-05 2.7764e-05 2.7769e-05 2.8176e-05 2.7863e-05 2.7906e-05 2.772e-05 2.7896e-05 2.8011e-05 2.7883e-05 2.7912e-05 2.8053e-05 2.8228e-05 2.83e-05 2.8351e-05 2.8394e-05 2.8381e-05 2.8404e-05 2.8402e-05 2.8397e-05 2.8379e-05 2.8349e-05 2.8307e-05 2.8196e-05 2.8106e-05 2.8014e-05 2.7994e-05 2.8051e-05 2.7991e-05 2.8261e-05 2.7816e-05 2.8036e-05 2.8092e-05 2.8015e-05 2.8194e-05 2.826e-05 2.821e-05 2.8285e-05 2.8323e-05
2.8317e-05 2.8325e-05 2.8371e-05 2.8426e-05 2.8324e-05 2.8002e-05 2.811e-05 2.8061e-05 2.7945e-05 2.7962e-05 2.7991e-05 2.8407e-05 2.7979e-05 2.8017e-05 2.7913e-05 2.7935e-05 2.8121e-05 2.8252e-05 2.8127e-05 2.8088e-05 2.839e-05 2.8105e-05 2.8116e-05 2.8112e-05 2.7907e-05 2.8087e-05 2.8158e-05 2.8152e-05 2.8146e-05 2.7927e-05 2.7784e-05 2.8315e-05 2.8255e-05 2.8279e-05 2.8271e-05 2.8223e-05 2.8265e-05 2.8082e-05 2.8027e-05 2.8045e-05 2.7987e-05 2.8153e-05 2.8214e-05 2.8252e-05 2.8275e-05 2.8203e-05 2.8082e-05 2.8067e-05 2.8294e-05 2.8406e-05 2.8413e-05 2.8425e-05 2.8395e-05 2.8387e-05 2.8334e-05 2.8189e-05 2.8121e-05 2.8129e-05 2.8067e-05 2.8034e-05 2.8227e-05 2.8499e-05 2.8355e-05 2.8226e-05 2.8498e-05 2.8496e-05 2.85e-05 2.845e-05 2.8233e-05 2.7906e-05 2.8472e-05 2.8416e-05 2.822e-05 2.8368e-05 2.8275e-05 2.8458e-05 2.8491e-05 2.845e-05 2.8391e-05 2.8496e-05 2.8497e-05 2.8343e-05 2.8156e-05 2.8177e-05 2.8244e-05 2.8164e-05 2.818e-05 2.811e-05 2.8095e-05 2.8186e-05 2.8203e-05 2.8226e-05 2.8148e-05 2.8062e-05 2.8062e-05 2.8045e-05 2.805e-05 2.8077e-05 2.8191e-05 2.8074e-05 2.8e-05 2.804e-05 2.8036e-05 2.8058e-05 2.8054e-05 2.8224e-05 2.8237e-05 2.8285e-05 2.8327e-05 2.8363e-05 2.8394e-05 2.8423e-05 2.845e-05 2.8468e-05 2.8446e-05 2.8399e-05 2.8424e-05 2.8427e-05 2.8452e-05 2.8401e-05 2.8384e-05 2.8425e-05 2.8488e-05 2.8498e-05 2.8472e-05 2.8474e-05 2.8469e-05 2.8471e-05 2.847e-05 2.8402e-05 2.85e-05 2.8498e-05 2.848e-05 2.8498e-05 2.8488e-05 2.8477e-05 2.8467e-05 2.8364e-05 2.7887e-05 2.818e-05 2.8399e-05 2.8466e-05 2.793e-05 2.7979e-05 2.8129e-05 2.8079e-05 2.797e-05 2.7907e-05 2.7902e-05 2.8011e-05 2.8141e-05 2.8189e-05 2.8224e-05 2.8152e-05 2.8292e-05 2.8216e-05 2.8342e-05 2.8205e-05 2.7984e-05 2.8055e-05 2.8361e-05 2.8384e-05 2.8367e-05 2.8292e-05 2.8178e-05 2.8095e-05 2.8025e-05 2.8024e-05 2.8054e-05 2.8025e-05 2.7933e-05 2.7896e-05 2.8032e-05 2.8056e-05 2.8313e-05 2.8047e-05 2.8052e-05 2.8086e-05 2.8167e-05 2.8306e-05
2.8339e-05 2.8347e-05 2.8377e-05 2.8398e-05 2.8247e-05 2.8232e-05 2.821e-05 2.8097e-05 2.8053e-05 2.8186e-05 2.8171e-05 2.8139e-05 2.8095e-05 2.8131e-05 2.8038e-05 2.81e-05 2.8251e-05 2.8213e-05 2.8212e-05 2.8191e-05 2.8045e-05 2.7851e-05 2.7852e-05 2.8385e-05 2.785e-05 2.8098e-05 2.8189e-05 2.8192e-05 2.8191e-05 2.8116e-05 2.8047e-05 2.8283e-05 2.8274e-05 2.824e-05 2.8301e-05 2.8189e-05 2.8117e-05 2.8053e-05 2.7929e-05 2.7896e-05 2.7928e-05 2.7896e-05 2.7881e-05 2.7943e-05 2.8159e-05 2.8076e-05 2.8028e-05 2.8135e-05 2.8284e-05 2.8351e-05 2.8407e-05 2.8413e-05 2.8416e-05 2.8304e-05 2.8244e-05 2.7943e-05 2.8049e-05 2.7921e-05 2.8035e-05 2.8462e-05 2.8216e-05 2.8498e-05 2.8476e-05 2.8496e-05 2.8308e-05 2.8112e-05 2.81e-05 2.8035e-05 2.8112e-05 2.8103e-05 2.8101e-05 2.8415e-05 2.8315e-05 2.8329e-05 2.8498e-05 2.8435e-05 2.8326e-05 2.847e-05 2.8441e-05 2.8422e-05 2.831e-05 2.8221e-05 2.8257e-05 2.8249e-05 2.8223e-05 2.818e-05 2.8183e-05 2.8107e-05 2.8142e-05 2.8055e-05 2.8129e-05 2.8183e-05 2.8247e-05 2.8159e-05 2.8183e-05 2.832e-05 2.8457e-05 2.8184e-05 2.8171e-05 2.8201e-05 2.819e-05 2.8167e-05 2.7999e-05 2.8057e-05 2.8002e-05 2.8081e-05 2.8282e-05 2.8311e-05 2.8367e-05 2.8413e-05 2.8445e-05 2.8467e-05 2.8492e-05 2.85e-05 2.85e-05 2.8492e-05 2.8476e-05 2.8448e-05 2.8432e-05 2.8326e-05 2.8199e-05 2.8127e-05 2.809e-05 2.8048e-05 2.7989e-05 2.8097e-05 2.8193e-05 2.8204e-05 2.7993e-05 2.8344e-05 2.8452e-05 2.8478e-05 2.8496e-05 2.8494e-05 2.85e-05 2.8498e-05 2.8245e-05 2.8403e-05 2.8372e-05 2.8286e-05 2.8235e-05 2.8181e-05 2.8202e-05 2.8209e-05 2.791e-05 2.8012e-05 2.8048e-05 2.8056e-05 2.815e-05 2.824e-05 2.8328e-05 2.8329e-05 2.849e-05 2.8399e-05 2.8221e-05 2.8264e-05 2.832e-05 2.7965e-05 2.8029e-05 2.8387e-05 2.8321e-05 2.8265e-05 2.8214e-05 2.8224e-05 2.8112e-05 2.8072e-05 2.8121e-05 2.8178e-05 2.8248e-05 2.8184e-05 2.8176e-05 2.7999e-05 2.822e-05 2.8108e-05 2.8038e-05 2.8066e-05 2.8143e-05 2.8258e-05 2.8257e-05 2.8322e-05
2.8357e-05 2.8257e-05 2.8279e-05 2.8432e-05 2.846e-05 2.8071e-05 2.8283e-05 2.8316e-05 2.8312e-05 2.8259e-05 2.83e-05 2.8152e-05 2.8099e-05 2.8199e-05 2.8197e-05 2.8194e-05 2.8112e-05 2.8225e-05 2.8188e-05 2.8215e-05 2.8178e-05 2.7982e-05 2.7885e-05 2.8209e-05 2.8083e-05 2.8166e-05 2.8433e-05 2.8155e-05 2.8209e-05 2.8158e-05 2.8253e-05 2.8216e-05 2.8216e-05 2.8326e-05 2.8234e-05 2.823e-05 2.8223e-05 2.7983e-05 2.7889e-05 2.7879e-05 2.7843e-05 2.7889e-05 2.804e-05 2.8102e-05 2.8159e-05 2.8198e-05 2.8243e-05 2.823e-05 2.8446e-05 2.85e-05 2.8141e-05 2.8165e-05 2.8248e-05 2.8182e-05 2.8228e-05 2.8357e-05 2.8313e-05 2.8108e-05 2.8076e-05 2.8332e-05 2.8258e-05 2.8492e-05 2.8475e-05 2.844e-05 2.7886e-05 2.7977e-05 2.8079e-05 2.8076e-05 2.8061e-05 2.805e-05 2.8059e-05 2.8134e-05 2.8353e-05 2.8479e-05 2.8434e-05 2.8399e-05 2.8447e-05 2.8489e-05 2.8353e-05 2.8404e-05 2.8438e-05 2.8404e-05 2.8372e-05 2.8328e-05 2.8263e-05 2.8462e-05 2.8332e-05 2.8193e-05 2.8229e-05 2.8243e-05 2.8154e-05 2.8135e-05 2.8099e-05 2.8231e-05 2.8073e-05 2.8026e-05 2.8123e-05 2.815e-05 2.8179e-05 2.814e-05 2.8186e-05 2.8213e-05 2.8083e-05 2.7864e-05 2.8234e-05 2.8178e-05 2.8226e-05 2.8316e-05 2.8349e-05 2.8374e-05 2.8465e-05 2.8489e-05 2.8499e-05 2.8473e-05 2.8444e-05 2.8359e-05 2.8174e-05 2.8073e-05 2.7844e-05 2.757e-05 2.7349e-05 2.7177e-05 2.7102e-05 2.7071e-05 2.7056e-05 2.7241e-05 2.7308e-05 2.7276e-05 2.7269e-05 2.7318e-05 2.7687e-05 2.8325e-05 2.8317e-05 2.8197e-05 2.85e-05 2.849e-05 2.8487e-05 2.8498e-05 2.8307e-05 2.8301e-05 2.8336e-05 2.8204e-05 2.8228e-05 2.8118e-05 2.8172e-05 2.8361e-05 2.8141e-05 2.8135e-05 2.816e-05 2.8097e-05 2.8171e-05 2.8283e-05 2.8371e-05 2.8413e-05 2.8496e-05 2.834e-05 2.8307e-05 2.7897e-05 2.8403e-05 2.832e-05 2.8351e-05 2.8359e-05 2.8357e-05 2.8267e-05 2.8198e-05 2.8177e-05 2.8088e-05 2.8188e-05 2.8014e-05 2.8186e-05 2.8243e-05 2.8054e-05 2.7887e-05 2.7886e-05 2.8062e-05 2.8235e-05 2.8254e-05 2.8282e-05 2.8342e-05 2.8356e-05
2.8336e-05 2.8293e-05 2.8205e-05 2.8227e-05 2.8379e-05 2.8348e-05 2.8332e-05 2.8104e-05 2.8372e-05 2.8238e-05 2.8137e-05 2.8219e-05 2.8171e-05 2.824e-05 2.8195e-05 2.8164e-05 2.8195e-05 2.7994e-05 2.8149e-05 2.8173e-05 2.8111e-05 2.8003e-05 2.7863e-05 2.781e-05 2.7711e-05 2.809e-05 2.7991e-05 2.8108e-05 2.8197e-05 2.8199e-05 2.8171e-05 2.8222e-05 2.8137e-05 2.8139e-05 2.8166e-05 2.8094e-05 2.8094e-05 2.8053e-05 2.7971e-05 2.7732e-05 2.7723e-05 2.7672e-05 2.7789e-05 2.8104e-05 2.8161e-05 2.8216e-05 2.8244e-05 2.8141e-05 2.8463e-05 2.8497e-05 2.8124e-05 2.8111e-05 2.797e-05 2.7887e-05 2.8227e-05 2.8441e-05 2.8471e-05 2.8465e-05 2.8256e-05 2.8076e-05 2.8114e-05 2.8185e-05 2.8466e-05 2.8143e-05 2.7986e-05 2.811e-05 2.8029e-05 2.8063e-05 2.8064e-05 2.8067e-05 2.8066e-05 2.8057e-05 2.835e-05 2.8328e-05 2.8235e-05 2.8045e-05 2.8447e-05 2.8457e-05 2.8384e-05 2.8391e-05 2.8424e-05 2.8403e-05 2.8304e-05 2.8251e-05 2.8185e-05 2.8364e-05 2.8139e-05 2.8162e-05 2.823e-05 2.8221e-05 2.8209e-05 2.8227e-05 2.8259e-05 2.828e-05 2.8199e-05 2.8088e-05 2.8121e-05 2.8146e-05 2.8168e-05 2.8053e-05 2.8233e-05 2.8137e-05 2.8048e-05 2.8177e-05 2.814e-05 2.8197e-05 2.8287e-05 2.836e-05 2.8413e-05 2.8423e-05 2.8499e-05 2.8498e-05 2.8492e-05 2.8403e-05 2.828e-05 2.8056e-05 2.7827e-05 2.7536e-05 2.725e-05 2.6932e-05 2.6824e-05 2.6669e-05 2.6611e-05 2.6524e-05 2.6536e-05 2.6529e-05 2.66e-05 2.6597e-05 2.6648e-05 2.6729e-05 2.6604e-05 2.6826e-05 2.7836e-05 2.7861e-05 2.8254e-05 2.8454e-05 2.8486e-05 2.8185e-05 2.8004e-05 2.841e-05 2.8336e-05 2.8158e-05 2.8425e-05 2.8173e-05 2.7967e-05 2.8046e-05 2.8151e-05 2.8311e-05 2.824e-05 2.8269e-05 2.8362e-05 2.8368e-05 2.8336e-05 2.8307e-05 2.8134e-05 2.831e-05 2.8328e-05 2.8367e-05 2.8339e-05 2.8342e-05 2.8326e-05 2.8206e-05 2.824e-05 2.8338e-05 2.8326e-05 2.8269e-05 2.8118e-05 2.8325e-05 2.8214e-05 2.8308e-05 2.8203e-05 2.8085e-05 2.822e-05 2.8035e-05 2.8069e-05 2.8159e-05 2.8205e-05 2.8267e-05 2.829e-05 2.8329e-05
2.809e-05 2.8165e-05 2.8125e-05 2.8243e-05 2.8431e-05 2.8467e-05 2.8484e-05 2.8325e-05 2.8322e-05 2.8053e-05 2.8188e-05 2.8048e-05 2.8048e-05 2.7997e-05 2.8086e-05 2.8027e-05 2.8008e-05 2.802e-05 2.7797e-05 2.7876e-05 2.7977e-05 2.806e-05 2.7827e-05 2.7787e-05 2.7982e-05 2.7914e-05 2.8028e-05 2.8194e-05 2.8187e-05 2.8185e-05 2.8132e-05 2.8201e-05 2.8098e-05 2.7729e-05 2.7722e-05 2.7788e-05 2.7872e-05 2.787e-05 2.7885e-05 2.7729e-05 2.7675e-05 2.7696e-05 2.7748e-05 2.8013e-05 2.812e-05 2.8176e-05 2.8186e-05 2.8183e-05 2.8162e-05 2.8131e-05 2.8075e-05 2.7978e-05 2.7835e-05 2.7774e-05 2.7859e-05 2.7999e-05 2.8313e-05 2.8331e-05 2.8142e-05 2.8081e-05 2.8494e-05 2.8497e-05 2.848e-05 2.8407e-05 2.8104e-05 2.7915e-05 2.8043e-05 2.8031e-05 2.8058e-05 2.7985e-05 2.7974e-05 2.8116e-05 2.8259e-05 2.8486e-05 2.8481e-05 2.8409e-05 2.8422e-05 2.8471e-05 2.8371e-05 2.8405e-05 2.8411e-05 2.839e-05 2.8321e-05 2.8224e-05 2.8244e-05 2.8103e-05 2.8146e-05 2.8478e-05 2.8365e-05 2.823e-05 2.8185e-05 2.8217e-05 2.8369e-05 2.8378e-05 2.8227e-05 2.8177e-05 2.7967e-05 2.8284e-05 2.8073e-05 2.8074e-05 2.8057e-05 2.806e-05 2.8145e-05 2.8249e-05 2.8277e-05 2.8171e-05 2.8159e-05 2.837e-05 2.8413e-05 2.8478e-05 2.8412e-05 2.8498e-05 2.8431e-05 2.8218e-05 2.7855e-05 2.7539e-05 2.7245e-05 2.7057e-05 2.6806e-05 2.665e-05 2.6419e-05 2.6282e-05 2.6415e-05 2.6425e-05 2.6763e-05 2.6561e-05 2.6526e-05 2.6485e-05 2.6535e-05 2.6553e-05 2.6543e-05 2.6536e-05 2.6631e-05 2.6835e-05 2.7457e-05 2.7905e-05 2.8472e-05 2.8481e-05 2.8499e-05 2.8442e-05 2.848e-05 2.8358e-05 2.8064e-05 2.8228e-05 2.8274e-05 2.7995e-05 2.8201e-05 2.8134e-05 2.828e-05 2.8318e-05 2.8128e-05 2.8265e-05 2.8262e-05 2.8248e-05 2.8211e-05 2.8333e-05 2.8272e-05 2.8215e-05 2.8115e-05 2.8128e-05 2.7749e-05 2.8012e-05 2.8232e-05 2.8204e-05 2.8096e-05 2.8258e-05 2.8359e-05 2.8433e-05 2.8279e-05 2.8419e-05 2.8396e-05 2.8325e-05 2.831e-05 2.8172e-05 2.8044e-05 2.7916e-05 2.7977e-05 2.8048e-05 2.8158e-05 2.8206e-05
2.8037e-05 2.8187e-05 2.8107e-05 2.8096e-05 2.8301e-05 2.8428e-05 2.8269e-05 2.8118e-05 2.8265e-05 2.8146e-05 2.8053e-05 2.8093e-05 2.7785e-05 2.8191e-05 2.784e-05 2.7913e-05 2.7658e-05 2.7732e-05 2.7978e-05 2.7907e-05 2.8057e-05 2.7865e-05 2.7977e-05 2.8075e-05 2.8061e-05 2.8211e-05 2.8008e-05 2.8113e-05 2.8168e-05 2.816e-05 2.8163e-05 2.8162e-05 2.8185e-05 2.7933e-05 2.7872e-05 2.7917e-05 2.8005e-05 2.8022e-05 2.8017e-05 2.7924e-05 2.7796e-05 2.7753e-05 2.7864e-05 2.7898e-05 2.7856e-05 2.8052e-05 2.8055e-05 2.8084e-05 2.8019e-05 2.8033e-05 2.7928e-05 2.7877e-05 2.7765e-05 2.7765e-05 2.7754e-05 2.7859e-05 2.7956e-05 2.7955e-05 2.8111e-05 2.8252e-05 2.7959e-05 2.8452e-05 2.8373e-05 2.8487e-05 2.8491e-05 2.8026e-05 2.7921e-05 2.7938e-05 2.797e-05 2.7928e-05 2.7954e-05 2.8059e-05 2.8174e-05 2.85e-05 2.8494e-05 2.8498e-05 2.8397e-05 2.8384e-05 2.833e-05 2.8182e-05 2.8367e-05 2.8304e-05 2.8277e-05 2.8263e-05 2.8166e-05 2.8182e-05 2.8107e-05 2.8184e-05 2.8277e-05 2.8243e-05 2.8271e-05 2.8274e-05 2.8408e-05 2.8261e-05 2.8194e-05 2.7977e-05 2.8077e-05 2.8032e-05 2.8144e-05 2.8298e-05 2.8086e-05 2.7961e-05 2.8034e-05 2.8137e-05 2.8381e-05 2.8386e-05 2.8274e-05 2.8359e-05 2.8455e-05 2.844e-05 2.8409e-05 2.8476e-05 2.8474e-05 2.8364e-05 2.7279e-05 2.6765e-05 2.6598e-05 2.6333e-05 2.6194e-05 2.6435e-05 2.6594e-05 2.6493e-05 2.6365e-05 2.6399e-05 2.6543e-05 2.6654e-05 2.6739e-05 2.6592e-05 2.6525e-05 2.6567e-05 2.6562e-05 2.6635e-05 2.6629e-05 2.6664e-05 2.6877e-05 2.7305e-05 2.7784e-05 2.8344e-05 2.8491e-05 2.8499e-05 2.8493e-05 2.848e-05 2.8381e-05 2.8246e-05 2.8396e-05 2.8389e-05 2.8246e-05 2.8341e-05 2.8323e-05 2.8321e-05 2.8324e-05 2.815e-05 2.8103e-05 2.8213e-05 2.8088e-05 2.8178e-05 2.8199e-05 2.8016e-05 2.7902e-05 2.812e-05 2.8336e-05 2.8367e-05 2.8098e-05 2.8072e-05 2.823e-05 2.8371e-05 2.8334e-05 2.8381e-05 2.8423e-05 2.84e-05 2.8388e-05 2.8374e-05 2.8133e-05 2.8146e-05 2.8044e-05 2.8219e-05 2.811e-05 2.8064e-05 2.8181e-05 2.8139e-05
2.8192e-05 2.8215e-05 2.8173e-05 2.8188e-05 2.8266e-05 2.8253e-05 2.8286e-05 2.8296e-05 2.8327e-05 2.8088e-05 2.8017e-05 2.818e-05 2.8023e-05 2.7957e-05 2.7984e-05 2.7986e-05 2.8284e-05 2.7961e-05 2.8084e-05 2.812e-05 2.8049e-05 2.8142e-05 2.8337e-05 2.8015e-05 2.8131e-05 2.8214e-05 2.815e-05 2.811e-05 2.8112e-05 2.8099e-05 2.8056e-05 2.8086e-05 2.8064e-05 2.8e-05 2.8001e-05 2.7988e-05 2.7997e-05 2.8006e-05 2.8039e-05 2.8043e-05 2.7936e-05 2.7903e-05 2.7959e-05 2.793e-05 2.7926e-05 2.7982e-05 2.7983e-05 2.7915e-05 2.7859e-05 2.7798e-05 2.7773e-05 2.7771e-05 2.7757e-05 2.7606e-05 2.7549e-05 2.7903e-05 2.8037e-05 2.8082e-05 2.8202e-05 2.8282e-05 2.8377e-05 2.8362e-05 2.8457e-05 2.8481e-05 2.8498e-05 2.8307e-05 2.8123e-05 2.7571e-05 2.766e-05 2.7835e-05 2.7899e-05 2.7994e-05 2.8381e-05 2.847e-05 2.85e-05 2.8485e-05 2.8355e-05 2.8341e-05 2.8335e-05 2.8498e-05 2.8234e-05 2.8294e-05 2.821e-05 2.8195e-05 2.8173e-05 2.8142e-05 2.8141e-05 2.8291e-05 2.8285e-05 2.8256e-05 2.8219e-05 2.8245e-05 2.832e-05 2.824e-05 2.8176e-05 2.8211e-05 2.809e-05 2.8099e-05 2.8084e-05 2.8302e-05 2.7825e-05 2.8034e-05 2.8094e-05 2.8118e-05 2.8301e-05 2.8112e-05 2.8292e-05 2.8358e-05 2.8412e-05 2.842e-05 2.8444e-05 2.8428e-05 2.8472e-05 2.7969e-05 2.6745e-05 2.656e-05 2.6229e-05 2.6191e-05 2.6396e-05 2.6269e-05 2.6337e-05 2.6254e-05 2.6307e-05 2.6312e-05 2.639e-05 2.6267e-05 2.6224e-05 2.6546e-05 2.6606e-05 2.6432e-05 2.6569e-05 2.6609e-05 2.6609e-05 2.6659e-05 2.6885e-05 2.7018e-05 2.7528e-05 2.8151e-05 2.8457e-05 2.8496e-05 2.8494e-05 2.85e-05 2.8109e-05 2.84e-05 2.8404e-05 2.834e-05 2.8365e-05 2.8284e-05 2.8248e-05 2.8337e-05 2.8243e-05 2.8184e-05 2.8274e-05 2.8168e-05 2.8195e-05 2.8085e-05 2.8011e-05 2.8038e-05 2.7877e-05 2.7635e-05 2.8054e-05 2.7967e-05 2.8133e-05 2.8377e-05 2.8407e-05 2.838e-05 2.824e-05 2.8413e-05 2.8275e-05 2.8298e-05 2.8374e-05 2.8346e-05 2.8131e-05 2.8143e-05 2.8208e-05 2.7899e-05 2.7916e-05 2.8102e-05 2.8164e-05 2.8134e-05
2.8349e-05 2.8119e-05 2.838e-05 2.8283e-05 2.8347e-05 2.8249e-05 2.8283e-05 2.8272e-05 2.8209e-05 2.8136e-05 2.8009e-05 2.8044e-05 2.797e-05 2.7908e-05 2.8015e-05 2.8026e-05 2.8145e-05 2.8172e-05 2.8126e-05 2.8117e-05 2.7956e-05 2.8033e-05 2.8095e-05 2.8098e-05 2.8006e-05 2.8122e-05 2.8149e-05 2.8149e-05 2.7936e-05 2.8032e-05 2.7987e-05 2.8071e-05 2.8085e-05 2.7963e-05 2.7968e-05 2.7965e-05 2.7974e-05 2.8009e-05 2.8068e-05 2.8097e-05 2.7913e-05 2.7827e-05 2.75e-05 2.7525e-05 2.7794e-05 2.7914e-05 2.7864e-05 2.7785e-05 2.7797e-05 2.7709e-05 2.7673e-05 2.7678e-05 2.7647e-05 2.7678e-05 2.7694e-05 2.7935e-05 2.7967e-05 2.8045e-05 2.8056e-05 2.8176e-05 2.8173e-05 2.8205e-05 2.8346e-05 2.82e-05 2.85e-05 2.8498e-05 2.8426e-05 2.837e-05 2.8299e-05 2.8241e-05 2.8324e-05 2.8339e-05 2.8498e-05 2.8467e-05 2.8493e-05 2.8387e-05 2.8361e-05 2.8405e-05 2.8374e-05 2.8401e-05 2.8339e-05 2.8475e-05 2.8212e-05 2.8269e-05 2.8219e-05 2.8216e-05 2.8172e-05 2.8303e-05 2.8291e-05 2.8215e-05 2.8189e-05 2.8247e-05 2.826e-05 2.8229e-05 2.8218e-05 2.8142e-05 2.823e-05 2.8134e-05 2.8246e-05 2.8083e-05 2.8058e-05 2.8094e-05 2.8044e-05 2.7912e-05 2.7931e-05 2.8059e-05 2.8263e-05 2.8466e-05 2.8327e-05 2.8399e-05 2.8414e-05 2.845e-05 2.8411e-05 2.7375e-05 2.6624e-05 2.6315e-05 2.6324e-05 2.6419e-05 2.6338e-05 2.6216e-05 2.629e-05 2.6294e-05 2.6385e-05 2.627e-05 2.6295e-05 2.6529e-05 2.6473e-05 2.6503e-05 2.6411e-05 2.6511e-05 2.6579e-05 2.6595e-05 2.6672e-05 2.68e-05 2.7206e-05 2.7252e-05 2.7511e-05 2.7985e-05 2.8436e-05 2.846e-05 2.8495e-05 2.8489e-05 2.8495e-05 2.8487e-05 2.8456e-05 2.8425e-05 2.8363e-05 2.8309e-05 2.8318e-05 2.8462e-05 2.8377e-05 2.8336e-05 2.8319e-05 2.8205e-05 2.8188e-05 2.8094e-05 2.7996e-05 2.7991e-05 2.8016e-05 2.8025e-05 2.7951e-05 2.7985e-05 2.8204e-05 2.8417e-05 2.8451e-05 2.845e-05 2.8402e-05 2.8375e-05 2.8273e-05 2.8332e-05 2.8326e-05 2.8362e-05 2.7955e-05 2.8201e-05 2.8214e-05 2.8406e-05 2.8114e-05 2.8188e-05 2.828e-05 2.8264e-05
2.8395e-05 2.8371e-05 2.8378e-05 2.8455e-05 2.8415e-05 2.8225e-05 2.8256e-05 2.823e-05 2.8389e-05 2.8473e-05 2.8484e-05 2.85e-05 2.8308e-05 2.8043e-05 2.8126e-05 2.8098e-05 2.7942e-05 2.8031e-05 2.7939e-05 2.8048e-05 2.7932e-05 2.8114e-05 2.8097e-05 2.8094e-05 2.8032e-05 2.7753e-05 2.7929e-05 2.7991e-05 2.8065e-05 2.7915e-05 2.7877e-05 2.796e-05 2.79e-05 2.7903e-05 2.7827e-05 2.7925e-05 2.7949e-05 2.8006e-05 2.8019e-05 2.7336e-05 2.7235e-05 2.718e-05 2.6635e-05 2.656e-05 2.6583e-05 2.7284e-05 2.7284e-05 2.7286e-05 2.7535e-05 2.7649e-05 2.7556e-05 2.769e-05 2.7599e-05 2.7661e-05 2.7648e-05 2.7669e-05 2.7701e-05 2.787e-05 2.8165e-05 2.81e-05 2.7988e-05 2.7808e-05 2.8244e-05 2.8425e-05 2.8407e-05 2.8498e-05 2.8494e-05 2.8493e-05 2.8418e-05 2.8395e-05 2.8416e-05 2.8497e-05 2.8468e-05 2.8477e-05 2.8482e-05 2.848e-05 2.8449e-05 2.8444e-05 2.8434e-05 2.8338e-05 2.8381e-05 2.835e-05 2.8256e-05 2.8255e-05 2.82e-05 2.8204e-05 2.8268e-05 2.8331e-05 2.8323e-05 2.8281e-05 2.8205e-05 2.8276e-05 2.8181e-05 2.8196e-05 2.8234e-05 2.8075e-05 2.8028e-05 2.8188e-05 2.8164e-05 2.8124e-05 2.8017e-05 2.8052e-05 2.7885e-05 2.7806e-05 2.8305e-05 2.8095e-05 2.8205e-05 2.837e-05 2.8369e-05 2.8372e-05 2.843e-05 2.8474e-05 2.8426e-05 2.7357e-05 2.6761e-05 2.6313e-05 2.631e-05 2.6555e-05 2.6272e-05 2.6262e-05 2.6266e-05 2.6327e-05 2.624e-05 2.6196e-05 2.6337e-05 2.6534e-05 2.6414e-05 2.6387e-05 2.647e-05 2.6414e-05 2.6503e-05 2.6611e-05 2.6883e-05 2.7129e-05 2.7252e-05 2.7368e-05 2.7669e-05 2.8061e-05 2.8281e-05 2.8451e-05 2.8374e-05 2.8473e-05 2.8437e-05 2.8473e-05 2.8266e-05 2.8263e-05 2.8369e-05 2.8393e-05 2.8406e-05 2.8395e-05 2.8371e-05 2.8379e-05 2.8375e-05 2.8187e-05 2.8143e-05 2.8123e-05 2.8045e-05 2.819e-05 2.8161e-05 2.8089e-05 2.8075e-05 2.8048e-05 2.8245e-05 2.8353e-05 2.8389e-05 2.836e-05 2.8384e-05 2.8363e-05 2.8149e-05 2.828e-05 2.8283e-05 2.805e-05 2.802e-05 2.8246e-05 2.8223e-05 2.8274e-05 2.8264e-05 2.8325e-05 2.8375e-05 2.8287e-05
2.8364e-05 2.8389e-05 2.8317e-05 2.8206e-05 2.8431e-05 2.8221e-05 2.8328e-05 2.8292e-05 2.8069e-05 2.8215e-05 2.849e-05 2.8491e-05 2.8152e-05 2.8051e-05 2.8232e-05 2.8143e-05 2.8223e-05 2.8081e-05 2.8158e-05 2.8173e-05 2.8225e-05 2.799e-05 2.8233e-05 2.8228e-05 2.8144e-05 2.8143e-05 2.8076e-05 2.7981e-05 2.8028e-05 2.7989e-05 2.7948e-05 2.7342e-05 2.7693e-05 2.7829e-05 2.7831e-05 2.7889e-05 2.7936e-05 2.7925e-05 2.7693e-05 2.7635e-05 2.7441e-05 2.7034e-05 2.6931e-05 2.6958e-05 2.7073e-05 2.7113e-05 2.708e-05 2.7162e-05 2.6977e-05 2.7324e-05 2.7556e-05 2.7567e-05 2.7578e-05 2.7613e-05 2.7665e-05 2.7678e-05 2.7757e-05 2.7866e-05 2.7893e-05 2.8054e-05 2.8059e-05 2.8111e-05 2.7965e-05 2.8043e-05 2.8297e-05 2.816e-05 2.8431e-05 2.8458e-05 2.8483e-05 2.8483e-05 2.8483e-05 2.8486e-05 2.8493e-05 2.8471e-05 2.8488e-05 2.8475e-05 2.8461e-05 2.8422e-05 2.8386e-05 2.8392e-05 2.8376e-05 2.8388e-05 2.8359e-05 2.8283e-05 2.8271e-05 2.8199e-05 2.8304e-05 2.8388e-05 2.8287e-05 2.8272e-05 2.8334e-05 2.8346e-05 2.8322e-05 2.8194e-05 2.828e-05 2.814e-05 2.8144e-05 2.8133e-05 2.8121e-05 2.8266e-05 2.8036e-05 2.8112e-05 2.7977e-05 2.8011e-05 2.7981e-05 2.7966e-05 2.8203e-05 2.8319e-05 2.8383e-05 2.8392e-05 2.8394e-05 2.8498e-05 2.8398e-05 2.7778e-05 2.6848e-05 2.6285e-05 2.6198e-05 2.6241e-05 2.6398e-05 2.6296e-05 2.62e-05 2.6247e-05 2.621e-05 2.6197e-05 2.6299e-05 2.6416e-05 2.6293e-05 2.6388e-05 2.6346e-05 2.6481e-05 2.6581e-05 2.6789e-05 2.7069e-05 2.722e-05 2.7446e-05 2.7591e-05 2.7705e-05 2.7884e-05 2.8312e-05 2.8498e-05 2.8499e-05 2.8445e-05 2.8406e-05 2.8393e-05 2.838e-05 2.8425e-05 2.848e-05 2.8414e-05 2.8222e-05 2.8382e-05 2.8395e-05 2.842e-05 2.8356e-05 2.8306e-05 2.8197e-05 2.8276e-05 2.8198e-05 2.8105e-05 2.8285e-05 2.8233e-05 2.814e-05 2.8097e-05 2.8105e-05 2.8181e-05 2.8279e-05 2.8315e-05 2.842e-05 2.8379e-05 2.8306e-05 2.8299e-05 2.8324e-05 2.8268e-05 2.8362e-05 2.8335e-05 2.8342e-05 2.826e-05 2.8301e-05 2.8364e-05 2.8401e-05 2.8429e-05
2.8432e-05 2.8394e-05 2.8391e-05 2.8294e-05 2.8497e-05 2.8466e-05 2.8378e-05 2.8147e-05 2.798e-05 2.778e-05 2.7679e-05 2.8005e-05 2.7953e-05 2.8225e-05 2.834e-05 2.833e-05 2.8331e-05 2.8331e-05 2.8284e-05 2.8253e-05 2.8249e-05 2.8242e-05 2.8144e-05 2.8203e-05 2.8099e-05 2.7983e-05 2.8006e-05 2.7856e-05 2.7815e-05 2.7993e-05 2.7955e-05 2.7655e-05 2.7706e-05 2.7509e-05 2.774e-05 2.745e-05 2.7639e-05 2.7027e-05 2.7066e-05 2.7623e-05 2.701e-05 2.6774e-05 2.7173e-05 2.7183e-05 2.7154e-05 2.7138e-05 2.7203e-05 2.7431e-05 2.7234e-05 2.7226e-05 2.7159e-05 2.7357e-05 2.7552e-05 2.7718e-05 2.7723e-05 2.7757e-05 2.7725e-05 2.7912e-05 2.7954e-05 2.7901e-05 2.7895e-05 2.8137e-05 2.8134e-05 2.8244e-05 2.8385e-05 2.8411e-05 2.8466e-05 2.8485e-05 2.8136e-05 2.85e-05 2.8466e-05 2.848e-05 2.8485e-05 2.8497e-05 2.8485e-05 2.8458e-05 2.8437e-05 2.8432e-05 2.8437e-05 2.8387e-05 2.8325e-05 2.8283e-05 2.8196e-05 2.8495e-05 2.8294e-05 2.8232e-05 2.8239e-05 2.8203e-05 2.8373e-05 2.8271e-05 2.8311e-05 2.835e-05 2.8338e-05 2.8277e-05 2.8141e-05 2.8231e-05 2.8119e-05 2.8094e-05 2.8231e-05 2.822e-05 2.8019e-05 2.8006e-05 2.7957e-05 2.8015e-05 2.8076e-05 2.8072e-05 2.8457e-05 2.8221e-05 2.8362e-05 2.842e-05 2.8438e-05 2.8458e-05 2.85e-05 2.7995e-05 2.7373e-05 2.6437e-05 2.6194e-05 2.6101e-05 2.6014e-05 2.6287e-05 2.6262e-05 2.6252e-05 2.6408e-05 2.6212e-05 2.6377e-05 2.6348e-05 2.6418e-05 2.6382e-05 2.6404e-05 2.6446e-05 2.6515e-05 2.6909e-05 2.7276e-05 2.7427e-05 2.7643e-05 2.7775e-05 2.8012e-05 2.8295e-05 2.8438e-05 2.8497e-05 2.8452e-05 2.8454e-05 2.8343e-05 2.8347e-05 2.8307e-05 2.8345e-05 2.8415e-05 2.842e-05 2.8412e-05 2.8383e-05 2.8421e-05 2.8386e-05 2.8363e-05 2.8347e-05 2.8303e-05 2.8311e-05 2.8373e-05 2.8314e-05 2.829e-05 2.8072e-05 2.8177e-05 2.8172e-05 2.802e-05 2.8013e-05 2.8232e-05 2.8293e-05 2.842e-05 2.831e-05 2.8319e-05 2.8356e-05 2.8393e-05 2.8386e-05 2.838e-05 2.8374e-05 2.8323e-05 2.828e-05 2.8435e-05 2.846e-05 2.8437e-05 2.8491e-05
2.8432e-05 2.8497e-05 2.8397e-05 2.8205e-05 2.8367e-05 2.8185e-05 2.8182e-05 2.8216e-05 2.8022e-05 2.7776e-05 2.7732e-05 2.8001e-05 2.8221e-05 2.827e-05 2.8318e-05 2.8295e-05 2.833e-05 2.7897e-05 2.8261e-05 2.8241e-05 2.822e-05 2.816e-05 2.8166e-05 2.8095e-05 2.7933e-05 2.801e-05 2.795e-05 2.7905e-05 2.7732e-05 2.7779e-05 2.7678e-05 2.7633e-05 2.7668e-05 2.7574e-05 2.7618e-05 2.7672e-05 2.7448e-05 2.6993e-05 2.7029e-05 2.7012e-05 2.6844e-05 2.7164e-05 2.7389e-05 2.7357e-05 2.7253e-05 2.7337e-05 2.7278e-05 2.7304e-05 2.7389e-05 2.7407e-05 2.7354e-05 2.7081e-05 2.733e-05 2.7667e-05 2.7779e-05 2.7847e-05 2.7847e-05 2.7854e-05 2.7863e-05 2.7896e-05 2.7957e-05 2.8018e-05 2.8014e-05 2.8334e-05 2.832e-05 2.8149e-05 2.8224e-05 2.834e-05 2.832e-05 2.8481e-05 2.8473e-05 2.8498e-05 2.8448e-05 2.8385e-05 2.8413e-05 2.8445e-05 2.8446e-05 2.8442e-05 2.848e-05 2.8422e-05 2.8336e-05 2.8251e-05 2.8306e-05 2.8256e-05 2.8283e-05 2.8184e-05 2.8163e-05 2.8197e-05 2.8238e-05 2.8267e-05 2.8274e-05 2.8329e-05 2.8304e-05 2.818e-05 2.8186e-05 2.8177e-05 2.8251e-05 2.8342e-05 2.8119e-05 2.8076e-05 2.8091e-05 2.79e-05 2.7943e-05 2.8073e-05 2.8123e-05 2.8106e-05 2.8133e-05 2.8244e-05 2.8412e-05 2.8359e-05 2.8353e-05 2.8421e-05 2.8475e-05 2.8496e-05 2.8079e-05 2.7385e-05 2.6307e-05 2.6181e-05 2.6069e-05 2.6046e-05 2.6274e-05 2.6283e-05 2.607e-05 2.6086e-05 2.64e-05 2.6362e-05 2.6386e-05 2.6435e-05 2.6408e-05 2.6474e-05 2.678e-05 2.749e-05 2.7793e-05 2.7785e-05 2.7909e-05 2.8076e-05 2.8026e-05 2.8305e-05 2.8333e-05 2.8362e-05 2.8495e-05 2.8418e-05 2.8216e-05 2.8337e-05 2.8273e-05 2.8314e-05 2.8354e-05 2.8376e-05 2.8407e-05 2.8425e-05 2.8391e-05 2.8342e-05 2.816e-05 2.8173e-05 2.8187e-05 2.8276e-05 2.8188e-05 2.8126e-05 2.8228e-05 2.8294e-05 2.8222e-05 2.8124e-05 2.8266e-05 2.8318e-05 2.8261e-05 2.8263e-05 2.8215e-05 2.8287e-05 2.828e-05 2.8142e-05 2.8416e-05 2.8419e-05 2.835e-05 2.8334e-05 2.8377e-05 2.8399e-05 2.8487e-05 2.8466e-05 2.8396e-05 2.8236e-05
2.8442e-05 2.8459e-05 2.8199e-05 2.8145e-05 2.8205e-05 2.7939e-05 2.8067e-05 2.7783e-05 2.779e-05 2.7978e-05 2.7958e-05 2.8044e-05 2.8241e-05 2.8285e-05 2.8376e-05 2.8264e-05 2.8333e-05 2.8342e-05 2.8243e-05 2.8241e-05 2.8022e-05 2.8159e-05 2.8136e-05 2.8126e-05 2.8028e-05 2.7943e-05 2.7946e-05 2.7882e-05 2.7808e-05 2.7718e-05 2.7665e-05 2.7405e-05 2.7527e-05 2.7455e-05 2.7351e-05 2.7408e-05 2.7196e-05 2.6896e-05 2.6847e-05 2.6646e-05 2.6719e-05 2.7175e-05 2.7449e-05 2.7328e-05 2.7555e-05 2.7357e-05 2.7637e-05 2.7662e-05 2.7578e-05 2.7592e-05 2.7398e-05 2.7106e-05 2.6862e-05 2.7371e-05 2.7659e-05 2.7842e-05 2.7833e-05 2.7859e-05 2.7874e-05 2.7872e-05 2.7996e-05 2.8132e-05 2.8118e-05 2.8322e-05 2.8345e-05 2.836e-05 2.8353e-05 2.835e-05 2.8331e-05 2.8288e-05 2.8345e-05 2.8469e-05 2.8464e-05 2.8387e-05 2.8471e-05 2.8388e-05 2.8475e-05 2.8431e-05 2.842e-05 2.8439e-05 2.8391e-05 2.8342e-05 2.8403e-05 2.8305e-05 2.8286e-05 2.8249e-05 2.8231e-05 2.8196e-05 2.82e-05 2.823e-05 2.8243e-05 2.815e-05 2.8215e-05 2.8267e-05 2.8199e-05 2.8238e-05 2.8169e-05 2.8244e-05 2.8154e-05 2.7992e-05 2.8044e-05 2.7986e-05 2.7908e-05 2.7981e-05 2.8058e-05 2.8094e-05 2.8101e-05 2.8075e-05 2.8273e-05 2.8354e-05 2.8315e-05 2.8299e-05 2.8241e-05 2.835e-05 2.8473e-05 2.8232e-05 2.7021e-05 2.6486e-05 2.6263e-05 2.6129e-05 2.6135e-05 2.6039e-05 2.6343e-05 2.642e-05 2.6344e-05 2.6348e-05 2.6445e-05 2.6459e-05 2.6789e-05 2.7186e-05 2.7407e-05 2.7896e-05 2.8202e-05 2.8243e-05 2.8269e-05 2.8277e-05 2.817e-05 2.8245e-05 2.841e-05 2.8439e-05 2.8499e-05 2.8423e-05 2.8339e-05 2.8308e-05 2.8263e-05 2.8249e-05 2.8299e-05 2.8288e-05 2.8321e-05 2.8358e-05 2.8349e-05 2.828e-05 2.8235e-05 2.8178e-05 2.8014e-05 2.798e-05 2.8022e-05 2.8e-05 2.8215e-05 2.8083e-05 2.819e-05 2.827e-05 2.813e-05 2.8216e-05 2.8179e-05 2.8157e-05 2.8271e-05 2.8309e-05 2.8368e-05 2.8253e-05 2.8319e-05 2.8429e-05 2.8227e-05 2.8362e-05 2.8366e-05 2.8404e-05 2.8434e-05 2.8393e-05 2.8316e-05 2.832e-05
2.8427e-05 2.8257e-05 2.8214e-05 2.819e-05 2.7992e-05 2.8018e-05 2.7853e-05 2.7992e-05 2.8036e-05 2.799e-05 2.8048e-05 2.806e-05 2.8182e-05 2.8265e-05 2.8336e-05 2.8333e-05 2.8333e-05 2.8216e-05 2.8157e-05 2.8241e-05 2.8119e-05 2.8136e-05 2.811e-05 2.8086e-05 2.8022e-05 2.8002e-05 2.7933e-05 2.7867e-05 2.7764e-05 2.7661e-05 2.7568e-05 2.7515e-05 2.75e-05 2.731e-05 2.7259e-05 2.7432e-05 2.7164e-05 2.6834e-05 2.6878e-05 2.6641e-05 2.6934e-05 2.7185e-05 2.7309e-05 2.7494e-05 2.757e-05 2.7643e-05 2.765e-05 2.772e-05 2.7718e-05 2.7757e-05 2.7465e-05 2.7105e-05 2.7229e-05 2.7264e-05 2.7313e-05 2.7302e-05 2.7734e-05 2.7925e-05 2.791e-05 2.8015e-05 2.8143e-05 2.825e-05 2.8317e-05 2.8332e-05 2.8372e-05 2.836e-05 2.8378e-05 2.8407e-05 2.8389e-05 2.8376e-05 2.8398e-05 2.85e-05 2.8386e-05 2.833e-05 2.8394e-05 2.8371e-05 2.8392e-05 2.8415e-05 2.8449e-05 2.8445e-05 2.8465e-05 2.845e-05 2.8393e-05 2.8389e-05 2.8358e-05 2.8254e-05 2.8173e-05 2.813e-05 2.819e-05 2.8205e-05 2.8205e-05 2.823e-05 2.8152e-05 2.8219e-05 2.8239e-05 2.8209e-05 2.823e-05 2.8195e-05 2.8182e-05 2.8053e-05 2.8042e-05 2.8186e-05 2.8089e-05 2.803e-05 2.8114e-05 2.8167e-05 2.8195e-05 2.8107e-05 2.8289e-05 2.835e-05 2.8404e-05 2.8304e-05 2.8395e-05 2.8375e-05 2.8499e-05 2.8499e-05 2.8248e-05 2.7949e-05 2.7733e-05 2.665e-05 2.6376e-05 2.6198e-05 2.6487e-05 2.6389e-05 2.6452e-05 2.6415e-05 2.6559e-05 2.6768e-05 2.7691e-05 2.8191e-05 2.7852e-05 2.8017e-05 2.8328e-05 2.834e-05 2.8373e-05 2.8473e-05 2.8481e-05 2.8417e-05 2.8433e-05 2.8491e-05 2.8498e-05 2.8348e-05 2.8354e-05 2.828e-05 2.833e-05 2.8195e-05 2.8237e-05 2.823e-05 2.8237e-05 2.8261e-05 2.8294e-05 2.8237e-05 2.8175e-05 2.8176e-05 2.8066e-05 2.8042e-05 2.8239e-05 2.7978e-05 2.7923e-05 2.7865e-05 2.8217e-05 2.831e-05 2.8414e-05 2.825e-05 2.8302e-05 2.835e-05 2.8382e-05 2.8356e-05 2.8362e-05 2.8333e-05 2.8287e-05 2.8358e-05 2.8263e-05 2.8337e-05 2.8334e-05 2.8295e-05 2.8336e-05 2.8373e-05 2.8365e-05 2.8353e-05
2.8424e-05 2.8248e-05 2.7844e-05 2.8187e-05 2.7987e-05 2.794e-05 2.8115e-05 2.7986e-05 2.8072e-05 2.8015e-05 2.8014e-05 2.8094e-05 2.8253e-05 2.831e-05 2.8335e-05 2.8321e-05 2.831e-05 2.8005e-05 2.8264e-05 2.8253e-05 2.82e-05 2.8109e-05 2.8105e-05 2.8066e-05 2.8038e-05 2.7984e-05 2.7929e-05 2.783e-05 2.7724e-05 2.7631e-05 2.7545e-05 2.7439e-05 2.7373e-05 2.7357e-05 2.7344e-05 2.7098e-05 2.7112e-05 2.6967e-05 2.6557e-05 2.631e-05 2.6903e-05 2.7232e-05 2.7367e-05 2.7467e-05 2.7576e-05 2.767e-05 2.7728e-05 2.7772e-05 2.7806e-05 2.7805e-05 2.7793e-05 2.7747e-05 2.7524e-05 2.753e-05 2.7501e-05 2.7274e-05 2.7372e-05 2.753e-05 2.7898e-05 2.7996e-05 2.8159e-05 2.8335e-05 2.8366e-05 2.8356e-05 2.8469e-05 2.8368e-05 2.8332e-05 2.8361e-05 2.8411e-05 2.8404e-05 2.844e-05 2.8484e-05 2.8437e-05 2.8359e-05 2.8411e-05 2.8461e-05 2.8422e-05 2.8416e-05 2.8478e-05 2.8465e-05 2.8456e-05 2.8458e-05 2.8414e-05 2.8437e-05 2.8299e-05 2.8293e-05 2.8253e-05 2.8182e-05 2.8147e-05 2.8204e-05 2.8247e-05 2.8236e-05 2.827e-05 2.8251e-05 2.8238e-05 2.8214e-05 2.8224e-05 2.8085e-05 2.8194e-05 2.8084e-05 2.8228e-05 2.8245e-05 2.8157e-05 2.8164e-05 2.8232e-05 2.8264e-05 2.8286e-05 2.8259e-05 2.8093e-05 2.8327e-05 2.8253e-05 2.839e-05 2.8425e-05 2.8444e-05 2.8289e-05 2.8373e-05 2.849e-05 2.8496e-05 2.8334e-05 2.8327e-05 2.8009e-05 2.799e-05 2.7516e-05 2.6845e-05 2.7261e-05 2.7162e-05 2.767e-05 2.7495e-05 2.8209e-05 2.8392e-05 2.8469e-05 2.8499e-05 2.8457e-05 2.8419e-05 2.8467e-05 2.85e-05 2.8495e-05 2.8496e-05 2.85e-05 2.8459e-05 2.845e-05 2.8389e-05 2.8325e-05 2.8289e-05 2.8276e-05 2.8234e-05 2.8226e-05 2.8246e-05 2.8246e-05 2.8257e-05 2.8268e-05 2.8206e-05 2.8198e-05 2.8061e-05 2.8132e-05 2.7999e-05 2.7845e-05 2.7928e-05 2.8178e-05 2.7842e-05 2.8154e-05 2.8282e-05 2.8328e-05 2.8196e-05 2.8338e-05 2.8114e-05 2.8325e-05 2.8372e-05 2.8309e-05 2.8274e-05 2.8323e-05 2.8287e-05 2.8228e-05 2.8264e-05 2.8302e-05 2.8339e-05 2.8293e-05 2.8334e-05 2.8367e-05 2.8406e-05
2.8346e-05 2.8233e-05 2.8229e-05 2.822e-05 2.8026e-05 2.7983e-05 2.8165e-05 2.789e-05 2.8029e-05 2.8137e-05 2.8105e-05 2.8234e-05 2.8206e-05 2.8251e-05 2.8337e-05 2.8275e-05 2.8339e-05 2.8103e-05 2.8259e-05 2.8087e-05 2.8096e-05 2.8102e-05 2.8063e-05 2.8054e-05 2.799e-05 2.7952e-05 2.7904e-05 2.7861e-05 2.7709e-05 2.7604e-05 2.7492e-05 2.739e-05 2.7269e-05 2.7266e-05 2.7213e-05 2.7267e-05 2.7332e-05 2.69e-05 2.6817e-05 2.6372e-05 2.6979e-05 2.7243e-05 2.736e-05 2.7492e-05 2.7604e-05 2.77e-05 2.7769e-05 2.7815e-05 2.7846e-05 2.7898e-05 2.7893e-05 2.7916e-05 2.7837e-05 2.7641e-05 2.7642e-05 2.7677e-05 2.7771e-05 2.7767e-05 2.774e-05 2.774e-05 2.7672e-05 2.8173e-05 2.8376e-05 2.8383e-05 2.8373e-05 2.8379e-05 2.8401e-05 2.8447e-05 2.8395e-05 2.8372e-05 2.8381e-05 2.8494e-05 2.85e-05 2.8498e-05 2.8469e-05 2.8401e-05 2.8458e-05 2.8461e-05 2.8487e-05 2.8486e-05 2.8483e-05 2.8481e-05 2.8466e-05 2.842e-05 2.8393e-05 2.8336e-05 2.8346e-05 2.8351e-05 2.8246e-05 2.8211e-05 2.8198e-05 2.8257e-05 2.8262e-05 2.8146e-05 2.8189e-05 2.8228e-05 2.8234e-05 2.8151e-05 2.8148e-05 2.8143e-05 2.8225e-05 2.83e-05 2.8136e-05 2.8238e-05 2.828e-05 2.8246e-05 2.8336e-05 2.8145e-05 2.8021e-05 2.8111e-05 2.8298e-05 2.8301e-05 2.8373e-05 2.833e-05 2.8311e-05 2.8337e-05 2.8353e-05 2.8497e-05 2.85e-05 2.8482e-05 2.8449e-05 2.8434e-05 2.8355e-05 2.8318e-05 2.8283e-05 2.8142e-05 2.801e-05 2.8153e-05 2.82e-05 2.8409e-05 2.8499e-05 2.8463e-05 2.8468e-05 2.8489e-05 2.8487e-05 2.8499e-05 2.8041e-05 2.85e-05 2.85e-05 2.8207e-05 2.8346e-05 2.8257e-05 2.8233e-05 2.8233e-05 2.8242e-05 2.8246e-05 2.8246e-05 2.825e-05 2.8222e-05 2.821e-05 2.82e-05 2.8125e-05 2.7978e-05 2.7941e-05 2.7898e-05 2.7991e-05 2.8184e-05 2.7874e-05 2.7904e-05 2.811e-05 2.8002e-05 2.8152e-05 2.8285e-05 2.8281e-05 2.8388e-05 2.8155e-05 2.8342e-05 2.8289e-05 2.8334e-05 2.8371e-05 2.8349e-05 2.8305e-05 2.8186e-05 2.8124e-05 2.8132e-05 2.825e-05 2.8249e-05 2.827e-05 2.8369e-05 2.838e-05
2.8382e-05 2.8179e-05 2.8283e-05 2.8205e-05 2.8194e-05 2.8172e-05 2.8218e-05 2.8316e-05 2.8159e-05 2.8256e-05 2.8207e-05 2.8367e-05 2.8365e-05 2.8338e-05 2.8367e-05 2.8308e-05 2.8323e-05 2.8207e-05 2.8096e-05 2.823e-05 2.8132e-05 2.807e-05 2.8053e-05 2.8009e-05 2.7965e-05 2.7897e-05 2.7847e-05 2.7791e-05 2.7667e-05 2.7518e-05 2.7407e-05 2.7312e-05 2.7227e-05 2.717e-05 2.7149e-05 2.6942e-05 2.7062e-05 2.718e-05 2.6814e-05 2.6917e-05 2.7054e-05 2.7222e-05 2.7382e-05 2.7497e-05 2.7571e-05 2.766e-05 2.7718e-05 2.7798e-05 2.7847e-05 2.7854e-05 2.7914e-05 2.7931e-05 2.7842e-05 2.7721e-05 2.7435e-05 2.7668e-05 2.7771e-05 2.7826e-05 2.783e-05 2.7785e-05 2.7563e-05 2.7967e-05 2.8315e-05 2.8332e-05 2.8365e-05 2.8369e-05 2.8369e-05 2.823e-05 2.8296e-05 2.8334e-05 2.8352e-05 2.8361e-05 2.8473e-05 2.8483e-05 2.8448e-05 2.8483e-05 2.8495e-05 2.8499e-05 2.8493e-05 2.8495e-05 2.8495e-05 2.8489e-05 2.8497e-05 2.8473e-05 2.8498e-05 2.8395e-05 2.8412e-05 2.8415e-05 2.8405e-05 2.824e-05 2.8332e-05 2.8296e-05 2.8363e-05 2.8119e-05 2.8244e-05 2.8234e-05 2.8234e-05 2.8102e-05 2.7996e-05 2.8212e-05 2.8225e-05 2.8183e-05 2.8208e-05 2.8222e-05 2.8178e-05 2.8062e-05 2.8213e-05 2.8001e-05 2.793e-05 2.8042e-05 2.8143e-05 2.817e-05 2.8278e-05 2.8236e-05 2.8384e-05 2.8473e-05 2.8402e-05 2.8492e-05 2.85e-05 2.8489e-05 2.8466e-05 2.8487e-05 2.8495e-05 2.837e-05 2.8476e-05 2.8257e-05 2.8352e-05 2.8494e-05 2.85e-05 2.8491e-05 2.85e-05 2.848e-05 2.8477e-05 2.8498e-05 2.8478e-05 2.8331e-05 2.8297e-05 2.8381e-05 2.8143e-05 2.827e-05 2.823e-05 2.8172e-05 2.8126e-05 2.8143e-05 2.8174e-05 2.8199e-05 2.8298e-05 2.821e-05 2.8194e-05 2.8154e-05 2.8135e-05 2.8072e-05 2.7956e-05 2.783e-05 2.788e-05 2.7966e-05 2.8106e-05 2.7952e-05 2.7785e-05 2.7929e-05 2.7898e-05 2.8032e-05 2.8167e-05 2.8287e-05 2.8186e-05 2.8198e-05 2.8324e-05 2.8198e-05 2.8283e-05 2.8342e-05 2.8324e-05 2.8213e-05 2.8114e-05 2.8309e-05 2.8302e-05 2.8248e-05 2.8282e-05 2.8382e-05 2.8436e-05 2.8361e-05
2.8378e-05 2.8358e-05 2.8216e-05 2.8219e-05 2.8195e-05 2.8233e-05 2.829e-05 2.8338e-05 2.838e-05 2.839e-05 2.8385e-05 2.8375e-05 2.8422e-05 2.8435e-05 2.837e-05 2.8403e-05 2.8027e-05 2.8144e-05 2.8255e-05 2.813e-05 2.8127e-05 2.804e-05 2.8036e-05 2.8e-05 2.7941e-05 2.7848e-05 2.7772e-05 2.7661e-05 2.7536e-05 2.7414e-05 2.7303e-05 2.7183e-05 2.7118e-05 2.7081e-05 2.7099e-05 2.7077e-05 2.6829e-05 2.6943e-05 2.6795e-05 2.6879e-05 2.7034e-05 2.7214e-05 2.7327e-05 2.7413e-05 2.7495e-05 2.757e-05 2.7652e-05 2.7729e-05 2.7815e-05 2.7865e-05 2.7963e-05 2.7949e-05 2.7947e-05 2.7836e-05 2.7596e-05 2.7655e-05 2.776e-05 2.7767e-05 2.7757e-05 2.7645e-05 2.7428e-05 2.8032e-05 2.8274e-05 2.8292e-05 2.8212e-05 2.8269e-05 2.8337e-05 2.8243e-05 2.834e-05 2.8333e-05 2.8287e-05 2.8402e-05 2.8433e-05 2.8499e-05 2.8496e-05 2.8478e-05 2.8489e-05 2.8499e-05 2.8494e-05 2.85e-05 2.85e-05 2.8498e-05 2.8499e-05 2.849e-05 2.8491e-05 2.8442e-05 2.8461e-05 2.8475e-05 2.8453e-05 2.8187e-05 2.8355e-05 2.8299e-05 2.837e-05 2.8389e-05 2.8381e-05 2.8255e-05 2.8226e-05 2.8476e-05 2.8247e-05 2.8083e-05 2.8133e-05 2.8068e-05 2.8004e-05 2.7952e-05 2.8047e-05 2.8174e-05 2.794e-05 2.7925e-05 2.7828e-05 2.8019e-05 2.8101e-05 2.8237e-05 2.8203e-05 2.8097e-05 2.8086e-05 2.8171e-05 2.8332e-05 2.8391e-05 2.8454e-05 2.8477e-05 2.8497e-05 2.8497e-05 2.8496e-05 2.8473e-05 2.8472e-05 2.8379e-05 2.8481e-05 2.8496e-05 2.8491e-05 2.8474e-05 2.841e-05 2.8426e-05 2.8457e-05 2.847e-05 2.8291e-05 2.8137e-05 2.7935e-05 2.7998e-05 2.8125e-05 2.8212e-05 2.8147e-05 2.8088e-05 2.799e-05 2.8038e-05 2.8137e-05 2.8169e-05 2.8192e-05 2.8218e-05 2.8139e-05 2.812e-05 2.8097e-05 2.8075e-05 2.8135e-05 2.809e-05 2.8116e-05 2.7944e-05 2.8102e-05 2.7956e-05 2.7832e-05 2.7942e-05 2.782e-05 2.8083e-05 2.8153e-05 2.8229e-05 2.8231e-05 2.828e-05 2.8255e-05 2.8306e-05 2.8272e-05 2.8421e-05 2.8286e-05 2.8472e-05 2.8277e-05 2.8296e-05 2.831e-05 2.8293e-05 2.8243e-05 2.8407e-05 2.8467e-05 2.836e-05
2.8303e-05 2.8331e-05 2.8219e-05 2.8221e-05 2.8213e-05 2.822e-05 2.8317e-05 2.846e-05 2.8413e-05 2.8384e-05 2.8355e-05 2.8363e-05 2.8388e-05 2.8352e-05 2.8379e-05 2.84e-05 2.8306e-05 2.8201e-05 2.8211e-05 2.8144e-05 2.8087e-05 2.8025e-05 2.8007e-05 2.7956e-05 2.7894e-05 2.7821e-05 2.7692e-05 2.7539e-05 2.737e-05 2.7236e-05 2.7137e-05 2.7028e-05 2.6963e-05 2.6954e-05 2.6997e-05 2.685e-05 2.6902e-05 2.6693e-05 2.6737e-05 2.689e-05 2.7006e-05 2.7137e-05 2.7219e-05 2.7305e-05 2.7402e-05 2.7472e-05 2.7576e-05 2.7652e-05 2.7736e-05 2.7807e-05 2.7855e-05 2.792e-05 2.7934e-05 2.7811e-05 2.7656e-05 2.7756e-05 2.7626e-05 2.7719e-05 2.7622e-05 2.7514e-05 2.7539e-05 2.7654e-05 2.8239e-05 2.8232e-05 2.8262e-05 2.8221e-05 2.8318e-05 2.8349e-05 2.8335e-05 2.8345e-05 2.839e-05 2.8377e-05 2.8426e-05 2.847e-05 2.8492e-05 2.8445e-05 2.8496e-05 2.85e-05 2.8497e-05 2.8493e-05 2.8499e-05 2.85e-05 2.85e-05 2.8493e-05 2.85e-05 2.8492e-05 2.8478e-05 2.8481e-05 2.8451e-05 2.8373e-05 2.834e-05 2.8372e-05 2.8406e-05 2.8425e-05 2.8327e-05 2.8282e-05 2.8234e-05 2.8131e-05 2.8115e-05 2.8165e-05 2.8197e-05 2.8225e-05 2.7927e-05 2.804e-05 2.812e-05 2.8089e-05 2.8158e-05 2.7859e-05 2.7833e-05 2.7975e-05 2.8135e-05 2.7999e-05 2.8157e-05 2.8146e-05 2.8168e-05 2.8248e-05 2.8288e-05 2.8404e-05 2.8404e-05 2.8478e-05 2.8493e-05 2.85e-05 2.8488e-05 2.8489e-05 2.8496e-05 2.8493e-05 2.8499e-05 2.8304e-05 2.8414e-05 2.8413e-05 2.8379e-05 2.8338e-05 2.8435e-05 2.8298e-05 2.8175e-05 2.811e-05 2.7749e-05 2.7796e-05 2.8068e-05 2.8025e-05 2.8094e-05 2.8088e-05 2.7975e-05 2.7874e-05 2.8145e-05 2.8181e-05 2.8186e-05 2.8197e-05 2.82e-05 2.8124e-05 2.8045e-05 2.7966e-05 2.7888e-05 2.7976e-05 2.8203e-05 2.7981e-05 2.8035e-05 2.8019e-05 2.7861e-05 2.8083e-05 2.8044e-05 2.8102e-05 2.8061e-05 2.8059e-05 2.8237e-05 2.8277e-05 2.834e-05 2.8287e-05 2.8213e-05 2.8406e-05 2.8434e-05 2.8368e-05 2.8378e-05 2.8431e-05 2.8413e-05 2.8288e-05 2.8185e-05 2.8327e-05 2.8331e-05 2.8268e-05
2.8084e-05 2.8179e-05 2.8183e-05 2.813e-05 2.8248e-05 2.8319e-05 2.8406e-05 2.8499e-05 2.8497e-05 2.8451e-05 2.8433e-05 2.8367e-05 2.8392e-05 2.8388e-05 2.8424e-05 2.8385e-05 2.8345e-05 2.8293e-05 2.8163e-05 2.8141e-05 2.8085e-05 2.8009e-05 2.796e-05 2.7874e-05 2.7817e-05 2.7731e-05 2.7606e-05 2.7385e-05 2.712e-05 2.6981e-05 2.6895e-05 2.6853e-05 2.6812e-05 2.6848e-05 2.6916e-05 2.6467e-05 2.6811e-05 2.6664e-05 2.6706e-05 2.6792e-05 2.6848e-05 2.696e-05 2.705e-05 2.714e-05 2.7253e-05 2.7364e-05 2.7479e-05 2.7566e-05 2.767e-05 2.774e-05 2.7786e-05 2.7822e-05 2.7872e-05 2.7854e-05 2.7719e-05 2.7588e-05 2.7583e-05 2.7577e-05 2.7621e-05 2.7586e-05 2.7475e-05 2.7918e-05 2.8168e-05 2.8152e-05 2.8213e-05 2.8263e-05 2.8358e-05 2.8372e-05 2.8386e-05 2.8333e-05 2.8373e-05 2.8416e-05 2.8467e-05 2.85e-05 2.839e-05 2.838e-05 2.8406e-05 2.85e-05 2.8486e-05 2.8487e-05 2.844e-05 2.8493e-05 2.8499e-05 2.85e-05 2.8481e-05 2.8466e-05 2.8497e-05 2.8469e-05 2.8473e-05 2.848e-05 2.845e-05 2.8418e-05 2.8428e-05 2.8405e-05 2.8306e-05 2.8346e-05 2.8238e-05 2.8198e-05 2.8267e-05 2.805e-05 2.8166e-05 2.8192e-05 2.7986e-05 2.8107e-05 2.7968e-05 2.8076e-05 2.7863e-05 2.7797e-05 2.7962e-05 2.7971e-05 2.7911e-05 2.803e-05 2.8023e-05 2.8087e-05 2.8125e-05 2.8189e-05 2.8191e-05 2.8175e-05 2.8194e-05 2.8431e-05 2.8465e-05 2.847e-05 2.848e-05 2.8479e-05 2.8455e-05 2.8445e-05 2.8353e-05 2.8351e-05 2.8372e-05 2.8345e-05 2.8326e-05 2.8189e-05 2.8133e-05 2.8231e-05 2.8123e-05 2.803e-05 2.7887e-05 2.7841e-05 2.7975e-05 2.8043e-05 2.8131e-05 2.8141e-05 2.8204e-05 2.82e-05 2.8157e-05 2.8171e-05 2.8179e-05 2.8184e-05 2.8145e-05 2.8111e-05 2.8187e-05 2.8034e-05 2.7895e-05 2.7928e-05 2.8059e-05 2.8104e-05 2.8067e-05 2.8129e-05 2.797e-05 2.8099e-05 2.8133e-05 2.8073e-05 2.804e-05 2.8014e-05 2.819e-05 2.8193e-05 2.8154e-05 2.8134e-05 2.8327e-05 2.8419e-05 2.8466e-05 2.8485e-05 2.8492e-05 2.85e-05 2.8482e-05 2.8488e-05 2.8469e-05 2.8418e-05 2.8441e-05 2.8113e-05
2.8104e-05 2.8098e-05 2.815e-05 2.8252e-05 2.8259e-05 2.8328e-05 2.847e-05 2.8492e-05 2.8487e-05 2.8476e-05 2.8453e-05 2.8398e-05 2.8417e-05 2.826e-05 2.8408e-05 2.8479e-05 2.8349e-05 2.8344e-05 2.8243e-05 2.8127e-05 2.8076e-05 2.8011e-05 2.7886e-05 2.7788e-05 2.772e-05 2.7622e-05 2.7465e-05 2.7121e-05 2.6842e-05 2.6677e-05 2.665e-05 2.6673e-05 2.6726e-05 2.6774e-05 2.6682e-05 2.6502e-05 2.6614e-05 2.6673e-05 2.6632e-05 2.6599e-05 2.6634e-05 2.6752e-05 2.6873e-05 2.6963e-05 2.7118e-05 2.7245e-05 2.7365e-05 2.7457e-05 2.7566e-05 2.7661e-05 2.7701e-05 2.7771e-05 2.7778e-05 2.7804e-05 2.769e-05 2.7569e-05 2.7407e-05 2.7416e-05 2.7589e-05 2.7551e-05 2.7476e-05 2.7959e-05 2.816e-05 2.7984e-05 2.812e-05 2.839e-05 2.8006e-05 2.8459e-05 2.8362e-05 2.8402e-05 2.8291e-05 2.8417e-05 2.8457e-05 2.8498e-05 2.8387e-05 2.8404e-05 2.8389e-05 2.85e-05 2.8475e-05 2.8498e-05 2.848e-05 2.849e-05 2.8488e-05 2.849e-05 2.8485e-05 2.8491e-05 2.85e-05 2.85e-05 2.85e-05 2.8483e-05 2.8424e-05 2.8434e-05 2.8434e-05 2.8411e-05 2.8353e-05 2.8359e-05 2.8246e-05 2.8261e-05 2.8162e-05 2.834e-05 2.8204e-05 2.8125e-05 2.7996e-05 2.7994e-05 2.799e-05 2.7971e-05 2.8002e-05 2.7843e-05 2.8002e-05 2.8e-05 2.8048e-05 2.7985e-05 2.7928e-05 2.792e-05 2.8019e-05 2.8039e-05 2.8095e-05 2.8274e-05 2.8296e-05 2.8162e-05 2.8309e-05 2.828e-05 2.8341e-05 2.8341e-05 2.8319e-05 2.8418e-05 2.8397e-05 2.8393e-05 2.8374e-05 2.8332e-05 2.8183e-05 2.8222e-05 2.7881e-05 2.7995e-05 2.8038e-05 2.7988e-05 2.781e-05 2.7818e-05 2.7992e-05 2.8071e-05 2.816e-05 2.8171e-05 2.8207e-05 2.8235e-05 2.8177e-05 2.8164e-05 2.8155e-05 2.8135e-05 2.8122e-05 2.8046e-05 2.809e-05 2.806e-05 2.7953e-05 2.7994e-05 2.795e-05 2.7985e-05 2.8058e-05 2.8128e-05 2.8062e-05 2.8226e-05 2.8129e-05 2.8117e-05 2.805e-05 2.7991e-05 2.8279e-05 2.8005e-05 2.8104e-05 2.8186e-05 2.8338e-05 2.8471e-05 2.8483e-05 2.8498e-05 2.8498e-05 2.8499e-05 2.8489e-05 2.8495e-05 2.8495e-05 2.8466e-05 2.8496e-05 2.8388e-05
2.8444e-05 2.8113e-05 2.8359e-05 2.8293e-05 2.8378e-05 2.8421e-05 2.8488e-05 2.85e-05 2.8468e-05 2.8478e-05 2.8477e-05 2.8406e-05 2.8363e-05 2.8377e-05 2.8415e-05 2.8473e-05 2.8139e-05 2.8361e-05 2.8423e-05 2.8166e-05 2.8097e-05 2.7997e-05 2.79e-05 2.7799e-05 2.7667e-05 2.7503e-05 2.7231e-05 2.6799e-05 2.6389e-05 2.627e-05 2.6391e-05 2.655e-05 2.6601e-05 2.6678e-05 2.6721e-05 2.6702e-05 2.6757e-05 2.6765e-05 2.6565e-05 2.6471e-05 2.6463e-05 2.6626e-05 2.6731e-05 2.6831e-05 2.6984e-05 2.7162e-05 2.7288e-05 2.7385e-05 2.7452e-05 2.7505e-05 2.7512e-05 2.7644e-05 2.7707e-05 2.771e-05 2.7604e-05 2.7566e-05 2.7443e-05 2.7781e-05 2.7529e-05 2.7829e-05 2.7987e-05 2.8462e-05 2.8262e-05 2.8088e-05 2.786e-05 2.7948e-05 2.8144e-05 2.7869e-05 2.7885e-05 2.8428e-05 2.8402e-05 2.8487e-05 2.8478e-05 2.8491e-05 2.8458e-05 2.8463e-05 2.8421e-05 2.8465e-05 2.8487e-05 2.8493e-05 2.8488e-05 2.8487e-05 2.8492e-05 2.8467e-05 2.8493e-05 2.8497e-05 2.8496e-05 2.85e-05 2.8497e-05 2.8491e-05 2.8497e-05 2.8476e-05 2.8459e-05 2.8393e-05 2.8355e-05 2.8359e-05 2.8332e-05 2.8274e-05 2.8126e-05 2.8272e-05 2.8075e-05 2.8111e-05 2.8067e-05 2.7959e-05 2.7995e-05 2.7906e-05 2.7951e-05 2.7941e-05 2.7893e-05 2.7918e-05 2.8052e-05 2.7894e-05 2.7838e-05 2.7831e-05 2.786e-05 2.7756e-05 2.804e-05 2.8268e-05 2.8279e-05 2.8285e-05 2.8159e-05 2.8288e-05 2.8281e-05 2.8252e-05 2.833e-05 2.837e-05 2.8377e-05 2.8412e-05 2.8273e-05 2.8172e-05 2.8113e-05 2.7843e-05 2.7816e-05 2.7831e-05 2.7928e-05 2.7881e-05 2.7806e-05 2.7864e-05 2.7882e-05 2.8021e-05 2.8117e-05 2.8185e-05 2.8173e-05 2.8179e-05 2.8214e-05 2.8181e-05 2.812e-05 2.8148e-05 2.8054e-05 2.8125e-05 2.805e-05 2.8126e-05 2.7931e-05 2.7837e-05 2.813e-05 2.8185e-05 2.7985e-05 2.8186e-05 2.8196e-05 2.8118e-05 2.8137e-05 2.8104e-05 2.7993e-05 2.8063e-05 2.8199e-05 2.8236e-05 2.8198e-05 2.8208e-05 2.8281e-05 2.8487e-05 2.85e-05 2.8405e-05 2.8474e-05 2.8488e-05 2.8497e-05 2.8468e-05 2.8499e-05 2.8416e-05 2.8383e-05 2.8417e-05
2.8473e-05 2.8455e-05 2.8399e-05 2.833e-05 2.8383e-05 2.8464e-05 2.8499e-05 2.8487e-05 2.8498e-05 2.849e-05 2.85e-05 2.8459e-05 2.8436e-05 2.8463e-05 2.8459e-05 2.847e-05 2.838e-05 2.8367e-05 2.833e-05 2.8235e-05 2.8142e-05 2.8021e-05 2.7914e-05 2.7799e-05 2.7634e-05 2.7425e-05 2.7114e-05 2.6527e-05 2.595e-05 2.5845e-05 2.6133e-05 2.6424e-05 2.6522e-05 2.655e-05 2.6575e-05 2.6776e-05 2.6704e-05 2.6692e-05 2.652e-05 2.6445e-05 2.6457e-05 2.6815e-05 2.6595e-05 2.6741e-05 2.6902e-05 2.7059e-05 2.7217e-05 2.7315e-05 2.7391e-05 2.7447e-05 2.7463e-05 2.7704e-05 2.7515e-05 2.8019e-05 2.8334e-05 2.8469e-05 2.8452e-05 2.8298e-05 2.8052e-05 2.7796e-05 2.8401e-05 2.7977e-05 2.7951e-05 2.8032e-05 2.8335e-05 2.824e-05 2.8455e-05 2.8449e-05 2.8264e-05 2.8059e-05 2.8487e-05 2.8463e-05 2.8492e-05 2.85e-05 2.8499e-05 2.8462e-05 2.8478e-05 2.8424e-05 2.8372e-05 2.8478e-05 2.8484e-05 2.8483e-05 2.8487e-05 2.8487e-05 2.8499e-05 2.8497e-05 2.8487e-05 2.85e-05 2.8496e-05 2.8498e-05 2.8499e-05 2.8494e-05 2.8475e-05 2.8434e-05 2.8483e-05 2.8405e-05 2.836e-05 2.8296e-05 2.8251e-05 2.8252e-05 2.8241e-05 2.8158e-05 2.8039e-05 2.7974e-05 2.7911e-05 2.8073e-05 2.7925e-05 2.7916e-05 2.7876e-05 2.7852e-05 2.7865e-05 2.7912e-05 2.7781e-05 2.7905e-05 2.7868e-05 2.7945e-05 2.7946e-05 2.8189e-05 2.8242e-05 2.8206e-05 2.8221e-05 2.8293e-05 2.8249e-05 2.8248e-05 2.8164e-05 2.8295e-05 2.8313e-05 2.832e-05 2.8264e-05 2.8205e-05 2.7898e-05 2.7823e-05 2.7722e-05 2.7899e-05 2.7851e-05 2.792e-05 2.7791e-05 2.7849e-05 2.8061e-05 2.8071e-05 2.8214e-05 2.8182e-05 2.8218e-05 2.8194e-05 2.8211e-05 2.819e-05 2.8083e-05 2.8032e-05 2.8014e-05 2.8039e-05 2.8024e-05 2.7956e-05 2.8086e-05 2.7935e-05 2.8198e-05 2.8192e-05 2.8043e-05 2.8049e-05 2.8151e-05 2.8184e-05 2.8101e-05 2.8134e-05 2.8017e-05 2.7975e-05 2.808e-05 2.8339e-05 2.8351e-05 2.8392e-05 2.8459e-05 2.8499e-05 2.8483e-05 2.8448e-05 2.8434e-05 2.8451e-05 2.8461e-05 2.8432e-05 2.84e-05 2.8452e-05 2.8404e-05 2.8456e-05
2.8412e-05 2.8477e-05 2.8392e-05 2.8383e-05 2.8493e-05 2.8489e-05 2.85e-05 2.8479e-05 2.8498e-05 2.8497e-05 2.85e-05 2.8498e-05 2.8499e-05 2.8473e-05 2.8491e-05 2.8483e-05 2.847e-05 2.841e-05 2.8369e-05 2.8284e-05 2.8178e-05 2.8088e-05 2.7937e-05 2.7799e-05 2.7586e-05 2.7386e-05 2.7102e-05 2.659e-05 2.5966e-05 2.5596e-05 2.5771e-05 2.6418e-05 2.6493e-05 2.6497e-05 2.6472e-05 2.6658e-05 2.6636e-05 2.6551e-05 2.6419e-05 2.6355e-05 2.6484e-05 2.6584e-05 2.6568e-05 2.6719e-05 2.6853e-05 2.6984e-05 2.7204e-05 2.7271e-05 2.7338e-05 2.7412e-05 2.7373e-05 2.7596e-05 2.8499e-05 2.8421e-05 2.7689e-05 2.7652e-05 2.8486e-05 2.7218e-05 2.7147e-05 2.7494e-05 2.7718e-05 2.7788e-05 2.7888e-05 2.7962e-05 2.8109e-05 2.8074e-05 2.8136e-05 2.8487e-05 2.8357e-05 2.8379e-05 2.7908e-05 2.8493e-05 2.7896e-05 2.8447e-05 2.8491e-05 2.8371e-05 2.8365e-05 2.8441e-05 2.8398e-05 2.8385e-05 2.8474e-05 2.8473e-05 2.8465e-05 2.8481e-05 2.8476e-05 2.8485e-05 2.8455e-05 2.8494e-05 2.8488e-05 2.85e-05 2.85e-05 2.8491e-05 2.8482e-05 2.8461e-05 2.8425e-05 2.8421e-05 2.8434e-05 2.8362e-05 2.7998e-05 2.8121e-05 2.8254e-05 2.8272e-05 2.8125e-05 2.8047e-05 2.8014e-05 2.791e-05 2.7897e-05 2.7923e-05 2.785e-05 2.7863e-05 2.8012e-05 2.79e-05 2.793e-05 2.7837e-05 2.7917e-05 2.7963e-05 2.7944e-05 2.8016e-05 2.8132e-05 2.8069e-05 2.8114e-05 2.8193e-05 2.8181e-05 2.8154e-05 2.8058e-05 2.8295e-05 2.8266e-05 2.8335e-05 2.8266e-05 2.8257e-05 2.818e-05 2.7936e-05 2.7755e-05 2.7825e-05 2.7809e-05 2.7989e-05 2.7873e-05 2.8016e-05 2.8124e-05 2.8133e-05 2.8254e-05 2.823e-05 2.8185e-05 2.8212e-05 2.8219e-05 2.8209e-05 2.8171e-05 2.8188e-05 2.8108e-05 2.8101e-05 2.8064e-05 2.7943e-05 2.782e-05 2.7973e-05 2.7953e-05 2.8034e-05 2.8155e-05 2.8187e-05 2.8114e-05 2.825e-05 2.8163e-05 2.8301e-05 2.8369e-05 2.8286e-05 2.8334e-05 2.85e-05 2.8375e-05 2.8456e-05 2.8487e-05 2.8491e-05 2.8471e-05 2.8462e-05 2.8396e-05 2.8418e-05 2.8379e-05 2.8346e-05 2.8343e-05 2.8479e-05 2.8452e-05 2.8494e-05
2.8499e-05 2.8494e-05 2.8496e-05 2.8447e-05 2.8386e-05 2.85e-05 2.8476e-05 2.8498e-05 2.8474e-05 2.8457e-05 2.8498e-05 2.8491e-05 2.85e-05 2.8498e-05 2.8498e-05 2.8483e-05 2.8483e-05 2.8445e-05 2.841e-05 2.8321e-05 2.8247e-05 2.8114e-05 2.8003e-05 2.7838e-05 2.7657e-05 2.7433e-05 2.7171e-05 2.6924e-05 2.6054e-05 2.5466e-05 2.5466e-05 2.6137e-05 2.6457e-05 2.6459e-05 2.6478e-05 2.6445e-05 2.6566e-05 2.6502e-05 2.6513e-05 2.6424e-05 2.6462e-05 2.6646e-05 2.7169e-05 2.7691e-05 2.7325e-05 2.7003e-05 2.7188e-05 2.7379e-05 2.7361e-05 2.7497e-05 2.8478e-05 2.8234e-05 2.8269e-05 2.7744e-05 2.8436e-05 2.7361e-05 2.7077e-05 2.782e-05 2.7287e-05 2.7695e-05 2.7783e-05 2.7837e-05 2.8077e-05 2.8022e-05 2.8166e-05 2.8227e-05 2.8494e-05 2.8398e-05 2.8318e-05 2.8462e-05 2.7881e-05 2.7874e-05 2.7775e-05 2.8092e-05 2.8218e-05 2.8358e-05 2.8472e-05 2.8426e-05 2.8417e-05 2.8227e-05 2.8384e-05 2.8478e-05 2.8455e-05 2.8449e-05 2.8461e-05 2.8455e-05 2.8416e-05 2.8489e-05 2.8484e-05 2.8484e-05 2.8459e-05 2.8497e-05 2.8497e-05 2.8493e-05 2.846e-05 2.8408e-05 2.8424e-05 2.8374e-05 2.821e-05 2.8182e-05 2.8267e-05 2.8219e-05 2.8089e-05 2.8139e-05 2.8126e-05 2.8001e-05 2.7906e-05 2.802e-05 2.835e-05 2.842e-05 2.7934e-05 2.8057e-05 2.7975e-05 2.8008e-05 2.7991e-05 2.7946e-05 2.7954e-05 2.7984e-05 2.8065e-05 2.8085e-05 2.809e-05 2.8021e-05 2.8088e-05 2.8033e-05 2.8021e-05 2.8058e-05 2.8145e-05 2.8249e-05 2.8266e-05 2.8265e-05 2.8166e-05 2.8048e-05 2.7764e-05 2.8028e-05 2.8032e-05 2.7847e-05 2.8114e-05 2.8191e-05 2.8014e-05 2.8154e-05 2.8249e-05 2.8261e-05 2.8301e-05 2.8248e-05 2.8249e-05 2.8189e-05 2.8163e-05 2.8278e-05 2.8249e-05 2.8134e-05 2.7897e-05 2.7972e-05 2.7825e-05 2.8064e-05 2.8191e-05 2.8142e-05 2.8206e-05 2.832e-05 2.8207e-05 2.8281e-05 2.8383e-05 2.85e-05 2.8481e-05 2.8493e-05 2.8489e-05 2.8481e-05 2.8486e-05 2.8498e-05 2.8477e-05 2.8469e-05 2.8444e-05 2.841e-05 2.837e-05 2.8204e-05 2.8288e-05 2.8302e-05 2.8472e-05 2.8272e-05 2.8459e-05 2.8481e-05
2.847e-05 2.8478e-05 2.849e-05 2.849e-05 2.8263e-05 2.8341e-05 2.845e-05 2.8435e-05 2.833e-05 2.8405e-05 2.8435e-05 2.8479e-05 2.8496e-05 2.8497e-05 2.8498e-05 2.8495e-05 2.8499e-05 2.8483e-05 2.8443e-05 2.838e-05 2.8292e-05 2.8178e-05 2.8064e-05 2.7885e-05 2.7706e-05 2.7534e-05 2.7321e-05 2.7134e-05 2.6213e-05 2.5584e-05 2.5702e-05 2.6002e-05 2.6367e-05 2.6436e-05 2.6483e-05 2.6545e-05 2.6421e-05 2.6426e-05 2.6549e-05 2.6427e-05 2.746e-05 2.7551e-05 2.6718e-05 2.7991e-05 2.7781e-05 2.7947e-05 2.7942e-05 2.8497e-05 2.85e-05 2.8351e-05 2.7828e-05 2.7264e-05 2.8205e-05 2.7892e-05 2.8498e-05 2.8468e-05 2.8396e-05 2.8005e-05 2.7639e-05 2.7845e-05 2.7889e-05 2.7901e-05 2.8001e-05 2.8059e-05 2.8438e-05 2.8414e-05 2.837e-05 2.8457e-05 2.8251e-05 2.8303e-05 2.8415e-05 2.7845e-05 2.7881e-05 2.8062e-05 2.794e-05 2.8091e-05 2.8246e-05 2.8455e-05 2.8461e-05 2.8418e-05 2.8401e-05 2.8432e-05 2.8419e-05 2.8466e-05 2.8452e-05 2.8469e-05 2.8487e-05 2.8496e-05 2.8498e-05 2.8493e-05 2.8498e-05 2.849e-05 2.8497e-05 2.8492e-05 2.849e-05 2.8494e-05 2.8495e-05 2.842e-05 2.8297e-05 2.8339e-05 2.8092e-05 2.8076e-05 2.8128e-05 2.8142e-05 2.7925e-05 2.8072e-05 2.8119e-05 2.8024e-05 2.8017e-05 2.8031e-05 2.8096e-05 2.8087e-05 2.8133e-05 2.7915e-05 2.7942e-05 2.7947e-05 2.7944e-05 2.8108e-05 2.8123e-05 2.8066e-05 2.7953e-05 2.7894e-05 2.7934e-05 2.7856e-05 2.7994e-05 2.8152e-05 2.8084e-05 2.8133e-05 2.8261e-05 2.8263e-05 2.8231e-05 2.8197e-05 2.7884e-05 2.7855e-05 2.7991e-05 2.8073e-05 2.8079e-05 2.8113e-05 2.8072e-05 2.8183e-05 2.8264e-05 2.825e-05 2.8329e-05 2.8318e-05 2.8304e-05 2.8318e-05 2.835e-05 2.8347e-05 2.8339e-05 2.84e-05 2.7831e-05 2.7785e-05 2.784e-05 2.8064e-05 2.7924e-05 2.83e-05 2.85e-05 2.8448e-05 2.8457e-05 2.8449e-05 2.85e-05 2.8482e-05 2.8492e-05 2.8499e-05 2.8438e-05 2.8372e-05 2.8428e-05 2.8382e-05 2.8374e-05 2.8385e-05 2.8375e-05 2.8379e-05 2.8335e-05 2.8267e-05 2.8204e-05 2.82e-05 2.8344e-05 2.8409e-05 2.843e-05 2.8469e-05
2.8458e-05 2.8435e-05 2.8408e-05 2.8421e-05 2.8465e-05 2.8243e-05 2.8268e-05 2.8275e-05 2.8226e-05 2.8382e-05 2.8439e-05 2.8498e-05 2.8484e-05 2.8467e-05 2.8431e-05 2.84e-05 2.8401e-05 2.8474e-05 2.8466e-05 2.8462e-05 2.8379e-05 2.8285e-05 2.8163e-05 2.7989e-05 2.7833e-05 2.7656e-05 2.7479e-05 2.7199e-05 2.6839e-05 2.6381e-05 2.6054e-05 2.611e-05 2.6369e-05 2.6406e-05 2.6507e-05 2.6581e-05 2.6575e-05 2.6873e-05 2.6658e-05 2.6479e-05 2.658e-05 2.6669e-05 2.6803e-05 2.8193e-05 2.7619e-05 2.833e-05 2.7721e-05 2.799e-05 2.7615e-05 2.7354e-05 2.721e-05 2.8213e-05 2.8497e-05 2.8498e-05 2.8468e-05 2.738e-05 2.7502e-05 2.7894e-05 2.8498e-05 2.8492e-05 2.797e-05 2.802e-05 2.8062e-05 2.8076e-05 2.8288e-05 2.8178e-05 2.8379e-05 2.826e-05 2.8282e-05 2.8356e-05 2.8468e-05 2.8488e-05 2.8176e-05 2.85e-05 2.85e-05 2.8177e-05 2.8053e-05 2.8163e-05 2.849e-05 2.847e-05 2.826e-05 2.8362e-05 2.8382e-05 2.842e-05 2.8438e-05 2.8471e-05 2.8491e-05 2.849e-05 2.8472e-05 2.8488e-05 2.8496e-05 2.8499e-05 2.8495e-05 2.849e-05 2.8491e-05 2.8498e-05 2.8495e-05 2.8492e-05 2.8452e-05 2.8467e-05 2.83e-05 2.8018e-05 2.8076e-05 2.8132e-05 2.8226e-05 2.8138e-05 2.8103e-05 2.8081e-05 2.8118e-05 2.8063e-05 2.8235e-05 2.8256e-05 2.8211e-05 2.7981e-05 2.7925e-05 2.7947e-05 2.7868e-05 2.7939e-05 2.7859e-05 2.8038e-05 2.7943e-05 2.8052e-05 2.7968e-05 2.7976e-05 2.8056e-05 2.7992e-05 2.8193e-05 2.8059e-05 2.8228e-05 2.8246e-05 2.8201e-05 2.8037e-05 2.8075e-05 2.7909e-05 2.8064e-05 2.811e-05 2.8219e-05 2.8183e-05 2.8214e-05 2.8252e-05 2.8221e-05 2.8292e-05 2.8411e-05 2.8423e-05 2.8388e-05 2.8371e-05 2.8486e-05 2.8449e-05 2.8355e-05 2.8295e-05 2.8135e-05 2.7998e-05 2.8247e-05 2.8211e-05 2.8182e-05 2.8334e-05 2.8418e-05 2.85e-05 2.8019e-05 2.8409e-05 2.8461e-05 2.8494e-05 2.8493e-05 2.8421e-05 2.842e-05 2.8313e-05 2.8309e-05 2.8336e-05 2.8337e-05 2.8307e-05 2.8289e-05 2.8299e-05 2.8227e-05 2.8233e-05 2.8235e-05 2.8213e-05 2.8202e-05 2.8284e-05 2.8363e-05 2.8421e-05
2.8416e-05 2.8428e-05 2.8369e-05 2.8357e-05 2.84e-05 2.8132e-05 2.8127e-05 2.8183e-05 2.8324e-05 2.8272e-05 2.8476e-05 2.8492e-05 2.8423e-05 2.824e-05 2.8265e-05 2.821e-05 2.8487e-05 2.8472e-05 2.8477e-05 2.85e-05 2.8477e-05 2.8371e-05 2.8336e-05 2.8174e-05 2.7976e-05 2.7797e-05 2.7629e-05 2.7339e-05 2.7123e-05 2.6735e-05 2.6457e-05 2.6406e-05 2.6327e-05 2.6319e-05 2.6536e-05 2.6661e-05 2.6758e-05 2.6811e-05 2.6824e-05 2.67e-05 2.6642e-05 2.6812e-05 2.6928e-05 2.7203e-05 2.7297e-05 2.7314e-05 2.7516e-05 2.7528e-05 2.7472e-05 2.7374e-05 2.7291e-05 2.7222e-05 2.7381e-05 2.8228e-05 2.8047e-05 2.7553e-05 2.7752e-05 2.7919e-05 2.8026e-05 2.8349e-05 2.7968e-05 2.8186e-05 2.8176e-05 2.8262e-05 2.828e-05 2.8312e-05 2.8499e-05 2.8393e-05 2.8424e-05 2.8478e-05 2.8497e-05 2.85e-05 2.7867e-05 2.8461e-05 2.8478e-05 2.8249e-05 2.8351e-05 2.8302e-05 2.8438e-05 2.8422e-05 2.8377e-05 2.8377e-05 2.826e-05 2.8361e-05 2.8429e-05 2.8455e-05 2.8435e-05 2.8469e-05 2.8472e-05 2.848e-05 2.8487e-05 2.8497e-05 2.85e-05 2.85e-05 2.8497e-05 2.8494e-05 2.8438e-05 2.8493e-05 2.8493e-05 2.8496e-05 2.836e-05 2.8208e-05 2.8138e-05 2.8188e-05 2.827e-05 2.8135e-05 2.8171e-05 2.8226e-05 2.8205e-05 2.8207e-05 2.8274e-05 2.8275e-05 2.8194e-05 2.8101e-05 2.8041e-05 2.7898e-05 2.7804e-05 2.8194e-05 2.8138e-05 2.8055e-05 2.8027e-05 2.8068e-05 2.8014e-05 2.8144e-05 2.7961e-05 2.8071e-05 2.7997e-05 2.8205e-05 2.8221e-05 2.8285e-05 2.8162e-05 2.8205e-05 2.8174e-05 2.8136e-05 2.8251e-05 2.8431e-05 2.8153e-05 2.8335e-05 2.8299e-05 2.8224e-05 2.8296e-05 2.8316e-05 2.8468e-05 2.8468e-05 2.8396e-05 2.8497e-05 2.8483e-05 2.8411e-05 2.8339e-05 2.8265e-05 2.8112e-05 2.8167e-05 2.8136e-05 2.8194e-05 2.8264e-05 2.8457e-05 2.8417e-05 2.8415e-05 2.8401e-05 2.8474e-05 2.8386e-05 2.8412e-05 2.8421e-05 2.8438e-05 2.8393e-05 2.83e-05 2.8351e-05 2.8417e-05 2.8234e-05 2.8218e-05 2.8232e-05 2.8193e-05 2.8176e-05 2.816e-05 2.8164e-05 2.816e-05 2.8185e-05 2.8224e-05 2.833e-05 2.8348e-05
2.8322e-05 2.8346e-05 2.8328e-05 2.8269e-05 2.8238e-05 2.812e-05 2.8115e-05 2.8204e-05 2.8249e-05 2.8416e-05 2.8492e-05 2.8478e-05 2.8394e-05 2.8257e-05 2.8143e-05 2.8357e-05 2.8475e-05 2.8416e-05 2.8442e-05 2.85e-05 2.8496e-05 2.847e-05 2.8421e-05 2.8308e-05 2.8145e-05 2.7903e-05 2.7702e-05 2.7473e-05 2.7255e-05 2.7029e-05 2.6721e-05 2.6555e-05 2.6187e-05 2.5842e-05 2.6599e-05 2.6725e-05 2.6806e-05 2.6888e-05 2.6939e-05 2.695e-05 2.6965e-05 2.7228e-05 2.7342e-05 2.7441e-05 2.7524e-05 2.7704e-05 2.7804e-05 2.7875e-05 2.7958e-05 2.803e-05 2.7922e-05 2.8248e-05 2.8308e-05 2.756e-05 2.7601e-05 2.7695e-05 2.7963e-05 2.8069e-05 2.8099e-05 2.8437e-05 2.8201e-05 2.8275e-05 2.8288e-05 2.8281e-05 2.8342e-05 2.8367e-05 2.8363e-05 2.85e-05 2.85e-05 2.85e-05 2.8376e-05 2.8497e-05 2.801e-05 2.7972e-05 2.8394e-05 2.8392e-05 2.8429e-05 2.8418e-05 2.8403e-05 2.8338e-05 2.8183e-05 2.8247e-05 2.8294e-05 2.841e-05 2.8397e-05 2.8408e-05 2.844e-05 2.8469e-05 2.8483e-05 2.8487e-05 2.8482e-05 2.8468e-05 2.8495e-05 2.8498e-05 2.8498e-05 2.8495e-05 2.8417e-05 2.8492e-05 2.8491e-05 2.8494e-05 2.8367e-05 2.8318e-05 2.8267e-05 2.8209e-05 2.8274e-05 2.8251e-05 2.8236e-05 2.8285e-05 2.8299e-05 2.8316e-05 2.835e-05 2.8342e-05 2.8153e-05 2.8079e-05 2.807e-05 2.7968e-05 2.7872e-05 2.8199e-05 2.8137e-05 2.8125e-05 2.8135e-05 2.8011e-05 2.8039e-05 2.7974e-05 2.8089e-05 2.8109e-05 2.8166e-05 2.8209e-05 2.8369e-05 2.8328e-05 2.8236e-05 2.8104e-05 2.8228e-05 2.8265e-05 2.8424e-05 2.841e-05 2.8357e-05 2.8497e-05 2.8316e-05 2.8271e-05 2.8329e-05 2.8367e-05 2.8479e-05 2.8485e-05 2.849e-05 2.8499e-05 2.8494e-05 2.8332e-05 2.8389e-05 2.8272e-05 2.824e-05 2.8265e-05 2.8427e-05 2.8439e-05 2.8488e-05 2.8424e-05 2.8336e-05 2.8281e-05 2.8347e-05 2.8359e-05 2.8243e-05 2.8297e-05 2.8382e-05 2.839e-05 2.8292e-05 2.8335e-05 2.8426e-05 2.8337e-05 2.8244e-05 2.8206e-05 2.8195e-05 2.8183e-05 2.818e-05 2.8156e-05 2.8149e-05 2.8156e-05 2.8207e-05 2.8202e-05 2.8259e-05 2.8304e-05
2.8292e-05 2.8338e-05 2.8269e-05 2.8173e-05 2.8208e-05 2.8165e-05 2.8112e-05 2.8058e-05 2.8234e-05 2.8369e-05 2.8482e-05 2.8479e-05 2.8301e-05 2.8143e-05 2.8137e-05 2.8246e-05 2.8323e-05 2.8373e-05 2.85e-05 2.8471e-05 2.85e-05 2.85e-05 2.843e-05 2.8249e-05 2.8088e-05 2.8037e-05 2.7828e-05 2.7538e-05 2.7284e-05 2.7196e-05 2.7064e-05 2.6899e-05 2.6288e-05 2.5702e-05 2.5891e-05 2.6815e-05 2.6861e-05 2.6901e-05 2.7e-05 2.7104e-05 2.7234e-05 2.7338e-05 2.7416e-05 2.752e-05 2.7649e-05 2.7813e-05 2.7918e-05 2.8031e-05 2.8197e-05 2.8324e-05 2.7881e-05 2.7539e-05 2.748e-05 2.7608e-05 2.771e-05 2.7905e-05 2.8049e-05 2.8181e-05 2.8203e-05 2.8331e-05 2.8264e-05 2.8321e-05 2.846e-05 2.8321e-05 2.8354e-05 2.8388e-05 2.8356e-05 2.8461e-05 2.8467e-05 2.8497e-05 2.8488e-05 2.8078e-05 2.7717e-05 2.775e-05 2.8464e-05 2.8429e-05 2.8423e-05 2.8403e-05 2.8458e-05 2.8151e-05 2.8456e-05 2.8172e-05 2.8357e-05 2.8425e-05 2.8357e-05 2.8375e-05 2.8433e-05 2.8472e-05 2.8457e-05 2.8484e-05 2.8486e-05 2.8475e-05 2.8493e-05 2.8493e-05 2.8497e-05 2.8498e-05 2.8493e-05 2.845e-05 2.8456e-05 2.8421e-05 2.8414e-05 2.8426e-05 2.8375e-05 2.8435e-05 2.8292e-05 2.823e-05 2.8248e-05 2.8383e-05 2.8345e-05 2.8336e-05 2.8337e-05 2.8218e-05 2.8267e-05 2.8217e-05 2.8092e-05 2.8035e-05 2.8137e-05 2.8134e-05 2.8043e-05 2.8173e-05 2.8114e-05 2.8066e-05 2.8095e-05 2.8105e-05 2.8103e-05 2.8138e-05 2.8194e-05 2.827e-05 2.8287e-05 2.834e-05 2.8442e-05 2.8402e-05 2.8481e-05 2.8477e-05 2.849e-05 2.848e-05 2.8437e-05 2.8426e-05 2.8464e-05 2.8409e-05 2.8483e-05 2.8489e-05 2.85e-05 2.85e-05 2.8499e-05 2.849e-05 2.84e-05 2.8385e-05 2.84e-05 2.8326e-05 2.8389e-05 2.847e-05 2.8479e-05 2.8449e-05 2.8437e-05 2.8415e-05 2.8328e-05 2.8272e-05 2.8301e-05 2.8248e-05 2.8292e-05 2.8292e-05 2.833e-05 2.8264e-05 2.8278e-05 2.8324e-05 2.8378e-05 2.8265e-05 2.8227e-05 2.8211e-05 2.8191e-05 2.8175e-05 2.8174e-05 2.8163e-05 2.8158e-05 2.8157e-05 2.8152e-05 2.8176e-05 2.8201e-05 2.8238e-05
2.8147e-05 2.818e-05 2.8163e-05 2.8127e-05 2.8087e-05 2.8069e-05 2.8083e-05 2.8113e-05 2.8151e-05 2.8366e-05 2.8412e-05 2.8394e-05 2.8124e-05 2.8079e-05 2.8089e-05 2.8161e-05 2.8218e-05 2.8465e-05 2.8482e-05 2.842e-05 2.8461e-05 2.8488e-05 2.8383e-05 2.8193e-05 2.7989e-05 2.8217e-05 2.7988e-05 2.7359e-05 2.7294e-05 2.7327e-05 2.7283e-05 2.7326e-05 2.7175e-05 2.6216e-05 2.6617e-05 2.6905e-05 2.6833e-05 2.6869e-05 2.7022e-05 2.7168e-05 2.73e-05 2.7375e-05 2.7438e-05 2.7432e-05 2.7782e-05 2.7924e-05 2.8081e-05 2.818e-05 2.8276e-05 2.8449e-05 2.8456e-05 2.806e-05 2.7868e-05 2.7944e-05 2.8065e-05 2.8172e-05 2.8239e-05 2.8272e-05 2.8294e-05 2.8374e-05 2.8362e-05 2.8325e-05 2.8253e-05 2.847e-05 2.8488e-05 2.8425e-05 2.8451e-05 2.8499e-05 2.85e-05 2.8489e-05 2.8475e-05 2.8444e-05 2.7926e-05 2.7866e-05 2.8042e-05 2.8178e-05 2.813e-05 2.8205e-05 2.8273e-05 2.8274e-05 2.8408e-05 2.8436e-05 2.835e-05 2.8399e-05 2.8424e-05 2.835e-05 2.8446e-05 2.8482e-05 2.8468e-05 2.8471e-05 2.8456e-05 2.8474e-05 2.8482e-05 2.8492e-05 2.8498e-05 2.8499e-05 2.8498e-05 2.8478e-05 2.8491e-05 2.8471e-05 2.8471e-05 2.8471e-05 2.8469e-05 2.843e-05 2.8431e-05 2.829e-05 2.8363e-05 2.8447e-05 2.8492e-05 2.8328e-05 2.836e-05 2.8289e-05 2.8177e-05 2.8166e-05 2.8123e-05 2.8248e-05 2.8189e-05 2.8187e-05 2.8094e-05 2.8184e-05 2.8133e-05 2.809e-05 2.8082e-05 2.8125e-05 2.8131e-05 2.8156e-05 2.823e-05 2.8275e-05 2.8344e-05 2.8375e-05 2.8499e-05 2.8476e-05 2.8424e-05 2.8388e-05 2.8265e-05 2.8403e-05 2.8496e-05 2.8487e-05 2.8467e-05 2.8496e-05 2.8498e-05 2.8499e-05 2.8492e-05 2.8499e-05 2.85e-05 2.8465e-05 2.8456e-05 2.8427e-05 2.84e-05 2.8326e-05 2.8492e-05 2.842e-05 2.844e-05 2.8468e-05 2.8455e-05 2.8341e-05 2.83e-05 2.8262e-05 2.825e-05 2.8223e-05 2.8307e-05 2.8228e-05 2.8258e-05 2.8237e-05 2.8249e-05 2.8302e-05 2.828e-05 2.8237e-05 2.8223e-05 2.8213e-05 2.8207e-05 2.8184e-05 2.8173e-05 2.817e-05 2.8171e-05 2.816e-05 2.8153e-05 2.8146e-05 2.8139e-05 2.8134e-05
2.8152e-05 2.8116e-05 2.8034e-05 2.8113e-05 2.8055e-05 2.805e-05 2.8072e-05 2.8082e-05 2.8117e-05 2.8236e-05 2.8294e-05 2.8323e-05 2.8073e-05 2.8031e-05 2.803e-05 2.8076e-05 2.8323e-05 2.8488e-05 2.834e-05 2.8382e-05 2.8485e-05 2.8422e-05 2.8271e-05 2.8147e-05 2.8234e-05 2.8265e-05 2.8196e-05 2.7803e-05 2.7331e-05 2.7299e-05 2.7369e-05 2.7506e-05 2.7591e-05 2.7486e-05 2.7203e-05 2.7009e-05 2.6781e-05 2.6726e-05 2.7065e-05 2.7255e-05 2.7385e-05 2.7456e-05 2.7493e-05 2.7414e-05 2.785e-05 2.8099e-05 2.8214e-05 2.8292e-05 2.8388e-05 2.8489e-05 2.85e-05 2.8203e-05 2.8196e-05 2.8283e-05 2.8336e-05 2.8386e-05 2.8372e-05 2.8382e-05 2.8395e-05 2.843e-05 2.848e-05 2.8401e-05 2.8308e-05 2.8355e-05 2.8416e-05 2.8486e-05 2.85e-05 2.85e-05 2.8498e-05 2.8466e-05 2.838e-05 2.8023e-05 2.8373e-05 2.8174e-05 2.789e-05 2.8032e-05 2.822e-05 2.8379e-05 2.8412e-05 2.8403e-05 2.8443e-05 2.8388e-05 2.8427e-05 2.8403e-05 2.8336e-05 2.8409e-05 2.8422e-05 2.8474e-05 2.8463e-05 2.8473e-05 2.848e-05 2.8478e-05 2.8498e-05 2.8499e-05 2.85e-05 2.85e-05 2.85e-05 2.85e-05 2.8496e-05 2.8475e-05 2.8476e-05 2.8472e-05 2.8459e-05 2.8469e-05 2.8456e-05 2.845e-05 2.846e-05 2.8442e-05 2.8457e-05 2.8284e-05 2.8327e-05 2.8107e-05 2.8166e-05 2.8132e-05 2.8196e-05 2.8145e-05 2.8155e-05 2.8199e-05 2.8177e-05 2.8174e-05 2.8135e-05 2.8099e-05 2.8068e-05 2.8086e-05 2.8255e-05 2.8181e-05 2.8225e-05 2.8307e-05 2.839e-05 2.8473e-05 2.8478e-05 2.7927e-05 2.7874e-05 2.7873e-05 2.7889e-05 2.7964e-05 2.8147e-05 2.8453e-05 2.8488e-05 2.8494e-05 2.8497e-05 2.8474e-05 2.8489e-05 2.85e-05 2.85e-05 2.8479e-05 2.8454e-05 2.846e-05 2.8358e-05 2.838e-05 2.8426e-05 2.8444e-05 2.8411e-05 2.84e-05 2.837e-05 2.8356e-05 2.8283e-05 2.8253e-05 2.8229e-05 2.8224e-05 2.8238e-05 2.8251e-05 2.8232e-05 2.8234e-05 2.8233e-05 2.8235e-05 2.8235e-05 2.8241e-05 2.8223e-05 2.8221e-05 2.8221e-05 2.8201e-05 2.8188e-05 2.8181e-05 2.8176e-05 2.8163e-05 2.8151e-05 2.8145e-05 2.8137e-05 2.8125e-05
2.8132e-05 2.811e-05 2.8092e-05 2.8084e-05 2.8056e-05 2.8047e-05 2.8051e-05 2.8058e-05 2.8081e-05 2.8156e-05 2.8245e-05 2.814e-05 2.8025e-05 2.7997e-05 2.7988e-05 2.8063e-05 2.8361e-05 2.8231e-05 2.8258e-05 2.8372e-05 2.85e-05 2.8445e-05 2.8462e-05 2.8413e-05 2.8376e-05 2.8362e-05 2.8273e-05 2.8028e-05 2.7203e-05 2.7255e-05 2.7368e-05 2.7633e-05 2.7724e-05 2.7643e-05 2.7438e-05 2.7149e-05 2.6509e-05 2.6504e-05 2.7216e-05 2.737e-05 2.7464e-05 2.7523e-05 2.7563e-05 2.765e-05 2.8024e-05 2.8147e-05 2.8243e-05 2.834e-05 2.8421e-05 2.8481e-05 2.85e-05 2.8499e-05 2.8371e-05 2.8363e-05 2.8362e-05 2.8372e-05 2.8407e-05 2.8437e-05 2.8461e-05 2.8477e-05 2.8484e-05 2.8455e-05 2.8358e-05 2.8453e-05 2.8496e-05 2.85e-05 2.8493e-05 2.8484e-05 2.8476e-05 2.8435e-05 2.8344e-05 2.8004e-05 2.784e-05 2.801e-05 2.7894e-05 2.8354e-05 2.8376e-05 2.84e-05 2.8245e-05 2.8211e-05 2.8272e-05 2.8402e-05 2.8386e-05 2.8366e-05 2.8407e-05 2.8452e-05 2.845e-05 2.8476e-05 2.846e-05 2.8484e-05 2.8475e-05 2.8483e-05 2.8487e-05 2.8475e-05 2.85e-05 2.8499e-05 2.8496e-05 2.85e-05 2.8489e-05 2.8457e-05 2.8457e-05 2.8466e-05 2.8478e-05 2.8461e-05 2.845e-05 2.8479e-05 2.8403e-05 2.8496e-05 2.8458e-05 2.8469e-05 2.8389e-05 2.8279e-05 2.8239e-05 2.8098e-05 2.813e-05 2.8162e-05 2.8133e-05 2.8177e-05 2.8179e-05 2.8189e-05 2.8124e-05 2.8144e-05 2.8076e-05 2.824e-05 2.8352e-05 2.8154e-05 2.823e-05 2.833e-05 2.8473e-05 2.8446e-05 2.7956e-05 2.7834e-05 2.7853e-05 2.7861e-05 2.7863e-05 2.7893e-05 2.7908e-05 2.8066e-05 2.8441e-05 2.8449e-05 2.8435e-05 2.8465e-05 2.8496e-05 2.8492e-05 2.848e-05 2.8434e-05 2.8453e-05 2.8493e-05 2.8465e-05 2.8461e-05 2.845e-05 2.8382e-05 2.8361e-05 2.8328e-05 2.8297e-05 2.8316e-05 2.8243e-05 2.8223e-05 2.8242e-05 2.8221e-05 2.8212e-05 2.8243e-05 2.8234e-05 2.8238e-05 2.8227e-05 2.8228e-05 2.8238e-05 2.8239e-05 2.8242e-05 2.824e-05 2.8233e-05 2.8253e-05 2.8206e-05 2.8188e-05 2.8195e-05 2.8162e-05 2.8144e-05 2.8134e-05 2.8128e-05 2.8118e-05
2.8106e-05 2.8071e-05 2.8135e-05 2.8114e-05 2.8044e-05 2.805e-05 2.8045e-05 2.8056e-05 2.8026e-05 2.8125e-05 2.8203e-05 2.8047e-05 2.7983e-05 2.7966e-05 2.7977e-05 2.8129e-05 2.8223e-05 2.8131e-05 2.8273e-05 2.8457e-05 2.8479e-05 2.8499e-05 2.85e-05 2.8492e-05 2.8469e-05 2.8415e-05 2.834e-05 2.8071e-05 2.7383e-05 2.7351e-05 2.7541e-05 2.7817e-05 2.7813e-05 2.7884e-05 2.7734e-05 2.7294e-05 2.6339e-05 2.5906e-05 2.6999e-05 2.7465e-05 2.7519e-05 2.7593e-05 2.7669e-05 2.7794e-05 2.7999e-05 2.8151e-05 2.8264e-05 2.8364e-05 2.8426e-05 2.8485e-05 2.85e-05 2.8498e-05 2.8499e-05 2.8418e-05 2.8404e-05 2.8407e-05 2.8433e-05 2.846e-05 2.8477e-05 2.8492e-05 2.85e-05 2.8495e-05 2.8482e-05 2.849e-05 2.8498e-05 2.8488e-05 2.8431e-05 2.8421e-05 2.8405e-05 2.8295e-05 2.8011e-05 2.7982e-05 2.8025e-05 2.786e-05 2.8267e-05 2.8282e-05 2.8255e-05 2.8293e-05 2.8201e-05 2.8373e-05 2.8371e-05 2.8392e-05 2.8408e-05 2.8384e-05 2.8363e-05 2.8411e-05 2.8432e-05 2.8398e-05 2.8434e-05 2.8429e-05 2.8469e-05 2.8479e-05 2.8492e-05 2.8485e-05 2.8497e-05 2.8472e-05 2.85e-05 2.8496e-05 2.8493e-05 2.8497e-05 2.8497e-05 2.8439e-05 2.8394e-05 2.8375e-05 2.8471e-05 2.8488e-05 2.8493e-05 2.8433e-05 2.8417e-05 2.8383e-05 2.8368e-05 2.8372e-05 2.8323e-05 2.8365e-05 2.8282e-05 2.8203e-05 2.8161e-05 2.8174e-05 2.8174e-05 2.8093e-05 2.8151e-05 2.813e-05 2.8041e-05 2.8407e-05 2.8189e-05 2.8154e-05 2.8269e-05 2.8394e-05 2.8499e-05 2.8249e-05 2.7902e-05 2.7821e-05 2.7818e-05 2.7828e-05 2.785e-05 2.7867e-05 2.7887e-05 2.7951e-05 2.8128e-05 2.8299e-05 2.8379e-05 2.8382e-05 2.8497e-05 2.8498e-05 2.8497e-05 2.8492e-05 2.8495e-05 2.8475e-05 2.8491e-05 2.849e-05 2.8408e-05 2.8325e-05 2.8266e-05 2.8328e-05 2.8248e-05 2.821e-05 2.8238e-05 2.8243e-05 2.8268e-05 2.8262e-05 2.814e-05 2.8288e-05 2.83e-05 2.8278e-05 2.8247e-05 2.8232e-05 2.8269e-05 2.8255e-05 2.8286e-05 2.8276e-05 2.8275e-05 2.8215e-05 2.8209e-05 2.8186e-05 2.8206e-05 2.8164e-05 2.8144e-05 2.8129e-05 2.8119e-05 2.812e-05
2.8085e-05 2.8088e-05 2.8091e-05 2.8091e-05 2.8024e-05 2.8023e-05 2.8006e-05 2.8016e-05 2.7972e-05 2.7999e-05 2.804e-05 2.7949e-05 2.7936e-05 2.7947e-05 2.7963e-05 2.7983e-05 2.8116e-05 2.811e-05 2.8277e-05 2.8415e-05 2.8455e-05 2.8477e-05 2.8499e-05 2.8494e-05 2.8463e-05 2.8421e-05 2.8313e-05 2.8061e-05 2.7815e-05 2.7913e-05 2.7894e-05 2.7891e-05 2.79e-05 2.7906e-05 2.7941e-05 2.7902e-05 2.6522e-05 2.5458e-05 2.5605e-05 2.746e-05 2.7571e-05 2.7651e-05 2.7745e-05 2.7866e-05 2.8e-05 2.8167e-05 2.8304e-05 2.8384e-05 2.8453e-05 2.8485e-05 2.85e-05 2.8497e-05 2.8499e-05 2.8455e-05 2.8437e-05 2.8434e-05 2.8456e-05 2.8478e-05 2.8487e-05 2.8497e-05 2.85e-05 2.8489e-05 2.8479e-05 2.8499e-05 2.8483e-05 2.8448e-05 2.8352e-05 2.8285e-05 2.8221e-05 2.8266e-05 2.7862e-05 2.7936e-05 2.8279e-05 2.7846e-05 2.8021e-05 2.8295e-05 2.7985e-05 2.8338e-05 2.8375e-05 2.8318e-05 2.8383e-05 2.8401e-05 2.8428e-05 2.8442e-05 2.841e-05 2.8397e-05 2.8362e-05 2.8398e-05 2.8413e-05 2.8429e-05 2.8467e-05 2.8475e-05 2.8473e-05 2.8473e-05 2.8455e-05 2.8497e-05 2.8478e-05 2.8496e-05 2.8499e-05 2.85e-05 2.8497e-05 2.8495e-05 2.8466e-05 2.8385e-05 2.8486e-05 2.8477e-05 2.8474e-05 2.8475e-05 2.85e-05 2.8366e-05 2.8415e-05 2.8405e-05 2.8393e-05 2.8431e-05 2.8367e-05 2.8243e-05 2.8159e-05 2.8233e-05 2.8292e-05 2.814e-05 2.8195e-05 2.8166e-05 2.8103e-05 2.8067e-05 2.8121e-05 2.825e-05 2.8349e-05 2.8453e-05 2.8477e-05 2.8154e-05 2.7822e-05 2.7806e-05 2.7794e-05 2.7825e-05 2.7863e-05 2.7866e-05 2.7903e-05 2.7928e-05 2.8053e-05 2.8239e-05 2.8311e-05 2.8492e-05 2.8467e-05 2.8487e-05 2.8499e-05 2.846e-05 2.8402e-05 2.8362e-05 2.8363e-05 2.8347e-05 2.8297e-05 2.8236e-05 2.8173e-05 2.8161e-05 2.821e-05 2.8184e-05 2.8214e-05 2.8215e-05 2.828e-05 2.8312e-05 2.8352e-05 2.8391e-05 2.8379e-05 2.8365e-05 2.834e-05 2.8321e-05 2.8316e-05 2.8317e-05 2.8307e-05 2.8218e-05 2.8413e-05 2.8266e-05 2.822e-05 2.8218e-05 2.8217e-05 2.8145e-05 2.8134e-05 2.8139e-05 2.8262e-05 2.8123e-05
2.8118e-05 2.8066e-05 2.819e-05 2.8193e-05 2.8027e-05 2.8035e-05 2.7996e-05 2.7974e-05 2.7961e-05 2.7946e-05 2.7925e-05 2.7905e-05 2.7908e-05 2.7915e-05 2.7927e-05 2.7974e-05 2.8023e-05 2.8132e-05 2.8426e-05 2.8409e-05 2.844e-05 2.849e-05 2.85e-05 2.8496e-05 2.8457e-05 2.8395e-05 2.8319e-05 2.8214e-05 2.7983e-05 2.7984e-05 2.7946e-05 2.7942e-05 2.7943e-05 2.7976e-05 2.8037e-05 2.8086e-05 2.7866e-05 2.5667e-05 2.5909e-05 2.7179e-05 2.7505e-05 2.7725e-05 2.7846e-05 2.7931e-05 2.6995e-05 2.8245e-05 2.8346e-05 2.8412e-05 2.8463e-05 2.8485e-05 2.85e-05 2.8498e-05 2.8497e-05 2.8468e-05 2.8456e-05 2.8465e-05 2.848e-05 2.8491e-05 2.8496e-05 2.8499e-05 2.85e-05 2.85e-05 2.8492e-05 2.85e-05 2.8458e-05 2.8318e-05 2.8241e-05 2.817e-05 2.8135e-05 2.7924e-05 2.7885e-05 2.7933e-05 2.8146e-05 2.8182e-05 2.8244e-05 2.8007e-05 2.8206e-05 2.8254e-05 2.8379e-05 2.8438e-05 2.844e-05 2.8398e-05 2.8425e-05 2.8408e-05 2.8412e-05 2.8413e-05 2.7906e-05 2.8408e-05 2.82e-05 2.8434e-05 2.8472e-05 2.8465e-05 2.8465e-05 2.8431e-05 2.8444e-05 2.8498e-05 2.8498e-05 2.8495e-05 2.8488e-05 2.8485e-05 2.8491e-05 2.849e-05 2.8475e-05 2.8484e-05 2.8493e-05 2.8499e-05 2.8493e-05 2.85e-05 2.847e-05 2.8466e-05 2.8459e-05 2.8491e-05 2.8439e-05 2.8423e-05 2.8394e-05 2.8348e-05 2.8287e-05 2.8318e-05 2.8353e-05 2.8337e-05 2.8307e-05 2.8206e-05 2.818e-05 2.8189e-05 2.8218e-05 2.8282e-05 2.8392e-05 2.8492e-05 2.8424e-05 2.8123e-05 2.782e-05 2.7812e-05 2.782e-05 2.784e-05 2.7867e-05 2.7873e-05 2.7892e-05 2.7917e-05 2.8007e-05 2.8179e-05 2.8254e-05 2.8411e-05 2.839e-05 2.8371e-05 2.8374e-05 2.8347e-05 2.8354e-05 2.8239e-05 2.8283e-05 2.8205e-05 2.8175e-05 2.8148e-05 2.8091e-05 2.8055e-05 2.8045e-05 2.8122e-05 2.8145e-05 2.8224e-05 2.8325e-05 2.842e-05 2.848e-05 2.8495e-05 2.8472e-05 2.8469e-05 2.8435e-05 2.8404e-05 2.8389e-05 2.8346e-05 2.8355e-05 2.8345e-05 2.8334e-05 2.8381e-05 2.8224e-05 2.823e-05 2.8199e-05 2.8192e-05 2.8143e-05 2.8156e-05 2.8386e-05 2.8232e-05
2.8108e-05 2.8055e-05 2.8049e-05 2.7985e-05 2.8001e-05 2.803e-05 2.797e-05 2.7929e-05 2.7921e-05 2.7904e-05 2.7884e-05 2.7855e-05 2.7861e-05 2.7871e-05 2.7875e-05 2.7936e-05 2.812e-05 2.8256e-05 2.8395e-05 2.8401e-05 2.8499e-05 2.78e-05 2.6381e-05 2.622e-05 2.6915e-05 2.8365e-05 2.8285e-05 2.8255e-05 2.8184e-05 2.8038e-05 2.8013e-05 2.7978e-05 2.7985e-05 2.8011e-05 2.8041e-05 2.8075e-05 2.808e-05 2.7688e-05 2.7038e-05 2.7159e-05 2.7576e-05 2.7788e-05 2.7926e-05 2.8008e-05 2.8148e-05 2.8322e-05 2.8379e-05 2.8433e-05 2.8465e-05 2.8484e-05 2.85e-05 2.8498e-05 2.8494e-05 2.8479e-05 2.8479e-05 2.8477e-05 2.8487e-05 2.8497e-05 2.8499e-05 2.85e-05 2.85e-05 2.85e-05 2.85e-05 2.8482e-05 2.8302e-05 2.8209e-05 2.8146e-05 2.8098e-05 2.8087e-05 2.7943e-05 2.7858e-05 2.7908e-05 2.8024e-05 2.8112e-05 2.7995e-05 2.814e-05 2.8183e-05 2.8248e-05 2.83e-05 2.8328e-05 2.829e-05 2.8392e-05 2.8484e-05 2.8096e-05 2.8385e-05 2.8407e-05 2.8393e-05 2.8413e-05 2.841e-05 2.8407e-05 2.8256e-05 2.839e-05 2.8451e-05 2.8465e-05 2.8463e-05 2.8485e-05 2.8481e-05 2.8473e-05 2.8465e-05 2.8447e-05 2.8472e-05 2.8476e-05 2.8499e-05 2.8496e-05 2.8499e-05 2.85e-05 2.8495e-05 2.846e-05 2.8493e-05 2.8429e-05 2.847e-05 2.8476e-05 2.8484e-05 2.8486e-05 2.8416e-05 2.8401e-05 2.8356e-05 2.8314e-05 2.8336e-05 2.8338e-05 2.8288e-05 2.8318e-05 2.8269e-05 2.8287e-05 2.8332e-05 2.8362e-05 2.8436e-05 2.8498e-05 2.8322e-05 2.7841e-05 2.783e-05 2.7857e-05 2.7824e-05 2.7848e-05 2.787e-05 2.7881e-05 2.7904e-05 2.7919e-05 2.7991e-05 2.8129e-05 2.8207e-05 2.8244e-05 2.8289e-05 2.8301e-05 2.8311e-05 2.8298e-05 2.8268e-05 2.8227e-05 2.8143e-05 2.8119e-05 2.808e-05 2.8044e-05 2.8041e-05 2.8015e-05 2.8008e-05 2.8023e-05 2.8118e-05 2.824e-05 2.8389e-05 2.8476e-05 2.85e-05 2.8496e-05 2.8478e-05 2.8496e-05 2.85e-05 2.8464e-05 2.8429e-05 2.8399e-05 2.8395e-05 2.8373e-05 2.8358e-05 2.8347e-05 2.8293e-05 2.8239e-05 2.8226e-05 2.8204e-05 2.8182e-05 2.8115e-05 2.8278e-05 2.7903e-05
2.8068e-05 2.8023e-05 2.8011e-05 2.7972e-05 2.8126e-05 2.7975e-05 2.7962e-05 2.7935e-05 2.7889e-05 2.7877e-05 2.7853e-05 2.7831e-05 2.7823e-05 2.7827e-05 2.7814e-05 2.8053e-05 2.8193e-05 2.8222e-05 2.8339e-05 2.8335e-05 2.848e-05 2.6135e-05 2.5473e-05 2.5477e-05 2.5685e-05 2.7724e-05 2.827e-05 2.826e-05 2.8326e-05 2.8191e-05 2.8102e-05 2.802e-05 2.7999e-05 2.8021e-05 2.8048e-05 2.8081e-05 2.8087e-05 2.8019e-05 2.7665e-05 2.7623e-05 2.7781e-05 2.7858e-05 2.795e-05 2.8038e-05 2.817e-05 2.8331e-05 2.8404e-05 2.845e-05 2.8475e-05 2.849e-05 2.8498e-05 2.8494e-05 2.8497e-05 2.8456e-05 2.8462e-05 2.8493e-05 2.8494e-05 2.8498e-05 2.85e-05 2.85e-05 2.8499e-05 2.8494e-05 2.8473e-05 2.8358e-05 2.8273e-05 2.8133e-05 2.8069e-05 2.8e-05 2.7922e-05 2.7903e-05 2.796e-05 2.7899e-05 2.7929e-05 2.7997e-05 2.7966e-05 2.8084e-05 2.8201e-05 2.8182e-05 2.8221e-05 2.8332e-05 2.8373e-05 2.8445e-05 2.836e-05 2.8232e-05 2.8413e-05 2.8397e-05 2.8391e-05 2.7985e-05 2.8397e-05 2.8344e-05 2.8395e-05 2.8407e-05 2.8457e-05 2.8468e-05 2.8449e-05 2.8429e-05 2.8447e-05 2.8444e-05 2.8445e-05 2.8415e-05 2.8421e-05 2.845e-05 2.8493e-05 2.8499e-05 2.8478e-05 2.8483e-05 2.8483e-05 2.8487e-05 2.8488e-05 2.8461e-05 2.8483e-05 2.8486e-05 2.847e-05 2.8448e-05 2.8437e-05 2.8421e-05 2.8372e-05 2.8214e-05 2.8312e-05 2.8342e-05 2.8353e-05 2.835e-05 2.8337e-05 2.8353e-05 2.8371e-05 2.8408e-05 2.8499e-05 2.8489e-05 2.8287e-05 2.7899e-05 2.7848e-05 2.7839e-05 2.7851e-05 2.7869e-05 2.7876e-05 2.7877e-05 2.7897e-05 2.7944e-05 2.7986e-05 2.8049e-05 2.8122e-05 2.8098e-05 2.8152e-05 2.8152e-05 2.816e-05 2.8107e-05 2.8095e-05 2.8068e-05 2.8036e-05 2.8009e-05 2.7986e-05 2.7987e-05 2.7981e-05 2.7952e-05 2.7966e-05 2.7971e-05 2.8043e-05 2.8248e-05 2.8388e-05 2.8497e-05 2.849e-05 2.844e-05 2.8387e-05 2.8389e-05 2.8456e-05 2.8492e-05 2.8454e-05 2.844e-05 2.8441e-05 2.8415e-05 2.838e-05 2.8334e-05 2.8286e-05 2.8246e-05 2.8254e-05 2.8204e-05 2.8099e-05 2.8105e-05 2.8139e-05 2.8054e-05
2.8067e-05 2.8012e-05 2.7972e-05 2.7956e-05 2.794e-05 2.7969e-05 2.7957e-05 2.7915e-05 2.787e-05 2.7849e-05 2.7826e-05 2.78e-05 2.7792e-05 2.7789e-05 2.7779e-05 2.8013e-05 2.8173e-05 2.8276e-05 2.8452e-05 2.8391e-05 2.85e-05 2.6162e-05 2.5478e-05 2.5456e-05 2.5613e-05 2.7683e-05 2.8344e-05 2.8378e-05 2.8388e-05 2.8357e-05 2.8205e-05 2.8062e-05 2.7979e-05 2.7959e-05 2.7966e-05 2.8053e-05 2.81e-05 2.8092e-05 2.7944e-05 2.7889e-05 2.7918e-05 2.794e-05 2.797e-05 2.8033e-05 2.8128e-05 2.8282e-05 2.8421e-05 2.846e-05 2.8485e-05 2.8491e-05 2.8498e-05 2.8491e-05 2.85e-05 2.8499e-05 2.8454e-05 2.848e-05 2.8494e-05 2.8498e-05 2.85e-05 2.85e-05 2.8494e-05 2.8494e-05 2.8436e-05 2.8275e-05 2.8149e-05 2.8053e-05 2.7945e-05 2.7914e-05 2.785e-05 2.7848e-05 2.7813e-05 2.785e-05 2.7864e-05 2.7899e-05 2.7928e-05 2.808e-05 2.8123e-05 2.8111e-05 2.7998e-05 2.8292e-05 2.8353e-05 2.8392e-05 2.8362e-05 2.8347e-05 2.801e-05 2.8425e-05 2.8403e-05 2.8444e-05 2.8402e-05 2.8385e-05 2.838e-05 2.8378e-05 2.8289e-05 2.8422e-05 2.8429e-05 2.8409e-05 2.8425e-05 2.8425e-05 2.8429e-05 2.8417e-05 2.8412e-05 2.8471e-05 2.8216e-05 2.8472e-05 2.8444e-05 2.8497e-05 2.85e-05 2.8489e-05 2.8499e-05 2.8496e-05 2.8486e-05 2.8473e-05 2.8442e-05 2.8434e-05 2.8438e-05 2.8474e-05 2.8339e-05 2.8391e-05 2.8332e-05 2.8407e-05 2.8438e-05 2.8468e-05 2.8361e-05 2.8372e-05 2.8391e-05 2.8431e-05 2.8494e-05 2.8482e-05 2.8414e-05 2.8163e-05 2.7965e-05 2.7864e-05 2.7883e-05 2.7886e-05 2.7893e-05 2.7911e-05 2.7914e-05 2.7927e-05 2.7957e-05 2.7983e-05 2.7988e-05 2.799e-05 2.7953e-05 2.7987e-05 2.7979e-05 2.7987e-05 2.795e-05 2.7944e-05 2.7938e-05 2.7914e-05 2.7896e-05 2.7912e-05 2.7875e-05 2.789e-05 2.7895e-05 2.7945e-05 2.8013e-05 2.8247e-05 2.8446e-05 2.8499e-05 2.8414e-05 2.8316e-05 2.8282e-05 2.835e-05 2.8365e-05 2.8142e-05 2.8492e-05 2.8475e-05 2.8458e-05 2.8435e-05 2.8395e-05 2.834e-05 2.8286e-05 2.8243e-05 2.8227e-05 2.8147e-05 2.8255e-05 2.8067e-05 2.8085e-05 2.8043e-05
2.7936e-05 2.797e-05 2.7979e-05 2.7914e-05 2.788e-05 2.7883e-05 2.7891e-05 2.7862e-05 2.7822e-05 2.7812e-05 2.7784e-05 2.7775e-05 2.7764e-05 2.7761e-05 2.7761e-05 2.8015e-05 2.8175e-05 2.8404e-05 2.8448e-05 2.8358e-05 2.844e-05 2.6724e-05 2.6078e-05 2.5869e-05 2.6329e-05 2.8231e-05 2.8444e-05 2.8444e-05 2.8428e-05 2.8376e-05 2.8273e-05 2.8123e-05 2.7974e-05 2.7895e-05 2.7837e-05 2.7806e-05 2.8083e-05 2.809e-05 2.8036e-05 2.799e-05 2.7976e-05 2.7982e-05 2.8e-05 2.8043e-05 2.8125e-05 2.8273e-05 2.8448e-05 2.8457e-05 2.8475e-05 2.8489e-05 2.849e-05 2.85e-05 2.8488e-05 2.847e-05 2.8472e-05 2.848e-05 2.8485e-05 2.8496e-05 2.8498e-05 2.8499e-05 2.8495e-05 2.849e-05 2.8372e-05 2.8257e-05 2.8127e-05 2.7901e-05 2.7873e-05 2.7853e-05 2.7819e-05 2.781e-05 2.7808e-05 2.782e-05 2.787e-05 2.7863e-05 2.7897e-05 2.8009e-05 2.8039e-05 2.8026e-05 2.8157e-05 2.8289e-05 2.8305e-05 2.8223e-05 2.8311e-05 2.8352e-05 2.8427e-05 2.8367e-05 2.8307e-05 2.8396e-05 2.8384e-05 2.8361e-05 2.8387e-05 2.8387e-05 2.8413e-05 2.8421e-05 2.8377e-05 2.8399e-05 2.8419e-05 2.8411e-05 2.8414e-05 2.8414e-05 2.8395e-05 2.8462e-05 2.8486e-05 2.8437e-05 2.8495e-05 2.8484e-05 2.8446e-05 2.8472e-05 2.85e-05 2.8486e-05 2.8468e-05 2.8443e-05 2.8435e-05 2.845e-05 2.8457e-05 2.8476e-05 2.8404e-05 2.8407e-05 2.8172e-05 2.8453e-05 2.8463e-05 2.8457e-05 2.8313e-05 2.8362e-05 2.8424e-05 2.8431e-05 2.849e-05 2.8474e-05 2.85e-05 2.8442e-05 2.8205e-05 2.8145e-05 2.8008e-05 2.7972e-05 2.7973e-05 2.792e-05 2.7923e-05 2.7921e-05 2.7922e-05 2.793e-05 2.792e-05 2.7887e-05 2.7887e-05 2.7882e-05 2.7872e-05 2.788e-05 2.7856e-05 2.7844e-05 2.7842e-05 2.7857e-05 2.7838e-05 2.785e-05 2.7838e-05 2.7869e-05 2.7853e-05 2.7855e-05 2.7925e-05 2.8212e-05 2.8463e-05 2.8468e-05 2.8284e-05 2.8226e-05 2.8199e-05 2.8191e-05 2.8322e-05 2.8451e-05 2.85e-05 2.8495e-05 2.8479e-05 2.8443e-05 2.8387e-05 2.8342e-05 2.8292e-05 2.8256e-05 2.8185e-05 2.8166e-05 2.8261e-05 2.8046e-05 2.8045e-05 2.801e-05
2.7945e-05 2.7926e-05 2.7911e-05 2.788e-05 2.7862e-05 2.7836e-05 2.782e-05 2.7794e-05 2.7779e-05 2.7773e-05 2.7758e-05 2.7755e-05 2.775e-05 2.7752e-05 2.7751e-05 2.7995e-05 2.8238e-05 2.8431e-05 2.8364e-05 2.829e-05 2.8283e-05 2.848e-05 2.7976e-05 2.7541e-05 2.8364e-05 2.85e-05 2.8484e-05 2.8473e-05 2.8449e-05 2.8355e-05 2.8245e-05 2.8127e-05 2.8003e-05 2.7859e-05 2.7775e-05 2.7746e-05 2.7997e-05 2.8091e-05 2.8067e-05 2.7988e-05 2.7984e-05 2.7917e-05 2.8004e-05 2.8059e-05 2.8069e-05 2.8323e-05 2.8383e-05 2.8434e-05 2.8452e-05 2.8475e-05 2.8486e-05 2.8495e-05 2.85e-05 2.8481e-05 2.8499e-05 2.8494e-05 2.8456e-05 2.8214e-05 2.8302e-05 2.8467e-05 2.8487e-05 2.85e-05 2.8357e-05 2.8244e-05 2.8101e-05 2.7906e-05 2.7837e-05 2.7815e-05 2.7785e-05 2.7773e-05 2.7794e-05 2.7772e-05 2.7865e-05 2.7796e-05 2.7828e-05 2.7912e-05 2.7932e-05 2.7922e-05 2.7957e-05 2.8146e-05 2.8276e-05 2.8377e-05 2.8428e-05 2.8371e-05 2.8406e-05 2.8384e-05 2.8376e-05 2.8366e-05 2.8371e-05 2.8412e-05 2.8354e-05 2.8343e-05 2.8366e-05 2.8393e-05 2.8342e-05 2.8329e-05 2.8278e-05 2.8449e-05 2.8364e-05 2.8374e-05 2.8411e-05 2.8453e-05 2.8483e-05 2.8453e-05 2.8449e-05 2.8463e-05 2.8464e-05 2.8491e-05 2.8499e-05 2.8499e-05 2.8494e-05 2.8465e-05 2.8465e-05 2.8437e-05 2.8434e-05 2.8443e-05 2.8466e-05 2.8403e-05 2.823e-05 2.8442e-05 2.8461e-05 2.8428e-05 2.8494e-05 2.8496e-05 2.8414e-05 2.8405e-05 2.8457e-05 2.8484e-05 2.8492e-05 2.8491e-05 2.8435e-05 2.835e-05 2.825e-05 2.8156e-05 2.8047e-05 2.796e-05 2.7924e-05 2.7903e-05 2.7879e-05 2.787e-05 2.7866e-05 2.7812e-05 2.7841e-05 2.7797e-05 2.7779e-05 2.7763e-05 2.7748e-05 2.7763e-05 2.7719e-05 2.7745e-05 2.774e-05 2.7754e-05 2.7762e-05 2.7761e-05 2.775e-05 2.7787e-05 2.7814e-05 2.8153e-05 2.8471e-05 2.8452e-05 2.832e-05 2.8203e-05 2.815e-05 2.7636e-05 2.7907e-05 2.8333e-05 2.8482e-05 2.8499e-05 2.8474e-05 2.8442e-05 2.8386e-05 2.8333e-05 2.8266e-05 2.8213e-05 2.8136e-05 2.8185e-05 2.808e-05 2.8046e-05 2.8134e-05 2.7963e-05
2.7914e-05 2.7901e-05 2.7907e-05 2.7844e-05 2.7807e-05 2.7807e-05 2.7784e-05 2.7779e-05 2.7772e-05 2.7757e-05 2.7747e-05 2.7746e-05 2.7746e-05 2.7744e-05 2.7743e-05 2.7969e-05 2.8295e-05 2.8386e-05 2.8364e-05 2.841e-05 2.8273e-05 2.8318e-05 2.8327e-05 2.8334e-05 2.8435e-05 2.8494e-05 2.8463e-05 2.8485e-05 2.842e-05 2.8314e-05 2.8182e-05 2.8091e-05 2.7952e-05 2.7828e-05 2.7752e-05 2.7589e-05 2.7608e-05 2.806e-05 2.8085e-05 2.7983e-05 2.8013e-05 2.7987e-05 2.8019e-05 2.778e-05 2.8158e-05 2.833e-05 2.8405e-05 2.8428e-05 2.8442e-05 2.8457e-05 2.8433e-05 2.8481e-05 2.8486e-05 2.8462e-05 2.8483e-05 2.8488e-05 2.8494e-05 2.849e-05 2.8431e-05 2.8137e-05 2.8085e-05 2.844e-05 2.8298e-05 2.8023e-05 2.7911e-05 2.7816e-05 2.7787e-05 2.7783e-05 2.7765e-05 2.7748e-05 2.7753e-05 2.7765e-05 2.7781e-05 2.7806e-05 2.7887e-05 2.7853e-05 2.7861e-05 2.7837e-05 2.7798e-05 2.8026e-05 2.8127e-05 2.8321e-05 2.8357e-05 2.8299e-05 2.8294e-05 2.8348e-05 2.8324e-05 2.8346e-05 2.8338e-05 2.8394e-05 2.8358e-05 2.8288e-05 2.8347e-05 2.8342e-05 2.8338e-05 2.8247e-05 2.8312e-05 2.8357e-05 2.8387e-05 2.8362e-05 2.8459e-05 2.8452e-05 2.8423e-05 2.845e-05 2.8468e-05 2.8395e-05 2.8427e-05 2.8495e-05 2.8473e-05 2.8487e-05 2.8497e-05 2.8499e-05 2.85e-05 2.85e-05 2.8485e-05 2.8454e-05 2.8482e-05 2.834e-05 2.8402e-05 2.8272e-05 2.8368e-05 2.835e-05 2.8362e-05 2.8413e-05 2.8419e-05 2.844e-05 2.8426e-05 2.8427e-05 2.8497e-05 2.8481e-05 2.846e-05 2.834e-05 2.8346e-05 2.8229e-05 2.8028e-05 2.793e-05 2.7895e-05 2.7837e-05 2.7818e-05 2.7802e-05 2.777e-05 2.7752e-05 2.7732e-05 2.7698e-05 2.7663e-05 2.763e-05 2.7608e-05 2.76e-05 2.7603e-05 2.7624e-05 2.7645e-05 2.7658e-05 2.7651e-05 2.7672e-05 2.7696e-05 2.7725e-05 2.7776e-05 2.7843e-05 2.8367e-05 2.8497e-05 2.8302e-05 2.8191e-05 2.7651e-05 2.5849e-05 2.7554e-05 2.8299e-05 2.8485e-05 2.8497e-05 2.8477e-05 2.8434e-05 2.8344e-05 2.8344e-05 2.8249e-05 2.8186e-05 2.809e-05 2.8076e-05 2.8035e-05 2.8045e-05 2.7969e-05 2.7944e-05
2.7863e-05 2.7843e-05 2.7834e-05 2.7842e-05 2.7779e-05 2.7808e-05 2.7752e-05 2.7743e-05 2.7743e-05 2.7742e-05 2.774e-05 2.7739e-05 2.7742e-05 2.7743e-05 2.7741e-05 2.7907e-05 2.825e-05 2.838e-05 2.8361e-05 2.8376e-05 2.8392e-05 2.8366e-05 2.8483e-05 2.8456e-05 2.845e-05 2.8484e-05 2.85e-05 2.8446e-05 2.8367e-05 2.8277e-05 2.8142e-05 2.8036e-05 2.7927e-05 2.7803e-05 2.7595e-05 2.7567e-05 2.7669e-05 2.8111e-05 2.8168e-05 2.8044e-05 2.8091e-05 2.8084e-05 2.8094e-05 2.7774e-05 2.8052e-05 2.8323e-05 2.839e-05 2.8415e-05 2.8429e-05 2.8402e-05 2.8356e-05 2.8383e-05 2.8491e-05 2.85e-05 2.8473e-05 2.8429e-05 2.8447e-05 2.8367e-05 2.8329e-05 2.8106e-05 2.8277e-05 2.8471e-05 2.7918e-05 2.7866e-05 2.7824e-05 2.7802e-05 2.7803e-05 2.7775e-05 2.7741e-05 2.7733e-05 2.7796e-05 2.7749e-05 2.7747e-05 2.7773e-05 2.7844e-05 2.7763e-05 2.7821e-05 2.7797e-05 2.7771e-05 2.7782e-05 2.8035e-05 2.8126e-05 2.8196e-05 2.8232e-05 2.8217e-05 2.8294e-05 2.8342e-05 2.8363e-05 2.8337e-05 2.8333e-05 2.8319e-05 2.8307e-05 2.8333e-05 2.835e-05 2.832e-05 2.8364e-05 2.8299e-05 2.8326e-05 2.8413e-05 2.8456e-05 2.8297e-05 2.847e-05 2.8427e-05 2.8423e-05 2.8498e-05 2.8341e-05 2.8494e-05 2.8484e-05 2.8471e-05 2.8496e-05 2.8497e-05 2.8492e-05 2.8496e-05 2.8499e-05 2.85e-05 2.8498e-05 2.85e-05 2.8454e-05 2.848e-05 2.8428e-05 2.8468e-05 2.8496e-05 2.841e-05 2.8457e-05 2.8476e-05 2.8365e-05 2.8304e-05 2.8469e-05 2.8497e-05 2.8488e-05 2.8445e-05 2.8388e-05 2.8271e-05 2.8082e-05 2.7941e-05 2.7865e-05 2.7799e-05 2.7794e-05 2.7766e-05 2.7732e-05 2.7706e-05 2.766e-05 2.7632e-05 2.7574e-05 2.7527e-05 2.7517e-05 2.7498e-05 2.7514e-05 2.7516e-05 2.7543e-05 2.756e-05 2.7558e-05 2.7596e-05 2.7631e-05 2.7675e-05 2.7706e-05 2.7756e-05 2.7818e-05 2.8064e-05 2.85e-05 2.8394e-05 2.8241e-05 2.7996e-05 2.7773e-05 2.8006e-05 2.8445e-05 2.85e-05 2.8484e-05 2.846e-05 2.8413e-05 2.8392e-05 2.8255e-05 2.8196e-05 2.8136e-05 2.8059e-05 2.8006e-05 2.8004e-05 2.7983e-05 2.7938e-05 2.789e-05
2.7809e-05 2.7796e-05 2.7774e-05 2.7757e-05 2.7735e-05 2.7741e-05 2.7727e-05 2.7719e-05 2.7718e-05 2.7725e-05 2.7722e-05 2.772e-05 2.7725e-05 2.7776e-05 2.7728e-05 2.7746e-05 2.7972e-05 2.83e-05 2.841e-05 2.84e-05 2.8397e-05 2.8384e-05 2.8486e-05 2.8495e-05 2.8411e-05 2.8467e-05 2.8485e-05 2.8426e-05 2.8343e-05 2.823e-05 2.8115e-05 2.8003e-05 2.7922e-05 2.7791e-05 2.7413e-05 2.7531e-05 2.7843e-05 2.8114e-05 2.8152e-05 2.8092e-05 2.8177e-05 2.8191e-05 2.8178e-05 2.8209e-05 2.8269e-05 2.8329e-05 2.8395e-05 2.8424e-05 2.8422e-05 2.8335e-05 2.8358e-05 2.8415e-05 2.8421e-05 2.8499e-05 2.8495e-05 2.8484e-05 2.8481e-05 2.839e-05 2.8353e-05 2.8251e-05 2.8271e-05 2.8134e-05 2.7962e-05 2.8042e-05 2.814e-05 2.786e-05 2.7829e-05 2.7786e-05 2.7742e-05 2.7721e-05 2.774e-05 2.771e-05 2.7722e-05 2.7707e-05 2.7718e-05 2.7733e-05 2.7762e-05 2.7748e-05 2.7728e-05 2.7717e-05 2.773e-05 2.7985e-05 2.8074e-05 2.815e-05 2.8121e-05 2.8262e-05 2.8312e-05 2.7597e-05 2.8302e-05 2.8328e-05 2.8288e-05 2.8218e-05 2.83e-05 2.8291e-05 2.8366e-05 2.8346e-05 2.8304e-05 2.8313e-05 2.8401e-05 2.8403e-05 2.844e-05 2.8409e-05 2.843e-05 2.8417e-05 2.8471e-05 2.8489e-05 2.85e-05 2.8497e-05 2.8493e-05 2.8499e-05 2.8494e-05 2.8497e-05 2.8473e-05 2.8413e-05 2.8431e-05 2.8436e-05 2.8495e-05 2.8481e-05 2.847e-05 2.8462e-05 2.8489e-05 2.8456e-05 2.8432e-05 2.8456e-05 2.8417e-05 2.8487e-05 2.8463e-05 2.8399e-05 2.8411e-05 2.8358e-05 2.8311e-05 2.8223e-05 2.8027e-05 2.7957e-05 2.7884e-05 2.7793e-05 2.7769e-05 2.7727e-05 2.7679e-05 2.7633e-05 2.7589e-05 2.7548e-05 2.7489e-05 2.745e-05 2.7427e-05 2.7388e-05 2.7402e-05 2.7453e-05 2.7424e-05 2.7465e-05 2.7481e-05 2.7521e-05 2.7559e-05 2.761e-05 2.7639e-05 2.7664e-05 2.7708e-05 2.775e-05 2.7911e-05 2.8363e-05 2.85e-05 2.8445e-05 2.8322e-05 2.8309e-05 2.8427e-05 2.8498e-05 2.8478e-05 2.8459e-05 2.8436e-05 2.8399e-05 2.8284e-05 2.8217e-05 2.813e-05 2.8056e-05 2.7987e-05 2.7935e-05 2.7926e-05 2.7915e-05 2.7855e-05 2.7827e-05
2.7736e-05 2.7755e-05 2.7721e-05 2.7717e-05 2.7714e-05 2.7716e-05 2.7708e-05 2.7693e-05 2.769e-05 2.7702e-05 2.7708e-05 2.7703e-05 2.7703e-05 2.7708e-05 2.7714e-05 2.7726e-05 2.786e-05 2.8058e-05 2.8166e-05 2.819e-05 2.8271e-05 2.8312e-05 2.841e-05 2.8421e-05 2.8359e-05 2.8496e-05 2.8465e-05 2.8411e-05 2.8296e-05 2.8206e-05 2.8094e-05 2.8064e-05 2.7895e-05 2.7805e-05 2.7648e-05 2.7664e-05 2.7853e-05 2.8132e-05 2.8143e-05 2.8141e-05 2.8202e-05 2.8235e-05 2.8276e-05 2.8278e-05 2.8313e-05 2.8352e-05 2.8391e-05 2.8431e-05 2.8411e-05 2.8277e-05 2.8412e-05 2.8435e-05 2.8446e-05 2.8481e-05 2.8492e-05 2.8499e-05 2.8495e-05 2.8489e-05 2.8461e-05 2.8286e-05 2.8356e-05 2.8169e-05 2.8097e-05 2.8026e-05 2.7925e-05 2.7912e-05 2.7837e-05 2.7803e-05 2.7787e-05 2.7719e-05 2.7706e-05 2.7706e-05 2.7685e-05 2.7661e-05 2.7674e-05 2.7637e-05 2.7718e-05 2.7698e-05 2.7676e-05 2.7704e-05 2.7712e-05 2.7753e-05 2.7901e-05 2.782e-05 2.7997e-05 2.8107e-05 2.8245e-05 2.8327e-05 2.8265e-05 2.8235e-05 2.8217e-05 2.8263e-05 2.8301e-05 2.8329e-05 2.8172e-05 2.8275e-05 2.8339e-05 2.8395e-05 2.8414e-05 2.8347e-05 2.8443e-05 2.8433e-05 2.8396e-05 2.8401e-05 2.8454e-05 2.8464e-05 2.8499e-05 2.8498e-05 2.849e-05 2.8499e-05 2.85e-05 2.85e-05 2.8473e-05 2.8439e-05 2.8454e-05 2.8456e-05 2.85e-05 2.8485e-05 2.8497e-05 2.8499e-05 2.8495e-05 2.8467e-05 2.8467e-05 2.8448e-05 2.8497e-05 2.8483e-05 2.8495e-05 2.8354e-05 2.8385e-05 2.8311e-05 2.8212e-05 2.8042e-05 2.7995e-05 2.7889e-05 2.7829e-05 2.7771e-05 2.7716e-05 2.7655e-05 2.7575e-05 2.7523e-05 2.7486e-05 2.7438e-05 2.7326e-05 2.7375e-05 2.7334e-05 2.731e-05 2.7325e-05 2.7351e-05 2.7369e-05 2.7406e-05 2.7459e-05 2.7486e-05 2.746e-05 2.7563e-05 2.7567e-05 2.7602e-05 2.7645e-05 2.7686e-05 2.7803e-05 2.7971e-05 2.8335e-05 2.8447e-05 2.8484e-05 2.8489e-05 2.8497e-05 2.8491e-05 2.8424e-05 2.8422e-05 2.8399e-05 2.8361e-05 2.8438e-05 2.7832e-05 2.802e-05 2.8272e-05 2.7894e-05 2.8021e-05 2.7844e-05 2.783e-05 2.7817e-05 2.7758e-05
2.7683e-05 2.7862e-05 2.7713e-05 2.7711e-05 2.7687e-05 2.7694e-05 2.7692e-05 2.7679e-05 2.7689e-05 2.7683e-05 2.7687e-05 2.768e-05 2.7682e-05 2.7689e-05 2.7676e-05 2.7687e-05 2.7706e-05 2.7836e-05 2.8073e-05 2.833e-05 2.8281e-05 2.8288e-05 2.8259e-05 2.8306e-05 2.8492e-05 2.8481e-05 2.8447e-05 2.8381e-05 2.8328e-05 2.8148e-05 2.8048e-05 2.7958e-05 2.7824e-05 2.7701e-05 2.76e-05 2.7633e-05 2.7824e-05 2.8092e-05 2.8186e-05 2.8211e-05 2.8253e-05 2.8294e-05 2.831e-05 2.8328e-05 2.83e-05 2.8347e-05 2.8346e-05 2.8312e-05 2.8305e-05 2.8341e-05 2.8411e-05 2.8454e-05 2.8461e-05 2.8451e-05 2.8487e-05 2.85e-05 2.8492e-05 2.8484e-05 2.8487e-05 2.8478e-05 2.8482e-05 2.8478e-05 2.8365e-05 2.8036e-05 2.8033e-05 2.7841e-05 2.7802e-05 2.7787e-05 2.7769e-05 2.7722e-05 2.7682e-05 2.7623e-05 2.7621e-05 2.762e-05 2.7632e-05 2.7591e-05 2.7611e-05 2.7605e-05 2.7613e-05 2.7675e-05 2.7632e-05 2.7643e-05 2.7721e-05 2.7833e-05 2.7939e-05 2.8065e-05 2.8182e-05 2.8256e-05 2.8155e-05 2.8228e-05 2.8241e-05 2.8354e-05 2.8269e-05 2.8275e-05 2.827e-05 2.8338e-05 2.8315e-05 2.8398e-05 2.834e-05 2.832e-05 2.8459e-05 2.8467e-05 2.8422e-05 2.8481e-05 2.8328e-05 2.8495e-05 2.8488e-05 2.85e-05 2.8491e-05 2.8492e-05 2.8474e-05 2.8494e-05 2.8492e-05 2.8476e-05 2.8489e-05 2.85e-05 2.85e-05 2.8497e-05 2.8498e-05 2.8472e-05 2.8484e-05 2.8468e-05 2.8479e-05 2.8493e-05 2.8498e-05 2.844e-05 2.8428e-05 2.8331e-05 2.826e-05 2.8125e-05 2.8071e-05 2.7963e-05 2.7905e-05 2.7838e-05 2.7777e-05 2.7714e-05 2.7643e-05 2.7552e-05 2.7492e-05 2.7454e-05 2.739e-05 2.7359e-05 2.7319e-05 2.7288e-05 2.7231e-05 2.729e-05 2.731e-05 2.732e-05 2.7341e-05 2.7434e-05 2.7404e-05 2.743e-05 2.7467e-05 2.7522e-05 2.7576e-05 2.7531e-05 2.755e-05 2.76e-05 2.765e-05 2.7702e-05 2.7792e-05 2.7903e-05 2.7966e-05 2.811e-05 2.8256e-05 2.844e-05 2.8248e-05 2.8327e-05 2.8351e-05 2.8291e-05 2.8264e-05 2.8033e-05 2.7924e-05 2.7892e-05 2.7833e-05 2.78e-05 2.7784e-05 2.7746e-05 2.7721e-05 2.7696e-05
2.7643e-05 2.7666e-05 2.7666e-05 2.7681e-05 2.7671e-05 2.7678e-05 2.7672e-05 2.7673e-05 2.7677e-05 2.767e-05 2.7664e-05 2.7666e-05 2.7669e-05 2.7677e-05 2.7662e-05 2.7684e-05 2.7669e-05 2.77e-05 2.7866e-05 2.849e-05 2.837e-05 2.8306e-05 2.8354e-05 2.8475e-05 2.8459e-05 2.848e-05 2.8443e-05 2.8375e-05 2.826e-05 2.8095e-05 2.7932e-05 2.7743e-05 2.7557e-05 2.7466e-05 2.7405e-05 2.7384e-05 2.7523e-05 2.7734e-05 2.8078e-05 2.8257e-05 2.831e-05 2.8328e-05 2.8344e-05 2.8337e-05 2.8156e-05 2.8216e-05 2.8374e-05 2.8412e-05 2.8353e-05 2.8325e-05 2.8409e-05 2.839e-05 2.8353e-05 2.8392e-05 2.8469e-05 2.85e-05 2.8489e-05 2.8473e-05 2.8469e-05 2.8461e-05 2.8456e-05 2.8465e-05 2.8375e-05 2.8047e-05 2.7874e-05 2.7823e-05 2.779e-05 2.7788e-05 2.7748e-05 2.771e-05 2.7691e-05 2.7604e-05 2.7629e-05 2.7585e-05 2.7574e-05 2.7539e-05 2.7547e-05 2.7514e-05 2.7551e-05 2.7585e-05 2.7599e-05 2.7623e-05 2.7618e-05 2.7834e-05 2.7903e-05 2.8018e-05 2.8059e-05 2.8105e-05 2.8172e-05 2.814e-05 2.8315e-05 2.8297e-05 2.8283e-05 2.8195e-05 2.8121e-05 2.835e-05 2.8323e-05 2.8367e-05 2.8321e-05 2.8374e-05 2.8374e-05 2.8395e-05 2.8407e-05 2.8426e-05 2.8436e-05 2.8484e-05 2.8498e-05 2.842e-05 2.8499e-05 2.8479e-05 2.8487e-05 2.8489e-05 2.8493e-05 2.8485e-05 2.8474e-05 2.8466e-05 2.8491e-05 2.85e-05 2.8499e-05 2.8436e-05 2.8425e-05 2.8443e-05 2.8277e-05 2.8343e-05 2.8386e-05 2.8287e-05 2.8289e-05 2.8253e-05 2.8155e-05 2.8074e-05 2.7984e-05 2.79e-05 2.7859e-05 2.7789e-05 2.774e-05 2.7655e-05 2.7584e-05 2.7495e-05 2.7426e-05 2.737e-05 2.7347e-05 2.7316e-05 2.7248e-05 2.721e-05 2.7187e-05 2.72e-05 2.7242e-05 2.7251e-05 2.7313e-05 2.7324e-05 2.7369e-05 2.7479e-05 2.7425e-05 2.7478e-05 2.749e-05 2.75e-05 2.753e-05 2.7567e-05 2.7572e-05 2.7616e-05 2.7647e-05 2.7716e-05 2.7743e-05 2.7768e-05 2.7845e-05 2.7893e-05 2.8004e-05 2.8164e-05 2.8232e-05 2.8211e-05 2.8205e-05 2.8072e-05 2.8055e-05 2.7847e-05 2.7811e-05 2.7781e-05 2.7742e-05 2.7685e-05 2.765e-05 2.7636e-05
2.7602e-05 2.765e-05 2.7646e-05 2.7676e-05 2.7649e-05 2.766e-05 2.765e-05 2.7653e-05 2.7665e-05 2.7661e-05 2.7656e-05 2.7654e-05 2.7656e-05 2.7669e-05 2.7681e-05 2.7688e-05 2.7699e-05 2.7725e-05 2.774e-05 2.8347e-05 2.8355e-05 2.8387e-05 2.8453e-05 2.8495e-05 2.8486e-05 2.8485e-05 2.8447e-05 2.8382e-05 2.8278e-05 2.8007e-05 2.7673e-05 2.7425e-05 2.7184e-05 2.7039e-05 2.7036e-05 2.7152e-05 2.7274e-05 2.7312e-05 2.7633e-05 2.8039e-05 2.8288e-05 2.8371e-05 2.8381e-05 2.8373e-05 2.8349e-05 2.831e-05 2.8345e-05 2.8379e-05 2.8407e-05 2.8463e-05 2.8349e-05 2.8315e-05 2.8277e-05 2.8229e-05 2.838e-05 2.8486e-05 2.8492e-05 2.8479e-05 2.8473e-05 2.8475e-05 2.846e-05 2.8471e-05 2.8287e-05 2.8003e-05 2.7878e-05 2.7824e-05 2.7791e-05 2.7765e-05 2.7742e-05 2.7682e-05 2.7664e-05 2.7618e-05 2.7597e-05 2.7542e-05 2.7529e-05 2.7487e-05 2.7451e-05 2.7463e-05 2.7469e-05 2.7514e-05 2.7501e-05 2.7524e-05 2.756e-05 2.758e-05 2.7666e-05 2.7723e-05 2.7746e-05 2.7813e-05 2.7934e-05 2.7809e-05 2.8167e-05 2.8224e-05 2.8293e-05 2.8306e-05 2.8239e-05 2.8298e-05 2.8263e-05 2.8188e-05 2.8348e-05 2.8242e-05 2.8325e-05 2.8251e-05 2.8366e-05 2.8197e-05 2.8328e-05 2.8342e-05 2.8445e-05 2.8478e-05 2.8493e-05 2.8498e-05 2.8489e-05 2.848e-05 2.8479e-05 2.8452e-05 2.8453e-05 2.8453e-05 2.8476e-05 2.8495e-05 2.8262e-05 2.8346e-05 2.8392e-05 2.8441e-05 2.8396e-05 2.8427e-05 2.829e-05 2.8245e-05 2.8218e-05 2.8198e-05 2.8056e-05 2.8001e-05 2.7921e-05 2.7842e-05 2.7797e-05 2.7755e-05 2.7658e-05 2.7584e-05 2.7542e-05 2.745e-05 2.7393e-05 2.7311e-05 2.7276e-05 2.7218e-05 2.717e-05 2.7161e-05 2.7147e-05 2.7137e-05 2.7158e-05 2.7207e-05 2.722e-05 2.7276e-05 2.7303e-05 2.7332e-05 2.7356e-05 2.7412e-05 2.7369e-05 2.7387e-05 2.7457e-05 2.7524e-05 2.7523e-05 2.7583e-05 2.7639e-05 2.7668e-05 2.7748e-05 2.778e-05 2.7858e-05 2.7885e-05 2.7968e-05 2.8056e-05 2.8119e-05 2.8123e-05 2.8146e-05 2.8035e-05 2.8073e-05 2.7801e-05 2.7786e-05 2.7751e-05 2.7682e-05 2.7669e-05 2.7635e-05 2.7627e-05
2.7619e-05 2.7631e-05 2.7624e-05 2.7645e-05 2.7757e-05 2.7641e-05 2.7639e-05 2.771e-05 2.7644e-05 2.7649e-05 2.7659e-05 2.7657e-05 2.7676e-05 2.7678e-05 2.7689e-05 2.7702e-05 2.7704e-05 2.7694e-05 2.7757e-05 2.7919e-05 2.8438e-05 2.8465e-05 2.8411e-05 2.849e-05 2.8492e-05 2.8492e-05 2.8469e-05 2.8419e-05 2.8232e-05 2.7817e-05 2.7389e-05 2.7024e-05 2.6798e-05 2.6767e-05 2.6661e-05 2.6737e-05 2.7125e-05 2.7198e-05 2.7341e-05 2.7745e-05 2.8184e-05 2.8379e-05 2.8409e-05 2.8399e-05 2.834e-05 2.8361e-05 2.8318e-05 2.8083e-05 2.8365e-05 2.8378e-05 2.8373e-05 2.8335e-05 2.8233e-05 2.815e-05 2.8253e-05 2.8421e-05 2.8498e-05 2.8496e-05 2.8485e-05 2.8487e-05 2.8419e-05 2.8407e-05 2.8393e-05 2.8152e-05 2.7868e-05 2.7801e-05 2.7783e-05 2.7765e-05 2.7712e-05 2.7669e-05 2.7616e-05 2.757e-05 2.7561e-05 2.7494e-05 2.7457e-05 2.7434e-05 2.7418e-05 2.7401e-05 2.74e-05 2.7366e-05 2.7462e-05 2.7463e-05 2.748e-05 2.7499e-05 2.7551e-05 2.77e-05 2.7652e-05 2.7731e-05 2.7862e-05 2.7885e-05 2.7953e-05 2.8107e-05 2.8113e-05 2.814e-05 2.8163e-05 2.8251e-05 2.83e-05 2.8318e-05 2.8172e-05 2.8241e-05 2.8205e-05 2.7871e-05 2.8208e-05 2.8369e-05 2.8128e-05 2.8399e-05 2.843e-05 2.8442e-05 2.8471e-05 2.8467e-05 2.8497e-05 2.8489e-05 2.8418e-05 2.847e-05 2.8474e-05 2.85e-05 2.8491e-05 2.85e-05 2.8297e-05 2.8282e-05 2.8271e-05 2.8278e-05 2.8265e-05 2.8217e-05 2.8203e-05 2.8171e-05 2.8131e-05 2.8054e-05 2.8014e-05 2.793e-05 2.7866e-05 2.7796e-05 2.7775e-05 2.7681e-05 2.7624e-05 2.7542e-05 2.7486e-05 2.7435e-05 2.7339e-05 2.7319e-05 2.7186e-05 2.7135e-05 2.7117e-05 2.7116e-05 2.7117e-05 2.7108e-05 2.7142e-05 2.7152e-05 2.7189e-05 2.7164e-05 2.7239e-05 2.7256e-05 2.731e-05 2.7323e-05 2.7344e-05 2.7362e-05 2.7394e-05 2.7486e-05 2.7578e-05 2.756e-05 2.7622e-05 2.7659e-05 2.7718e-05 2.7781e-05 2.7856e-05 2.7861e-05 2.7918e-05 2.7966e-05 2.7995e-05 2.8034e-05 2.8065e-05 2.8182e-05 2.8406e-05 2.7783e-05 2.7763e-05 2.7751e-05 2.7684e-05 2.764e-05 2.7621e-05 2.7634e-05
2.7623e-05 2.7618e-05 2.7609e-05 2.7616e-05 2.7626e-05 2.7634e-05 2.7648e-05 2.7638e-05 2.7647e-05 2.7653e-05 2.7654e-05 2.7651e-05 2.7667e-05 2.7658e-05 2.7692e-05 2.7684e-05 2.7707e-05 2.7781e-05 2.782e-05 2.7924e-05 2.8106e-05 2.8244e-05 2.8363e-05 2.8426e-05 2.848e-05 2.85e-05 2.8495e-05 2.8432e-05 2.8209e-05 2.7742e-05 2.7261e-05 2.6971e-05 2.687e-05 2.6844e-05 2.6614e-05 2.6734e-05 2.7068e-05 2.7251e-05 2.7444e-05 2.7857e-05 2.8235e-05 2.8396e-05 2.8413e-05 2.8405e-05 2.8255e-05 2.8379e-05 2.8337e-05 2.824e-05 2.8322e-05 2.8294e-05 2.8297e-05 2.8256e-05 2.8252e-05 2.8291e-05 2.8351e-05 2.8395e-05 2.8481e-05 2.8498e-05 2.8497e-05 2.8499e-05 2.8469e-05 2.8401e-05 2.8395e-05 2.8202e-05 2.7928e-05 2.7771e-05 2.7745e-05 2.777e-05 2.7691e-05 2.7638e-05 2.7599e-05 2.7535e-05 2.7501e-05 2.7458e-05 2.7412e-05 2.7375e-05 2.7358e-05 2.7347e-05 2.7345e-05 2.7353e-05 2.7367e-05 2.7379e-05 2.7412e-05 2.735e-05 2.7364e-05 2.7502e-05 2.7584e-05 2.761e-05 2.7708e-05 2.7697e-05 2.7884e-05 2.7736e-05 2.785e-05 2.7957e-05 2.793e-05 2.811e-05 2.8194e-05 2.8028e-05 2.8269e-05 2.8148e-05 2.782e-05 2.7819e-05 2.7845e-05 2.8294e-05 2.8183e-05 2.8444e-05 2.8467e-05 2.8385e-05 2.8372e-05 2.8421e-05 2.8466e-05 2.8427e-05 2.8114e-05 2.8289e-05 2.8482e-05 2.8443e-05 2.8222e-05 2.8476e-05 2.8243e-05 2.8281e-05 2.8255e-05 2.8259e-05 2.8143e-05 2.8123e-05 2.8076e-05 2.8109e-05 2.8039e-05 2.8024e-05 2.7932e-05 2.785e-05 2.7814e-05 2.779e-05 2.773e-05 2.7668e-05 2.7562e-05 2.7498e-05 2.7424e-05 2.7386e-05 2.7267e-05 2.7215e-05 2.7176e-05 2.7106e-05 2.7096e-05 2.71e-05 2.7104e-05 2.712e-05 2.7111e-05 2.7126e-05 2.7142e-05 2.7181e-05 2.7208e-05 2.72e-05 2.7208e-05 2.7255e-05 2.73e-05 2.7347e-05 2.7389e-05 2.7421e-05 2.7479e-05 2.7536e-05 2.7602e-05 2.7671e-05 2.7711e-05 2.7766e-05 2.7838e-05 2.7838e-05 2.7864e-05 2.7901e-05 2.7906e-05 2.7976e-05 2.8249e-05 2.8144e-05 2.8245e-05 2.7831e-05 2.777e-05 2.7719e-05 2.7703e-05 2.7645e-05 2.7644e-05 2.7615e-05
2.7623e-05 2.7602e-05 2.7602e-05 2.7614e-05 2.7623e-05 2.7627e-05 2.7635e-05 2.7641e-05 2.7645e-05 2.7642e-05 2.7651e-05 2.763e-05 2.7647e-05 2.7645e-05 2.7681e-05 2.7693e-05 2.7733e-05 2.7786e-05 2.7889e-05 2.8036e-05 2.8156e-05 2.8251e-05 2.8341e-05 2.8406e-05 2.8456e-05 2.8485e-05 2.85e-05 2.8485e-05 2.836e-05 2.8052e-05 2.7608e-05 2.7245e-05 2.7077e-05 2.7023e-05 2.6987e-05 2.7032e-05 2.7223e-05 2.7352e-05 2.7953e-05 2.83e-05 2.8435e-05 2.8462e-05 2.8437e-05 2.8429e-05 2.8433e-05 2.8323e-05 2.8387e-05 2.8209e-05 2.8307e-05 2.8314e-05 2.8286e-05 2.8324e-05 2.8146e-05 2.8301e-05 2.8435e-05 2.841e-05 2.8446e-05 2.8499e-05 2.8494e-05 2.845e-05 2.8456e-05 2.8445e-05 2.8393e-05 2.8196e-05 2.7934e-05 2.7752e-05 2.7694e-05 2.7675e-05 2.7641e-05 2.7597e-05 2.7525e-05 2.7487e-05 2.7415e-05 2.7389e-05 2.7259e-05 2.7347e-05 2.7309e-05 2.7333e-05 2.7303e-05 2.7302e-05 2.7319e-05 2.7326e-05 2.738e-05 2.7372e-05 2.7355e-05 2.7452e-05 2.7482e-05 2.7578e-05 2.7606e-05 2.7595e-05 2.7645e-05 2.768e-05 2.7688e-05 2.7747e-05 2.7835e-05 2.7981e-05 2.8046e-05 2.8105e-05 2.7915e-05 2.7861e-05 2.7786e-05 2.7828e-05 2.8059e-05 2.7871e-05 2.8063e-05 2.7888e-05 2.7964e-05 2.7898e-05 2.8443e-05 2.846e-05 2.8483e-05 2.8216e-05 2.8461e-05 2.8493e-05 2.8171e-05 2.815e-05 2.8213e-05 2.8262e-05 2.8244e-05 2.8182e-05 2.8163e-05 2.8158e-05 2.8006e-05 2.7908e-05 2.8022e-05 2.8025e-05 2.8004e-05 2.7901e-05 2.7839e-05 2.7813e-05 2.7832e-05 2.7736e-05 2.7724e-05 2.7638e-05 2.7553e-05 2.7453e-05 2.7392e-05 2.7374e-05 2.7271e-05 2.7198e-05 2.714e-05 2.7107e-05 2.7123e-05 2.7176e-05 2.71e-05 2.7123e-05 2.7139e-05 2.7172e-05 2.7115e-05 2.7221e-05 2.7206e-05 2.7218e-05 2.7247e-05 2.7265e-05 2.7263e-05 2.7317e-05 2.7368e-05 2.7391e-05 2.7507e-05 2.7537e-05 2.7606e-05 2.7674e-05 2.775e-05 2.7774e-05 2.7805e-05 2.7831e-05 2.7872e-05 2.7855e-05 2.7864e-05 2.7943e-05 2.8061e-05 2.8153e-05 2.8313e-05 2.786e-05 2.773e-05 2.7726e-05 2.7661e-05 2.7648e-05 2.7623e-05 2.7599e-05
2.7585e-05 2.7586e-05 2.7603e-05 2.7602e-05 2.7607e-05 2.7616e-05 2.7624e-05 2.7639e-05 2.7645e-05 2.7632e-05 2.7633e-05 2.7652e-05 2.7656e-05 2.7671e-05 2.768e-05 2.7723e-05 2.7781e-05 2.7855e-05 2.7961e-05 2.8063e-05 2.8178e-05 2.8262e-05 2.8332e-05 2.8378e-05 2.8411e-05 2.8445e-05 2.8478e-05 2.8499e-05 2.8478e-05 2.8343e-05 2.8184e-05 2.8039e-05 2.7988e-05 2.7467e-05 2.7237e-05 2.7178e-05 2.7397e-05 2.7878e-05 2.8197e-05 2.8397e-05 2.8465e-05 2.8484e-05 2.8482e-05 2.8491e-05 2.8498e-05 2.85e-05 2.8499e-05 2.8497e-05 2.8392e-05 2.8277e-05 2.8147e-05 2.8278e-05 2.8434e-05 2.8422e-05 2.8424e-05 2.847e-05 2.8493e-05 2.85e-05 2.8494e-05 2.8434e-05 2.8396e-05 2.8303e-05 2.8223e-05 2.8092e-05 2.792e-05 2.7724e-05 2.77e-05 2.7631e-05 2.7585e-05 2.7533e-05 2.7499e-05 2.7414e-05 2.7379e-05 2.7335e-05 2.7338e-05 2.7272e-05 2.7276e-05 2.7273e-05 2.7235e-05 2.7235e-05 2.7296e-05 2.7278e-05 2.7302e-05 2.7317e-05 2.7348e-05 2.7377e-05 2.7461e-05 2.7437e-05 2.7481e-05 2.7562e-05 2.7578e-05 2.7542e-05 2.7635e-05 2.7682e-05 2.7697e-05 2.7728e-05 2.7865e-05 2.794e-05 2.7796e-05 2.7806e-05 2.7956e-05 2.8059e-05 2.8142e-05 2.785e-05 2.8044e-05 2.7884e-05 2.7865e-05 2.7857e-05 2.8092e-05 2.8243e-05 2.8382e-05 2.8164e-05 2.8249e-05 2.8296e-05 2.8145e-05 2.8232e-05 2.8297e-05 2.8166e-05 2.8146e-05 2.8107e-05 2.8122e-05 2.8037e-05 2.7995e-05 2.7933e-05 2.7932e-05 2.7899e-05 2.7885e-05 2.7875e-05 2.7815e-05 2.7789e-05 2.7753e-05 2.7742e-05 2.7651e-05 2.7607e-05 2.7483e-05 2.7419e-05 2.7354e-05 2.7287e-05 2.7257e-05 2.7196e-05 2.7149e-05 2.7101e-05 2.7103e-05 2.7099e-05 2.7109e-05 2.715e-05 2.7134e-05 2.713e-05 2.7143e-05 2.7154e-05 2.7196e-05 2.7174e-05 2.7199e-05 2.7288e-05 2.726e-05 2.7278e-05 2.7337e-05 2.7416e-05 2.7534e-05 2.7583e-05 2.7619e-05 2.771e-05 2.776e-05 2.7783e-05 2.7791e-05 2.7807e-05 2.7813e-05 2.7816e-05 2.7822e-05 2.7852e-05 2.79e-05 2.8017e-05 2.8212e-05 2.7808e-05 2.7802e-05 2.777e-05 2.7692e-05 2.7616e-05 2.7614e-05 2.7588e-05
2.7586e-05 2.7591e-05 2.7592e-05 2.7613e-05 2.7616e-05 2.7617e-05 2.7629e-05 2.7625e-05 2.765e-05 2.7617e-05 2.7628e-05 2.7644e-05 2.7647e-05 2.7678e-05 2.7723e-05 2.7742e-05 2.7831e-05 2.7895e-05 2.798e-05 2.8069e-05 2.818e-05 2.8232e-05 2.8283e-05 2.8317e-05 2.8355e-05 2.8392e-05 2.8434e-05 2.8454e-05 2.8484e-05 2.85e-05 2.8488e-05 2.8476e-05 2.8477e-05 2.8473e-05 2.8277e-05 2.8216e-05 2.8377e-05 2.8437e-05 2.8448e-05 2.8456e-05 2.8479e-05 2.8488e-05 2.8485e-05 2.8491e-05 2.85e-05 2.8498e-05 2.8498e-05 2.8499e-05 2.8391e-05 2.829e-05 2.8408e-05 2.8476e-05 2.8491e-05 2.8498e-05 2.85e-05 2.8451e-05 2.8488e-05 2.8301e-05 2.849e-05 2.8447e-05 2.837e-05 2.8253e-05 2.8092e-05 2.7909e-05 2.7771e-05 2.7688e-05 2.7638e-05 2.7604e-05 2.7512e-05 2.749e-05 2.7417e-05 2.7371e-05 2.7348e-05 2.731e-05 2.7293e-05 2.7302e-05 2.7337e-05 2.7396e-05 2.7233e-05 2.7229e-05 2.7249e-05 2.7229e-05 2.7267e-05 2.7277e-05 2.7315e-05 2.7334e-05 2.7346e-05 2.7372e-05 2.7413e-05 2.7454e-05 2.7495e-05 2.7513e-05 2.7532e-05 2.7566e-05 2.7655e-05 2.764e-05 2.7705e-05 2.7747e-05 2.7746e-05 2.7733e-05 2.7776e-05 2.7809e-05 2.773e-05 2.7827e-05 2.7935e-05 2.7846e-05 2.7987e-05 2.7969e-05 2.7882e-05 2.805e-05 2.8167e-05 2.8077e-05 2.8069e-05 2.8017e-05 2.8003e-05 2.8265e-05 2.8141e-05 2.8098e-05 2.8065e-05 2.7999e-05 2.7994e-05 2.796e-05 2.7893e-05 2.7936e-05 2.786e-05 2.7854e-05 2.785e-05 2.7835e-05 2.7791e-05 2.777e-05 2.7702e-05 2.7678e-05 2.7614e-05 2.7562e-05 2.7333e-05 2.7317e-05 2.7348e-05 2.7305e-05 2.725e-05 2.7205e-05 2.7155e-05 2.7107e-05 2.7106e-05 2.7125e-05 2.7121e-05 2.7134e-05 2.7146e-05 2.7148e-05 2.7186e-05 2.7144e-05 2.7161e-05 2.7175e-05 2.7224e-05 2.7229e-05 2.7232e-05 2.7304e-05 2.7374e-05 2.745e-05 2.7507e-05 2.7779e-05 2.7724e-05 2.7652e-05 2.7721e-05 2.7734e-05 2.7755e-05 2.7773e-05 2.7771e-05 2.7796e-05 2.779e-05 2.7801e-05 2.7819e-05 2.7878e-05 2.7852e-05 2.7824e-05 2.7788e-05 2.771e-05 2.7692e-05 2.7637e-05 2.7618e-05 2.7584e-05
2.758e-05 2.759e-05 2.7592e-05 2.761e-05 2.7598e-05 2.7601e-05 2.761e-05 2.7612e-05 2.7627e-05 2.7628e-05 2.762e-05 2.7647e-05 2.7656e-05 2.7702e-05 2.7748e-05 2.7795e-05 2.7869e-05 2.7918e-05 2.7981e-05 2.8059e-05 2.8132e-05 2.8171e-05 2.8221e-05 2.8267e-05 2.8327e-05 2.836e-05 2.8379e-05 2.8404e-05 2.8422e-05 2.8444e-05 2.8462e-05 2.8477e-05 2.8487e-05 2.8493e-05 2.8499e-05 2.8497e-05 2.8496e-05 2.8497e-05 2.8498e-05 2.849e-05 2.8488e-05 2.8497e-05 2.8496e-05 2.8476e-05 2.8491e-05 2.8499e-05 2.85e-05 2.85e-05 2.8457e-05 2.8426e-05 2.8229e-05 2.8111e-05 2.8044e-05 2.8213e-05 2.8235e-05 2.8445e-05 2.8435e-05 2.843e-05 2.8249e-05 2.8416e-05 2.8256e-05 2.8118e-05 2.7928e-05 2.7795e-05 2.7757e-05 2.7634e-05 2.757e-05 2.7505e-05 2.749e-05 2.7399e-05 2.7391e-05 2.7351e-05 2.7309e-05 2.7298e-05 2.7284e-05 2.7277e-05 2.7257e-05 2.7219e-05 2.7199e-05 2.7203e-05 2.7201e-05 2.7228e-05 2.7234e-05 2.7254e-05 2.7266e-05 2.7295e-05 2.73e-05 2.7359e-05 2.7377e-05 2.74e-05 2.743e-05 2.7472e-05 2.7534e-05 2.7566e-05 2.7599e-05 2.7595e-05 2.7648e-05 2.7639e-05 2.7643e-05 2.7666e-05 2.7759e-05 2.7706e-05 2.7818e-05 2.779e-05 2.6888e-05 2.7655e-05 2.7944e-05 2.782e-05 2.7863e-05 2.7969e-05 2.8017e-05 2.7972e-05 2.8e-05 2.8015e-05 2.8085e-05 2.7963e-05 2.7987e-05 2.7959e-05 2.793e-05 2.7948e-05 2.794e-05 2.7914e-05 2.7865e-05 2.787e-05 2.787e-05 2.7839e-05 2.785e-05 2.7812e-05 2.7785e-05 2.7741e-05 2.7681e-05 2.763e-05 2.7572e-05 2.7506e-05 2.7372e-05 2.7335e-05 2.7356e-05 2.7287e-05 2.7283e-05 2.7214e-05 2.7177e-05 2.7149e-05 2.7125e-05 2.7127e-05 2.7143e-05 2.7137e-05 2.7148e-05 2.715e-05 2.7174e-05 2.7218e-05 2.7158e-05 2.7201e-05 2.7249e-05 2.7281e-05 2.7283e-05 2.7366e-05 2.7409e-05 2.7482e-05 2.751e-05 2.7761e-05 2.7809e-05 2.7635e-05 2.7691e-05 2.7707e-05 2.7712e-05 2.773e-05 2.7726e-05 2.7742e-05 2.7775e-05 2.7756e-05 2.7783e-05 2.7776e-05 2.7946e-05 2.786e-05 2.7681e-05 2.7694e-05 2.7695e-05 2.7612e-05 2.7562e-05 2.7602e-05
2.7581e-05 2.7579e-05 2.7595e-05 2.7594e-05 2.7589e-05 2.7585e-05 2.762e-05 2.7626e-05 2.7617e-05 2.7624e-05 2.7642e-05 2.7673e-05 2.7698e-05 2.7729e-05 2.7774e-05 2.7827e-05 2.7891e-05 2.7958e-05 2.8007e-05 2.8061e-05 2.8166e-05 2.8154e-05 2.82e-05 2.8258e-05 2.8279e-05 2.8313e-05 2.8341e-05 2.8363e-05 2.8385e-05 2.8398e-05 2.842e-05 2.8441e-05 2.8461e-05 2.847e-05 2.8469e-05 2.8466e-05 2.848e-05 2.8486e-05 2.8498e-05 2.85e-05 2.8498e-05 2.8499e-05 2.85e-05 2.85e-05 2.8499e-05 2.8498e-05 2.8477e-05 2.8422e-05 2.826e-05 2.8179e-05 2.8106e-05 2.8043e-05 2.7967e-05 2.7927e-05 2.7919e-05 2.8095e-05 2.8369e-05 2.8402e-05 2.8338e-05 2.8148e-05 2.8047e-05 2.7899e-05 2.78e-05 2.7657e-05 2.7646e-05 2.7583e-05 2.7532e-05 2.7465e-05 2.7412e-05 2.7375e-05 2.732e-05 2.728e-05 2.7254e-05 2.7251e-05 2.7227e-05 2.7215e-05 2.7208e-05 2.7245e-05 2.7132e-05 2.7104e-05 2.7195e-05 2.7202e-05 2.7185e-05 2.7298e-05 2.7232e-05 2.7264e-05 2.7316e-05 2.7332e-05 2.7314e-05 2.7362e-05 2.7377e-05 2.7412e-05 2.7455e-05 2.7494e-05 2.7527e-05 2.7552e-05 2.7584e-05 2.7655e-05 2.7591e-05 2.7643e-05 2.7651e-05 2.7657e-05 2.7813e-05 2.7157e-05 2.6875e-05 2.7719e-05 2.8038e-05 2.7821e-05 2.7846e-05 2.7896e-05 2.7896e-05 2.7907e-05 2.7911e-05 2.7897e-05 2.7858e-05 2.7908e-05 2.7891e-05 2.7901e-05 2.7872e-05 2.7862e-05 2.7871e-05 2.7848e-05 2.7865e-05 2.7859e-05 2.7838e-05 2.7833e-05 2.7847e-05 2.7802e-05 2.7775e-05 2.7743e-05 2.77e-05 2.7632e-05 2.756e-05 2.7506e-05 2.7436e-05 2.7425e-05 2.734e-05 2.7312e-05 2.7253e-05 2.7222e-05 2.7191e-05 2.7167e-05 2.7128e-05 2.7139e-05 2.713e-05 2.7136e-05 2.7169e-05 2.7146e-05 2.7156e-05 2.7182e-05 2.7196e-05 2.7241e-05 2.7246e-05 2.7323e-05 2.7409e-05 2.739e-05 2.7433e-05 2.7484e-05 2.7519e-05 2.7548e-05 2.7594e-05 2.7619e-05 2.7646e-05 2.7679e-05 2.7689e-05 2.7688e-05 2.7716e-05 2.7707e-05 2.7734e-05 2.7743e-05 2.7753e-05 2.7743e-05 2.7778e-05 2.7697e-05 2.769e-05 2.7722e-05 2.7683e-05 2.7611e-05 2.7564e-05 2.7566e-05
2.7586e-05 2.7595e-05 2.7575e-05 2.7573e-05 2.7579e-05 2.7588e-05 2.7603e-05 2.7621e-05 2.7633e-05 2.7668e-05 2.7657e-05 2.7678e-05 2.7721e-05 2.7757e-05 2.7808e-05 2.7881e-05 2.7979e-05 2.797e-05 2.7994e-05 2.8044e-05 2.8084e-05 2.8114e-05 2.8164e-05 2.8198e-05 2.8236e-05 2.8264e-05 2.8297e-05 2.8329e-05 2.8343e-05 2.837e-05 2.8389e-05 2.8398e-05 2.842e-05 2.8428e-05 2.8425e-05 2.8429e-05 2.8432e-05 2.8456e-05 2.8481e-05 2.8494e-05 2.8498e-05 2.8499e-05 2.8497e-05 2.8493e-05 2.8475e-05 2.8436e-05 2.8399e-05 2.8328e-05 2.8239e-05 2.8132e-05 2.8044e-05 2.7988e-05 2.7945e-05 2.7901e-05 2.7869e-05 2.7839e-05 2.8144e-05 2.8067e-05 2.8219e-05 2.7912e-05 2.771e-05 2.7662e-05 2.7617e-05 2.7591e-05 2.755e-05 2.7499e-05 2.7422e-05 2.7383e-05 2.7343e-05 2.732e-05 2.7251e-05 2.7228e-05 2.7218e-05 2.7204e-05 2.7182e-05 2.7158e-05 2.7155e-05 2.7171e-05 2.7139e-05 2.7157e-05 2.7187e-05 2.7163e-05 2.7186e-05 2.7171e-05 2.7209e-05 2.7162e-05 2.7192e-05 2.7268e-05 2.7282e-05 2.7343e-05 2.7339e-05 2.7372e-05 2.7419e-05 2.7439e-05 2.7493e-05 2.753e-05 2.752e-05 2.7443e-05 2.7575e-05 2.7586e-05 2.7649e-05 2.7651e-05 2.7698e-05 2.7745e-05 2.786e-05 2.7852e-05 2.7862e-05 2.7776e-05 2.7822e-05 2.78e-05 2.7829e-05 2.7829e-05 2.7858e-05 2.7832e-05 2.7836e-05 2.7846e-05 2.7818e-05 2.7793e-05 2.7832e-05 2.7803e-05 2.7827e-05 2.7839e-05 2.7871e-05 2.785e-05 2.7835e-05 2.7851e-05 2.7853e-05 2.7806e-05 2.7782e-05 2.7758e-05 2.7687e-05 2.7627e-05 2.7576e-05 2.7526e-05 2.7529e-05 2.7456e-05 2.7408e-05 2.7347e-05 2.7335e-05 2.7299e-05 2.7286e-05 2.7247e-05 2.7242e-05 2.7203e-05 2.719e-05 2.7185e-05 2.721e-05 2.7205e-05 2.7254e-05 2.7253e-05 2.7249e-05 2.7255e-05 2.7327e-05 2.7387e-05 2.7414e-05 2.746e-05 2.7442e-05 2.7488e-05 2.7518e-05 2.7552e-05 2.7582e-05 2.7616e-05 2.7638e-05 2.7652e-05 2.7663e-05 2.7679e-05 2.767e-05 2.7682e-05 2.7764e-05 2.7734e-05 2.7753e-05 2.7714e-05 2.7723e-05 2.7723e-05 2.7703e-05 2.765e-05 2.76e-05 2.7597e-05 2.7568e-05 2.7561e-05
2.7547e-05 2.7555e-05 2.7579e-05 2.7609e-05 2.7598e-05 2.7645e-05 2.7631e-05 2.7622e-05 2.764e-05 2.7656e-05 2.7665e-05 2.7702e-05 2.7722e-05 2.7769e-05 2.7787e-05 2.787e-05 2.7341e-05 2.801e-05 2.7977e-05 2.8003e-05 2.8037e-05 2.8079e-05 2.8108e-05 2.8127e-05 2.8178e-05 2.8217e-05 2.8249e-05 2.8287e-05 2.8315e-05 2.8331e-05 2.8348e-05 2.8353e-05 2.8369e-05 2.8364e-05 2.8373e-05 2.8368e-05 2.8389e-05 2.8403e-05 2.8421e-05 2.8446e-05 2.8468e-05 2.8468e-05 2.8478e-05 2.8471e-05 2.845e-05 2.8401e-05 2.8329e-05 2.8089e-05 2.8076e-05 2.799e-05 2.7955e-05 2.7943e-05 2.7848e-05 2.7878e-05 2.7833e-05 2.7781e-05 2.7739e-05 2.7719e-05 2.7646e-05 2.7602e-05 2.7565e-05 2.7529e-05 2.7463e-05 2.7436e-05 2.7391e-05 2.7351e-05 2.7337e-05 2.7299e-05 2.7278e-05 2.7245e-05 2.7201e-05 2.7181e-05 2.7173e-05 2.7147e-05 2.7132e-05 2.7151e-05 2.7139e-05 2.7136e-05 2.712e-05 2.7088e-05 2.7166e-05 2.7155e-05 2.7141e-05 2.7166e-05 2.713e-05 2.7182e-05 2.7235e-05 2.7243e-05 2.7292e-05 2.7292e-05 2.7314e-05 2.7328e-05 2.737e-05 2.741e-05 2.7476e-05 2.7486e-05 2.7493e-05 2.7503e-05 2.7531e-05 2.7565e-05 2.7586e-05 2.7614e-05 2.766e-05 2.7659e-05 2.7676e-05 2.7722e-05 2.775e-05 2.7748e-05 2.7746e-05 2.7771e-05 2.7771e-05 2.7771e-05 2.7792e-05 2.7763e-05 2.779e-05 2.7758e-05 2.7726e-05 2.7738e-05 2.7742e-05 2.7757e-05 2.7804e-05 2.7816e-05 2.7836e-05 2.7845e-05 2.7867e-05 2.7859e-05 2.7805e-05 2.7774e-05 2.7771e-05 2.7751e-05 2.7696e-05 2.764e-05 2.7601e-05 2.759e-05 2.7539e-05 2.7484e-05 2.7444e-05 2.7406e-05 2.74e-05 2.7375e-05 2.7354e-05 2.7328e-05 2.7319e-05 2.7286e-05 2.7273e-05 2.7293e-05 2.7285e-05 2.7284e-05 2.7369e-05 2.7359e-05 2.7326e-05 2.7369e-05 2.7378e-05 2.7432e-05 2.7462e-05 2.7437e-05 2.7513e-05 2.7482e-05 2.7504e-05 2.7581e-05 2.7608e-05 2.7615e-05 2.7628e-05 2.7626e-05 2.7661e-05 2.7657e-05 2.7674e-05 2.7705e-05 2.7719e-05 2.7699e-05 2.7693e-05 2.7751e-05 2.7732e-05 2.7735e-05 2.7676e-05 2.7632e-05 2.7596e-05 2.7563e-05 2.7541e-05 2.7529e-05
2.7547e-05 2.7548e-05 2.7561e-05 2.7578e-05 2.7568e-05 2.7604e-05 2.763e-05 2.7643e-05 2.7648e-05 2.7645e-05 2.7687e-05 2.7716e-05 2.7716e-05 2.7762e-05 2.7794e-05 2.781e-05 2.7946e-05 2.7926e-05 2.7965e-05 2.7969e-05 2.7998e-05 2.8022e-05 2.8059e-05 2.8091e-05 2.8115e-05 2.8146e-05 2.8187e-05 2.8225e-05 2.8225e-05 2.826e-05 2.8271e-05 2.8287e-05 2.8298e-05 2.8294e-05 2.8303e-05 2.8302e-05 2.8311e-05 2.8325e-05 2.8339e-05 2.8386e-05 2.8399e-05 2.8418e-05 2.8425e-05 2.8419e-05 2.8391e-05 2.8322e-05 2.8235e-05 2.8156e-05 2.8037e-05 2.7987e-05 2.7942e-05 2.7912e-05 2.7881e-05 2.7839e-05 2.7787e-05 2.7735e-05 2.7684e-05 2.7624e-05 2.757e-05 2.7524e-05 2.7434e-05 2.7406e-05 2.738e-05 2.7359e-05 2.7324e-05 2.7311e-05 2.7277e-05 2.7247e-05 2.7227e-05 2.7186e-05 2.718e-05 2.7003e-05 2.712e-05 2.7118e-05 2.7112e-05 2.7094e-05 2.7099e-05 2.7117e-05 2.7112e-05 2.7118e-05 2.7129e-05 2.7084e-05 2.716e-05 2.7152e-05 2.7354e-05 2.687e-05 2.7215e-05 2.7238e-05 2.725e-05 2.7284e-05 2.728e-05 2.7334e-05 2.736e-05 2.7383e-05 2.7399e-05 2.7446e-05 2.7451e-05 2.7491e-05 2.7513e-05 2.7572e-05 2.757e-05 2.7589e-05 2.764e-05 2.7684e-05 2.7704e-05 2.77e-05 2.7706e-05 2.7738e-05 2.7696e-05 2.7718e-05 2.7733e-05 2.771e-05 2.7685e-05 2.769e-05 2.7691e-05 2.7679e-05 2.7661e-05 2.7683e-05 2.771e-05 2.7763e-05 2.7785e-05 2.778e-05 2.7796e-05 2.782e-05 2.782e-05 2.781e-05 2.7825e-05 2.7796e-05 2.7768e-05 2.7754e-05 2.77e-05 2.768e-05 2.763e-05 2.7629e-05 2.7602e-05 2.7561e-05 2.7498e-05 2.7476e-05 2.7461e-05 2.7478e-05 2.7416e-05 2.7435e-05 2.7391e-05 2.7353e-05 2.735e-05 2.7367e-05 2.7377e-05 2.7366e-05 2.738e-05 2.7411e-05 2.7389e-05 2.741e-05 2.7404e-05 2.7411e-05 2.7465e-05 2.7449e-05 2.749e-05 2.7477e-05 2.7496e-05 2.7549e-05 2.758e-05 2.7574e-05 2.7613e-05 2.7626e-05 2.7638e-05 2.7666e-05 2.7668e-05 2.7683e-05 2.7725e-05 2.7691e-05 2.7697e-05 2.772e-05 2.7654e-05 2.7684e-05 2.7677e-05 2.7628e-05 2.7579e-05 2.758e-05 2.7561e-05 2.7553e-05
2.7565e-05 2.7554e-05 2.756e-05 2.7603e-05 2.7574e-05 2.7582e-05 2.7654e-05 2.7611e-05 2.7614e-05 2.7613e-05 2.7639e-05 2.7666e-05 2.7699e-05 2.7723e-05 2.7766e-05 2.7817e-05 2.7808e-05 2.7852e-05 2.788e-05 2.791e-05 2.7937e-05 2.797e-05 2.8012e-05 2.8042e-05 2.8044e-05 2.806e-05 2.8074e-05 2.8102e-05 2.8122e-05 2.8145e-05 2.8158e-05 2.8188e-05 2.8202e-05 2.8193e-05 2.8168e-05 2.8195e-05 2.8198e-05 2.8196e-05 2.8239e-05 2.8282e-05 2.8301e-05 2.8315e-05 2.8314e-05 2.8264e-05 2.8234e-05 2.8153e-05 2.8099e-05 2.8042e-05 2.7976e-05 2.7935e-05 2.79e-05 2.7842e-05 2.7819e-05 2.7777e-05 2.7724e-05 2.7684e-05 2.7628e-05 2.7572e-05 2.7517e-05 2.7441e-05 2.7353e-05 2.7399e-05 2.7291e-05 2.7269e-05 2.7262e-05 2.7239e-05 2.7205e-05 2.7182e-05 2.7171e-05 2.7173e-05 2.7133e-05 2.7136e-05 2.712e-05 2.7091e-05 2.7084e-05 2.7082e-05 2.7101e-05 2.7069e-05 2.7052e-05 2.7068e-05 2.7105e-05 2.7115e-05 2.7111e-05 2.7138e-05 2.7149e-05 2.7159e-05 2.7175e-05 2.7187e-05 2.7215e-05 2.7272e-05 2.7314e-05 2.7301e-05 2.7349e-05 2.7352e-05 2.7435e-05 2.7412e-05 2.7423e-05 2.7454e-05 2.7513e-05 2.7529e-05 2.7561e-05 2.7575e-05 2.7585e-05 2.7605e-05 2.7606e-05 2.7625e-05 2.7678e-05 2.7676e-05 2.7667e-05 2.7655e-05 2.7629e-05 2.762e-05 2.7624e-05 2.7623e-05 2.7656e-05 2.763e-05 2.7634e-05 2.7633e-05 2.7693e-05 2.7718e-05 2.7729e-05 2.7748e-05 2.7791e-05 2.7783e-05 2.7809e-05 2.7804e-05 2.7819e-05 2.7795e-05 2.7771e-05 2.7762e-05 2.7723e-05 2.7729e-05 2.766e-05 2.7608e-05 2.7624e-05 2.7665e-05 2.7586e-05 2.7565e-05 2.7574e-05 2.7516e-05 2.7481e-05 2.7534e-05 2.748e-05 2.7447e-05 2.7452e-05 2.7478e-05 2.7453e-05 2.7459e-05 2.7457e-05 2.7457e-05 2.7461e-05 2.7448e-05 2.7454e-05 2.7477e-05 2.748e-05 2.7464e-05 2.7477e-05 2.7512e-05 2.7513e-05 2.7545e-05 2.7533e-05 2.7575e-05 2.7591e-05 2.762e-05 2.7636e-05 2.7658e-05 2.7711e-05 2.7706e-05 2.7716e-05 2.7695e-05 2.768e-05 2.7674e-05 2.7653e-05 2.7657e-05 2.7641e-05 2.7624e-05 2.7593e-05 2.7556e-05 2.7605e-05 2.7572e-05
2.7573e-05 2.7569e-05 2.7574e-05 2.7568e-05 2.7577e-05 2.7559e-05 2.7592e-05 2.7611e-05 2.7596e-05 2.7639e-05 2.7658e-05 2.7654e-05 2.7677e-05 2.7709e-05 2.7742e-05 2.7764e-05 2.7791e-05 2.7814e-05 2.7837e-05 2.7873e-05 2.7904e-05 2.7913e-05 2.7935e-05 2.7954e-05 2.7978e-05 2.7987e-05 2.8009e-05 2.8024e-05 2.8037e-05 2.804e-05 2.8043e-05 2.8058e-05 2.8048e-05 2.8048e-05 2.806e-05 2.8072e-05 2.8079e-05 2.8072e-05 2.8086e-05 2.7988e-05 2.8106e-05 2.811e-05 2.8109e-05 2.8094e-05 2.8079e-05 2.8052e-05 2.8023e-05 2.7977e-05 2.7914e-05 2.7872e-05 2.7853e-05 2.7774e-05 2.7722e-05 2.7681e-05 2.7642e-05 2.7586e-05 2.7539e-05 2.7492e-05 2.7443e-05 2.7407e-05 2.7337e-05 2.7271e-05 2.7244e-05 2.7221e-05 2.7188e-05 2.7026e-05 2.7216e-05 2.7135e-05 2.7123e-05 2.712e-05 2.7085e-05 2.713e-05 2.7097e-05 2.7046e-05 2.7024e-05 2.7035e-05 2.7049e-05 2.7042e-05 2.7079e-05 2.7065e-05 2.7087e-05 2.7087e-05 2.7107e-05 2.71e-05 2.713e-05 2.7143e-05 2.7177e-05 2.7197e-05 2.7231e-05 2.7259e-05 2.7293e-05 2.731e-05 2.7323e-05 2.7359e-05 2.7362e-05 2.7367e-05 2.7428e-05 2.7458e-05 2.7466e-05 2.7508e-05 2.7521e-05 2.7544e-05 2.7577e-05 2.7582e-05 2.7591e-05 2.7583e-05 2.763e-05 2.7604e-05 2.7611e-05 2.7587e-05 2.7595e-05 2.7588e-05 2.7579e-05 2.7583e-05 2.7616e-05 2.7593e-05 2.7616e-05 2.7619e-05 2.7636e-05 2.7696e-05 2.7672e-05 2.7683e-05 2.7801e-05 2.7755e-05 2.7769e-05 2.7785e-05 2.7809e-05 2.7821e-05 2.7803e-05 2.7771e-05 2.777e-05 2.7753e-05 2.773e-05 2.7867e-05 2.7724e-05 2.766e-05 2.7647e-05 2.7658e-05 2.7604e-05 2.7577e-05 2.7558e-05 2.7619e-05 2.7538e-05 2.7522e-05 2.7521e-05 2.7566e-05 2.7535e-05 2.7541e-05 2.7519e-05 2.7505e-05 2.752e-05 2.7502e-05 2.752e-05 2.7539e-05 2.7513e-05 2.7509e-05 2.753e-05 2.7539e-05 2.7534e-05 2.7558e-05 2.7574e-05 2.7565e-05 2.7594e-05 2.7604e-05 2.7618e-05 2.7685e-05 2.7648e-05 2.7661e-05 2.7694e-05 2.7674e-05 2.7687e-05 2.7657e-05 2.7643e-05 2.7649e-05 2.7616e-05 2.7612e-05 2.7625e-05 2.7582e-05 2.7589e-05 2.7612e-05
2.7541e-05 2.7584e-05 2.7585e-05 2.7307e-05 2.7573e-05 2.7559e-05 2.7558e-05 2.7567e-05 2.7579e-05 2.7588e-05 2.7605e-05 2.7642e-05 2.7647e-05 2.7681e-05 2.7693e-05 2.7704e-05 2.7731e-05 2.7747e-05 2.7794e-05 2.7839e-05 2.7907e-05 2.7847e-05 2.7865e-05 2.7881e-05 2.7894e-05 2.7901e-05 2.7922e-05 2.7918e-05 2.792e-05 2.7938e-05 2.7943e-05 2.7957e-05 2.7963e-05 2.7975e-05 2.7989e-05 2.7999e-05 2.8005e-05 2.7997e-05 2.8e-05 2.8005e-05 2.801e-05 2.7997e-05 2.7995e-05 2.7977e-05 2.795e-05 2.7931e-05 2.7901e-05 2.7884e-05 2.783e-05 2.7788e-05 2.7724e-05 2.7681e-05 2.7632e-05 2.7577e-05 2.7514e-05 2.7484e-05 2.7445e-05 2.7402e-05 2.735e-05 2.7335e-05 2.7292e-05 2.724e-05 2.7193e-05 2.7151e-05 2.7153e-05 2.7142e-05 2.7087e-05 2.7096e-05 2.7102e-05 2.7104e-05 2.7077e-05 2.7095e-05 2.7067e-05 2.7069e-05 2.7057e-05 2.7036e-05 2.7053e-05 2.7081e-05 2.7086e-05 2.7072e-05 2.7082e-05 2.7087e-05 2.7123e-05 2.7146e-05 2.7162e-05 2.7249e-05 2.7229e-05 2.7246e-05 2.7253e-05 2.7268e-05 2.7279e-05 2.7313e-05 2.7354e-05 2.737e-05 2.7354e-05 2.7448e-05 2.7462e-05 2.7456e-05 2.7472e-05 2.7497e-05 2.7503e-05 2.7529e-05 2.7552e-05 2.7552e-05 2.7549e-05 2.7559e-05 2.7564e-05 2.7561e-05 2.7566e-05 2.7576e-05 2.7557e-05 2.7567e-05 2.7547e-05 2.7568e-05 2.7577e-05 2.7588e-05 2.7594e-05 2.7624e-05 2.7599e-05 2.7627e-05 2.7655e-05 2.7667e-05 2.7672e-05 2.7706e-05 2.7728e-05 2.7746e-05 2.7777e-05 2.7788e-05 2.7797e-05 2.7797e-05 2.7793e-05 2.7771e-05 2.7753e-05 2.7751e-05 2.7727e-05 2.7692e-05 2.7676e-05 2.7677e-05 2.7645e-05 2.7692e-05 2.7617e-05 2.7677e-05 2.7611e-05 2.7586e-05 2.7624e-05 2.7578e-05 2.7582e-05 2.7579e-05 2.7566e-05 2.7564e-05 2.7574e-05 2.7569e-05 2.7538e-05 2.7538e-05 2.7541e-05 2.7554e-05 2.755e-05 2.7568e-05 2.7554e-05 2.7549e-05 2.7563e-05 2.7581e-05 2.7572e-05 2.7584e-05 2.763e-05 2.7612e-05 2.7612e-05 2.7608e-05 2.7678e-05 2.7654e-05 2.7647e-05 2.7637e-05 2.7666e-05 2.7619e-05 2.7592e-05 2.7579e-05 2.759e-05 2.7573e-05 2.7567e-05 2.7561e-05
2.7549e-05 2.7506e-05 2.7544e-05 2.7513e-05 2.7518e-05 2.7533e-05 2.7543e-05 2.7534e-05 2.7611e-05 2.7578e-05 2.7597e-05 2.7598e-05 2.7595e-05 2.7606e-05 2.7554e-05 2.7662e-05 2.7675e-05 2.7693e-05 2.7734e-05 2.7711e-05 2.7729e-05 2.7764e-05 2.7773e-05 2.7783e-05 2.7796e-05 2.7804e-05 2.7842e-05 2.7827e-05 2.7836e-05 2.7844e-05 2.786e-05 2.7875e-05 2.788e-05 2.7892e-05 2.7909e-05 2.7928e-05 2.7929e-05 2.7925e-05 2.7939e-05 2.7942e-05 2.7941e-05 2.7923e-05 2.7902e-05 2.7881e-05 2.785e-05 2.7822e-05 2.78e-05 2.7763e-05 2.7736e-05 2.7695e-05 2.7656e-05 2.7646e-05 2.7562e-05 2.7487e-05 2.7433e-05 2.7374e-05 2.7322e-05 2.726e-05 2.7238e-05 2.7223e-05 2.7211e-05 2.7165e-05 2.7144e-05 2.7152e-05 2.7107e-05 2.7095e-05 2.7089e-05 2.712e-05 2.71e-05 2.708e-05 2.7118e-05 2.7109e-05 2.7074e-05 2.707e-05 2.7071e-05 2.7062e-05 2.7063e-05 2.7088e-05 2.7084e-05 2.7093e-05 2.7087e-05 2.7117e-05 2.7138e-05 2.7244e-05 2.6812e-05 2.6127e-05 2.7465e-05 2.7291e-05 2.726e-05 2.7295e-05 2.7283e-05 2.7337e-05 2.733e-05 2.7386e-05 2.7391e-05 2.7418e-05 2.7446e-05 2.7455e-05 2.7458e-05 2.7473e-05 2.7501e-05 2.7503e-05 2.7519e-05 2.756e-05 2.7527e-05 2.7566e-05 2.7571e-05 2.7556e-05 2.756e-05 2.7568e-05 2.7547e-05 2.7547e-05 2.7533e-05 2.756e-05 2.7605e-05 2.7598e-05 2.7559e-05 2.76e-05 2.7611e-05 2.7587e-05 2.7602e-05 2.7627e-05 2.7635e-05 2.7695e-05 2.7699e-05 2.7753e-05 2.774e-05 2.7767e-05 2.7771e-05 2.7813e-05 2.7782e-05 2.7788e-05 2.7788e-05 2.7778e-05 2.775e-05 2.7759e-05 2.7732e-05 2.7722e-05 2.7743e-05 2.7705e-05 2.7678e-05 2.7685e-05 2.7658e-05 2.7651e-05 2.7676e-05 2.7629e-05 2.7634e-05 2.7623e-05 2.763e-05 2.7622e-05 2.7604e-05 2.7599e-05 2.7597e-05 2.7584e-05 2.764e-05 2.7576e-05 2.7585e-05 2.7557e-05 2.7565e-05 2.7567e-05 2.7596e-05 2.7599e-05 2.7563e-05 2.7568e-05 2.7601e-05 2.7564e-05 2.7568e-05 2.7627e-05 2.759e-05 2.7619e-05 2.7579e-05 2.7585e-05 2.7597e-05 2.7593e-05 2.759e-05 2.7565e-05 2.7602e-05 2.7596e-05 2.7541e-05 2.7634e-05
2.7496e-05 2.7501e-05 2.7481e-05 2.7495e-05 2.7505e-05 2.7468e-05 2.7488e-05 2.7507e-05 2.7493e-05 2.7509e-05 2.7562e-05 2.7549e-05 2.7532e-05 2.7575e-05 2.7565e-05 2.7588e-05 2.759e-05 2.7604e-05 2.7613e-05 2.7617e-05 2.7674e-05 2.7655e-05 2.7698e-05 2.7718e-05 2.7719e-05 2.7759e-05 2.7723e-05 2.7733e-05 2.776e-05 2.777e-05 2.7777e-05 2.7807e-05 2.7799e-05 2.7828e-05 2.7743e-05 2.7858e-05 2.7858e-05 2.7862e-05 2.7871e-05 2.7863e-05 2.7854e-05 2.7838e-05 2.7803e-05 2.7792e-05 2.7769e-05 2.7735e-05 2.7697e-05 2.765e-05 2.7618e-05 2.7576e-05 2.7525e-05 2.7468e-05 2.7419e-05 2.7358e-05 2.7298e-05 2.7243e-05 2.7183e-05 2.7141e-05 2.7097e-05 2.7056e-05 2.7041e-05 2.705e-05 2.7082e-05 2.7098e-05 2.7096e-05 2.7097e-05 2.7112e-05 2.7098e-05 2.7077e-05 2.7093e-05 2.7081e-05 2.7082e-05 2.7095e-05 2.7073e-05 2.7075e-05 2.7091e-05 2.7102e-05 2.7141e-05 2.7085e-05 2.7104e-05 2.7117e-05 2.714e-05 2.7197e-05 2.7217e-05 2.7223e-05 2.7272e-05 2.7282e-05 2.7276e-05 2.7293e-05 2.7285e-05 2.7317e-05 2.7345e-05 2.735e-05 2.7385e-05 2.7399e-05 2.7429e-05 2.7443e-05 2.7458e-05 2.7472e-05 2.7507e-05 2.7528e-05 2.751e-05 2.7524e-05 2.7561e-05 2.7552e-05 2.7552e-05 2.7549e-05 2.7566e-05 2.7581e-05 2.7615e-05 2.7597e-05 2.7551e-05 2.7533e-05 2.7554e-05 2.7568e-05 2.7563e-05 2.7601e-05 2.7577e-05 2.7584e-05 2.7589e-05 2.7603e-05 2.764e-05 2.7626e-05 2.7645e-05 2.7669e-05 2.7687e-05 2.7691e-05 2.7736e-05 2.776e-05 2.7766e-05 2.7786e-05 2.7809e-05 2.7805e-05 2.7804e-05 2.783e-05 2.7776e-05 2.7772e-05 2.776e-05 2.7852e-05 2.7741e-05 2.7722e-05 2.7697e-05 2.769e-05 2.7708e-05 2.7696e-05 2.7691e-05 2.7744e-05 2.7661e-05 2.7665e-05 2.7652e-05 2.7661e-05 2.7619e-05 2.7627e-05 2.761e-05 2.7602e-05 2.7604e-05 2.7598e-05 2.759e-05 2.7585e-05 2.7567e-05 2.7616e-05 2.7607e-05 2.7604e-05 2.758e-05 2.7586e-05 2.7586e-05 2.755e-05 2.7551e-05 2.7549e-05 2.7569e-05 2.7549e-05 2.7569e-05 2.7536e-05 2.7542e-05 2.758e-05 2.7563e-05 2.7559e-05 2.7513e-05 2.7522e-05 2.7506e-05
2.7529e-05 2.7463e-05 2.746e-05 2.7477e-05 2.7466e-05 2.7461e-05 2.7472e-05 2.7458e-05 2.7502e-05 2.7446e-05 2.7482e-05 2.7488e-05 2.7498e-05 2.749e-05 2.7543e-05 2.7568e-05 2.7569e-05 2.7533e-05 2.7521e-05 2.7557e-05 2.7552e-05 2.7557e-05 2.757e-05 2.7582e-05 2.7622e-05 2.763e-05 2.7739e-05 2.7646e-05 2.765e-05 2.7704e-05 2.7659e-05 2.7722e-05 2.771e-05 2.7746e-05 2.7776e-05 2.7797e-05 2.7788e-05 2.7791e-05 2.7786e-05 2.7782e-05 2.7778e-05 2.774e-05 2.7717e-05 2.7688e-05 2.7661e-05 2.7624e-05 2.7559e-05 2.7503e-05 2.7444e-05 2.74e-05 2.7371e-05 2.734e-05 2.732e-05 2.7278e-05 2.7247e-05 2.7201e-05 2.7172e-05 2.7158e-05 2.712e-05 2.7106e-05 2.7105e-05 2.7098e-05 2.7104e-05 2.7109e-05 2.7124e-05 2.7111e-05 2.7105e-05 2.7102e-05 2.712e-05 2.7098e-05 2.7094e-05 2.7106e-05 2.708e-05 2.7089e-05 2.7134e-05 2.7109e-05 2.7115e-05 2.7144e-05 2.714e-05 2.7156e-05 2.7181e-05 2.7196e-05 2.7186e-05 2.7216e-05 2.7262e-05 2.7257e-05 2.7306e-05 2.7322e-05 2.7332e-05 2.735e-05 2.735e-05 2.7375e-05 2.7406e-05 2.741e-05 2.7413e-05 2.7474e-05 2.7462e-05 2.7464e-05 2.7482e-05 2.7492e-05 2.75e-05 2.7504e-05 2.7517e-05 2.755e-05 2.7544e-05 2.752e-05 2.7534e-05 2.755e-05 2.7554e-05 2.7542e-05 2.7616e-05 2.7603e-05 2.7566e-05 2.7571e-05 2.7557e-05 2.7571e-05 2.7591e-05 2.7581e-05 2.7585e-05 2.7619e-05 2.7638e-05 2.7624e-05 2.7635e-05 2.7637e-05 2.7678e-05 2.7685e-05 2.7689e-05 2.7699e-05 2.7713e-05 2.7729e-05 2.7746e-05 2.7776e-05 2.7779e-05 2.78e-05 2.7819e-05 2.7838e-05 2.7818e-05 2.7784e-05 2.7761e-05 2.7771e-05 2.776e-05 2.776e-05 2.7746e-05 2.7747e-05 2.7743e-05 2.774e-05 2.7727e-05 2.771e-05 2.771e-05 2.7716e-05 2.7688e-05 2.7705e-05 2.7682e-05 2.7655e-05 2.7632e-05 2.7617e-05 2.7628e-05 2.7608e-05 2.7555e-05 2.7578e-05 2.7593e-05 2.7594e-05 2.7594e-05 2.7565e-05 2.7565e-05 2.7547e-05 2.7542e-05 2.7522e-05 2.7533e-05 2.7548e-05 2.7552e-05 2.7522e-05 2.7512e-05 2.7499e-05 2.746e-05 2.7481e-05 2.7496e-05 2.7484e-05 2.75e-05 2.7514e-05
2.7453e-05 2.7426e-05 2.7407e-05 2.7439e-05 2.7456e-05 2.7429e-05 2.7278e-05 2.7474e-05 2.7438e-05 2.7433e-05 2.7478e-05 2.7459e-05 2.745e-05 2.7469e-05 2.7435e-05 2.7428e-05 2.7434e-05 2.746e-05 2.7412e-05 2.7496e-05 2.753e-05 2.7485e-05 2.7487e-05 2.7507e-05 2.7537e-05 2.7552e-05 2.7578e-05 2.7607e-05 2.7589e-05 2.7634e-05 2.7621e-05 2.7612e-05 2.7606e-05 2.7659e-05 2.7622e-05 2.7619e-05 2.7659e-05 2.7658e-05 2.765e-05 2.7643e-05 2.7662e-05 2.7607e-05 2.7588e-05 2.7571e-05 2.7534e-05 2.7511e-05 2.7473e-05 2.742e-05 2.7391e-05 2.7348e-05 2.7316e-05 2.7292e-05 2.7288e-05 2.7296e-05 2.7267e-05 2.7258e-05 2.7246e-05 2.723e-05 2.7212e-05 2.7212e-05 2.7223e-05 2.7199e-05 2.7197e-05 2.7183e-05 2.7134e-05 2.7162e-05 2.7155e-05 2.7142e-05 2.7108e-05 2.7136e-05 2.7122e-05 2.7135e-05 2.714e-05 2.7123e-05 2.715e-05 2.7173e-05 2.717e-05 2.7159e-05 2.7176e-05 2.7202e-05 2.7221e-05 2.7226e-05 2.7241e-05 2.7267e-05 2.7294e-05 2.7303e-05 2.7321e-05 2.7327e-05 2.7345e-05 2.7382e-05 2.7418e-05 2.7443e-05 2.7428e-05 2.7422e-05 2.7456e-05 2.7459e-05 2.7477e-05 2.7484e-05 2.7493e-05 2.751e-05 2.7534e-05 2.7551e-05 2.7561e-05 2.757e-05 2.7548e-05 2.754e-05 2.7547e-05 2.7567e-05 2.756e-05 2.7567e-05 2.7547e-05 2.7572e-05 2.758e-05 2.7579e-05 2.7601e-05 2.7583e-05 2.7607e-05 2.7614e-05 2.7646e-05 2.7619e-05 2.7662e-05 2.7634e-05 2.7643e-05 2.768e-05 2.7676e-05 2.7679e-05 2.7686e-05 2.7685e-05 2.7702e-05 2.7724e-05 2.7737e-05 2.7732e-05 2.7749e-05 2.7758e-05 2.7785e-05 2.778e-05 2.7798e-05 2.7809e-05 2.782e-05 2.7829e-05 2.7847e-05 2.7851e-05 2.7838e-05 2.7824e-05 2.7807e-05 2.779e-05 2.7765e-05 2.7757e-05 2.7726e-05 2.7733e-05 2.7706e-05 2.7709e-05 2.7711e-05 2.7699e-05 2.7669e-05 2.7678e-05 2.7633e-05 2.761e-05 2.7593e-05 2.7582e-05 2.7574e-05 2.7601e-05 2.756e-05 2.7553e-05 2.7546e-05 2.7523e-05 2.7532e-05 2.7519e-05 2.7563e-05 2.7507e-05 2.7509e-05 2.7517e-05 2.7542e-05 2.7498e-05 2.7487e-05 2.7473e-05 2.7441e-05 2.7491e-05 2.7459e-05 2.7468e-05
2.7406e-05 2.7381e-05 2.7379e-05 2.7398e-05 2.7421e-05 2.7369e-05 2.7362e-05 2.7379e-05 2.738e-05 2.7361e-05 2.7337e-05 2.7373e-05 2.7366e-05 2.7406e-05 2.7325e-05 2.7383e-05 2.7393e-05 2.7404e-05 2.7428e-05 2.7429e-05 2.7414e-05 2.7502e-05 2.7498e-05 2.7471e-05 2.7504e-05 2.7464e-05 2.7503e-05 2.737e-05 2.7442e-05 2.7475e-05 2.745e-05 2.7503e-05 2.7526e-05 2.7544e-05 2.7575e-05 2.7548e-05 2.7576e-05 2.7563e-05 2.7551e-05 2.7518e-05 2.7501e-05 2.748e-05 2.7466e-05 2.7454e-05 2.7425e-05 2.7406e-05 2.7394e-05 2.7377e-05 2.7359e-05 2.7337e-05 2.7306e-05 2.7259e-05 2.7275e-05 2.7273e-05 2.7274e-05 2.7278e-05 2.7293e-05 2.7296e-05 2.7314e-05 2.7292e-05 2.7278e-05 2.7263e-05 2.7249e-05 2.7252e-05 2.7236e-05 2.7211e-05 2.7199e-05 2.7212e-05 2.7214e-05 2.7202e-05 2.7173e-05 2.7153e-05 2.7158e-05 2.7195e-05 2.7173e-05 2.7169e-05 2.7167e-05 2.7199e-05 2.7223e-05 2.7261e-05 2.7257e-05 2.7277e-05 2.7296e-05 2.7315e-05 2.7306e-05 2.7316e-05 2.7335e-05 2.7355e-05 2.7378e-05 2.738e-05 2.7408e-05 2.7468e-05 2.7467e-05 2.7466e-05 2.7472e-05 2.7515e-05 2.7508e-05 2.7511e-05 2.7526e-05 2.7519e-05 2.7536e-05 2.7538e-05 2.7553e-05 2.7596e-05 2.7566e-05 2.7563e-05 2.7586e-05 2.7596e-05 2.7598e-05 2.7616e-05 2.7595e-05 2.7592e-05 2.7577e-05 2.7583e-05 2.76e-05 2.7583e-05 2.758e-05 2.7606e-05 2.7639e-05 2.7659e-05 2.7643e-05 2.7621e-05 2.7632e-05 2.7665e-05 2.7671e-05 2.7681e-05 2.7696e-05 2.7683e-05 2.7715e-05 2.7718e-05 2.773e-05 2.7742e-05 2.7735e-05 2.7754e-05 2.7746e-05 2.7759e-05 2.7772e-05 2.7786e-05 2.7792e-05 2.7787e-05 2.7778e-05 2.7771e-05 2.7763e-05 2.7761e-05 2.7754e-05 2.7746e-05 2.7739e-05 2.7735e-05 2.7719e-05 2.7711e-05 2.772e-05 2.7696e-05 2.7696e-05 2.7681e-05 2.7681e-05 2.7681e-05 2.764e-05 2.7621e-05 2.761e-05 2.7618e-05 2.7574e-05 2.7576e-05 2.7592e-05 2.7557e-05 2.7529e-05 2.7511e-05 2.7537e-05 2.751e-05 2.7482e-05 2.7468e-05 2.7628e-05 2.7136e-05 2.7565e-05 2.7898e-05 2.7482e-05 2.7457e-05 2.741e-05 2.7422e-05 2.7476e-05 2.7435e-05
2.7405e-05 2.7365e-05 2.7388e-05 2.737e-05 2.7368e-05 2.7325e-05 2.7382e-05 2.7348e-05 2.734e-05 2.7344e-05 2.7324e-05 2.7357e-05 2.735e-05 2.7313e-05 2.735e-05 2.7328e-05 2.7331e-05 2.74e-05 2.7368e-05 2.7351e-05 2.7374e-05 2.7336e-05 2.7319e-05 2.7289e-05 2.7349e-05 2.7416e-05 2.7403e-05 2.7401e-05 2.7489e-05 2.7459e-05 2.7449e-05 2.747e-05 2.742e-05 2.7403e-05 2.7378e-05 2.744e-05 2.746e-05 2.7454e-05 2.7488e-05 2.7441e-05 2.7448e-05 2.7431e-05 2.7396e-05 2.7401e-05 2.7402e-05 2.7424e-05 2.7392e-05 2.7373e-05 2.7359e-05 2.7322e-05 2.7302e-05 2.7296e-05 2.7297e-05 2.7292e-05 2.7289e-05 2.7245e-05 2.7298e-05 2.7302e-05 2.7292e-05 2.7285e-05 2.7257e-05 2.724e-05 2.7227e-05 2.7226e-05 2.7226e-05 2.7238e-05 2.7249e-05 2.7242e-05 2.7226e-05 2.7258e-05 2.7216e-05 2.7215e-05 2.7215e-05 2.7215e-05 2.7225e-05 2.7212e-05 2.7237e-05 2.7241e-05 2.7278e-05 2.727e-05 2.7298e-05 2.7303e-05 2.7329e-05 2.7278e-05 2.7345e-05 2.7373e-05 2.7393e-05 2.7413e-05 2.7418e-05 2.7418e-05 2.7443e-05 2.7452e-05 2.7466e-05 2.7487e-05 2.7487e-05 2.7498e-05 2.7468e-05 2.7532e-05 2.7547e-05 2.7556e-05 2.7564e-05 2.7566e-05 2.7571e-05 2.7586e-05 2.7581e-05 2.7576e-05 2.7575e-05 2.7589e-05 2.7609e-05 2.7587e-05 2.7601e-05 2.7613e-05 2.7594e-05 2.7597e-05 2.7601e-05 2.761e-05 2.7619e-05 2.761e-05 2.764e-05 2.7639e-05 2.7642e-05 2.765e-05 2.7672e-05 2.7636e-05 2.7637e-05 2.765e-05 2.7684e-05 2.769e-05 2.769e-05 2.7716e-05 2.7692e-05 2.7703e-05 2.7699e-05 2.7712e-05 2.7738e-05 2.7729e-05 2.774e-05 2.774e-05 2.7745e-05 2.7745e-05 2.7751e-05 2.773e-05 2.7727e-05 2.7766e-05 2.7743e-05 2.7728e-05 2.7713e-05 2.7708e-05 2.7723e-05 2.7721e-05 2.7709e-05 2.7692e-05 2.7684e-05 2.7677e-05 2.7665e-05 2.7663e-05 2.7653e-05 2.7624e-05 2.761e-05 2.7593e-05 2.7592e-05 2.7566e-05 2.7563e-05 2.7536e-05 2.7527e-05 2.753e-05 2.7527e-05 2.7513e-05 2.7497e-05 2.7478e-05 2.7477e-05 2.7456e-05 2.7476e-05 2.7393e-05 2.7387e-05 2.7377e-05 2.7374e-05 2.7376e-05 2.7392e-05 2.742e-05
2.733e-05 2.7376e-05 2.7463e-05 2.7506e-05 2.7451e-05 2.7348e-05 2.7385e-05 2.7524e-05 2.7515e-05 2.7367e-05 2.733e-05 2.733e-05 2.7318e-05 2.7333e-05 2.7337e-05 2.74e-05 2.7507e-05 2.7491e-05 2.7527e-05 2.7405e-05 2.748e-05 2.7439e-05 2.7286e-05 2.7182e-05 2.7341e-05 2.7405e-05 2.741e-05 2.736e-05 2.7385e-05 2.739e-05 2.7394e-05 2.7392e-05 2.7374e-05 2.7407e-05 2.7522e-05 2.7414e-05 2.7449e-05 2.7419e-05 2.7431e-05 2.7444e-05 2.7385e-05 2.7396e-05 2.7426e-05 2.7425e-05 2.7396e-05 2.7368e-05 2.7355e-05 2.7342e-05 2.7328e-05 2.7319e-05 2.7312e-05 2.7299e-05 2.7348e-05 2.7277e-05 2.7267e-05 2.7251e-05 2.7243e-05 2.7244e-05 2.7244e-05 2.7243e-05 2.7231e-05 2.7473e-05 2.7463e-05 2.7321e-05 2.7274e-05 2.7284e-05 2.7287e-05 2.7276e-05 2.7303e-05 2.7304e-05 2.7283e-05 2.7275e-05 2.7276e-05 2.7274e-05 2.7291e-05 2.7288e-05 2.7298e-05 2.7295e-05 2.7283e-05 2.7292e-05 2.7312e-05 2.735e-05 2.7357e-05 2.7368e-05 2.7372e-05 2.7394e-05 2.7439e-05 2.7446e-05 2.7419e-05 2.7438e-05 2.7434e-05 2.7452e-05 2.7479e-05 2.7512e-05 2.7518e-05 2.7506e-05 2.7506e-05 2.7514e-05 2.753e-05 2.7544e-05 2.755e-05 2.7552e-05 2.7568e-05 2.7543e-05 2.7571e-05 2.7577e-05 2.7577e-05 2.7583e-05 2.7585e-05 2.7588e-05 2.7589e-05 2.7596e-05 2.761e-05 2.7631e-05 2.763e-05 2.7633e-05 2.7616e-05 2.7643e-05 2.764e-05 2.767e-05 2.7657e-05 2.7646e-05 2.7641e-05 2.7638e-05 2.7641e-05 2.7636e-05 2.7648e-05 2.7655e-05 2.7667e-05 2.7683e-05 2.7671e-05 2.7689e-05 2.7701e-05 2.7723e-05 2.7812e-05 2.7742e-05 2.7711e-05 2.7707e-05 2.7698e-05 2.7705e-05 2.772e-05 2.7717e-05 2.7716e-05 2.7718e-05 2.7714e-05 2.7722e-05 2.7703e-05 2.7716e-05 2.7706e-05 2.7722e-05 2.7699e-05 2.7682e-05 2.7685e-05 2.767e-05 2.7654e-05 2.7647e-05 2.7635e-05 2.7628e-05 2.764e-05 2.7615e-05 2.7606e-05 2.7583e-05 2.7552e-05 2.7533e-05 2.7526e-05 2.7524e-05 2.7508e-05 2.748e-05 2.7478e-05 2.7491e-05 2.7463e-05 2.7486e-05 2.7467e-05 2.744e-05 2.7449e-05 2.7377e-05 2.7339e-05 2.7348e-05 2.7377e-05 2.7351e-05
2.7434e-05 2.7478e-05 2.7478e-05 2.7441e-05 2.7432e-05 2.7449e-05 2.7464e-05 2.7466e-05 2.7454e-05 2.746e-05 2.7455e-05 2.7512e-05 2.7423e-05 2.7441e-05 2.7429e-05 2.7399e-05 2.74e-05 2.7385e-05 2.7384e-05 2.7404e-05 2.7412e-05 2.7371e-05 2.7379e-05 2.7368e-05 2.7351e-05 2.7336e-05 2.7366e-05 2.7446e-05 2.7421e-05 2.746e-05 2.744e-05 2.7425e-05 2.7413e-05 2.7409e-05 2.7424e-05 2.7402e-05 2.7417e-05 2.7382e-05 2.7388e-05 2.7392e-05 2.7386e-05 2.7376e-05 2.7377e-05 2.7394e-05 2.7415e-05 2.7407e-05 2.7394e-05 2.738e-05 2.737e-05 2.7342e-05 2.7317e-05 2.7331e-05 2.7318e-05 2.7305e-05 2.729e-05 2.7286e-05 2.7301e-05 2.7281e-05 2.7257e-05 2.726e-05 2.7244e-05 2.7235e-05 2.7241e-05 2.7234e-05 2.7253e-05 2.7253e-05 2.7229e-05 2.7248e-05 2.7283e-05 2.7303e-05 2.7324e-05 2.7336e-05 2.7363e-05 2.7353e-05 2.735e-05 2.7408e-05 2.7423e-05 2.7409e-05 2.7373e-05 2.7368e-05 2.7407e-05 2.7388e-05 2.7446e-05 2.7611e-05 2.7513e-05 2.7404e-05 2.7797e-05 2.7729e-05 2.7501e-05 2.7931e-05 2.7788e-05 2.7613e-05 2.772e-05 2.7852e-05 2.7662e-05 2.7904e-05 2.786e-05 2.7637e-05 2.7728e-05 2.7845e-05 2.7807e-05 2.7775e-05 2.7731e-05 2.76e-05 2.7587e-05 2.7612e-05 2.7596e-05 2.7592e-05 2.7586e-05 2.7594e-05 2.7598e-05 2.7601e-05 2.7605e-05 2.7609e-05 2.7626e-05 2.7619e-05 2.7626e-05 2.7628e-05 2.7635e-05 2.7702e-05 2.7523e-05 2.7708e-05 2.7649e-05 2.7658e-05 2.7665e-05 2.7653e-05 2.7663e-05 2.7672e-05 2.7668e-05 2.7666e-05 2.7664e-05 2.7661e-05 2.7669e-05 2.7665e-05 2.7667e-05 2.7666e-05 2.766e-05 2.766e-05 2.7676e-05 2.7669e-05 2.7678e-05 2.7691e-05 2.7712e-05 2.7705e-05 2.7702e-05 2.7728e-05 2.7756e-05 2.7751e-05 2.7733e-05 2.7714e-05 2.7703e-05 2.7714e-05 2.7684e-05 2.7666e-05 2.7666e-05 2.7639e-05 2.7648e-05 2.7625e-05 2.763e-05 2.7626e-05 2.7612e-05 2.7587e-05 2.7577e-05 2.755e-05 2.7544e-05 2.7524e-05 2.7534e-05 2.7536e-05 2.7521e-05 2.7478e-05 2.748e-05 2.747e-05 2.7467e-05 2.745e-05 2.7442e-05 2.7461e-05 2.7464e-05 2.7415e-05 2.7414e-05 2.7423e-05
2.7742e-05 2.7737e-05 2.7727e-05 2.7708e-05 2.7727e-05 2.7725e-05 2.7716e-05 2.772e-05 2.7716e-05 2.7709e-05 2.77e-05 2.7693e-05 2.7684e-05 2.7676e-05 2.7664e-05 2.7656e-05 2.7654e-05 2.7644e-05 2.7644e-05 2.7635e-05 2.7631e-05 2.7623e-05 2.7614e-05 2.7599e-05 2.7588e-05 2.7565e-05 2.7535e-05 2.7501e-05 2.7502e-05 2.7476e-05 2.7445e-05 2.7478e-05 2.7473e-05 2.7411e-05 2.7582e-05 2.7583e-05 2.7646e-05 2.7555e-05 2.7754e-05 2.7711e-05 2.7639e-05 2.7603e-05 2.7453e-05 2.7451e-05 2.7443e-05 2.7418e-05 2.7392e-05 2.7405e-05 2.747e-05 2.7486e-05 2.766e-05 2.7674e-05 2.7737e-05 2.7669e-05 2.7499e-05 2.7628e-05 2.7659e-05 2.7665e-05 2.7663e-05 2.7625e-05 2.7414e-05 2.7478e-05 2.7455e-05 2.7455e-05 2.7429e-05 2.7407e-05 2.7375e-05 2.7497e-05 2.7553e-05 2.7648e-05 2.7644e-05 2.7641e-05 2.7798e-05 2.7718e-05 2.7785e-05 2.7881e-05 2.7947e-05 2.7886e-05 2.7963e-05 2.8029e-05 2.8045e-05 2.8134e-05 2.8119e-05 2.817e-05 2.8171e-05 2.8151e-05 2.8222e-05 2.823e-05 2.8224e-05 2.8255e-05 2.8232e-05 2.8196e-05 2.8281e-05 2.8281e-05 2.8197e-05 2.8259e-05 2.8253e-05 2.8309e-05 2.8309e-05 2.8297e-05 2.8196e-05 2.8162e-05 2.817e-05 2.8168e-05 2.8168e-05 2.8144e-05 2.8236e-05 2.8003e-05 2.7961e-05 2.7733e-05 2.7749e-05 2.7945e-05 2.7862e-05 2.7661e-05 2.7768e-05 2.7739e-05 2.7831e-05 2.7788e-05 2.7703e-05 2.7888e-05 2.7873e-05 2.7901e-05 2.7872e-05 2.7859e-05 2.7775e-05 2.7664e-05 2.7827e-05 2.7797e-05 2.7797e-05 2.7802e-05 2.7776e-05 2.7785e-05 2.7784e-05 2.7774e-05 2.7767e-05 2.7759e-05 2.773e-05 2.7697e-05 2.7665e-05 2.7664e-05 2.7662e-05 2.7663e-05 2.7662e-05 2.7673e-05 2.7664e-05 2.7683e-05 2.7679e-05 2.767e-05 2.7665e-05 2.7645e-05 2.7645e-05 2.7634e-05 2.763e-05 2.7623e-05 2.7625e-05 2.7629e-05 2.7628e-05 2.7615e-05 2.7611e-05 2.7625e-05 2.7621e-05 2.7613e-05 2.7602e-05 2.7601e-05 2.7601e-05 2.7603e-05 2.7612e-05 2.7621e-05 2.7625e-05 2.7652e-05 2.768e-05 2.7674e-05 2.7678e-05 2.7682e-05 2.7686e-05 2.7703e-05 2.772e-05 2.7736e-05 2.7737e-05 2.7741e-05
2.7865e-05 2.7864e-05 2.7863e-05 2.7864e-05 2.7863e-05 2.7866e-05 2.7862e-05 2.7858e-05 2.7854e-05 2.7848e-05 2.784e-05 2.7829e-05 2.7825e-05 2.7816e-05 2.781e-05 2.7795e-05 2.7781e-05 2.7779e-05 2.7754e-05 2.7754e-05 2.7741e-05 2.7737e-05 2.7737e-05 2.7739e-05 2.7742e-05 2.776e-05 2.7711e-05 2.7723e-05 2.7743e-05 2.7928e-05 2.7973e-05 2.8031e-05 2.7946e-05 2.7911e-05 2.8032e-05 2.7971e-05 2.8047e-05 2.8036e-05 2.8037e-05 2.8069e-05 2.8109e-05 2.807e-05 2.8138e-05 2.8177e-05 2.8173e-05 2.8118e-05 2.8127e-05 2.8143e-05 2.8118e-05 2.8091e-05 2.8042e-05 2.7994e-05 2.7919e-05 2.7891e-05 2.8017e-05 2.7983e-05 2.8046e-05 2.809e-05 2.8096e-05 2.8052e-05 2.8088e-05 2.7872e-05 2.7894e-05 2.7635e-05 2.758e-05 2.7517e-05 2.7465e-05 2.743e-05 2.7437e-05 2.755e-05 2.7643e-05 2.7755e-05 2.7849e-05 2.7916e-05 2.7949e-05 2.8012e-05 2.8048e-05 2.8086e-05 2.8114e-05 2.8131e-05 2.8147e-05 2.817e-05 2.8185e-05 2.8199e-05 2.822e-05 2.824e-05 2.825e-05 2.8265e-05 2.8274e-05 2.8274e-05 2.8275e-05 2.8278e-05 2.8281e-05 2.8289e-05 2.8299e-05 2.8308e-05 2.8317e-05 2.8324e-05 2.8328e-05 2.8334e-05 2.8338e-05 2.8347e-05 2.8354e-05 2.836e-05 2.8366e-05 2.837e-05 2.8372e-05 2.8376e-05 2.8371e-05 2.8341e-05 2.8296e-05 2.8238e-05 2.8248e-05 2.8227e-05 2.8275e-05 2.8233e-05 2.8172e-05 2.8152e-05 2.8185e-05 2.822e-05 2.824e-05 2.8229e-05 2.8148e-05 2.8203e-05 2.818e-05 2.8222e-05 2.8189e-05 2.8175e-05 2.8203e-05 2.8183e-05 2.8232e-05 2.822e-05 2.818e-05 2.8121e-05 2.8147e-05 2.8159e-05 2.8142e-05 2.819e-05 2.8162e-05 2.8155e-05 2.8109e-05 2.8013e-05 2.7988e-05 2.7946e-05 2.7804e-05 2.7817e-05 2.7721e-05 2.766e-05 2.7649e-05 2.7661e-05 2.7671e-05 2.7677e-05 2.7677e-05 2.7675e-05 2.7657e-05 2.7649e-05 2.7656e-05 2.7659e-05 2.7683e-05 2.7693e-05 2.7701e-05 2.7704e-05 2.7714e-05 2.7724e-05 2.7734e-05 2.7745e-05 2.7757e-05 2.7768e-05 2.7775e-05 2.7781e-05 2.7793e-05 2.7796e-05 2.7808e-05 2.7815e-05 2.782e-05 2.7827e-05 2.7842e-05 2.7853e-05 2.786e-05 2.7862e-05
2.7793e-05 2.7836e-05 2.7797e-05 2.7751e-05 2.7727e-05 2.7651e-05 2.8061e-05 2.8098e-05 2.803e-05 2.7973e-05 2.8133e-05 2.8031e-05 2.8094e-05 2.8119e-05 2.81e-05 2.8029e-05 2.8228e-05 2.8286e-05 2.8297e-05 2.8293e-05 2.8292e-05 2.8221e-05 2.8074e-05 2.8161e-05 2.8166e-05 2.8122e-05 2.8005e-05 2.8095e-05 2.8118e-05 2.8037e-05 2.8076e-05 2.8335e-05 2.8316e-05 2.8226e-05 2.8312e-05 2.8339e-05 2.8342e-05 2.8344e-05 2.8338e-05 2.8328e-05 2.8333e-05 2.8298e-05 2.8321e-05 2.8342e-05 2.8332e-05 2.835e-05 2.8366e-05 2.8363e-05 2.8363e-05 2.8328e-05 2.8326e-05 2.8336e-05 2.8317e-05 2.8254e-05 2.8261e-05 2.8294e-05 2.8289e-05 2.828e-05 2.8262e-05 2.8243e-05 2.8234e-05 2.8253e-05 2.8212e-05 2.8241e-05 2.8253e-05 2.8254e-05 2.8175e-05 2.8172e-05 2.8067e-05 2.8008e-05 2.7966e-05 2.7865e-05 2.7933e-05 2.794e-05 2.7954e-05 2.7916e-05 2.7866e-05 2.7809e-05 2.7785e-05 2.7776e-05 2.7748e-05 2.7733e-05 2.7851e-05 2.797e-05 2.81e-05 2.8117e-05 2.8097e-05 2.8073e-05 2.8039e-05 2.7963e-05 2.7836e-05 2.785e-05 2.8212e-05 2.8272e-05 2.8277e-05 2.8256e-05 2.8274e-05 2.8289e-05 2.832e-05 2.8337e-05 2.8345e-05 2.8325e-05 2.835e-05 2.8362e-05 2.8369e-05 2.8375e-05 2.8381e-05 2.8385e-05 2.8388e-05 2.8393e-05 2.8396e-05 2.8395e-05 2.8393e-05 2.8391e-05 2.8389e-05 2.8384e-05 2.838e-05 2.8377e-05 2.8375e-05 2.8377e-05 2.8372e-05 2.8365e-05 2.8363e-05 2.8368e-05 2.837e-05 2.837e-05 2.8371e-05 2.837e-05 2.8368e-05 2.8372e-05 2.837e-05 2.8372e-05 2.8373e-05 2.8369e-05 2.8362e-05 2.8362e-05 2.8342e-05 2.8344e-05 2.8349e-05 2.8302e-05 2.8355e-05 2.8354e-05 2.8355e-05 2.8265e-05 2.8254e-05 2.8241e-05 2.8205e-05 2.8108e-05 2.8201e-05 2.8262e-05 2.8221e-05 2.8264e-05 2.8166e-05 2.8142e-05 2.8076e-05 2.8006e-05 2.814e-05 2.8075e-05 2.8023e-05 2.7993e-05 2.8006e-05 2.809e-05 2.8048e-05 2.7914e-05 2.7964e-05 2.795e-05 2.7878e-05 2.7749e-05 2.7819e-05 2.7723e-05 2.7805e-05 2.787e-05 2.7914e-05 2.7963e-05 2.791e-05 2.7841e-05 2.7798e-05 2.7898e-05 2.7891e-05 2.7873e-05
2.8424e-05 2.8402e-05 2.8412e-05 2.8406e-05 2.8392e-05 2.8406e-05 2.8404e-05 2.8409e-05 2.8437e-05 2.8443e-05 2.8442e-05 2.844e-05 2.8432e-05 2.8426e-05 2.8436e-05 2.8448e-05 2.8449e-05 2.8447e-05 2.845e-05 2.8451e-05 2.8447e-05 2.8434e-05 2.8434e-05 2.8463e-05 2.8462e-05 2.8463e-05 2.8456e-05 2.8453e-05 2.8449e-05 2.8447e-05 2.8444e-05 2.8457e-05 2.8466e-05 2.8459e-05 2.8465e-05 2.8476e-05 2.8481e-05 2.8481e-05 2.8482e-05 2.8482e-05 2.8475e-05 2.8478e-05 2.8469e-05 2.8471e-05 2.8477e-05 2.8486e-05 2.8487e-05 2.8488e-05 2.8486e-05 2.8482e-05 2.8482e-05 2.8482e-05 2.8481e-05 2.8479e-05 2.847e-05 2.8456e-05 2.8455e-05 2.8447e-05 2.8441e-05 2.8441e-05 2.8449e-05 2.8456e-05 2.8457e-05 2.846e-05 2.8462e-05 2.8462e-05 2.8464e-05 2.8462e-05 2.8459e-05 2.8454e-05 2.8422e-05 2.8362e-05 2.8351e-05 2.837e-05 2.8374e-05 2.8389e-05 2.8367e-05 2.8386e-05 2.8392e-05 2.8375e-05 2.8399e-05 2.8411e-05 2.8415e-05 2.8415e-05 2.8404e-05 2.8417e-05 2.8408e-05 2.8382e-05 2.8404e-05 2.8388e-05 2.8419e-05 2.843e-05 2.8422e-05 2.8435e-05 2.8447e-05 2.8448e-05 2.8443e-05 2.8445e-05 2.8436e-05 2.8439e-05 2.8448e-05 2.8459e-05 2.8458e-05 2.8449e-05 2.8448e-05 2.8463e-05 2.8465e-05 2.8468e-05 2.8472e-05 2.8474e-05 2.8475e-05 2.8471e-05 2.8475e-05 2.8474e-05 2.8473e-05 2.847e-05 2.8469e-05 2.8465e-05 2.8468e-05 2.8448e-05 2.8473e-05 2.847e-05 2.8466e-05 2.846e-05 2.8444e-05 2.8434e-05 2.8459e-05 2.846e-05 2.8451e-05 2.8451e-05 2.8441e-05 2.8455e-05 2.8471e-05 2.8471e-05 2.8471e-05 2.8472e-05 2.8472e-05 2.8467e-05 2.8456e-05 2.8455e-05 2.8454e-05 2.8451e-05 2.8448e-05 2.8453e-05 2.8445e-05 2.8445e-05 2.8443e-05 2.845e-05 2.8459e-05 2.8469e-05 2.846e-05 2.8468e-05 2.8455e-05 2.8461e-05 2.8473e-05 2.8472e-05 2.8469e-05 2.8431e-05 2.8448e-05 2.8434e-05 2.8451e-05 2.8416e-05 2.8416e-05 2.8396e-05 2.8398e-05 2.8393e-05 2.8408e-05 2.8416e-05 2.8412e-05 2.8409e-05 2.8414e-05 2.8398e-05 2.8386e-05 2.8389e-05 2.8386e-05 2.8382e-05 2.8399e-05 2.839e-05 2.8374e-05 2.8403e-05
2.8496e-05 2.8497e-05 2.8496e-05 2.8495e-05 2.8495e-05 2.8499e-05 2.8499e-05 2.85e-05 2.85e-05 2.85e-05 2.85e-05 2.85e-05 2.85e-05 2.85e-05 2.85e-05 2.85e-05 2.85e-05 2.85e-05 2.85e-05 2.85e-05 2.85e-05 2.85e-05 2.85e-05 2.85e-05 2.85e-05 2.85e-05 2.85e-05 2.85e-05 2.85e-05 2.85e-05 2.8499e-05 2.8499e-05 2.8499e-05 2.8499e-05 2.8499e-05 2.8498e-05 2.8498e-05 2.8498e-05 2.8498e-05 2.8498e-05 2.8498e-05 2.8498e-05 2.8497e-05 2.8497e-05 2.8497e-05 2.8497e-05 2.8497e-05 2.8497e-05 2.8497e-05 2.8498e-05 2.8498e-05 2.8498e-05 2.8499e-05 2.8499e-05 2.8499e-05 2.85e-05 2.85e-05 2.85e-05 2.85e-05 2.85e-05 2.85e-05 2.85e-05 2.85e-05 2.85e-05 2.85e-05 2.85e-05 2.85e-05 2.85e-05 2.85e-05 2.85e-05 2.8499e-05 2.8499e-05 2.8499e-05 2.8499e-05 2.8498e-05 2.8498e-05 2.8498e-05 2.8497e-05 2.8497e-05 2.8496e-05 2.8496e-05 2.8497e-05 2.8497e-05 2.8496e-05 2.8497e-05 2.8496e-05 2.8496e-05 2.8496e-05 2.8496e-05 2.8496e-05 2.8496e-05 2.8495e-05 2.8493e-05 2.8494e-05 2.8495e-05 2.8497e-05 2.8497e-05 2.8496e-05 2.8493e-05 2.8492e-05 2.8494e-05 2.8497e-05 2.8497e-05 2.8497e-05 2.8498e-05 2.8498e-05 2.8498e-05 2.8499e-05 2.8499e-05 2.8499e-05 2.8499e-05 2.8499e-05 2.85e-05 2.85e-05 2.85e-05 2.85e-05 2.85e-05 2.85e-05 2.85e-05 2.85e-05 2.85e-05 2.85e-05 2.85e-05 2.85e-05 2.85e-05 2.85e-05 2.85e-05 2.85e-05 2.85e-05 2.85e-05 2.85e-05 2.85e-05 2.85e-05 2.85e-05 2.85e-05 2.85e-05 2.85e-05 2.8499e-05 2.8499e-05 2.8499e-05 2.8499e-05 2.8499e-05 2.8499e-05 2.8499e-05 2.8499e-05 2.8498e-05 2.8499e-05 2.8499e-05 2.8499e-05 2.8499e-05 2.8499e-05 2.8499e-05 2.85e-05 2.85e-05 2.85e-05 2.85e-05 2.85e-05 2.85e-05 2.85e-05 2.85e-05 2.85e-05 2.85e-05 2.85e-05 2.85e-05 2.85e-05 2.85e-05 2.85e-05 2.85e-05 2.85e-05 2.85e-05 2.85e-05 2.85e-05 2.8499e-05 2.8499e-05 2.8499e-05 2.8499e-05 2.8498e-05 2.8498e-05 2.8498e-05 2.8497e-05
