0.0051703 0.0051835 0.0051976 0.005202 0.0052018 0.0051993 0.0051981 0.0052024 0.005212 0.0052228 0.0052653 0.0052808 0.0052728 0.0052893 0.005347 0.0053773 0.0053906 0.0054113 0.0054167 0.0053829 0.0053644 0.0054084 0.005414 0.0054011 0.0053841 0.0053772 0.0053593 0.0053637 0.0053898 0.0053798 0.0054069 0.0054409 0.0054231 0.0054021 0.0054333 0.0054103 0.0053843 0.0053655 0.0053404 0.0053223 0.005308 0.005287 0.0052702 0.0052634 0.0052577 0.0052583 0.0052559 0.0052585 0.0052563 0.005252 0.0052452 0.0052439 0.0052358 0.005233 0.0052328 0.0052322 0.0052119 0.0052049 0.0051988 0.0051995 0.0051947 0.0051897 0.0051896 0.0051803 0.0051847 0.005193 0.0051959 0.0051625 0.0051487 0.0051522 0.0051373 0.0051351 0.0051347 0.0051359 0.0051253 0.0051185 0.0051152 0.0051126 0.0051088 0.0051102 0.0051062 0.0051119 0.0051129 0.0051088 0.0051139 0.0051161 0.005115 0.0051131 0.005112 0.0051137 0.005117 0.0051248 0.0051279 0.005129 0.0051302 0.0051327 0.0051306 0.0051335 0.0051362 0.0051358 0.0051301 0.0051292 0.0051267 0.0051257 0.0051293 0.0051309 0.0051326 0.0051354 0.0051373 0.0051386 0.0051411 0.0051366 0.0051286 0.0051344 0.0051469 0.0051553 0.005152 0.0051514 0.0051538 0.005159 0.0051638 0.0051667 0.0051693 0.005176 0.0051851 0.0051935 0.0051939 0.0052009 0.0052081 0.0052124 0.0052164 0.005219 0.005222 0.0052256 0.0052279 0.0052349 0.0052361 0.0052358 0.0052352 0.0052374 0.0052244 0.0052266 0.0052207 0.0052113 0.0052161 0.0052152 0.0052127 0.0052053 0.0051958 0.0051881 0.0051866 0.0051827 0.0051822 0.0051714 0.005165 0.0051611 0.0051578 0.0051534 0.0051518 0.0051541 0.0051524 0.0051503 0.0051483 0.0051428 0.0051416 0.0051392 0.0051417 0.0051442 0.0051463 0.0051486 0.0051525 0.0051571 0.0051581 0.00516 0.0051608 0.0051647 0.0051667 0.0051675 0.0051679 0.0051707
0.0057187 0.0057461 0.0057588 0.0058014 0.0057914 0.0058113 0.0057788 0.0057744 0.0057662 0.0057377 0.0057362 0.0057327 0.0057007 0.005664 0.0056471 0.0056424 0.0056487 0.0056518 0.0056502 0.0056368 0.0056354 0.0056503 0.0056913 0.0057036 0.0056955 0.0056783 0.0056793 0.0056471 0.0056714 0.0056218 0.0056971 0.0057035 0.0056541 0.0056494 0.0056472 0.0056483 0.0056391 0.0056272 0.005634 0.0056284 0.0056133 0.0056278 0.0056163 0.0056089 0.0055987 0.0055929 0.0055912 0.0055717 0.005558 0.0055417 0.0054996 0.0055459 0.0054896 0.0054117 0.0054201 0.0054027 0.0053692 0.0053338 0.0053164 0.0053092 0.0053565 0.005221 0.0052417 0.0051737 0.0051549 0.0051497 0.0051344 0.0051247 0.0051181 0.0051119 0.0050982 0.005089 0.0051052 0.0051001 0.005033 0.0050195 0.0050015 0.0049787 0.004971 0.0050117 0.0049385 0.0048944 0.0048914 0.0048695 0.0048631 0.0048645 0.0048705 0.0048771 0.0048852 0.0048914 0.0049 0.0049022 0.0049057 0.0049052 0.004907 0.0050064 0.0049817 0.0050265 0.0049926 0.0050444 0.0050435 0.0050443 0.0050664 0.0050695 0.0050797 0.0051019 0.005118 0.005159 0.005183 0.0051978 0.0051589 0.0051562 0.0051659 0.0051723 0.0051778 0.0051766 0.0051904 0.0052001 0.0052193 0.0052203 0.0052389 0.0052545 0.0052573 0.0052712 0.0052917 0.0052877 0.0052912 0.0053113 0.005332 0.0053263 0.0053457 0.0053487 0.0053537 0.0053711 0.0054082 0.0054467 0.0054731 0.0055162 0.005495 0.0054427 0.0054011 0.0053893 0.0053815 0.0053735 0.005361 0.0053632 0.0053477 0.0052765 0.0052673 0.0052627 0.0052626 0.0052669 0.0052783 0.0052769 0.0052745 0.0052768 0.0052942 0.0053243 0.0053492 0.005347 0.005369 0.0053882 0.0054135 0.0054232 0.0054576 0.0054846 0.0055154 0.0055313 0.0055758 0.0055896 0.0056459 0.0056471 0.0056534 0.0056495 0.0056766 0.0056391 0.0055558 0.0055944 0.0057137 0.0057827
0.0055318 0.0055367 0.0055449 0.0055476 0.0055509 0.0055495 0.0055549 0.0055685 0.0055686 0.0055668 0.0055668 0.005568 0.0055738 0.0055965 0.0055768 0.0055565 0.0055597 0.0055942 0.0055908 0.0055916 0.0055925 0.0055968 0.0056057 0.0056089 0.0056039 0.0056048 0.005617 0.0056487 0.0056684 0.0057131 0.0058228 0.0058326 0.0058255 0.0058249 0.0058389 0.0057875 0.005857 0.0058197 0.0058005 0.0057797 0.0058539 0.0059472 0.0059301 0.0059362 0.0058626 0.0058502 0.0058153 0.0057813 0.0057524 0.0057224 0.0057319 0.0056938 0.005688 0.0056773 0.0057565 0.0057833 0.005694 0.0056382 0.0056529 0.0057692 0.0057141 0.0054421 0.0054068 0.0054197 0.0054566 0.0054829 0.0054363 0.0054618 0.0054547 0.0053384 0.0053789 0.0053471 0.005265 0.0052423 0.0052561 0.0051877 0.0052736 0.0053462 0.0054256 0.0053294 0.0052854 0.0052656 0.0052847 0.0052893 0.0053201 0.0052809 0.0052623 0.0052244 0.0052215 0.0052517 0.0052156 0.0052194 0.0052472 0.0052385 0.0052372 0.0052408 0.0052459 0.005259 0.0052692 0.0052968 0.0052881 0.0053208 0.0054034 0.0054884 0.0054651 0.0054519 0.0054441 0.0054487 0.0054381 0.0054558 0.0054831 0.0055002 0.0055138 0.0055346 0.0054681 0.0054864 0.0055205 0.0055278 0.005506 0.0054804 0.0054769 0.0054877 0.0054987 0.0055269 0.005559 0.005585 0.0055856 0.0055654 0.005566 0.0055491 0.0055353 0.0055253 0.005513 0.0055165 0.0055252 0.0055552 0.005727 0.0061071 0.0062524 0.006158 0.0059329 0.0058381 0.0058012 0.005813 0.0056683 0.0055971 0.0055658 0.0055311 0.0055471 0.0055671 0.005532 0.0055405 0.0055567 0.0056008 0.0056519 0.0056689 0.0056777 0.0056841 0.0056726 0.0056723 0.0056679 0.0056186 0.005575 0.0055529 0.005544 0.0055727 0.0055946 0.0056195 0.0056611 0.0057195 0.0056419 0.00566 0.0056483 0.0056333 0.0056107 0.005596 0.0055827 0.0055785 0.0055445 0.0055313
0.0055648 0.0055719 0.0055781 0.0055836 0.0055856 0.0055872 0.0055919 0.005597 0.0056035 0.0056096 0.0056163 0.0056247 0.0056343 0.0056413 0.0056377 0.0056399 0.0056461 0.0056574 0.005668 0.005676 0.0056848 0.0056957 0.0057065 0.0057191 0.0057339 0.0057525 0.0057674 0.0057869 0.0058215 0.0058628 0.0058394 0.005788 0.0057795 0.0057599 0.0057955 0.0058325 0.0058279 0.005814 0.0058347 0.005854 0.0057725 0.0057735 0.0057798 0.0057829 0.0057907 0.0058003 0.0057911 0.0059627 0.0059991 0.0060241 0.0059906 0.0059949 0.0059671 0.0059668 0.0059755 0.0059607 0.0059407 0.0060422 0.0060724 0.0060716 0.0059053 0.0060231 0.0059893 0.0059478 0.0060686 0.005961 0.0059668 0.0059566 0.0061025 0.0059759 0.0060845 0.006176 0.0062454 0.0062493 0.0061848 0.0061241 0.0061375 0.0061313 0.0061282 0.0061686 0.0061584 0.006144 0.006084 0.0060972 0.0061058 0.0060744 0.0060499 0.0060423 0.0060618 0.0060557 0.0059561 0.0059503 0.005985 0.0061268 0.0059579 0.005929 0.005894 0.0058774 0.0058866 0.0058396 0.0059115 0.0057367 0.0057895 0.0057041 0.0058358 0.0059182 0.0059381 0.0058558 0.0058171 0.0058273 0.0058435 0.005889 0.0059757 0.0060055 0.0060367 0.006033 0.0058832 0.0058894 0.0058664 0.0058624 0.005838 0.0058383 0.0057316 0.005706 0.0057271 0.0057467 0.0057457 0.0057006 0.0056982 0.005745 0.0057222 0.005726 0.0057799 0.0057851 0.0058516 0.0060531 0.006352 0.0063174 0.0063277 0.0063189 0.0063259 0.0058955 0.0058576 0.0058763 0.0058646 0.0059092 0.0058957 0.0058692 0.0058605 0.0058592 0.0058404 0.0058014 0.0057667 0.0057497 0.0057342 0.0056879 0.0056677 0.0056819 0.0057795 0.0058986 0.0060669 0.0061713 0.0060324 0.0058414 0.0055955 0.0055963 0.0055068 0.0054855 0.0054784 0.0054745 0.0055057 0.0055699 0.0057321 0.0057291 0.005638 0.0055749 0.0055493 0.0055403 0.005547 0.0055567
0.0056634 0.0056857 0.0056866 0.0057329 0.005653 0.0056753 0.0056895 0.0057047 0.0057213 0.0057401 0.0057591 0.0057829 0.0058372 0.0058498 0.0057798 0.0057755 0.0057864 0.0058019 0.0058217 0.0058395 0.0058561 0.0058712 0.0058774 0.0058909 0.0059036 0.0059214 0.0059446 0.0059554 0.0059641 0.0059761 0.0059916 0.006048 0.0060351 0.0060446 0.0060856 0.0060685 0.0059912 0.0060056 0.005996 0.0060048 0.0060704 0.0060156 0.0059062 0.0059256 0.0058702 0.0058239 0.0058457 0.005903 0.0059213 0.0058817 0.0059336 0.0058996 0.0059781 0.0062974 0.0061938 0.0062666 0.0063666 0.0061713 0.0063491 0.0063061 0.0061771 0.0062232 0.0062505 0.0062361 0.0062362 0.0062156 0.0062367 0.0062405 0.0062089 0.006174 0.0062155 0.0061516 0.0060832 0.0060927 0.0061022 0.0061091 0.0060871 0.0060879 0.0060782 0.00609 0.0062651 0.0060566 0.0059961 0.0059787 0.0059697 0.0059777 0.0059726 0.0059767 0.0059671 0.0059637 0.0059584 0.0059667 0.0059297 0.0058679 0.0058023 0.0057074 0.0055133 0.0053158 0.0055505 0.0055927 0.0057367 0.0058462 0.0058278 0.0058678 0.0059718 0.0060445 0.0060959 0.0061845 0.0061706 0.0061261 0.0060452 0.0061602 0.0062032 0.0062538 0.0062491 0.0062815 0.0062938 0.0063286 0.0063185 0.0063167 0.0063073 0.0063255 0.0063002 0.0062704 0.0062646 0.0062934 0.0061228 0.0061367 0.0061652 0.006194 0.0062182 0.0063108 0.0063351 0.0063748 0.0063917 0.0063815 0.0063681 0.0061202 0.0058186 0.005752 0.0057371 0.0057244 0.0057191 0.0057777 0.0058071 0.0058136 0.0057931 0.0058446 0.0058771 0.0059071 0.0059532 0.0059848 0.0060271 0.0059453 0.0059858 0.0060675 0.0061224 0.0060047 0.0059519 0.0059681 0.0061509 0.0060869 0.0059691 0.0059659 0.0060175 0.0060033 0.0061498 0.0059235 0.0056743 0.0055715 0.0055732 0.00562 0.0056714 0.0057535 0.0058588 0.0056391 0.0056767 0.0056771 0.0056165 0.0056353
0.0057711 0.0057872 0.0057908 0.0058274 0.0058217 0.0058083 0.0058095 0.0058224 0.0058288 0.0058939 0.0058489 0.0058786 0.005898 0.0059072 0.0059357 0.0059777 0.0059385 0.0060174 0.0059117 0.0060052 0.0059634 0.0059759 0.0059667 0.0061379 0.0063021 0.0059261 0.0060855 0.0062748 0.0061864 0.0062245 0.0061983 0.0061999 0.0061894 0.0061964 0.0062145 0.0062237 0.0062245 0.0062187 0.006181 0.0061668 0.0061701 0.0060856 0.0063179 0.0063608 0.0059989 0.0060644 0.006059 0.0060111 0.0059942 0.0061143 0.0062179 0.0060759 0.0063584 0.0062696 0.0062964 0.0063803 0.006487 0.006003 0.0062454 0.0060546 0.0063293 0.0062345 0.0060018 0.006165 0.0061691 0.0062893 0.0063038 0.0062762 0.0062654 0.0062503 0.0062326 0.0062426 0.0062341 0.0062383 0.0062274 0.0062139 0.0062243 0.0062414 0.0062259 0.0061446 0.0061813 0.0062456 0.0061389 0.0061251 0.0061341 0.0062172 0.0060869 0.0061541 0.0060928 0.0061043 0.0061248 0.0060809 0.0060586 0.0059561 0.0056947 0.0056957 0.0055693 0.0057143 0.0058889 0.0059899 0.0059622 0.006056 0.0060732 0.0060995 0.0061277 0.0062114 0.0061431 0.0061893 0.0060955 0.0061982 0.0060374 0.0061465 0.0060842 0.0060846 0.0059595 0.0059245 0.0061887 0.0062558 0.006364 0.0063853 0.0064076 0.0064015 0.0064121 0.0064045 0.0064237 0.006409 0.0063916 0.0064133 0.0064043 0.0064222 0.0063954 0.0063874 0.0064233 0.0064144 0.0064161 0.0064176 0.0064468 0.0064535 0.0064238 0.0064233 0.0064219 0.0064404 0.0063083 0.0061539 0.0062319 0.0060267 0.0058525 0.0058545 0.0058565 0.0058225 0.0058433 0.0058793 0.0060252 0.0064782 0.006406 0.0060511 0.0059806 0.0061785 0.0057748 0.0057863 0.0059954 0.0058105 0.0057177 0.0056761 0.0056548 0.0056902 0.0056482 0.0057785 0.0056994 0.0056875 0.0056914 0.0057113 0.005755 0.0056625 0.0056367 0.0056748 0.0057077 0.0057411 0.0057425 0.0057478
0.0060372 0.0059449 0.0059169 0.0059074 0.0058781 0.0059709 0.0059562 0.0060762 0.006059 0.0060724 0.0060613 0.0060679 0.0061913 0.0061235 0.0061045 0.0061227 0.0061575 0.0061533 0.0062 0.0061532 0.0061315 0.0061499 0.006131 0.0061727 0.0061455 0.0061934 0.0062687 0.0062983 0.0062392 0.0062792 0.0062673 0.0062782 0.0062801 0.0062785 0.006277 0.006283 0.0062686 0.0062776 0.0062698 0.0062705 0.0062642 0.0062735 0.0062443 0.0061917 0.0061676 0.00609 0.0059137 0.0061629 0.005881 0.005971 0.0062603 0.0061783 0.006119 0.0059355 0.0059831 0.0060587 0.0061244 0.0061166 0.0061611 0.006144 0.0062509 0.0063215 0.0062555 0.0062781 0.0063505 0.0063607 0.0063494 0.0063641 0.006364 0.0063481 0.0063334 0.0063267 0.0063047 0.0063101 0.0062953 0.0062937 0.0062824 0.0062436 0.006166 0.0061746 0.0061486 0.0060971 0.0060752 0.0060217 0.006106 0.0061754 0.0061243 0.0061361 0.0060651 0.006108 0.0061138 0.0060929 0.0059719 0.0059187 0.0058755 0.005819 0.0056689 0.0055503 0.0059048 0.0063215 0.0064648 0.0065387 0.0065464 0.006073 0.0061679 0.0061188 0.0061312 0.0061982 0.0061012 0.0062196 0.0061218 0.0061084 0.0060838 0.0062501 0.0063883 0.006313 0.0061051 0.0060562 0.0059126 0.0058355 0.0058022 0.0056814 0.005639 0.0058125 0.006044 0.0062045 0.0063097 0.0063016 0.0062636 0.0061876 0.0059851 0.0062445 0.0063229 0.0060299 0.006234 0.0063157 0.0064332 0.0063934 0.0063008 0.0062649 0.0061313 0.0061378 0.0060662 0.0062437 0.0064634 0.006443 0.0063766 0.0063282 0.0060865 0.0060948 0.0061142 0.0058462 0.0060819 0.0061913 0.0061937 0.0059034 0.0057852 0.0058148 0.0057455 0.00576 0.0057923 0.0057406 0.0057383 0.0058208 0.0057803 0.0057649 0.0058072 0.005842 0.0058582 0.005851 0.0058191 0.0058509 0.0059239 0.0058173 0.0058248 0.0058452 0.0059126 0.005967 0.006 0.0059362
0.0061103 0.0061461 0.0060651 0.0061136 0.0060547 0.0060481 0.0060896 0.0063601 0.0061658 0.0061367 0.0064866 0.0066246 0.0062116 0.0062578 0.0062631 0.0063063 0.0062264 0.0062694 0.00627 0.0062051 0.0062065 0.0062952 0.0062946 0.0063544 0.0062984 0.0063264 0.0063442 0.0063541 0.0063434 0.0063312 0.0063325 0.0063249 0.0063394 0.0063257 0.0061721 0.0063003 0.0063024 0.0062957 0.0062852 0.0062832 0.0062623 0.0062434 0.0062464 0.0062495 0.0062649 0.0062856 0.0062551 0.0062227 0.0061545 0.0061143 0.0061585 0.005976 0.0059265 0.0060498 0.0062364 0.0062665 0.0062395 0.006364 0.0064219 0.0064344 0.0064476 0.0064399 0.0064192 0.0063989 0.0063867 0.0063839 0.0063705 0.0062908 0.0063657 0.0063236 0.0062663 0.0062106 0.0061979 0.0061382 0.0061178 0.0061444 0.0061115 0.0061752 0.0061134 0.0061217 0.006146 0.0061637 0.0061987 0.0061268 0.0062486 0.0061608 0.0061591 0.0062162 0.0061535 0.0061533 0.0061202 0.0060175 0.0059748 0.0060784 0.0061285 0.006136 0.0061383 0.0061412 0.0061655 0.0061194 0.0060623 0.0060995 0.0061012 0.0060825 0.0061878 0.0062077 0.0062097 0.0061553 0.0061423 0.0061029 0.006073 0.0060168 0.0058701 0.0059564 0.0059885 0.0058175 0.0059425 0.0058953 0.0058242 0.005876 0.0057981 0.0057768 0.0060083 0.0061212 0.0060642 0.0060967 0.0064731 0.0059256 0.0059876 0.0059911 0.0060322 0.0062142 0.0061723 0.0061201 0.0060977 0.0060342 0.006143 0.0058153 0.0057041 0.0055829 0.0055619 0.0057447 0.0065268 0.0064622 0.0065085 0.0060563 0.0062958 0.0060859 0.006354 0.0064743 0.0064141 0.0063839 0.0063539 0.0063636 0.0064104 0.0060073 0.0056786 0.0056665 0.0056619 0.0056659 0.0056588 0.0057069 0.0059146 0.0058782 0.0059424 0.0057465 0.0057687 0.0058277 0.0058532 0.0058506 0.0058748 0.0058769 0.0058883 0.0059674 0.0059714 0.0059981 0.0060433 0.0060268 0.0060458 0.0060651
0.0065301 0.0061033 0.0063373 0.0063335 0.006288 0.0061768 0.006462 0.0063345 0.0063436 0.0063366 0.0061768 0.0060572 0.0064892 0.0061592 0.0062655 0.0063343 0.0063173 0.0063146 0.0062901 0.0062452 0.0061904 0.0060724 0.0064492 0.0060061 0.0060885 0.0064012 0.006301 0.0062926 0.0063028 0.0063234 0.0063319 0.0063305 0.0063704 0.0062339 0.0062169 0.0060987 0.0061753 0.0063082 0.0062652 0.0062859 0.0062853 0.0062973 0.0062632 0.0062818 0.0062951 0.0062937 0.0062972 0.0062074 0.0064371 0.0068239 0.0068186 0.0068962 0.0068711 0.0062245 0.006412 0.006412 0.0064794 0.0064986 0.0065072 0.0065159 0.0065187 0.0065084 0.0064816 0.0064441 0.0064585 0.0063081 0.006364 0.0064362 0.0064446 0.006444 0.0064212 0.0063157 0.0062375 0.0062871 0.006233 0.006187 0.0061575 0.0061994 0.0062768 0.0061412 0.0061443 0.0061468 0.0061612 0.0062779 0.006216 0.0063082 0.0063643 0.0063478 0.006302 0.0063218 0.0061879 0.0061745 0.0060501 0.006182 0.0061727 0.0062102 0.0062742 0.0062829 0.0062809 0.0062713 0.0062861 0.0062886 0.0063216 0.0063013 0.0062694 0.0062437 0.0062962 0.006129 0.0061031 0.0060514 0.0059074 0.0057914 0.005877 0.0060216 0.0061724 0.0060714 0.0061407 0.0060994 0.0061353 0.0060137 0.0060608 0.00593 0.0058642 0.0058396 0.0059476 0.0059358 0.006048 0.006057 0.0061506 0.0061383 0.0061231 0.006164 0.0061792 0.0062131 0.006249 0.0062555 0.0062488 0.0063003 0.0061743 0.0060482 0.0062045 0.0057443 0.0057942 0.0059957 0.0060311 0.0060532 0.0060796 0.0061854 0.0065125 0.006319 0.0062235 0.0059503 0.0062269 0.0063706 0.0064895 0.0065462 0.0063197 0.005963 0.0056825 0.0058133 0.0057375 0.0058318 0.0059945 0.0060369 0.0058005 0.0058929 0.0060409 0.0060885 0.0060393 0.0061709 0.0064726 0.0063701 0.0062248 0.006175 0.0061817 0.0061613 0.006222 0.0061546 0.0061749 0.0064975
0.0064498 0.0064642 0.0065062 0.0065319 0.0065621 0.0066378 0.0067015 0.0066649 0.00667 0.0066793 0.0066773 0.0063934 0.0061583 0.0060541 0.0058471 0.0058524 0.0060666 0.0061213 0.0065324 0.0062009 0.0062285 0.0061669 0.0060958 0.0061242 0.0068787 0.0063599 0.0063345 0.0063432 0.0063002 0.0062222 0.0062533 0.0062189 0.0062147 0.0062852 0.0062545 0.0062399 0.0062128 0.0063273 0.0062678 0.006276 0.0063239 0.006264 0.0063168 0.0062813 0.0062994 0.0063126 0.0062111 0.0061445 0.0061661 0.006548 0.0068383 0.0067863 0.0069552 0.0061408 0.0064619 0.0065191 0.0065404 0.0065654 0.0065344 0.0065433 0.0065741 0.0064403 0.0063899 0.0064365 0.0064829 0.0065116 0.0065527 0.0064549 0.0064605 0.0061299 0.0062306 0.0063033 0.006247 0.0063097 0.0061995 0.0062824 0.0062146 0.0060459 0.0059774 0.0059303 0.0059009 0.0062423 0.0062131 0.0062064 0.0062766 0.006281 0.0063361 0.0062601 0.0063637 0.0062982 0.006504 0.0064543 0.0062899 0.0063239 0.0063194 0.0062572 0.0062294 0.00602 0.0062234 0.0063248 0.0063842 0.0062751 0.0062926 0.006296 0.006287 0.0063052 0.0061774 0.0058898 0.0059839 0.0060935 0.0061066 0.006145 0.006149 0.0062114 0.0062203 0.0061882 0.006282 0.0062166 0.0062618 0.0062938 0.0062647 0.0063411 0.0063528 0.0062751 0.0063837 0.0062061 0.0059964 0.0060678 0.0065199 0.0065182 0.0061418 0.0062078 0.0061401 0.0057928 0.006036 0.0060991 0.0061317 0.0060024 0.0058832 0.005993 0.0061769 0.005954 0.0062529 0.006278 0.006383 0.0063951 0.0063809 0.006269 0.0062732 0.0063494 0.0064499 0.0064093 0.0065082 0.0064311 0.0067774 0.0068776 0.0068323 0.0066567 0.0065122 0.006395 0.006498 0.0064195 0.0063395 0.0064698 0.0065445 0.0065151 0.0065128 0.0064435 0.0063864 0.0066072 0.0064109 0.006537 0.0064904 0.006505 0.006297 0.0062964 0.0063184 0.0063591 0.006222 0.0064571
0.0062171 0.0062397 0.0063679 0.0064678 0.0063034 0.0069474 0.0068663 0.0066656 0.0067401 0.0067239 0.0066986 0.0066066 0.0063571 0.0064037 0.0062611 0.0063616 0.0059295 0.0059873 0.0061364 0.0062714 0.0064029 0.0063164 0.0062404 0.0062318 0.0061429 0.0064074 0.0062896 0.0063506 0.0062086 0.0064712 0.0060895 0.0061172 0.0060872 0.0061806 0.0061962 0.0062292 0.0063247 0.006335 0.0063727 0.0063724 0.0064087 0.0063721 0.0063608 0.0063835 0.006387 0.0066993 0.0063129 0.0064269 0.0064308 0.0064219 0.0064406 0.0064947 0.006497 0.0065418 0.0065497 0.0065239 0.0065387 0.0065493 0.0064643 0.0064633 0.0063874 0.0065407 0.0065231 0.0065903 0.0065275 0.0064417 0.0062133 0.0062237 0.0062433 0.0062408 0.0062217 0.0062836 0.0062627 0.0063343 0.0063757 0.0064598 0.0064069 0.0061752 0.0059987 0.006086 0.0061331 0.0063061 0.0063262 0.0061534 0.0061393 0.0060635 0.0060876 0.0060719 0.0061626 0.0062603 0.0062699 0.0063164 0.0060384 0.0063304 0.0063603 0.0063296 0.0063836 0.0063819 0.0063733 0.0063942 0.0063724 0.0063584 0.0063845 0.0063532 0.0062698 0.0061652 0.0059267 0.0063163 0.0063903 0.0063447 0.0062751 0.0062076 0.0062456 0.0062035 0.0062547 0.0060888 0.0060748 0.0062689 0.0064139 0.0064953 0.0065745 0.006513 0.0065293 0.0065639 0.0065575 0.0065199 0.0063736 0.0062154 0.0061177 0.0061252 0.0063068 0.0062461 0.0062308 0.0062562 0.0065912 0.0061936 0.0057593 0.0058697 0.0059252 0.0059485 0.0060124 0.0060118 0.005895 0.0059336 0.0061025 0.0062626 0.0063082 0.0062166 0.0064057 0.0064301 0.0064298 0.0064629 0.0062769 0.0057313 0.0064233 0.0067664 0.006679 0.0059179 0.0067662 0.0067172 0.0066812 0.0065742 0.006541 0.0065067 0.0064066 0.006303 0.00622 0.0062666 0.0060002 0.0059166 0.0062333 0.0064801 0.0064381 0.0063641 0.0063096 0.0062537 0.006219 0.0061873 0.0062674 0.006267
0.006803 0.0061958 0.0061089 0.0063614 0.0063716 0.0064131 0.0064262 0.006722 0.006681 0.0067347 0.0067539 0.0067503 0.0066719 0.0066193 0.00646 0.0063445 0.0062329 0.0060819 0.0060548 0.0059652 0.0059609 0.0058822 0.0059805 0.0059903 0.0061096 0.0060983 0.0060608 0.0060351 0.0062378 0.0059546 0.0059577 0.0059888 0.0061947 0.0067522 0.0061217 0.0062017 0.0062088 0.0065603 0.0063472 0.0063592 0.0063966 0.0063924 0.0063779 0.0063847 0.0063901 0.0064095 0.006394 0.0064366 0.006441 0.0064194 0.0064343 0.0064727 0.0064885 0.0064901 0.0064602 0.0065237 0.0065886 0.0065342 0.006565 0.0065268 0.0063159 0.0064621 0.0065548 0.006552 0.0064549 0.006392 0.0072735 0.0072562 0.0069414 0.0062498 0.0063042 0.006322 0.0063419 0.0064159 0.0064778 0.0063304 0.0062051 0.0060231 0.0060453 0.005942 0.0060418 0.0060486 0.0061938 0.0061519 0.0062651 0.0062265 0.0062689 0.0062759 0.0062712 0.0062702 0.0062864 0.0063463 0.0063149 0.0063691 0.0063481 0.0063951 0.0063497 0.0063313 0.0063457 0.0062696 0.0062861 0.0060358 0.0059708 0.0059854 0.0058796 0.0060506 0.006526 0.0067564 0.0067263 0.0065388 0.006485 0.0063205 0.0063335 0.0062077 0.0062681 0.0062296 0.0063707 0.0064395 0.0065427 0.0065587 0.0065481 0.006543 0.0065701 0.0065659 0.0065349 0.0066356 0.0066297 0.0066924 0.0066997 0.006486 0.0062128 0.005999 0.0061952 0.0062647 0.0060084 0.0059492 0.0059114 0.0057953 0.0059635 0.0057313 0.0058072 0.0059296 0.0059382 0.0062558 0.006137 0.0061171 0.005964 0.0060705 0.0062221 0.0063422 0.0064624 0.0065548 0.0064056 0.0064776 0.0065299 0.0065469 0.0065598 0.0065848 0.0064323 0.0065038 0.0064777 0.0065001 0.0064197 0.0063375 0.0064371 0.0064159 0.0064169 0.0064115 0.0063893 0.0062337 0.0064696 0.0063759 0.006353 0.0062789 0.0061213 0.0063478 0.0061028 0.0060932 0.0061145 0.0062792
0.0062304 0.0061002 0.0059987 0.0061415 0.0061572 0.0064745 0.0065462 0.0067324 0.0066634 0.0066908 0.0066812 0.006734 0.0067372 0.0067376 0.0066918 0.0066075 0.0065479 0.0065222 0.0064785 0.0063535 0.006176 0.006132 0.0061573 0.0060843 0.0062065 0.0061772 0.00607 0.0063764 0.0062968 0.0060802 0.006011 0.0061099 0.0060398 0.006121 0.0061866 0.0062314 0.0062402 0.0062668 0.0062773 0.0063576 0.0063658 0.0064043 0.0064173 0.0064197 0.0064537 0.0064667 0.0064545 0.0064499 0.0064594 0.0064552 0.0064131 0.0063781 0.0063514 0.0064018 0.0064571 0.0065102 0.0065108 0.0065147 0.0064658 0.0061515 0.0066395 0.0065874 0.0066608 0.0067641 0.0064593 0.0066158 0.0066864 0.0067095 0.0063645 0.0063333 0.0064204 0.0063675 0.0063946 0.0064469 0.0065321 0.0064822 0.0062966 0.0062282 0.0060957 0.0059857 0.0059898 0.0060883 0.0064023 0.0061971 0.0062599 0.0062742 0.0062707 0.0062429 0.0061554 0.006289 0.0062903 0.0063031 0.0062839 0.0063484 0.0062821 0.0063631 0.0064617 0.0063935 0.006294 0.0063216 0.0062315 0.0062437 0.0061985 0.0061613 0.0060339 0.0061379 0.0060876 0.0061779 0.0062188 0.0061788 0.0061663 0.0061257 0.0061643 0.0063907 0.006487 0.0067166 0.006699 0.0066056 0.0065325 0.0064894 0.0064929 0.0065706 0.0066448 0.0066282 0.0066896 0.0066635 0.0066452 0.0066715 0.0066682 0.0067207 0.0063048 0.0062803 0.0062606 0.0062175 0.0068324 0.0060494 0.0060319 0.0060716 0.0062438 0.005858 0.0058464 0.0058511 0.0059986 0.0060119 0.0060292 0.0058981 0.0058575 0.0062574 0.0061682 0.0060523 0.0063843 0.0063123 0.0062793 0.0064627 0.0064491 0.0059474 0.006143 0.0062092 0.0064258 0.0063097 0.0061061 0.0061567 0.006438 0.0062857 0.006383 0.0064764 0.0064177 0.0064536 0.0064373 0.0064243 0.0062996 0.0062612 0.0062009 0.0059983 0.0063283 0.0064139 0.0062547 0.006197 0.006072 0.006038
0.0062221 0.0062121 0.0063786 0.006121 0.0060327 0.0061874 0.0063824 0.0064421 0.0065478 0.0065108 0.00663 0.0065596 0.0067658 0.0066553 0.0066657 0.0066048 0.0066359 0.0066518 0.0066152 0.0064172 0.0062133 0.0062024 0.0061094 0.0061429 0.006113 0.0061628 0.0061648 0.006102 0.0060826 0.0061086 0.0060886 0.0061381 0.0062217 0.0062274 0.006215 0.0061358 0.0060747 0.0061952 0.0063388 0.0062394 0.0064067 0.0062816 0.0062137 0.0063583 0.0063779 0.0063763 0.0062924 0.0064104 0.0063806 0.0063774 0.0062912 0.0063298 0.0064996 0.0066612 0.0065207 0.0062156 0.0063876 0.0066146 0.0065505 0.006571 0.0065434 0.006536 0.0065963 0.0067 0.0068827 0.006757 0.0064335 0.0067904 0.0063725 0.0065931 0.0064825 0.0063956 0.0064149 0.0063618 0.0064044 0.0066105 0.0066794 0.0066275 0.0065849 0.0064185 0.0063378 0.0061926 0.0062289 0.006219 0.0062251 0.0062456 0.0062912 0.0062904 0.0062933 0.0062762 0.0062695 0.0062761 0.0063173 0.0062899 0.0063095 0.0062418 0.0062944 0.0063206 0.0062645 0.0063565 0.0063695 0.0062618 0.006288 0.0063597 0.0063031 0.0062149 0.006143 0.0060647 0.006078 0.0060083 0.0061854 0.0062304 0.0063616 0.0066074 0.0068112 0.0068463 0.0068651 0.0067403 0.0066421 0.0066043 0.0065834 0.0065672 0.0065962 0.0066177 0.0067258 0.006763 0.006707 0.0066868 0.006701 0.006716 0.0066184 0.0063719 0.0063266 0.0064273 0.0062671 0.006102 0.0060081 0.0060623 0.0060122 0.0057845 0.006355 0.005938 0.0061323 0.0061002 0.0060883 0.0059893 0.0059363 0.0058778 0.0057986 0.0059523 0.0060992 0.0062558 0.0061612 0.0061816 0.0063059 0.0064433 0.0065558 0.0065686 0.0064482 0.0063962 0.0062042 0.0062411 0.0063125 0.0063003 0.0062631 0.0059543 0.0059425 0.0060633 0.0062385 0.0063499 0.0064039 0.0064326 0.00636 0.0064656 0.0064498 0.0061141 0.0062746 0.0063138 0.0062916 0.0064503
0.0065172 0.0061868 0.0060075 0.0062113 0.0063308 0.0064121 0.0064044 0.0061557 0.0062012 0.0062841 0.0061164 0.0062013 0.0064317 0.0061983 0.0069973 0.0062302 0.0063829 0.0063652 0.0066334 0.006458 0.0064212 0.0064011 0.0064181 0.0061774 0.0061209 0.0060414 0.0064945 0.0062902 0.0061107 0.0061393 0.0063066 0.0064321 0.0064461 0.0064015 0.0064161 0.0063003 0.0061424 0.0062114 0.0061814 0.0061714 0.0063347 0.0060821 0.0062388 0.0063827 0.0062536 0.0059287 0.0064553 0.0065262 0.0065478 0.0065249 0.0065115 0.0065737 0.0065652 0.006419 0.0062664 0.0066638 0.0066653 0.0065612 0.0066711 0.0066634 0.0066376 0.0065533 0.0066203 0.0066521 0.0067825 0.0069866 0.0068246 0.0065278 0.0068598 0.0068722 0.0067576 0.0066123 0.0062561 0.0066012 0.0067009 0.0064757 0.0064112 0.0064514 0.0063878 0.0062726 0.0059705 0.00598 0.0062164 0.0063217 0.0062266 0.0061975 0.0061529 0.0062709 0.0063111 0.006298 0.0063211 0.0062881 0.0062951 0.006362 0.006323 0.006348 0.0063296 0.0062636 0.0063135 0.0063586 0.0063932 0.0063322 0.0063026 0.0062991 0.0060996 0.0063061 0.0062722 0.0062835 0.0062929 0.0063429 0.0063938 0.0064279 0.0064768 0.0065659 0.0066938 0.00674 0.0065119 0.0064886 0.0065055 0.0064077 0.0070482 0.0067529 0.0064471 0.0065556 0.0066501 0.0066922 0.0067853 0.0068292 0.0066741 0.0068164 0.0069879 0.0068364 0.0059663 0.0067224 0.0066384 0.0065267 0.0060844 0.0061433 0.0061345 0.0062998 0.0060007 0.0059694 0.0059367 0.005971 0.0059941 0.0059633 0.0059638 0.0058904 0.0059762 0.0059539 0.0060489 0.0060466 0.0060672 0.0061005 0.0061175 0.0065055 0.0068088 0.006744 0.0067361 0.0066638 0.0065729 0.0064634 0.0063756 0.0062833 0.0062572 0.0061268 0.0059946 0.0060902 0.0061116 0.005803 0.0060441 0.0063045 0.006359 0.0062596 0.0059259 0.0060557 0.0061145 0.0064433 0.0064633 0.0064523
0.0065755 0.0063605 0.0062919 0.0064098 0.0064021 0.0063327 0.0059087 0.0061321 0.0062002 0.0061291 0.0063129 0.0061269 0.0062052 0.0059326 0.0062704 0.0065085 0.0063329 0.0063921 0.0062791 0.0064043 0.0064542 0.0064634 0.0063461 0.0062901 0.0060051 0.006144 0.0062101 0.0062355 0.0064008 0.0061489 0.0062353 0.0064908 0.0065277 0.0064006 0.006538 0.0064104 0.0062139 0.0060381 0.0059863 0.0060335 0.0061322 0.0063522 0.006484 0.0064748 0.0064459 0.0063151 0.0065205 0.0065879 0.0066757 0.0066693 0.0066757 0.0066786 0.0066991 0.006712 0.0065808 0.0064923 0.0065511 0.0064753 0.0066181 0.0066825 0.0065455 0.0064205 0.006938 0.0067778 0.0065244 0.0070153 0.0065944 0.0067147 0.0068616 0.0062427 0.0063573 0.0067458 0.0070717 0.006559 0.0068184 0.0065029 0.0065206 0.0063761 0.006271 0.0062708 0.0060657 0.0061097 0.0062192 0.0061368 0.0061549 0.006311 0.0062465 0.0062358 0.0063831 0.0059571 0.006259 0.006348 0.0063775 0.0063338 0.0065554 0.0062637 0.0062348 0.0062446 0.0066632 0.0062249 0.0061935 0.0063493 0.0062904 0.0063033 0.006335 0.0063577 0.0063495 0.0063247 0.0063188 0.0064551 0.0064977 0.006593 0.0066282 0.0066349 0.0065638 0.0064163 0.0064416 0.0064823 0.0063404 0.0061779 0.0061965 0.0062125 0.0064775 0.0066624 0.006868 0.0069395 0.0069903 0.0069382 0.0070002 0.0071237 0.0069503 0.0069274 0.0067717 0.006676 0.0067286 0.0065746 0.0063691 0.0059532 0.0057922 0.0058842 0.0066202 0.0065461 0.0057907 0.0057963 0.0062826 0.0058987 0.0059463 0.0057442 0.0059347 0.006069 0.005921 0.0059529 0.006121 0.0063578 0.0064707 0.006563 0.006651 0.0066224 0.0066747 0.0066704 0.0066574 0.0066184 0.0065586 0.0064836 0.0063103 0.0061881 0.0060731 0.0060494 0.0061192 0.0060451 0.0064081 0.0058466 0.0061001 0.0061706 0.0060741 0.0063084 0.006407 0.0063311 0.006446 0.0065112
0.0065006 0.0065154 0.0066033 0.0067308 0.0065138 0.0060589 0.0061932 0.0061315 0.0059911 0.006011 0.006046 0.0066814 0.006031 0.0060768 0.0059542 0.0059796 0.0062079 0.0063933 0.006216 0.0061652 0.0066422 0.0061867 0.0062012 0.0061958 0.0059481 0.0061637 0.0062575 0.0062504 0.006242 0.0059705 0.0058121 0.0064963 0.0063993 0.0064365 0.0064236 0.0063496 0.0064141 0.0061578 0.0060892 0.0061115 0.0060407 0.0062504 0.0063377 0.0063937 0.0064304 0.0063211 0.0061582 0.0061384 0.0064615 0.0066786 0.0066963 0.0067282 0.0066531 0.0066369 0.0065303 0.0063014 0.0062088 0.0062188 0.0061383 0.0060979 0.0063565 0.007078 0.0065699 0.0063551 0.0070513 0.0072073 0.0071214 0.0067983 0.0078753 0.0059461 0.0073537 0.0067035 0.0063465 0.0065967 0.0064305 0.0068276 0.0069834 0.0067992 0.0066444 0.0070294 0.0070438 0.0065485 0.0062556 0.0062848 0.0063813 0.0062659 0.0062884 0.0061937 0.0061742 0.0062966 0.0063217 0.006355 0.0062443 0.0061328 0.0061326 0.0061111 0.0061167 0.0061508 0.0063036 0.0061471 0.006056 0.0061054 0.0060999 0.0061272 0.0061224 0.0063511 0.0063716 0.0064465 0.0065179 0.0065856 0.0066519 0.0067225 0.0067986 0.0068634 0.0067881 0.0066624 0.0067239 0.006732 0.0068072 0.0066685 0.00663 0.0067261 0.0069607 0.0071783 0.0073548 0.0073428 0.0073649 0.0073554 0.0073598 0.0075633 0.0071364 0.0070452 0.0069182 0.0070535 0.0069604 0.0069028 0.0068609 0.0065881 0.0059247 0.0062881 0.0066634 0.0068543 0.0059742 0.0060313 0.0062181 0.0061538 0.006021 0.005948 0.0059418 0.0060699 0.0062351 0.0063009 0.0063512 0.0062502 0.006458 0.0063396 0.0065464 0.0063233 0.006037 0.006124 0.0065826 0.0066298 0.0065936 0.006458 0.0062858 0.0061743 0.0060864 0.0060858 0.0061221 0.006086 0.0059779 0.0059348 0.0060953 0.0061251 0.0064929 0.006114 0.0061194 0.0061623 0.0062708 0.0064816
0.0065402 0.0065553 0.0066142 0.0066597 0.0063869 0.0063631 0.0063316 0.0061768 0.006121 0.0062965 0.0062758 0.006232 0.0061746 0.0062213 0.0061019 0.0061802 0.0063922 0.0063361 0.0063337 0.0063046 0.0061111 0.0058847 0.0058865 0.0066325 0.0058835 0.0061785 0.0063016 0.0063047 0.0063036 0.0062016 0.0061136 0.0064429 0.0064293 0.0063755 0.0064724 0.0063017 0.0062029 0.0061205 0.0059725 0.0059358 0.0059721 0.0059355 0.0059181 0.0059887 0.0062595 0.0061506 0.0060903 0.0062264 0.0064451 0.0065634 0.0066807 0.0066964 0.0067042 0.0064784 0.0063819 0.0059888 0.0061155 0.0059637 0.0060987 0.0068398 0.00634 0.0071806 0.007335 0.0070301 0.0064857 0.0080539 0.0080715 0.00816 0.0080546 0.0080667 0.0080697 0.0075311 0.0064974 0.0065221 0.0070588 0.0067531 0.0065158 0.0068713 0.0067706 0.0067195 0.0064886 0.006348 0.006402 0.0063895 0.0063497 0.0062877 0.006293 0.0061901 0.0062362 0.0061235 0.0062181 0.0062924 0.0063868 0.0062586 0.0062924 0.0065051 0.006822 0.0062937 0.0062765 0.0063176 0.0063025 0.0062701 0.0060546 0.0061256 0.0060583 0.0061559 0.0064421 0.0064902 0.0065935 0.0066962 0.0067847 0.00686 0.0069881 0.0071114 0.0071122 0.0072395 0.0073352 0.0074393 0.0074865 0.0077184 0.007928 0.0080325 0.0080852 0.0081432 0.0082215 0.0080747 0.0079364 0.0079197 0.0082167 0.0076847 0.0074267 0.0073266 0.0072031 0.0070065 0.007121 0.0070555 0.006384 0.0066729 0.0066037 0.0064479 0.0063683 0.0062894 0.00632 0.0063304 0.0059509 0.0060705 0.006115 0.0061247 0.0062466 0.0063759 0.0065198 0.0065212 0.0069724 0.006664 0.0063473 0.0064133 0.0065052 0.0060143 0.0060913 0.0066373 0.0065075 0.0064147 0.0063365 0.0063522 0.0061969 0.0061448 0.0062085 0.0062855 0.0063884 0.0062941 0.0062821 0.0060547 0.006346 0.0061918 0.0061023 0.0061375 0.0062379 0.0064031 0.0064021 0.0065086
0.0065743 0.0064017 0.0064368 0.0067463 0.0068348 0.0061437 0.0064427 0.0064987 0.0064924 0.0064045 0.0064713 0.0062501 0.0061788 0.0063147 0.0063119 0.0063087 0.006197 0.0063535 0.0062997 0.0063382 0.0062851 0.0060346 0.0059224 0.0063297 0.0061592 0.0062686 0.006749 0.0062543 0.0063301 0.0062581 0.0063961 0.0063399 0.0063394 0.0065173 0.0063663 0.0063602 0.0063502 0.0060357 0.0059279 0.0059156 0.0058765 0.0059269 0.0061046 0.0061828 0.006259 0.0063142 0.0063805 0.0063614 0.0067875 0.007141 0.0062352 0.0062675 0.0063878 0.0062915 0.0063574 0.0065753 0.0064938 0.0061912 0.0061495 0.0065267 0.0064041 0.0072461 0.0073382 0.007464 0.0083545 0.0082372 0.0080996 0.0081044 0.0081253 0.0081399 0.0081277 0.0080234 0.0076687 0.0073209 0.0067526 0.0066626 0.0067891 0.0069712 0.0065673 0.0066736 0.006762 0.0066741 0.0066036 0.0065199 0.0064112 0.0068406 0.0065268 0.0063065 0.0063586 0.0063806 0.006253 0.0062272 0.0061794 0.0063617 0.0061466 0.0060874 0.0062113 0.0062471 0.0062863 0.0062334 0.0062965 0.0063355 0.006159 0.0058991 0.0063667 0.0062858 0.0063542 0.0064985 0.0065593 0.0066085 0.006851 0.0069682 0.0071702 0.0073497 0.0074516 0.0076565 0.0079657 0.0081087 0.0084072 0.0087327 0.008977 0.0091569 0.0092337 0.0092641 0.0092793 0.009091 0.0090214 0.0090544 0.0090617 0.0090103 0.0085975 0.0077217 0.0077356 0.0079308 0.0071056 0.0072602 0.007276 0.0070506 0.0064835 0.0064739 0.0065342 0.0063232 0.0063583 0.0062047 0.0062778 0.0065828 0.006235 0.0062273 0.0062608 0.0061772 0.0062764 0.0064433 0.0066033 0.0066952 0.0070267 0.006542 0.0064836 0.005936 0.0066719 0.0065067 0.0065622 0.0065779 0.0065742 0.0064179 0.0063143 0.0062847 0.0061653 0.0062995 0.0060737 0.0062967 0.0063801 0.0061221 0.0059255 0.0059241 0.0061322 0.0063685 0.0063971 0.0064421 0.0065459 0.006573
0.006534 0.00646 0.0063238 0.0063563 0.00662 0.0065567 0.0065266 0.0061855 0.0066038 0.0063725 0.0062294 0.0063447 0.0062758 0.0063758 0.0063102 0.0062664 0.0063097 0.0060486 0.0062461 0.0062783 0.0061957 0.0060595 0.0058978 0.0058401 0.0057353 0.0061674 0.0060456 0.006191 0.0063122 0.0063159 0.0062755 0.0063485 0.0062298 0.0062323 0.0062686 0.0061734 0.0061725 0.0061209 0.0060223 0.0057569 0.0057474 0.0056948 0.0058174 0.0061857 0.0062624 0.0063398 0.0063823 0.0062351 0.0068448 0.0070425 0.0062119 0.0061955 0.0060204 0.0059249 0.0063565 0.0067721 0.0068735 0.0068532 0.0063998 0.0061502 0.0061987 0.0062955 0.0073767 0.0080107 0.008225 0.0080567 0.0081682 0.0081222 0.008121 0.0081159 0.0081173 0.0081296 0.0076733 0.0077164 0.007873 0.0081467 0.0067903 0.0068219 0.0066296 0.0066454 0.0067244 0.006672 0.0064788 0.0063919 0.0062952 0.0065875 0.0062324 0.0062631 0.0063613 0.0063466 0.0063303 0.0063565 0.0064055 0.0064381 0.0063158 0.0061659 0.0062086 0.0062419 0.0062721 0.0061209 0.0063653 0.0062295 0.0061143 0.0062843 0.0062329 0.0063131 0.0064502 0.0065796 0.0066959 0.0067208 0.0070667 0.0071765 0.0072411 0.0075603 0.0077997 0.008132 0.0084285 0.008772 0.0090817 0.0093995 0.0095007 0.0096386 0.0096881 0.0097594 0.0097498 0.0097556 0.0096974 0.0096994 0.0096566 0.0095863 0.0096939 0.0094983 0.0084174 0.0083862 0.0078428 0.0074202 0.0069467 0.0062954 0.0060616 0.0066878 0.0065338 0.0062575 0.006728 0.0062782 0.0060175 0.0061124 0.0062477 0.0064897 0.0063758 0.0064207 0.0065836 0.0065967 0.0065353 0.0064835 0.0062249 0.0064879 0.0065196 0.0065947 0.0065409 0.006546 0.006517 0.006325 0.0063758 0.0065392 0.0065162 0.0064203 0.0062048 0.0065144 0.0063364 0.0064856 0.0063214 0.0061613 0.0063457 0.0060994 0.0061412 0.0062592 0.0063239 0.0064177 0.0064554 0.0065212
0.0061681 0.0062674 0.0062133 0.0063797 0.0067432 0.0068582 0.0069387 0.0065146 0.0065103 0.0061205 0.0062991 0.0061146 0.0061143 0.0060528 0.0061624 0.0060893 0.0060661 0.0060799 0.0058264 0.0059124 0.0060283 0.00613 0.0058587 0.0058155 0.0060344 0.0059559 0.0060897 0.0063083 0.0062986 0.006296 0.006223 0.0063176 0.0061788 0.0057541 0.0057464 0.0058166 0.0059081 0.0059062 0.0059233 0.0057533 0.0056975 0.0057196 0.0057735 0.0060718 0.0062065 0.0062828 0.0062963 0.0062929 0.006264 0.0062212 0.0061493 0.0060302 0.0058671 0.0058018 0.0058942 0.0060555 0.0064935 0.0065263 0.0062367 0.0061558 0.00701 0.0071882 0.0073186 0.0075506 0.0080655 0.0083182 0.0081486 0.0081651 0.0081287 0.0082269 0.0082406 0.0080483 0.0078341 0.006951 0.0073102 0.006686 0.0067201 0.0068753 0.0066015 0.0066764 0.0066917 0.0066421 0.0065077 0.0063518 0.0063824 0.0061841 0.0062412 0.0069044 0.00659 0.0063604 0.006296 0.0063413 0.0065976 0.0066169 0.0063561 0.0062845 0.0060166 0.0064456 0.0061459 0.0061474 0.0061259 0.0061293 0.0062399 0.0063895 0.006433 0.0062753 0.006259 0.0066003 0.0066958 0.0069065 0.0066927 0.0070572 0.0074906 0.0078995 0.0083932 0.0087682 0.0090877 0.0092776 0.0095168 0.0096547 0.0098411 0.009938 0.0098438 0.0098367 0.0095553 0.0097291 0.0097575 0.0097904 0.0097504 0.0097361 0.0097438 0.0097495 0.0096713 0.00949 0.0088594 0.0083308 0.007353 0.006923 0.0070683 0.0067732 0.0069164 0.0065763 0.0061352 0.0063576 0.0064294 0.0060501 0.0063176 0.0062249 0.0064378 0.0065022 0.0062174 0.0064145 0.0064089 0.0063877 0.0063325 0.0065298 0.0064253 0.006338 0.0062008 0.0062169 0.0057754 0.0060709 0.0063629 0.0063224 0.0061755 0.0064029 0.0065775 0.0067483 0.0064375 0.0067113 0.0066567 0.0065142 0.0064881 0.0062774 0.0061096 0.0059578 0.0060288 0.0061146 0.006258 0.0063257
0.0061017 0.0062977 0.0061903 0.006175 0.0064729 0.0067345 0.0064214 0.0062036 0.0064145 0.0062417 0.0061215 0.0061723 0.0058128 0.0063042 0.0058725 0.0059545 0.0056801 0.0057565 0.0060297 0.0059473 0.006126 0.0059006 0.006029 0.0061483 0.0061308 0.0063327 0.0060657 0.0061979 0.006272 0.0062606 0.0062652 0.0062637 0.006295 0.0059774 0.005908 0.0059594 0.0060624 0.0060826 0.0060771 0.0059676 0.0058246 0.0057793 0.005899 0.0059376 0.005891 0.0061197 0.0061237 0.0061598 0.0060796 0.0060966 0.0059712 0.005914 0.0057913 0.0057917 0.0057799 0.0058934 0.0060036 0.0060028 0.0061952 0.0063944 0.0060074 0.006806 0.0066064 0.0072805 0.0072488 0.0081725 0.0083095 0.0082876 0.0082461 0.0083013 0.0082667 0.0081274 0.0079656 0.007091 0.0072231 0.007184 0.0066595 0.006629 0.0065243 0.0062905 0.0065933 0.0064785 0.0064341 0.0064117 0.006269 0.0062905 0.00619 0.0062939 0.0064328 0.00638 0.0064239 0.006429 0.0066835 0.0064079 0.0063079 0.0060292 0.0061509 0.0060954 0.0062387 0.0064679 0.0061622 0.0060097 0.006098 0.00623 0.0066232 0.0066334 0.0064288 0.0065785 0.0068147 0.006768 0.0066863 0.0068993 0.0073449 0.0076463 0.0090521 0.0095538 0.0096988 0.0099035 0.0099916 0.0098288 0.0097025 0.0097844 0.0098803 0.0098556 0.009744 0.0096514 0.0095772 0.0097038 0.0097589 0.0097244 0.009729 0.0096679 0.0096725 0.009643 0.0094514 0.0090241 0.0084811 0.0076852 0.0072506 0.0070803 0.007002 0.0069182 0.0066231 0.0063852 0.0066552 0.0066404 0.0063842 0.0065443 0.0065105 0.006508 0.0065134 0.0062472 0.0061845 0.0063353 0.0061655 0.006285 0.0063155 0.0060751 0.0059424 0.0062066 0.0065348 0.0065943 0.0061776 0.0061455 0.0063609 0.0066033 0.0065313 0.0066237 0.0067226 0.0066663 0.0066391 0.0066084 0.0062237 0.0062418 0.0061103 0.006345 0.006194 0.0061351 0.0062893 0.0062326
0.006306 0.0063378 0.0062785 0.0062999 0.0064156 0.0063954 0.0064478 0.006464 0.0065189 0.0061655 0.0060772 0.0062882 0.0060838 0.0060053 0.0060368 0.0060392 0.0064448 0.0060101 0.0061601 0.006207 0.0061155 0.0062368 0.006536 0.0060749 0.0062219 0.0063366 0.0062465 0.0061939 0.0061966 0.0061791 0.0061249 0.006163 0.0061344 0.0060558 0.0060569 0.0060414 0.0060524 0.0060637 0.0061042 0.0061089 0.0059811 0.0059429 0.0060082 0.005974 0.00597 0.0060352 0.0060356 0.0059572 0.0058934 0.0058276 0.0058004 0.0057985 0.0057831 0.0056276 0.0055707 0.005943 0.0061013 0.0061571 0.0063193 0.0064419 0.006614 0.0065843 0.0068222 0.0069201 0.0070492 0.0077538 0.0080383 0.0087315 0.0086287 0.0084186 0.008338 0.0082154 0.0076114 0.007363 0.007149 0.0072901 0.0065701 0.0065439 0.0065326 0.0070468 0.0063661 0.006461 0.0063307 0.0063092 0.0062788 0.006236 0.0062345 0.0064568 0.0064458 0.0064 0.0063445 0.0063829 0.0065059 0.0063751 0.0062822 0.0063323 0.0061682 0.0061798 0.0061606 0.0064755 0.0058567 0.0060974 0.0061733 0.0062046 0.0064732 0.0061962 0.0064583 0.0065759 0.0066939 0.0067139 0.0067791 0.0067348 0.007352 0.008248 0.0095718 0.0097303 0.0099711 0.0099934 0.009858 0.0099461 0.0099005 0.0099555 0.0099208 0.0099173 0.0098626 0.0099472 0.0099742 0.0097415 0.0096924 0.0098315 0.009723 0.0096899 0.0096896 0.0096472 0.0094435 0.0093164 0.008781 0.0079981 0.0074104 0.0072111 0.0070064 0.0071037 0.0061928 0.0066663 0.0066742 0.0065421 0.0065908 0.0064446 0.0063878 0.0065362 0.0063797 0.0062938 0.0064288 0.006272 0.00631 0.0061611 0.00607 0.006103 0.0059138 0.005657 0.0061221 0.0060169 0.0062245 0.0066152 0.0066811 0.0066217 0.0063759 0.0066969 0.0064307 0.0064683 0.0066085 0.0065541 0.0062219 0.0062381 0.0063279 0.0059386 0.0059578 0.0061831 0.0062656 0.0062248
0.0065593 0.0062051 0.0066206 0.0064439 0.0065556 0.0063902 0.006443 0.0064251 0.0063298 0.0062286 0.0060672 0.0061097 0.0060208 0.005949 0.0060747 0.006088 0.0062398 0.0062772 0.0062148 0.0062029 0.0060039 0.0060958 0.0061749 0.0061786 0.0060633 0.0062096 0.0062457 0.0062456 0.0059812 0.0060953 0.0060401 0.0061433 0.006161 0.0060121 0.0060186 0.0060141 0.0060253 0.0060668 0.0061394 0.0061775 0.005954 0.0058586 0.0055235 0.0055471 0.0058225 0.0059559 0.0058996 0.0058136 0.0058259 0.005733 0.0056959 0.0057008 0.0056687 0.005701 0.0057173 0.0059793 0.0060165 0.0061107 0.0061245 0.0062825 0.0062783 0.0063241 0.0065539 0.0063162 0.007132 0.0070584 0.0075045 0.0076345 0.0077671 0.0078631 0.0077234 0.0076956 0.0071779 0.0073734 0.0072339 0.0066362 0.0065819 0.0066769 0.0066076 0.0066685 0.00654 0.0073385 0.0063343 0.0064202 0.0063445 0.0063405 0.0062775 0.0064769 0.0064569 0.0063392 0.0063005 0.006386 0.0064067 0.0063592 0.0063434 0.0062361 0.0063613 0.0062252 0.0063851 0.0061583 0.0061279 0.0061733 0.0061093 0.0059537 0.0059753 0.0061283 0.0064108 0.0068536 0.0065181 0.0066632 0.0066997 0.0067996 0.0075422 0.0089494 0.0096767 0.0099153 0.0099097 0.0098407 0.0098998 0.0099788 0.0099324 0.0099295 0.009866 0.0099455 0.0099292 0.0097554 0.0097999 0.009776 0.0098472 0.0097701 0.009715 0.0097013 0.0096356 0.0095221 0.0091281 0.0090795 0.0087994 0.0082262 0.0074749 0.0074015 0.0072169 0.0072678 0.0070127 0.0069578 0.0068177 0.0067272 0.0065858 0.0064867 0.0065019 0.0068411 0.0066151 0.0065354 0.0065034 0.0063238 0.0062994 0.0061728 0.006052 0.006046 0.0060755 0.0060869 0.0059979 0.0060383 0.0063228 0.006706 0.0068024 0.0067998 0.0066706 0.0066105 0.0064269 0.0065278 0.0065161 0.0065842 0.0060034 0.0063187 0.0063369 0.0066798 0.0061993 0.0063002 0.006438 0.0064133
0.0066531 0.0066019 0.0066179 0.006815 0.006702 0.0063534 0.0064005 0.006361 0.0066413 0.0068849 0.0072947 0.0071445 0.0064857 0.0061081 0.0062154 0.0061787 0.0059882 0.006094 0.0059849 0.0061154 0.0059759 0.0061988 0.0061767 0.0061731 0.0060948 0.0057787 0.0059728 0.0060454 0.0061357 0.005957 0.0059138 0.0060089 0.00594 0.0059432 0.0058589 0.0059688 0.0059965 0.006064 0.0060795 0.0053669 0.0052743 0.0052243 0.0047585 0.0046971 0.0047159 0.005319 0.0053189 0.005321 0.0055572 0.0056716 0.0055782 0.005713 0.0056204 0.0056834 0.0056701 0.0056913 0.0057249 0.0059062 0.0062675 0.0061808 0.006042 0.0058382 0.0063821 0.0067269 0.0066817 0.0070465 0.0070083 0.0072316 0.0075247 0.0075805 0.0075297 0.0071902 0.0073688 0.0069018 0.0069277 0.0069163 0.0067949 0.0074516 0.006751 0.0065382 0.0066243 0.00656 0.0064007 0.0063993 0.0063165 0.0063232 0.0064196 0.0065247 0.006511 0.0064397 0.0063234 0.0064313 0.0062895 0.0063112 0.0063665 0.006149 0.0060896 0.0063 0.0062655 0.0062118 0.0060774 0.0061193 0.0059227 0.0058356 0.0064793 0.0061749 0.0063233 0.0065993 0.0065987 0.0066043 0.0067408 0.0068904 0.0075041 0.0089684 0.0095574 0.0099172 0.0099187 0.0097347 0.0099444 0.0099509 0.0099481 0.0099072 0.0099643 0.0099906 0.0099008 0.0097516 0.0098445 0.0098648 0.0098024 0.009845 0.009776 0.0096877 0.0094453 0.0092064 0.0090798 0.0089567 0.0086187 0.0081248 0.0077982 0.0074311 0.0076258 0.006885 0.0067585 0.0068848 0.0064152 0.0064108 0.0065986 0.0066494 0.0066793 0.0066534 0.0066031 0.0066187 0.0066102 0.0062986 0.0062381 0.0062115 0.0061106 0.0063029 0.0062619 0.0061662 0.0061484 0.0061152 0.0063837 0.006566 0.0066399 0.0065806 0.0066295 0.0065867 0.0062454 0.0064385 0.006443 0.0061174 0.006081 0.0063842 0.0063504 0.0064288 0.0064124 0.006515 0.0066105 0.0064491
0.0065873 0.0066412 0.0065013 0.0063251 0.0067427 0.0063472 0.0065193 0.0064587 0.0061415 0.0063379 0.0069736 0.0069813 0.00625 0.0061183 0.0063635 0.0062377 0.0063499 0.0061558 0.006258 0.0062786 0.0063533 0.0060443 0.0063644 0.006357 0.0062391 0.0062375 0.00615 0.0060333 0.0060897 0.0060426 0.0059943 0.0053727 0.0057163 0.0058609 0.0058631 0.0059274 0.0059805 0.0059678 0.0057168 0.0056569 0.0054666 0.0050954 0.005006 0.0050291 0.0051294 0.005165 0.0051354 0.0052087 0.0050457 0.0053559 0.0055784 0.0055886 0.0056002 0.005635 0.005688 0.0057008 0.0057833 0.0059016 0.0059315 0.0061227 0.0061289 0.0061945 0.0060147 0.006109 0.0064664 0.0062609 0.0067417 0.0074065 0.0072997 0.0073003 0.0072983 0.0072854 0.0070006 0.0068738 0.0069646 0.006894 0.0068383 0.0067184 0.0066348 0.0066461 0.0066124 0.0066375 0.0065779 0.0064439 0.0064233 0.0063154 0.0064787 0.006638 0.0064504 0.0064257 0.0065312 0.006554 0.0065101 0.0063077 0.0064386 0.0062339 0.0062386 0.0062247 0.0062077 0.0064152 0.0060996 0.0061958 0.0060284 0.0060695 0.0060338 0.0060156 0.0063214 0.0065046 0.0066269 0.0066467 0.0066514 0.0070519 0.0075727 0.008488 0.0094779 0.0099359 0.0099896 0.0099641 0.0098565 0.0099284 0.0099887 0.0099601 0.0099829 0.0099903 0.0099266 0.0098432 0.0099303 0.0098639 0.0098941 0.0097939 0.009713 0.0095319 0.0092663 0.0091128 0.0088717 0.008709 0.0085761 0.0083568 0.0077447 0.0071846 0.0070712 0.0067848 0.0066799 0.006649 0.006622 0.0067258 0.006916 0.0066999 0.0063481 0.0066244 0.0066532 0.0067144 0.0065715 0.0064819 0.0063128 0.0064315 0.0063141 0.0061869 0.0064472 0.0063649 0.0062333 0.0061763 0.0061866 0.0062894 0.0064365 0.0064974 0.0067151 0.00662 0.0064824 0.0064703 0.0065127 0.0064197 0.0065841 0.0065326 0.0065455 0.0064068 0.0064736 0.0065885 0.0066685 0.0067385
0.0067451 0.0066525 0.0066442 0.0064614 0.0070408 0.0068563 0.0066164 0.0062427 0.0060327 0.0058075 0.0057018 0.0060617 0.0060009 0.0063526 0.0065422 0.0065241 0.0065255 0.0065249 0.0064442 0.0063959 0.0063898 0.006379 0.006239 0.0063213 0.0061795 0.0060363 0.0060637 0.0058902 0.0058461 0.0060484 0.0060033 0.0056776 0.0057293 0.0055315 0.0057659 0.0054747 0.0056615 0.0050887 0.005123 0.0056448 0.0050742 0.0048729 0.0052181 0.0052276 0.0052012 0.0051868 0.0052457 0.0054563 0.0052736 0.0052658 0.0052059 0.0053869 0.0055741 0.0057419 0.0057474 0.0057834 0.0057491 0.0059533 0.0060014 0.0059413 0.0059341 0.0062298 0.0062256 0.0063822 0.0066322 0.0066915 0.0068561 0.0069409 0.0062281 0.0071128 0.006856 0.0069153 0.0069406 0.0070357 0.0069431 0.0068251 0.0067611 0.0067469 0.0067603 0.0066355 0.0065151 0.0064429 0.0063111 0.0070145 0.0064616 0.0063633 0.0063745 0.0063211 0.0066067 0.0064235 0.0064902 0.0065611 0.006538 0.0064343 0.006235 0.0063621 0.0062052 0.0061734 0.0063616 0.0063456 0.0060787 0.0060635 0.0060055 0.0060745 0.0061502 0.0061446 0.0068241 0.0063468 0.0065844 0.0067137 0.006764 0.0068268 0.0071226 0.0082137 0.0089512 0.0098276 0.0099917 0.010039 0.010069 0.0099342 0.0099504 0.009957 0.0098496 0.0099817 0.0098721 0.0098927 0.0098422 0.009868 0.009852 0.0098206 0.0097664 0.0094207 0.0090552 0.0088928 0.0086493 0.0084921 0.0081911 0.0077747 0.0074707 0.0071985 0.0068045 0.0068123 0.0065477 0.0065545 0.0064826 0.0065522 0.0067003 0.0067134 0.0066941 0.0066277 0.0067161 0.006634 0.0065853 0.0065543 0.0064758 0.0064893 0.0066074 0.0064953 0.006455 0.0061449 0.0062845 0.0062777 0.0060805 0.006072 0.0063631 0.0064601 0.0067139 0.006488 0.0065039 0.0065727 0.0066491 0.006635 0.0066208 0.0066088 0.0065109 0.0064386 0.0067545 0.0068327 0.0067598 0.0069826
0.0067463 0.00704 0.006659 0.0063243 0.0065933 0.006295 0.0062916 0.0063395 0.0060828 0.0058038 0.0057571 0.0060573 0.0063471 0.0064228 0.0065019 0.0064635 0.0065235 0.0059368 0.0064074 0.0063771 0.0063461 0.0062608 0.0062686 0.0061736 0.0059777 0.0060683 0.0059976 0.0059451 0.0057567 0.0058062 0.0057006 0.0056553 0.0056908 0.0055953 0.00564 0.0056947 0.0054731 0.0050599 0.0050909 0.005076 0.0049318 0.00521 0.0054173 0.0053871 0.0052903 0.005368 0.0053137 0.0053375 0.0054173 0.0054336 0.0053837 0.0051363 0.0053613 0.0056898 0.0058072 0.0058804 0.0058809 0.0058887 0.0058982 0.0059356 0.0060056 0.0060784 0.0060728 0.0065308 0.006506 0.0062459 0.0063517 0.0065427 0.0065065 0.0069212 0.0068853 0.0070472 0.0067914 0.0066318 0.0066958 0.0067846 0.006788 0.0067753 0.0069159 0.0067187 0.0065348 0.0063921 0.0064822 0.0063995 0.0064434 0.0062934 0.0062644 0.0063119 0.0063733 0.0064173 0.006429 0.0065217 0.0064789 0.006289 0.0062967 0.0062848 0.0063929 0.0065462 0.0062057 0.0061503 0.0061689 0.0059394 0.0059893 0.0061463 0.0062109 0.0061882 0.0062246 0.0063812 0.0066933 0.0065791 0.0065664 0.0067166 0.0068906 0.0070315 0.0081005 0.0089385 0.0099213 0.0099995 0.010052 0.01006 0.009943 0.0099368 0.010052 0.010046 0.0098555 0.0098825 0.0098651 0.0098293 0.0098495 0.0097992 0.0095403 0.008823 0.0084706 0.0084797 0.0083247 0.0081044 0.0081723 0.0077569 0.0077059 0.0076492 0.0070138 0.0067092 0.0063394 0.0065373 0.0064265 0.0064955 0.006568 0.0066119 0.0066807 0.0067263 0.0066442 0.0065454 0.0062603 0.0062792 0.0062989 0.0064327 0.0062991 0.0062145 0.0063573 0.0064614 0.0063487 0.0062121 0.0064156 0.0065021 0.0064075 0.0064112 0.0063382 0.0064492 0.0064384 0.006236 0.0067034 0.0067106 0.0065617 0.0065307 0.0066146 0.0066632 0.0069538 0.0068555 0.0066567 0.0063696
0.0067756 0.0068291 0.0063157 0.0062404 0.0063237 0.005984 0.0061392 0.0058115 0.005819 0.0060295 0.006006 0.0061101 0.0063767 0.0064465 0.0066127 0.0064125 0.0065286 0.0065464 0.0063797 0.0063779 0.006083 0.006259 0.0062282 0.0062152 0.0060906 0.0059885 0.005992 0.0059196 0.0058384 0.0057419 0.005687 0.0054318 0.0055491 0.0054795 0.0053812 0.0054349 0.0052389 0.0049763 0.0049347 0.0047671 0.0048275 0.0052197 0.0054744 0.0053603 0.0055771 0.0053864 0.005659 0.005685 0.0055999 0.0056136 0.0054256 0.0051589 0.0049472 0.0053996 0.005681 0.0058751 0.0058656 0.0058937 0.0059107 0.005908 0.0060517 0.0062224 0.0062045 0.0065097 0.0065519 0.0065812 0.0065661 0.0065612 0.0065248 0.0064507 0.0065508 0.0068666 0.0068494 0.0066362 0.0068768 0.0066377 0.0068921 0.0067417 0.0067134 0.0067654 0.0066449 0.0065449 0.0066716 0.0064799 0.0064483 0.0063888 0.0063629 0.0063116 0.0063174 0.0063602 0.0063798 0.0062474 0.0063383 0.0064179 0.0063148 0.0063721 0.0062724 0.0063825 0.0062526 0.0060465 0.0061105 0.0060393 0.0059484 0.0060335 0.0061278 0.0061732 0.0061819 0.0061488 0.0064273 0.0065676 0.0064975 0.0064702 0.0063769 0.0065613 0.0068824 0.0078772 0.0093137 0.0097898 0.0099499 0.010026 0.010024 0.010063 0.0098964 0.0098405 0.0098957 0.0098926 0.0098216 0.0098105 0.009532 0.0091486 0.0089144 0.0083423 0.007923 0.0078599 0.0078178 0.0078043 0.0079704 0.0078567 0.0075431 0.007467 0.0071577 0.0067203 0.0065394 0.0064844 0.006412 0.0063888 0.0064703 0.0064521 0.0065082 0.0065763 0.006558 0.006439 0.0063686 0.006286 0.0060733 0.0060323 0.0060829 0.006056 0.0063382 0.0061583 0.0063022 0.0064216 0.0062203 0.0063399 0.0062874 0.006257 0.0064239 0.006487 0.0065965 0.0063957 0.0065037 0.0067368 0.006356 0.0065851 0.0065913 0.0066754 0.0067507 0.0066496 0.0064985 0.0065065
0.0067332 0.0064019 0.0063374 0.0063026 0.0060469 0.0060779 0.0058877 0.0060471 0.0060997 0.0060437 0.006115 0.0061304 0.0062915 0.0064144 0.0065349 0.0065293 0.0065299 0.0063401 0.0062567 0.0063779 0.006206 0.0062275 0.0061937 0.0061628 0.0060833 0.0060582 0.0059776 0.0059031 0.0057911 0.0056832 0.0055898 0.0055376 0.0055228 0.0053434 0.0052962 0.0054577 0.0052103 0.0049235 0.0049612 0.0047633 0.0050085 0.0052288 0.005342 0.0055176 0.0055922 0.0056647 0.0056724 0.0057443 0.0057427 0.0057836 0.0054891 0.0051575 0.0052692 0.0053008 0.0053456 0.0053359 0.0057589 0.0059684 0.0059516 0.0060747 0.0062374 0.0063917 0.0064999 0.006527 0.0066053 0.0065801 0.0066167 0.0066815 0.0066415 0.0066133 0.006661 0.0071177 0.0066333 0.006523 0.0066528 0.0066015 0.006648 0.0067022 0.0067947 0.0067839 0.0068529 0.0067997 0.0066501 0.0066404 0.0065771 0.0063975 0.0062787 0.0062196 0.0063024 0.0063243 0.0063234 0.0063613 0.0062499 0.006345 0.0063748 0.0063302 0.0063604 0.0063102 0.0062916 0.0061206 0.0061074 0.0062972 0.006167 0.0060921 0.0061992 0.0062707 0.0063091 0.0061893 0.0064527 0.0065617 0.0066736 0.0064778 0.006653 0.0066101 0.0070698 0.0070613 0.0078514 0.0082742 0.0085421 0.0096547 0.0098726 0.0099894 0.0097891 0.009863 0.0098157 0.0098444 0.0097309 0.0095515 0.0085921 0.0079394 0.0083966 0.0081848 0.0077157 0.0076928 0.0076268 0.007348 0.0073128 0.0075261 0.0074829 0.0072473 0.0071789 0.0065563 0.0065695 0.006439 0.0065235 0.0063098 0.0063707 0.0063603 0.0063711 0.0064086 0.0064621 0.0063706 0.0062807 0.0062831 0.0061373 0.0061078 0.0063743 0.0060299 0.0059661 0.0059 0.0063421 0.0064891 0.0066976 0.0063914 0.0064755 0.006561 0.0066247 0.0065716 0.0065842 0.0065284 0.0064495 0.006576 0.0064106 0.0065371 0.0065309 0.0064635 0.0065339 0.0066061 0.0065902 0.0065659
0.0067248 0.0063886 0.0058769 0.0062977 0.0060409 0.0059857 0.0062001 0.0060396 0.0061443 0.0060749 0.0060736 0.0061726 0.0063955 0.0064892 0.0065322 0.0065082 0.0064879 0.006062 0.0064134 0.0063955 0.0063162 0.0061926 0.006187 0.0061375 0.0061029 0.0060367 0.0059732 0.0058624 0.0057481 0.0056528 0.005567 0.005464 0.0054019 0.0053866 0.0053748 0.0051519 0.0051635 0.0050367 0.0046949 0.0044988 0.0049819 0.005272 0.0053964 0.0054916 0.005598 0.0056924 0.0057531 0.0057993 0.0058353 0.0058348 0.0058218 0.0057733 0.0055464 0.0055522 0.0055237 0.0053101 0.0054005 0.0055528 0.0059379 0.0060515 0.0062587 0.0065328 0.006593 0.0065722 0.0068687 0.0065963 0.006527 0.0065829 0.0066902 0.0066745 0.0067677 0.0069401 0.0067592 0.0065778 0.0066918 0.0068369 0.0067184 0.0067026 0.0069052 0.0068508 0.0068204 0.006827 0.0066997 0.0067586 0.006469 0.0064591 0.0063953 0.006291 0.0062424 0.0063222 0.0063863 0.0063691 0.0064229 0.0063924 0.0063729 0.0063375 0.0063512 0.0061609 0.0063084 0.0061596 0.0063584 0.0063839 0.0062566 0.0062656 0.0063641 0.0064131 0.0064488 0.0064056 0.0061714 0.006519 0.0063958 0.0066432 0.0067274 0.0067809 0.0064528 0.0066066 0.0072592 0.0072011 0.0077053 0.0077176 0.0081956 0.0082204 0.0087943 0.0094811 0.0090705 0.0091725 0.0086176 0.0088178 0.0079133 0.0075863 0.0073663 0.0071536 0.0074103 0.0075205 0.0073745 0.0071154 0.0072212 0.007209 0.0071478 0.0068287 0.0067995 0.0066401 0.0065155 0.0064526 0.0064322 0.0063666 0.0063541 0.0063855 0.0063848 0.0064026 0.0064186 0.006326 0.0063145 0.0061309 0.0062223 0.0060548 0.0058781 0.005972 0.0062853 0.005875 0.0062523 0.006442 0.0065205 0.0063106 0.0065391 0.0061989 0.0065155 0.0066042 0.0064865 0.006428 0.0065106 0.0064503 0.006358 0.0064123 0.0064755 0.0065406 0.0064594 0.0065315 0.0065944 0.0066795
0.0065533 0.0063658 0.0063591 0.0063464 0.0060878 0.0060358 0.0062672 0.005928 0.0060919 0.0062298 0.0061879 0.0063666 0.0063254 0.006392 0.0065367 0.0064306 0.0065398 0.0061844 0.0064057 0.0061642 0.0061758 0.0061831 0.0061336 0.0061223 0.0060446 0.0059991 0.0059441 0.0058957 0.0057334 0.0056262 0.0055158 0.0054177 0.0053056 0.005303 0.0052546 0.0053038 0.0053632 0.0049799 0.0049095 0.004547 0.0050472 0.0052821 0.0053899 0.0055154 0.0056258 0.0057231 0.0057957 0.0058461 0.0058796 0.0059378 0.0059322 0.0059582 0.0058694 0.005663 0.0056644 0.0056994 0.0057987 0.0057943 0.0057652 0.0057653 0.0056949 0.0062782 0.0066124 0.0066269 0.0066069 0.0066191 0.0066684 0.0067897 0.0066544 0.0066052 0.0066236 0.007007 0.0070872 0.0071864 0.0068681 0.0066675 0.0068245 0.0068349 0.0069556 0.0069505 0.0069343 0.0069225 0.0068547 0.0067141 0.0066498 0.0065339 0.0065532 0.0065628 0.0063851 0.0063332 0.0063145 0.0064018 0.0064093 0.0062415 0.0063011 0.0063571 0.0063663 0.0062487 0.006244 0.0062382 0.0063527 0.0064713 0.006228 0.0063732 0.0064377 0.0063845 0.0065341 0.0062397 0.0060813 0.0061944 0.0064683 0.0064724 0.006606 0.006524 0.0064908 0.0065364 0.0065658 0.0071977 0.0071484 0.0073069 0.0074367 0.0074824 0.0076648 0.0077333 0.0077948 0.0080117 0.0081933 0.007995 0.0079262 0.0075466 0.0071647 0.0073892 0.0073715 0.0072649 0.0069536 0.0070753 0.0061061 0.0071286 0.0071123 0.0063272 0.0065541 0.0064019 0.0063656 0.0063647 0.0063787 0.0063842 0.0063853 0.0063906 0.0063489 0.0063315 0.0063167 0.0062138 0.0060297 0.0059863 0.0059376 0.0060451 0.0062945 0.0059105 0.0059448 0.006194 0.0060591 0.0062497 0.0064471 0.00644 0.0066375 0.0062535 0.0065456 0.0064536 0.0065307 0.0066015 0.0065586 0.0064793 0.0062965 0.0062125 0.0062229 0.0063904 0.0063895 0.0064225 0.0065973 0.0066215
0.0066248 0.006287 0.0064435 0.0063232 0.0063083 0.0062766 0.0063422 0.006499 0.0062591 0.0064008 0.0063261 0.006595 0.0065911 0.0065389 0.0065933 0.0064858 0.0065115 0.0063264 0.0061755 0.0063604 0.0062226 0.0061429 0.0061212 0.0060673 0.0060149 0.0059365 0.0058804 0.0058197 0.0056892 0.0055406 0.0054336 0.005345 0.0052673 0.0052154 0.0051972 0.0050152 0.0051199 0.0052249 0.0049066 0.004994 0.0051124 0.0052628 0.00541 0.0055207 0.0055928 0.0056822 0.0057426 0.0058271 0.0058809 0.005888 0.0059552 0.005975 0.005875 0.0057459 0.0054608 0.0056911 0.0057986 0.0058579 0.0058622 0.0058128 0.0055846 0.0060171 0.0064972 0.0065275 0.00659 0.0065993 0.0065984 0.0063602 0.0064646 0.0065317 0.0065641 0.0065823 0.0068846 0.0072997 0.0074412 0.0069339 0.0070194 0.0070686 0.0072322 0.0070137 0.0070176 0.0069659 0.0071944 0.0068849 0.0070567 0.0066546 0.0066946 0.0067006 0.0066774 0.0063755 0.0065267 0.0064652 0.0065869 0.0062053 0.0063816 0.0063663 0.0063666 0.006183 0.006052 0.0063347 0.0063532 0.0062929 0.0063288 0.0063484 0.0062858 0.0061329 0.0063354 0.0060576 0.0059742 0.006107 0.0062369 0.0062741 0.0064354 0.006369 0.006629 0.006884 0.0066698 0.0069887 0.0071386 0.0072636 0.0073779 0.007279 0.0072133 0.0076331 0.0073352 0.0078368 0.0076709 0.0072276 0.0071308 0.0069825 0.0071218 0.0069177 0.006901 0.0070513 0.0069067 0.0065257 0.0064669 0.0066238 0.0062377 0.0064224 0.0063612 0.0062771 0.0062152 0.0062379 0.00628 0.0063157 0.0064677 0.0063308 0.0063078 0.0062523 0.0062273 0.0061453 0.0060039 0.0058624 0.0059171 0.0060162 0.0061884 0.0059999 0.0058136 0.0059727 0.0059372 0.006095 0.0062706 0.0064504 0.0062968 0.0063136 0.0065128 0.0063136 0.0064437 0.0065451 0.0065131 0.006335 0.0061993 0.006486 0.006475 0.0063873 0.0064419 0.0066264 0.006758 0.0065822
0.0066177 0.0065762 0.0063403 0.0063443 0.0063089 0.0063653 0.0064555 0.0065392 0.0066203 0.0066419 0.0066327 0.0066102 0.0067197 0.0067537 0.0066004 0.0066728 0.0060893 0.0062393 0.0063987 0.0062204 0.0062155 0.0061045 0.0060999 0.0060566 0.0059866 0.005882 0.0057997 0.0056831 0.0055579 0.0054403 0.0053366 0.0052271 0.005169 0.0051367 0.0051526 0.0051333 0.0049192 0.005016 0.0048912 0.0049614 0.0050951 0.0052554 0.005359 0.0054399 0.0055184 0.0055918 0.0056738 0.0057541 0.0058458 0.0059007 0.0060123 0.0059965 0.0059938 0.0058687 0.0056173 0.0056773 0.0057861 0.0057944 0.0057828 0.0056669 0.0054543 0.0060957 0.0064285 0.0064586 0.0063341 0.0064207 0.0065371 0.0063796 0.0065418 0.0065289 0.0064498 0.0066706 0.0067475 0.0070777 0.0072098 0.0073268 0.0069689 0.0070683 0.0070066 0.0071147 0.007112 0.0070473 0.0070625 0.0072611 0.0069835 0.0067756 0.0068353 0.0068934 0.0068086 0.0062979 0.0065703 0.006469 0.0066003 0.0066411 0.0066225 0.0063992 0.0063549 0.0068972 0.0063865 0.0061592 0.0062238 0.0061395 0.0060609 0.0059995 0.0061142 0.0062802 0.0059857 0.0059679 0.0058593 0.0060796 0.0061821 0.0063718 0.0063209 0.0061773 0.0061628 0.0062755 0.0065264 0.0066447 0.0068112 0.0069033 0.0071908 0.0070382 0.0072062 0.0073474 0.0073542 0.0076158 0.007309 0.0070316 0.0069843 0.0068904 0.0066897 0.0067289 0.0068224 0.0068729 0.0064566 0.0062297 0.0059797 0.0060534 0.0062133 0.0063343 0.0062435 0.0061659 0.0060446 0.0061029 0.0062293 0.0062735 0.006305 0.0063435 0.0062316 0.0062064 0.0061769 0.0061491 0.0062273 0.0061681 0.006201 0.0059903 0.0061833 0.0060039 0.0058642 0.0059879 0.0058512 0.0061588 0.0062517 0.0063586 0.0063626 0.0064391 0.006398 0.0064814 0.0064258 0.0067161 0.0064478 0.0068791 0.006433 0.006464 0.0064885 0.0064596 0.0063806 0.0066815 0.0068595 0.00658
0.006477 0.0065246 0.0063444 0.0063473 0.0063362 0.0063457 0.0065005 0.0068326 0.0066966 0.0066304 0.0065699 0.0065867 0.0066384 0.006564 0.0066182 0.0066655 0.0064813 0.0063185 0.0063323 0.0062383 0.0061643 0.0060869 0.0060644 0.006004 0.0059329 0.0058515 0.0057153 0.0055609 0.0053994 0.0052754 0.0051865 0.0050901 0.0050338 0.0050256 0.0050631 0.0049375 0.0049812 0.0048061 0.0048427 0.0049708 0.0050713 0.0051858 0.0052602 0.0053381 0.0054288 0.0054964 0.0055978 0.0056745 0.0057613 0.005837 0.0058889 0.0059621 0.005979 0.005841 0.0056781 0.0057822 0.0056474 0.0057437 0.005644 0.0055364 0.0055609 0.0056763 0.0063736 0.0063643 0.0064091 0.0063477 0.0065019 0.0065587 0.0065337 0.0065506 0.0066428 0.0066151 0.0067286 0.0068721 0.0072455 0.0074484 0.007202 0.0070921 0.0071952 0.0072365 0.0071658 0.0071298 0.0070928 0.007234 0.0071495 0.0072459 0.0069053 0.0069207 0.0068033 0.0066056 0.0065419 0.006604 0.0066798 0.0067258 0.0065188 0.0064418 0.0063663 0.006221 0.0062003 0.0062682 0.0063125 0.0063535 0.00597 0.0061047 0.006207 0.0061662 0.0062579 0.0058943 0.0058655 0.006026 0.0062269 0.0060552 0.0062561 0.006241 0.0062711 0.0063874 0.0064516 0.0066757 0.0066753 0.0069054 0.0070019 0.0071099 0.0069612 0.007262 0.007032 0.0069975 0.0070685 0.0064778 0.0066987 0.0066958 0.0066185 0.0065379 0.0067541 0.0064681 0.0062817 0.0061935 0.0057754 0.0058251 0.0061395 0.0060861 0.0061727 0.0061659 0.006027 0.0059101 0.0062404 0.00629 0.0062973 0.0063121 0.0063169 0.0062122 0.0061116 0.0060158 0.0059258 0.0060281 0.006321 0.006033 0.0060992 0.0060787 0.0058955 0.0061589 0.0061105 0.0061834 0.0061314 0.0061284 0.0063713 0.0064339 0.0065416 0.0064491 0.0063362 0.0066799 0.0067502 0.006596 0.0066167 0.006744 0.0066966 0.0064511 0.0062951 0.0065175 0.006525 0.0064196
0.0061602 0.006287 0.0062927 0.0062199 0.0063884 0.0065049 0.0066791 0.0070659 0.0070363 0.0068039 0.0067472 0.006595 0.0066478 0.0066376 0.0067246 0.0066315 0.0065507 0.0064605 0.0062652 0.0062345 0.0061614 0.0060671 0.0060087 0.005911 0.0058479 0.0057559 0.0056275 0.0054131 0.0051712 0.0050495 0.0049751 0.0049393 0.0049052 0.0049356 0.0049929 0.0046228 0.0049046 0.0047824 0.0048168 0.0048884 0.0049351 0.0050315 0.0051096 0.0051887 0.005291 0.0053939 0.0055031 0.0055879 0.0056929 0.0057651 0.0058146 0.0058535 0.005908 0.0058879 0.0057435 0.0056095 0.0056046 0.0055993 0.0056429 0.0056082 0.0054989 0.0059602 0.0062718 0.0062502 0.0063358 0.0064118 0.0065763 0.0066039 0.0066344 0.00653 0.0066073 0.0067031 0.0068589 0.007131 0.0075907 0.0076127 0.0075547 0.0071216 0.0072835 0.007278 0.0074649 0.0072315 0.0071688 0.0071424 0.0073118 0.0073772 0.0070393 0.0068674 0.0068841 0.0069162 0.0068007 0.0067095 0.0067336 0.0066765 0.0064811 0.0065528 0.0063732 0.0063143 0.0064176 0.0061168 0.0062695 0.0063052 0.00604 0.0061899 0.0060184 0.0061501 0.0058977 0.0058264 0.0060111 0.0060212 0.0059519 0.0060924 0.0060845 0.0061634 0.006214 0.0063016 0.0063037 0.006281 0.0063078 0.0067424 0.0068505 0.006871 0.0069169 0.0069121 0.006815 0.0067832 0.0065658 0.0065632 0.0066047 0.0065511 0.0065164 0.0063009 0.0062239 0.0063617 0.0062103 0.006093 0.0059247 0.0058743 0.0060268 0.0061091 0.0062217 0.0062343 0.0063222 0.0063171 0.0062569 0.0062752 0.0062866 0.0062942 0.0062396 0.0061949 0.0062989 0.006098 0.0059337 0.0059712 0.006128 0.0061862 0.0061381 0.0062193 0.0060211 0.00618 0.0062242 0.0061463 0.0061046 0.0060727 0.0063019 0.0063064 0.0062523 0.0062257 0.0065186 0.0067123 0.0068555 0.0069426 0.0069894 0.0071316 0.0069256 0.0069604 0.0068659 0.0067092 0.0067727 0.0061979
0.0061853 0.0061785 0.0062464 0.0063943 0.0064054 0.0065199 0.0068709 0.0069884 0.0069529 0.0068981 0.006808 0.0066608 0.0067057 0.0064066 0.0066846 0.0069109 0.0065585 0.0065498 0.0063802 0.0062156 0.0061499 0.0060692 0.0059239 0.005816 0.0057443 0.005644 0.0054894 0.0051723 0.0049302 0.0047929 0.004771 0.0047895 0.0048331 0.0048729 0.0047967 0.0046507 0.004741 0.0047895 0.0047562 0.0047294 0.0047574 0.0048551 0.0049563 0.0050338 0.0051694 0.0052835 0.0053945 0.0054816 0.0055881 0.0056833 0.0057246 0.0057983 0.005806 0.0058341 0.0057133 0.0055912 0.0054336 0.0054421 0.0056103 0.0055729 0.0055001 0.0060075 0.0062611 0.0060374 0.0062064 0.0075897 0.0081985 0.0074026 0.0065842 0.0066703 0.0064568 0.0067053 0.0068236 0.0070592 0.0075981 0.007559 0.0075928 0.0071282 0.0073389 0.0071752 0.0073155 0.0072561 0.0072686 0.0072608 0.0072898 0.0072502 0.0071209 0.0071169 0.0070843 0.0069321 0.0067245 0.006751 0.0067527 0.0066915 0.006567 0.0065779 0.0063844 0.0064087 0.0062631 0.0065419 0.0063225 0.0062128 0.0060512 0.0060489 0.0060445 0.0060217 0.0060581 0.0058761 0.0060589 0.0060565 0.0061146 0.0060379 0.0059712 0.0059622 0.0060789 0.0061041 0.0061744 0.0064283 0.0064646 0.0062634 0.0064875 0.0064384 0.0065444 0.0065446 0.006504 0.006709 0.0066589 0.0066502 0.0066081 0.0065282 0.0062924 0.0063486 0.0059184 0.0060502 0.0061027 0.0060414 0.0058404 0.0058483 0.0060466 0.0061435 0.0062607 0.0062752 0.0063272 0.006368 0.0062836 0.0062666 0.0062536 0.0062271 0.0062098 0.0061118 0.0061675 0.0061301 0.0060012 0.0060487 0.0059974 0.0060385 0.0061279 0.0062173 0.006132 0.0063547 0.0062185 0.0062023 0.006117 0.006045 0.0064372 0.0060628 0.0061858 0.0062965 0.0065382 0.0068769 0.0069316 0.0070529 0.007058 0.0071685 0.0072664 0.0070157 0.0070198 0.0068554 0.0070235 0.006639
0.0067798 0.0061971 0.0065776 0.0064589 0.006616 0.0067165 0.0072735 0.0071479 0.0068634 0.0069061 0.0069033 0.0066805 0.0065854 0.0066143 0.0067008 0.0068855 0.0062323 0.0065827 0.0067204 0.0062689 0.0061766 0.0060522 0.0059401 0.0058278 0.0056895 0.0055256 0.0052707 0.0048943 0.0045606 0.0044679 0.0045623 0.0046896 0.0047307 0.0047935 0.0048289 0.0048137 0.0048589 0.004866 0.0047018 0.004626 0.0046194 0.0047511 0.0048372 0.0049207 0.0050521 0.0052081 0.005323 0.005413 0.0054773 0.0055277 0.0055346 0.0056657 0.0057309 0.0057341 0.0056261 0.0055878 0.0054677 0.0058086 0.0055518 0.0058603 0.0060401 0.0073938 0.0078295 0.0080883 0.0083873 0.0082748 0.0080088 0.0083761 0.0083554 0.006734 0.0066705 0.0069539 0.0069056 0.0069809 0.0074063 0.0073902 0.0075163 0.0073796 0.0072762 0.0072339 0.0072693 0.0072796 0.0072432 0.0073722 0.0072371 0.0071986 0.0072064 0.0071022 0.0070362 0.0069817 0.0070369 0.006896 0.0068297 0.0066489 0.0065709 0.006578 0.0065266 0.0064287 0.0062142 0.0064255 0.0061489 0.0061945 0.006138 0.0060078 0.0060507 0.0059465 0.0059983 0.0059864 0.0059321 0.00596 0.0061201 0.0059327 0.0058708 0.0058629 0.0058954 0.0057825 0.0061052 0.0064194 0.0064364 0.0064462 0.0062596 0.0064518 0.0064404 0.0063948 0.0065232 0.006601 0.0066155 0.0066935 0.0064267 0.0062768 0.0061982 0.0058764 0.0058469 0.0058635 0.0059712 0.0059186 0.0058353 0.005899 0.0059192 0.0060813 0.0062024 0.0062957 0.0062791 0.0062876 0.0063365 0.0062891 0.0062073 0.0062439 0.0061218 0.006214 0.0061173 0.0062146 0.0059751 0.00587 0.0062203 0.0062959 0.0060382 0.0062972 0.006311 0.006204 0.0062292 0.0061854 0.0060477 0.006133 0.0063146 0.0063692 0.0063143 0.0063284 0.0064403 0.0069566 0.0071302 0.0075555 0.0073459 0.0072732 0.0070436 0.0073691 0.007155 0.0075288 0.006627 0.006707
0.0068818 0.0068164 0.0066634 0.006524 0.0066272 0.0068459 0.0070717 0.0072805 0.0071732 0.0072603 0.0070942 0.0068305 0.0067571 0.0068441 0.0068291 0.0068729 0.0066209 0.0065952 0.0065242 0.0063679 0.0062356 0.0060811 0.0059559 0.0058282 0.0056559 0.0054511 0.0051655 0.004671 0.0042241 0.0041469 0.0043618 0.0045881 0.0046664 0.0046892 0.0047093 0.0048747 0.0048152 0.004805 0.0046655 0.0046048 0.0046147 0.0049079 0.0047259 0.0048461 0.0049812 0.0051169 0.0052576 0.0053477 0.0054189 0.005472 0.0054878 0.005728 0.0055374 0.0060795 0.0077037 0.0073645 0.0074283 0.006468 0.0081371 0.0084669 0.0075667 0.0060283 0.0059984 0.0060947 0.0077035 0.0078647 0.0074185 0.0074381 0.006412 0.0081274 0.0069577 0.0068442 0.0069877 0.0071109 0.007169 0.0073915 0.0073261 0.0075087 0.0076299 0.0073281 0.0072946 0.0073012 0.0072794 0.0072795 0.0071565 0.0071923 0.0072754 0.0071468 0.007023 0.0071825 0.0070717 0.0070095 0.0068923 0.0067507 0.006933 0.0066759 0.0065809 0.0064639 0.0063929 0.0063946 0.0063767 0.0062578 0.006104 0.0060256 0.0059524 0.0061462 0.005968 0.0059581 0.0059133 0.0058862 0.0059003 0.0059531 0.005809 0.0059449 0.0059035 0.0059916 0.005993 0.0063013 0.006379 0.006325 0.0063472 0.0064589 0.0063895 0.0063872 0.006266 0.0064629 0.0064942 0.0065061 0.0064128 0.0063242 0.0059375 0.0058539 0.0057468 0.0059389 0.0058848 0.0059622 0.0058193 0.0058825 0.0061308 0.0061433 0.0063371 0.0062906 0.0063434 0.0063075 0.0063326 0.0063021 0.0061589 0.0060956 0.0060737 0.0061032 0.0060853 0.0060044 0.0061624 0.00598 0.006314 0.0063059 0.006109 0.0061157 0.0062486 0.0062935 0.0061817 0.0062256 0.0060767 0.0060264 0.0061557 0.0065406 0.0065618 0.0066463 0.00683 0.0071571 0.0072995 0.0074398 0.0074818 0.0074287 0.0073972 0.0074876 0.007567 0.0074259 0.0075576 0.0074151
0.0075385 0.007332 0.0075852 0.0076063 0.0069992 0.0069682 0.0071141 0.0073223 0.0071853 0.0071958 0.0070928 0.0070549 0.0070802 0.0068823 0.0069823 0.0069301 0.006872 0.0066899 0.0065983 0.006445 0.0062851 0.0061659 0.0059816 0.0058277 0.0056077 0.0054144 0.0051552 0.0047213 0.0042361 0.0039696 0.0040933 0.0045839 0.0046434 0.0046464 0.0046265 0.0047775 0.004759 0.0046904 0.0045848 0.0045336 0.0046363 0.004717 0.0047035 0.0048279 0.0049393 0.0050519 0.0052466 0.0053069 0.0053688 0.0054387 0.0054023 0.005618 0.0070799 0.0075155 0.0085955 0.0086385 0.006948 0.0052591 0.0051952 0.0055173 0.0057424 0.0058167 0.0059265 0.006011 0.0061924 0.0061477 0.0062288 0.0069562 0.0065748 0.006619 0.008326 0.0072374 0.0083418 0.0074433 0.0072512 0.0076316 0.0076435 0.0074618 0.0075732 0.0076015 0.0073444 0.0073476 0.0073799 0.0073102 0.0073363 0.007287 0.0074173 0.0072278 0.0072722 0.0071352 0.0071364 0.0072473 0.0069241 0.006838 0.0067282 0.0067167 0.0067514 0.0065833 0.0060543 0.0062084 0.0063968 0.006426 0.0062141 0.006114 0.0060737 0.0059516 0.0059369 0.0059656 0.0058839 0.0058984 0.0060701 0.0059398 0.0059734 0.0058694 0.005959 0.0060125 0.0059906 0.0060758 0.0062228 0.0061405 0.0061988 0.0063065 0.0062891 0.0062519 0.0061271 0.0064629 0.0064166 0.0065334 0.0064155 0.0064019 0.0062882 0.0059811 0.0057809 0.0058569 0.0058395 0.0060426 0.005909 0.0060752 0.0062118 0.0062235 0.0063966 0.0063605 0.0062951 0.0063338 0.0063439 0.0063291 0.0062764 0.0062996 0.0061912 0.0061816 0.0061344 0.0059894 0.005851 0.0060238 0.0060001 0.006098 0.0062543 0.0062982 0.0061984 0.0063903 0.0062648 0.0064728 0.0065976 0.0064481 0.0065318 0.0071241 0.0066104 0.0068193 0.0069538 0.0072492 0.007358 0.0073909 0.0075765 0.0075247 0.007615 0.0076813 0.0076869 0.0073199 0.0074264 0.0072307
0.0070795 0.0072308 0.007203 0.0074434 0.0076005 0.0070871 0.0073374 0.0071852 0.0073436 0.0074088 0.0071853 0.0072488 0.0071039 0.0070503 0.0070578 0.0069307 0.0069325 0.006785 0.0066891 0.0065068 0.0063857 0.0061996 0.00606 0.0058712 0.0056795 0.0054583 0.0052169 0.0050005 0.0043025 0.0038838 0.0038835 0.004365 0.0046149 0.0046159 0.0046317 0.0046053 0.0047024 0.0046506 0.0046593 0.0045882 0.0046185 0.004767 0.0052146 0.0057146 0.0053569 0.0050683 0.0052316 0.0054075 0.0053904 0.0055207 0.0073255 0.0078736 0.0078186 0.0085294 0.0074762 0.0053908 0.005133 0.0058509 0.0053221 0.0057185 0.0058112 0.0058693 0.006151 0.0060833 0.0062688 0.0063558 0.0072267 0.00666 0.0077329 0.0068396 0.0083604 0.0083692 0.0084921 0.0080828 0.0078992 0.0076583 0.0073541 0.0075036 0.0075267 0.0078853 0.0076041 0.0073278 0.007416 0.0074355 0.007395 0.0074169 0.0075301 0.0072658 0.0072953 0.0072956 0.0074048 0.0070435 0.0070398 0.0069943 0.0068318 0.0066844 0.0067246 0.0066076 0.0063318 0.0062914 0.0064178 0.0063438 0.0061661 0.0062315 0.0062144 0.0060574 0.0059469 0.0060805 0.0065605 0.0067151 0.0059789 0.0061262 0.006026 0.0060664 0.0060458 0.0059927 0.0060019 0.0060368 0.0061365 0.0061608 0.0061673 0.0060819 0.0061657 0.0060958 0.0060822 0.0061268 0.0062397 0.0063891 0.0064159 0.0064149 0.0062695 0.0061145 0.005791 0.0060903 0.0060951 0.0058803 0.0061996 0.0063034 0.0060734 0.0062518 0.0063902 0.0064088 0.0064733 0.0063876 0.0063889 0.0063012 0.0062649 0.0064348 0.0063899 0.0062249 0.0059363 0.0060224 0.0058565 0.0061347 0.0063034 0.0062365 0.0063261 0.006505 0.0063274 0.0064395 0.0066269 0.0071176 0.0073124 0.0069982 0.0069685 0.007313 0.0072841 0.0071869 0.0073304 0.0073637 0.0074516 0.007544 0.0076339 0.0079209 0.0077863 0.0077618 0.0073515 0.0064248 0.0074049 0.0073112
0.0073597 0.0073248 0.0072548 0.0072546 0.0078274 0.0076905 0.0074332 0.0074794 0.0077116 0.0075552 0.0074794 0.0073204 0.0072091 0.0071884 0.0071763 0.0072185 0.0071599 0.0069341 0.0067764 0.0066209 0.0064579 0.0062849 0.006135 0.0059224 0.0057295 0.0055563 0.0053534 0.0051838 0.0044235 0.0039614 0.0040438 0.0042635 0.0045435 0.0045977 0.0046355 0.0046852 0.0045861 0.0045901 0.0046882 0.0045912 0.0054848 0.0055734 0.004827 0.0060458 0.0058089 0.0059932 0.0059882 0.0070396 0.0071155 0.0065632 0.0058593 0.0053005 0.0063236 0.0083468 0.0071761 0.0073696 0.0075763 0.0060624 0.0056611 0.0058783 0.0059274 0.0059406 0.0060575 0.0061289 0.0067634 0.0075346 0.0076335 0.0074088 0.0063929 0.0064772 0.0075317 0.0084062 0.0083608 0.0081241 0.0082856 0.0080833 0.0078556 0.0074184 0.0073957 0.0075253 0.0075668 0.0074872 0.0075215 0.0073778 0.0074265 0.0073644 0.0072764 0.0072055 0.0071755 0.0072311 0.007183 0.0072599 0.0070378 0.0069897 0.0069748 0.0070107 0.0070125 0.0067144 0.0064663 0.0065407 0.0061701 0.0061501 0.0062173 0.0062363 0.0059678 0.0061447 0.0062055 0.0060856 0.0060773 0.0060938 0.0061756 0.0061636 0.0062245 0.0059565 0.0059875 0.0059933 0.0059903 0.0061906 0.006211 0.0061373 0.0060008 0.0059334 0.0059786 0.0058907 0.0060488 0.0062499 0.0061601 0.0062244 0.0064081 0.0064113 0.0063618 0.0063125 0.0059222 0.0058891 0.0060456 0.0061463 0.0061539 0.0061977 0.0061445 0.0062922 0.006413 0.0063902 0.0065218 0.006502 0.0064774 0.0065017 0.0065611 0.0065551 0.0065393 0.0066651 0.0058635 0.0058132 0.0058729 0.0061349 0.005967 0.0064709 0.0071102 0.0067925 0.0068227 0.0067964 0.007121 0.0073039 0.0072453 0.007158 0.0074714 0.0076296 0.0074987 0.0076082 0.007626 0.0076014 0.0076228 0.0076144 0.0077018 0.0078221 0.0079208 0.0079265 0.0076861 0.0075472 0.0074928 0.0073671
0.0074064 0.0074777 0.0075481 0.0075176 0.0073805 0.0078605 0.0078193 0.0078085 0.0078862 0.0076077 0.0074682 0.0071859 0.0072933 0.0073744 0.0074911 0.0075673 0.007566 0.0073463 0.006854 0.0068405 0.0066182 0.0064458 0.0062643 0.0060433 0.0058647 0.0056779 0.0055027 0.0052416 0.0049277 0.0045545 0.0043023 0.0043446 0.004545 0.0045739 0.0046549 0.0047145 0.0047096 0.004957 0.0047771 0.0046326 0.0047134 0.0047866 0.0048973 0.0063065 0.0056404 0.0065233 0.0057453 0.0060437 0.0056368 0.0053838 0.0052519 0.0063359 0.0070406 0.007177 0.0068617 0.0054081 0.0055248 0.0059332 0.007175 0.0072432 0.0060211 0.0060805 0.006132 0.0061505 0.0064521 0.0062853 0.0066181 0.0064072 0.006441 0.0065729 0.0068629 0.007274 0.0079621 0.0071259 0.007106 0.00796 0.0081358 0.0079817 0.0072547 0.0073635 0.0078334 0.0076492 0.0076084 0.0075189 0.0074715 0.0073561 0.0072478 0.007258 0.0073537 0.0072726 0.0072009 0.0071539 0.0072209 0.0069755 0.00698 0.0070564 0.0070142 0.0069928 0.0068044 0.0068577 0.0064714 0.0060779 0.0061494 0.0062222 0.0063553 0.0062312 0.0061852 0.0061558 0.0062036 0.0061332 0.0063676 0.0064009 0.0063323 0.0060335 0.0059685 0.0059932 0.0059035 0.0059844 0.0058934 0.0061026 0.0059892 0.0061198 0.0060186 0.0060273 0.0061244 0.0060469 0.0063073 0.0061285 0.0063581 0.0063845 0.0063179 0.0061014 0.0061484 0.0059498 0.006135 0.0061932 0.0063447 0.006293 0.0063367 0.0063946 0.0063477 0.0064575 0.0066925 0.0067228 0.0066381 0.0066017 0.0069515 0.0067975 0.0065702 0.0064633 0.0062274 0.0060541 0.0063862 0.006332 0.0062917 0.0065318 0.0075248 0.0071412 0.0081816 0.0075465 0.0073967 0.0072272 0.0072347 0.0075163 0.0075184 0.0077426 0.0077504 0.0077003 0.0076997 0.0077533 0.0077845 0.0077669 0.0078844 0.0078757 0.0078733 0.0079072 0.0079238 0.0077928 0.0076473 0.0075174
0.007529 0.0074985 0.0076358 0.0076602 0.0075675 0.0080258 0.0080332 0.0079516 0.0077232 0.007813 0.0073336 0.0069917 0.0075117 0.0078652 0.0078249 0.007911 0.0072752 0.0068782 0.0073314 0.0070932 0.0069035 0.0066015 0.0065339 0.0062794 0.0060275 0.0058261 0.0056505 0.0053705 0.005174 0.0048408 0.0046146 0.0045742 0.0045123 0.0045057 0.0046777 0.0047795 0.0048603 0.0049045 0.0049153 0.0048114 0.0047641 0.0049052 0.0050039 0.005245 0.005331 0.0053464 0.0055383 0.0055506 0.0054956 0.0054031 0.0053259 0.0052624 0.0054092 0.0063582 0.0061138 0.0055749 0.0057778 0.005961 0.0060879 0.0076763 0.0060177 0.0062967 0.0062826 0.0064097 0.0064387 0.006491 0.0070803 0.0066484 0.0067242 0.0069065 0.007037 0.0071478 0.0083785 0.0073954 0.0073285 0.0078498 0.0076711 0.0077622 0.0074706 0.0075149 0.0076194 0.0076183 0.0078324 0.0076527 0.0074965 0.0074179 0.0074784 0.0073661 0.0073536 0.0073168 0.0072752 0.0071955 0.0071381 0.0071102 0.0070323 0.007007 0.006763 0.0070014 0.0069962 0.0070227 0.0065794 0.0063288 0.0062309 0.006299 0.0064224 0.0062264 0.0062755 0.0063543 0.0063245 0.0063261 0.0064291 0.006431 0.0063085 0.0061825 0.0061065 0.0059372 0.0058332 0.0063077 0.0062303 0.0061239 0.0060891 0.0061403 0.0060735 0.006239 0.0060096 0.0061437 0.0060526 0.0063236 0.0063473 0.0064459 0.0062636 0.0063242 0.0062795 0.0062284 0.0063918 0.0067437 0.0062515 0.0065336 0.0064691 0.0063519 0.0064646 0.0064991 0.006863 0.006864 0.0066551 0.0070368 0.0069307 0.0066914 0.0065408 0.0064147 0.0061961 0.0062707 0.0062285 0.0063087 0.0064132 0.0068226 0.0075273 0.007531 0.0075645 0.0073458 0.0076005 0.0075394 0.0075169 0.0074707 0.0075845 0.007765 0.0076727 0.0075262 0.0078746 0.0078994 0.0078777 0.0079369 0.0079628 0.0079856 0.0079804 0.0079853 0.0079491 0.0078894 0.0077114 0.0076786
0.0077262 0.0076816 0.0077155 0.0078186 0.0078677 0.0080424 0.0080504 0.0079197 0.0078505 0.0075298 0.0072459 0.0069087 0.0075828 0.0078377 0.0080107 0.0076599 0.0073416 0.0075283 0.007459 0.0071205 0.007025 0.0068693 0.0067151 0.0064843 0.0062407 0.0059436 0.0057252 0.0054971 0.0052927 0.0050911 0.0048289 0.0046935 0.0044034 0.0041451 0.0047287 0.0048326 0.0049001 0.0049695 0.0050127 0.0050227 0.0050353 0.0052683 0.0053725 0.0054665 0.0055465 0.0057273 0.0058339 0.0059116 0.0060059 0.0060922 0.0059652 0.0063886 0.0077521 0.0055819 0.0056227 0.0057188 0.0060124 0.0061409 0.0061793 0.0067587 0.0063176 0.0064304 0.0064511 0.0064394 0.0065455 0.0065941 0.0065867 0.0070864 0.0071389 0.0070854 0.0076218 0.0071918 0.008193 0.0082444 0.0075807 0.0075871 0.0074948 0.0075253 0.0075614 0.007696 0.0079526 0.0078529 0.007776 0.0075445 0.0075751 0.0075496 0.0074656 0.007365 0.0073013 0.007276 0.0073045 0.0073678 0.0072129 0.0071775 0.0070602 0.0070124 0.0067071 0.0069885 0.0069802 0.0070084 0.0065952 0.0065018 0.0064182 0.0063297 0.0064291 0.0063922 0.006369 0.0064473 0.0064696 0.0064982 0.0065608 0.0065466 0.0062508 0.0061541 0.0061428 0.0060179 0.0059079 0.0063159 0.006229 0.0062138 0.0062266 0.0060699 0.0061031 0.006025 0.006166 0.006193 0.0062683 0.0063299 0.0065975 0.0065198 0.0063699 0.0061855 0.0063575 0.0064149 0.0067239 0.0066893 0.0065744 0.00704 0.006499 0.0064241 0.0065224 0.0065946 0.0069128 0.0069414 0.0069722 0.0070689 0.0070034 0.0065268 0.0066414 0.0064252 0.0063751 0.0064146 0.0067314 0.0067645 0.006962 0.0075099 0.0077015 0.0077984 0.00768 0.0076559 0.0078605 0.0077705 0.0076084 0.0075918 0.0077799 0.0077034 0.0075031 0.0076992 0.007858 0.0079171 0.0079347 0.0079512 0.0079567 0.0079909 0.0080016 0.0079911 0.0079152 0.0079229 0.0078348 0.007758
0.00778 0.0076961 0.0078175 0.007966 0.0079141 0.0079784 0.0080541 0.0081286 0.0078746 0.0076352 0.0073081 0.0073221 0.0077638 0.0080096 0.0080189 0.0078551 0.0077253 0.0076275 0.0070981 0.007358 0.0071434 0.0071425 0.0067416 0.0063893 0.0061647 0.0061015 0.0058602 0.0055603 0.0053196 0.0052392 0.0051216 0.0049787 0.0044815 0.0040441 0.0041807 0.0049075 0.0049466 0.0049805 0.0050656 0.0051573 0.0052732 0.0053692 0.005442 0.0055425 0.0056714 0.005843 0.0059601 0.006094 0.0063126 0.0065123 0.0059186 0.0055615 0.0055037 0.0056294 0.0057338 0.0059456 0.0061159 0.0062904 0.0063204 0.006526 0.0064128 0.006507 0.0068345 0.0065069 0.0065694 0.0066385 0.0065716 0.0073952 0.0068602 0.0070359 0.0072727 0.0081019 0.0085621 0.0085218 0.0073856 0.0074959 0.0075119 0.0075619 0.0074053 0.0079988 0.0074148 0.0079674 0.0076605 0.0075064 0.00766 0.0076232 0.0074847 0.0073521 0.0074099 0.0072972 0.0072812 0.0073382 0.0072391 0.007231 0.0071961 0.0070471 0.0069974 0.0068006 0.0068197 0.0067166 0.0066991 0.00673 0.0066107 0.0067546 0.0064588 0.0063612 0.0063885 0.0066273 0.0065506 0.0065351 0.0065365 0.0063433 0.0064177 0.0063419 0.006171 0.0060982 0.00623 0.0062251 0.0061081 0.0062785 0.0061986 0.0061379 0.0061738 0.0061873 0.0061842 0.0062306 0.0063085 0.0064222 0.00645 0.006542 0.0067746 0.0066696 0.0069231 0.0069038 0.0069745 0.0069167 0.0067604 0.0067307 0.0068475 0.0066875 0.0069301 0.0069687 0.007136 0.0071221 0.007172 0.0069747 0.0066649 0.0066323 0.0066653 0.0065162 0.0066398 0.0068697 0.0073199 0.0074368 0.0074728 0.0075323 0.0077148 0.0078131 0.0077641 0.007852 0.0077796 0.0077799 0.0077116 0.0078265 0.0078029 0.0077229 0.0076168 0.0078241 0.0078847 0.0079104 0.0079397 0.0079633 0.0079648 0.0079811 0.0079888 0.0079896 0.0079976 0.0079621 0.007925 0.0078678
0.0080049 0.0079567 0.0079812 0.0080323 0.0080884 0.0081133 0.0080941 0.0080525 0.0079985 0.0076427 0.0075391 0.0075828 0.0080373 0.0081002 0.0080858 0.0079847 0.007899 0.0073828 0.007305 0.0075201 0.0073946 0.0069585 0.0066276 0.0063073 0.0060435 0.0063411 0.006042 0.0053887 0.0053282 0.0053585 0.0053181 0.0053581 0.0052201 0.0044255 0.004744 0.0049841 0.004923 0.0049529 0.0050852 0.0052135 0.005334 0.0054039 0.0054636 0.0054574 0.0058097 0.005967 0.0061557 0.0062889 0.0064325 0.0067961 0.0068196 0.0061296 0.0059038 0.00599 0.0061361 0.006277 0.0063739 0.0064251 0.0064619 0.0066079 0.0065846 0.0065141 0.006396 0.0068727 0.0069602 0.0067258 0.0068038 0.0070626 0.0071022 0.0072633 0.0073394 0.0074527 0.0083039 0.0083799 0.0081511 0.0079597 0.008029 0.0079181 0.0078118 0.0078095 0.0075493 0.007476 0.0076737 0.0075712 0.0075097 0.0076744 0.0074467 0.0073074 0.0073678 0.0073568 0.0074138 0.0073437 0.0073061 0.0072403 0.00718 0.0070664 0.0070453 0.0069053 0.006983 0.0068773 0.0068751 0.0068754 0.0068674 0.0067415 0.0067437 0.0064552 0.0065857 0.00679 0.0069937 0.0065194 0.0065794 0.0064529 0.0062841 0.006269 0.0062104 0.0063883 0.0063009 0.0062988 0.0061732 0.0062936 0.006224 0.0061676 0.0061581 0.0062129 0.0062213 0.0062555 0.0063604 0.0064296 0.0065498 0.0066106 0.0070814 0.0073358 0.0075077 0.0075955 0.0078243 0.0075619 0.0070219 0.0069535 0.0068588 0.0070259 0.0070495 0.0071681 0.0072403 0.0071564 0.0071173 0.0068509 0.0068179 0.0067331 0.0066644 0.006517 0.0069867 0.0075199 0.0074631 0.0073679 0.0074175 0.007691 0.0077658 0.0078288 0.0078495 0.0078913 0.0077528 0.0078832 0.0078359 0.0078701 0.0078509 0.0077623 0.0077994 0.007869 0.0078919 0.007907 0.0079153 0.0079508 0.0079662 0.0079715 0.0079695 0.007985 0.0079953 0.0080062 0.0080162 0.0080227
0.0079979 0.0080491 0.008162 0.008053 0.0081325 0.0081403 0.0081092 0.0080955 0.0080473 0.0078714 0.0077767 0.007724 0.0081078 0.0081659 0.0081666 0.0081045 0.007724 0.0072739 0.007694 0.007609 0.0072906 0.0067195 0.0064243 0.0062432 0.0063661 0.006415 0.0063107 0.0058322 0.0053622 0.0053331 0.0053977 0.0055286 0.0056128 0.0055098 0.0052457 0.0050739 0.0048788 0.0048334 0.0051223 0.0052922 0.0054127 0.0054806 0.005516 0.0054406 0.0058835 0.0061799 0.0063376 0.0064577 0.0066389 0.006965 0.0071066 0.006321 0.0063107 0.0064431 0.0065353 0.0066344 0.0066042 0.0066263 0.0066531 0.0067395 0.0069141 0.0066676 0.0064848 0.0065702 0.006703 0.0069492 0.0070843 0.0071488 0.0071817 0.0073794 0.0076116 0.0081763 0.007627 0.0079654 0.0083498 0.0081642 0.0078961 0.0076145 0.0075395 0.0075615 0.0074567 0.0075945 0.0075006 0.007562 0.0076999 0.0075457 0.007515 0.007345 0.0073897 0.0073469 0.0073163 0.0073281 0.0071794 0.0071524 0.0071306 0.0071159 0.0070933 0.0071023 0.0070237 0.0068943 0.0068974 0.0068802 0.0068291 0.0068687 0.0068192 0.0068003 0.006833 0.0067759 0.0068238 0.0064443 0.0065188 0.0061899 0.0062684 0.0062229 0.0063104 0.0062407 0.0062537 0.0063154 0.0062839 0.0062794 0.0062267 0.0061794 0.0061398 0.0061628 0.0063987 0.0062895 0.0063536 0.0064832 0.0066419 0.0068832 0.0073251 0.008302 0.0083696 0.0083713 0.0083503 0.0082546 0.0080037 0.0074241 0.0072727 0.0072277 0.0071999 0.0073464 0.0072676 0.0071221 0.0071478 0.0069113 0.0068115 0.0068344 0.0065762 0.0066213 0.0075031 0.0074525 0.0075429 0.0075669 0.0076333 0.0076612 0.0077949 0.0078443 0.0078822 0.0078893 0.0078679 0.0078474 0.0078767 0.0078738 0.007876 0.0078721 0.0078719 0.0078636 0.0078918 0.0078951 0.0078951 0.0079247 0.0079439 0.0079548 0.0079626 0.0079819 0.0079984 0.0080066 0.0080191 0.0080361
0.0080255 0.0080574 0.0080824 0.0080934 0.0081318 0.0081434 0.008139 0.0081295 0.0080974 0.0079913 0.0078573 0.0080139 0.0081733 0.0082114 0.0082226 0.0081216 0.0076519 0.0078795 0.0078357 0.0076292 0.007114 0.0067831 0.0068388 0.0066967 0.0066131 0.0065851 0.0064274 0.0060904 0.0052451 0.0052922 0.0053975 0.0056551 0.0057487 0.0056654 0.0054631 0.005197 0.0046564 0.0046524 0.0052573 0.005399 0.005488 0.0055451 0.0055846 0.0056723 0.0060855 0.0062435 0.0063802 0.0065416 0.0067152 0.0069219 0.0071254 0.0071613 0.0066026 0.0065863 0.0065841 0.0066038 0.0066812 0.0067606 0.0068365 0.0069004 0.0069372 0.0068158 0.0065768 0.0068079 0.0070319 0.0071114 0.0072384 0.0072969 0.0073377 0.0074774 0.0076851 0.008202 0.0084117 0.0081942 0.0083437 0.0076656 0.0076206 0.0075679 0.0078572 0.0079104 0.0078139 0.0075622 0.0076 0.0076413 0.0075519 0.0074277 0.007434 0.0073374 0.0073982 0.0072941 0.0073419 0.0073 0.0072777 0.0073392 0.007123 0.0070745 0.0070235 0.0071221 0.0069712 0.0068235 0.0068235 0.0068546 0.0069084 0.0068378 0.0068008 0.0069135 0.0066726 0.0070295 0.0068275 0.0068692 0.0066411 0.0064361 0.0063742 0.0061779 0.0062199 0.0062636 0.0062244 0.0062844 0.0062872 0.0063014 0.0062123 0.0062392 0.0061501 0.0063755 0.0065651 0.0062528 0.00636 0.0065235 0.0068847 0.0074472 0.008265 0.0084189 0.0083954 0.0083859 0.0083831 0.0083451 0.008326 0.0081177 0.0074601 0.0074374 0.0074792 0.007383 0.007206 0.0072445 0.0069165 0.0067502 0.0068076 0.0069988 0.0068502 0.0068357 0.0074327 0.0076091 0.007652 0.0077154 0.0077702 0.0077367 0.0078602 0.0078906 0.0078618 0.0078939 0.0079077 0.0078598 0.007874 0.0078677 0.007885 0.0078829 0.0078677 0.0078665 0.0078611 0.007865 0.0078752 0.0078444 0.0079181 0.0079447 0.0079335 0.0079834 0.0080092 0.0080229 0.008031 0.0080459
0.0080629 0.0081109 0.0080215 0.0080514 0.0081474 0.0081404 0.0081468 0.0081315 0.0081726 0.0080357 0.0079225 0.0081437 0.0082293 0.0082513 0.008237 0.0080303 0.0078909 0.0080271 0.0078108 0.0074095 0.0073203 0.0071648 0.0070964 0.0069896 0.0068658 0.0067007 0.0065417 0.0061433 0.0054108 0.0053814 0.0055633 0.0058482 0.0058434 0.0059216 0.0057592 0.0053285 0.0045217 0.0041915 0.0050651 0.0054898 0.0055412 0.0056146 0.0056917 0.0058233 0.0060553 0.0062487 0.0064121 0.0065885 0.0067304 0.0069442 0.0071318 0.0071736 0.0070624 0.0067096 0.0066754 0.0066813 0.0067485 0.0068344 0.0069022 0.0069933 0.0070825 0.0070197 0.006927 0.0069726 0.0070536 0.0072744 0.0074886 0.0075155 0.0075563 0.0077747 0.0081921 0.0082307 0.008174 0.0083877 0.0078208 0.0077967 0.0078402 0.007777 0.0079253 0.0076279 0.0076311 0.0075868 0.0075499 0.0076032 0.0076472 0.0075405 0.0074858 0.0075721 0.0074828 0.0074941 0.0073661 0.007322 0.0072447 0.0072877 0.0071964 0.007353 0.0071232 0.0070316 0.0069954 0.0070426 0.0070329 0.0067658 0.0066507 0.0066113 0.0068765 0.0069587 0.0069992 0.006748 0.0067066 0.0066267 0.0065958 0.0066045 0.0065107 0.0065901 0.0064412 0.0063216 0.0062616 0.0062795 0.00628 0.0061718 0.0062483 0.00622 0.0061065 0.0066806 0.0063013 0.0062531 0.0064201 0.0066508 0.0070696 0.0078512 0.0083347 0.0084353 0.0084393 0.0084276 0.0084002 0.0083779 0.0083527 0.0082707 0.0080315 0.0077671 0.0076149 0.0076091 0.0071993 0.0070541 0.0070419 0.0069894 0.0072128 0.0073383 0.0072501 0.0072601 0.0075499 0.0077209 0.0078236 0.0077158 0.0078521 0.0079113 0.0078684 0.0078604 0.0078195 0.0078299 0.0080148 0.007786 0.0077651 0.0078028 0.0078531 0.0078767 0.0078182 0.0078401 0.0077898 0.0078058 0.0078085 0.0079031 0.0079121 0.0079475 0.007918 0.0079802 0.0080084 0.0080296 0.0080449 0.0080433
0.0080922 0.0080877 0.008084 0.0080832 0.0081748 0.0081765 0.0081989 0.0081854 0.0082433 0.008208 0.0081528 0.0082735 0.0082901 0.0082766 0.0082551 0.008229 0.0080483 0.0080574 0.0078049 0.0075326 0.0074183 0.0073299 0.0071625 0.0070052 0.0068433 0.0067163 0.0064932 0.0061316 0.0058451 0.0059547 0.0059325 0.0059297 0.0059399 0.0059461 0.005987 0.0059417 0.0046666 0.0038791 0.0039756 0.0054845 0.0055925 0.0056734 0.0057709 0.0059014 0.0060563 0.0062709 0.0064789 0.0066291 0.0068077 0.0069404 0.0070959 0.0071916 0.0071684 0.0068166 0.0067591 0.0067522 0.0068199 0.0069075 0.0069577 0.0070365 0.0071112 0.0069677 0.0069133 0.0071564 0.0073008 0.0074394 0.0076697 0.0077913 0.0078944 0.0078226 0.0083842 0.00829 0.0078011 0.0084052 0.0081785 0.0077744 0.0082273 0.0076975 0.0076228 0.007734 0.0076058 0.0075654 0.0074969 0.0074587 0.0075444 0.0075758 0.00765 0.0075732 0.0075368 0.0074962 0.0073751 0.0073399 0.007351 0.0073484 0.007418 0.0071959 0.0073242 0.0070311 0.0070739 0.0071102 0.0070381 0.0070148 0.0068541 0.0066323 0.0069502 0.0069027 0.0073437 0.0068934 0.0071064 0.006592 0.0067023 0.0066765 0.0066494 0.0067417 0.0065939 0.0063803 0.0062599 0.0063657 0.0064577 0.0062332 0.0063097 0.0062694 0.0061845 0.0061382 0.0062086 0.0063909 0.0065595 0.0068106 0.0073288 0.007995 0.0084342 0.008454 0.0084692 0.0084309 0.0083839 0.0083799 0.0083331 0.0083009 0.008136 0.007867 0.0077461 0.00724 0.0073717 0.0072783 0.0071532 0.0073993 0.0075643 0.00765 0.0076478 0.0076804 0.0077711 0.0078713 0.007967 0.0079835 0.007911 0.00795 0.0079055 0.0079044 0.0077992 0.007744 0.0076708 0.0075885 0.0076158 0.0076438 0.0076925 0.0077276 0.0077381 0.0077361 0.0077526 0.0078994 0.0075368 0.0078234 0.0078955 0.0078988 0.0079004 0.0080075 0.0080235 0.0080162 0.0078298 0.0080391
0.0080461 0.0081177 0.0079418 0.0079364 0.0081711 0.0081607 0.0082123 0.0082409 0.0082582 0.0082779 0.0083043 0.0083309 0.0083271 0.0083171 0.0083019 0.0082406 0.0081761 0.0080253 0.0075033 0.007547 0.0074631 0.0072603 0.0071288 0.0070259 0.0068229 0.0066537 0.0065043 0.0063371 0.0060364 0.0060366 0.0059922 0.0059882 0.0059888 0.0060272 0.0061008 0.0061624 0.0059011 0.0040191 0.0041936 0.0052239 0.0055278 0.0057498 0.0058792 0.0059757 0.0050613 0.0063826 0.0065539 0.0066938 0.0068456 0.0069407 0.0071218 0.0071808 0.0071963 0.0068626 0.0068201 0.0068532 0.0069175 0.0069807 0.007024 0.0070767 0.0070997 0.007139 0.0072413 0.0071506 0.007407 0.0077336 0.0078634 0.0079707 0.0080209 0.0083055 0.0083562 0.0082948 0.008006 0.0079536 0.0078578 0.0081972 0.0079167 0.0078432 0.0076152 0.0074705 0.0074635 0.0075738 0.0075049 0.0075485 0.0075393 0.0075368 0.0083291 0.0075501 0.0079261 0.0074829 0.0073528 0.0073803 0.0073828 0.0074893 0.0074531 0.0071778 0.0071861 0.0072218 0.0072746 0.00729 0.007253 0.0069741 0.006894 0.0069396 0.0069993 0.0070732 0.0069992 0.0071347 0.0073604 0.0068545 0.006829 0.0069795 0.006765 0.0067204 0.0066507 0.006557 0.0064493 0.0065024 0.0065673 0.0065361 0.0064826 0.0063253 0.0062879 0.0063015 0.0063427 0.0064422 0.0066469 0.006987 0.007509 0.0080387 0.0084367 0.0084465 0.0084364 0.0084123 0.0083788 0.008371 0.0083475 0.0083154 0.0081973 0.0079578 0.0078432 0.0075425 0.0075899 0.0076323 0.0076244 0.0076788 0.0076665 0.0078668 0.0077953 0.0079193 0.0079641 0.0080032 0.008084 0.0081329 0.008147 0.0080398 0.0080069 0.0078892 0.007722 0.0075203 0.007315 0.0072144 0.0073522 0.0073648 0.00748 0.0075593 0.0075931 0.0076811 0.0076633 0.0076837 0.0077051 0.0076104 0.0078898 0.00788 0.0079274 0.0079392 0.0080102 0.0079909 0.0075999 0.007877
0.0080604 0.0081333 0.0081408 0.0082262 0.0082055 0.0081662 0.0082466 0.0082997 0.0083104 0.0083318 0.0083569 0.008394 0.0083862 0.0083732 0.0083689 0.0082906 0.0080422 0.007839 0.0075791 0.0075658 0.0071676 0.0058291 0.0045546 0.0044288 0.0049921 0.0065902 0.006446 0.0063992 0.0062942 0.006103 0.0060714 0.0060296 0.0060388 0.0060693 0.0061066 0.0061481 0.0061552 0.0057114 0.0050992 0.0052056 0.0055977 0.0058166 0.0059692 0.0060658 0.0062442 0.0065098 0.0066193 0.0067492 0.0068533 0.0069348 0.007086 0.0071796 0.0072258 0.0069098 0.0069094 0.0069023 0.0069568 0.0070334 0.0070822 0.0070942 0.0071349 0.0071339 0.0071034 0.0073038 0.0077625 0.0079133 0.0080061 0.0080734 0.0080895 0.0082821 0.00839 0.0083261 0.0081749 0.008054 0.0082141 0.0080147 0.0079511 0.0078521 0.0077663 0.0077154 0.0077835 0.007587 0.0072965 0.0080769 0.0076009 0.007551 0.007584 0.0075371 0.0075453 0.0075504 0.0078386 0.0075906 0.0074311 0.0073795 0.0073883 0.0072873 0.0073121 0.0073477 0.0073811 0.0074437 0.0073544 0.0073338 0.0070691 0.0070276 0.0070776 0.0070935 0.0070159 0.0073983 0.0072363 0.0067385 0.0068715 0.0068971 0.0069388 0.0069481 0.0067027 0.0066669 0.0065718 0.006496 0.0065346 0.0065385 0.0064519 0.0065022 0.0064211 0.0064498 0.0065279 0.0065848 0.0067574 0.0071815 0.0077259 0.0084111 0.0084243 0.0083911 0.0084323 0.0084016 0.0083745 0.0083604 0.0083318 0.008313 0.0082193 0.0080299 0.0079153 0.0078578 0.0077845 0.0077633 0.0077456 0.0077688 0.0078191 0.0078852 0.0080107 0.0080447 0.0080985 0.0081473 0.0081519 0.0081866 0.0081966 0.0081769 0.0080451 0.007865 0.0075929 0.0073357 0.0071415 0.0070267 0.0069058 0.0070226 0.0071299 0.0073841 0.0074946 0.0075708 0.0075804 0.0076272 0.0076586 0.00768 0.0077778 0.0078658 0.0078861 0.007921 0.0079531 0.0080496 0.0078038 0.0083327
0.0081155 0.0081765 0.0081923 0.0082438 0.0080347 0.0082392 0.0082565 0.0082925 0.0083511 0.0083661 0.0083959 0.0084238 0.0084337 0.0084278 0.0084438 0.0081356 0.0079363 0.0078931 0.0076941 0.0077027 0.0069149 0.0043634 0.0038876 0.0038989 0.0040316 0.0057489 0.0064219 0.0064073 0.0065159 0.0063042 0.0061836 0.0060799 0.0060556 0.0060822 0.006115 0.0061558 0.0061634 0.0060796 0.0056871 0.0056449 0.005809 0.0058931 0.0059974 0.0061022 0.0062746 0.0065248 0.0066757 0.0068 0.0068923 0.0069753 0.007045 0.0072249 0.0071929 0.0068188 0.0068395 0.0069965 0.007005 0.0070588 0.0070859 0.0071176 0.007157 0.0072234 0.0073468 0.0076579 0.0078119 0.0080246 0.0081139 0.0082067 0.0083082 0.0083329 0.0082591 0.0083384 0.0082991 0.0082109 0.0082521 0.0080934 0.0079244 0.0079528 0.007895 0.0077086 0.0076275 0.00745 0.0076543 0.0078771 0.007538 0.0075754 0.0075887 0.008227 0.0075757 0.0076854 0.0075798 0.0075514 0.00741 0.0073699 0.0074354 0.0074959 0.007444 0.0074534 0.0074484 0.0075309 0.0075166 0.0074321 0.0072315 0.0071719 0.0073249 0.0073011 0.0073031 0.0072769 0.006959 0.0068367 0.0069318 0.0069505 0.00687 0.0067916 0.0067599 0.0067157 0.0066042 0.0063372 0.0064926 0.0065463 0.0065664 0.0065607 0.0065371 0.0065675 0.0066021 0.0066836 0.0070618 0.007265 0.0077886 0.0083379 0.008402 0.0084128 0.008398 0.0083764 0.0083665 0.0083664 0.0083405 0.0082807 0.0082257 0.0081406 0.0080394 0.0080739 0.0079977 0.0079972 0.007986 0.008061 0.0080779 0.008115 0.008159 0.0081951 0.0082249 0.0082247 0.0082315 0.0082699 0.0082514 0.0082457 0.0081491 0.0078526 0.0075962 0.0071986 0.0069717 0.0067693 0.0066362 0.0066409 0.0068182 0.0072441 0.0074212 0.007463 0.0074601 0.0075319 0.0076134 0.0077048 0.0077905 0.0078559 0.0078424 0.0079208 0.0080722 0.0080639 0.0080153 0.0081347
0.008117 0.0081913 0.0082442 0.0082651 0.0082858 0.0082474 0.0082631 0.008318 0.008375 0.0084008 0.0084289 0.0084613 0.0084717 0.0084746 0.0084866 0.008189 0.0079672 0.0078058 0.0074257 0.0075881 0.007086 0.004384 0.0038907 0.0038814 0.0039808 0.0057057 0.00655 0.0066166 0.0066391 0.006574 0.0063242 0.0061329 0.0060313 0.0060073 0.0060163 0.0061209 0.006181 0.0061701 0.0059899 0.0059273 0.0059597 0.0059853 0.0060202 0.0060961 0.006218 0.0064418 0.0067154 0.0068328 0.0069425 0.0069843 0.0070457 0.0072487 0.0071049 0.007155 0.0068132 0.0069164 0.0070103 0.0070496 0.0071089 0.0071204 0.0072234 0.0072286 0.0074765 0.0078089 0.0080011 0.008135 0.0082795 0.0083191 0.0083993 0.0084022 0.0084453 0.0083996 0.0083822 0.0083375 0.0083012 0.0080984 0.0080389 0.0080559 0.0082094 0.007779 0.0076686 0.0075871 0.0076504 0.0076792 0.0081938 0.0075059 0.007561 0.0074515 0.007564 0.0076007 0.0076118 0.0076159 0.0077845 0.0075142 0.0074943 0.0075475 0.0075069 0.0075069 0.0074956 0.007527 0.0075392 0.0073594 0.0079027 0.0073541 0.0074521 0.0071944 0.0070832 0.0072648 0.0070704 0.0070269 0.0069488 0.0068857 0.006776 0.0067508 0.0067625 0.0068865 0.0065406 0.0066451 0.0065269 0.0066812 0.0067625 0.0068638 0.006583 0.006605 0.0066447 0.0067436 0.0070037 0.0069246 0.0075349 0.0079805 0.0082534 0.0083823 0.0083586 0.0083545 0.0083462 0.008323 0.0083194 0.0083024 0.0082635 0.00823 0.0082227 0.0082195 0.008268 0.0082241 0.0082348 0.0082242 0.0082724 0.0082796 0.0082878 0.0083185 0.008342 0.008321 0.0083687 0.0083497 0.0083426 0.008279 0.0081895 0.007854 0.0074468 0.0070641 0.0066986 0.0064991 0.0064419 0.0065617 0.0065894 0.0062356 0.0072393 0.0073393 0.0074056 0.0074789 0.0075799 0.0076924 0.0077889 0.00786 0.0078859 0.0080049 0.0078407 0.0081169 0.0080911 0.0081496
0.0082903 0.008246 0.0082349 0.0083188 0.0083626 0.0083588 0.0083482 0.0083849 0.0084348 0.0084473 0.0084807 0.0084913 0.0085057 0.0085095 0.008509 0.0081869 0.007963 0.0075591 0.007441 0.0076574 0.007465 0.0048313 0.0043206 0.0041644 0.0045132 0.0063625 0.0067816 0.0067806 0.0067344 0.0066119 0.0064275 0.0062107 0.0060252 0.0059347 0.0058694 0.0058359 0.0061585 0.0061673 0.0061001 0.0060438 0.0060279 0.006035 0.0060566 0.0061091 0.0062135 0.0064277 0.0067937 0.0068234 0.0068922 0.0069712 0.0069765 0.0071401 0.0072709 0.0073611 0.0068791 0.0069171 0.006946 0.0070226 0.0070518 0.0071508 0.0072209 0.0072579 0.0076296 0.0078369 0.0080324 0.008335 0.0083703 0.0083955 0.0084383 0.0084492 0.0084512 0.0084366 0.0083749 0.0083839 0.00834 0.0081956 0.0081552 0.0081718 0.0079892 0.0077852 0.0077573 0.0078918 0.0077465 0.0076701 0.0075018 0.0076393 0.0077533 0.0075762 0.0076049 0.0076529 0.0075971 0.0075967 0.0075372 0.0075166 0.0076187 0.0075699 0.0075228 0.0075425 0.0075353 0.0075331 0.0075789 0.0073933 0.007283 0.007473 0.0072129 0.0072975 0.0074454 0.0068814 0.0070852 0.0072855 0.0068629 0.0067761 0.0067545 0.0068004 0.0068208 0.0068995 0.0066744 0.006682 0.0062772 0.00681 0.0068454 0.0068223 0.006494 0.0065843 0.006725 0.0067427 0.0069729 0.0068893 0.0071405 0.0074569 0.0079186 0.0080071 0.0081964 0.0082437 0.0082419 0.0083109 0.0083076 0.0083093 0.0083092 0.0082982 0.0083116 0.0083531 0.0083527 0.0083592 0.0083715 0.0083616 0.0083927 0.0084077 0.0084091 0.0083907 0.008414 0.0083997 0.0084147 0.0083765 0.0083954 0.0083937 0.0083051 0.0079083 0.0073895 0.0068637 0.0064455 0.0063547 0.006316 0.006304 0.0065087 0.0068012 0.0070839 0.0072146 0.0073231 0.0074544 0.0075971 0.0076902 0.0077788 0.0078395 0.0079482 0.0079772 0.0078313 0.0081454 0.0081465 0.0081931
0.0082792 0.0083029 0.0083232 0.008362 0.008385 0.008417 0.0084367 0.0084684 0.0084868 0.0084942 0.0085127 0.0085161 0.0085216 0.0085198 0.0085215 0.0082132 0.0078675 0.0074908 0.0076463 0.0077831 0.007795 0.0069149 0.0060279 0.0055637 0.0065873 0.0071381 0.0069359 0.0068841 0.0067947 0.0065708 0.0063838 0.0062155 0.0060604 0.0058939 0.0058025 0.0057721 0.0060529 0.0061697 0.0061388 0.0060418 0.0060376 0.0059593 0.0060607 0.0061282 0.0061412 0.0065114 0.0066271 0.0067511 0.0068071 0.0068911 0.0069483 0.007015 0.0071354 0.0073091 0.00716 0.0070067 0.007415 0.0079045 0.0077622 0.0073751 0.0072751 0.0071497 0.0076608 0.0078581 0.0080696 0.0083285 0.0084157 0.0084434 0.0084794 0.0084947 0.0084686 0.0084959 0.0083812 0.0084665 0.0084269 0.0083215 0.0082959 0.0083088 0.0082634 0.0080053 0.007807 0.007618 0.0074988 0.0076307 0.007553 0.0076041 0.007622 0.0076421 0.007631 0.0075405 0.0076656 0.0076873 0.0076429 0.0075847 0.0076888 0.007714 0.0078031 0.0074383 0.0076465 0.0076244 0.0075412 0.0074254 0.0073034 0.0074246 0.007436 0.0073905 0.0073869 0.0072484 0.007066 0.0071697 0.0070033 0.0068508 0.006853 0.0067606 0.0067517 0.0067784 0.0068553 0.006672 0.0063603 0.0067741 0.0068352 0.0067335 0.0072264 0.0070267 0.0066998 0.0066771 0.0068209 0.0069382 0.0069934 0.0072523 0.0074793 0.0076729 0.0078484 0.007992 0.0081434 0.0082593 0.0083065 0.0083328 0.0083627 0.0083752 0.0083794 0.0084472 0.0084112 0.0084648 0.0084874 0.008507 0.0085248 0.0085067 0.0085594 0.0085278 0.0085348 0.0085178 0.0085075 0.0085084 0.0085219 0.0084775 0.0084441 0.0079959 0.0073577 0.0068072 0.0065067 0.0063216 0.0062474 0.0056585 0.0059481 0.0065293 0.0069253 0.0071555 0.0073424 0.0074584 0.0075987 0.0077065 0.0078221 0.0079068 0.0080208 0.0079484 0.0080984 0.0081449 0.0080232 0.0082552
0.0083185 0.0083353 0.0083278 0.0084075 0.0084527 0.0084529 0.008481 0.0084875 0.0084959 0.0085141 0.0085259 0.0085268 0.008527 0.0085292 0.0085309 0.0082478 0.0077741 0.0075995 0.0076464 0.0075435 0.007812 0.007733 0.0077175 0.0077046 0.007479 0.0072268 0.0068458 0.0069417 0.0067146 0.0064951 0.0062914 0.0061691 0.0059992 0.0058595 0.0057783 0.0056111 0.0056293 0.0061301 0.0061611 0.006036 0.0060722 0.0060411 0.006079 0.0058074 0.0062575 0.0065241 0.006678 0.0067359 0.0067754 0.0068219 0.0067497 0.0069213 0.0069463 0.0073932 0.0069318 0.0069635 0.0070061 0.0069784 0.0074893 0.0080181 0.0080913 0.0074651 0.0077684 0.0081756 0.008323 0.0084417 0.0084768 0.0084823 0.0085046 0.0085243 0.008519 0.0085043 0.0084844 0.0084547 0.0083538 0.0083958 0.0083856 0.0084153 0.0084633 0.0081725 0.0080333 0.0077277 0.0076607 0.0077672 0.0077764 0.0076782 0.0077223 0.0076822 0.0076973 0.0075815 0.0076573 0.0077862 0.0076804 0.0076897 0.0076972 0.0078544 0.007744 0.0076602 0.0075969 0.0076495 0.0074035 0.0074285 0.0075114 0.0074342 0.0073705 0.0075805 0.0075017 0.007219 0.0073502 0.0072756 0.0070381 0.0071534 0.0071072 0.0071071 0.0072909 0.0068115 0.0069263 0.0065413 0.0066703 0.0064253 0.0065964 0.0065605 0.0065849 0.0066961 0.0067118 0.0067673 0.0067294 0.0067313 0.007042 0.0069189 0.0073997 0.0076936 0.0076816 0.0078817 0.0081696 0.0082989 0.0083424 0.0084153 0.0084392 0.0084588 0.0084985 0.0085196 0.0085439 0.0085837 0.0086254 0.008664 0.0086895 0.0086985 0.0086948 0.0086712 0.0086461 0.0086314 0.0086392 0.0086155 0.0085867 0.0085525 0.0084905 0.0084081 0.0076408 0.0070411 0.0064747 0.0063038 0.0056736 0.0041501 0.0055758 0.0064702 0.0069408 0.0071954 0.0073302 0.0074826 0.0076847 0.007685 0.0078502 0.0079481 0.0080854 0.0081046 0.0081595 0.0081471 0.008248 0.0082801
0.008383 0.0084081 0.0084197 0.0084094 0.0084871 0.0084511 0.0085194 0.0085303 0.0085304 0.0085315 0.0085343 0.0085352 0.0085321 0.0085307 0.0085326 0.0083283 0.0078485 0.007612 0.007653 0.0076212 0.0075854 0.007641 0.0072998 0.0074148 0.0074332 0.007295 0.0071437 0.0067869 0.0065949 0.0064331 0.0062363 0.0061 0.005971 0.005832 0.0056169 0.0055891 0.0056917 0.0061946 0.006272 0.0061095 0.0061688 0.0061595 0.0061724 0.0058018 0.00612 0.0065108 0.0066423 0.0067009 0.0067371 0.0066707 0.006572 0.0066271 0.0069807 0.007147 0.0073498 0.0074953 0.0074429 0.0076395 0.0077146 0.0080619 0.007804 0.0073588 0.008314 0.0083795 0.0084319 0.0084589 0.0084579 0.0084923 0.0085336 0.0085432 0.0084667 0.0085232 0.0085264 0.0084947 0.0084065 0.0085069 0.0084359 0.008465 0.0084966 0.008484 0.0081607 0.0080342 0.0079328 0.0078772 0.0079004 0.0077763 0.0076892 0.0076481 0.0076983 0.0077066 0.0077321 0.0077525 0.0077059 0.0076743 0.0077295 0.0076467 0.0077672 0.0077191 0.0075365 0.0074136 0.0077709 0.007361 0.0075009 0.0075115 0.0071825 0.0076921 0.0070047 0.007295 0.0073568 0.0072084 0.0071909 0.0072413 0.0072089 0.0071667 0.0070973 0.0071748 0.0071103 0.0074216 0.006914 0.0067344 0.0068641 0.0072096 0.0066886 0.0068237 0.0068968 0.0065907 0.006478 0.0068673 0.0071922 0.0069624 0.0074487 0.0075958 0.0078155 0.0080959 0.0082845 0.0083815 0.008463 0.0084689 0.0085028 0.0085439 0.0085746 0.0086288 0.0086616 0.0087282 0.0087816 0.008793 0.0088139 0.008796 0.0087943 0.0087641 0.0087442 0.0087466 0.0087038 0.0086627 0.0086117 0.0085742 0.0085145 0.0084389 0.0081213 0.0071456 0.0066519 0.0063768 0.0060517 0.0058003 0.0060638 0.0067849 0.0071322 0.0072978 0.0073986 0.0075364 0.0075859 0.0078408 0.0079326 0.00802 0.0081275 0.008199 0.0082012 0.0082287 0.0082879 0.0083488
0.0084504 0.0084668 0.0084928 0.0085133 0.0085398 0.0085335 0.00855 0.0085597 0.0085609 0.0085517 0.0085552 0.0085578 0.0085522 0.0084902 0.0085481 0.0085272 0.0082433 0.0077662 0.0075444 0.0075675 0.0075753 0.0076039 0.0072827 0.0072187 0.0075418 0.0073725 0.0069421 0.0067294 0.0065475 0.0063604 0.0062009 0.0060598 0.0059645 0.0058198 0.0054396 0.0055538 0.0058766 0.0061995 0.0062493 0.006171 0.0062847 0.0063045 0.0062863 0.0063304 0.0064209 0.0065221 0.0066546 0.006725 0.0067196 0.0065324 0.0065772 0.0067003 0.0067155 0.0071623 0.0072194 0.007296 0.0073099 0.0075902 0.0076689 0.0078475 0.0078149 0.0080234 0.0082574 0.0081511 0.0080144 0.0083877 0.008426 0.0084788 0.0085319 0.0085573 0.0085346 0.0085706 0.0085553 0.0085742 0.0085605 0.0085425 0.0085074 0.0085246 0.0085491 0.0085618 0.0085457 0.0082266 0.0081075 0.0080005 0.0080414 0.0078296 0.007744 0.0087023 0.0077618 0.0077149 0.007787 0.0078987 0.0077664 0.0077808 0.007642 0.0076824 0.0077584 0.0077431 0.0075662 0.0075613 0.0074631 0.0075461 0.0074937 0.0075268 0.0073572 0.0072647 0.0070903 0.0071996 0.0072384 0.0070793 0.0072242 0.0071929 0.0073492 0.0075356 0.0074897 0.0074759 0.0072193 0.0069221 0.0068724 0.0068404 0.0069682 0.0068198 0.0067454 0.0068176 0.0067064 0.0069549 0.0073889 0.0075704 0.0075412 0.0076585 0.0077471 0.0078919 0.0081713 0.0082639 0.0083564 0.0084697 0.0084993 0.0085494 0.008607 0.0086601 0.0087113 0.0087576 0.0088242 0.0088672 0.0088928 0.0089356 0.0089206 0.0088645 0.0088958 0.008851 0.008833 0.0087883 0.0087457 0.0086875 0.0086532 0.0086249 0.0085723 0.0085216 0.0083224 0.0076481 0.0071268 0.0067844 0.0065091 0.0064869 0.0067319 0.007178 0.0073252 0.0074035 0.0074761 0.0075703 0.0077937 0.0079002 0.0080287 0.0081314 0.0082243 0.0082922 0.0083033 0.0083175 0.0083934 0.0084284
0.0085391 0.0085163 0.0085565 0.0085612 0.0085648 0.0085635 0.0085721 0.0085898 0.0085932 0.0085801 0.0085724 0.0085787 0.0085789 0.0085721 0.0085651 0.0085506 0.0083875 0.0081285 0.0079765 0.0079416 0.0078152 0.0077449 0.0075453 0.0075169 0.0076553 0.0070236 0.0068519 0.0066903 0.0064654 0.0063259 0.006173 0.0061352 0.0059338 0.0058346 0.00567 0.0056863 0.0058869 0.0062227 0.0062375 0.0062345 0.0063203 0.0063688 0.0064324 0.0064343 0.0064939 0.0065646 0.0066452 0.0067419 0.0066925 0.0064332 0.0066943 0.0067547 0.0067876 0.0069229 0.006988 0.0070748 0.0072198 0.0072657 0.0073964 0.0077897 0.0076619 0.0079725 0.0080755 0.0081724 0.0083049 0.008322 0.0084158 0.0084579 0.0084777 0.0085594 0.0085751 0.0085742 0.0085994 0.0086283 0.0086122 0.0086556 0.0085603 0.0085847 0.0086098 0.0085766 0.0085682 0.0085191 0.0083348 0.0084373 0.0082109 0.0080618 0.0078564 0.0077178 0.0078241 0.0078728 0.0079005 0.007828 0.007764 0.0077141 0.0079688 0.0078074 0.0076945 0.0075793 0.0075338 0.0076795 0.007456 0.0074834 0.007577 0.0075664 0.0074192 0.0073835 0.0071593 0.0071749 0.0072555 0.0071589 0.00712 0.0070979 0.0073495 0.0074684 0.007421 0.0074144 0.0071431 0.0069425 0.0070448 0.0070777 0.0070196 0.0073752 0.0068607 0.0067918 0.0070427 0.0069303 0.0072198 0.0076655 0.007602 0.0077467 0.0079077 0.0081511 0.0082142 0.0083505 0.0084263 0.0084964 0.0085634 0.0086348 0.0087275 0.0087863 0.008828 0.0088812 0.0090018 0.0089498 0.0089934 0.0090184 0.0090029 0.0089757 0.0089554 0.0089154 0.008858 0.0088273 0.0088569 0.0087409 0.0087363 0.0086961 0.0086462 0.0085984 0.0084583 0.0082446 0.0077027 0.0074429 0.0072975 0.0072644 0.0071983 0.0069798 0.0075074 0.0075146 0.0075698 0.0076514 0.0074704 0.0084222 0.0081808 0.0078135 0.0083442 0.0081787 0.0084073 0.0084245 0.00844 0.0085122
0.0086016 0.0083852 0.0085663 0.0085684 0.0085975 0.0085887 0.0085915 0.0086071 0.0085955 0.0086019 0.0085979 0.008605 0.0086032 0.0085954 0.0086106 0.0085971 0.0085749 0.0084166 0.0081081 0.007712 0.007798 0.0077864 0.0078342 0.0077557 0.0072407 0.0069231 0.0067889 0.0066236 0.0065207 0.0062443 0.006115 0.0060065 0.005855 0.005725 0.0056222 0.005655 0.0058548 0.006171 0.0062965 0.0063328 0.0063962 0.0064606 0.0064886 0.0065207 0.0064706 0.0065556 0.0065531 0.0064925 0.0064803 0.0065432 0.006691 0.0068138 0.0068369 0.0068038 0.0069522 0.007147 0.0072448 0.0072972 0.0072763 0.0073261 0.0073078 0.0073244 0.0076432 0.0081584 0.0081633 0.0084106 0.0084585 0.0084778 0.0084998 0.008556 0.008603 0.0086723 0.0086743 0.0086754 0.0086619 0.0087095 0.0086865 0.0086925 0.0086842 0.0086113 0.0086619 0.0086487 0.0085574 0.0084204 0.0082865 0.0081193 0.0079534 0.0078389 0.0079928 0.007884 0.0078639 0.0076666 0.0078173 0.0078083 0.0078159 0.0076964 0.00774 0.0075733 0.0076938 0.0077306 0.0074045 0.0073735 0.0075131 0.0073091 0.007715 0.0072213 0.0072726 0.0071183 0.0072487 0.0069905 0.0068898 0.0070058 0.0072426 0.007337 0.0072618 0.0071072 0.0070921 0.0071915 0.0070584 0.0073543 0.0072959 0.0073699 0.0073224 0.0070007 0.0071793 0.0074649 0.007498 0.0077102 0.0078323 0.0080355 0.0081111 0.008255 0.0083303 0.0084149 0.0084896 0.0085653 0.0086494 0.0087534 0.0088206 0.0088629 0.0089326 0.008967 0.0090094 0.009042 0.0091018 0.0090397 0.0090184 0.0090082 0.0089863 0.008885 0.0089181 0.0088895 0.0088487 0.0087871 0.0087264 0.0087768 0.0087557 0.0086988 0.0086408 0.0085795 0.0084711 0.0083326 0.0082513 0.008057 0.0078386 0.0074632 0.0078515 0.0077167 0.0076728 0.0077814 0.0078266 0.0081625 0.008306 0.0083474 0.0084211 0.0084611 0.0084812 0.0085274 0.0085566 0.0085865
0.0086491 0.0086216 0.0086216 0.0086044 0.0086161 0.0086085 0.0086155 0.0086144 0.0086095 0.0086172 0.0086246 0.0086216 0.0086183 0.0086089 0.0086273 0.0086009 0.008619 0.0085815 0.0083791 0.007258 0.0076333 0.0077548 0.0076668 0.0073381 0.0068297 0.0069178 0.0067762 0.0066101 0.0064063 0.006174 0.0059766 0.005768 0.0055787 0.0054904 0.0054322 0.0054118 0.0055451 0.0057595 0.0061528 0.0064024 0.0064879 0.0065208 0.0065493 0.0065363 0.0062557 0.0063405 0.0066079 0.0066936 0.0065669 0.0065153 0.0066867 0.0066424 0.0065673 0.0066477 0.0068681 0.0071389 0.0072672 0.0073483 0.0073642 0.0073954 0.0074133 0.0073815 0.0076224 0.0081442 0.0083691 0.0084335 0.0084731 0.0084763 0.0085246 0.0085701 0.0085929 0.0086938 0.0086649 0.0087159 0.0087286 0.0087679 0.0087597 0.0087963 0.0087551 0.0087158 0.0087 0.0086724 0.0086783 0.0084202 0.0083333 0.0081835 0.0081282 0.0080643 0.0079682 0.0080148 0.0077394 0.0077701 0.0077947 0.0079343 0.0080419 0.0076742 0.0077253 0.007639 0.0077277 0.0076253 0.0076244 0.0075794 0.0075522 0.0075028 0.0074761 0.0072945 0.0071858 0.0075198 0.0071623 0.0069133 0.0072807 0.0069662 0.0070004 0.0069456 0.006889 0.0068559 0.0069852 0.0070857 0.0071572 0.0074754 0.0075058 0.0074562 0.0078044 0.0076869 0.0075989 0.0077879 0.0077845 0.0078442 0.0079936 0.0081064 0.0082274 0.0083361 0.0083878 0.0084746 0.0085339 0.0086353 0.0087165 0.0088178 0.0088934 0.0089542 0.0089789 0.0090129 0.0090838 0.0091235 0.0091473 0.0091339 0.0090904 0.0090808 0.0090154 0.0090037 0.0089554 0.0088351 0.0088948 0.0088362 0.0088229 0.0088126 0.0087789 0.0087359 0.0087303 0.0086806 0.0086448 0.0085628 0.0085302 0.0084999 0.0084056 0.0083456 0.0082021 0.0079804 0.007877 0.0079097 0.0079194 0.00811 0.0081329 0.0084036 0.0084478 0.008485 0.0085322 0.0086001 0.0086406 0.0086575
0.008696 0.0086403 0.0086456 0.0086108 0.0086423 0.0086293 0.0086406 0.0086374 0.0086233 0.0086278 0.008634 0.008636 0.0086332 0.0086181 0.0086049 0.0085957 0.0085829 0.0085519 0.0085342 0.0076788 0.0076637 0.0075967 0.0074225 0.0072123 0.006949 0.0069453 0.0067896 0.0066244 0.0064357 0.0060649 0.0056957 0.0054509 0.0052278 0.0050993 0.0050966 0.0051992 0.0053096 0.0053446 0.005655 0.0061032 0.0064509 0.0066021 0.0066227 0.0066063 0.0065595 0.0064891 0.0065517 0.0066192 0.0066817 0.0068448 0.0065589 0.0064966 0.0064336 0.0063586 0.006622 0.0069464 0.0072413 0.0073223 0.0073505 0.0073381 0.0073988 0.0073559 0.0077876 0.0082032 0.0083651 0.0084313 0.0084726 0.0085044 0.0085322 0.0086037 0.0086248 0.0086777 0.0087017 0.0087649 0.0087796 0.0088264 0.0088668 0.0088536 0.0088468 0.008796 0.0088112 0.0087851 0.008745 0.008722 0.0086226 0.0085544 0.0085268 0.008446 0.0082936 0.0084504 0.0079754 0.0078903 0.0077785 0.0077559 0.0078661 0.0077693 0.0078275 0.0079443 0.0076784 0.007861 0.0077209 0.0078467 0.0076429 0.0079317 0.007715 0.0076899 0.0074479 0.0073277 0.0072327 0.0070514 0.0069696 0.0069146 0.0069101 0.0068066 0.00681 0.0068099 0.0068988 0.0072146 0.0078295 0.0076811 0.0075862 0.0074617 0.0075774 0.0075018 0.0077836 0.0078569 0.0078992 0.0079288 0.0081315 0.008206 0.0083096 0.0084102 0.008465 0.008516 0.008631 0.0087166 0.0087653 0.0088672 0.0089293 0.0090182 0.009055 0.0091149 0.0091649 0.0091738 0.0091879 0.0091984 0.0091766 0.0091271 0.0091136 0.0090553 0.0090264 0.0089952 0.0089696 0.0089095 0.0089559 0.0089358 0.0088602 0.0087847 0.0087861 0.0087184 0.0086537 0.0086192 0.0085247 0.0084858 0.0083897 0.0083558 0.0082485 0.0081317 0.0080442 0.0080387 0.0080055 0.0081603 0.0081079 0.0084597 0.0084788 0.0085204 0.0086032 0.0086186 0.0086582 0.0086677
0.0086763 0.0086632 0.0086706 0.0086462 0.0085138 0.0086511 0.0086541 0.0085702 0.0086472 0.008642 0.0086306 0.0086331 0.00861 0.0086075 0.0085953 0.0085797 0.0085768 0.0085889 0.008514 0.0083126 0.0074694 0.0073801 0.0075418 0.00726 0.0072423 0.0069876 0.0068652 0.0067121 0.0063636 0.0058476 0.0054168 0.0050864 0.0048932 0.0048675 0.0047797 0.0048426 0.0051757 0.0052411 0.0053723 0.0057708 0.0062935 0.0066181 0.0066853 0.0066635 0.0065428 0.0065814 0.0065025 0.0061594 0.0065902 0.0066178 0.0066061 0.0065332 0.0063658 0.0062472 0.0063962 0.0067177 0.0070588 0.0072042 0.0072904 0.0072778 0.0075209 0.0075513 0.0075841 0.0079969 0.0083772 0.0084605 0.0084824 0.0085037 0.0085676 0.0086187 0.0086808 0.0087335 0.0087436 0.0088191 0.0088601 0.0088848 0.0089031 0.0089208 0.0089221 0.0089592 0.0088542 0.0088534 0.0088348 0.0088126 0.0087549 0.0085814 0.008638 0.0085454 0.0083842 0.0083562 0.0082686 0.0080617 0.0080533 0.0080142 0.0079815 0.0078475 0.0077649 0.0077339 0.0079681 0.0078639 0.0079189 0.0083735 0.0079146 0.007635 0.0080316 0.00757 0.0074937 0.0074584 0.0073595 0.0073753 0.0071931 0.0069704 0.0075231 0.0068699 0.0068897 0.0070959 0.0069832 0.0071211 0.0077703 0.0077965 0.0078139 0.0078031 0.0078249 0.0079011 0.0079214 0.0079695 0.0080275 0.0081348 0.0081882 0.0082979 0.00838 0.0084661 0.0084923 0.0086042 0.0086714 0.0087649 0.0088276 0.0088845 0.0089876 0.009009 0.0091482 0.0092001 0.0092185 0.0092192 0.0092183 0.0092271 0.0091928 0.009183 0.0091452 0.0091711 0.0090939 0.009076 0.0090187 0.0090056 0.0089831 0.008963 0.0089282 0.0088281 0.0087233 0.0087448 0.008673 0.0086298 0.0085602 0.0084847 0.0083919 0.0083861 0.0083135 0.0082511 0.0082133 0.0081618 0.0081198 0.0079535 0.0075546 0.0084828 0.0085061 0.0085208 0.0086004 0.008652 0.0086745 0.0086591
0.0086717 0.0086783 0.0086887 0.0086806 0.0086687 0.0086595 0.0086435 0.0086552 0.0086441 0.0086373 0.0086364 0.0086397 0.0086206 0.0086314 0.0085912 0.0086004 0.0085737 0.0084847 0.0084363 0.0083055 0.008063 0.0078582 0.0076481 0.0075043 0.0073162 0.0071395 0.0070141 0.0067463 0.0063298 0.0057672 0.0052983 0.0050409 0.004954 0.0049322 0.0047416 0.0048403 0.0051249 0.0052894 0.0054696 0.0058917 0.006368 0.0066572 0.0066968 0.0066758 0.0063984 0.0066184 0.0065357 0.0063764 0.0065103 0.0064615 0.0064668 0.0064 0.0063948 0.0064564 0.006562 0.0066548 0.0069219 0.0071866 0.0072008 0.0071677 0.0073667 0.0075648 0.007579 0.0079233 0.0083004 0.0084965 0.0085279 0.0084983 0.0085929 0.0086547 0.0086995 0.0087729 0.0088113 0.0088582 0.0089096 0.0089489 0.0089675 0.0089792 0.0089816 0.0089733 0.0089585 0.0089455 0.0089088 0.0089761 0.0089612 0.0088095 0.0087173 0.0086872 0.0085724 0.0085859 0.0083565 0.0085389 0.0083998 0.0082633 0.0082984 0.0080571 0.0079355 0.00817 0.0078178 0.0080034 0.0084366 0.0084387 0.0084064 0.0077769 0.0079518 0.0074514 0.0073731 0.0076013 0.00763 0.0075158 0.0073781 0.0075002 0.0080512 0.0077843 0.0073044 0.0074545 0.0078922 0.0073342 0.0078601 0.0077982 0.0078411 0.0078339 0.0080098 0.0080387 0.0081038 0.0080579 0.0081545 0.0081746 0.0082961 0.0083999 0.008444 0.0084738 0.0085459 0.0086195 0.0087423 0.0088146 0.0088956 0.0089369 0.0090641 0.0091181 0.009158 0.0092293 0.0092389 0.0092358 0.0092314 0.0092148 0.0092243 0.0092095 0.0091933 0.0091535 0.0091251 0.0091342 0.0091253 0.0090772 0.0090293 0.008979 0.0089341 0.008899 0.0088351 0.0087721 0.0086962 0.0086159 0.0085688 0.0085033 0.0084151 0.008414 0.0083817 0.0083355 0.0083293 0.008239 0.0078505 0.0080087 0.0078562 0.0084231 0.0084985 0.0085596 0.0085781 0.0086463 0.008648 0.0086813
0.0086716 0.0086961 0.0086967 0.0086828 0.008672 0.008668 0.0086584 0.0086507 0.0086466 0.0086505 0.008639 0.008664 0.008644 0.0086468 0.0086049 0.0085906 0.008543 0.0084787 0.0083504 0.0081593 0.0079918 0.0078474 0.0076907 0.0075546 0.0074134 0.007287 0.0071124 0.0069458 0.0065807 0.0061194 0.0056296 0.0052838 0.0051326 0.0050857 0.0050543 0.0050932 0.0052638 0.0053822 0.0060011 0.0064706 0.0067536 0.0068404 0.0067593 0.0067364 0.0067481 0.0065118 0.0066372 0.0063298 0.0064826 0.006496 0.0064486 0.0065125 0.0062412 0.0064732 0.0067538 0.0066893 0.0067852 0.007072 0.0072279 0.007435 0.0074141 0.0074496 0.0075836 0.0079322 0.0082927 0.0085194 0.0085888 0.0086118 0.0086509 0.0087024 0.0087845 0.0088269 0.0089063 0.0089337 0.0090721 0.008979 0.0090196 0.0089949 0.0090259 0.0090275 0.0090095 0.0090016 0.0089435 0.0089527 0.0089705 0.0088655 0.0088318 0.0087235 0.0086922 0.0087043 0.0086463 0.0086056 0.0085965 0.0085259 0.0084178 0.0082324 0.0081455 0.0080635 0.0083177 0.0083862 0.0084788 0.0084269 0.0081279 0.0083737 0.0081226 0.0083521 0.0082544 0.0083392 0.0074546 0.0073995 0.0072984 0.0079026 0.0073968 0.0072386 0.0079702 0.0080006 0.0079069 0.0078302 0.0078591 0.0079538 0.0079809 0.0079878 0.0081991 0.0083261 0.0081771 0.0081734 0.0082012 0.0083354 0.0084129 0.0084455 0.0084221 0.0085395 0.0085534 0.0086542 0.0087527 0.008864 0.008931 0.00895 0.0090596 0.0091355 0.0091954 0.0092284 0.0092121 0.0091584 0.009235 0.0092121 0.0091961 0.0091627 0.0092198 0.0091123 0.0091276 0.0091157 0.0090851 0.009066 0.0090685 0.0090118 0.0089568 0.0089324 0.0088039 0.0087709 0.0086913 0.0086131 0.0085222 0.0084926 0.0084555 0.0084236 0.0083725 0.0083933 0.0083827 0.0082811 0.0081252 0.0079957 0.0077433 0.0083876 0.0085462 0.0085509 0.0086279 0.0086433 0.008672 0.0086994
0.0087158 0.0087149 0.0086955 0.0086966 0.0086912 0.0086798 0.0086705 0.0086535 0.0086463 0.0086615 0.00866 0.0086384 0.0086337 0.0086157 0.0086059 0.0085551 0.0084848 0.0083929 0.0082586 0.0081214 0.0079587 0.0078291 0.007708 0.0076163 0.0075422 0.0074493 0.0073278 0.0071646 0.0069048 0.0065473 0.0062939 0.0061036 0.0060417 0.005491 0.0052764 0.0052231 0.0054247 0.0059146 0.0063123 0.0066581 0.0068506 0.0069355 0.0069283 0.0069789 0.0070537 0.0071339 0.0071689 0.0070365 0.0066479 0.0064333 0.0062429 0.0064359 0.0067507 0.0067195 0.0067253 0.0068699 0.0072372 0.0071256 0.0072307 0.0074801 0.0075782 0.0077611 0.0078915 0.0080827 0.0083113 0.0085535 0.0085819 0.0086625 0.0087156 0.0087755 0.0088127 0.0089074 0.0089452 0.0089918 0.0089886 0.0090585 0.0090548 0.0090579 0.0090979 0.0090978 0.0090334 0.0090528 0.0090276 0.0090118 0.008978 0.0089472 0.0088556 0.0088819 0.0088337 0.0087419 0.0087235 0.0087645 0.0086586 0.0086026 0.0085859 0.0085485 0.0083813 0.0082854 0.0084659 0.0084537 0.0082647 0.0081278 0.0080115 0.0084 0.0081485 0.0083564 0.0083803 0.0083907 0.0080816 0.0078597 0.0076092 0.0079802 0.0078501 0.0077723 0.0080068 0.0078779 0.0077712 0.0079775 0.0080063 0.0080618 0.0080399 0.0081574 0.0082132 0.0082949 0.0082961 0.0083376 0.0083554 0.0083678 0.0084424 0.0084755 0.0085188 0.008532 0.0086402 0.0086909 0.0088309 0.0089021 0.0089719 0.0090433 0.0090752 0.0091381 0.009186 0.0092344 0.0092324 0.0092363 0.009226 0.0091848 0.0092009 0.0092055 0.0091916 0.0091807 0.0091384 0.0091609 0.0091349 0.0090417 0.0090717 0.0090522 0.0089906 0.0089053 0.0087738 0.0087185 0.0086767 0.00857 0.00851 0.0084825 0.0084727 0.0084527 0.0084459 0.0084414 0.0084344 0.0083973 0.0083367 0.0081843 0.0079083 0.0084512 0.0084595 0.0084986 0.0085918 0.0086797 0.0086825 0.0087127
0.008715 0.0087094 0.0087081 0.0086839 0.0086804 0.0086786 0.0086652 0.00867 0.0086409 0.0086785 0.0086661 0.0086474 0.0086446 0.0086085 0.0085544 0.0085324 0.0084227 0.0083426 0.0082327 0.008114 0.0079566 0.0078779 0.0077949 0.0077364 0.0076633 0.0075874 0.0074821 0.0074207 0.0072936 0.0071223 0.0069616 0.0068993 0.0069033 0.0068824 0.0064328 0.0063401 0.0066146 0.0067586 0.0067933 0.0068206 0.0069091 0.0069593 0.0069457 0.0069819 0.007085 0.007184 0.007188 0.0071626 0.0066454 0.0064546 0.0066838 0.0068965 0.0072486 0.0070468 0.0071162 0.0074299 0.0072697 0.0077637 0.0072573 0.0074426 0.0076346 0.0078433 0.0080815 0.008325 0.008497 0.0085967 0.0086542 0.0086939 0.0087982 0.0088237 0.0089034 0.0089533 0.0089784 0.0090191 0.0090371 0.0090274 0.0089903 0.008927 0.0090992 0.009104 0.0090829 0.0091036 0.0090643 0.0090541 0.0090139 0.0089933 0.0089805 0.0089529 0.0089078 0.0088628 0.0088177 0.0087976 0.0087763 0.0087376 0.0086346 0.0086522 0.0085757 0.0085263 0.0085273 0.0085431 0.0084907 0.0084503 0.0085456 0.0084276 0.0082918 0.0084047 0.0082234 0.0082482 0.0083592 0.0081396 0.0079749 0.0081033 0.0081144 0.0081849 0.0082032 0.0078249 0.0080124 0.0080742 0.0081198 0.008208 0.0082144 0.0082596 0.0083453 0.0082908 0.008387 0.0083941 0.0083994 0.0084182 0.0084722 0.0084974 0.0085801 0.0086081 0.0086821 0.0087424 0.0089943 0.0090118 0.0089787 0.0090246 0.009082 0.0091288 0.0091799 0.0092279 0.0092291 0.0092106 0.0092144 0.0092014 0.0091892 0.0091874 0.0091481 0.0091915 0.0091739 0.0091598 0.0091092 0.009104 0.0091007 0.0090256 0.0089503 0.0088671 0.0088042 0.0084867 0.0085536 0.0086388 0.0085565 0.0085414 0.0085161 0.0084945 0.0084968 0.0084662 0.0084743 0.0084602 0.0084385 0.0083647 0.0083977 0.008432 0.008476 0.0085704 0.0085915 0.0086556 0.0086785 0.0087165
0.0087219 0.0087107 0.0087082 0.0086872 0.0087012 0.0086971 0.0086871 0.0086843 0.0086674 0.0086669 0.008676 0.0086438 0.0086337 0.0085791 0.0085247 0.0084672 0.0083763 0.0083139 0.0082318 0.0081275 0.0080256 0.0079701 0.0078938 0.0078212 0.0077173 0.0076546 0.0076139 0.0075576 0.0075141 0.0074511 0.007391 0.0073301 0.0072786 0.0072319 0.0071646 0.0071892 0.0072115 0.0071931 0.0070603 0.0069775 0.0069631 0.0070369 0.0070214 0.0068968 0.0069809 0.0070803 0.0070979 0.0071014 0.0074091 0.0067293 0.007882 0.0080554 0.0081484 0.0079063 0.0078728 0.0074491 0.0074797 0.0074917 0.0078499 0.0075292 0.0078395 0.0080457 0.0083012 0.0084677 0.0085132 0.0086588 0.0087332 0.008806 0.0088229 0.0089232 0.0089317 0.0089747 0.0090203 0.0090318 0.0090464 0.0090537 0.009075 0.0091141 0.0091352 0.0091306 0.009133 0.0091046 0.0090986 0.0090777 0.0090656 0.009035 0.0090295 0.0089671 0.0089467 0.0089219 0.0088899 0.0088429 0.0087734 0.008737 0.0087 0.008704 0.0086427 0.0086535 0.0086493 0.008622 0.0085111 0.0085754 0.0084399 0.0084739 0.0094413 0.0086351 0.0082802 0.0084364 0.008384 0.0082478 0.0081843 0.0082433 0.0082073 0.0081863 0.0080911 0.0082551 0.0082241 0.0082609 0.0082979 0.0082751 0.008286 0.0083188 0.0083807 0.0083752 0.0083746 0.0084132 0.0083996 0.0084468 0.0084798 0.0085324 0.0086047 0.0086641 0.0087312 0.0088053 0.0089523 0.0089918 0.00897 0.0090432 0.009047 0.0091195 0.0091572 0.0091863 0.0092099 0.0092086 0.0091921 0.0091976 0.009187 0.0091849 0.0091609 0.0091153 0.009177 0.0091328 0.0090831 0.0090492 0.0090478 0.0089593 0.0089123 0.0088316 0.0088004 0.0085085 0.0084508 0.0086579 0.0085925 0.0085741 0.0085672 0.0085456 0.0085515 0.0085318 0.0084925 0.0085146 0.0084822 0.0084905 0.0082778 0.0083877 0.0086041 0.0085886 0.0085875 0.0086847 0.0087423 0.0086963
0.0087208 0.0087228 0.0087046 0.0087061 0.0087116 0.0087154 0.0086761 0.0086685 0.0086793 0.0086708 0.0086501 0.0086141 0.0085843 0.0085469 0.0084932 0.0084278 0.0083482 0.0082615 0.0081982 0.0081244 0.0079764 0.0079942 0.0079267 0.0078365 0.0078021 0.0077436 0.0076908 0.0076481 0.0076008 0.0075715 0.0075186 0.0074606 0.0073966 0.007363 0.0073666 0.0073772 0.0073161 0.007285 0.0071807 0.007091 0.0070513 0.0070644 0.0070897 0.0071228 0.0070738 0.0071848 0.0073299 0.0075139 0.0078325 0.0079571 0.008062 0.0081489 0.0082498 0.0083019 0.008313 0.0080783 0.0076362 0.0075625 0.0076972 0.0080027 0.0081432 0.0083374 0.0084617 0.008633 0.0086449 0.0087182 0.0087763 0.0088509 0.0089094 0.0089489 0.0090078 0.0090508 0.009078 0.0090813 0.0091058 0.0091187 0.0091257 0.0090876 0.0092031 0.0092318 0.0091393 0.0091314 0.0091491 0.0090318 0.0091005 0.0090674 0.0090127 0.0089959 0.0090142 0.0089632 0.0089472 0.0089095 0.0088615 0.0088182 0.0087823 0.008753 0.0087173 0.0086354 0.0087087 0.0086488 0.00864 0.0086322 0.0084451 0.0091783 0.0094531 0.0085593 0.0081562 0.0084353 0.0084052 0.0083417 0.0083414 0.0083274 0.0083222 0.008341 0.0083892 0.0083262 0.0083479 0.0083355 0.0083726 0.0083845 0.0083732 0.0084015 0.0083805 0.0083888 0.0084148 0.0084203 0.0084034 0.0084586 0.0084915 0.0085311 0.0085814 0.0086614 0.008744 0.0088053 0.0088832 0.0088954 0.0089867 0.0090164 0.0090791 0.0091112 0.009143 0.0091673 0.0092069 0.009196 0.0092051 0.0091989 0.0091661 0.0091895 0.0091793 0.009152 0.0091382 0.0090918 0.0090865 0.0090054 0.0089125 0.0089329 0.0088859 0.0088299 0.0087908 0.0087578 0.0087053 0.0086764 0.0086458 0.0086063 0.0085945 0.0085963 0.0085625 0.0085738 0.0085414 0.0085311 0.0085189 0.0085309 0.0084889 0.008586 0.0085936 0.0085553 0.0086022 0.0086866 0.0087399 0.0087373
0.0087151 0.008704 0.0087277 0.00873 0.008723 0.0087128 0.0086955 0.008674 0.0086608 0.0086201 0.0086326 0.0086076 0.0085575 0.0085137 0.0084513 0.0083608 0.0082352 0.0082466 0.0082149 0.0081479 0.0080933 0.0080509 0.0079791 0.0079294 0.0078718 0.007826 0.0077706 0.0077136 0.0076879 0.0076344 0.0075936 0.0075721 0.0075201 0.0074985 0.0075072 0.0074947 0.0074864 0.0074152 0.0073105 0.0072296 0.0071741 0.0071666 0.0071983 0.0072386 0.00734 0.0074768 0.0075703 0.0077158 0.0078666 0.0080254 0.0081483 0.0082225 0.0082791 0.008335 0.0083756 0.0084139 0.0080083 0.0081166 0.0078979 0.0083211 0.0085704 0.0086269 0.0086795 0.0087096 0.0087557 0.0088128 0.0088978 0.0089404 0.0089835 0.0090083 0.0090809 0.0091053 0.0091156 0.0091294 0.0091526 0.0091764 0.0091797 0.009164 0.0091959 0.0091779 0.0091476 0.0091721 0.009148 0.0091638 0.009124 0.009173 0.0091425 0.0090632 0.0090486 0.008984 0.0089878 0.008953 0.008902 0.0088797 0.0088204 0.0087781 0.0087897 0.0088747 0.0087269 0.0087148 0.0086415 0.00864 0.0085841 0.0085286 0.0083866 0.0083968 0.0083847 0.0084903 0.0084343 0.0084611 0.0084254 0.0084254 0.0083892 0.0084224 0.0084173 0.0084042 0.0084396 0.0084703 0.0084224 0.0084574 0.0084288 0.0084137 0.0083731 0.0083997 0.0084181 0.008398 0.0083963 0.0084545 0.0084834 0.0085124 0.0085969 0.0086677 0.0087267 0.0087834 0.0087799 0.0088614 0.0089131 0.0089799 0.0089924 0.009031 0.0090438 0.0090847 0.0090907 0.0091312 0.0091439 0.0091494 0.0091239 0.0091286 0.0090773 0.0090789 0.0090829 0.0090767 0.0090009 0.0089366 0.0089074 0.0088568 0.0088769 0.0088251 0.0087923 0.0087534 0.0087192 0.00868 0.0086543 0.0086379 0.0086255 0.0086066 0.008617 0.0086035 0.0085047 0.0085417 0.0085188 0.0085655 0.0085547 0.008555 0.0085781 0.0086405 0.008699 0.0087022 0.008735 0.008743
0.0087597 0.0087502 0.0087225 0.0086881 0.0087012 0.008647 0.0086633 0.0086735 0.0086526 0.0086332 0.0086236 0.0085793 0.0085556 0.0084989 0.0084779 0.0083743 0.0089858 0.008193 0.0082376 0.0082035 0.0081571 0.0080994 0.0080593 0.0080334 0.0079587 0.0079005 0.0078509 0.0077888 0.0077392 0.0077099 0.0076769 0.0076684 0.0076352 0.0076453 0.0076278 0.0076383 0.0075925 0.0075604 0.0075159 0.0074476 0.0073709 0.0073679 0.007325 0.0073556 0.0074332 0.0075668 0.0077135 0.0080869 0.0081046 0.0082198 0.0082654 0.0082821 0.0084018 0.0083642 0.0084205 0.0084843 0.0085355 0.0085595 0.008646 0.008696 0.0087387 0.0087791 0.0088535 0.0088832 0.0089323 0.0089748 0.0089903 0.0090302 0.0090522 0.0090867 0.0091329 0.0091531 0.0091616 0.0091879 0.0092027 0.0091842 0.0091964 0.0091988 0.0092155 0.0092475 0.009169 0.00918 0.0091938 0.0091686 0.0092047 0.0091526 0.0090971 0.0090895 0.0090379 0.0090383 0.0090151 0.0089994 0.0089551 0.0089119 0.0088383 0.0088277 0.0088195 0.0088092 0.0087772 0.0087384 0.0087146 0.0086829 0.0086296 0.0086298 0.0086097 0.0085559 0.0085221 0.0085245 0.0085273 0.0084969 0.0084969 0.0084967 0.0084708 0.0085067 0.0084739 0.008512 0.0085508 0.0085366 0.008532 0.0085132 0.0084567 0.0084422 0.0084173 0.008406 0.0083785 0.0083887 0.0084553 0.0084934 0.0084971 0.0085214 0.0085868 0.0086519 0.0086979 0.0087105 0.0087687 0.00883 0.0088736 0.0089159 0.0089224 0.0089493 0.008972 0.0089995 0.0090098 0.0090447 0.0090575 0.0090364 0.0090452 0.0090459 0.0089557 0.0089667 0.0090016 0.0089558 0.0089461 0.0088878 0.0088543 0.0088814 0.008797 0.0088317 0.0088077 0.0087208 0.00869 0.008681 0.0086668 0.0086691 0.0086285 0.0086325 0.0086121 0.0085765 0.0085588 0.0085831 0.0085897 0.0085213 0.0085441 0.0085403 0.0086106 0.0086612 0.0087033 0.0087405 0.0087663 0.0087798
0.0087595 0.0087581 0.0087428 0.0087242 0.0087357 0.0086942 0.0086635 0.0086484 0.0086436 0.0086469 0.0085976 0.0085626 0.0085631 0.0085075 0.0084694 0.008449 0.0082779 0.008304 0.008253 0.0082471 0.0082092 0.0081771 0.0081277 0.0080839 0.0080503 0.0080053 0.0079452 0.007888 0.0078888 0.0078332 0.007814 0.0077875 0.007769 0.0077767 0.0077608 0.0077621 0.0077467 0.007721 0.0076959 0.0076004 0.0075707 0.0075247 0.0075067 0.0075211 0.0075896 0.0077258 0.0078721 0.0079915 0.0081569 0.008224 0.008283 0.008322 0.0083601 0.0084129 0.0084779 0.0085399 0.0086011 0.0086714 0.0087325 0.0087855 0.0088849 0.0089162 0.0089444 0.008967 0.0090042 0.0090179 0.009054 0.0090851 0.0091055 0.0091478 0.0091546 0.0093311 0.0092155 0.0092174 0.0092233 0.0092418 0.0092364 0.0092182 0.0092234 0.0092169 0.0092065 0.0092517 0.0091752 0.0091831 0.0089715 0.0094576 0.0091181 0.0090941 0.0090823 0.0090461 0.0090507 0.008993 0.0089653 0.0089404 0.0089229 0.0088714 0.0088668 0.0088222 0.0087976 0.0087304 0.0087326 0.0087116 0.0086526 0.0086004 0.0085767 0.0085821 0.0085747 0.008537 0.0085869 0.0085605 0.0085423 0.0085703 0.0086002 0.0085934 0.008592 0.008607 0.0086282 0.0086017 0.0085701 0.0085061 0.0084801 0.0084859 0.0084668 0.0084367 0.0084372 0.0084495 0.0084312 0.0084669 0.0085008 0.0085174 0.0085823 0.0086056 0.0086638 0.0086652 0.0086961 0.0087429 0.0088142 0.008839 0.0088555 0.0088365 0.0089045 0.0088843 0.0089325 0.0089728 0.0089759 0.0089578 0.008947 0.0089585 0.0089442 0.0089105 0.0089347 0.0089116 0.0089181 0.0089101 0.0088508 0.0088685 0.008823 0.0088376 0.0088164 0.0087572 0.008722 0.0087283 0.0086841 0.0086687 0.0086545 0.0086226 0.0086202 0.0086015 0.0085516 0.0085925 0.008585 0.0085585 0.0086356 0.0086013 0.0086085 0.008666 0.0087225 0.0087212 0.0087435 0.0087522
0.0087386 0.0087513 0.008744 0.0086955 0.0087286 0.0087194 0.0086365 0.0086862 0.008683 0.0086832 0.0086538 0.0086219 0.0085828 0.0085548 0.008503 0.0084405 0.0084517 0.0083971 0.0083619 0.0083243 0.008289 0.008247 0.0081913 0.008151 0.0081479 0.0081266 0.0081072 0.0080675 0.0080398 0.0080077 0.0079884 0.0079447 0.0079231 0.0079366 0.0079742 0.0079344 0.0079302 0.0079323 0.0078663 0.0077962 0.0077636 0.0077394 0.0077409 0.0078262 0.0078744 0.0079958 0.0080728 0.00815 0.0082385 0.008292 0.0083364 0.0084095 0.0084385 0.0084889 0.0085539 0.0086005 0.0086665 0.008731 0.0087931 0.0088774 0.0089725 0.0089228 0.0090388 0.0090617 0.0090695 0.009093 0.0091292 0.0091519 0.0091635 0.0091619 0.0092026 0.0091986 0.009215 0.0092447 0.0092509 0.009253 0.0092344 0.0092659 0.0092828 0.0092675 0.0092299 0.0092203 0.0092246 0.0091972 0.0091862 0.0091761 0.0091592 0.009147 0.009118 0.0090587 0.0090146 0.0090289 0.0089773 0.0089736 0.0088845 0.0089093 0.0088975 0.0088635 0.0087974 0.0087794 0.0087428 0.0087278 0.0087159 0.0086933 0.0086923 0.00867 0.0086085 0.0086103 0.0086207 0.0086355 0.008665 0.0086752 0.0086713 0.0086719 0.0086341 0.0086638 0.0086599 0.0086604 0.00859 0.008561 0.0085478 0.0085246 0.0084723 0.0084822 0.0084507 0.0084563 0.0084382 0.0084678 0.0084968 0.0085077 0.0085547 0.0085477 0.0086292 0.0086897 0.0086706 0.008623 0.0087148 0.0087391 0.0087284 0.0087944 0.0088337 0.0087739 0.0088339 0.0088712 0.0088652 0.008837 0.0088646 0.0088573 0.0088603 0.00886 0.0088557 0.0088697 0.0088633 0.0088382 0.0088341 0.0088515 0.0088378 0.0087984 0.0087975 0.0087614 0.0087749 0.0087278 0.0087092 0.0086755 0.0086569 0.0086309 0.0085686 0.0085749 0.0085628 0.0085885 0.0086059 0.0086121 0.0086369 0.0086328 0.0086509 0.0086709 0.0087064 0.008749 0.0086924 0.0087307
0.0087299 0.0087341 0.008729 0.0087349 0.0087255 0.0087456 0.0087077 0.0086857 0.008703 0.0086533 0.0086317 0.008636 0.0086096 0.0085709 0.0085323 0.0085053 0.0084725 0.008444 0.008416 0.0083712 0.0083317 0.0083201 0.0082918 0.0082678 0.0082355 0.0082245 0.0081949 0.008175 0.0081574 0.008154 0.0081497 0.008129 0.008142 0.0081425 0.0081256 0.0081103 0.0081005 0.0081104 0.0080903 0.0082223 0.0080627 0.0080567 0.0080588 0.0080795 0.0080996 0.0081367 0.0081767 0.0082367 0.0083191 0.0083722 0.0083955 0.0084934 0.008556 0.0086038 0.0086505 0.0087149 0.0087682 0.0088214 0.0088751 0.0089149 0.0089905 0.0090596 0.0090883 0.009112 0.0091462 0.0093089 0.0091168 0.0092002 0.0092119 0.009215 0.0092498 0.0092049 0.0092384 0.0092892 0.0093108 0.0092998 0.0092862 0.009293 0.0092561 0.00927 0.0092479 0.0092484 0.0092287 0.0092349 0.0092048 0.0091917 0.0091572 0.0091365 0.0091018 0.0090724 0.0090367 0.0090184 0.0090054 0.0089669 0.0089637 0.0089581 0.0088916 0.008859 0.0088495 0.008803 0.0087884 0.0087627 0.008725 0.0087198 0.0087095 0.0087183 0.0086637 0.008694 0.0086866 0.0087133 0.0087048 0.008712 0.0087223 0.008718 0.0086802 0.0087071 0.0086804 0.0086773 0.0086571 0.0085867 0.0086155 0.0086017 0.0084604 0.0085162 0.0084993 0.0084799 0.00845 0.0084354 0.0084573 0.0084969 0.0084984 0.0085182 0.0085458 0.0083789 0.0085529 0.008629 0.0086438 0.0086316 0.008694 0.008725 0.0087463 0.0086765 0.0087698 0.0087868 0.0087889 0.0087372 0.0087732 0.0087658 0.0087906 0.0088065 0.0087891 0.0088097 0.0087895 0.0087684 0.0087969 0.0088022 0.0087783 0.0087685 0.0087744 0.0087467 0.0087281 0.0087391 0.0087058 0.0086942 0.008678 0.0085998 0.0086428 0.008628 0.0085893 0.008613 0.008597 0.0086322 0.0086484 0.0086416 0.0086797 0.0086848 0.0086704 0.0087189 0.0087117 0.0086845
0.0087658 0.0087168 0.0087157 0.0090216 0.0087296 0.0087453 0.0087468 0.0087361 0.0087226 0.0087123 0.0086926 0.0086499 0.0086445 0.0086049 0.0085907 0.0085773 0.0085455 0.0085256 0.008469 0.0084133 0.0083276 0.0084031 0.008381 0.0083602 0.0083438 0.0083355 0.0083083 0.0083138 0.0083116 0.0082882 0.0082822 0.0082632 0.0082557 0.0082395 0.008222 0.0082079 0.0082007 0.0082109 0.0082068 0.0081999 0.0081936 0.0082111 0.0082136 0.0082367 0.0082729 0.0082971 0.0083357 0.0083569 0.0084239 0.0084759 0.0085534 0.0086045 0.0086619 0.0087255 0.0087959 0.0088298 0.0088736 0.0089196 0.0089766 0.0089926 0.0090378 0.0090921 0.0091406 0.0091834 0.0091818 0.0091928 0.0092481 0.0092393 0.0092337 0.0092315 0.0092581 0.0092403 0.0092683 0.0092665 0.0092782 0.009299 0.0092817 0.0092543 0.0092493 0.0092633 0.0092537 0.0092484 0.0092122 0.0091894 0.0091729 0.0090831 0.0091034 0.0090859 0.0090791 0.0090627 0.0090511 0.0090154 0.0089723 0.0089543 0.008972 0.0088696 0.0088545 0.0088614 0.0088429 0.0088157 0.0088083 0.0087797 0.0087534 0.0087534 0.0087574 0.0087451 0.0087399 0.0087434 0.0087378 0.0087258 0.0087482 0.008737 0.0087593 0.0087351 0.008725 0.0087122 0.0087057 0.0086713 0.0086999 0.0086672 0.0086346 0.008621 0.0086154 0.0085752 0.0085489 0.0085273 0.0084893 0.0084762 0.0084647 0.0084648 0.0084699 0.008497 0.0085188 0.0085213 0.0085501 0.0085909 0.0086104 0.0086087 0.008647 0.008591 0.0086786 0.008609 0.0086865 0.0087153 0.0086709 0.0087242 0.0087192 0.0087226 0.0087381 0.0087402 0.008728 0.0087339 0.0087694 0.008769 0.0087665 0.0087517 0.0087557 0.0087356 0.0087515 0.0087566 0.0087409 0.0087203 0.008731 0.0087167 0.0086638 0.0086853 0.0086844 0.008689 0.0086077 0.0086359 0.0086439 0.0086563 0.0086224 0.0086763 0.0087079 0.0087224 0.0087101 0.0087291 0.0087367 0.0087437
0.0087569 0.0088048 0.0087626 0.0087974 0.0087922 0.0087755 0.008764 0.0087736 0.0086861 0.0087234 0.0087017 0.0087015 0.008705 0.0086912 0.0087513 0.0086265 0.0086112 0.0085897 0.0085415 0.0085686 0.0085468 0.008505 0.0084941 0.0084819 0.0084659 0.0084564 0.0084091 0.0084276 0.0084173 0.008407 0.0083869 0.0083677 0.0083619 0.0083466 0.0083252 0.0083014 0.0083001 0.0083042 0.0082869 0.0082827 0.0082842 0.0083077 0.0083337 0.0083613 0.0083996 0.0084342 0.008462 0.008507 0.0085392 0.0085874 0.0086338 0.0086458 0.008742 0.008826 0.008886 0.00895 0.0090063 0.0090711 0.0090946 0.0091099 0.0091221 0.0091696 0.0091907 0.0091831 0.0092279 0.0092406 0.0092463 0.0092155 0.0092353 0.0092556 0.0092177 0.0092264 0.009261 0.0092648 0.0092647 0.0092729 0.0092717 0.0092477 0.0092509 0.0092422 0.0092479 0.0092178 0.0091967 0.0090878 0.0095117 0.010027 0.0088513 0.0090389 0.0090714 0.009035 0.0090476 0.0089905 0.0089978 0.0089375 0.0089316 0.0089031 0.0088724 0.0088622 0.0088586 0.008842 0.0088111 0.008809 0.0087907 0.0087446 0.0087815 0.0087379 0.0087314 0.0087485 0.0087441 0.0087352 0.0087591 0.0087589 0.0087746 0.0087444 0.0086928 0.0087012 0.0087456 0.0086987 0.0086865 0.0087131 0.0086967 0.008668 0.008658 0.0085876 0.0085831 0.0085182 0.0085339 0.0085022 0.0084963 0.0084459 0.0084838 0.0084758 0.0084757 0.0084881 0.008522 0.0085114 0.0085437 0.0085555 0.0085301 0.008576 0.008608 0.0086002 0.0086316 0.0086399 0.0086106 0.0086647 0.0086593 0.0086723 0.0086635 0.0086733 0.0086937 0.0086996 0.0087019 0.0087171 0.0086525 0.0087262 0.0087159 0.0087477 0.0087391 0.0087368 0.0087033 0.0086993 0.0087414 0.0087353 0.0086975 0.0087394 0.0087353 0.008667 0.0087106 0.0086765 0.0087223 0.0087156 0.008702 0.008707 0.0087097 0.0087384 0.008696 0.0087037 0.0087658 0.008659
0.0088161 0.0088112 0.0088327 0.008818 0.0088069 0.0088474 0.0088253 0.0088047 0.00882 0.0088016 0.0087417 0.0087569 0.0087761 0.0087268 0.0087389 0.0087129 0.0087102 0.0086943 0.0086842 0.0086788 0.0086126 0.0086348 0.008584 0.0085609 0.0085594 0.0085109 0.0085548 0.0085422 0.0085096 0.0084979 0.0084898 0.0084535 0.0084632 0.0084275 0.0085311 0.00839 0.0083893 0.0083848 0.0083735 0.0083832 0.0083952 0.008415 0.0084572 0.0084716 0.0084989 0.0085401 0.0085855 0.0086407 0.0086781 0.008726 0.0087841 0.0088481 0.008901 0.0089672 0.0090318 0.0090888 0.0091517 0.0091942 0.0092385 0.0092791 0.0092936 0.0092849 0.0092537 0.0092375 0.009239 0.0092378 0.0092236 0.0092373 0.0092583 0.0092427 0.009254 0.0092535 0.0092401 0.0092626 0.0092604 0.009244 0.0092329 0.0091939 0.0092508 0.009231 0.0092183 0.0091952 0.0091369 0.0091158 0.0091103 0.0090588 0.009048 0.0090551 0.0090364 0.0090458 0.0090114 0.0089813 0.0089759 0.0089381 0.0089236 0.008891 0.0088756 0.0088586 0.0088432 0.0088039 0.0087804 0.0088012 0.0087856 0.0087431 0.0087533 0.0087531 0.0087571 0.0087376 0.0087203 0.0086813 0.0087018 0.0087549 0.0087748 0.0087507 0.0087358 0.0087405 0.0086973 0.0087247 0.0087173 0.0087112 0.0086947 0.0086525 0.0086692 0.0086467 0.008618 0.0085979 0.0085925 0.0085389 0.0085098 0.0085026 0.0084782 0.0084506 0.0084558 0.0084566 0.0084246 0.0084903 0.0084956 0.00851 0.008397 0.0085333 0.0085558 0.0085856 0.0085933 0.008572 0.0085865 0.008592 0.0085296 0.0086275 0.0086233 0.0086382 0.0086279 0.0086762 0.0086678 0.0086866 0.0086963 0.0086937 0.0087015 0.00871 0.0087158 0.0087364 0.0086807 0.0086906 0.0086938 0.0087213 0.0087149 0.0087147 0.0087554 0.0087547 0.0087573 0.0087344 0.0087568 0.0087346 0.0087717 0.0087652 0.0087219 0.0087408 0.008746 0.008797 0.0087871 0.0088052
0.0087792 0.0088529 0.0088565 0.0088382 0.0088495 0.008855 0.0088435 0.0088585 0.0088095 0.0088722 0.0088322 0.0088259 0.0088145 0.0088237 0.0087633 0.008735 0.0087342 0.0087755 0.0087883 0.0087484 0.0087534 0.0087475 0.0087331 0.0087197 0.008673 0.0086641 0.0085349 0.0086449 0.008641 0.0085772 0.0086298 0.0085562 0.0085703 0.0085276 0.0084904 0.0084649 0.0084758 0.0084731 0.0084791 0.0084828 0.0084877 0.0085346 0.0085623 0.0085962 0.0086274 0.0086706 0.0087453 0.0088083 0.0088744 0.0089223 0.0089539 0.0089873 0.0090082 0.0090531 0.0090849 0.0091327 0.0091622 0.009177 0.0092153 0.0092291 0.0092303 0.0092377 0.0092315 0.0092265 0.0092112 0.0092239 0.0092303 0.0092338 0.0092153 0.0092377 0.0092413 0.0092294 0.0092551 0.0092462 0.0092006 0.0092265 0.0092201 0.0091915 0.0091947 0.009179 0.0091532 0.0091384 0.0091485 0.0091169 0.0090697 0.009075 0.0090227 0.0090061 0.0089952 0.0089764 0.0089764 0.0089496 0.0089153 0.0089109 0.0089084 0.0088407 0.0088542 0.0088521 0.0088324 0.0088213 0.0088118 0.0088076 0.0087934 0.0087555 0.0087623 0.0087901 0.0087737 0.0087555 0.0087514 0.0087648 0.0086801 0.0086954 0.0087372 0.0087323 0.008748 0.0087314 0.0087094 0.008721 0.0087157 0.0086764 0.008655 0.0086705 0.0086584 0.0086556 0.008608 0.0085992 0.0085951 0.0085835 0.0085662 0.0085478 0.0085267 0.0084912 0.0084874 0.0084619 0.0084375 0.0084145 0.0084388 0.0084808 0.0085085 0.0084971 0.0085098 0.0085098 0.0085267 0.0085261 0.0085308 0.008534 0.0085495 0.0085695 0.0085699 0.0085634 0.0085958 0.0085756 0.0086031 0.0086353 0.008662 0.0086792 0.008666 0.0086894 0.0087504 0.0087245 0.0087072 0.0087059 0.0087061 0.0087392 0.0087382 0.0087597 0.0087647 0.008787 0.0087748 0.0087585 0.008753 0.008787 0.0087989 0.008813 0.008857 0.0088336 0.0088165 0.0088296 0.0088117 0.0087967
0.0088644 0.0088936 0.0089149 0.0088796 0.0088609 0.0088902 0.0090531 0.008841 0.0088807 0.0088861 0.0088364 0.0088578 0.008868 0.0088466 0.0088836 0.0088916 0.0088852 0.0088568 0.0089091 0.0088165 0.0087787 0.0088289 0.0088266 0.008804 0.0087708 0.008754 0.0087242 0.0086911 0.0087112 0.0086589 0.0086741 0.0086848 0.0086917 0.0086307 0.0086727 0.0086769 0.0086306 0.0086317 0.0086404 0.0086489 0.0086272 0.0086907 0.0087119 0.0087317 0.008774 0.0087997 0.0088417 0.0089003 0.0089322 0.0089782 0.009013 0.0090376 0.0090419 0.0090333 0.0090638 0.0090738 0.0090857 0.0091025 0.0091215 0.0091216 0.0091099 0.009135 0.009137 0.0091513 0.0092012 0.0091732 0.0091797 0.0091928 0.0092277 0.0091991 0.0092129 0.0091998 0.009195 0.0092126 0.0091854 0.009162 0.0091644 0.0091757 0.0091587 0.009132 0.0091126 0.0091074 0.0090909 0.0090638 0.0090361 0.0090268 0.0090072 0.0090007 0.0089818 0.0089416 0.0089023 0.008875 0.0088921 0.0088978 0.0088614 0.0088573 0.0088378 0.0088302 0.0088197 0.0088004 0.0087739 0.0087551 0.0087435 0.0087335 0.0087576 0.0087667 0.0087588 0.0087365 0.008744 0.0087367 0.008759 0.0087311 0.0087218 0.0087226 0.0086977 0.0087183 0.0086904 0.0086821 0.0086456 0.0086768 0.0086263 0.0086591 0.0086492 0.0086061 0.0086105 0.0086067 0.0085991 0.0085995 0.0085797 0.0085535 0.008538 0.0085439 0.0085232 0.0085124 0.0084797 0.0084863 0.0084639 0.0084507 0.0084367 0.0084254 0.008403 0.008398 0.008415 0.0084323 0.0084533 0.0084737 0.0085037 0.0085138 0.0085506 0.0085422 0.0085746 0.0085707 0.0085685 0.0085826 0.008619 0.0086075 0.0086605 0.0086877 0.008707 0.0087189 0.0087286 0.0086977 0.008745 0.0087524 0.0087598 0.0087858 0.0087763 0.0087903 0.0087413 0.0088044 0.0088019 0.0087926 0.0087647 0.0088147 0.0088266 0.0088418 0.0088777 0.0088224 0.0088572 0.0088479
0.008916 0.0089425 0.008945 0.0089241 0.008899 0.0089555 0.0089639 0.0089453 0.0089435 0.008964 0.0089901 0.0089511 0.0089588 0.0089155 0.0090032 0.0089411 0.0089296 0.0089174 0.008892 0.0088906 0.008907 0.0088096 0.0088145 0.0088444 0.0088073 0.0088516 0.0088091 0.008955 0.0088763 0.0088393 0.0088675 0.0088087 0.0087828 0.0087625 0.0087274 0.0087578 0.0087263 0.0087412 0.008755 0.0087919 0.0088112 0.0088345 0.0088499 0.0088628 0.0088952 0.0089156 0.0089292 0.0089466 0.0089665 0.0089905 0.0090226 0.0090723 0.0090553 0.0090583 0.0090572 0.0090526 0.0090368 0.0090341 0.0090148 0.0090374 0.0090525 0.0090683 0.0090826 0.0090797 0.0090962 0.0091226 0.0091345 0.0091211 0.0091193 0.0091322 0.0091617 0.0091815 0.0091768 0.0091389 0.0091613 0.0091651 0.0091679 0.0091347 0.0091098 0.0090709 0.0090743 0.009054 0.0090333 0.009014 0.0090227 0.0090123 0.0089926 0.0089707 0.0089461 0.0089444 0.0089137 0.0088472 0.008849 0.0088493 0.0088432 0.0087956 0.0088031 0.0087992 0.0087824 0.0087908 0.0087711 0.0087689 0.0087526 0.0087029 0.0087381 0.0087413 0.0087148 0.0087031 0.0087007 0.0086806 0.0087039 0.0087078 0.0087246 0.0087178 0.0086992 0.0087182 0.0087213 0.0086918 0.0086541 0.0086305 0.008649 0.0086747 0.0086621 0.0086238 0.0086161 0.0086042 0.0085867 0.0086023 0.0085645 0.008561 0.0085462 0.0085318 0.0085403 0.0085179 0.0085271 0.0085114 0.008496 0.0084782 0.0084718 0.008477 0.0084879 0.0084968 0.0085059 0.0085083 0.0085178 0.0085275 0.0085351 0.0085408 0.0085592 0.0085689 0.0085583 0.0085872 0.0085861 0.0086039 0.0086039 0.0086045 0.0086528 0.0086747 0.0086877 0.0086782 0.008728 0.008726 0.0087078 0.0087474 0.0087795 0.0087998 0.008771 0.0088013 0.0088323 0.0088474 0.0086658 0.0091993 0.0087391 0.0083396 0.0088325 0.0088602 0.0089112 0.0088985 0.008839 0.0088836
0.0089165 0.0089605 0.0089352 0.0089549 0.0089564 0.0090032 0.0089416 0.0089784 0.008987 0.008983 0.0090036 0.008969 0.0089767 0.0090154 0.0089766 0.0089996 0.0089965 0.0089221 0.008957 0.0089749 0.0089508 0.0089908 0.0090088 0.0090406 0.0089768 0.0089052 0.0089193 0.0089213 0.0088238 0.008858 0.0088683 0.0088456 0.0088999 0.0089189 0.0089462 0.0088784 0.0088562 0.0088634 0.0088255 0.008877 0.0088693 0.0088884 0.0089267 0.0089212 0.0089202 0.0088963 0.0089315 0.0089519 0.0089666 0.0090066 0.0090273 0.0090335 0.0090325 0.0090379 0.0090414 0.0090875 0.0090319 0.0090274 0.0090378 0.0090456 0.0090743 0.0090928 0.0091062 0.0091069 0.0091065 0.0090949 0.0090827 0.0090903 0.0091065 0.0090737 0.0091173 0.0091178 0.0091179 0.009118 0.0091078 0.0091209 0.0090953 0.0090916 0.0090529 0.009061 0.0090317 0.0090265 0.0089987 0.0090532 0.0089811 0.0089518 0.0089301 0.0089077 0.0089024 0.0089027 0.0088754 0.0088651 0.0088494 0.0088261 0.008827 0.0088148 0.0088478 0.0087762 0.0087594 0.0087487 0.0087401 0.0087374 0.0087323 0.0087143 0.00872 0.0087261 0.0087271 0.0087112 0.0086886 0.008714 0.0086977 0.0086838 0.0087052 0.0087022 0.0086972 0.0086872 0.0086767 0.0086873 0.0086526 0.0086537 0.0086496 0.0086413 0.0086147 0.0086567 0.0086556 0.0086407 0.0086009 0.0085943 0.0085936 0.0085625 0.008592 0.0085789 0.0085826 0.0085681 0.0085371 0.0085475 0.0085344 0.0085339 0.0085283 0.0085279 0.0085208 0.0085459 0.0085492 0.0085029 0.008531 0.0085485 0.0085666 0.0085727 0.0085542 0.0085571 0.0085709 0.0085916 0.0086012 0.0086091 0.0086234 0.0086252 0.0086373 0.0086715 0.0086876 0.0087064 0.0087081 0.0087376 0.0087409 0.0087711 0.008782 0.0087783 0.008782 0.0087971 0.0088149 0.0088369 0.0088381 0.0088604 0.0088385 0.00893 0.0089367 0.0089473 0.0089502 0.0089487 0.0089306 0.0089001
0.0089974 0.0089486 0.0088528 0.0088053 0.0088669 0.0089788 0.0089386 0.0087851 0.0087955 0.0089585 0.0089974 0.0089977 0.0090105 0.0089946 0.0089901 0.0089223 0.0088037 0.0088225 0.0087822 0.0089165 0.0088347 0.0088799 0.0090439 0.0091522 0.0089863 0.0089169 0.0089117 0.008965 0.0089387 0.0089335 0.0089286 0.0089306 0.0089507 0.0089148 0.0087872 0.0089069 0.0088683 0.0089014 0.0088881 0.0088738 0.0089386 0.0089263 0.008894 0.0088948 0.0089268 0.0089571 0.0089705 0.0089845 0.0089998 0.0090096 0.0090173 0.009031 0.0089782 0.009054 0.0090643 0.0090805 0.0090893 0.0090884 0.0090879 0.0090893 0.009102 0.0088418 0.0088529 0.009007 0.0090569 0.0090469 0.0090436 0.0090547 0.0090262 0.0090255 0.0090478 0.0090555 0.0090545 0.0090571 0.0090389 0.0090425 0.0090317 0.009035 0.0090476 0.0090376 0.0090167 0.0089759 0.008969 0.0089568 0.0089527 0.0089285 0.0088795 0.0088716 0.0089011 0.0088809 0.0088847 0.0088653 0.0088352 0.0087981 0.0087915 0.0088054 0.0088055 0.0087963 0.0087785 0.0087625 0.0087558 0.0087539 0.008735 0.0087639 0.0087323 0.008725 0.0087254 0.0087184 0.0087163 0.0087122 0.0087108 0.0087029 0.0086869 0.0086631 0.0086635 0.0086605 0.0086807 0.0086493 0.0086521 0.008617 0.008633 0.0086454 0.0086508 0.0086549 0.0086512 0.0086568 0.0086436 0.0086349 0.0086211 0.0086018 0.0086158 0.0085949 0.0085807 0.008555 0.0084465 0.0085318 0.0085689 0.0085733 0.0085843 0.0085757 0.0085579 0.0085616 0.0085625 0.00856 0.0085654 0.0085564 0.0085788 0.0085633 0.0085749 0.0085562 0.0085829 0.0086034 0.0086002 0.0086172 0.0086356 0.0086448 0.0086584 0.0086662 0.0086523 0.0086811 0.0086923 0.0087181 0.0087534 0.0087751 0.0087826 0.0087851 0.0088026 0.0088342 0.0088362 0.0088216 0.0088537 0.008828 0.0088492 0.0088788 0.0088682 0.0089473 0.008988 0.0089786 0.0089477 0.0089754
0.0088856 0.008836 0.008837 0.008877 0.0088869 0.0088688 0.0088517 0.00885 0.0088632 0.0088563 0.0088625 0.0087991 0.0088973 0.0088779 0.0088903 0.0089238 0.0089227 0.0089387 0.0089391 0.0089176 0.0089094 0.0089534 0.0089449 0.0089566 0.0089754 0.008991 0.0089595 0.0088715 0.0088992 0.0088565 0.0088789 0.0088953 0.0089083 0.0089124 0.0088957 0.0089205 0.0089042 0.0089414 0.0089351 0.0089314 0.0089374 0.0089487 0.0089471 0.0089292 0.0089057 0.0089149 0.0089288 0.008944 0.0089546 0.0089847 0.0090119 0.0089969 0.0090099 0.0090244 0.0090404 0.0090442 0.0090282 0.0090491 0.0090745 0.0090719 0.0090879 0.0090976 0.0090914 0.0090985 0.0090786 0.0090793 0.0091043 0.0090838 0.0090475 0.0090267 0.0090038 0.0089915 0.0089621 0.0089727 0.008976 0.0089138 0.0088973 0.0089128 0.0089518 0.0089565 0.0089143 0.0089348 0.008872 0.0086858 0.008797 0.0089179 0.0084652 0.0085473 0.0088114 0.0082975 0.0084767 0.008684 0.0085581 0.0083971 0.0086265 0.0083322 0.0083872 0.008656 0.0085484 0.0084054 0.0084524 0.0084923 0.0085454 0.0086981 0.0087134 0.0086849 0.0087038 0.0087081 0.0087152 0.0087053 0.0087007 0.008698 0.0086932 0.0086885 0.0086684 0.0086762 0.0086681 0.0086663 0.008658 0.00858 0.0087859 0.0085721 0.0086423 0.0086316 0.0086227 0.0086377 0.0086257 0.0086155 0.0086196 0.0086224 0.0086246 0.0086279 0.0086188 0.0086229 0.0086204 0.008622 0.0086287 0.0086287 0.0086098 0.0086181 0.0086077 0.0085926 0.0085677 0.0085763 0.0085798 0.0085483 0.0085152 0.0085214 0.0085427 0.0085656 0.0085785 0.0085656 0.008601 0.0086222 0.0086226 0.0086539 0.008643 0.0086694 0.0086635 0.0086688 0.0086846 0.0087131 0.0087255 0.0087562 0.0087624 0.0087854 0.0087743 0.0087718 0.0087887 0.008837 0.0088343 0.0088452 0.0088489 0.0088679 0.0088759 0.0088558 0.0088518 0.0089058 0.008907 0.0088967
0.008532 0.0085382 0.0085496 0.0085729 0.0085502 0.0085521 0.0085635 0.0085577 0.0085623 0.0085714 0.0085818 0.0085906 0.0086005 0.00861 0.0086239 0.008634 0.0086364 0.0086483 0.008648 0.0086578 0.0086623 0.0086727 0.008683 0.0086996 0.008713 0.0087384 0.0087722 0.0088112 0.0088098 0.0088383 0.0088728 0.0088365 0.0088421 0.0089103 0.0087192 0.0087177 0.0086452 0.00875 0.0085173 0.0085691 0.0086534 0.0086954 0.0088638 0.008866 0.0088747 0.0089028 0.0089314 0.0089163 0.0088455 0.0088279 0.008629 0.0086124 0.0085384 0.0086189 0.0088127 0.0086668 0.0086303 0.008623 0.0086256 0.0086699 0.0089075 0.008837 0.008862 0.0088624 0.0088909 0.0089141 0.008949 0.0088152 0.0087525 0.0086429 0.0086473 0.0086515 0.0084642 0.0085608 0.0084804 0.0083603 0.008277 0.0083546 0.0082551 0.0081681 0.0081472 0.0080233 0.0080444 0.0079712 0.0079696 0.007998 0.007893 0.0078807 0.0078897 0.0078408 0.0078776 0.0079328 0.0077985 0.0077986 0.0079302 0.0078349 0.0078448 0.0077503 0.0077503 0.0077709 0.0079318 0.0079829 0.0079713 0.0079733 0.0079735 0.0080086 0.0078706 0.0082035 0.0082577 0.008543 0.0085229 0.0082792 0.0083848 0.0086281 0.0085 0.0085359 0.0084236 0.0084764 0.0085786 0.0083524 0.0083709 0.0083355 0.0083726 0.0083884 0.0084916 0.0086241 0.0084285 0.0084649 0.008465 0.0084594 0.0084902 0.0084799 0.0084806 0.0084929 0.0085011 0.0085108 0.0085459 0.0085856 0.0086228 0.0086244 0.0086266 0.0086259 0.0086269 0.0086143 0.0086239 0.0086026 0.0086065 0.0086172 0.0086232 0.0086466 0.0086468 0.0086596 0.0086635 0.0086721 0.0086703 0.0086651 0.0086667 0.0086811 0.0086865 0.0086698 0.0086744 0.0086837 0.0086962 0.0086981 0.0086973 0.0086947 0.0086846 0.0086743 0.0086695 0.0086386 0.0086051 0.0086125 0.0086081 0.0086035 0.0085986 0.0085781 0.0085578 0.0085386 0.0085373 0.0085331
0.0083805 0.0083817 0.0083835 0.0083826 0.0083834 0.0083796 0.008385 0.0083901 0.0083944 0.0084023 0.0084126 0.0084263 0.0084311 0.0084423 0.0084496 0.0084675 0.0084846 0.0084873 0.0085174 0.0085179 0.0085332 0.0085376 0.0085379 0.0085359 0.0085321 0.0085099 0.0085683 0.0085546 0.0085308 0.0083014 0.0082427 0.0081649 0.0082779 0.0083231 0.0081641 0.008245 0.008144 0.0081583 0.0081579 0.008114 0.0080588 0.0081125 0.0080169 0.0079608 0.0079663 0.0080454 0.0080335 0.0080102 0.0080462 0.0080828 0.00815 0.0082146 0.0083122 0.0083484 0.0081844 0.0082298 0.0081452 0.0080852 0.0080764 0.0081372 0.0080872 0.008372 0.0083445 0.0086586 0.0087212 0.0087926 0.008851 0.0088897 0.0088815 0.0087562 0.0086492 0.0085163 0.0084005 0.0083162 0.0082738 0.0081904 0.008142 0.00809 0.0080518 0.0080276 0.0080045 0.0079713 0.0079482 0.0079284 0.0078957 0.0078655 0.0078483 0.0078245 0.00781 0.0078097 0.0078088 0.0078027 0.0077976 0.0077849 0.007767 0.0077521 0.0077361 0.0077227 0.0077147 0.0077047 0.0076964 0.0076789 0.0076659 0.0076531 0.0076422 0.0076329 0.007629 0.0076218 0.0076313 0.007692 0.0077719 0.0078673 0.0078518 0.0078858 0.0078089 0.0078757 0.0079688 0.0079971 0.0079484 0.0078963 0.0078647 0.0078818 0.0080031 0.0079215 0.007957 0.0078935 0.0079429 0.0079639 0.0079225 0.0079513 0.0078772 0.0078961 0.0079558 0.0080416 0.0080048 0.0079873 0.0080116 0.0079417 0.0079829 0.0079934 0.0080586 0.0081898 0.0082229 0.0082777 0.0084563 0.0084408 0.0085575 0.0086292 0.0086416 0.0086279 0.0086156 0.0086086 0.0086085 0.0086113 0.0086327 0.0086418 0.0086339 0.0086297 0.0086022 0.00859 0.0085811 0.008577 0.0085657 0.0085528 0.0085409 0.0085287 0.008514 0.0084999 0.0084918 0.008484 0.0084702 0.0084667 0.0084515 0.0084429 0.0084374 0.0084278 0.0084096 0.0083961 0.0083871 0.0083841
0.0084702 0.0084174 0.0084645 0.008521 0.0085504 0.0086396 0.0081248 0.0080731 0.0081668 0.0082428 0.008024 0.0081653 0.0080799 0.008044 0.0080704 0.0081678 0.0078832 0.0077889 0.0077715 0.0077785 0.0077798 0.0078939 0.0081068 0.0079846 0.0079772 0.0080403 0.0081998 0.0080774 0.008046 0.008157 0.0081048 0.0077025 0.0077381 0.0078862 0.0077453 0.0076959 0.00769 0.0076855 0.0076962 0.0077157 0.0077069 0.0077686 0.0077291 0.0076892 0.0077091 0.007674 0.0076419 0.0076483 0.007648 0.0077159 0.0077186 0.0077009 0.0077353 0.0078429 0.0078304 0.0077752 0.0077842 0.0078005 0.0078298 0.0078593 0.0078738 0.0078441 0.0079087 0.0078635 0.007844 0.007843 0.0079637 0.0079678 0.0081165 0.008196 0.0082517 0.0083806 0.0082951 0.008285 0.0082668 0.0083157 0.0083796 0.008451 0.0084803 0.0084912 0.0085247 0.0085432 0.008398 0.0082466 0.0080706 0.0080469 0.0080756 0.0081088 0.0081548 0.0082555 0.0084174 0.0083991 0.007908 0.0078125 0.007804 0.0078393 0.0078101 0.0077843 0.00773 0.0076981 0.0076835 0.0077217 0.0076742 0.0076508 0.0076362 0.0076235 0.0076102 0.0076012 0.0075951 0.007584 0.0075782 0.0075793 0.0075838 0.0075884 0.0075938 0.0076031 0.0076124 0.0076198 0.0076235 0.0076191 0.0076293 0.0076433 0.007648 0.0076378 0.0076339 0.0076338 0.0076316 0.0076332 0.0076378 0.0076299 0.0076335 0.0076305 0.0076272 0.0076349 0.0076504 0.00765 0.0076888 0.0076848 0.0076765 0.0077628 0.0076637 0.0076651 0.007664 0.0078246 0.0078422 0.007863 0.0079192 0.0080602 0.0079245 0.0078299 0.0078951 0.0078258 0.0079762 0.0080115 0.008104 0.0081986 0.0080145 0.0081059 0.0081756 0.0082166 0.0081989 0.0080851 0.008142 0.0083183 0.0082544 0.0082728 0.0083651 0.008524 0.0084376 0.0085549 0.0084554 0.0083749 0.0083187 0.0082555 0.0083243 0.0084113 0.0084635 0.0083391 0.0083486 0.0083711
0.0075083 0.0075636 0.0075392 0.0075529 0.0075866 0.0075547 0.0075595 0.007546 0.0074743 0.0074557 0.007458 0.0074632 0.0074874 0.0075023 0.0074762 0.0074406 0.0074365 0.0074422 0.0074333 0.0074315 0.0074419 0.0074823 0.0074813 0.0073874 0.0073921 0.0073897 0.0074126 0.0074225 0.0074372 0.007442 0.0074514 0.0074116 0.0073777 0.0074017 0.0073797 0.0073366 0.0073122 0.0073102 0.0073052 0.0073087 0.0073382 0.0073275 0.0073672 0.0073557 0.0073327 0.0072862 0.0072789 0.0072695 0.0072866 0.0073061 0.0073046 0.0073039 0.0073135 0.0073225 0.0073627 0.0074135 0.0074186 0.0074436 0.0074608 0.0074608 0.0074355 0.0074149 0.0074095 0.0074006 0.0073943 0.0073919 0.0073845 0.0073933 0.0074039 0.007422 0.0075145 0.0076493 0.007672 0.0076327 0.0076244 0.0075924 0.0076389 0.0075997 0.0075866 0.0076233 0.00757 0.0075427 0.0075324 0.007531 0.0075578 0.0075273 0.00755 0.0076084 0.0075587 0.0075959 0.0075206 0.0074928 0.0075144 0.0074791 0.0074445 0.0074395 0.0074561 0.0074507 0.0074758 0.0074667 0.0074405 0.0074031 0.0074069 0.0074382 0.0074408 0.0073895 0.00738 0.0073681 0.0073536 0.0073458 0.0073411 0.007359 0.0073405 0.0073453 0.0073511 0.007361 0.0073666 0.007383 0.0073695 0.0074386 0.0073501 0.0073618 0.0073776 0.007398 0.0074519 0.0074816 0.007404 0.0073985 0.0074288 0.007429 0.0074624 0.0074174 0.0073553 0.0073567 0.0073566 0.0073535 0.0073547 0.0073741 0.007413 0.0074183 0.0074206 0.0074289 0.0074387 0.0074243 0.0074499 0.0074497 0.007456 0.0074343 0.007404 0.0073675 0.0073998 0.0073689 0.007418 0.0073969 0.0073477 0.0073516 0.0073653 0.0074911 0.0074402 0.0074804 0.00743 0.0075289 0.0075287 0.0075763 0.007572 0.0075844 0.0075484 0.0075283 0.0075402 0.0075472 0.0075336 0.0075722 0.0075992 0.0075926 0.0075989 0.0076089 0.0075699 0.0075903 0.0076262 0.0075608
0.0072046 0.0071977 0.007204 0.0072197 0.007221 0.0071701 0.007167 0.0071448 0.0071407 0.0071431 0.0071438 0.0071362 0.0071366 0.007135 0.0071342 0.0071309 0.0071278 0.0071229 0.0071254 0.0071238 0.007119 0.0071225 0.0071323 0.0071252 0.0071236 0.0071281 0.0071191 0.007105 0.0070969 0.0070867 0.0070807 0.0070743 0.0070711 0.0070658 0.007062 0.0070587 0.0070563 0.0070529 0.0070517 0.0070483 0.0070488 0.0070483 0.0070443 0.0070441 0.0070436 0.0070434 0.0070426 0.0070423 0.0070437 0.0070462 0.007052 0.0070567 0.0070645 0.0070734 0.0070818 0.0070947 0.0071016 0.0071068 0.0071152 0.0071146 0.0071111 0.0071204 0.0071227 0.0071266 0.0071311 0.0071384 0.0071434 0.0071468 0.0071456 0.0071495 0.0071526 0.0071539 0.0071611 0.0071681 0.0071739 0.0071791 0.0071854 0.0071889 0.0072008 0.007207 0.0072016 0.0071986 0.0071992 0.0072068 0.0071987 0.0072101 0.0072107 0.0072047 0.0072068 0.0072064 0.0072057 0.0072176 0.0072323 0.0072266 0.0072139 0.0071997 0.0071926 0.0072039 0.0072373 0.0072454 0.0072272 0.0071987 0.0071976 0.007192 0.0071858 0.0071798 0.0071755 0.0071681 0.0071622 0.0071555 0.0071558 0.0071514 0.0071474 0.0071432 0.0071402 0.0071358 0.0071342 0.0071315 0.0071274 0.0071268 0.0071275 0.0071279 0.007126 0.007129 0.0071337 0.0071298 0.0071275 0.0071225 0.0071158 0.007113 0.0071114 0.0071094 0.0071062 0.0071039 0.0070966 0.0070907 0.0070837 0.0070756 0.0070704 0.0070666 0.0070643 0.0070615 0.0070606 0.0070613 0.0070617 0.0070584 0.0070611 0.0070651 0.0070653 0.0070689 0.0070742 0.0070805 0.0070856 0.0070927 0.0071033 0.0071102 0.0071194 0.0071296 0.0071209 0.0071105 0.0071112 0.0071141 0.0071188 0.0071191 0.0071139 0.0071189 0.0071208 0.0071225 0.0071288 0.0071313 0.0071426 0.0071477 0.0071527 0.0071591 0.007165 0.007171 0.0071793 0.0071846 0.007187 0.0071956
