3.4497e-05 3.4551e-05 3.4609e-05 3.4627e-05 3.4626e-05 3.4616e-05 3.4611e-05 3.4629e-05 3.4668e-05 3.4712e-05 3.4884e-05 3.4946e-05 3.4914e-05 3.498e-05 3.5209e-05 3.5327e-05 3.5379e-05 3.5459e-05 3.548e-05 3.5349e-05 3.5277e-05 3.5448e-05 3.5469e-05 3.542e-05 3.5354e-05 3.5327e-05 3.5257e-05 3.5274e-05 3.5376e-05 3.5337e-05 3.5442e-05 3.5572e-05 3.5504e-05 3.5424e-05 3.5544e-05 3.5455e-05 3.5355e-05 3.5282e-05 3.5183e-05 3.5112e-05 3.5055e-05 3.4971e-05 3.4903e-05 3.4876e-05 3.4853e-05 3.4856e-05 3.4846e-05 3.4856e-05 3.4847e-05 3.483e-05 3.4803e-05 3.4798e-05 3.4765e-05 3.4753e-05 3.4752e-05 3.475e-05 3.4667e-05 3.4639e-05 3.4614e-05 3.4617e-05 3.4597e-05 3.4577e-05 3.4576e-05 3.4538e-05 3.4556e-05 3.459e-05 3.4602e-05 3.4465e-05 3.4408e-05 3.4422e-05 3.4361e-05 3.4352e-05 3.435e-05 3.4355e-05 3.4311e-05 3.4283e-05 3.4269e-05 3.4258e-05 3.4242e-05 3.4248e-05 3.4232e-05 3.4255e-05 3.426e-05 3.4243e-05 3.4264e-05 3.4273e-05 3.4268e-05 3.426e-05 3.4256e-05 3.4263e-05 3.4277e-05 3.4309e-05 3.4322e-05 3.4327e-05 3.4331e-05 3.4342e-05 3.4333e-05 3.4345e-05 3.4356e-05 3.4354e-05 3.4331e-05 3.4327e-05 3.4317e-05 3.4313e-05 3.4328e-05 3.4334e-05 3.4341e-05 3.4353e-05 3.4361e-05 3.4366e-05 3.4376e-05 3.4358e-05 3.4325e-05 3.4349e-05 3.4401e-05 3.4435e-05 3.4422e-05 3.4419e-05 3.4429e-05 3.4451e-05 3.447e-05 3.4482e-05 3.4493e-05 3.4521e-05 3.4558e-05 3.4592e-05 3.4594e-05 3.4622e-05 3.4652e-05 3.4669e-05 3.4686e-05 3.4696e-05 3.4709e-05 3.4723e-05 3.4733e-05 3.4761e-05 3.4766e-05 3.4765e-05 3.4762e-05 3.4771e-05 3.4718e-05 3.4727e-05 3.4703e-05 3.4665e-05 3.4685e-05 3.4681e-05 3.4671e-05 3.464e-05 3.4602e-05 3.457e-05 3.4564e-05 3.4548e-05 3.4546e-05 3.4502e-05 3.4475e-05 3.4459e-05 3.4445e-05 3.4427e-05 3.4421e-05 3.443e-05 3.4423e-05 3.4415e-05 3.4406e-05 3.4383e-05 3.4378e-05 3.4369e-05 3.4379e-05 3.4389e-05 3.4398e-05 3.4407e-05 3.4424e-05 3.4443e-05 3.4447e-05 3.4454e-05 3.4458e-05 3.4474e-05 3.4482e-05 3.4486e-05 3.4487e-05 3.4498e-05
3.6564e-05 3.6654e-05 3.6695e-05 3.683e-05 3.6799e-05 3.6861e-05 3.6759e-05 3.6745e-05 3.6719e-05 3.6627e-05 3.6622e-05 3.661e-05 3.6505e-05 3.6381e-05 3.6322e-05 3.6306e-05 3.6328e-05 3.6339e-05 3.6333e-05 3.6287e-05 3.6282e-05 3.6333e-05 3.6473e-05 3.6514e-05 3.6487e-05 3.6429e-05 3.6432e-05 3.6323e-05 3.6406e-05 3.6235e-05 3.6492e-05 3.6514e-05 3.6346e-05 3.633e-05 3.6323e-05 3.6326e-05 3.6295e-05 3.6253e-05 3.6277e-05 3.6258e-05 3.6205e-05 3.6256e-05 3.6215e-05 3.6189e-05 3.6153e-05 3.6132e-05 3.6126e-05 3.6057e-05 3.6007e-05 3.5948e-05 3.5793e-05 3.5963e-05 3.5756e-05 3.5461e-05 3.5493e-05 3.5426e-05 3.5296e-05 3.5157e-05 3.5088e-05 3.506e-05 3.5246e-05 3.4705e-05 3.4788e-05 3.4511e-05 3.4434e-05 3.4412e-05 3.4349e-05 3.4309e-05 3.4281e-05 3.4256e-05 3.4198e-05 3.416e-05 3.4227e-05 3.4206e-05 3.3925e-05 3.3869e-05 3.3792e-05 3.3697e-05 3.3664e-05 3.3836e-05 3.3526e-05 3.3339e-05 3.3326e-05 3.3234e-05 3.3206e-05 3.3212e-05 3.3238e-05 3.3266e-05 3.33e-05 3.3326e-05 3.3363e-05 3.3372e-05 3.3387e-05 3.3385e-05 3.3393e-05 3.3813e-05 3.3709e-05 3.3898e-05 3.3755e-05 3.3973e-05 3.3969e-05 3.3973e-05 3.4065e-05 3.4078e-05 3.4121e-05 3.4214e-05 3.4281e-05 3.4451e-05 3.4549e-05 3.461e-05 3.445e-05 3.4439e-05 3.4479e-05 3.4505e-05 3.4528e-05 3.4523e-05 3.458e-05 3.4619e-05 3.4698e-05 3.4702e-05 3.4777e-05 3.4841e-05 3.4852e-05 3.4908e-05 3.499e-05 3.4974e-05 3.4988e-05 3.5068e-05 3.515e-05 3.5127e-05 3.5204e-05 3.5216e-05 3.5235e-05 3.5303e-05 3.5447e-05 3.5595e-05 3.5694e-05 3.5855e-05 3.5776e-05 3.5579e-05 3.542e-05 3.5374e-05 3.5344e-05 3.5313e-05 3.5264e-05 3.5273e-05 3.5212e-05 3.4929e-05 3.4892e-05 3.4873e-05 3.4873e-05 3.489e-05 3.4936e-05 3.493e-05 3.4921e-05 3.493e-05 3.5e-05 3.5119e-05 3.5218e-05 3.5209e-05 3.5295e-05 3.537e-05 3.5468e-05 3.5505e-05 3.5636e-05 3.5737e-05 3.5852e-05 3.591e-05 3.6072e-05 3.6121e-05 3.6318e-05 3.6322e-05 3.6344e-05 3.6331e-05 3.6423e-05 3.6295e-05 3.6e-05 3.6138e-05 3.6548e-05 3.6771e-05
3.5912e-05 3.593e-05 3.596e-05 3.597e-05 3.5982e-05 3.5976e-05 3.5996e-05 3.6045e-05 3.6046e-05 3.6039e-05 3.6039e-05 3.6043e-05 3.6064e-05 3.6145e-05 3.6075e-05 3.6002e-05 3.6013e-05 3.6137e-05 3.6125e-05 3.6128e-05 3.6131e-05 3.6146e-05 3.6178e-05 3.6189e-05 3.6172e-05 3.6175e-05 3.6218e-05 3.6328e-05 3.6395e-05 3.6546e-05 3.6896e-05 3.6926e-05 3.6904e-05 3.6903e-05 3.6945e-05 3.6787e-05 3.6999e-05 3.6887e-05 3.6827e-05 3.6762e-05 3.699e-05 3.7257e-05 3.721e-05 3.7227e-05 3.7016e-05 3.6979e-05 3.6873e-05 3.6767e-05 3.6675e-05 3.6577e-05 3.6608e-05 3.6481e-05 3.6462e-05 3.6426e-05 3.6688e-05 3.6773e-05 3.6482e-05 3.6292e-05 3.6342e-05 3.6729e-05 3.6549e-05 3.5577e-05 3.5442e-05 3.5491e-05 3.5632e-05 3.5731e-05 3.5555e-05 3.5652e-05 3.5625e-05 3.5175e-05 3.5334e-05 3.521e-05 3.4883e-05 3.4791e-05 3.4847e-05 3.4568e-05 3.4917e-05 3.5206e-05 3.5514e-05 3.514e-05 3.4964e-05 3.4885e-05 3.4962e-05 3.498e-05 3.5103e-05 3.4946e-05 3.4872e-05 3.4718e-05 3.4706e-05 3.4829e-05 3.4683e-05 3.4698e-05 3.4811e-05 3.4776e-05 3.477e-05 3.4785e-05 3.4806e-05 3.4859e-05 3.4899e-05 3.501e-05 3.4975e-05 3.5106e-05 3.5429e-05 3.5751e-05 3.5664e-05 3.5614e-05 3.5585e-05 3.5602e-05 3.5562e-05 3.5629e-05 3.5732e-05 3.5795e-05 3.5846e-05 3.5922e-05 3.5675e-05 3.5744e-05 3.587e-05 3.5897e-05 3.5817e-05 3.5722e-05 3.5708e-05 3.5749e-05 3.579e-05 3.5894e-05 3.6011e-05 3.6104e-05 3.6106e-05 3.6034e-05 3.6036e-05 3.5975e-05 3.5925e-05 3.5888e-05 3.5843e-05 3.5856e-05 3.5888e-05 3.5997e-05 3.6592e-05 3.7655e-05 3.7939e-05 3.7763e-05 3.7218e-05 3.6943e-05 3.6829e-05 3.6866e-05 3.6395e-05 3.6147e-05 3.6035e-05 3.5909e-05 3.5968e-05 3.604e-05 3.5913e-05 3.5944e-05 3.6003e-05 3.6161e-05 3.6339e-05 3.6397e-05 3.6427e-05 3.6449e-05 3.641e-05 3.6409e-05 3.6394e-05 3.6223e-05 3.6069e-05 3.5989e-05 3.5956e-05 3.606e-05 3.6139e-05 3.6226e-05 3.637e-05 3.6567e-05 3.6305e-05 3.6367e-05 3.6326e-05 3.6274e-05 3.6196e-05 3.6144e-05 3.6096e-05 3.6081e-05 3.5958e-05 3.591e-05
3.6032e-05 3.6058e-05 3.608e-05 3.61e-05 3.6107e-05 3.6112e-05 3.6129e-05 3.6147e-05 3.617e-05 3.6192e-05 3.6215e-05 3.6245e-05 3.6278e-05 3.6302e-05 3.629e-05 3.6298e-05 3.6319e-05 3.6358e-05 3.6394e-05 3.6421e-05 3.6451e-05 3.6488e-05 3.6524e-05 3.6566e-05 3.6614e-05 3.6675e-05 3.6723e-05 3.6785e-05 3.6892e-05 3.7017e-05 3.6947e-05 3.6788e-05 3.6761e-05 3.6699e-05 3.6812e-05 3.6926e-05 3.6912e-05 3.6869e-05 3.6933e-05 3.6991e-05 3.6739e-05 3.6742e-05 3.6762e-05 3.6772e-05 3.6797e-05 3.6827e-05 3.6798e-05 3.7299e-05 3.7395e-05 3.7459e-05 3.7373e-05 3.7384e-05 3.7311e-05 3.731e-05 3.7334e-05 3.7294e-05 3.7239e-05 3.7503e-05 3.7576e-05 3.7574e-05 3.714e-05 3.7456e-05 3.737e-05 3.7259e-05 3.7567e-05 3.7295e-05 3.731e-05 3.7283e-05 3.7645e-05 3.7335e-05 3.7604e-05 3.78e-05 3.7927e-05 3.7933e-05 3.7817e-05 3.7692e-05 3.7721e-05 3.7708e-05 3.7701e-05 3.7785e-05 3.7764e-05 3.7734e-05 3.7603e-05 3.7633e-05 3.7652e-05 3.758e-05 3.7522e-05 3.7504e-05 3.7551e-05 3.7536e-05 3.7282e-05 3.7266e-05 3.7358e-05 3.7698e-05 3.7286e-05 3.7207e-05 3.7108e-05 3.706e-05 3.7087e-05 3.6947e-05 3.7158e-05 3.6624e-05 3.6793e-05 3.6516e-05 3.6936e-05 3.7177e-05 3.7232e-05 3.6996e-05 3.6879e-05 3.691e-05 3.6959e-05 3.7093e-05 3.7334e-05 3.7412e-05 3.749e-05 3.7481e-05 3.7077e-05 3.7095e-05 3.7027e-05 3.7015e-05 3.6943e-05 3.6943e-05 3.6607e-05 3.6522e-05 3.6592e-05 3.6656e-05 3.6653e-05 3.6504e-05 3.6496e-05 3.6651e-05 3.6576e-05 3.6589e-05 3.6763e-05 3.6779e-05 3.6983e-05 3.753e-05 3.8082e-05 3.8037e-05 3.8051e-05 3.8039e-05 3.8049e-05 3.7112e-05 3.7001e-05 3.7056e-05 3.7022e-05 3.7151e-05 3.7113e-05 3.7036e-05 3.701e-05 3.7006e-05 3.695e-05 3.683e-05 3.6721e-05 3.6666e-05 3.6615e-05 3.6462e-05 3.6393e-05 3.6442e-05 3.6761e-05 3.7121e-05 3.7563e-05 3.779e-05 3.7479e-05 3.6953e-05 3.6142e-05 3.6145e-05 3.582e-05 3.5741e-05 3.5714e-05 3.5699e-05 3.5816e-05 3.605e-05 3.6609e-05 3.6599e-05 3.6291e-05 3.6068e-05 3.5976e-05 3.5943e-05 3.5967e-05 3.6003e-05
3.6378e-05 3.6454e-05 3.6457e-05 3.6611e-05 3.6343e-05 3.6419e-05 3.6467e-05 3.6518e-05 3.6573e-05 3.6635e-05 3.6696e-05 3.6772e-05 3.694e-05 3.6978e-05 3.6762e-05 3.6749e-05 3.6783e-05 3.6832e-05 3.6893e-05 3.6947e-05 3.6997e-05 3.7041e-05 3.706e-05 3.7099e-05 3.7135e-05 3.7186e-05 3.725e-05 3.728e-05 3.7303e-05 3.7335e-05 3.7376e-05 3.7517e-05 3.7486e-05 3.7509e-05 3.7606e-05 3.7566e-05 3.7375e-05 3.7412e-05 3.7387e-05 3.741e-05 3.7571e-05 3.7437e-05 3.7143e-05 3.7198e-05 3.7039e-05 3.69e-05 3.6966e-05 3.7134e-05 3.7186e-05 3.7072e-05 3.722e-05 3.7124e-05 3.734e-05 3.8009e-05 3.7834e-05 3.7962e-05 3.8099e-05 3.779e-05 3.8078e-05 3.8022e-05 3.7802e-05 3.7888e-05 3.7935e-05 3.7911e-05 3.7911e-05 3.7874e-05 3.7912e-05 3.7918e-05 3.7862e-05 3.7796e-05 3.7874e-05 3.775e-05 3.7601e-05 3.7622e-05 3.7644e-05 3.7659e-05 3.761e-05 3.7612e-05 3.7589e-05 3.7616e-05 3.7959e-05 3.7538e-05 3.7387e-05 3.7342e-05 3.7318e-05 3.7339e-05 3.7326e-05 3.7337e-05 3.7311e-05 3.7302e-05 3.7288e-05 3.731e-05 3.7209e-05 3.7032e-05 3.6833e-05 3.6527e-05 3.5844e-05 3.5086e-05 3.598e-05 3.6132e-05 3.6624e-05 3.6967e-05 3.6912e-05 3.7031e-05 3.7324e-05 3.7509e-05 3.763e-05 3.7816e-05 3.7789e-05 3.7697e-05 3.7511e-05 3.7768e-05 3.7852e-05 3.7941e-05 3.7933e-05 3.7985e-05 3.8004e-05 3.8052e-05 3.8039e-05 3.8036e-05 3.8023e-05 3.8048e-05 3.8013e-05 3.7968e-05 3.7958e-05 3.8003e-05 3.7689e-05 3.7719e-05 3.7778e-05 3.7834e-05 3.7879e-05 3.8028e-05 3.8061e-05 3.8108e-05 3.8126e-05 3.8115e-05 3.8101e-05 3.7684e-05 3.6883e-05 3.6673e-05 3.6625e-05 3.6583e-05 3.6566e-05 3.6756e-05 3.6848e-05 3.6868e-05 3.6804e-05 3.6962e-05 3.7059e-05 3.7145e-05 3.7274e-05 3.7358e-05 3.7466e-05 3.7252e-05 3.7361e-05 3.7564e-05 3.7689e-05 3.741e-05 3.727e-05 3.7314e-05 3.7749e-05 3.7609e-05 3.7316e-05 3.7308e-05 3.7442e-05 3.7406e-05 3.7747e-05 3.7192e-05 3.6415e-05 3.6056e-05 3.6062e-05 3.6228e-05 3.6406e-05 3.6678e-05 3.7005e-05 3.6295e-05 3.6424e-05 3.6425e-05 3.6216e-05 3.6282e-05
3.6735e-05 3.6785e-05 3.6797e-05 3.691e-05 3.6893e-05 3.6851e-05 3.6855e-05 3.6895e-05 3.6915e-05 3.7108e-05 3.6975e-05 3.7063e-05 3.7119e-05 3.7146e-05 3.7226e-05 3.7339e-05 3.7233e-05 3.7442e-05 3.7158e-05 3.7411e-05 3.7301e-05 3.7334e-05 3.731e-05 3.7722e-05 3.8016e-05 3.7199e-05 3.7606e-05 3.7975e-05 3.782e-05 3.7891e-05 3.7843e-05 3.7846e-05 3.7826e-05 3.7839e-05 3.7873e-05 3.7889e-05 3.7891e-05 3.788e-05 3.7809e-05 3.7781e-05 3.7788e-05 3.7606e-05 3.8038e-05 3.8092e-05 3.7395e-05 3.7557e-05 3.7544e-05 3.7426e-05 3.7382e-05 3.7671e-05 3.7879e-05 3.7584e-05 3.8089e-05 3.7966e-05 3.8007e-05 3.8114e-05 3.8197e-05 3.7405e-05 3.7927e-05 3.7533e-05 3.8053e-05 3.7908e-05 3.7402e-05 3.7778e-05 3.7786e-05 3.7997e-05 3.8018e-05 3.7977e-05 3.796e-05 3.7935e-05 3.7905e-05 3.7922e-05 3.7907e-05 3.7915e-05 3.7896e-05 3.7872e-05 3.789e-05 3.792e-05 3.7893e-05 3.7736e-05 3.781e-05 3.7927e-05 3.7724e-05 3.7694e-05 3.7714e-05 3.7877e-05 3.7609e-05 3.7755e-05 3.7623e-05 3.7649e-05 3.7694e-05 3.7595e-05 3.7543e-05 3.7282e-05 3.6484e-05 3.6488e-05 3.6048e-05 3.655e-05 3.7093e-05 3.7371e-05 3.7298e-05 3.7537e-05 3.7578e-05 3.7638e-05 3.77e-05 3.7867e-05 3.7733e-05 3.7825e-05 3.7629e-05 3.7842e-05 3.7492e-05 3.774e-05 3.7603e-05 3.7604e-05 3.7291e-05 3.7194e-05 3.7824e-05 3.7944e-05 3.8096e-05 3.8119e-05 3.8141e-05 3.8136e-05 3.8145e-05 3.8138e-05 3.8155e-05 3.8143e-05 3.8126e-05 3.8146e-05 3.8138e-05 3.8154e-05 3.813e-05 3.8122e-05 3.8155e-05 3.8147e-05 3.8149e-05 3.815e-05 3.8173e-05 3.8178e-05 3.8156e-05 3.8155e-05 3.8154e-05 3.8169e-05 3.8025e-05 3.7755e-05 3.7904e-05 3.7465e-05 3.6986e-05 3.6992e-05 3.6998e-05 3.6895e-05 3.6958e-05 3.7065e-05 3.7461e-05 3.8193e-05 3.814e-05 3.7525e-05 3.7347e-05 3.7805e-05 3.6746e-05 3.6783e-05 3.7386e-05 3.6858e-05 3.6561e-05 3.6422e-05 3.6349e-05 3.6469e-05 3.6326e-05 3.6758e-05 3.65e-05 3.646e-05 3.6473e-05 3.654e-05 3.6683e-05 3.6376e-05 3.6286e-05 3.6417e-05 3.6528e-05 3.6638e-05 3.6642e-05 3.666e-05
3.7491e-05 3.7251e-05 3.7173e-05 3.7146e-05 3.7062e-05 3.7321e-05 3.7282e-05 3.7585e-05 3.7544e-05 3.7576e-05 3.7549e-05 3.7565e-05 3.7829e-05 3.7691e-05 3.7649e-05 3.7689e-05 3.7762e-05 3.7754e-05 3.7846e-05 3.7754e-05 3.7708e-05 3.7747e-05 3.7707e-05 3.7793e-05 3.7738e-05 3.7833e-05 3.7965e-05 3.801e-05 3.7916e-05 3.7981e-05 3.7963e-05 3.798e-05 3.7983e-05 3.798e-05 3.7978e-05 3.7987e-05 3.7965e-05 3.7979e-05 3.7967e-05 3.7968e-05 3.7958e-05 3.7973e-05 3.7925e-05 3.783e-05 3.7783e-05 3.7616e-05 3.7164e-05 3.7773e-05 3.707e-05 3.7322e-05 3.7952e-05 3.7804e-05 3.7681e-05 3.7225e-05 3.7354e-05 3.7543e-05 3.7693e-05 3.7676e-05 3.777e-05 3.7735e-05 3.7936e-05 3.8043e-05 3.7944e-05 3.798e-05 3.808e-05 3.8092e-05 3.8079e-05 3.8096e-05 3.8096e-05 3.8077e-05 3.8059e-05 3.805e-05 3.8019e-05 3.8027e-05 3.8006e-05 3.8003e-05 3.7986e-05 3.7924e-05 3.778e-05 3.7797e-05 3.7744e-05 3.7633e-05 3.7582e-05 3.7453e-05 3.7652e-05 3.7798e-05 3.7693e-05 3.7718e-05 3.7558e-05 3.7657e-05 3.767e-05 3.7623e-05 3.7324e-05 3.7178e-05 3.7054e-05 3.6885e-05 3.6397e-05 3.598e-05 3.7139e-05 3.8043e-05 3.8185e-05 3.8214e-05 3.8215e-05 3.7577e-05 3.7783e-05 3.7681e-05 3.7707e-05 3.7842e-05 3.7642e-05 3.7882e-05 3.7687e-05 3.7658e-05 3.7602e-05 3.7935e-05 3.8122e-05 3.8031e-05 3.765e-05 3.7537e-05 3.7161e-05 3.6935e-05 3.6833e-05 3.644e-05 3.6294e-05 3.6865e-05 3.7508e-05 3.7854e-05 3.8027e-05 3.8015e-05 3.7957e-05 3.7822e-05 3.7359e-05 3.7925e-05 3.8045e-05 3.7473e-05 3.7907e-05 3.8035e-05 3.8163e-05 3.8128e-05 3.8014e-05 3.7959e-05 3.7708e-05 3.7721e-05 3.7561e-05 3.7924e-05 3.8184e-05 3.8171e-05 3.811e-05 3.8052e-05 3.7608e-05 3.7627e-05 3.7671e-05 3.6967e-05 3.7598e-05 3.7829e-05 3.7834e-05 3.7135e-05 3.6779e-05 3.6872e-05 3.6652e-05 3.6699e-05 3.6802e-05 3.6636e-05 3.6629e-05 3.689e-05 3.6764e-05 3.6715e-05 3.6848e-05 3.6955e-05 3.7003e-05 3.6982e-05 3.6885e-05 3.6981e-05 3.7193e-05 3.6879e-05 3.6902e-05 3.6964e-05 3.7161e-05 3.7311e-05 3.7397e-05 3.7227e-05
3.7662e-05 3.7739e-05 3.7559e-05 3.7669e-05 3.7534e-05 3.7518e-05 3.7615e-05 3.8091e-05 3.7779e-05 3.7719e-05 3.8197e-05 3.8203e-05 3.7867e-05 3.7947e-05 3.7956e-05 3.8022e-05 3.7894e-05 3.7966e-05 3.7967e-05 3.7855e-05 3.7858e-05 3.8006e-05 3.8005e-05 3.8085e-05 3.801e-05 3.8049e-05 3.8072e-05 3.8084e-05 3.8071e-05 3.8056e-05 3.8057e-05 3.8047e-05 3.8066e-05 3.8048e-05 3.7792e-05 3.8013e-05 3.8016e-05 3.8006e-05 3.7991e-05 3.7988e-05 3.7955e-05 3.7923e-05 3.7929e-05 3.7934e-05 3.7959e-05 3.7991e-05 3.7943e-05 3.7887e-05 3.7756e-05 3.7671e-05 3.7765e-05 3.7335e-05 3.72e-05 3.7522e-05 3.7911e-05 3.7962e-05 3.7917e-05 3.8096e-05 3.8154e-05 3.8164e-05 3.8174e-05 3.8168e-05 3.8152e-05 3.8133e-05 3.8121e-05 3.8118e-05 3.8103e-05 3.7999e-05 3.8098e-05 3.8046e-05 3.7961e-05 3.7865e-05 3.7842e-05 3.7722e-05 3.7679e-05 3.7735e-05 3.7665e-05 3.7798e-05 3.7669e-05 3.7687e-05 3.7739e-05 3.7775e-05 3.7843e-05 3.7698e-05 3.7932e-05 3.7769e-05 3.7766e-05 3.7876e-05 3.7754e-05 3.7754e-05 3.7684e-05 3.7442e-05 3.7332e-05 3.759e-05 3.7702e-05 3.7718e-05 3.7723e-05 3.7729e-05 3.7779e-05 3.7682e-05 3.7552e-05 3.7638e-05 3.7642e-05 3.7599e-05 3.7822e-05 3.786e-05 3.7864e-05 3.7758e-05 3.7731e-05 3.7646e-05 3.7577e-05 3.744e-05 3.7038e-05 3.7282e-05 3.7368e-05 3.688e-05 3.7244e-05 3.7112e-05 3.6901e-05 3.7056e-05 3.682e-05 3.6753e-05 3.7419e-05 3.7686e-05 3.7556e-05 3.7632e-05 3.819e-05 3.7198e-05 3.7365e-05 3.7374e-05 3.7479e-05 3.7872e-05 3.7792e-05 3.7684e-05 3.7634e-05 3.7484e-05 3.7732e-05 3.6873e-05 3.6516e-05 3.6097e-05 3.6021e-05 3.665e-05 3.8211e-05 3.8184e-05 3.8206e-05 3.7538e-05 3.8007e-05 3.7607e-05 3.8084e-05 3.8191e-05 3.8147e-05 3.8118e-05 3.8084e-05 3.8096e-05 3.8144e-05 3.7416e-05 3.643e-05 3.6389e-05 3.6373e-05 3.6387e-05 3.6363e-05 3.6525e-05 3.7167e-05 3.7062e-05 3.7244e-05 3.6655e-05 3.6727e-05 3.6911e-05 3.6988e-05 3.6981e-05 3.7052e-05 3.7058e-05 3.7091e-05 3.7312e-05 3.7323e-05 3.7393e-05 3.7506e-05 3.7465e-05 3.7512e-05 3.7559e-05
3.8212e-05 3.7646e-05 3.8064e-05 3.8059e-05 3.7995e-05 3.7801e-05 3.8183e-05 3.806e-05 3.8072e-05 3.8063e-05 3.7801e-05 3.754e-05 3.8198e-05 3.7766e-05 3.796e-05 3.806e-05 3.8037e-05 3.8033e-05 3.7998e-05 3.7926e-05 3.7827e-05 3.7576e-05 3.8175e-05 3.7413e-05 3.7613e-05 3.8135e-05 3.8014e-05 3.8002e-05 3.8017e-05 3.8045e-05 3.8057e-05 3.8055e-05 3.8103e-05 3.7907e-05 3.7877e-05 3.7636e-05 3.7798e-05 3.8024e-05 3.7959e-05 3.7992e-05 3.7991e-05 3.8009e-05 3.7956e-05 3.7985e-05 3.8006e-05 3.8003e-05 3.8009e-05 3.7859e-05 3.8166e-05 3.7995e-05 3.8003e-05 3.786e-05 3.791e-05 3.7891e-05 3.8145e-05 3.8145e-05 3.8193e-05 3.8202e-05 3.8206e-05 3.8208e-05 3.8209e-05 3.8206e-05 3.8195e-05 3.8171e-05 3.8181e-05 3.8024e-05 3.8096e-05 3.8166e-05 3.8172e-05 3.8171e-05 3.8153e-05 3.8035e-05 3.7913e-05 3.7994e-05 3.7905e-05 3.7821e-05 3.7763e-05 3.7845e-05 3.7978e-05 3.7729e-05 3.7735e-05 3.774e-05 3.777e-05 3.798e-05 3.7875e-05 3.8024e-05 3.8096e-05 3.8077e-05 3.8016e-05 3.8043e-05 3.7823e-05 3.7797e-05 3.7523e-05 3.7811e-05 3.7793e-05 3.7865e-05 3.7974e-05 3.7987e-05 3.7984e-05 3.7969e-05 3.7992e-05 3.7996e-05 3.8043e-05 3.8015e-05 3.7966e-05 3.7924e-05 3.8007e-05 3.7703e-05 3.7646e-05 3.7526e-05 3.7146e-05 3.6799e-05 3.7059e-05 3.7452e-05 3.7792e-05 3.7573e-05 3.7728e-05 3.7638e-05 3.7716e-05 3.7433e-05 3.7548e-05 3.721e-05 3.7021e-05 3.6947e-05 3.7258e-05 3.7226e-05 3.7517e-05 3.7539e-05 3.7748e-05 3.7723e-05 3.769e-05 3.7776e-05 3.7806e-05 3.787e-05 3.7933e-05 3.7944e-05 3.7932e-05 3.8013e-05 3.7796e-05 3.7518e-05 3.7854e-05 3.6648e-05 3.6807e-05 3.7386e-05 3.7476e-05 3.753e-05 3.7593e-05 3.7818e-05 3.8207e-05 3.8039e-05 3.7889e-05 3.7266e-05 3.7895e-05 3.8104e-05 3.8198e-05 3.8215e-05 3.804e-05 3.73e-05 3.6443e-05 3.6867e-05 3.6626e-05 3.6924e-05 3.7383e-05 3.749e-05 3.6827e-05 3.7105e-05 3.75e-05 3.7613e-05 3.7496e-05 3.7789e-05 3.819e-05 3.8103e-05 3.7891e-05 3.7798e-05 3.7811e-05 3.777e-05 3.7886e-05 3.7756e-05 3.7797e-05 3.8202e-05
3.8175e-05 3.8185e-05 3.8205e-05 3.8212e-05 3.8215e-05 3.8197e-05 3.8152e-05 3.8181e-05 3.8177e-05 3.817e-05 3.8172e-05 3.8128e-05 3.7764e-05 3.7532e-05 3.697e-05 3.6986e-05 3.7562e-05 3.7686e-05 3.8213e-05 3.7847e-05 3.7897e-05 3.7781e-05 3.763e-05 3.7693e-05 3.7896e-05 3.8091e-05 3.806e-05 3.8071e-05 3.8013e-05 3.7886e-05 3.794e-05 3.788e-05 3.7873e-05 3.7991e-05 3.7942e-05 3.7917e-05 3.7869e-05 3.8051e-05 3.7964e-05 3.7977e-05 3.8046e-05 3.7957e-05 3.8036e-05 3.7985e-05 3.8012e-05 3.8031e-05 3.7866e-05 3.7736e-05 3.778e-05 3.8215e-05 3.797e-05 3.8053e-05 3.773e-05 3.7728e-05 3.8183e-05 3.8209e-05 3.8214e-05 3.8215e-05 3.8213e-05 3.8214e-05 3.8215e-05 3.8169e-05 3.8124e-05 3.8166e-05 3.8195e-05 3.8207e-05 3.8215e-05 3.8179e-05 3.8183e-05 3.7705e-05 3.7901e-05 3.8017e-05 3.7929e-05 3.8027e-05 3.7845e-05 3.7986e-05 3.7873e-05 3.7512e-05 3.7338e-05 3.7211e-05 3.7128e-05 3.7921e-05 3.787e-05 3.7858e-05 3.7977e-05 3.7984e-05 3.8062e-05 3.7951e-05 3.8096e-05 3.801e-05 3.8204e-05 3.8178e-05 3.7998e-05 3.8046e-05 3.804e-05 3.7946e-05 3.7899e-05 3.7448e-05 3.7889e-05 3.8047e-05 3.8118e-05 3.7975e-05 3.8002e-05 3.8007e-05 3.7993e-05 3.802e-05 3.7802e-05 3.7096e-05 3.7355e-05 3.7624e-05 3.7654e-05 3.7737e-05 3.7745e-05 3.7867e-05 3.7883e-05 3.7823e-05 3.7986e-05 3.7876e-05 3.7954e-05 3.8004e-05 3.7959e-05 3.8068e-05 3.8083e-05 3.7975e-05 3.8118e-05 3.7857e-05 3.7388e-05 3.7565e-05 3.821e-05 3.8209e-05 3.773e-05 3.786e-05 3.7726e-05 3.6803e-05 3.7488e-05 3.7637e-05 3.7709e-05 3.7404e-05 3.7077e-05 3.7379e-05 3.7801e-05 3.7276e-05 3.7939e-05 3.798e-05 3.8117e-05 3.8129e-05 3.8115e-05 3.7965e-05 3.7972e-05 3.8079e-05 3.8176e-05 3.8143e-05 3.8206e-05 3.8161e-05 3.8065e-05 3.7898e-05 3.7981e-05 3.8186e-05 3.8207e-05 3.8129e-05 3.8202e-05 3.8152e-05 3.8066e-05 3.8188e-05 3.8214e-05 3.8208e-05 3.8208e-05 3.8171e-05 3.812e-05 3.8209e-05 3.8144e-05 3.8213e-05 3.8199e-05 3.8205e-05 3.8008e-05 3.8007e-05 3.8039e-05 3.809e-05 3.7886e-05 3.818e-05
3.7877e-05 3.7917e-05 3.81e-05 3.8187e-05 3.8018e-05 3.7748e-05 3.792e-05 3.818e-05 3.8112e-05 3.813e-05 3.8154e-05 3.8209e-05 3.8088e-05 3.8138e-05 3.7953e-05 3.8093e-05 3.7208e-05 3.7365e-05 3.7719e-05 3.7969e-05 3.8137e-05 3.8036e-05 3.7918e-05 3.7903e-05 3.7732e-05 3.8141e-05 3.7997e-05 3.808e-05 3.7862e-05 3.8189e-05 3.7615e-05 3.7677e-05 3.761e-05 3.7809e-05 3.7838e-05 3.7899e-05 3.8047e-05 3.8061e-05 3.8106e-05 3.8106e-05 3.8142e-05 3.8105e-05 3.8092e-05 3.8117e-05 3.8121e-05 3.8154e-05 3.8031e-05 3.8158e-05 3.8161e-05 3.8154e-05 3.8169e-05 3.8201e-05 3.8202e-05 3.8214e-05 3.8215e-05 3.8211e-05 3.8214e-05 3.8215e-05 3.8185e-05 3.8184e-05 3.8122e-05 3.8214e-05 3.821e-05 3.8213e-05 3.8212e-05 3.817e-05 3.787e-05 3.7889e-05 3.7923e-05 3.7919e-05 3.7885e-05 3.7988e-05 3.7955e-05 3.806e-05 3.8109e-05 3.8182e-05 3.8141e-05 3.7798e-05 3.7394e-05 3.7607e-05 3.7712e-05 3.8021e-05 3.8049e-05 3.7754e-05 3.7725e-05 3.7555e-05 3.7611e-05 3.7575e-05 3.7773e-05 3.7952e-05 3.7967e-05 3.8036e-05 3.7494e-05 3.8055e-05 3.8092e-05 3.8054e-05 3.8118e-05 3.8116e-05 3.8107e-05 3.8128e-05 3.8105e-05 3.809e-05 3.8119e-05 3.8083e-05 3.7967e-05 3.7778e-05 3.7201e-05 3.8036e-05 3.8125e-05 3.8073e-05 3.7975e-05 3.786e-05 3.7927e-05 3.7852e-05 3.7942e-05 3.7614e-05 3.7581e-05 3.7965e-05 3.8147e-05 3.8201e-05 3.8215e-05 3.8208e-05 3.8212e-05 3.8215e-05 3.8215e-05 3.821e-05 3.8107e-05 3.7874e-05 3.7678e-05 3.7695e-05 3.8022e-05 3.7928e-05 3.7902e-05 3.7945e-05 3.8213e-05 3.7834e-05 3.6697e-05 3.7037e-05 3.7197e-05 3.7261e-05 3.7429e-05 3.7428e-05 3.7111e-05 3.722e-05 3.7645e-05 3.7955e-05 3.8024e-05 3.7876e-05 3.814e-05 3.8161e-05 3.816e-05 3.8184e-05 3.7978e-05 3.6606e-05 3.8155e-05 3.808e-05 3.8171e-05 3.7176e-05 3.808e-05 3.8137e-05 3.8169e-05 3.8215e-05 3.8214e-05 3.8205e-05 3.814e-05 3.8017e-05 3.7883e-05 3.7962e-05 3.7398e-05 3.7172e-05 3.7906e-05 3.8194e-05 3.8167e-05 3.8096e-05 3.8026e-05 3.7941e-05 3.7881e-05 3.7821e-05 3.7963e-05 3.7962e-05
3.8028e-05 3.7838e-05 3.7659e-05 3.8093e-05 3.8105e-05 3.8146e-05 3.8157e-05 3.8132e-05 3.8169e-05 3.8118e-05 3.8096e-05 3.81e-05 3.8176e-05 3.8205e-05 3.8182e-05 3.8073e-05 3.7905e-05 3.7598e-05 3.7534e-05 3.7306e-05 3.7294e-05 3.7074e-05 3.7347e-05 3.7372e-05 3.766e-05 3.7635e-05 3.7548e-05 3.7486e-05 3.7914e-05 3.7277e-05 3.7286e-05 3.7369e-05 3.7836e-05 3.8098e-05 3.7687e-05 3.7849e-05 3.7862e-05 3.8215e-05 3.8076e-05 3.809e-05 3.8131e-05 3.8127e-05 3.8111e-05 3.8119e-05 3.8124e-05 3.8143e-05 3.8128e-05 3.8166e-05 3.8169e-05 3.8152e-05 3.8164e-05 3.819e-05 3.8198e-05 3.8199e-05 3.8182e-05 3.8211e-05 3.8213e-05 3.8213e-05 3.8215e-05 3.8211e-05 3.8035e-05 3.8184e-05 3.8215e-05 3.8215e-05 3.8179e-05 3.8126e-05 3.6767e-05 3.6828e-05 3.7762e-05 3.7934e-05 3.8019e-05 3.8044e-05 3.8069e-05 3.8149e-05 3.8193e-05 3.8055e-05 3.7855e-05 3.7456e-05 3.7511e-05 3.7243e-05 3.7502e-05 3.7519e-05 3.7834e-05 3.7751e-05 3.7959e-05 3.7894e-05 3.7965e-05 3.7976e-05 3.7969e-05 3.7967e-05 3.7992e-05 3.8075e-05 3.8034e-05 3.8102e-05 3.8077e-05 3.8129e-05 3.8079e-05 3.8056e-05 3.8074e-05 3.7967e-05 3.7992e-05 3.7488e-05 3.7321e-05 3.736e-05 3.7066e-05 3.7524e-05 3.8211e-05 3.8093e-05 3.8127e-05 3.8214e-05 3.8196e-05 3.8041e-05 3.8059e-05 3.786e-05 3.7964e-05 3.79e-05 3.8104e-05 3.8168e-05 3.8214e-05 3.8215e-05 3.8215e-05 3.8214e-05 3.8215e-05 3.8215e-05 3.8213e-05 3.8198e-05 3.82e-05 3.816e-05 3.8153e-05 3.8197e-05 3.787e-05 3.7395e-05 3.7837e-05 3.7959e-05 3.7419e-05 3.7263e-05 3.7158e-05 3.6811e-05 3.7302e-05 3.6606e-05 3.6848e-05 3.7209e-05 3.7233e-05 3.7944e-05 3.772e-05 3.7677e-05 3.7303e-05 3.7571e-05 3.7886e-05 3.807e-05 3.8184e-05 3.8215e-05 3.8139e-05 3.8192e-05 3.8212e-05 3.8215e-05 3.8215e-05 3.8214e-05 3.8162e-05 3.8204e-05 3.8193e-05 3.8203e-05 3.8152e-05 3.8064e-05 3.8166e-05 3.8149e-05 3.815e-05 3.8145e-05 3.8124e-05 3.7907e-05 3.8188e-05 3.8109e-05 3.8083e-05 3.7981e-05 3.7686e-05 3.8077e-05 3.7645e-05 3.7624e-05 3.7671e-05 3.7982e-05
3.7901e-05 3.7639e-05 3.7394e-05 3.7729e-05 3.7762e-05 3.8191e-05 3.8215e-05 3.8121e-05 3.8182e-05 3.8161e-05 3.8169e-05 3.8119e-05 3.8115e-05 3.8115e-05 3.816e-05 3.8209e-05 3.8215e-05 3.821e-05 3.8193e-05 3.8084e-05 3.78e-05 3.7709e-05 3.7762e-05 3.7603e-05 3.7858e-05 3.7802e-05 3.757e-05 3.811e-05 3.8008e-05 3.7594e-05 3.7426e-05 3.7661e-05 3.7497e-05 3.7685e-05 3.782e-05 3.7903e-05 3.7918e-05 3.7962e-05 3.7979e-05 3.8089e-05 3.8098e-05 3.8138e-05 3.815e-05 3.8152e-05 3.8178e-05 3.8186e-05 3.8179e-05 3.8176e-05 3.8182e-05 3.8179e-05 3.8146e-05 3.8112e-05 3.8081e-05 3.8136e-05 3.818e-05 3.8207e-05 3.8207e-05 3.8208e-05 3.8186e-05 3.775e-05 3.8196e-05 3.8213e-05 3.8183e-05 3.8083e-05 3.8182e-05 3.8206e-05 3.8165e-05 3.8144e-05 3.8097e-05 3.8058e-05 3.8153e-05 3.81e-05 3.8129e-05 3.8173e-05 3.8213e-05 3.8195e-05 3.8008e-05 3.7897e-05 3.7629e-05 3.736e-05 3.7371e-05 3.7613e-05 3.8136e-05 3.784e-05 3.7951e-05 3.7974e-05 3.7968e-05 3.7923e-05 3.7758e-05 3.7996e-05 3.7998e-05 3.8017e-05 3.7989e-05 3.8077e-05 3.7986e-05 3.8095e-05 3.8183e-05 3.8128e-05 3.8004e-05 3.8043e-05 3.7903e-05 3.7924e-05 3.7843e-05 3.777e-05 3.7483e-05 3.7722e-05 3.7611e-05 3.7803e-05 3.788e-05 3.7805e-05 3.778e-05 3.7696e-05 3.7776e-05 3.8125e-05 3.8197e-05 3.8137e-05 3.8154e-05 3.8209e-05 3.8213e-05 3.8198e-05 3.82e-05 3.8215e-05 3.8193e-05 3.8201e-05 3.8162e-05 3.8182e-05 3.8193e-05 3.8176e-05 3.8178e-05 3.8133e-05 3.802e-05 3.7983e-05 3.7952e-05 3.7878e-05 3.798e-05 3.7521e-05 3.7478e-05 3.7574e-05 3.7924e-05 3.7003e-05 3.6968e-05 3.6982e-05 3.7394e-05 3.7428e-05 3.7471e-05 3.712e-05 3.7001e-05 3.7947e-05 3.7784e-05 3.7528e-05 3.8118e-05 3.803e-05 3.7982e-05 3.8184e-05 3.8175e-05 3.7258e-05 3.7733e-05 3.7863e-05 3.8157e-05 3.8027e-05 3.7653e-05 3.7761e-05 3.8167e-05 3.7991e-05 3.8117e-05 3.8192e-05 3.815e-05 3.8178e-05 3.8166e-05 3.8156e-05 3.8012e-05 3.7953e-05 3.7847e-05 3.7393e-05 3.8052e-05 3.8147e-05 3.7942e-05 3.784e-05 3.7575e-05 3.7493e-05
3.7886e-05 3.7868e-05 3.8112e-05 3.7686e-05 3.748e-05 3.7822e-05 3.8116e-05 3.817e-05 3.8215e-05 3.8207e-05 3.82e-05 3.8215e-05 3.8081e-05 3.8187e-05 3.818e-05 3.8209e-05 3.8197e-05 3.8189e-05 3.8206e-05 3.815e-05 3.787e-05 3.785e-05 3.766e-05 3.7732e-05 3.7668e-05 3.7773e-05 3.7777e-05 3.7643e-05 3.7599e-05 3.7658e-05 3.7613e-05 3.7722e-05 3.7886e-05 3.7896e-05 3.7873e-05 3.7717e-05 3.7581e-05 3.7837e-05 3.8066e-05 3.7917e-05 3.814e-05 3.7985e-05 3.7871e-05 3.8089e-05 3.8111e-05 3.811e-05 3.8001e-05 3.8144e-05 3.8114e-05 3.8111e-05 3.8e-05 3.8054e-05 3.8203e-05 3.8183e-05 3.821e-05 3.7875e-05 3.8122e-05 3.8206e-05 3.8215e-05 3.8215e-05 3.8214e-05 3.8213e-05 3.8212e-05 3.8153e-05 3.7888e-05 3.8092e-05 3.8163e-05 3.8047e-05 3.8106e-05 3.8212e-05 3.8195e-05 3.813e-05 3.8148e-05 3.8094e-05 3.8138e-05 3.8208e-05 3.817e-05 3.8201e-05 3.8214e-05 3.8151e-05 3.8064e-05 3.7832e-05 3.7898e-05 3.7881e-05 3.7892e-05 3.7927e-05 3.8e-05 3.7999e-05 3.8003e-05 3.7977e-05 3.7966e-05 3.7977e-05 3.8037e-05 3.7998e-05 3.8026e-05 3.7921e-05 3.8004e-05 3.8042e-05 3.7958e-05 3.8087e-05 3.8102e-05 3.7954e-05 3.7995e-05 3.8091e-05 3.8017e-05 3.7873e-05 3.7732e-05 3.7558e-05 3.7589e-05 3.7419e-05 3.7818e-05 3.7901e-05 3.8093e-05 3.8209e-05 3.8015e-05 3.7956e-05 3.7922e-05 3.8112e-05 3.8194e-05 3.821e-05 3.8214e-05 3.8215e-05 3.8212e-05 3.8205e-05 3.8128e-05 3.8084e-05 3.8147e-05 3.8164e-05 3.8152e-05 3.8138e-05 3.8205e-05 3.8105e-05 3.805e-05 3.8158e-05 3.7962e-05 3.7643e-05 3.7418e-05 3.7552e-05 3.7429e-05 3.6777e-05 3.8086e-05 3.7232e-05 3.771e-05 3.764e-05 3.7613e-05 3.737e-05 3.7227e-05 3.7061e-05 3.6821e-05 3.7271e-05 3.7637e-05 3.7944e-05 3.777e-05 3.781e-05 3.8021e-05 3.8171e-05 3.8215e-05 3.8215e-05 3.8174e-05 3.813e-05 3.7854e-05 3.7919e-05 3.803e-05 3.8013e-05 3.7956e-05 3.7277e-05 3.7244e-05 3.7554e-05 3.7915e-05 3.8079e-05 3.8138e-05 3.8163e-05 3.8091e-05 3.8186e-05 3.8175e-05 3.767e-05 3.7974e-05 3.8032e-05 3.8e-05 3.8176e-05
3.8209e-05 3.7821e-05 3.7417e-05 3.7867e-05 3.8055e-05 3.8145e-05 3.8138e-05 3.7759e-05 3.7848e-05 3.7989e-05 3.7676e-05 3.7848e-05 3.8162e-05 3.7842e-05 3.7626e-05 3.7901e-05 3.8117e-05 3.8097e-05 3.8199e-05 3.8181e-05 3.8153e-05 3.8135e-05 3.8151e-05 3.7802e-05 3.7685e-05 3.7501e-05 3.8201e-05 3.7998e-05 3.7663e-05 3.7725e-05 3.8022e-05 3.8162e-05 3.8173e-05 3.8136e-05 3.8149e-05 3.8013e-05 3.7731e-05 3.7867e-05 3.781e-05 3.779e-05 3.806e-05 3.7598e-05 3.7915e-05 3.8117e-05 3.794e-05 3.7206e-05 3.8179e-05 3.8211e-05 3.8215e-05 3.8211e-05 3.8207e-05 3.8215e-05 3.8215e-05 3.8151e-05 3.7961e-05 3.8181e-05 3.818e-05 3.8215e-05 3.8176e-05 3.8182e-05 3.8197e-05 3.8215e-05 3.8204e-05 3.8189e-05 3.8058e-05 3.7653e-05 3.7994e-05 3.8212e-05 3.7932e-05 3.7908e-05 3.8091e-05 3.8207e-05 3.7945e-05 3.821e-05 3.8152e-05 3.8192e-05 3.8145e-05 3.8177e-05 3.8122e-05 3.7971e-05 3.732e-05 3.7345e-05 3.7876e-05 3.8043e-05 3.7894e-05 3.7841e-05 3.7753e-05 3.7969e-05 3.8028e-05 3.801e-05 3.8042e-05 3.7995e-05 3.8006e-05 3.8094e-05 3.8045e-05 3.8077e-05 3.8054e-05 3.7957e-05 3.8032e-05 3.809e-05 3.8127e-05 3.8057e-05 3.8016e-05 3.8011e-05 3.7638e-05 3.8021e-05 3.7971e-05 3.7988e-05 3.8002e-05 3.8071e-05 3.8128e-05 3.8159e-05 3.8192e-05 3.8215e-05 3.8159e-05 3.8112e-05 3.8207e-05 3.8198e-05 3.8205e-05 3.8141e-05 3.7489e-05 3.8097e-05 3.8174e-05 3.8215e-05 3.819e-05 3.816e-05 3.8054e-05 3.7986e-05 3.8174e-05 3.8007e-05 3.765e-05 3.7974e-05 3.7309e-05 3.8131e-05 3.8196e-05 3.8211e-05 3.7604e-05 3.7733e-05 3.7714e-05 3.8012e-05 3.7399e-05 3.7317e-05 3.7229e-05 3.7322e-05 3.7382e-05 3.7301e-05 3.7302e-05 3.7098e-05 3.7335e-05 3.7275e-05 3.752e-05 3.7514e-05 3.7563e-05 3.764e-05 3.7678e-05 3.8205e-05 3.8019e-05 3.8108e-05 3.8117e-05 3.8181e-05 3.8215e-05 3.8184e-05 3.8109e-05 3.7988e-05 3.7946e-05 3.7698e-05 3.7384e-05 3.7617e-05 3.7665e-05 3.6835e-05 3.7508e-05 3.8019e-05 3.809e-05 3.795e-05 3.7198e-05 3.7536e-05 3.7671e-05 3.8171e-05 3.8184e-05 3.8177e-05
3.8215e-05 3.8092e-05 3.8001e-05 3.8143e-05 3.8136e-05 3.8058e-05 3.715e-05 3.7709e-05 3.7846e-05 3.7703e-05 3.8031e-05 3.7698e-05 3.7855e-05 3.7217e-05 3.7968e-05 3.8206e-05 3.8058e-05 3.8126e-05 3.7981e-05 3.8138e-05 3.8178e-05 3.8184e-05 3.8075e-05 3.7998e-05 3.7411e-05 3.7735e-05 3.7864e-05 3.791e-05 3.8135e-05 3.7745e-05 3.7909e-05 3.8199e-05 3.8212e-05 3.8135e-05 3.8214e-05 3.8144e-05 3.7871e-05 3.7493e-05 3.7362e-05 3.7482e-05 3.771e-05 3.8082e-05 3.8196e-05 3.8191e-05 3.8173e-05 3.8034e-05 3.821e-05 3.8213e-05 3.8173e-05 3.8178e-05 3.8173e-05 3.8171e-05 3.8154e-05 3.8142e-05 3.8214e-05 3.82e-05 3.8215e-05 3.8191e-05 3.8205e-05 3.8168e-05 3.8215e-05 3.8153e-05 3.777e-05 3.8065e-05 3.8211e-05 3.7578e-05 3.8212e-05 3.8139e-05 3.7928e-05 3.7922e-05 3.8088e-05 3.8105e-05 3.7422e-05 3.8215e-05 3.8004e-05 3.8204e-05 3.821e-05 3.811e-05 3.7969e-05 3.7968e-05 3.756e-05 3.7661e-05 3.7881e-05 3.7719e-05 3.7757e-05 3.8028e-05 3.7929e-05 3.791e-05 3.8117e-05 3.7284e-05 3.7949e-05 3.8077e-05 3.8111e-05 3.8059e-05 3.8215e-05 3.7957e-05 3.7909e-05 3.7925e-05 3.8182e-05 3.7891e-05 3.7833e-05 3.8079e-05 3.7999e-05 3.8017e-05 3.8061e-05 3.8089e-05 3.8079e-05 3.8047e-05 3.8039e-05 3.8179e-05 3.8202e-05 3.8212e-05 3.8201e-05 3.8198e-05 3.8215e-05 3.8149e-05 3.817e-05 3.8195e-05 3.8068e-05 3.7803e-05 3.7839e-05 3.7869e-05 3.8192e-05 3.8182e-05 3.7916e-05 3.7766e-05 3.7643e-05 3.7769e-05 3.7618e-05 3.7265e-05 3.7741e-05 3.7794e-05 3.8073e-05 3.8173e-05 3.8125e-05 3.8215e-05 3.8102e-05 3.7274e-05 3.6801e-05 3.708e-05 3.8204e-05 3.8215e-05 3.6797e-05 3.6814e-05 3.7987e-05 3.7121e-05 3.7255e-05 3.6648e-05 3.7223e-05 3.7568e-05 3.7185e-05 3.7273e-05 3.7685e-05 3.8089e-05 3.8189e-05 3.8215e-05 3.8189e-05 3.8203e-05 3.8174e-05 3.8177e-05 3.8186e-05 3.8205e-05 3.8215e-05 3.8196e-05 3.8027e-05 3.7823e-05 3.7577e-05 3.7521e-05 3.7682e-05 3.751e-05 3.8142e-05 3.6969e-05 3.7639e-05 3.7789e-05 3.758e-05 3.8025e-05 3.8141e-05 3.8056e-05 3.8173e-05 3.8207e-05
3.8203e-05 3.8208e-05 3.821e-05 3.8123e-05 3.8208e-05 3.7544e-05 3.7833e-05 3.7708e-05 3.7374e-05 3.7426e-05 3.7513e-05 3.8169e-05 3.7476e-05 3.7586e-05 3.7276e-05 3.7344e-05 3.786e-05 3.8128e-05 3.7875e-05 3.7778e-05 3.8194e-05 3.782e-05 3.7848e-05 3.7838e-05 3.726e-05 3.7775e-05 3.7947e-05 3.7935e-05 3.7921e-05 3.732e-05 3.6863e-05 3.8201e-05 3.8133e-05 3.8166e-05 3.8155e-05 3.8079e-05 3.8147e-05 3.7763e-05 3.7615e-05 3.7665e-05 3.75e-05 3.7935e-05 3.8064e-05 3.8128e-05 3.8161e-05 3.8042e-05 3.7764e-05 3.7723e-05 3.8183e-05 3.8171e-05 3.8156e-05 3.8125e-05 3.8188e-05 3.8197e-05 3.8212e-05 3.8015e-05 3.7862e-05 3.788e-05 3.7723e-05 3.7634e-05 3.8087e-05 3.7403e-05 3.8215e-05 3.8086e-05 3.748e-05 3.6995e-05 3.7273e-05 3.8035e-05 3.4874e-05 3.7254e-05 3.6482e-05 3.815e-05 3.8075e-05 3.8211e-05 3.8161e-05 3.7988e-05 3.7661e-05 3.8034e-05 3.8193e-05 3.754e-05 3.7501e-05 3.8215e-05 3.7944e-05 3.799e-05 3.8115e-05 3.796e-05 3.7995e-05 3.7834e-05 3.7796e-05 3.8008e-05 3.8043e-05 3.8086e-05 3.7925e-05 3.7711e-05 3.771e-05 3.7664e-05 3.7676e-05 3.7749e-05 3.8018e-05 3.7741e-05 3.7537e-05 3.7651e-05 3.7639e-05 3.7699e-05 3.7688e-05 3.8081e-05 3.8105e-05 3.8173e-05 3.8209e-05 3.8214e-05 3.8189e-05 3.8131e-05 3.8035e-05 3.7925e-05 3.805e-05 3.8182e-05 3.813e-05 3.8121e-05 3.8021e-05 3.8178e-05 3.82e-05 3.8128e-05 3.7717e-05 3.7091e-05 3.6478e-05 3.6521e-05 3.6442e-05 3.6476e-05 3.646e-05 3.5735e-05 3.7226e-05 3.7497e-05 3.7814e-05 3.7474e-05 3.7717e-05 3.7847e-05 3.793e-05 3.8213e-05 3.7195e-05 3.7995e-05 3.8182e-05 3.7942e-05 3.733e-05 3.7477e-05 3.7879e-05 3.7755e-05 3.7451e-05 3.726e-05 3.7242e-05 3.757e-05 3.7909e-05 3.8014e-05 3.8081e-05 3.7935e-05 3.8181e-05 3.8067e-05 3.8215e-05 3.8045e-05 3.7491e-05 3.7692e-05 3.8214e-05 3.82e-05 3.8212e-05 3.8181e-05 3.7992e-05 3.7796e-05 3.7608e-05 3.7607e-05 3.7688e-05 3.7607e-05 3.734e-05 3.7223e-05 3.7628e-05 3.7694e-05 3.82e-05 3.767e-05 3.7682e-05 3.7772e-05 3.7968e-05 3.8195e-05
3.8214e-05 3.8215e-05 3.8206e-05 3.8184e-05 3.8121e-05 3.8095e-05 3.8056e-05 3.7801e-05 3.7685e-05 3.8008e-05 3.7976e-05 3.7904e-05 3.7797e-05 3.7885e-05 3.7643e-05 3.7808e-05 3.8126e-05 3.8062e-05 3.8059e-05 3.8019e-05 3.7664e-05 3.7081e-05 3.7086e-05 3.8199e-05 3.7078e-05 3.7804e-05 3.8015e-05 3.8019e-05 3.8018e-05 3.7849e-05 3.7669e-05 3.8171e-05 3.816e-05 3.8109e-05 3.819e-05 3.8015e-05 3.7851e-05 3.7684e-05 3.7325e-05 3.7226e-05 3.7325e-05 3.7225e-05 3.7177e-05 3.7368e-05 3.795e-05 3.7748e-05 3.7617e-05 3.7894e-05 3.8172e-05 3.8215e-05 3.8169e-05 3.8156e-05 3.8149e-05 3.8193e-05 3.8116e-05 3.7368e-05 3.7674e-05 3.7302e-05 3.7636e-05 3.7968e-05 3.8067e-05 3.7083e-05 3.6549e-05 3.7539e-05 3.8197e-05 3.4665e-05 3.4659e-05 3.467e-05 3.4664e-05 3.466e-05 3.4659e-05 3.5847e-05 3.8202e-05 3.821e-05 3.7458e-05 3.8097e-05 3.8208e-05 3.791e-05 3.8074e-05 3.8134e-05 3.8198e-05 3.8077e-05 3.8136e-05 3.8124e-05 3.8079e-05 3.7995e-05 3.8002e-05 3.7827e-05 3.7911e-05 3.7691e-05 3.7879e-05 3.8001e-05 3.8121e-05 3.7949e-05 3.8001e-05 3.8205e-05 3.7998e-05 3.8003e-05 3.7977e-05 3.8038e-05 3.8016e-05 3.7967e-05 3.7533e-05 3.7695e-05 3.7542e-05 3.7759e-05 3.817e-05 3.8199e-05 3.8212e-05 3.8156e-05 3.8055e-05 3.7931e-05 3.7649e-05 3.7303e-05 3.7301e-05 3.6886e-05 3.6548e-05 3.6173e-05 3.6004e-05 3.5247e-05 3.4786e-05 3.4676e-05 3.4656e-05 3.4663e-05 3.4715e-05 3.4658e-05 3.4773e-05 3.4798e-05 3.4711e-05 3.5345e-05 3.6218e-05 3.6579e-05 3.7009e-05 3.7602e-05 3.7274e-05 3.7468e-05 3.8118e-05 3.8175e-05 3.821e-05 3.8174e-05 3.8101e-05 3.7997e-05 3.8041e-05 3.8055e-05 3.7267e-05 3.7571e-05 3.7672e-05 3.7693e-05 3.7929e-05 3.8109e-05 3.821e-05 3.821e-05 3.7688e-05 3.8181e-05 3.8076e-05 3.8146e-05 3.8205e-05 3.7434e-05 3.7619e-05 3.8197e-05 3.8206e-05 3.8148e-05 3.8063e-05 3.8082e-05 3.784e-05 3.7736e-05 3.7862e-05 3.7991e-05 3.8123e-05 3.8004e-05 3.7986e-05 3.7534e-05 3.8075e-05 3.783e-05 3.7644e-05 3.7721e-05 3.7914e-05 3.8137e-05 3.8136e-05 3.8206e-05
3.8215e-05 3.8136e-05 3.8166e-05 3.8105e-05 3.7976e-05 3.7734e-05 3.817e-05 3.8202e-05 3.82e-05 3.8138e-05 3.8189e-05 3.7935e-05 3.7805e-05 3.8034e-05 3.803e-05 3.8025e-05 3.784e-05 3.8084e-05 3.8012e-05 3.8065e-05 3.799e-05 3.7485e-05 3.7189e-05 3.8054e-05 3.7766e-05 3.7965e-05 3.8102e-05 3.7942e-05 3.8054e-05 3.7948e-05 3.813e-05 3.8067e-05 3.8066e-05 3.8209e-05 3.8099e-05 3.8092e-05 3.808e-05 3.7487e-05 3.7204e-05 3.717e-05 3.7057e-05 3.7201e-05 3.7649e-05 3.7813e-05 3.7949e-05 3.8033e-05 3.8114e-05 3.8093e-05 3.8051e-05 3.7211e-05 3.7909e-05 3.7963e-05 3.8122e-05 3.8e-05 3.8088e-05 3.8215e-05 3.82e-05 3.7829e-05 3.7746e-05 3.8211e-05 3.8138e-05 3.6863e-05 3.6538e-05 3.6084e-05 3.4906e-05 3.4731e-05 3.4655e-05 3.4655e-05 3.4658e-05 3.4662e-05 3.4658e-05 3.4681e-05 3.5393e-05 3.66e-05 3.8097e-05 3.8182e-05 3.8049e-05 3.7691e-05 3.8215e-05 3.8175e-05 3.8086e-05 3.8174e-05 3.821e-05 3.821e-05 3.8145e-05 3.7966e-05 3.8211e-05 3.8022e-05 3.809e-05 3.8114e-05 3.7939e-05 3.7895e-05 3.7806e-05 3.8093e-05 3.774e-05 3.761e-05 3.7867e-05 3.793e-05 3.7992e-05 3.7906e-05 3.8008e-05 3.8061e-05 3.7766e-05 3.7123e-05 3.8099e-05 3.7992e-05 3.8085e-05 3.8202e-05 3.8215e-05 3.8208e-05 3.7948e-05 3.7698e-05 3.7118e-05 3.6496e-05 3.6129e-05 3.5431e-05 3.4735e-05 3.4655e-05 3.5012e-05 3.5985e-05 3.6979e-05 3.78e-05 3.8163e-05 3.8307e-05 3.838e-05 3.7493e-05 3.7176e-05 3.7325e-05 3.7359e-05 3.7127e-05 3.5522e-05 3.5238e-05 3.5199e-05 3.4781e-05 3.7321e-05 3.6814e-05 3.6759e-05 3.7482e-05 3.8196e-05 3.819e-05 3.8213e-05 3.8045e-05 3.8089e-05 3.7854e-05 3.7979e-05 3.8214e-05 3.7909e-05 3.7896e-05 3.7952e-05 3.7802e-05 3.7977e-05 3.8171e-05 3.821e-05 3.8157e-05 3.7548e-05 3.8214e-05 3.8196e-05 3.7226e-05 3.8176e-05 3.8205e-05 3.8215e-05 3.8215e-05 3.8215e-05 3.815e-05 3.8033e-05 3.799e-05 3.7778e-05 3.8012e-05 3.7579e-05 3.8008e-05 3.8114e-05 3.7688e-05 3.7197e-05 3.7193e-05 3.771e-05 3.8101e-05 3.8131e-05 3.817e-05 3.8215e-05 3.8215e-05
3.8213e-05 3.8182e-05 3.8046e-05 3.8087e-05 3.8204e-05 3.8215e-05 3.8211e-05 3.7818e-05 3.821e-05 3.8106e-05 3.7899e-05 3.8073e-05 3.7976e-05 3.8109e-05 3.8027e-05 3.7961e-05 3.8027e-05 3.7519e-05 3.7928e-05 3.798e-05 3.7838e-05 3.7545e-05 3.7119e-05 3.6949e-05 3.6619e-05 3.7782e-05 3.7512e-05 3.7829e-05 3.803e-05 3.8035e-05 3.7976e-05 3.8078e-05 3.79e-05 3.7904e-05 3.7965e-05 3.7794e-05 3.7793e-05 3.7685e-05 3.7454e-05 3.6689e-05 3.6658e-05 3.6485e-05 3.688e-05 3.7819e-05 3.7955e-05 3.8067e-05 3.8116e-05 3.7909e-05 3.7959e-05 3.7504e-05 3.7868e-05 3.7837e-05 3.7449e-05 3.7196e-05 3.8087e-05 3.8072e-05 3.7906e-05 3.7944e-05 3.8134e-05 3.7747e-05 3.7843e-05 3.8006e-05 3.6399e-05 3.4691e-05 3.4719e-05 3.4663e-05 3.4674e-05 3.4657e-05 3.4657e-05 3.4656e-05 3.4656e-05 3.4659e-05 3.538e-05 3.5253e-05 3.4878e-05 3.4664e-05 3.8047e-05 3.7998e-05 3.82e-05 3.8193e-05 3.8129e-05 3.8176e-05 3.8193e-05 3.8126e-05 3.8006e-05 3.8213e-05 3.7904e-05 3.7956e-05 3.8093e-05 3.8075e-05 3.8055e-05 3.8087e-05 3.8139e-05 3.8167e-05 3.8035e-05 3.7779e-05 3.7862e-05 3.7921e-05 3.797e-05 3.7685e-05 3.8097e-05 3.7899e-05 3.7671e-05 3.7989e-05 3.7905e-05 3.8031e-05 3.8176e-05 3.8214e-05 3.8157e-05 3.8133e-05 3.7436e-05 3.7097e-05 3.688e-05 3.5746e-05 3.5035e-05 3.4659e-05 3.506e-05 3.6132e-05 3.745e-05 3.895e-05 3.9417e-05 4.0005e-05 4.0192e-05 4.0426e-05 4.0397e-05 4.0414e-05 4.0225e-05 4.0232e-05 4.0075e-05 3.9792e-05 4.0213e-05 3.9407e-05 3.5035e-05 3.4968e-05 3.4939e-05 3.6242e-05 3.775e-05 3.8006e-05 3.755e-05 3.8164e-05 3.8213e-05 3.7947e-05 3.8126e-05 3.798e-05 3.7442e-05 3.7667e-05 3.7931e-05 3.8199e-05 3.8109e-05 3.8153e-05 3.8214e-05 3.8211e-05 3.8213e-05 3.8196e-05 3.7891e-05 3.8198e-05 3.821e-05 3.8212e-05 3.8214e-05 3.8215e-05 3.8209e-05 3.8047e-05 3.8109e-05 3.8214e-05 3.8209e-05 3.8153e-05 3.7855e-05 3.8208e-05 3.8063e-05 3.8197e-05 3.8043e-05 3.777e-05 3.8074e-05 3.7638e-05 3.7729e-05 3.795e-05 3.8046e-05 3.815e-05 3.8179e-05 3.821e-05
3.7784e-05 3.7963e-05 3.787e-05 3.8113e-05 3.8109e-05 3.7935e-05 3.7768e-05 3.8208e-05 3.8207e-05 3.7685e-05 3.8011e-05 3.7671e-05 3.7671e-05 3.7529e-05 3.7772e-05 3.7615e-05 3.7561e-05 3.7593e-05 3.6907e-05 3.716e-05 3.7469e-05 3.7705e-05 3.7005e-05 3.6874e-05 3.7484e-05 3.7281e-05 3.7616e-05 3.8025e-05 3.8011e-05 3.8007e-05 3.7888e-05 3.8038e-05 3.7805e-05 3.668e-05 3.6655e-05 3.6877e-05 3.7148e-05 3.7143e-05 3.7191e-05 3.6677e-05 3.6494e-05 3.6568e-05 3.6742e-05 3.7574e-05 3.7858e-05 3.7987e-05 3.8007e-05 3.8002e-05 3.7958e-05 3.7885e-05 3.7746e-05 3.7474e-05 3.7029e-05 3.6831e-05 3.7109e-05 3.7536e-05 3.82e-05 3.8211e-05 3.7912e-05 3.7759e-05 3.7592e-05 3.7059e-05 3.6608e-05 3.5779e-05 3.466e-05 3.4842e-05 3.4665e-05 3.4673e-05 3.4658e-05 3.4721e-05 3.4735e-05 3.4667e-05 3.4957e-05 3.7739e-05 3.6638e-05 3.8165e-05 3.8134e-05 3.7902e-05 3.821e-05 3.8173e-05 3.816e-05 3.8194e-05 3.8206e-05 3.8082e-05 3.8116e-05 3.7815e-05 3.792e-05 3.7843e-05 3.8213e-05 3.8092e-05 3.8007e-05 3.8069e-05 3.8211e-05 3.8206e-05 3.8087e-05 3.799e-05 3.744e-05 3.8173e-05 3.7739e-05 3.7742e-05 3.7696e-05 3.7704e-05 3.7917e-05 3.8124e-05 3.8163e-05 3.7975e-05 3.7949e-05 3.8211e-05 3.8157e-05 3.7839e-05 3.816e-05 3.7463e-05 3.5989e-05 3.4831e-05 3.4982e-05 3.6118e-05 3.7478e-05 3.8371e-05 3.949e-05 4.0068e-05 4.0614e-05 4.0636e-05 4.0618e-05 4.0606e-05 3.9659e-05 4.0332e-05 4.042e-05 4.0509e-05 4.0399e-05 4.0355e-05 4.0379e-05 4.0396e-05 4.0131e-05 3.9369e-05 3.6479e-05 3.4863e-05 3.6484e-05 3.7803e-05 3.7431e-05 3.8071e-05 3.7818e-05 3.8215e-05 3.7716e-05 3.8089e-05 3.816e-05 3.7523e-05 3.8037e-05 3.7891e-05 3.8167e-05 3.8204e-05 3.7878e-05 3.8148e-05 3.8142e-05 3.8122e-05 3.8057e-05 3.8212e-05 3.8157e-05 3.8064e-05 3.7847e-05 3.7877e-05 3.6748e-05 3.7572e-05 3.8095e-05 3.8044e-05 3.7798e-05 3.8137e-05 3.8215e-05 3.8103e-05 3.8167e-05 3.8143e-05 3.8186e-05 3.8208e-05 3.8198e-05 3.7979e-05 3.766e-05 3.7286e-05 3.747e-05 3.7672e-05 3.7948e-05 3.8048e-05
3.7643e-05 3.8009e-05 3.7827e-05 3.7798e-05 3.819e-05 3.8119e-05 3.8153e-05 3.7852e-05 3.8148e-05 3.792e-05 3.7686e-05 3.7792e-05 3.6865e-05 3.8019e-05 3.7045e-05 3.7277e-05 3.6435e-05 3.6688e-05 3.7473e-05 3.7258e-05 3.7696e-05 3.7127e-05 3.7471e-05 3.7743e-05 3.7707e-05 3.8058e-05 3.756e-05 3.7842e-05 3.797e-05 3.7952e-05 3.7959e-05 3.7957e-05 3.8005e-05 3.7339e-05 3.7148e-05 3.729e-05 3.7552e-05 3.7599e-05 3.7587e-05 3.7312e-05 3.6902e-05 3.6761e-05 3.7122e-05 3.7231e-05 3.7099e-05 3.7683e-05 3.7691e-05 3.7767e-05 3.7592e-05 3.7631e-05 3.7322e-05 3.7165e-05 3.6799e-05 3.68e-05 3.6762e-05 3.7106e-05 3.7407e-05 3.7405e-05 3.7837e-05 3.8129e-05 3.7417e-05 3.8023e-05 3.8209e-05 3.6743e-05 3.6854e-05 3.4677e-05 3.4828e-05 3.4795e-05 3.4741e-05 3.4815e-05 3.4766e-05 3.4658e-05 3.4736e-05 3.7365e-05 3.6941e-05 3.7072e-05 3.8184e-05 3.8201e-05 3.8211e-05 3.7999e-05 3.8212e-05 3.8193e-05 3.8164e-05 3.8145e-05 3.7966e-05 3.7999e-05 3.7827e-05 3.8004e-05 3.8163e-05 3.8114e-05 3.8156e-05 3.816e-05 3.8167e-05 3.8142e-05 3.8024e-05 3.7471e-05 3.7749e-05 3.7629e-05 3.7915e-05 3.8187e-05 3.7772e-05 3.7422e-05 3.7634e-05 3.79e-05 3.8203e-05 3.8199e-05 3.816e-05 3.8215e-05 3.801e-05 3.8078e-05 3.8165e-05 3.7854e-05 3.6514e-05 3.5463e-05 3.7315e-05 3.9653e-05 4.023e-05 4.0664e-05 4.0456e-05 4.0593e-05 4.0243e-05 4.0494e-05 4.0658e-05 4.0635e-05 4.0379e-05 4.0055e-05 3.9753e-05 4.0248e-05 4.0424e-05 4.0317e-05 4.0332e-05 4.0118e-05 4.0135e-05 4.0023e-05 3.9192e-05 3.7188e-05 3.5188e-05 3.5343e-05 3.6847e-05 3.7396e-05 3.7613e-05 3.7814e-05 3.8203e-05 3.8119e-05 3.8187e-05 3.8195e-05 3.8118e-05 3.8214e-05 3.8207e-05 3.8206e-05 3.8208e-05 3.793e-05 3.7816e-05 3.8061e-05 3.7779e-05 3.799e-05 3.8035e-05 3.7582e-05 3.7244e-05 3.7858e-05 3.8213e-05 3.8212e-05 3.7803e-05 3.7738e-05 3.8092e-05 3.821e-05 3.8212e-05 3.8203e-05 3.8131e-05 3.818e-05 3.8196e-05 3.8208e-05 3.7889e-05 3.7921e-05 3.7662e-05 3.8073e-05 3.7834e-05 3.7716e-05 3.7997e-05 3.7905e-05
3.8021e-05 3.8064e-05 3.798e-05 3.8013e-05 3.8148e-05 3.813e-05 3.8174e-05 3.8185e-05 3.8209e-05 3.7779e-05 3.7587e-05 3.7995e-05 3.7602e-05 3.7411e-05 3.749e-05 3.7496e-05 3.8172e-05 3.7423e-05 3.7768e-05 3.7859e-05 3.7673e-05 3.7912e-05 3.8213e-05 3.7582e-05 3.7886e-05 3.8063e-05 3.7929e-05 3.7834e-05 3.7839e-05 3.7806e-05 3.7694e-05 3.7774e-05 3.7714e-05 3.7536e-05 3.7539e-05 3.7501e-05 3.7528e-05 3.7555e-05 3.7648e-05 3.7659e-05 3.7348e-05 3.7245e-05 3.7418e-05 3.7329e-05 3.7319e-05 3.7486e-05 3.7487e-05 3.7285e-05 3.7106e-05 3.6911e-05 3.6827e-05 3.6821e-05 3.6773e-05 3.6255e-05 3.6053e-05 3.7246e-05 3.7642e-05 3.7762e-05 3.804e-05 3.817e-05 3.8207e-05 3.8214e-05 3.7998e-05 3.7809e-05 3.7486e-05 3.515e-05 3.4672e-05 3.598e-05 3.5622e-05 3.5037e-05 3.4876e-05 3.471e-05 3.5575e-05 3.6449e-05 3.7186e-05 3.6709e-05 3.8215e-05 3.8214e-05 3.8213e-05 3.7493e-05 3.8098e-05 3.8183e-05 3.8055e-05 3.8026e-05 3.7981e-05 3.7911e-05 3.7908e-05 3.818e-05 3.8173e-05 3.8134e-05 3.8073e-05 3.8117e-05 3.8205e-05 3.8108e-05 3.7986e-05 3.8057e-05 3.7784e-05 3.7807e-05 3.7769e-05 3.8191e-05 3.6999e-05 3.7633e-05 3.7794e-05 3.7854e-05 3.819e-05 3.7839e-05 3.8181e-05 3.8215e-05 3.8158e-05 3.814e-05 3.8063e-05 3.8118e-05 3.6488e-05 3.4744e-05 3.973e-05 4.0336e-05 4.0551e-05 4.0445e-05 4.0638e-05 4.0622e-05 4.0665e-05 4.06e-05 4.0657e-05 4.0659e-05 4.0643e-05 4.062e-05 4.0539e-05 4.0372e-05 4.0208e-05 4.0598e-05 4.0313e-05 4.0199e-05 4.0198e-05 4.0039e-05 3.9155e-05 3.8556e-05 3.6167e-05 3.4702e-05 3.6277e-05 3.6982e-05 3.7602e-05 3.7327e-05 3.7832e-05 3.818e-05 3.8174e-05 3.8214e-05 3.8213e-05 3.8172e-05 3.8122e-05 3.8213e-05 3.8113e-05 3.8004e-05 3.816e-05 3.797e-05 3.8027e-05 3.777e-05 3.757e-05 3.7646e-05 3.7164e-05 3.6357e-05 3.7688e-05 3.7441e-05 3.7891e-05 3.8206e-05 3.8169e-05 3.8204e-05 3.8109e-05 3.8156e-05 3.8161e-05 3.8187e-05 3.8208e-05 3.8215e-05 3.7886e-05 3.7914e-05 3.8051e-05 3.7234e-05 3.7286e-05 3.7813e-05 3.796e-05 3.7891e-05
3.8215e-05 3.7855e-05 3.8204e-05 3.8171e-05 3.8215e-05 3.8124e-05 3.8171e-05 3.8157e-05 3.8054e-05 3.7898e-05 3.7563e-05 3.7661e-05 3.745e-05 3.7262e-05 3.7581e-05 3.7612e-05 3.7917e-05 3.7978e-05 3.7873e-05 3.7851e-05 3.7408e-05 3.763e-05 3.7797e-05 3.7805e-05 3.7554e-05 3.7864e-05 3.7927e-05 3.7927e-05 3.7348e-05 3.7629e-05 3.7498e-05 3.7733e-05 3.777e-05 3.7428e-05 3.7445e-05 3.7434e-05 3.7462e-05 3.7563e-05 3.7725e-05 3.7802e-05 3.7276e-05 3.7004e-05 3.5882e-05 3.5968e-05 3.6895e-05 3.7281e-05 3.7124e-05 3.6868e-05 3.6906e-05 3.6611e-05 3.6488e-05 3.6505e-05 3.6397e-05 3.6506e-05 3.656e-05 3.7344e-05 3.744e-05 3.7663e-05 3.7693e-05 3.7986e-05 3.798e-05 3.8046e-05 3.8215e-05 3.8036e-05 3.724e-05 3.746e-05 3.594e-05 3.55e-05 3.5116e-05 3.4898e-05 3.5233e-05 3.5313e-05 3.7092e-05 3.6411e-05 3.6905e-05 3.8197e-05 3.8214e-05 3.8172e-05 3.8209e-05 3.8178e-05 3.8214e-05 3.6537e-05 3.806e-05 3.8152e-05 3.8073e-05 3.8068e-05 3.7979e-05 3.8192e-05 3.818e-05 3.8066e-05 3.8013e-05 3.812e-05 3.814e-05 3.809e-05 3.8071e-05 3.7911e-05 3.8093e-05 3.7892e-05 3.8119e-05 3.7764e-05 3.77e-05 3.7794e-05 3.766e-05 3.7275e-05 3.7333e-05 3.7701e-05 3.8144e-05 3.7943e-05 3.8209e-05 3.8182e-05 3.8153e-05 3.8033e-05 3.5808e-05 3.6859e-05 4.0151e-05 4.066e-05 4.0663e-05 4.0613e-05 4.0665e-05 4.052e-05 4.0645e-05 4.0648e-05 4.0646e-05 4.0623e-05 4.0649e-05 4.0414e-05 4.0532e-05 4.0472e-05 4.0623e-05 4.0456e-05 4.0286e-05 4.0239e-05 3.9993e-05 3.9513e-05 3.7665e-05 3.744e-05 3.6238e-05 3.472e-05 3.6045e-05 3.6309e-05 3.6963e-05 3.6787e-05 3.7585e-05 3.7724e-05 3.8005e-05 3.8126e-05 3.8214e-05 3.8197e-05 3.8204e-05 3.7965e-05 3.8206e-05 3.8213e-05 3.8204e-05 3.8046e-05 3.8012e-05 3.7793e-05 3.7527e-05 3.7513e-05 3.7583e-05 3.7609e-05 3.7392e-05 3.7494e-05 3.8045e-05 3.8148e-05 3.8029e-05 3.8033e-05 3.8177e-05 3.8208e-05 3.8158e-05 3.8212e-05 3.8209e-05 3.8214e-05 3.7406e-05 3.8039e-05 3.8063e-05 3.817e-05 3.7844e-05 3.8013e-05 3.8167e-05 3.8146e-05
3.8188e-05 3.821e-05 3.8205e-05 3.8009e-05 3.8151e-05 3.8084e-05 3.8135e-05 3.8093e-05 3.8195e-05 3.7883e-05 3.6693e-05 3.72e-05 3.8197e-05 3.7657e-05 3.7874e-05 3.7805e-05 3.7367e-05 3.7625e-05 3.7358e-05 3.7673e-05 3.7334e-05 3.7843e-05 3.7801e-05 3.7794e-05 3.7627e-05 3.6759e-05 3.7326e-05 3.7511e-05 3.7717e-05 3.7284e-05 3.7165e-05 3.742e-05 3.7237e-05 3.7246e-05 3.7005e-05 3.7316e-05 3.7389e-05 3.7556e-05 3.7592e-05 3.5287e-05 3.492e-05 3.4718e-05 3.2763e-05 3.2505e-05 3.2584e-05 3.5099e-05 3.5098e-05 3.5106e-05 3.6004e-05 3.6406e-05 3.608e-05 3.6546e-05 3.623e-05 3.6447e-05 3.6401e-05 3.6473e-05 3.6585e-05 3.7143e-05 3.7963e-05 3.7809e-05 3.7503e-05 3.6943e-05 3.8116e-05 3.8127e-05 3.8168e-05 3.7493e-05 3.7597e-05 3.6913e-05 3.5869e-05 3.5677e-05 3.5851e-05 3.7052e-05 3.6428e-05 3.7849e-05 3.7793e-05 3.7818e-05 3.804e-05 3.6128e-05 3.8099e-05 3.8214e-05 3.8203e-05 3.8215e-05 3.8135e-05 3.8133e-05 3.8036e-05 3.8045e-05 3.8152e-05 3.8211e-05 3.8207e-05 3.8168e-05 3.8045e-05 3.8162e-05 3.7997e-05 3.8029e-05 3.8099e-05 3.7745e-05 3.7616e-05 3.8013e-05 3.796e-05 3.7868e-05 3.7587e-05 3.7682e-05 3.719e-05 3.6935e-05 3.8193e-05 3.7797e-05 3.8045e-05 3.8211e-05 3.8211e-05 3.821e-05 3.8111e-05 3.7872e-05 3.5941e-05 3.6941e-05 3.9668e-05 4.0659e-05 4.0658e-05 4.035e-05 4.0625e-05 4.0611e-05 4.0618e-05 4.0664e-05 4.0575e-05 4.0462e-05 4.0665e-05 4.0403e-05 4.0619e-05 4.0645e-05 4.0538e-05 4.062e-05 4.0472e-05 4.0191e-05 3.9164e-05 3.8033e-05 3.7442e-05 3.689e-05 3.559e-05 3.4658e-05 3.5039e-05 3.6202e-05 3.5528e-05 3.7883e-05 3.809e-05 3.7883e-05 3.8148e-05 3.8144e-05 3.8211e-05 3.819e-05 3.817e-05 3.8188e-05 3.821e-05 3.8205e-05 3.8208e-05 3.8011e-05 3.7914e-05 3.7867e-05 3.7663e-05 3.8017e-05 3.7954e-05 3.778e-05 3.7744e-05 3.7673e-05 3.8118e-05 3.8215e-05 3.8195e-05 3.8214e-05 3.82e-05 3.8213e-05 3.7927e-05 3.8167e-05 3.8171e-05 3.7678e-05 3.7596e-05 3.8118e-05 3.808e-05 3.816e-05 3.8146e-05 3.8208e-05 3.8208e-05 3.8175e-05
3.8213e-05 3.8195e-05 3.8203e-05 3.8048e-05 3.8109e-05 3.8076e-05 3.8209e-05 3.8181e-05 3.7729e-05 3.8064e-05 3.7685e-05 3.7666e-05 3.7935e-05 3.768e-05 3.8095e-05 3.7914e-05 3.8079e-05 3.7759e-05 3.7948e-05 3.7981e-05 3.8083e-05 3.7509e-05 3.8097e-05 3.8088e-05 3.7916e-05 3.7913e-05 3.7747e-05 3.7482e-05 3.7616e-05 3.7504e-05 3.7383e-05 3.531e-05 3.6557e-05 3.7011e-05 3.7018e-05 3.7203e-05 3.7347e-05 3.7313e-05 3.6558e-05 3.6356e-05 3.567e-05 3.4187e-05 3.3812e-05 3.3909e-05 3.4328e-05 3.4475e-05 3.4353e-05 3.4654e-05 3.3979e-05 3.5244e-05 3.6081e-05 3.6117e-05 3.6158e-05 3.628e-05 3.6462e-05 3.6505e-05 3.6773e-05 3.713e-05 3.7214e-05 3.7689e-05 3.7703e-05 3.7835e-05 3.7435e-05 3.7659e-05 3.8186e-05 3.7952e-05 3.811e-05 3.6291e-05 3.6675e-05 3.6673e-05 3.668e-05 3.6726e-05 3.7617e-05 3.7905e-05 3.7707e-05 3.7865e-05 3.797e-05 3.8136e-05 3.8198e-05 3.8192e-05 3.8207e-05 3.8197e-05 3.8215e-05 3.8171e-05 3.8155e-05 3.8035e-05 3.8193e-05 3.8196e-05 3.8176e-05 3.8157e-05 3.8212e-05 3.8215e-05 3.8207e-05 3.8024e-05 3.8167e-05 3.7907e-05 3.7915e-05 3.7891e-05 3.786e-05 3.8148e-05 3.7638e-05 3.7838e-05 3.7469e-05 3.7569e-05 3.7483e-05 3.7437e-05 3.8043e-05 3.8205e-05 3.8202e-05 3.8192e-05 3.8189e-05 3.7478e-05 3.5704e-05 3.5206e-05 3.9314e-05 4.064e-05 4.0467e-05 4.0575e-05 4.0636e-05 4.0649e-05 4.0472e-05 4.0587e-05 4.0501e-05 4.0463e-05 4.0651e-05 4.0617e-05 4.0647e-05 4.0644e-05 4.0664e-05 4.0518e-05 4.0279e-05 3.9557e-05 3.8318e-05 3.7594e-05 3.6529e-05 3.5899e-05 3.5456e-05 3.491e-05 3.5175e-05 3.707e-05 3.7423e-05 3.8055e-05 3.817e-05 3.8191e-05 3.8204e-05 3.8128e-05 3.7819e-05 3.8153e-05 3.8077e-05 3.8203e-05 3.8188e-05 3.814e-05 3.8215e-05 3.8195e-05 3.8031e-05 3.8162e-05 3.8033e-05 3.7821e-05 3.8174e-05 3.8097e-05 3.7906e-05 3.78e-05 3.782e-05 3.7997e-05 3.8166e-05 3.8202e-05 3.8139e-05 3.8204e-05 3.8195e-05 3.8188e-05 3.8207e-05 3.8152e-05 3.8214e-05 3.8213e-05 3.8215e-05 3.8141e-05 3.819e-05 3.8213e-05 3.8178e-05 3.8114e-05
3.8106e-05 3.8189e-05 3.8193e-05 3.8183e-05 3.7509e-05 3.7938e-05 3.8206e-05 3.7922e-05 3.748e-05 3.6849e-05 3.6508e-05 3.755e-05 3.74e-05 3.8083e-05 3.8214e-05 3.8211e-05 3.8211e-05 3.8211e-05 3.8171e-05 3.813e-05 3.8124e-05 3.8113e-05 3.7916e-05 3.8043e-05 3.7806e-05 3.7489e-05 3.7555e-05 3.7097e-05 3.6967e-05 3.7519e-05 3.7406e-05 3.6427e-05 3.6599e-05 3.5911e-05 3.6718e-05 3.57e-05 3.6372e-05 3.4159e-05 3.4302e-05 3.6315e-05 3.4098e-05 3.3248e-05 3.4693e-05 3.4732e-05 3.4624e-05 3.4565e-05 3.4805e-05 3.5631e-05 3.4917e-05 3.4886e-05 3.4643e-05 3.5365e-05 3.6065e-05 3.664e-05 3.6658e-05 3.6774e-05 3.6664e-05 3.7274e-05 3.7401e-05 3.7241e-05 3.7221e-05 3.79e-05 3.7892e-05 3.8116e-05 3.8199e-05 3.8161e-05 3.7939e-05 3.7763e-05 3.7897e-05 3.7299e-05 3.7939e-05 3.782e-05 3.7764e-05 3.7523e-05 3.7758e-05 3.7993e-05 3.8087e-05 3.8104e-05 3.8088e-05 3.8198e-05 3.8208e-05 3.8171e-05 3.8028e-05 3.7581e-05 3.8183e-05 3.8095e-05 3.8108e-05 3.8042e-05 3.8209e-05 3.8155e-05 3.8199e-05 3.8215e-05 3.8214e-05 3.8164e-05 3.7909e-05 3.8094e-05 3.7855e-05 3.7794e-05 3.8093e-05 3.8074e-05 3.759e-05 3.7555e-05 3.7412e-05 3.7581e-05 3.7747e-05 3.7736e-05 3.7994e-05 3.8076e-05 3.8214e-05 3.814e-05 3.8083e-05 3.799e-05 3.7269e-05 3.4708e-05 3.6866e-05 4.059e-05 4.0455e-05 3.9991e-05 3.9132e-05 4.0642e-05 4.0613e-05 4.0596e-05 4.0626e-05 4.0507e-05 4.0652e-05 4.0664e-05 4.0615e-05 4.0648e-05 4.063e-05 4.0577e-05 4.0446e-05 3.9049e-05 3.7329e-05 3.6617e-05 3.5691e-05 3.5217e-05 3.4689e-05 3.5096e-05 3.606e-05 3.7024e-05 3.8026e-05 3.8013e-05 3.8215e-05 3.8215e-05 3.8195e-05 3.8215e-05 3.8153e-05 3.8141e-05 3.8158e-05 3.8201e-05 3.8138e-05 3.8198e-05 3.8214e-05 3.8215e-05 3.8192e-05 3.8198e-05 3.8209e-05 3.8201e-05 3.8179e-05 3.7736e-05 3.799e-05 3.7979e-05 3.7595e-05 3.7575e-05 3.8095e-05 3.8182e-05 3.814e-05 3.8198e-05 3.8204e-05 3.8215e-05 3.8191e-05 3.8198e-05 3.8204e-05 3.8208e-05 3.8207e-05 3.8167e-05 3.8095e-05 3.798e-05 3.8088e-05 3.7663e-05
3.8105e-05 3.7512e-05 3.8185e-05 3.8047e-05 3.8212e-05 3.8005e-05 3.8e-05 3.8066e-05 3.76e-05 3.6837e-05 3.669e-05 3.754e-05 3.8076e-05 3.8155e-05 3.8204e-05 3.8184e-05 3.8211e-05 3.7229e-05 3.8141e-05 3.8111e-05 3.8075e-05 3.7952e-05 3.7965e-05 3.7795e-05 3.7339e-05 3.7566e-05 3.7391e-05 3.7252e-05 3.6688e-05 3.6845e-05 3.6504e-05 3.6351e-05 3.6471e-05 3.6141e-05 3.6298e-05 3.6484e-05 3.5694e-05 3.4038e-05 3.4168e-05 3.4106e-05 3.3498e-05 3.466e-05 3.5482e-05 3.5365e-05 3.4984e-05 3.5291e-05 3.5077e-05 3.5172e-05 3.5482e-05 3.5545e-05 3.5352e-05 3.4357e-05 3.5265e-05 3.6468e-05 3.6848e-05 3.7068e-05 3.707e-05 3.7093e-05 3.712e-05 3.7225e-05 3.7412e-05 3.759e-05 3.7577e-05 3.8212e-05 3.8205e-05 3.7928e-05 3.8081e-05 3.8214e-05 3.8205e-05 3.7807e-05 3.7882e-05 3.7491e-05 3.8045e-05 3.8199e-05 3.8157e-05 3.8055e-05 3.805e-05 3.8068e-05 3.7819e-05 3.8135e-05 3.8213e-05 3.8126e-05 3.8195e-05 3.8134e-05 3.8171e-05 3.8003e-05 3.7958e-05 3.803e-05 3.8106e-05 3.815e-05 3.816e-05 3.821e-05 3.8193e-05 3.7996e-05 3.8008e-05 3.799e-05 3.8127e-05 3.8215e-05 3.7856e-05 3.7748e-05 3.7785e-05 3.7236e-05 3.737e-05 3.7739e-05 3.7866e-05 3.7823e-05 3.7891e-05 3.8115e-05 3.8159e-05 3.8214e-05 3.8215e-05 3.8137e-05 3.7872e-05 3.7535e-05 3.4655e-05 3.6811e-05 4.0656e-05 4.0408e-05 3.9743e-05 3.9517e-05 4.0628e-05 4.0638e-05 3.9746e-05 3.9879e-05 4.0634e-05 4.066e-05 4.0645e-05 4.0594e-05 4.0626e-05 4.053e-05 3.9594e-05 3.6332e-05 3.5161e-05 3.5185e-05 3.4853e-05 3.4655e-05 3.4677e-05 3.5142e-05 3.5283e-05 3.5454e-05 3.7583e-05 3.8145e-05 3.8066e-05 3.8213e-05 3.8158e-05 3.8201e-05 3.8215e-05 3.8207e-05 3.8169e-05 3.8127e-05 3.8193e-05 3.8215e-05 3.7951e-05 3.7981e-05 3.8011e-05 3.8163e-05 3.8011e-05 3.7873e-05 3.8088e-05 3.8183e-05 3.8078e-05 3.7868e-05 3.8148e-05 3.8204e-05 3.8141e-05 3.8145e-05 3.8065e-05 3.8175e-05 3.8167e-05 3.7911e-05 3.815e-05 3.8143e-05 3.8215e-05 3.8212e-05 3.8206e-05 3.8182e-05 3.7733e-05 3.794e-05 3.8186e-05 3.8102e-05
3.8068e-05 3.7986e-05 3.8035e-05 3.7918e-05 3.8046e-05 3.7356e-05 3.7724e-05 3.6861e-05 3.6885e-05 3.7472e-05 3.7413e-05 3.7662e-05 3.811e-05 3.8173e-05 3.8207e-05 3.8146e-05 3.8212e-05 3.8215e-05 3.8113e-05 3.8111e-05 3.76e-05 3.7949e-05 3.7897e-05 3.7874e-05 3.7618e-05 3.7368e-05 3.7377e-05 3.7181e-05 3.6944e-05 3.664e-05 3.6459e-05 3.5538e-05 3.5975e-05 3.5718e-05 3.5343e-05 3.5549e-05 3.4777e-05 3.3686e-05 3.351e-05 3.28e-05 3.3055e-05 3.4699e-05 3.5699e-05 3.5261e-05 3.6076e-05 3.5363e-05 3.6363e-05 3.6452e-05 3.6157e-05 3.6206e-05 3.5514e-05 3.445e-05 3.3563e-05 3.5414e-05 3.6438e-05 3.7053e-05 3.7025e-05 3.7107e-05 3.7156e-05 3.7148e-05 3.7526e-05 3.7887e-05 3.7854e-05 3.8207e-05 3.8215e-05 3.8214e-05 3.8215e-05 3.8215e-05 3.8211e-05 3.8176e-05 3.8215e-05 3.7919e-05 3.7951e-05 3.8197e-05 3.7899e-05 3.8197e-05 3.7869e-05 3.811e-05 3.8141e-05 3.8081e-05 3.8193e-05 3.8214e-05 3.8176e-05 3.8194e-05 3.8174e-05 3.8123e-05 3.8095e-05 3.8029e-05 3.8037e-05 3.8092e-05 3.8114e-05 3.793e-05 3.8065e-05 3.815e-05 3.8034e-05 3.8105e-05 3.7971e-05 3.8116e-05 3.7939e-05 3.7514e-05 3.7662e-05 3.7496e-05 3.7261e-05 3.7482e-05 3.77e-05 3.7794e-05 3.7811e-05 3.7744e-05 3.8158e-05 3.8215e-05 3.8202e-05 3.8188e-05 3.811e-05 3.8215e-05 3.7888e-05 3.487e-05 3.8543e-05 4.0508e-05 4.0614e-05 4.0169e-05 4.0201e-05 3.9437e-05 4.0664e-05 4.0613e-05 4.0664e-05 4.0664e-05 4.0579e-05 4.0556e-05 3.9557e-05 3.7761e-05 3.6708e-05 3.4883e-05 3.4793e-05 3.4904e-05 3.4993e-05 3.5024e-05 3.473e-05 3.491e-05 3.5805e-05 3.6073e-05 3.7158e-05 3.8134e-05 3.8214e-05 3.8196e-05 3.8145e-05 3.8123e-05 3.8188e-05 3.8177e-05 3.8206e-05 3.8215e-05 3.8215e-05 3.8168e-05 3.8101e-05 3.7992e-05 3.7578e-05 3.7479e-05 3.76e-05 3.7537e-05 3.8065e-05 3.7764e-05 3.8016e-05 3.8154e-05 3.7883e-05 3.8067e-05 3.7994e-05 3.7946e-05 3.8156e-05 3.8197e-05 3.8212e-05 3.813e-05 3.8204e-05 3.8116e-05 3.8087e-05 3.8214e-05 3.8213e-05 3.8173e-05 3.81e-05 3.819e-05 3.8202e-05 3.8205e-05
3.812e-05 3.8136e-05 3.8064e-05 3.8016e-05 3.7515e-05 3.7589e-05 3.709e-05 3.7515e-05 3.7638e-05 3.7507e-05 3.7672e-05 3.7706e-05 3.8e-05 3.8147e-05 3.8213e-05 3.8212e-05 3.8212e-05 3.8067e-05 3.7946e-05 3.8111e-05 3.7857e-05 3.7896e-05 3.7834e-05 3.7773e-05 3.7601e-05 3.7542e-05 3.7339e-05 3.7134e-05 3.6798e-05 3.6446e-05 3.6122e-05 3.5933e-05 3.5879e-05 3.5195e-05 3.5008e-05 3.5636e-05 3.4661e-05 3.3463e-05 3.3622e-05 3.2784e-05 3.3822e-05 3.4736e-05 3.5189e-05 3.586e-05 3.613e-05 3.6383e-05 3.6409e-05 3.6648e-05 3.6643e-05 3.6774e-05 3.5754e-05 3.4444e-05 3.49e-05 3.5026e-05 3.5204e-05 3.5165e-05 3.6696e-05 3.7315e-05 3.7269e-05 3.7581e-05 3.7913e-05 3.8126e-05 3.8203e-05 3.8211e-05 3.8209e-05 3.8214e-05 3.8206e-05 3.8169e-05 3.8195e-05 3.8207e-05 3.8183e-05 3.7284e-05 3.8199e-05 3.821e-05 3.8188e-05 3.821e-05 3.8191e-05 3.8151e-05 3.804e-05 3.8056e-05 3.7944e-05 3.8033e-05 3.819e-05 3.8195e-05 3.8215e-05 3.8132e-05 3.7981e-05 3.7882e-05 3.8016e-05 3.8047e-05 3.8045e-05 3.8093e-05 3.7934e-05 3.8073e-05 3.8108e-05 3.8054e-05 3.8092e-05 3.8027e-05 3.8e-05 3.7685e-05 3.7656e-05 3.8009e-05 3.7782e-05 3.7621e-05 3.7844e-05 3.7968e-05 3.8026e-05 3.7825e-05 3.8177e-05 3.8215e-05 3.8175e-05 3.8193e-05 3.8188e-05 3.8208e-05 3.7427e-05 3.7452e-05 3.4921e-05 3.4776e-05 3.5355e-05 4.0068e-05 4.0653e-05 4.0468e-05 4.0506e-05 4.0643e-05 4.0567e-05 4.0619e-05 4.0338e-05 3.9643e-05 3.5505e-05 3.4769e-05 3.4989e-05 3.4685e-05 3.5255e-05 3.5321e-05 3.5525e-05 3.6503e-05 3.6628e-05 3.5864e-05 3.6016e-05 3.6859e-05 3.7089e-05 3.8215e-05 3.8215e-05 3.8168e-05 3.8211e-05 3.8027e-05 3.8104e-05 3.8092e-05 3.8104e-05 3.8142e-05 3.8184e-05 3.8103e-05 3.7984e-05 3.7987e-05 3.7721e-05 3.7657e-05 3.8108e-05 3.7473e-05 3.7308e-05 3.7125e-05 3.807e-05 3.8198e-05 3.8155e-05 3.8126e-05 3.8191e-05 3.8215e-05 3.8202e-05 3.8215e-05 3.8214e-05 3.8212e-05 3.8175e-05 3.8215e-05 3.8144e-05 3.8213e-05 3.8212e-05 3.8184e-05 3.8213e-05 3.8209e-05 3.8213e-05 3.8215e-05
3.8129e-05 3.8123e-05 3.7058e-05 3.8009e-05 3.75e-05 3.736e-05 3.7846e-05 3.7497e-05 3.7735e-05 3.7582e-05 3.7578e-05 3.7793e-05 3.813e-05 3.8198e-05 3.8213e-05 3.8206e-05 3.8198e-05 3.7551e-05 3.8147e-05 3.813e-05 3.8036e-05 3.7832e-05 3.7821e-05 3.7721e-05 3.7645e-05 3.749e-05 3.7327e-05 3.7016e-05 3.6661e-05 3.6342e-05 3.604e-05 3.566e-05 3.5423e-05 3.5364e-05 3.5318e-05 3.4421e-05 3.4469e-05 3.3941e-05 3.2496e-05 3.1696e-05 3.371e-05 3.4911e-05 3.5402e-05 3.5764e-05 3.615e-05 3.6477e-05 3.6677e-05 3.6823e-05 3.6934e-05 3.6933e-05 3.6893e-05 3.6741e-05 3.5965e-05 3.5986e-05 3.5882e-05 3.5063e-05 3.5417e-05 3.5989e-05 3.7232e-05 3.7526e-05 3.7949e-05 3.8213e-05 3.8212e-05 3.8215e-05 3.7915e-05 3.8212e-05 3.8211e-05 3.8214e-05 3.8162e-05 3.8174e-05 3.8078e-05 3.7765e-05 3.8089e-05 3.8215e-05 3.816e-05 3.7973e-05 3.8136e-05 3.8151e-05 3.7842e-05 3.7948e-05 3.8e-05 3.7989e-05 3.8153e-05 3.809e-05 3.8188e-05 3.8182e-05 3.8129e-05 3.7999e-05 3.7922e-05 3.8044e-05 3.812e-05 3.8102e-05 3.8155e-05 3.8127e-05 3.8106e-05 3.8064e-05 3.8081e-05 3.7769e-05 3.8025e-05 3.7767e-05 3.809e-05 3.8118e-05 3.7945e-05 3.796e-05 3.8096e-05 3.8146e-05 3.8175e-05 3.8139e-05 3.7791e-05 3.8209e-05 3.813e-05 3.8194e-05 3.8126e-05 3.806e-05 3.8178e-05 3.8209e-05 3.6818e-05 3.7016e-05 3.5284e-05 3.525e-05 3.4693e-05 3.4714e-05 3.6219e-05 3.9328e-05 3.7399e-05 3.7873e-05 3.5586e-05 3.6311e-05 3.4808e-05 3.5658e-05 3.6436e-05 3.7171e-05 3.6278e-05 3.5884e-05 3.6407e-05 3.7291e-05 3.6948e-05 3.6989e-05 3.719e-05 3.7987e-05 3.8033e-05 3.8195e-05 3.8208e-05 3.8177e-05 3.8162e-05 3.8099e-05 3.8084e-05 3.812e-05 3.8119e-05 3.8137e-05 3.8151e-05 3.8049e-05 3.8033e-05 3.7707e-05 3.7887e-05 3.7534e-05 3.7062e-05 3.7324e-05 3.7991e-05 3.7053e-05 3.7938e-05 3.817e-05 3.821e-05 3.8028e-05 3.8214e-05 3.7844e-05 3.8208e-05 3.821e-05 3.8197e-05 3.8159e-05 3.8207e-05 3.8176e-05 3.8089e-05 3.8146e-05 3.8191e-05 3.8214e-05 3.8182e-05 3.8212e-05 3.8212e-05 3.817e-05
3.8215e-05 3.8098e-05 3.809e-05 3.8075e-05 3.7611e-05 3.7488e-05 3.7963e-05 3.7204e-05 3.7621e-05 3.79e-05 3.7823e-05 3.8099e-05 3.8048e-05 3.8126e-05 3.8213e-05 3.8161e-05 3.8214e-05 3.7816e-05 3.814e-05 3.7776e-05 3.7799e-05 3.7814e-05 3.7713e-05 3.7688e-05 3.7509e-05 3.7395e-05 3.7249e-05 3.7113e-05 3.6613e-05 3.625e-05 3.5853e-05 3.5484e-05 3.5045e-05 3.5035e-05 3.4841e-05 3.5038e-05 3.5273e-05 3.3701e-05 3.3403e-05 3.1888e-05 3.3985e-05 3.4951e-05 3.5376e-05 3.5852e-05 3.6249e-05 3.6579e-05 3.6812e-05 3.6967e-05 3.7066e-05 3.7231e-05 3.7216e-05 3.7287e-05 3.7036e-05 3.6377e-05 3.6382e-05 3.65e-05 3.6822e-05 3.6808e-05 3.6716e-05 3.6716e-05 3.6485e-05 3.798e-05 3.8207e-05 3.8202e-05 3.8209e-05 3.8205e-05 3.8178e-05 3.8048e-05 3.8187e-05 3.8209e-05 3.8203e-05 3.76e-05 3.7376e-05 3.7064e-05 3.7916e-05 3.8179e-05 3.7994e-05 3.7976e-05 3.7729e-05 3.7741e-05 3.7778e-05 3.7804e-05 3.7941e-05 3.814e-05 3.819e-05 3.8213e-05 3.8215e-05 3.8215e-05 3.8119e-05 3.8058e-05 3.8033e-05 3.8136e-05 3.8143e-05 3.792e-05 3.8014e-05 3.8088e-05 3.8099e-05 3.7932e-05 3.7924e-05 3.7914e-05 3.8083e-05 3.8189e-05 3.7897e-05 3.8106e-05 3.8167e-05 3.8118e-05 3.8213e-05 3.7917e-05 3.7596e-05 3.7835e-05 3.8187e-05 3.819e-05 3.8209e-05 3.8211e-05 3.8199e-05 3.8213e-05 3.8215e-05 3.7027e-05 3.7188e-05 3.665e-05 3.6182e-05 3.6018e-05 3.5405e-05 3.5206e-05 3.5047e-05 3.469e-05 3.4691e-05 3.4704e-05 3.4788e-05 3.5793e-05 3.7135e-05 3.6354e-05 3.6418e-05 3.6798e-05 3.7733e-05 3.7411e-05 3.7653e-05 3.725e-05 3.7301e-05 3.805e-05 3.8215e-05 3.8136e-05 3.8098e-05 3.8097e-05 3.8112e-05 3.8118e-05 3.8119e-05 3.8125e-05 3.8078e-05 3.8056e-05 3.8036e-05 3.7871e-05 3.7473e-05 3.7362e-05 3.7231e-05 3.751e-05 3.8005e-05 3.7155e-05 3.7251e-05 3.7834e-05 3.7544e-05 3.7934e-05 3.8174e-05 3.8168e-05 3.8197e-05 3.794e-05 3.8215e-05 3.8178e-05 3.8212e-05 3.821e-05 3.8215e-05 3.8193e-05 3.8008e-05 3.7869e-05 3.7888e-05 3.8125e-05 3.8124e-05 3.8154e-05 3.8211e-05 3.8204e-05
3.8202e-05 3.7993e-05 3.8171e-05 3.8045e-05 3.8025e-05 3.7977e-05 3.807e-05 3.8203e-05 3.795e-05 3.8135e-05 3.8049e-05 3.8212e-05 3.8213e-05 3.8214e-05 3.8212e-05 3.8197e-05 3.8207e-05 3.8049e-05 3.7799e-05 3.8092e-05 3.7887e-05 3.7732e-05 3.7686e-05 3.7564e-05 3.7436e-05 3.7228e-05 3.7069e-05 3.6887e-05 3.6466e-05 3.5944e-05 3.5545e-05 3.5201e-05 3.4892e-05 3.4682e-05 3.4607e-05 3.3851e-05 3.4288e-05 3.472e-05 3.3391e-05 3.3761e-05 3.4258e-05 3.4874e-05 3.5454e-05 3.5871e-05 3.6132e-05 3.6442e-05 3.6643e-05 3.6909e-05 3.707e-05 3.7091e-05 3.7279e-05 3.7332e-05 3.7053e-05 3.6653e-05 3.5648e-05 3.6472e-05 3.6821e-05 3.7002e-05 3.7015e-05 3.6866e-05 3.6103e-05 3.7441e-05 3.8202e-05 3.8212e-05 3.8213e-05 3.8211e-05 3.8211e-05 3.8092e-05 3.8185e-05 3.8212e-05 3.8215e-05 3.8214e-05 3.7884e-05 3.6675e-05 3.6166e-05 3.7779e-05 3.7567e-05 3.7431e-05 3.691e-05 3.7583e-05 3.7572e-05 3.7704e-05 3.7038e-05 3.7883e-05 3.7465e-05 3.8187e-05 3.8158e-05 3.8153e-05 3.8172e-05 3.8109e-05 3.8211e-05 3.8185e-05 3.8213e-05 3.7856e-05 3.8116e-05 3.8099e-05 3.8099e-05 3.7813e-05 3.7527e-05 3.806e-05 3.8083e-05 3.8002e-05 3.8053e-05 3.8077e-05 3.7992e-05 3.7711e-05 3.8061e-05 3.7541e-05 3.733e-05 3.7655e-05 3.7912e-05 3.7973e-05 3.8165e-05 3.8102e-05 3.8201e-05 3.7885e-05 3.8177e-05 3.7647e-05 3.7219e-05 3.6802e-05 3.6395e-05 3.6748e-05 3.6975e-05 3.5505e-05 3.6549e-05 3.4951e-05 3.5387e-05 3.6926e-05 3.7243e-05 3.7663e-05 3.7271e-05 3.7815e-05 3.785e-05 3.748e-05 3.7838e-05 3.8211e-05 3.8186e-05 3.8203e-05 3.7914e-05 3.8154e-05 3.8093e-05 3.7978e-05 3.7874e-05 3.7914e-05 3.7983e-05 3.8035e-05 3.8187e-05 3.8055e-05 3.8024e-05 3.7938e-05 3.7896e-05 3.7737e-05 3.7407e-05 3.7016e-05 3.7174e-05 3.7439e-05 3.7824e-05 3.7397e-05 3.6868e-05 3.7326e-05 3.723e-05 3.7628e-05 3.7968e-05 3.8176e-05 3.8008e-05 3.8032e-05 3.8208e-05 3.8032e-05 3.8171e-05 3.8215e-05 3.8208e-05 3.8061e-05 3.7844e-05 3.8197e-05 3.8191e-05 3.8121e-05 3.817e-05 3.8202e-05 3.8091e-05 3.8214e-05
3.8205e-05 3.8215e-05 3.8067e-05 3.8072e-05 3.8025e-05 3.8097e-05 3.8179e-05 3.8214e-05 3.8204e-05 3.8194e-05 3.8199e-05 3.8208e-05 3.8134e-05 3.8096e-05 3.8211e-05 3.8175e-05 3.7615e-05 3.7916e-05 3.8133e-05 3.7883e-05 3.7874e-05 3.7649e-05 3.7639e-05 3.7538e-05 3.7363e-05 3.7073e-05 3.6825e-05 3.6446e-05 3.6007e-05 3.557e-05 3.5168e-05 3.4729e-05 3.4492e-05 3.4358e-05 3.4424e-05 3.4344e-05 3.3445e-05 3.3854e-05 3.3326e-05 3.3623e-05 3.4186e-05 3.4844e-05 3.5256e-05 3.5568e-05 3.5863e-05 3.6128e-05 3.6414e-05 3.668e-05 3.6966e-05 3.7127e-05 3.7429e-05 3.7388e-05 3.7381e-05 3.7034e-05 3.6219e-05 3.6426e-05 3.6782e-05 3.6808e-05 3.6772e-05 3.639e-05 3.5623e-05 3.7629e-05 3.8159e-05 3.8181e-05 3.806e-05 3.8153e-05 3.8213e-05 3.8113e-05 3.8214e-05 3.8212e-05 3.8175e-05 3.8177e-05 3.8104e-05 3.7404e-05 3.6987e-05 3.6578e-05 3.7697e-05 3.7431e-05 3.7601e-05 3.7293e-05 3.7301e-05 3.7491e-05 3.7448e-05 3.6811e-05 3.7661e-05 3.8068e-05 3.7976e-05 3.7866e-05 3.8019e-05 3.801e-05 3.8215e-05 3.8188e-05 3.8211e-05 3.8195e-05 3.8203e-05 3.8133e-05 3.8085e-05 3.7858e-05 3.8121e-05 3.7766e-05 3.7889e-05 3.7725e-05 3.7548e-05 3.7396e-05 3.7671e-05 3.7983e-05 3.736e-05 3.7313e-05 3.7006e-05 3.7592e-05 3.7811e-05 3.8105e-05 3.8042e-05 3.7802e-05 3.7773e-05 3.7976e-05 3.8211e-05 3.8193e-05 3.8015e-05 3.7846e-05 3.705e-05 3.7516e-05 3.6999e-05 3.6505e-05 3.648e-05 3.5561e-05 3.6642e-05 3.7535e-05 3.7659e-05 3.7872e-05 3.8162e-05 3.8125e-05 3.7997e-05 3.7907e-05 3.818e-05 3.79e-05 3.7344e-05 3.7531e-05 3.787e-05 3.806e-05 3.7924e-05 3.7779e-05 3.7509e-05 3.7646e-05 3.7899e-05 3.7973e-05 3.802e-05 3.8071e-05 3.7903e-05 3.7858e-05 3.7801e-05 3.7745e-05 3.7895e-05 3.7784e-05 3.7848e-05 3.7372e-05 3.7814e-05 3.7408e-05 3.7021e-05 3.7366e-05 3.6982e-05 3.7765e-05 3.7937e-05 3.809e-05 3.8094e-05 3.8168e-05 3.8132e-05 3.8194e-05 3.8157e-05 3.8138e-05 3.8174e-05 3.7895e-05 3.8163e-05 3.8185e-05 3.8198e-05 3.8182e-05 3.8114e-05 3.8169e-05 3.7932e-05 3.8214e-05
3.8192e-05 3.8211e-05 3.8073e-05 3.8076e-05 3.8062e-05 3.8074e-05 3.8203e-05 3.798e-05 3.8156e-05 3.82e-05 3.8215e-05 3.8213e-05 3.8196e-05 3.8215e-05 3.8205e-05 3.818e-05 3.8194e-05 3.8039e-05 3.8057e-05 3.7915e-05 3.7776e-05 3.7609e-05 3.7557e-05 3.7408e-05 3.7218e-05 3.6983e-05 3.6553e-05 3.6018e-05 3.5413e-05 3.4924e-05 3.4564e-05 3.4165e-05 3.3929e-05 3.3894e-05 3.4052e-05 3.3522e-05 3.3707e-05 3.2965e-05 3.312e-05 3.3663e-05 3.4086e-05 3.4561e-05 3.4864e-05 3.5174e-05 3.5526e-05 3.5781e-05 3.615e-05 3.6416e-05 3.6703e-05 3.6939e-05 3.7093e-05 3.7298e-05 3.7343e-05 3.6952e-05 3.6428e-05 3.677e-05 3.6323e-05 3.6646e-05 3.6312e-05 3.5929e-05 3.6018e-05 3.6422e-05 3.8107e-05 3.8096e-05 3.8143e-05 3.8077e-05 3.8204e-05 3.8215e-05 3.8213e-05 3.8215e-05 3.8194e-05 3.8206e-05 3.8125e-05 3.7908e-05 3.6865e-05 3.614e-05 3.7013e-05 3.7361e-05 3.7035e-05 3.6896e-05 3.7132e-05 3.7247e-05 3.7359e-05 3.6904e-05 3.7184e-05 3.6864e-05 3.7841e-05 3.7808e-05 3.8027e-05 3.8209e-05 3.8214e-05 3.821e-05 3.817e-05 3.8128e-05 3.8209e-05 3.817e-05 3.8099e-05 3.7884e-05 3.7846e-05 3.7964e-05 3.803e-05 3.8084e-05 3.7319e-05 3.765e-05 3.7859e-05 3.778e-05 3.7948e-05 3.7109e-05 3.7025e-05 3.7463e-05 3.7895e-05 3.7535e-05 3.7945e-05 3.7919e-05 3.7969e-05 3.8122e-05 3.8177e-05 3.8173e-05 3.8173e-05 3.7841e-05 3.7614e-05 3.7308e-05 3.7715e-05 3.6808e-05 3.7533e-05 3.7625e-05 3.7431e-05 3.8193e-05 3.8154e-05 3.8157e-05 3.8205e-05 3.8214e-05 3.8096e-05 3.8187e-05 3.7985e-05 3.7833e-05 3.6748e-05 3.6903e-05 3.7725e-05 3.7607e-05 3.7793e-05 3.7779e-05 3.7466e-05 3.7154e-05 3.7918e-05 3.7998e-05 3.8009e-05 3.803e-05 3.8037e-05 3.7868e-05 3.7665e-05 3.7438e-05 3.7198e-05 3.7469e-05 3.8042e-05 3.7481e-05 3.7637e-05 3.759e-05 3.7112e-05 3.7765e-05 3.7662e-05 3.7814e-05 3.7708e-05 3.7701e-05 3.8104e-05 3.8164e-05 3.8214e-05 3.8175e-05 3.8062e-05 3.817e-05 3.81e-05 3.8212e-05 3.8206e-05 3.8108e-05 3.8156e-05 3.8176e-05 3.8005e-05 3.8209e-05 3.8211e-05 3.8152e-05
3.7768e-05 3.7993e-05 3.8002e-05 3.7882e-05 3.8123e-05 3.8205e-05 3.817e-05 3.7438e-05 3.7521e-05 3.8027e-05 3.8104e-05 3.8212e-05 3.8191e-05 3.8197e-05 3.8129e-05 3.82e-05 3.8215e-05 3.8183e-05 3.7959e-05 3.7908e-05 3.777e-05 3.7563e-05 3.742e-05 3.7156e-05 3.6972e-05 3.6686e-05 3.6254e-05 3.5466e-05 3.4501e-05 3.3995e-05 3.3681e-05 3.353e-05 3.3385e-05 3.3514e-05 3.3756e-05 3.2197e-05 3.3383e-05 3.2864e-05 3.301e-05 3.3314e-05 3.3512e-05 3.3919e-05 3.4246e-05 3.4573e-05 3.4987e-05 3.5392e-05 3.5806e-05 3.6115e-05 3.6479e-05 3.6715e-05 3.6871e-05 3.6989e-05 3.7148e-05 3.709e-05 3.6646e-05 3.6191e-05 3.6174e-05 3.6155e-05 3.6308e-05 3.6187e-05 3.5791e-05 3.7292e-05 3.797e-05 3.7935e-05 3.8062e-05 3.8145e-05 3.8215e-05 3.821e-05 3.8198e-05 3.8212e-05 3.8209e-05 3.815e-05 3.7933e-05 3.7243e-05 3.5643e-05 3.557e-05 3.5765e-05 3.7272e-05 3.6732e-05 3.6752e-05 3.6081e-05 3.6913e-05 3.7122e-05 3.7207e-05 3.6632e-05 3.6397e-05 3.7513e-05 3.7917e-05 3.7885e-05 3.7818e-05 3.8031e-05 3.8144e-05 3.8119e-05 3.8172e-05 3.8194e-05 3.8215e-05 3.8106e-05 3.8033e-05 3.815e-05 3.7676e-05 3.7966e-05 3.802e-05 3.7498e-05 3.7827e-05 3.7444e-05 3.7747e-05 3.7119e-05 3.6907e-05 3.7426e-05 3.7451e-05 3.727e-05 3.7622e-05 3.7604e-05 3.7774e-05 3.7872e-05 3.8015e-05 3.8018e-05 3.7984e-05 3.8024e-05 3.8109e-05 3.7949e-05 3.791e-05 3.7817e-05 3.7827e-05 3.8009e-05 3.8057e-05 3.8215e-05 3.8215e-05 3.8209e-05 3.8215e-05 3.8209e-05 3.8014e-05 3.789e-05 3.8093e-05 3.7865e-05 3.7623e-05 3.7195e-05 3.7051e-05 3.7465e-05 3.7659e-05 3.7886e-05 3.7908e-05 3.8044e-05 3.8037e-05 3.7946e-05 3.7975e-05 3.7993e-05 3.8004e-05 3.7917e-05 3.7836e-05 3.8011e-05 3.7635e-05 3.722e-05 3.7322e-05 3.7701e-05 3.7819e-05 3.7722e-05 3.7881e-05 3.7451e-05 3.7807e-05 3.789e-05 3.7739e-05 3.7649e-05 3.7576e-05 3.8015e-05 3.8022e-05 3.7938e-05 3.7893e-05 3.8209e-05 3.8142e-05 3.794e-05 3.7759e-05 3.7646e-05 3.7241e-05 3.7798e-05 3.7717e-05 3.792e-05 3.8145e-05 3.8071e-05 3.7842e-05
3.7818e-05 3.7804e-05 3.7928e-05 3.8129e-05 3.8139e-05 3.821e-05 3.7911e-05 3.7648e-05 3.7735e-05 3.7856e-05 3.802e-05 3.8183e-05 3.8148e-05 3.814e-05 3.8166e-05 3.783e-05 3.8215e-05 3.8215e-05 3.8114e-05 3.7875e-05 3.7747e-05 3.7568e-05 3.7193e-05 3.6875e-05 3.6648e-05 3.6312e-05 3.5755e-05 3.4505e-05 3.3491e-05 3.2909e-05 3.2816e-05 3.2895e-05 3.3079e-05 3.3248e-05 3.2925e-05 3.2312e-05 3.269e-05 3.2894e-05 3.2754e-05 3.2641e-05 3.2759e-05 3.3172e-05 3.3602e-05 3.3929e-05 3.4493e-05 3.4957e-05 3.5394e-05 3.5726e-05 3.6115e-05 3.6446e-05 3.6584e-05 3.682e-05 3.6844e-05 3.6931e-05 3.6546e-05 3.6126e-05 3.5545e-05 3.5577e-05 3.6194e-05 3.6061e-05 3.5795e-05 3.7417e-05 3.7953e-05 3.7492e-05 3.7858e-05 3.5647e-05 3.4695e-05 3.6306e-05 3.8214e-05 3.8177e-05 3.818e-05 3.8148e-05 3.7995e-05 3.7457e-05 3.5619e-05 3.575e-05 3.5636e-05 3.7251e-05 3.6535e-05 3.7101e-05 3.6619e-05 3.6828e-05 3.6785e-05 3.6812e-05 3.671e-05 3.6849e-05 3.7274e-05 3.7286e-05 3.7385e-05 3.7783e-05 3.8129e-05 3.8099e-05 3.8097e-05 3.8161e-05 3.8215e-05 3.8215e-05 3.8118e-05 3.8142e-05 3.7956e-05 3.8214e-05 3.8044e-05 3.7869e-05 3.7525e-05 3.752e-05 3.7509e-05 3.7453e-05 3.7542e-05 3.7056e-05 3.7544e-05 3.7538e-05 3.7671e-05 3.7493e-05 3.7322e-05 3.7298e-05 3.7591e-05 3.7648e-05 3.7796e-05 3.8159e-05 3.8185e-05 3.7957e-05 3.8197e-05 3.8167e-05 3.8214e-05 3.8214e-05 3.8204e-05 3.8145e-05 3.8185e-05 3.819e-05 3.8208e-05 3.8212e-05 3.8002e-05 3.8078e-05 3.7178e-05 3.7523e-05 3.7645e-05 3.7501e-05 3.695e-05 3.6974e-05 3.7514e-05 3.7734e-05 3.7952e-05 3.7975e-05 3.805e-05 3.8101e-05 3.7988e-05 3.7962e-05 3.794e-05 3.7895e-05 3.7864e-05 3.7665e-05 3.7783e-05 3.7705e-05 3.7401e-05 3.7519e-05 3.7391e-05 3.7494e-05 3.77e-05 3.7878e-05 3.7709e-05 3.8085e-05 3.788e-05 3.785e-05 3.7677e-05 3.751e-05 3.8166e-05 3.7553e-05 3.7819e-05 3.8008e-05 3.8214e-05 3.7899e-05 3.7784e-05 3.7475e-05 3.7461e-05 3.7123e-05 3.6792e-05 3.7577e-05 3.7566e-05 3.794e-05 3.7557e-05 3.8196e-05
3.8062e-05 3.784e-05 3.8215e-05 3.8182e-05 3.8206e-05 3.8137e-05 3.6767e-05 3.7189e-05 3.7925e-05 3.784e-05 3.7846e-05 3.8169e-05 3.8214e-05 3.8206e-05 3.8152e-05 3.7882e-05 3.7904e-05 3.8214e-05 3.8134e-05 3.7965e-05 3.7801e-05 3.7528e-05 3.7238e-05 3.6912e-05 3.6467e-05 3.5889e-05 3.4905e-05 3.3339e-05 3.1943e-05 3.1576e-05 3.1949e-05 3.2474e-05 3.2646e-05 3.2911e-05 3.3061e-05 3.2997e-05 3.3188e-05 3.3219e-05 3.2525e-05 3.221e-05 3.2183e-05 3.2732e-05 3.3096e-05 3.3451e-05 3.4005e-05 3.4652e-05 3.5114e-05 3.5466e-05 3.571e-05 3.5897e-05 3.5922e-05 3.6386e-05 3.6605e-05 3.6615e-05 3.625e-05 3.6114e-05 3.5674e-05 3.6852e-05 3.5985e-05 3.7009e-05 3.7498e-05 3.6337e-05 3.4967e-05 3.4656e-05 3.497e-05 3.4777e-05 3.4692e-05 3.4947e-05 3.4907e-05 3.8119e-05 3.8177e-05 3.7733e-05 3.7841e-05 3.7667e-05 3.6292e-05 3.635e-05 3.5898e-05 3.6388e-05 3.6758e-05 3.6905e-05 3.6782e-05 3.6746e-05 3.6873e-05 3.6415e-05 3.6894e-05 3.7024e-05 3.6998e-05 3.7331e-05 3.7522e-05 3.7665e-05 3.752e-05 3.7861e-05 3.7985e-05 3.8191e-05 3.8215e-05 3.8215e-05 3.8211e-05 3.816e-05 3.7872e-05 3.8157e-05 3.7745e-05 3.7835e-05 3.7722e-05 3.7417e-05 3.7524e-05 3.7255e-05 3.7393e-05 3.7362e-05 3.7216e-05 3.7292e-05 3.7684e-05 3.7217e-05 3.704e-05 3.7017e-05 3.7112e-05 3.6771e-05 3.7651e-05 3.8152e-05 3.8166e-05 3.8173e-05 3.795e-05 3.8177e-05 3.8169e-05 3.8129e-05 3.8211e-05 3.821e-05 3.8206e-05 3.8159e-05 3.8158e-05 3.7978e-05 3.7842e-05 3.7057e-05 3.6969e-05 3.7019e-05 3.7322e-05 3.7178e-05 3.6934e-05 3.7122e-05 3.718e-05 3.7596e-05 3.785e-05 3.8006e-05 3.7981e-05 3.7994e-05 3.8063e-05 3.7997e-05 3.7859e-05 3.7924e-05 3.7687e-05 3.7872e-05 3.7677e-05 3.7873e-05 3.7332e-05 3.7038e-05 3.7883e-05 3.8007e-05 3.7494e-05 3.8009e-05 3.8028e-05 3.7853e-05 3.7899e-05 3.7818e-05 3.7517e-05 3.7711e-05 3.8033e-05 3.8102e-05 3.8033e-05 3.8052e-05 3.8169e-05 3.7726e-05 3.7245e-05 3.5762e-05 3.651e-05 3.6769e-05 3.7501e-05 3.6427e-05 3.7167e-05 3.5855e-05 3.8202e-05 3.8147e-05
3.7889e-05 3.8007e-05 3.8182e-05 3.8211e-05 3.8201e-05 3.7957e-05 3.7422e-05 3.6743e-05 3.7108e-05 3.6814e-05 3.7355e-05 3.7984e-05 3.8092e-05 3.796e-05 3.7986e-05 3.7907e-05 3.8204e-05 3.8212e-05 3.8211e-05 3.81e-05 3.791e-05 3.7596e-05 3.7281e-05 3.6913e-05 3.6353e-05 3.5611e-05 3.4477e-05 3.2396e-05 3.0735e-05 3.0539e-05 3.1181e-05 3.2054e-05 3.2377e-05 3.2472e-05 3.2556e-05 3.3256e-05 3.3003e-05 3.296e-05 3.2373e-05 3.2122e-05 3.2163e-05 3.3397e-05 3.2626e-05 3.3134e-05 3.3707e-05 3.4276e-05 3.4853e-05 3.5212e-05 3.5488e-05 3.569e-05 3.5749e-05 3.6595e-05 3.5933e-05 3.7592e-05 3.5289e-05 3.6443e-05 3.6212e-05 3.8187e-05 3.4661e-05 3.5152e-05 3.5724e-05 3.7469e-05 3.7393e-05 3.7627e-05 3.529e-05 3.4894e-05 3.6248e-05 3.6177e-05 3.8145e-05 3.4658e-05 3.7724e-05 3.796e-05 3.765e-05 3.7305e-05 3.7121e-05 3.6346e-05 3.6581e-05 3.5925e-05 3.5515e-05 3.6574e-05 3.6693e-05 3.667e-05 3.6747e-05 3.6746e-05 3.7162e-05 3.7045e-05 3.6761e-05 3.7193e-05 3.7558e-05 3.7077e-05 3.7421e-05 3.7594e-05 3.7868e-05 3.81e-05 3.7781e-05 3.8173e-05 3.8214e-05 3.8185e-05 3.8127e-05 3.8129e-05 3.811e-05 3.7947e-05 3.7648e-05 3.7463e-05 3.7272e-05 3.7739e-05 3.7314e-05 3.7287e-05 3.7163e-05 3.7085e-05 3.7126e-05 3.7273e-05 3.6854e-05 3.7251e-05 3.7135e-05 3.7376e-05 3.7379e-05 3.8015e-05 3.8113e-05 3.8048e-05 3.8076e-05 3.8181e-05 3.8124e-05 3.8121e-05 3.7961e-05 3.8184e-05 3.8201e-05 3.8205e-05 3.8146e-05 3.8047e-05 3.7231e-05 3.699e-05 3.6656e-05 3.7235e-05 3.7081e-05 3.7298e-05 3.6886e-05 3.7075e-05 3.7707e-05 3.7733e-05 3.8063e-05 3.7999e-05 3.8071e-05 3.8023e-05 3.8058e-05 3.8016e-05 3.7765e-05 3.7629e-05 3.7579e-05 3.7646e-05 3.7606e-05 3.7409e-05 3.7772e-05 3.7345e-05 3.8033e-05 3.8021e-05 3.7659e-05 3.7674e-05 3.7932e-05 3.8003e-05 3.7811e-05 3.7892e-05 3.7586e-05 3.7464e-05 3.7759e-05 3.8214e-05 3.8215e-05 3.8192e-05 3.7985e-05 3.716e-05 3.6676e-05 3.6171e-05 3.6021e-05 3.6211e-05 3.6325e-05 3.6e-05 3.5723e-05 3.6221e-05 3.5755e-05 3.626e-05
3.5821e-05 3.656e-05 3.5662e-05 3.5591e-05 3.7621e-05 3.7698e-05 3.7295e-05 3.6595e-05 3.7068e-05 3.7033e-05 3.736e-05 3.747e-05 3.7397e-05 3.7888e-05 3.7664e-05 3.7787e-05 3.7909e-05 3.8162e-05 3.8211e-05 3.8172e-05 3.7991e-05 3.7779e-05 3.735e-05 3.6911e-05 3.6185e-05 3.5471e-05 3.4435e-05 3.2607e-05 3.0769e-05 3.0447e-05 3.0441e-05 3.2037e-05 3.2282e-05 3.2294e-05 3.2212e-05 3.2844e-05 3.2765e-05 3.2477e-05 3.2041e-05 3.1834e-05 3.2252e-05 3.2589e-05 3.2532e-05 3.3057e-05 3.353e-05 3.4005e-05 3.4808e-05 3.5051e-05 3.5294e-05 3.5564e-05 3.5425e-05 3.6221e-05 3.7398e-05 3.5901e-05 3.5516e-05 3.5655e-05 3.7746e-05 3.4859e-05 3.4599e-05 3.5859e-05 3.6642e-05 3.6878e-05 3.72e-05 3.7426e-05 3.7831e-05 3.7742e-05 3.7898e-05 3.7727e-05 3.8215e-05 3.8205e-05 3.4855e-05 3.6893e-05 3.4882e-05 3.6158e-05 3.6845e-05 3.5509e-05 3.5472e-05 3.6092e-05 3.5702e-05 3.5607e-05 3.6516e-05 3.6504e-05 3.6387e-05 3.6638e-05 3.6544e-05 3.672e-05 3.6252e-05 3.6926e-05 3.6772e-05 3.723e-05 3.7226e-05 3.6859e-05 3.7801e-05 3.7971e-05 3.8125e-05 3.8137e-05 3.8099e-05 3.8214e-05 3.7533e-05 3.7861e-05 3.8131e-05 3.8157e-05 3.7872e-05 3.767e-05 3.7579e-05 3.7269e-05 3.7229e-05 3.7307e-05 3.7079e-05 3.712e-05 3.757e-05 3.7237e-05 3.7328e-05 3.7036e-05 3.7289e-05 3.743e-05 3.7373e-05 3.7584e-05 3.7887e-05 3.7727e-05 3.7843e-05 3.8022e-05 3.7997e-05 3.7938e-05 3.7699e-05 3.8184e-05 3.8149e-05 3.8213e-05 3.8148e-05 3.8136e-05 3.7995e-05 3.7348e-05 3.6766e-05 3.6999e-05 3.6947e-05 3.7504e-05 3.7151e-05 3.7582e-05 3.7868e-05 3.7889e-05 3.8131e-05 3.8092e-05 3.8005e-05 3.8059e-05 3.8072e-05 3.8053e-05 3.7977e-05 3.8012e-05 3.7829e-05 3.7811e-05 3.7714e-05 3.737e-05 3.6982e-05 3.7458e-05 3.7398e-05 3.7635e-05 3.7942e-05 3.801e-05 3.7843e-05 3.8124e-05 3.7959e-05 3.819e-05 3.8211e-05 3.8174e-05 3.8212e-05 3.7264e-05 3.8208e-05 3.8002e-05 3.7733e-05 3.6852e-05 3.6467e-05 3.6348e-05 3.5691e-05 3.5869e-05 3.5563e-05 3.5355e-05 3.5339e-05 3.6603e-05 3.6219e-05 3.6916e-05
3.7399e-05 3.6915e-05 3.7009e-05 3.6158e-05 3.5611e-05 3.7376e-05 3.6541e-05 3.7069e-05 3.6518e-05 3.6283e-05 3.7068e-05 3.6853e-05 3.7326e-05 3.7483e-05 3.7461e-05 3.7786e-05 3.7782e-05 3.8054e-05 3.8163e-05 3.8205e-05 3.812e-05 3.7845e-05 3.7546e-05 3.7041e-05 3.6433e-05 3.5638e-05 3.4688e-05 3.3789e-05 3.0977e-05 3.1245e-05 3.1257e-05 3.1192e-05 3.2164e-05 3.2168e-05 3.2233e-05 3.2124e-05 3.2527e-05 3.2312e-05 3.2347e-05 3.2055e-05 3.2179e-05 3.2799e-05 3.4678e-05 3.6551e-05 3.5248e-05 3.4073e-05 3.4748e-05 3.5444e-05 3.5379e-05 3.5871e-05 3.6583e-05 3.4877e-05 3.4991e-05 3.5319e-05 3.604e-05 3.538e-05 3.4343e-05 3.6981e-05 3.5111e-05 3.6564e-05 3.686e-05 3.7036e-05 3.7749e-05 3.7601e-05 3.7965e-05 3.8086e-05 3.6929e-05 3.8184e-05 3.5207e-05 3.7968e-05 3.4917e-05 3.4934e-05 3.5217e-05 3.4656e-05 3.4831e-05 3.5426e-05 3.6481e-05 3.5943e-05 3.5862e-05 3.4856e-05 3.5599e-05 3.6575e-05 3.6257e-05 3.6187e-05 3.6333e-05 3.6254e-05 3.585e-05 3.6795e-05 3.6691e-05 3.669e-05 3.6297e-05 3.7502e-05 3.7512e-05 3.7633e-05 3.7981e-05 3.8166e-05 3.8129e-05 3.8209e-05 3.8057e-05 3.8e-05 3.815e-05 3.8072e-05 3.778e-05 3.7903e-05 3.7872e-05 3.754e-05 3.7256e-05 3.7595e-05 3.8215e-05 3.8139e-05 3.7343e-05 3.7697e-05 3.7463e-05 3.7562e-05 3.7512e-05 3.7378e-05 3.7402e-05 3.749e-05 3.7719e-05 3.7769e-05 3.7782e-05 3.7598e-05 3.7779e-05 3.7629e-05 3.7599e-05 3.7698e-05 3.7917e-05 3.8123e-05 3.8149e-05 3.8148e-05 3.7966e-05 3.7671e-05 3.6798e-05 3.7617e-05 3.7628e-05 3.7068e-05 3.7845e-05 3.8018e-05 3.7578e-05 3.7937e-05 3.8124e-05 3.8142e-05 3.819e-05 3.8122e-05 3.8123e-05 3.8014e-05 3.7959e-05 3.8164e-05 3.8124e-05 3.7891e-05 3.7227e-05 3.7454e-05 3.6998e-05 3.7715e-05 3.8018e-05 3.7912e-05 3.8049e-05 3.8205e-05 3.8051e-05 3.8168e-05 3.8202e-05 3.7284e-05 3.663e-05 3.7623e-05 3.7698e-05 3.6628e-05 3.673e-05 3.7063e-05 3.6566e-05 3.6446e-05 3.6129e-05 3.5802e-05 3.5502e-05 3.4796e-05 3.5068e-05 3.5129e-05 3.649e-05 3.8156e-05 3.6297e-05 3.6634e-05
3.646e-05 3.6586e-05 3.6833e-05 3.6833e-05 3.4972e-05 3.5328e-05 3.6195e-05 3.6029e-05 3.5266e-05 3.5763e-05 3.6029e-05 3.6602e-05 3.6989e-05 3.7058e-05 3.7098e-05 3.6957e-05 3.7151e-05 3.7778e-05 3.8067e-05 3.8204e-05 3.8181e-05 3.799e-05 3.7716e-05 3.7189e-05 3.66e-05 3.6001e-05 3.5234e-05 3.4553e-05 3.1407e-05 3.0468e-05 3.0392e-05 3.0852e-05 3.1874e-05 3.2094e-05 3.2249e-05 3.2455e-05 3.2046e-05 3.2063e-05 3.2468e-05 3.2067e-05 3.5738e-05 3.6063e-05 3.3053e-05 3.7512e-05 3.6853e-05 3.738e-05 3.7367e-05 3.7513e-05 3.7291e-05 3.8215e-05 3.7006e-05 3.5025e-05 3.8046e-05 3.4891e-05 3.7098e-05 3.6425e-05 3.5692e-05 3.7552e-05 3.6371e-05 3.7062e-05 3.7203e-05 3.7239e-05 3.754e-05 3.7702e-05 3.8084e-05 3.5834e-05 3.5503e-05 3.6283e-05 3.8127e-05 3.8192e-05 3.5844e-05 3.501e-05 3.4917e-05 3.4657e-05 3.4792e-05 3.4656e-05 3.4912e-05 3.6248e-05 3.633e-05 3.5867e-05 3.5724e-05 3.6001e-05 3.588e-05 3.6395e-05 3.6219e-05 3.6443e-05 3.6757e-05 3.7001e-05 3.71e-05 3.6914e-05 3.7076e-05 3.6815e-05 3.7518e-05 3.7645e-05 3.7682e-05 3.7591e-05 3.7586e-05 3.814e-05 3.8186e-05 3.8214e-05 3.7788e-05 3.7747e-05 3.7878e-05 3.7911e-05 3.7313e-05 3.7736e-05 3.7856e-05 3.7606e-05 3.7587e-05 3.7625e-05 3.7799e-05 3.7775e-05 3.7891e-05 3.7283e-05 3.7365e-05 3.738e-05 3.7372e-05 3.7828e-05 3.7866e-05 3.772e-05 3.74e-05 3.7219e-05 3.7342e-05 3.7098e-05 3.7519e-05 3.7934e-05 3.7768e-05 3.789e-05 3.8142e-05 3.8145e-05 3.8094e-05 3.803e-05 3.7188e-05 3.7094e-05 3.7512e-05 3.7739e-05 3.7755e-05 3.7841e-05 3.7736e-05 3.8001e-05 3.8146e-05 3.8124e-05 3.821e-05 3.8204e-05 3.8192e-05 3.8204e-05 3.8215e-05 3.8215e-05 3.8214e-05 3.8181e-05 3.7019e-05 3.6867e-05 3.7047e-05 3.7715e-05 3.7311e-05 3.8189e-05 3.7307e-05 3.8044e-05 3.7997e-05 3.8038e-05 3.7274e-05 3.666e-05 3.6866e-05 3.7157e-05 3.6058e-05 3.5516e-05 3.5961e-05 3.5585e-05 3.5528e-05 3.5608e-05 3.5538e-05 3.5565e-05 3.5295e-05 3.4984e-05 3.4796e-05 3.4788e-05 3.5341e-05 3.5791e-05 3.5981e-05 3.6434e-05
3.6292e-05 3.6035e-05 3.5788e-05 3.5894e-05 3.6385e-05 3.4903e-05 3.499e-05 3.5014e-05 3.4854e-05 3.5587e-05 3.6069e-05 3.7066e-05 3.6698e-05 3.6407e-05 3.5987e-05 3.5722e-05 3.5726e-05 3.6509e-05 3.7942e-05 3.7966e-05 3.8205e-05 3.8173e-05 3.7958e-05 3.7506e-05 3.7022e-05 3.6428e-05 3.5805e-05 3.4788e-05 3.348e-05 3.1918e-05 3.0977e-05 3.112e-05 3.188e-05 3.1997e-05 3.2329e-05 3.2578e-05 3.2558e-05 3.3605e-05 3.2842e-05 3.2237e-05 3.2574e-05 3.2882e-05 3.3351e-05 3.8022e-05 3.6299e-05 3.8211e-05 3.6652e-05 3.7507e-05 3.6287e-05 3.5353e-05 3.483e-05 3.8062e-05 3.751e-05 3.7095e-05 3.7928e-05 3.5447e-05 3.5886e-05 3.7219e-05 3.7102e-05 3.6873e-05 3.7451e-05 3.7595e-05 3.7709e-05 3.7748e-05 3.8177e-05 3.7991e-05 3.8205e-05 3.8141e-05 3.8169e-05 3.8215e-05 3.7926e-05 3.6766e-05 3.474e-05 3.7259e-05 3.732e-05 3.4742e-05 3.466e-05 3.4718e-05 3.6833e-05 3.6447e-05 3.4959e-05 3.5454e-05 3.5585e-05 3.5889e-05 3.6057e-05 3.6473e-05 3.6857e-05 3.6822e-05 3.6482e-05 3.6771e-05 3.7016e-05 3.717e-05 3.6949e-05 3.768e-05 3.7669e-05 3.7465e-05 3.7581e-05 3.7637e-05 3.8026e-05 3.7936e-05 3.8189e-05 3.7589e-05 3.7746e-05 3.7886e-05 3.8086e-05 3.7902e-05 3.7817e-05 3.7759e-05 3.7853e-05 3.7712e-05 3.81e-05 3.8135e-05 3.8057e-05 3.7482e-05 3.7315e-05 3.738e-05 3.7135e-05 3.7357e-05 3.7106e-05 3.7645e-05 3.7369e-05 3.7683e-05 3.7445e-05 3.7467e-05 3.7693e-05 3.7515e-05 3.8023e-05 3.7702e-05 3.8089e-05 3.8119e-05 3.8038e-05 3.7642e-05 3.7744e-05 3.7264e-05 3.7716e-05 3.7833e-05 3.8073e-05 3.8002e-05 3.8063e-05 3.8129e-05 3.8077e-05 3.8181e-05 3.816e-05 3.8131e-05 3.8196e-05 3.821e-05 3.7738e-05 3.8036e-05 3.8215e-05 3.8184e-05 3.7896e-05 3.7532e-05 3.812e-05 3.8057e-05 3.8001e-05 3.8212e-05 3.5869e-05 3.7211e-05 3.4683e-05 3.5793e-05 3.6327e-05 3.6928e-05 3.6902e-05 3.5898e-05 3.5891e-05 3.518e-05 3.5159e-05 3.5299e-05 3.5301e-05 3.5152e-05 3.5072e-05 3.5116e-05 3.4857e-05 3.4873e-05 3.4878e-05 3.4818e-05 3.4792e-05 3.5052e-05 3.546e-05 3.5895e-05
3.5854e-05 3.5961e-05 3.5496e-05 3.5419e-05 3.5721e-05 3.468e-05 3.4675e-05 3.4753e-05 3.5234e-05 3.5004e-05 3.6554e-05 3.764e-05 3.5915e-05 3.4893e-05 3.4977e-05 3.4812e-05 3.6761e-05 3.7896e-05 3.6562e-05 3.7358e-05 3.7845e-05 3.821e-05 3.8213e-05 3.7982e-05 3.7467e-05 3.6906e-05 3.6334e-05 3.5301e-05 3.4512e-05 3.3112e-05 3.2163e-05 3.1998e-05 3.1749e-05 3.1724e-05 3.2424e-05 3.2852e-05 3.3194e-05 3.3382e-05 3.3428e-05 3.2987e-05 3.2787e-05 3.3385e-05 3.3803e-05 3.4802e-05 3.5146e-05 3.5207e-05 3.5936e-05 3.598e-05 3.5778e-05 3.5428e-05 3.5126e-05 3.4872e-05 3.5451e-05 3.8089e-05 3.767e-05 3.6068e-05 3.6756e-05 3.7295e-05 3.7612e-05 3.537e-05 3.7443e-05 3.8008e-05 3.7987e-05 3.8143e-05 3.8167e-05 3.8199e-05 3.7396e-05 3.8191e-05 3.813e-05 3.7839e-05 3.752e-05 3.719e-05 3.4952e-05 3.6331e-05 3.6573e-05 3.4924e-05 3.5386e-05 3.5128e-05 3.606e-05 3.5903e-05 3.5549e-05 3.5552e-05 3.4961e-05 3.5443e-05 3.5968e-05 3.625e-05 3.6033e-05 3.6437e-05 3.6482e-05 3.6614e-05 3.6762e-05 3.7034e-05 3.722e-05 3.7307e-05 3.7533e-05 3.76e-05 3.8084e-05 3.7615e-05 3.7628e-05 3.7559e-05 3.8214e-05 3.8053e-05 3.7902e-05 3.8011e-05 3.8154e-05 3.7894e-05 3.7976e-05 3.8085e-05 3.8047e-05 3.8049e-05 3.816e-05 3.8161e-05 3.8025e-05 3.7812e-05 3.7654e-05 3.723e-05 3.6928e-05 3.8024e-05 3.7901e-05 3.7692e-05 3.7614e-05 3.7727e-05 3.7578e-05 3.7916e-05 3.7422e-05 3.7734e-05 3.7529e-05 3.8046e-05 3.8076e-05 3.8173e-05 3.7957e-05 3.8046e-05 3.7982e-05 3.7897e-05 3.8126e-05 3.8108e-05 3.7937e-05 3.8213e-05 3.8188e-05 3.8082e-05 3.8185e-05 3.8203e-05 3.7926e-05 3.7924e-05 3.8187e-05 3.752e-05 3.7786e-05 3.8161e-05 3.8214e-05 3.8148e-05 3.7838e-05 3.7968e-05 3.7898e-05 3.8025e-05 3.8146e-05 3.7997e-05 3.586e-05 3.5847e-05 3.5731e-05 3.651e-05 3.5611e-05 3.5818e-05 3.5896e-05 3.606e-05 3.5664e-05 3.5121e-05 3.5381e-05 3.5864e-05 3.4875e-05 3.4831e-05 3.487e-05 3.4773e-05 3.4739e-05 3.4714e-05 3.4719e-05 3.4714e-05 3.4756e-05 3.4848e-05 3.5267e-05 3.5363e-05
3.5225e-05 3.5354e-05 3.5255e-05 3.4991e-05 3.4889e-05 3.467e-05 3.4666e-05 3.4798e-05 3.4923e-05 3.5851e-05 3.6863e-05 3.7834e-05 3.5669e-05 3.4949e-05 3.4691e-05 3.5421e-05 3.6526e-05 3.5856e-05 3.6102e-05 3.7275e-05 3.7552e-05 3.7914e-05 3.8139e-05 3.8196e-05 3.7919e-05 3.7247e-05 3.6586e-05 3.5784e-05 3.4994e-05 3.4169e-05 3.3061e-05 3.249e-05 3.1332e-05 3.0535e-05 3.2638e-05 3.3077e-05 3.3364e-05 3.3658e-05 3.384e-05 3.3882e-05 3.3935e-05 3.4896e-05 3.5309e-05 3.5669e-05 3.5966e-05 3.6593e-05 3.693e-05 3.7158e-05 3.7413e-05 3.7621e-05 3.7306e-05 3.8123e-05 3.5155e-05 3.6093e-05 3.6237e-05 3.6565e-05 3.7429e-05 3.7728e-05 3.7806e-05 3.809e-05 3.8037e-05 3.8161e-05 3.8176e-05 3.8168e-05 3.8215e-05 3.8212e-05 3.8213e-05 3.7379e-05 3.7218e-05 3.7381e-05 3.5541e-05 3.7047e-05 3.4691e-05 3.4739e-05 3.5677e-05 3.5655e-05 3.5974e-05 3.5867e-05 3.5742e-05 3.5312e-05 3.4752e-05 3.4918e-05 3.5093e-05 3.58e-05 3.5696e-05 3.5782e-05 3.6078e-05 3.6441e-05 3.6669e-05 3.6759e-05 3.6658e-05 3.6431e-05 3.6976e-05 3.7094e-05 3.7455e-05 3.7586e-05 3.8147e-05 3.7648e-05 3.7669e-05 3.7597e-05 3.8212e-05 3.8204e-05 3.8151e-05 3.8054e-05 3.816e-05 3.8126e-05 3.8102e-05 3.8174e-05 3.8188e-05 3.8202e-05 3.8215e-05 3.8215e-05 3.7936e-05 3.7756e-05 3.7732e-05 3.7443e-05 3.7148e-05 3.8035e-05 3.7898e-05 3.7871e-05 3.7894e-05 3.757e-05 3.7646e-05 3.7461e-05 3.778e-05 3.7833e-05 3.7964e-05 3.8054e-05 3.8211e-05 3.821e-05 3.8103e-05 3.7818e-05 3.8089e-05 3.8148e-05 3.813e-05 3.8162e-05 3.8215e-05 3.7511e-05 3.8203e-05 3.8156e-05 3.821e-05 3.8212e-05 3.7826e-05 3.7762e-05 3.7689e-05 3.743e-05 3.761e-05 3.8211e-05 3.8195e-05 3.8157e-05 3.8108e-05 3.8148e-05 3.8122e-05 3.8082e-05 3.7713e-05 3.5921e-05 3.5296e-05 3.5038e-05 3.5359e-05 3.5433e-05 3.4903e-05 3.5107e-05 3.5585e-05 3.564e-05 3.5083e-05 3.529e-05 3.5945e-05 3.5302e-05 3.4908e-05 3.4802e-05 3.4776e-05 3.4753e-05 3.4746e-05 3.4708e-05 3.4699e-05 3.4708e-05 3.4805e-05 3.4793e-05 3.4956e-05 3.5139e-05
3.5083e-05 3.5311e-05 3.4994e-05 3.4735e-05 3.4807e-05 3.4721e-05 3.4665e-05 3.4658e-05 3.4875e-05 3.5498e-05 3.6645e-05 3.6595e-05 3.5124e-05 3.4692e-05 3.4685e-05 3.4913e-05 3.5228e-05 3.5523e-05 3.7343e-05 3.6466e-05 3.7204e-05 3.7206e-05 3.811e-05 3.8123e-05 3.7777e-05 3.7642e-05 3.7009e-05 3.6016e-05 3.5101e-05 3.4778e-05 3.4296e-05 3.3696e-05 3.1628e-05 3.0392e-05 3.0619e-05 3.3395e-05 3.3561e-05 3.3704e-05 3.4062e-05 3.4443e-05 3.4916e-05 3.5296e-05 3.5577e-05 3.5951e-05 3.6406e-05 3.6957e-05 3.7292e-05 3.7625e-05 3.8031e-05 3.8207e-05 3.7178e-05 3.602e-05 3.5808e-05 3.6261e-05 3.6614e-05 3.7253e-05 3.7674e-05 3.7999e-05 3.8041e-05 3.8211e-05 3.8146e-05 3.8206e-05 3.7977e-05 3.8206e-05 3.8215e-05 3.8196e-05 3.8215e-05 3.6332e-05 3.7931e-05 3.7523e-05 3.677e-05 3.4655e-05 3.5414e-05 3.5298e-05 3.6367e-05 3.597e-05 3.5914e-05 3.574e-05 3.6296e-05 3.4701e-05 3.6261e-05 3.4733e-05 3.5419e-05 3.5933e-05 3.542e-05 3.5536e-05 3.601e-05 3.6488e-05 3.6279e-05 3.6684e-05 3.674e-05 3.6538e-05 3.6887e-05 3.6914e-05 3.7032e-05 3.7492e-05 3.7625e-05 3.8032e-05 3.8002e-05 3.8137e-05 3.8154e-05 3.8123e-05 3.8208e-05 3.8095e-05 3.8181e-05 3.8093e-05 3.8123e-05 3.8201e-05 3.8215e-05 3.8213e-05 3.8213e-05 3.8071e-05 3.815e-05 3.8069e-05 3.779e-05 3.7635e-05 3.79e-05 3.7892e-05 3.7657e-05 3.798e-05 3.7843e-05 3.7722e-05 3.7795e-05 3.7822e-05 3.7816e-05 3.7901e-05 3.8025e-05 3.8154e-05 3.8176e-05 3.8214e-05 3.8069e-05 3.8177e-05 3.7803e-05 3.7844e-05 3.7683e-05 3.7817e-05 3.8088e-05 3.8123e-05 3.7954e-05 3.8164e-05 3.7787e-05 3.7697e-05 3.7227e-05 3.727e-05 3.7112e-05 3.7682e-05 3.8181e-05 3.8199e-05 3.818e-05 3.8209e-05 3.8196e-05 3.7913e-05 3.6603e-05 3.6182e-05 3.6052e-05 3.5842e-05 3.5257e-05 3.5004e-05 3.5124e-05 3.492e-05 3.5084e-05 3.5083e-05 3.5267e-05 3.4974e-05 3.5027e-05 3.5234e-05 3.5557e-05 3.4979e-05 3.4857e-05 3.4813e-05 3.4769e-05 3.4738e-05 3.4737e-05 3.4718e-05 3.471e-05 3.471e-05 3.4702e-05 3.474e-05 3.479e-05 3.4888e-05
3.4696e-05 3.4746e-05 3.4718e-05 3.4676e-05 3.4656e-05 3.4656e-05 3.4655e-05 3.4665e-05 3.4701e-05 3.5474e-05 3.5819e-05 3.567e-05 3.4673e-05 3.4655e-05 3.4656e-05 3.4715e-05 3.4832e-05 3.6377e-05 3.6656e-05 3.5885e-05 3.6334e-05 3.7722e-05 3.8201e-05 3.8023e-05 3.7506e-05 3.8068e-05 3.7503e-05 3.5372e-05 3.5135e-05 3.5254e-05 3.5095e-05 3.5253e-05 3.4701e-05 3.1414e-05 3.2702e-05 3.3719e-05 3.3461e-05 3.3587e-05 3.4144e-05 3.4674e-05 3.5158e-05 3.5431e-05 3.5658e-05 3.5635e-05 3.6856e-05 3.7311e-05 3.7759e-05 3.7996e-05 3.8163e-05 3.8038e-05 3.8002e-05 3.7704e-05 3.7136e-05 3.7372e-05 3.7718e-05 3.7978e-05 3.8107e-05 3.8157e-05 3.8183e-05 3.8208e-05 3.8214e-05 3.8208e-05 3.813e-05 3.7907e-05 3.7718e-05 3.8128e-05 3.8027e-05 3.7448e-05 3.7331e-05 3.6803e-05 3.6533e-05 3.6125e-05 3.4819e-05 3.4955e-05 3.4666e-05 3.4743e-05 3.4678e-05 3.4801e-05 3.5007e-05 3.5012e-05 3.5784e-05 3.6041e-05 3.5378e-05 3.5709e-05 3.5921e-05 3.5376e-05 3.6146e-05 3.6648e-05 3.6431e-05 3.6471e-05 3.6265e-05 3.6518e-05 3.6652e-05 3.6883e-05 3.7085e-05 3.7437e-05 3.7497e-05 3.7841e-05 3.7662e-05 3.7898e-05 3.7903e-05 3.7902e-05 3.7917e-05 3.8111e-05 3.8108e-05 3.8179e-05 3.8214e-05 3.8047e-05 3.7635e-05 3.8209e-05 3.8214e-05 3.8178e-05 3.7989e-05 3.7965e-05 3.7865e-05 3.8122e-05 3.8014e-05 3.8011e-05 3.7794e-05 3.8003e-05 3.789e-05 3.7783e-05 3.7764e-05 3.787e-05 3.7885e-05 3.7944e-05 3.8092e-05 3.816e-05 3.8215e-05 3.8208e-05 3.7393e-05 3.6547e-05 3.5928e-05 3.5627e-05 3.4979e-05 3.574e-05 3.7561e-05 3.7734e-05 3.7934e-05 3.755e-05 3.7485e-05 3.7124e-05 3.6883e-05 3.7162e-05 3.7285e-05 3.7948e-05 3.8004e-05 3.812e-05 3.8181e-05 3.8209e-05 3.7652e-05 3.5886e-05 3.6087e-05 3.6431e-05 3.6251e-05 3.5326e-05 3.5119e-05 3.4969e-05 3.4925e-05 3.4845e-05 3.5153e-05 3.4859e-05 3.4953e-05 3.4884e-05 3.4922e-05 3.5128e-05 3.5036e-05 3.4886e-05 3.4844e-05 3.4818e-05 3.4805e-05 3.4754e-05 3.4735e-05 3.4729e-05 3.4731e-05 3.4714e-05 3.4704e-05 3.4695e-05 3.4687e-05 3.4682e-05
3.4702e-05 3.4667e-05 3.4671e-05 3.4665e-05 3.4659e-05 3.4662e-05 3.4655e-05 3.4655e-05 3.4668e-05 3.4881e-05 3.5091e-05 3.5231e-05 3.4655e-05 3.4673e-05 3.4673e-05 3.4655e-05 3.5231e-05 3.6766e-05 3.5318e-05 3.5583e-05 3.6707e-05 3.8134e-05 3.8156e-05 3.7923e-05 3.8098e-05 3.8148e-05 3.8028e-05 3.6925e-05 3.5268e-05 3.5154e-05 3.5407e-05 3.59e-05 3.6203e-05 3.5831e-05 3.4805e-05 3.4097e-05 3.3273e-05 3.3081e-05 3.4299e-05 3.4992e-05 3.5465e-05 3.5722e-05 3.5854e-05 3.5571e-05 3.7078e-05 3.7807e-05 3.8064e-05 3.8181e-05 3.8196e-05 3.7706e-05 3.7318e-05 3.8042e-05 3.8028e-05 3.8171e-05 3.8213e-05 3.8198e-05 3.821e-05 3.8202e-05 3.8188e-05 3.8113e-05 3.7823e-05 3.8179e-05 3.8196e-05 3.8215e-05 3.815e-05 3.7744e-05 3.7385e-05 3.7187e-05 3.708e-05 3.6389e-05 3.5574e-05 3.4679e-05 3.5524e-05 3.4736e-05 3.4897e-05 3.4672e-05 3.4837e-05 3.5565e-05 3.5817e-05 3.5742e-05 3.611e-05 3.563e-05 3.5954e-05 3.574e-05 3.53e-05 3.5796e-05 3.5903e-05 3.6513e-05 3.6352e-05 3.6506e-05 3.6616e-05 3.6574e-05 3.7088e-05 3.7175e-05 3.7244e-05 3.729e-05 3.7358e-05 3.7331e-05 3.7556e-05 3.7864e-05 3.7858e-05 3.7893e-05 3.7986e-05 3.7915e-05 3.8002e-05 3.8032e-05 3.7979e-05 3.8067e-05 3.7995e-05 3.8172e-05 3.8209e-05 3.7827e-05 3.7964e-05 3.7888e-05 3.8028e-05 3.7919e-05 3.7941e-05 3.8035e-05 3.7989e-05 3.7982e-05 3.7894e-05 3.7806e-05 3.7726e-05 3.7773e-05 3.8133e-05 3.7997e-05 3.8084e-05 3.8195e-05 3.8194e-05 3.7887e-05 3.6585e-05 3.4816e-05 3.4934e-05 3.4938e-05 3.4898e-05 3.4751e-05 3.4697e-05 3.6228e-05 3.677e-05 3.6926e-05 3.702e-05 3.6508e-05 3.6788e-05 3.727e-05 3.719e-05 3.7829e-05 3.8015e-05 3.7977e-05 3.8215e-05 3.8204e-05 3.5945e-05 3.6125e-05 3.5805e-05 3.5723e-05 3.5504e-05 3.5417e-05 3.5047e-05 3.4936e-05 3.4861e-05 3.4849e-05 3.4888e-05 3.4929e-05 3.4871e-05 3.4877e-05 3.4873e-05 3.488e-05 3.488e-05 3.4896e-05 3.4844e-05 3.4838e-05 3.4838e-05 3.4791e-05 3.4763e-05 3.4749e-05 3.4739e-05 3.4717e-05 3.4701e-05 3.4694e-05 3.4685e-05 3.4673e-05
3.468e-05 3.4663e-05 3.4656e-05 3.4655e-05 3.4659e-05 3.4663e-05 3.4661e-05 3.4659e-05 3.4655e-05 3.4708e-05 3.4909e-05 3.4688e-05 3.4677e-05 3.4706e-05 3.4716e-05 3.4657e-05 3.5445e-05 3.4866e-05 3.4954e-05 3.5517e-05 3.7295e-05 3.8057e-05 3.7969e-05 3.8156e-05 3.8207e-05 3.8214e-05 3.8159e-05 3.7617e-05 3.4802e-05 3.4992e-05 3.5406e-05 3.635e-05 3.6663e-05 3.6385e-05 3.5656e-05 3.4606e-05 3.2335e-05 3.2319e-05 3.4852e-05 3.5412e-05 3.575e-05 3.596e-05 3.6103e-05 3.6409e-05 3.7606e-05 3.7924e-05 3.8114e-05 3.8214e-05 3.8139e-05 3.7806e-05 3.726e-05 3.7146e-05 3.821e-05 3.8214e-05 3.8214e-05 3.821e-05 3.8169e-05 3.8087e-05 3.7973e-05 3.7852e-05 3.7771e-05 3.8008e-05 3.8215e-05 3.802e-05 3.7534e-05 3.7303e-05 3.6889e-05 3.6685e-05 3.654e-05 3.6036e-05 3.5344e-05 3.4698e-05 3.5022e-05 3.4692e-05 3.4886e-05 3.5403e-05 3.5545e-05 3.572e-05 3.4909e-05 3.4813e-05 3.5002e-05 3.5739e-05 3.5612e-05 3.5478e-05 3.5775e-05 3.6215e-05 3.6192e-05 3.6541e-05 3.6321e-05 3.6695e-05 3.6525e-05 3.6674e-05 3.6753e-05 3.6534e-05 3.7268e-05 3.7413e-05 3.7557e-05 3.727e-05 3.7691e-05 3.7995e-05 3.7995e-05 3.7941e-05 3.7835e-05 3.7971e-05 3.8031e-05 3.7824e-05 3.8175e-05 3.754e-05 3.7989e-05 3.7914e-05 3.8195e-05 3.8165e-05 3.8107e-05 3.7803e-05 3.7882e-05 3.7957e-05 3.789e-05 3.7989e-05 3.7994e-05 3.8015e-05 3.7868e-05 3.7916e-05 3.7747e-05 3.8109e-05 3.8215e-05 3.7939e-05 3.8091e-05 3.8211e-05 3.7884e-05 3.6144e-05 3.4764e-05 3.5038e-05 3.4987e-05 3.4967e-05 3.4961e-05 3.4888e-05 3.4855e-05 3.4656e-05 3.6098e-05 3.618e-05 3.603e-05 3.6376e-05 3.6999e-05 3.6868e-05 3.7818e-05 3.81e-05 3.8021e-05 3.7622e-05 3.7949e-05 3.7975e-05 3.6197e-05 3.5582e-05 3.5445e-05 3.5256e-05 3.5108e-05 3.5196e-05 3.4903e-05 3.4846e-05 3.49e-05 3.484e-05 3.4817e-05 3.4904e-05 3.4877e-05 3.4889e-05 3.4856e-05 3.486e-05 3.4888e-05 3.4891e-05 3.4901e-05 3.4894e-05 3.4874e-05 3.4935e-05 3.4801e-05 3.4762e-05 3.4778e-05 3.4716e-05 3.4692e-05 3.4682e-05 3.4677e-05 3.4668e-05
3.4661e-05 3.4655e-05 3.4683e-05 3.4666e-05 3.4664e-05 3.4662e-05 3.4664e-05 3.4659e-05 3.4677e-05 3.4674e-05 3.4794e-05 3.4663e-05 3.4723e-05 3.4747e-05 3.4731e-05 3.4677e-05 3.4846e-05 3.4679e-05 3.5009e-05 3.6281e-05 3.6602e-05 3.7135e-05 3.7348e-05 3.7645e-05 3.792e-05 3.8153e-05 3.8214e-05 3.7733e-05 3.5457e-05 3.5343e-05 3.6026e-05 3.6973e-05 3.6959e-05 3.7187e-05 3.6697e-05 3.5136e-05 3.1787e-05 3.0646e-05 3.406e-05 3.5757e-05 3.5946e-05 3.6209e-05 3.6474e-05 3.6898e-05 3.7535e-05 3.7932e-05 3.8145e-05 3.8213e-05 3.8123e-05 3.7755e-05 3.724e-05 3.7106e-05 3.7448e-05 3.8144e-05 3.8173e-05 3.8169e-05 3.8102e-05 3.7977e-05 3.7848e-05 3.7636e-05 3.739e-05 3.7567e-05 3.7794e-05 3.7688e-05 3.7473e-05 3.6765e-05 3.5996e-05 3.5901e-05 3.5759e-05 3.5096e-05 3.469e-05 3.4724e-05 3.4678e-05 3.4971e-05 3.4986e-05 3.5042e-05 3.4944e-05 3.509e-05 3.479e-05 3.5521e-05 3.5511e-05 3.5656e-05 3.5781e-05 3.5602e-05 3.546e-05 3.5814e-05 3.6006e-05 3.5705e-05 3.6017e-05 3.5977e-05 3.6437e-05 3.6596e-05 3.6868e-05 3.6717e-05 3.7031e-05 3.6485e-05 3.7267e-05 3.7534e-05 3.763e-05 3.7504e-05 3.7531e-05 3.8081e-05 3.819e-05 3.8207e-05 3.79e-05 3.7721e-05 3.7621e-05 3.8103e-05 3.8147e-05 3.8202e-05 3.8212e-05 3.8209e-05 3.8207e-05 3.8213e-05 3.8169e-05 3.8043e-05 3.7954e-05 3.7982e-05 3.7983e-05 3.7791e-05 3.7932e-05 3.7882e-05 3.7654e-05 3.8169e-05 3.8015e-05 3.794e-05 3.8152e-05 3.819e-05 3.7428e-05 3.4921e-05 3.487e-05 3.5076e-05 3.5085e-05 3.5058e-05 3.4997e-05 3.4951e-05 3.4902e-05 3.4772e-05 3.4676e-05 3.5116e-05 3.5564e-05 3.5582e-05 3.7022e-05 3.7472e-05 3.7506e-05 3.7646e-05 3.6977e-05 3.6538e-05 3.6849e-05 3.6814e-05 3.5781e-05 3.524e-05 3.498e-05 3.5254e-05 3.4919e-05 3.4811e-05 3.4887e-05 3.4903e-05 3.4989e-05 3.4966e-05 3.4688e-05 3.5068e-05 3.5121e-05 3.5028e-05 3.4917e-05 3.4872e-05 3.4992e-05 3.4944e-05 3.5059e-05 3.5021e-05 3.5014e-05 3.4825e-05 3.481e-05 3.4758e-05 3.4801e-05 3.4719e-05 3.4693e-05 3.4677e-05 3.4669e-05 3.467e-05
3.4655e-05 3.4656e-05 3.4656e-05 3.4656e-05 3.4678e-05 3.4679e-05 3.4695e-05 3.4685e-05 3.4738e-05 3.4703e-05 3.4667e-05 3.4775e-05 3.4798e-05 3.478e-05 3.4752e-05 3.4723e-05 3.4667e-05 3.4663e-05 3.5023e-05 3.5841e-05 3.6249e-05 3.6568e-05 3.7142e-05 3.7605e-05 3.7962e-05 3.8138e-05 3.82e-05 3.7708e-05 3.6964e-05 3.7278e-05 3.7217e-05 3.7209e-05 3.7237e-05 3.7254e-05 3.7364e-05 3.7242e-05 3.2378e-05 3.1512e-05 3.0433e-05 3.5737e-05 3.6131e-05 3.6412e-05 3.6734e-05 3.7129e-05 3.7537e-05 3.7969e-05 3.8193e-05 3.8201e-05 3.8021e-05 3.7764e-05 3.735e-05 3.7047e-05 3.7123e-05 3.8007e-05 3.8089e-05 3.8098e-05 3.8001e-05 3.7837e-05 3.7724e-05 3.7521e-05 3.7304e-05 3.77e-05 3.7824e-05 3.7162e-05 3.6671e-05 3.6172e-05 3.539e-05 3.5055e-05 3.484e-05 3.4982e-05 3.4964e-05 3.4798e-05 3.5032e-05 3.5008e-05 3.4681e-05 3.5097e-05 3.4721e-05 3.5307e-05 3.5538e-05 3.5204e-05 3.5593e-05 3.5728e-05 3.5967e-05 3.6103e-05 3.5801e-05 3.5693e-05 3.5451e-05 3.5702e-05 3.5827e-05 3.5969e-05 3.6405e-05 3.6532e-05 3.6492e-05 3.6501e-05 3.625e-05 3.7033e-05 3.6588e-05 3.7536e-05 3.7415e-05 3.7307e-05 3.7517e-05 3.758e-05 3.7942e-05 3.8199e-05 3.7741e-05 3.7847e-05 3.6518e-05 3.7866e-05 3.7318e-05 3.8212e-05 3.8151e-05 3.8172e-05 3.819e-05 3.811e-05 3.8212e-05 3.8114e-05 3.7951e-05 3.8098e-05 3.8181e-05 3.7906e-05 3.8027e-05 3.7966e-05 3.7816e-05 3.7722e-05 3.7862e-05 3.8125e-05 3.8215e-05 3.8016e-05 3.6572e-05 3.4705e-05 3.5073e-05 3.512e-05 3.5158e-05 3.5065e-05 3.4963e-05 3.4955e-05 3.4867e-05 3.4815e-05 3.466e-05 3.489e-05 3.5171e-05 3.6884e-05 3.6417e-05 3.6751e-05 3.7172e-05 3.6317e-05 3.5732e-05 3.5451e-05 3.5458e-05 3.5358e-05 3.5106e-05 3.4882e-05 3.4734e-05 3.4716e-05 3.4812e-05 3.4755e-05 3.4821e-05 3.4823e-05 3.5036e-05 3.5176e-05 3.5387e-05 3.565e-05 3.5561e-05 3.5471e-05 3.5322e-05 3.5221e-05 3.5192e-05 3.5198e-05 3.5153e-05 3.4831e-05 3.5827e-05 3.4981e-05 3.4838e-05 3.4832e-05 3.4829e-05 3.4694e-05 3.4681e-05 3.4687e-05 3.4966e-05 3.4672e-05
3.4668e-05 3.4656e-05 3.4766e-05 3.4774e-05 3.4676e-05 3.467e-05 3.4707e-05 3.4736e-05 3.4756e-05 3.4781e-05 3.482e-05 3.4863e-05 3.4857e-05 3.484e-05 3.4816e-05 3.4735e-05 3.4679e-05 3.468e-05 3.5944e-05 3.5791e-05 3.6087e-05 3.6814e-05 3.725e-05 3.755e-05 3.7996e-05 3.8188e-05 3.8205e-05 3.8063e-05 3.7489e-05 3.749e-05 3.7377e-05 3.7367e-05 3.7368e-05 3.7466e-05 3.7641e-05 3.7772e-05 3.7128e-05 3.0388e-05 3.0652e-05 3.4716e-05 3.5897e-05 3.6666e-05 3.7065e-05 3.7334e-05 3.4044e-05 3.8117e-05 3.8215e-05 3.8159e-05 3.7958e-05 3.7763e-05 3.7271e-05 3.7083e-05 3.7032e-05 3.7926e-05 3.8001e-05 3.7944e-05 3.7815e-05 3.7668e-05 3.7555e-05 3.7407e-05 3.7339e-05 3.7217e-05 3.6879e-05 3.7181e-05 3.6289e-05 3.5205e-05 3.4897e-05 3.473e-05 3.4683e-05 3.4822e-05 3.4909e-05 3.4805e-05 3.4695e-05 3.475e-05 3.4908e-05 3.4694e-05 3.4803e-05 3.4938e-05 3.5562e-05 3.6061e-05 3.6086e-05 3.57e-05 3.5939e-05 3.5786e-05 3.5818e-05 3.5827e-05 3.486e-05 3.5781e-05 3.4788e-05 3.6017e-05 3.6485e-05 3.6386e-05 3.6377e-05 3.5994e-05 3.6123e-05 3.7093e-05 3.7065e-05 3.6946e-05 3.6764e-05 3.6709e-05 3.6839e-05 3.7684e-05 3.7865e-05 3.7766e-05 3.762e-05 3.7417e-05 3.7621e-05 3.7231e-05 3.6458e-05 3.7941e-05 3.7986e-05 3.767e-05 3.8082e-05 3.8134e-05 3.819e-05 3.8215e-05 3.8175e-05 3.8204e-05 3.8215e-05 3.8213e-05 3.8195e-05 3.8048e-05 3.7995e-05 3.8015e-05 3.8071e-05 3.817e-05 3.8192e-05 3.7652e-05 3.5924e-05 3.4672e-05 3.5079e-05 3.5102e-05 3.5078e-05 3.5023e-05 3.4953e-05 3.4937e-05 3.4893e-05 3.4837e-05 3.4694e-05 3.4745e-05 3.4938e-05 3.5807e-05 3.5646e-05 3.5507e-05 3.5533e-05 3.5363e-05 3.54e-05 3.489e-05 3.5046e-05 3.4799e-05 3.4737e-05 3.4697e-05 3.4656e-05 3.4659e-05 3.4664e-05 3.4671e-05 3.4694e-05 3.4849e-05 3.5237e-05 3.5884e-05 3.6621e-05 3.6971e-05 3.6487e-05 3.6442e-05 3.6027e-05 3.5749e-05 3.5635e-05 3.5356e-05 3.541e-05 3.5348e-05 3.5285e-05 3.5578e-05 3.4848e-05 3.4865e-05 3.4787e-05 3.477e-05 3.4691e-05 3.4708e-05 3.5613e-05 3.4871e-05
3.4662e-05 3.466e-05 3.4662e-05 3.472e-05 3.4701e-05 3.4673e-05 3.4742e-05 3.4813e-05 3.4829e-05 3.4865e-05 3.491e-05 3.4984e-05 3.4968e-05 3.4941e-05 3.4933e-05 3.4799e-05 3.467e-05 3.4947e-05 3.5682e-05 3.5727e-05 3.7126e-05 3.6916e-05 3.1918e-05 3.1427e-05 3.3753e-05 3.8213e-05 3.8173e-05 3.8133e-05 3.8004e-05 3.7646e-05 3.7573e-05 3.7472e-05 3.7495e-05 3.7568e-05 3.7654e-05 3.7743e-05 3.7758e-05 3.654e-05 3.4203e-05 3.4642e-05 3.615e-05 3.6877e-05 3.7317e-05 3.756e-05 3.7925e-05 3.8207e-05 3.8205e-05 3.8101e-05 3.7944e-05 3.7777e-05 3.738e-05 3.7087e-05 3.6932e-05 3.7832e-05 3.7833e-05 3.7848e-05 3.7726e-05 3.753e-05 3.7391e-05 3.7355e-05 3.723e-05 3.7234e-05 3.7327e-05 3.6661e-05 3.5128e-05 3.4808e-05 3.4695e-05 3.4658e-05 3.4655e-05 3.4787e-05 3.4975e-05 3.4855e-05 3.4678e-05 3.4665e-05 3.4708e-05 3.4688e-05 3.4754e-05 3.492e-05 3.5118e-05 3.5256e-05 3.5074e-05 3.5656e-05 3.6687e-05 3.4657e-05 3.5609e-05 3.5778e-05 3.5666e-05 3.5826e-05 3.5797e-05 3.578e-05 3.4948e-05 3.5643e-05 3.6203e-05 3.6389e-05 3.6357e-05 3.6719e-05 3.6631e-05 3.6504e-05 3.6383e-05 3.6157e-05 3.6479e-05 3.6553e-05 3.7429e-05 3.7545e-05 3.7404e-05 3.7357e-05 3.7577e-05 3.6321e-05 3.6896e-05 3.8114e-05 3.7909e-05 3.7858e-05 3.7768e-05 3.7746e-05 3.8151e-05 3.8179e-05 3.8215e-05 3.8201e-05 3.8213e-05 3.8214e-05 3.8177e-05 3.8204e-05 3.8153e-05 3.8175e-05 3.8212e-05 3.8214e-05 3.8091e-05 3.7081e-05 3.5226e-05 3.5021e-05 3.505e-05 3.4978e-05 3.5069e-05 3.5e-05 3.4944e-05 3.4917e-05 3.4865e-05 3.4834e-05 3.4713e-05 3.4677e-05 3.4805e-05 3.4908e-05 3.5072e-05 3.5125e-05 3.5172e-05 3.5111e-05 3.499e-05 3.4856e-05 3.4691e-05 3.4669e-05 3.4655e-05 3.4664e-05 3.4666e-05 3.4686e-05 3.4693e-05 3.468e-05 3.4669e-05 3.4894e-05 3.5636e-05 3.6547e-05 3.721e-05 3.7548e-05 3.784e-05 3.7559e-05 3.7246e-05 3.6372e-05 3.5975e-05 3.571e-05 3.5678e-05 3.5523e-05 3.5424e-05 3.5359e-05 3.5089e-05 3.4892e-05 3.4854e-05 3.4796e-05 3.4751e-05 3.4666e-05 3.5025e-05 3.4866e-05
3.4656e-05 3.4679e-05 3.469e-05 3.4739e-05 3.4674e-05 3.4734e-05 3.4754e-05 3.4802e-05 3.4899e-05 3.4928e-05 3.4988e-05 3.5049e-05 3.5072e-05 3.5058e-05 3.5096e-05 3.466e-05 3.4774e-05 3.4842e-05 3.5317e-05 3.5292e-05 3.7821e-05 3.1187e-05 3.1128e-05 3.2977e-05 3.0388e-05 3.6663e-05 3.8154e-05 3.8141e-05 3.8208e-05 3.8019e-05 3.7814e-05 3.7593e-05 3.7536e-05 3.7598e-05 3.7672e-05 3.7759e-05 3.7774e-05 3.7592e-05 3.6459e-05 3.6315e-05 3.6854e-05 3.7105e-05 3.7391e-05 3.7644e-05 3.7974e-05 3.8211e-05 3.8173e-05 3.8033e-05 3.7868e-05 3.7681e-05 3.7498e-05 3.6935e-05 3.7043e-05 3.8003e-05 3.7968e-05 3.7628e-05 3.7606e-05 3.7459e-05 3.738e-05 3.7284e-05 3.716e-05 3.694e-05 3.6507e-05 3.5427e-05 3.5007e-05 3.4681e-05 3.4656e-05 3.4702e-05 3.4826e-05 3.4867e-05 3.4757e-05 3.4876e-05 3.4812e-05 3.4705e-05 3.4748e-05 3.4655e-05 3.4791e-05 3.4751e-05 3.4839e-05 3.5275e-05 3.5523e-05 3.6134e-05 3.5438e-05 3.4871e-05 3.5823e-05 3.5695e-05 3.565e-05 3.4721e-05 3.5693e-05 3.5343e-05 3.568e-05 3.5776e-05 3.6279e-05 3.6424e-05 3.6187e-05 3.597e-05 3.6156e-05 3.6122e-05 3.614e-05 3.5847e-05 3.5897e-05 3.6199e-05 3.6913e-05 3.7112e-05 3.6585e-05 3.667e-05 3.6663e-05 3.6755e-05 3.772e-05 3.7973e-05 3.7784e-05 3.7741e-05 3.7912e-05 3.8045e-05 3.8088e-05 3.8138e-05 3.821e-05 3.8064e-05 3.82e-05 3.8215e-05 3.8215e-05 3.8215e-05 3.8213e-05 3.8215e-05 3.821e-05 3.8167e-05 3.745e-05 3.6797e-05 3.5062e-05 3.4875e-05 3.5001e-05 3.5024e-05 3.4992e-05 3.4948e-05 3.4928e-05 3.4928e-05 3.488e-05 3.4785e-05 3.4719e-05 3.4662e-05 3.4672e-05 3.4658e-05 3.4702e-05 3.4702e-05 3.4713e-05 3.4662e-05 3.4657e-05 3.4656e-05 3.4669e-05 3.4692e-05 3.4719e-05 3.4718e-05 3.4725e-05 3.4771e-05 3.4748e-05 3.4741e-05 3.4665e-05 3.4918e-05 3.5625e-05 3.7024e-05 3.769e-05 3.8076e-05 3.8197e-05 3.8195e-05 3.8004e-05 3.687e-05 3.6238e-05 3.6088e-05 3.6098e-05 3.5844e-05 3.5568e-05 3.5286e-05 3.5057e-05 3.4912e-05 3.4939e-05 3.4796e-05 3.4658e-05 3.4661e-05 3.4687e-05 3.466e-05
3.4656e-05 3.4689e-05 3.4739e-05 3.4764e-05 3.4792e-05 3.4743e-05 3.4762e-05 3.4842e-05 3.4945e-05 3.4998e-05 3.5061e-05 3.5138e-05 3.5164e-05 3.5172e-05 3.5203e-05 3.4688e-05 3.4734e-05 3.5021e-05 3.6222e-05 3.5652e-05 3.738e-05 3.1261e-05 3.1052e-05 3.2188e-05 3.0423e-05 3.6521e-05 3.8215e-05 3.8206e-05 3.8196e-05 3.8215e-05 3.8046e-05 3.7711e-05 3.7477e-05 3.7416e-05 3.7439e-05 3.7685e-05 3.7809e-05 3.7788e-05 3.7371e-05 3.7202e-05 3.7291e-05 3.7359e-05 3.7449e-05 3.763e-05 3.7879e-05 3.817e-05 3.8139e-05 3.798e-05 3.7759e-05 3.7658e-05 3.7496e-05 3.6854e-05 3.7323e-05 3.7167e-05 3.8012e-05 3.7818e-05 3.7592e-05 3.7485e-05 3.7311e-05 3.7275e-05 3.694e-05 3.6923e-05 3.6039e-05 3.5014e-05 3.4699e-05 3.466e-05 3.4784e-05 3.4843e-05 3.4995e-05 3.5001e-05 3.5099e-05 3.4996e-05 3.496e-05 3.4875e-05 3.4815e-05 3.4655e-05 3.4672e-05 3.4664e-05 3.4704e-05 3.5086e-05 3.5394e-05 3.5655e-05 3.545e-05 3.5362e-05 3.4691e-05 3.5935e-05 3.5743e-05 3.6129e-05 3.5733e-05 3.561e-05 3.5574e-05 3.556e-05 3.5072e-05 3.5906e-05 3.5976e-05 3.579e-05 3.5931e-05 3.5931e-05 3.5971e-05 3.5861e-05 3.5818e-05 3.6461e-05 3.4826e-05 3.648e-05 3.6127e-05 3.7038e-05 3.7388e-05 3.6798e-05 3.7425e-05 3.7547e-05 3.7745e-05 3.7882e-05 3.8067e-05 3.81e-05 3.8085e-05 3.788e-05 3.8214e-05 3.8193e-05 3.8211e-05 3.8169e-05 3.8085e-05 3.7924e-05 3.8214e-05 3.8209e-05 3.8193e-05 3.8108e-05 3.7609e-05 3.78e-05 3.5833e-05 3.4719e-05 3.475e-05 3.496e-05 3.4913e-05 3.4906e-05 3.489e-05 3.485e-05 3.4844e-05 3.4817e-05 3.4762e-05 3.4724e-05 3.4716e-05 3.4713e-05 3.4768e-05 3.4718e-05 3.4729e-05 3.4718e-05 3.4774e-05 3.4784e-05 3.4795e-05 3.4842e-05 3.4883e-05 3.4846e-05 3.4933e-05 3.4897e-05 3.4884e-05 3.4783e-05 3.4688e-05 3.4916e-05 3.6146e-05 3.7443e-05 3.8154e-05 3.8203e-05 3.817e-05 3.8215e-05 3.8213e-05 3.791e-05 3.6886e-05 3.6534e-05 3.6295e-05 3.6031e-05 3.5679e-05 3.5322e-05 3.5061e-05 3.4904e-05 3.4855e-05 3.4696e-05 3.4943e-05 3.4656e-05 3.4655e-05 3.4665e-05
3.4799e-05 3.4741e-05 3.4729e-05 3.4843e-05 3.4921e-05 3.4914e-05 3.4894e-05 3.4965e-05 3.5074e-05 3.5104e-05 3.5187e-05 3.5215e-05 3.5253e-05 3.5264e-05 3.5262e-05 3.4686e-05 3.4739e-05 3.575e-05 3.6167e-05 3.5428e-05 3.608e-05 3.3071e-05 3.1038e-05 3.0579e-05 3.1753e-05 3.8094e-05 3.8059e-05 3.8061e-05 3.8119e-05 3.8207e-05 3.8159e-05 3.7866e-05 3.7461e-05 3.7223e-05 3.7036e-05 3.6936e-05 3.7764e-05 3.7782e-05 3.7639e-05 3.7507e-05 3.7468e-05 3.7486e-05 3.7538e-05 3.7659e-05 3.7871e-05 3.8159e-05 3.8042e-05 3.7995e-05 3.7869e-05 3.7691e-05 3.7678e-05 3.7214e-05 3.6777e-05 3.6455e-05 3.7895e-05 3.7816e-05 3.7751e-05 3.7559e-05 3.7478e-05 3.718e-05 3.6949e-05 3.6822e-05 3.5516e-05 3.4951e-05 3.4676e-05 3.487e-05 3.4936e-05 3.4987e-05 3.5083e-05 3.5109e-05 3.5113e-05 3.5079e-05 3.4945e-05 3.4963e-05 3.4879e-05 3.4693e-05 3.4668e-05 3.4676e-05 3.471e-05 3.507e-05 3.5141e-05 3.4844e-05 3.517e-05 3.5389e-05 3.595e-05 3.5485e-05 3.5152e-05 3.5692e-05 3.5596e-05 3.5442e-05 3.5622e-05 3.5623e-05 3.5825e-05 3.5897e-05 3.5551e-05 3.5713e-05 3.5875e-05 3.5807e-05 3.5832e-05 3.584e-05 3.5683e-05 3.6339e-05 3.6734e-05 3.6052e-05 3.6976e-05 3.6683e-05 3.6151e-05 3.789e-05 3.7382e-05 3.6725e-05 3.7926e-05 3.8067e-05 3.8095e-05 3.8032e-05 3.8e-05 3.7854e-05 3.8174e-05 3.8168e-05 3.7978e-05 3.8017e-05 3.7958e-05 3.7997e-05 3.82e-05 3.8214e-05 3.8129e-05 3.8109e-05 3.7687e-05 3.7875e-05 3.7213e-05 3.611e-05 3.48e-05 3.4694e-05 3.4693e-05 3.4739e-05 3.4737e-05 3.483e-05 3.4825e-05 3.4828e-05 3.4828e-05 3.4811e-05 3.4831e-05 3.4903e-05 3.4902e-05 3.4914e-05 3.4938e-05 3.4919e-05 3.4981e-05 3.5013e-05 3.5016e-05 3.4977e-05 3.5027e-05 3.4996e-05 3.5029e-05 3.4948e-05 3.4987e-05 3.4983e-05 3.4821e-05 3.4816e-05 3.6353e-05 3.7924e-05 3.8172e-05 3.8085e-05 3.8035e-05 3.8018e-05 3.8206e-05 3.8031e-05 3.7386e-05 3.697e-05 3.6592e-05 3.6119e-05 3.5622e-05 3.5329e-05 3.5086e-05 3.4946e-05 3.4757e-05 3.4722e-05 3.4963e-05 3.4664e-05 3.4664e-05 3.4691e-05
3.4783e-05 3.4818e-05 3.485e-05 3.492e-05 3.4965e-05 3.5034e-05 3.5079e-05 3.5156e-05 3.5203e-05 3.5223e-05 3.5272e-05 3.5282e-05 3.5297e-05 3.5292e-05 3.5297e-05 3.4708e-05 3.4889e-05 3.5988e-05 3.5463e-05 3.5075e-05 3.5046e-05 3.7821e-05 3.7468e-05 3.6028e-05 3.8213e-05 3.722e-05 3.7774e-05 3.7885e-05 3.804e-05 3.8215e-05 3.8118e-05 3.7874e-05 3.7547e-05 3.7108e-05 3.6833e-05 3.6738e-05 3.7529e-05 3.7787e-05 3.7724e-05 3.7502e-05 3.7492e-05 3.729e-05 3.7548e-05 3.7701e-05 3.7729e-05 3.8207e-05 3.8201e-05 3.8099e-05 3.8022e-05 3.7871e-05 3.7746e-05 3.7579e-05 3.7229e-05 3.6642e-05 3.7151e-05 3.7601e-05 3.6261e-05 3.4823e-05 3.5128e-05 3.6405e-05 3.6762e-05 3.7184e-05 3.5418e-05 3.4907e-05 3.4659e-05 3.4859e-05 3.5031e-05 3.5095e-05 3.5184e-05 3.5224e-05 3.5157e-05 3.5227e-05 3.4958e-05 3.5151e-05 3.5056e-05 3.4847e-05 3.4807e-05 3.4827e-05 3.4762e-05 3.4695e-05 3.5018e-05 3.5553e-05 3.596e-05 3.5512e-05 3.5771e-05 3.5599e-05 3.554e-05 3.5476e-05 3.5511e-05 3.5814e-05 3.5403e-05 3.5337e-05 3.5474e-05 3.5663e-05 3.5333e-05 3.526e-05 3.5027e-05 3.6177e-05 3.5462e-05 3.5532e-05 3.5811e-05 3.6223e-05 3.6662e-05 3.6226e-05 3.6185e-05 3.6349e-05 3.6362e-05 3.6855e-05 3.7438e-05 3.7119e-05 3.761e-05 3.7948e-05 3.7944e-05 3.8087e-05 3.8098e-05 3.8064e-05 3.794e-05 3.8176e-05 3.8092e-05 3.807e-05 3.7976e-05 3.812e-05 3.693e-05 3.7548e-05 3.8153e-05 3.8172e-05 3.8e-05 3.7769e-05 3.7636e-05 3.6841e-05 3.6029e-05 3.5381e-05 3.4927e-05 3.4707e-05 3.4663e-05 3.4757e-05 3.4823e-05 3.4867e-05 3.4921e-05 3.4945e-05 3.4954e-05 3.5104e-05 3.5021e-05 3.5147e-05 3.5205e-05 3.5257e-05 3.5306e-05 3.5256e-05 3.5406e-05 3.5315e-05 3.5334e-05 3.5286e-05 3.5258e-05 3.5261e-05 3.5298e-05 3.5179e-05 3.5096e-05 3.4704e-05 3.6468e-05 3.8021e-05 3.8205e-05 3.8043e-05 3.793e-05 3.6362e-05 3.726e-05 3.8212e-05 3.7798e-05 3.7165e-05 3.6523e-05 3.6104e-05 3.5617e-05 3.5281e-05 3.4983e-05 3.4819e-05 3.4683e-05 3.4757e-05 3.4655e-05 3.4663e-05 3.4682e-05 3.4752e-05
3.4842e-05 3.4871e-05 3.4858e-05 3.5013e-05 3.5117e-05 3.5118e-05 3.5188e-05 3.5205e-05 3.5227e-05 3.5276e-05 3.5309e-05 3.5312e-05 3.5312e-05 3.5318e-05 3.5323e-05 3.4743e-05 3.5098e-05 3.5614e-05 3.5463e-05 3.5803e-05 3.5006e-05 3.5206e-05 3.525e-05 3.5287e-05 3.6031e-05 3.6929e-05 3.7957e-05 3.7761e-05 3.8139e-05 3.8201e-05 3.8e-05 3.7786e-05 3.7395e-05 3.7007e-05 3.6757e-05 3.6197e-05 3.6261e-05 3.7705e-05 3.777e-05 3.7488e-05 3.7575e-05 3.7501e-05 3.7591e-05 3.6849e-05 3.7947e-05 3.8211e-05 3.8171e-05 3.8117e-05 3.8068e-05 3.7998e-05 3.8101e-05 3.7807e-05 3.7751e-05 3.634e-05 3.7784e-05 3.771e-05 3.7603e-05 3.7673e-05 3.5994e-05 3.4685e-05 3.4655e-05 3.608e-05 3.5112e-05 3.4679e-05 3.485e-05 3.5091e-05 3.5177e-05 3.5191e-05 3.525e-05 3.5304e-05 3.529e-05 3.525e-05 3.5197e-05 3.5122e-05 3.4904e-05 3.4988e-05 3.4967e-05 3.503e-05 3.5143e-05 3.4677e-05 3.4675e-05 3.5221e-05 3.5418e-05 3.5115e-05 3.5092e-05 3.5365e-05 3.5236e-05 3.5352e-05 3.5308e-05 3.5674e-05 3.5428e-05 3.5068e-05 3.5358e-05 3.533e-05 3.5308e-05 3.4915e-05 3.5176e-05 3.5419e-05 3.5623e-05 3.5453e-05 3.6302e-05 3.6212e-05 3.5916e-05 3.6191e-05 3.6421e-05 3.5677e-05 3.595e-05 3.6955e-05 3.6495e-05 3.676e-05 3.7517e-05 3.7172e-05 3.7316e-05 3.7316e-05 3.6706e-05 3.8015e-05 3.7796e-05 3.8214e-05 3.8177e-05 3.8157e-05 3.8212e-05 3.8215e-05 3.8214e-05 3.8157e-05 3.8142e-05 3.8079e-05 3.8124e-05 3.8122e-05 3.7506e-05 3.7812e-05 3.6316e-05 3.5319e-05 3.5354e-05 3.4862e-05 3.4675e-05 3.4812e-05 3.4883e-05 3.503e-05 3.5085e-05 3.5132e-05 3.5234e-05 3.5291e-05 3.536e-05 3.5479e-05 3.5612e-05 3.5741e-05 3.5829e-05 3.5861e-05 3.5848e-05 3.5765e-05 3.568e-05 3.5631e-05 3.5657e-05 3.558e-05 3.5489e-05 3.5385e-05 3.5213e-05 3.5014e-05 3.548e-05 3.7508e-05 3.8191e-05 3.8018e-05 3.6413e-05 3.0546e-05 3.6072e-05 3.8188e-05 3.7763e-05 3.7035e-05 3.6566e-05 3.6018e-05 3.5345e-05 3.5344e-05 3.4923e-05 3.4757e-05 3.4656e-05 3.4655e-05 3.467e-05 3.4664e-05 3.4744e-05 3.4784e-05
3.4961e-05 3.5014e-05 3.504e-05 3.5017e-05 3.5204e-05 3.5113e-05 3.5291e-05 3.5321e-05 3.5322e-05 3.5325e-05 3.5333e-05 3.5335e-05 3.5327e-05 3.5323e-05 3.5328e-05 3.4859e-05 3.4927e-05 3.5573e-05 3.5442e-05 3.5543e-05 3.5661e-05 3.5479e-05 3.6675e-05 3.6261e-05 3.6195e-05 3.6692e-05 3.7203e-05 3.8052e-05 3.8212e-05 3.8163e-05 3.7911e-05 3.7639e-05 3.7321e-05 3.6924e-05 3.6217e-05 3.6119e-05 3.6474e-05 3.7836e-05 3.797e-05 3.766e-05 3.7785e-05 3.7767e-05 3.7792e-05 3.6831e-05 3.7683e-05 3.8207e-05 3.8194e-05 3.8152e-05 3.8116e-05 3.8177e-05 3.8215e-05 3.8201e-05 3.7668e-05 3.7192e-05 3.6496e-05 3.5972e-05 3.616e-05 3.5484e-05 3.5258e-05 3.4662e-05 3.5025e-05 3.6464e-05 3.4835e-05 3.4954e-05 3.5068e-05 3.5132e-05 3.513e-05 3.5218e-05 3.5331e-05 3.5358e-05 3.5152e-05 3.5301e-05 3.531e-05 3.5224e-05 3.5011e-05 3.5256e-05 3.5077e-05 3.5147e-05 3.5229e-05 3.5196e-05 3.467e-05 3.4675e-05 3.4779e-05 3.4871e-05 3.4829e-05 3.5092e-05 3.5332e-05 3.5457e-05 3.5305e-05 3.5281e-05 3.5209e-05 3.5154e-05 3.5283e-05 3.5377e-05 3.5216e-05 3.5462e-05 3.5116e-05 3.5245e-05 3.5828e-05 3.6266e-05 3.5106e-05 3.6456e-05 3.5953e-05 3.5915e-05 3.7077e-05 3.5323e-05 3.7606e-05 3.6692e-05 3.6471e-05 3.6991e-05 3.705e-05 3.6879e-05 3.6989e-05 3.7129e-05 3.7346e-05 3.7103e-05 3.7307e-05 3.6237e-05 3.7823e-05 3.8119e-05 3.7924e-05 3.6987e-05 3.8163e-05 3.7995e-05 3.7859e-05 3.8213e-05 3.8193e-05 3.7918e-05 3.7045e-05 3.7712e-05 3.6139e-05 3.5626e-05 3.4998e-05 3.4655e-05 3.4791e-05 3.4958e-05 3.5142e-05 3.5157e-05 3.5246e-05 3.536e-05 3.5452e-05 3.5623e-05 3.5732e-05 3.5968e-05 3.6169e-05 3.6214e-05 3.6295e-05 3.6225e-05 3.6218e-05 3.6102e-05 3.6027e-05 3.6036e-05 3.588e-05 3.5736e-05 3.5567e-05 3.545e-05 3.5277e-05 3.5084e-05 3.4657e-05 3.7197e-05 3.8189e-05 3.811e-05 3.7527e-05 3.6827e-05 3.7555e-05 3.8055e-05 3.7239e-05 3.6682e-05 3.632e-05 3.5828e-05 3.5659e-05 3.4943e-05 3.4779e-05 3.4684e-05 3.4658e-05 3.4695e-05 3.4697e-05 3.4722e-05 3.4795e-05 3.4895e-05
3.5111e-05 3.5152e-05 3.5219e-05 3.5274e-05 3.5349e-05 3.5331e-05 3.5378e-05 3.5407e-05 3.541e-05 3.5383e-05 3.5393e-05 3.5401e-05 3.5384e-05 3.5212e-05 3.5372e-05 3.5313e-05 3.4738e-05 3.5118e-05 3.58e-05 3.5721e-05 3.5695e-05 3.56e-05 3.6735e-05 3.6957e-05 3.5809e-05 3.6414e-05 3.776e-05 3.8124e-05 3.8215e-05 3.8092e-05 3.7847e-05 3.7546e-05 3.7304e-05 3.6887e-05 3.5567e-05 3.5992e-05 3.7057e-05 3.7845e-05 3.7933e-05 3.779e-05 3.799e-05 3.8019e-05 3.7992e-05 3.8055e-05 3.8153e-05 3.821e-05 3.8187e-05 3.8129e-05 3.8134e-05 3.8213e-05 3.8215e-05 3.8153e-05 3.8139e-05 3.7143e-05 3.6954e-05 3.6688e-05 3.6639e-05 3.5645e-05 3.5393e-05 3.4929e-05 3.5e-05 3.4681e-05 3.4755e-05 3.4666e-05 3.4688e-05 3.4971e-05 3.5054e-05 3.5182e-05 3.5326e-05 3.54e-05 3.5334e-05 3.5439e-05 3.5394e-05 3.545e-05 3.5409e-05 3.5356e-05 3.5258e-05 3.5305e-05 3.5376e-05 3.5413e-05 3.5366e-05 3.472e-05 3.4655e-05 3.47e-05 3.4671e-05 3.4967e-05 3.5176e-05 3.5874e-05 3.5129e-05 3.5257e-05 3.5066e-05 3.4832e-05 3.5117e-05 3.5081e-05 3.5476e-05 3.5352e-05 3.5138e-05 3.5179e-05 3.5726e-05 3.5742e-05 3.6087e-05 3.5795e-05 3.5978e-05 3.5861e-05 3.6469e-05 3.6798e-05 3.7367e-05 3.702e-05 3.6889e-05 3.7399e-05 3.6938e-05 3.7043e-05 3.6498e-05 3.5831e-05 3.5992e-05 3.6042e-05 3.6954e-05 3.7805e-05 3.7908e-05 3.7967e-05 3.7699e-05 3.8001e-05 3.8106e-05 3.8005e-05 3.8147e-05 3.773e-05 3.6355e-05 3.5711e-05 3.5811e-05 3.5425e-05 3.5168e-05 3.4844e-05 3.4676e-05 3.4763e-05 3.4909e-05 3.5159e-05 3.5236e-05 3.5376e-05 3.5552e-05 3.5727e-05 3.5907e-05 3.6078e-05 3.6336e-05 3.6511e-05 3.6617e-05 3.6799e-05 3.6735e-05 3.65e-05 3.663e-05 3.6444e-05 3.6372e-05 3.6195e-05 3.6033e-05 3.5822e-05 3.5704e-05 3.561e-05 3.5445e-05 3.5297e-05 3.4849e-05 3.5457e-05 3.7256e-05 3.8055e-05 3.8206e-05 3.8197e-05 3.8121e-05 3.7092e-05 3.6584e-05 3.6302e-05 3.6041e-05 3.5712e-05 3.5049e-05 3.483e-05 3.4678e-05 3.4659e-05 3.4718e-05 3.4802e-05 3.4818e-05 3.4841e-05 3.4983e-05 3.506e-05
3.5346e-05 3.5282e-05 3.5397e-05 3.5411e-05 3.5422e-05 3.5418e-05 3.5444e-05 3.5498e-05 3.5509e-05 3.5468e-05 3.5445e-05 3.5464e-05 3.5465e-05 3.5444e-05 3.5423e-05 3.538e-05 3.497e-05 3.4658e-05 3.4723e-05 3.4766e-05 3.4999e-05 3.5174e-05 3.5797e-05 3.5896e-05 3.5435e-05 3.7556e-05 3.7946e-05 3.8162e-05 3.8186e-05 3.8049e-05 3.7794e-05 3.7716e-05 3.722e-05 3.6932e-05 3.6401e-05 3.6456e-05 3.7088e-05 3.7887e-05 3.7913e-05 3.7908e-05 3.8041e-05 3.8101e-05 3.8163e-05 3.8164e-05 3.82e-05 3.8215e-05 3.8193e-05 3.811e-05 3.816e-05 3.8163e-05 3.8158e-05 3.8095e-05 3.8051e-05 3.7804e-05 3.7649e-05 3.7413e-05 3.6953e-05 3.6795e-05 3.6328e-05 3.5059e-05 3.5414e-05 3.4728e-05 3.4658e-05 3.4677e-05 3.4821e-05 3.4848e-05 3.5031e-05 3.513e-05 3.518e-05 3.5406e-05 3.5453e-05 3.545e-05 3.5528e-05 3.5621e-05 3.5569e-05 3.5712e-05 3.5408e-05 3.5482e-05 3.5561e-05 3.5458e-05 3.5432e-05 3.529e-05 3.487e-05 3.508e-05 3.4705e-05 3.4662e-05 3.4911e-05 3.5249e-05 3.4979e-05 3.4879e-05 3.4829e-05 3.497e-05 3.5124e-05 3.5259e-05 3.4732e-05 3.5017e-05 3.5316e-05 3.5681e-05 3.5837e-05 3.5361e-05 3.6113e-05 3.6015e-05 3.5689e-05 3.5725e-05 3.6246e-05 3.6375e-05 3.7153e-05 3.7102e-05 3.683e-05 3.7154e-05 3.7277e-05 3.7344e-05 3.6497e-05 3.6068e-05 3.6239e-05 3.6263e-05 3.7205e-05 3.7759e-05 3.7498e-05 3.7404e-05 3.7567e-05 3.6405e-05 3.793e-05 3.8045e-05 3.7504e-05 3.7787e-05 3.6953e-05 3.5403e-05 3.5606e-05 3.5169e-05 3.4817e-05 3.4666e-05 3.4708e-05 3.4898e-05 3.5055e-05 3.5228e-05 3.5418e-05 3.5642e-05 3.5966e-05 3.6187e-05 3.6352e-05 3.6569e-05 3.7088e-05 3.686e-05 3.7051e-05 3.7163e-05 3.7093e-05 3.6973e-05 3.6884e-05 3.6712e-05 3.6473e-05 3.6349e-05 3.6468e-05 3.6015e-05 3.5998e-05 3.5852e-05 3.568e-05 3.5525e-05 3.5131e-05 3.474e-05 3.5292e-05 3.616e-05 3.6683e-05 3.6799e-05 3.7025e-05 3.767e-05 3.593e-05 3.5904e-05 3.5714e-05 3.5447e-05 3.6061e-05 3.5045e-05 3.4682e-05 3.5003e-05 3.4887e-05 3.4681e-05 3.5012e-05 3.5051e-05 3.5087e-05 3.5271e-05
3.5535e-05 3.4966e-05 3.5427e-05 3.5433e-05 3.5522e-05 3.5495e-05 3.5503e-05 3.5552e-05 3.5516e-05 3.5536e-05 3.5523e-05 3.5546e-05 3.554e-05 3.5516e-05 3.5564e-05 3.5521e-05 3.5452e-05 3.5033e-05 3.4655e-05 3.5265e-05 3.5039e-05 3.5067e-05 3.4957e-05 3.5145e-05 3.6881e-05 3.7803e-05 3.8049e-05 3.8203e-05 3.821e-05 3.7925e-05 3.7672e-05 3.7414e-05 3.6993e-05 3.6585e-05 3.6236e-05 3.635e-05 3.6993e-05 3.779e-05 3.8008e-05 3.8058e-05 3.813e-05 3.8183e-05 3.8198e-05 3.821e-05 3.8189e-05 3.8215e-05 3.8215e-05 3.82e-05 3.8194e-05 3.8214e-05 3.8161e-05 3.8011e-05 3.7973e-05 3.8027e-05 3.7737e-05 3.7192e-05 3.6867e-05 3.6684e-05 3.6758e-05 3.6581e-05 3.6647e-05 3.6587e-05 3.5473e-05 3.4669e-05 3.4672e-05 3.502e-05 3.5131e-05 3.518e-05 3.5237e-05 3.5396e-05 3.5539e-05 3.5769e-05 3.5776e-05 3.578e-05 3.5734e-05 3.59e-05 3.5819e-05 3.584e-05 3.5811e-05 3.5566e-05 3.5733e-05 3.5689e-05 3.54e-05 3.5041e-05 3.4793e-05 3.4657e-05 3.4751e-05 3.4947e-05 3.4707e-05 3.4858e-05 3.4896e-05 3.54e-05 3.4994e-05 3.5015e-05 3.4997e-05 3.5311e-05 3.5187e-05 3.5702e-05 3.5318e-05 3.5213e-05 3.6298e-05 3.6411e-05 3.591e-05 3.6642e-05 3.5257e-05 3.6948e-05 3.677e-05 3.7282e-05 3.6854e-05 3.7643e-05 3.7873e-05 3.7603e-05 3.6875e-05 3.6542e-05 3.6808e-05 3.7316e-05 3.7362e-05 3.7047e-05 3.746e-05 3.648e-05 3.6689e-05 3.6424e-05 3.6594e-05 3.7617e-05 3.7088e-05 3.6081e-05 3.5963e-05 3.5271e-05 3.4961e-05 3.4674e-05 3.4655e-05 3.4752e-05 3.4862e-05 3.5029e-05 3.521e-05 3.5423e-05 3.5691e-05 3.6062e-05 3.6322e-05 3.6493e-05 3.6786e-05 3.6935e-05 3.7122e-05 3.7269e-05 3.7543e-05 3.7258e-05 3.7163e-05 3.7117e-05 3.702e-05 3.6585e-05 3.6724e-05 3.6603e-05 3.6435e-05 3.6191e-05 3.5962e-05 3.6151e-05 3.607e-05 3.5862e-05 3.5662e-05 3.5466e-05 3.5163e-05 3.4866e-05 3.4747e-05 3.4663e-05 3.4947e-05 3.6087e-05 3.4921e-05 3.5252e-05 3.5381e-05 3.508e-05 3.4974e-05 3.4671e-05 3.4823e-05 3.4893e-05 3.5043e-05 3.5138e-05 3.5188e-05 3.5313e-05 3.5398e-05 3.5488e-05
3.569e-05 3.5599e-05 3.5599e-05 3.5544e-05 3.5581e-05 3.5557e-05 3.558e-05 3.5576e-05 3.556e-05 3.5585e-05 3.5609e-05 3.5599e-05 3.5589e-05 3.5558e-05 3.5618e-05 3.5533e-05 3.5591e-05 3.5472e-05 3.4953e-05 3.6822e-05 3.5504e-05 3.5148e-05 3.5399e-05 3.6538e-05 3.7985e-05 3.7815e-05 3.8067e-05 3.8208e-05 3.814e-05 3.7796e-05 3.7336e-05 3.6725e-05 3.6082e-05 3.5759e-05 3.5539e-05 3.5461e-05 3.5961e-05 3.6698e-05 3.7753e-05 3.8136e-05 3.8198e-05 3.821e-05 3.8215e-05 3.8213e-05 3.7944e-05 3.8068e-05 3.8208e-05 3.8159e-05 3.8215e-05 3.8208e-05 3.8165e-05 3.8194e-05 3.8215e-05 3.8191e-05 3.7916e-05 3.7218e-05 3.6789e-05 3.6501e-05 3.6444e-05 3.6331e-05 3.6267e-05 3.6382e-05 3.5539e-05 3.4663e-05 3.4933e-05 3.5071e-05 3.5168e-05 3.5176e-05 3.5305e-05 3.5438e-05 3.5508e-05 3.5844e-05 3.5744e-05 3.5924e-05 3.597e-05 3.6117e-05 3.6086e-05 3.6226e-05 3.6068e-05 3.5923e-05 3.5866e-05 3.5769e-05 3.579e-05 3.5041e-05 3.4867e-05 3.4684e-05 3.4658e-05 3.4661e-05 3.4733e-05 3.4688e-05 3.5189e-05 3.5108e-05 3.5047e-05 3.4776e-05 3.467e-05 3.5377e-05 3.5228e-05 3.5486e-05 3.5221e-05 3.553e-05 3.5533e-05 3.5681e-05 3.5773e-05 3.5946e-05 3.6041e-05 3.6694e-05 3.7067e-05 3.5886e-05 3.7143e-05 3.7824e-05 3.6742e-05 3.7703e-05 3.7617e-05 3.7752e-05 3.7875e-05 3.7939e-05 3.7656e-05 3.738e-05 3.716e-05 3.6043e-05 3.5935e-05 3.6112e-05 3.5024e-05 3.5338e-05 3.5616e-05 3.5063e-05 3.5072e-05 3.4936e-05 3.4706e-05 3.4655e-05 3.4721e-05 3.4872e-05 3.4971e-05 3.5171e-05 3.5332e-05 3.5644e-05 3.5926e-05 3.6311e-05 3.662e-05 3.6879e-05 3.6987e-05 3.7138e-05 3.746e-05 3.7643e-05 3.7755e-05 3.7692e-05 3.749e-05 3.7446e-05 3.7149e-05 3.7097e-05 3.6885e-05 3.638e-05 3.6626e-05 3.6385e-05 3.6331e-05 3.629e-05 3.6159e-05 3.5997e-05 3.5976e-05 3.5798e-05 3.5676e-05 3.5416e-05 3.5321e-05 3.5238e-05 3.5009e-05 3.4889e-05 3.4698e-05 3.4719e-05 3.4871e-05 3.4814e-05 3.4799e-05 3.4655e-05 3.4659e-05 3.5004e-05 3.5105e-05 3.5198e-05 3.5327e-05 3.553e-05 3.5662e-05 3.5719e-05
3.5852e-05 3.5661e-05 3.5678e-05 3.5564e-05 3.5667e-05 3.5624e-05 3.5662e-05 3.5651e-05 3.5605e-05 3.5619e-05 3.564e-05 3.5646e-05 3.5637e-05 3.5588e-05 3.5546e-05 3.5517e-05 3.5477e-05 3.5384e-05 3.5333e-05 3.5363e-05 3.5409e-05 3.5623e-05 3.6233e-05 3.6978e-05 3.7744e-05 3.7753e-05 3.8048e-05 3.8203e-05 3.8165e-05 3.7558e-05 3.6488e-05 3.561e-05 3.4732e-05 3.4203e-05 3.4192e-05 3.4616e-05 3.5061e-05 3.52e-05 3.635e-05 3.7646e-05 3.8176e-05 3.821e-05 3.8203e-05 3.8209e-05 3.8215e-05 3.8198e-05 3.8215e-05 3.8205e-05 3.8168e-05 3.7959e-05 3.8215e-05 3.8202e-05 3.8163e-05 3.809e-05 3.8204e-05 3.775e-05 3.6879e-05 3.6595e-05 3.6494e-05 3.6538e-05 3.6319e-05 3.6474e-05 3.5064e-05 3.4699e-05 3.4926e-05 3.5066e-05 3.5167e-05 3.525e-05 3.5327e-05 3.5542e-05 3.561e-05 3.5788e-05 3.5872e-05 3.6105e-05 3.6162e-05 3.6345e-05 3.6509e-05 3.6455e-05 3.6428e-05 3.6225e-05 3.6285e-05 3.6183e-05 3.603e-05 3.5946e-05 3.5602e-05 3.5391e-05 3.5312e-05 3.5101e-05 3.4804e-05 3.5111e-05 3.4724e-05 3.4847e-05 3.5087e-05 3.5145e-05 3.4892e-05 3.511e-05 3.4972e-05 3.4763e-05 3.5364e-05 3.4902e-05 3.524e-05 3.4931e-05 3.5474e-05 3.478e-05 3.5257e-05 3.533e-05 3.6142e-05 3.6575e-05 3.6909e-05 3.748e-05 3.7695e-05 3.7822e-05 3.7831e-05 3.8022e-05 3.8017e-05 3.8017e-05 3.7855e-05 3.697e-05 3.4967e-05 3.5356e-05 3.5658e-05 3.6092e-05 3.5688e-05 3.5949e-05 3.5074e-05 3.491e-05 3.4831e-05 3.4784e-05 3.4659e-05 3.4701e-05 3.4828e-05 3.5019e-05 3.5147e-05 3.5282e-05 3.563e-05 3.5926e-05 3.6107e-05 3.6511e-05 3.6772e-05 3.7162e-05 3.7328e-05 3.7603e-05 3.7837e-05 3.7879e-05 3.7945e-05 3.7995e-05 3.7892e-05 3.766e-05 3.7597e-05 3.7329e-05 3.7199e-05 3.7059e-05 3.6946e-05 3.6687e-05 3.6887e-05 3.68e-05 3.6482e-05 3.6181e-05 3.6186e-05 3.5933e-05 3.5705e-05 3.5591e-05 3.5306e-05 3.52e-05 3.4975e-05 3.4908e-05 3.4744e-05 3.4659e-05 3.4669e-05 3.4672e-05 3.4695e-05 3.467e-05 3.4655e-05 3.5134e-05 3.5182e-05 3.5294e-05 3.554e-05 3.5589e-05 3.5721e-05 3.5753e-05
3.5783e-05 3.5738e-05 3.5763e-05 3.568e-05 3.5276e-05 3.5697e-05 3.5707e-05 3.5438e-05 3.5684e-05 3.5666e-05 3.5629e-05 3.5637e-05 3.5562e-05 3.5554e-05 3.5515e-05 3.5467e-05 3.5458e-05 3.5495e-05 3.5276e-05 3.4833e-05 3.6065e-05 3.6387e-05 3.5809e-05 3.6815e-05 3.6876e-05 3.765e-05 3.7922e-05 3.8142e-05 3.8096e-05 3.6972e-05 3.548e-05 3.4149e-05 3.3334e-05 3.3225e-05 3.2853e-05 3.312e-05 3.4519e-05 3.4786e-05 3.5308e-05 3.6734e-05 3.8003e-05 3.8205e-05 3.8166e-05 3.8182e-05 3.8214e-05 3.8214e-05 3.8204e-05 3.7766e-05 3.8213e-05 3.8205e-05 3.8209e-05 3.8213e-05 3.8098e-05 3.793e-05 3.813e-05 3.8136e-05 3.7458e-05 3.7005e-05 3.6708e-05 3.6753e-05 3.5882e-05 3.5777e-05 3.5665e-05 3.4703e-05 3.4949e-05 3.5136e-05 3.5192e-05 3.5248e-05 3.543e-05 3.559e-05 3.5799e-05 3.5988e-05 3.6025e-05 3.6316e-05 3.6482e-05 3.6584e-05 3.666e-05 3.6736e-05 3.6741e-05 3.6901e-05 3.6458e-05 3.6454e-05 3.6379e-05 3.629e-05 3.6068e-05 3.5472e-05 3.5653e-05 3.5365e-05 3.4963e-05 3.4909e-05 3.4769e-05 3.4662e-05 3.4665e-05 3.4688e-05 3.4718e-05 3.4929e-05 3.5121e-05 3.5204e-05 3.4733e-05 3.4896e-05 3.4799e-05 3.4942e-05 3.4806e-05 3.5499e-05 3.4676e-05 3.5713e-05 3.5978e-05 3.6104e-05 3.6461e-05 3.6404e-05 3.7042e-05 3.7693e-05 3.5875e-05 3.7913e-05 3.7874e-05 3.735e-05 3.7661e-05 3.7274e-05 3.5108e-05 3.5043e-05 3.5002e-05 3.5027e-05 3.4977e-05 3.4828e-05 3.4796e-05 3.4731e-05 3.4679e-05 3.466e-05 3.4687e-05 3.481e-05 3.4955e-05 3.515e-05 3.5218e-05 3.5543e-05 3.5766e-05 3.6105e-05 3.635e-05 3.6583e-05 3.7026e-05 3.7121e-05 3.7759e-05 3.8003e-05 3.809e-05 3.8094e-05 3.8089e-05 3.8131e-05 3.7968e-05 3.7922e-05 3.7745e-05 3.7866e-05 3.7506e-05 3.7424e-05 3.7164e-05 3.7105e-05 3.7006e-05 3.6917e-05 3.6767e-05 3.6352e-05 3.5951e-05 3.603e-05 3.5772e-05 3.5626e-05 3.5408e-05 3.5198e-05 3.498e-05 3.4967e-05 3.4834e-05 3.4747e-05 3.4708e-05 3.4671e-05 3.4657e-05 3.4751e-05 3.5765e-05 3.5193e-05 3.5254e-05 3.5295e-05 3.5531e-05 3.57e-05 3.5777e-05 3.5724e-05
3.5767e-05 3.579e-05 3.5826e-05 3.5798e-05 3.5757e-05 3.5725e-05 3.5671e-05 3.5711e-05 3.5673e-05 3.5651e-05 3.5648e-05 3.5659e-05 3.5596e-05 3.5631e-05 3.5503e-05 3.5531e-05 3.5449e-05 3.5198e-05 3.5078e-05 3.4822e-05 3.4661e-05 3.4907e-05 3.5457e-05 3.5941e-05 3.6617e-05 3.7216e-05 3.7582e-05 3.8105e-05 3.8054e-05 3.6722e-05 3.5016e-05 3.3959e-05 3.3592e-05 3.35e-05 3.2692e-05 3.311e-05 3.431e-05 3.498e-05 3.5681e-05 3.7101e-05 3.8101e-05 3.8186e-05 3.8156e-05 3.8173e-05 3.8132e-05 3.8205e-05 3.8213e-05 3.811e-05 3.8207e-05 3.8183e-05 3.8186e-05 3.8134e-05 3.8129e-05 3.818e-05 3.8215e-05 3.8187e-05 3.7806e-05 3.7064e-05 3.7017e-05 3.7126e-05 3.6435e-05 3.5731e-05 3.5682e-05 3.4793e-05 3.4814e-05 3.5229e-05 3.5315e-05 3.5233e-05 3.5508e-05 3.5709e-05 3.5865e-05 3.6136e-05 3.6285e-05 3.6474e-05 3.6688e-05 3.6856e-05 3.6937e-05 3.6988e-05 3.6999e-05 3.6963e-05 3.6898e-05 3.6842e-05 3.6684e-05 3.6975e-05 3.691e-05 3.6278e-05 3.5929e-05 3.5821e-05 3.5445e-05 3.5486e-05 3.4909e-05 3.5346e-05 3.4996e-05 3.4762e-05 3.4811e-05 3.4663e-05 3.4775e-05 3.4675e-05 3.4993e-05 3.4697e-05 3.5079e-05 3.5083e-05 3.501e-05 3.5091e-05 3.4753e-05 3.6129e-05 3.6412e-05 3.5608e-05 3.5514e-05 3.59e-05 3.6394e-05 3.5955e-05 3.4666e-05 3.5072e-05 3.6659e-05 3.6118e-05 3.4844e-05 3.6552e-05 3.4903e-05 3.5039e-05 3.4942e-05 3.4958e-05 3.4692e-05 3.4672e-05 3.4655e-05 3.4663e-05 3.4667e-05 3.4678e-05 3.4807e-05 3.4996e-05 3.5096e-05 3.517e-05 3.5366e-05 3.5592e-05 3.602e-05 3.6298e-05 3.6629e-05 3.6805e-05 3.7369e-05 3.7618e-05 3.7805e-05 3.8142e-05 3.8187e-05 3.8172e-05 3.8152e-05 3.8073e-05 3.8118e-05 3.8047e-05 3.7971e-05 3.7784e-05 3.7651e-05 3.7693e-05 3.7652e-05 3.7429e-05 3.7212e-05 3.6988e-05 3.6792e-05 3.6643e-05 3.638e-05 3.6133e-05 3.5853e-05 3.5581e-05 3.5434e-05 3.5247e-05 3.5029e-05 3.5027e-05 3.4958e-05 3.4871e-05 3.486e-05 3.4733e-05 3.4923e-05 3.4693e-05 3.4911e-05 3.5047e-05 3.5234e-05 3.5407e-05 3.5462e-05 3.5681e-05 3.5686e-05 3.58e-05
3.5767e-05 3.5852e-05 3.5855e-05 3.5806e-05 3.5768e-05 3.5754e-05 3.5722e-05 3.5695e-05 3.5682e-05 3.5695e-05 3.5656e-05 3.574e-05 3.5673e-05 3.5682e-05 3.5546e-05 3.5501e-05 3.5358e-05 3.5182e-05 3.4898e-05 3.467e-05 3.4708e-05 3.4929e-05 3.5327e-05 3.5765e-05 3.6266e-05 3.672e-05 3.73e-05 3.7752e-05 3.8214e-05 3.7682e-05 3.6262e-05 3.4958e-05 3.4341e-05 3.4146e-05 3.4015e-05 3.4177e-05 3.4878e-05 3.5347e-05 3.74e-05 3.8189e-05 3.8096e-05 3.7967e-05 3.8089e-05 3.8116e-05 3.8103e-05 3.8207e-05 3.8197e-05 3.8054e-05 3.8195e-05 3.8201e-05 3.8175e-05 3.8207e-05 3.792e-05 3.819e-05 3.8096e-05 3.8162e-05 3.8054e-05 3.7421e-05 3.6925e-05 3.6188e-05 3.6264e-05 3.6136e-05 3.5667e-05 3.478e-05 3.4802e-05 3.5291e-05 3.5495e-05 3.5568e-05 3.5696e-05 3.5875e-05 3.6181e-05 3.6347e-05 3.6674e-05 3.6791e-05 3.7406e-05 3.6988e-05 3.7168e-05 3.7058e-05 3.7196e-05 3.7203e-05 3.7123e-05 3.7088e-05 3.6833e-05 3.6873e-05 3.695e-05 3.6504e-05 3.6367e-05 3.5951e-05 3.5839e-05 3.5882e-05 3.5681e-05 3.5548e-05 3.5519e-05 3.5309e-05 3.5035e-05 3.4726e-05 3.4664e-05 3.4661e-05 3.4841e-05 3.4968e-05 3.5182e-05 3.5056e-05 3.4658e-05 3.4942e-05 3.4657e-05 3.4901e-05 3.4751e-05 3.4878e-05 3.6118e-05 3.6317e-05 3.668e-05 3.4826e-05 3.6326e-05 3.6889e-05 3.473e-05 3.4699e-05 3.4819e-05 3.4966e-05 3.4905e-05 3.475e-05 3.4719e-05 3.4711e-05 3.4695e-05 3.4855e-05 3.468e-05 3.4677e-05 3.4697e-05 3.4871e-05 3.5025e-05 3.51e-05 3.5045e-05 3.5348e-05 3.5388e-05 3.5707e-05 3.6059e-05 3.6498e-05 3.6779e-05 3.6861e-05 3.7349e-05 3.7699e-05 3.7981e-05 3.8137e-05 3.806e-05 3.7807e-05 3.8169e-05 3.806e-05 3.7984e-05 3.7827e-05 3.8097e-05 3.7592e-05 3.7663e-05 3.7607e-05 3.7466e-05 3.7378e-05 3.739e-05 3.7133e-05 3.689e-05 3.6785e-05 3.6256e-05 3.6128e-05 3.5836e-05 3.5572e-05 3.5299e-05 3.5218e-05 3.5124e-05 3.5049e-05 3.494e-05 3.4982e-05 3.4961e-05 3.4786e-05 3.4658e-05 3.4704e-05 3.5178e-05 3.4971e-05 3.5367e-05 3.5381e-05 3.562e-05 3.5671e-05 3.5768e-05 3.5864e-05
3.5923e-05 3.592e-05 3.5851e-05 3.5854e-05 3.5835e-05 3.5795e-05 3.5763e-05 3.5705e-05 3.5681e-05 3.5732e-05 3.5727e-05 3.5654e-05 3.5639e-05 3.558e-05 3.5549e-05 3.5393e-05 3.5198e-05 3.4982e-05 3.4756e-05 3.4657e-05 3.4744e-05 3.4968e-05 3.5277e-05 3.5559e-05 3.5808e-05 3.6137e-05 3.6575e-05 3.7136e-05 3.7842e-05 3.8215e-05 3.8004e-05 3.7647e-05 3.7502e-05 3.5761e-05 3.4928e-05 3.4713e-05 3.5511e-05 3.7167e-05 3.803e-05 3.8185e-05 3.7948e-05 3.7775e-05 3.7791e-05 3.7672e-05 3.7473e-05 3.7234e-05 3.7122e-05 3.7521e-05 3.8191e-05 3.8163e-05 3.7923e-05 3.8165e-05 3.81e-05 3.8134e-05 3.8128e-05 3.7913e-05 3.6894e-05 3.7259e-05 3.6915e-05 3.6026e-05 3.5685e-05 3.5131e-05 3.4845e-05 3.4656e-05 3.4831e-05 3.5388e-05 3.5474e-05 3.5736e-05 3.5922e-05 3.6146e-05 3.6291e-05 3.6679e-05 3.684e-05 3.7044e-05 3.703e-05 3.7344e-05 3.7327e-05 3.7341e-05 3.7525e-05 3.7524e-05 3.723e-05 3.7318e-05 3.7204e-05 3.7133e-05 3.6983e-05 3.6849e-05 3.6463e-05 3.6572e-05 3.6375e-05 3.6019e-05 3.5951e-05 3.6104e-05 3.5722e-05 3.5538e-05 3.5486e-05 3.5374e-05 3.4958e-05 3.4792e-05 3.515e-05 3.512e-05 3.4764e-05 3.4658e-05 3.469e-05 3.4997e-05 3.4665e-05 3.4909e-05 3.4956e-05 3.4977e-05 3.4657e-05 3.4904e-05 3.5582e-05 3.4719e-05 3.4924e-05 3.5102e-05 3.4694e-05 3.4869e-05 3.5105e-05 3.4722e-05 3.4695e-05 3.4662e-05 3.4671e-05 3.4669e-05 3.4707e-05 3.4806e-05 3.4807e-05 3.4875e-05 3.4907e-05 3.4931e-05 3.5092e-05 3.5174e-05 3.5289e-05 3.5326e-05 3.566e-05 3.5834e-05 3.6363e-05 3.6656e-05 3.6956e-05 3.7275e-05 3.742e-05 3.7711e-05 3.7937e-05 3.8166e-05 3.8156e-05 3.8175e-05 3.8126e-05 3.7931e-05 3.8007e-05 3.8029e-05 3.7963e-05 3.7911e-05 3.7713e-05 3.7818e-05 3.7697e-05 3.7267e-05 3.7404e-05 3.7315e-05 3.7039e-05 3.667e-05 3.6139e-05 3.5933e-05 3.5784e-05 3.5438e-05 3.5265e-05 3.5192e-05 3.5167e-05 3.5117e-05 3.5101e-05 3.509e-05 3.5073e-05 3.4991e-05 3.4873e-05 3.4684e-05 3.4816e-05 3.5113e-05 3.5134e-05 3.5234e-05 3.5504e-05 3.5795e-05 3.5805e-05 3.5912e-05
3.592e-05 3.59e-05 3.5896e-05 3.5809e-05 3.5797e-05 3.5791e-05 3.5745e-05 3.5761e-05 3.5663e-05 3.5791e-05 3.5748e-05 3.5684e-05 3.5675e-05 3.5557e-05 3.5391e-05 3.5327e-05 3.5047e-05 3.4884e-05 3.4727e-05 3.4656e-05 3.4747e-05 3.4869e-05 3.5046e-05 3.5197e-05 3.541e-05 3.5654e-05 3.6019e-05 3.624e-05 3.6697e-05 3.727e-05 3.7714e-05 3.7854e-05 3.7846e-05 3.7888e-05 3.8163e-05 3.8067e-05 3.8206e-05 3.809e-05 3.8042e-05 3.8e-05 3.7833e-05 3.772e-05 3.7752e-05 3.7665e-05 3.7383e-05 3.7072e-05 3.7059e-05 3.7142e-05 3.8193e-05 3.8179e-05 3.8167e-05 3.786e-05 3.6854e-05 3.7492e-05 3.7289e-05 3.6207e-05 3.6781e-05 3.5124e-05 3.6824e-05 3.6161e-05 3.55e-05 3.4938e-05 3.4657e-05 3.4853e-05 3.523e-05 3.552e-05 3.5707e-05 3.5845e-05 3.6234e-05 3.6334e-05 3.6662e-05 3.6875e-05 3.6985e-05 3.7166e-05 3.7247e-05 3.7203e-05 3.7037e-05 3.6762e-05 3.7531e-05 3.7553e-05 3.7456e-05 3.7551e-05 3.7371e-05 3.7324e-05 3.7143e-05 3.7051e-05 3.6994e-05 3.6874e-05 3.668e-05 3.6493e-05 3.6311e-05 3.6231e-05 3.6149e-05 3.6003e-05 3.5642e-05 3.5701e-05 3.5455e-05 3.531e-05 3.5313e-05 3.5358e-05 3.5213e-05 3.5111e-05 3.5365e-05 3.5058e-05 3.4801e-05 3.5007e-05 3.4717e-05 3.4744e-05 3.4914e-05 3.4662e-05 3.4725e-05 3.4655e-05 3.4656e-05 3.4685e-05 3.4699e-05 3.4977e-05 3.469e-05 3.4658e-05 3.4657e-05 3.4703e-05 3.4709e-05 3.4758e-05 3.4889e-05 3.48e-05 3.4969e-05 3.4984e-05 3.4995e-05 3.5037e-05 3.5166e-05 3.5231e-05 3.5468e-05 3.5556e-05 3.5803e-05 3.6021e-05 3.7055e-05 3.7133e-05 3.6986e-05 3.7191e-05 3.7452e-05 3.7668e-05 3.7908e-05 3.8135e-05 3.8141e-05 3.8053e-05 3.8071e-05 3.8009e-05 3.7952e-05 3.7943e-05 3.7758e-05 3.7962e-05 3.7879e-05 3.7813e-05 3.7577e-05 3.7553e-05 3.7537e-05 3.7195e-05 3.6862e-05 3.651e-05 3.6257e-05 3.5203e-05 3.5389e-05 3.5656e-05 3.5397e-05 3.5353e-05 3.5282e-05 3.5223e-05 3.5229e-05 3.5151e-05 3.5171e-05 3.5136e-05 3.5083e-05 3.4925e-05 3.4992e-05 3.5068e-05 3.5175e-05 3.5439e-05 3.5504e-05 3.5712e-05 3.5791e-05 3.5926e-05
3.5945e-05 3.5905e-05 3.5896e-05 3.5821e-05 3.5871e-05 3.5856e-05 3.5821e-05 3.5811e-05 3.5752e-05 3.5751e-05 3.5782e-05 3.5672e-05 3.5639e-05 3.5465e-05 3.5306e-05 3.5153e-05 3.4948e-05 3.4835e-05 3.4726e-05 3.4658e-05 3.468e-05 3.473e-05 3.4841e-05 3.4985e-05 3.525e-05 3.5437e-05 3.5567e-05 3.5755e-05 3.5906e-05 3.613e-05 3.6347e-05 3.6567e-05 3.675e-05 3.6912e-05 3.7136e-05 3.7055e-05 3.6981e-05 3.7042e-05 3.7454e-05 3.7675e-05 3.7711e-05 3.752e-05 3.7562e-05 3.7859e-05 3.7667e-05 3.7397e-05 3.7344e-05 3.7334e-05 3.6282e-05 3.8124e-05 3.4862e-05 3.4664e-05 3.4665e-05 3.4819e-05 3.4879e-05 3.6138e-05 3.6028e-05 3.5985e-05 3.4924e-05 3.5853e-05 3.4946e-05 3.4668e-05 3.4815e-05 3.5154e-05 3.5274e-05 3.5723e-05 3.5987e-05 3.6264e-05 3.6331e-05 3.6746e-05 3.6782e-05 3.6969e-05 3.7171e-05 3.7223e-05 3.7289e-05 3.7322e-05 3.7419e-05 3.76e-05 3.7698e-05 3.7677e-05 3.7688e-05 3.7556e-05 3.7528e-05 3.7432e-05 3.7376e-05 3.7237e-05 3.7212e-05 3.6935e-05 3.6847e-05 3.674e-05 3.6605e-05 3.6411e-05 3.6138e-05 3.6001e-05 3.5867e-05 3.5881e-05 3.5669e-05 3.5705e-05 3.5691e-05 3.56e-05 3.5268e-05 3.5454e-05 3.5086e-05 3.517e-05 3.9145e-05 3.5643e-05 3.4784e-05 3.5078e-05 3.4963e-05 3.4743e-05 3.4684e-05 3.4738e-05 3.4702e-05 3.4686e-05 3.4655e-05 3.4752e-05 3.4718e-05 3.4759e-05 3.481e-05 3.4778e-05 3.4793e-05 3.4843e-05 3.4957e-05 3.4945e-05 3.4944e-05 3.5025e-05 3.4996e-05 3.5103e-05 3.5185e-05 3.5328e-05 3.5545e-05 3.5741e-05 3.5979e-05 3.6261e-05 3.6871e-05 3.7044e-05 3.6948e-05 3.7274e-05 3.7292e-05 3.7625e-05 3.7801e-05 3.7938e-05 3.8049e-05 3.8044e-05 3.7965e-05 3.7991e-05 3.7941e-05 3.7931e-05 3.7818e-05 3.7605e-05 3.7894e-05 3.7687e-05 3.7457e-05 3.7301e-05 3.7295e-05 3.6902e-05 3.6699e-05 3.6366e-05 3.6242e-05 3.5261e-05 3.5112e-05 3.572e-05 3.5507e-05 3.545e-05 3.5429e-05 3.5365e-05 3.5383e-05 3.5326e-05 3.5218e-05 3.5278e-05 3.5191e-05 3.5213e-05 3.4781e-05 3.4971e-05 3.5543e-05 3.5495e-05 3.5491e-05 3.5812e-05 3.602e-05 3.5853e-05
3.5941e-05 3.5949e-05 3.5883e-05 3.5888e-05 3.5908e-05 3.5922e-05 3.5782e-05 3.5756e-05 3.5793e-05 3.5764e-05 3.5693e-05 3.5575e-05 3.5481e-05 3.5369e-05 3.522e-05 3.5058e-05 3.4894e-05 3.476e-05 3.4695e-05 3.4657e-05 3.4723e-05 3.4705e-05 3.4788e-05 3.4952e-05 3.5029e-05 3.5178e-05 3.5327e-05 3.5457e-05 3.5609e-05 3.5708e-05 3.589e-05 3.6096e-05 3.6327e-05 3.6449e-05 3.6436e-05 3.6397e-05 3.6617e-05 3.6727e-05 3.7083e-05 3.7365e-05 3.748e-05 3.7443e-05 3.7369e-05 3.7268e-05 3.7415e-05 3.707e-05 3.6567e-05 3.5907e-05 3.4961e-05 3.4746e-05 3.4662e-05 3.4665e-05 3.4746e-05 3.4816e-05 3.4834e-05 3.4657e-05 3.5495e-05 3.5738e-05 3.5308e-05 3.4698e-05 3.4663e-05 3.4874e-05 3.5139e-05 3.5637e-05 3.5676e-05 3.5932e-05 3.6149e-05 3.6444e-05 3.6687e-05 3.6856e-05 3.7115e-05 3.7309e-05 3.7433e-05 3.7448e-05 3.7561e-05 3.7621e-05 3.7654e-05 3.7477e-05 3.8017e-05 3.8153e-05 3.7717e-05 3.768e-05 3.7763e-05 3.7223e-05 3.7537e-05 3.7384e-05 3.7137e-05 3.7062e-05 3.7144e-05 3.6918e-05 3.6849e-05 3.6687e-05 3.6487e-05 3.6313e-05 3.6172e-05 3.606e-05 3.5929e-05 3.5644e-05 3.5898e-05 3.5689e-05 3.566e-05 3.5634e-05 3.5099e-05 3.79e-05 3.92e-05 3.5406e-05 3.4668e-05 3.5076e-05 3.5008e-05 3.4882e-05 3.4882e-05 3.4857e-05 3.4848e-05 3.4881e-05 3.4974e-05 3.4855e-05 3.4893e-05 3.4871e-05 3.494e-05 3.4964e-05 3.4941e-05 3.5e-05 3.4956e-05 3.4973e-05 3.5029e-05 3.5041e-05 3.5004e-05 3.5132e-05 3.5215e-05 3.5324e-05 3.5472e-05 3.5732e-05 3.6027e-05 3.6261e-05 3.6577e-05 3.6628e-05 3.7022e-05 3.7154e-05 3.7438e-05 3.7586e-05 3.7734e-05 3.7848e-05 3.8035e-05 3.7984e-05 3.8027e-05 3.7998e-05 3.7843e-05 3.7953e-05 3.7905e-05 3.7777e-05 3.7712e-05 3.7497e-05 3.7472e-05 3.7104e-05 3.67e-05 3.6787e-05 3.6588e-05 3.6359e-05 3.6205e-05 3.6079e-05 3.5885e-05 3.5784e-05 3.5679e-05 3.555e-05 3.5513e-05 3.5519e-05 3.5415e-05 3.5449e-05 3.5353e-05 3.5324e-05 3.529e-05 3.5323e-05 3.5209e-05 3.5486e-05 3.551e-05 3.5394e-05 3.5537e-05 3.5819e-05 3.6011e-05 3.6002e-05
3.5921e-05 3.5881e-05 3.5967e-05 3.5975e-05 3.5949e-05 3.5912e-05 3.585e-05 3.5775e-05 3.573e-05 3.5594e-05 3.5635e-05 3.5554e-05 3.54e-05 3.5275e-05 3.5114e-05 3.4917e-05 3.4729e-05 3.4742e-05 3.4709e-05 3.4665e-05 3.4655e-05 3.4666e-05 3.472e-05 3.4784e-05 3.4881e-05 3.4975e-05 3.5107e-05 3.5261e-05 3.5336e-05 3.55e-05 3.5634e-05 3.5706e-05 3.5885e-05 3.5961e-05 3.5931e-05 3.5974e-05 3.6004e-05 3.626e-05 3.6637e-05 3.6919e-05 3.7105e-05 3.7129e-05 3.7025e-05 3.6888e-05 3.6531e-05 3.6038e-05 3.5712e-05 3.5255e-05 3.4891e-05 3.468e-05 3.4665e-05 3.4716e-05 3.4783e-05 3.487e-05 3.4946e-05 3.5027e-05 3.4693e-05 3.4656e-05 3.4834e-05 3.4847e-05 3.5439e-05 3.5616e-05 3.5794e-05 3.5901e-05 3.6071e-05 3.6291e-05 3.6638e-05 3.6819e-05 3.7008e-05 3.7118e-05 3.7447e-05 3.7559e-05 3.7607e-05 3.7671e-05 3.7779e-05 3.7891e-05 3.7907e-05 3.7833e-05 3.7983e-05 3.7898e-05 3.7756e-05 3.7871e-05 3.7758e-05 3.7832e-05 3.7646e-05 3.7875e-05 3.7732e-05 3.7365e-05 3.7299e-05 3.701e-05 3.7026e-05 3.6874e-05 3.6656e-05 3.6563e-05 3.6321e-05 3.6156e-05 3.62e-05 3.6542e-05 3.5963e-05 3.5919e-05 3.5665e-05 3.566e-05 3.548e-05 3.5317e-05 3.4969e-05 3.499e-05 3.4965e-05 3.5212e-05 3.5073e-05 3.5138e-05 3.5053e-05 3.5053e-05 3.4974e-05 3.5046e-05 3.5034e-05 3.5006e-05 3.5086e-05 3.5161e-05 3.5046e-05 3.5128e-05 3.5061e-05 3.5027e-05 3.4941e-05 3.4996e-05 3.5036e-05 3.4992e-05 3.4989e-05 3.5121e-05 3.5194e-05 3.5272e-05 3.552e-05 3.5753e-05 3.5963e-05 3.6176e-05 3.6163e-05 3.6487e-05 3.6703e-05 3.6992e-05 3.7047e-05 3.7219e-05 3.7277e-05 3.7464e-05 3.7492e-05 3.7679e-05 3.7739e-05 3.7764e-05 3.7645e-05 3.7667e-05 3.743e-05 3.7437e-05 3.7455e-05 3.7427e-05 3.7085e-05 3.6803e-05 3.6678e-05 3.6468e-05 3.6551e-05 3.634e-05 3.6211e-05 3.6062e-05 3.5935e-05 3.5796e-05 3.5707e-05 3.5653e-05 3.5612e-05 3.5551e-05 3.5584e-05 3.5541e-05 3.5251e-05 3.5354e-05 3.5289e-05 3.5424e-05 3.5392e-05 3.5393e-05 3.5462e-05 3.5661e-05 3.5863e-05 3.5874e-05 3.5993e-05 3.6023e-05
3.6086e-05 3.605e-05 3.5947e-05 3.5824e-05 3.5871e-05 3.5683e-05 3.5738e-05 3.5773e-05 3.5702e-05 3.5637e-05 3.5606e-05 3.5466e-05 3.5394e-05 3.5235e-05 3.518e-05 3.4944e-05 3.7018e-05 3.4691e-05 3.4732e-05 3.4699e-05 3.4669e-05 3.4655e-05 3.4662e-05 3.4675e-05 3.4744e-05 3.4829e-05 3.4922e-05 3.5061e-05 3.5189e-05 3.5271e-05 3.5368e-05 3.5394e-05 3.5498e-05 3.5466e-05 3.5522e-05 3.5488e-05 3.5637e-05 3.5746e-05 3.59e-05 3.6143e-05 3.642e-05 3.6431e-05 3.6585e-05 3.6475e-05 3.6195e-05 3.5724e-05 3.5261e-05 3.4656e-05 3.4655e-05 3.4714e-05 3.4765e-05 3.4787e-05 3.5001e-05 3.4924e-05 3.5042e-05 3.5196e-05 3.5336e-05 3.5406e-05 3.568e-05 3.5852e-05 3.6007e-05 3.616e-05 3.6455e-05 3.6577e-05 3.6785e-05 3.6969e-05 3.7038e-05 3.7216e-05 3.7315e-05 3.7473e-05 3.7687e-05 3.7782e-05 3.7822e-05 3.7945e-05 3.8016e-05 3.7928e-05 3.7986e-05 3.7997e-05 3.8076e-05 3.8228e-05 3.7856e-05 3.7908e-05 3.7973e-05 3.7854e-05 3.8025e-05 3.7779e-05 3.7521e-05 3.7486e-05 3.725e-05 3.7252e-05 3.7148e-05 3.7078e-05 3.6883e-05 3.6697e-05 3.6393e-05 3.635e-05 3.6318e-05 3.6277e-05 3.6152e-05 3.6006e-05 3.5919e-05 3.5806e-05 3.5625e-05 3.5626e-05 3.5561e-05 3.5396e-05 3.5298e-05 3.5305e-05 3.5313e-05 3.523e-05 3.523e-05 3.5229e-05 3.5162e-05 3.5256e-05 3.517e-05 3.5271e-05 3.538e-05 3.5339e-05 3.5326e-05 3.5274e-05 3.5127e-05 3.5092e-05 3.5034e-05 3.5009e-05 3.4952e-05 3.4973e-05 3.5123e-05 3.522e-05 3.523e-05 3.5296e-05 3.5489e-05 3.5699e-05 3.5859e-05 3.5904e-05 3.612e-05 3.6359e-05 3.6537e-05 3.6714e-05 3.6742e-05 3.6858e-05 3.6957e-05 3.7078e-05 3.7124e-05 3.7281e-05 3.7339e-05 3.7243e-05 3.7284e-05 3.7286e-05 3.6886e-05 3.6934e-05 3.7088e-05 3.6886e-05 3.6844e-05 3.6596e-05 3.6458e-05 3.657e-05 3.6229e-05 3.6366e-05 3.6271e-05 3.5941e-05 3.5831e-05 3.5799e-05 3.575e-05 3.5758e-05 3.5622e-05 3.5635e-05 3.5569e-05 3.5457e-05 3.5404e-05 3.5478e-05 3.5498e-05 3.5296e-05 3.5361e-05 3.535e-05 3.5564e-05 3.5731e-05 3.5878e-05 3.6014e-05 3.6111e-05 3.6162e-05
3.6085e-05 3.608e-05 3.6022e-05 3.5954e-05 3.5996e-05 3.5846e-05 3.5739e-05 3.5688e-05 3.5672e-05 3.5683e-05 3.5523e-05 3.5415e-05 3.5417e-05 3.5258e-05 3.5158e-05 3.5108e-05 3.4781e-05 3.4819e-05 3.4749e-05 3.4742e-05 3.4704e-05 3.468e-05 3.4658e-05 3.4656e-05 3.4666e-05 3.4695e-05 3.4761e-05 3.4851e-05 3.485e-05 3.4959e-05 3.5002e-05 3.5064e-05 3.5111e-05 3.5091e-05 3.5132e-05 3.5129e-05 3.5169e-05 3.524e-05 3.5312e-05 3.5611e-05 3.571e-05 3.5869e-05 3.5932e-05 3.5881e-05 3.5647e-05 3.5226e-05 3.488e-05 3.4708e-05 3.4668e-05 3.4718e-05 3.4788e-05 3.4848e-05 3.4916e-05 3.5025e-05 3.518e-05 3.5349e-05 3.5533e-05 3.5766e-05 3.5984e-05 3.6184e-05 3.6584e-05 3.6716e-05 3.6837e-05 3.6935e-05 3.7099e-05 3.7161e-05 3.7323e-05 3.7466e-05 3.756e-05 3.7757e-05 3.7789e-05 3.8626e-05 3.8076e-05 3.8085e-05 3.8113e-05 3.8201e-05 3.8175e-05 3.8089e-05 3.8114e-05 3.8083e-05 3.8033e-05 3.8248e-05 3.7886e-05 3.7923e-05 3.6955e-05 3.9221e-05 3.7618e-05 3.7507e-05 3.7453e-05 3.7288e-05 3.7308e-05 3.705e-05 3.6927e-05 3.682e-05 3.6744e-05 3.6528e-05 3.6509e-05 3.6328e-05 3.6231e-05 3.5977e-05 3.5985e-05 3.5908e-05 3.5702e-05 3.5531e-05 3.5458e-05 3.5474e-05 3.5452e-05 3.5341e-05 3.5489e-05 3.5409e-05 3.5356e-05 3.5439e-05 3.5531e-05 3.5509e-05 3.5505e-05 3.5552e-05 3.5621e-05 3.5535e-05 3.5438e-05 3.5255e-05 3.5186e-05 3.5201e-05 3.5152e-05 3.5079e-05 3.508e-05 3.5109e-05 3.5066e-05 3.5152e-05 3.524e-05 3.5285e-05 3.5475e-05 3.5548e-05 3.574e-05 3.5745e-05 3.5852e-05 3.6023e-05 3.6296e-05 3.6396e-05 3.6463e-05 3.6386e-05 3.6666e-05 3.6582e-05 3.6785e-05 3.696e-05 3.6974e-05 3.6895e-05 3.6848e-05 3.6898e-05 3.6836e-05 3.6692e-05 3.6795e-05 3.6696e-05 3.6724e-05 3.669e-05 3.6444e-05 3.6516e-05 3.6332e-05 3.639e-05 3.6306e-05 3.6076e-05 3.5946e-05 3.5969e-05 3.581e-05 3.5757e-05 3.5708e-05 3.5602e-05 3.5595e-05 3.5535e-05 3.5383e-05 3.5506e-05 3.5483e-05 3.5403e-05 3.5645e-05 3.5534e-05 3.5557e-05 3.5747e-05 3.5947e-05 3.5943e-05 3.6025e-05 3.6057e-05
3.6007e-05 3.6054e-05 3.6027e-05 3.585e-05 3.597e-05 3.5936e-05 3.5648e-05 3.5818e-05 3.5806e-05 3.5807e-05 3.5706e-05 3.56e-05 3.5477e-05 3.5392e-05 3.5246e-05 3.5088e-05 3.5115e-05 3.499e-05 3.4919e-05 3.4852e-05 3.4797e-05 3.4742e-05 3.4689e-05 3.4666e-05 3.4665e-05 3.4658e-05 3.4655e-05 3.466e-05 3.4671e-05 3.4693e-05 3.4711e-05 3.4762e-05 3.4793e-05 3.4773e-05 3.4726e-05 3.4776e-05 3.4782e-05 3.4779e-05 3.4891e-05 3.5043e-05 3.5125e-05 3.5189e-05 3.5185e-05 3.4974e-05 3.4876e-05 3.4704e-05 3.4658e-05 3.4665e-05 3.4733e-05 3.4801e-05 3.4873e-05 3.5017e-05 3.5083e-05 3.5209e-05 3.5389e-05 3.5532e-05 3.5749e-05 3.5979e-05 3.6214e-05 3.6553e-05 3.6959e-05 3.6744e-05 3.7255e-05 3.7359e-05 3.7394e-05 3.7502e-05 3.767e-05 3.7776e-05 3.783e-05 3.7823e-05 3.8015e-05 3.7996e-05 3.8074e-05 3.8214e-05 3.8244e-05 3.8254e-05 3.8166e-05 3.8316e-05 3.8396e-05 3.8323e-05 3.8145e-05 3.8099e-05 3.8119e-05 3.7989e-05 3.7938e-05 3.789e-05 3.781e-05 3.7753e-05 3.7618e-05 3.7345e-05 3.7146e-05 3.721e-05 3.698e-05 3.6964e-05 3.6583e-05 3.6687e-05 3.6637e-05 3.6496e-05 3.6231e-05 3.6161e-05 3.6022e-05 3.5967e-05 3.5924e-05 3.5843e-05 3.5839e-05 3.5761e-05 3.5557e-05 3.5563e-05 3.5596e-05 3.5645e-05 3.5744e-05 3.5779e-05 3.5766e-05 3.5768e-05 3.564e-05 3.574e-05 3.5727e-05 3.5728e-05 3.5499e-05 3.5411e-05 3.5372e-05 3.5305e-05 3.5166e-05 3.5191e-05 3.5112e-05 3.5126e-05 3.5082e-05 3.5154e-05 3.5229e-05 3.5259e-05 3.5392e-05 3.5371e-05 3.5624e-05 3.583e-05 3.5763e-05 3.5604e-05 3.592e-05 3.6008e-05 3.5969e-05 3.6219e-05 3.6375e-05 3.614e-05 3.6375e-05 3.6527e-05 3.6503e-05 3.6388e-05 3.65e-05 3.647e-05 3.6483e-05 3.6481e-05 3.6464e-05 3.6521e-05 3.6495e-05 3.6393e-05 3.6376e-05 3.6447e-05 3.6391e-05 3.6235e-05 3.6231e-05 3.6092e-05 3.6144e-05 3.5967e-05 3.5899e-05 3.578e-05 3.5716e-05 3.563e-05 3.5433e-05 3.5452e-05 3.5416e-05 3.5494e-05 3.5549e-05 3.5569e-05 3.5649e-05 3.5636e-05 3.5696e-05 3.5764e-05 3.5889e-05 3.6045e-05 3.5839e-05 3.5978e-05
3.5974e-05 3.599e-05 3.5971e-05 3.5993e-05 3.5959e-05 3.6033e-05 3.5894e-05 3.5816e-05 3.5877e-05 3.5704e-05 3.5632e-05 3.5647e-05 3.5561e-05 3.544e-05 3.5327e-05 3.5252e-05 3.5166e-05 3.5096e-05 3.5031e-05 3.4937e-05 3.4865e-05 3.4845e-05 3.4801e-05 3.4768e-05 3.473e-05 3.4718e-05 3.4692e-05 3.4678e-05 3.4669e-05 3.4667e-05 3.4665e-05 3.4658e-05 3.4662e-05 3.4663e-05 3.4658e-05 3.4655e-05 3.4655e-05 3.4655e-05 3.4655e-05 3.4716e-05 3.4661e-05 3.4663e-05 3.4663e-05 3.4657e-05 3.4655e-05 3.4661e-05 3.4679e-05 3.4731e-05 3.4843e-05 3.494e-05 3.4987e-05 3.522e-05 3.5396e-05 3.5542e-05 3.5695e-05 3.592e-05 3.6118e-05 3.6325e-05 3.6543e-05 3.671e-05 3.7038e-05 3.7349e-05 3.7481e-05 3.759e-05 3.7749e-05 3.852e-05 3.7612e-05 3.8003e-05 3.8059e-05 3.8074e-05 3.8239e-05 3.8026e-05 3.8185e-05 3.8427e-05 3.8529e-05 3.8477e-05 3.8412e-05 3.8445e-05 3.8269e-05 3.8335e-05 3.823e-05 3.8232e-05 3.8139e-05 3.8168e-05 3.8025e-05 3.7964e-05 3.7801e-05 3.7704e-05 3.7543e-05 3.7408e-05 3.7245e-05 3.7163e-05 3.7104e-05 3.6935e-05 3.6921e-05 3.6896e-05 3.6612e-05 3.6477e-05 3.6438e-05 3.6252e-05 3.6196e-05 3.6097e-05 3.5957e-05 3.5938e-05 3.59e-05 3.5932e-05 3.5739e-05 3.5845e-05 3.5819e-05 3.5914e-05 3.5883e-05 3.5909e-05 3.5947e-05 3.5931e-05 3.5797e-05 3.5892e-05 3.5797e-05 3.5787e-05 3.5717e-05 3.5488e-05 3.558e-05 3.5535e-05 3.5136e-05 3.5282e-05 3.5236e-05 3.5185e-05 3.5111e-05 3.5076e-05 3.5128e-05 3.523e-05 3.5234e-05 3.5287e-05 3.5366e-05 3.4953e-05 3.5387e-05 3.5623e-05 3.5672e-05 3.5632e-05 3.5845e-05 3.5957e-05 3.6035e-05 3.5784e-05 3.6124e-05 3.619e-05 3.6197e-05 3.6002e-05 3.6137e-05 3.6109e-05 3.6204e-05 3.6266e-05 3.6198e-05 3.6279e-05 3.62e-05 3.6119e-05 3.6229e-05 3.6249e-05 3.6157e-05 3.6119e-05 3.6141e-05 3.6037e-05 3.5968e-05 3.6009e-05 3.5887e-05 3.5846e-05 3.5789e-05 3.553e-05 3.5669e-05 3.562e-05 3.5497e-05 3.5572e-05 3.5521e-05 3.5634e-05 3.5688e-05 3.5665e-05 3.5795e-05 3.5813e-05 3.5762e-05 3.5934e-05 3.5908e-05 3.5811e-05
3.6109e-05 3.5927e-05 3.5923e-05 3.7177e-05 3.5973e-05 3.6031e-05 3.6037e-05 3.5998e-05 3.5948e-05 3.5911e-05 3.584e-05 3.5693e-05 3.5675e-05 3.5546e-05 3.5501e-05 3.546e-05 3.5365e-05 3.5308e-05 3.5157e-05 3.5026e-05 3.4858e-05 3.5003e-05 3.4957e-05 3.4916e-05 3.4886e-05 3.4871e-05 3.4826e-05 3.4835e-05 3.4831e-05 3.4796e-05 3.4787e-05 3.4762e-05 3.4753e-05 3.4734e-05 3.4716e-05 3.4703e-05 3.4697e-05 3.4705e-05 3.4702e-05 3.4696e-05 3.4691e-05 3.4706e-05 3.4708e-05 3.4731e-05 3.4775e-05 3.4809e-05 3.4872e-05 3.491e-05 3.5049e-05 3.5175e-05 3.5388e-05 3.5544e-05 3.5734e-05 3.5959e-05 3.6225e-05 3.6359e-05 3.6537e-05 3.6731e-05 3.6977e-05 3.7048e-05 3.725e-05 3.7498e-05 3.7723e-05 3.7924e-05 3.7917e-05 3.7968e-05 3.8231e-05 3.8189e-05 3.8162e-05 3.8152e-05 3.8279e-05 3.8194e-05 3.8327e-05 3.8319e-05 3.8374e-05 3.8473e-05 3.8391e-05 3.826e-05 3.8236e-05 3.8303e-05 3.8258e-05 3.8232e-05 3.806e-05 3.7952e-05 3.7875e-05 3.7456e-05 3.755e-05 3.7469e-05 3.7438e-05 3.7363e-05 3.731e-05 3.7149e-05 3.6958e-05 3.6879e-05 3.6957e-05 3.6521e-05 3.6459e-05 3.6487e-05 3.6411e-05 3.6303e-05 3.6273e-05 3.6162e-05 3.6062e-05 3.6062e-05 3.6077e-05 3.6031e-05 3.6011e-05 3.6024e-05 3.6004e-05 3.5959e-05 3.6042e-05 3.6001e-05 3.6084e-05 3.5994e-05 3.5957e-05 3.591e-05 3.5887e-05 3.5766e-05 3.5866e-05 3.5752e-05 3.5642e-05 3.5597e-05 3.5579e-05 3.5453e-05 3.5375e-05 3.5313e-05 3.521e-05 3.5176e-05 3.5147e-05 3.5147e-05 3.516e-05 3.523e-05 3.5289e-05 3.5296e-05 3.5379e-05 3.5502e-05 3.5563e-05 3.5558e-05 3.5683e-05 3.5502e-05 3.5791e-05 3.5559e-05 3.5819e-05 3.5921e-05 3.5764e-05 3.5954e-05 3.5935e-05 3.5948e-05 3.6005e-05 3.6013e-05 3.5968e-05 3.5989e-05 3.6123e-05 3.6121e-05 3.6112e-05 3.6055e-05 3.6071e-05 3.5996e-05 3.6055e-05 3.6074e-05 3.6015e-05 3.5939e-05 3.5979e-05 3.5926e-05 3.574e-05 3.5814e-05 3.5811e-05 3.5827e-05 3.5555e-05 3.5646e-05 3.5673e-05 3.5715e-05 3.5602e-05 3.5783e-05 3.5895e-05 3.5947e-05 3.5903e-05 3.5972e-05 3.6e-05 3.6026e-05
3.6075e-05 3.6259e-05 3.6097e-05 3.6231e-05 3.621e-05 3.6146e-05 3.6102e-05 3.6139e-05 3.5817e-05 3.5951e-05 3.5872e-05 3.5872e-05 3.5884e-05 3.5835e-05 3.6054e-05 3.5615e-05 3.5566e-05 3.5498e-05 3.5354e-05 3.5433e-05 3.5369e-05 3.5251e-05 3.5222e-05 3.519e-05 3.515e-05 3.5126e-05 3.5016e-05 3.5058e-05 3.5034e-05 3.5012e-05 3.4969e-05 3.4931e-05 3.4919e-05 3.4891e-05 3.4854e-05 3.4815e-05 3.4813e-05 3.482e-05 3.4794e-05 3.4788e-05 3.479e-05 3.4825e-05 3.4868e-05 3.4918e-05 3.4996e-05 3.5073e-05 3.514e-05 3.5257e-05 3.5347e-05 3.5491e-05 3.5639e-05 3.5679e-05 3.6019e-05 3.6344e-05 3.6589e-05 3.6861e-05 3.7109e-05 3.7401e-05 3.751e-05 3.758e-05 3.7637e-05 3.7859e-05 3.7959e-05 3.7923e-05 3.8135e-05 3.8195e-05 3.8222e-05 3.8076e-05 3.817e-05 3.8267e-05 3.8086e-05 3.8128e-05 3.8292e-05 3.831e-05 3.831e-05 3.8349e-05 3.8343e-05 3.8229e-05 3.8244e-05 3.8203e-05 3.823e-05 3.8087e-05 3.7987e-05 3.7478e-05 3.9467e-05 4.0158e-05 3.6446e-05 3.7255e-05 3.7403e-05 3.7237e-05 3.7294e-05 3.7038e-05 3.7071e-05 3.6807e-05 3.6782e-05 3.666e-05 3.6532e-05 3.649e-05 3.6476e-05 3.6408e-05 3.6284e-05 3.6276e-05 3.6205e-05 3.6029e-05 3.6169e-05 3.6004e-05 3.598e-05 3.6044e-05 3.6027e-05 3.5994e-05 3.6083e-05 3.6083e-05 3.6143e-05 3.6028e-05 3.5841e-05 3.5871e-05 3.6033e-05 3.5862e-05 3.5819e-05 3.5913e-05 3.5855e-05 3.5754e-05 3.572e-05 3.5491e-05 3.5478e-05 3.5287e-05 3.5332e-05 3.5244e-05 3.5228e-05 3.5101e-05 3.5195e-05 3.5175e-05 3.5174e-05 3.5206e-05 3.5298e-05 3.5269e-05 3.536e-05 3.5394e-05 3.5321e-05 3.5456e-05 3.5555e-05 3.5531e-05 3.5632e-05 3.5659e-05 3.5564e-05 3.5743e-05 3.5725e-05 3.5769e-05 3.5739e-05 3.5773e-05 3.5844e-05 3.5865e-05 3.5873e-05 3.5928e-05 3.5701e-05 3.5961e-05 3.5924e-05 3.6041e-05 3.6008e-05 3.6e-05 3.5878e-05 3.5864e-05 3.6017e-05 3.5995e-05 3.5858e-05 3.6009e-05 3.5994e-05 3.5751e-05 3.5904e-05 3.5784e-05 3.5947e-05 3.5922e-05 3.5873e-05 3.5891e-05 3.5901e-05 3.6006e-05 3.5852e-05 3.5879e-05 3.6109e-05 3.5723e-05
3.6304e-05 3.6285e-05 3.6371e-05 3.6312e-05 3.6268e-05 3.643e-05 3.6341e-05 3.6259e-05 3.632e-05 3.6247e-05 3.6018e-05 3.6075e-05 3.6148e-05 3.5963e-05 3.6008e-05 3.5913e-05 3.5903e-05 3.5846e-05 3.581e-05 3.5792e-05 3.557e-05 3.5642e-05 3.548e-05 3.541e-05 3.5406e-05 3.5268e-05 3.5392e-05 3.5355e-05 3.5264e-05 3.5232e-05 3.5211e-05 3.5119e-05 3.5143e-05 3.5058e-05 3.5324e-05 3.4975e-05 3.4974e-05 3.4965e-05 3.4942e-05 3.4961e-05 3.4986e-05 3.5029e-05 3.5128e-05 3.5164e-05 3.5235e-05 3.5349e-05 3.5485e-05 3.5662e-05 3.5789e-05 3.596e-05 3.6179e-05 3.6433e-05 3.6652e-05 3.6936e-05 3.7223e-05 3.7483e-05 3.7775e-05 3.7975e-05 3.8185e-05 3.8378e-05 3.8448e-05 3.8406e-05 3.8258e-05 3.818e-05 3.8188e-05 3.8182e-05 3.8114e-05 3.8179e-05 3.8279e-05 3.8205e-05 3.8259e-05 3.8256e-05 3.8193e-05 3.83e-05 3.829e-05 3.8211e-05 3.8159e-05 3.7974e-05 3.8244e-05 3.815e-05 3.8089e-05 3.798e-05 3.7706e-05 3.7608e-05 3.7582e-05 3.7345e-05 3.7296e-05 3.7328e-05 3.7244e-05 3.7286e-05 3.7131e-05 3.6998e-05 3.6974e-05 3.681e-05 3.6747e-05 3.661e-05 3.6546e-05 3.6475e-05 3.6413e-05 3.6256e-05 3.6165e-05 3.6245e-05 3.6185e-05 3.6023e-05 3.6061e-05 3.6061e-05 3.6076e-05 3.6003e-05 3.594e-05 3.58e-05 3.5873e-05 3.6068e-05 3.6143e-05 3.6052e-05 3.5996e-05 3.6014e-05 3.5857e-05 3.5955e-05 3.5928e-05 3.5906e-05 3.5847e-05 3.5702e-05 3.5758e-05 3.5682e-05 3.5588e-05 3.5524e-05 3.5507e-05 3.5346e-05 3.5265e-05 3.5245e-05 3.5181e-05 3.5112e-05 3.5125e-05 3.5127e-05 3.5051e-05 3.5212e-05 3.5226e-05 3.5265e-05 3.499e-05 3.533e-05 3.5395e-05 3.5485e-05 3.5509e-05 3.5444e-05 3.5488e-05 3.5505e-05 3.532e-05 3.5618e-05 3.5605e-05 3.5654e-05 3.562e-05 3.5783e-05 3.5754e-05 3.5819e-05 3.5853e-05 3.5844e-05 3.5872e-05 3.5902e-05 3.5923e-05 3.5999e-05 3.5798e-05 3.5833e-05 3.5844e-05 3.5943e-05 3.592e-05 3.5919e-05 3.6069e-05 3.6067e-05 3.6076e-05 3.5991e-05 3.6075e-05 3.5992e-05 3.6131e-05 3.6107e-05 3.5945e-05 3.6015e-05 3.6034e-05 3.6229e-05 3.619e-05 3.6261e-05
3.616e-05 3.6452e-05 3.6467e-05 3.6393e-05 3.6438e-05 3.6461e-05 3.6414e-05 3.6475e-05 3.6278e-05 3.6531e-05 3.6368e-05 3.6343e-05 3.6298e-05 3.6334e-05 3.6099e-05 3.5993e-05 3.599e-05 3.6146e-05 3.6195e-05 3.6043e-05 3.6062e-05 3.604e-05 3.5986e-05 3.5937e-05 3.5771e-05 3.5741e-05 3.5335e-05 3.5676e-05 3.5663e-05 3.5459e-05 3.5626e-05 3.5396e-05 3.5438e-05 3.5314e-05 3.5212e-05 3.5147e-05 3.5175e-05 3.5168e-05 3.5183e-05 3.5193e-05 3.5205e-05 3.5334e-05 3.5414e-05 3.5518e-05 3.5618e-05 3.5763e-05 3.6032e-05 3.6273e-05 3.654e-05 3.6742e-05 3.6878e-05 3.7024e-05 3.7117e-05 3.7319e-05 3.7465e-05 3.7686e-05 3.7824e-05 3.7894e-05 3.8075e-05 3.814e-05 3.8146e-05 3.8181e-05 3.8152e-05 3.8128e-05 3.8056e-05 3.8116e-05 3.8146e-05 3.8163e-05 3.8075e-05 3.8182e-05 3.8199e-05 3.8142e-05 3.8264e-05 3.8222e-05 3.8006e-05 3.8128e-05 3.8098e-05 3.7962e-05 3.7978e-05 3.7904e-05 3.7782e-05 3.7713e-05 3.776e-05 3.7613e-05 3.7395e-05 3.7419e-05 3.7182e-05 3.7108e-05 3.7059e-05 3.6976e-05 3.6976e-05 3.6859e-05 3.6712e-05 3.6693e-05 3.6683e-05 3.6403e-05 3.6457e-05 3.6449e-05 3.6369e-05 3.6325e-05 3.6287e-05 3.6271e-05 3.6215e-05 3.607e-05 3.6096e-05 3.6202e-05 3.6139e-05 3.607e-05 3.6054e-05 3.6105e-05 3.5796e-05 3.585e-05 3.6002e-05 3.5983e-05 3.6042e-05 3.598e-05 3.59e-05 3.5942e-05 3.5923e-05 3.5783e-05 3.571e-05 3.5763e-05 3.5722e-05 3.5712e-05 3.5556e-05 3.5528e-05 3.5515e-05 3.5479e-05 3.5426e-05 3.5372e-05 3.5311e-05 3.5215e-05 3.5205e-05 3.514e-05 3.5081e-05 3.5028e-05 3.5084e-05 3.5188e-05 3.5261e-05 3.523e-05 3.5264e-05 3.5264e-05 3.5311e-05 3.531e-05 3.5323e-05 3.5332e-05 3.5377e-05 3.5436e-05 3.5437e-05 3.5418e-05 3.5517e-05 3.5454e-05 3.554e-05 3.5644e-05 3.5734e-05 3.5793e-05 3.5748e-05 3.5829e-05 3.6051e-05 3.5955e-05 3.5892e-05 3.5887e-05 3.5888e-05 3.6009e-05 3.6005e-05 3.6086e-05 3.6105e-05 3.619e-05 3.6143e-05 3.6081e-05 3.606e-05 3.619e-05 3.6236e-05 3.6292e-05 3.6469e-05 3.6374e-05 3.6306e-05 3.6358e-05 3.6287e-05 3.6228e-05
3.6499e-05 3.6621e-05 3.671e-05 3.6562e-05 3.6485e-05 3.6606e-05 3.732e-05 3.6404e-05 3.6567e-05 3.6589e-05 3.6385e-05 3.6472e-05 3.6514e-05 3.6427e-05 3.6579e-05 3.6612e-05 3.6585e-05 3.6468e-05 3.6686e-05 3.6306e-05 3.6158e-05 3.6355e-05 3.6346e-05 3.6256e-05 3.6128e-05 3.6064e-05 3.5954e-05 3.5835e-05 3.5906e-05 3.5723e-05 3.5775e-05 3.5813e-05 3.5837e-05 3.5629e-05 3.5771e-05 3.5785e-05 3.5629e-05 3.5632e-05 3.5661e-05 3.5689e-05 3.5617e-05 3.5834e-05 3.5909e-05 3.5981e-05 3.614e-05 3.624e-05 3.6406e-05 3.6649e-05 3.6784e-05 3.6984e-05 3.7139e-05 3.7249e-05 3.7269e-05 3.723e-05 3.7368e-05 3.7414e-05 3.7469e-05 3.7546e-05 3.7634e-05 3.7634e-05 3.758e-05 3.7697e-05 3.7706e-05 3.7773e-05 3.8008e-05 3.7876e-05 3.7907e-05 3.7969e-05 3.8134e-05 3.7998e-05 3.8064e-05 3.8002e-05 3.7979e-05 3.8062e-05 3.7934e-05 3.7823e-05 3.7835e-05 3.7888e-05 3.7808e-05 3.7683e-05 3.7593e-05 3.7568e-05 3.7492e-05 3.7368e-05 3.7242e-05 3.72e-05 3.7113e-05 3.7084e-05 3.7e-05 3.6825e-05 3.6657e-05 3.6543e-05 3.6614e-05 3.6638e-05 3.6487e-05 3.647e-05 3.6391e-05 3.636e-05 3.6319e-05 3.6242e-05 3.614e-05 3.6068e-05 3.6025e-05 3.5988e-05 3.6078e-05 3.6112e-05 3.6082e-05 3.5999e-05 3.6027e-05 3.6e-05 3.6083e-05 3.5979e-05 3.5945e-05 3.5948e-05 3.5858e-05 3.5932e-05 3.5832e-05 3.5803e-05 3.5679e-05 3.5785e-05 3.5615e-05 3.5724e-05 3.569e-05 3.5549e-05 3.5564e-05 3.5551e-05 3.5527e-05 3.5529e-05 3.5467e-05 3.5388e-05 3.5343e-05 3.536e-05 3.5302e-05 3.5272e-05 3.5185e-05 3.5202e-05 3.5145e-05 3.5112e-05 3.5079e-05 3.5053e-05 3.5003e-05 3.4992e-05 3.5029e-05 3.5069e-05 3.5119e-05 3.5169e-05 3.5248e-05 3.5275e-05 3.538e-05 3.5356e-05 3.5451e-05 3.544e-05 3.5433e-05 3.5476e-05 3.5591e-05 3.5554e-05 3.5729e-05 3.5823e-05 3.5891e-05 3.5934e-05 3.597e-05 3.5858e-05 3.603e-05 3.6058e-05 3.6086e-05 3.6186e-05 3.6149e-05 3.6203e-05 3.6017e-05 3.6258e-05 3.6248e-05 3.6212e-05 3.6105e-05 3.6299e-05 3.6346e-05 3.6407e-05 3.6554e-05 3.6329e-05 3.647e-05 3.6432e-05
3.6715e-05 3.6828e-05 3.6839e-05 3.6749e-05 3.6643e-05 3.6885e-05 3.6921e-05 3.6841e-05 3.6833e-05 3.6922e-05 3.7036e-05 3.6866e-05 3.6899e-05 3.6713e-05 3.7095e-05 3.6822e-05 3.6773e-05 3.6721e-05 3.6614e-05 3.6608e-05 3.6677e-05 3.6279e-05 3.6298e-05 3.6418e-05 3.6269e-05 3.6447e-05 3.6277e-05 3.6883e-05 3.6549e-05 3.6397e-05 3.6512e-05 3.6275e-05 3.6174e-05 3.6096e-05 3.5965e-05 3.6079e-05 3.5961e-05 3.6016e-05 3.6068e-05 3.6209e-05 3.6285e-05 3.6378e-05 3.644e-05 3.6493e-05 3.6627e-05 3.6714e-05 3.6771e-05 3.6846e-05 3.6933e-05 3.7038e-05 3.7182e-05 3.7407e-05 3.733e-05 3.7343e-05 3.7338e-05 3.7317e-05 3.7246e-05 3.7233e-05 3.7147e-05 3.7248e-05 3.7317e-05 3.7389e-05 3.7454e-05 3.7441e-05 3.7517e-05 3.7639e-05 3.7695e-05 3.7632e-05 3.7624e-05 3.7684e-05 3.7822e-05 3.7915e-05 3.7893e-05 3.7715e-05 3.782e-05 3.7838e-05 3.7851e-05 3.7695e-05 3.758e-05 3.7401e-05 3.7416e-05 3.7323e-05 3.723e-05 3.7143e-05 3.7182e-05 3.7135e-05 3.7047e-05 3.6951e-05 3.6844e-05 3.6837e-05 3.6705e-05 3.6429e-05 3.6436e-05 3.6438e-05 3.6413e-05 3.6223e-05 3.6253e-05 3.6238e-05 3.6172e-05 3.6205e-05 3.6129e-05 3.6121e-05 3.6059e-05 3.5877e-05 3.6005e-05 3.6017e-05 3.592e-05 3.5877e-05 3.5869e-05 3.5798e-05 3.588e-05 3.5894e-05 3.5955e-05 3.5931e-05 3.5863e-05 3.5932e-05 3.5943e-05 3.5837e-05 3.5707e-05 3.5628e-05 3.569e-05 3.5777e-05 3.5734e-05 3.5606e-05 3.5581e-05 3.5543e-05 3.5488e-05 3.5537e-05 3.5421e-05 3.5411e-05 3.5367e-05 3.5326e-05 3.535e-05 3.5287e-05 3.5312e-05 3.5269e-05 3.5227e-05 3.5181e-05 3.5164e-05 3.5178e-05 3.5206e-05 3.5229e-05 3.5254e-05 3.5261e-05 3.5286e-05 3.5313e-05 3.5335e-05 3.5351e-05 3.5405e-05 3.5434e-05 3.5403e-05 3.549e-05 3.5487e-05 3.5542e-05 3.5542e-05 3.5544e-05 3.5702e-05 3.5777e-05 3.5823e-05 3.5789e-05 3.5968e-05 3.596e-05 3.5894e-05 3.6039e-05 3.6161e-05 3.624e-05 3.6129e-05 3.6246e-05 3.6369e-05 3.643e-05 3.5747e-05 3.7999e-05 3.6009e-05 3.4878e-05 3.637e-05 3.6482e-05 3.6695e-05 3.6641e-05 3.6396e-05 3.6579e-05
3.6717e-05 3.6907e-05 3.6797e-05 3.6882e-05 3.6889e-05 3.7095e-05 3.6825e-05 3.6985e-05 3.7023e-05 3.7005e-05 3.7097e-05 3.6944e-05 3.6978e-05 3.7149e-05 3.6977e-05 3.7079e-05 3.7065e-05 3.6741e-05 3.6892e-05 3.697e-05 3.6864e-05 3.704e-05 3.712e-05 3.7263e-05 3.6978e-05 3.6669e-05 3.6729e-05 3.6738e-05 3.6335e-05 3.6473e-05 3.6515e-05 3.6423e-05 3.6647e-05 3.6728e-05 3.6845e-05 3.6557e-05 3.6466e-05 3.6495e-05 3.6342e-05 3.6551e-05 3.652e-05 3.6599e-05 3.676e-05 3.6737e-05 3.6733e-05 3.6632e-05 3.6781e-05 3.6869e-05 3.6933e-05 3.711e-05 3.7203e-05 3.7231e-05 3.7226e-05 3.7251e-05 3.7266e-05 3.7477e-05 3.7223e-05 3.7203e-05 3.725e-05 3.7285e-05 3.7416e-05 3.7501e-05 3.7563e-05 3.7566e-05 3.7564e-05 3.7511e-05 3.7455e-05 3.749e-05 3.7564e-05 3.7413e-05 3.7615e-05 3.7617e-05 3.7617e-05 3.7618e-05 3.757e-05 3.7631e-05 3.7513e-05 3.7496e-05 3.7318e-05 3.7355e-05 3.7222e-05 3.7199e-05 3.7075e-05 3.732e-05 3.6997e-05 3.6869e-05 3.6775e-05 3.668e-05 3.6658e-05 3.6659e-05 3.6545e-05 3.6502e-05 3.6438e-05 3.6344e-05 3.6348e-05 3.6299e-05 3.6432e-05 3.6148e-05 3.6085e-05 3.6044e-05 3.6012e-05 3.6002e-05 3.5983e-05 3.5918e-05 3.5938e-05 3.5961e-05 3.5964e-05 3.5907e-05 3.5826e-05 3.5917e-05 3.5858e-05 3.5809e-05 3.5885e-05 3.5874e-05 3.5856e-05 3.5821e-05 3.5785e-05 3.5822e-05 3.5702e-05 3.5706e-05 3.5692e-05 3.5664e-05 3.5577e-05 3.5716e-05 3.5712e-05 3.5662e-05 3.5533e-05 3.5512e-05 3.551e-05 3.5415e-05 3.5505e-05 3.5465e-05 3.5476e-05 3.5432e-05 3.5341e-05 3.5371e-05 3.5333e-05 3.5332e-05 3.5316e-05 3.5315e-05 3.5295e-05 3.5366e-05 3.5376e-05 3.5246e-05 3.5323e-05 3.5374e-05 3.5427e-05 3.5446e-05 3.5391e-05 3.5399e-05 3.544e-05 3.5504e-05 3.5534e-05 3.5559e-05 3.5605e-05 3.5611e-05 3.5651e-05 3.5766e-05 3.5823e-05 3.5889e-05 3.5895e-05 3.6003e-05 3.6015e-05 3.6129e-05 3.6171e-05 3.6156e-05 3.6171e-05 3.623e-05 3.63e-05 3.6387e-05 3.6392e-05 3.6483e-05 3.6394e-05 3.6775e-05 3.6804e-05 3.6849e-05 3.6862e-05 3.6855e-05 3.6777e-05 3.6648e-05
3.7069e-05 3.6855e-05 3.6452e-05 3.6261e-05 3.651e-05 3.6987e-05 3.6812e-05 3.6183e-05 3.6223e-05 3.6898e-05 3.7069e-05 3.707e-05 3.7127e-05 3.7056e-05 3.7036e-05 3.6742e-05 3.6255e-05 3.633e-05 3.6172e-05 3.6717e-05 3.6379e-05 3.6563e-05 3.7278e-05 3.7777e-05 3.702e-05 3.6719e-05 3.6697e-05 3.6926e-05 3.6812e-05 3.679e-05 3.6769e-05 3.6777e-05 3.6864e-05 3.671e-05 3.6191e-05 3.6677e-05 3.6515e-05 3.6653e-05 3.6598e-05 3.6538e-05 3.6812e-05 3.6759e-05 3.6622e-05 3.6626e-05 3.6761e-05 3.6892e-05 3.695e-05 3.7012e-05 3.708e-05 3.7123e-05 3.7158e-05 3.7219e-05 3.6984e-05 3.7324e-05 3.737e-05 3.7445e-05 3.7485e-05 3.7481e-05 3.7479e-05 3.7485e-05 3.7544e-05 3.6407e-05 3.6452e-05 3.7112e-05 3.7337e-05 3.7291e-05 3.7276e-05 3.7327e-05 3.7198e-05 3.7194e-05 3.7295e-05 3.733e-05 3.7326e-05 3.7338e-05 3.7255e-05 3.7271e-05 3.7222e-05 3.7237e-05 3.7294e-05 3.7249e-05 3.7155e-05 3.6974e-05 3.6944e-05 3.6891e-05 3.6873e-05 3.6768e-05 3.6562e-05 3.6529e-05 3.6652e-05 3.6568e-05 3.6583e-05 3.6503e-05 3.6381e-05 3.6233e-05 3.6208e-05 3.6262e-05 3.6262e-05 3.6226e-05 3.6157e-05 3.6096e-05 3.6071e-05 3.6064e-05 3.5993e-05 3.6101e-05 3.5984e-05 3.5956e-05 3.5958e-05 3.5933e-05 3.5925e-05 3.591e-05 3.5905e-05 3.5877e-05 3.582e-05 3.5737e-05 3.5739e-05 3.5729e-05 3.5798e-05 3.5691e-05 3.57e-05 3.5584e-05 3.5637e-05 3.5678e-05 3.5696e-05 3.571e-05 3.5697e-05 3.5716e-05 3.5672e-05 3.5643e-05 3.5597e-05 3.5536e-05 3.558e-05 3.5514e-05 3.547e-05 3.5393e-05 3.5102e-05 3.5326e-05 3.5434e-05 3.5448e-05 3.5481e-05 3.5455e-05 3.5401e-05 3.5412e-05 3.5415e-05 3.5408e-05 3.5424e-05 3.5397e-05 3.5464e-05 3.5417e-05 3.5452e-05 3.5396e-05 3.5477e-05 3.5541e-05 3.5531e-05 3.5585e-05 3.5645e-05 3.5676e-05 3.5721e-05 3.5748e-05 3.5701e-05 3.58e-05 3.5839e-05 3.5931e-05 3.6062e-05 3.6144e-05 3.6173e-05 3.6183e-05 3.6251e-05 3.6376e-05 3.6385e-05 3.6326e-05 3.6456e-05 3.6351e-05 3.6437e-05 3.6559e-05 3.6515e-05 3.6849e-05 3.7027e-05 3.6986e-05 3.6851e-05 3.6972e-05
3.6587e-05 3.6384e-05 3.6388e-05 3.6551e-05 3.6593e-05 3.6517e-05 3.6447e-05 3.644e-05 3.6494e-05 3.6466e-05 3.6491e-05 3.6237e-05 3.6636e-05 3.6555e-05 3.6607e-05 3.6748e-05 3.6744e-05 3.6812e-05 3.6814e-05 3.6722e-05 3.6687e-05 3.6876e-05 3.6839e-05 3.689e-05 3.6972e-05 3.7041e-05 3.6902e-05 3.6529e-05 3.6644e-05 3.6467e-05 3.6559e-05 3.6628e-05 3.6683e-05 3.67e-05 3.6629e-05 3.6734e-05 3.6665e-05 3.6824e-05 3.6797e-05 3.6781e-05 3.6807e-05 3.6855e-05 3.6849e-05 3.6771e-05 3.6671e-05 3.6711e-05 3.677e-05 3.6835e-05 3.6881e-05 3.7013e-05 3.7134e-05 3.7067e-05 3.7125e-05 3.7189e-05 3.7262e-05 3.7279e-05 3.7207e-05 3.7301e-05 3.7417e-05 3.7405e-05 3.7479e-05 3.7523e-05 3.7495e-05 3.7528e-05 3.7436e-05 3.7439e-05 3.7554e-05 3.746e-05 3.7294e-05 3.72e-05 3.7098e-05 3.7043e-05 3.6914e-05 3.696e-05 3.6974e-05 3.6706e-05 3.6636e-05 3.6701e-05 3.6869e-05 3.6889e-05 3.6708e-05 3.6796e-05 3.6531e-05 3.5816e-05 3.6229e-05 3.6723e-05 3.5148e-05 3.537e-05 3.6286e-05 3.4809e-05 3.5177e-05 3.581e-05 3.5402e-05 3.4991e-05 3.5615e-05 3.4866e-05 3.497e-05 3.5713e-05 3.5374e-05 3.5008e-05 3.5116e-05 3.5217e-05 3.5365e-05 3.586e-05 3.5914e-05 3.5813e-05 3.588e-05 3.5895e-05 3.5921e-05 3.5885e-05 3.5869e-05 3.5859e-05 3.5842e-05 3.5826e-05 3.5756e-05 3.5783e-05 3.5755e-05 3.5748e-05 3.572e-05 3.5468e-05 3.6186e-05 3.5444e-05 3.5667e-05 3.5632e-05 3.5603e-05 3.5652e-05 3.5612e-05 3.5579e-05 3.5593e-05 3.5602e-05 3.5609e-05 3.562e-05 3.559e-05 3.5603e-05 3.5595e-05 3.56e-05 3.5622e-05 3.5622e-05 3.5561e-05 3.5588e-05 3.5554e-05 3.5507e-05 3.5431e-05 3.5457e-05 3.5467e-05 3.5373e-05 3.5279e-05 3.5297e-05 3.5357e-05 3.5424e-05 3.5463e-05 3.5424e-05 3.5533e-05 3.5601e-05 3.5603e-05 3.5706e-05 3.567e-05 3.5759e-05 3.5739e-05 3.5757e-05 3.5812e-05 3.5913e-05 3.5959e-05 3.6072e-05 3.6096e-05 3.6184e-05 3.6141e-05 3.6132e-05 3.6197e-05 3.6388e-05 3.6377e-05 3.6421e-05 3.6436e-05 3.6514e-05 3.6547e-05 3.6464e-05 3.6448e-05 3.6672e-05 3.6677e-05 3.6634e-05
3.5326e-05 3.5344e-05 3.5377e-05 3.5446e-05 3.5379e-05 3.5384e-05 3.5418e-05 3.5401e-05 3.5415e-05 3.5442e-05 3.5473e-05 3.5501e-05 3.5532e-05 3.5562e-05 3.5607e-05 3.564e-05 3.5648e-05 3.5687e-05 3.5686e-05 3.5719e-05 3.5735e-05 3.577e-05 3.5806e-05 3.5865e-05 3.5913e-05 3.6006e-05 3.6133e-05 3.6285e-05 3.6279e-05 3.6393e-05 3.6534e-05 3.6386e-05 3.6408e-05 3.6691e-05 3.5935e-05 3.593e-05 3.5677e-05 3.6049e-05 3.5285e-05 3.5435e-05 3.5705e-05 3.585e-05 3.6497e-05 3.6506e-05 3.6542e-05 3.6659e-05 3.6781e-05 3.6716e-05 3.6422e-05 3.6351e-05 3.5623e-05 3.5569e-05 3.5345e-05 3.559e-05 3.6291e-05 3.575e-05 3.5628e-05 3.5604e-05 3.5612e-05 3.5761e-05 3.6679e-05 3.6388e-05 3.6489e-05 3.6491e-05 3.6609e-05 3.6707e-05 3.6857e-05 3.6301e-05 3.6058e-05 3.5669e-05 3.5684e-05 3.5698e-05 3.5145e-05 3.541e-05 3.5186e-05 3.4916e-05 3.478e-05 3.4906e-05 3.4752e-05 3.4674e-05 3.4664e-05 3.4682e-05 3.4669e-05 3.4729e-05 3.4731e-05 3.4702e-05 3.4842e-05 3.4864e-05 3.4848e-05 3.4943e-05 3.487e-05 3.4779e-05 3.5038e-05 3.5038e-05 3.4782e-05 3.4955e-05 3.4934e-05 3.516e-05 3.5159e-05 3.5106e-05 3.478e-05 3.4716e-05 3.4729e-05 3.4727e-05 3.4727e-05 3.4693e-05 3.4883e-05 3.4699e-05 3.4755e-05 3.5358e-05 3.5301e-05 3.4783e-05 3.4965e-05 3.562e-05 3.5238e-05 3.5337e-05 3.5049e-05 3.5176e-05 3.5464e-05 3.4902e-05 3.4937e-05 3.4871e-05 3.494e-05 3.4972e-05 3.5216e-05 3.5607e-05 3.506e-05 3.5147e-05 3.5147e-05 3.5133e-05 3.5212e-05 3.5185e-05 3.5187e-05 3.5219e-05 3.5241e-05 3.5267e-05 3.5366e-05 3.5485e-05 3.5603e-05 3.5608e-05 3.5616e-05 3.5613e-05 3.5617e-05 3.5576e-05 3.5607e-05 3.5538e-05 3.5551e-05 3.5585e-05 3.5604e-05 3.5682e-05 3.5682e-05 3.5726e-05 3.5739e-05 3.5769e-05 3.5762e-05 3.5744e-05 3.575e-05 3.58e-05 3.5819e-05 3.5761e-05 3.5776e-05 3.5809e-05 3.5853e-05 3.586e-05 3.5857e-05 3.5848e-05 3.5812e-05 3.5776e-05 3.576e-05 3.5655e-05 3.5546e-05 3.557e-05 3.5556e-05 3.5541e-05 3.5526e-05 3.5462e-05 3.5401e-05 3.5345e-05 3.5341e-05 3.533e-05
3.4956e-05 3.4958e-05 3.4962e-05 3.496e-05 3.4962e-05 3.4954e-05 3.4965e-05 3.4976e-05 3.4985e-05 3.5001e-05 3.5024e-05 3.5055e-05 3.5066e-05 3.5092e-05 3.511e-05 3.5154e-05 3.5197e-05 3.5204e-05 3.5285e-05 3.5287e-05 3.533e-05 3.5342e-05 3.5343e-05 3.5337e-05 3.5327e-05 3.5265e-05 3.5433e-05 3.5392e-05 3.5323e-05 3.4815e-05 3.4737e-05 3.4673e-05 3.4781e-05 3.485e-05 3.4672e-05 3.474e-05 3.4663e-05 3.4669e-05 3.4669e-05 3.4656e-05 3.4663e-05 3.4656e-05 3.4686e-05 3.4741e-05 3.4735e-05 3.4668e-05 3.4675e-05 3.4691e-05 3.4668e-05 3.4656e-05 3.4665e-05 3.4709e-05 3.4832e-05 3.4894e-05 3.4684e-05 3.4724e-05 3.4664e-05 3.4656e-05 3.4658e-05 3.4661e-05 3.4656e-05 3.4939e-05 3.4887e-05 3.5722e-05 3.5943e-05 3.6212e-05 3.6445e-05 3.6604e-05 3.657e-05 3.6072e-05 3.569e-05 3.5282e-05 3.4998e-05 3.4839e-05 3.4776e-05 3.4689e-05 3.4662e-05 3.4655e-05 3.4665e-05 3.4679e-05 3.4696e-05 3.4729e-05 3.4757e-05 3.4785e-05 3.4837e-05 3.4893e-05 3.4927e-05 3.4978e-05 3.5011e-05 3.5012e-05 3.5014e-05 3.5028e-05 3.504e-05 3.5071e-05 3.5116e-05 3.5155e-05 3.5198e-05 3.5235e-05 3.5258e-05 3.5286e-05 3.5311e-05 3.5363e-05 3.5402e-05 3.5442e-05 3.5476e-05 3.5505e-05 3.5518e-05 3.5541e-05 3.551e-05 3.5323e-05 3.5103e-05 3.4889e-05 3.492e-05 3.4855e-05 3.5014e-05 3.4873e-05 3.4732e-05 3.4703e-05 3.4757e-05 3.4836e-05 3.4894e-05 3.4862e-05 3.4697e-05 3.4795e-05 3.4746e-05 3.4841e-05 3.4764e-05 3.4738e-05 3.4794e-05 3.4753e-05 3.4871e-05 3.4837e-05 3.4747e-05 3.467e-05 3.4696e-05 3.4712e-05 3.469e-05 3.4766e-05 3.4716e-05 3.4706e-05 3.4663e-05 3.4688e-05 3.4717e-05 3.4781e-05 3.5126e-05 3.5089e-05 3.54e-05 3.5624e-05 3.5665e-05 3.562e-05 3.558e-05 3.5557e-05 3.5557e-05 3.5566e-05 3.5635e-05 3.5666e-05 3.5639e-05 3.5626e-05 3.5537e-05 3.5499e-05 3.5471e-05 3.5459e-05 3.5424e-05 3.5386e-05 3.5352e-05 3.5317e-05 3.5276e-05 3.5238e-05 3.5216e-05 3.5196e-05 3.5161e-05 3.5152e-05 3.5114e-05 3.5094e-05 3.5081e-05 3.5058e-05 3.5017e-05 3.4988e-05 3.497e-05 3.4963e-05
3.516e-05 3.5035e-05 3.5146e-05 3.5295e-05 3.5379e-05 3.5658e-05 3.4658e-05 3.4658e-05 3.4674e-05 3.4738e-05 3.4681e-05 3.4673e-05 3.4657e-05 3.4669e-05 3.4659e-05 3.4674e-05 3.486e-05 3.5061e-05 3.5105e-05 3.5087e-05 3.5084e-05 3.4841e-05 3.4655e-05 3.4715e-05 3.4722e-05 3.4671e-05 3.4696e-05 3.4657e-05 3.4668e-05 3.4669e-05 3.4655e-05 3.5293e-05 3.5193e-05 3.4854e-05 3.5173e-05 3.5312e-05 3.5329e-05 3.5343e-05 3.5311e-05 3.5255e-05 3.528e-05 3.5112e-05 3.5217e-05 3.5332e-05 3.5274e-05 3.5377e-05 3.5477e-05 3.5457e-05 3.5458e-05 3.5254e-05 3.5247e-05 3.5297e-05 3.52e-05 3.4938e-05 3.4965e-05 3.5095e-05 3.5073e-05 3.5033e-05 3.4967e-05 3.4905e-05 3.4877e-05 3.4936e-05 3.4816e-05 3.4897e-05 3.4936e-05 3.4938e-05 3.4738e-05 3.4733e-05 3.4656e-05 3.4693e-05 3.4748e-05 3.4956e-05 3.4806e-05 3.4791e-05 3.4767e-05 3.4838e-05 3.4954e-05 3.5113e-05 3.5186e-05 3.5215e-05 3.5306e-05 3.5358e-05 3.4992e-05 3.4742e-05 3.4659e-05 3.4668e-05 3.4658e-05 3.4655e-05 3.4667e-05 3.4752e-05 3.5035e-05 3.4995e-05 3.4817e-05 3.5005e-05 3.5025e-05 3.4946e-05 3.5011e-05 3.5072e-05 3.5215e-05 3.5306e-05 3.5349e-05 3.5238e-05 3.5377e-05 3.5449e-05 3.5495e-05 3.5535e-05 3.5579e-05 3.5608e-05 3.5628e-05 3.5665e-05 3.5685e-05 3.5681e-05 3.5666e-05 3.5651e-05 3.5633e-05 3.5602e-05 3.5571e-05 3.5547e-05 3.5535e-05 3.555e-05 3.5517e-05 3.5472e-05 3.5457e-05 3.549e-05 3.5502e-05 3.5503e-05 3.551e-05 3.5504e-05 3.549e-05 3.5515e-05 3.5503e-05 3.5513e-05 3.5524e-05 3.5499e-05 3.545e-05 3.5451e-05 3.5333e-05 3.5345e-05 3.537e-05 3.5127e-05 3.5409e-05 3.5404e-05 3.5408e-05 3.4978e-05 3.494e-05 3.4898e-05 3.4799e-05 3.4662e-05 3.4791e-05 3.4966e-05 3.4838e-05 3.4975e-05 3.4724e-05 3.469e-05 3.4655e-05 3.4695e-05 3.4688e-05 3.4655e-05 3.4679e-05 3.4711e-05 3.4695e-05 3.4656e-05 3.4662e-05 3.4842e-05 3.4751e-05 3.4774e-05 3.4926e-05 3.5304e-05 3.5081e-05 3.5393e-05 3.5124e-05 3.4945e-05 3.4843e-05 3.4752e-05 3.4852e-05 3.5021e-05 3.5144e-05 3.4878e-05 3.4895e-05 3.4937e-05
3.5926e-05 3.5735e-05 3.5818e-05 3.5771e-05 3.5657e-05 3.5765e-05 3.5748e-05 3.5795e-05 3.6047e-05 3.6114e-05 3.6105e-05 3.6087e-05 3.6e-05 3.5948e-05 3.6041e-05 3.6168e-05 3.6183e-05 3.6163e-05 3.6195e-05 3.6201e-05 3.6163e-05 3.6019e-05 3.6022e-05 3.636e-05 3.6343e-05 3.6352e-05 3.6269e-05 3.6233e-05 3.618e-05 3.6163e-05 3.6129e-05 3.6273e-05 3.6395e-05 3.6309e-05 3.6388e-05 3.6543e-05 3.6631e-05 3.6638e-05 3.6656e-05 3.6643e-05 3.6538e-05 3.6576e-05 3.6433e-05 3.6475e-05 3.6558e-05 3.6723e-05 3.6749e-05 3.6781e-05 3.6721e-05 3.6652e-05 3.6658e-05 3.666e-05 3.6626e-05 3.6594e-05 3.645e-05 3.6266e-05 3.6248e-05 3.6157e-05 3.6095e-05 3.6096e-05 3.6187e-05 3.6261e-05 3.628e-05 3.6313e-05 3.6335e-05 3.6344e-05 3.6371e-05 3.6339e-05 3.6301e-05 3.6235e-05 3.5905e-05 3.5454e-05 3.5383e-05 3.5506e-05 3.5533e-05 3.5637e-05 3.5486e-05 3.5613e-05 3.5657e-05 3.5536e-05 3.5713e-05 3.5806e-05 3.5842e-05 3.5847e-05 3.5754e-05 3.586e-05 3.5781e-05 3.5585e-05 3.5751e-05 3.5626e-05 3.5883e-05 3.5981e-05 3.5905e-05 3.603e-05 3.6154e-05 3.6172e-05 3.6112e-05 3.6132e-05 3.6042e-05 3.6074e-05 3.6169e-05 3.6304e-05 3.629e-05 3.6177e-05 3.6167e-05 3.6353e-05 3.6387e-05 3.643e-05 3.6482e-05 3.6511e-05 3.6527e-05 3.6463e-05 3.653e-05 3.6512e-05 3.6491e-05 3.6456e-05 3.6435e-05 3.6376e-05 3.6425e-05 3.6176e-05 3.6495e-05 3.6453e-05 3.6396e-05 3.6322e-05 3.6127e-05 3.6021e-05 3.63e-05 3.632e-05 3.6211e-05 3.621e-05 3.609e-05 3.6252e-05 3.6476e-05 3.6471e-05 3.6471e-05 3.6483e-05 3.6478e-05 3.6408e-05 3.6268e-05 3.6248e-05 3.624e-05 3.621e-05 3.6175e-05 3.6227e-05 3.6135e-05 3.6136e-05 3.6113e-05 3.6191e-05 3.63e-05 3.6432e-05 3.6316e-05 3.6427e-05 3.625e-05 3.6326e-05 3.6504e-05 3.6489e-05 3.644e-05 3.5987e-05 3.617e-05 3.6025e-05 3.6206e-05 3.5854e-05 3.5855e-05 3.5692e-05 3.5706e-05 3.5664e-05 3.5787e-05 3.5856e-05 3.5815e-05 3.5791e-05 3.5838e-05 3.5705e-05 3.5615e-05 3.5637e-05 3.5616e-05 3.5583e-05 3.5713e-05 3.5644e-05 3.5527e-05 3.5744e-05
3.7004e-05 3.7027e-05 3.7006e-05 3.6953e-05 3.6949e-05 3.7118e-05 3.7128e-05 3.7199e-05 3.7212e-05 3.7205e-05 3.7202e-05 3.7226e-05 3.7225e-05 3.723e-05 3.7233e-05 3.7243e-05 3.7253e-05 3.7268e-05 3.726e-05 3.7265e-05 3.728e-05 3.7269e-05 3.7239e-05 3.7261e-05 3.7266e-05 3.7252e-05 3.728e-05 3.7323e-05 3.7347e-05 3.7377e-05 3.7395e-05 3.7414e-05 3.7423e-05 3.7439e-05 3.7449e-05 3.7459e-05 3.7466e-05 3.7475e-05 3.7479e-05 3.7488e-05 3.7487e-05 3.7488e-05 3.7499e-05 3.75e-05 3.7502e-05 3.7502e-05 3.7504e-05 3.7505e-05 3.7501e-05 3.7494e-05 3.7478e-05 3.7465e-05 3.7442e-05 3.7417e-05 3.7392e-05 3.7354e-05 3.7333e-05 3.7317e-05 3.7292e-05 3.7293e-05 3.7304e-05 3.7276e-05 3.7269e-05 3.7256e-05 3.7242e-05 3.7219e-05 3.7204e-05 3.7193e-05 3.7197e-05 3.7184e-05 3.7174e-05 3.717e-05 3.7147e-05 3.7124e-05 3.7105e-05 3.7089e-05 3.7068e-05 3.7056e-05 3.7017e-05 3.6996e-05 3.7014e-05 3.7024e-05 3.7022e-05 3.6997e-05 3.7024e-05 3.6985e-05 3.6983e-05 3.7004e-05 3.6996e-05 3.6998e-05 3.7e-05 3.696e-05 3.691e-05 3.693e-05 3.6973e-05 3.702e-05 3.7044e-05 3.7006e-05 3.6893e-05 3.6865e-05 3.6927e-05 3.7024e-05 3.7027e-05 3.7046e-05 3.7066e-05 3.7086e-05 3.71e-05 3.7124e-05 3.7144e-05 3.7165e-05 3.7164e-05 3.7178e-05 3.7191e-05 3.7204e-05 3.7214e-05 3.7228e-05 3.7233e-05 3.7241e-05 3.7254e-05 3.7256e-05 3.7254e-05 3.7252e-05 3.7258e-05 3.7249e-05 3.7234e-05 3.7247e-05 3.7254e-05 3.7269e-05 3.729e-05 3.7298e-05 3.7303e-05 3.7309e-05 3.7319e-05 3.7326e-05 3.7348e-05 3.7366e-05 3.7386e-05 3.741e-05 3.7425e-05 3.7436e-05 3.7443e-05 3.7451e-05 3.7454e-05 3.7451e-05 3.745e-05 3.746e-05 3.7452e-05 3.7441e-05 3.744e-05 3.743e-05 3.7414e-05 3.7396e-05 3.7381e-05 3.736e-05 3.7328e-05 3.7307e-05 3.7279e-05 3.7247e-05 3.7274e-05 3.7306e-05 3.7304e-05 3.7295e-05 3.728e-05 3.7279e-05 3.7296e-05 3.728e-05 3.7274e-05 3.7269e-05 3.7249e-05 3.7242e-05 3.7206e-05 3.719e-05 3.7174e-05 3.7154e-05 3.7134e-05 3.7115e-05 3.7088e-05 3.707e-05 3.7062e-05 3.7034e-05
