-1.9577e-07 -1.9728e-07 -1.9876e-07 -1.9919e-07 -1.9917e-07 -1.9893e-07 -1.9881e-07 -1.9923e-07 -2.0012e-07 -2.0104e-07 -2.039e-07 -2.0465e-07 -2.0428e-07 -2.05e-07 -2.0617e-07 -2.0602e-07 -2.0579e-07 -2.0525e-07 -2.0507e-07 -2.0593e-07 -2.0615e-07 -2.0534e-07 -2.0516e-07 -2.0554e-07 -2.0591e-07 -2.0602e-07 -2.0617e-07 -2.0615e-07 -2.0581e-07 -2.0598e-07 -2.0538e-07 -2.0409e-07 -2.0484e-07 -2.0552e-07 -2.0443e-07 -2.0528e-07 -2.0591e-07 -2.0614e-07 -2.0614e-07 -2.0591e-07 -2.056e-07 -2.0491e-07 -2.0415e-07 -2.038e-07 -2.0348e-07 -2.0351e-07 -2.0337e-07 -2.0352e-07 -2.0339e-07 -2.0313e-07 -2.027e-07 -2.0261e-07 -2.0205e-07 -2.0184e-07 -2.0182e-07 -2.0178e-07 -2.0011e-07 -1.9946e-07 -1.9887e-07 -1.9894e-07 -1.9847e-07 -1.9795e-07 -1.9794e-07 -1.9693e-07 -1.9741e-07 -1.9829e-07 -1.9858e-07 -1.9482e-07 -1.93e-07 -1.9347e-07 -1.9141e-07 -1.9109e-07 -1.9102e-07 -1.9121e-07 -1.8961e-07 -1.8854e-07 -1.8801e-07 -1.8758e-07 -1.8695e-07 -1.8718e-07 -1.8652e-07 -1.8746e-07 -1.8764e-07 -1.8696e-07 -1.8779e-07 -1.8815e-07 -1.8797e-07 -1.8766e-07 -1.8748e-07 -1.8777e-07 -1.8831e-07 -1.8953e-07 -1.9001e-07 -1.9018e-07 -1.9035e-07 -1.9073e-07 -1.9042e-07 -1.9085e-07 -1.9125e-07 -1.9118e-07 -1.9034e-07 -1.9021e-07 -1.8982e-07 -1.8967e-07 -1.9022e-07 -1.9046e-07 -1.9072e-07 -1.9113e-07 -1.9141e-07 -1.916e-07 -1.9195e-07 -1.9131e-07 -1.9012e-07 -1.9098e-07 -1.9276e-07 -1.9388e-07 -1.9345e-07 -1.9337e-07 -1.9369e-07 -1.9437e-07 -1.9498e-07 -1.9533e-07 -1.9565e-07 -1.9644e-07 -1.9745e-07 -1.9834e-07 -1.9838e-07 -1.9908e-07 -1.9976e-07 -2.0015e-07 -2.005e-07 -2.0072e-07 -2.0098e-07 -2.0127e-07 -2.0145e-07 -2.0198e-07 -2.0206e-07 -2.0205e-07 -2.02e-07 -2.0216e-07 -2.0117e-07 -2.0134e-07 -2.0086e-07 -2.0005e-07 -2.0048e-07 -2.004e-07 -2.0018e-07 -1.995e-07 -1.9858e-07 -1.9778e-07 -1.9762e-07 -1.9719e-07 -1.9714e-07 -1.959e-07 -1.9512e-07 -1.9463e-07 -1.9421e-07 -1.9364e-07 -1.9343e-07 -1.9373e-07 -1.9351e-07 -1.9322e-07 -1.9295e-07 -1.9219e-07 -1.9202e-07 -1.9169e-07 -1.9203e-07 -1.9238e-07 -1.9268e-07 -1.9299e-07 -1.9352e-07 -1.9412e-07 -1.9425e-07 -1.9449e-07 -1.9459e-07 -1.9508e-07 -1.9533e-07 -1.9543e-07 -1.9548e-07 -1.9581e-07
-1.7464e-07 -1.7024e-07 -1.6812e-07 -1.6073e-07 -1.6251e-07 -1.5893e-07 -1.6471e-07 -1.6547e-07 -1.6687e-07 -1.716e-07 -1.7186e-07 -1.7242e-07 -1.774e-07 -1.8272e-07 -1.8502e-07 -1.8564e-07 -1.8482e-07 -1.8439e-07 -1.8461e-07 -1.8637e-07 -1.8656e-07 -1.846e-07 -1.788e-07 -1.7697e-07 -1.7818e-07 -1.8071e-07 -1.8057e-07 -1.8502e-07 -1.8169e-07 -1.8828e-07 -1.7795e-07 -1.7699e-07 -1.8409e-07 -1.8472e-07 -1.8502e-07 -1.8487e-07 -1.8608e-07 -1.8761e-07 -1.8674e-07 -1.8745e-07 -1.8933e-07 -1.8752e-07 -1.8895e-07 -1.8985e-07 -1.9105e-07 -1.9172e-07 -1.9191e-07 -1.9403e-07 -1.9543e-07 -1.97e-07 -2.0052e-07 -1.966e-07 -2.0124e-07 -2.0523e-07 -2.0495e-07 -2.055e-07 -2.0611e-07 -2.0608e-07 -2.058e-07 -2.0563e-07 -2.0618e-07 -2.0089e-07 -2.0246e-07 -1.9617e-07 -1.9384e-07 -1.9315e-07 -1.9098e-07 -1.8952e-07 -1.8848e-07 -1.8748e-07 -1.8512e-07 -1.8347e-07 -1.8634e-07 -1.8546e-07 -1.7175e-07 -1.6853e-07 -1.6391e-07 -1.5765e-07 -1.5539e-07 -1.6656e-07 -1.4528e-07 -1.297e-07 -1.2856e-07 -1.1992e-07 -1.173e-07 -1.1786e-07 -1.2031e-07 -1.23e-07 -1.2618e-07 -1.2855e-07 -1.3182e-07 -1.3261e-07 -1.3392e-07 -1.3371e-07 -1.3437e-07 -1.6521e-07 -1.5851e-07 -1.7022e-07 -1.6153e-07 -1.7438e-07 -1.7416e-07 -1.7434e-07 -1.7907e-07 -1.797e-07 -1.817e-07 -1.8577e-07 -1.8847e-07 -1.9437e-07 -1.9723e-07 -1.9878e-07 -1.9436e-07 -1.9401e-07 -1.9524e-07 -1.9601e-07 -1.9665e-07 -1.9651e-07 -1.9802e-07 -1.99e-07 -2.0075e-07 -2.0083e-07 -2.0227e-07 -2.0329e-07 -2.0346e-07 -2.0421e-07 -2.0508e-07 -2.0493e-07 -2.0507e-07 -2.0568e-07 -2.0606e-07 -2.0598e-07 -2.0617e-07 -2.0618e-07 -2.0618e-07 -2.0609e-07 -2.0534e-07 -2.0381e-07 -2.0233e-07 -1.9922e-07 -2.0086e-07 -2.04e-07 -2.0554e-07 -2.0582e-07 -2.0596e-07 -2.0607e-07 -2.0617e-07 -2.0616e-07 -2.0618e-07 -2.0446e-07 -2.0401e-07 -2.0376e-07 -2.0376e-07 -2.0399e-07 -2.0454e-07 -2.0448e-07 -2.0436e-07 -2.0447e-07 -2.0517e-07 -2.0595e-07 -2.0618e-07 -2.0617e-07 -2.0611e-07 -2.0584e-07 -2.0518e-07 -2.0483e-07 -2.0324e-07 -2.0159e-07 -1.9929e-07 -1.9794e-07 -1.9359e-07 -1.9209e-07 -1.8518e-07 -1.8502e-07 -1.8418e-07 -1.847e-07 -1.8095e-07 -1.8608e-07 -1.9564e-07 -1.9155e-07 -1.7542e-07 -1.6403e-07
-1.979e-07 -1.9746e-07 -1.967e-07 -1.9644e-07 -1.9612e-07 -1.9626e-07 -1.9573e-07 -1.9437e-07 -1.9435e-07 -1.9454e-07 -1.9454e-07 -1.9441e-07 -1.9381e-07 -1.913e-07 -1.9349e-07 -1.9558e-07 -1.9526e-07 -1.9156e-07 -1.9195e-07 -1.9187e-07 -1.9176e-07 -1.9128e-07 -1.9023e-07 -1.8985e-07 -1.9044e-07 -1.9034e-07 -1.8888e-07 -1.8481e-07 -1.8211e-07 -1.7551e-07 -1.5682e-07 -1.5501e-07 -1.5632e-07 -1.5644e-07 -1.5381e-07 -1.6319e-07 -1.5038e-07 -1.574e-07 -1.6087e-07 -1.6455e-07 -1.5097e-07 -1.322e-07 -1.3576e-07 -1.345e-07 -1.4929e-07 -1.5167e-07 -1.582e-07 -1.6427e-07 -1.692e-07 -1.7406e-07 -1.7254e-07 -1.7844e-07 -1.7929e-07 -1.8084e-07 -1.685e-07 -1.6393e-07 -1.7841e-07 -1.862e-07 -1.8425e-07 -1.6636e-07 -1.7536e-07 -2.0403e-07 -2.0539e-07 -2.0496e-07 -2.0329e-07 -2.017e-07 -2.0429e-07 -2.03e-07 -2.034e-07 -2.0612e-07 -2.06e-07 -2.0617e-07 -2.0389e-07 -2.025e-07 -2.0338e-07 -1.9773e-07 -2.0432e-07 -2.0617e-07 -2.0474e-07 -2.0602e-07 -2.0484e-07 -2.0392e-07 -2.0481e-07 -2.05e-07 -2.0587e-07 -2.0465e-07 -2.0374e-07 -2.0117e-07 -2.0093e-07 -2.0312e-07 -2.0043e-07 -2.0076e-07 -2.0283e-07 -2.0224e-07 -2.0215e-07 -2.024e-07 -2.0275e-07 -2.0355e-07 -2.041e-07 -2.0526e-07 -2.0495e-07 -2.0589e-07 -2.0548e-07 -2.0133e-07 -2.0282e-07 -2.0355e-07 -2.0393e-07 -2.0371e-07 -2.0422e-07 -2.0333e-07 -2.0169e-07 -2.0048e-07 -1.9942e-07 -1.9765e-07 -2.0264e-07 -2.0146e-07 -1.9887e-07 -1.9824e-07 -2.0004e-07 -2.0186e-07 -2.0209e-07 -2.0137e-07 -2.0059e-07 -1.9832e-07 -1.9533e-07 -1.926e-07 -1.9253e-07 -1.9468e-07 -1.9462e-07 -1.963e-07 -1.9758e-07 -1.9846e-07 -1.9948e-07 -1.992e-07 -1.9847e-07 -1.9571e-07 -1.7333e-07 -9.6998e-08 -6.3519e-08 -8.5333e-08 -1.3518e-07 -1.5397e-07 -1.6076e-07 -1.5862e-07 -1.8212e-07 -1.9124e-07 -1.9465e-07 -1.9795e-07 -1.9649e-07 -1.9451e-07 -1.9788e-07 -1.9711e-07 -1.9556e-07 -1.9081e-07 -1.8438e-07 -1.8204e-07 -1.8079e-07 -1.7987e-07 -1.8151e-07 -1.8156e-07 -1.8219e-07 -1.8868e-07 -1.9368e-07 -1.9593e-07 -1.9679e-07 -1.9392e-07 -1.9152e-07 -1.8856e-07 -1.8313e-07 -1.7451e-07 -1.8571e-07 -1.8327e-07 -1.8487e-07 -1.8684e-07 -1.8963e-07 -1.9136e-07 -1.9285e-07 -1.933e-07 -1.9674e-07 -1.9794e-07
-1.9475e-07 -1.9401e-07 -1.9335e-07 -1.9275e-07 -1.9253e-07 -1.9235e-07 -1.9183e-07 -1.9124e-07 -1.9049e-07 -1.8977e-07 -1.8896e-07 -1.8792e-07 -1.867e-07 -1.8579e-07 -1.8626e-07 -1.8597e-07 -1.8515e-07 -1.8363e-07 -1.8216e-07 -1.8103e-07 -1.7977e-07 -1.7815e-07 -1.7652e-07 -1.7458e-07 -1.7223e-07 -1.6919e-07 -1.6667e-07 -1.633e-07 -1.5707e-07 -1.4925e-07 -1.5372e-07 -1.6311e-07 -1.6459e-07 -1.6794e-07 -1.6177e-07 -1.5502e-07 -1.5587e-07 -1.5843e-07 -1.5461e-07 -1.5096e-07 -1.6579e-07 -1.6562e-07 -1.6454e-07 -1.6399e-07 -1.6262e-07 -1.6091e-07 -1.6256e-07 -1.2893e-07 -1.2112e-07 -1.1564e-07 -1.2295e-07 -1.2203e-07 -1.2801e-07 -1.2807e-07 -1.262e-07 -1.2935e-07 -1.3357e-07 -1.1164e-07 -1.0488e-07 -1.0506e-07 -1.4084e-07 -1.1587e-07 -1.2323e-07 -1.3208e-07 -1.0572e-07 -1.2929e-07 -1.2806e-07 -1.3024e-07 -9.8066e-08 -1.2611e-07 -1.0214e-07 -8.118e-08 -6.5142e-08 -6.424e-08 -7.9158e-08 -9.3124e-08 -9.0056e-08 -9.1477e-08 -9.219e-08 -8.2888e-08 -8.525e-08 -8.8565e-08 -1.0225e-07 -9.9258e-08 -9.7307e-08 -1.0443e-07 -1.0993e-07 -1.1162e-07 -1.0725e-07 -1.0862e-07 -1.3033e-07 -1.3155e-07 -1.2417e-07 -9.2514e-08 -1.2996e-07 -1.36e-07 -1.4312e-07 -1.4641e-07 -1.4458e-07 -1.5369e-07 -1.3958e-07 -1.7177e-07 -1.6284e-07 -1.7689e-07 -1.544e-07 -1.3821e-07 -1.3411e-07 -1.506e-07 -1.5787e-07 -1.5599e-07 -1.5294e-07 -1.4411e-07 -1.2616e-07 -1.1973e-07 -1.1287e-07 -1.1369e-07 -1.4526e-07 -1.4403e-07 -1.4856e-07 -1.4934e-07 -1.5399e-07 -1.5393e-07 -1.726e-07 -1.7659e-07 -1.7331e-07 -1.7014e-07 -1.7031e-07 -1.7741e-07 -1.7778e-07 -1.7042e-07 -1.7409e-07 -1.7348e-07 -1.6451e-07 -1.636e-07 -1.5142e-07 -1.092e-07 -4.087e-08 -4.8651e-08 -4.6323e-08 -4.8319e-08 -4.6735e-08 -1.4282e-07 -1.5026e-07 -1.4662e-07 -1.4891e-07 -1.4005e-07 -1.4277e-07 -1.4802e-07 -1.497e-07 -1.4994e-07 -1.5354e-07 -1.6072e-07 -1.6678e-07 -1.6964e-07 -1.7217e-07 -1.793e-07 -1.822e-07 -1.8018e-07 -1.6458e-07 -1.4218e-07 -1.0611e-07 -8.2268e-08 -1.1382e-07 -1.5334e-07 -1.9141e-07 -1.9133e-07 -1.9997e-07 -2.0152e-07 -2.0199e-07 -2.0224e-07 -2.0006e-07 -1.9422e-07 -1.7251e-07 -1.73e-07 -1.8622e-07 -1.9369e-07 -1.9628e-07 -1.9713e-07 -1.965e-07 -1.9555e-07
-1.8281e-07 -1.7964e-07 -1.7951e-07 -1.7239e-07 -1.8424e-07 -1.8113e-07 -1.7908e-07 -1.768e-07 -1.7423e-07 -1.7121e-07 -1.6808e-07 -1.64e-07 -1.5414e-07 -1.5175e-07 -1.6453e-07 -1.6528e-07 -1.6338e-07 -1.6062e-07 -1.5702e-07 -1.5372e-07 -1.5055e-07 -1.4763e-07 -1.464e-07 -1.4373e-07 -1.4119e-07 -1.3756e-07 -1.3275e-07 -1.3048e-07 -1.2863e-07 -1.2609e-07 -1.2274e-07 -1.1035e-07 -1.1321e-07 -1.111e-07 -1.0189e-07 -1.0576e-07 -1.2284e-07 -1.1969e-07 -1.2179e-07 -1.1989e-07 -1.0532e-07 -1.1752e-07 -1.4066e-07 -1.3669e-07 -1.4782e-07 -1.5661e-07 -1.5253e-07 -1.413e-07 -1.3758e-07 -1.4555e-07 -1.3505e-07 -1.4198e-07 -1.2565e-07 -5.3191e-08 -7.7067e-08 -6.0255e-08 -3.7616e-08 -8.2273e-08 -4.1506e-08 -5.1209e-08 -8.0922e-08 -7.0261e-08 -6.3965e-08 -6.7286e-08 -6.7275e-08 -7.2034e-08 -6.7146e-08 -6.627e-08 -7.3575e-08 -8.1632e-08 -7.2041e-08 -8.6812e-08 -1.0243e-07 -1.0029e-07 -9.8131e-08 -9.6549e-08 -1.0154e-07 -1.0137e-07 -1.0356e-07 -1.0088e-07 -6.0603e-08 -1.0843e-07 -1.2177e-07 -1.2552e-07 -1.2744e-07 -1.2575e-07 -1.2684e-07 -1.2594e-07 -1.2801e-07 -1.2871e-07 -1.2985e-07 -1.2809e-07 -1.3584e-07 -1.4827e-07 -1.6055e-07 -1.7638e-07 -1.9946e-07 -2.0578e-07 -1.9616e-07 -1.9174e-07 -1.7177e-07 -1.5243e-07 -1.5589e-07 -1.4829e-07 -1.2701e-07 -1.1112e-07 -9.9559e-08 -7.9208e-08 -8.2431e-08 -9.2657e-08 -1.1097e-07 -8.4821e-08 -7.4885e-08 -6.3216e-08 -6.4289e-08 -5.6848e-08 -5.4015e-08 -4.6115e-08 -4.8411e-08 -4.8814e-08 -5.0937e-08 -4.6815e-08 -5.256e-08 -5.9396e-08 -6.0718e-08 -5.4123e-08 -9.343e-08 -9.0242e-08 -8.3682e-08 -7.7014e-08 -7.1428e-08 -5.0143e-08 -4.4661e-08 -3.5798e-08 -3.2086e-08 -3.4311e-08 -3.7268e-08 -9.4011e-08 -1.576e-07 -1.6926e-07 -1.7171e-07 -1.7375e-07 -1.7457e-07 -1.649e-07 -1.5969e-07 -1.5851e-07 -1.622e-07 -1.5274e-07 -1.4647e-07 -1.4048e-07 -1.3094e-07 -1.2421e-07 -1.1499e-07 -1.3261e-07 -1.2399e-07 -1.0597e-07 -9.3506e-08 -1.1989e-07 -1.3121e-07 -1.2778e-07 -8.6977e-08 -1.016e-07 -1.2758e-07 -1.2826e-07 -1.171e-07 -1.202e-07 -8.7232e-08 -1.3713e-07 -1.8128e-07 -1.9406e-07 -1.9387e-07 -1.8851e-07 -1.8169e-07 -1.6901e-07 -1.5003e-07 -1.8608e-07 -1.8093e-07 -1.8088e-07 -1.8893e-07 -1.8657e-07
-1.6603e-07 -1.6325e-07 -1.626e-07 -1.5596e-07 -1.5702e-07 -1.5948e-07 -1.5926e-07 -1.569e-07 -1.5571e-07 -1.4313e-07 -1.5192e-07 -1.4617e-07 -1.4232e-07 -1.4045e-07 -1.3461e-07 -1.2573e-07 -1.3402e-07 -1.1712e-07 -1.3955e-07 -1.1979e-07 -1.2879e-07 -1.2613e-07 -1.2809e-07 -8.9968e-08 -5.2137e-08 -1.3659e-07 -1.0191e-07 -5.8372e-08 -7.877e-08 -6.9966e-08 -7.6021e-08 -7.5658e-08 -7.809e-08 -7.6465e-08 -7.2277e-08 -7.0165e-08 -6.9964e-08 -7.1314e-08 -8.0023e-08 -8.3297e-08 -8.2539e-08 -1.019e-07 -4.854e-08 -3.889e-08 -1.2116e-07 -1.0667e-07 -1.0788e-07 -1.185e-07 -1.2218e-07 -9.5362e-08 -7.1491e-08 -1.0409e-07 -3.9443e-08 -5.9563e-08 -5.3426e-08 -3.4573e-08 -1.2037e-08 -1.2026e-07 -6.5139e-08 -1.0887e-07 -4.5951e-08 -6.7665e-08 -1.2053e-07 -8.3724e-08 -8.2767e-08 -5.5044e-08 -5.1753e-08 -5.8044e-08 -6.0533e-08 -6.4004e-08 -6.8094e-08 -6.58e-08 -6.7745e-08 -6.6786e-08 -6.9307e-08 -7.241e-08 -7.0016e-08 -6.6076e-08 -6.9639e-08 -8.8428e-08 -7.9947e-08 -6.5107e-08 -8.972e-08 -9.2889e-08 -9.0828e-08 -7.1657e-08 -1.0159e-07 -8.6234e-08 -1.0026e-07 -9.7642e-08 -9.2952e-08 -1.0296e-07 -1.0797e-07 -1.3032e-07 -1.783e-07 -1.7815e-07 -1.9429e-07 -1.7532e-07 -1.4413e-07 -1.2311e-07 -1.2904e-07 -1.0856e-07 -1.047e-07 -9.8735e-08 -9.2306e-08 -7.3e-08 -8.8764e-08 -7.8101e-08 -9.9639e-08 -7.6047e-08 -1.1271e-07 -8.7979e-08 -1.0222e-07 -1.0212e-07 -1.2961e-07 -1.3692e-07 -7.8249e-08 -6.2738e-08 -3.8176e-08 -3.3495e-08 -2.8623e-08 -2.994e-08 -2.7664e-08 -2.9308e-08 -2.5176e-08 -2.8331e-08 -3.2096e-08 -2.7389e-08 -2.9351e-08 -2.5484e-08 -3.1268e-08 -3.3028e-08 -2.5255e-08 -2.7159e-08 -2.6797e-08 -2.6483e-08 -2.0296e-08 -1.8893e-08 -2.5155e-08 -2.5264e-08 -2.555e-08 -2.1632e-08 -5.0729e-08 -8.6274e-08 -6.826e-08 -1.1506e-07 -1.5124e-07 -1.5085e-07 -1.5047e-07 -1.5688e-07 -1.53e-07 -1.4603e-07 -1.154e-07 -1.382e-08 -2.8978e-08 -1.0965e-07 -1.2511e-07 -8.0592e-08 -1.6541e-07 -1.634e-07 -1.2193e-07 -1.5908e-07 -1.748e-07 -1.8102e-07 -1.8399e-07 -1.7897e-07 -1.8488e-07 -1.6476e-07 -1.776e-07 -1.7937e-07 -1.7879e-07 -1.7579e-07 -1.6876e-07 -1.8293e-07 -1.864e-07 -1.812e-07 -1.7633e-07 -1.7105e-07 -1.7083e-07 -1.6996e-07
-1.1275e-07 -1.327e-07 -1.3848e-07 -1.4041e-07 -1.4627e-07 -1.2718e-07 -1.3032e-07 -1.0402e-07 -1.0788e-07 -1.0487e-07 -1.0737e-07 -1.0589e-07 -7.7652e-08 -9.3269e-08 -9.7609e-08 -9.3448e-08 -8.5447e-08 -8.6407e-08 -7.5625e-08 -8.6431e-08 -9.1426e-08 -8.7205e-08 -9.1552e-08 -8.1937e-08 -8.8204e-08 -7.7162e-08 -5.9766e-08 -5.2999e-08 -6.6583e-08 -5.7369e-08 -6.0104e-08 -5.7588e-08 -5.715e-08 -5.7525e-08 -5.7868e-08 -5.6497e-08 -5.9812e-08 -5.7732e-08 -5.9524e-08 -5.9359e-08 -6.0805e-08 -5.8685e-08 -6.5405e-08 -7.7562e-08 -8.3126e-08 -1.009e-07 -1.3913e-07 -8.4195e-08 -1.457e-07 -1.2716e-07 -6.1704e-08 -8.0644e-08 -9.428e-08 -1.3466e-07 -1.2457e-07 -1.0795e-07 -9.3062e-08 -9.4834e-08 -8.4607e-08 -8.8546e-08 -6.3877e-08 -4.7729e-08 -6.2811e-08 -5.761e-08 -4.1196e-08 -3.8923e-08 -4.1437e-08 -3.8158e-08 -3.8198e-08 -4.1733e-08 -4.5046e-08 -4.6538e-08 -5.1532e-08 -5.0319e-08 -5.3678e-08 -5.405e-08 -5.6636e-08 -6.5556e-08 -8.3497e-08 -8.1494e-08 -8.7493e-08 -9.9278e-08 -1.0424e-07 -1.1618e-07 -9.7258e-08 -8.1318e-08 -9.3071e-08 -9.0381e-08 -1.0653e-07 -9.6805e-08 -9.5484e-08 -1.0023e-07 -1.2698e-07 -1.3812e-07 -1.4677e-07 -1.5752e-07 -1.8204e-07 -1.9618e-07 -1.4095e-07 -4.7725e-08 -1.6557e-08 -1.984e-09 -5.4916e-10 -1.0473e-07 -8.3055e-08 -9.4327e-08 -9.1505e-08 -7.6056e-08 -9.8345e-08 -7.1093e-08 -9.3658e-08 -9.6704e-08 -1.0229e-07 -6.4059e-08 -3.2827e-08 -4.9655e-08 -9.7466e-08 -1.085e-07 -1.3937e-07 -1.5446e-07 -1.6058e-07 -1.8026e-07 -1.861e-07 -1.5871e-07 -1.1125e-07 -7.4589e-08 -5.0405e-08 -5.2251e-08 -6.0943e-08 -7.8501e-08 -1.2416e-07 -6.534e-08 -4.7408e-08 -1.1437e-07 -6.778e-08 -4.9028e-08 -2.3146e-08 -3.1713e-08 -5.2435e-08 -6.0642e-08 -9.1472e-08 -8.9987e-08 -1.0627e-07 -6.5534e-08 -1.6839e-08 -2.1079e-08 -3.539e-08 -4.6218e-08 -1.0168e-07 -9.9811e-08 -9.5391e-08 -1.5244e-07 -1.0273e-07 -7.7639e-08 -7.7101e-08 -1.4122e-07 -1.6359e-07 -1.5829e-07 -1.7033e-07 -1.6792e-07 -1.6234e-07 -1.7115e-07 -1.7152e-07 -1.572e-07 -1.6444e-07 -1.671e-07 -1.5968e-07 -1.5323e-07 -1.5014e-07 -1.5152e-07 -1.575e-07 -1.5155e-07 -1.3705e-07 -1.5783e-07 -1.5646e-07 -1.5262e-07 -1.3936e-07 -1.2802e-07 -1.2093e-07 -1.3451e-07
-9.6286e-08 -8.8064e-08 -1.0651e-07 -9.5529e-08 -1.0884e-07 -1.1033e-07 -1.0099e-07 -3.9064e-08 -8.3524e-08 -9.0231e-08 -1.2118e-08 1.3001e-08 -7.2947e-08 -6.2296e-08 -6.106e-08 -5.1167e-08 -6.9537e-08 -5.9614e-08 -5.9489e-08 -7.4449e-08 -7.4127e-08 -5.3695e-08 -5.3832e-08 -4.0321e-08 -5.297e-08 -4.6612e-08 -4.2615e-08 -4.04e-08 -4.2787e-08 -4.554e-08 -4.5235e-08 -4.6963e-08 -4.3677e-08 -4.678e-08 -8.2071e-08 -5.2544e-08 -5.2053e-08 -5.359e-08 -5.5991e-08 -5.6458e-08 -6.1258e-08 -6.5602e-08 -6.4901e-08 -6.4202e-08 -6.0641e-08 -5.5899e-08 -6.2913e-08 -7.0394e-08 -8.6142e-08 -9.5358e-08 -8.5208e-08 -1.261e-07 -1.3651e-07 -1.0993e-07 -6.7219e-08 -6.0279e-08 -6.6495e-08 -3.8178e-08 -2.5559e-08 -2.29e-08 -2.0127e-08 -2.1735e-08 -2.6125e-08 -3.0513e-08 -3.3187e-08 -3.379e-08 -3.6753e-08 -5.4701e-08 -3.7819e-08 -4.7238e-08 -6.0339e-08 -7.3183e-08 -7.611e-08 -8.9895e-08 -9.4555e-08 -8.8454e-08 -9.6001e-08 -8.1375e-08 -9.5569e-08 -9.3662e-08 -8.8103e-08 -8.4008e-08 -7.5945e-08 -9.2509e-08 -6.4412e-08 -8.4677e-08 -8.5068e-08 -7.1896e-08 -8.6378e-08 -8.6411e-08 -9.4013e-08 -1.1711e-07 -1.2636e-07 -1.0353e-07 -9.2108e-08 -9.0385e-08 -8.987e-08 -8.9198e-08 -8.361e-08 -9.4193e-08 -1.0714e-07 -9.8745e-08 -9.8355e-08 -1.026e-07 -7.8458e-08 -7.3858e-08 -7.34e-08 -8.5944e-08 -8.8942e-08 -9.7957e-08 -1.0473e-07 -1.1724e-07 -1.4783e-07 -1.3027e-07 -1.2342e-07 -1.578e-07 -1.3319e-07 -1.4285e-07 -1.5656e-07 -1.4667e-07 -1.6131e-07 -1.6506e-07 -1.1912e-07 -9.3792e-08 -1.0671e-07 -9.9367e-08 -1.4856e-08 -1.367e-07 -1.2361e-07 -1.2285e-07 -1.1385e-07 -7.2352e-08 -8.2027e-08 -9.4041e-08 -9.9141e-08 -1.1341e-07 -8.8788e-08 -1.582e-07 -1.7689e-07 -1.9283e-07 -1.9504e-07 -1.7047e-07 -4.2376e-09 -1.7084e-08 -7.7821e-09 -1.0848e-07 -5.3557e-08 -1.0183e-07 -4.041e-08 -1.4611e-08 -2.7238e-08 -3.3801e-08 -4.0427e-08 -3.8273e-08 -2.8025e-08 -1.1933e-07 -1.8065e-07 -1.8237e-07 -1.8301e-07 -1.8246e-07 -1.8344e-07 -1.7645e-07 -1.3895e-07 -1.4624e-07 -1.3322e-07 -1.7018e-07 -1.6644e-07 -1.5592e-07 -1.5111e-07 -1.5159e-07 -1.4691e-07 -1.465e-07 -1.4425e-07 -1.2794e-07 -1.2709e-07 -1.2133e-07 -1.114e-07 -1.1505e-07 -1.1084e-07 -1.0651e-07
-3.6217e-09 -9.7868e-08 -4.4158e-08 -4.5017e-08 -5.5342e-08 -8.1005e-08 -1.7132e-08 -4.4789e-08 -4.2741e-08 -4.4314e-08 -8.0987e-08 -1.0829e-07 -1.16e-08 -8.5054e-08 -6.0521e-08 -4.483e-08 -4.868e-08 -4.9277e-08 -5.4875e-08 -6.5197e-08 -7.7862e-08 -1.0488e-07 -1.9783e-08 -1.196e-07 -1.0123e-07 -3.0018e-08 -5.2384e-08 -5.4291e-08 -5.1979e-08 -4.7301e-08 -4.5371e-08 -4.568e-08 -3.6772e-08 -6.7789e-08 -7.172e-08 -9.8926e-08 -8.1344e-08 -5.0735e-08 -6.0577e-08 -5.5829e-08 -5.5968e-08 -5.3226e-08 -6.1046e-08 -5.6773e-08 -5.3719e-08 -5.4038e-08 -5.3244e-08 -7.3925e-08 -2.2315e-08 3.9122e-08 3.8586e-08 4.5594e-08 4.3531e-08 -6.9962e-08 -2.7671e-08 -2.7671e-08 -1.3569e-08 -9.7315e-09 -8.0337e-09 -6.3307e-09 -5.7926e-09 -7.7887e-09 -1.3122e-08 -2.0842e-08 -1.7849e-08 -5.0775e-08 -3.8186e-08 -2.2506e-08 -2.0753e-08 -2.0866e-08 -2.5699e-08 -4.9027e-08 -6.6972e-08 -5.5547e-08 -6.8015e-08 -7.8627e-08 -8.5439e-08 -7.5763e-08 -5.7917e-08 -8.9195e-08 -8.8483e-08 -8.7909e-08 -8.4595e-08 -5.766e-08 -7.1931e-08 -5.075e-08 -3.8116e-08 -4.1793e-08 -5.2148e-08 -4.7649e-08 -7.8433e-08 -8.1524e-08 -1.0988e-07 -7.9791e-08 -8.1946e-08 -7.3272e-08 -5.8503e-08 -5.6517e-08 -5.6982e-08 -5.9186e-08 -5.5789e-08 -5.5212e-08 -4.7691e-08 -5.2317e-08 -5.9612e-08 -6.5539e-08 -5.3476e-08 -9.201e-08 -9.7919e-08 -1.0958e-07 -1.4041e-07 -1.625e-07 -1.4648e-07 -1.1621e-07 -8.2021e-08 -1.0511e-07 -8.9316e-08 -9.8752e-08 -9.0555e-08 -1.1792e-07 -1.0748e-07 -1.3578e-07 -1.4899e-07 -1.537e-07 -1.3213e-07 -1.3459e-07 -1.1035e-07 -1.0834e-07 -8.7041e-08 -8.9864e-08 -9.3353e-08 -8.3945e-08 -8.0432e-08 -7.2612e-08 -6.4312e-08 -6.2807e-08 -6.4366e-08 -5.254e-08 -8.1577e-08 -1.1031e-07 -7.4585e-08 -1.7053e-07 -1.6201e-07 -1.2185e-07 -1.1409e-07 -1.0918e-07 -1.0325e-07 -7.9008e-08 -7.0003e-09 -4.8288e-08 -7.0204e-08 -1.3155e-07 -6.9406e-08 -3.672e-08 -1.1532e-08 -5.8843e-10 -4.8138e-08 -1.2886e-07 -1.8009e-07 -1.5857e-07 -1.7164e-07 -1.5516e-07 -1.2211e-07 -1.1281e-07 -1.6087e-07 -1.4333e-07 -1.1193e-07 -1.0124e-07 -1.1229e-07 -8.2365e-08 -1.4957e-08 -3.6834e-08 -6.9888e-08 -8.14e-08 -7.9866e-08 -8.4565e-08 -7.0538e-08 -8.612e-08 -8.1428e-08 -9.9527e-09
-1.9663e-08 -1.6678e-08 -8.2351e-09 -3.2782e-09 2.313e-09 1.5103e-08 2.4527e-08 1.9264e-08 2.0022e-08 2.1379e-08 2.109e-08 -3.1721e-08 -8.5253e-08 -1.0898e-07 -1.5227e-07 -1.5125e-07 -1.0618e-07 -9.3758e-08 -3.1857e-09 -7.5422e-08 -6.9056e-08 -8.3278e-08 -9.9583e-08 -9.3089e-08 4.4176e-08 -3.9107e-08 -4.4783e-08 -4.2829e-08 -5.2558e-08 -7.0505e-08 -6.333e-08 -7.1263e-08 -7.2228e-08 -5.5991e-08 -6.3037e-08 -6.6407e-08 -7.2672e-08 -4.6409e-08 -5.9992e-08 -5.8092e-08 -4.7177e-08 -6.0866e-08 -4.8784e-08 -5.6888e-08 -5.2749e-08 -4.9746e-08 -7.3069e-08 -8.8442e-08 -8.3457e-08 -2.6812e-10 4.0545e-08 3.5132e-08 4.9712e-08 -8.9301e-08 -1.7155e-08 -5.7236e-09 -1.6765e-09 2.9098e-09 -2.7927e-09 -1.1236e-09 4.45e-09 -2.1641e-08 -3.2468e-08 -2.2443e-08 -1.2867e-08 -7.1688e-09 6.057e-10 -1.8606e-08 -1.743e-08 -9.1789e-08 -6.8551e-08 -5.1863e-08 -6.4771e-08 -5.0403e-08 -7.5754e-08 -5.6624e-08 -7.2253e-08 -1.1081e-07 -1.2581e-07 -1.3573e-07 -1.4173e-07 -6.5861e-08 -7.2594e-08 -7.4164e-08 -5.7973e-08 -5.6958e-08 -4.4433e-08 -6.1761e-08 -3.8264e-08 -5.3016e-08 -8.6661e-09 -1.8731e-08 -5.491e-08 -4.7184e-08 -4.8208e-08 -6.2419e-08 -6.8831e-08 -1.1655e-07 -7.0226e-08 -4.6981e-08 -3.3736e-08 -5.8316e-08 -5.4302e-08 -5.3529e-08 -5.5591e-08 -5.1414e-08 -8.0862e-08 -1.4395e-07 -1.2442e-07 -1.001e-07 -9.7118e-08 -8.8329e-08 -8.7417e-08 -7.2986e-08 -7.0938e-08 -7.835e-08 -5.6732e-08 -7.1805e-08 -6.1371e-08 -5.402e-08 -6.0703e-08 -4.3313e-08 -4.0691e-08 -5.8302e-08 -3.3842e-08 -7.4222e-08 -1.2171e-07 -1.0592e-07 -5.5684e-09 -5.8836e-09 -8.9069e-08 -7.3835e-08 -8.9451e-08 -1.6226e-07 -1.1302e-07 -9.8836e-08 -9.1377e-08 -1.204e-07 -1.4526e-07 -1.2244e-07 -8.0974e-08 -1.3078e-07 -6.3406e-08 -5.7642e-08 -3.3989e-08 -3.1336e-08 -3.4459e-08 -5.971e-08 -5.8739e-08 -4.1448e-08 -1.9641e-08 -2.8253e-08 -7.8379e-09 -2.3601e-08 3.4117e-08 4.408e-08 3.9954e-08 1.8027e-08 -7.0566e-09 -3.1366e-08 -9.8508e-09 -2.6079e-08 -4.3665e-08 -1.5528e-08 -9.0296e-10 -6.4827e-09 -6.9293e-09 -2.0987e-08 -3.3248e-08 1.0144e-08 -2.7914e-08 -2.3179e-09 -1.1361e-08 -8.4717e-09 -5.3292e-08 -5.3427e-08 -4.8433e-08 -3.9277e-08 -7.0551e-08 -1.8147e-08
-7.167e-08 -6.6456e-08 -3.7328e-08 -1.5931e-08 -5.1827e-08 4.9223e-08 4.311e-08 1.9368e-08 2.9626e-08 2.7538e-08 2.4129e-08 1.0053e-08 -3.972e-08 -2.948e-08 -6.152e-08 -3.8713e-08 -1.359e-07 -1.2367e-07 -9.03e-08 -5.9152e-08 -2.9655e-08 -4.887e-08 -6.6297e-08 -6.8278e-08 -8.8803e-08 -2.8673e-08 -5.4987e-08 -4.117e-08 -7.3654e-08 -1.5229e-08 -1.0102e-07 -9.4701e-08 -1.0153e-07 -8.0122e-08 -7.652e-08 -6.8891e-08 -4.6997e-08 -4.4685e-08 -3.6252e-08 -3.6325e-08 -2.8392e-08 -3.6391e-08 -3.8903e-08 -3.388e-08 -3.3113e-08 2.4223e-08 -4.9668e-08 -2.4483e-08 -2.3653e-08 -2.5547e-08 -2.1582e-08 -1.0494e-08 -1.004e-08 -1.413e-09 6.0541e-11 -4.8044e-09 -1.986e-09 -1.4979e-11 -1.6659e-08 -1.686e-08 -3.3016e-08 -1.6081e-09 -4.9407e-09 7.2834e-09 -4.1006e-09 -2.1352e-08 -7.2562e-08 -7.0143e-08 -6.5637e-08 -6.6216e-08 -7.0626e-08 -5.6351e-08 -6.1157e-08 -4.4824e-08 -3.5587e-08 -1.7583e-08 -2.8769e-08 -8.1361e-08 -1.2121e-07 -1.018e-07 -9.1061e-08 -5.1228e-08 -4.6665e-08 -8.6394e-08 -8.9644e-08 -1.0688e-07 -1.0145e-07 -1.0498e-07 -8.4281e-08 -6.1707e-08 -5.9511e-08 -4.8888e-08 -1.1249e-07 -4.5709e-08 -3.9013e-08 -4.5902e-08 -3.3854e-08 -3.4221e-08 -3.6123e-08 -3.1537e-08 -3.6331e-08 -3.9435e-08 -3.365e-08 -4.0598e-08 -5.9515e-08 -8.3661e-08 -1.3646e-07 -4.8895e-08 -3.2379e-08 -4.2487e-08 -5.8319e-08 -7.3881e-08 -6.5101e-08 -7.4834e-08 -6.2996e-08 -1.0116e-07 -1.0433e-07 -5.974e-08 -2.7271e-08 -1.0375e-08 4.5307e-09 -6.8951e-09 -3.7599e-09 2.6393e-09 1.4798e-09 -5.5689e-09 -3.6056e-08 -7.2074e-08 -9.4577e-08 -9.2869e-08 -5.1069e-08 -6.4985e-08 -6.8513e-08 -6.2662e-08 7.4393e-09 -7.7102e-08 -1.6804e-07 -1.4791e-07 -1.3677e-07 -1.3193e-07 -1.1822e-07 -1.1835e-07 -1.4292e-07 -1.3504e-07 -9.8055e-08 -6.1191e-08 -5.0734e-08 -7.179e-08 -2.9036e-08 -2.3817e-08 -2.3878e-08 -1.6939e-08 -5.7884e-08 -1.7265e-07 -2.5253e-08 3.284e-08 2.1338e-08 -1.3827e-07 3.2819e-08 2.6659e-08 2.1661e-08 4.4727e-09 -1.5556e-09 -8.1331e-09 -2.8851e-08 -5.1928e-08 -7.0998e-08 -6.0252e-08 -1.2088e-07 -1.3855e-07 -6.7939e-08 -1.3435e-08 -2.2104e-08 -3.8154e-08 -5.0428e-08 -6.3229e-08 -7.1251e-08 -7.8578e-08 -6.0065e-08 -6.0175e-08
3.6956e-08 -7.6603e-08 -9.6606e-08 -3.8771e-08 -3.6513e-08 -2.7438e-08 -2.4644e-08 2.7287e-08 2.1631e-08 2.8934e-08 3.1332e-08 3.09e-08 2.0306e-08 1.2146e-08 -1.7549e-08 -4.2532e-08 -6.8031e-08 -1.0272e-07 -1.0883e-07 -1.2841e-07 -1.2933e-07 -1.4546e-07 -1.2514e-07 -1.2302e-07 -9.6438e-08 -9.9009e-08 -1.0748e-07 -1.1321e-07 -6.6889e-08 -1.3065e-07 -1.2998e-07 -1.2334e-07 -7.685e-08 3.1133e-08 -9.3684e-08 -7.5244e-08 -7.3599e-08 1.9815e-09 -4.193e-08 -3.9265e-08 -3.1013e-08 -3.193e-08 -3.5119e-08 -3.3614e-08 -3.2436e-08 -2.8226e-08 -3.1575e-08 -2.2438e-08 -2.1495e-08 -2.6079e-08 -2.2919e-08 -1.493e-08 -1.174e-08 -1.1419e-08 -1.7504e-08 -4.8412e-09 6.9976e-09 -2.8448e-09 2.8355e-09 -4.2488e-09 -4.9e-08 -1.7105e-08 9.9032e-10 4.6693e-10 -1.8589e-08 -3.2029e-08 5.4936e-08 5.5323e-08 4.8844e-08 -6.4123e-08 -5.1653e-08 -4.7599e-08 -4.3126e-08 -2.6842e-08 -1.3894e-08 -4.5708e-08 -7.4453e-08 -1.1588e-07 -1.1095e-07 -1.333e-07 -1.1172e-07 -1.1021e-07 -7.7066e-08 -8.6745e-08 -6.0609e-08 -6.9517e-08 -5.9722e-08 -5.8116e-08 -5.9193e-08 -5.9439e-08 -5.5726e-08 -4.2146e-08 -4.9212e-08 -3.7051e-08 -4.1741e-08 -3.1332e-08 -4.1385e-08 -4.5504e-08 -4.2267e-08 -5.956e-08 -5.5782e-08 -1.1307e-07 -1.2721e-07 -1.2407e-07 -1.4597e-07 -1.0976e-07 -4.4016e-09 3.1637e-08 2.7859e-08 -1.9809e-09 -1.2436e-08 -4.7954e-08 -4.5011e-08 -7.3843e-08 -5.9907e-08 -6.8786e-08 -3.6702e-08 -2.1809e-08 -1.2429e-09 1.7014e-09 -2.4001e-10 -1.183e-09 3.744e-09 3.0054e-09 -2.7006e-09 1.4768e-08 1.383e-08 2.3251e-08 2.4276e-08 -1.2236e-08 -7.2662e-08 -1.2114e-07 -7.6749e-08 -6.0706e-08 -1.1909e-07 -1.3178e-07 -1.3959e-07 -1.6182e-07 -1.2876e-07 -1.7263e-07 -1.5968e-07 -1.3586e-07 -1.3409e-07 -6.2754e-08 -9.0166e-08 -9.4714e-08 -1.2865e-07 -1.0531e-07 -7.0523e-08 -4.3056e-08 -1.7039e-08 9.9354e-10 -2.9067e-08 -1.3941e-08 -3.6507e-09 -4.6983e-10 1.8957e-09 6.3395e-09 -2.3334e-08 -8.6998e-09 -1.3924e-08 -9.4356e-09 -2.6029e-08 -4.4107e-08 -2.2323e-08 -2.6839e-08 -2.6631e-08 -2.7786e-08 -3.2598e-08 -6.7846e-08 -1.5561e-08 -3.5542e-08 -4.0632e-08 -5.744e-08 -9.3755e-08 -4.1795e-08 -9.7983e-08 -1.0018e-07 -9.5323e-08 -5.7364e-08
-6.8606e-08 -9.8584e-08 -1.2121e-07 -8.9137e-08 -8.5509e-08 -1.4565e-08 -5.9554e-10 2.8643e-08 1.904e-08 2.3033e-08 2.1664e-08 2.8849e-08 2.9262e-08 2.931e-08 2.3169e-08 1.0203e-08 -2.8291e-10 -5.129e-09 -1.3755e-08 -4.0529e-08 -8.1169e-08 -9.1308e-08 -8.5489e-08 -1.0218e-07 -7.4132e-08 -8.0903e-08 -1.0542e-07 -3.5451e-08 -5.3342e-08 -1.0312e-07 -1.1852e-07 -9.6359e-08 -1.1217e-07 -9.3843e-08 -7.8725e-08 -6.8383e-08 -6.6332e-08 -6.0213e-08 -5.7796e-08 -3.9622e-08 -3.778e-08 -2.9339e-08 -2.6548e-08 -2.6029e-08 -1.8849e-08 -1.6151e-08 -1.8684e-08 -1.963e-08 -1.7657e-08 -1.8543e-08 -2.7442e-08 -3.5057e-08 -4.0989e-08 -2.9884e-08 -1.8131e-08 -7.4472e-09 -7.3214e-09 -6.5612e-09 -1.6352e-08 -8.6829e-08 1.5374e-08 6.7816e-09 1.8657e-08 3.2562e-08 -1.7685e-08 1.1573e-08 2.2399e-08 2.5624e-08 -3.8078e-08 -4.5061e-08 -2.5877e-08 -3.7416e-08 -3.1445e-08 -2.0274e-08 -3.2314e-09 -1.3014e-08 -5.338e-08 -6.9104e-08 -9.9598e-08 -1.2402e-07 -1.2313e-07 -1.0128e-07 -2.9781e-08 -7.6312e-08 -6.1801e-08 -5.8514e-08 -5.9313e-08 -6.5714e-08 -8.5941e-08 -5.5129e-08 -5.4831e-08 -5.1899e-08 -5.6288e-08 -4.1676e-08 -5.6697e-08 -3.8398e-08 -1.7184e-08 -3.1698e-08 -5.3976e-08 -4.7696e-08 -6.8346e-08 -6.5542e-08 -7.5991e-08 -8.4571e-08 -1.1348e-07 -8.9962e-08 -1.0144e-07 -8.0746e-08 -7.1281e-08 -8.0522e-08 -8.3418e-08 -9.2755e-08 -8.3884e-08 -3.2304e-08 -1.203e-08 2.6574e-08 2.4184e-08 9.8728e-09 -3.1678e-09 -1.1565e-08 -1.0849e-08 3.8388e-09 1.6201e-08 1.3577e-08 2.2855e-08 1.9055e-08 1.6272e-08 2.0246e-08 1.976e-08 2.7122e-08 -5.1512e-08 -5.7116e-08 -6.1642e-08 -7.1576e-08 3.9966e-08 -1.1003e-07 -1.1392e-07 -1.0506e-07 -6.5502e-08 -1.5018e-07 -1.5241e-07 -1.5152e-07 -1.2123e-07 -1.1834e-07 -1.1452e-07 -1.4228e-07 -1.5027e-07 -6.2384e-08 -8.2986e-08 -1.0938e-07 -3.3698e-08 -4.9815e-08 -5.7336e-08 -1.6977e-08 -1.9803e-08 -1.3216e-07 -8.8779e-08 -7.3495e-08 -2.4729e-08 -5.0391e-08 -9.7242e-08 -8.5639e-08 -2.2128e-08 -5.5879e-08 -3.399e-08 -1.4173e-08 -2.6452e-08 -1.8858e-08 -2.2281e-08 -2.5033e-08 -5.2694e-08 -6.1506e-08 -7.5425e-08 -1.213e-07 -4.6188e-08 -2.7271e-08 -6.2988e-08 -7.633e-08 -1.0497e-07 -1.1257e-07
-7.0521e-08 -7.2847e-08 -3.4947e-08 -9.3825e-08 -1.1374e-07 -7.8543e-08 -3.4122e-08 -2.1274e-08 -2.9652e-10 -7.325e-09 1.3871e-08 1.8547e-09 3.2762e-08 1.7825e-08 1.9381e-08 9.7512e-09 1.4813e-08 1.7288e-08 1.1465e-08 -2.6554e-08 -7.2564e-08 -7.5079e-08 -9.6482e-08 -8.8808e-08 -9.567e-08 -8.4234e-08 -8.3761e-08 -9.8174e-08 -1.0257e-07 -9.667e-08 -1.0121e-07 -8.9903e-08 -7.0613e-08 -6.9291e-08 -7.216e-08 -9.0432e-08 -1.0435e-07 -7.6752e-08 -4.3824e-08 -6.6518e-08 -2.8818e-08 -5.6807e-08 -7.2456e-08 -3.9465e-08 -3.5122e-08 -3.5468e-08 -5.4348e-08 -2.8019e-08 -3.4508e-08 -3.5222e-08 -5.4618e-08 -4.5848e-08 -9.5315e-09 1.8705e-08 -5.4091e-09 -7.2025e-08 -3.2991e-08 1.1368e-08 2.0455e-10 3.8997e-09 -1.1162e-09 -2.4908e-09 8.3101e-09 2.431e-08 4.451e-08 3.1714e-08 -2.3091e-08 3.5585e-08 -3.6305e-08 7.769e-09 -1.2936e-08 -3.1243e-08 -2.7045e-08 -3.8668e-08 -2.931e-08 1.0693e-08 2.1399e-08 1.3472e-08 6.3477e-09 -2.6273e-08 -4.4037e-08 -7.7337e-08 -6.895e-08 -7.1248e-08 -6.9829e-08 -6.5095e-08 -5.4623e-08 -5.4802e-08 -5.4146e-08 -5.805e-08 -5.9586e-08 -5.8083e-08 -4.8664e-08 -5.4915e-08 -5.0453e-08 -6.5966e-08 -5.3897e-08 -4.7931e-08 -6.0738e-08 -3.9847e-08 -3.697e-08 -6.1368e-08 -5.5349e-08 -3.9154e-08 -5.1913e-08 -7.2189e-08 -8.8783e-08 -1.066e-07 -1.0361e-07 -1.1911e-07 -7.8997e-08 -6.8608e-08 -3.8728e-08 1.0172e-08 3.7822e-08 4.1299e-08 4.3004e-08 2.9651e-08 1.579e-08 9.6557e-09 6.0962e-09 3.2254e-09 8.292e-09 1.1878e-08 2.7782e-08 3.2438e-08 2.5275e-08 2.2462e-08 2.4452e-08 2.6499e-08 1.2002e-08 -3.6439e-08 -4.6564e-08 -2.4399e-08 -6.014e-08 -9.8178e-08 -1.1916e-07 -1.0714e-07 -1.1826e-07 -1.6372e-07 -4.0183e-08 -1.3412e-07 -9.1247e-08 -9.8569e-08 -1.0127e-07 -1.2323e-07 -1.3448e-07 -1.4632e-07 -1.6121e-07 -1.3114e-07 -9.8813e-08 -6.2754e-08 -8.4588e-08 -7.9893e-08 -5.1255e-08 -2.1027e-08 1.1667e-09 3.4806e-09 -1.9984e-08 -3.1098e-08 -7.466e-08 -6.6139e-08 -4.9759e-08 -5.255e-08 -6.107e-08 -1.3071e-07 -1.332e-07 -1.0693e-07 -6.6739e-08 -4.134e-08 -2.9424e-08 -2.3268e-08 -3.9076e-08 -1.6395e-08 -1.966e-08 -9.5408e-08 -5.8418e-08 -4.9476e-08 -5.4521e-08 -1.9564e-08
-6.087e-09 -7.8676e-08 -1.1929e-07 -7.3011e-08 -4.5612e-08 -2.7652e-08 -2.9325e-08 -8.587e-08 -7.5347e-08 -5.6247e-08 -9.4878e-08 -7.5332e-08 -2.3474e-08 -7.6033e-08 5.201e-08 -6.8648e-08 -3.4019e-08 -3.7913e-08 1.4417e-08 -1.7947e-08 -2.5712e-08 -3.0027e-08 -2.6374e-08 -8.0867e-08 -9.3849e-08 -1.1182e-07 -1.0538e-08 -5.4857e-08 -9.6193e-08 -8.9642e-08 -5.1099e-08 -2.3381e-08 -2.0423e-08 -2.9945e-08 -2.6797e-08 -5.2546e-08 -8.8932e-08 -7.3006e-08 -7.9927e-08 -8.2236e-08 -4.4751e-08 -1.0268e-07 -6.6677e-08 -3.4057e-08 -6.3255e-08 -1.3605e-07 -1.8518e-08 -4.3639e-09 -3.0194e-10 -4.6e-09 -7.1839e-09 4.3815e-09 2.8767e-09 -2.617e-08 -6.0295e-08 1.9107e-08 1.9326e-08 2.149e-09 2.0182e-08 1.904e-08 1.507e-08 7.1682e-10 1.2312e-08 1.7331e-08 3.4699e-08 5.1478e-08 3.9196e-08 -4.051e-09 4.2541e-08 4.3627e-08 3.1783e-08 1.0986e-08 -6.2677e-08 9.1384e-09 2.4446e-08 -1.4312e-08 -2.7849e-08 -1.9335e-08 -3.2935e-08 -5.8871e-08 -1.2728e-07 -1.2525e-07 -7.1848e-08 -4.7669e-08 -6.9488e-08 -7.6221e-08 -8.6508e-08 -5.9271e-08 -5.0089e-08 -5.3072e-08 -4.7823e-08 -5.5317e-08 -5.3725e-08 -3.8627e-08 -4.7385e-08 -4.1754e-08 -4.5882e-08 -6.0949e-08 -4.9546e-08 -3.939e-08 -3.1765e-08 -4.5312e-08 -5.202e-08 -5.282e-08 -9.872e-08 -5.1212e-08 -5.8965e-08 -5.6385e-08 -5.4229e-08 -4.2888e-08 -3.1628e-08 -2.428e-08 -1.4098e-08 2.9896e-09 2.3455e-08 2.9607e-08 -7.1158e-09 -1.1721e-08 -8.3621e-09 -2.8602e-08 5.4107e-08 3.1218e-08 -2.022e-08 1.1425e-09 1.702e-08 2.3225e-08 3.5014e-08 3.9652e-08 2.0628e-08 3.8364e-08 5.1542e-08 4.0361e-08 -1.2816e-07 2.7347e-08 1.521e-08 -4.2517e-09 -1.0216e-07 -8.8725e-08 -9.075e-08 -5.2661e-08 -1.2078e-07 -1.2751e-07 -1.3439e-07 -1.2716e-07 -1.2221e-07 -1.2881e-07 -1.287e-07 -1.4383e-07 -1.2607e-07 -1.308e-07 -1.1016e-07 -1.1065e-07 -1.0604e-07 -9.8504e-08 -9.4632e-08 -8.3582e-09 3.7572e-08 3.0114e-08 2.9123e-08 1.9107e-08 4.2459e-09 -1.6848e-08 -3.5615e-08 -5.6436e-08 -6.2415e-08 -9.2493e-08 -1.2209e-07 -1.0084e-07 -9.597e-08 -1.6044e-07 -1.1121e-07 -5.1578e-08 -3.9294e-08 -6.1881e-08 -1.3663e-07 -1.0863e-07 -9.5308e-08 -2.1029e-08 -1.6851e-08 -1.9132e-08
4.6987e-09 -3.8963e-08 -5.445e-08 -2.8162e-08 -2.9816e-08 -4.5184e-08 -1.4015e-07 -9.1289e-08 -7.5585e-08 -9.198e-08 -4.9672e-08 -9.2477e-08 -7.4438e-08 -1.3524e-07 -5.9375e-08 -7.7713e-09 -4.5156e-08 -3.2005e-08 -5.74e-08 -2.9348e-08 -1.8743e-08 -1.6847e-08 -4.219e-08 -5.4859e-08 -1.1981e-07 -8.8552e-08 -7.3299e-08 -6.7431e-08 -3.0101e-08 -8.7431e-08 -6.7482e-08 -1.1267e-08 -4.0712e-09 -3.0141e-08 -2.1183e-09 -2.8026e-08 -7.2425e-08 -1.1255e-07 -1.239e-07 -1.1357e-07 -9.1256e-08 -4.0814e-08 -1.2649e-08 -1.4501e-08 -2.047e-08 -4.9182e-08 -5.4529e-09 6.8691e-09 2.0865e-08 1.9926e-08 2.0863e-08 2.1279e-08 2.4185e-08 2.5955e-08 5.6298e-09 -1.0975e-08 3.1141e-10 -1.4404e-08 1.1948e-08 2.1842e-08 -7.2685e-10 -2.5857e-08 4.8619e-08 3.416e-08 -4.6962e-09 5.2839e-08 7.99e-09 2.6324e-08 4.2696e-08 -6.5767e-08 -3.9674e-08 3.0345e-08 5.4824e-08 1.7543e-09 3.8566e-08 -8.8816e-09 -5.4348e-09 -3.5503e-08 -5.9249e-08 -5.9287e-08 -1.0638e-07 -9.6404e-08 -7.1205e-08 -9.0199e-08 -8.604e-08 -5.0103e-08 -6.4878e-08 -6.7353e-08 -3.3961e-08 -1.3011e-07 -6.2011e-08 -4.1745e-08 -3.5206e-08 -4.4946e-08 1.0985e-09 -6.0926e-08 -6.76e-08 -6.5338e-08 1.9012e-08 -6.9874e-08 -7.7133e-08 -4.1462e-08 -5.4795e-08 -5.1854e-08 -4.4683e-08 -3.9592e-08 -4.1417e-08 -4.7003e-08 -4.833e-08 -1.8548e-08 -9.8963e-09 7.7472e-09 1.3574e-08 1.465e-08 2.6284e-09 -2.6746e-08 -2.1375e-08 -1.298e-08 -4.3457e-08 -8.0752e-08 -7.6446e-08 -7.2752e-08 -1.396e-08 1.8886e-08 4.3258e-08 4.8718e-08 5.1663e-08 4.8634e-08 5.2153e-08 5.5869e-08 4.9406e-08 4.7901e-08 3.3463e-08 2.09e-08 2.8153e-08 4.5452e-09 -3.7045e-08 -1.3094e-07 -1.6237e-07 -1.4506e-07 1.2293e-08 -6.2056e-10 -1.6263e-07 -1.6164e-07 -5.6584e-08 -1.4217e-07 -1.3238e-07 -1.7055e-07 -1.3481e-07 -1.0564e-07 -1.3764e-07 -1.31e-07 -9.3837e-08 -3.9575e-08 -1.5351e-08 2.4686e-09 1.7165e-08 1.2651e-08 2.0709e-08 2.0085e-08 1.8135e-08 1.2e-08 1.6814e-09 -1.2713e-08 -5.0253e-08 -7.8374e-08 -1.0471e-07 -1.1003e-07 -9.4246e-08 -1.11e-07 -2.8514e-08 -1.5236e-07 -9.8593e-08 -8.2432e-08 -1.0449e-07 -5.0693e-08 -2.8754e-08 -4.5554e-08 -2.0455e-08 -7.2474e-09
-9.332e-09 -6.4317e-09 9.4991e-09 2.844e-08 -6.749e-09 -1.0791e-07 -7.721e-08 -9.1432e-08 -1.2286e-07 -1.1852e-07 -1.1078e-07 2.1682e-08 -1.1413e-07 -1.0388e-07 -1.3074e-07 -1.2532e-07 -7.3804e-08 -3.1725e-08 -7.1937e-08 -8.3669e-08 1.5795e-08 -7.8714e-08 -7.5348e-08 -7.661e-08 -1.3201e-07 -8.4018e-08 -6.2354e-08 -6.4e-08 -6.5929e-08 -1.2727e-07 -1.5879e-07 -1.0189e-08 -3.0438e-08 -2.2444e-08 -2.5188e-08 -4.1391e-08 -2.7226e-08 -8.5373e-08 -1.0107e-07 -9.5996e-08 -1.1197e-07 -6.3988e-08 -4.4076e-08 -3.1656e-08 -2.3749e-08 -4.7817e-08 -8.5289e-08 -8.9833e-08 -1.7233e-08 2.1283e-08 2.38e-08 2.8098e-08 1.7482e-08 1.4974e-08 -3.5722e-09 -5.2301e-08 -7.3597e-08 -7.1279e-08 -8.987e-08 -9.9096e-08 -3.9857e-08 5.4991e-08 3.7193e-09 -4.0175e-08 5.421e-08 5.6038e-08 5.5838e-08 3.6455e-08 1.4272e-08 -1.3243e-07 5.2274e-08 2.4803e-08 -4.2092e-08 8.3727e-09 -2.3725e-08 3.9497e-08 5.1312e-08 3.6547e-08 1.6141e-08 5.3422e-08 5.3955e-08 -1.7655e-10 -6.2801e-08 -5.6085e-08 -3.4357e-08 -6.0427e-08 -5.5266e-08 -7.708e-08 -8.1594e-08 -5.3385e-08 -4.7673e-08 -4.0182e-08 -6.5403e-08 -9.1119e-08 -9.1176e-08 -9.6092e-08 -9.4814e-08 -8.6983e-08 -5.1796e-08 -8.7843e-08 -1.0855e-07 -9.7404e-08 -9.8651e-08 -9.2421e-08 -9.3515e-08 -4.1071e-08 -3.6495e-08 -2.0343e-08 -5.9419e-09 6.4787e-09 1.7305e-08 2.735e-08 3.6488e-08 4.2861e-08 3.5332e-08 1.8886e-08 2.7535e-08 2.8593e-08 3.7403e-08 1.9801e-08 1.3867e-08 2.7834e-08 5.0038e-08 5.6184e-08 5.2229e-08 5.2715e-08 5.1797e-08 5.2204e-08 5.2018e-08 3.9839e-08 5.6013e-08 5.4004e-08 4.725e-08 5.4282e-08 5.0024e-08 4.6108e-08 4.2634e-08 6.8968e-09 -1.3688e-07 -5.532e-08 1.9043e-08 4.2043e-08 -1.2649e-07 -1.1405e-07 -7.1441e-08 -8.6291e-08 -1.1632e-07 -1.3203e-07 -1.3334e-07 -1.0544e-07 -6.7514e-08 -5.2396e-08 -4.1038e-08 -6.4041e-08 -1.7961e-08 -4.3633e-08 -5.6424e-10 -4.7326e-08 -1.128e-07 -9.3152e-08 5.9515e-09 1.3842e-08 7.8515e-09 -1.7961e-08 -5.5846e-08 -8.1563e-08 -1.0171e-07 -1.0185e-07 -9.3573e-08 -1.0181e-07 -1.2569e-07 -1.3478e-07 -9.97e-08 -9.289e-08 -1.0851e-08 -9.5428e-08 -9.4192e-08 -8.4349e-08 -5.93e-08 -1.3129e-08
-1.7177e-09 1.0852e-09 1.1313e-08 1.8481e-08 -3.3123e-08 -3.838e-08 -4.5449e-08 -8.0985e-08 -9.3841e-08 -5.3405e-08 -5.8138e-08 -6.8247e-08 -8.1504e-08 -7.0703e-08 -9.8203e-08 -8.0219e-08 -3.1968e-08 -4.4437e-08 -4.497e-08 -5.1569e-08 -9.6088e-08 -1.4497e-07 -1.4461e-07 1.4273e-08 -1.4519e-07 -8.061e-08 -5.224e-08 -5.1547e-08 -5.1796e-08 -7.5266e-08 -9.5535e-08 -2.1109e-08 -2.3982e-08 -3.5638e-08 -1.4994e-08 -5.2216e-08 -7.4968e-08 -9.3942e-08 -1.2686e-07 -1.3459e-07 -1.2693e-07 -1.3465e-07 -1.3823e-07 -1.2337e-07 -6.1897e-08 -8.7042e-08 -1.0082e-07 -6.9533e-08 -2.0645e-08 2.5526e-09 2.1579e-08 2.3818e-08 2.489e-08 -1.3769e-08 -3.424e-08 -1.2335e-07 -9.5086e-08 -1.2873e-07 -9.8923e-08 4.0685e-08 -4.3543e-08 5.618e-08 5.3018e-08 5.3448e-08 -1.2305e-08 9.8574e-10 -1.3447e-10 -5.1193e-09 9.3738e-10 1.6599e-10 -1.9474e-11 4.2162e-08 -9.9557e-09 -5.1388e-09 5.4452e-08 3.1243e-08 -6.3635e-09 4.3549e-08 3.333e-08 2.6964e-08 -1.172e-08 -4.1763e-08 -2.9845e-08 -3.256e-08 -4.1382e-08 -5.5412e-08 -5.4204e-08 -7.7924e-08 -6.726e-08 -9.3256e-08 -7.1438e-08 -5.4354e-08 -3.315e-08 -6.2095e-08 -5.4347e-08 -8.4368e-09 3.8936e-08 -5.4054e-08 -5.7991e-08 -4.8602e-08 -5.2032e-08 -5.945e-08 -1.0887e-07 -9.2788e-08 -1.0805e-07 -8.5824e-08 -2.1273e-08 -1.1393e-08 7.8363e-09 2.3795e-08 3.4952e-08 4.2557e-08 5.1553e-08 5.5689e-08 5.5702e-08 5.5633e-08 5.3009e-08 4.8031e-08 4.5166e-08 2.7437e-08 1.0046e-08 2.3959e-09 -9.7013e-10 -4.2475e-09 -8.0042e-09 -3.3449e-10 9.3922e-09 1.0703e-08 -7.795e-09 3.0256e-08 4.8738e-08 5.3327e-08 5.6072e-08 5.2444e-08 5.5833e-08 5.4347e-08 -3.3764e-08 2.0456e-08 9.553e-09 -2.0059e-08 -3.7231e-08 -5.5034e-08 -4.8057e-08 -4.571e-08 -1.3142e-07 -1.053e-07 -9.5211e-08 -9.2987e-08 -6.4874e-08 -3.5552e-08 -5.5793e-09 -5.3079e-09 5.0714e-08 1.9125e-08 -4.1915e-08 -2.7402e-08 -8.4231e-09 -1.1779e-07 -1.0061e-07 1.5022e-08 -7.9816e-09 -2.7098e-08 -4.433e-08 -4.0825e-08 -7.6344e-08 -8.8369e-08 -7.3667e-08 -5.5931e-08 -3.2815e-08 -5.3951e-08 -5.6693e-08 -1.0885e-07 -4.2201e-08 -7.7533e-08 -9.811e-08 -9.0057e-08 -6.6865e-08 -2.9598e-08 -2.9821e-08 -7.7504e-09
4.4982e-09 -2.9903e-08 -2.2385e-08 3.0401e-08 4.0205e-08 -8.8625e-08 -2.1151e-08 -9.7082e-09 -1.0962e-08 -2.9289e-08 -1.521e-08 -6.4061e-08 -8.0527e-08 -4.9267e-08 -4.9908e-08 -5.062e-08 -7.6323e-08 -4.0531e-08 -5.2674e-08 -4.396e-08 -5.6021e-08 -1.1332e-07 -1.3736e-07 -4.5867e-08 -8.5058e-08 -5.9811e-08 3.0739e-08 -6.3089e-08 -4.5789e-08 -6.2211e-08 -3.112e-08 -4.3581e-08 -4.3682e-08 -6.0591e-09 -3.7674e-08 -3.9026e-08 -4.126e-08 -1.1308e-07 -1.3623e-07 -1.3874e-07 -1.4657e-07 -1.3643e-07 -9.7572e-08 -7.9599e-08 -6.2008e-08 -4.9386e-08 -3.4537e-08 -3.8773e-08 3.5259e-08 5.6054e-08 -6.7486e-08 -6.0045e-08 -3.2933e-08 -5.455e-08 -3.9647e-08 4.6628e-09 -1.0684e-08 -7.7657e-08 -8.7291e-08 -4.2533e-09 -2.9385e-08 5.5519e-08 5.2894e-08 4.657e-08 -1.2789e-08 -8.6666e-09 -1.8273e-09 -2.1095e-09 -3.2868e-09 -4.0727e-09 -3.4182e-09 3.0174e-09 3.157e-08 5.3527e-08 3.1182e-08 1.8924e-08 3.5446e-08 5.0648e-08 3.2426e-09 2.0555e-08 3.2314e-08 2.0625e-08 9.5397e-09 -5.5624e-09 -2.7853e-08 4.0766e-08 -4.2345e-09 -5.113e-08 -3.9388e-08 -3.4522e-08 -6.3392e-08 -6.9337e-08 -8.0398e-08 -3.8695e-08 -8.7963e-08 -1.0149e-07 -7.3029e-08 -6.4746e-08 -5.5739e-08 -6.791e-08 -5.3412e-08 -4.4572e-08 -8.5101e-08 -1.4208e-07 -3.758e-08 -5.5851e-08 -4.0368e-08 -9.7389e-09 1.8082e-09 1.0355e-08 4.1738e-08 5.0474e-08 5.6186e-08 5.2439e-08 4.7317e-08 3.257e-08 7.1581e-09 -2.352e-09 -1.4181e-08 -1.7479e-08 -1.5002e-08 -1.1033e-08 -8.8696e-09 -7.9443e-09 -7.4669e-09 -1.2674e-08 -1.4177e-08 -1.3495e-08 -1.3336e-08 -1.4392e-08 -1.7135e-08 2.7159e-08 2.5986e-08 9.8259e-09 5.5589e-08 5.5241e-08 5.4875e-08 5.4187e-08 -1.2736e-08 -1.4685e-08 -2.8292e-09 -4.7349e-08 -3.9455e-08 -7.4557e-08 -5.7694e-08 5.9851e-09 -6.7539e-08 -6.9317e-08 -6.1591e-08 -8.0904e-08 -5.8017e-08 -2.1025e-08 9.4853e-09 2.3652e-08 5.3313e-08 -1.3758e-09 -1.2713e-08 -1.3455e-07 2.0298e-08 -8.137e-09 2.326e-09 5.1219e-09 4.4773e-09 -2.6417e-08 -4.9363e-08 -5.6099e-08 -8.3659e-08 -5.2725e-08 -1.0458e-07 -5.3364e-08 -3.4622e-08 -9.3576e-08 -1.3672e-07 -1.3701e-07 -9.1267e-08 -3.718e-08 -3.0916e-08 -2.1271e-08 -6.5782e-10 4.2569e-09
-2.8685e-09 -1.7547e-08 -4.7192e-08 -3.9897e-08 1.225e-08 1.3368e-09 -4.2816e-09 -7.8983e-08 9.5696e-09 -3.6295e-08 -6.8831e-08 -4.2498e-08 -5.8158e-08 -3.558e-08 -5.0287e-08 -6.03e-08 -5.0406e-08 -1.1021e-07 -6.497e-08 -5.7575e-08 -7.6635e-08 -1.0777e-07 -1.4234e-07 -1.5359e-07 -1.72e-07 -8.3166e-08 -1.1088e-07 -7.7706e-08 -4.9833e-08 -4.8996e-08 -5.8216e-08 -4.1638e-08 -6.8737e-08 -6.816e-08 -5.9801e-08 -8.1773e-08 -8.198e-08 -9.3848e-08 -1.1605e-07 -1.6845e-07 -1.7003e-07 -1.7828e-07 -1.5781e-07 -7.8928e-08 -6.1234e-08 -4.3584e-08 -3.4146e-08 -6.7529e-08 4.1161e-08 5.3909e-08 -7.2882e-08 -7.6683e-08 -1.1646e-07 -1.3684e-07 -3.9856e-08 3.3505e-08 4.3734e-08 4.1937e-08 -3.0311e-08 -8.7141e-08 -7.5925e-08 -5.3646e-08 5.1268e-08 3.8947e-09 -8.1529e-09 8.0256e-10 -5.5279e-09 -3.1111e-09 -3.0478e-09 -2.7643e-09 -2.84e-09 -3.519e-09 3.1198e-08 2.7605e-08 1.4459e-08 -4.4338e-09 3.5575e-08 3.8919e-08 1.381e-08 1.6298e-08 2.7612e-08 2.0323e-08 -1.3689e-08 -3.205e-08 -5.3707e-08 6.7975e-09 -6.8142e-08 -6.1069e-08 -3.8784e-08 -4.2066e-08 -4.5742e-08 -3.9858e-08 -2.9077e-08 -2.2111e-08 -4.9025e-08 -8.3522e-08 -7.3649e-08 -6.5942e-08 -5.9002e-08 -9.3864e-08 -3.7904e-08 -6.8805e-08 -9.5353e-08 -5.6197e-08 -6.8021e-08 -4.9629e-08 -1.9578e-08 5.4211e-09 2.3745e-08 2.7127e-08 5.4686e-08 5.6186e-08 5.5605e-08 4.006e-08 2.0567e-08 -3.6483e-09 -1.4672e-08 -1.7335e-08 -1.2891e-08 -3.394e-09 3.9502e-10 5.9304e-09 7.9749e-09 1.0905e-08 1.0514e-08 1.0749e-08 8.3589e-09 8.4384e-09 6.6725e-09 3.7948e-09 8.2136e-09 3.0174e-10 -1.4422e-08 -1.3658e-08 1.6954e-08 4.9092e-08 4.9179e-08 -5.367e-08 -1.0731e-07 2.2606e-08 -2.9199e-09 -6.2359e-08 2.8075e-08 -5.7598e-08 -1.171e-07 -9.5789e-08 -6.4608e-08 -1.1492e-08 -3.5584e-08 -2.5811e-08 6.1204e-09 8.377e-09 -2.6292e-09 -1.2737e-08 -6.9882e-08 -1.1849e-08 -5.6193e-09 8.0361e-09 -1.5878e-09 -6.2646e-10 -6.1308e-09 -4.6939e-08 -3.5567e-08 -1.8976e-09 -6.2866e-09 -2.5899e-08 -7.453e-08 -6.629e-09 -4.4348e-08 -1.232e-08 -4.7739e-08 -8.4579e-08 -4.2264e-08 -9.877e-08 -8.9195e-08 -6.1964e-08 -4.7184e-08 -2.6452e-08 -1.8484e-08 -5.3186e-09
-8.2997e-08 -6.0067e-08 -7.2547e-08 -3.4721e-08 3.0012e-08 4.2394e-08 4.8661e-08 -6.5851e-09 -7.4303e-09 -9.3936e-08 -5.282e-08 -9.5297e-08 -9.5361e-08 -1.0927e-07 -8.4318e-08 -1.0106e-07 -1.0629e-07 -1.0317e-07 -1.5615e-07 -1.394e-07 -1.1473e-07 -9.1761e-08 -1.5004e-07 -1.5816e-07 -1.1337e-07 -1.3038e-07 -1.0098e-07 -5.071e-08 -5.2939e-08 -5.3518e-08 -7.0324e-08 -4.8605e-08 -8.0539e-08 -1.6891e-07 -1.7018e-07 -1.5796e-07 -1.4027e-07 -1.4066e-07 -1.3717e-07 -1.6904e-07 -1.7789e-07 -1.7449e-07 -1.6562e-07 -1.0501e-07 -7.4134e-08 -5.6539e-08 -5.3456e-08 -5.4231e-08 -6.085e-08 -7.0737e-08 -8.7343e-08 -1.1429e-07 -1.4843e-07 -1.6065e-07 -1.4306e-07 -1.0867e-07 -1.0732e-08 -4.3323e-09 -6.7158e-08 -8.5843e-08 5.2606e-08 5.6158e-08 5.3608e-08 4.0769e-08 2.4056e-10 -1.1666e-08 -4.5347e-09 -5.3745e-09 -3.4697e-09 -8.2357e-09 -8.8059e-09 1.3485e-09 1.7674e-08 4.9454e-08 5.3889e-08 2.2345e-08 2.704e-08 4.3888e-08 9.1874e-09 2.0967e-08 2.3161e-08 1.5782e-08 -7.9368e-09 -4.0901e-08 -3.4124e-08 -7.9306e-08 -6.6115e-08 4.6234e-08 7.2322e-09 -3.8991e-08 -5.3511e-08 -4.3256e-08 8.5357e-09 1.1743e-08 -3.9937e-08 -5.6157e-08 -1.173e-07 -2.0528e-08 -8.8108e-08 -8.7777e-08 -9.2709e-08 -9.1922e-08 -6.6404e-08 -3.256e-08 -2.3185e-08 -5.8262e-08 -6.2014e-08 8.9798e-09 2.3738e-08 4.6389e-08 2.3293e-08 5.44e-08 4.49e-08 1.2309e-08 -1.3838e-08 -1.7354e-08 -1.2751e-08 -7.5219e-09 1.0209e-09 6.5933e-09 1.4119e-08 1.7326e-08 1.422e-08 1.3953e-08 2.545e-09 9.6636e-09 1.0827e-08 1.2152e-08 1.0538e-08 9.951e-09 1.0266e-08 1.0502e-08 7.2791e-09 -2.0977e-11 -1.6653e-08 -1.2072e-08 5.2303e-08 4.7593e-08 5.473e-08 3.3635e-08 4.7119e-08 4.8473e-09 -9.0587e-08 -3.9611e-08 -2.3961e-08 -1.0987e-07 -4.8614e-08 -6.9887e-08 -2.2182e-08 -9.0122e-09 -7.16e-08 -2.7143e-08 -2.8344e-08 -3.295e-08 -4.5241e-08 -3.6676e-09 -2.4818e-08 -4.4009e-08 -7.546e-08 -7.1729e-08 -1.653e-07 -1.052e-07 -3.8427e-08 -4.7511e-08 -8.1305e-08 -2.9652e-08 5.0573e-09 3.0651e-08 -2.2235e-08 2.5859e-08 1.8029e-08 -6.6708e-09 -1.1813e-08 -5.7777e-08 -9.6436e-08 -1.2997e-07 -1.146e-07 -9.5293e-08 -6.2246e-08 -4.6773e-08
-9.8239e-08 -5.3135e-08 -7.7866e-08 -8.1413e-08 -1.4898e-08 2.8908e-08 -2.5664e-08 -7.4802e-08 -2.7139e-08 -6.6004e-08 -9.3728e-08 -8.2034e-08 -1.5866e-07 -5.1661e-08 -1.4737e-07 -1.3067e-07 -1.8045e-07 -1.6851e-07 -1.144e-07 -1.3218e-07 -9.2682e-08 -1.4178e-07 -1.1456e-07 -8.7578e-08 -9.159e-08 -4.5191e-08 -1.0639e-07 -7.6122e-08 -5.902e-08 -6.1648e-08 -6.0579e-08 -6.0931e-08 -5.3761e-08 -1.258e-07 -1.4029e-07 -1.2963e-07 -1.0712e-07 -1.0258e-07 -1.0381e-07 -1.2789e-07 -1.5649e-07 -1.6462e-07 -1.4211e-07 -1.342e-07 -1.4371e-07 -9.4139e-08 -9.3211e-08 -8.4922e-08 -1.0326e-07 -9.94e-08 -1.2714e-07 -1.3907e-07 -1.6251e-07 -1.6244e-07 -1.6452e-07 -1.4322e-07 -1.2014e-07 -1.2032e-07 -7.6735e-08 -3.1503e-08 -1.193e-07 3.7276e-08 1.0009e-08 5.4759e-08 5.5469e-08 -5.7396e-09 -1.138e-08 -1.0617e-08 -9.0305e-09 -1.1098e-08 -9.8438e-09 -3.4002e-09 7.1701e-09 5.53e-08 5.587e-08 5.6172e-08 1.8459e-08 1.3717e-08 -4.7103e-09 -5.4771e-08 7.794e-09 -1.3762e-08 -2.2961e-08 -2.7738e-08 -5.97e-08 -5.4777e-08 -7.7935e-08 -5.4004e-08 -2.3236e-08 -3.4651e-08 -2.5137e-08 -2.4046e-08 2.1986e-08 -2.8559e-08 -5.0802e-08 -1.1452e-07 -8.6958e-08 -9.9664e-08 -6.6678e-08 -1.5923e-08 -8.4367e-08 -1.1881e-07 -9.9087e-08 -6.8688e-08 1.2771e-08 1.4411e-08 -2.4075e-08 5.2336e-09 3.8189e-08 3.3028e-08 2.2395e-08 4.5837e-08 5.2634e-08 3.3399e-08 -1.3544e-08 2.4863e-09 8.4145e-09 1.6311e-08 1.8356e-08 1.3653e-08 8.5699e-09 1.1914e-08 1.5538e-08 1.4659e-08 1.0275e-08 6.4568e-09 3.4249e-09 8.6233e-09 1.0884e-08 9.4715e-09 9.6589e-09 7.1401e-09 7.3302e-09 6.1108e-09 -1.4863e-09 -1.4122e-08 -1.5701e-08 3.0207e-08 5.5435e-08 5.5049e-08 5.2235e-08 4.7255e-08 1.2764e-08 -3.3507e-08 1.7802e-08 1.5511e-08 -3.3727e-08 -9.5248e-10 -7.3815e-09 -7.8718e-09 -6.821e-09 -6.4719e-08 -7.9221e-08 -4.4599e-08 -8.3597e-08 -5.6048e-08 -4.9089e-08 -1.0427e-07 -1.3321e-07 -7.411e-08 -2.7302e-09 7.966e-09 -8.0811e-08 -8.8217e-08 -3.8882e-08 9.4977e-09 -3.3796e-09 1.2857e-08 2.7376e-08 1.9472e-08 1.5315e-08 1.0351e-08 -7.016e-08 -6.5985e-08 -9.6274e-08 -4.2436e-08 -7.7026e-08 -9.0609e-08 -5.5059e-08 -6.81e-08
-5.1239e-08 -4.4053e-08 -5.7529e-08 -5.2625e-08 -2.6907e-08 -3.1272e-08 -2.0073e-08 -1.6708e-08 -5.7522e-09 -8.3594e-08 -1.0379e-07 -5.5312e-08 -1.023e-07 -1.1976e-07 -1.1285e-07 -1.123e-07 -2.0705e-08 -1.1872e-07 -8.4856e-08 -7.4024e-08 -9.5088e-08 -6.7117e-08 -2.4901e-09 -1.043e-07 -7.0578e-08 -4.4307e-08 -6.4888e-08 -7.7045e-08 -7.6426e-08 -8.0468e-08 -9.295e-08 -8.4176e-08 -9.0758e-08 -1.086e-07 -1.0837e-07 -1.1181e-07 -1.0936e-07 -1.0684e-07 -9.7677e-08 -9.6592e-08 -1.25e-07 -1.3311e-07 -1.1914e-07 -1.2654e-07 -1.2739e-07 -1.132e-07 -1.1311e-07 -1.3009e-07 -1.4323e-07 -1.5593e-07 -1.6089e-07 -1.6123e-07 -1.6395e-07 -1.8756e-07 -1.9413e-07 -1.3308e-07 -9.8324e-08 -8.5546e-08 -4.8224e-08 -2.1317e-08 1.1275e-08 6.2478e-09 3.8952e-08 4.7392e-08 5.4142e-08 2.4451e-08 2.008e-09 -1.7481e-08 -1.7335e-08 -1.4449e-08 -1.2296e-08 -7.7357e-09 3.6174e-08 5.1882e-08 5.6113e-08 5.4499e-08 3.751e-09 -1.0258e-09 -3.143e-09 5.4058e-08 -3.7727e-08 -1.7337e-08 -4.5654e-08 -5.0517e-08 -5.7449e-08 -6.7314e-08 -6.7658e-08 -1.8193e-08 -2.0505e-08 -3.0276e-08 -4.2549e-08 -3.402e-08 -8.2924e-09 -3.5734e-08 -5.669e-08 -4.5282e-08 -8.2981e-08 -8.0294e-08 -8.4735e-08 -1.4371e-08 -1.5043e-07 -9.9206e-08 -8.1795e-08 -7.4572e-08 -1.4829e-08 -7.6514e-08 -1.7897e-08 4.7805e-09 2.3468e-08 2.6214e-08 3.4315e-08 2.8956e-08 5.2346e-08 -9.1083e-09 3.2081e-09 9.7146e-09 1.807e-08 1.8372e-08 1.4746e-08 1.7533e-08 1.6213e-08 1.7755e-08 1.6844e-08 1.6741e-08 1.4914e-08 1.756e-08 1.8123e-08 1.0172e-08 8.1507e-09 1.3758e-08 9.4119e-09 8.0483e-09 8.0337e-09 6.2835e-09 -1.7834e-09 -6.2682e-09 -1.7288e-08 4.7868e-09 4.961e-08 5.6003e-08 5.2443e-08 5.5555e-08 -7.7309e-08 1.9478e-08 2.0647e-08 -1.3527e-09 7.3711e-09 -2.0744e-08 -3.2934e-08 -2.4549e-09 -3.4723e-08 -5.4027e-08 -2.4081e-08 -5.9022e-08 -5.0342e-08 -8.4625e-08 -1.0541e-07 -9.7939e-08 -1.3911e-07 -1.8369e-07 -9.3588e-08 -1.1722e-07 -6.9969e-08 1.1479e-08 2.164e-08 1.2525e-08 -3.5561e-08 2.3891e-08 -2.3684e-08 -1.5824e-08 1.0369e-08 8.5597e-10 -7.0568e-08 -6.6825e-08 -4.6281e-08 -1.3401e-07 -1.2997e-07 -7.9536e-08 -6.0501e-08 -6.9889e-08
1.8014e-09 -7.4466e-08 1.235e-08 -2.0885e-08 1.1416e-09 -3.2417e-08 -2.1073e-08 -2.4869e-08 -4.5844e-08 -6.903e-08 -1.0605e-07 -9.6423e-08 -1.1638e-07 -1.3182e-07 -1.0436e-07 -1.0136e-07 -6.6446e-08 -5.7818e-08 -7.2214e-08 -7.4957e-08 -1.2007e-07 -9.9571e-08 -8.1438e-08 -8.057e-08 -1.0693e-07 -7.3414e-08 -6.5072e-08 -6.5094e-08 -1.25e-07 -9.9682e-08 -1.121e-07 -8.8711e-08 -8.4644e-08 -1.1828e-07 -1.1687e-07 -1.1784e-07 -1.1538e-07 -1.0613e-07 -8.9606e-08 -8.0843e-08 -1.3077e-07 -1.5007e-07 -1.9861e-07 -1.9649e-07 -1.5688e-07 -1.3037e-07 -1.4198e-07 -1.5851e-07 -1.5625e-07 -1.7237e-07 -1.7813e-07 -1.7739e-07 -1.8207e-07 -1.7736e-07 -1.7485e-07 -1.2539e-07 -1.1731e-07 -9.6184e-08 -9.3025e-08 -5.6621e-08 -5.7583e-08 -4.7139e-08 8.1593e-10 -4.8932e-08 5.5968e-08 5.4439e-08 4.3986e-08 3.4348e-08 2.3329e-08 1.5271e-08 2.7021e-08 2.9344e-08 5.6184e-08 5.1419e-08 5.5721e-08 1.4863e-08 5.8339e-09 2.1036e-08 1.0209e-08 1.9799e-08 -1.75e-09 5.2882e-08 -4.4836e-08 -2.5915e-08 -4.254e-08 -4.3443e-08 -5.7747e-08 -1.4075e-08 -1.8174e-08 -4.3735e-08 -5.2499e-08 -3.334e-08 -2.8828e-08 -3.9264e-08 -4.2793e-08 -6.7285e-08 -3.8777e-08 -6.9816e-08 -3.3521e-08 -8.5257e-08 -9.2252e-08 -8.1799e-08 -9.6498e-08 -1.3084e-07 -1.2625e-07 -9.2151e-08 -2.7927e-08 4.198e-08 -5.9044e-09 1.9006e-08 2.4274e-08 3.6589e-08 4.1375e-08 -1.5461e-08 7.5015e-09 1.668e-08 1.6507e-08 1.4107e-08 1.6193e-08 1.8196e-08 1.7173e-08 1.7094e-08 1.5036e-08 1.7519e-08 1.7087e-08 1.0739e-08 1.2528e-08 1.1574e-08 1.4347e-08 1.1336e-08 9.083e-09 8.5193e-09 5.8071e-09 1.2306e-09 -1.1776e-08 -1.294e-08 -1.7174e-08 -8.2033e-09 4.5901e-08 5.007e-08 5.5944e-08 5.5072e-08 5.2725e-08 4.9864e-08 3.8496e-08 2.7965e-08 6.4999e-09 -1.2097e-08 -9.0722e-09 4.081e-08 1.1454e-08 -2.6161e-09 -8.7847e-09 -4.7212e-08 -5.2738e-08 -8.1929e-08 -1.0946e-07 -1.108e-07 -1.0419e-07 -1.016e-07 -1.2137e-07 -1.125e-07 -4.7428e-08 2.5136e-08 3.6892e-08 3.6612e-08 2.0114e-08 1.0686e-08 -2.4487e-08 -4.0601e-09 -6.2927e-09 6.2212e-09 -1.2018e-07 -4.8354e-08 -4.4248e-08 2.1462e-08 -7.5806e-08 -5.2568e-08 -2.2136e-08 -2.7406e-08
1.7484e-08 9.2579e-09 1.1918e-08 3.8214e-08 2.46e-08 -4.0545e-08 -3.0163e-08 -3.8847e-08 1.5656e-08 4.469e-08 5.4367e-08 5.6082e-08 -1.2309e-08 -9.6773e-08 -7.2061e-08 -8.0557e-08 -1.2347e-07 -9.9988e-08 -1.242e-07 -9.5115e-08 -1.2613e-07 -7.591e-08 -8.1008e-08 -8.1849e-08 -9.9805e-08 -1.6473e-07 -1.2678e-07 -1.1093e-07 -9.0466e-08 -1.3014e-07 -1.391e-07 -1.1899e-07 -1.3371e-07 -1.3304e-07 -1.5001e-07 -1.2763e-07 -1.2167e-07 -1.0676e-07 -1.0327e-07 -2.0613e-07 -2.0436e-07 -2.0116e-07 -6.6682e-08 -2.9586e-08 -4.1578e-08 -2.0585e-07 -2.0585e-07 -2.0589e-07 -1.9551e-07 -1.8167e-07 -1.9334e-07 -1.7552e-07 -1.8845e-07 -1.7996e-07 -1.8186e-07 -1.7881e-07 -1.7366e-07 -1.4065e-07 -6.006e-08 -8.008e-08 -1.1169e-07 -1.5395e-07 -3.4183e-08 2.7926e-08 2.1728e-08 5.405e-08 5.2526e-08 5.5756e-08 4.2604e-08 3.8558e-08 4.2258e-08 5.6149e-08 5.1626e-08 4.6036e-08 4.7926e-08 4.7113e-08 3.6082e-08 4.7315e-08 3.098e-08 -2.0759e-09 1.2955e-08 1.9296e-09 -3.0117e-08 -3.0435e-08 -4.8865e-08 -4.7344e-08 -2.6051e-08 -4.6429e-09 -7.2873e-09 -2.1779e-08 -4.7294e-08 -2.356e-08 -5.5009e-08 -5.0063e-08 -3.7626e-08 -8.7407e-08 -1.0098e-07 -5.2602e-08 -6.052e-08 -7.2898e-08 -1.0375e-07 -9.4223e-08 -1.3729e-07 -1.5444e-07 -1.3594e-08 -8.1434e-08 -4.7306e-08 8.826e-09 8.7107e-09 9.6564e-09 2.9707e-08 4.5139e-08 4.4008e-08 -1.515e-08 2.6297e-09 1.6736e-08 1.6781e-08 9.8925e-09 1.749e-08 1.7649e-08 1.7581e-08 1.643e-08 1.794e-08 1.8345e-08 1.6223e-08 1.0586e-08 1.4246e-08 1.4992e-08 1.2626e-08 1.4267e-08 1.1576e-08 7.959e-09 -1.7167e-09 -9.6675e-09 -1.2932e-08 -1.5345e-08 -1.7279e-08 -3.2548e-09 2.0697e-08 4.8492e-08 3.5042e-08 4.4698e-08 3.1897e-08 4.4684e-08 -2.698e-08 -2.7932e-08 8.6988e-09 1.6915e-08 2.1378e-08 1.7522e-08 9.4628e-09 1.2049e-08 1.0641e-08 -5.2939e-08 -6.6824e-08 -7.2985e-08 -9.6206e-08 -5.1941e-08 -6.1341e-08 -8.3438e-08 -8.7535e-08 -9.5157e-08 -3.3827e-08 3.0209e-09 1.5435e-08 5.5961e-09 1.3786e-08 6.6616e-09 -6.5137e-08 -2.2039e-08 -2.1076e-08 -9.4661e-08 -1.0293e-07 -3.373e-08 -4.1215e-08 -2.4086e-08 -2.7585e-08 -6.5155e-09 1.0696e-08 -1.9811e-08
6.7733e-09 1.5643e-08 -9.1922e-09 -4.6918e-08 2.9949e-08 -4.1927e-08 -5.674e-09 -1.7803e-08 -8.9121e-08 -4.4013e-08 5.0781e-08 5.1198e-08 -6.4077e-08 -9.4439e-08 -3.8295e-08 -6.6921e-08 -4.1325e-08 -8.583e-08 -6.2247e-08 -5.7506e-08 -4.0578e-08 -1.1117e-07 -3.8093e-08 -3.9749e-08 -6.6606e-08 -6.6974e-08 -8.7167e-08 -1.136e-07 -1.0095e-07 -1.1154e-07 -1.2216e-07 -2.0608e-07 -1.7501e-07 -1.4962e-07 -1.492e-07 -1.3633e-07 -1.2513e-07 -1.2785e-07 -1.7493e-07 -1.837e-07 -2.0273e-07 -1.8463e-07 -1.651e-07 -1.7084e-07 -1.9023e-07 -1.9512e-07 -1.9113e-07 -1.9981e-07 -1.7466e-07 -2.0618e-07 -1.9331e-07 -1.922e-07 -1.9088e-07 -1.8662e-07 -1.7929e-07 -1.7739e-07 -1.6393e-07 -1.4159e-07 -1.3548e-07 -9.3447e-08 -9.2024e-08 -7.6912e-08 -1.1772e-07 -9.6563e-08 -1.6229e-08 -6.1574e-08 2.9829e-08 4.9815e-08 5.4219e-08 5.4201e-08 5.4261e-08 5.4629e-08 5.2172e-08 4.3765e-08 5.027e-08 4.5423e-08 4.0545e-08 2.6807e-08 1.4639e-08 1.6408e-08 1.1012e-08 1.5064e-08 5.1311e-09 -2.0887e-08 -2.5249e-08 -4.9097e-08 -1.3719e-08 1.5142e-08 -1.9539e-08 -2.4743e-08 -3.3972e-09 8.4891e-10 -7.4676e-09 -5.0853e-08 -2.2017e-08 -6.7805e-08 -6.6705e-08 -6.9925e-08 -7.3841e-08 -2.6983e-08 -9.8719e-08 -7.6597e-08 -1.147e-07 -1.0552e-07 -1.1351e-07 -1.1751e-07 -4.7747e-08 -8.5436e-09 1.3372e-08 1.6503e-08 1.7223e-08 5.4232e-08 3.9144e-08 -1.5818e-08 -4.8321e-10 1.7269e-08 1.8335e-08 1.7938e-08 1.4692e-08 1.7064e-08 1.8326e-08 1.7856e-08 1.8255e-08 1.8343e-08 1.7013e-08 1.4198e-08 1.7116e-08 1.496e-08 1.6006e-08 1.2292e-08 8.9997e-09 1.6144e-09 -7.8754e-09 -1.2155e-08 -1.6519e-08 -1.7514e-08 -1.6954e-08 -1.2854e-08 2.5224e-08 5.617e-08 5.4812e-08 3.4958e-08 2.1472e-08 1.6849e-08 1.2588e-08 2.7785e-08 4.7092e-08 2.4305e-08 -4.1723e-08 1.2969e-08 1.7496e-08 2.6273e-08 4.0047e-09 -1.3071e-08 -4.9698e-08 -2.3518e-08 -4.9398e-08 -7.867e-08 -2.0199e-08 -3.7982e-08 -6.794e-08 -8.1106e-08 -7.8729e-08 -5.5031e-08 -2.2461e-08 -9.9692e-09 2.637e-08 1.2253e-08 -1.2969e-08 -1.5413e-08 -6.9654e-09 -2.6023e-08 6.2081e-09 -3.1409e-09 -7.2191e-10 -2.8792e-08 -1.4757e-08 6.9764e-09 1.9798e-08 2.9427e-08
3.0247e-08 1.7385e-08 1.6116e-08 -1.7249e-08 5.3849e-08 4.2218e-08 1.1669e-08 -6.5774e-08 -1.1374e-07 -1.5962e-07 -1.7723e-07 -1.0729e-07 -1.2074e-07 -4.0735e-08 -1.3449e-09 -4.7618e-09 -4.4807e-09 -4.6004e-09 -2.0823e-08 -3.1171e-08 -3.2502e-08 -3.4864e-08 -6.6624e-08 -4.7773e-08 -8.0378e-08 -1.1295e-07 -1.0683e-07 -1.4387e-07 -1.5247e-07 -1.1025e-07 -1.202e-07 -1.8081e-07 -1.7296e-07 -1.9792e-07 -1.6693e-07 -2.0223e-07 -1.8307e-07 -1.8342e-07 -1.8925e-07 -1.8533e-07 -1.8065e-07 -1.2129e-07 -2.0065e-07 -2.0143e-07 -1.9911e-07 -1.9764e-07 -2.0273e-07 -2.0331e-07 -2.0432e-07 -2.0393e-07 -1.9956e-07 -2.0586e-07 -1.9378e-07 -1.7093e-07 -1.7002e-07 -1.6391e-07 -1.6974e-07 -1.3093e-07 -1.2063e-07 -1.3343e-07 -1.3494e-07 -6.8734e-08 -6.9715e-08 -3.4163e-08 1.4221e-08 2.3132e-08 4.2201e-08 4.8806e-08 -6.9147e-08 5.5712e-08 4.2195e-08 4.7041e-08 4.8789e-08 5.366e-08 4.8948e-08 3.925e-08 3.221e-08 3.0478e-08 3.2111e-08 1.474e-08 -6.4926e-09 -2.11e-08 -5.0091e-08 5.2801e-08 -1.7213e-08 -3.8351e-08 -3.5851e-08 -4.7806e-08 1.0058e-08 -2.5216e-08 -1.1404e-08 2.1251e-09 -2.1178e-09 -2.2925e-08 -6.7537e-08 -3.8605e-08 -7.444e-08 -8.1791e-08 -3.8725e-08 -4.2296e-08 -1.0346e-07 -1.0687e-07 -1.1971e-07 -1.044e-07 -8.7132e-08 -8.8424e-08 3.9143e-08 -4.203e-08 6.2688e-09 2.6186e-08 3.2556e-08 3.9413e-08 5.5855e-08 -7.6601e-09 -1.5433e-08 1.3607e-08 1.8356e-08 1.795e-08 1.504e-08 1.7224e-08 1.7637e-08 1.7787e-08 1.4436e-08 1.8239e-08 1.5251e-08 1.5959e-08 1.416e-08 1.5107e-08 1.4524e-08 1.3339e-08 1.1188e-08 -2.6265e-09 -1.3479e-08 -1.6267e-08 -1.7426e-08 -1.5884e-08 -6.6309e-09 2.2681e-08 4.6164e-08 5.6105e-08 3.712e-08 3.794e-08 -3.1427e-10 9.2742e-10 -1.2916e-08 5.0755e-10 2.4359e-08 2.6146e-08 2.3495e-08 1.3508e-08 2.6506e-08 1.451e-08 6.4212e-09 9.0446e-10 -1.4298e-08 -1.1569e-08 1.0179e-08 -1.038e-08 -1.857e-08 -8.8344e-08 -5.6156e-08 -5.7706e-08 -1.0305e-07 -1.0495e-07 -3.8394e-08 -1.7527e-08 2.6214e-08 -1.1842e-08 -8.6691e-09 4.2158e-09 1.6863e-08 1.4659e-08 1.2393e-08 1.042e-08 -7.2993e-09 -2.2013e-08 3.1412e-08 3.9993e-08 3.205e-08 5.1266e-08
3.0398e-08 5.3818e-08 1.8387e-08 -4.7086e-08 7.793e-09 -5.3742e-08 -5.4522e-08 -4.3668e-08 -1.0253e-07 -1.603e-07 -1.6841e-07 -1.0827e-07 -4.1947e-08 -2.5355e-08 -9.0764e-09 -1.6823e-08 -4.8679e-09 -1.3438e-07 -2.8674e-08 -3.5293e-08 -4.2172e-08 -6.1599e-08 -5.9797e-08 -8.1723e-08 -1.2573e-07 -1.0581e-07 -1.2144e-07 -1.3264e-07 -1.6849e-07 -1.5985e-07 -1.7743e-07 -1.8392e-07 -1.7888e-07 -1.9144e-07 -1.8597e-07 -1.783e-07 -2.0233e-07 -1.7774e-07 -1.838e-07 -1.81e-07 -1.4306e-07 -1.9994e-07 -2.0505e-07 -2.0586e-07 -2.0503e-07 -2.0612e-07 -2.0574e-07 -2.0612e-07 -2.0505e-07 -2.0442e-07 -2.0592e-07 -1.9126e-07 -2.0617e-07 -1.7904e-07 -1.5967e-07 -1.4582e-07 -1.4572e-07 -1.4417e-07 -1.4226e-07 -1.3463e-07 -1.197e-07 -1.0351e-07 -1.0479e-07 -3.4839e-09 -8.2737e-09 -6.5024e-08 -4.0936e-08 -1.2477e-09 -8.175e-09 4.7468e-08 4.4724e-08 5.4074e-08 3.5695e-08 1.416e-08 2.3732e-08 3.4943e-08 3.5315e-08 3.3872e-08 4.7084e-08 2.6852e-08 -2.7314e-09 -3.1992e-08 -1.3013e-08 -3.0382e-08 -2.0998e-08 -5.4106e-08 -6.0777e-08 -4.9902e-08 -3.6129e-08 -2.6541e-08 -2.4033e-08 -5.226e-09 -1.3668e-08 -5.5121e-08 -5.3363e-08 -5.6073e-08 -3.1829e-08 -5.9651e-10 -7.4319e-08 -8.7114e-08 -8.2817e-08 -1.3383e-07 -1.2324e-07 -8.8035e-08 -7.3109e-08 -7.8356e-08 -6.994e-08 -3.4388e-08 2.338e-08 5.3359e-09 3.0812e-09 2.6569e-08 4.5155e-08 5.3502e-08 -1.8819e-09 -1.5631e-08 1.6859e-08 1.8414e-08 1.7276e-08 1.6524e-08 1.7455e-08 1.7294e-08 1.7282e-08 1.7668e-08 1.4656e-08 1.5612e-08 1.5002e-08 1.3674e-08 1.4433e-08 1.2502e-08 1.9488e-09 -1.6996e-08 -1.5514e-08 -1.5677e-08 -1.1879e-08 -2.1044e-09 -5.7305e-09 2.4193e-08 2.8488e-08 3.3168e-08 5.2771e-08 2.5582e-08 -4.3692e-08 -2.2588e-09 -2.4565e-08 -1.0334e-08 3.3811e-09 1.0926e-08 2.1588e-08 2.7848e-08 1.6105e-08 -7.3879e-10 -6.1717e-08 -5.7373e-08 -5.2865e-08 -2.3264e-08 -5.2807e-08 -7.2283e-08 -3.968e-08 -1.7261e-08 -4.1597e-08 -7.284e-08 -2.6915e-08 -9.0305e-09 -2.8647e-08 -2.7846e-08 -4.3958e-08 -1.9789e-08 -2.2061e-08 -6.7301e-08 2.4789e-08 2.5763e-08 2.2383e-09 -3.5086e-09 1.1371e-08 1.9005e-08 4.9625e-08 4.2153e-08 1.8032e-08 -3.6954e-08
3.3915e-08 3.9642e-08 -4.9038e-08 -6.6302e-08 -4.723e-08 -1.2438e-07 -8.9656e-08 -1.589e-07 -1.5752e-07 -1.1446e-07 -1.1961e-07 -9.6312e-08 -3.5375e-08 -2.0357e-08 1.1055e-08 -2.7578e-08 -3.8906e-09 -5.5505e-10 -3.4706e-08 -3.5116e-08 -1.0249e-07 -6.202e-08 -6.9102e-08 -7.2116e-08 -1.0076e-07 -1.234e-07 -1.2266e-07 -1.3793e-07 -1.5391e-07 -1.7093e-07 -1.7944e-07 -2.0449e-07 -1.963e-07 -2.0192e-07 -2.0596e-07 -2.0436e-07 -2.0227e-07 -1.5695e-07 -1.4402e-07 -7.1423e-08 -1.0169e-07 -2.0078e-07 -2.0225e-07 -2.0617e-07 -1.9345e-07 -2.0587e-07 -1.8342e-07 -1.7974e-07 -1.9091e-07 -1.8929e-07 -2.0474e-07 -1.9435e-07 -1.481e-07 -2.0558e-07 -1.8032e-07 -1.4685e-07 -1.4872e-07 -1.4318e-07 -1.3975e-07 -1.4029e-07 -1.0952e-07 -7.0445e-08 -7.4604e-08 -7.533e-09 4.57e-10 5.7139e-09 3.0354e-09 2.1464e-09 -4.6296e-09 -1.9468e-08 2.4618e-10 4.314e-08 4.1593e-08 1.4859e-08 4.4015e-08 1.5091e-08 4.5276e-08 2.9828e-08 2.6147e-08 3.2722e-08 1.6217e-08 -8.2606e-10 2.0263e-08 -1.3468e-08 -1.9965e-08 -3.2715e-08 -3.844e-08 -4.996e-08 -4.8653e-08 -3.9036e-08 -3.4685e-08 -6.4691e-08 -4.3922e-08 -2.6419e-08 -4.9245e-08 -3.6383e-08 -5.8937e-08 -3.4093e-08 -6.3482e-08 -1.1067e-07 -9.6237e-08 -1.1228e-07 -1.3195e-07 -1.1358e-07 -9.2276e-08 -8.1835e-08 -7.9822e-08 -8.7462e-08 -2.4394e-08 3.3085e-09 -9.9527e-09 -1.5443e-08 -3.5322e-08 2.1716e-09 4.4482e-08 1.411e-08 -6.3567e-09 1.2128e-08 1.7624e-08 1.8292e-08 1.8336e-08 1.6232e-08 1.608e-08 1.4098e-08 1.6059e-08 1.5955e-08 1.3376e-08 1.2945e-08 1.6214e-09 -1.1251e-08 -1.5981e-08 -1.2427e-08 1.0441e-08 1.5533e-08 1.9039e-08 2.0177e-08 6.8117e-09 1.5796e-08 4.1307e-08 4.6388e-08 5.6157e-08 2.7072e-08 -1.8619e-09 -1.2567e-08 -2.7682e-08 -3.2711e-08 -1.5431e-08 -1.9183e-08 -7.8373e-09 4.8381e-09 1.5757e-09 -2.1928e-08 -3.7157e-08 -5.5809e-08 -1.0467e-07 -1.1384e-07 -1.0251e-07 -1.0857e-07 -4.3956e-08 -8.5258e-08 -5.2113e-08 -2.5622e-08 -7.0935e-08 -4.3582e-08 -5.5492e-08 -6.2478e-08 -2.5131e-08 -1.2047e-08 8.3414e-09 -3.122e-08 -8.7207e-09 2.9203e-08 -3.9968e-08 6.3786e-09 7.4597e-09 2.0816e-08 3.0947e-08 1.6946e-08 -9.7481e-09 -8.1777e-09
2.8745e-08 -2.986e-08 -4.413e-08 -5.2018e-08 -1.1059e-07 -1.0363e-07 -1.4438e-07 -1.1054e-07 -9.8701e-08 -1.113e-07 -9.5209e-08 -9.1687e-08 -5.4549e-08 -2.7155e-08 -2.7018e-09 -3.7598e-09 -3.6588e-09 -4.353e-08 -6.2528e-08 -3.5117e-08 -7.4239e-08 -6.9283e-08 -7.7084e-08 -8.4216e-08 -1.024e-07 -1.0806e-07 -1.2576e-07 -1.4128e-07 -1.6256e-07 -1.8e-07 -1.9206e-07 -1.9738e-07 -1.9867e-07 -2.0616e-07 -2.0524e-07 -2.0323e-07 -1.9996e-07 -1.4022e-07 -1.5246e-07 -6.9336e-08 -1.6575e-07 -2.0152e-07 -2.0615e-07 -1.9911e-07 -1.9179e-07 -1.8264e-07 -1.8155e-07 -1.7054e-07 -1.7079e-07 -1.6387e-07 -2.0127e-07 -1.9418e-07 -2.041e-07 -2.0539e-07 -2.0617e-07 -2.061e-07 -1.681e-07 -1.2772e-07 -1.3127e-07 -1.0436e-07 -6.6998e-08 -3.2082e-08 -9.4739e-09 -4.2021e-09 9.8259e-09 5.505e-09 1.172e-08 2.1702e-08 1.5696e-08 1.1157e-08 1.8684e-08 5.5786e-08 1.4402e-08 -4.9613e-09 1.7432e-08 9.1889e-09 1.6692e-08 2.4619e-08 3.6055e-08 3.4859e-08 4.1909e-08 3.6599e-08 1.7026e-08 1.5523e-08 4.9807e-09 -3.0816e-08 -5.7491e-08 -7.1097e-08 -5.2064e-08 -4.7085e-08 -4.7292e-08 -3.8794e-08 -6.4095e-08 -4.2423e-08 -3.5792e-08 -4.5761e-08 -3.8993e-08 -5.029e-08 -5.4525e-08 -9.3922e-08 -9.6938e-08 -5.3239e-08 -8.3251e-08 -1.0043e-07 -7.5824e-08 -5.9309e-08 -5.0535e-08 -7.8099e-08 -1.9059e-08 2.2371e-09 2.0549e-08 -1.3896e-08 1.7468e-08 1.0634e-08 5.4773e-08 5.4526e-08 1.6236e-08 -1.0126e-08 -1.6592e-08 6.593e-09 1.527e-08 1.8333e-08 1.2099e-08 1.4926e-08 1.3148e-08 1.4244e-08 9.7384e-09 2.3927e-09 -1.7092e-08 9.1582e-09 -1.3922e-08 -6.3366e-09 2.7668e-08 2.9579e-08 3.496e-08 5.2511e-08 5.3803e-08 4.2507e-08 4.5392e-08 5.5497e-08 5.6183e-08 1.2616e-09 3.6342e-09 -2.1915e-08 -4.8653e-09 -5.0368e-08 -3.6705e-08 -3.9011e-08 -3.661e-08 -2.8412e-08 -1.71e-08 -3.6726e-08 -5.7022e-08 -5.6476e-08 -9.0086e-08 -9.684e-08 -3.5895e-08 -1.1436e-07 -1.2821e-07 -1.419e-07 -4.3075e-08 -1.1619e-08 2.3981e-08 -3.2147e-08 -1.4365e-08 2.1195e-09 1.3021e-08 4.0179e-09 6.2319e-09 -3.9339e-09 -1.9712e-08 4.7902e-09 -2.7989e-08 -2.2901e-09 -3.4694e-09 -1.6822e-08 -2.9029e-09 9.9654e-09 7.2688e-09 2.9909e-09
2.7656e-08 -3.2764e-08 -1.465e-07 -5.3133e-08 -1.1194e-07 -1.2402e-07 -7.5618e-08 -1.1221e-07 -8.8478e-08 -1.0431e-07 -1.0461e-07 -8.1955e-08 -3.1263e-08 -1.1591e-08 -3.2066e-09 -7.8385e-09 -1.1859e-08 -1.0722e-07 -2.7373e-08 -3.1252e-08 -4.8924e-08 -7.7343e-08 -7.8639e-08 -9.0038e-08 -9.7972e-08 -1.1286e-07 -1.267e-07 -1.4933e-07 -1.699e-07 -1.8426e-07 -1.9452e-07 -2.0288e-07 -2.0552e-07 -2.0587e-07 -2.0605e-07 -1.9344e-07 -1.9494e-07 -1.7263e-07 -2.8164e-08 1.3791e-07 -1.5856e-07 -2.0424e-07 -2.0566e-07 -2.011e-07 -1.9114e-07 -1.7864e-07 -1.6908e-07 -1.611e-07 -1.5451e-07 -1.546e-07 -1.57e-07 -1.6567e-07 -1.9656e-07 -1.96e-07 -1.986e-07 -2.0565e-07 -2.0556e-07 -1.9594e-07 -1.3415e-07 -1.0957e-07 -6.2073e-08 -3.1037e-09 7.751e-09 4.1275e-09 4.332e-08 8.3029e-09 -4.1986e-09 6.0034e-09 2.295e-08 2.069e-08 3.2989e-08 4.8758e-08 3.1977e-08 5.1108e-09 2.3177e-08 4.0403e-08 2.6813e-08 2.468e-08 4.6289e-08 4.1723e-08 3.8773e-08 3.9439e-08 2.4279e-08 3.1902e-08 -1.5686e-08 -1.773e-08 -3.1299e-08 -5.4669e-08 -6.583e-08 -4.756e-08 -3.3276e-08 -3.7049e-08 -2.5346e-08 -3.192e-08 -3.6207e-08 -4.4118e-08 -4.105e-08 -8.4675e-08 -5.0692e-08 -8.4961e-08 -3.9433e-08 -3.3782e-08 -6.2561e-08 -6.0489e-08 -3.8164e-08 -2.7438e-08 -1.9862e-08 -2.907e-08 -8.2231e-08 -5.7421e-09 -3.1194e-08 1.5958e-08 2.7995e-08 3.4524e-08 -1.903e-08 1.0046e-08 5.5263e-08 5.6087e-08 2.8533e-08 2.7508e-08 -6.8412e-09 -7.9562e-09 -1.7208e-08 -3.6137e-10 -1.3144e-08 -1.0615e-08 -1.7272e-08 -1.7038e-08 1.1204e-08 3.8114e-08 5.1735e-08 5.6139e-08 4.9617e-08 4.29e-08 5.1369e-08 5.5753e-08 5.5894e-08 5.6023e-08 5.6105e-08 3.9599e-08 3.6583e-08 1.5464e-08 -6.4046e-09 -1.9071e-08 -2.337e-08 -3.7603e-08 -4.0388e-08 -3.344e-08 -3.3605e-08 -2.9712e-08 -2.6255e-08 -4.6695e-08 -4.93e-08 -9.1558e-08 -7.0479e-08 -1.0884e-07 -1.4626e-07 -1.2696e-07 -5.5963e-08 -1.4687e-07 -6.3547e-08 -2.1293e-08 -5.4523e-09 -5.0197e-08 -1.9093e-09 -7.5878e-08 -6.4235e-09 9.6369e-09 -1.2144e-08 -2.4245e-08 -7.3757e-09 -1.9552e-08 -3.9526e-08 -2.7616e-08 -1.4366e-08 -1.6332e-09 -1.7658e-08 -3.3477e-09 7.9834e-09 2.1408e-08
7.129e-10 -3.7791e-08 -3.927e-08 -4.2106e-08 -1.0139e-07 -1.1306e-07 -6.0112e-08 -1.3621e-07 -1.0046e-07 -6.8744e-08 -7.8438e-08 -3.76e-08 -4.6834e-08 -3.2014e-08 -2.3674e-09 -2.3704e-08 -1.7824e-09 -7.9246e-08 -2.9035e-08 -8.3903e-08 -8.1217e-08 -7.953e-08 -9.0935e-08 -9.3528e-08 -1.111e-07 -1.2112e-07 -1.3284e-07 -1.4277e-07 -1.7231e-07 -1.8773e-07 -1.9926e-07 -2.0503e-07 -2.0553e-07 -2.0546e-07 -2.0329e-07 -2.0548e-07 -2.0616e-07 -1.5798e-07 -1.3528e-07 8.9415e-08 -1.7499e-07 -2.047e-07 -2.0581e-07 -1.9929e-07 -1.8778e-07 -1.7394e-07 -1.6174e-07 -1.5247e-07 -1.4597e-07 -1.3418e-07 -1.3534e-07 -1.2989e-07 -1.4798e-07 -1.8287e-07 -1.8267e-07 -1.7759e-07 -1.612e-07 -1.6198e-07 -1.6705e-07 -1.6703e-07 -1.7828e-07 -5.7594e-08 1.1017e-08 1.3381e-08 1.0103e-08 1.211e-08 1.9784e-08 3.5503e-08 1.7686e-08 9.8114e-09 1.2849e-08 5.247e-08 5.5215e-08 5.6164e-08 4.3268e-08 1.9658e-08 3.9182e-08 4.0215e-08 4.9736e-08 4.9419e-08 4.8374e-08 4.756e-08 4.2079e-08 2.6239e-08 1.6972e-08 -2.8962e-09 7.0157e-10 2.4456e-09 -3.3532e-08 -4.5076e-08 -4.9303e-08 -2.9877e-08 -2.8255e-08 -6.6033e-08 -5.2352e-08 -3.9719e-08 -3.7687e-08 -6.4376e-08 -6.547e-08 -6.6813e-08 -4.0713e-08 -1.5213e-08 -6.9153e-08 -3.6145e-08 -2.2203e-08 -3.3666e-08 -2.8534e-09 -6.6456e-08 -1.0287e-07 -7.6927e-08 -1.5842e-08 -1.4993e-08 9.9534e-09 -4.7734e-09 -1.128e-08 -2.419e-09 2.9819e-09 5.611e-08 5.6109e-08 5.3996e-08 4.8182e-08 4.5426e-08 3.1893e-08 2.6186e-08 2.098e-08 3.8229e-09 -6.7338e-09 5.0063e-09 1.0189e-08 4.1059e-08 5.6178e-08 5.0679e-08 5.1505e-08 5.5137e-08 4.9612e-08 5.4921e-08 -9.7244e-08 5.5929e-08 5.5703e-08 -4.6433e-08 8.5273e-10 -2.9856e-08 -3.7841e-08 -3.8025e-08 -3.4929e-08 -3.3736e-08 -3.3482e-08 -3.2319e-08 -4.1552e-08 -4.547e-08 -4.8805e-08 -7.2436e-08 -1.144e-07 -1.2389e-07 -1.3421e-07 -1.11e-07 -5.3857e-08 -1.3978e-07 -1.3271e-07 -7.7014e-08 -1.0786e-07 -6.4145e-08 -2.0223e-08 -2.1706e-08 1.5056e-08 -6.3272e-08 -7.0688e-10 -1.8876e-08 -3.5069e-09 9.1863e-09 1.6714e-09 -1.3597e-08 -5.3402e-08 -7.2749e-08 -7.0334e-08 -3.2359e-08 -3.2561e-08 -2.5422e-08 8.4873e-09 1.25e-08
1.3035e-08 -5.559e-08 -2.0979e-08 -4.7329e-08 -5.0725e-08 -5.796e-08 -4.3065e-08 -9.6485e-09 -6.1975e-08 -3.0097e-08 -4.6673e-08 8.0819e-09 7.4217e-09 -1.9553e-09 7.8042e-09 -1.2279e-08 -7.1919e-09 -4.6612e-08 -8.13e-08 -3.898e-08 -7.0416e-08 -8.8811e-08 -9.3787e-08 -1.0601e-07 -1.1767e-07 -1.3445e-07 -1.4581e-07 -1.5739e-07 -1.7911e-07 -1.971e-07 -2.0441e-07 -2.0617e-07 -2.0401e-07 -2.0041e-07 -1.9872e-07 -1.6746e-07 -1.8876e-07 -2.0121e-07 -1.3422e-07 -1.619e-07 -1.8756e-07 -2.0376e-07 -2.0529e-07 -1.9885e-07 -1.9172e-07 -1.8014e-07 -1.7082e-07 -1.5603e-07 -1.4572e-07 -1.443e-07 -1.3052e-07 -1.2632e-07 -1.4689e-07 -1.7027e-07 -2.0306e-07 -1.7884e-07 -1.6121e-07 -1.5019e-07 -1.4937e-07 -1.5865e-07 -1.9264e-07 -1.1718e-07 -1.0002e-08 -4.111e-09 7.2364e-09 8.8208e-09 8.6735e-09 -3.9029e-08 -1.6594e-08 -3.311e-09 2.668e-09 5.8965e-09 4.4669e-08 5.422e-08 4.7921e-08 4.8342e-08 5.3013e-08 5.4739e-08 5.5746e-08 5.277e-08 5.2938e-08 5.0344e-08 5.6129e-08 4.4686e-08 5.4385e-08 1.7715e-08 2.3568e-08 2.4393e-08 2.1105e-08 -3.5632e-08 -4.268e-09 -1.647e-08 6.7011e-09 -7.4416e-08 -3.4289e-08 -3.7678e-08 -3.76e-08 -7.9559e-08 -1.0945e-07 -4.4751e-08 -4.0603e-08 -5.4222e-08 -4.6066e-08 -4.1672e-08 -5.5856e-08 -9.111e-08 -4.4581e-08 -1.082e-07 -1.265e-07 -9.7027e-08 -6.7096e-08 -5.8544e-08 -2.2694e-08 -3.7077e-08 1.3703e-08 4.4613e-08 1.9995e-08 5.1585e-08 5.6034e-08 5.5166e-08 5.1213e-08 5.4798e-08 5.5982e-08 3.4456e-08 5.301e-08 1.7451e-08 3.1395e-08 5.5812e-08 5.5954e-08 5.1259e-08 5.5844e-08 4.7214e-08 4.5971e-08 5.421e-08 4.6407e-08 -4.453e-09 -1.6127e-08 1.2869e-08 -6.6915e-08 -2.5446e-08 -3.8807e-08 -5.7847e-08 -7.2108e-08 -6.6883e-08 -5.7174e-08 -4.9041e-08 -1.5946e-08 -4.5615e-08 -5.0834e-08 -6.3548e-08 -6.9314e-08 -8.8268e-08 -1.2008e-07 -1.4933e-07 -1.3844e-07 -1.1739e-07 -7.8314e-08 -1.2095e-07 -1.5851e-07 -1.268e-07 -1.3429e-07 -9.9759e-08 -5.9335e-08 -1.9543e-08 -5.3348e-08 -4.9507e-08 -6.9308e-09 -4.9524e-08 -2.0931e-08 -7.975e-10 -6.8739e-09 -4.4674e-08 -7.579e-08 -1.2246e-08 -1.4469e-08 -3.3046e-08 -2.1309e-08 1.33e-08 3.184e-08 5.8758e-09
1.1873e-08 4.8329e-09 -4.3492e-08 -4.2591e-08 -5.0578e-08 -3.7908e-08 -1.8466e-08 -1.9022e-09 1.2306e-08 1.5752e-08 1.4309e-08 1.0641e-08 2.6988e-08 3.1309e-08 9.0027e-09 2.0437e-08 -1.0105e-07 -6.6547e-08 -3.0556e-08 -7.0922e-08 -7.2047e-08 -9.7601e-08 -9.8647e-08 -1.0841e-07 -1.2382e-07 -1.4551e-07 -1.6102e-07 -1.8e-07 -1.9544e-07 -2.0411e-07 -2.0611e-07 -2.0138e-07 -1.9561e-07 -1.9133e-07 -1.9354e-07 -1.9083e-07 -1.3875e-07 -1.6765e-07 -1.2849e-07 -1.5253e-07 -1.8458e-07 -2.0334e-07 -2.0617e-07 -2.0414e-07 -1.9905e-07 -1.9184e-07 -1.8135e-07 -1.6892e-07 -1.5251e-07 -1.4176e-07 -1.1824e-07 -1.2169e-07 -1.2228e-07 -1.4811e-07 -1.8883e-07 -1.8085e-07 -1.6343e-07 -1.6196e-07 -1.6401e-07 -1.8232e-07 -2.0342e-07 -9.9611e-08 -2.4144e-08 -1.7825e-08 -4.4873e-08 -2.581e-08 -2.2977e-09 -3.4731e-08 -1.4153e-09 -3.8409e-09 -1.9669e-08 2.0115e-08 3.0545e-08 5.4984e-08 5.6016e-08 5.3319e-08 5.0519e-08 5.473e-08 5.2449e-08 5.5742e-08 5.5699e-08 5.4076e-08 5.4562e-08 5.5221e-08 5.1315e-08 3.3913e-08 4.0248e-08 4.5374e-08 3.7556e-08 -5.3091e-08 3.7822e-09 -1.5683e-08 8.9904e-09 1.5626e-08 1.2666e-08 -3.0449e-08 -4.0209e-08 4.5679e-08 -3.3217e-08 -8.5049e-08 -7.0123e-08 -8.9599e-08 -1.0747e-07 -1.2104e-07 -9.5385e-08 -5.7141e-08 -1.2402e-07 -1.2784e-07 -1.4994e-07 -1.0326e-07 -7.9779e-08 -3.6456e-08 -4.7868e-08 -8.0874e-08 -8.4229e-08 -5.8218e-08 -4.3107e-09 1.6191e-08 3.7826e-08 4.6148e-08 5.6147e-08 5.3755e-08 5.6047e-08 5.2535e-08 5.2254e-08 3.5834e-08 5.3927e-08 5.3505e-08 5.1355e-08 4.5136e-08 2.2876e-08 2.8193e-08 3.8971e-08 4.3687e-08 -1.8246e-08 -6.8778e-08 -1.2532e-07 -1.0914e-07 -7.2562e-08 -4.483e-08 -6.5576e-08 -8.3518e-08 -1.1111e-07 -9.7955e-08 -6.8852e-08 -5.868e-08 -5.1465e-08 -4.2757e-08 -6.832e-08 -7.4147e-08 -8.0966e-08 -8.738e-08 -6.933e-08 -8.3002e-08 -7.5406e-08 -1.2302e-07 -7.9493e-08 -1.2007e-07 -1.4898e-07 -1.2354e-07 -1.5149e-07 -8.5155e-08 -6.368e-08 -3.9387e-08 -3.8491e-08 -2.1897e-08 -3.0719e-08 -1.3165e-08 -2.4725e-08 2.6511e-08 -2.0075e-08 4.4208e-08 -2.3189e-08 -1.6714e-08 -1.1736e-08 -1.7617e-08 -3.4507e-08 2.1708e-08 4.2514e-08 5.4945e-09
-1.4068e-08 -4.653e-09 -4.257e-08 -4.1906e-08 -4.44e-08 -4.2265e-08 -9.3573e-09 3.9991e-08 2.3839e-08 1.3932e-08 3.7137e-09 6.6648e-09 1.521e-08 2.647e-09 1.1969e-08 1.9357e-08 -1.3192e-08 -4.8392e-08 -4.5286e-08 -6.6774e-08 -8.3886e-08 -1.016e-07 -1.0668e-07 -1.2005e-07 -1.3519e-07 -1.5142e-07 -1.7517e-07 -1.9514e-07 -2.0559e-07 -2.0441e-07 -1.9761e-07 -1.8367e-07 -1.7195e-07 -1.7001e-07 -1.7841e-07 -1.4496e-07 -1.5835e-07 -9.1534e-08 -1.0857e-07 -1.5534e-07 -1.8006e-07 -1.9753e-07 -2.0362e-07 -2.0612e-07 -2.0462e-07 -2.0075e-07 -1.9115e-07 -1.8125e-07 -1.677e-07 -1.5419e-07 -1.4413e-07 -1.2906e-07 -1.2545e-07 -1.5342e-07 -1.8073e-07 -1.6412e-07 -1.8498e-07 -1.7063e-07 -1.8544e-07 -1.9748e-07 -1.9514e-07 -1.8099e-07 -3.6062e-08 -3.8111e-08 -2.83e-08 -4.183e-08 -9.0676e-09 1.7005e-09 -2.9326e-09 2.1961e-10 1.5897e-08 1.1453e-08 2.8157e-08 4.3614e-08 5.553e-08 4.7509e-08 5.6081e-08 5.5324e-08 5.6124e-08 5.568e-08 5.6181e-08 5.5943e-08 5.5339e-08 5.572e-08 5.6116e-08 5.5523e-08 4.63e-08 4.7431e-08 3.6987e-08 9.8756e-09 -1.388e-09 9.6046e-09 2.1456e-08 2.7788e-08 -5.7781e-09 -2.1333e-08 -3.7674e-08 -7.0788e-08 -7.5564e-08 -5.9897e-08 -4.9762e-08 -4.0516e-08 -1.2738e-07 -9.7559e-08 -7.4014e-08 -8.3444e-08 -6.2266e-08 -1.4305e-07 -1.4873e-07 -1.1523e-07 -6.9416e-08 -1.0873e-07 -6.2687e-08 -6.6167e-08 -5.9226e-08 -3.3021e-08 -1.9283e-08 2.0867e-08 2.0805e-08 4.6304e-08 5.2233e-08 5.5664e-08 5.0069e-08 5.5203e-08 5.352e-08 5.2022e-08 5.4737e-08 -1.389e-08 2.4138e-08 2.3735e-08 1.2011e-08 -2.1393e-09 3.1359e-08 -1.5879e-08 -5.6786e-08 -7.7133e-08 -1.653e-07 -1.564e-07 -8.958e-08 -1.0179e-07 -8.1951e-08 -8.3512e-08 -1.1501e-07 -1.3986e-07 -6.6307e-08 -5.489e-08 -5.3229e-08 -4.9844e-08 -4.8763e-08 -7.2801e-08 -9.5986e-08 -1.1748e-07 -1.3665e-07 -1.1475e-07 -4.7832e-08 -1.1368e-07 -9.8804e-08 -1.0346e-07 -1.428e-07 -8.5117e-08 -9.6234e-08 -7.9471e-08 -9.1455e-08 -9.2145e-08 -3.6563e-08 -2.2998e-08 -1.4499e-09 -1.9796e-08 -4.4412e-08 2.1472e-08 3.0886e-08 8.2548e-09 1.1725e-08 3.0117e-08 2.384e-08 -1.9391e-08 -5.3732e-08 -6.0174e-09 -4.5768e-09 -2.6042e-08
-8.4831e-08 -5.5584e-08 -5.4283e-08 -7.1039e-08 -3.2804e-08 -8.49e-09 2.1359e-08 5.4663e-08 5.3685e-08 3.705e-08 3.0519e-08 8.0848e-09 1.6666e-08 1.5078e-08 2.7631e-08 1.4103e-08 2.3851e-10 -1.7443e-08 -6.0579e-08 -6.7667e-08 -8.4547e-08 -1.0608e-07 -1.1903e-07 -1.3969e-07 -1.5212e-07 -1.6861e-07 -1.8757e-07 -2.0519e-07 -1.9588e-07 -1.7551e-07 -1.5661e-07 -1.4554e-07 -1.3371e-07 -1.4432e-07 -1.616e-07 2.3786e-08 -1.3351e-07 -7.9536e-08 -9.6692e-08 -1.2742e-07 -1.4417e-07 -1.714e-07 -1.8708e-07 -1.9784e-07 -2.0506e-07 -2.0572e-07 -2.0025e-07 -1.9228e-07 -1.7857e-07 -1.6706e-07 -1.5832e-07 -1.5105e-07 -1.4029e-07 -1.4433e-07 -1.7067e-07 -1.8979e-07 -1.9037e-07 -1.9098e-07 -1.8559e-07 -1.8994e-07 -2.0057e-07 -1.2948e-07 -5.9063e-08 -6.4026e-08 -4.4493e-08 -2.7732e-08 4.8459e-09 9.5923e-09 1.4566e-08 -3.6264e-09 1.017e-08 2.4739e-08 4.246e-08 5.5957e-08 3.7783e-08 3.6072e-08 4.0474e-08 5.5841e-08 5.468e-08 5.4824e-08 4.6519e-08 5.5757e-08 5.6185e-08 5.6066e-08 5.3836e-08 5.1245e-08 5.3795e-08 4.3213e-08 4.4621e-08 4.7106e-08 3.6713e-08 2.562e-08 2.8801e-08 2.0976e-08 -1.323e-08 6.1694e-10 -3.616e-08 -4.935e-08 -2.6469e-08 -9.4788e-08 -5.9591e-08 -5.1433e-08 -1.1213e-07 -7.797e-08 -1.169e-07 -8.7147e-08 -1.4236e-07 -1.5616e-07 -1.185e-07 -1.1629e-07 -1.3122e-07 -1.0036e-07 -1.0215e-07 -8.4085e-08 -7.24e-08 -5.2244e-08 -5.176e-08 -5.6954e-08 -5.0825e-08 2.9917e-08 4.1687e-08 4.3523e-08 4.7157e-08 4.6811e-08 3.8217e-08 3.4782e-08 2.977e-09 2.5176e-09 9.7265e-09 3.1611e-10 -6.2318e-09 -5.2414e-08 -7.0097e-08 -3.8703e-08 -7.325e-08 -1.0021e-07 -1.3687e-07 -1.4701e-07 -1.1505e-07 -9.6561e-08 -7.0607e-08 -6.7697e-08 -4.7563e-08 -4.8722e-08 -6.2497e-08 -5.8294e-08 -5.5676e-08 -5.3944e-08 -6.6481e-08 -7.6805e-08 -5.2856e-08 -9.9074e-08 -1.3503e-07 -1.2712e-07 -9.2225e-08 -7.882e-08 -8.9914e-08 -7.116e-08 -1.163e-07 -8.0256e-08 -7.0031e-08 -8.8023e-08 -9.758e-08 -1.0481e-07 -5.2167e-08 -5.1141e-08 -6.3562e-08 -6.9696e-08 -5.8149e-09 2.6001e-08 4.215e-08 4.8917e-08 5.1618e-08 5.5963e-08 4.7774e-08 5.0021e-08 4.3077e-08 2.5572e-08 3.3578e-08 -7.6116e-08
-7.9022e-08 -8.0613e-08 -6.4914e-08 -3.1506e-08 -2.9111e-08 -5.5595e-09 4.3514e-08 5.157e-08 4.9566e-08 4.5745e-08 3.7491e-08 1.8652e-08 2.5104e-08 -2.8844e-08 2.2142e-08 4.6716e-08 1.6659e-09 7.6973e-11 -3.4608e-08 -7.202e-08 -8.7209e-08 -1.056e-07 -1.3705e-07 -1.5807e-07 -1.7053e-07 -1.8544e-07 -2.0125e-07 -1.9601e-07 -1.425e-07 -8.4943e-08 -7.3541e-08 -8.3257e-08 -1.0424e-07 -1.2132e-07 -8.6894e-08 2.5882e-09 -5.6731e-08 -8.3212e-08 -6.541e-08 -4.9818e-08 -6.6068e-08 -1.1392e-07 -1.5096e-07 -1.7196e-07 -1.9566e-07 -2.0477e-07 -2.0571e-07 -2.0178e-07 -1.9226e-07 -1.7999e-07 -1.7371e-07 -1.6128e-07 -1.5989e-07 -1.5472e-07 -1.7548e-07 -1.9191e-07 -2.0442e-07 -2.0403e-07 -1.8968e-07 -1.9391e-07 -2.0049e-07 -1.193e-07 -6.1528e-08 -1.127e-07 -7.416e-08 3.7858e-08 -6.9739e-09 5.0016e-08 6.2331e-09 2.0065e-08 -1.8208e-08 2.5042e-08 3.9098e-08 5.4464e-08 3.7215e-08 4.0154e-08 3.7617e-08 5.5925e-08 5.2868e-08 5.6187e-08 5.3715e-08 5.5325e-08 5.5053e-08 5.5228e-08 5.4509e-08 5.5443e-08 5.5832e-08 5.5775e-08 5.5148e-08 4.8226e-08 2.7615e-08 3.0984e-08 3.1191e-08 2.3133e-08 3.2006e-09 5.1343e-09 -3.3684e-08 -2.8384e-08 -6.1061e-08 -1.3969e-09 -4.7486e-08 -7.2666e-08 -1.0962e-07 -1.1014e-07 -1.1112e-07 -1.1617e-07 -1.0809e-07 -1.4665e-07 -1.079e-07 -1.0844e-07 -9.5299e-08 -1.126e-07 -1.2713e-07 -1.2904e-07 -1.0342e-07 -9.7687e-08 -8.1548e-08 -2.4198e-08 -1.6598e-08 -6.0991e-08 -1.1943e-08 -2.2046e-08 -9.2314e-10 -8.9469e-10 -8.6613e-09 2.5553e-08 1.8364e-08 1.7041e-08 1.0296e-08 -3.9756e-09 -5.434e-08 -4.161e-08 -1.3816e-07 -1.0986e-07 -9.8016e-08 -1.1182e-07 -1.5354e-07 -1.5203e-07 -1.1066e-07 -8.8669e-08 -6.1611e-08 -5.8276e-08 -4.6441e-08 -3.7291e-08 -5.6349e-08 -6.025e-08 -6.3263e-08 -6.9376e-08 -7.3371e-08 -9.5942e-08 -8.3131e-08 -9.1753e-08 -1.2066e-07 -1.1019e-07 -1.2148e-07 -1.1247e-07 -9.2245e-08 -7.164e-08 -9.1302e-08 -4.0268e-08 -7.1362e-08 -7.5096e-08 -9.4752e-08 -1.1101e-07 -2.2308e-08 -1.0704e-07 -7.8913e-08 -5.3408e-08 -2.0937e-09 4.4028e-08 4.819e-08 5.4263e-08 5.4425e-08 5.6185e-08 5.5103e-08 5.2856e-08 5.303e-08 4.2144e-08 5.3182e-08 1.5299e-08
3.4399e-08 -7.631e-08 5.0813e-09 -1.7767e-08 1.1608e-08 2.6561e-08 5.4935e-08 5.6105e-08 4.2862e-08 4.6358e-08 4.6146e-08 2.1557e-08 6.431e-09 1.1327e-08 2.4433e-08 4.4741e-08 -6.8178e-08 5.9615e-09 2.7074e-08 -5.9736e-08 -8.1035e-08 -1.094e-07 -1.337e-07 -1.5589e-07 -1.7907e-07 -1.9844e-07 -2.0418e-07 -1.2966e-07 7.6687e-08 1.7211e-07 7.5175e-08 -2.4612e-08 -5.0625e-08 -8.527e-08 -1.0235e-07 -9.5241e-08 -1.1552e-07 -1.1851e-07 -3.2645e-08 2.1287e-08 2.6457e-08 -6.2519e-08 -1.061e-07 -1.3926e-07 -1.7606e-07 -1.9976e-07 -2.0593e-07 -2.0519e-07 -2.0207e-07 -1.9826e-07 -1.9765e-07 -1.8248e-07 -1.727e-07 -1.7219e-07 -1.8774e-07 -1.9229e-07 -2.0266e-07 -1.5942e-07 -1.9604e-07 -1.4974e-07 -1.121e-07 5.0455e-08 1.8057e-08 -1.1606e-09 -1.3687e-08 -1.0148e-08 4.0287e-09 -1.3391e-08 -1.2814e-08 2.8852e-08 2.0096e-08 4.9632e-08 4.6319e-08 5.1178e-08 4.9823e-08 5.0632e-08 4.3183e-08 5.1132e-08 5.487e-08 5.5721e-08 5.5036e-08 5.4782e-08 5.557e-08 5.1471e-08 5.5672e-08 5.6104e-08 5.6046e-08 5.5527e-08 5.3679e-08 5.1219e-08 5.3707e-08 4.5584e-08 3.9699e-08 1.6835e-08 3.8921e-09 5.1391e-09 -4.285e-09 -2.4112e-08 -7.2348e-08 -2.4785e-08 -8.7439e-08 -7.6898e-08 -8.9926e-08 -1.1923e-07 -1.0975e-07 -1.3236e-07 -1.213e-07 -1.2386e-07 -1.3534e-07 -1.2951e-07 -9.4029e-08 -1.3524e-07 -1.477e-07 -1.4924e-07 -1.4283e-07 -1.6406e-07 -9.7432e-08 -2.6087e-08 -2.2478e-08 -2.0407e-08 -6.186e-08 -1.9233e-08 -2.1619e-08 -3.1417e-08 -4.9246e-09 9.1016e-09 1.1512e-08 2.3412e-08 -2.4532e-08 -5.7906e-08 -7.6054e-08 -1.466e-07 -1.523e-07 -1.4912e-07 -1.2713e-07 -1.3813e-07 -1.545e-07 -1.4211e-07 -1.38e-07 -1.0286e-07 -7.5088e-08 -5.3598e-08 -5.7389e-08 -5.5444e-08 -4.4332e-08 -5.5096e-08 -7.3952e-08 -6.5479e-08 -9.3644e-08 -7.2398e-08 -9.4686e-08 -7.2263e-08 -1.263e-07 -1.4785e-07 -7.095e-08 -5.3534e-08 -1.1253e-07 -5.3252e-08 -5.01e-08 -7.4718e-08 -6.8887e-08 -7.9001e-08 -1.1041e-07 -9.1088e-08 -4.929e-08 -3.7031e-08 -4.9353e-08 -4.6173e-08 -2.1658e-08 4.9797e-08 5.5948e-08 4.0412e-08 5.2594e-08 5.4944e-08 5.395e-08 5.1613e-08 5.6145e-08 4.2324e-08 1.3384e-08 2.5284e-08
4.4437e-08 3.8362e-08 1.9047e-08 -4.7704e-09 1.3415e-08 4.1267e-08 5.4825e-08 5.4761e-08 5.6187e-08 5.5239e-08 5.5368e-08 3.9783e-08 3.1731e-08 4.1089e-08 3.9645e-08 4.3685e-08 1.241e-08 8.1283e-09 -4.7289e-09 -3.7318e-08 -6.7405e-08 -1.0291e-07 -1.3038e-07 -1.5582e-07 -1.8384e-07 -2.0358e-07 -1.9519e-07 -1.1966e-08 5.6084e-07 7.5079e-07 3.1162e-07 5.231e-08 -8.7573e-09 -2.436e-08 -3.7429e-08 -1.2203e-07 -9.5914e-08 -9.102e-08 -8.0791e-09 3.8313e-08 3.0264e-08 -1.3472e-07 -4.7736e-08 -1.1004e-07 -1.5837e-07 -1.8828e-07 -2.0347e-07 -2.0618e-07 -2.0499e-07 -2.024e-07 -2.0137e-07 -1.7316e-07 -1.9739e-07 -1.0328e-07 2.867e-08 5.1814e-08 4.8648e-08 -1.5893e-08 -3.9271e-09 -1.5447e-08 3.9591e-08 -1.1471e-07 -1.2127e-07 -9.9839e-08 2.8691e-08 1.5137e-08 4.9185e-08 4.8102e-08 -2.7669e-08 -3.401e-09 4.9859e-08 4.1101e-08 5.153e-08 5.5681e-08 5.6185e-08 5.0566e-08 5.3345e-08 4.3703e-08 3.4713e-08 5.3274e-08 5.4371e-08 5.4172e-08 5.4789e-08 5.4786e-08 5.6152e-08 5.614e-08 5.4888e-08 5.6098e-08 5.3161e-08 5.6176e-08 5.4825e-08 5.2582e-08 4.5286e-08 3.0944e-08 4.8282e-08 2.0885e-08 5.6537e-09 -1.6728e-08 -3.1822e-08 -3.1443e-08 -3.5366e-08 -6.2281e-08 -9.7707e-08 -1.1531e-07 -1.3111e-07 -8.8057e-08 -1.2781e-07 -1.2992e-07 -1.3922e-07 -1.4467e-07 -1.4184e-07 -1.3097e-07 -1.5935e-07 -1.3268e-07 -1.412e-07 -1.2275e-07 -1.2245e-07 -5.2318e-08 -3.4871e-08 -4.6928e-08 -4.1932e-08 -1.7776e-08 -3.2565e-08 -3.307e-08 -6.0396e-08 -1.6938e-08 -1.0591e-08 -8.2452e-09 -2.7498e-08 -4.7102e-08 -1.3422e-07 -1.5097e-07 -1.7012e-07 -1.3394e-07 -1.4493e-07 -1.2903e-07 -1.5747e-07 -1.4539e-07 -9.1599e-08 -8.8725e-08 -4.42e-08 -5.4755e-08 -4.2794e-08 -5.0892e-08 -4.5207e-08 -5.2124e-08 -8.5117e-08 -9.9631e-08 -1.0458e-07 -9.7899e-08 -1.0197e-07 -1.1998e-07 -8.4309e-08 -1.2525e-07 -4.9431e-08 -5.1269e-08 -9.6572e-08 -9.5052e-08 -6.4414e-08 -5.4101e-08 -7.9868e-08 -6.971e-08 -1.039e-07 -1.1515e-07 -8.5864e-08 -1.6424e-09 2.2674e-09 1.6438e-08 3.973e-08 5.6155e-08 5.4225e-08 4.8004e-08 4.5467e-08 4.8626e-08 5.0285e-08 4.5094e-08 3.9567e-08 4.8785e-08 4.026e-08 4.9366e-08
4.164e-08 5.313e-08 3.8201e-08 3.6573e-08 5.2105e-08 5.0475e-08 5.5732e-08 5.3479e-08 5.6168e-08 5.6121e-08 5.5337e-08 5.4329e-08 5.5048e-08 4.4475e-08 5.125e-08 4.8087e-08 4.3604e-08 2.2907e-08 8.655e-09 -2.0672e-08 -5.6011e-08 -8.3515e-08 -1.2489e-07 -1.5591e-07 -1.9e-07 -2.0515e-07 -1.9387e-07 -4.4915e-08 5.3523e-07 1.4805e-06 9.1463e-07 5.5909e-08 7.9985e-09 5.7275e-09 2.0929e-08 -7.6993e-08 -6.6942e-08 -2.515e-08 5.5143e-08 1.0233e-07 1.3381e-08 -4.2272e-08 -3.3714e-08 -1.0188e-07 -1.4555e-07 -1.7602e-07 -2.0279e-07 -2.0557e-07 -2.0611e-07 -2.0419e-07 -2.0551e-07 -1.8875e-07 5.5039e-08 4.3243e-08 -1.7119e-08 -1.7382e-08 4.9265e-08 -2.0356e-07 -1.9852e-07 -1.9913e-07 -1.7084e-07 -1.5794e-07 -1.365e-07 -1.1853e-07 -7.7386e-08 -8.7694e-08 -6.8983e-08 4.9771e-08 4.5742e-09 1.2094e-08 -1.1919e-08 5.5667e-08 -1.2412e-08 4.7803e-08 5.5424e-08 3.4576e-08 3.3623e-08 4.6706e-08 3.9104e-08 3.6948e-08 5.2654e-08 5.2525e-08 5.1119e-08 5.3888e-08 5.2967e-08 5.4585e-08 4.925e-08 5.581e-08 5.4968e-08 5.6001e-08 5.6013e-08 5.5497e-08 4.767e-08 4.0515e-08 2.8096e-08 2.6585e-08 3.1028e-08 6.0801e-09 -1.0893e-07 -7.3689e-08 -3.097e-08 -2.4678e-08 -7.2368e-08 -9.5438e-08 -1.0459e-07 -1.3129e-07 -1.3435e-07 -1.2833e-07 -1.4511e-07 -1.4224e-07 -1.0539e-07 -1.3375e-07 -1.2665e-07 -1.4797e-07 -1.2972e-07 -1.1819e-07 -1.2295e-07 -1.0412e-07 -7.0359e-08 -8.9352e-08 -7.5912e-08 -5.1131e-08 -5.5093e-08 -6.3651e-08 -9.2431e-08 -1.6952e-08 -2.668e-08 -2.9803e-09 -2.6927e-08 -2.9855e-08 -5.5303e-08 -1.2501e-07 -1.6434e-07 -1.504e-07 -1.5372e-07 -1.1156e-07 -1.4009e-07 -1.0425e-07 -7.2897e-08 -7.0199e-08 -3.1018e-08 -3.8956e-08 -5.3731e-08 -4.4943e-08 -4.2675e-08 -4.5996e-08 -5.8018e-08 -5.271e-08 -7.766e-08 -7.9882e-08 -9.0751e-08 -1.2323e-07 -1.5152e-07 -1.157e-07 -1.209e-07 -9.9081e-08 -6.3085e-08 -5.3013e-08 -7.5996e-08 -3.2388e-08 -6.0676e-08 -1.4914e-08 8.5342e-09 -2.001e-08 -3.2903e-09 5.5874e-08 1.0672e-08 3.8664e-08 4.9624e-08 5.5461e-08 5.2096e-08 5.0596e-08 3.8854e-08 4.2609e-08 3.5891e-08 3.0535e-08 3.0074e-08 5.3563e-08 4.8756e-08 5.5768e-08
5.503e-08 5.5768e-08 5.6073e-08 4.7798e-08 3.7027e-08 5.5213e-08 5.2926e-08 5.6169e-08 5.2684e-08 4.9698e-08 5.6168e-08 5.5469e-08 5.5559e-08 5.4179e-08 5.4419e-08 4.8131e-08 4.8253e-08 3.4986e-08 2.2783e-08 -8.1169e-09 -3.3387e-08 -7.573e-08 -1.0767e-07 -1.4763e-07 -1.8053e-07 -2.032e-07 -2.0054e-07 -1.6367e-07 4.0776e-07 2.4796e-06 2.4901e-06 3.0687e-07 3.0107e-08 2.9274e-08 1.6838e-08 3.7898e-08 -3.3036e-08 2.6169e-09 -3.6522e-09 5.2204e-08 2.7191e-08 -7.137e-08 -2.0034e-07 -1.7527e-07 -2.0618e-07 -1.7946e-07 -2.0173e-07 -2.0537e-07 -2.0579e-07 -1.9885e-07 5.3367e-08 1.4406e-08 1.8974e-08 -1.6432e-08 4.5818e-08 -2.0579e-07 -1.9078e-07 -1.5154e-07 -2.0591e-07 -1.7466e-07 -1.5896e-07 -1.48e-07 -8.694e-08 -1.0241e-07 -5.9752e-08 -4.0014e-08 5.5824e-08 1.8538e-08 2.6214e-08 4.0663e-08 -1.2957e-08 -1.3204e-08 -1.5885e-08 -8.2516e-10 1.2335e-08 3.2427e-08 5.2259e-08 4.4044e-08 4.2466e-08 1.3451e-08 3.6747e-08 5.3283e-08 4.9318e-08 4.8249e-08 5.0397e-08 4.9267e-08 4.2228e-08 5.5118e-08 5.4351e-08 5.4341e-08 4.9901e-08 5.3946e-08 5.3812e-08 5.1865e-08 3.9913e-08 2.2121e-08 2.7638e-08 1.022e-08 -4.5399e-08 -5.4584e-08 -2.6424e-08 -4.2689e-08 -8.3456e-08 -6.8342e-08 -7.2304e-08 -1.0826e-07 -1.3228e-07 -1.0304e-07 2.0252e-09 2.6367e-08 -1.2547e-07 -9.2646e-08 -1.1523e-07 -1.0622e-07 -1.1083e-07 -1.2252e-07 -1.2051e-07 -1.1283e-07 -9.0284e-08 -8.4685e-08 -8.3193e-08 -1.0273e-07 -8.3556e-08 -9.9589e-08 -1.0266e-07 -9.2497e-08 -6.6461e-08 -3.2648e-08 -2.6836e-08 -2.7058e-08 -5.9591e-08 -9.5313e-08 -1.6257e-07 -1.0083e-07 -9.9733e-08 -1.4584e-07 -7.5728e-08 -5.1826e-08 -1.0466e-07 -6.3679e-08 -3.2413e-08 -2.8358e-08 -1.4814e-08 -3.2978e-08 -3.2707e-08 -5.2335e-08 -6.0644e-08 -2.282e-08 -3.2482e-08 -6.9879e-08 -1.3448e-07 -1.1603e-07 -1.5048e-07 -9.0688e-08 -5.1839e-08 -6.719e-08 -4.6688e-08 -8.4581e-09 -4.6387e-08 -2.181e-08 1.3373e-08 5.5785e-08 5.3816e-08 5.2056e-08 5.0495e-08 5.3797e-08 5.4665e-08 5.6163e-08 5.3189e-08 5.185e-08 4.7317e-08 4.1247e-08 3.4396e-08 1.0602e-08 2.1703e-08 2.3776e-08 5.2367e-08 -2.4946e-08 4.9895e-08 5.3858e-08
5.2023e-08 5.3392e-08 5.5352e-08 5.5356e-08 1.8241e-08 2.9772e-08 4.8377e-08 4.5614e-08 2.8008e-08 4.0435e-08 4.5616e-08 5.3548e-08 5.6023e-08 5.6157e-08 5.6186e-08 5.5926e-08 5.6165e-08 4.836e-08 3.3999e-08 1.2409e-08 -1.7971e-08 -5.6064e-08 -9.0616e-08 -1.3735e-07 -1.7293e-07 -1.956e-07 -2.0618e-07 -1.9732e-07 2.2608e-07 1.5349e-06 1.1003e-06 4.7975e-07 9.2688e-08 4.415e-08 1.395e-08 -2.1689e-08 5.3999e-08 5.0569e-08 -2.3699e-08 4.9673e-08 -2.0157e-07 -1.9385e-07 -1.0147e-07 -1.1084e-07 -1.5936e-07 -1.224e-07 -1.2348e-07 5.3804e-08 5.5754e-08 2.5038e-09 -1.4993e-07 -2.0538e-07 -4.7242e-08 -1.256e-08 5.6186e-08 5.1592e-08 3.8875e-08 -1.0712e-07 -1.8313e-07 -1.4622e-07 -1.3631e-07 -1.3358e-07 -1.0821e-07 -9.203e-08 3.2482e-08 4.1915e-08 3.443e-08 4.9694e-08 -3.1821e-08 -1.401e-08 4.2116e-08 -1.4158e-08 -1.2969e-08 -3.217e-09 -1.0545e-08 -8.5898e-10 1.5891e-08 4.9189e-08 5.0361e-08 4.2568e-08 3.9581e-08 4.5119e-08 4.2827e-08 5.1219e-08 4.875e-08 5.1819e-08 5.4863e-08 5.6053e-08 5.6187e-08 5.5763e-08 5.6175e-08 5.5247e-08 5.3738e-08 5.1635e-08 5.0844e-08 5.2636e-08 5.2718e-08 2.6286e-08 -1.6237e-08 -1.6138e-09 -8.2542e-08 -8.7155e-08 -7.1634e-08 -6.7248e-08 -1.2786e-07 -8.8393e-08 -7.4373e-08 -1.0189e-07 -1.0378e-07 -1.0003e-07 -8.1276e-08 -8.4041e-08 -6.9962e-08 -1.3024e-07 -1.2364e-07 -1.2238e-07 -1.2302e-07 -7.7797e-08 -7.3079e-08 -9.0101e-08 -1.2075e-07 -1.3508e-07 -1.2555e-07 -1.4378e-07 -1.1017e-07 -6.4113e-08 -8.4853e-08 -6.9981e-08 -2.8522e-08 -2.7838e-08 -3.8667e-08 -4.9763e-08 -1.374e-07 -1.4408e-07 -1.1087e-07 -8.8021e-08 -8.6284e-08 -7.6159e-08 -8.8449e-08 -5.438e-08 -2.7468e-08 -3.2404e-08 -5.1899e-09 -9.0567e-09 -1.3973e-08 -9.1183e-09 2.1257e-09 1.0416e-09 -1.8754e-09 1.9303e-08 -1.4911e-07 -1.5858e-07 -1.4728e-07 -9.0652e-08 -1.2801e-07 -1.5295e-08 5.5669e-08 3.5818e-08 3.9003e-08 3.6242e-08 5.5833e-08 5.4089e-08 5.5534e-08 5.6158e-08 4.6118e-08 3.4741e-08 4.4371e-08 3.6426e-08 3.5028e-08 3.6955e-08 3.5278e-08 3.5944e-08 2.8828e-08 1.8685e-08 1.061e-08 1.0166e-08 3.0134e-08 4.1017e-08 4.4753e-08 5.1701e-08
4.9819e-08 4.5723e-08 4.0951e-08 4.3094e-08 5.1092e-08 1.5486e-08 1.8913e-08 1.9823e-08 1.3381e-08 3.6464e-08 4.6316e-08 5.6166e-08 5.4409e-08 5.1373e-08 4.4865e-08 3.9543e-08 3.9642e-08 5.2579e-08 4.2009e-08 4.0754e-08 1.1955e-08 -2.0494e-08 -6.0789e-08 -1.114e-07 -1.4889e-07 -1.8076e-07 -2.0029e-07 -2.0245e-07 -1.4166e-07 8.2333e-08 4.0802e-07 3.3804e-07 9.1289e-08 6.4677e-08 -4.7676e-10 -4.0716e-08 -3.7608e-08 -1.5117e-07 -7.6777e-08 1.6187e-08 -4.0023e-08 -8.1747e-08 -1.3078e-07 -5.1121e-08 -1.8591e-07 -4.9079e-09 -1.7037e-07 -1.113e-07 -1.8637e-07 -2.0592e-07 -2.0313e-07 -4.4468e-08 5.3843e-08 5.6185e-08 4.271e-08 -2.0534e-07 -1.985e-07 -1.3513e-07 5.6187e-08 5.557e-08 -1.1631e-07 -1.0304e-07 -9.1308e-08 -8.7058e-08 -1.9178e-08 -5.5963e-08 1.1951e-08 -2.8709e-08 -2.1494e-08 4.2375e-09 4.281e-08 5.4925e-08 7.4284e-09 5.5897e-08 5.5596e-08 7.5887e-09 -3.8544e-09 5.9733e-09 5.5354e-08 5.1859e-08 1.7736e-08 3.3166e-08 3.6415e-08 4.3004e-08 4.6111e-08 5.2176e-08 5.5488e-08 5.5287e-08 5.2276e-08 5.4957e-08 5.6088e-08 5.614e-08 5.5897e-08 5.0887e-08 5.1127e-08 5.4376e-08 5.279e-08 5.1793e-08 3.7111e-08 4.2351e-08 -1.52e-08 -1.0363e-07 -8.7314e-08 -7.0504e-08 -4.0131e-08 -6.8429e-08 -7.9065e-08 -8.583e-08 -7.4795e-08 -9.1034e-08 -3.7398e-08 -3.0083e-08 -4.5286e-08 -1.1358e-07 -1.2771e-07 -1.2241e-07 -1.412e-07 -1.2431e-07 -1.4323e-07 -9.8029e-08 -1.2326e-07 -9.411e-08 -1.1686e-07 -1.1494e-07 -9.3056e-08 -1.1059e-07 -5.0951e-08 -9.2109e-08 -3.9508e-08 -3.3652e-08 -4.8527e-08 -9.8295e-08 -8.7537e-08 -1.3167e-07 -9.0629e-08 -7.7198e-08 -4.2505e-08 -5.4196e-08 -4.4302e-08 -3.1446e-08 -4.1815e-08 -1.8065e-08 2.3266e-08 2.7393e-08 1.5152e-08 9.2296e-09 4.9483e-08 3.6365e-08 3.7587e-09 -1.6866e-08 -6.9295e-08 -1.0898e-07 -3.3287e-08 -4.5352e-08 -5.4494e-08 -3.2925e-09 4.2603e-08 5.6056e-08 -6.1824e-09 4.1068e-08 5.031e-08 5.5817e-08 5.5709e-08 4.3187e-08 4.3041e-08 2.54e-08 2.4737e-08 2.8958e-08 2.9005e-08 2.4491e-08 2.1854e-08 2.3339e-08 1.3529e-08 1.4232e-08 1.4432e-08 1.1691e-08 1.0378e-08 2.1153e-08 3.3314e-08 4.3113e-08
4.2304e-08 4.438e-08 3.4246e-08 3.2267e-08 3.9529e-08 2.8533e-09 2.3512e-09 8.2235e-09 2.7034e-08 1.9449e-08 5.3071e-08 5.1736e-08 4.35e-08 1.5093e-08 1.8449e-08 1.1386e-08 5.4894e-08 4.4137e-08 5.315e-08 5.5347e-08 4.6166e-08 9.1857e-09 -2.8988e-09 -5.7331e-08 -1.149e-07 -1.5622e-07 -1.8457e-07 -2.061e-07 -1.9621e-07 -1.0772e-07 3.0293e-08 6.4415e-08 1.2373e-07 1.3056e-07 -1.6564e-08 -7.803e-08 -1.161e-07 -1.3347e-07 -1.3736e-07 -9.4107e-08 -6.979e-08 -1.3371e-07 -1.6454e-07 -2.0268e-07 -2.0605e-07 -2.0617e-07 -1.9731e-07 -1.9616e-07 -2.0082e-07 -2.0549e-07 -2.0597e-07 -2.0375e-07 -2.0531e-07 -3.9469e-08 -9.5488e-08 -1.9369e-07 -1.6489e-07 -1.293e-07 -1.0137e-07 3.0951e-08 -1.1706e-07 -5.3356e-08 -5.6579e-08 -2.8178e-08 -2.1993e-08 -1.123e-08 5.5051e-08 1.6762e-08 2.758e-08 4.6389e-08 5.3708e-08 5.6105e-08 -1.3456e-08 5.0374e-08 5.3259e-08 1.637e-08 3.1377e-08 2.3741e-08 4.6168e-08 4.3285e-08 3.5548e-08 3.5639e-08 1.7821e-08 3.288e-08 4.4511e-08 4.9218e-08 4.5679e-08 5.1745e-08 5.2279e-08 5.3669e-08 5.4894e-08 5.6123e-08 5.6029e-08 5.5669e-08 5.3533e-08 5.247e-08 3.2433e-08 5.2207e-08 5.196e-08 5.3152e-08 5.397e-09 -4.6065e-08 -6.8495e-08 -5.2827e-08 -2.5438e-08 -6.9526e-08 -5.8208e-08 -4.0343e-08 -4.7047e-08 -4.668e-08 -2.401e-08 -2.3613e-08 -5.0665e-08 -7.9688e-08 -9.7138e-08 -1.3428e-07 -1.549e-07 -5.0846e-08 -6.8618e-08 -9.3159e-08 -1.0109e-07 -8.9411e-08 -1.0463e-07 -6.662e-08 -1.1883e-07 -8.8615e-08 -1.0931e-07 -4.7241e-08 -4.1914e-08 -2.0467e-08 -6.0945e-08 -4.7108e-08 -5.7306e-08 -6.9068e-08 -3.2055e-08 3.0073e-08 -6.3739e-08 -2.9517e-09 -1.5678e-08 -4.0879e-08 -1.659e-08 -9.6274e-09 4.2823e-08 4.2913e-08 1.7795e-08 5.3702e-08 4.8132e-08 2.312e-08 -1.6002e-09 -2.7097e-08 -7.6532e-08 -5.9323e-08 -6.9035e-08 -5.0636e-08 -2.7426e-08 3.8998e-08 4.2427e-08 4.2166e-08 3.9751e-08 5.2596e-08 3.7025e-08 4.1573e-08 4.3147e-08 4.6161e-08 3.8252e-08 2.3504e-08 3.1242e-08 4.2505e-08 1.4328e-08 1.2313e-08 1.4076e-08 9.353e-09 7.3806e-09 5.6876e-09 6.0732e-09 5.7084e-09 8.4154e-09 1.3118e-08 2.8026e-08 3.0756e-08
2.6784e-08 3.0511e-08 2.768e-08 1.8975e-08 1.489e-08 1.738e-09 1.2122e-09 1.0696e-08 1.631e-08 4.2254e-08 5.5522e-08 4.6552e-08 3.8378e-08 1.7372e-08 3.8952e-09 3.2297e-08 5.2764e-08 4.2355e-08 4.6873e-08 5.5826e-08 5.3244e-08 4.3379e-08 2.6378e-08 -1.2581e-08 -6.6216e-08 -1.3295e-07 -1.7362e-07 -2.007e-07 -2.0512e-07 -1.8385e-07 -1.0235e-07 -2.7236e-08 2.5248e-07 7.5583e-07 -4.9438e-08 -1.0403e-07 -1.3185e-07 -1.5497e-07 -1.6681e-07 -1.693e-07 -1.7231e-07 -2.0406e-07 -2.0608e-07 -2.0273e-07 -1.9655e-07 -1.7329e-07 -1.5475e-07 -1.3957e-07 -1.1963e-07 -1.004e-07 -1.2841e-07 -3.2759e-08 2.4598e-08 -1.9293e-07 -1.8818e-07 -1.7461e-07 -1.1821e-07 -8.9265e-08 -8.0411e-08 3.1922e-08 -4.8614e-08 -2.3745e-08 -1.9394e-08 -2.1831e-08 -7.2048e-10 7.9304e-09 6.662e-09 5.5195e-08 5.6036e-08 5.5173e-08 3.5359e-08 5.6142e-08 -6.7237e-09 -8.9622e-09 3.8542e-08 3.8058e-08 4.4626e-08 4.2563e-08 3.9983e-08 2.9311e-08 8.1518e-09 1.611e-08 2.2569e-08 4.1208e-08 3.8964e-08 4.0839e-08 4.6474e-08 5.1793e-08 5.417e-08 5.4875e-08 5.4072e-08 5.1672e-08 5.5985e-08 5.6185e-08 5.4493e-08 5.2712e-08 2.5291e-08 5.1575e-08 5.1138e-08 5.253e-08 8.1273e-09 -9.0897e-09 -2.6343e-08 -4.5877e-08 -2.4021e-08 -3.1973e-08 -3.7072e-08 -2.0191e-08 -1.5567e-08 -9.8134e-09 2.0856e-09 -5.14e-10 -6.3889e-08 -8.6225e-08 -8.8837e-08 -1.1701e-07 -1.4032e-07 -4.8987e-08 -6.8941e-08 -7.2432e-08 -6.9488e-08 -1.0545e-07 -9.7921e-08 -1.1546e-07 -8.3489e-08 -7.7249e-08 -5.9873e-08 -4.5813e-08 8.5132e-09 -5.5898e-09 -3.6869e-08 -7.8981e-08 -3.9624e-08 -2.7066e-08 2.7533e-08 2.2819e-08 4.5076e-09 5.3819e-08 -9.6449e-09 -2.5079e-08 -5.0793e-09 8.025e-09 4.6857e-08 4.8841e-08 5.0701e-08 5.4748e-08 5.2303e-08 -4.2431e-09 1.5668e-08 -2.4842e-08 -3.5735e-08 -2.7125e-08 2.8512e-08 3.2611e-08 5.0115e-08 4.3621e-08 2.8856e-08 2.0681e-08 3.0639e-08 3.2617e-08 1.5483e-08 2.3035e-08 3.641e-08 3.77e-08 2.224e-08 2.8693e-08 4.4079e-08 2.9047e-08 1.5691e-08 1.0902e-08 9.5276e-09 8.2544e-09 7.8394e-09 5.3022e-09 4.5399e-09 5.2891e-09 1.1054e-08 1.0447e-08 1.7617e-08 2.4094e-08
2.2236e-08 2.9302e-08 1.9071e-08 7.138e-09 1.1143e-08 6.2147e-09 9.7286e-10 -3.4642e-09 1.4324e-08 3.429e-08 5.3956e-08 5.3488e-08 2.3603e-08 3.9702e-09 3.3227e-09 1.5931e-08 2.6856e-08 3.4905e-08 5.5449e-08 5.2093e-08 5.6073e-08 5.6067e-08 2.9815e-08 -3.2611e-08 -8.3784e-08 -9.829e-08 -1.4976e-07 -1.952e-07 -2.0586e-07 -2.0228e-07 -1.8904e-07 -1.5765e-07 1.5675e-07 1.0988e-06 6.6186e-07 -1.3457e-07 -1.4791e-07 -1.5815e-07 -1.7892e-07 -1.9414e-07 -2.043e-07 -2.0611e-07 -2.0403e-07 -1.9693e-07 -1.8169e-07 -1.5305e-07 -1.2949e-07 -9.9996e-08 -4.9734e-08 -7.0278e-09 -1.3813e-07 -1.9508e-07 -2.0021e-07 -1.8732e-07 -1.7224e-07 -1.3255e-07 -9.5005e-08 -5.4794e-08 -4.7974e-08 -4.4025e-09 -2.7501e-08 -8.0608e-09 4.0178e-08 -8.0892e-09 3.6283e-09 1.5217e-08 4.0207e-09 5.0385e-08 4.2577e-08 5.3671e-08 5.4955e-08 -1.9618e-09 -1.6816e-08 -1.633e-08 5.085e-08 4.4554e-08 4.3482e-08 3.9947e-08 4.9877e-08 4.7378e-09 4.9379e-08 7.0311e-09 3.2248e-08 4.3856e-08 3.2287e-08 3.5245e-08 4.5278e-08 5.2343e-08 4.9637e-08 5.4295e-08 5.4741e-08 5.2894e-08 5.5639e-08 5.5763e-08 5.6119e-08 5.4071e-08 5.2019e-08 3.6698e-08 3.8701e-08 2.6569e-08 2.4191e-08 2.8329e-08 1.0728e-08 3.1427e-08 -1.7785e-08 -3.8804e-08 -3.2777e-08 1.3434e-08 2.2385e-10 -2.6741e-09 -2.4102e-09 -4.2814e-08 -2.6456e-08 -4.3127e-08 -8.234e-08 -9.9028e-08 -6.8705e-08 -6.9822e-08 -9.677e-08 -5.7534e-08 -7.5965e-08 -8.9961e-08 -8.1689e-08 -7.8561e-08 -7.9277e-08 -6.8569e-08 -5.0674e-08 -2.5493e-08 -1.9618e-08 -1.3747e-09 3.3801e-08 1.9964e-08 4.7599e-08 4.6189e-08 5.0832e-08 4.7145e-08 3.2125e-08 2.8428e-08 4.1413e-08 2.256e-08 4.8086e-08 5.0506e-08 5.6009e-08 5.5849e-08 5.6187e-08 5.0841e-08 1.9261e-08 1.4241e-08 1.9326e-08 -6.2722e-09 1.5427e-08 4.3411e-08 5.3565e-08 4.8176e-08 4.6029e-08 4.2075e-08 2.774e-08 1.9437e-08 2.3583e-08 1.6184e-08 2.2268e-08 2.2242e-08 2.8009e-08 1.8311e-08 2.0293e-08 2.7058e-08 3.5753e-08 1.8512e-08 1.3499e-08 1.1435e-08 9.1382e-09 7.3371e-09 7.2288e-09 6.0208e-09 5.4583e-09 5.3982e-09 4.8201e-09 7.4315e-09 1.0281e-08 1.4884e-08
4.3049e-09 7.8358e-09 6.0118e-09 2.4095e-09 -1.1672e-09 -2.6168e-09 -1.5046e-09 1.0751e-09 4.7574e-09 3.3692e-08 4.1597e-08 3.8381e-08 2.0759e-09 -1.8606e-09 -1.0081e-09 5.7563e-09 1.2349e-08 5.0985e-08 5.4055e-08 4.2923e-08 5.0414e-08 4.9909e-08 1.3492e-08 -5.0952e-08 -1.1136e-07 -4.3304e-08 -1.1168e-07 -2.0583e-07 -2.0601e-07 -2.0618e-07 -2.0583e-07 -2.0618e-07 -2.0081e-07 2.235e-07 -5.8467e-08 -1.5916e-07 -1.4007e-07 -1.4991e-07 -1.8275e-07 -2.0024e-07 -2.0608e-07 -2.0547e-07 -2.029e-07 -2.0325e-07 -1.5923e-07 -1.2802e-07 -8.5855e-08 -5.5146e-08 -2.3296e-08 3.6209e-08 3.8688e-08 -9.1856e-08 -1.4114e-07 -1.2309e-07 -9.0377e-08 -5.7875e-08 -3.6005e-08 -2.4865e-08 -1.7153e-08 1.0264e-08 6.294e-09 -6.6843e-09 -3.1145e-08 4.3665e-08 5.0008e-08 2.7793e-08 3.7048e-08 5.4567e-08 5.5527e-08 5.5174e-08 5.285e-08 4.7253e-08 -1.119e-08 -1.3493e-08 -4.6639e-09 7.6077e-09 2.6341e-09 1.0822e-08 1.9549e-08 1.9739e-08 4.0864e-08 4.5828e-08 3.1165e-08 3.9254e-08 4.3631e-08 3.1105e-08 4.7603e-08 5.3979e-08 5.1669e-08 5.2145e-08 4.9432e-08 5.268e-08 5.402e-08 5.562e-08 5.6181e-08 5.4676e-08 5.4009e-08 4.6296e-08 5.1286e-08 4.4055e-08 4.3871e-08 4.3902e-08 4.3207e-08 2.9806e-08 3.0078e-08 -1.8525e-08 6.4919e-09 3.5537e-08 5.1833e-08 -5.6528e-09 5.3991e-09 -1.9016e-08 -5.6246e-08 -5.9714e-08 -7.3237e-08 -3.2821e-08 -5.2414e-08 -5.2884e-08 -8.1819e-08 -5.4061e-08 -7.0095e-08 -8.3109e-08 -8.5307e-08 -7.2654e-08 -7.07e-08 -6.282e-08 -3.899e-08 -2.3905e-08 6.9651e-11 1.0715e-08 5.5076e-08 5.2989e-08 4.3766e-08 3.7414e-08 1.8498e-08 3.9945e-08 5.3116e-08 4.9605e-08 4.2444e-08 5.3283e-08 5.4152e-08 5.6184e-08 5.5619e-08 5.6152e-08 5.5781e-08 4.1725e-08 3.8518e-08 2.8733e-08 1.9185e-08 -6.1201e-09 5.1484e-08 4.2937e-08 4.6627e-08 5.1665e-08 4.9235e-08 2.9728e-08 2.3434e-08 1.8123e-08 1.6397e-08 1.2969e-08 2.4537e-08 1.3623e-08 1.7523e-08 1.4696e-08 1.6274e-08 2.373e-08 2.0595e-08 1.4784e-08 1.2921e-08 1.1703e-08 1.1046e-08 8.288e-09 7.1206e-09 6.7281e-09 6.8787e-09 5.7335e-09 4.9854e-09 4.2109e-09 3.5093e-09 3.0639e-09
4.8024e-09 1.2977e-09 -5.2185e-09 1.0412e-09 -3.6789e-09 -4.0945e-09 -2.3818e-09 -1.5887e-09 1.4124e-09 1.4583e-08 2.2509e-08 2.6968e-08 -2.2999e-09 -5.4118e-09 -5.448e-09 -2.1138e-09 2.6965e-08 5.4927e-08 2.948e-08 3.6362e-08 5.4486e-08 2.6962e-08 -2.5045e-08 -6.5642e-08 -3.7723e-08 -2.7042e-08 -5.0177e-08 -1.5508e-07 -2.0616e-07 -2.0607e-07 -2.0563e-07 -1.9818e-07 -1.8939e-07 -1.9974e-07 -2.0273e-07 -1.8058e-07 -1.2365e-07 -1.0441e-07 -1.8914e-07 -2.051e-07 -2.052e-07 -2.0185e-07 -1.9924e-07 -2.041e-07 -1.4519e-07 -8.0286e-08 -4.4093e-08 -1.8021e-08 1.5286e-08 5.0293e-08 5.5608e-08 -4.7836e-08 -5.0175e-08 -2.1068e-08 -2.6386e-09 1.4568e-08 9.6392e-09 1.3271e-08 1.7484e-08 2.9554e-08 4.6958e-08 1.9663e-08 -1.2487e-08 3.7663e-09 2.4736e-08 4.9341e-08 5.5147e-08 5.6111e-08 5.6178e-08 5.1145e-08 3.6158e-08 -5.928e-09 3.495e-08 7.1799e-09 -1.2652e-08 -5.3294e-09 1.2579e-08 3.5935e-08 4.1566e-08 3.9975e-08 4.7012e-08 3.7485e-08 4.4245e-08 3.9937e-08 2.8985e-08 4.1122e-08 4.3275e-08 5.2631e-08 5.0654e-08 5.2552e-08 5.3687e-08 5.3273e-08 5.6182e-08 5.6132e-08 5.5953e-08 5.5759e-08 5.5349e-08 5.5529e-08 5.3191e-08 4.5448e-08 4.5692e-08 4.4301e-08 3.9641e-08 4.332e-08 3.8644e-08 3.6672e-08 4.0023e-08 3.3942e-08 3.9115e-08 -2.0806e-08 -5.7723e-09 -7.7964e-08 -5.9852e-08 -7.0331e-08 -5.0243e-08 -6.6228e-08 -6.3228e-08 -4.91e-08 -5.6298e-08 -5.7323e-08 -6.9459e-08 -8.0404e-08 -8.9514e-08 -8.4224e-08 -3.0552e-08 -5.5009e-08 -4.0494e-08 -1.281e-08 1.5755e-08 4.4551e-08 5.3383e-08 -1.1124e-08 -1.3215e-08 -1.326e-08 -1.2664e-08 -9.3716e-09 4.3888e-09 4.8882e-08 5.4955e-08 5.581e-08 5.6096e-08 5.2573e-08 5.5075e-08 5.5849e-08 5.6105e-08 4.6746e-08 3.7855e-08 4.0164e-08 4.8272e-09 1.2465e-08 4.4073e-08 4.7265e-08 4.1321e-08 3.9576e-08 3.4445e-08 3.2191e-08 2.0971e-08 1.683e-08 1.3708e-08 1.3133e-08 1.4874e-08 1.6571e-08 1.415e-08 1.439e-08 1.4212e-08 1.4528e-08 1.4543e-08 1.5228e-08 1.2926e-08 1.2664e-08 1.2657e-08 1.0309e-08 8.8147e-09 7.9854e-09 7.3956e-09 5.9577e-09 4.7678e-09 4.1823e-09 3.3117e-09 2.1541e-09
2.8689e-09 7.5674e-10 -8.0214e-10 -1.4604e-09 -3.6398e-09 -4.2582e-09 -4.0273e-09 -3.5134e-09 -1.6997e-09 5.2756e-09 1.575e-08 3.6723e-09 -5.7807e-09 -7.559e-09 -8.0485e-09 -3.0827e-09 3.2948e-08 1.3925e-08 1.7542e-08 3.477e-08 5.573e-08 3.477e-08 4.059e-08 2.386e-08 1.1127e-08 6.3803e-09 -2.4382e-08 -1.0081e-07 -2.0269e-07 -2.051e-07 -2.0564e-07 -1.8395e-07 -1.698e-07 -1.8253e-07 -2.0293e-07 -1.9869e-07 -1.5522e-09 1.3032e-09 -2.0346e-07 -2.056e-07 -2.0135e-07 -1.9668e-07 -1.9264e-07 -1.8156e-07 -1.0192e-07 -6.5576e-08 -3.4598e-08 -1.4481e-09 2.6392e-08 4.7519e-08 5.5891e-08 5.617e-08 9.3706e-09 6.5866e-09 6.2182e-09 9.571e-09 2.1662e-08 3.2151e-08 4.0365e-08 4.5924e-08 4.8567e-08 3.8303e-08 4.9348e-09 3.7475e-08 5.3515e-08 5.5689e-08 5.565e-08 5.4304e-08 5.2916e-08 4.574e-08 3.0217e-08 -7.1383e-09 -1.4288e-08 -6.7784e-09 -1.2469e-08 3.183e-08 3.5456e-08 3.9497e-08 1.5755e-08 1.1434e-08 1.9373e-08 3.9923e-08 3.7068e-08 3.3798e-08 4.0675e-08 4.8683e-08 4.833e-08 5.2927e-08 5.0233e-08 5.4384e-08 5.2753e-08 5.421e-08 5.4831e-08 5.2856e-08 5.586e-08 5.4901e-08 5.3182e-08 5.5848e-08 5.0647e-08 3.9089e-08 3.9088e-08 4.2065e-08 4.6536e-08 4.0495e-08 3.6717e-08 4.6912e-08 2.0409e-08 5.3423e-08 3.9489e-08 4.3365e-08 1.5621e-08 -2.2543e-08 -3.5939e-08 -8.0744e-08 -7.1023e-08 -6.0947e-08 -7e-08 -5.6176e-08 -5.5542e-08 -5.2295e-08 -7.2797e-08 -6.6582e-08 -8.715e-08 -3.5646e-08 2.8569e-09 -6.3431e-08 -3.9087e-08 -4.8734e-09 4.4671e-08 4.7573e-08 -9.7789e-09 -1.4457e-08 -1.3893e-08 -1.3652e-08 -1.3578e-08 -1.251e-08 -1.1918e-08 -2.8632e-09 4.6812e-08 4.8141e-08 4.5626e-08 5.0976e-08 5.605e-08 5.5547e-08 4.7127e-08 3.088e-08 3.7447e-08 5.2085e-08 4.166e-08 4.0285e-08 4.8406e-08 3.6358e-08 3.2935e-08 2.769e-08 2.3059e-08 2.5893e-08 1.5509e-08 1.3022e-08 1.5375e-08 1.2755e-08 1.1651e-08 1.5539e-08 1.4373e-08 1.4893e-08 1.3477e-08 1.3651e-08 1.4888e-08 1.4986e-08 1.5437e-08 1.5113e-08 1.4275e-08 1.6815e-08 1.0829e-08 8.7525e-09 9.6225e-09 5.8516e-09 4.001e-09 3.0488e-09 2.5006e-09 1.5045e-09
4.0478e-10 -2.477e-09 3.1475e-09 1.1446e-09 -4.4684e-09 -4.101e-09 -4.437e-09 -3.6239e-09 -5.7469e-09 2.1789e-09 1.0478e-08 -4.276e-09 -8.337e-09 -9.2398e-09 -8.661e-09 2.5437e-09 1.3e-08 2.7652e-09 1.9628e-08 4.966e-08 5.355e-08 5.6179e-08 5.5415e-08 5.1631e-08 4.3068e-08 2.4409e-08 -1.4248e-09 -8.8727e-08 -2.0526e-07 -2.0596e-07 -1.949e-07 -1.5206e-07 -1.5296e-07 -1.3751e-07 -1.6805e-07 -2.0601e-07 1.1416e-07 6.3558e-07 -1.788e-07 -2.0123e-07 -1.9704e-07 -1.8916e-07 -1.7875e-07 -1.5674e-07 -1.0873e-07 -6.4371e-08 -2.7665e-08 6.9807e-09 2.8391e-08 4.9021e-08 5.5966e-08 5.6187e-08 5.456e-08 2.5633e-08 2.0811e-08 2.1666e-08 3.0679e-08 4.0168e-08 4.6063e-08 5.1817e-08 5.5103e-08 5.3026e-08 4.7875e-08 5.0727e-08 5.4287e-08 5.4915e-08 4.503e-08 4.324e-08 4.0353e-08 2.2683e-08 -6.681e-09 -8.3937e-09 -5.8159e-09 -1.3698e-08 1.879e-08 2.0824e-08 1.7168e-08 2.2484e-08 1.026e-08 3.4876e-08 3.4619e-08 3.808e-08 4.0819e-08 3.6818e-08 3.3326e-08 4.1494e-08 4.5209e-08 3.9183e-08 4.5397e-08 4.4673e-08 5.1745e-08 5.3491e-08 5.5544e-08 5.4565e-08 5.6118e-08 5.2305e-08 5.5862e-08 5.3507e-08 5.192e-08 5.3913e-08 5.3554e-08 3.2768e-08 1.7117e-08 1.0819e-08 4.3995e-08 4.9918e-08 5.2103e-08 3.0617e-08 2.5228e-08 1.3347e-08 8.2188e-09 9.6996e-09 -7.3539e-09 7.2479e-09 -2.1454e-08 -4.7706e-08 -6.1414e-08 -5.73e-08 -5.7185e-08 -8.2148e-08 -6.4479e-08 -7.1005e-08 -9.7146e-08 2.1573e-08 -5.2319e-08 -6.3365e-08 -2.593e-08 1.7132e-08 5.4768e-08 1.6252e-08 -1.2194e-08 -1.4819e-08 -1.4902e-08 -1.465e-08 -1.4012e-08 -1.3441e-08 -1.2736e-08 -9.9951e-09 2.4669e-09 2.3329e-08 3.5906e-08 3.6358e-08 5.6099e-08 5.4301e-08 5.3886e-08 5.1619e-08 5.5987e-08 5.2893e-08 5.5444e-08 5.5243e-08 4.0817e-08 2.7228e-08 1.8557e-08 2.7653e-08 1.6176e-08 1.1368e-08 1.4833e-08 1.5489e-08 1.8903e-08 1.8024e-08 3.6073e-09 2.1724e-08 2.3497e-08 2.0305e-08 1.6098e-08 1.4155e-08 1.9012e-08 1.7173e-08 2.1401e-08 2.0055e-08 1.9826e-08 1.202e-08 1.13e-08 8.5407e-09 1.0831e-08 6.0847e-09 4.0563e-09 2.5945e-09 1.5727e-09 1.675e-09
-1.3948e-09 -1.1215e-09 -9.001e-10 -8.5375e-10 -5.852e-09 -5.9379e-09 -6.9946e-09 -6.3626e-09 -8.9175e-09 -7.4069e-09 -4.7493e-09 -1.0098e-08 -1.0705e-08 -1.0214e-08 -9.3924e-09 -8.3234e-09 1.3454e-09 7.5875e-10 2.0128e-08 4.2055e-08 4.9197e-08 5.3207e-08 5.6173e-08 5.2387e-08 4.1018e-08 2.6531e-08 -1.0793e-08 -9.1404e-08 -1.5265e-07 -1.3063e-07 -1.3527e-07 -1.3584e-07 -1.3373e-07 -1.3244e-07 -1.2374e-07 -1.3336e-07 -8.9041e-09 2.7008e-06 1.4429e-06 -2.0159e-07 -1.9176e-07 -1.8141e-07 -1.6608e-07 -1.4163e-07 -1.0849e-07 -5.9268e-08 -1.3667e-08 1.3719e-08 3.7459e-08 4.8773e-08 5.5404e-08 5.6143e-08 5.6185e-08 3.8384e-08 3.1966e-08 3.1124e-08 3.8717e-08 4.6469e-08 4.9863e-08 5.3693e-08 5.5686e-08 5.0448e-08 4.6897e-08 5.6152e-08 5.4185e-08 4.8026e-08 3.1489e-08 2.1276e-08 1.2715e-08 1.8643e-08 -1.3607e-08 -1.0703e-08 2.0448e-08 -1.4133e-08 -6.035e-09 2.271e-08 -8.2518e-09 2.9188e-08 3.5283e-08 2.6122e-08 3.6611e-08 3.9684e-08 4.4486e-08 4.6895e-08 4.1219e-08 3.8906e-08 3.3098e-08 3.9106e-08 4.1759e-08 4.4533e-08 5.1342e-08 5.2831e-08 5.2386e-08 5.2491e-08 4.9208e-08 5.612e-08 5.3413e-08 5.3486e-08 5.4885e-08 5.567e-08 5.375e-08 5.2818e-08 4.202e-08 1.4235e-08 4.9398e-08 4.6103e-08 5.2682e-08 4.5378e-08 5.5604e-08 7.5679e-09 2.4631e-08 2.0975e-08 1.6919e-08 2.9821e-08 7.8961e-09 -3.4593e-08 -6.1793e-08 -3.7806e-08 -1.8014e-08 -6.7963e-08 -5.0407e-08 -5.9626e-08 -7.9224e-08 -8.9895e-08 -7.3653e-08 -3.2268e-08 1.8478e-09 3.7756e-08 5.3248e-08 5.0109e-09 -1.4795e-08 -1.5201e-08 -1.5488e-08 -1.4723e-08 -1.3598e-08 -1.3494e-08 -1.2144e-08 -1.1084e-08 -3.864e-09 1.495e-08 2.5106e-08 5.5624e-08 5.1497e-08 5.4815e-08 5.6137e-08 5.018e-08 3.9766e-08 3.3096e-08 3.3278e-08 3.0607e-08 2.2988e-08 1.4593e-08 7.0628e-09 5.8453e-09 1.1389e-08 8.3493e-09 1.1829e-08 1.1916e-08 2.0613e-08 2.5278e-08 3.1403e-08 3.7948e-08 3.5836e-08 3.3602e-08 2.9604e-08 2.6665e-08 2.5775e-08 2.5948e-08 2.4551e-08 1.2316e-08 4.1756e-08 1.8569e-08 1.263e-08 1.2367e-08 1.2236e-08 4.1192e-09 3.0081e-09 3.5089e-09 1.8034e-08 1.9508e-09
1.4934e-09 -2.8658e-09 8.9743e-09 9.3964e-09 -5.6738e-09 -5.1505e-09 -7.6001e-09 -8.8222e-09 -9.5144e-09 -1.0263e-08 -1.1202e-08 -1.2074e-08 -1.1955e-08 -1.163e-08 -1.1121e-08 -8.8069e-09 -5.9156e-09 2.8815e-09 4.4062e-08 4.1029e-08 4.6626e-08 5.5238e-08 5.5932e-08 5.3282e-08 3.9028e-08 1.758e-08 -8.6029e-09 -4.4195e-08 -1.1292e-07 -1.1288e-07 -1.2262e-07 -1.2349e-07 -1.2335e-07 -1.1497e-07 -9.8433e-08 -8.4324e-08 -1.4168e-07 1.2096e-06 6.3043e-07 -2.0113e-07 -1.9824e-07 -1.6962e-07 -1.4605e-07 -1.2617e-07 -1.7802e-07 -3.4075e-08 8.2882e-10 2.3456e-08 4.1231e-08 4.8798e-08 5.5845e-08 5.618e-08 5.6118e-08 4.279e-08 3.8744e-08 4.194e-08 4.7201e-08 5.1168e-08 5.3204e-08 5.4958e-08 5.5479e-08 5.6037e-08 5.5602e-08 5.6122e-08 4.9787e-08 2.6161e-08 1.5248e-08 6.7889e-09 3.1866e-09 -1.1243e-08 -1.2838e-08 -1.0872e-08 4.2236e-09 8.0717e-09 1.5709e-08 -6.9161e-09 1.0933e-08 1.692e-08 3.5879e-08 4.6176e-08 4.6605e-08 3.9062e-08 4.3959e-08 4.0925e-08 4.1581e-08 4.1762e-08 -1.202e-08 4.0806e-08 1.0193e-08 4.5395e-08 5.2311e-08 5.1101e-08 5.0985e-08 4.4981e-08 4.7229e-08 5.6184e-08 5.6165e-08 5.5887e-08 5.4909e-08 5.4502e-08 5.5388e-08 5.0806e-08 4.5424e-08 4.8722e-08 5.2109e-08 5.4865e-08 5.2103e-08 5.5996e-08 5.1993e-08 4.2058e-08 3.9631e-08 5.1104e-08 3.2674e-08 2.7084e-08 1.7112e-08 1.3919e-09 -1.9763e-08 -8.9659e-09 3.245e-09 -2.4757e-09 -1.2915e-08 -4.6859e-08 -5.5368e-08 -5.2273e-08 -4.2935e-08 -2.1247e-08 1.6532e-08 5.1495e-08 4.3683e-08 1.9782e-09 -1.4847e-08 -1.5051e-08 -1.4841e-08 -1.4303e-08 -1.3463e-08 -1.3253e-08 -1.2581e-08 -1.1574e-08 -6.9207e-09 7.7562e-09 1.6914e-08 4.1352e-08 3.7844e-08 3.4526e-08 3.5155e-08 3.0742e-08 3.1753e-08 1.4968e-08 2.0938e-08 1.0734e-08 7.281e-09 4.4209e-09 -9.0103e-10 -3.698e-09 -4.4468e-09 1.9044e-09 4.165e-09 1.3141e-08 2.714e-08 4.2913e-08 5.3731e-08 5.5971e-08 5.2337e-08 5.18e-08 4.5579e-08 4.0133e-08 3.7592e-08 3.0549e-08 3.2016e-08 3.0331e-08 2.855e-08 3.6255e-08 1.3089e-08 1.3888e-08 1.0096e-08 9.179e-09 3.9294e-09 5.3038e-09 3.7072e-08 1.4127e-08
5.6779e-10 -3.7221e-09 -4.1244e-09 -8.2051e-09 -7.2935e-09 -5.4313e-09 -9.0528e-09 -1.1045e-08 -1.1408e-08 -1.2104e-08 -1.2856e-08 -1.3858e-08 -1.3658e-08 -1.3312e-08 -1.3194e-08 -1.0724e-08 1.75e-09 1.7266e-08 3.8662e-08 3.9654e-08 5.6184e-08 -1.5565e-07 8.2287e-08 2.1925e-07 -1.6138e-07 7.2714e-09 -2.0443e-08 -3.0449e-08 -5.3944e-08 -9.7936e-08 -1.0511e-07 -1.1444e-07 -1.1239e-07 -1.0558e-07 -9.7123e-08 -8.7613e-08 -8.5977e-08 -1.7576e-07 -1.853e-07 -1.9953e-07 -1.9116e-07 -1.5797e-07 -1.2756e-07 -1.0636e-07 -6.5424e-08 -7.5152e-09 1.2143e-08 3.0765e-08 4.1947e-08 4.8406e-08 5.5186e-08 5.6182e-08 5.5836e-08 4.6635e-08 4.661e-08 4.607e-08 4.9806e-08 5.3574e-08 5.5097e-08 5.5369e-08 5.5998e-08 5.5988e-08 5.555e-08 5.4094e-08 2.3715e-08 1.1208e-08 4.2174e-09 -2.5103e-10 -1.2285e-09 -1.0419e-08 -1.3756e-08 -1.1921e-08 -5.8591e-09 9.7564e-10 -7.6775e-09 3.6165e-09 8.2633e-09 1.6182e-08 2.3396e-08 2.769e-08 2.1938e-08 3.8064e-08 5.4316e-08 -4.6931e-10 3.6995e-08 4.074e-08 3.8292e-08 4.174e-08 4.1149e-08 4.0784e-08 1.7301e-08 3.7785e-08 4.8496e-08 5.1138e-08 5.0722e-08 5.4578e-08 5.3826e-08 5.2521e-08 5.1065e-08 4.7781e-08 5.2244e-08 5.3061e-08 5.4755e-08 5.3349e-08 5.4981e-08 5.5353e-08 5.2864e-08 5.023e-08 5.5684e-08 2.9422e-08 4.3567e-08 4.567e-08 4.8672e-08 4.927e-08 2.4695e-08 1.9558e-08 4.0464e-09 -1.0246e-08 -2.7698e-09 -2.0367e-09 -1.9229e-08 -9.0179e-09 -2.5726e-08 -1.9653e-08 -4.0393e-09 6.3265e-09 3.1768e-08 5.6178e-08 2.6807e-08 -1.4276e-08 -1.4577e-08 -1.3784e-08 -1.4753e-08 -1.4047e-08 -1.3349e-08 -1.2957e-08 -1.2103e-08 -1.1497e-08 -7.9074e-09 2.5734e-09 1.105e-08 1.5704e-08 2.1852e-08 2.3645e-08 2.5141e-08 2.318e-08 1.8936e-08 1.346e-08 3.8956e-09 1.5819e-09 -1.7626e-09 -4.4637e-09 -4.7039e-09 -6.4183e-09 -6.8875e-09 -5.9545e-09 1.5551e-09 1.5115e-08 3.7613e-08 5.2992e-08 5.6058e-08 5.3312e-08 4.6335e-08 5.3145e-08 5.5945e-08 5.0924e-08 4.4639e-08 3.9283e-08 3.8564e-08 3.4926e-08 3.2395e-08 3.0646e-08 2.2421e-08 1.505e-08 1.3391e-08 1.0598e-08 8.1095e-09 1.2638e-09 2.0218e-08 -1.2132e-08
-2.7408e-09 -5.9336e-09 -6.6896e-09 -8.9374e-09 2.2502e-09 -8.7506e-09 -9.4478e-09 -1.0792e-08 -1.2689e-08 -1.3118e-08 -1.3906e-08 -1.4566e-08 -1.4783e-08 -1.4656e-08 -1.4996e-08 -3.8437e-09 9.4011e-09 1.282e-08 2.9469e-08 2.8753e-08 4.7014e-08 3.0919e-07 2.3737e-06 3.6925e-06 1.1523e-06 -1.6977e-07 -2.5561e-08 -2.8703e-08 -6.3378e-09 -5.1648e-08 -7.9415e-08 -1.0318e-07 -1.0864e-07 -1.0266e-07 -9.5215e-08 -8.5841e-08 -8.409e-08 -1.0325e-07 -1.7943e-07 -1.8532e-07 -1.5935e-07 -1.4328e-07 -1.2149e-07 -9.8128e-08 -5.8422e-08 -4.6175e-09 2.0862e-08 3.663e-08 4.5292e-08 5.0875e-08 5.3997e-08 5.5847e-08 5.6137e-08 3.861e-08 4.0659e-08 5.1974e-08 5.2377e-08 5.445e-08 5.5183e-08 5.5786e-08 5.6154e-08 5.5867e-08 5.2558e-08 3.2455e-08 1.9536e-08 2.9323e-09 -2.6502e-09 -7.3469e-09 -1.1336e-08 -1.2137e-08 -9.5504e-09 -1.2308e-08 -1.1022e-08 -7.5369e-09 -9.275e-09 -1.4635e-09 1.0331e-08 8.1373e-09 1.2666e-08 2.826e-08 3.4908e-08 4.741e-08 3.2747e-08 1.4122e-08 4.1674e-08 3.8943e-08 3.7934e-08 -8.2368e-09 3.8917e-08 3.0198e-08 3.8611e-08 4.0712e-08 4.9632e-08 5.1576e-08 4.8253e-08 4.4555e-08 4.7761e-08 4.721e-08 4.7504e-08 4.2171e-08 4.3166e-08 4.8438e-08 5.5757e-08 5.6187e-08 5.3387e-08 5.4177e-08 5.4117e-08 5.4851e-08 4.9941e-08 4.0389e-08 4.8205e-08 4.9423e-08 4.3432e-08 3.5719e-08 3.2061e-08 2.6451e-08 9.6394e-09 -4.4177e-08 -1.0909e-08 -5.7852e-10 3.0904e-09 2.0675e-09 -2.2954e-09 3.2828e-09 9.2834e-09 2.1998e-08 5.4543e-08 5.5136e-08 2.1506e-08 -1.2293e-08 -1.4057e-08 -1.4315e-08 -1.3958e-08 -1.3399e-08 -1.313e-08 -1.3126e-08 -1.2371e-08 -1.0368e-08 -8.1833e-09 -4.1127e-09 1.9311e-09 -2.8341e-10 4.8191e-09 4.8521e-09 5.6627e-09 5.2618e-10 -5.26e-10 -2.7101e-09 -5.0656e-09 -6.8178e-09 -8.1485e-09 -8.1392e-09 -8.43e-09 -9.9648e-09 -9.2471e-09 -9.0174e-09 -4.5558e-09 1.6133e-08 3.736e-08 5.6104e-08 5.0671e-08 3.318e-08 1.4857e-08 1.5589e-08 3.8546e-08 5.5553e-08 4.9037e-08 4.6637e-08 4.681e-08 4.2102e-08 3.602e-08 2.8576e-08 2.1349e-08 1.5867e-08 1.6981e-08 1.061e-08 -1.7827e-10 3.4522e-10 3.5722e-09 -3.7951e-09
-2.8223e-09 -6.6433e-09 -8.9539e-09 -9.7831e-09 -1.0554e-08 -9.0836e-09 -9.7041e-09 -1.1662e-08 -1.3362e-08 -1.4028e-08 -1.4679e-08 -1.5342e-08 -1.5534e-08 -1.5586e-08 -1.5793e-08 -6.5358e-09 7.0457e-09 2.0053e-08 4.8793e-08 3.7978e-08 5.5186e-08 2.7923e-07 2.3022e-06 3.1927e-06 1.4112e-06 -1.7665e-07 1.008e-10 1.1706e-08 1.5317e-08 4.4437e-09 -4.7112e-08 -9.1117e-08 -1.1406e-07 -1.1933e-07 -1.1736e-07 -9.3864e-08 -8.0031e-08 -8.2532e-08 -1.2312e-07 -1.3635e-07 -1.2956e-07 -1.241e-07 -1.165e-07 -9.9512e-08 -7.1468e-08 -2.1325e-08 2.6408e-08 4.0005e-08 4.8911e-08 5.1358e-08 5.4022e-08 5.5472e-08 5.5577e-08 5.6145e-08 3.8036e-08 4.712e-08 5.2618e-08 5.4153e-08 5.5647e-08 5.5825e-08 5.5867e-08 5.5797e-08 4.5797e-08 1.9792e-08 4.5696e-09 -3.8143e-09 -1.0322e-08 -1.1697e-08 -1.399e-08 -1.4062e-08 -1.5027e-08 -1.3997e-08 -1.3555e-08 -1.2281e-08 -1.1097e-08 -1.7568e-09 1.9699e-09 8.5443e-10 -7.47e-09 2.2317e-08 3.1581e-08 3.8057e-08 3.3066e-08 3.0711e-08 -6.7588e-09 4.3887e-08 4.0007e-08 4.7321e-08 3.9788e-08 3.7008e-08 3.6148e-08 3.5822e-08 2.1849e-08 4.3329e-08 4.4655e-08 4.0994e-08 4.3822e-08 4.3824e-08 4.4574e-08 4.2448e-08 4.1588e-08 5.2035e-08 1.205e-08 5.2257e-08 4.7285e-08 5.6129e-08 5.512e-08 5.5141e-08 5.4789e-08 5.3319e-08 4.9312e-08 4.4754e-08 3.3956e-08 3.0953e-08 3.2376e-08 4.4821e-08 -1.6293e-09 1.6245e-08 -4.2316e-09 2.1656e-08 3.2371e-08 4.2897e-08 6.0205e-09 9.7841e-09 1.6186e-08 3.0059e-08 5.2318e-08 4.7707e-08 4.1891e-08 6.059e-09 -9.3244e-09 -1.3558e-08 -1.2906e-08 -1.2788e-08 -1.2542e-08 -1.1824e-08 -1.1707e-08 -1.1138e-08 -9.7185e-09 -8.3652e-09 -8.0527e-09 -7.9142e-09 -9.893e-09 -8.1153e-09 -8.5675e-09 -8.1202e-09 -1.0058e-08 -1.0328e-08 -1.0626e-08 -1.1677e-08 -1.2418e-08 -1.1758e-08 -1.3189e-08 -1.2649e-08 -1.2436e-08 -1.0305e-08 -6.5563e-09 1.6022e-08 4.7601e-08 5.461e-08 2.4119e-08 -9.6163e-09 -2.1314e-08 2.2413e-09 7.1291e-09 -6.7397e-08 5.5636e-08 5.2853e-08 4.986e-08 4.5649e-08 3.8603e-08 2.9611e-08 2.1481e-08 1.5527e-08 1.3408e-08 4.3061e-09 1.713e-08 -2.8177e-09 -1.3294e-09 -4.5825e-09
-1.0714e-08 -9.0283e-09 -8.5713e-09 -1.1687e-08 -1.3019e-08 -1.2911e-08 -1.2602e-08 -1.3625e-08 -1.4807e-08 -1.5067e-08 -1.5694e-08 -1.5872e-08 -1.6097e-08 -1.6155e-08 -1.6146e-08 -6.4337e-09 7.3651e-09 4.015e-08 4.7937e-08 3.2498e-08 4.6511e-08 -1.0343e-07 3.7685e-07 7.0354e-07 1.2275e-07 -3.8512e-08 3.4593e-08 3.4489e-08 2.8903e-08 1.0931e-08 -2.4366e-08 -7.3165e-08 -1.154e-07 -1.3482e-07 -1.4798e-07 -1.5439e-07 -8.5223e-08 -8.3197e-08 -9.8594e-08 -1.1129e-07 -1.1482e-07 -1.1324e-07 -1.0842e-07 -9.6549e-08 -7.2521e-08 -2.4319e-08 3.5948e-08 3.9077e-08 4.5277e-08 5.0646e-08 5.0939e-08 5.6046e-08 5.4998e-08 5.1961e-08 4.4211e-08 4.7173e-08 4.9135e-08 5.3148e-08 5.4227e-08 5.6123e-08 5.5898e-08 5.529e-08 3.4741e-08 1.7439e-08 2.4062e-09 -1.2201e-08 -1.3235e-08 -1.3895e-08 -1.4881e-08 -1.5106e-08 -1.5145e-08 -1.4846e-08 -1.336e-08 -1.36e-08 -1.2357e-08 -6.8401e-09 -4.8717e-09 -5.7076e-09 5.426e-09 2.1795e-08 2.4153e-08 1.2931e-08 2.5072e-08 3.1458e-08 4.4164e-08 3.3959e-08 2.4494e-08 3.8881e-08 3.6682e-08 3.2864e-08 3.7286e-08 3.7317e-08 4.1731e-08 4.3168e-08 3.5599e-08 3.9353e-08 4.2737e-08 4.1353e-08 4.1867e-08 4.2018e-08 3.8675e-08 5.0479e-08 5.4695e-08 4.6018e-08 5.5985e-08 5.4285e-08 4.768e-08 4.4405e-08 5.5168e-08 5.4626e-08 4.2809e-08 3.3973e-08 3.1407e-08 3.6681e-08 3.8815e-08 4.5851e-08 2.0665e-08 2.1772e-08 -5.7827e-08 3.7695e-08 4.1212e-08 3.8968e-08 -1.0634e-08 6.2519e-09 2.7687e-08 2.9957e-08 5.0741e-08 4.5044e-08 5.605e-08 4.7005e-08 1.0785e-08 4.1478e-09 -6.8804e-09 -8.9347e-09 -8.863e-09 -1.1426e-08 -1.1314e-08 -1.1372e-08 -1.137e-08 -1.0992e-08 -1.1449e-08 -1.2748e-08 -1.2735e-08 -1.2924e-08 -1.3268e-08 -1.299e-08 -1.3826e-08 -1.4194e-08 -1.4227e-08 -1.3775e-08 -1.4343e-08 -1.4001e-08 -1.436e-08 -1.3402e-08 -1.3893e-08 -1.3851e-08 -1.1229e-08 1.1603e-08 5.0661e-08 4.2889e-08 -2.0554e-08 -4.0256e-08 -4.897e-08 -5.1703e-08 -7.7313e-09 3.6762e-08 5.5138e-08 5.5968e-08 5.3451e-08 4.7151e-08 3.7286e-08 2.9796e-08 2.2338e-08 1.7223e-08 8.4835e-09 6.3039e-09 1.7908e-08 -4.3643e-09 -4.4206e-09 -6.7283e-09
-1.0311e-08 -1.1155e-08 -1.1831e-08 -1.3003e-08 -1.3628e-08 -1.4412e-08 -1.4848e-08 -1.5475e-08 -1.5797e-08 -1.5918e-08 -1.6201e-08 -1.625e-08 -1.6327e-08 -1.6302e-08 -1.6325e-08 -7.6402e-09 1.491e-08 4.4883e-08 3.3397e-08 2.1975e-08 2.0963e-08 4.7015e-08 -1.148e-07 -1.9486e-07 6.7631e-09 5.6028e-08 4.8479e-08 4.4622e-08 3.6061e-08 3.8739e-09 -3.3823e-08 -7.2051e-08 -1.0758e-07 -1.4312e-07 -1.6053e-07 -1.6587e-07 -1.0926e-07 -8.2645e-08 -8.9745e-08 -1.1173e-07 -1.1267e-07 -1.2965e-07 -1.0751e-07 -9.2186e-08 -8.92e-08 -7.2122e-09 1.3407e-08 3.0997e-08 3.7388e-08 4.5191e-08 4.9282e-08 5.2824e-08 5.6003e-08 5.3924e-08 5.6165e-08 5.2454e-08 4.9371e-08 1.1909e-08 2.3736e-08 5.1341e-08 5.4898e-08 5.6117e-08 3.2216e-08 1.5678e-08 -1.8156e-11 -1.1998e-08 -1.4382e-08 -1.4988e-08 -1.567e-08 -1.5926e-08 -1.5479e-08 -1.5945e-08 -1.3529e-08 -1.5439e-08 -1.4636e-08 -1.1775e-08 -1.0912e-08 -1.1356e-08 -9.7161e-09 4.2754e-09 1.9953e-08 3.566e-08 4.4361e-08 3.4649e-08 4.0594e-08 3.6749e-08 3.5343e-08 3.3738e-08 3.4627e-08 4.1498e-08 3.1825e-08 3.0039e-08 3.3675e-08 3.8237e-08 2.9915e-08 2.7808e-08 2.0277e-08 4.8091e-08 3.3383e-08 3.5149e-08 4.1443e-08 4.8811e-08 5.4107e-08 4.8856e-08 4.822e-08 5.0615e-08 5.0787e-08 5.5476e-08 5.4665e-08 5.6186e-08 5.23e-08 4.1723e-08 4.192e-08 3.2151e-08 3.1067e-08 3.4233e-08 4.2127e-08 2.0325e-08 -3.9015e-08 3.3736e-08 4.0246e-08 2.879e-08 5.5829e-08 5.3313e-08 2.4283e-08 2.1067e-08 3.8819e-08 4.8633e-08 5.182e-08 5.5401e-08 4.5624e-08 3.1225e-08 1.6483e-08 5.2268e-09 -4.2581e-09 -9.5574e-09 -1.1278e-08 -1.2135e-08 -1.3024e-08 -1.3367e-08 -1.3479e-08 -1.5064e-08 -1.4277e-08 -1.5408e-08 -1.5807e-08 -1.6117e-08 -1.6371e-08 -1.6113e-08 -1.6787e-08 -1.6411e-08 -1.6502e-08 -1.6274e-08 -1.6124e-08 -1.6138e-08 -1.6332e-08 -1.5638e-08 -1.5003e-08 4.9437e-09 5.2108e-08 3.7402e-08 -8.1353e-09 -4.7693e-08 -6.4675e-08 -1.8349e-07 -1.3201e-07 -3.7629e-09 4.7756e-08 5.6148e-08 5.2731e-08 4.6912e-08 3.7167e-08 2.8437e-08 1.8678e-08 1.1723e-08 3.1922e-09 8.4694e-09 -1.7598e-09 -4.3394e-09 3.0288e-09 -9.3946e-09
-1.1678e-08 -1.2212e-08 -1.1976e-08 -1.4189e-08 -1.5176e-08 -1.518e-08 -1.5699e-08 -1.5808e-08 -1.5946e-08 -1.6222e-08 -1.6385e-08 -1.6397e-08 -1.64e-08 -1.6429e-08 -1.6452e-08 -9.0992e-09 2.2733e-08 3.7102e-08 3.3393e-08 4.1278e-08 1.9534e-08 2.6207e-08 2.7513e-08 2.8592e-08 4.5645e-08 5.5823e-08 4.1252e-08 4.8862e-08 2.6306e-08 -1.0411e-08 -5.4576e-08 -8.2783e-08 -1.211e-07 -1.499e-07 -1.6479e-07 -1.8958e-07 -1.8734e-07 -9.1739e-08 -8.4622e-08 -1.1301e-07 -1.0493e-07 -1.1188e-07 -1.0339e-07 -1.5964e-07 -6.2342e-08 -4.7658e-09 2.1193e-08 2.9097e-08 3.3886e-08 3.8924e-08 3.082e-08 4.7474e-08 4.9154e-08 5.0485e-08 4.8203e-08 5.0206e-08 5.2429e-08 5.1041e-08 4.4983e-08 3.3781e-09 -1.3398e-09 4.6506e-08 2.3213e-08 -5.8907e-09 -1.1824e-08 -1.4952e-08 -1.5625e-08 -1.5721e-08 -1.6081e-08 -1.6363e-08 -1.629e-08 -1.6076e-08 -1.5757e-08 -1.5214e-08 -1.2766e-08 -1.3903e-08 -1.3644e-08 -1.4373e-08 -1.538e-08 -5.7406e-09 2.3391e-09 2.6657e-08 3.2229e-08 2.3313e-08 2.2536e-08 3.0788e-08 2.7111e-08 3.0456e-08 2.9204e-08 3.8483e-08 3.2505e-08 2.1708e-08 3.0606e-08 2.9842e-08 2.9213e-08 1.5987e-08 2.528e-08 3.2266e-08 3.7306e-08 3.3142e-08 4.9968e-08 4.8639e-08 4.3519e-08 4.8324e-08 5.155e-08 3.8554e-08 4.4167e-08 5.5919e-08 5.242e-08 5.4885e-08 5.3749e-08 5.6137e-08 5.5619e-08 5.5616e-08 5.4477e-08 3.7851e-08 4.7826e-08 -1.4956e-09 2.0065e-08 -2.4839e-08 8.3264e-09 2.0259e-09 6.3508e-09 2.3771e-08 2.5933e-08 3.2941e-08 2.8262e-08 2.8507e-08 5.3892e-08 4.7305e-08 5.0161e-08 2.9511e-08 3.0509e-08 1.3743e-08 -5.596e-09 -1.1015e-08 -1.2431e-08 -1.4373e-08 -1.49e-08 -1.5293e-08 -1.5986e-08 -1.6299e-08 -1.6613e-08 -1.7023e-08 -1.7317e-08 -1.7472e-08 -1.7513e-08 -1.7517e-08 -1.7516e-08 -1.7488e-08 -1.7414e-08 -1.7348e-08 -1.7385e-08 -1.7259e-08 -1.7048e-08 -1.6712e-08 -1.5859e-08 -1.4204e-08 3.3842e-08 5.386e-08 -1.4522e-08 -5.1746e-08 -1.8137e-07 7.4178e-07 -1.9359e-07 -1.5442e-08 4.8803e-08 5.6123e-08 5.3196e-08 4.5414e-08 3.025e-08 3.0229e-08 1.6332e-08 8.4909e-09 -9.8343e-10 -2.1188e-09 -5.0908e-09 -4.4545e-09 -9.1098e-09 -1.0345e-08
-1.3575e-08 -1.4204e-08 -1.4474e-08 -1.4234e-08 -1.5803e-08 -1.5143e-08 -1.6297e-08 -1.6444e-08 -1.6444e-08 -1.6459e-08 -1.6495e-08 -1.6507e-08 -1.6467e-08 -1.6449e-08 -1.6473e-08 -1.1992e-08 1.6473e-08 3.613e-08 3.2855e-08 3.5403e-08 3.8185e-08 3.3822e-08 5.4216e-08 4.9378e-08 4.8376e-08 5.4358e-08 5.6076e-08 3.5192e-08 8.0778e-09 -2.3164e-08 -6.7232e-08 -9.862e-08 -1.2718e-07 -1.5511e-07 -1.8888e-07 -1.9214e-07 -1.7876e-07 -7.688e-08 -5.901e-08 -9.6459e-08 -8.2846e-08 -8.4978e-08 -8.2003e-08 -1.6065e-07 -9.4053e-08 -7.3299e-09 1.582e-08 2.444e-08 2.9241e-08 2.0125e-08 4.0821e-09 1.3412e-08 5.1164e-08 5.6099e-08 5.2434e-08 4.459e-08 4.7825e-08 3.3944e-08 2.7756e-08 4.6753e-10 2.0207e-08 5.2061e-08 -1.1528e-08 -1.3483e-08 -1.4745e-08 -1.5295e-08 -1.5277e-08 -1.5888e-08 -1.6486e-08 -1.6604e-08 -1.5442e-08 -1.6349e-08 -1.6392e-08 -1.5926e-08 -1.4166e-08 -1.6115e-08 -1.4832e-08 -1.5411e-08 -1.5957e-08 -1.575e-08 -5.1551e-09 2.2845e-09 9.6693e-09 1.4114e-08 1.2237e-08 2.255e-08 2.9883e-08 3.3256e-08 2.9125e-08 2.8432e-08 2.6285e-08 2.4558e-08 2.8491e-08 3.1116e-08 2.6501e-08 3.3369e-08 2.3319e-08 2.738e-08 4.1782e-08 4.9445e-08 2.3003e-08 5.1968e-08 4.4224e-08 4.3515e-08 5.6176e-08 2.9642e-08 5.2364e-08 5.436e-08 5.2147e-08 5.6028e-08 5.6147e-08 5.5603e-08 5.6024e-08 5.6182e-08 5.5432e-08 5.6187e-08 5.5671e-08 4.9015e-08 4.6946e-08 2.8907e-08 4.2921e-08 5.6018e-08 2.2722e-08 3.9104e-08 4.5644e-08 7.3572e-09 -1.3861e-08 4.32e-08 5.614e-08 5.014e-08 4.7488e-08 3.7388e-08 1.9236e-08 -1.6123e-09 -1.0505e-08 -1.3535e-08 -1.5374e-08 -1.5483e-08 -1.6054e-08 -1.6613e-08 -1.694e-08 -1.7335e-08 -1.7465e-08 -1.7488e-08 -1.7284e-08 -1.7216e-08 -1.7069e-08 -1.7197e-08 -1.7208e-08 -1.7372e-08 -1.7447e-08 -1.744e-08 -1.7516e-08 -1.7468e-08 -1.7235e-08 -1.6937e-08 -1.6227e-08 -1.4894e-08 -3.0623e-09 5.609e-08 1.7302e-08 -3.5353e-08 -1.0951e-07 -1.6092e-07 -1.068e-07 3.4971e-08 5.597e-08 5.4276e-08 5.0216e-08 4.1788e-08 3.8146e-08 1.7118e-08 9.6889e-09 3.2485e-09 -3.4065e-09 -6.999e-09 -7.1e-09 -8.3122e-09 -1.0627e-08 -1.262e-08
-1.5129e-08 -1.5444e-08 -1.5896e-08 -1.6209e-08 -1.6563e-08 -1.6485e-08 -1.6684e-08 -1.6791e-08 -1.6804e-08 -1.6703e-08 -1.6742e-08 -1.6771e-08 -1.6709e-08 -1.5853e-08 -1.6662e-08 -1.6403e-08 -8.9185e-09 2.34e-08 4.1215e-08 3.953e-08 3.8947e-08 3.6765e-08 5.4702e-08 5.5924e-08 4.1404e-08 5.1458e-08 4.8884e-08 2.8258e-08 -3.5766e-10 -3.8997e-08 -7.5416e-08 -1.077e-07 -1.2856e-07 -1.5738e-07 -2.0415e-07 -1.9585e-07 -1.4656e-07 -7.5744e-08 -6.4243e-08 -8.2344e-08 -5.6102e-08 -5.1587e-08 -5.5749e-08 -4.5711e-08 -2.5766e-08 -5.1493e-09 1.7712e-08 2.7688e-08 2.697e-08 -3.1857e-09 5.0024e-09 2.4352e-08 2.6421e-08 5.6173e-08 5.5916e-08 5.4331e-08 5.3898e-08 3.7816e-08 3.1556e-08 1.6561e-08 1.929e-08 3.0145e-09 -9.482e-09 -4.6641e-09 3.6346e-09 -1.3699e-08 -1.4615e-08 -1.5661e-08 -1.6464e-08 -1.6765e-08 -1.6498e-08 -1.6901e-08 -1.6744e-08 -1.6936e-08 -1.6799e-08 -1.6596e-08 -1.6123e-08 -1.6368e-08 -1.6674e-08 -1.6813e-08 -1.6634e-08 -8.2219e-09 -2.2865e-09 4.6188e-09 1.8036e-09 1.8055e-08 2.5279e-08 -1.7517e-08 2.3777e-08 2.7732e-08 2.1638e-08 1.2372e-08 2.338e-08 2.2169e-08 3.3745e-08 3.044e-08 2.4063e-08 2.5355e-08 3.9625e-08 3.9988e-08 4.6631e-08 4.1095e-08 4.4694e-08 4.246e-08 5.2127e-08 5.5143e-08 5.5283e-08 5.6097e-08 5.5651e-08 5.5026e-08 5.5857e-08 5.6137e-08 5.2462e-08 4.1842e-08 4.4956e-08 4.5839e-08 5.5916e-08 4.7529e-08 4.3645e-08 4.0745e-08 5.0473e-08 3.8712e-08 3.0286e-08 3.8488e-08 2.5194e-08 4.969e-08 5.0692e-08 3.9316e-08 4.1443e-08 3.2409e-08 2.502e-08 1.292e-08 -5.6813e-09 -9.7335e-09 -1.2843e-08 -1.5498e-08 -1.5999e-08 -1.6677e-08 -1.7204e-08 -1.7461e-08 -1.7512e-08 -1.74e-08 -1.6987e-08 -1.6569e-08 -1.6267e-08 -1.5674e-08 -1.5894e-08 -1.6599e-08 -1.6229e-08 -1.674e-08 -1.691e-08 -1.7245e-08 -1.7443e-08 -1.7512e-08 -1.7439e-08 -1.7314e-08 -1.6918e-08 -1.6327e-08 -1.1803e-08 3.3255e-08 5.5908e-08 3.4911e-08 -7.653e-09 -1.2053e-08 2.8581e-08 5.6184e-08 5.3379e-08 4.9966e-08 4.5827e-08 3.9322e-08 2.107e-08 1.2253e-08 2.6511e-09 -3.6187e-09 -8.1216e-09 -1.0783e-08 -1.1169e-08 -1.1644e-08 -1.3842e-08 -1.4669e-08
-1.6555e-08 -1.6254e-08 -1.6756e-08 -1.6806e-08 -1.6843e-08 -1.683e-08 -1.6916e-08 -1.7074e-08 -1.7102e-08 -1.699e-08 -1.6919e-08 -1.6978e-08 -1.698e-08 -1.6917e-08 -1.6847e-08 -1.6691e-08 -1.3692e-08 -3.4603e-09 6.3593e-09 8.9895e-09 1.9265e-08 2.5204e-08 4.115e-08 4.3144e-08 3.2672e-08 5.3189e-08 4.1822e-08 2.2955e-08 -1.6433e-08 -4.6733e-08 -8.188e-08 -9.0574e-08 -1.3501e-07 -1.5464e-07 -1.8189e-07 -1.7955e-07 -1.4452e-07 -7.0375e-08 -6.6974e-08 -6.7665e-08 -4.7997e-08 -3.7133e-08 -2.3311e-08 -2.2913e-08 -1.0651e-08 2.7578e-09 1.6265e-08 2.9848e-08 2.3273e-08 -2.3145e-08 2.3528e-08 3.144e-08 3.5273e-08 4.7584e-08 5.1548e-08 5.4908e-08 5.5911e-08 5.5121e-08 5.0323e-08 2.1414e-08 3.2132e-08 6.6494e-09 -3.8035e-10 -5.7367e-09 -1.1224e-08 -1.179e-08 -1.4384e-08 -1.5276e-08 -1.5641e-08 -1.6787e-08 -1.6944e-08 -1.6937e-08 -1.7149e-08 -1.7332e-08 -1.7238e-08 -1.7447e-08 -1.6797e-08 -1.7031e-08 -1.7222e-08 -1.6959e-08 -1.6879e-08 -1.6293e-08 -1.2196e-08 -1.486e-08 -7.5382e-09 4.7521e-10 1.5824e-08 2.7493e-08 1.851e-08 1.4469e-08 1.2228e-08 1.8186e-08 2.3586e-08 2.78e-08 6.9284e-09 1.992e-08 2.944e-08 3.8647e-08 4.1974e-08 3.0685e-08 4.7057e-08 4.5361e-08 3.8822e-08 3.9612e-08 4.9148e-08 5.0953e-08 5.6163e-08 5.6187e-08 5.5338e-08 5.6161e-08 5.5819e-08 5.5443e-08 5.2448e-08 4.6301e-08 4.9047e-08 4.9401e-08 5.6071e-08 4.8915e-08 5.3992e-08 5.4984e-08 5.3022e-08 5.1339e-08 4.2622e-08 3.5737e-08 5.3915e-08 4.8103e-08 5.5911e-08 3.1834e-08 3.6908e-08 2.5049e-08 1.1655e-08 -4.6615e-09 -7.6813e-09 -1.267e-08 -1.4622e-08 -1.5953e-08 -1.683e-08 -1.7365e-08 -1.749e-08 -1.7257e-08 -1.6954e-08 -1.6408e-08 -1.4555e-08 -1.5455e-08 -1.471e-08 -1.4235e-08 -1.4533e-08 -1.5025e-08 -1.5365e-08 -1.5968e-08 -1.6668e-08 -1.696e-08 -1.6679e-08 -1.7457e-08 -1.747e-08 -1.7517e-08 -1.7414e-08 -1.7141e-08 -1.5285e-08 -8.9712e-09 2.8753e-08 4.7823e-08 5.4284e-08 5.5149e-08 5.6106e-08 5.1117e-08 4.3787e-08 4.33e-08 3.9361e-08 3.2983e-08 4.6179e-08 -1.453e-08 -6.1436e-09 1.9408e-08 -1.2483e-08 -6.0438e-09 -1.4186e-08 -1.4581e-08 -1.4917e-08 -1.6194e-08
-1.7165e-08 -1.3633e-08 -1.686e-08 -1.688e-08 -1.7135e-08 -1.7065e-08 -1.7088e-08 -1.7204e-08 -1.7119e-08 -1.7168e-08 -1.7138e-08 -1.719e-08 -1.7177e-08 -1.7119e-08 -1.7228e-08 -1.7132e-08 -1.6943e-08 -1.4403e-08 -2.3184e-09 2.7977e-08 2.0712e-08 2.1694e-08 1.7666e-08 2.4286e-08 5.5613e-08 4.7603e-08 3.5419e-08 1.2834e-08 -5.4177e-09 -6.5397e-08 -9.5213e-08 -1.1951e-07 -1.5077e-07 -1.7364e-07 -1.8823e-07 -1.8396e-07 -1.5079e-07 -8.2344e-08 -5.3406e-08 -4.5166e-08 -3.11e-08 -1.7417e-08 -1.1711e-08 -5.402e-09 -1.5364e-08 1.1344e-09 6.7768e-10 -1.0947e-08 -1.3398e-08 -1.1513e-09 2.3056e-08 3.8097e-08 4.0402e-08 3.7041e-08 4.9524e-08 5.61e-08 5.5541e-08 5.4296e-08 5.4868e-08 5.3344e-08 5.3968e-08 5.3405e-08 3.3649e-08 -5.0381e-09 -5.2841e-09 -1.4263e-08 -1.5288e-08 -1.5643e-08 -1.6007e-08 -1.6751e-08 -1.7175e-08 -1.749e-08 -1.7494e-08 -1.7496e-08 -1.7466e-08 -1.7514e-08 -1.7511e-08 -1.7515e-08 -1.7509e-08 -1.7232e-08 -1.7466e-08 -1.7423e-08 -1.6766e-08 -1.4491e-08 -1.0576e-08 -2.9535e-09 8.0866e-09 1.7279e-08 5.1687e-09 1.3555e-08 1.5203e-08 3.1745e-08 1.908e-08 1.984e-08 1.9203e-08 2.928e-08 2.5614e-08 3.91e-08 2.95e-08 2.6407e-08 4.9915e-08 5.1415e-08 4.3405e-08 5.3925e-08 2.7721e-08 5.5893e-08 5.4957e-08 5.5795e-08 5.547e-08 5.1676e-08 4.509e-08 5.2416e-08 5.558e-08 5.2941e-08 5.5206e-08 5.5618e-08 5.5323e-08 5.6144e-08 5.4439e-08 5.225e-08 5.4332e-08 5.1577e-08 5.3476e-08 5.2177e-08 5.6182e-08 4.6518e-08 4.4414e-08 2.813e-08 1.7826e-08 2.1914e-09 -2.4903e-09 -9.3891e-09 -1.2056e-08 -1.4363e-08 -1.5843e-08 -1.6849e-08 -1.7426e-08 -1.7416e-08 -1.7016e-08 -1.6615e-08 -1.572e-08 -1.5174e-08 -1.4411e-08 -1.3757e-08 -1.2419e-08 -1.3807e-08 -1.4235e-08 -1.4433e-08 -1.4838e-08 -1.6362e-08 -1.593e-08 -1.6308e-08 -1.6762e-08 -1.7252e-08 -1.7492e-08 -1.731e-08 -1.7407e-08 -1.7517e-08 -1.7392e-08 -1.6985e-08 -1.5523e-08 -1.2128e-08 -9.2427e-09 7.8054e-10 1.7297e-08 4.6625e-08 1.6227e-08 2.7583e-08 3.1235e-08 2.2112e-08 1.8304e-08 -5.2424e-09 -1.1262e-08 -1.258e-08 -1.4505e-08 -1.5338e-08 -1.5701e-08 -1.6406e-08 -1.6758e-08 -1.7047e-08
-1.7425e-08 -1.7296e-08 -1.7296e-08 -1.7185e-08 -1.7263e-08 -1.7214e-08 -1.7259e-08 -1.7252e-08 -1.7221e-08 -1.727e-08 -1.7312e-08 -1.7296e-08 -1.7277e-08 -1.7216e-08 -1.7327e-08 -1.716e-08 -1.728e-08 -1.7003e-08 -1.3472e-08 5.5287e-08 3.4443e-08 2.437e-08 3.1728e-08 5.29e-08 3.9699e-08 4.7221e-08 3.3986e-08 1.0624e-08 -2.8917e-08 -8.1638e-08 -1.2598e-07 -1.6656e-07 -1.9328e-07 -2.0119e-07 -2.0447e-07 -2.0523e-07 -1.9668e-07 -1.68e-07 -8.6527e-08 -2.9752e-08 -1.1855e-08 -5.394e-09 -2.1938e-11 -2.4485e-09 -6.2775e-08 -4.3428e-08 1.0263e-08 2.3424e-08 3.1779e-09 -6.4481e-09 2.2443e-08 1.5825e-08 3.2543e-09 1.6656e-08 4.3274e-08 5.6036e-08 5.5084e-08 5.2496e-08 5.183e-08 5.0373e-08 4.9459e-08 5.1043e-08 3.5308e-08 -4.3022e-09 -1.3202e-08 -1.4779e-08 -1.556e-08 -1.5617e-08 -1.6368e-08 -1.6897e-08 -1.7099e-08 -1.7516e-08 -1.7474e-08 -1.7508e-08 -1.7487e-08 -1.7355e-08 -1.7391e-08 -1.7194e-08 -1.741e-08 -1.7508e-08 -1.7517e-08 -1.749e-08 -1.7501e-08 -1.4484e-08 -1.215e-08 -6.2755e-09 -3.4431e-09 3.1631e-10 6.9706e-09 3.6092e-09 2.5665e-08 2.3069e-08 2.099e-08 9.5545e-09 1.7689e-09 3.1117e-08 2.6861e-08 3.399e-08 2.6657e-08 3.5081e-08 3.5155e-08 3.8637e-08 4.065e-08 4.4093e-08 4.5825e-08 5.4374e-08 5.6167e-08 4.2949e-08 5.6172e-08 4.6899e-08 5.4755e-08 5.0359e-08 5.2163e-08 4.9113e-08 4.5024e-08 4.2181e-08 5.1405e-08 5.5181e-08 5.6155e-08 4.5867e-08 4.3896e-08 4.7042e-08 2.0169e-08 3.0068e-08 3.7149e-08 2.1561e-08 2.1852e-08 1.6834e-08 5.1125e-09 -2.2244e-09 -8.2565e-09 -1.2237e-08 -1.3699e-08 -1.5585e-08 -1.649e-08 -1.7367e-08 -1.7507e-08 -1.7038e-08 -1.6259e-08 -1.5384e-08 -1.4968e-08 -1.4343e-08 -1.2841e-08 -1.1892e-08 -1.1284e-08 -1.1628e-08 -1.2689e-08 -1.291e-08 -1.4294e-08 -1.4518e-08 -1.5364e-08 -1.6891e-08 -1.6241e-08 -1.6881e-08 -1.6997e-08 -1.7079e-08 -1.7299e-08 -1.7471e-08 -1.7484e-08 -1.7504e-08 -1.7409e-08 -1.6823e-08 -1.6443e-08 -1.6009e-08 -1.4145e-08 -1.2525e-08 -7.1395e-09 6.0672e-09 1.4129e-08 1.1488e-08 1.0721e-08 -2.4273e-09 -3.6994e-09 -1.4096e-08 -1.5077e-08 -1.5766e-08 -1.6468e-08 -1.7154e-08 -1.7391e-08 -1.7453e-08
-1.7517e-08 -1.739e-08 -1.7412e-08 -1.7229e-08 -1.7398e-08 -1.7338e-08 -1.7391e-08 -1.7377e-08 -1.7305e-08 -1.733e-08 -1.7361e-08 -1.737e-08 -1.7357e-08 -1.7275e-08 -1.7189e-08 -1.7121e-08 -1.7016e-08 -1.6706e-08 -1.6494e-08 3.0738e-08 3.1981e-08 3.7319e-08 4.8965e-08 5.5992e-08 4.9327e-08 4.9092e-08 3.5497e-08 1.2977e-08 -2.2614e-08 -1.0656e-07 -1.7815e-07 -2.036e-07 -2.0144e-07 -1.8531e-07 -1.8485e-07 -1.9891e-07 -2.0564e-07 -2.0616e-07 -1.8396e-07 -9.7905e-08 -1.9423e-08 9.287e-09 1.27e-08 9.9886e-09 1.843e-09 -1.1612e-08 4.1291e-10 1.2132e-08 2.1729e-08 4.1163e-08 1.7364e-09 -1.0125e-08 -2.3073e-08 -3.9381e-08 1.2585e-08 4.9161e-08 5.5602e-08 5.3478e-08 5.2407e-08 5.2901e-08 5.0207e-08 5.2183e-08 2.1592e-08 -7.1902e-09 -1.309e-08 -1.4733e-08 -1.5551e-08 -1.6078e-08 -1.6468e-08 -1.7181e-08 -1.7314e-08 -1.75e-08 -1.7517e-08 -1.7369e-08 -1.7295e-08 -1.6968e-08 -1.6573e-08 -1.6714e-08 -1.6781e-08 -1.7196e-08 -1.709e-08 -1.7264e-08 -1.7445e-08 -1.7499e-08 -1.7301e-08 -1.6734e-08 -1.6397e-08 -1.5041e-08 -1.083e-08 -1.5129e-08 6.44e-09 1.3046e-08 2.2363e-08 2.4277e-08 1.502e-08 2.3138e-08 1.823e-08 8.7859e-09 3.0774e-08 1.544e-08 2.723e-08 1.6626e-08 3.3674e-08 9.7605e-09 2.7722e-08 2.9823e-08 4.7534e-08 5.3286e-08 5.5739e-08 5.4213e-08 5.0555e-08 4.699e-08 4.6658e-08 3.7337e-08 3.7697e-08 3.7688e-08 4.5797e-08 5.5969e-08 1.8058e-08 3.0554e-08 3.8123e-08 4.6711e-08 3.8789e-08 4.4162e-08 2.1925e-08 1.5778e-08 1.2333e-08 9.987e-09 -3.6256e-09 -7.3161e-09 -1.1381e-08 -1.4253e-08 -1.5411e-08 -1.6249e-08 -1.7346e-08 -1.7507e-08 -1.7367e-08 -1.6568e-08 -1.5768e-08 -1.424e-08 -1.3482e-08 -1.2103e-08 -1.0819e-08 -1.0579e-08 -1.0191e-08 -9.8968e-09 -1.0503e-08 -1.1802e-08 -1.2136e-08 -1.3476e-08 -1.4076e-08 -1.4677e-08 -1.513e-08 -1.6048e-08 -1.5357e-08 -1.5671e-08 -1.6644e-08 -1.7266e-08 -1.7258e-08 -1.7505e-08 -1.7441e-08 -1.7282e-08 -1.6369e-08 -1.578e-08 -1.375e-08 -1.2825e-08 -9.1271e-09 -3.6369e-09 1.6135e-09 1.9819e-09 4.2576e-09 -5.1343e-09 -2.3063e-09 -1.5311e-08 -1.5661e-08 -1.6311e-08 -1.7177e-08 -1.7278e-08 -1.7455e-08 -1.748e-08
-1.7498e-08 -1.747e-08 -1.7487e-08 -1.7414e-08 -1.6218e-08 -1.7432e-08 -1.7442e-08 -1.6897e-08 -1.7418e-08 -1.7397e-08 -1.7344e-08 -1.7357e-08 -1.7224e-08 -1.7207e-08 -1.7118e-08 -1.6987e-08 -1.6961e-08 -1.7067e-08 -1.6219e-08 -1.1481e-08 4.6242e-08 5.1109e-08 4.1402e-08 5.5245e-08 5.5585e-08 5.153e-08 4.3018e-08 2.597e-08 -3.8287e-08 -1.5216e-07 -2.0507e-07 -1.8298e-07 -1.2924e-07 -1.1911e-07 -7.8165e-08 -1.0852e-07 -1.964e-07 -2.0242e-07 -2.0608e-07 -1.6608e-07 -5.4098e-08 1.1941e-08 2.2251e-08 1.906e-08 -1.2185e-09 5.7333e-09 -8.9602e-09 -8.5007e-08 7.2702e-09 1.1901e-08 9.9637e-09 -3.0268e-09 -3.7779e-08 -6.4739e-08 -3.1093e-08 2.6715e-08 5.4451e-08 5.6064e-08 5.4491e-08 5.483e-08 4.2873e-08 4.0716e-08 3.8285e-08 4.8762e-09 -1.3421e-08 -1.5326e-08 -1.5723e-08 -1.6067e-08 -1.6872e-08 -1.7279e-08 -1.7504e-08 -1.7477e-08 -1.7449e-08 -1.7028e-08 -1.6645e-08 -1.6365e-08 -1.6134e-08 -1.5891e-08 -1.5872e-08 -1.5303e-08 -1.6707e-08 -1.6716e-08 -1.6894e-08 -1.7079e-08 -1.741e-08 -1.7002e-08 -1.738e-08 -1.6631e-08 -1.3606e-08 -1.2836e-08 -9.9148e-09 4.8558e-10 1.0188e-09 3.6505e-09 5.9872e-09 1.6558e-08 2.3508e-08 2.6129e-08 6.9811e-09 1.5202e-08 1.0766e-08 -1.3321e-08 1.1103e-08 3.431e-08 2.4578e-09 3.9341e-08 4.4696e-08 4.691e-08 5.2031e-08 5.1333e-08 5.6136e-08 5.0603e-08 4.2719e-08 4.343e-08 4.5078e-08 5.5403e-08 5.1298e-08 5.5834e-08 2.3054e-08 2.0835e-08 1.937e-08 2.0283e-08 1.8444e-08 1.218e-08 1.0564e-08 6.8794e-09 2.7367e-09 -3.7995e-09 -6.4954e-09 -1.0983e-08 -1.3495e-08 -1.5433e-08 -1.5888e-08 -1.7184e-08 -1.7489e-08 -1.7369e-08 -1.6958e-08 -1.6368e-08 -1.4814e-08 -1.4417e-08 -1.1262e-08 -9.848e-09 -9.3194e-09 -9.2974e-09 -9.3243e-09 -9.0659e-09 -1.0055e-08 -1.0329e-08 -1.134e-08 -1.0652e-08 -1.2607e-08 -1.3018e-08 -1.423e-08 -1.4483e-08 -1.4895e-08 -1.5241e-08 -1.5784e-08 -1.6953e-08 -1.7497e-08 -1.7446e-08 -1.7492e-08 -1.734e-08 -1.6796e-08 -1.5762e-08 -1.3806e-08 -1.3655e-08 -1.1511e-08 -9.2324e-09 -7.6445e-09 -5.2088e-09 -2.9829e-09 8.0831e-09 4.0478e-08 -1.5729e-08 -1.6104e-08 -1.6316e-08 -1.7157e-08 -1.7435e-08 -1.7495e-08 -1.7458e-08
-1.7489e-08 -1.7501e-08 -1.7513e-08 -1.7504e-08 -1.7483e-08 -1.7459e-08 -1.7403e-08 -1.7446e-08 -1.7406e-08 -1.7376e-08 -1.7372e-08 -1.7387e-08 -1.729e-08 -1.7348e-08 -1.7085e-08 -1.7156e-08 -1.6931e-08 -1.5761e-08 -1.4839e-08 -1.1243e-08 3.9982e-10 1.5676e-08 3.325e-08 4.3999e-08 5.3691e-08 5.6041e-08 5.2786e-08 3.0396e-08 -4.5856e-08 -1.6671e-07 -2.0531e-07 -1.7359e-07 -1.5023e-07 -1.4318e-07 -5.7031e-08 -1.0748e-07 -1.8955e-07 -2.05e-07 -2.0255e-07 -1.4356e-07 -3.7297e-08 1.8102e-08 2.3872e-08 2.0878e-08 -3.0632e-08 1.1996e-08 -2.5609e-09 -3.5442e-08 -7.4338e-09 -1.7235e-08 -1.6141e-08 -3.027e-08 -3.141e-08 -1.8293e-08 2.3037e-09 1.7747e-08 4.752e-08 5.6164e-08 5.6089e-08 5.6184e-08 5.1719e-08 3.9732e-08 3.8669e-08 1.0418e-08 -1.107e-08 -1.5955e-08 -1.6412e-08 -1.5983e-08 -1.7099e-08 -1.7444e-08 -1.7517e-08 -1.733e-08 -1.7088e-08 -1.6665e-08 -1.6047e-08 -1.5468e-08 -1.5165e-08 -1.4965e-08 -1.4922e-08 -1.5067e-08 -1.5315e-08 -1.5522e-08 -1.6058e-08 -1.5018e-08 -1.5271e-08 -1.7102e-08 -1.7506e-08 -1.7512e-08 -1.6919e-08 -1.7041e-08 -1.2845e-08 -1.6553e-08 -1.4003e-08 -9.7134e-09 -1.1e-08 7.7436e-10 9.4651e-09 -5.6176e-09 1.9041e-08 4.4125e-09 -1.4846e-08 -1.4889e-08 -1.4164e-08 2.2499e-08 8.2132e-09 4.7329e-08 5.1433e-08 3.6961e-08 3.4704e-08 4.322e-08 5.1203e-08 4.4272e-08 1.1563e-09 2.1866e-08 5.4076e-08 4.7146e-08 1.2898e-08 5.3046e-08 1.5514e-08 2.0696e-08 1.7092e-08 1.7697e-08 3.9549e-09 1.9838e-09 -2.0745e-09 7.2338e-10 -4.8396e-09 -5.845e-09 -1.0918e-08 -1.4005e-08 -1.5001e-08 -1.5572e-08 -1.6636e-08 -1.7283e-08 -1.7453e-08 -1.7064e-08 -1.6231e-08 -1.5654e-08 -1.3285e-08 -1.2023e-08 -1.1003e-08 -8.9999e-09 -8.7135e-09 -8.8087e-09 -8.9386e-09 -9.4258e-09 -9.1498e-09 -9.5808e-09 -1.0039e-08 -1.1123e-08 -1.185e-08 -1.1622e-08 -1.1845e-08 -1.2993e-08 -1.4018e-08 -1.4967e-08 -1.5697e-08 -1.6188e-08 -1.6891e-08 -1.7334e-08 -1.7517e-08 -1.7262e-08 -1.6884e-08 -1.6061e-08 -1.4368e-08 -1.4343e-08 -1.354e-08 -1.2217e-08 -1.2023e-08 -8.7436e-09 1.6315e-08 4.0382e-09 1.5838e-08 -1.455e-08 -1.5986e-08 -1.679e-08 -1.6972e-08 -1.7414e-08 -1.7421e-08 -1.7505e-08
-1.7489e-08 -1.7517e-08 -1.7517e-08 -1.7507e-08 -1.749e-08 -1.7481e-08 -1.7456e-08 -1.7431e-08 -1.7415e-08 -1.743e-08 -1.7384e-08 -1.7471e-08 -1.7405e-08 -1.7416e-08 -1.7189e-08 -1.708e-08 -1.6603e-08 -1.5659e-08 -1.2667e-08 -5.0796e-09 5.2367e-09 1.6571e-08 2.9755e-08 4.048e-08 4.9452e-08 5.4585e-08 5.5706e-08 4.9124e-08 5.6212e-09 -9.4209e-08 -1.873e-07 -2.0478e-07 -1.9071e-07 -1.8284e-07 -1.7655e-07 -1.8423e-07 -2.0382e-07 -2.0595e-07 -1.2069e-07 -1.5353e-08 3.1301e-08 4.0738e-08 3.1991e-08 2.9159e-08 3.0622e-08 -7.1406e-09 1.5021e-08 -4.5852e-08 -1.2925e-08 -1.0234e-08 -1.9901e-08 -6.9871e-09 -6.6111e-08 -1.4829e-08 3.1331e-08 2.2814e-08 3.5008e-08 5.4833e-08 5.5808e-08 4.8273e-08 4.9417e-08 4.7434e-08 3.8322e-08 9.7212e-09 -1.0799e-08 -1.6297e-08 -1.7066e-08 -1.7236e-08 -1.7431e-08 -1.7517e-08 -1.7267e-08 -1.6963e-08 -1.6092e-08 -1.5702e-08 -1.3106e-08 -1.4967e-08 -1.4212e-08 -1.4683e-08 -1.4087e-08 -1.4056e-08 -1.4408e-08 -1.4558e-08 -1.5554e-08 -1.5408e-08 -1.5115e-08 -1.6588e-08 -1.6921e-08 -1.7497e-08 -1.7515e-08 -1.7516e-08 -1.7415e-08 -1.7194e-08 -1.7127e-08 -1.6385e-08 -1.443e-08 -8.4663e-09 -4.3725e-09 3.66e-10 -1.1652e-08 -1.3659e-08 -1.566e-08 -1.4636e-08 -3.4263e-09 -1.3327e-08 -3.1369e-09 -1.2716e-08 -9.365e-09 -1.2332e-08 4.7141e-08 5.0169e-08 5.4259e-08 1.2057e-08 5.0306e-08 5.5647e-08 6.8208e-09 4.6074e-09 1.1717e-08 1.7999e-08 1.56e-08 8.061e-09 6.0344e-09 5.5263e-09 -7.0044e-09 -1.1924e-08 -5.9661e-09 -5.7853e-09 -7.0983e-09 -1.2214e-08 -1.4317e-08 -1.503e-08 -1.4529e-08 -1.656e-08 -1.6722e-08 -1.7443e-08 -1.7419e-08 -1.6604e-08 -1.5743e-08 -1.5452e-08 -1.3382e-08 -1.1588e-08 -9.981e-09 -9.0287e-09 -9.5056e-09 -1.0993e-08 -8.8307e-09 -9.5044e-09 -9.9604e-09 -1.0878e-08 -9.2799e-09 -1.2166e-08 -1.1787e-08 -1.2083e-08 -1.2811e-08 -1.3243e-08 -1.3187e-08 -1.4365e-08 -1.5343e-08 -1.5722e-08 -1.7143e-08 -1.734e-08 -1.7515e-08 -1.7244e-08 -1.6335e-08 -1.5893e-08 -1.5229e-08 -1.4563e-08 -1.3295e-08 -1.3841e-08 -1.3569e-08 -1.038e-08 -3.2776e-09 4.959e-09 2.5337e-08 -1.3694e-08 -1.664e-08 -1.6694e-08 -1.7331e-08 -1.7402e-08 -1.749e-08 -1.7517e-08
-1.7508e-08 -1.7509e-08 -1.7516e-08 -1.7517e-08 -1.7514e-08 -1.7503e-08 -1.7487e-08 -1.744e-08 -1.7415e-08 -1.7465e-08 -1.7461e-08 -1.7381e-08 -1.736e-08 -1.726e-08 -1.7196e-08 -1.6741e-08 -1.5764e-08 -1.383e-08 -9.529e-09 -3.0684e-09 7.6897e-09 1.8097e-08 2.8308e-08 3.5793e-08 4.1375e-08 4.7454e-08 5.3285e-08 5.6178e-08 4.6263e-08 -3.8523e-10 -5.4007e-08 -9.7804e-08 -1.1175e-07 -2.0114e-07 -2.0445e-07 -2.0106e-07 -2.0478e-07 -1.3895e-07 -4.9798e-08 1.825e-08 4.1704e-08 4.8451e-08 4.7964e-08 5.1072e-08 5.429e-08 5.5988e-08 5.6185e-08 5.3692e-08 1.6687e-08 -2.3136e-08 -6.572e-08 -2.2572e-08 3.094e-08 2.6965e-08 2.7729e-08 4.3431e-08 5.567e-08 5.5894e-08 5.5768e-08 4.5569e-08 3.8728e-08 2.3833e-08 1.2948e-08 -8.2068e-10 -1.1439e-08 -1.6723e-08 -1.7006e-08 -1.7468e-08 -1.7508e-08 -1.7317e-08 -1.7078e-08 -1.6076e-08 -1.5526e-08 -1.474e-08 -1.4797e-08 -1.3407e-08 -1.3487e-08 -1.342e-08 -1.2512e-08 -1.2515e-08 -1.3936e-08 -1.3529e-08 -1.4053e-08 -1.4363e-08 -1.4985e-08 -1.5496e-08 -1.6693e-08 -1.64e-08 -1.6904e-08 -1.7454e-08 -1.7497e-08 -1.7371e-08 -1.7457e-08 -1.7173e-08 -1.7041e-08 -1.6667e-08 -1.3529e-08 -1.0537e-08 -1.5428e-08 -1.5196e-08 -9.7661e-09 -3.4248e-09 3.8415e-09 -1.4007e-08 -4.529e-09 -1.2842e-08 -1.3503e-08 -1.3774e-08 -7.5479e-10 1.5548e-08 3.6352e-08 6.0868e-09 1.6344e-08 2.2881e-08 4.1719e-09 1.4054e-08 2.2976e-08 6.2837e-09 4.2057e-09 4.7899e-10 1.9003e-09 -4.9829e-09 -7.6379e-09 -1.0877e-08 -1.0917e-08 -1.2284e-08 -1.2814e-08 -1.3164e-08 -1.4968e-08 -1.5602e-08 -1.6288e-08 -1.6466e-08 -1.7389e-08 -1.7514e-08 -1.6929e-08 -1.6147e-08 -1.509e-08 -1.3731e-08 -1.3038e-08 -1.1523e-08 -1.0243e-08 -8.8493e-09 -8.9084e-09 -8.7937e-09 -9.1001e-09 -1.0278e-08 -9.8243e-09 -9.6952e-09 -1.0088e-08 -1.039e-08 -1.1514e-08 -1.0926e-08 -1.1603e-08 -1.3765e-08 -1.3116e-08 -1.3542e-08 -1.4761e-08 -1.6104e-08 -1.7326e-08 -1.7504e-08 -1.7498e-08 -1.6896e-08 -1.6161e-08 -1.5724e-08 -1.5553e-08 -1.5174e-08 -1.5039e-08 -1.4946e-08 -1.4798e-08 -1.394e-08 -1.2256e-08 -6.3124e-09 1.1605e-08 -1.5145e-08 -1.5308e-08 -1.5988e-08 -1.709e-08 -1.7503e-08 -1.7507e-08 -1.7511e-08
-1.7509e-08 -1.7514e-08 -1.7514e-08 -1.7508e-08 -1.7504e-08 -1.7501e-08 -1.7474e-08 -1.7486e-08 -1.7392e-08 -1.7501e-08 -1.7477e-08 -1.7419e-08 -1.7408e-08 -1.7214e-08 -1.6734e-08 -1.647e-08 -1.4543e-08 -1.2437e-08 -8.4792e-09 -2.655e-09 7.8482e-09 1.4058e-08 2.0969e-08 2.5925e-08 3.2017e-08 3.8034e-08 4.5444e-08 4.9063e-08 5.44e-08 5.5851e-08 5.0091e-08 4.5836e-08 4.6145e-08 4.4486e-08 -2.3225e-08 -4.3526e-08 1.1371e-08 3.1903e-08 3.5908e-08 3.8797e-08 4.6584e-08 4.996e-08 4.9115e-08 5.1231e-08 5.5164e-08 5.6172e-08 5.6159e-08 5.6173e-08 1.6294e-08 -1.8654e-08 2.2034e-08 4.562e-08 5.5472e-08 5.4061e-08 5.5764e-08 4.8563e-08 5.5026e-08 2.361e-08 5.5301e-08 4.7844e-08 3.4341e-08 1.6911e-08 -7.5087e-10 -1.1886e-08 -1.5963e-08 -1.7129e-08 -1.7443e-08 -1.7516e-08 -1.7182e-08 -1.6991e-08 -1.6129e-08 -1.5399e-08 -1.4978e-08 -1.4221e-08 -1.3859e-08 -1.4056e-08 -1.4766e-08 -1.5802e-08 -1.2481e-08 -1.2367e-08 -1.2862e-08 -1.2376e-08 -1.3279e-08 -1.3501e-08 -1.4323e-08 -1.4712e-08 -1.494e-08 -1.5405e-08 -1.6071e-08 -1.6617e-08 -1.7039e-08 -1.7186e-08 -1.7313e-08 -1.7466e-08 -1.7364e-08 -1.7436e-08 -1.695e-08 -1.6391e-08 -1.6404e-08 -1.6603e-08 -1.5861e-08 -1.5128e-08 -1.6634e-08 -1.4651e-08 -1.0766e-08 -1.4122e-08 -8.086e-09 -9.1157e-09 -1.2923e-08 -4.0581e-09 6.4778e-09 -2.0433e-09 -2.6757e-09 -6.3404e-09 -7.1894e-09 1.8448e-08 3.7742e-09 -3.0042e-10 -2.9793e-09 -7.4056e-09 -7.6928e-09 -9.5699e-09 -1.2516e-08 -1.0733e-08 -1.3678e-08 -1.3861e-08 -1.3992e-08 -1.444e-08 -1.5544e-08 -1.597e-08 -1.6991e-08 -1.7211e-08 -1.7506e-08 -1.7453e-08 -1.4692e-08 -1.4363e-08 -1.4973e-08 -1.4112e-08 -1.2882e-08 -1.1757e-08 -1.0413e-08 -9.0427e-09 -9.0063e-09 -9.5466e-09 -9.4374e-09 -9.8124e-09 -1.0154e-08 -1.0205e-08 -1.1265e-08 -1.0092e-08 -1.0578e-08 -1.0957e-08 -1.2242e-08 -1.2367e-08 -1.2447e-08 -1.4093e-08 -1.5446e-08 -1.657e-08 -1.7141e-08 -1.5796e-08 -1.6725e-08 -1.7383e-08 -1.6756e-08 -1.6583e-08 -1.6251e-08 -1.5923e-08 -1.596e-08 -1.5435e-08 -1.558e-08 -1.5321e-08 -1.4886e-08 -1.3078e-08 -1.3951e-08 -1.4746e-08 -1.5611e-08 -1.69e-08 -1.7088e-08 -1.7447e-08 -1.7501e-08 -1.7507e-08
-1.7499e-08 -1.7513e-08 -1.7514e-08 -1.7512e-08 -1.7517e-08 -1.7517e-08 -1.7511e-08 -1.7509e-08 -1.748e-08 -1.7479e-08 -1.7497e-08 -1.7404e-08 -1.736e-08 -1.6981e-08 -1.6369e-08 -1.5452e-08 -1.3398e-08 -1.1525e-08 -8.4436e-09 -3.4047e-09 2.8672e-09 6.8288e-09 1.2764e-08 1.8753e-08 2.7531e-08 3.2725e-08 3.5978e-08 4.0262e-08 4.3336e-08 4.7348e-08 5.0589e-08 5.3201e-08 5.4808e-08 5.5751e-08 5.6178e-08 5.6154e-08 5.6e-08 5.6136e-08 5.4495e-08 5.0996e-08 5.0184e-08 5.3704e-08 5.3095e-08 4.5641e-08 5.1179e-08 5.5049e-08 5.5445e-08 5.5513e-08 4.9677e-08 2.8247e-08 1.3724e-08 8.8589e-10 -4.5221e-09 1.1759e-08 1.4475e-08 4.7467e-08 4.5598e-08 4.483e-08 1.6361e-08 4.2294e-08 1.7224e-08 1.5159e-09 -1.1096e-08 -1.5461e-08 -1.6208e-08 -1.7457e-08 -1.7477e-08 -1.7128e-08 -1.6997e-08 -1.5857e-08 -1.5734e-08 -1.5042e-08 -1.4199e-08 -1.3968e-08 -1.3665e-08 -1.351e-08 -1.3042e-08 -1.2124e-08 -1.1596e-08 -1.1713e-08 -1.1653e-08 -1.2352e-08 -1.2496e-08 -1.2981e-08 -1.3251e-08 -1.3902e-08 -1.4015e-08 -1.5172e-08 -1.5504e-08 -1.5875e-08 -1.6303e-08 -1.6819e-08 -1.7328e-08 -1.7468e-08 -1.7517e-08 -1.7516e-08 -1.74e-08 -1.7441e-08 -1.7426e-08 -1.7298e-08 -1.6178e-08 -1.6947e-08 -1.4915e-08 -1.5574e-08 -1.8661e-09 -1.7366e-08 -1.0348e-08 -1.4841e-08 -1.3601e-08 -9.1015e-09 -6.3101e-09 -8.9194e-09 -7.3739e-09 -6.4056e-09 -1.3286e-09 -9.3915e-09 -8.1158e-09 -9.6177e-09 -1.0983e-08 -1.0159e-08 -1.0561e-08 -1.1689e-08 -1.3516e-08 -1.3367e-08 -1.3352e-08 -1.4324e-08 -1.3998e-08 -1.5057e-08 -1.5677e-08 -1.6471e-08 -1.7187e-08 -1.7472e-08 -1.7482e-08 -1.7133e-08 -1.5414e-08 -1.4739e-08 -1.5122e-08 -1.3733e-08 -1.3652e-08 -1.199e-08 -1.1025e-08 -1.0237e-08 -9.568e-09 -9.6041e-09 -1.0074e-08 -9.9192e-09 -1.0215e-08 -1.0274e-08 -1.0926e-08 -1.2092e-08 -1.0492e-08 -1.1658e-08 -1.2856e-08 -1.3607e-08 -1.3637e-08 -1.5301e-08 -1.601e-08 -1.6922e-08 -1.7167e-08 -1.614e-08 -1.5137e-08 -1.7454e-08 -1.7096e-08 -1.6936e-08 -1.6868e-08 -1.6634e-08 -1.6701e-08 -1.6463e-08 -1.5891e-08 -1.6229e-08 -1.5719e-08 -1.5859e-08 -1.0261e-08 -1.3698e-08 -1.7184e-08 -1.7064e-08 -1.7055e-08 -1.7509e-08 -1.7453e-08 -1.7517e-08
-1.7501e-08 -1.7498e-08 -1.7516e-08 -1.7516e-08 -1.7512e-08 -1.7508e-08 -1.7497e-08 -1.7482e-08 -1.7502e-08 -1.7487e-08 -1.7429e-08 -1.7251e-08 -1.7028e-08 -1.6649e-08 -1.5902e-08 -1.4655e-08 -1.2602e-08 -9.6442e-09 -6.9612e-09 -3.2359e-09 6.3635e-09 5.0654e-09 1.0151e-08 1.7477e-08 2.0363e-08 2.5317e-08 2.9749e-08 3.325e-08 3.6999e-08 3.9232e-08 4.303e-08 4.6782e-08 5.0313e-08 5.1882e-08 5.1724e-08 5.1245e-08 5.3692e-08 5.4642e-08 5.618e-08 5.5299e-08 5.421e-08 5.4618e-08 5.5271e-08 5.5858e-08 5.4881e-08 5.617e-08 5.3207e-08 4.3351e-08 1.781e-08 7.8073e-09 4.6627e-10 -4.5475e-09 -9.1825e-09 -1.112e-08 -1.1497e-08 -5.535e-10 3.421e-08 3.9901e-08 2.921e-08 4.4618e-09 -4.2489e-09 -1.2276e-08 -1.5349e-08 -1.7356e-08 -1.7409e-08 -1.7505e-08 -1.7313e-08 -1.6741e-08 -1.605e-08 -1.5469e-08 -1.444e-08 -1.3573e-08 -1.2975e-08 -1.2899e-08 -1.2323e-08 -1.201e-08 -1.1836e-08 -1.2753e-08 -9.7621e-09 -8.9276e-09 -1.1492e-08 -1.1692e-08 -1.1238e-08 -1.3968e-08 -1.2452e-08 -1.3213e-08 -1.4348e-08 -1.4664e-08 -1.4317e-08 -1.5237e-08 -1.5496e-08 -1.6048e-08 -1.6631e-08 -1.7035e-08 -1.728e-08 -1.7417e-08 -1.7506e-08 -1.7368e-08 -1.7514e-08 -1.7424e-08 -1.7389e-08 -1.7352e-08 -1.5023e-08 -1.0457e-08 -1.4235e-09 -1.6787e-08 -4.9217e-09 -1.4819e-08 -1.4135e-08 -1.2408e-08 -1.2399e-08 -1.1965e-08 -1.1796e-08 -1.2387e-08 -1.3737e-08 -1.1925e-08 -1.2595e-08 -1.2219e-08 -1.3297e-08 -1.3615e-08 -1.3313e-08 -1.4045e-08 -1.351e-08 -1.3726e-08 -1.4361e-08 -1.4487e-08 -1.409e-08 -1.5291e-08 -1.5875e-08 -1.6454e-08 -1.7003e-08 -1.7464e-08 -1.7448e-08 -1.7133e-08 -1.6384e-08 -1.6234e-08 -1.4831e-08 -1.4274e-08 -1.2949e-08 -1.2195e-08 -1.1397e-08 -1.0756e-08 -9.6549e-09 -9.9648e-09 -9.7044e-09 -9.8813e-09 -1.0788e-08 -1.0148e-08 -1.0429e-08 -1.1161e-08 -1.152e-08 -1.2655e-08 -1.278e-08 -1.4487e-08 -1.6007e-08 -1.5715e-08 -1.6352e-08 -1.6937e-08 -1.723e-08 -1.7399e-08 -1.7516e-08 -1.7498e-08 -1.7413e-08 -1.7199e-08 -1.7112e-08 -1.7126e-08 -1.6821e-08 -1.6932e-08 -1.6583e-08 -1.6454e-08 -1.629e-08 -1.6451e-08 -1.5832e-08 -1.7042e-08 -1.7105e-08 -1.6743e-08 -1.7169e-08 -1.7511e-08 -1.746e-08 -1.7467e-08
-1.7509e-08 -1.7516e-08 -1.7489e-08 -1.7485e-08 -1.7498e-08 -1.7511e-08 -1.7516e-08 -1.7494e-08 -1.7463e-08 -1.7287e-08 -1.7354e-08 -1.7207e-08 -1.6767e-08 -1.6216e-08 -1.5148e-08 -1.297e-08 -8.5851e-09 -9.0507e-09 -7.7147e-09 -4.4953e-09 -1.4582e-09 1.1784e-09 6.1631e-09 9.9354e-09 1.4556e-08 1.8356e-08 2.3026e-08 2.7844e-08 2.999e-08 3.4352e-08 3.7558e-08 3.919e-08 4.2922e-08 4.4379e-08 4.3805e-08 4.4628e-08 4.5172e-08 4.936e-08 5.3879e-08 5.5784e-08 5.6187e-08 5.6182e-08 5.6106e-08 5.5647e-08 5.2824e-08 4.578e-08 3.9324e-08 2.7659e-08 1.4984e-08 2.8756e-09 -4.5185e-09 -8.0443e-09 -1.0308e-08 -1.2204e-08 -1.3379e-08 -1.4341e-08 4.0671e-09 -2.7993e-09 1.2438e-08 -1.1762e-08 -1.69e-08 -1.7325e-08 -1.7503e-08 -1.7514e-08 -1.7407e-08 -1.7077e-08 -1.6203e-08 -1.5602e-08 -1.4887e-08 -1.4431e-08 -1.2907e-08 -1.2335e-08 -1.2086e-08 -1.1743e-08 -1.1146e-08 -1.0508e-08 -1.0418e-08 -1.0844e-08 -9.9667e-09 -1.0468e-08 -1.1277e-08 -1.0625e-08 -1.1266e-08 -1.0849e-08 -1.1878e-08 -1.0602e-08 -1.1408e-08 -1.3304e-08 -1.3619e-08 -1.4879e-08 -1.4811e-08 -1.5404e-08 -1.6148e-08 -1.6426e-08 -1.7018e-08 -1.7303e-08 -1.7237e-08 -1.6484e-08 -1.7491e-08 -1.7509e-08 -1.7395e-08 -1.7389e-08 -1.7025e-08 -1.6422e-08 -1.367e-08 -1.3928e-08 -1.3619e-08 -1.5855e-08 -1.4797e-08 -1.5339e-08 -1.4603e-08 -1.4602e-08 -1.3737e-08 -1.4535e-08 -1.4419e-08 -1.4109e-08 -1.491e-08 -1.5509e-08 -1.4535e-08 -1.5266e-08 -1.4678e-08 -1.4337e-08 -1.3312e-08 -1.4001e-08 -1.4437e-08 -1.3958e-08 -1.3916e-08 -1.521e-08 -1.574e-08 -1.6197e-08 -1.713e-08 -1.748e-08 -1.7491e-08 -1.7274e-08 -1.7293e-08 -1.6632e-08 -1.5998e-08 -1.4951e-08 -1.4727e-08 -1.3984e-08 -1.3721e-08 -1.2821e-08 -1.2681e-08 -1.1697e-08 -1.1373e-08 -1.1229e-08 -1.1882e-08 -1.1764e-08 -1.2989e-08 -1.2953e-08 -1.2863e-08 -1.3003e-08 -1.4571e-08 -1.566e-08 -1.6077e-08 -1.668e-08 -1.6459e-08 -1.6979e-08 -1.722e-08 -1.7416e-08 -1.7503e-08 -1.7503e-08 -1.7443e-08 -1.7379e-08 -1.7318e-08 -1.7201e-08 -1.7269e-08 -1.7179e-08 -1.6083e-08 -1.6587e-08 -1.6288e-08 -1.6851e-08 -1.6737e-08 -1.674e-08 -1.6973e-08 -1.7391e-08 -1.7517e-08 -1.7517e-08 -1.7473e-08 -1.7451e-08
-1.7391e-08 -1.7428e-08 -1.7499e-08 -1.7512e-08 -1.7517e-08 -1.7417e-08 -1.747e-08 -1.7493e-08 -1.7437e-08 -1.7357e-08 -1.7307e-08 -1.6983e-08 -1.6746e-08 -1.5993e-08 -1.5644e-08 -1.3342e-08 -1.4847e-08 -6.7229e-09 -8.6835e-09 -7.2054e-09 -4.9689e-09 -1.8167e-09 6.3416e-10 2.3331e-09 7.6842e-09 1.2227e-08 1.6275e-08 2.149e-08 2.5684e-08 2.8148e-08 3.0895e-08 3.1594e-08 3.4293e-08 3.3481e-08 3.4879e-08 3.4045e-08 3.7639e-08 4.0057e-08 4.3213e-08 4.7555e-08 5.1533e-08 5.1664e-08 5.3383e-08 5.2194e-08 4.8379e-08 3.9585e-08 2.7849e-08 -1.0734e-09 -2.1209e-09 -7.9286e-09 -9.7918e-09 -1.0416e-08 -1.4052e-08 -1.3065e-08 -1.4492e-08 -1.5754e-08 -1.651e-08 -1.6788e-08 -1.7413e-08 -1.7517e-08 -1.7463e-08 -1.7298e-08 -1.6714e-08 -1.6385e-08 -1.5724e-08 -1.504e-08 -1.4765e-08 -1.4001e-08 -1.3543e-08 -1.2773e-08 -1.1655e-08 -1.1132e-08 -1.0908e-08 -1.0192e-08 -9.7731e-09 -1.0294e-08 -9.9517e-09 -9.8861e-09 -9.4062e-09 -8.455e-09 -1.0709e-08 -1.041e-08 -1.0026e-08 -1.072e-08 -9.7164e-09 -1.1146e-08 -1.2531e-08 -1.2709e-08 -1.3843e-08 -1.3834e-08 -1.43e-08 -1.4599e-08 -1.537e-08 -1.6016e-08 -1.6862e-08 -1.6956e-08 -1.7025e-08 -1.7104e-08 -1.7308e-08 -1.7464e-08 -1.7509e-08 -1.7507e-08 -1.7339e-08 -1.734e-08 -1.7222e-08 -1.675e-08 -1.6334e-08 -1.6367e-08 -1.6404e-08 -1.5961e-08 -1.5962e-08 -1.5958e-08 -1.5517e-08 -1.6113e-08 -1.5574e-08 -1.6192e-08 -1.6693e-08 -1.6524e-08 -1.6466e-08 -1.6208e-08 -1.5253e-08 -1.4962e-08 -1.442e-08 -1.4152e-08 -1.3455e-08 -1.3724e-08 -1.5225e-08 -1.5906e-08 -1.5964e-08 -1.6324e-08 -1.7049e-08 -1.7435e-08 -1.7517e-08 -1.7513e-08 -1.7351e-08 -1.6937e-08 -1.6496e-08 -1.5961e-08 -1.5869e-08 -1.5463e-08 -1.5089e-08 -1.4596e-08 -1.4403e-08 -1.3702e-08 -1.3429e-08 -1.3875e-08 -1.369e-08 -1.3677e-08 -1.536e-08 -1.5179e-08 -1.4558e-08 -1.5359e-08 -1.5514e-08 -1.6329e-08 -1.6706e-08 -1.6406e-08 -1.719e-08 -1.6922e-08 -1.7115e-08 -1.7501e-08 -1.7514e-08 -1.7505e-08 -1.7478e-08 -1.7484e-08 -1.7333e-08 -1.7354e-08 -1.7238e-08 -1.6958e-08 -1.6781e-08 -1.7018e-08 -1.7073e-08 -1.6323e-08 -1.6615e-08 -1.657e-08 -1.7228e-08 -1.7464e-08 -1.7517e-08 -1.7458e-08 -1.7362e-08 -1.7294e-08
-1.7392e-08 -1.7398e-08 -1.7452e-08 -1.7496e-08 -1.7471e-08 -1.7516e-08 -1.747e-08 -1.7423e-08 -1.7404e-08 -1.7417e-08 -1.7136e-08 -1.6821e-08 -1.6827e-08 -1.6125e-08 -1.5492e-08 -1.5102e-08 -1.0265e-08 -1.1192e-08 -9.3071e-09 -9.0721e-09 -7.4598e-09 -5.9657e-09 -3.4187e-09 -8.9152e-10 1.2132e-09 4.2727e-09 8.7111e-09 1.3232e-08 1.3172e-08 1.7751e-08 1.9362e-08 2.1594e-08 2.3166e-08 2.2511e-08 2.3858e-08 2.3748e-08 2.5049e-08 2.7217e-08 2.9325e-08 3.7034e-08 3.9294e-08 4.2607e-08 4.3836e-08 4.2856e-08 3.7867e-08 2.6818e-08 1.4532e-08 5.2596e-09 -4.9604e-09 -8.1094e-09 -1.0452e-08 -1.179e-08 -1.295e-08 -1.4317e-08 -1.5644e-08 -1.6565e-08 -1.7161e-08 -1.7489e-08 -1.7479e-08 -1.7262e-08 -1.6364e-08 -1.5956e-08 -1.554e-08 -1.5174e-08 -1.4509e-08 -1.4244e-08 -1.3504e-08 -1.2812e-08 -1.2332e-08 -1.1272e-08 -1.1094e-08 -5.7778e-09 -9.4074e-09 -9.3504e-09 -9.1792e-09 -8.6284e-09 -8.7884e-09 -9.3288e-09 -9.1751e-09 -9.3659e-09 -9.6667e-09 -8.3258e-09 -1.0541e-08 -1.0324e-08 -1.5097e-08 -1.2559e-09 -1.2023e-08 -1.2603e-08 -1.2875e-08 -1.3672e-08 -1.3575e-08 -1.4717e-08 -1.5202e-08 -1.5601e-08 -1.5862e-08 -1.6522e-08 -1.6573e-08 -1.7003e-08 -1.7186e-08 -1.7484e-08 -1.7479e-08 -1.7512e-08 -1.7437e-08 -1.7157e-08 -1.696e-08 -1.7008e-08 -1.6941e-08 -1.6529e-08 -1.705e-08 -1.6799e-08 -1.6594e-08 -1.6899e-08 -1.7155e-08 -1.7103e-08 -1.7092e-08 -1.7204e-08 -1.7332e-08 -1.7166e-08 -1.6897e-08 -1.6104e-08 -1.5683e-08 -1.5782e-08 -1.5445e-08 -1.4849e-08 -1.4858e-08 -1.5112e-08 -1.4731e-08 -1.5446e-08 -1.6022e-08 -1.6269e-08 -1.701e-08 -1.7194e-08 -1.7471e-08 -1.7474e-08 -1.7517e-08 -1.7451e-08 -1.7067e-08 -1.6856e-08 -1.6694e-08 -1.6878e-08 -1.6115e-08 -1.6371e-08 -1.5722e-08 -1.5075e-08 -1.5022e-08 -1.5327e-08 -1.5498e-08 -1.5314e-08 -1.5543e-08 -1.6035e-08 -1.5689e-08 -1.602e-08 -1.593e-08 -1.6041e-08 -1.6742e-08 -1.6554e-08 -1.6996e-08 -1.6869e-08 -1.7049e-08 -1.7401e-08 -1.7499e-08 -1.7488e-08 -1.7508e-08 -1.7483e-08 -1.7444e-08 -1.7301e-08 -1.7288e-08 -1.7165e-08 -1.6703e-08 -1.7095e-08 -1.7033e-08 -1.6779e-08 -1.7369e-08 -1.7163e-08 -1.7214e-08 -1.7477e-08 -1.7499e-08 -1.7501e-08 -1.745e-08 -1.742e-08
-1.7464e-08 -1.7424e-08 -1.7448e-08 -1.7516e-08 -1.7487e-08 -1.7503e-08 -1.7373e-08 -1.7511e-08 -1.7507e-08 -1.7507e-08 -1.7442e-08 -1.7297e-08 -1.7015e-08 -1.6738e-08 -1.6056e-08 -1.4927e-08 -1.5156e-08 -1.3935e-08 -1.2999e-08 -1.1864e-08 -1.0666e-08 -9.0702e-09 -6.6441e-09 -4.6564e-09 -4.4959e-09 -3.3547e-09 -2.2703e-09 1.1465e-10 1.9058e-09 4.1065e-09 5.4853e-09 8.75e-09 1.0435e-08 9.375e-09 6.5267e-09 9.5514e-09 9.8774e-09 9.7155e-09 1.5004e-08 2.0859e-08 2.3619e-08 2.5668e-08 2.554e-08 1.8335e-08 1.4342e-08 4.9521e-09 -2.1459e-10 -4.6071e-09 -8.7224e-09 -1.0774e-08 -1.2247e-08 -1.4237e-08 -1.4885e-08 -1.5832e-08 -1.6728e-08 -1.7157e-08 -1.7478e-08 -1.7482e-08 -1.7216e-08 -1.6453e-08 -1.508e-08 -1.5862e-08 -1.3824e-08 -1.3336e-08 -1.3164e-08 -1.2628e-08 -1.1749e-08 -1.1164e-08 -1.0859e-08 -1.09e-08 -9.777e-09 -9.8899e-09 -9.4204e-09 -8.5412e-09 -8.3503e-09 -8.2859e-09 -8.8483e-09 -7.8886e-09 -7.3576e-09 -7.8387e-09 -8.982e-09 -9.2652e-09 -9.1385e-09 -9.9313e-09 -1.0238e-08 -1.0516e-08 -1.0971e-08 -1.1294e-08 -1.2028e-08 -1.3403e-08 -1.4309e-08 -1.4026e-08 -1.4997e-08 -1.506e-08 -1.6368e-08 -1.6051e-08 -1.6206e-08 -1.6609e-08 -1.7187e-08 -1.7296e-08 -1.7452e-08 -1.7489e-08 -1.7508e-08 -1.7516e-08 -1.7515e-08 -1.7486e-08 -1.7214e-08 -1.7226e-08 -1.729e-08 -1.7368e-08 -1.7474e-08 -1.7496e-08 -1.7488e-08 -1.749e-08 -1.7362e-08 -1.7471e-08 -1.746e-08 -1.7462e-08 -1.7076e-08 -1.6805e-08 -1.6659e-08 -1.6368e-08 -1.5545e-08 -1.572e-08 -1.5135e-08 -1.5246e-08 -1.488e-08 -1.5462e-08 -1.5959e-08 -1.6128e-08 -1.6736e-08 -1.6657e-08 -1.7337e-08 -1.7514e-08 -1.7487e-08 -1.7303e-08 -1.7509e-08 -1.7462e-08 -1.7488e-08 -1.7207e-08 -1.6904e-08 -1.7325e-08 -1.6903e-08 -1.6525e-08 -1.6591e-08 -1.6874e-08 -1.6597e-08 -1.6675e-08 -1.6643e-08 -1.6647e-08 -1.6692e-08 -1.6541e-08 -1.6612e-08 -1.6863e-08 -1.69e-08 -1.6734e-08 -1.6866e-08 -1.7181e-08 -1.7187e-08 -1.7384e-08 -1.732e-08 -1.7489e-08 -1.7514e-08 -1.7496e-08 -1.7451e-08 -1.7346e-08 -1.6882e-08 -1.6943e-08 -1.6823e-08 -1.7063e-08 -1.7196e-08 -1.7238e-08 -1.7375e-08 -1.7355e-08 -1.7432e-08 -1.7487e-08 -1.7515e-08 -1.7432e-08 -1.7515e-08 -1.7483e-08
-1.7485e-08 -1.7475e-08 -1.7487e-08 -1.7473e-08 -1.7493e-08 -1.7443e-08 -1.7515e-08 -1.751e-08 -1.7517e-08 -1.744e-08 -1.735e-08 -1.7371e-08 -1.7221e-08 -1.6904e-08 -1.6469e-08 -1.6091e-08 -1.5548e-08 -1.5e-08 -1.4389e-08 -1.3258e-08 -1.2101e-08 -1.173e-08 -1.0768e-08 -9.8857e-09 -8.5983e-09 -8.1301e-09 -6.8088e-09 -5.8649e-09 -4.9842e-09 -4.8109e-09 -4.5886e-09 -3.4891e-09 -4.1838e-09 -4.2147e-09 -3.3005e-09 -2.4475e-09 -1.8829e-09 -2.4507e-09 -1.2816e-09 -8.0362e-09 4.1678e-10 8.0499e-10 6.6986e-10 -6.2703e-10 -1.8267e-09 -3.9055e-09 -5.9447e-09 -8.6455e-09 -1.1698e-08 -1.3287e-08 -1.3895e-08 -1.5906e-08 -1.6751e-08 -1.7181e-08 -1.743e-08 -1.7509e-08 -1.7353e-08 -1.7009e-08 -1.648e-08 -1.5974e-08 -1.4762e-08 -1.3382e-08 -1.2737e-08 -1.2173e-08 -1.1313e-08 -6.5146e-09 -1.2056e-08 -9.8459e-09 -9.5109e-09 -9.4212e-09 -8.3849e-09 -9.7115e-09 -8.729e-09 -7.1522e-09 -6.4529e-09 -6.8119e-09 -7.2495e-09 -7.0306e-09 -8.191e-09 -7.7604e-09 -8.4414e-09 -8.4265e-09 -9.0184e-09 -8.8348e-09 -9.715e-09 -1.0084e-08 -1.1025e-08 -1.1564e-08 -1.242e-08 -1.3099e-08 -1.3867e-08 -1.4236e-08 -1.4487e-08 -1.5175e-08 -1.5229e-08 -1.5322e-08 -1.6282e-08 -1.6658e-08 -1.6754e-08 -1.7149e-08 -1.7245e-08 -1.7379e-08 -1.7494e-08 -1.7503e-08 -1.7514e-08 -1.7505e-08 -1.7471e-08 -1.7516e-08 -1.7511e-08 -1.751e-08 -1.7516e-08 -1.7512e-08 -1.7499e-08 -1.7505e-08 -1.7504e-08 -1.7515e-08 -1.7504e-08 -1.7499e-08 -1.7452e-08 -1.7048e-08 -1.7259e-08 -1.7166e-08 -1.5324e-08 -1.6251e-08 -1.5999e-08 -1.5679e-08 -1.5123e-08 -1.482e-08 -1.5266e-08 -1.5962e-08 -1.5985e-08 -1.6279e-08 -1.6636e-08 -1.3468e-08 -1.6716e-08 -1.7336e-08 -1.7404e-08 -1.7349e-08 -1.7516e-08 -1.7494e-08 -1.7441e-08 -1.7498e-08 -1.7346e-08 -1.7254e-08 -1.7242e-08 -1.7467e-08 -1.7329e-08 -1.7365e-08 -1.7231e-08 -1.7124e-08 -1.724e-08 -1.7101e-08 -1.7238e-08 -1.7352e-08 -1.719e-08 -1.7155e-08 -1.7302e-08 -1.7352e-08 -1.7323e-08 -1.744e-08 -1.7488e-08 -1.7462e-08 -1.7516e-08 -1.7516e-08 -1.75e-08 -1.7152e-08 -1.74e-08 -1.7331e-08 -1.707e-08 -1.7244e-08 -1.7131e-08 -1.7352e-08 -1.7422e-08 -1.7395e-08 -1.7503e-08 -1.7509e-08 -1.7486e-08 -1.7504e-08 -1.7512e-08 -1.7509e-08
-1.7365e-08 -1.7507e-08 -1.7508e-08 -1.4173e-08 -1.7485e-08 -1.7444e-08 -1.7439e-08 -1.747e-08 -1.7498e-08 -1.7511e-08 -1.7515e-08 -1.7428e-08 -1.7407e-08 -1.7189e-08 -1.7081e-08 -1.6965e-08 -1.6632e-08 -1.6382e-08 -1.5484e-08 -1.4327e-08 -1.1969e-08 -1.4083e-08 -1.3523e-08 -1.295e-08 -1.2471e-08 -1.2218e-08 -1.1339e-08 -1.1522e-08 -1.1448e-08 -1.0639e-08 -1.042e-08 -9.7064e-09 -9.4173e-09 -8.7632e-09 -8.0234e-09 -7.4042e-09 -7.0787e-09 -7.5365e-09 -7.3546e-09 -7.0416e-09 -6.7494e-09 -7.5481e-09 -7.6552e-09 -8.6471e-09 -1.0078e-08 -1.0955e-08 -1.2226e-08 -1.2859e-08 -1.4569e-08 -1.561e-08 -1.6722e-08 -1.7186e-08 -1.7466e-08 -1.7493e-08 -1.7197e-08 -1.6938e-08 -1.6497e-08 -1.5908e-08 -1.5009e-08 -1.4725e-08 -1.3844e-08 -1.2649e-08 -1.1459e-08 -1.0316e-08 -1.036e-08 -1.0055e-08 -8.436e-09 -8.7023e-09 -8.87e-09 -8.9357e-09 -8.1291e-09 -8.672e-09 -7.8143e-09 -7.8694e-09 -7.5045e-09 -6.8354e-09 -7.3921e-09 -8.2476e-09 -8.401e-09 -7.9705e-09 -8.2649e-09 -8.4283e-09 -9.502e-09 -1.015e-08 -1.0603e-08 -1.2858e-08 -1.2383e-08 -1.2793e-08 -1.2949e-08 -1.3315e-08 -1.3565e-08 -1.4293e-08 -1.5083e-08 -1.5384e-08 -1.5089e-08 -1.6542e-08 -1.6704e-08 -1.6632e-08 -1.6819e-08 -1.7055e-08 -1.7111e-08 -1.7295e-08 -1.7416e-08 -1.7416e-08 -1.74e-08 -1.7445e-08 -1.746e-08 -1.745e-08 -1.7466e-08 -1.7493e-08 -1.7434e-08 -1.7468e-08 -1.7393e-08 -1.7473e-08 -1.7494e-08 -1.7511e-08 -1.7516e-08 -1.7488e-08 -1.7517e-08 -1.7479e-08 -1.7364e-08 -1.7292e-08 -1.7258e-08 -1.6946e-08 -1.6672e-08 -1.6404e-08 -1.5838e-08 -1.5614e-08 -1.5405e-08 -1.5407e-08 -1.5501e-08 -1.5963e-08 -1.6288e-08 -1.6323e-08 -1.6686e-08 -1.7083e-08 -1.7226e-08 -1.7215e-08 -1.7417e-08 -1.7084e-08 -1.7501e-08 -1.7217e-08 -1.7511e-08 -1.7508e-08 -1.7488e-08 -1.7496e-08 -1.7504e-08 -1.7498e-08 -1.7465e-08 -1.7459e-08 -1.7489e-08 -1.7476e-08 -1.7348e-08 -1.735e-08 -1.7361e-08 -1.7422e-08 -1.7407e-08 -1.7472e-08 -1.7423e-08 -1.7404e-08 -1.7457e-08 -1.7502e-08 -1.7482e-08 -1.7507e-08 -1.7471e-08 -1.751e-08 -1.7509e-08 -1.7513e-08 -1.7209e-08 -1.737e-08 -1.7405e-08 -1.745e-08 -1.73e-08 -1.7498e-08 -1.7515e-08 -1.7499e-08 -1.7513e-08 -1.7486e-08 -1.7469e-08 -1.7449e-08
-1.7402e-08 -1.7137e-08 -1.7379e-08 -1.7187e-08 -1.7221e-08 -1.7317e-08 -1.7373e-08 -1.7327e-08 -1.7511e-08 -1.7497e-08 -1.7517e-08 -1.7517e-08 -1.7516e-08 -1.7515e-08 -1.7424e-08 -1.7323e-08 -1.7232e-08 -1.7074e-08 -1.6585e-08 -1.6883e-08 -1.6647e-08 -1.6087e-08 -1.5916e-08 -1.5714e-08 -1.5428e-08 -1.5248e-08 -1.4227e-08 -1.4652e-08 -1.442e-08 -1.4177e-08 -1.3677e-08 -1.3163e-08 -1.3e-08 -1.2555e-08 -1.1895e-08 -1.1101e-08 -1.1057e-08 -1.1199e-08 -1.0593e-08 -1.044e-08 -1.0494e-08 -1.1317e-08 -1.2161e-08 -1.2983e-08 -1.3998e-08 -1.4794e-08 -1.5354e-08 -1.6118e-08 -1.6556e-08 -1.7054e-08 -1.736e-08 -1.7413e-08 -1.7454e-08 -1.6971e-08 -1.635e-08 -1.5452e-08 -1.4469e-08 -1.313e-08 -1.259e-08 -1.2226e-08 -1.1925e-08 -1.0692e-08 -1.0113e-08 -1.0325e-08 -9.0417e-09 -8.6624e-09 -8.4922e-09 -9.4072e-09 -8.8234e-09 -8.2067e-09 -9.3421e-09 -9.0881e-09 -8.0407e-09 -7.9235e-09 -7.9269e-09 -7.6696e-09 -7.7071e-09 -8.4484e-09 -8.352e-09 -8.6148e-09 -8.4419e-09 -9.338e-09 -9.9443e-09 -1.2749e-08 8.2334e-10 1.8275e-08 -1.6736e-08 -1.3823e-08 -1.3122e-08 -1.3903e-08 -1.364e-08 -1.4763e-08 -1.4628e-08 -1.5646e-08 -1.5734e-08 -1.6134e-08 -1.651e-08 -1.6624e-08 -1.6661e-08 -1.6828e-08 -1.7091e-08 -1.7106e-08 -1.723e-08 -1.7446e-08 -1.7285e-08 -1.7466e-08 -1.7481e-08 -1.7433e-08 -1.7448e-08 -1.7473e-08 -1.7394e-08 -1.7394e-08 -1.7322e-08 -1.7447e-08 -1.7515e-08 -1.7517e-08 -1.7443e-08 -1.7517e-08 -1.7511e-08 -1.7511e-08 -1.7517e-08 -1.7481e-08 -1.7455e-08 -1.7055e-08 -1.7017e-08 -1.6279e-08 -1.649e-08 -1.6045e-08 -1.5951e-08 -1.5039e-08 -1.5746e-08 -1.5607e-08 -1.5606e-08 -1.5818e-08 -1.6333e-08 -1.6182e-08 -1.6611e-08 -1.6745e-08 -1.6441e-08 -1.6953e-08 -1.721e-08 -1.7155e-08 -1.7349e-08 -1.7388e-08 -1.7228e-08 -1.7473e-08 -1.7459e-08 -1.749e-08 -1.747e-08 -1.7492e-08 -1.7516e-08 -1.7517e-08 -1.7517e-08 -1.7506e-08 -1.7437e-08 -1.7492e-08 -1.7508e-08 -1.7436e-08 -1.7462e-08 -1.7468e-08 -1.7517e-08 -1.7517e-08 -1.7456e-08 -1.7472e-08 -1.7517e-08 -1.7462e-08 -1.7472e-08 -1.7479e-08 -1.7513e-08 -1.7498e-08 -1.7499e-08 -1.7508e-08 -1.7517e-08 -1.7515e-08 -1.7513e-08 -1.7464e-08 -1.7517e-08 -1.7516e-08 -1.7365e-08 -1.7458e-08
-1.7052e-08 -1.709e-08 -1.6913e-08 -1.7037e-08 -1.7121e-08 -1.6775e-08 -1.6977e-08 -1.7137e-08 -1.7021e-08 -1.7159e-08 -1.7455e-08 -1.7403e-08 -1.7314e-08 -1.7491e-08 -1.7463e-08 -1.7511e-08 -1.7513e-08 -1.7516e-08 -1.7509e-08 -1.7502e-08 -1.7241e-08 -1.7365e-08 -1.7025e-08 -1.6804e-08 -1.6788e-08 -1.6175e-08 -1.6738e-08 -1.6592e-08 -1.6155e-08 -1.5978e-08 -1.5847e-08 -1.519e-08 -1.5378e-08 -1.4649e-08 -1.6454e-08 -1.3756e-08 -1.3739e-08 -1.3622e-08 -1.3321e-08 -1.3579e-08 -1.3889e-08 -1.4365e-08 -1.5263e-08 -1.5533e-08 -1.5993e-08 -1.6567e-08 -1.7038e-08 -1.7391e-08 -1.7501e-08 -1.7493e-08 -1.727e-08 -1.6768e-08 -1.6161e-08 -1.517e-08 -1.3968e-08 -1.2725e-08 -1.1171e-08 -1.0015e-08 -8.7268e-09 -7.4752e-09 -7.0108e-09 -7.2903e-09 -8.2652e-09 -8.7581e-09 -8.7119e-09 -8.7471e-09 -9.1708e-09 -8.764e-09 -8.124e-09 -8.5998e-09 -8.2571e-09 -8.2734e-09 -8.6783e-09 -7.9908e-09 -8.0581e-09 -8.5619e-09 -8.8947e-09 -1.0025e-08 -8.3552e-09 -8.9508e-09 -9.3258e-09 -9.987e-09 -1.1554e-08 -1.2081e-08 -1.2214e-08 -1.3399e-08 -1.3631e-08 -1.3481e-08 -1.3874e-08 -1.3679e-08 -1.4372e-08 -1.4927e-08 -1.5021e-08 -1.5637e-08 -1.5851e-08 -1.6289e-08 -1.6474e-08 -1.6662e-08 -1.6816e-08 -1.7143e-08 -1.7291e-08 -1.7162e-08 -1.7261e-08 -1.7451e-08 -1.7416e-08 -1.7417e-08 -1.7402e-08 -1.7466e-08 -1.7502e-08 -1.7505e-08 -1.7517e-08 -1.741e-08 -1.7321e-08 -1.7426e-08 -1.7471e-08 -1.7458e-08 -1.7517e-08 -1.7495e-08 -1.7506e-08 -1.7512e-08 -1.7516e-08 -1.7437e-08 -1.7484e-08 -1.7416e-08 -1.7275e-08 -1.7138e-08 -1.7096e-08 -1.6552e-08 -1.616e-08 -1.605e-08 -1.5649e-08 -1.5134e-08 -1.5236e-08 -1.5252e-08 -1.4585e-08 -1.5855e-08 -1.5941e-08 -1.6162e-08 -1.3934e-08 -1.6482e-08 -1.6748e-08 -1.7039e-08 -1.7102e-08 -1.6916e-08 -1.7046e-08 -1.7092e-08 -1.6435e-08 -1.7328e-08 -1.7305e-08 -1.738e-08 -1.733e-08 -1.7498e-08 -1.7481e-08 -1.7511e-08 -1.7517e-08 -1.7516e-08 -1.7517e-08 -1.7513e-08 -1.7508e-08 -1.7469e-08 -1.7504e-08 -1.7514e-08 -1.7516e-08 -1.75e-08 -1.7509e-08 -1.7509e-08 -1.7408e-08 -1.7411e-08 -1.7401e-08 -1.7475e-08 -1.7403e-08 -1.7474e-08 -1.7336e-08 -1.7367e-08 -1.75e-08 -1.7458e-08 -1.7442e-08 -1.719e-08 -1.7252e-08 -1.7133e-08
-1.7297e-08 -1.672e-08 -1.6683e-08 -1.6863e-08 -1.6754e-08 -1.6698e-08 -1.6813e-08 -1.6662e-08 -1.7103e-08 -1.6513e-08 -1.6917e-08 -1.6972e-08 -1.7064e-08 -1.699e-08 -1.7376e-08 -1.7473e-08 -1.7475e-08 -1.7317e-08 -1.7245e-08 -1.7434e-08 -1.7416e-08 -1.7437e-08 -1.7478e-08 -1.7503e-08 -1.7492e-08 -1.7472e-08 -1.6503e-08 -1.7409e-08 -1.7393e-08 -1.6964e-08 -1.734e-08 -1.6753e-08 -1.6899e-08 -1.6408e-08 -1.5856e-08 -1.5409e-08 -1.5608e-08 -1.5559e-08 -1.5665e-08 -1.573e-08 -1.5812e-08 -1.6499e-08 -1.6818e-08 -1.7125e-08 -1.7328e-08 -1.7487e-08 -1.7444e-08 -1.7111e-08 -1.6488e-08 -1.587e-08 -1.5389e-08 -1.482e-08 -1.4433e-08 -1.3523e-08 -1.2815e-08 -1.1661e-08 -1.0892e-08 -1.0491e-08 -9.4109e-09 -9.0078e-09 -8.9705e-09 -8.7513e-09 -8.9357e-09 -9.0833e-09 -9.5312e-09 -9.1601e-09 -8.9717e-09 -8.8685e-09 -9.4119e-09 -8.7492e-09 -8.6415e-09 -8.9972e-09 -8.2232e-09 -8.4955e-09 -9.8328e-09 -9.0829e-09 -9.2732e-09 -1.0091e-08 -1e-08 -1.0436e-08 -1.113e-08 -1.1514e-08 -1.1253e-08 -1.2054e-08 -1.3161e-08 -1.3042e-08 -1.415e-08 -1.4473e-08 -1.4677e-08 -1.5012e-08 -1.5012e-08 -1.5458e-08 -1.5969e-08 -1.603e-08 -1.6063e-08 -1.6839e-08 -1.6707e-08 -1.6728e-08 -1.6916e-08 -1.701e-08 -1.7085e-08 -1.7116e-08 -1.7213e-08 -1.7408e-08 -1.738e-08 -1.7234e-08 -1.7326e-08 -1.7408e-08 -1.7423e-08 -1.7369e-08 -1.7503e-08 -1.7516e-08 -1.7467e-08 -1.7479e-08 -1.7435e-08 -1.7482e-08 -1.7514e-08 -1.7501e-08 -1.7508e-08 -1.7498e-08 -1.7445e-08 -1.7487e-08 -1.7456e-08 -1.7447e-08 -1.7211e-08 -1.7148e-08 -1.7116e-08 -1.7021e-08 -1.6858e-08 -1.6659e-08 -1.6396e-08 -1.587e-08 -1.5807e-08 -1.5353e-08 -1.4865e-08 -1.4354e-08 -1.4893e-08 -1.5696e-08 -1.614e-08 -1.5964e-08 -1.6158e-08 -1.6159e-08 -1.6396e-08 -1.6388e-08 -1.645e-08 -1.6491e-08 -1.6678e-08 -1.6891e-08 -1.6895e-08 -1.6829e-08 -1.7122e-08 -1.6949e-08 -1.7176e-08 -1.7367e-08 -1.7466e-08 -1.7502e-08 -1.7477e-08 -1.7513e-08 -1.7427e-08 -1.7495e-08 -1.7515e-08 -1.7516e-08 -1.7516e-08 -1.7462e-08 -1.7465e-08 -1.7391e-08 -1.737e-08 -1.7253e-08 -1.7321e-08 -1.7396e-08 -1.7417e-08 -1.7253e-08 -1.7177e-08 -1.7076e-08 -1.6678e-08 -1.6905e-08 -1.7048e-08 -1.694e-08 -1.7086e-08 -1.7192e-08
-1.66e-08 -1.6256e-08 -1.5974e-08 -1.6427e-08 -1.6637e-08 -1.6299e-08 -1.3522e-08 -1.6836e-08 -1.6414e-08 -1.6349e-08 -1.6879e-08 -1.667e-08 -1.656e-08 -1.6783e-08 -1.638e-08 -1.6282e-08 -1.6361e-08 -1.668e-08 -1.6054e-08 -1.7049e-08 -1.73e-08 -1.6946e-08 -1.6966e-08 -1.7142e-08 -1.7341e-08 -1.7414e-08 -1.7496e-08 -1.7514e-08 -1.7512e-08 -1.7458e-08 -1.7494e-08 -1.7509e-08 -1.7515e-08 -1.7345e-08 -1.7491e-08 -1.7499e-08 -1.7344e-08 -1.735e-08 -1.739e-08 -1.7424e-08 -1.7327e-08 -1.7514e-08 -1.7512e-08 -1.7481e-08 -1.7325e-08 -1.7172e-08 -1.6831e-08 -1.617e-08 -1.5725e-08 -1.4981e-08 -1.434e-08 -1.3848e-08 -1.376e-08 -1.3937e-08 -1.3291e-08 -1.3069e-08 -1.2797e-08 -1.2404e-08 -1.1941e-08 -1.1938e-08 -1.2224e-08 -1.1601e-08 -1.1551e-08 -1.118e-08 -9.816e-09 -1.0596e-08 -1.0418e-08 -1.0054e-08 -9.049e-09 -9.8772e-09 -9.4801e-09 -9.8559e-09 -9.9913e-09 -9.4912e-09 -1.0261e-08 -1.0898e-08 -1.0833e-08 -1.0529e-08 -1.0986e-08 -1.1678e-08 -1.216e-08 -1.2287e-08 -1.2677e-08 -1.3291e-08 -1.3881e-08 -1.4069e-08 -1.4452e-08 -1.4575e-08 -1.4918e-08 -1.5583e-08 -1.6144e-08 -1.6481e-08 -1.6275e-08 -1.6203e-08 -1.6632e-08 -1.6675e-08 -1.6866e-08 -1.6935e-08 -1.7023e-08 -1.7167e-08 -1.7325e-08 -1.7409e-08 -1.745e-08 -1.7477e-08 -1.74e-08 -1.7361e-08 -1.7395e-08 -1.7469e-08 -1.7448e-08 -1.7469e-08 -1.7394e-08 -1.7482e-08 -1.75e-08 -1.7498e-08 -1.7517e-08 -1.7505e-08 -1.7514e-08 -1.7506e-08 -1.7412e-08 -1.7498e-08 -1.7322e-08 -1.7458e-08 -1.7425e-08 -1.7197e-08 -1.7227e-08 -1.7202e-08 -1.7147e-08 -1.715e-08 -1.6987e-08 -1.6723e-08 -1.6542e-08 -1.6613e-08 -1.6349e-08 -1.6197e-08 -1.5677e-08 -1.5789e-08 -1.539e-08 -1.5136e-08 -1.4848e-08 -1.4602e-08 -1.4081e-08 -1.3959e-08 -1.4366e-08 -1.4754e-08 -1.5187e-08 -1.557e-08 -1.6068e-08 -1.6217e-08 -1.669e-08 -1.6593e-08 -1.694e-08 -1.6903e-08 -1.6881e-08 -1.7013e-08 -1.728e-08 -1.7207e-08 -1.7462e-08 -1.7512e-08 -1.7515e-08 -1.7504e-08 -1.7487e-08 -1.7517e-08 -1.7445e-08 -1.742e-08 -1.7391e-08 -1.726e-08 -1.7313e-08 -1.7233e-08 -1.7456e-08 -1.7139e-08 -1.7157e-08 -1.7218e-08 -1.737e-08 -1.7062e-08 -1.6966e-08 -1.6829e-08 -1.645e-08 -1.7001e-08 -1.6676e-08 -1.6771e-08
-1.5959e-08 -1.557e-08 -1.5531e-08 -1.5845e-08 -1.6188e-08 -1.5363e-08 -1.5226e-08 -1.5526e-08 -1.5553e-08 -1.5224e-08 -1.477e-08 -1.5434e-08 -1.5309e-08 -1.5965e-08 -1.4527e-08 -1.5591e-08 -1.5765e-08 -1.594e-08 -1.6276e-08 -1.6294e-08 -1.6082e-08 -1.7101e-08 -1.7064e-08 -1.6804e-08 -1.7119e-08 -1.6733e-08 -1.7105e-08 -1.5371e-08 -1.6465e-08 -1.6852e-08 -1.6566e-08 -1.7108e-08 -1.7277e-08 -1.7379e-08 -1.749e-08 -1.7399e-08 -1.7492e-08 -1.7456e-08 -1.741e-08 -1.7223e-08 -1.709e-08 -1.6897e-08 -1.6751e-08 -1.6617e-08 -1.6236e-08 -1.5964e-08 -1.577e-08 -1.5505e-08 -1.5182e-08 -1.4763e-08 -1.4152e-08 -1.3102e-08 -1.3475e-08 -1.341e-08 -1.3434e-08 -1.3534e-08 -1.3865e-08 -1.392e-08 -1.4306e-08 -1.3853e-08 -1.3536e-08 -1.3192e-08 -1.2868e-08 -1.2935e-08 -1.2553e-08 -1.1913e-08 -1.1614e-08 -1.195e-08 -1.1995e-08 -1.1672e-08 -1.0906e-08 -1.0369e-08 -1.0497e-08 -1.1502e-08 -1.0916e-08 -1.0814e-08 -1.074e-08 -1.161e-08 -1.2229e-08 -1.3133e-08 -1.3058e-08 -1.3504e-08 -1.3938e-08 -1.4322e-08 -1.4151e-08 -1.4355e-08 -1.4725e-08 -1.511e-08 -1.5512e-08 -1.5539e-08 -1.599e-08 -1.6777e-08 -1.676e-08 -1.6756e-08 -1.6816e-08 -1.7199e-08 -1.7148e-08 -1.7175e-08 -1.728e-08 -1.723e-08 -1.7339e-08 -1.735e-08 -1.7419e-08 -1.7517e-08 -1.7465e-08 -1.7456e-08 -1.7509e-08 -1.7517e-08 -1.7517e-08 -1.7504e-08 -1.7516e-08 -1.7515e-08 -1.7495e-08 -1.7505e-08 -1.7517e-08 -1.7505e-08 -1.75e-08 -1.7515e-08 -1.7442e-08 -1.7344e-08 -1.7425e-08 -1.7495e-08 -1.7467e-08 -1.7308e-08 -1.7263e-08 -1.7184e-08 -1.7048e-08 -1.717e-08 -1.684e-08 -1.6805e-08 -1.664e-08 -1.6463e-08 -1.657e-08 -1.6276e-08 -1.6402e-08 -1.6183e-08 -1.5947e-08 -1.565e-08 -1.5536e-08 -1.5628e-08 -1.5815e-08 -1.596e-08 -1.6101e-08 -1.6137e-08 -1.6274e-08 -1.6406e-08 -1.6505e-08 -1.6576e-08 -1.6786e-08 -1.6885e-08 -1.6776e-08 -1.7053e-08 -1.7043e-08 -1.7182e-08 -1.7182e-08 -1.7186e-08 -1.7438e-08 -1.7495e-08 -1.7512e-08 -1.7501e-08 -1.7489e-08 -1.7492e-08 -1.7515e-08 -1.7437e-08 -1.7296e-08 -1.7171e-08 -1.734e-08 -1.7161e-08 -1.6917e-08 -1.6775e-08 -1.7476e-08 -9.8704e-09 -1.7462e-08 -1.2343e-08 -1.6914e-08 -1.6645e-08 -1.6025e-08 -1.6194e-08 -1.6856e-08 -1.638e-08
-1.5952e-08 -1.5282e-08 -1.568e-08 -1.5373e-08 -1.5349e-08 -1.4528e-08 -1.5583e-08 -1.4977e-08 -1.4825e-08 -1.4896e-08 -1.452e-08 -1.5139e-08 -1.5007e-08 -1.4294e-08 -1.5008e-08 -1.4595e-08 -1.4653e-08 -1.5873e-08 -1.5338e-08 -1.5038e-08 -1.5439e-08 -1.4758e-08 -1.4421e-08 -1.3787e-08 -1.5005e-08 -1.6107e-08 -1.5913e-08 -1.5884e-08 -1.6989e-08 -1.6667e-08 -1.6556e-08 -1.6793e-08 -1.6175e-08 -1.5918e-08 -1.5511e-08 -1.6442e-08 -1.6686e-08 -1.6611e-08 -1.6975e-08 -1.6458e-08 -1.6545e-08 -1.6321e-08 -1.5807e-08 -1.5885e-08 -1.59e-08 -1.6222e-08 -1.5737e-08 -1.5421e-08 -1.5181e-08 -1.4464e-08 -1.4058e-08 -1.3933e-08 -1.3954e-08 -1.3842e-08 -1.3771e-08 -1.2756e-08 -1.3967e-08 -1.4057e-08 -1.3845e-08 -1.3683e-08 -1.3058e-08 -1.2633e-08 -1.2315e-08 -1.2297e-08 -1.2308e-08 -1.2583e-08 -1.2867e-08 -1.269e-08 -1.2308e-08 -1.3072e-08 -1.2044e-08 -1.2031e-08 -1.2029e-08 -1.2028e-08 -1.2277e-08 -1.1954e-08 -1.2573e-08 -1.2661e-08 -1.3528e-08 -1.3352e-08 -1.3971e-08 -1.4074e-08 -1.4613e-08 -1.3521e-08 -1.4931e-08 -1.5424e-08 -1.5757e-08 -1.6072e-08 -1.6143e-08 -1.6139e-08 -1.6477e-08 -1.6592e-08 -1.6756e-08 -1.6971e-08 -1.6962e-08 -1.7062e-08 -1.6771e-08 -1.7314e-08 -1.7392e-08 -1.7433e-08 -1.7459e-08 -1.7467e-08 -1.7479e-08 -1.7509e-08 -1.7502e-08 -1.7492e-08 -1.749e-08 -1.7512e-08 -1.7513e-08 -1.751e-08 -1.7517e-08 -1.7508e-08 -1.7516e-08 -1.7517e-08 -1.7517e-08 -1.7512e-08 -1.7498e-08 -1.7512e-08 -1.7437e-08 -1.7441e-08 -1.7427e-08 -1.7394e-08 -1.7254e-08 -1.7451e-08 -1.7447e-08 -1.7392e-08 -1.716e-08 -1.711e-08 -1.7105e-08 -1.682e-08 -1.7092e-08 -1.698e-08 -1.7013e-08 -1.6878e-08 -1.653e-08 -1.6655e-08 -1.6497e-08 -1.6489e-08 -1.6417e-08 -1.6412e-08 -1.6316e-08 -1.6637e-08 -1.6675e-08 -1.6055e-08 -1.6452e-08 -1.6667e-08 -1.6862e-08 -1.6922e-08 -1.6732e-08 -1.6763e-08 -1.6904e-08 -1.7089e-08 -1.7162e-08 -1.7218e-08 -1.7306e-08 -1.7316e-08 -1.7377e-08 -1.7489e-08 -1.7512e-08 -1.7515e-08 -1.7514e-08 -1.7466e-08 -1.7457e-08 -1.734e-08 -1.7282e-08 -1.7302e-08 -1.7282e-08 -1.7189e-08 -1.7061e-08 -1.6875e-08 -1.6864e-08 -1.6642e-08 -1.686e-08 -1.5758e-08 -1.5658e-08 -1.5495e-08 -1.5448e-08 -1.5473e-08 -1.575e-08 -1.6173e-08
-1.4636e-08 -1.5474e-08 -1.6722e-08 -1.7133e-08 -1.6572e-08 -1.497e-08 -1.5629e-08 -1.7264e-08 -1.72e-08 -1.5315e-08 -1.4635e-08 -1.463e-08 -1.439e-08 -1.4688e-08 -1.477e-08 -1.5869e-08 -1.7144e-08 -1.7e-08 -1.7281e-08 -1.5952e-08 -1.6895e-08 -1.6424e-08 -1.3718e-08 -1.1158e-08 -1.4838e-08 -1.5946e-08 -1.6018e-08 -1.5207e-08 -1.5628e-08 -1.5707e-08 -1.5779e-08 -1.5749e-08 -1.544e-08 -1.5975e-08 -1.7252e-08 -1.6083e-08 -1.6556e-08 -1.6156e-08 -1.6325e-08 -1.6495e-08 -1.5629e-08 -1.5812e-08 -1.6251e-08 -1.6241e-08 -1.5805e-08 -1.5337e-08 -1.5114e-08 -1.4869e-08 -1.4591e-08 -1.4407e-08 -1.4258e-08 -1.3985e-08 -1.4982e-08 -1.3503e-08 -1.328e-08 -1.2917e-08 -1.2714e-08 -1.2734e-08 -1.2746e-08 -1.2715e-08 -1.2415e-08 -1.6829e-08 -1.6721e-08 -1.4455e-08 -1.3441e-08 -1.3656e-08 -1.3723e-08 -1.3488e-08 -1.4082e-08 -1.4096e-08 -1.3636e-08 -1.3472e-08 -1.3493e-08 -1.3437e-08 -1.3823e-08 -1.3748e-08 -1.397e-08 -1.3903e-08 -1.3641e-08 -1.3848e-08 -1.4269e-08 -1.5021e-08 -1.5139e-08 -1.5342e-08 -1.5409e-08 -1.578e-08 -1.6428e-08 -1.6519e-08 -1.6161e-08 -1.6411e-08 -1.6367e-08 -1.6589e-08 -1.689e-08 -1.7182e-08 -1.7225e-08 -1.7132e-08 -1.7131e-08 -1.7195e-08 -1.7301e-08 -1.7379e-08 -1.7407e-08 -1.7414e-08 -1.7473e-08 -1.7373e-08 -1.7479e-08 -1.7494e-08 -1.7494e-08 -1.7505e-08 -1.7507e-08 -1.7511e-08 -1.7513e-08 -1.7517e-08 -1.7511e-08 -1.7469e-08 -1.747e-08 -1.7462e-08 -1.7504e-08 -1.7426e-08 -1.7436e-08 -1.7268e-08 -1.7356e-08 -1.7411e-08 -1.7431e-08 -1.7445e-08 -1.7433e-08 -1.7451e-08 -1.7404e-08 -1.7365e-08 -1.7293e-08 -1.7167e-08 -1.7261e-08 -1.7115e-08 -1.6996e-08 -1.674e-08 -1.5051e-08 -1.6463e-08 -1.6885e-08 -1.6928e-08 -1.7027e-08 -1.695e-08 -1.6772e-08 -1.6811e-08 -1.682e-08 -1.6794e-08 -1.685e-08 -1.6755e-08 -1.6979e-08 -1.6828e-08 -1.6943e-08 -1.6753e-08 -1.7016e-08 -1.7178e-08 -1.7155e-08 -1.727e-08 -1.7369e-08 -1.7409e-08 -1.7456e-08 -1.7477e-08 -1.7436e-08 -1.7505e-08 -1.7515e-08 -1.7505e-08 -1.7416e-08 -1.7319e-08 -1.7279e-08 -1.7264e-08 -1.7152e-08 -1.69e-08 -1.6881e-08 -1.7008e-08 -1.6712e-08 -1.6954e-08 -1.6757e-08 -1.6437e-08 -1.6558e-08 -1.5495e-08 -1.4807e-08 -1.4975e-08 -1.5488e-08 -1.503e-08
-1.6355e-08 -1.6883e-08 -1.6874e-08 -1.6457e-08 -1.6339e-08 -1.6551e-08 -1.6733e-08 -1.675e-08 -1.6613e-08 -1.6685e-08 -1.662e-08 -1.7176e-08 -1.6209e-08 -1.6447e-08 -1.6297e-08 -1.5848e-08 -1.5864e-08 -1.5628e-08 -1.5622e-08 -1.5936e-08 -1.6049e-08 -1.5398e-08 -1.5532e-08 -1.5345e-08 -1.503e-08 -1.4753e-08 -1.5298e-08 -1.6521e-08 -1.6185e-08 -1.6683e-08 -1.6435e-08 -1.6235e-08 -1.6064e-08 -1.6008e-08 -1.623e-08 -1.5896e-08 -1.612e-08 -1.5587e-08 -1.5682e-08 -1.5738e-08 -1.5647e-08 -1.5473e-08 -1.5497e-08 -1.577e-08 -1.6099e-08 -1.5974e-08 -1.5776e-08 -1.5545e-08 -1.5378e-08 -1.4866e-08 -1.4362e-08 -1.4645e-08 -1.4401e-08 -1.4118e-08 -1.3792e-08 -1.3713e-08 -1.404e-08 -1.3608e-08 -1.3054e-08 -1.311e-08 -1.2746e-08 -1.2519e-08 -1.2666e-08 -1.2497e-08 -1.296e-08 -1.2944e-08 -1.2361e-08 -1.2842e-08 -1.3641e-08 -1.4071e-08 -1.4516e-08 -1.4745e-08 -1.5255e-08 -1.5076e-08 -1.502e-08 -1.5989e-08 -1.6209e-08 -1.6003e-08 -1.5424e-08 -1.5348e-08 -1.5982e-08 -1.5686e-08 -1.6515e-08 -1.751e-08 -1.719e-08 -1.5933e-08 -1.5416e-08 -1.6653e-08 -1.7088e-08 -1.0968e-08 -1.5624e-08 -1.7508e-08 -1.6773e-08 -1.3937e-08 -1.7323e-08 -1.2116e-08 -1.3685e-08 -1.7448e-08 -1.6666e-08 -1.414e-08 -1.517e-08 -1.5887e-08 -1.6631e-08 -1.7517e-08 -1.751e-08 -1.7509e-08 -1.7516e-08 -1.7514e-08 -1.7508e-08 -1.7516e-08 -1.7517e-08 -1.7517e-08 -1.7516e-08 -1.7513e-08 -1.7482e-08 -1.7497e-08 -1.7482e-08 -1.7477e-08 -1.7455e-08 -1.699e-08 -1.7259e-08 -1.6916e-08 -1.7398e-08 -1.7349e-08 -1.7302e-08 -1.7378e-08 -1.7318e-08 -1.7259e-08 -1.7284e-08 -1.73e-08 -1.7313e-08 -1.733e-08 -1.7279e-08 -1.7303e-08 -1.7289e-08 -1.7298e-08 -1.7335e-08 -1.7335e-08 -1.7223e-08 -1.7275e-08 -1.7208e-08 -1.7097e-08 -1.6874e-08 -1.6956e-08 -1.6988e-08 -1.6665e-08 -1.6238e-08 -1.6324e-08 -1.6598e-08 -1.6852e-08 -1.6976e-08 -1.6852e-08 -1.7161e-08 -1.7299e-08 -1.7301e-08 -1.7442e-08 -1.7401e-08 -1.7484e-08 -1.747e-08 -1.7483e-08 -1.7509e-08 -1.7511e-08 -1.7493e-08 -1.7405e-08 -1.738e-08 -1.7262e-08 -1.7323e-08 -1.7336e-08 -1.7243e-08 -1.6874e-08 -1.6898e-08 -1.6797e-08 -1.6761e-08 -1.6561e-08 -1.647e-08 -1.6691e-08 -1.6731e-08 -1.6098e-08 -1.6082e-08 -1.6217e-08
-1.6465e-08 -1.6544e-08 -1.6679e-08 -1.6924e-08 -1.6686e-08 -1.6708e-08 -1.683e-08 -1.677e-08 -1.6819e-08 -1.6909e-08 -1.7006e-08 -1.708e-08 -1.7158e-08 -1.7224e-08 -1.7309e-08 -1.7361e-08 -1.7372e-08 -1.7422e-08 -1.7421e-08 -1.7454e-08 -1.7467e-08 -1.7491e-08 -1.7507e-08 -1.7517e-08 -1.7511e-08 -1.7464e-08 -1.7334e-08 -1.709e-08 -1.71e-08 -1.6862e-08 -1.6506e-08 -1.6879e-08 -1.6826e-08 -1.6037e-08 -1.7503e-08 -1.7505e-08 -1.741e-08 -1.7428e-08 -1.6267e-08 -1.6887e-08 -1.744e-08 -1.7516e-08 -1.6606e-08 -1.6582e-08 -1.6484e-08 -1.6138e-08 -1.5737e-08 -1.5955e-08 -1.6794e-08 -1.6955e-08 -1.7336e-08 -1.7239e-08 -1.6547e-08 -1.728e-08 -1.7078e-08 -1.7478e-08 -1.7343e-08 -1.7304e-08 -1.7318e-08 -1.7485e-08 -1.6075e-08 -1.6874e-08 -1.6625e-08 -1.6621e-08 -1.6291e-08 -1.5985e-08 -1.5467e-08 -1.7059e-08 -1.7419e-08 -1.7401e-08 -1.7418e-08 -1.7434e-08 -1.5396e-08 -1.6802e-08 -1.5687e-08 -1.2955e-08 -1.023e-08 -1.2792e-08 -9.3932e-09 -5.5239e-09 -4.4574e-09 3.0247e-09 1.6053e-09 6.7526e-09 6.8666e-09 4.7962e-09 1.2831e-08 1.383e-08 1.3094e-08 1.7116e-08 1.4084e-08 9.6765e-09 2.0665e-08 2.0663e-08 9.8733e-09 1.7608e-08 1.6782e-08 2.4751e-08 2.4743e-08 2.3002e-08 9.7529e-09 5.8851e-09 6.7432e-09 6.5963e-09 6.5817e-09 4.0443e-09 1.465e-08 -7.2062e-09 -9.4929e-09 -1.6603e-08 -1.6345e-08 -1.0312e-08 -1.3623e-08 -1.7331e-08 -1.6011e-08 -1.6515e-08 -1.4563e-08 -1.5618e-08 -1.6977e-08 -1.2726e-08 -1.3251e-08 -1.2219e-08 -1.3297e-08 -1.3715e-08 -1.5876e-08 -1.731e-08 -1.4671e-08 -1.5409e-08 -1.5412e-08 -1.5306e-08 -1.5853e-08 -1.5679e-08 -1.5691e-08 -1.5897e-08 -1.6027e-08 -1.6174e-08 -1.6637e-08 -1.7039e-08 -1.7302e-08 -1.7311e-08 -1.7324e-08 -1.732e-08 -1.7325e-08 -1.7252e-08 -1.7309e-08 -1.7172e-08 -1.72e-08 -1.727e-08 -1.7305e-08 -1.7416e-08 -1.7416e-08 -1.746e-08 -1.747e-08 -1.749e-08 -1.7486e-08 -1.7474e-08 -1.7478e-08 -1.7505e-08 -1.7511e-08 -1.7485e-08 -1.7494e-08 -1.7508e-08 -1.7517e-08 -1.7517e-08 -1.7517e-08 -1.7516e-08 -1.7509e-08 -1.7494e-08 -1.7485e-08 -1.7382e-08 -1.719e-08 -1.724e-08 -1.7211e-08 -1.7179e-08 -1.7143e-08 -1.6973e-08 -1.6771e-08 -1.6549e-08 -1.6533e-08 -1.648e-08
-1.351e-08 -1.3541e-08 -1.359e-08 -1.3564e-08 -1.3586e-08 -1.3486e-08 -1.3627e-08 -1.376e-08 -1.3868e-08 -1.4063e-08 -1.4311e-08 -1.4622e-08 -1.4727e-08 -1.4965e-08 -1.5114e-08 -1.5458e-08 -1.5759e-08 -1.5804e-08 -1.6269e-08 -1.6276e-08 -1.6481e-08 -1.6536e-08 -1.654e-08 -1.6516e-08 -1.6467e-08 -1.6161e-08 -1.6879e-08 -1.6736e-08 -1.645e-08 -1.1105e-08 -8.8936e-09 -5.3626e-09 -1.0265e-08 -1.1827e-08 -5.3216e-09 -8.9888e-09 -4.2913e-09 -5.0335e-09 -5.0123e-09 -2.6569e-09 6.6952e-10 -2.5693e-09 3.4662e-09 7.5267e-09 7.1151e-09 1.5368e-09 2.3254e-09 3.9267e-09 1.4823e-09 -8.2799e-10 -4.6027e-09 -7.7002e-09 -1.1468e-08 -1.261e-08 -6.3173e-09 -8.3591e-09 -4.3551e-09 -9.7118e-10 -4.3679e-10 -3.9327e-09 -1.0958e-09 -1.3282e-08 -1.2493e-08 -1.7457e-08 -1.7501e-08 -1.7219e-08 -1.6739e-08 -1.6305e-08 -1.6405e-08 -1.7405e-08 -1.7425e-08 -1.6253e-08 -1.4021e-08 -1.1601e-08 -1.0112e-08 -6.5999e-09 -4.1874e-09 -1.2592e-09 1.1199e-09 2.7291e-09 4.3313e-09 6.7453e-09 8.4837e-09 1.002e-08 1.2611e-08 1.5076e-08 1.6496e-08 1.8478e-08 1.9696e-08 1.9727e-08 1.9797e-08 2.0318e-08 2.0745e-08 2.1815e-08 2.3337e-08 2.4595e-08 2.5945e-08 2.708e-08 2.7749e-08 2.8585e-08 2.9282e-08 3.0735e-08 3.1804e-08 3.2847e-08 3.3727e-08 3.4472e-08 3.4786e-08 3.5359e-08 3.4603e-08 2.9643e-08 2.2917e-08 1.4922e-08 1.62e-08 1.341e-08 1.9794e-08 1.4237e-08 6.9316e-09 4.8555e-09 8.467e-09 1.2566e-08 1.5135e-08 1.3741e-08 4.4332e-09 1.0557e-08 7.8155e-09 1.2788e-08 8.8913e-09 7.2963e-09 1.0477e-08 8.2442e-09 1.4111e-08 1.2584e-08 7.9021e-09 1.7859e-09 4.3096e-09 5.5691e-09 3.8344e-09 8.985e-09 5.8867e-09 5.1273e-09 6.8239e-10 -6.5731e-09 -8.0626e-09 -1.0257e-08 -1.5246e-08 -1.4934e-08 -1.6767e-08 -1.7337e-08 -1.7396e-08 -1.7331e-08 -1.726e-08 -1.7214e-08 -1.7214e-08 -1.7232e-08 -1.7355e-08 -1.7396e-08 -1.736e-08 -1.734e-08 -1.717e-08 -1.7076e-08 -1.7e-08 -1.6963e-08 -1.6853e-08 -1.6716e-08 -1.6577e-08 -1.6422e-08 -1.622e-08 -1.6008e-08 -1.5879e-08 -1.575e-08 -1.5508e-08 -1.5443e-08 -1.5151e-08 -1.4978e-08 -1.4863e-08 -1.4655e-08 -1.424e-08 -1.3911e-08 -1.3682e-08 -1.3604e-08
-1.5506e-08 -1.442e-08 -1.5403e-08 -1.6318e-08 -1.6689e-08 -1.7387e-08 -3.2552e-09 -2.3404e-10 -5.4612e-09 -8.8986e-09 2.9703e-09 -5.3818e-09 -6.5152e-10 1.6307e-09 -6.8143e-11 -5.5083e-09 1.3625e-08 2.1483e-08 2.2955e-08 2.2357e-08 2.2249e-08 1.2759e-08 -2.2452e-09 5.7619e-09 6.3055e-09 1.8738e-09 -7.0349e-09 -5.0014e-10 1.4971e-09 -4.964e-09 -2.1285e-09 2.8773e-08 2.5782e-08 1.3377e-08 2.5168e-08 2.932e-08 2.981e-08 3.0186e-08 2.9299e-08 2.7664e-08 2.8404e-08 2.32e-08 2.6542e-08 2.9879e-08 2.8223e-08 3.1133e-08 3.3756e-08 3.3236e-08 3.3262e-08 2.7646e-08 2.7422e-08 2.8908e-08 2.6013e-08 1.6939e-08 1.7983e-08 2.2643e-08 2.1874e-08 2.0497e-08 1.8037e-08 1.5582e-08 1.4392e-08 1.6841e-08 1.1568e-08 1.5237e-08 1.6851e-08 1.6931e-08 7.311e-09 7.0031e-09 -2.7975e-09 -6.8605e-09 -9.2576e-09 -1.3512e-08 -1.0883e-08 -1.0523e-08 -9.8466e-09 -1.1584e-08 -1.3486e-08 -1.5142e-08 -1.5687e-08 -1.587e-08 -1.637e-08 -1.6604e-08 -1.3959e-08 -9.0509e-09 -7.7684e-11 1.4383e-09 -3.8938e-10 -2.357e-09 -4.8503e-09 -9.4078e-09 -1.4422e-08 -1.3986e-08 1.1625e-08 1.9488e-08 2.0204e-08 1.7241e-08 1.9687e-08 2.1869e-08 2.646e-08 2.9138e-08 3.0351e-08 2.7158e-08 3.1118e-08 3.3032e-08 3.4208e-08 3.5223e-08 3.6272e-08 3.697e-08 3.7441e-08 3.8287e-08 3.8727e-08 3.8644e-08 3.8308e-08 3.7958e-08 3.7543e-08 3.6824e-08 3.6097e-08 3.5513e-08 3.5221e-08 3.5571e-08 3.4759e-08 3.364e-08 3.326e-08 3.4079e-08 3.4398e-08 3.4406e-08 3.4582e-08 3.4454e-08 3.4084e-08 3.4714e-08 3.4428e-08 3.4671e-08 3.493e-08 3.4318e-08 3.3067e-08 3.3096e-08 2.991e-08 3.0243e-08 3.0927e-08 2.3693e-08 3.1986e-08 3.1868e-08 3.1958e-08 1.8471e-08 1.6997e-08 1.5281e-08 1.0739e-08 5.7545e-10 1.0321e-08 1.8029e-08 1.2658e-08 1.8369e-08 6.3813e-09 3.8369e-09 -2.0853e-09 -6.98e-09 3.6315e-09 -2.1932e-09 -5.8921e-09 -7.7895e-09 -6.9939e-09 -9.6477e-10 -4.1863e-09 -1.167e-08 -9.3642e-09 -1.0073e-08 -1.3091e-08 -1.6359e-08 -1.4867e-08 -1.6739e-08 -1.5229e-08 -1.3358e-08 -1.1683e-08 -9.4077e-09 -1.1866e-08 -1.4279e-08 -1.5384e-08 -1.2329e-08 -1.2615e-08 -1.3257e-08
4.3726e-08 3.982e-08 4.1586e-08 4.0603e-08 3.8093e-08 4.0474e-08 4.0118e-08 4.1105e-08 4.5938e-08 4.7073e-08 4.6934e-08 4.6621e-08 4.5104e-08 4.413e-08 4.582e-08 4.796e-08 4.8191e-08 4.7868e-08 4.8372e-08 4.8472e-08 4.7883e-08 4.5433e-08 4.5498e-08 5.0766e-08 5.0535e-08 5.0655e-08 4.9495e-08 4.8965e-08 4.8151e-08 4.7879e-08 4.7331e-08 4.9551e-08 5.1221e-08 5.0059e-08 5.113e-08 5.2955e-08 5.3824e-08 5.3889e-08 5.4049e-08 5.3938e-08 5.2896e-08 5.3295e-08 5.1698e-08 5.2193e-08 5.3104e-08 5.4608e-08 5.4802e-08 5.5032e-08 5.4597e-08 5.402e-08 5.4068e-08 5.4089e-08 5.378e-08 5.3473e-08 5.1893e-08 4.9447e-08 4.9178e-08 4.7783e-08 4.6766e-08 4.6768e-08 4.8248e-08 4.9375e-08 4.9659e-08 5.0114e-08 5.0429e-08 5.0547e-08 5.0901e-08 5.0479e-08 4.9949e-08 4.8996e-08 4.3307e-08 3.3158e-08 3.13e-08 3.449e-08 3.5151e-08 3.7648e-08 3.3996e-08 3.7089e-08 3.8091e-08 3.5244e-08 3.934e-08 4.1335e-08 4.2068e-08 4.2167e-08 4.0246e-08 4.2424e-08 4.0816e-08 3.6411e-08 4.0183e-08 3.7383e-08 4.2894e-08 4.4752e-08 4.3316e-08 4.5636e-08 4.7733e-08 4.8022e-08 4.705e-08 4.7369e-08 4.5841e-08 4.6409e-08 4.7966e-08 4.9989e-08 4.9795e-08 4.8092e-08 4.7945e-08 5.0662e-08 5.1113e-08 5.1658e-08 5.2279e-08 5.2598e-08 5.2783e-08 5.2054e-08 5.2808e-08 5.2616e-08 5.2384e-08 5.1965e-08 5.1722e-08 5.0977e-08 5.1593e-08 4.8074e-08 5.2423e-08 5.1932e-08 5.1227e-08 5.0244e-08 4.7297e-08 4.5474e-08 4.9943e-08 5.022e-08 4.862e-08 4.8609e-08 4.6673e-08 4.924e-08 5.2207e-08 5.2151e-08 5.2153e-08 5.2283e-08 5.2233e-08 5.1386e-08 4.9476e-08 4.9192e-08 4.9069e-08 4.8616e-08 4.8069e-08 4.8872e-08 4.7419e-08 4.7431e-08 4.7057e-08 4.8318e-08 4.9944e-08 5.1684e-08 5.0155e-08 5.1623e-08 4.9212e-08 5.0301e-08 5.2521e-08 5.2361e-08 5.1779e-08 4.4865e-08 4.7982e-08 4.5552e-08 4.8555e-08 4.2313e-08 4.2328e-08 3.8874e-08 3.9198e-08 3.8262e-08 4.0928e-08 4.2356e-08 4.1514e-08 4.1014e-08 4.1987e-08 3.9183e-08 3.7123e-08 3.7635e-08 3.7148e-08 3.6373e-08 3.9352e-08 3.7807e-08 3.5013e-08 4.0027e-08
5.606e-08 5.611e-08 5.6065e-08 5.5912e-08 5.5897e-08 5.6186e-08 5.6183e-08 5.6084e-08 5.6052e-08 5.6071e-08 5.6076e-08 5.6011e-08 5.6014e-08 5.5999e-08 5.5991e-08 5.5956e-08 5.592e-08 5.5859e-08 5.589e-08 5.587e-08 5.5806e-08 5.5853e-08 5.5971e-08 5.5889e-08 5.5868e-08 5.5924e-08 5.5806e-08 5.5579e-08 5.5424e-08 5.5203e-08 5.506e-08 5.4896e-08 5.481e-08 5.4659e-08 5.4549e-08 5.4446e-08 5.4371e-08 5.4262e-08 5.4224e-08 5.4112e-08 5.4127e-08 5.4111e-08 5.3974e-08 5.3967e-08 5.3947e-08 5.3941e-08 5.3914e-08 5.3903e-08 5.3951e-08 5.4039e-08 5.4233e-08 5.4384e-08 5.4623e-08 5.487e-08 5.5087e-08 5.5378e-08 5.5517e-08 5.5612e-08 5.5749e-08 5.5741e-08 5.5684e-08 5.5825e-08 5.5856e-08 5.5905e-08 5.5958e-08 5.6032e-08 5.6073e-08 5.6098e-08 5.6089e-08 5.6115e-08 5.6133e-08 5.614e-08 5.6169e-08 5.6184e-08 5.6187e-08 5.6183e-08 5.6168e-08 5.6155e-08 5.6089e-08 5.6041e-08 5.6084e-08 5.6104e-08 5.61e-08 5.6042e-08 5.6103e-08 5.6013e-08 5.6007e-08 5.606e-08 5.6042e-08 5.6046e-08 5.6052e-08 5.5936e-08 5.5745e-08 5.5825e-08 5.5976e-08 5.6097e-08 5.6138e-08 5.6066e-08 5.5668e-08 5.5531e-08 5.5817e-08 5.6103e-08 5.6111e-08 5.6141e-08 5.6166e-08 5.6182e-08 5.6187e-08 5.6184e-08 5.6172e-08 5.6148e-08 5.6149e-08 5.6127e-08 5.6102e-08 5.6072e-08 5.6047e-08 5.6007e-08 5.5991e-08 5.5963e-08 5.5915e-08 5.5909e-08 5.5916e-08 5.5921e-08 5.5898e-08 5.5934e-08 5.5986e-08 5.5943e-08 5.5917e-08 5.5854e-08 5.5759e-08 5.5715e-08 5.569e-08 5.5657e-08 5.5601e-08 5.5559e-08 5.5419e-08 5.5292e-08 5.5133e-08 5.493e-08 5.4791e-08 5.4683e-08 5.4616e-08 5.4532e-08 5.4504e-08 5.4527e-08 5.4538e-08 5.4438e-08 5.452e-08 5.464e-08 5.4646e-08 5.4748e-08 5.4892e-08 5.5054e-08 5.5178e-08 5.5336e-08 5.5549e-08 5.5669e-08 5.5811e-08 5.5941e-08 5.5831e-08 5.5675e-08 5.5685e-08 5.5732e-08 5.5803e-08 5.5807e-08 5.5729e-08 5.5803e-08 5.583e-08 5.5854e-08 5.5932e-08 5.5961e-08 5.6067e-08 5.6104e-08 5.6134e-08 5.6162e-08 5.6179e-08 5.6187e-08 5.6182e-08 5.617e-08 5.6162e-08 5.6122e-08
