1.2618e-05 1.2605e-05 1.259e-05 1.2586e-05 1.2586e-05 1.2588e-05 1.259e-05 1.2585e-05 1.2575e-05 1.2564e-05 1.2521e-05 1.2505e-05 1.2513e-05 1.2496e-05 1.2438e-05 1.2407e-05 1.2394e-05 1.2373e-05 1.2368e-05 1.2402e-05 1.242e-05 1.2376e-05 1.2371e-05 1.2383e-05 1.24e-05 1.2407e-05 1.2425e-05 1.2421e-05 1.2395e-05 1.2405e-05 1.2378e-05 1.2344e-05 1.2361e-05 1.2382e-05 1.2351e-05 1.2374e-05 1.24e-05 1.2419e-05 1.2444e-05 1.2463e-05 1.2477e-05 1.2499e-05 1.2516e-05 1.2523e-05 1.2528e-05 1.2528e-05 1.253e-05 1.2528e-05 1.253e-05 1.2534e-05 1.2541e-05 1.2543e-05 1.2551e-05 1.2554e-05 1.2554e-05 1.2555e-05 1.2575e-05 1.2583e-05 1.2589e-05 1.2588e-05 1.2593e-05 1.2598e-05 1.2598e-05 1.2608e-05 1.2603e-05 1.2595e-05 1.2592e-05 1.2626e-05 1.264e-05 1.2637e-05 1.2652e-05 1.2654e-05 1.2655e-05 1.2654e-05 1.2665e-05 1.2672e-05 1.2675e-05 1.2678e-05 1.2682e-05 1.268e-05 1.2684e-05 1.2678e-05 1.2677e-05 1.2681e-05 1.2676e-05 1.2674e-05 1.2675e-05 1.2677e-05 1.2678e-05 1.2676e-05 1.2673e-05 1.2665e-05 1.2662e-05 1.2661e-05 1.2659e-05 1.2657e-05 1.2659e-05 1.2656e-05 1.2653e-05 1.2654e-05 1.266e-05 1.266e-05 1.2663e-05 1.2664e-05 1.266e-05 1.2659e-05 1.2657e-05 1.2654e-05 1.2652e-05 1.2651e-05 1.2648e-05 1.2653e-05 1.2661e-05 1.2655e-05 1.2642e-05 1.2634e-05 1.2637e-05 1.2638e-05 1.2635e-05 1.263e-05 1.2625e-05 1.2622e-05 1.2619e-05 1.2612e-05 1.2603e-05 1.2594e-05 1.2594e-05 1.2587e-05 1.2579e-05 1.2575e-05 1.2571e-05 1.2568e-05 1.2565e-05 1.2561e-05 1.2559e-05 1.2552e-05 1.2551e-05 1.2551e-05 1.2552e-05 1.2549e-05 1.2563e-05 1.256e-05 1.2566e-05 1.2576e-05 1.2571e-05 1.2572e-05 1.2575e-05 1.2582e-05 1.2592e-05 1.26e-05 1.2601e-05 1.2605e-05 1.2606e-05 1.2617e-05 1.2624e-05 1.2628e-05 1.2631e-05 1.2636e-05 1.2637e-05 1.2635e-05 1.2637e-05 1.2639e-05 1.2641e-05 1.2647e-05 1.2648e-05 1.265e-05 1.2648e-05 1.2645e-05 1.2643e-05 1.2641e-05 1.2637e-05 1.2632e-05 1.2631e-05 1.2629e-05 1.2628e-05 1.2624e-05 1.2622e-05 1.2621e-05 1.2621e-05 1.2618e-05
1.2079e-05 1.2054e-05 1.2043e-05 1.2005e-05 1.2014e-05 1.1996e-05 1.2025e-05 1.2029e-05 1.2036e-05 1.2062e-05 1.2063e-05 1.2066e-05 1.2095e-05 1.2129e-05 1.2145e-05 1.2149e-05 1.2143e-05 1.214e-05 1.2142e-05 1.2154e-05 1.2156e-05 1.2142e-05 1.2104e-05 1.2093e-05 1.21e-05 1.2116e-05 1.2115e-05 1.2145e-05 1.2122e-05 1.2169e-05 1.2099e-05 1.2093e-05 1.2138e-05 1.2143e-05 1.2145e-05 1.2144e-05 1.2152e-05 1.2164e-05 1.2157e-05 1.2162e-05 1.2177e-05 1.2163e-05 1.2174e-05 1.2181e-05 1.219e-05 1.2196e-05 1.2198e-05 1.2216e-05 1.2229e-05 1.2245e-05 1.2286e-05 1.2241e-05 1.2296e-05 1.2373e-05 1.2364e-05 1.2382e-05 1.2415e-05 1.2451e-05 1.2469e-05 1.2476e-05 1.2428e-05 1.2566e-05 1.2545e-05 1.2615e-05 1.2634e-05 1.2639e-05 1.2655e-05 1.2665e-05 1.2672e-05 1.2678e-05 1.2693e-05 1.2702e-05 1.2685e-05 1.269e-05 1.276e-05 1.2774e-05 1.2792e-05 1.2816e-05 1.2824e-05 1.2782e-05 1.2857e-05 1.2902e-05 1.2905e-05 1.2927e-05 1.2934e-05 1.2932e-05 1.2926e-05 1.2919e-05 1.2911e-05 1.2905e-05 1.2896e-05 1.2894e-05 1.289e-05 1.2891e-05 1.2889e-05 1.2787e-05 1.2812e-05 1.2766e-05 1.2801e-05 1.2748e-05 1.2749e-05 1.2748e-05 1.2725e-05 1.2722e-05 1.2712e-05 1.2689e-05 1.2672e-05 1.263e-05 1.2605e-05 1.259e-05 1.263e-05 1.2633e-05 1.2623e-05 1.2616e-05 1.261e-05 1.2612e-05 1.2597e-05 1.2587e-05 1.2568e-05 1.2567e-05 1.2548e-05 1.2532e-05 1.2529e-05 1.2515e-05 1.2494e-05 1.2498e-05 1.2494e-05 1.2474e-05 1.2453e-05 1.2459e-05 1.2439e-05 1.2436e-05 1.2431e-05 1.2414e-05 1.2376e-05 1.2338e-05 1.2312e-05 1.227e-05 1.2291e-05 1.2342e-05 1.2383e-05 1.2395e-05 1.2403e-05 1.2411e-05 1.2424e-05 1.2421e-05 1.2437e-05 1.2509e-05 1.2519e-05 1.2523e-05 1.2523e-05 1.2519e-05 1.2507e-05 1.2509e-05 1.2511e-05 1.2509e-05 1.2491e-05 1.2461e-05 1.2436e-05 1.2438e-05 1.2416e-05 1.2396e-05 1.2371e-05 1.2361e-05 1.2327e-05 1.2301e-05 1.2271e-05 1.2255e-05 1.2212e-05 1.2199e-05 1.2146e-05 1.2145e-05 1.2139e-05 1.2143e-05 1.2117e-05 1.2152e-05 1.2231e-05 1.2195e-05 1.2083e-05 1.2022e-05
1.2255e-05 1.225e-05 1.2242e-05 1.2239e-05 1.2236e-05 1.2238e-05 1.2232e-05 1.2219e-05 1.2219e-05 1.2221e-05 1.2221e-05 1.222e-05 1.2214e-05 1.2192e-05 1.2211e-05 1.2231e-05 1.2228e-05 1.2195e-05 1.2198e-05 1.2197e-05 1.2196e-05 1.2192e-05 1.2184e-05 1.2181e-05 1.2185e-05 1.2185e-05 1.2173e-05 1.2143e-05 1.2125e-05 1.2084e-05 1.1986e-05 1.1978e-05 1.1984e-05 1.1985e-05 1.1973e-05 1.2017e-05 1.1957e-05 1.1989e-05 1.2006e-05 1.2024e-05 1.196e-05 1.1883e-05 1.1896e-05 1.1891e-05 1.1952e-05 1.1963e-05 1.1993e-05 1.2023e-05 1.2048e-05 1.2076e-05 1.2067e-05 1.2102e-05 1.2107e-05 1.2117e-05 1.2045e-05 1.2021e-05 1.2101e-05 1.2153e-05 1.2139e-05 1.2033e-05 1.2083e-05 1.2343e-05 1.2378e-05 1.2365e-05 1.2328e-05 1.2302e-05 1.2348e-05 1.2323e-05 1.233e-05 1.2446e-05 1.2406e-05 1.2438e-05 1.2521e-05 1.2544e-05 1.253e-05 1.26e-05 1.2512e-05 1.2439e-05 1.2359e-05 1.2456e-05 1.25e-05 1.252e-05 1.2501e-05 1.2496e-05 1.2465e-05 1.2505e-05 1.2524e-05 1.2563e-05 1.2566e-05 1.2535e-05 1.2572e-05 1.2568e-05 1.2539e-05 1.2548e-05 1.2549e-05 1.2546e-05 1.2541e-05 1.2527e-05 1.2517e-05 1.2489e-05 1.2498e-05 1.2464e-05 1.2381e-05 1.2297e-05 1.232e-05 1.2333e-05 1.2341e-05 1.2336e-05 1.2347e-05 1.2329e-05 1.2302e-05 1.2285e-05 1.2272e-05 1.2252e-05 1.2317e-05 1.2299e-05 1.2266e-05 1.2258e-05 1.228e-05 1.2305e-05 1.2308e-05 1.2298e-05 1.2287e-05 1.2259e-05 1.2228e-05 1.2203e-05 1.2203e-05 1.2222e-05 1.2222e-05 1.2238e-05 1.2251e-05 1.2261e-05 1.2273e-05 1.227e-05 1.2261e-05 1.2232e-05 1.2071e-05 1.1762e-05 1.1667e-05 1.1727e-05 1.1894e-05 1.1973e-05 1.2005e-05 1.1995e-05 1.2125e-05 1.2192e-05 1.2222e-05 1.2255e-05 1.224e-05 1.2221e-05 1.2254e-05 1.2246e-05 1.2231e-05 1.2188e-05 1.214e-05 1.2125e-05 1.2116e-05 1.2111e-05 1.2121e-05 1.2121e-05 1.2126e-05 1.2172e-05 1.2213e-05 1.2234e-05 1.2243e-05 1.2215e-05 1.2194e-05 1.2171e-05 1.2132e-05 1.2078e-05 1.215e-05 1.2133e-05 1.2144e-05 1.2158e-05 1.2179e-05 1.2193e-05 1.2206e-05 1.221e-05 1.2242e-05 1.2255e-05
1.2223e-05 1.2216e-05 1.221e-05 1.2205e-05 1.2203e-05 1.2201e-05 1.2197e-05 1.2192e-05 1.2186e-05 1.218e-05 1.2174e-05 1.2166e-05 1.2157e-05 1.215e-05 1.2154e-05 1.2152e-05 1.2146e-05 1.2135e-05 1.2125e-05 1.2118e-05 1.211e-05 1.21e-05 1.209e-05 1.2079e-05 1.2065e-05 1.2048e-05 1.2035e-05 1.2018e-05 1.1988e-05 1.1952e-05 1.1972e-05 1.2017e-05 1.2024e-05 1.2042e-05 1.201e-05 1.1978e-05 1.1982e-05 1.1994e-05 1.1976e-05 1.196e-05 1.2031e-05 1.203e-05 1.2024e-05 1.2021e-05 1.2014e-05 1.2006e-05 1.2014e-05 1.187e-05 1.1842e-05 1.1822e-05 1.1848e-05 1.1845e-05 1.1867e-05 1.1867e-05 1.186e-05 1.1872e-05 1.1888e-05 1.1809e-05 1.1787e-05 1.1787e-05 1.1917e-05 1.1823e-05 1.1849e-05 1.1882e-05 1.1789e-05 1.1872e-05 1.1867e-05 1.1875e-05 1.1765e-05 1.186e-05 1.1778e-05 1.1715e-05 1.1671e-05 1.1669e-05 1.1709e-05 1.175e-05 1.1741e-05 1.1745e-05 1.1747e-05 1.172e-05 1.1726e-05 1.1736e-05 1.1778e-05 1.1769e-05 1.1763e-05 1.1785e-05 1.1803e-05 1.1809e-05 1.1794e-05 1.1799e-05 1.1875e-05 1.188e-05 1.1853e-05 1.1748e-05 1.1874e-05 1.1897e-05 1.1926e-05 1.194e-05 1.1932e-05 1.1972e-05 1.1912e-05 1.2063e-05 1.2016e-05 1.2092e-05 1.1975e-05 1.1906e-05 1.189e-05 1.1958e-05 1.1991e-05 1.1983e-05 1.1969e-05 1.193e-05 1.186e-05 1.1837e-05 1.1813e-05 1.1816e-05 1.1935e-05 1.193e-05 1.1949e-05 1.1953e-05 1.1973e-05 1.1973e-05 1.2067e-05 1.209e-05 1.2071e-05 1.2054e-05 1.2054e-05 1.2095e-05 1.2098e-05 1.2055e-05 1.2076e-05 1.2072e-05 1.2024e-05 1.2019e-05 1.1962e-05 1.1801e-05 1.1612e-05 1.163e-05 1.1624e-05 1.1629e-05 1.1625e-05 1.1925e-05 1.1957e-05 1.1941e-05 1.1951e-05 1.1913e-05 1.1925e-05 1.1947e-05 1.1954e-05 1.1955e-05 1.1971e-05 1.2005e-05 1.2036e-05 1.2051e-05 1.2065e-05 1.2107e-05 1.2126e-05 1.2112e-05 1.2024e-05 1.1922e-05 1.1791e-05 1.1718e-05 1.1816e-05 1.197e-05 1.2193e-05 1.2193e-05 1.2279e-05 1.23e-05 1.2307e-05 1.2311e-05 1.228e-05 1.2218e-05 1.2067e-05 1.2069e-05 1.2153e-05 1.2213e-05 1.2238e-05 1.2246e-05 1.224e-05 1.2231e-05
1.213e-05 1.2109e-05 1.2108e-05 1.2066e-05 1.2139e-05 1.2119e-05 1.2106e-05 1.2092e-05 1.2076e-05 1.2059e-05 1.2042e-05 1.2021e-05 1.1974e-05 1.1963e-05 1.2024e-05 1.2028e-05 1.2018e-05 1.2005e-05 1.1987e-05 1.1972e-05 1.1958e-05 1.1945e-05 1.194e-05 1.1929e-05 1.1918e-05 1.1903e-05 1.1885e-05 1.1876e-05 1.1869e-05 1.186e-05 1.1847e-05 1.1805e-05 1.1814e-05 1.1807e-05 1.1777e-05 1.1789e-05 1.1848e-05 1.1837e-05 1.1844e-05 1.1837e-05 1.1788e-05 1.1829e-05 1.1916e-05 1.19e-05 1.1946e-05 1.1985e-05 1.1967e-05 1.1919e-05 1.1904e-05 1.1936e-05 1.1894e-05 1.1921e-05 1.1858e-05 1.1641e-05 1.1703e-05 1.1658e-05 1.1605e-05 1.1718e-05 1.1613e-05 1.1636e-05 1.1714e-05 1.1685e-05 1.1668e-05 1.1677e-05 1.1677e-05 1.1689e-05 1.1676e-05 1.1674e-05 1.1693e-05 1.1716e-05 1.1689e-05 1.1731e-05 1.1779e-05 1.1772e-05 1.1765e-05 1.176e-05 1.1776e-05 1.1775e-05 1.1782e-05 1.1774e-05 1.1659e-05 1.1798e-05 1.1844e-05 1.1858e-05 1.1865e-05 1.1858e-05 1.1862e-05 1.1859e-05 1.1867e-05 1.1869e-05 1.1874e-05 1.1867e-05 1.1897e-05 1.1948e-05 1.2004e-05 1.2089e-05 1.2273e-05 1.2469e-05 1.2237e-05 1.2196e-05 1.2063e-05 1.1966e-05 1.1982e-05 1.1948e-05 1.1863e-05 1.1807e-05 1.177e-05 1.1709e-05 1.1718e-05 1.1748e-05 1.1807e-05 1.1725e-05 1.1697e-05 1.1666e-05 1.1669e-05 1.165e-05 1.1643e-05 1.1624e-05 1.1629e-05 1.163e-05 1.1635e-05 1.1626e-05 1.1639e-05 1.1656e-05 1.166e-05 1.1643e-05 1.1751e-05 1.1741e-05 1.1722e-05 1.1703e-05 1.1688e-05 1.1633e-05 1.1621e-05 1.1601e-05 1.1593e-05 1.1597e-05 1.1604e-05 1.1752e-05 1.199e-05 1.2049e-05 1.2062e-05 1.2074e-05 1.2078e-05 1.2026e-05 1.2e-05 1.1994e-05 1.2012e-05 1.1968e-05 1.194e-05 1.1915e-05 1.1878e-05 1.1853e-05 1.182e-05 1.1884e-05 1.1852e-05 1.179e-05 1.1751e-05 1.1837e-05 1.1879e-05 1.1866e-05 1.1731e-05 1.1776e-05 1.1865e-05 1.1868e-05 1.1827e-05 1.1838e-05 1.1732e-05 1.1902e-05 1.212e-05 1.2216e-05 1.2215e-05 1.217e-05 1.2122e-05 1.2047e-05 1.1956e-05 1.2152e-05 1.2117e-05 1.2117e-05 1.2174e-05 1.2156e-05
1.2032e-05 1.2018e-05 1.2014e-05 1.1982e-05 1.1987e-05 1.1999e-05 1.1998e-05 1.1987e-05 1.1981e-05 1.1926e-05 1.1964e-05 1.1939e-05 1.1923e-05 1.1915e-05 1.1892e-05 1.1858e-05 1.189e-05 1.1828e-05 1.1911e-05 1.1837e-05 1.187e-05 1.186e-05 1.1867e-05 1.174e-05 1.1638e-05 1.19e-05 1.1777e-05 1.1654e-05 1.1708e-05 1.1684e-05 1.17e-05 1.1699e-05 1.1706e-05 1.1701e-05 1.169e-05 1.1684e-05 1.1684e-05 1.1687e-05 1.1711e-05 1.1721e-05 1.1719e-05 1.1777e-05 1.163e-05 1.1607e-05 1.1842e-05 1.1792e-05 1.1796e-05 1.1832e-05 1.1845e-05 1.1757e-05 1.1688e-05 1.1784e-05 1.1609e-05 1.1657e-05 1.1641e-05 1.1598e-05 1.1553e-05 1.1839e-05 1.1671e-05 1.18e-05 1.1624e-05 1.1678e-05 1.184e-05 1.1722e-05 1.1719e-05 1.1645e-05 1.1637e-05 1.1653e-05 1.1659e-05 1.1668e-05 1.1679e-05 1.1673e-05 1.1678e-05 1.1675e-05 1.1682e-05 1.169e-05 1.1684e-05 1.1673e-05 1.1683e-05 1.1736e-05 1.1711e-05 1.1671e-05 1.174e-05 1.1749e-05 1.1743e-05 1.1688e-05 1.1776e-05 1.1729e-05 1.1772e-05 1.1764e-05 1.1749e-05 1.178e-05 1.1797e-05 1.1875e-05 1.2101e-05 1.21e-05 1.2219e-05 1.2083e-05 1.193e-05 1.1849e-05 1.1871e-05 1.1799e-05 1.1786e-05 1.1767e-05 1.1747e-05 1.1692e-05 1.1737e-05 1.1706e-05 1.177e-05 1.17e-05 1.1812e-05 1.1734e-05 1.1778e-05 1.1778e-05 1.1873e-05 1.1901e-05 1.1706e-05 1.1665e-05 1.1606e-05 1.1596e-05 1.1585e-05 1.1588e-05 1.1583e-05 1.1587e-05 1.1578e-05 1.1585e-05 1.1593e-05 1.1583e-05 1.1587e-05 1.1579e-05 1.1591e-05 1.1595e-05 1.1578e-05 1.1582e-05 1.1582e-05 1.1581e-05 1.1569e-05 1.1566e-05 1.1578e-05 1.1578e-05 1.1579e-05 1.1571e-05 1.1635e-05 1.1729e-05 1.1679e-05 1.182e-05 1.1961e-05 1.1959e-05 1.1958e-05 1.1987e-05 1.1969e-05 1.1938e-05 1.1822e-05 1.1556e-05 1.1586e-05 1.1802e-05 1.1856e-05 1.1713e-05 1.2029e-05 1.2018e-05 1.1845e-05 1.1997e-05 1.208e-05 1.2118e-05 1.2138e-05 1.2105e-05 1.2144e-05 1.2025e-05 1.2096e-05 1.2107e-05 1.2104e-05 1.2086e-05 1.2046e-05 1.213e-05 1.2155e-05 1.2119e-05 1.2089e-05 1.2059e-05 1.2057e-05 1.2053e-05
1.1813e-05 1.1884e-05 1.1907e-05 1.1915e-05 1.1939e-05 1.1864e-05 1.1875e-05 1.1784e-05 1.1796e-05 1.1787e-05 1.1795e-05 1.179e-05 1.1705e-05 1.175e-05 1.1763e-05 1.1751e-05 1.1727e-05 1.173e-05 1.1699e-05 1.173e-05 1.1745e-05 1.1732e-05 1.1745e-05 1.1717e-05 1.1735e-05 1.1703e-05 1.1657e-05 1.164e-05 1.1675e-05 1.1651e-05 1.1658e-05 1.1652e-05 1.1651e-05 1.1652e-05 1.1652e-05 1.1649e-05 1.1657e-05 1.1652e-05 1.1657e-05 1.1656e-05 1.166e-05 1.1654e-05 1.1672e-05 1.1704e-05 1.172e-05 1.1774e-05 1.191e-05 1.1723e-05 1.1937e-05 1.1864e-05 1.1662e-05 1.1713e-05 1.1753e-05 1.1892e-05 1.1854e-05 1.1797e-05 1.175e-05 1.1755e-05 1.1724e-05 1.1736e-05 1.1668e-05 1.1628e-05 1.1665e-05 1.1652e-05 1.1613e-05 1.1608e-05 1.1613e-05 1.1606e-05 1.1606e-05 1.1614e-05 1.1621e-05 1.1625e-05 1.1637e-05 1.1634e-05 1.1642e-05 1.1643e-05 1.1649e-05 1.1672e-05 1.1721e-05 1.1716e-05 1.1733e-05 1.1769e-05 1.1784e-05 1.1824e-05 1.1762e-05 1.1715e-05 1.175e-05 1.1741e-05 1.1792e-05 1.1761e-05 1.1757e-05 1.1772e-05 1.1863e-05 1.1906e-05 1.1941e-05 1.199e-05 1.2125e-05 1.2237e-05 1.1917e-05 1.1628e-05 1.1561e-05 1.1536e-05 1.1534e-05 1.1786e-05 1.172e-05 1.1753e-05 1.1745e-05 1.17e-05 1.1766e-05 1.1687e-05 1.1751e-05 1.1761e-05 1.1778e-05 1.1668e-05 1.1594e-05 1.1632e-05 1.1763e-05 1.1798e-05 1.1911e-05 1.1976e-05 1.2004e-05 1.2113e-05 1.2152e-05 1.1995e-05 1.1808e-05 1.1696e-05 1.1634e-05 1.1639e-05 1.166e-05 1.1707e-05 1.1853e-05 1.1672e-05 1.1627e-05 1.1818e-05 1.1678e-05 1.1631e-05 1.1574e-05 1.1592e-05 1.1639e-05 1.1659e-05 1.1745e-05 1.174e-05 1.1791e-05 1.1672e-05 1.1562e-05 1.157e-05 1.16e-05 1.1624e-05 1.1776e-05 1.177e-05 1.1757e-05 1.1966e-05 1.178e-05 1.1705e-05 1.1703e-05 1.1918e-05 1.2019e-05 1.1993e-05 1.2055e-05 1.2042e-05 1.2013e-05 1.2059e-05 1.2061e-05 1.1988e-05 1.2024e-05 1.2037e-05 1.2e-05 1.197e-05 1.1956e-05 1.1962e-05 1.199e-05 1.1962e-05 1.1901e-05 1.1991e-05 1.1985e-05 1.1967e-05 1.1911e-05 1.1867e-05 1.1841e-05 1.1891e-05
1.1759e-05 1.1735e-05 1.1792e-05 1.1757e-05 1.18e-05 1.1804e-05 1.1774e-05 1.1608e-05 1.1721e-05 1.1741e-05 1.1553e-05 1.1516e-05 1.1692e-05 1.1664e-05 1.166e-05 1.1636e-05 1.1683e-05 1.1657e-05 1.1656e-05 1.1696e-05 1.1695e-05 1.1642e-05 1.1642e-05 1.1611e-05 1.164e-05 1.1625e-05 1.1616e-05 1.1611e-05 1.1616e-05 1.1623e-05 1.1622e-05 1.1626e-05 1.1618e-05 1.1625e-05 1.1717e-05 1.1639e-05 1.1638e-05 1.1642e-05 1.1648e-05 1.1649e-05 1.1661e-05 1.1672e-05 1.167e-05 1.1669e-05 1.1659e-05 1.1647e-05 1.1665e-05 1.1685e-05 1.1729e-05 1.1757e-05 1.1726e-05 1.186e-05 1.1899e-05 1.1803e-05 1.1676e-05 1.1658e-05 1.1675e-05 1.1606e-05 1.1579e-05 1.1574e-05 1.1568e-05 1.1571e-05 1.158e-05 1.1589e-05 1.1595e-05 1.1596e-05 1.1603e-05 1.1645e-05 1.1605e-05 1.1627e-05 1.1659e-05 1.1692e-05 1.17e-05 1.174e-05 1.1754e-05 1.1736e-05 1.1759e-05 1.1715e-05 1.1757e-05 1.1751e-05 1.1735e-05 1.1723e-05 1.17e-05 1.1748e-05 1.1669e-05 1.1725e-05 1.1726e-05 1.1689e-05 1.173e-05 1.173e-05 1.1752e-05 1.1828e-05 1.1861e-05 1.1782e-05 1.1747e-05 1.1741e-05 1.174e-05 1.1738e-05 1.1722e-05 1.1753e-05 1.1794e-05 1.1767e-05 1.1766e-05 1.1779e-05 1.1707e-05 1.1694e-05 1.1693e-05 1.1728e-05 1.1737e-05 1.1765e-05 1.1786e-05 1.1828e-05 1.1946e-05 1.1875e-05 1.185e-05 1.1991e-05 1.1886e-05 1.1925e-05 1.1985e-05 1.1941e-05 1.2008e-05 1.2027e-05 1.1835e-05 1.1752e-05 1.1793e-05 1.1769e-05 1.1558e-05 1.19e-05 1.1851e-05 1.1848e-05 1.1816e-05 1.169e-05 1.1717e-05 1.1753e-05 1.1768e-05 1.1815e-05 1.1737e-05 1.1993e-05 1.2092e-05 1.2205e-05 1.2226e-05 1.2055e-05 1.154e-05 1.1562e-05 1.1546e-05 1.1798e-05 1.1642e-05 1.1777e-05 1.1611e-05 1.1558e-05 1.1582e-05 1.1596e-05 1.1611e-05 1.1606e-05 1.1584e-05 1.1835e-05 1.2116e-05 1.2127e-05 1.2131e-05 1.2127e-05 1.2134e-05 1.209e-05 1.1909e-05 1.1939e-05 1.1886e-05 1.2054e-05 1.2034e-05 1.1982e-05 1.196e-05 1.1963e-05 1.1942e-05 1.194e-05 1.1931e-05 1.1866e-05 1.1863e-05 1.1842e-05 1.1808e-05 1.182e-05 1.1806e-05 1.1792e-05
1.1539e-05 1.1764e-05 1.1619e-05 1.1621e-05 1.1646e-05 1.1714e-05 1.1563e-05 1.1621e-05 1.1616e-05 1.162e-05 1.1714e-05 1.1798e-05 1.1552e-05 1.1726e-05 1.1659e-05 1.1621e-05 1.163e-05 1.1631e-05 1.1645e-05 1.1671e-05 1.1705e-05 1.1787e-05 1.1568e-05 1.1836e-05 1.1775e-05 1.1588e-05 1.1639e-05 1.1644e-05 1.1638e-05 1.1627e-05 1.1622e-05 1.1623e-05 1.1603e-05 1.1678e-05 1.1688e-05 1.1768e-05 1.1715e-05 1.1635e-05 1.1659e-05 1.1647e-05 1.1648e-05 1.1641e-05 1.166e-05 1.165e-05 1.1642e-05 1.1643e-05 1.1641e-05 1.1694e-05 1.1573e-05 1.1507e-05 1.1507e-05 1.1517e-05 1.1513e-05 1.1684e-05 1.1583e-05 1.1583e-05 1.1556e-05 1.1549e-05 1.1546e-05 1.1543e-05 1.1542e-05 1.1546e-05 1.1555e-05 1.157e-05 1.1564e-05 1.1635e-05 1.1606e-05 1.1573e-05 1.1569e-05 1.157e-05 1.1579e-05 1.1631e-05 1.1676e-05 1.1647e-05 1.1679e-05 1.1707e-05 1.1727e-05 1.1699e-05 1.1653e-05 1.1738e-05 1.1736e-05 1.1734e-05 1.1724e-05 1.1652e-05 1.1689e-05 1.1635e-05 1.1606e-05 1.1614e-05 1.1638e-05 1.1628e-05 1.1707e-05 1.1716e-05 1.1803e-05 1.1711e-05 1.1717e-05 1.1693e-05 1.1654e-05 1.1649e-05 1.165e-05 1.1656e-05 1.1647e-05 1.1646e-05 1.1628e-05 1.1639e-05 1.1657e-05 1.1672e-05 1.1642e-05 1.1746e-05 1.1764e-05 1.1802e-05 1.1915e-05 1.2014e-05 1.194e-05 1.1824e-05 1.1717e-05 1.1787e-05 1.1738e-05 1.1767e-05 1.1742e-05 1.183e-05 1.1795e-05 1.1896e-05 1.1951e-05 1.1972e-05 1.1882e-05 1.1892e-05 1.1805e-05 1.1798e-05 1.1732e-05 1.174e-05 1.175e-05 1.1723e-05 1.1713e-05 1.1691e-05 1.1669e-05 1.1665e-05 1.1669e-05 1.1639e-05 1.1716e-05 1.1804e-05 1.1696e-05 1.2056e-05 1.2011e-05 1.1844e-05 1.1817e-05 1.1801e-05 1.1781e-05 1.1709e-05 1.1544e-05 1.1629e-05 1.1684e-05 1.188e-05 1.1682e-05 1.1603e-05 1.1552e-05 1.1534e-05 1.1629e-05 1.187e-05 1.2112e-05 1.1995e-05 1.2062e-05 1.1979e-05 1.1845e-05 1.1813e-05 1.2006e-05 1.1927e-05 1.181e-05 1.1775e-05 1.1811e-05 1.1718e-05 1.1558e-05 1.1603e-05 1.1684e-05 1.1715e-05 1.1711e-05 1.1724e-05 1.1685e-05 1.1729e-05 1.1715e-05 1.155e-05
1.1567e-05 1.1562e-05 1.1547e-05 1.1538e-05 1.153e-05 1.1514e-05 1.1506e-05 1.151e-05 1.1509e-05 1.1508e-05 1.1509e-05 1.1592e-05 1.1726e-05 1.18e-05 1.1966e-05 1.1961e-05 1.1791e-05 1.1752e-05 1.1538e-05 1.1699e-05 1.1681e-05 1.1721e-05 1.177e-05 1.175e-05 1.1514e-05 1.1608e-05 1.1621e-05 1.1616e-05 1.1639e-05 1.1685e-05 1.1666e-05 1.1687e-05 1.169e-05 1.1648e-05 1.1666e-05 1.1674e-05 1.1691e-05 1.1625e-05 1.1658e-05 1.1653e-05 1.1626e-05 1.166e-05 1.163e-05 1.165e-05 1.164e-05 1.1633e-05 1.1692e-05 1.1736e-05 1.1721e-05 1.1534e-05 1.1509e-05 1.1505e-05 1.1529e-05 1.1738e-05 1.1563e-05 1.1542e-05 1.1536e-05 1.1529e-05 1.1538e-05 1.1535e-05 1.1527e-05 1.1571e-05 1.1593e-05 1.1573e-05 1.1555e-05 1.1545e-05 1.1532e-05 1.1565e-05 1.1563e-05 1.1746e-05 1.168e-05 1.1638e-05 1.167e-05 1.1634e-05 1.1699e-05 1.1649e-05 1.169e-05 1.1806e-05 1.1859e-05 1.1896e-05 1.192e-05 1.1673e-05 1.1691e-05 1.1695e-05 1.1653e-05 1.165e-05 1.162e-05 1.1662e-05 1.1606e-05 1.164e-05 1.1547e-05 1.1566e-05 1.1645e-05 1.1626e-05 1.1629e-05 1.1664e-05 1.1681e-05 1.1826e-05 1.1684e-05 1.1626e-05 1.1596e-05 1.1654e-05 1.1644e-05 1.1642e-05 1.1647e-05 1.1637e-05 1.1714e-05 1.193e-05 1.1854e-05 1.1771e-05 1.1762e-05 1.1735e-05 1.1733e-05 1.1692e-05 1.1686e-05 1.1707e-05 1.165e-05 1.1689e-05 1.1661e-05 1.1643e-05 1.166e-05 1.1617e-05 1.1611e-05 1.1653e-05 1.1596e-05 1.1695e-05 1.1844e-05 1.179e-05 1.1542e-05 1.1543e-05 1.1738e-05 1.1694e-05 1.1739e-05 1.2013e-05 1.1813e-05 1.1767e-05 1.1744e-05 1.1839e-05 1.1935e-05 1.1846e-05 1.1714e-05 1.1877e-05 1.1666e-05 1.1652e-05 1.1597e-05 1.1591e-05 1.1598e-05 1.1657e-05 1.1655e-05 1.1613e-05 1.1567e-05 1.1585e-05 1.1546e-05 1.1575e-05 1.1505e-05 1.1514e-05 1.1508e-05 1.1511e-05 1.1545e-05 1.1591e-05 1.1549e-05 1.158e-05 1.1618e-05 1.156e-05 1.1535e-05 1.1544e-05 1.1544e-05 1.157e-05 1.1595e-05 1.1519e-05 1.1584e-05 1.1537e-05 1.1552e-05 1.1547e-05 1.1641e-05 1.1641e-05 1.1629e-05 1.1608e-05 1.1685e-05 1.1564e-05
1.1688e-05 1.1674e-05 1.1604e-05 1.156e-05 1.1638e-05 1.1527e-05 1.1512e-05 1.151e-05 1.1505e-05 1.1505e-05 1.1507e-05 1.152e-05 1.1609e-05 1.1587e-05 1.1662e-05 1.1607e-05 1.1897e-05 1.1851e-05 1.1741e-05 1.1656e-05 1.1587e-05 1.163e-05 1.1674e-05 1.1679e-05 1.1737e-05 1.1585e-05 1.1645e-05 1.1613e-05 1.1694e-05 1.1559e-05 1.1774e-05 1.1755e-05 1.1776e-05 1.1712e-05 1.1702e-05 1.1681e-05 1.1626e-05 1.1621e-05 1.1602e-05 1.1602e-05 1.1585e-05 1.1602e-05 1.1607e-05 1.1596e-05 1.1595e-05 1.1507e-05 1.1632e-05 1.1577e-05 1.1575e-05 1.1579e-05 1.1571e-05 1.155e-05 1.155e-05 1.1535e-05 1.1533e-05 1.1541e-05 1.1536e-05 1.1533e-05 1.1562e-05 1.1562e-05 1.1595e-05 1.1536e-05 1.1541e-05 1.1523e-05 1.154e-05 1.1571e-05 1.1691e-05 1.1684e-05 1.1672e-05 1.1674e-05 1.1685e-05 1.1649e-05 1.1661e-05 1.1621e-05 1.16e-05 1.1563e-05 1.1586e-05 1.1715e-05 1.1842e-05 1.1777e-05 1.1744e-05 1.1636e-05 1.1625e-05 1.173e-05 1.1739e-05 1.1793e-05 1.1776e-05 1.1787e-05 1.1724e-05 1.1662e-05 1.1657e-05 1.163e-05 1.1812e-05 1.1623e-05 1.1608e-05 1.1623e-05 1.1596e-05 1.1597e-05 1.1601e-05 1.1591e-05 1.1602e-05 1.1609e-05 1.1596e-05 1.1611e-05 1.1657e-05 1.1722e-05 1.1899e-05 1.163e-05 1.1593e-05 1.1616e-05 1.1654e-05 1.1694e-05 1.1671e-05 1.1697e-05 1.1665e-05 1.1775e-05 1.1785e-05 1.1657e-05 1.1583e-05 1.155e-05 1.1527e-05 1.1544e-05 1.1539e-05 1.1529e-05 1.1531e-05 1.1542e-05 1.1601e-05 1.1689e-05 1.1754e-05 1.1749e-05 1.1636e-05 1.1671e-05 1.168e-05 1.1665e-05 1.1523e-05 1.1703e-05 1.2042e-05 1.1946e-05 1.19e-05 1.1882e-05 1.1831e-05 1.1832e-05 1.1925e-05 1.1894e-05 1.1765e-05 1.1661e-05 1.1635e-05 1.1689e-05 1.1586e-05 1.1576e-05 1.1576e-05 1.1562e-05 1.1652e-05 1.2067e-05 1.1578e-05 1.1504e-05 1.1508e-05 1.1906e-05 1.1504e-05 1.1505e-05 1.1508e-05 1.1527e-05 1.1536e-05 1.1546e-05 1.1586e-05 1.1638e-05 1.1686e-05 1.1658e-05 1.1841e-05 1.1907e-05 1.1678e-05 1.1556e-05 1.1572e-05 1.1606e-05 1.1634e-05 1.1666e-05 1.1687e-05 1.1707e-05 1.1658e-05 1.1658e-05
1.1506e-05 1.1702e-05 1.176e-05 1.1607e-05 1.1602e-05 1.1583e-05 1.1577e-05 1.1505e-05 1.1508e-05 1.1505e-05 1.1504e-05 1.1504e-05 1.1509e-05 1.1517e-05 1.1563e-05 1.1616e-05 1.1679e-05 1.178e-05 1.1799e-05 1.1868e-05 1.1872e-05 1.1936e-05 1.1856e-05 1.1848e-05 1.176e-05 1.1768e-05 1.1795e-05 1.1814e-05 1.1676e-05 1.1877e-05 1.1874e-05 1.185e-05 1.1702e-05 1.1504e-05 1.1751e-05 1.1698e-05 1.1694e-05 1.153e-05 1.1614e-05 1.1608e-05 1.159e-05 1.1592e-05 1.1599e-05 1.1596e-05 1.1593e-05 1.1584e-05 1.1592e-05 1.1573e-05 1.1571e-05 1.158e-05 1.1574e-05 1.1558e-05 1.1553e-05 1.1552e-05 1.1563e-05 1.1541e-05 1.1523e-05 1.1538e-05 1.1529e-05 1.154e-05 1.1631e-05 1.1562e-05 1.1532e-05 1.1533e-05 1.1565e-05 1.1592e-05 1.166e-05 1.1651e-05 1.1526e-05 1.1668e-05 1.1637e-05 1.1627e-05 1.1617e-05 1.1582e-05 1.1557e-05 1.1623e-05 1.1696e-05 1.1823e-05 1.1807e-05 1.1887e-05 1.1809e-05 1.1804e-05 1.1703e-05 1.1731e-05 1.1659e-05 1.1683e-05 1.1657e-05 1.1653e-05 1.1656e-05 1.1656e-05 1.1647e-05 1.1615e-05 1.1631e-05 1.1603e-05 1.1614e-05 1.1591e-05 1.1613e-05 1.1623e-05 1.1615e-05 1.1657e-05 1.1647e-05 1.1814e-05 1.1864e-05 1.1852e-05 1.1938e-05 1.1803e-05 1.154e-05 1.1504e-05 1.1505e-05 1.1536e-05 1.1554e-05 1.1628e-05 1.1621e-05 1.1694e-05 1.1658e-05 1.1681e-05 1.1603e-05 1.1572e-05 1.1535e-05 1.1531e-05 1.1534e-05 1.1535e-05 1.1528e-05 1.1529e-05 1.1537e-05 1.1514e-05 1.1515e-05 1.1507e-05 1.1507e-05 1.1554e-05 1.1691e-05 1.1842e-05 1.1702e-05 1.166e-05 1.1834e-05 1.1881e-05 1.1912e-05 1.201e-05 1.187e-05 1.2067e-05 1.2e-05 1.1897e-05 1.189e-05 1.1665e-05 1.1741e-05 1.1755e-05 1.1869e-05 1.1788e-05 1.1685e-05 1.1617e-05 1.1562e-05 1.1532e-05 1.1586e-05 1.1557e-05 1.1539e-05 1.1534e-05 1.153e-05 1.1524e-05 1.1575e-05 1.1547e-05 1.1557e-05 1.1549e-05 1.158e-05 1.1619e-05 1.1573e-05 1.1582e-05 1.1581e-05 1.1584e-05 1.1594e-05 1.1678e-05 1.156e-05 1.16e-05 1.1611e-05 1.1651e-05 1.1752e-05 1.1614e-05 1.1765e-05 1.1772e-05 1.1756e-05 1.1651e-05
1.168e-05 1.1767e-05 1.1842e-05 1.1738e-05 1.1727e-05 1.1558e-05 1.1534e-05 1.1505e-05 1.151e-05 1.1507e-05 1.1508e-05 1.1505e-05 1.1505e-05 1.1505e-05 1.1507e-05 1.1519e-05 1.1534e-05 1.1541e-05 1.1556e-05 1.1611e-05 1.1715e-05 1.1744e-05 1.1727e-05 1.1778e-05 1.1695e-05 1.1714e-05 1.1788e-05 1.16e-05 1.1641e-05 1.1781e-05 1.1832e-05 1.176e-05 1.1811e-05 1.1752e-05 1.1708e-05 1.168e-05 1.1674e-05 1.1658e-05 1.1652e-05 1.1609e-05 1.1605e-05 1.1587e-05 1.1581e-05 1.158e-05 1.1566e-05 1.1561e-05 1.1565e-05 1.1567e-05 1.1564e-05 1.1565e-05 1.1583e-05 1.1599e-05 1.1612e-05 1.1588e-05 1.1564e-05 1.1545e-05 1.1545e-05 1.1544e-05 1.1561e-05 1.1731e-05 1.1514e-05 1.1524e-05 1.1511e-05 1.1504e-05 1.1564e-05 1.1518e-05 1.1508e-05 1.1506e-05 1.1606e-05 1.1621e-05 1.158e-05 1.1604e-05 1.1591e-05 1.1569e-05 1.1538e-05 1.1555e-05 1.1641e-05 1.1681e-05 1.177e-05 1.1852e-05 1.1849e-05 1.1775e-05 1.1588e-05 1.1701e-05 1.1662e-05 1.1654e-05 1.1656e-05 1.1672e-05 1.1728e-05 1.1646e-05 1.1645e-05 1.1638e-05 1.1648e-05 1.1614e-05 1.1649e-05 1.1606e-05 1.1563e-05 1.1592e-05 1.1643e-05 1.1628e-05 1.1679e-05 1.1672e-05 1.17e-05 1.1724e-05 1.1815e-05 1.174e-05 1.1776e-05 1.1713e-05 1.1687e-05 1.1713e-05 1.1721e-05 1.1749e-05 1.1722e-05 1.1593e-05 1.1553e-05 1.1505e-05 1.1507e-05 1.152e-05 1.1538e-05 1.1552e-05 1.1551e-05 1.1528e-05 1.1513e-05 1.1516e-05 1.1507e-05 1.151e-05 1.1513e-05 1.1509e-05 1.151e-05 1.1505e-05 1.1637e-05 1.1651e-05 1.1662e-05 1.1688e-05 1.1508e-05 1.1803e-05 1.1817e-05 1.1787e-05 1.1672e-05 1.1956e-05 1.1966e-05 1.1962e-05 1.1842e-05 1.1832e-05 1.1819e-05 1.1923e-05 1.1957e-05 1.1664e-05 1.172e-05 1.1801e-05 1.1596e-05 1.1633e-05 1.1651e-05 1.1562e-05 1.1568e-05 1.1882e-05 1.1737e-05 1.1693e-05 1.1577e-05 1.1634e-05 1.1762e-05 1.1727e-05 1.1572e-05 1.1647e-05 1.1597e-05 1.1557e-05 1.1581e-05 1.1566e-05 1.1572e-05 1.1578e-05 1.164e-05 1.1662e-05 1.1699e-05 1.1842e-05 1.1624e-05 1.1583e-05 1.1665e-05 1.1701e-05 1.1787e-05 1.1812e-05
1.1685e-05 1.1692e-05 1.1599e-05 1.1752e-05 1.1816e-05 1.1707e-05 1.1597e-05 1.157e-05 1.1534e-05 1.1545e-05 1.1515e-05 1.1531e-05 1.1504e-05 1.1511e-05 1.151e-05 1.152e-05 1.1514e-05 1.1512e-05 1.1518e-05 1.1581e-05 1.1691e-05 1.1698e-05 1.176e-05 1.1737e-05 1.1757e-05 1.1723e-05 1.1722e-05 1.1765e-05 1.1779e-05 1.1761e-05 1.1775e-05 1.174e-05 1.1685e-05 1.1682e-05 1.169e-05 1.1742e-05 1.1785e-05 1.1702e-05 1.1619e-05 1.1675e-05 1.1586e-05 1.165e-05 1.169e-05 1.1609e-05 1.1599e-05 1.16e-05 1.1644e-05 1.1584e-05 1.1598e-05 1.1599e-05 1.1644e-05 1.1623e-05 1.1549e-05 1.1511e-05 1.1542e-05 1.1689e-05 1.1595e-05 1.1518e-05 1.1533e-05 1.1528e-05 1.1535e-05 1.1537e-05 1.1522e-05 1.1507e-05 1.1514e-05 1.1504e-05 1.1574e-05 1.1505e-05 1.1602e-05 1.1522e-05 1.1555e-05 1.1591e-05 1.1582e-05 1.1607e-05 1.1587e-05 1.1519e-05 1.1508e-05 1.1516e-05 1.1524e-05 1.158e-05 1.1619e-05 1.1704e-05 1.1681e-05 1.1687e-05 1.1683e-05 1.1671e-05 1.1644e-05 1.1645e-05 1.1643e-05 1.1653e-05 1.1657e-05 1.1653e-05 1.163e-05 1.1645e-05 1.1634e-05 1.1673e-05 1.1643e-05 1.1628e-05 1.166e-05 1.161e-05 1.1603e-05 1.1661e-05 1.1646e-05 1.1608e-05 1.1638e-05 1.169e-05 1.1737e-05 1.1792e-05 1.1782e-05 1.1835e-05 1.1708e-05 1.168e-05 1.1607e-05 1.1519e-05 1.1506e-05 1.1509e-05 1.1512e-05 1.1505e-05 1.1513e-05 1.152e-05 1.1525e-05 1.1529e-05 1.1522e-05 1.1517e-05 1.1505e-05 1.1504e-05 1.1506e-05 1.1508e-05 1.1506e-05 1.1505e-05 1.1517e-05 1.1602e-05 1.1625e-05 1.1577e-05 1.1658e-05 1.1765e-05 1.1835e-05 1.1794e-05 1.1832e-05 1.202e-05 1.161e-05 1.189e-05 1.1744e-05 1.1766e-05 1.1775e-05 1.1849e-05 1.1891e-05 1.194e-05 1.2007e-05 1.1879e-05 1.1767e-05 1.1665e-05 1.1724e-05 1.1711e-05 1.1636e-05 1.157e-05 1.1532e-05 1.1528e-05 1.1568e-05 1.159e-05 1.1696e-05 1.1674e-05 1.1633e-05 1.1639e-05 1.166e-05 1.1877e-05 1.1886e-05 1.1793e-05 1.1675e-05 1.1613e-05 1.1587e-05 1.1574e-05 1.1608e-05 1.1561e-05 1.1567e-05 1.1757e-05 1.1654e-05 1.1632e-05 1.1644e-05 1.1567e-05
1.1543e-05 1.1708e-05 1.1835e-05 1.1692e-05 1.1623e-05 1.1583e-05 1.1587e-05 1.1728e-05 1.1698e-05 1.1648e-05 1.1755e-05 1.1698e-05 1.1575e-05 1.17e-05 1.154e-05 1.168e-05 1.1597e-05 1.1605e-05 1.1515e-05 1.1564e-05 1.1579e-05 1.1588e-05 1.1581e-05 1.1714e-05 1.1752e-05 1.1809e-05 1.1551e-05 1.1645e-05 1.1759e-05 1.1739e-05 1.1636e-05 1.1575e-05 1.1569e-05 1.1588e-05 1.1582e-05 1.1639e-05 1.1737e-05 1.1692e-05 1.1711e-05 1.1718e-05 1.1621e-05 1.1779e-05 1.1675e-05 1.1597e-05 1.1666e-05 1.1898e-05 1.1565e-05 1.154e-05 1.1534e-05 1.1541e-05 1.1545e-05 1.1527e-05 1.1529e-05 1.158e-05 1.1659e-05 1.151e-05 1.151e-05 1.153e-05 1.1509e-05 1.151e-05 1.1514e-05 1.1532e-05 1.1517e-05 1.1512e-05 1.1505e-05 1.1537e-05 1.1507e-05 1.154e-05 1.1511e-05 1.1513e-05 1.1504e-05 1.1518e-05 1.1665e-05 1.1521e-05 1.1506e-05 1.1557e-05 1.1584e-05 1.1567e-05 1.1594e-05 1.1655e-05 1.1864e-05 1.1857e-05 1.1689e-05 1.1628e-05 1.1682e-05 1.1701e-05 1.173e-05 1.1656e-05 1.1633e-05 1.1641e-05 1.1628e-05 1.1646e-05 1.1642e-05 1.1607e-05 1.1627e-05 1.1614e-05 1.1623e-05 1.166e-05 1.1632e-05 1.1609e-05 1.1592e-05 1.1622e-05 1.1638e-05 1.164e-05 1.1767e-05 1.1636e-05 1.1655e-05 1.1649e-05 1.1643e-05 1.1616e-05 1.1592e-05 1.1576e-05 1.1557e-05 1.1529e-05 1.1507e-05 1.1505e-05 1.1545e-05 1.1553e-05 1.1547e-05 1.1585e-05 1.1557e-05 1.1504e-05 1.1568e-05 1.1532e-05 1.1512e-05 1.1507e-05 1.1505e-05 1.1508e-05 1.1509e-05 1.1507e-05 1.1538e-05 1.1508e-05 1.1867e-05 1.1505e-05 1.1514e-05 1.154e-05 1.1778e-05 1.1737e-05 1.1743e-05 1.164e-05 1.184e-05 1.1865e-05 1.1891e-05 1.1864e-05 1.1846e-05 1.187e-05 1.1869e-05 1.1929e-05 1.186e-05 1.1877e-05 1.1804e-05 1.1806e-05 1.179e-05 1.1766e-05 1.1754e-05 1.1547e-05 1.1506e-05 1.1504e-05 1.1505e-05 1.151e-05 1.1527e-05 1.1562e-05 1.16e-05 1.1649e-05 1.1664e-05 1.1748e-05 1.1845e-05 1.1774e-05 1.1758e-05 1.2004e-05 1.1807e-05 1.1637e-05 1.1608e-05 1.1663e-05 1.19e-05 1.1799e-05 1.1756e-05 1.157e-05 1.1562e-05 1.1566e-05
1.1526e-05 1.1608e-05 1.1644e-05 1.1584e-05 1.1588e-05 1.1622e-05 1.1914e-05 1.1744e-05 1.1699e-05 1.1746e-05 1.1632e-05 1.1748e-05 1.1696e-05 1.1894e-05 1.1656e-05 1.1546e-05 1.1622e-05 1.1592e-05 1.1651e-05 1.1587e-05 1.1566e-05 1.1562e-05 1.1615e-05 1.1645e-05 1.1837e-05 1.1736e-05 1.1693e-05 1.1677e-05 1.1588e-05 1.1733e-05 1.1677e-05 1.1552e-05 1.154e-05 1.1588e-05 1.1537e-05 1.1584e-05 1.169e-05 1.1812e-05 1.1852e-05 1.1815e-05 1.1744e-05 1.1612e-05 1.1554e-05 1.1558e-05 1.1569e-05 1.1631e-05 1.1542e-05 1.1524e-05 1.1509e-05 1.151e-05 1.1509e-05 1.1508e-05 1.1507e-05 1.1506e-05 1.1525e-05 1.1551e-05 1.1533e-05 1.1557e-05 1.1517e-05 1.1508e-05 1.1534e-05 1.158e-05 1.1525e-05 1.1505e-05 1.1541e-05 1.1546e-05 1.1522e-05 1.1506e-05 1.1511e-05 1.1673e-05 1.1609e-05 1.1504e-05 1.1565e-05 1.1531e-05 1.1507e-05 1.1548e-05 1.1542e-05 1.16e-05 1.1656e-05 1.1656e-05 1.1791e-05 1.176e-05 1.1687e-05 1.1741e-05 1.1729e-05 1.1633e-05 1.167e-05 1.1677e-05 1.1597e-05 1.1875e-05 1.1663e-05 1.1614e-05 1.1599e-05 1.1621e-05 1.1532e-05 1.166e-05 1.1677e-05 1.1671e-05 1.151e-05 1.1683e-05 1.1703e-05 1.1613e-05 1.1645e-05 1.1638e-05 1.1621e-05 1.1609e-05 1.1613e-05 1.1626e-05 1.1629e-05 1.1565e-05 1.1549e-05 1.1522e-05 1.1516e-05 1.1514e-05 1.1529e-05 1.1581e-05 1.1571e-05 1.1555e-05 1.1618e-05 1.1713e-05 1.1701e-05 1.1691e-05 1.1557e-05 1.151e-05 1.1512e-05 1.1525e-05 1.1538e-05 1.1525e-05 1.1541e-05 1.1586e-05 1.1528e-05 1.1523e-05 1.1504e-05 1.1509e-05 1.1505e-05 1.1527e-05 1.1603e-05 1.1878e-05 1.2013e-05 1.1934e-05 1.1517e-05 1.1534e-05 1.2014e-05 1.201e-05 1.1649e-05 1.1922e-05 1.1883e-05 1.2056e-05 1.1893e-05 1.1789e-05 1.1904e-05 1.1878e-05 1.1752e-05 1.1609e-05 1.1559e-05 1.153e-05 1.1512e-05 1.1517e-05 1.1509e-05 1.1509e-05 1.1511e-05 1.1517e-05 1.1531e-05 1.1554e-05 1.1634e-05 1.1707e-05 1.1786e-05 1.1803e-05 1.1753e-05 1.1807e-05 1.1585e-05 1.1966e-05 1.1767e-05 1.1718e-05 1.1785e-05 1.1635e-05 1.1586e-05 1.1623e-05 1.1569e-05 1.1545e-05
1.1548e-05 1.1544e-05 1.152e-05 1.1505e-05 1.1544e-05 1.1796e-05 1.1704e-05 1.1745e-05 1.1848e-05 1.1832e-05 1.1806e-05 1.1508e-05 1.1817e-05 1.1783e-05 1.1877e-05 1.1857e-05 1.1694e-05 1.1592e-05 1.1689e-05 1.1722e-05 1.1513e-05 1.1708e-05 1.1698e-05 1.1702e-05 1.1882e-05 1.1723e-05 1.1664e-05 1.1668e-05 1.1673e-05 1.1864e-05 1.1996e-05 1.155e-05 1.1589e-05 1.1573e-05 1.1578e-05 1.1613e-05 1.1582e-05 1.1727e-05 1.1774e-05 1.1759e-05 1.181e-05 1.1668e-05 1.1619e-05 1.1592e-05 1.1575e-05 1.1628e-05 1.1726e-05 1.174e-05 1.1563e-05 1.1508e-05 1.1507e-05 1.1505e-05 1.1512e-05 1.1514e-05 1.1539e-05 1.1639e-05 1.1694e-05 1.1687e-05 1.174e-05 1.1768e-05 1.161e-05 1.1568e-05 1.1528e-05 1.161e-05 1.1558e-05 1.1625e-05 1.1585e-05 1.1505e-05 1.2027e-05 1.1883e-05 1.1706e-05 1.1506e-05 1.1615e-05 1.1522e-05 1.1575e-05 1.1507e-05 1.1536e-05 1.1505e-05 1.1513e-05 1.1551e-05 1.1555e-05 1.1534e-05 1.1665e-05 1.1648e-05 1.1597e-05 1.1659e-05 1.1646e-05 1.1703e-05 1.1716e-05 1.1641e-05 1.1628e-05 1.161e-05 1.1672e-05 1.1744e-05 1.1744e-05 1.1759e-05 1.1755e-05 1.1731e-05 1.1637e-05 1.1734e-05 1.1799e-05 1.1763e-05 1.1767e-05 1.1748e-05 1.1751e-05 1.1612e-05 1.1602e-05 1.1569e-05 1.1543e-05 1.1524e-05 1.1512e-05 1.1505e-05 1.1505e-05 1.1511e-05 1.1505e-05 1.151e-05 1.1505e-05 1.1505e-05 1.1506e-05 1.151e-05 1.1515e-05 1.1505e-05 1.153e-05 1.1611e-05 1.1707e-05 1.17e-05 1.1713e-05 1.1707e-05 1.171e-05 1.1839e-05 1.1592e-05 1.1556e-05 1.1521e-05 1.1559e-05 1.153e-05 1.1518e-05 1.1511e-05 1.1524e-05 1.1901e-05 1.1646e-05 1.151e-05 1.151e-05 1.1861e-05 1.1817e-05 1.1688e-05 1.1729e-05 1.1825e-05 1.1882e-05 1.1887e-05 1.1788e-05 1.1677e-05 1.1639e-05 1.1612e-05 1.1668e-05 1.1564e-05 1.1618e-05 1.1534e-05 1.1627e-05 1.1813e-05 1.175e-05 1.1525e-05 1.1515e-05 1.1522e-05 1.1564e-05 1.1647e-05 1.1716e-05 1.1776e-05 1.1777e-05 1.1751e-05 1.1777e-05 1.1858e-05 1.1893e-05 1.177e-05 1.1749e-05 1.1551e-05 1.1757e-05 1.1753e-05 1.1724e-05 1.1656e-05 1.1555e-05
1.1536e-05 1.1532e-05 1.1518e-05 1.1511e-05 1.1595e-05 1.1606e-05 1.1622e-05 1.1714e-05 1.1752e-05 1.1641e-05 1.1653e-05 1.1679e-05 1.1716e-05 1.1686e-05 1.1765e-05 1.1712e-05 1.1592e-05 1.162e-05 1.1621e-05 1.1637e-05 1.1759e-05 1.1934e-05 1.1932e-05 1.1515e-05 1.1935e-05 1.1713e-05 1.1639e-05 1.1637e-05 1.1637e-05 1.1698e-05 1.1757e-05 1.157e-05 1.1576e-05 1.16e-05 1.1559e-05 1.1638e-05 1.1697e-05 1.1752e-05 1.1862e-05 1.1892e-05 1.1863e-05 1.1892e-05 1.1906e-05 1.185e-05 1.1663e-05 1.1732e-05 1.1774e-05 1.1683e-05 1.1569e-05 1.153e-05 1.1508e-05 1.1507e-05 1.1506e-05 1.1556e-05 1.1597e-05 1.185e-05 1.1756e-05 1.1869e-05 1.1768e-05 1.1509e-05 1.1618e-05 1.1612e-05 1.1695e-05 1.1551e-05 1.1554e-05 1.2101e-05 1.2107e-05 1.2128e-05 1.2102e-05 1.2105e-05 1.2106e-05 1.1818e-05 1.155e-05 1.1541e-05 1.1561e-05 1.1504e-05 1.1543e-05 1.1513e-05 1.1504e-05 1.1505e-05 1.1553e-05 1.1614e-05 1.1588e-05 1.1594e-05 1.1613e-05 1.1646e-05 1.1643e-05 1.1705e-05 1.1677e-05 1.175e-05 1.1688e-05 1.1644e-05 1.1595e-05 1.1663e-05 1.1644e-05 1.1547e-05 1.1507e-05 1.1643e-05 1.1653e-05 1.163e-05 1.1638e-05 1.1656e-05 1.18e-05 1.1749e-05 1.1797e-05 1.1728e-05 1.157e-05 1.1552e-05 1.1522e-05 1.1507e-05 1.1505e-05 1.1511e-05 1.1538e-05 1.1581e-05 1.1581e-05 1.1642e-05 1.1695e-05 1.1759e-05 1.1789e-05 1.1938e-05 1.2052e-05 1.2094e-05 1.2111e-05 1.2125e-05 1.2138e-05 1.2108e-05 1.2056e-05 1.2048e-05 1.2137e-05 1.1917e-05 1.1751e-05 1.169e-05 1.1623e-05 1.1543e-05 1.1585e-05 1.156e-05 1.1596e-05 1.1509e-05 1.152e-05 1.1568e-05 1.1604e-05 1.1645e-05 1.1629e-05 1.1623e-05 1.188e-05 1.1788e-05 1.1756e-05 1.1749e-05 1.167e-05 1.16e-05 1.1542e-05 1.1542e-05 1.1533e-05 1.151e-05 1.1614e-05 1.1583e-05 1.1547e-05 1.183e-05 1.1773e-05 1.1514e-05 1.1546e-05 1.1582e-05 1.162e-05 1.1612e-05 1.1701e-05 1.1736e-05 1.1694e-05 1.1648e-05 1.1594e-05 1.1643e-05 1.1649e-05 1.18e-05 1.1615e-05 1.1704e-05 1.1765e-05 1.1741e-05 1.1675e-05 1.1587e-05 1.1588e-05 1.1546e-05
1.1527e-05 1.1588e-05 1.1573e-05 1.1504e-05 1.1508e-05 1.1736e-05 1.157e-05 1.1549e-05 1.1551e-05 1.1587e-05 1.1559e-05 1.1668e-05 1.1713e-05 1.1631e-05 1.1633e-05 1.1635e-05 1.1701e-05 1.1611e-05 1.164e-05 1.1619e-05 1.1648e-05 1.1815e-05 1.1903e-05 1.1623e-05 1.1726e-05 1.1657e-05 1.1504e-05 1.1666e-05 1.1623e-05 1.1663e-05 1.1591e-05 1.1618e-05 1.1618e-05 1.1543e-05 1.1605e-05 1.1608e-05 1.1613e-05 1.1814e-05 1.1898e-05 1.1908e-05 1.1941e-05 1.1899e-05 1.1763e-05 1.171e-05 1.1663e-05 1.1632e-05 1.1598e-05 1.1607e-05 1.1505e-05 1.1594e-05 1.1677e-05 1.1658e-05 1.1594e-05 1.1644e-05 1.1609e-05 1.1527e-05 1.1551e-05 1.1705e-05 1.1732e-05 1.154e-05 1.1587e-05 1.1645e-05 1.1697e-05 1.1775e-05 1.2145e-05 1.214e-05 1.2115e-05 1.2116e-05 1.2121e-05 1.2124e-05 1.2122e-05 1.2091e-05 1.1907e-05 1.1687e-05 1.1504e-05 1.151e-05 1.1505e-05 1.1533e-05 1.1529e-05 1.1509e-05 1.1504e-05 1.1509e-05 1.152e-05 1.1542e-05 1.1584e-05 1.1509e-05 1.154e-05 1.1636e-05 1.1609e-05 1.1598e-05 1.1666e-05 1.1682e-05 1.1712e-05 1.1607e-05 1.1734e-05 1.1776e-05 1.1692e-05 1.167e-05 1.1647e-05 1.1678e-05 1.1641e-05 1.162e-05 1.1726e-05 1.1922e-05 1.1605e-05 1.1647e-05 1.1611e-05 1.1549e-05 1.1531e-05 1.1519e-05 1.151e-05 1.1532e-05 1.1607e-05 1.1704e-05 1.1767e-05 1.1899e-05 1.2069e-05 1.2117e-05 1.2142e-05 1.2069e-05 1.195e-05 1.1827e-05 1.1765e-05 1.1738e-05 1.1725e-05 1.1876e-05 1.1922e-05 1.1901e-05 1.1896e-05 1.1929e-05 1.2111e-05 1.194e-05 1.1948e-05 1.2053e-05 1.1579e-05 1.1653e-05 1.1662e-05 1.1558e-05 1.1554e-05 1.1558e-05 1.1538e-05 1.1627e-05 1.1609e-05 1.1696e-05 1.1652e-05 1.1525e-05 1.1677e-05 1.1682e-05 1.1662e-05 1.1714e-05 1.1653e-05 1.157e-05 1.152e-05 1.1507e-05 1.155e-05 1.1535e-05 1.1554e-05 1.1892e-05 1.1509e-05 1.1546e-05 1.153e-05 1.1526e-05 1.1527e-05 1.1581e-05 1.1632e-05 1.1648e-05 1.1722e-05 1.164e-05 1.1786e-05 1.1641e-05 1.1598e-05 1.1751e-05 1.19e-05 1.1901e-05 1.1744e-05 1.1604e-05 1.159e-05 1.157e-05 1.1534e-05 1.1527e-05
1.1538e-05 1.1563e-05 1.1626e-05 1.161e-05 1.1517e-05 1.1531e-05 1.154e-05 1.1708e-05 1.152e-05 1.1602e-05 1.1681e-05 1.1616e-05 1.1653e-05 1.16e-05 1.1634e-05 1.1659e-05 1.1634e-05 1.1804e-05 1.1671e-05 1.1652e-05 1.1702e-05 1.1796e-05 1.1923e-05 1.1972e-05 1.2064e-05 1.172e-05 1.1806e-05 1.1705e-05 1.1633e-05 1.1631e-05 1.1653e-05 1.1614e-05 1.168e-05 1.1679e-05 1.1657e-05 1.1716e-05 1.1717e-05 1.1752e-05 1.1824e-05 1.2044e-05 1.2053e-05 1.2101e-05 1.1991e-05 1.1708e-05 1.1661e-05 1.1618e-05 1.1597e-05 1.1677e-05 1.1509e-05 1.1555e-05 1.1692e-05 1.1702e-05 1.1825e-05 1.1901e-05 1.161e-05 1.1504e-05 1.1513e-05 1.151e-05 1.1589e-05 1.1732e-05 1.17e-05 1.1642e-05 1.172e-05 1.2087e-05 1.2138e-05 1.2102e-05 1.213e-05 1.212e-05 1.212e-05 1.2119e-05 1.2119e-05 1.2122e-05 1.191e-05 1.1937e-05 1.2025e-05 1.2126e-05 1.1505e-05 1.1507e-05 1.1515e-05 1.1513e-05 1.1505e-05 1.1509e-05 1.1556e-05 1.1593e-05 1.1642e-05 1.1524e-05 1.1679e-05 1.166e-05 1.1607e-05 1.1615e-05 1.1623e-05 1.161e-05 1.1586e-05 1.1572e-05 1.1631e-05 1.1721e-05 1.1694e-05 1.1673e-05 1.1655e-05 1.1752e-05 1.1605e-05 1.1681e-05 1.1757e-05 1.1648e-05 1.1679e-05 1.1632e-05 1.1567e-05 1.1525e-05 1.1507e-05 1.1505e-05 1.1564e-05 1.161e-05 1.1643e-05 1.1837e-05 1.1986e-05 1.2123e-05 1.214e-05 1.2053e-05 1.1882e-05 1.1608e-05 1.1495e-05 1.1315e-05 1.1241e-05 1.1124e-05 1.114e-05 1.113e-05 1.1226e-05 1.1223e-05 1.1288e-05 1.1387e-05 1.1232e-05 1.1498e-05 1.2141e-05 1.2143e-05 1.201e-05 1.1747e-05 1.1527e-05 1.1642e-05 1.1794e-05 1.1508e-05 1.1538e-05 1.1664e-05 1.1505e-05 1.1652e-05 1.1828e-05 1.1758e-05 1.167e-05 1.1552e-05 1.16e-05 1.158e-05 1.1525e-05 1.1522e-05 1.1537e-05 1.1554e-05 1.1684e-05 1.1553e-05 1.1542e-05 1.1522e-05 1.1536e-05 1.1534e-05 1.1543e-05 1.1626e-05 1.16e-05 1.1536e-05 1.1543e-05 1.158e-05 1.1696e-05 1.1544e-05 1.162e-05 1.1554e-05 1.1628e-05 1.1724e-05 1.1615e-05 1.1767e-05 1.1738e-05 1.1663e-05 1.1626e-05 1.1581e-05 1.1565e-05 1.1542e-05
1.172e-05 1.1658e-05 1.1691e-05 1.1598e-05 1.1504e-05 1.1511e-05 1.1525e-05 1.1544e-05 1.1545e-05 1.1752e-05 1.164e-05 1.1756e-05 1.1757e-05 1.1801e-05 1.1724e-05 1.1774e-05 1.1791e-05 1.1781e-05 1.1983e-05 1.1911e-05 1.1819e-05 1.1746e-05 1.1956e-05 1.1993e-05 1.1815e-05 1.1876e-05 1.1774e-05 1.1635e-05 1.164e-05 1.1642e-05 1.1685e-05 1.163e-05 1.1713e-05 1.2047e-05 1.2054e-05 1.1992e-05 1.1914e-05 1.1916e-05 1.1902e-05 1.2048e-05 1.2098e-05 1.2078e-05 1.203e-05 1.1787e-05 1.1695e-05 1.1649e-05 1.1641e-05 1.1643e-05 1.166e-05 1.1686e-05 1.1732e-05 1.1818e-05 1.1949e-05 1.2005e-05 1.1926e-05 1.1799e-05 1.1551e-05 1.154e-05 1.1676e-05 1.1728e-05 1.1544e-05 1.1616e-05 1.1686e-05 1.1831e-05 1.2105e-05 1.2145e-05 1.2126e-05 1.2129e-05 1.2122e-05 1.2139e-05 1.214e-05 1.21e-05 1.2005e-05 1.1528e-05 1.1681e-05 1.1508e-05 1.1505e-05 1.1513e-05 1.1521e-05 1.1509e-05 1.1507e-05 1.1513e-05 1.1546e-05 1.1612e-05 1.1597e-05 1.1709e-05 1.1674e-05 1.1518e-05 1.1523e-05 1.1608e-05 1.1642e-05 1.1617e-05 1.1521e-05 1.1518e-05 1.161e-05 1.1648e-05 1.1828e-05 1.1569e-05 1.1735e-05 1.1734e-05 1.1748e-05 1.1746e-05 1.1674e-05 1.1594e-05 1.1574e-05 1.1653e-05 1.1663e-05 1.1521e-05 1.1507e-05 1.1518e-05 1.1507e-05 1.156e-05 1.1792e-05 1.2039e-05 1.2143e-05 1.2055e-05 1.1878e-05 1.1726e-05 1.1475e-05 1.1291e-05 1.0969e-05 1.0742e-05 1.0964e-05 1.0978e-05 1.1427e-05 1.1175e-05 1.1127e-05 1.1068e-05 1.1139e-05 1.1164e-05 1.1151e-05 1.1141e-05 1.1266e-05 1.1507e-05 1.2014e-05 1.2145e-05 1.1706e-05 1.1522e-05 1.1564e-05 1.1504e-05 1.152e-05 1.1526e-05 1.1742e-05 1.1609e-05 1.1576e-05 1.1803e-05 1.163e-05 1.1684e-05 1.1572e-05 1.1548e-05 1.1688e-05 1.1582e-05 1.1585e-05 1.1594e-05 1.1622e-05 1.1539e-05 1.1578e-05 1.1619e-05 1.1699e-05 1.1688e-05 1.2028e-05 1.1788e-05 1.1606e-05 1.1627e-05 1.1715e-05 1.1587e-05 1.1526e-05 1.1504e-05 1.1572e-05 1.1506e-05 1.1511e-05 1.1544e-05 1.1553e-05 1.1652e-05 1.176e-05 1.1874e-05 1.1819e-05 1.1756e-05 1.1663e-05 1.1625e-05
1.1765e-05 1.1641e-05 1.1705e-05 1.1715e-05 1.1558e-05 1.1505e-05 1.1579e-05 1.1697e-05 1.1582e-05 1.1673e-05 1.1752e-05 1.1717e-05 1.1995e-05 1.1637e-05 1.1944e-05 1.1877e-05 1.2114e-05 1.2045e-05 1.1818e-05 1.1882e-05 1.1748e-05 1.1921e-05 1.1819e-05 1.1733e-05 1.1745e-05 1.1622e-05 1.1791e-05 1.17e-05 1.1655e-05 1.1662e-05 1.1659e-05 1.166e-05 1.1642e-05 1.1859e-05 1.1914e-05 1.1873e-05 1.1794e-05 1.1779e-05 1.1783e-05 1.1866e-05 1.1985e-05 1.2024e-05 1.1922e-05 1.189e-05 1.1929e-05 1.1753e-05 1.175e-05 1.1725e-05 1.1781e-05 1.1769e-05 1.1863e-05 1.191e-05 1.2014e-05 1.2014e-05 1.2024e-05 1.1927e-05 1.1838e-05 1.1839e-05 1.1702e-05 1.1591e-05 1.1835e-05 1.1506e-05 1.152e-05 1.1664e-05 1.1647e-05 1.2131e-05 1.2144e-05 1.2144e-05 1.2141e-05 1.2144e-05 1.2142e-05 1.2122e-05 1.2069e-05 1.1573e-05 1.1633e-05 1.1614e-05 1.1511e-05 1.1515e-05 1.1541e-05 1.1645e-05 1.1522e-05 1.1556e-05 1.1574e-05 1.1583e-05 1.1657e-05 1.1645e-05 1.1706e-05 1.1643e-05 1.1574e-05 1.1598e-05 1.1578e-05 1.1576e-05 1.1508e-05 1.1585e-05 1.1635e-05 1.1819e-05 1.1731e-05 1.177e-05 1.1675e-05 1.156e-05 1.1724e-05 1.1833e-05 1.1768e-05 1.168e-05 1.1516e-05 1.1515e-05 1.1576e-05 1.1526e-05 1.1506e-05 1.1504e-05 1.1508e-05 1.1517e-05 1.1701e-05 1.1893e-05 1.1902e-05 1.1429e-05 1.1224e-05 1.083e-05 1.0578e-05 1.0994e-05 1.1218e-05 1.1079e-05 1.0885e-05 1.0939e-05 1.115e-05 1.1296e-05 1.1399e-05 1.1216e-05 1.1125e-05 1.1183e-05 1.1175e-05 1.1272e-05 1.1265e-05 1.1308e-05 1.1552e-05 1.1921e-05 1.2134e-05 1.1917e-05 1.1648e-05 1.1569e-05 1.1542e-05 1.1521e-05 1.1516e-05 1.1596e-05 1.1511e-05 1.1513e-05 1.1596e-05 1.1535e-05 1.1545e-05 1.1546e-05 1.1544e-05 1.167e-05 1.1709e-05 1.162e-05 1.1722e-05 1.1648e-05 1.1631e-05 1.1785e-05 1.1886e-05 1.1695e-05 1.1538e-05 1.1522e-05 1.1714e-05 1.1735e-05 1.1607e-05 1.152e-05 1.1539e-05 1.1516e-05 1.1505e-05 1.151e-05 1.1514e-05 1.1519e-05 1.1684e-05 1.1673e-05 1.1759e-05 1.1615e-05 1.1703e-05 1.1742e-05 1.1645e-05 1.1679e-05
1.1636e-05 1.1619e-05 1.1652e-05 1.1639e-05 1.1582e-05 1.1591e-05 1.1568e-05 1.1562e-05 1.1542e-05 1.1722e-05 1.1783e-05 1.1646e-05 1.1778e-05 1.1837e-05 1.1813e-05 1.1811e-05 1.1569e-05 1.1833e-05 1.1725e-05 1.1695e-05 1.1756e-05 1.1676e-05 1.1537e-05 1.1785e-05 1.1685e-05 1.162e-05 1.167e-05 1.1703e-05 1.1701e-05 1.1713e-05 1.1749e-05 1.1723e-05 1.1743e-05 1.1799e-05 1.1798e-05 1.1809e-05 1.1801e-05 1.1793e-05 1.1764e-05 1.176e-05 1.1856e-05 1.1886e-05 1.1835e-05 1.1861e-05 1.1864e-05 1.1814e-05 1.1814e-05 1.1875e-05 1.1927e-05 1.1982e-05 1.2006e-05 1.2008e-05 1.2021e-05 1.2163e-05 1.2217e-05 1.1886e-05 1.1766e-05 1.1727e-05 1.1629e-05 1.1571e-05 1.1518e-05 1.1524e-05 1.1507e-05 1.1521e-05 1.1557e-05 1.1959e-05 1.2096e-05 1.2069e-05 1.2103e-05 1.2141e-05 1.2145e-05 1.2137e-05 1.1871e-05 1.1712e-05 1.1597e-05 1.1669e-05 1.1528e-05 1.1535e-05 1.1538e-05 1.1556e-05 1.1605e-05 1.1563e-05 1.1623e-05 1.1634e-05 1.1651e-05 1.1677e-05 1.1678e-05 1.1565e-05 1.1569e-05 1.1589e-05 1.1616e-05 1.1597e-05 1.1547e-05 1.16e-05 1.1649e-05 1.1622e-05 1.172e-05 1.1712e-05 1.1725e-05 1.1557e-05 1.1957e-05 1.1768e-05 1.1716e-05 1.1696e-05 1.1558e-05 1.1702e-05 1.1564e-05 1.1526e-05 1.1507e-05 1.1506e-05 1.1505e-05 1.1505e-05 1.1705e-05 1.2141e-05 1.1406e-05 1.1173e-05 1.0645e-05 1.0571e-05 1.0934e-05 1.0719e-05 1.0837e-05 1.0692e-05 1.0787e-05 1.0796e-05 1.0924e-05 1.0716e-05 1.0636e-05 1.1155e-05 1.1234e-05 1.0989e-05 1.1185e-05 1.1238e-05 1.1239e-05 1.1302e-05 1.156e-05 1.1691e-05 1.2049e-05 1.2082e-05 1.1741e-05 1.1627e-05 1.1543e-05 1.1578e-05 1.1704e-05 1.151e-05 1.1509e-05 1.1535e-05 1.1523e-05 1.1569e-05 1.1594e-05 1.1537e-05 1.1598e-05 1.1643e-05 1.1576e-05 1.1655e-05 1.1634e-05 1.1725e-05 1.1788e-05 1.1765e-05 1.191e-05 1.2136e-05 1.1751e-05 1.1828e-05 1.1684e-05 1.1518e-05 1.1508e-05 1.1517e-05 1.16e-05 1.1507e-05 1.1575e-05 1.156e-05 1.1519e-05 1.1532e-05 1.1685e-05 1.1675e-05 1.1624e-05 1.189e-05 1.1874e-05 1.171e-05 1.1659e-05 1.1684e-05
1.1531e-05 1.1696e-05 1.1517e-05 1.157e-05 1.1532e-05 1.1593e-05 1.157e-05 1.1578e-05 1.1623e-05 1.1681e-05 1.179e-05 1.176e-05 1.1825e-05 1.1881e-05 1.1785e-05 1.1775e-05 1.1674e-05 1.1652e-05 1.169e-05 1.1697e-05 1.1838e-05 1.177e-05 1.1715e-05 1.1713e-05 1.1793e-05 1.1693e-05 1.1671e-05 1.1671e-05 1.1856e-05 1.177e-05 1.181e-05 1.1737e-05 1.1725e-05 1.1832e-05 1.1827e-05 1.183e-05 1.1822e-05 1.1791e-05 1.1739e-05 1.1714e-05 1.1877e-05 1.1956e-05 1.2263e-05 1.224e-05 1.1987e-05 1.1876e-05 1.1921e-05 1.1994e-05 1.1984e-05 1.2066e-05 1.21e-05 1.2095e-05 1.2125e-05 1.2095e-05 1.208e-05 1.1857e-05 1.1828e-05 1.1759e-05 1.1749e-05 1.1649e-05 1.1652e-05 1.1626e-05 1.1532e-05 1.1631e-05 1.159e-05 1.1561e-05 1.1801e-05 1.1885e-05 1.1967e-05 1.202e-05 1.1941e-05 1.1924e-05 1.1611e-05 1.1718e-05 1.1639e-05 1.1514e-05 1.1525e-05 1.1509e-05 1.1519e-05 1.151e-05 1.1536e-05 1.1697e-05 1.1621e-05 1.158e-05 1.1616e-05 1.1618e-05 1.1652e-05 1.1557e-05 1.1565e-05 1.1618e-05 1.1639e-05 1.1595e-05 1.1586e-05 1.1608e-05 1.1616e-05 1.1677e-05 1.1607e-05 1.1683e-05 1.1596e-05 1.1726e-05 1.1747e-05 1.1716e-05 1.176e-05 1.1877e-05 1.186e-05 1.1747e-05 1.1584e-05 1.151e-05 1.1543e-05 1.151e-05 1.1507e-05 1.1505e-05 1.1826e-05 1.1966e-05 1.1258e-05 1.0801e-05 1.0815e-05 1.097e-05 1.0839e-05 1.0621e-05 1.0757e-05 1.0764e-05 1.0916e-05 1.0721e-05 1.0765e-05 1.1131e-05 1.105e-05 1.1094e-05 1.0957e-05 1.1105e-05 1.1198e-05 1.122e-05 1.1319e-05 1.1469e-05 1.1849e-05 1.1884e-05 1.2042e-05 1.2138e-05 1.1782e-05 1.1736e-05 1.163e-05 1.1657e-05 1.1545e-05 1.153e-05 1.1507e-05 1.1505e-05 1.1524e-05 1.1553e-05 1.1548e-05 1.1509e-05 1.1518e-05 1.1537e-05 1.1548e-05 1.1627e-05 1.164e-05 1.1717e-05 1.1802e-05 1.1806e-05 1.1784e-05 1.1776e-05 1.1843e-05 1.1812e-05 1.1627e-05 1.1506e-05 1.1506e-05 1.1505e-05 1.1509e-05 1.1519e-05 1.1577e-05 1.154e-05 1.1543e-05 1.1524e-05 1.1838e-05 1.1629e-05 1.162e-05 1.1508e-05 1.17e-05 1.1639e-05 1.1572e-05 1.1583e-05
1.1512e-05 1.1521e-05 1.1517e-05 1.1506e-05 1.1506e-05 1.1611e-05 1.1589e-05 1.1607e-05 1.1513e-05 1.1515e-05 1.1672e-05 1.1595e-05 1.1554e-05 1.1761e-05 1.1689e-05 1.1713e-05 1.185e-05 1.1771e-05 1.1853e-05 1.1756e-05 1.186e-05 1.17e-05 1.1714e-05 1.1717e-05 1.177e-05 1.2025e-05 1.1862e-05 1.1806e-05 1.1742e-05 1.1875e-05 1.191e-05 1.1834e-05 1.1888e-05 1.1886e-05 1.1956e-05 1.1865e-05 1.1844e-05 1.1793e-05 1.1781e-05 1.2418e-05 1.2512e-05 1.2563e-05 1.3039e-05 1.3099e-05 1.308e-05 1.2466e-05 1.2466e-05 1.2464e-05 1.223e-05 1.2122e-05 1.221e-05 1.2084e-05 1.217e-05 1.2111e-05 1.2123e-05 1.2104e-05 1.2073e-05 1.1916e-05 1.1658e-05 1.1712e-05 1.1809e-05 1.1973e-05 1.1597e-05 1.1505e-05 1.1508e-05 1.1556e-05 1.1544e-05 1.1638e-05 1.1814e-05 1.185e-05 1.1817e-05 1.1617e-05 1.1716e-05 1.1518e-05 1.1523e-05 1.152e-05 1.1505e-05 1.1767e-05 1.1504e-05 1.1536e-05 1.1516e-05 1.153e-05 1.1588e-05 1.1589e-05 1.163e-05 1.1627e-05 1.158e-05 1.1541e-05 1.1545e-05 1.1571e-05 1.1627e-05 1.1575e-05 1.1645e-05 1.1633e-05 1.1605e-05 1.1733e-05 1.1774e-05 1.1639e-05 1.1659e-05 1.1692e-05 1.1783e-05 1.1753e-05 1.1902e-05 1.1975e-05 1.1556e-05 1.1715e-05 1.1627e-05 1.1521e-05 1.1521e-05 1.152e-05 1.1505e-05 1.1516e-05 1.1801e-05 1.1955e-05 1.1425e-05 1.0796e-05 1.0792e-05 1.1166e-05 1.0724e-05 1.0706e-05 1.0714e-05 1.0821e-05 1.0666e-05 1.0581e-05 1.0837e-05 1.1137e-05 1.0962e-05 1.0919e-05 1.1046e-05 1.0961e-05 1.1094e-05 1.1241e-05 1.1558e-05 1.1788e-05 1.1884e-05 1.1962e-05 1.2106e-05 1.2121e-05 1.1985e-05 1.1754e-05 1.188e-05 1.1515e-05 1.1504e-05 1.1515e-05 1.1582e-05 1.1584e-05 1.1521e-05 1.1512e-05 1.1508e-05 1.1512e-05 1.152e-05 1.1517e-05 1.1519e-05 1.164e-05 1.1675e-05 1.1692e-05 1.1759e-05 1.1638e-05 1.1661e-05 1.1721e-05 1.1733e-05 1.1756e-05 1.1596e-05 1.1529e-05 1.1514e-05 1.1525e-05 1.1515e-05 1.1524e-05 1.1671e-05 1.1572e-05 1.157e-05 1.1754e-05 1.178e-05 1.1596e-05 1.1613e-05 1.1576e-05 1.1583e-05 1.1544e-05 1.1519e-05 1.1568e-05
1.1524e-05 1.1513e-05 1.1548e-05 1.1626e-05 1.1504e-05 1.1614e-05 1.1542e-05 1.1564e-05 1.1738e-05 1.1619e-05 1.1534e-05 1.1536e-05 1.1668e-05 1.1754e-05 1.1606e-05 1.1676e-05 1.1613e-05 1.1728e-05 1.1663e-05 1.1651e-05 1.1611e-05 1.1807e-05 1.1606e-05 1.1609e-05 1.1675e-05 1.1676e-05 1.1732e-05 1.1815e-05 1.1774e-05 1.1809e-05 1.1845e-05 1.2412e-05 1.2081e-05 1.1954e-05 1.1952e-05 1.1899e-05 1.1856e-05 1.1866e-05 1.2081e-05 1.2136e-05 1.2318e-05 1.2695e-05 1.2788e-05 1.2764e-05 1.266e-05 1.2624e-05 1.2654e-05 1.2579e-05 1.2747e-05 1.2429e-05 1.221e-05 1.22e-05 1.2189e-05 1.2156e-05 1.2107e-05 1.2095e-05 1.2021e-05 1.192e-05 1.1895e-05 1.1751e-05 1.1746e-05 1.1703e-05 1.183e-05 1.176e-05 1.1561e-05 1.1662e-05 1.1505e-05 1.1739e-05 1.1675e-05 1.1675e-05 1.1674e-05 1.1667e-05 1.1541e-05 1.1513e-05 1.1531e-05 1.1516e-05 1.1509e-05 1.1505e-05 1.1514e-05 1.1513e-05 1.1518e-05 1.1514e-05 1.1526e-05 1.157e-05 1.1578e-05 1.1631e-05 1.1556e-05 1.1514e-05 1.1567e-05 1.1577e-05 1.1539e-05 1.1532e-05 1.1545e-05 1.1635e-05 1.1572e-05 1.1678e-05 1.1675e-05 1.1684e-05 1.1694e-05 1.1582e-05 1.1767e-05 1.1702e-05 1.1819e-05 1.1789e-05 1.1815e-05 1.1829e-05 1.1628e-05 1.1547e-05 1.1516e-05 1.1513e-05 1.1512e-05 1.1558e-05 1.1845e-05 1.2133e-05 1.1521e-05 1.0747e-05 1.0585e-05 1.0667e-05 1.0937e-05 1.0767e-05 1.0588e-05 1.0679e-05 1.0607e-05 1.0582e-05 1.0772e-05 1.0965e-05 1.0762e-05 1.0921e-05 1.0852e-05 1.1062e-05 1.1202e-05 1.1457e-05 1.1736e-05 1.186e-05 1.2008e-05 1.2077e-05 1.2116e-05 1.2145e-05 1.1954e-05 1.1614e-05 1.1565e-05 1.1505e-05 1.1508e-05 1.1512e-05 1.1517e-05 1.1505e-05 1.152e-05 1.1507e-05 1.1614e-05 1.1516e-05 1.1512e-05 1.1506e-05 1.1527e-05 1.1555e-05 1.1632e-05 1.1575e-05 1.1632e-05 1.1708e-05 1.1568e-05 1.1605e-05 1.1678e-05 1.1714e-05 1.1708e-05 1.1645e-05 1.1573e-05 1.155e-05 1.1506e-05 1.1517e-05 1.1555e-05 1.1559e-05 1.1544e-05 1.158e-05 1.1524e-05 1.1538e-05 1.1534e-05 1.1586e-05 1.1558e-05 1.1523e-05 1.151e-05 1.1505e-05
1.1504e-05 1.1512e-05 1.1513e-05 1.1563e-05 1.1554e-05 1.1511e-05 1.1518e-05 1.1673e-05 1.1816e-05 1.2e-05 1.2094e-05 1.1794e-05 1.184e-05 1.1612e-05 1.1535e-05 1.1541e-05 1.154e-05 1.1541e-05 1.157e-05 1.1591e-05 1.1593e-05 1.1599e-05 1.1675e-05 1.1628e-05 1.1712e-05 1.1813e-05 1.1793e-05 1.1929e-05 1.1966e-05 1.1804e-05 1.1838e-05 1.2117e-05 1.2069e-05 1.2255e-05 1.2036e-05 1.231e-05 1.2131e-05 1.2702e-05 1.2667e-05 1.2147e-05 1.2717e-05 1.2924e-05 1.2569e-05 1.2559e-05 1.2586e-05 1.2601e-05 1.2541e-05 1.2329e-05 1.2512e-05 1.252e-05 1.2582e-05 1.2398e-05 1.2214e-05 1.2058e-05 1.2053e-05 1.2021e-05 1.2051e-05 1.1878e-05 1.184e-05 1.1887e-05 1.1893e-05 1.168e-05 1.1683e-05 1.1597e-05 1.1515e-05 1.1507e-05 1.1511e-05 1.1526e-05 1.1682e-05 1.1582e-05 1.1511e-05 1.152e-05 1.1526e-05 1.1553e-05 1.1526e-05 1.1507e-05 1.1504e-05 1.1504e-05 1.1504e-05 1.1514e-05 1.1544e-05 1.157e-05 1.1633e-05 1.1546e-05 1.1563e-05 1.1606e-05 1.1601e-05 1.1628e-05 1.152e-05 1.1578e-05 1.1552e-05 1.153e-05 1.1537e-05 1.1574e-05 1.1677e-05 1.1607e-05 1.1696e-05 1.1716e-05 1.1607e-05 1.1615e-05 1.1782e-05 1.1793e-05 1.1837e-05 1.1785e-05 1.1732e-05 1.1736e-05 1.1507e-05 1.1615e-05 1.1524e-05 1.1506e-05 1.1504e-05 1.1507e-05 1.1586e-05 1.2137e-05 1.1965e-05 1.0997e-05 1.0577e-05 1.0376e-05 1.0152e-05 1.0752e-05 1.0707e-05 1.0688e-05 1.0952e-05 1.0611e-05 1.0903e-05 1.0856e-05 1.0967e-05 1.0912e-05 1.0947e-05 1.101e-05 1.1111e-05 1.1585e-05 1.19e-05 1.1997e-05 1.2097e-05 1.2133e-05 1.2134e-05 1.1972e-05 1.1779e-05 1.1621e-05 1.1506e-05 1.1506e-05 1.1534e-05 1.1532e-05 1.1555e-05 1.1533e-05 1.1507e-05 1.1506e-05 1.1507e-05 1.1516e-05 1.1505e-05 1.1515e-05 1.1524e-05 1.1532e-05 1.1557e-05 1.1552e-05 1.1519e-05 1.155e-05 1.1565e-05 1.1735e-05 1.1648e-05 1.1652e-05 1.1781e-05 1.1787e-05 1.1606e-05 1.1563e-05 1.1506e-05 1.1553e-05 1.1547e-05 1.1527e-05 1.1512e-05 1.1514e-05 1.1517e-05 1.1519e-05 1.1545e-05 1.1572e-05 1.1504e-05 1.1508e-05 1.1504e-05 1.1536e-05
1.1504e-05 1.1554e-05 1.1511e-05 1.1626e-05 1.1522e-05 1.1642e-05 1.1644e-05 1.1618e-05 1.1779e-05 1.2003e-05 1.2044e-05 1.1798e-05 1.1614e-05 1.1579e-05 1.1548e-05 1.1562e-05 1.1541e-05 1.1891e-05 1.1585e-05 1.1599e-05 1.1615e-05 1.1662e-05 1.1657e-05 1.1716e-05 1.1858e-05 1.179e-05 1.1843e-05 1.1884e-05 1.2045e-05 1.2001e-05 1.2095e-05 1.2137e-05 1.2104e-05 1.2194e-05 1.2151e-05 1.2101e-05 1.2312e-05 1.2732e-05 1.27e-05 1.2715e-05 1.2864e-05 1.2577e-05 1.2367e-05 1.2397e-05 1.2495e-05 1.2417e-05 1.2471e-05 1.2447e-05 1.2367e-05 1.2351e-05 1.2401e-05 1.2653e-05 1.2423e-05 1.2105e-05 1.2e-05 1.1937e-05 1.1937e-05 1.193e-05 1.1923e-05 1.1892e-05 1.1837e-05 1.1782e-05 1.1786e-05 1.1539e-05 1.1547e-05 1.1671e-05 1.1612e-05 1.1535e-05 1.1546e-05 1.1521e-05 1.1515e-05 1.1557e-05 1.1505e-05 1.1515e-05 1.1507e-05 1.1505e-05 1.1505e-05 1.1505e-05 1.152e-05 1.1505e-05 1.1538e-05 1.1592e-05 1.1555e-05 1.1589e-05 1.157e-05 1.1643e-05 1.166e-05 1.1633e-05 1.1601e-05 1.1581e-05 1.1576e-05 1.1542e-05 1.1556e-05 1.1646e-05 1.1641e-05 1.1648e-05 1.1592e-05 1.1534e-05 1.1696e-05 1.1732e-05 1.1719e-05 1.1889e-05 1.1849e-05 1.1735e-05 1.1692e-05 1.1707e-05 1.1684e-05 1.1598e-05 1.1507e-05 1.1526e-05 1.1529e-05 1.1505e-05 1.1516e-05 1.1551e-05 1.2115e-05 1.1972e-05 1.0786e-05 1.055e-05 1.0301e-05 1.0241e-05 1.0728e-05 1.0745e-05 1.0301e-05 1.034e-05 1.0939e-05 1.088e-05 1.0918e-05 1.0993e-05 1.0952e-05 1.1052e-05 1.1446e-05 1.2031e-05 1.2136e-05 1.2134e-05 1.2145e-05 1.2116e-05 1.2131e-05 1.1961e-05 1.193e-05 1.1895e-05 1.1545e-05 1.1506e-05 1.1618e-05 1.1537e-05 1.1577e-05 1.155e-05 1.1528e-05 1.1518e-05 1.1508e-05 1.1505e-05 1.1513e-05 1.1534e-05 1.1662e-05 1.1651e-05 1.164e-05 1.1574e-05 1.164e-05 1.169e-05 1.1609e-05 1.1563e-05 1.1614e-05 1.1691e-05 1.1582e-05 1.1548e-05 1.1585e-05 1.1584e-05 1.1619e-05 1.1568e-05 1.1572e-05 1.1677e-05 1.1506e-05 1.1506e-05 1.153e-05 1.1539e-05 1.1518e-05 1.151e-05 1.1529e-05 1.151e-05 1.1511e-05 1.1603e-05
1.1505e-05 1.1508e-05 1.1631e-05 1.1674e-05 1.1627e-05 1.1853e-05 1.1739e-05 1.1996e-05 1.199e-05 1.1818e-05 1.1836e-05 1.1759e-05 1.16e-05 1.1569e-05 1.1518e-05 1.1583e-05 1.1539e-05 1.1534e-05 1.1598e-05 1.1599e-05 1.1779e-05 1.1663e-05 1.1681e-05 1.169e-05 1.1773e-05 1.185e-05 1.1847e-05 1.1905e-05 1.1973e-05 1.2058e-05 1.2108e-05 1.2353e-05 1.2238e-05 1.2306e-05 1.2403e-05 1.235e-05 1.2548e-05 1.2818e-05 1.2861e-05 1.303e-05 1.297e-05 1.2567e-05 1.2311e-05 1.2424e-05 1.2211e-05 1.2398e-05 1.2134e-05 1.211e-05 1.2189e-05 1.2176e-05 1.2359e-05 1.263e-05 1.2848e-05 1.2385e-05 1.2113e-05 1.1942e-05 1.195e-05 1.1926e-05 1.1912e-05 1.1914e-05 1.1802e-05 1.1685e-05 1.1696e-05 1.1545e-05 1.1533e-05 1.1525e-05 1.1529e-05 1.153e-05 1.1541e-05 1.1567e-05 1.1533e-05 1.1512e-05 1.151e-05 1.1514e-05 1.1513e-05 1.1514e-05 1.1516e-05 1.1505e-05 1.1506e-05 1.1504e-05 1.1513e-05 1.1535e-05 1.1509e-05 1.1556e-05 1.1568e-05 1.1594e-05 1.1606e-05 1.1633e-05 1.163e-05 1.1608e-05 1.1598e-05 1.167e-05 1.1619e-05 1.1581e-05 1.1631e-05 1.1602e-05 1.1655e-05 1.1597e-05 1.1667e-05 1.1806e-05 1.1759e-05 1.1811e-05 1.1882e-05 1.1815e-05 1.1747e-05 1.1717e-05 1.1711e-05 1.1733e-05 1.1577e-05 1.1528e-05 1.155e-05 1.1559e-05 1.16e-05 1.153e-05 1.1514e-05 1.2028e-05 1.1693e-05 1.1069e-05 1.0709e-05 1.044e-05 1.0453e-05 1.0221e-05 1.0847e-05 1.097e-05 1.0849e-05 1.0856e-05 1.1009e-05 1.103e-05 1.1457e-05 1.1833e-05 1.1985e-05 1.2145e-05 1.205e-05 1.2019e-05 1.1996e-05 1.1989e-05 1.2071e-05 1.2017e-05 1.1826e-05 1.1777e-05 1.1601e-05 1.1505e-05 1.1536e-05 1.1554e-05 1.1583e-05 1.1594e-05 1.1559e-05 1.1566e-05 1.1546e-05 1.1526e-05 1.1531e-05 1.1572e-05 1.1604e-05 1.1647e-05 1.1786e-05 1.1816e-05 1.1779e-05 1.1799e-05 1.1619e-05 1.1726e-05 1.1638e-05 1.1579e-05 1.1686e-05 1.1618e-05 1.1646e-05 1.1664e-05 1.1578e-05 1.1553e-05 1.1522e-05 1.1591e-05 1.1547e-05 1.1505e-05 1.161e-05 1.1524e-05 1.1523e-05 1.1509e-05 1.1504e-05 1.1512e-05 1.1549e-05 1.1546e-05
1.1505e-05 1.1588e-05 1.1619e-05 1.1638e-05 1.1805e-05 1.1783e-05 1.1931e-05 1.1805e-05 1.1767e-05 1.1808e-05 1.1756e-05 1.1745e-05 1.1644e-05 1.1582e-05 1.1537e-05 1.1539e-05 1.1539e-05 1.1618e-05 1.1664e-05 1.1599e-05 1.1695e-05 1.1682e-05 1.1703e-05 1.1723e-05 1.1779e-05 1.1797e-05 1.1858e-05 1.1919e-05 1.2014e-05 1.2111e-05 1.2199e-05 1.2249e-05 1.2263e-05 1.2441e-05 1.2489e-05 1.2327e-05 1.2577e-05 1.2872e-05 1.2834e-05 1.3034e-05 1.2785e-05 1.2558e-05 1.2443e-05 1.2268e-05 1.2197e-05 1.2128e-05 1.2121e-05 1.2056e-05 1.2057e-05 1.2021e-05 1.2296e-05 1.2631e-05 1.2517e-05 1.2485e-05 1.2439e-05 1.2449e-05 1.2043e-05 1.1866e-05 1.1879e-05 1.1785e-05 1.1676e-05 1.1593e-05 1.1549e-05 1.154e-05 1.152e-05 1.1525e-05 1.1518e-05 1.1508e-05 1.1513e-05 1.1518e-05 1.1511e-05 1.1584e-05 1.1515e-05 1.1541e-05 1.1512e-05 1.1521e-05 1.1512e-05 1.1506e-05 1.1505e-05 1.1505e-05 1.151e-05 1.1505e-05 1.1512e-05 1.1513e-05 1.1526e-05 1.159e-05 1.1651e-05 1.1687e-05 1.1638e-05 1.1626e-05 1.1627e-05 1.1607e-05 1.1668e-05 1.1615e-05 1.1601e-05 1.1623e-05 1.1608e-05 1.1634e-05 1.1644e-05 1.1752e-05 1.1761e-05 1.1641e-05 1.1721e-05 1.1772e-05 1.17e-05 1.1656e-05 1.1634e-05 1.1706e-05 1.1566e-05 1.153e-05 1.1509e-05 1.1557e-05 1.1512e-05 1.1519e-05 1.1565e-05 1.1562e-05 1.2014e-05 1.2143e-05 1.2124e-05 1.1291e-05 1.0902e-05 1.0585e-05 1.1071e-05 1.0923e-05 1.102e-05 1.0962e-05 1.1172e-05 1.1432e-05 1.2112e-05 1.2057e-05 1.2143e-05 1.2133e-05 1.1936e-05 1.1922e-05 1.188e-05 1.1703e-05 1.1682e-05 1.1815e-05 1.1787e-05 1.1646e-05 1.1611e-05 1.1531e-05 1.1528e-05 1.1572e-05 1.1541e-05 1.1634e-05 1.1603e-05 1.1608e-05 1.1602e-05 1.1585e-05 1.1562e-05 1.1603e-05 1.165e-05 1.1649e-05 1.1741e-05 1.1761e-05 1.1601e-05 1.1818e-05 1.1867e-05 1.1921e-05 1.1617e-05 1.1552e-05 1.1507e-05 1.1593e-05 1.1557e-05 1.153e-05 1.1516e-05 1.1527e-05 1.1524e-05 1.1539e-05 1.1567e-05 1.1526e-05 1.1584e-05 1.1537e-05 1.1539e-05 1.1562e-05 1.1538e-05 1.152e-05 1.1523e-05 1.1529e-05
1.1505e-05 1.1594e-05 1.194e-05 1.1641e-05 1.181e-05 1.1852e-05 1.1699e-05 1.1811e-05 1.1736e-05 1.1785e-05 1.1786e-05 1.1717e-05 1.1591e-05 1.1552e-05 1.1538e-05 1.1546e-05 1.1553e-05 1.1794e-05 1.1583e-05 1.1591e-05 1.1631e-05 1.1704e-05 1.1707e-05 1.174e-05 1.1765e-05 1.1813e-05 1.1862e-05 1.1953e-05 1.2052e-05 1.214e-05 1.2221e-05 1.2321e-05 1.2383e-05 1.2398e-05 1.241e-05 1.2637e-05 1.2625e-05 1.2756e-05 1.3101e-05 1.3281e-05 1.2812e-05 1.2514e-05 1.2388e-05 1.2294e-05 1.2191e-05 1.2103e-05 1.2048e-05 1.2007e-05 1.1976e-05 1.1976e-05 1.1987e-05 1.203e-05 1.2241e-05 1.2235e-05 1.2263e-05 1.2475e-05 1.2384e-05 1.2234e-05 1.189e-05 1.1802e-05 1.1663e-05 1.1538e-05 1.1522e-05 1.1527e-05 1.1512e-05 1.1522e-05 1.154e-05 1.1525e-05 1.1507e-05 1.1509e-05 1.1504e-05 1.1525e-05 1.1504e-05 1.1526e-05 1.1507e-05 1.1508e-05 1.1505e-05 1.1506e-05 1.1518e-05 1.151e-05 1.1507e-05 1.1507e-05 1.1507e-05 1.1504e-05 1.156e-05 1.1564e-05 1.1591e-05 1.1644e-05 1.1673e-05 1.1627e-05 1.1595e-05 1.1603e-05 1.1579e-05 1.1592e-05 1.1601e-05 1.1619e-05 1.1612e-05 1.1725e-05 1.1635e-05 1.1726e-05 1.1609e-05 1.1596e-05 1.1664e-05 1.1659e-05 1.1606e-05 1.1583e-05 1.1568e-05 1.1586e-05 1.1718e-05 1.1542e-05 1.1591e-05 1.1513e-05 1.1505e-05 1.1505e-05 1.1566e-05 1.152e-05 1.1652e-05 1.1622e-05 1.193e-05 1.1937e-05 1.2134e-05 1.2138e-05 1.2044e-05 1.1518e-05 1.189e-05 1.1815e-05 1.2106e-05 1.2033e-05 1.2045e-05 1.1854e-05 1.1714e-05 1.16e-05 1.1741e-05 1.1811e-05 1.1719e-05 1.1583e-05 1.1632e-05 1.1626e-05 1.1597e-05 1.1508e-05 1.1505e-05 1.1514e-05 1.1543e-05 1.1566e-05 1.1575e-05 1.1605e-05 1.1611e-05 1.1595e-05 1.1596e-05 1.1588e-05 1.158e-05 1.1625e-05 1.1631e-05 1.1745e-05 1.1685e-05 1.1799e-05 1.1939e-05 1.1863e-05 1.1648e-05 1.1942e-05 1.1667e-05 1.1571e-05 1.1542e-05 1.1634e-05 1.1536e-05 1.17e-05 1.1544e-05 1.152e-05 1.1553e-05 1.1576e-05 1.1545e-05 1.1567e-05 1.1609e-05 1.1583e-05 1.1557e-05 1.1536e-05 1.1564e-05 1.1538e-05 1.1522e-05 1.1508e-05
1.1532e-05 1.1605e-05 1.1608e-05 1.1615e-05 1.1775e-05 1.1814e-05 1.1658e-05 1.1898e-05 1.1772e-05 1.168e-05 1.1707e-05 1.1605e-05 1.1626e-05 1.1592e-05 1.1537e-05 1.1575e-05 1.1536e-05 1.1709e-05 1.1586e-05 1.1722e-05 1.1715e-05 1.171e-05 1.1743e-05 1.1751e-05 1.1807e-05 1.1842e-05 1.1885e-05 1.1925e-05 1.2066e-05 1.2164e-05 1.227e-05 1.2367e-05 1.248e-05 1.2482e-05 1.2532e-05 1.2481e-05 1.2421e-05 1.2814e-05 1.2887e-05 1.3239e-05 1.2745e-05 1.2504e-05 1.2395e-05 1.2271e-05 1.2165e-05 1.2075e-05 1.201e-05 1.1966e-05 1.1938e-05 1.189e-05 1.1895e-05 1.1874e-05 1.1947e-05 1.213e-05 1.2129e-05 1.2096e-05 1.2007e-05 1.2011e-05 1.2037e-05 1.2037e-05 1.2101e-05 1.1652e-05 1.1518e-05 1.1516e-05 1.1519e-05 1.1517e-05 1.151e-05 1.1505e-05 1.1511e-05 1.152e-05 1.1516e-05 1.1543e-05 1.1571e-05 1.1615e-05 1.1512e-05 1.151e-05 1.1507e-05 1.1508e-05 1.1529e-05 1.1528e-05 1.1524e-05 1.1522e-05 1.151e-05 1.1506e-05 1.1512e-05 1.1538e-05 1.1532e-05 1.153e-05 1.1596e-05 1.1622e-05 1.1631e-05 1.1588e-05 1.1585e-05 1.1673e-05 1.1639e-05 1.1609e-05 1.1605e-05 1.1669e-05 1.1672e-05 1.1675e-05 1.1612e-05 1.1559e-05 1.1682e-05 1.1601e-05 1.1572e-05 1.1596e-05 1.1538e-05 1.1674e-05 1.178e-05 1.1703e-05 1.156e-05 1.1559e-05 1.152e-05 1.1541e-05 1.1552e-05 1.1537e-05 1.1529e-05 1.162e-05 1.1597e-05 1.1679e-05 1.1758e-05 1.1787e-05 1.1905e-05 1.1947e-05 1.1983e-05 1.2087e-05 1.2134e-05 1.2081e-05 1.2051e-05 1.1828e-05 1.1605e-05 1.1728e-05 1.1717e-05 1.1655e-05 1.1529e-05 1.1567e-05 1.1762e-05 1.1588e-05 1.1582e-05 1.1625e-05 1.1532e-05 1.1588e-05 1.1605e-05 1.1606e-05 1.1599e-05 1.1596e-05 1.1596e-05 1.1593e-05 1.1613e-05 1.1622e-05 1.163e-05 1.169e-05 1.1818e-05 1.1852e-05 1.189e-05 1.1807e-05 1.1642e-05 1.1912e-05 1.1885e-05 1.1703e-05 1.1796e-05 1.1668e-05 1.1568e-05 1.1571e-05 1.1514e-05 1.1666e-05 1.1534e-05 1.1566e-05 1.1539e-05 1.1521e-05 1.1531e-05 1.1556e-05 1.1641e-05 1.1691e-05 1.1685e-05 1.1593e-05 1.1594e-05 1.1579e-05 1.1521e-05 1.1517e-05
1.1516e-05 1.1647e-05 1.157e-05 1.1627e-05 1.1635e-05 1.1653e-05 1.1617e-05 1.1549e-05 1.1663e-05 1.1588e-05 1.1625e-05 1.1522e-05 1.1523e-05 1.1536e-05 1.1522e-05 1.1554e-05 1.1545e-05 1.1625e-05 1.1715e-05 1.1608e-05 1.1685e-05 1.1737e-05 1.1752e-05 1.179e-05 1.1829e-05 1.1891e-05 1.1937e-05 1.1989e-05 1.2106e-05 1.2246e-05 1.2351e-05 1.244e-05 1.2519e-05 1.2572e-05 1.259e-05 1.2778e-05 1.267e-05 1.2562e-05 1.289e-05 1.28e-05 1.2678e-05 1.2523e-05 1.2374e-05 1.2265e-05 1.2196e-05 1.2112e-05 1.2057e-05 1.1983e-05 1.1937e-05 1.1931e-05 1.1876e-05 1.186e-05 1.1942e-05 1.2054e-05 1.2324e-05 1.2104e-05 1.2008e-05 1.1956e-05 1.1953e-05 1.1995e-05 1.2204e-05 1.1828e-05 1.155e-05 1.154e-05 1.1523e-05 1.1521e-05 1.1521e-05 1.1608e-05 1.1562e-05 1.1538e-05 1.1529e-05 1.1525e-05 1.1515e-05 1.1675e-05 1.1761e-05 1.1524e-05 1.1547e-05 1.1564e-05 1.1638e-05 1.1545e-05 1.1547e-05 1.1532e-05 1.1619e-05 1.1515e-05 1.156e-05 1.1511e-05 1.1507e-05 1.1507e-05 1.1509e-05 1.16e-05 1.154e-05 1.1561e-05 1.1524e-05 1.1696e-05 1.1597e-05 1.1605e-05 1.1605e-05 1.171e-05 1.1802e-05 1.1621e-05 1.1611e-05 1.1643e-05 1.1624e-05 1.1614e-05 1.1647e-05 1.1744e-05 1.162e-05 1.1797e-05 1.1861e-05 1.1762e-05 1.1676e-05 1.1654e-05 1.1573e-05 1.1603e-05 1.1515e-05 1.1515e-05 1.1509e-05 1.1538e-05 1.1593e-05 1.1655e-05 1.1721e-05 1.1663e-05 1.1628e-05 1.1884e-05 1.1695e-05 1.2006e-05 1.1908e-05 1.1636e-05 1.1589e-05 1.1536e-05 1.1586e-05 1.1521e-05 1.1517e-05 1.1558e-05 1.1519e-05 1.154e-05 1.1561e-05 1.1516e-05 1.1676e-05 1.1579e-05 1.1607e-05 1.1652e-05 1.1689e-05 1.1676e-05 1.1651e-05 1.1631e-05 1.156e-05 1.1623e-05 1.1635e-05 1.1667e-05 1.1682e-05 1.1735e-05 1.1838e-05 1.1953e-05 1.1907e-05 1.1829e-05 1.1707e-05 1.1841e-05 1.1994e-05 1.1862e-05 1.1891e-05 1.177e-05 1.1656e-05 1.1567e-05 1.1641e-05 1.1632e-05 1.1544e-05 1.1632e-05 1.157e-05 1.1534e-05 1.1544e-05 1.1621e-05 1.17e-05 1.1554e-05 1.1558e-05 1.1595e-05 1.1571e-05 1.1516e-05 1.1504e-05 1.1525e-05
1.1517e-05 1.1526e-05 1.1618e-05 1.1616e-05 1.1635e-05 1.1605e-05 1.1565e-05 1.1536e-05 1.1517e-05 1.1513e-05 1.1515e-05 1.1519e-05 1.1505e-05 1.1504e-05 1.1521e-05 1.1509e-05 1.1774e-05 1.1675e-05 1.1589e-05 1.1686e-05 1.1689e-05 1.1763e-05 1.1767e-05 1.1798e-05 1.1851e-05 1.1936e-05 1.2007e-05 1.2111e-05 1.2229e-05 1.2344e-05 1.2448e-05 1.256e-05 1.262e-05 1.2653e-05 1.2636e-05 1.2656e-05 1.2877e-05 1.2777e-05 1.2905e-05 1.2833e-05 1.2696e-05 1.2531e-05 1.2426e-05 1.2345e-05 1.2268e-05 1.2197e-05 1.212e-05 1.2047e-05 1.1967e-05 1.192e-05 1.1831e-05 1.1844e-05 1.1846e-05 1.1947e-05 1.2173e-05 1.2117e-05 1.2019e-05 1.2011e-05 1.2021e-05 1.2126e-05 1.2331e-05 1.177e-05 1.1576e-05 1.1564e-05 1.1621e-05 1.158e-05 1.1537e-05 1.1598e-05 1.1535e-05 1.1539e-05 1.1567e-05 1.1509e-05 1.1504e-05 1.1568e-05 1.1627e-05 1.1691e-05 1.1533e-05 1.1564e-05 1.1543e-05 1.1583e-05 1.1581e-05 1.1557e-05 1.1562e-05 1.1653e-05 1.1537e-05 1.1505e-05 1.1508e-05 1.1516e-05 1.1506e-05 1.1641e-05 1.1528e-05 1.156e-05 1.1521e-05 1.1513e-05 1.1516e-05 1.1589e-05 1.161e-05 1.1517e-05 1.1595e-05 1.1726e-05 1.1684e-05 1.1739e-05 1.1795e-05 1.1841e-05 1.1757e-05 1.1651e-05 1.1852e-05 1.1866e-05 1.1955e-05 1.1781e-05 1.1711e-05 1.1602e-05 1.1628e-05 1.1714e-05 1.1723e-05 1.1653e-05 1.154e-05 1.1513e-05 1.1506e-05 1.1518e-05 1.1617e-05 1.1553e-05 1.1625e-05 1.1703e-05 1.1707e-05 1.1873e-05 1.168e-05 1.1551e-05 1.1537e-05 1.1516e-05 1.1507e-05 1.1505e-05 1.1507e-05 1.1513e-05 1.1565e-05 1.1681e-05 1.1857e-05 1.18e-05 1.1691e-05 1.1621e-05 1.1672e-05 1.1721e-05 1.1807e-05 1.1765e-05 1.1681e-05 1.1654e-05 1.1637e-05 1.1616e-05 1.1679e-05 1.1695e-05 1.1714e-05 1.1733e-05 1.1682e-05 1.172e-05 1.1699e-05 1.1848e-05 1.171e-05 1.1838e-05 1.1951e-05 1.185e-05 1.1962e-05 1.1726e-05 1.1667e-05 1.1609e-05 1.1607e-05 1.1572e-05 1.159e-05 1.1555e-05 1.1577e-05 1.1505e-05 1.1568e-05 1.1514e-05 1.1574e-05 1.1562e-05 1.1553e-05 1.1563e-05 1.1598e-05 1.1508e-05 1.1511e-05 1.1525e-05
1.1557e-05 1.1541e-05 1.1616e-05 1.1614e-05 1.162e-05 1.1615e-05 1.1548e-05 1.1508e-05 1.1507e-05 1.1515e-05 1.1528e-05 1.1524e-05 1.1514e-05 1.1529e-05 1.1517e-05 1.151e-05 1.1555e-05 1.1629e-05 1.1622e-05 1.1675e-05 1.1722e-05 1.1776e-05 1.1792e-05 1.1838e-05 1.1894e-05 1.1962e-05 1.2082e-05 1.2227e-05 1.2385e-05 1.251e-05 1.2601e-05 1.2701e-05 1.2759e-05 1.2767e-05 1.2729e-05 1.2858e-05 1.2813e-05 1.2991e-05 1.2954e-05 1.2824e-05 1.272e-05 1.2602e-05 1.2526e-05 1.2447e-05 1.2356e-05 1.2289e-05 1.2191e-05 1.2119e-05 1.204e-05 1.1974e-05 1.193e-05 1.1871e-05 1.1857e-05 1.1971e-05 1.2116e-05 1.2022e-05 1.2145e-05 1.2056e-05 1.2148e-05 1.225e-05 1.2227e-05 1.2118e-05 1.1601e-05 1.1606e-05 1.1585e-05 1.1614e-05 1.1548e-05 1.1531e-05 1.1538e-05 1.1533e-05 1.1513e-05 1.1518e-05 1.1505e-05 1.1513e-05 1.1645e-05 1.1765e-05 1.1623e-05 1.1573e-05 1.1619e-05 1.164e-05 1.1605e-05 1.1589e-05 1.1574e-05 1.1639e-05 1.1598e-05 1.1645e-05 1.1518e-05 1.1521e-05 1.1506e-05 1.152e-05 1.1535e-05 1.152e-05 1.1508e-05 1.1505e-05 1.1542e-05 1.1571e-05 1.1605e-05 1.1686e-05 1.1699e-05 1.1658e-05 1.1633e-05 1.1611e-05 1.1864e-05 1.1763e-05 1.1695e-05 1.1721e-05 1.1664e-05 1.1926e-05 1.195e-05 1.1821e-05 1.1682e-05 1.1799e-05 1.1665e-05 1.1674e-05 1.1656e-05 1.1595e-05 1.1567e-05 1.1509e-05 1.1509e-05 1.1518e-05 1.1542e-05 1.1581e-05 1.1531e-05 1.1654e-05 1.1551e-05 1.1541e-05 1.1564e-05 1.1557e-05 1.1507e-05 1.1507e-05 1.1517e-05 1.1537e-05 1.1504e-05 1.156e-05 1.165e-05 1.1703e-05 1.2028e-05 1.1984e-05 1.1739e-05 1.1777e-05 1.1717e-05 1.1721e-05 1.182e-05 1.1913e-05 1.1674e-05 1.1645e-05 1.1641e-05 1.1633e-05 1.163e-05 1.1691e-05 1.1758e-05 1.1829e-05 1.19e-05 1.1819e-05 1.1628e-05 1.1816e-05 1.1767e-05 1.1782e-05 1.1925e-05 1.1726e-05 1.1759e-05 1.171e-05 1.1745e-05 1.1747e-05 1.1602e-05 1.1574e-05 1.1535e-05 1.1568e-05 1.162e-05 1.1508e-05 1.1504e-05 1.1522e-05 1.1518e-05 1.1504e-05 1.1507e-05 1.1567e-05 1.1642e-05 1.1543e-05 1.154e-05 1.158e-05
1.1725e-05 1.1647e-05 1.1644e-05 1.1687e-05 1.1594e-05 1.1547e-05 1.1508e-05 1.1563e-05 1.1553e-05 1.1506e-05 1.1504e-05 1.1522e-05 1.1512e-05 1.1514e-05 1.1505e-05 1.1515e-05 1.1533e-05 1.1563e-05 1.1659e-05 1.1678e-05 1.1724e-05 1.179e-05 1.1834e-05 1.1912e-05 1.1965e-05 1.2045e-05 1.2163e-05 1.2371e-05 1.2617e-05 1.2743e-05 1.2819e-05 1.2856e-05 1.2891e-05 1.286e-05 1.2801e-05 1.3169e-05 1.2891e-05 1.3015e-05 1.298e-05 1.2908e-05 1.286e-05 1.2761e-05 1.2681e-05 1.2599e-05 1.2495e-05 1.2391e-05 1.2283e-05 1.2201e-05 1.2102e-05 1.2037e-05 1.1994e-05 1.196e-05 1.1914e-05 1.1931e-05 1.2056e-05 1.218e-05 1.2185e-05 1.219e-05 1.2149e-05 1.2181e-05 1.2287e-05 1.1872e-05 1.1655e-05 1.1668e-05 1.162e-05 1.1583e-05 1.1526e-05 1.152e-05 1.1514e-05 1.1539e-05 1.1519e-05 1.1506e-05 1.1511e-05 1.1589e-05 1.1857e-05 1.1871e-05 1.1834e-05 1.1585e-05 1.1666e-05 1.1663e-05 1.1776e-05 1.1638e-05 1.1607e-05 1.1595e-05 1.1682e-05 1.1721e-05 1.1554e-05 1.1512e-05 1.1515e-05 1.152e-05 1.1506e-05 1.1506e-05 1.1505e-05 1.1509e-05 1.1555e-05 1.1532e-05 1.1601e-05 1.1632e-05 1.1581e-05 1.1755e-05 1.1657e-05 1.1637e-05 1.181e-05 1.1706e-05 1.1827e-05 1.1732e-05 1.1923e-05 1.1983e-05 1.1832e-05 1.1825e-05 1.1879e-05 1.1772e-05 1.1778e-05 1.1723e-05 1.169e-05 1.1639e-05 1.1637e-05 1.165e-05 1.1635e-05 1.1504e-05 1.151e-05 1.1513e-05 1.152e-05 1.152e-05 1.1506e-05 1.1505e-05 1.1529e-05 1.153e-05 1.152e-05 1.1533e-05 1.1543e-05 1.1639e-05 1.1684e-05 1.1607e-05 1.1693e-05 1.1772e-05 1.1901e-05 1.1943e-05 1.182e-05 1.176e-05 1.1685e-05 1.1678e-05 1.1627e-05 1.163e-05 1.1664e-05 1.1653e-05 1.1647e-05 1.1643e-05 1.1674e-05 1.1702e-05 1.164e-05 1.1768e-05 1.1893e-05 1.1863e-05 1.1747e-05 1.1708e-05 1.174e-05 1.1687e-05 1.1825e-05 1.1712e-05 1.1684e-05 1.1734e-05 1.1763e-05 1.1786e-05 1.1638e-05 1.1636e-05 1.1667e-05 1.1683e-05 1.1542e-05 1.1506e-05 1.151e-05 1.1526e-05 1.1538e-05 1.159e-05 1.1522e-05 1.153e-05 1.1512e-05 1.1506e-05 1.1504e-05 1.17e-05
1.1709e-05 1.1713e-05 1.167e-05 1.1591e-05 1.1586e-05 1.1542e-05 1.1513e-05 1.1538e-05 1.1528e-05 1.1517e-05 1.1506e-05 1.1511e-05 1.1506e-05 1.1586e-05 1.1508e-05 1.1519e-05 1.1531e-05 1.1533e-05 1.1598e-05 1.1689e-05 1.1732e-05 1.1789e-05 1.1901e-05 1.1992e-05 1.2056e-05 1.2148e-05 1.2296e-05 1.2616e-05 1.2865e-05 1.3004e-05 1.3026e-05 1.3008e-05 1.2964e-05 1.2924e-05 1.3001e-05 1.3143e-05 1.3056e-05 1.3008e-05 1.3041e-05 1.3067e-05 1.304e-05 1.2942e-05 1.2839e-05 1.2759e-05 1.2619e-05 1.2502e-05 1.239e-05 1.2304e-05 1.2201e-05 1.2111e-05 1.2074e-05 1.2008e-05 1.2001e-05 1.1977e-05 1.2084e-05 1.2198e-05 1.2351e-05 1.2343e-05 1.2179e-05 1.2215e-05 1.2286e-05 1.1835e-05 1.1662e-05 1.1812e-05 1.1695e-05 1.1856e-05 1.2135e-05 1.1736e-05 1.1524e-05 1.1509e-05 1.1565e-05 1.1506e-05 1.1507e-05 1.1561e-05 1.1862e-05 1.1837e-05 1.1858e-05 1.1588e-05 1.1698e-05 1.161e-05 1.1684e-05 1.1651e-05 1.1657e-05 1.1653e-05 1.1669e-05 1.1648e-05 1.1585e-05 1.1583e-05 1.157e-05 1.1524e-05 1.1505e-05 1.1504e-05 1.1504e-05 1.1507e-05 1.1529e-05 1.1526e-05 1.1596e-05 1.1585e-05 1.166e-05 1.1535e-05 1.1627e-05 1.1691e-05 1.1802e-05 1.1804e-05 1.1807e-05 1.1824e-05 1.1797e-05 1.1941e-05 1.1796e-05 1.1798e-05 1.1756e-05 1.1812e-05 1.1863e-05 1.1871e-05 1.1782e-05 1.1764e-05 1.1716e-05 1.1576e-05 1.1562e-05 1.166e-05 1.1553e-05 1.1572e-05 1.1535e-05 1.1535e-05 1.1547e-05 1.1506e-05 1.1511e-05 1.1512e-05 1.1519e-05 1.1539e-05 1.1644e-05 1.1614e-05 1.1906e-05 1.1803e-05 1.1765e-05 1.1809e-05 1.1971e-05 1.1965e-05 1.1806e-05 1.1736e-05 1.1662e-05 1.1653e-05 1.1625e-05 1.1604e-05 1.1649e-05 1.1658e-05 1.1666e-05 1.1682e-05 1.1693e-05 1.1758e-05 1.172e-05 1.1746e-05 1.184e-05 1.1804e-05 1.1843e-05 1.1812e-05 1.1747e-05 1.1688e-05 1.1744e-05 1.1611e-05 1.1687e-05 1.1698e-05 1.1755e-05 1.1807e-05 1.1573e-05 1.1794e-05 1.1708e-05 1.1641e-05 1.1537e-05 1.1513e-05 1.1524e-05 1.1559e-05 1.156e-05 1.1606e-05 1.1656e-05 1.1546e-05 1.1547e-05 1.151e-05 1.1549e-05 1.1514e-05
1.1505e-05 1.1701e-05 1.1526e-05 1.1564e-05 1.1518e-05 1.1505e-05 1.166e-05 1.1597e-05 1.1511e-05 1.1518e-05 1.1518e-05 1.1508e-05 1.1524e-05 1.1518e-05 1.1506e-05 1.1515e-05 1.1679e-05 1.1525e-05 1.1505e-05 1.1657e-05 1.1714e-05 1.1801e-05 1.1888e-05 1.1982e-05 1.2106e-05 1.2261e-05 1.2515e-05 1.2902e-05 1.3227e-05 1.3307e-05 1.3225e-05 1.3106e-05 1.3066e-05 1.3004e-05 1.2968e-05 1.2983e-05 1.2938e-05 1.2931e-05 1.3094e-05 1.3166e-05 1.3173e-05 1.3046e-05 1.296e-05 1.2875e-05 1.274e-05 1.2579e-05 1.2462e-05 1.2372e-05 1.2308e-05 1.2259e-05 1.2252e-05 1.2127e-05 1.2068e-05 1.2065e-05 1.2164e-05 1.2201e-05 1.2317e-05 1.1999e-05 1.2235e-05 1.1954e-05 1.181e-05 1.1731e-05 1.2003e-05 1.2112e-05 1.2143e-05 1.2143e-05 1.2086e-05 1.2144e-05 1.2145e-05 1.1505e-05 1.1509e-05 1.1529e-05 1.1518e-05 1.1536e-05 1.1739e-05 1.1729e-05 1.1809e-05 1.1722e-05 1.1662e-05 1.1639e-05 1.1658e-05 1.1664e-05 1.1644e-05 1.1718e-05 1.1641e-05 1.1621e-05 1.1625e-05 1.1577e-05 1.1553e-05 1.1536e-05 1.1553e-05 1.1517e-05 1.1508e-05 1.1512e-05 1.1528e-05 1.1526e-05 1.154e-05 1.1576e-05 1.169e-05 1.1577e-05 1.1733e-05 1.1703e-05 1.174e-05 1.1835e-05 1.1803e-05 1.1883e-05 1.1842e-05 1.1852e-05 1.1895e-05 1.1872e-05 1.1752e-05 1.1894e-05 1.1945e-05 1.1952e-05 1.1925e-05 1.2022e-05 1.1763e-05 1.158e-05 1.1573e-05 1.1569e-05 1.1663e-05 1.1567e-05 1.1571e-05 1.1591e-05 1.1541e-05 1.1521e-05 1.1518e-05 1.1507e-05 1.1577e-05 1.1652e-05 1.17e-05 1.1941e-05 1.1966e-05 1.1952e-05 1.1863e-05 1.1906e-05 1.1976e-05 1.1922e-05 1.1905e-05 1.178e-05 1.1698e-05 1.1642e-05 1.1651e-05 1.1646e-05 1.162e-05 1.1646e-05 1.1695e-05 1.1672e-05 1.1751e-05 1.169e-05 1.1754e-05 1.169e-05 1.186e-05 1.1946e-05 1.1686e-05 1.1642e-05 1.1812e-05 1.1641e-05 1.1633e-05 1.1697e-05 1.1681e-05 1.1709e-05 1.1805e-05 1.1744e-05 1.1631e-05 1.1603e-05 1.1632e-05 1.1624e-05 1.1571e-05 1.1529e-05 1.1589e-05 1.1834e-05 1.1702e-05 1.166e-05 1.1555e-05 1.1716e-05 1.16e-05 1.1817e-05 1.1516e-05 1.1506e-05
1.1514e-05 1.1507e-05 1.151e-05 1.1541e-05 1.1516e-05 1.1509e-05 1.1565e-05 1.1664e-05 1.1609e-05 1.1653e-05 1.1574e-05 1.1508e-05 1.1504e-05 1.1509e-05 1.1508e-05 1.1513e-05 1.1517e-05 1.1522e-05 1.1541e-05 1.1604e-05 1.1677e-05 1.178e-05 1.1876e-05 1.1982e-05 1.2137e-05 1.2334e-05 1.2623e-05 1.3124e-05 1.3476e-05 1.3506e-05 1.3391e-05 1.3202e-05 1.3128e-05 1.3106e-05 1.3087e-05 1.2922e-05 1.2982e-05 1.2992e-05 1.3129e-05 1.3186e-05 1.3177e-05 1.2888e-05 1.3071e-05 1.2951e-05 1.2813e-05 1.2673e-05 1.2529e-05 1.2437e-05 1.2366e-05 1.2313e-05 1.2298e-05 1.207e-05 1.2249e-05 1.1781e-05 1.1929e-05 1.1713e-05 1.1752e-05 1.156e-05 1.2124e-05 1.2136e-05 1.1841e-05 1.1819e-05 1.1842e-05 1.177e-05 1.1929e-05 1.2021e-05 1.1746e-05 1.1759e-05 1.1583e-05 1.2122e-05 1.153e-05 1.1509e-05 1.1538e-05 1.1581e-05 1.1607e-05 1.1729e-05 1.169e-05 1.1804e-05 1.1882e-05 1.1691e-05 1.1672e-05 1.1676e-05 1.1663e-05 1.1664e-05 1.1601e-05 1.1618e-05 1.1661e-05 1.1596e-05 1.1548e-05 1.1613e-05 1.1565e-05 1.1544e-05 1.1516e-05 1.1504e-05 1.1524e-05 1.1509e-05 1.1525e-05 1.1562e-05 1.1592e-05 1.1591e-05 1.16e-05 1.1664e-05 1.1764e-05 1.1821e-05 1.1878e-05 1.1735e-05 1.1866e-05 1.1874e-05 1.191e-05 1.1933e-05 1.1921e-05 1.1878e-05 1.1998e-05 1.1884e-05 1.1918e-05 1.1847e-05 1.1846e-05 1.1639e-05 1.1599e-05 1.1626e-05 1.1614e-05 1.1564e-05 1.1594e-05 1.1595e-05 1.1659e-05 1.1562e-05 1.1551e-05 1.1547e-05 1.1583e-05 1.1626e-05 1.189e-05 1.196e-05 1.2053e-05 1.1889e-05 1.1934e-05 1.1871e-05 1.1989e-05 1.1936e-05 1.1745e-05 1.1737e-05 1.1619e-05 1.1645e-05 1.1616e-05 1.1635e-05 1.1622e-05 1.1638e-05 1.1726e-05 1.177e-05 1.1786e-05 1.1764e-05 1.1777e-05 1.1838e-05 1.1724e-05 1.1857e-05 1.1632e-05 1.1636e-05 1.176e-05 1.1756e-05 1.1669e-05 1.1643e-05 1.1711e-05 1.1683e-05 1.1783e-05 1.1821e-05 1.1728e-05 1.1536e-05 1.153e-05 1.1513e-05 1.1508e-05 1.1601e-05 1.1675e-05 1.176e-05 1.1786e-05 1.1753e-05 1.1733e-05 1.179e-05 1.1842e-05 1.1751e-05 1.1836e-05 1.1744e-05
1.1823e-05 1.1694e-05 1.1854e-05 1.1867e-05 1.1541e-05 1.1532e-05 1.1582e-05 1.1688e-05 1.1614e-05 1.162e-05 1.1574e-05 1.1559e-05 1.1569e-05 1.1514e-05 1.1536e-05 1.1523e-05 1.1513e-05 1.1507e-05 1.1521e-05 1.1569e-05 1.1648e-05 1.1721e-05 1.1855e-05 1.1982e-05 1.2182e-05 1.237e-05 1.2634e-05 1.3075e-05 1.347e-05 1.3465e-05 1.3516e-05 1.3205e-05 1.315e-05 1.3147e-05 1.3166e-05 1.302e-05 1.3038e-05 1.3105e-05 1.3205e-05 1.3251e-05 1.3157e-05 1.3079e-05 1.3092e-05 1.2969e-05 1.2856e-05 1.274e-05 1.254e-05 1.2478e-05 1.2416e-05 1.2346e-05 1.2382e-05 1.2172e-05 1.1569e-05 1.1808e-05 1.2112e-05 1.21e-05 1.1527e-05 1.2527e-05 1.2593e-05 1.2269e-05 1.2057e-05 1.1992e-05 1.1899e-05 1.1832e-05 1.1704e-05 1.1734e-05 1.1681e-05 1.1529e-05 1.1527e-05 1.1517e-05 1.2145e-05 1.1641e-05 1.2145e-05 1.1762e-05 1.1648e-05 1.1883e-05 1.1891e-05 1.1774e-05 1.1846e-05 1.1864e-05 1.1701e-05 1.1703e-05 1.1722e-05 1.1681e-05 1.1696e-05 1.1668e-05 1.1745e-05 1.1636e-05 1.1659e-05 1.1591e-05 1.1592e-05 1.1646e-05 1.1522e-05 1.1508e-05 1.1505e-05 1.1505e-05 1.1504e-05 1.1525e-05 1.18e-05 1.1694e-05 1.159e-05 1.1577e-05 1.169e-05 1.1757e-05 1.1786e-05 1.1879e-05 1.1891e-05 1.1868e-05 1.1934e-05 1.1922e-05 1.1788e-05 1.1889e-05 1.1862e-05 1.1947e-05 1.1873e-05 1.1831e-05 1.1848e-05 1.1784e-05 1.1685e-05 1.1738e-05 1.17e-05 1.1636e-05 1.1645e-05 1.1667e-05 1.1748e-05 1.1562e-05 1.1581e-05 1.1538e-05 1.1582e-05 1.1588e-05 1.1646e-05 1.1856e-05 1.2023e-05 1.1957e-05 1.1972e-05 1.1809e-05 1.1914e-05 1.1784e-05 1.1692e-05 1.1684e-05 1.159e-05 1.1608e-05 1.1642e-05 1.1621e-05 1.1616e-05 1.1624e-05 1.1653e-05 1.164e-05 1.1705e-05 1.1711e-05 1.1743e-05 1.1849e-05 1.1962e-05 1.1823e-05 1.1841e-05 1.1768e-05 1.1666e-05 1.164e-05 1.17e-05 1.1593e-05 1.1659e-05 1.1558e-05 1.1521e-05 1.1568e-05 1.1538e-05 1.1587e-05 1.1519e-05 1.1507e-05 1.1529e-05 1.1647e-05 1.1709e-05 1.1729e-05 1.1848e-05 1.1814e-05 1.1873e-05 1.1915e-05 1.1918e-05 1.1686e-05 1.1751e-05 1.1637e-05
1.1568e-05 1.1637e-05 1.1623e-05 1.1762e-05 1.1863e-05 1.1571e-05 1.1697e-05 1.1614e-05 1.17e-05 1.174e-05 1.1614e-05 1.1647e-05 1.1578e-05 1.1558e-05 1.156e-05 1.1523e-05 1.1524e-05 1.1505e-05 1.1507e-05 1.1546e-05 1.1595e-05 1.1699e-05 1.1796e-05 1.1945e-05 1.2115e-05 1.2327e-05 1.257e-05 1.2793e-05 1.3431e-05 1.3188e-05 1.3185e-05 1.3388e-05 1.3177e-05 1.3176e-05 1.3161e-05 1.3186e-05 1.3093e-05 1.3143e-05 1.3135e-05 1.3202e-05 1.3173e-05 1.303e-05 1.2573e-05 1.2083e-05 1.2428e-05 1.2723e-05 1.2555e-05 1.2377e-05 1.2394e-05 1.2265e-05 1.169e-05 1.2026e-05 1.1997e-05 1.2126e-05 1.1783e-05 1.2394e-05 1.2657e-05 1.1962e-05 1.2463e-05 1.2079e-05 1.1997e-05 1.1947e-05 1.1731e-05 1.1779e-05 1.1657e-05 1.161e-05 1.1635e-05 1.1511e-05 1.1947e-05 1.1509e-05 1.2144e-05 1.2144e-05 1.2133e-05 1.211e-05 1.2038e-05 1.19e-05 1.1707e-05 1.1801e-05 1.1816e-05 1.2032e-05 1.1866e-05 1.1691e-05 1.1745e-05 1.1757e-05 1.1732e-05 1.1745e-05 1.1818e-05 1.1656e-05 1.1672e-05 1.1673e-05 1.1738e-05 1.1555e-05 1.1554e-05 1.154e-05 1.1508e-05 1.1508e-05 1.1505e-05 1.1519e-05 1.1622e-05 1.1644e-05 1.1581e-05 1.1616e-05 1.1721e-05 1.1679e-05 1.169e-05 1.1798e-05 1.1883e-05 1.1781e-05 1.153e-05 1.1506e-05 1.1857e-05 1.1748e-05 1.1821e-05 1.1791e-05 1.1806e-05 1.1847e-05 1.1839e-05 1.1813e-05 1.1741e-05 1.1725e-05 1.172e-05 1.178e-05 1.1721e-05 1.177e-05 1.1779e-05 1.1748e-05 1.1674e-05 1.1594e-05 1.1582e-05 1.1582e-05 1.1657e-05 1.1756e-05 1.2014e-05 1.1774e-05 1.177e-05 1.1938e-05 1.1699e-05 1.1638e-05 1.1786e-05 1.1667e-05 1.1593e-05 1.1585e-05 1.1558e-05 1.1594e-05 1.1594e-05 1.1639e-05 1.1659e-05 1.1574e-05 1.1593e-05 1.1683e-05 1.1891e-05 1.1824e-05 1.1958e-05 1.1742e-05 1.1638e-05 1.1676e-05 1.1625e-05 1.1547e-05 1.1625e-05 1.1572e-05 1.1516e-05 1.1584e-05 1.1682e-05 1.1541e-05 1.1532e-05 1.1682e-05 1.1666e-05 1.1615e-05 1.1693e-05 1.1712e-05 1.1767e-05 1.1827e-05 1.1885e-05 1.2049e-05 1.1978e-05 1.1964e-05 1.1705e-05 1.1578e-05 1.1738e-05 1.1681e-05
1.171e-05 1.1689e-05 1.165e-05 1.165e-05 1.2001e-05 1.1921e-05 1.1755e-05 1.1785e-05 1.1934e-05 1.1834e-05 1.1785e-05 1.1687e-05 1.1626e-05 1.1616e-05 1.161e-05 1.1631e-05 1.1602e-05 1.1524e-05 1.1505e-05 1.1517e-05 1.1564e-05 1.1648e-05 1.1742e-05 1.1903e-05 1.2069e-05 1.2231e-05 1.2431e-05 1.2604e-05 1.3344e-05 1.3455e-05 1.3511e-05 1.3455e-05 1.3242e-05 1.3193e-05 1.3158e-05 1.311e-05 1.3203e-05 1.32e-05 1.3107e-05 1.3199e-05 1.23e-05 1.2215e-05 1.297e-05 1.1806e-05 1.1999e-05 1.1846e-05 1.185e-05 1.1554e-05 1.1583e-05 1.153e-05 1.1955e-05 1.2485e-05 1.1627e-05 1.2145e-05 1.161e-05 1.1716e-05 1.1848e-05 1.1794e-05 1.2132e-05 1.1939e-05 1.1899e-05 1.1888e-05 1.1797e-05 1.1746e-05 1.1504e-05 1.1821e-05 1.1885e-05 1.174e-05 1.1592e-05 1.1557e-05 1.1819e-05 1.2142e-05 1.2144e-05 1.2121e-05 1.2143e-05 1.211e-05 1.2016e-05 1.1746e-05 1.1732e-05 1.1815e-05 1.1842e-05 1.179e-05 1.1812e-05 1.1721e-05 1.1751e-05 1.1713e-05 1.1662e-05 1.1624e-05 1.161e-05 1.1637e-05 1.1613e-05 1.1653e-05 1.1553e-05 1.1538e-05 1.1534e-05 1.1545e-05 1.1545e-05 1.1506e-05 1.1561e-05 1.1536e-05 1.1719e-05 1.1732e-05 1.1688e-05 1.1677e-05 1.1866e-05 1.1736e-05 1.1696e-05 1.1777e-05 1.1783e-05 1.1771e-05 1.1715e-05 1.1723e-05 1.1684e-05 1.1875e-05 1.1851e-05 1.1846e-05 1.1848e-05 1.1705e-05 1.1692e-05 1.1741e-05 1.184e-05 1.1894e-05 1.1858e-05 1.1929e-05 1.1804e-05 1.1668e-05 1.1725e-05 1.1684e-05 1.1585e-05 1.1584e-05 1.1607e-05 1.1633e-05 1.1903e-05 1.193e-05 1.1806e-05 1.1734e-05 1.1729e-05 1.1701e-05 1.1736e-05 1.1644e-05 1.1583e-05 1.1593e-05 1.1541e-05 1.1548e-05 1.1557e-05 1.1548e-05 1.153e-05 1.1532e-05 1.1536e-05 1.151e-05 1.1952e-05 1.1995e-05 1.1944e-05 1.1742e-05 1.1867e-05 1.1559e-05 1.1581e-05 1.1505e-05 1.1507e-05 1.1505e-05 1.1585e-05 1.1677e-05 1.1645e-05 1.1602e-05 1.178e-05 1.1882e-05 1.1797e-05 1.1868e-05 1.188e-05 1.1864e-05 1.1878e-05 1.1872e-05 1.1928e-05 1.1998e-05 1.2049e-05 1.2051e-05 1.1918e-05 1.1829e-05 1.1794e-05 1.1715e-05
1.1739e-05 1.1784e-05 1.1829e-05 1.181e-05 1.1723e-05 1.2019e-05 1.1997e-05 1.1991e-05 1.2032e-05 1.1868e-05 1.1778e-05 1.1615e-05 1.1671e-05 1.1719e-05 1.1792e-05 1.1842e-05 1.1841e-05 1.1702e-05 1.151e-05 1.1509e-05 1.1517e-05 1.1569e-05 1.166e-05 1.1808e-05 1.1951e-05 1.2116e-05 1.2283e-05 1.2545e-05 1.2868e-05 1.3232e-05 1.3432e-05 1.3403e-05 1.3241e-05 1.3215e-05 1.3139e-05 1.3082e-05 1.3087e-05 1.2838e-05 1.302e-05 1.316e-05 1.3083e-05 1.3011e-05 1.2899e-05 1.1636e-05 1.2151e-05 1.1541e-05 1.2055e-05 1.1808e-05 1.2154e-05 1.2401e-05 1.2534e-05 1.162e-05 1.1554e-05 1.161e-05 1.1511e-05 1.2376e-05 1.2261e-05 1.1894e-05 1.161e-05 1.1644e-05 1.1825e-05 1.1781e-05 1.1744e-05 1.1732e-05 1.1566e-05 1.1648e-05 1.1517e-05 1.1585e-05 1.1571e-05 1.1527e-05 1.1511e-05 1.166e-05 1.2067e-05 1.1587e-05 1.1579e-05 1.2066e-05 1.2123e-05 1.2075e-05 1.165e-05 1.1712e-05 1.2005e-05 1.1895e-05 1.1869e-05 1.181e-05 1.178e-05 1.1708e-05 1.1646e-05 1.1652e-05 1.1706e-05 1.166e-05 1.1622e-05 1.16e-05 1.1632e-05 1.1534e-05 1.1536e-05 1.156e-05 1.1546e-05 1.1539e-05 1.1506e-05 1.1511e-05 1.1559e-05 1.1783e-05 1.1732e-05 1.1685e-05 1.161e-05 1.168e-05 1.1709e-05 1.1728e-05 1.1697e-05 1.1743e-05 1.1604e-05 1.1588e-05 1.1622e-05 1.1815e-05 1.1866e-05 1.1846e-05 1.1918e-05 1.1853e-05 1.1927e-05 1.1765e-05 1.1849e-05 1.1753e-05 1.1827e-05 1.182e-05 1.175e-05 1.1805e-05 1.1635e-05 1.1747e-05 1.1609e-05 1.1596e-05 1.163e-05 1.1766e-05 1.1733e-05 1.1881e-05 1.1742e-05 1.1703e-05 1.1616e-05 1.1643e-05 1.162e-05 1.1591e-05 1.1614e-05 1.1564e-05 1.1507e-05 1.1505e-05 1.1514e-05 1.1521e-05 1.1528e-05 1.1505e-05 1.1528e-05 1.1562e-05 1.1682e-05 1.18e-05 1.1595e-05 1.1622e-05 1.1644e-05 1.1538e-05 1.1814e-05 1.1594e-05 1.2132e-05 1.1828e-05 1.1733e-05 1.1635e-05 1.1639e-05 1.1809e-05 1.181e-05 1.1953e-05 1.1957e-05 1.1927e-05 1.1926e-05 1.1959e-05 1.1977e-05 1.1967e-05 1.2031e-05 1.2027e-05 1.2026e-05 1.2042e-05 1.205e-05 1.1982e-05 1.1894e-05 1.1809e-05
1.1817e-05 1.1797e-05 1.1886e-05 1.1902e-05 1.1842e-05 1.2092e-05 1.2095e-05 1.2063e-05 1.1941e-05 1.1993e-05 1.1694e-05 1.1539e-05 1.1806e-05 1.2021e-05 1.2e-05 1.2044e-05 1.1661e-05 1.1514e-05 1.1693e-05 1.1574e-05 1.1518e-05 1.1521e-05 1.1538e-05 1.1651e-05 1.182e-05 1.1984e-05 1.2142e-05 1.2414e-05 1.2614e-05 1.2956e-05 1.3177e-05 1.3214e-05 1.327e-05 1.3275e-05 1.3117e-05 1.3018e-05 1.2937e-05 1.2892e-05 1.2881e-05 1.2986e-05 1.3033e-05 1.2891e-05 1.279e-05 1.2542e-05 1.2454e-05 1.2438e-05 1.2248e-05 1.2236e-05 1.229e-05 1.2381e-05 1.2459e-05 1.2524e-05 1.2375e-05 1.1609e-05 1.1757e-05 1.2213e-05 1.2026e-05 1.1872e-05 1.1775e-05 1.1912e-05 1.1827e-05 1.1641e-05 1.1649e-05 1.1584e-05 1.1572e-05 1.1552e-05 1.1569e-05 1.1512e-05 1.1505e-05 1.1518e-05 1.1553e-05 1.1597e-05 1.2144e-05 1.1732e-05 1.1691e-05 1.2013e-05 1.1909e-05 1.1964e-05 1.1779e-05 1.1808e-05 1.1876e-05 1.1875e-05 1.2004e-05 1.1897e-05 1.1796e-05 1.1746e-05 1.1784e-05 1.1714e-05 1.1706e-05 1.1685e-05 1.1661e-05 1.1619e-05 1.1593e-05 1.1581e-05 1.1551e-05 1.1543e-05 1.1504e-05 1.1542e-05 1.154e-05 1.1548e-05 1.1526e-05 1.1624e-05 1.168e-05 1.164e-05 1.1579e-05 1.1683e-05 1.1653e-05 1.1611e-05 1.1626e-05 1.1625e-05 1.1576e-05 1.1575e-05 1.1635e-05 1.171e-05 1.1762e-05 1.1891e-05 1.1978e-05 1.1635e-05 1.168e-05 1.175e-05 1.1774e-05 1.1739e-05 1.1786e-05 1.1675e-05 1.1834e-05 1.1736e-05 1.1801e-05 1.1627e-05 1.1614e-05 1.1569e-05 1.166e-05 1.1626e-05 1.1651e-05 1.1681e-05 1.1593e-05 1.1504e-05 1.1667e-05 1.1538e-05 1.156e-05 1.1612e-05 1.1562e-05 1.1549e-05 1.1511e-05 1.1512e-05 1.1511e-05 1.1553e-05 1.1523e-05 1.1507e-05 1.1536e-05 1.1582e-05 1.1702e-05 1.1656e-05 1.1681e-05 1.1635e-05 1.1583e-05 1.1507e-05 1.1816e-05 1.1818e-05 1.184e-05 1.1702e-05 1.1863e-05 1.1824e-05 1.1809e-05 1.1779e-05 1.1853e-05 1.1966e-05 1.191e-05 1.1815e-05 1.2026e-05 1.2039e-05 1.2028e-05 1.2056e-05 1.2067e-05 1.2077e-05 1.2075e-05 1.2077e-05 1.2062e-05 1.2034e-05 1.1934e-05 1.1913e-05
1.1943e-05 1.1915e-05 1.1936e-05 1.1997e-05 1.2023e-05 1.2098e-05 1.21e-05 1.2048e-05 1.2014e-05 1.1818e-05 1.1645e-05 1.1519e-05 1.1852e-05 1.2007e-05 1.2087e-05 1.1901e-05 1.1699e-05 1.1817e-05 1.1772e-05 1.1585e-05 1.1549e-05 1.1512e-05 1.1506e-05 1.1554e-05 1.1674e-05 1.1885e-05 1.2073e-05 1.2288e-05 1.2493e-05 1.27e-05 1.2968e-05 1.3102e-05 1.336e-05 1.3507e-05 1.3068e-05 1.2965e-05 1.2896e-05 1.2825e-05 1.2781e-05 1.277e-05 1.2757e-05 1.2518e-05 1.2412e-05 1.2318e-05 1.224e-05 1.2071e-05 1.1977e-05 1.1912e-05 1.1836e-05 1.1772e-05 1.1868e-05 1.1594e-05 1.1958e-05 1.2206e-05 1.2168e-05 1.2079e-05 1.1831e-05 1.1738e-05 1.1712e-05 1.1504e-05 1.163e-05 1.1575e-05 1.1567e-05 1.1572e-05 1.1534e-05 1.1522e-05 1.1524e-05 1.1571e-05 1.1593e-05 1.1571e-05 1.1877e-05 1.1618e-05 1.2134e-05 1.214e-05 1.1851e-05 1.1855e-05 1.1795e-05 1.1815e-05 1.1838e-05 1.1924e-05 1.2063e-05 1.2015e-05 1.1972e-05 1.1827e-05 1.1847e-05 1.183e-05 1.1776e-05 1.1713e-05 1.1676e-05 1.1662e-05 1.1678e-05 1.1715e-05 1.1628e-05 1.1611e-05 1.1561e-05 1.1545e-05 1.1506e-05 1.1538e-05 1.1536e-05 1.1544e-05 1.1522e-05 1.1548e-05 1.1581e-05 1.1623e-05 1.1576e-05 1.1592e-05 1.1603e-05 1.1568e-05 1.156e-05 1.1549e-05 1.153e-05 1.1534e-05 1.1668e-05 1.1729e-05 1.1737e-05 1.1827e-05 1.1915e-05 1.1631e-05 1.1681e-05 1.169e-05 1.1682e-05 1.1788e-05 1.1764e-05 1.1822e-05 1.1721e-05 1.1704e-05 1.1657e-05 1.1623e-05 1.1521e-05 1.1542e-05 1.1603e-05 1.1708e-05 1.1609e-05 1.1582e-05 1.1505e-05 1.1507e-05 1.1527e-05 1.1554e-05 1.1549e-05 1.1578e-05 1.1541e-05 1.1522e-05 1.152e-05 1.1526e-05 1.1533e-05 1.1564e-05 1.1542e-05 1.154e-05 1.1513e-05 1.1578e-05 1.16e-05 1.1582e-05 1.1505e-05 1.1504e-05 1.1531e-05 1.1805e-05 1.1928e-05 1.1985e-05 1.1914e-05 1.1899e-05 1.2019e-05 1.1969e-05 1.1869e-05 1.1858e-05 1.1975e-05 1.1929e-05 1.18e-05 1.1926e-05 1.2018e-05 1.2047e-05 1.2055e-05 1.2063e-05 1.2065e-05 1.2079e-05 1.2083e-05 1.2079e-05 1.2046e-05 1.205e-05 1.2005e-05 1.1962e-05
1.1975e-05 1.1924e-05 1.1996e-05 1.2069e-05 1.2046e-05 1.2074e-05 1.2101e-05 1.2122e-05 1.2026e-05 1.1886e-05 1.168e-05 1.1688e-05 1.1965e-05 1.2086e-05 1.209e-05 1.2016e-05 1.1942e-05 1.1881e-05 1.1576e-05 1.1709e-05 1.1595e-05 1.1595e-05 1.1505e-05 1.1594e-05 1.1722e-05 1.1766e-05 1.1954e-05 1.2227e-05 1.2466e-05 1.2547e-05 1.2668e-05 1.2816e-05 1.3296e-05 1.3511e-05 1.3495e-05 1.2889e-05 1.2849e-05 1.2814e-05 1.2726e-05 1.2632e-05 1.2513e-05 1.2415e-05 1.2343e-05 1.2244e-05 1.2122e-05 1.1969e-05 1.1872e-05 1.1771e-05 1.1632e-05 1.1545e-05 1.1906e-05 1.2226e-05 1.2282e-05 1.2161e-05 1.2065e-05 1.1884e-05 1.1755e-05 1.1645e-05 1.1628e-05 1.154e-05 1.1583e-05 1.1546e-05 1.1508e-05 1.1546e-05 1.1528e-05 1.1514e-05 1.1527e-05 1.1732e-05 1.1511e-05 1.1553e-05 1.166e-05 1.2115e-05 1.2119e-05 1.2128e-05 1.1726e-05 1.1796e-05 1.1806e-05 1.1838e-05 1.1738e-05 1.2082e-05 1.1744e-05 1.2069e-05 1.1902e-05 1.1802e-05 1.1902e-05 1.1878e-05 1.1788e-05 1.1705e-05 1.1741e-05 1.1673e-05 1.1664e-05 1.1697e-05 1.1642e-05 1.1637e-05 1.162e-05 1.1557e-05 1.1541e-05 1.1506e-05 1.1507e-05 1.1505e-05 1.1507e-05 1.1505e-05 1.1519e-05 1.1504e-05 1.1564e-05 1.1607e-05 1.1594e-05 1.1516e-05 1.1533e-05 1.1537e-05 1.1537e-05 1.1616e-05 1.1581e-05 1.1617e-05 1.1718e-05 1.1768e-05 1.168e-05 1.1683e-05 1.1761e-05 1.1652e-05 1.17e-05 1.174e-05 1.1716e-05 1.1707e-05 1.1709e-05 1.168e-05 1.1635e-05 1.1579e-05 1.1567e-05 1.1535e-05 1.1505e-05 1.1509e-05 1.1522e-05 1.1518e-05 1.1534e-05 1.152e-05 1.1504e-05 1.1505e-05 1.151e-05 1.1508e-05 1.1523e-05 1.1532e-05 1.1592e-05 1.1586e-05 1.1608e-05 1.1534e-05 1.151e-05 1.1515e-05 1.151e-05 1.1543e-05 1.1514e-05 1.1512e-05 1.1686e-05 1.1758e-05 1.1781e-05 1.1819e-05 1.1936e-05 1.1994e-05 1.1965e-05 1.2015e-05 1.1974e-05 1.1975e-05 1.1934e-05 1.2001e-05 1.1988e-05 1.1941e-05 1.1874e-05 1.2e-05 1.2031e-05 1.2044e-05 1.2057e-05 1.2068e-05 1.2068e-05 1.2075e-05 1.2078e-05 1.2078e-05 1.2082e-05 1.2067e-05 1.2051e-05 1.2023e-05
1.2084e-05 1.2065e-05 1.2075e-05 1.2094e-05 1.2112e-05 1.2118e-05 1.2113e-05 1.2101e-05 1.2082e-05 1.1891e-05 1.1824e-05 1.1852e-05 1.2096e-05 1.2115e-05 1.2111e-05 1.2077e-05 1.2038e-05 1.1724e-05 1.1678e-05 1.1811e-05 1.1731e-05 1.153e-05 1.1516e-05 1.1635e-05 1.1808e-05 1.1617e-05 1.1809e-05 1.2396e-05 1.2457e-05 1.2426e-05 1.2467e-05 1.2427e-05 1.2567e-05 1.3342e-05 1.3053e-05 1.281e-05 1.2873e-05 1.2842e-05 1.2706e-05 1.2574e-05 1.2451e-05 1.2381e-05 1.2321e-05 1.2327e-05 1.1998e-05 1.1867e-05 1.1728e-05 1.1646e-05 1.1574e-05 1.1505e-05 1.1507e-05 1.1746e-05 1.1918e-05 1.1849e-05 1.1741e-05 1.1652e-05 1.1601e-05 1.1578e-05 1.1563e-05 1.1519e-05 1.1524e-05 1.1544e-05 1.1591e-05 1.1513e-05 1.153e-05 1.1505e-05 1.1506e-05 1.1562e-05 1.1577e-05 1.1655e-05 1.1698e-05 1.1768e-05 1.2144e-05 1.2144e-05 1.2127e-05 1.2066e-05 1.2093e-05 1.2048e-05 1.1993e-05 1.1992e-05 1.183e-05 1.1783e-05 1.191e-05 1.1844e-05 1.1805e-05 1.1911e-05 1.1764e-05 1.1679e-05 1.1715e-05 1.1708e-05 1.1743e-05 1.17e-05 1.1679e-05 1.1642e-05 1.1612e-05 1.1563e-05 1.1556e-05 1.1518e-05 1.1536e-05 1.1513e-05 1.1513e-05 1.1513e-05 1.1512e-05 1.1505e-05 1.1504e-05 1.1565e-05 1.1524e-05 1.1505e-05 1.1539e-05 1.1542e-05 1.1526e-05 1.1566e-05 1.1648e-05 1.1657e-05 1.1693e-05 1.1594e-05 1.1639e-05 1.164e-05 1.1716e-05 1.1643e-05 1.1684e-05 1.172e-05 1.1727e-05 1.1691e-05 1.1686e-05 1.1665e-05 1.1608e-05 1.1576e-05 1.1533e-05 1.1519e-05 1.1569e-05 1.1696e-05 1.1803e-05 1.186e-05 1.2e-05 1.1838e-05 1.1548e-05 1.1529e-05 1.1511e-05 1.1549e-05 1.1557e-05 1.1606e-05 1.1642e-05 1.1601e-05 1.1584e-05 1.151e-05 1.1507e-05 1.1505e-05 1.151e-05 1.1543e-05 1.1537e-05 1.1811e-05 1.1774e-05 1.1715e-05 1.1746e-05 1.1921e-05 1.1966e-05 1.2002e-05 1.2013e-05 1.2035e-05 1.1959e-05 1.2031e-05 1.2006e-05 1.2024e-05 1.2014e-05 1.1964e-05 1.1986e-05 1.2023e-05 1.2035e-05 1.2042e-05 1.2046e-05 1.2062e-05 1.2069e-05 1.2071e-05 1.207e-05 1.2077e-05 1.2081e-05 1.2085e-05 1.2089e-05 1.2091e-05
1.2082e-05 1.21e-05 1.2129e-05 1.2101e-05 1.2123e-05 1.2124e-05 1.2117e-05 1.2114e-05 1.2099e-05 1.2025e-05 1.1973e-05 1.1941e-05 1.2117e-05 1.2129e-05 1.213e-05 1.2116e-05 1.1941e-05 1.166e-05 1.1923e-05 1.1869e-05 1.167e-05 1.1505e-05 1.1578e-05 1.1672e-05 1.1605e-05 1.1582e-05 1.1634e-05 1.1978e-05 1.2422e-05 1.2452e-05 1.2387e-05 1.2258e-05 1.2177e-05 1.2276e-05 1.2541e-05 1.2718e-05 1.2918e-05 1.2964e-05 1.2668e-05 1.2493e-05 1.2372e-05 1.2305e-05 1.227e-05 1.2344e-05 1.1935e-05 1.1712e-05 1.1619e-05 1.1564e-05 1.1514e-05 1.1532e-05 1.1579e-05 1.1628e-05 1.1634e-05 1.157e-05 1.1537e-05 1.1514e-05 1.152e-05 1.1516e-05 1.1512e-05 1.1505e-05 1.152e-05 1.151e-05 1.1554e-05 1.1528e-05 1.1506e-05 1.1528e-05 1.157e-05 1.1597e-05 1.1613e-05 1.1722e-05 1.1871e-05 1.2131e-05 1.188e-05 1.2069e-05 1.2145e-05 1.2129e-05 1.2037e-05 1.1872e-05 1.1824e-05 1.1838e-05 1.177e-05 1.186e-05 1.1799e-05 1.1838e-05 1.1927e-05 1.1828e-05 1.1808e-05 1.1701e-05 1.1728e-05 1.1702e-05 1.1684e-05 1.1691e-05 1.1612e-05 1.1599e-05 1.1589e-05 1.1583e-05 1.1574e-05 1.1577e-05 1.1549e-05 1.1516e-05 1.1517e-05 1.1514e-05 1.1508e-05 1.1512e-05 1.1507e-05 1.1505e-05 1.1508e-05 1.1505e-05 1.1507e-05 1.157e-05 1.1542e-05 1.1706e-05 1.1657e-05 1.1685e-05 1.1634e-05 1.1674e-05 1.1666e-05 1.1631e-05 1.1648e-05 1.1651e-05 1.1682e-05 1.1712e-05 1.1739e-05 1.1723e-05 1.1589e-05 1.1645e-05 1.1611e-05 1.1555e-05 1.1513e-05 1.1514e-05 1.1689e-05 1.2144e-05 1.2144e-05 1.2144e-05 1.2145e-05 1.2141e-05 1.2084e-05 1.175e-05 1.166e-05 1.1636e-05 1.1622e-05 1.1702e-05 1.1657e-05 1.1586e-05 1.1597e-05 1.1519e-05 1.1506e-05 1.1508e-05 1.1526e-05 1.1517e-05 1.18e-05 1.1768e-05 1.1826e-05 1.1842e-05 1.1885e-05 1.1902e-05 1.1983e-05 1.201e-05 1.203e-05 1.2034e-05 1.2023e-05 1.2012e-05 1.2027e-05 1.2026e-05 1.2027e-05 1.2025e-05 1.2025e-05 1.2021e-05 1.2035e-05 1.2037e-05 1.2037e-05 1.2051e-05 1.2059e-05 1.2064e-05 1.2067e-05 1.2075e-05 1.2082e-05 1.2085e-05 1.209e-05 1.2096e-05
1.2092e-05 1.2103e-05 1.211e-05 1.2113e-05 1.2123e-05 1.2125e-05 1.2124e-05 1.2122e-05 1.2114e-05 1.2079e-05 1.2017e-05 1.2088e-05 1.2131e-05 1.2137e-05 1.2138e-05 1.212e-05 1.1896e-05 1.2029e-05 1.2006e-05 1.1882e-05 1.1582e-05 1.1505e-05 1.1509e-05 1.1507e-05 1.1518e-05 1.1524e-05 1.1577e-05 1.1774e-05 1.2541e-05 1.2493e-05 1.2387e-05 1.2137e-05 1.2052e-05 1.2128e-05 1.2322e-05 1.2591e-05 1.3138e-05 1.3142e-05 1.2529e-05 1.2385e-05 1.2297e-05 1.2242e-05 1.2204e-05 1.2121e-05 1.1777e-05 1.1672e-05 1.1598e-05 1.1535e-05 1.1506e-05 1.1522e-05 1.1587e-05 1.1603e-05 1.152e-05 1.1524e-05 1.1524e-05 1.152e-05 1.1508e-05 1.1504e-05 1.1508e-05 1.1517e-05 1.1525e-05 1.1506e-05 1.1526e-05 1.1506e-05 1.1551e-05 1.1581e-05 1.1641e-05 1.1673e-05 1.1697e-05 1.1784e-05 1.1917e-05 1.2135e-05 1.2142e-05 1.2134e-05 1.2145e-05 1.1905e-05 1.1876e-05 1.1842e-05 1.2017e-05 1.2044e-05 1.1994e-05 1.1839e-05 1.1863e-05 1.189e-05 1.1832e-05 1.1752e-05 1.1756e-05 1.1697e-05 1.1734e-05 1.1672e-05 1.1699e-05 1.1675e-05 1.1663e-05 1.1698e-05 1.1586e-05 1.1567e-05 1.1549e-05 1.1586e-05 1.1533e-05 1.1507e-05 1.1507e-05 1.151e-05 1.1519e-05 1.1508e-05 1.1506e-05 1.152e-05 1.1509e-05 1.1551e-05 1.1507e-05 1.1512e-05 1.1513e-05 1.1573e-05 1.1601e-05 1.1713e-05 1.1687e-05 1.166e-05 1.1684e-05 1.1648e-05 1.1647e-05 1.1639e-05 1.1691e-05 1.1675e-05 1.1732e-05 1.16e-05 1.1529e-05 1.1667e-05 1.1608e-05 1.1541e-05 1.1515e-05 1.1764e-05 1.2142e-05 1.2141e-05 1.2143e-05 1.2143e-05 1.2144e-05 1.2145e-05 1.2145e-05 1.2119e-05 1.1773e-05 1.1758e-05 1.1785e-05 1.1724e-05 1.1625e-05 1.1645e-05 1.152e-05 1.1504e-05 1.1506e-05 1.1541e-05 1.151e-05 1.1508e-05 1.1755e-05 1.1869e-05 1.1897e-05 1.1936e-05 1.1969e-05 1.1949e-05 1.2019e-05 1.2034e-05 1.202e-05 1.2036e-05 1.2043e-05 1.2019e-05 1.2026e-05 1.2023e-05 1.2032e-05 1.203e-05 1.2023e-05 1.2022e-05 1.2019e-05 1.2021e-05 1.2027e-05 1.2011e-05 1.2048e-05 1.206e-05 1.2055e-05 1.2076e-05 1.2086e-05 1.2091e-05 1.2094e-05 1.2099e-05
1.2104e-05 1.2118e-05 1.209e-05 1.2101e-05 1.2126e-05 1.2124e-05 1.2126e-05 1.2122e-05 1.2131e-05 1.2095e-05 1.205e-05 1.2125e-05 1.2139e-05 1.2141e-05 1.214e-05 1.2094e-05 1.2034e-05 1.2092e-05 1.1992e-05 1.1741e-05 1.1687e-05 1.1605e-05 1.1575e-05 1.1538e-05 1.1512e-05 1.1506e-05 1.1535e-05 1.1737e-05 1.2374e-05 1.2403e-05 1.2224e-05 1.1965e-05 1.1969e-05 1.1903e-05 1.2042e-05 1.2456e-05 1.3261e-05 1.3491e-05 1.2727e-05 1.2296e-05 1.2246e-05 1.2175e-05 1.2104e-05 1.1986e-05 1.1799e-05 1.1669e-05 1.1583e-05 1.1523e-05 1.1505e-05 1.1526e-05 1.159e-05 1.1609e-05 1.1562e-05 1.1506e-05 1.1509e-05 1.1508e-05 1.1504e-05 1.1508e-05 1.1518e-05 1.1539e-05 1.157e-05 1.1547e-05 1.1523e-05 1.1534e-05 1.1559e-05 1.1661e-05 1.1791e-05 1.1808e-05 1.1835e-05 1.1972e-05 1.2134e-05 1.2139e-05 1.2131e-05 1.2143e-05 1.1998e-05 1.1984e-05 1.2008e-05 1.1973e-05 1.2051e-05 1.1881e-05 1.1883e-05 1.1855e-05 1.1831e-05 1.1865e-05 1.1893e-05 1.1825e-05 1.1789e-05 1.1845e-05 1.1787e-05 1.1794e-05 1.1714e-05 1.1688e-05 1.1645e-05 1.1668e-05 1.162e-05 1.1706e-05 1.1586e-05 1.1551e-05 1.154e-05 1.1555e-05 1.1552e-05 1.1504e-05 1.1512e-05 1.1519e-05 1.1513e-05 1.153e-05 1.1541e-05 1.1504e-05 1.1506e-05 1.1516e-05 1.1522e-05 1.152e-05 1.1545e-05 1.1523e-05 1.1571e-05 1.1628e-05 1.1661e-05 1.1651e-05 1.1651e-05 1.1717e-05 1.1669e-05 1.1687e-05 1.1762e-05 1.1508e-05 1.1639e-05 1.1666e-05 1.158e-05 1.1512e-05 1.1565e-05 1.2014e-05 1.2145e-05 1.214e-05 1.2139e-05 1.214e-05 1.2143e-05 1.2144e-05 1.2145e-05 1.2143e-05 1.2094e-05 1.1967e-05 1.1873e-05 1.1869e-05 1.1621e-05 1.1559e-05 1.1555e-05 1.1538e-05 1.1628e-05 1.1697e-05 1.1647e-05 1.1653e-05 1.1831e-05 1.194e-05 1.1999e-05 1.1936e-05 1.2015e-05 1.2044e-05 1.2023e-05 1.2019e-05 1.1997e-05 1.2003e-05 1.2088e-05 1.1978e-05 1.1966e-05 1.1988e-05 1.2015e-05 1.2027e-05 1.1996e-05 1.2008e-05 1.198e-05 1.1989e-05 1.1991e-05 1.204e-05 1.2045e-05 1.2061e-05 1.2048e-05 1.2075e-05 1.2086e-05 1.2093e-05 1.2098e-05 1.2098e-05
1.2113e-05 1.2111e-05 1.211e-05 1.211e-05 1.2131e-05 1.2131e-05 1.2135e-05 1.2133e-05 1.214e-05 1.2136e-05 1.2127e-05 1.2143e-05 1.2144e-05 1.2143e-05 1.2141e-05 1.2139e-05 1.21e-05 1.2103e-05 1.1989e-05 1.1819e-05 1.1746e-05 1.1692e-05 1.1604e-05 1.1543e-05 1.1509e-05 1.1505e-05 1.1551e-05 1.1745e-05 1.1967e-05 1.1877e-05 1.1894e-05 1.1897e-05 1.1888e-05 1.1883e-05 1.1851e-05 1.1887e-05 1.3128e-05 1.3106e-05 1.3471e-05 1.2301e-05 1.2196e-05 1.212e-05 1.2032e-05 1.192e-05 1.1798e-05 1.1656e-05 1.1556e-05 1.1515e-05 1.1506e-05 1.1526e-05 1.1575e-05 1.1618e-05 1.1606e-05 1.1507e-05 1.1504e-05 1.1504e-05 1.1507e-05 1.1519e-05 1.153e-05 1.1553e-05 1.1581e-05 1.1532e-05 1.152e-05 1.1601e-05 1.1676e-05 1.1759e-05 1.1908e-05 1.1981e-05 1.2036e-05 1.1999e-05 1.2144e-05 1.2144e-05 1.1987e-05 1.2142e-05 1.2132e-05 1.1971e-05 1.2139e-05 1.1925e-05 1.1878e-05 1.1948e-05 1.1867e-05 1.1841e-05 1.1796e-05 1.1772e-05 1.1827e-05 1.1847e-05 1.1895e-05 1.1846e-05 1.1822e-05 1.1796e-05 1.1719e-05 1.1698e-05 1.1705e-05 1.1703e-05 1.1746e-05 1.162e-05 1.1689e-05 1.1551e-05 1.1566e-05 1.1581e-05 1.1553e-05 1.1546e-05 1.151e-05 1.1515e-05 1.1528e-05 1.1518e-05 1.17e-05 1.1516e-05 1.1579e-05 1.1523e-05 1.1506e-05 1.1509e-05 1.1512e-05 1.1505e-05 1.1522e-05 1.1598e-05 1.1662e-05 1.1605e-05 1.1564e-05 1.1678e-05 1.1634e-05 1.1657e-05 1.1709e-05 1.174e-05 1.1694e-05 1.1593e-05 1.1531e-05 1.1506e-05 1.1692e-05 1.2081e-05 1.214e-05 1.2138e-05 1.2136e-05 1.214e-05 1.2144e-05 1.2144e-05 1.2145e-05 1.2144e-05 1.2123e-05 1.2022e-05 1.1955e-05 1.1642e-05 1.1717e-05 1.1663e-05 1.1599e-05 1.1734e-05 1.184e-05 1.1895e-05 1.1894e-05 1.1914e-05 1.197e-05 1.2025e-05 1.2069e-05 1.2076e-05 1.2044e-05 1.2062e-05 1.2042e-05 1.2041e-05 1.1986e-05 1.1954e-05 1.1908e-05 1.1856e-05 1.1873e-05 1.1891e-05 1.1922e-05 1.1944e-05 1.195e-05 1.1949e-05 1.1959e-05 1.2039e-05 1.1822e-05 1.1999e-05 1.2037e-05 1.2038e-05 1.2039e-05 1.2085e-05 1.2091e-05 1.2089e-05 1.2003e-05 1.2097e-05
1.2099e-05 1.2119e-05 1.2058e-05 1.2056e-05 1.213e-05 1.2128e-05 1.2137e-05 1.214e-05 1.2142e-05 1.2143e-05 1.2144e-05 1.2145e-05 1.2145e-05 1.2145e-05 1.2144e-05 1.214e-05 1.2131e-05 1.2092e-05 1.18e-05 1.1829e-05 1.1774e-05 1.1653e-05 1.1589e-05 1.1549e-05 1.1507e-05 1.1512e-05 1.1547e-05 1.1619e-05 1.1813e-05 1.1813e-05 1.1847e-05 1.185e-05 1.185e-05 1.182e-05 1.1766e-05 1.1724e-05 1.192e-05 1.3502e-05 1.349e-05 1.2563e-05 1.2258e-05 1.2051e-05 1.1938e-05 1.186e-05 1.2731e-05 1.1597e-05 1.1532e-05 1.1507e-05 1.1509e-05 1.1526e-05 1.1586e-05 1.1612e-05 1.162e-05 1.1511e-05 1.1507e-05 1.151e-05 1.1521e-05 1.1536e-05 1.1549e-05 1.1567e-05 1.1576e-05 1.1593e-05 1.1643e-05 1.1598e-05 1.1739e-05 1.1947e-05 1.2021e-05 1.2071e-05 1.209e-05 1.2144e-05 1.2145e-05 1.2144e-05 1.2085e-05 1.2064e-05 1.2018e-05 1.2135e-05 1.2047e-05 1.201e-05 1.1873e-05 1.1779e-05 1.1775e-05 1.1846e-05 1.1801e-05 1.183e-05 1.1824e-05 1.1822e-05 1.2145e-05 1.1831e-05 1.2051e-05 1.1787e-05 1.1706e-05 1.1723e-05 1.1724e-05 1.1791e-05 1.1768e-05 1.1611e-05 1.1615e-05 1.1633e-05 1.1661e-05 1.1669e-05 1.1649e-05 1.1534e-05 1.1516e-05 1.1525e-05 1.1541e-05 1.1566e-05 1.1541e-05 1.1591e-05 1.171e-05 1.151e-05 1.1508e-05 1.1535e-05 1.1504e-05 1.1505e-05 1.1512e-05 1.1531e-05 1.1568e-05 1.1548e-05 1.1529e-05 1.1537e-05 1.1555e-05 1.1626e-05 1.1646e-05 1.1639e-05 1.1617e-05 1.157e-05 1.1512e-05 1.1537e-05 1.1804e-05 1.2096e-05 1.214e-05 1.2139e-05 1.214e-05 1.2142e-05 1.2144e-05 1.2144e-05 1.2145e-05 1.2145e-05 1.2135e-05 1.2065e-05 1.201e-05 1.1826e-05 1.1857e-05 1.1884e-05 1.1879e-05 1.1913e-05 1.1906e-05 1.2022e-05 1.1983e-05 1.2048e-05 1.2068e-05 1.2084e-05 1.211e-05 1.2123e-05 1.2126e-05 1.2097e-05 1.2085e-05 1.2034e-05 1.194e-05 1.1811e-05 1.1684e-05 1.1629e-05 1.1706e-05 1.1713e-05 1.1785e-05 1.1837e-05 1.1859e-05 1.1915e-05 1.1904e-05 1.1917e-05 1.193e-05 1.187e-05 1.2034e-05 1.2029e-05 1.2052e-05 1.2057e-05 1.2086e-05 1.2079e-05 1.1863e-05 1.2028e-05
1.2103e-05 1.2123e-05 1.2124e-05 1.2138e-05 1.2136e-05 1.213e-05 1.2141e-05 1.2144e-05 1.2144e-05 1.2145e-05 1.2145e-05 1.2143e-05 1.2143e-05 1.2144e-05 1.2144e-05 1.2144e-05 1.2098e-05 1.2008e-05 1.185e-05 1.1841e-05 1.1606e-05 1.1981e-05 1.3232e-05 1.3339e-05 1.2802e-05 1.1523e-05 1.1569e-05 1.1589e-05 1.1643e-05 1.1765e-05 1.1787e-05 1.1818e-05 1.1811e-05 1.1789e-05 1.1762e-05 1.1733e-05 1.1728e-05 1.2085e-05 1.2691e-05 1.2582e-05 1.2191e-05 1.1992e-05 1.1865e-05 1.1791e-05 1.1672e-05 1.1545e-05 1.1517e-05 1.1504e-05 1.151e-05 1.1524e-05 1.1571e-05 1.1612e-05 1.1635e-05 1.1519e-05 1.1519e-05 1.1518e-05 1.1529e-05 1.1552e-05 1.1569e-05 1.1574e-05 1.1591e-05 1.1591e-05 1.1578e-05 1.1677e-05 1.1964e-05 1.2045e-05 1.2085e-05 1.2107e-05 1.2112e-05 1.2143e-05 1.2143e-05 1.2145e-05 1.2131e-05 1.2101e-05 1.2137e-05 1.2088e-05 1.2062e-05 1.2015e-05 1.1967e-05 1.1936e-05 1.1977e-05 1.1855e-05 1.1673e-05 1.2108e-05 1.1864e-05 1.1831e-05 1.1853e-05 1.1822e-05 1.1828e-05 1.1831e-05 1.2007e-05 1.1857e-05 1.1754e-05 1.1722e-05 1.1727e-05 1.1668e-05 1.1682e-05 1.1703e-05 1.1723e-05 1.1762e-05 1.1707e-05 1.1695e-05 1.1565e-05 1.155e-05 1.1568e-05 1.1574e-05 1.1546e-05 1.1734e-05 1.164e-05 1.1505e-05 1.1513e-05 1.1517e-05 1.1525e-05 1.1527e-05 1.1506e-05 1.151e-05 1.1527e-05 1.155e-05 1.1538e-05 1.1536e-05 1.1567e-05 1.1548e-05 1.1579e-05 1.1567e-05 1.154e-05 1.1524e-05 1.1504e-05 1.1613e-05 1.1943e-05 1.2142e-05 1.2141e-05 1.2143e-05 1.214e-05 1.2143e-05 1.2144e-05 1.2144e-05 1.2145e-05 1.2144e-05 1.2138e-05 1.2093e-05 1.2046e-05 1.2018e-05 1.1977e-05 1.1965e-05 1.1954e-05 1.1968e-05 1.1997e-05 1.2032e-05 1.2087e-05 1.2098e-05 1.2114e-05 1.2126e-05 1.2127e-05 1.2133e-05 1.2135e-05 1.2131e-05 1.2099e-05 1.2021e-05 1.1859e-05 1.1696e-05 1.1594e-05 1.155e-05 1.1518e-05 1.1548e-05 1.1589e-05 1.1725e-05 1.1795e-05 1.1844e-05 1.185e-05 1.1881e-05 1.1901e-05 1.1914e-05 1.1973e-05 1.2022e-05 1.2032e-05 1.2049e-05 1.2063e-05 1.21e-05 1.1988e-05 1.2145e-05
1.2119e-05 1.2131e-05 1.2134e-05 1.214e-05 1.2095e-05 1.214e-05 1.2141e-05 1.2144e-05 1.2145e-05 1.2144e-05 1.2143e-05 1.2141e-05 1.214e-05 1.214e-05 1.2139e-05 1.2123e-05 1.2056e-05 1.2036e-05 1.1923e-05 1.1928e-05 1.152e-05 1.339e-05 1.3225e-05 1.2675e-05 1.3507e-05 1.2052e-05 1.1579e-05 1.1585e-05 1.1543e-05 1.1637e-05 1.171e-05 1.1781e-05 1.1799e-05 1.1779e-05 1.1756e-05 1.1728e-05 1.1723e-05 1.1781e-05 1.2108e-05 1.2147e-05 1.1998e-05 1.1927e-05 1.1843e-05 1.1765e-05 1.1654e-05 1.1541e-05 1.1509e-05 1.1505e-05 1.1516e-05 1.1534e-05 1.1556e-05 1.1634e-05 1.1618e-05 1.1507e-05 1.1509e-05 1.154e-05 1.1543e-05 1.1561e-05 1.1571e-05 1.1584e-05 1.1601e-05 1.1633e-05 1.1702e-05 1.19e-05 1.1993e-05 1.2092e-05 1.2118e-05 1.2136e-05 1.2144e-05 1.2145e-05 1.2142e-05 1.2145e-05 1.2144e-05 1.2137e-05 1.2141e-05 1.2113e-05 1.205e-05 1.2063e-05 1.2036e-05 1.1932e-05 1.1881e-05 1.1766e-05 1.1898e-05 1.2028e-05 1.1823e-05 1.1847e-05 1.1856e-05 1.2139e-05 1.1847e-05 1.1918e-05 1.185e-05 1.1832e-05 1.1741e-05 1.1716e-05 1.1757e-05 1.1796e-05 1.1762e-05 1.1768e-05 1.1765e-05 1.1818e-05 1.1809e-05 1.1755e-05 1.1638e-05 1.1608e-05 1.1689e-05 1.1676e-05 1.1677e-05 1.1662e-05 1.153e-05 1.1508e-05 1.1524e-05 1.1528e-05 1.1512e-05 1.1505e-05 1.1504e-05 1.1506e-05 1.152e-05 1.1619e-05 1.1551e-05 1.1534e-05 1.1529e-05 1.153e-05 1.1537e-05 1.1528e-05 1.152e-05 1.1508e-05 1.1562e-05 1.1656e-05 1.198e-05 1.2145e-05 1.2143e-05 1.2142e-05 1.2143e-05 1.2144e-05 1.2144e-05 1.2144e-05 1.2145e-05 1.2143e-05 1.2138e-05 1.2124e-05 1.2097e-05 1.2108e-05 1.2082e-05 1.2081e-05 1.2077e-05 1.2104e-05 1.2109e-05 1.2119e-05 1.2128e-05 1.2134e-05 1.2138e-05 1.2138e-05 1.2139e-05 1.2143e-05 1.2141e-05 1.2141e-05 1.2126e-05 1.2015e-05 1.1861e-05 1.1621e-05 1.1533e-05 1.1504e-05 1.1514e-05 1.1513e-05 1.1507e-05 1.1644e-05 1.1748e-05 1.1774e-05 1.1773e-05 1.1819e-05 1.1872e-05 1.193e-05 1.1981e-05 1.2017e-05 1.201e-05 1.2049e-05 1.2107e-05 1.2105e-05 1.2088e-05 1.2123e-05
1.2119e-05 1.2134e-05 1.214e-05 1.2142e-05 1.2143e-05 1.2141e-05 1.2142e-05 1.2145e-05 1.2144e-05 1.2143e-05 1.214e-05 1.2137e-05 1.2135e-05 1.2135e-05 1.2133e-05 1.2133e-05 1.2069e-05 1.1989e-05 1.1751e-05 1.1855e-05 1.1571e-05 1.3374e-05 1.325e-05 1.2904e-05 1.3476e-05 1.2091e-05 1.1533e-05 1.1518e-05 1.1514e-05 1.1527e-05 1.1626e-05 1.1744e-05 1.1817e-05 1.1835e-05 1.1828e-05 1.1752e-05 1.1711e-05 1.1719e-05 1.1849e-05 1.1899e-05 1.1873e-05 1.1852e-05 1.1825e-05 1.1769e-05 1.1688e-05 1.1571e-05 1.1506e-05 1.1508e-05 1.1526e-05 1.1537e-05 1.1556e-05 1.1647e-05 1.1578e-05 1.16e-05 1.1506e-05 1.152e-05 1.1544e-05 1.1557e-05 1.158e-05 1.1585e-05 1.1633e-05 1.1636e-05 1.1783e-05 1.1991e-05 1.2083e-05 1.2123e-05 1.2143e-05 1.2145e-05 1.2143e-05 1.2143e-05 1.2139e-05 1.2143e-05 1.2144e-05 1.2145e-05 1.2144e-05 1.2114e-05 1.2096e-05 1.2102e-05 1.2136e-05 1.1974e-05 1.1907e-05 1.1855e-05 1.1895e-05 1.1914e-05 1.2134e-05 1.1802e-05 1.1838e-05 1.1767e-05 1.184e-05 1.1864e-05 1.1871e-05 1.1873e-05 1.1977e-05 1.1807e-05 1.1795e-05 1.1829e-05 1.1803e-05 1.1803e-05 1.1795e-05 1.1816e-05 1.1824e-05 1.171e-05 1.204e-05 1.1707e-05 1.1767e-05 1.1619e-05 1.157e-05 1.1655e-05 1.1565e-05 1.155e-05 1.1527e-05 1.1515e-05 1.1505e-05 1.1504e-05 1.1504e-05 1.1515e-05 1.1536e-05 1.1513e-05 1.154e-05 1.1508e-05 1.1504e-05 1.1512e-05 1.1525e-05 1.152e-05 1.1513e-05 1.1504e-05 1.1542e-05 1.1522e-05 1.1821e-05 1.2075e-05 1.2141e-05 1.2144e-05 1.2144e-05 1.2145e-05 1.2145e-05 1.2145e-05 1.2145e-05 1.2144e-05 1.2142e-05 1.2139e-05 1.2138e-05 1.2138e-05 1.2142e-05 1.2138e-05 1.2139e-05 1.2138e-05 1.2143e-05 1.2143e-05 1.2144e-05 1.2145e-05 1.2145e-05 1.2145e-05 1.2144e-05 1.2145e-05 1.2145e-05 1.2143e-05 1.2133e-05 1.2016e-05 1.1764e-05 1.1563e-05 1.1507e-05 1.1549e-05 1.1571e-05 1.153e-05 1.1523e-05 1.1677e-05 1.1642e-05 1.1698e-05 1.1738e-05 1.1785e-05 1.185e-05 1.1922e-05 1.198e-05 1.2019e-05 1.2032e-05 1.2084e-05 1.2009e-05 1.2119e-05 1.2112e-05 1.2126e-05
1.2144e-05 1.2141e-05 1.2139e-05 1.2145e-05 1.2144e-05 1.2144e-05 1.2145e-05 1.2144e-05 1.214e-05 1.2138e-05 1.2134e-05 1.2133e-05 1.213e-05 1.213e-05 1.213e-05 1.2133e-05 1.2068e-05 1.1837e-05 1.176e-05 1.19e-05 1.1776e-05 1.2966e-05 1.342e-05 1.3501e-05 1.3269e-05 1.1607e-05 1.1505e-05 1.1505e-05 1.1505e-05 1.1518e-05 1.1577e-05 1.1692e-05 1.1822e-05 1.1893e-05 1.1947e-05 1.1975e-05 1.1726e-05 1.172e-05 1.1767e-05 1.1808e-05 1.182e-05 1.1814e-05 1.1798e-05 1.176e-05 1.1691e-05 1.1577e-05 1.1505e-05 1.1507e-05 1.1516e-05 1.1533e-05 1.1535e-05 1.1593e-05 1.1659e-05 1.1711e-05 1.1514e-05 1.1521e-05 1.1527e-05 1.1548e-05 1.1558e-05 1.1598e-05 1.1632e-05 1.1652e-05 1.1882e-05 1.2007e-05 1.2094e-05 1.2145e-05 1.2144e-05 1.2143e-05 1.2139e-05 1.2138e-05 1.2138e-05 1.214e-05 1.2144e-05 1.2144e-05 1.2145e-05 1.2134e-05 1.2127e-05 1.2131e-05 1.2078e-05 1.1978e-05 1.1961e-05 1.2035e-05 1.1955e-05 1.1908e-05 1.1799e-05 1.1888e-05 1.1959e-05 1.1848e-05 1.1866e-05 1.1897e-05 1.1861e-05 1.1861e-05 1.1822e-05 1.1809e-05 1.1875e-05 1.1844e-05 1.1813e-05 1.1826e-05 1.1821e-05 1.182e-05 1.1849e-05 1.1731e-05 1.1665e-05 1.1781e-05 1.1628e-05 1.1674e-05 1.1763e-05 1.1514e-05 1.1571e-05 1.1667e-05 1.1511e-05 1.1505e-05 1.1504e-05 1.1505e-05 1.1507e-05 1.1517e-05 1.1509e-05 1.1508e-05 1.1652e-05 1.1506e-05 1.1509e-05 1.1507e-05 1.1551e-05 1.1524e-05 1.1505e-05 1.1504e-05 1.1534e-05 1.1515e-05 1.1594e-05 1.177e-05 1.2048e-05 1.2085e-05 1.2135e-05 1.214e-05 1.214e-05 1.2144e-05 1.2144e-05 1.2144e-05 1.2144e-05 1.2144e-05 1.2144e-05 1.2145e-05 1.2145e-05 1.2144e-05 1.2144e-05 1.2144e-05 1.2143e-05 1.2142e-05 1.2142e-05 1.2143e-05 1.2142e-05 1.2143e-05 1.2142e-05 1.2144e-05 1.2143e-05 1.2143e-05 1.2144e-05 1.2043e-05 1.1728e-05 1.1512e-05 1.1569e-05 1.161e-05 1.1631e-05 1.1637e-05 1.1546e-05 1.1506e-05 1.157e-05 1.1629e-05 1.1688e-05 1.1769e-05 1.1861e-05 1.1921e-05 1.1974e-05 1.2008e-05 1.2061e-05 1.2073e-05 1.2004e-05 1.2125e-05 1.2126e-05 1.2134e-05
1.2143e-05 1.2144e-05 1.2145e-05 1.2144e-05 1.2144e-05 1.2141e-05 1.214e-05 1.2136e-05 1.2133e-05 1.2132e-05 1.2129e-05 1.2129e-05 1.2128e-05 1.2128e-05 1.2128e-05 1.2137e-05 1.2023e-05 1.1792e-05 1.1893e-05 1.1976e-05 1.1983e-05 1.152e-05 1.182e-05 1.2224e-05 1.1524e-05 1.1593e-05 1.1525e-05 1.1515e-05 1.1505e-05 1.1528e-05 1.1596e-05 1.1689e-05 1.1795e-05 1.1926e-05 1.2004e-05 1.2031e-05 1.1801e-05 1.1719e-05 1.174e-05 1.1809e-05 1.1812e-05 1.1873e-05 1.1795e-05 1.1747e-05 1.1738e-05 1.1545e-05 1.1516e-05 1.1504e-05 1.1506e-05 1.1516e-05 1.1527e-05 1.1546e-05 1.1591e-05 1.168e-05 1.1602e-05 1.1543e-05 1.1744e-05 1.2041e-05 1.1964e-05 1.1719e-05 1.1661e-05 1.1598e-05 1.1902e-05 1.2018e-05 1.2106e-05 1.2145e-05 1.2142e-05 1.2139e-05 1.2134e-05 1.2132e-05 1.2136e-05 1.2132e-05 1.2144e-05 1.2136e-05 1.2141e-05 1.2145e-05 1.2144e-05 1.2144e-05 1.2142e-05 1.2085e-05 1.199e-05 1.1875e-05 1.1797e-05 1.1883e-05 1.1833e-05 1.1866e-05 1.1877e-05 1.189e-05 1.1883e-05 1.1824e-05 1.1905e-05 1.1919e-05 1.1891e-05 1.1853e-05 1.192e-05 1.1935e-05 1.1988e-05 1.1759e-05 1.1893e-05 1.1879e-05 1.1825e-05 1.1751e-05 1.1677e-05 1.175e-05 1.1757e-05 1.1729e-05 1.1727e-05 1.1647e-05 1.1563e-05 1.1607e-05 1.1542e-05 1.151e-05 1.151e-05 1.1504e-05 1.1504e-05 1.1505e-05 1.151e-05 1.1509e-05 1.1608e-05 1.1504e-05 1.1508e-05 1.1505e-05 1.1635e-05 1.155e-05 1.1507e-05 1.1509e-05 1.1507e-05 1.1525e-05 1.1539e-05 1.1649e-05 1.1785e-05 1.191e-05 1.2013e-05 1.2079e-05 1.2125e-05 1.2142e-05 1.2144e-05 1.2145e-05 1.2144e-05 1.2144e-05 1.2144e-05 1.2139e-05 1.2142e-05 1.2136e-05 1.2133e-05 1.213e-05 1.2127e-05 1.213e-05 1.212e-05 1.2126e-05 1.2125e-05 1.2128e-05 1.213e-05 1.213e-05 1.2128e-05 1.2135e-05 1.2139e-05 1.2081e-05 1.1709e-05 1.1506e-05 1.1546e-05 1.1628e-05 1.167e-05 1.2134e-05 1.1882e-05 1.1539e-05 1.1522e-05 1.16e-05 1.17e-05 1.1771e-05 1.1862e-05 1.1931e-05 1.1998e-05 1.2042e-05 1.209e-05 1.2061e-05 1.2114e-05 1.2125e-05 1.2091e-05 1.2141e-05
1.2145e-05 1.2145e-05 1.2145e-05 1.2142e-05 1.2138e-05 1.2138e-05 1.2134e-05 1.2133e-05 1.2132e-05 1.2129e-05 1.2127e-05 1.2127e-05 1.2127e-05 1.2126e-05 1.2126e-05 1.2141e-05 1.1971e-05 1.1863e-05 1.1893e-05 1.1826e-05 1.1993e-05 1.1947e-05 1.1937e-05 1.193e-05 1.1785e-05 1.1635e-05 1.1509e-05 1.1526e-05 1.1506e-05 1.155e-05 1.1644e-05 1.1719e-05 1.1842e-05 1.1955e-05 1.2025e-05 1.2179e-05 1.2161e-05 1.1746e-05 1.1725e-05 1.1813e-05 1.1787e-05 1.181e-05 1.1782e-05 1.2e-05 1.1664e-05 1.1541e-05 1.1509e-05 1.1505e-05 1.1505e-05 1.1507e-05 1.1504e-05 1.1521e-05 1.1527e-05 1.173e-05 1.1524e-05 1.1531e-05 1.1543e-05 1.1535e-05 1.1791e-05 1.2089e-05 1.2112e-05 1.1776e-05 1.1968e-05 1.2131e-05 1.2145e-05 1.2139e-05 1.2135e-05 1.2134e-05 1.2131e-05 1.2127e-05 1.2128e-05 1.2131e-05 1.2134e-05 1.2138e-05 1.2145e-05 1.2143e-05 1.2143e-05 1.2142e-05 1.2137e-05 1.2131e-05 1.2095e-05 1.1944e-05 1.1902e-05 1.1967e-05 1.1973e-05 1.1913e-05 1.194e-05 1.1916e-05 1.1925e-05 1.1851e-05 1.19e-05 1.1978e-05 1.1914e-05 1.192e-05 1.1925e-05 1.2016e-05 1.1954e-05 1.1902e-05 1.1861e-05 1.1895e-05 1.1737e-05 1.1752e-05 1.1806e-05 1.1756e-05 1.1717e-05 1.185e-05 1.1799e-05 1.1631e-05 1.1704e-05 1.1661e-05 1.1553e-05 1.1599e-05 1.1579e-05 1.1579e-05 1.167e-05 1.1506e-05 1.1522e-05 1.1536e-05 1.1509e-05 1.1578e-05 1.1522e-05 1.153e-05 1.1524e-05 1.1507e-05 1.1506e-05 1.1504e-05 1.1505e-05 1.1505e-05 1.1555e-05 1.1521e-05 1.1734e-05 1.1923e-05 1.1915e-05 1.203e-05 1.213e-05 1.2144e-05 1.2145e-05 1.2142e-05 1.2139e-05 1.2137e-05 1.2132e-05 1.2128e-05 1.2123e-05 1.2114e-05 1.2104e-05 1.2092e-05 1.2084e-05 1.2081e-05 1.2082e-05 1.209e-05 1.2098e-05 1.2102e-05 1.21e-05 1.2106e-05 1.2114e-05 1.2122e-05 1.2133e-05 1.2142e-05 1.1889e-05 1.1554e-05 1.1558e-05 1.1637e-05 1.212e-05 1.3506e-05 1.2212e-05 1.1559e-05 1.1526e-05 1.1619e-05 1.1692e-05 1.1787e-05 1.1917e-05 1.1917e-05 1.2014e-05 1.2061e-05 1.2111e-05 1.2116e-05 1.2128e-05 1.2126e-05 1.2141e-05 1.2143e-05
1.2144e-05 1.2142e-05 1.2141e-05 1.2142e-05 1.2133e-05 1.2138e-05 1.2128e-05 1.2126e-05 1.2126e-05 1.2126e-05 1.2125e-05 1.2125e-05 1.2126e-05 1.2126e-05 1.2126e-05 1.2145e-05 1.2013e-05 1.1871e-05 1.1897e-05 1.1877e-05 1.1854e-05 1.189e-05 1.1675e-05 1.1744e-05 1.1755e-05 1.1672e-05 1.1595e-05 1.1505e-05 1.1522e-05 1.1574e-05 1.1676e-05 1.1767e-05 1.1864e-05 1.1979e-05 1.2173e-05 1.22e-05 1.2104e-05 1.1703e-05 1.1655e-05 1.176e-05 1.1719e-05 1.1726e-05 1.1717e-05 1.2005e-05 1.1753e-05 1.1545e-05 1.1513e-05 1.1506e-05 1.1505e-05 1.1509e-05 1.1527e-05 1.1516e-05 1.1536e-05 1.1597e-05 1.1704e-05 1.1795e-05 1.1762e-05 1.1889e-05 1.1936e-05 1.2104e-05 1.1988e-05 1.1709e-05 1.2145e-05 1.2144e-05 1.214e-05 1.2137e-05 1.2137e-05 1.2133e-05 1.2125e-05 1.2123e-05 1.2136e-05 1.2127e-05 1.2127e-05 1.2132e-05 1.2142e-05 1.213e-05 1.214e-05 1.2136e-05 1.2132e-05 1.2134e-05 1.2128e-05 1.2095e-05 1.2054e-05 1.2028e-05 1.2039e-05 1.1973e-05 1.192e-05 1.1894e-05 1.1926e-05 1.1931e-05 1.1946e-05 1.1959e-05 1.193e-05 1.1911e-05 1.1945e-05 1.1893e-05 1.1967e-05 1.1938e-05 1.1822e-05 1.1743e-05 1.1969e-05 1.1711e-05 1.1799e-05 1.1806e-05 1.1613e-05 1.1922e-05 1.1543e-05 1.1672e-05 1.1708e-05 1.1626e-05 1.1617e-05 1.1643e-05 1.1626e-05 1.1606e-05 1.1575e-05 1.1609e-05 1.1581e-05 1.1748e-05 1.152e-05 1.1505e-05 1.1512e-05 1.1626e-05 1.1508e-05 1.1507e-05 1.1517e-05 1.1523e-05 1.1556e-05 1.1512e-05 1.1618e-05 1.1531e-05 1.1765e-05 1.186e-05 1.1995e-05 1.2114e-05 1.2143e-05 1.2144e-05 1.2137e-05 1.2136e-05 1.2131e-05 1.2123e-05 1.2117e-05 1.2103e-05 1.2093e-05 1.207e-05 1.2049e-05 1.2044e-05 1.2035e-05 1.2043e-05 1.2044e-05 1.2056e-05 1.2064e-05 1.2063e-05 1.2079e-05 1.2093e-05 1.2107e-05 1.2117e-05 1.2129e-05 1.2139e-05 1.212e-05 1.1596e-05 1.1512e-05 1.16e-05 1.1802e-05 1.2006e-05 1.1793e-05 1.1505e-05 1.159e-05 1.1674e-05 1.1734e-05 1.1822e-05 1.1854e-05 1.2009e-05 1.2054e-05 1.209e-05 1.2122e-05 1.2135e-05 1.2135e-05 1.2139e-05 1.2144e-05 1.2145e-05
1.2138e-05 1.2136e-05 1.2132e-05 1.2129e-05 1.2124e-05 1.2125e-05 1.2122e-05 1.212e-05 1.212e-05 1.2122e-05 1.2121e-05 1.212e-05 1.2122e-05 1.2133e-05 1.2122e-05 1.2127e-05 1.214e-05 1.1967e-05 1.1827e-05 1.1842e-05 1.1847e-05 1.1866e-05 1.1665e-05 1.1631e-05 1.1825e-05 1.1718e-05 1.1526e-05 1.1505e-05 1.1534e-05 1.1608e-05 1.1699e-05 1.1796e-05 1.1869e-05 1.1989e-05 1.2345e-05 1.2233e-05 1.1941e-05 1.1699e-05 1.1669e-05 1.1718e-05 1.1648e-05 1.1637e-05 1.1647e-05 1.1623e-05 1.1579e-05 1.1541e-05 1.1511e-05 1.1505e-05 1.1505e-05 1.1538e-05 1.1526e-05 1.1507e-05 1.1506e-05 1.1604e-05 1.1631e-05 1.1673e-05 1.1681e-05 1.1857e-05 1.1907e-05 1.2012e-05 1.1994e-05 1.2091e-05 1.2142e-05 1.2127e-05 1.2088e-05 1.2143e-05 1.2141e-05 1.2135e-05 1.2126e-05 1.212e-05 1.2125e-05 1.2118e-05 1.2121e-05 1.2117e-05 1.212e-05 1.2124e-05 1.213e-05 1.2127e-05 1.2122e-05 1.212e-05 1.2123e-05 1.2139e-05 1.2117e-05 1.2083e-05 1.2097e-05 1.2003e-05 1.1954e-05 1.208e-05 1.1964e-05 1.1936e-05 1.1979e-05 1.2038e-05 1.1967e-05 1.1975e-05 1.189e-05 1.1916e-05 1.1962e-05 1.1953e-05 1.1841e-05 1.1838e-05 1.1774e-05 1.1828e-05 1.1794e-05 1.1816e-05 1.1709e-05 1.1655e-05 1.1573e-05 1.1621e-05 1.1641e-05 1.1568e-05 1.1634e-05 1.1618e-05 1.1704e-05 1.1821e-05 1.1792e-05 1.1783e-05 1.1631e-05 1.1522e-05 1.1513e-05 1.1509e-05 1.1532e-05 1.1507e-05 1.1504e-05 1.1507e-05 1.1506e-05 1.1529e-05 1.1728e-05 1.1844e-05 1.1825e-05 1.1901e-05 1.1955e-05 1.2035e-05 1.213e-05 1.2142e-05 1.2145e-05 1.2136e-05 1.2131e-05 1.2122e-05 1.2109e-05 1.2093e-05 1.2076e-05 1.2059e-05 1.2031e-05 1.201e-05 1.1997e-05 1.1974e-05 1.1982e-05 1.2011e-05 1.1995e-05 1.2018e-05 1.2026e-05 1.2046e-05 1.2064e-05 1.2085e-05 1.2096e-05 1.2104e-05 1.2117e-05 1.2128e-05 1.2145e-05 1.1894e-05 1.1588e-05 1.1505e-05 1.1546e-05 1.1553e-05 1.1505e-05 1.1611e-05 1.169e-05 1.1737e-05 1.1783e-05 1.1844e-05 1.1983e-05 1.2039e-05 1.2093e-05 1.2122e-05 1.2138e-05 1.2144e-05 1.2144e-05 1.2145e-05 1.2143e-05 1.214e-05
1.2124e-05 1.2129e-05 1.2121e-05 1.212e-05 1.2119e-05 1.2119e-05 1.2117e-05 1.2113e-05 1.2112e-05 1.2115e-05 1.2117e-05 1.2116e-05 1.2116e-05 1.2117e-05 1.2119e-05 1.2122e-05 1.2143e-05 1.2122e-05 1.2073e-05 1.2058e-05 1.1995e-05 1.1954e-05 1.1828e-05 1.1809e-05 1.1899e-05 1.1549e-05 1.151e-05 1.1507e-05 1.1561e-05 1.1625e-05 1.1717e-05 1.1742e-05 1.1893e-05 1.1976e-05 1.2124e-05 1.2108e-05 1.1932e-05 1.1685e-05 1.1676e-05 1.1678e-05 1.1628e-05 1.1604e-05 1.1575e-05 1.1574e-05 1.1551e-05 1.1529e-05 1.1513e-05 1.1504e-05 1.1507e-05 1.1574e-05 1.1507e-05 1.1504e-05 1.1505e-05 1.1522e-05 1.1538e-05 1.1567e-05 1.1632e-05 1.1656e-05 1.1732e-05 1.198e-05 1.1903e-05 1.2072e-05 1.2108e-05 1.2131e-05 1.2144e-05 1.2145e-05 1.2142e-05 1.2137e-05 1.2135e-05 1.212e-05 1.2117e-05 1.2117e-05 1.2111e-05 1.2103e-05 1.2107e-05 1.2095e-05 1.212e-05 1.2114e-05 1.2108e-05 1.2116e-05 1.2118e-05 1.2128e-05 1.2145e-05 1.214e-05 1.2137e-05 1.2104e-05 1.2017e-05 1.1938e-05 1.2e-05 1.2025e-05 1.2039e-05 1.2002e-05 1.1965e-05 1.1935e-05 1.207e-05 1.199e-05 1.1923e-05 1.185e-05 1.182e-05 1.1914e-05 1.177e-05 1.1788e-05 1.1848e-05 1.1841e-05 1.1747e-05 1.1724e-05 1.1602e-05 1.1609e-05 1.165e-05 1.1602e-05 1.1585e-05 1.1576e-05 1.1704e-05 1.1778e-05 1.1748e-05 1.1744e-05 1.1595e-05 1.1526e-05 1.1556e-05 1.1568e-05 1.1547e-05 1.1719e-05 1.1511e-05 1.1505e-05 1.1555e-05 1.1523e-05 1.1632e-05 1.1905e-05 1.1864e-05 1.1955e-05 1.2043e-05 1.2127e-05 1.2137e-05 1.2145e-05 1.2141e-05 1.2132e-05 1.2119e-05 1.2101e-05 1.2071e-05 1.2047e-05 1.2029e-05 1.2003e-05 1.1935e-05 1.1966e-05 1.194e-05 1.1924e-05 1.1934e-05 1.1951e-05 1.1963e-05 1.1985e-05 1.2014e-05 1.2029e-05 1.2015e-05 1.2065e-05 1.2067e-05 1.2082e-05 1.2098e-05 1.2111e-05 1.2137e-05 1.214e-05 1.1928e-05 1.1762e-05 1.1674e-05 1.1655e-05 1.1621e-05 1.1535e-05 1.1803e-05 1.1808e-05 1.1844e-05 1.1896e-05 1.1779e-05 1.2141e-05 1.2132e-05 1.1994e-05 1.2145e-05 1.2132e-05 1.2142e-05 1.2141e-05 1.2139e-05 1.2129e-05
1.211e-05 1.2143e-05 1.2119e-05 1.2118e-05 1.2111e-05 1.2113e-05 1.2113e-05 1.2109e-05 1.2112e-05 1.211e-05 1.2111e-05 1.2109e-05 1.211e-05 1.2112e-05 1.2108e-05 1.2111e-05 1.2117e-05 1.2141e-05 1.2117e-05 1.1934e-05 1.1985e-05 1.1978e-05 1.2005e-05 1.1961e-05 1.1642e-05 1.1522e-05 1.1505e-05 1.1516e-05 1.1542e-05 1.1672e-05 1.1756e-05 1.1836e-05 1.1959e-05 1.2073e-05 1.2168e-05 1.2137e-05 1.1959e-05 1.1718e-05 1.1641e-05 1.1622e-05 1.159e-05 1.1563e-05 1.1553e-05 1.1542e-05 1.1559e-05 1.1532e-05 1.1532e-05 1.1551e-05 1.1556e-05 1.1535e-05 1.1507e-05 1.1506e-05 1.1508e-05 1.1506e-05 1.1528e-05 1.1597e-05 1.1645e-05 1.1673e-05 1.1662e-05 1.169e-05 1.1679e-05 1.1689e-05 1.1891e-05 1.2128e-05 1.2129e-05 1.2142e-05 1.2137e-05 1.2135e-05 1.2131e-05 1.2121e-05 1.211e-05 1.209e-05 1.2089e-05 1.2089e-05 1.2093e-05 1.2077e-05 1.2085e-05 1.2083e-05 1.2086e-05 1.2108e-05 1.2093e-05 1.2097e-05 1.212e-05 1.2141e-05 1.2143e-05 1.212e-05 1.2063e-05 1.2008e-05 1.208e-05 1.2031e-05 1.2021e-05 1.1906e-05 1.1996e-05 1.1991e-05 1.1995e-05 1.1924e-05 1.1951e-05 1.1846e-05 1.1923e-05 1.1945e-05 1.1737e-05 1.1718e-05 1.1807e-05 1.168e-05 1.1936e-05 1.1632e-05 1.166e-05 1.1584e-05 1.1647e-05 1.1538e-05 1.1515e-05 1.1543e-05 1.1643e-05 1.1696e-05 1.1654e-05 1.1579e-05 1.1573e-05 1.1617e-05 1.1561e-05 1.1707e-05 1.1673e-05 1.1716e-05 1.1688e-05 1.1541e-05 1.1612e-05 1.1776e-05 1.1797e-05 1.1933e-05 1.2004e-05 1.2095e-05 1.2118e-05 1.2141e-05 1.2145e-05 1.2142e-05 1.2133e-05 1.2119e-05 1.2097e-05 1.2061e-05 1.2032e-05 1.2012e-05 1.1976e-05 1.1956e-05 1.193e-05 1.1909e-05 1.1868e-05 1.1911e-05 1.1924e-05 1.1931e-05 1.1944e-05 1.2001e-05 1.1984e-05 1.1999e-05 1.2019e-05 1.2047e-05 1.2071e-05 1.2051e-05 1.206e-05 1.2081e-05 1.2099e-05 1.2115e-05 1.2136e-05 1.2145e-05 1.2141e-05 1.2102e-05 1.2007e-05 1.1774e-05 1.2014e-05 1.1937e-05 1.191e-05 1.1976e-05 1.2001e-05 1.2129e-05 1.2144e-05 1.2145e-05 1.2141e-05 1.2137e-05 1.2134e-05 1.2127e-05 1.2121e-05 1.2114e-05
1.2097e-05 1.2105e-05 1.2105e-05 1.2109e-05 1.2106e-05 1.2108e-05 1.2106e-05 1.2107e-05 1.2108e-05 1.2106e-05 1.2104e-05 1.2105e-05 1.2106e-05 1.2108e-05 1.2103e-05 1.211e-05 1.2105e-05 1.2115e-05 1.2144e-05 1.1652e-05 1.1885e-05 1.196e-05 1.1906e-05 1.1697e-05 1.1508e-05 1.1521e-05 1.1505e-05 1.1519e-05 1.1586e-05 1.1716e-05 1.1859e-05 1.2034e-05 1.2209e-05 1.2295e-05 1.2352e-05 1.2373e-05 1.2242e-05 1.2042e-05 1.173e-05 1.1588e-05 1.1553e-05 1.1542e-05 1.1533e-05 1.1537e-05 1.1665e-05 1.1618e-05 1.1519e-05 1.1507e-05 1.1529e-05 1.1544e-05 1.1508e-05 1.1513e-05 1.1528e-05 1.1512e-05 1.1512e-05 1.1593e-05 1.1657e-05 1.1703e-05 1.1713e-05 1.1732e-05 1.1743e-05 1.1723e-05 1.1878e-05 1.2125e-05 1.2144e-05 1.214e-05 1.2135e-05 1.2135e-05 1.2127e-05 1.2118e-05 1.2112e-05 1.2083e-05 1.2092e-05 1.2075e-05 1.207e-05 1.2055e-05 1.2058e-05 1.2043e-05 1.206e-05 1.2075e-05 1.208e-05 1.209e-05 1.2088e-05 1.2141e-05 1.2145e-05 1.2133e-05 1.2122e-05 1.2105e-05 1.207e-05 1.2088e-05 1.1951e-05 1.1969e-05 1.1983e-05 1.2055e-05 1.2098e-05 1.1911e-05 1.1942e-05 1.1888e-05 1.1944e-05 1.1879e-05 1.1879e-05 1.185e-05 1.1832e-05 1.18e-05 1.1783e-05 1.1672e-05 1.1615e-05 1.1811e-05 1.1604e-05 1.152e-05 1.1664e-05 1.1532e-05 1.1541e-05 1.1527e-05 1.1515e-05 1.1511e-05 1.1537e-05 1.1571e-05 1.1601e-05 1.1782e-05 1.1802e-05 1.177e-05 1.1989e-05 1.1919e-05 1.1862e-05 1.1979e-05 1.1977e-05 1.201e-05 1.208e-05 1.2116e-05 1.2139e-05 1.2145e-05 1.2143e-05 1.2135e-05 1.2125e-05 1.2101e-05 1.2075e-05 1.2033e-05 1.1997e-05 1.1963e-05 1.1949e-05 1.1928e-05 1.1881e-05 1.1852e-05 1.1834e-05 1.1844e-05 1.1876e-05 1.1883e-05 1.1926e-05 1.1934e-05 1.1963e-05 1.2025e-05 1.1996e-05 1.2025e-05 1.2031e-05 1.2036e-05 1.205e-05 1.2067e-05 1.207e-05 1.2087e-05 1.2098e-05 1.2119e-05 1.2126e-05 1.2131e-05 1.2142e-05 1.2145e-05 1.2135e-05 1.2075e-05 1.2028e-05 1.2044e-05 1.2048e-05 1.2117e-05 1.2123e-05 1.2142e-05 1.2138e-05 1.2134e-05 1.2126e-05 1.211e-05 1.2099e-05 1.2094e-05
1.2082e-05 1.2099e-05 1.2098e-05 1.2108e-05 1.2099e-05 1.2103e-05 1.2099e-05 1.21e-05 1.2104e-05 1.2103e-05 1.2101e-05 1.2101e-05 1.2101e-05 1.2106e-05 1.2109e-05 1.2112e-05 1.2115e-05 1.2122e-05 1.2125e-05 1.1913e-05 1.1904e-05 1.1861e-05 1.1749e-05 1.1628e-05 1.1528e-05 1.1527e-05 1.1505e-05 1.1516e-05 1.1573e-05 1.1792e-05 1.21e-05 1.2334e-05 1.2559e-05 1.2691e-05 1.2694e-05 1.2588e-05 1.2476e-05 1.244e-05 1.2137e-05 1.1764e-05 1.1567e-05 1.152e-05 1.1516e-05 1.152e-05 1.1531e-05 1.1552e-05 1.1533e-05 1.1517e-05 1.1508e-05 1.1509e-05 1.1531e-05 1.155e-05 1.1574e-05 1.1609e-05 1.1517e-05 1.1527e-05 1.1643e-05 1.1688e-05 1.1705e-05 1.1697e-05 1.1734e-05 1.1708e-05 1.1979e-05 1.2136e-05 1.2144e-05 1.214e-05 1.2135e-05 1.2131e-05 1.2126e-05 1.211e-05 1.2104e-05 1.2088e-05 1.208e-05 1.2056e-05 1.205e-05 1.2029e-05 1.201e-05 1.2017e-05 1.202e-05 1.2043e-05 1.2036e-05 1.2048e-05 1.2064e-05 1.2073e-05 1.2104e-05 1.2121e-05 1.2127e-05 1.2139e-05 1.2144e-05 1.2138e-05 1.2073e-05 1.2034e-05 1.1974e-05 1.1961e-05 1.2022e-05 1.1968e-05 1.2001e-05 1.2059e-05 1.1913e-05 1.2019e-05 1.194e-05 1.2012e-05 1.1891e-05 1.2054e-05 1.1936e-05 1.192e-05 1.1765e-05 1.1691e-05 1.1638e-05 1.1558e-05 1.1533e-05 1.152e-05 1.1519e-05 1.1506e-05 1.1506e-05 1.1506e-05 1.1517e-05 1.1629e-05 1.2003e-05 1.1915e-05 1.1854e-05 1.1774e-05 1.1848e-05 1.1799e-05 1.1977e-05 1.2017e-05 1.2039e-05 1.2052e-05 1.2122e-05 1.2136e-05 1.2144e-05 1.2142e-05 1.2136e-05 1.2129e-05 1.2102e-05 1.2075e-05 1.2056e-05 1.201e-05 1.1977e-05 1.1925e-05 1.19e-05 1.1859e-05 1.1821e-05 1.1814e-05 1.1803e-05 1.1794e-05 1.1812e-05 1.185e-05 1.186e-05 1.19e-05 1.1919e-05 1.1939e-05 1.1954e-05 1.1988e-05 1.1962e-05 1.1974e-05 1.2013e-05 1.2048e-05 1.2047e-05 1.2074e-05 1.2095e-05 1.2105e-05 1.2127e-05 1.2133e-05 1.2143e-05 1.2145e-05 1.2141e-05 1.2123e-05 1.2098e-05 1.2096e-05 1.2085e-05 1.2128e-05 1.2117e-05 1.2137e-05 1.2135e-05 1.2128e-05 1.211e-05 1.2106e-05 1.2094e-05 1.2091e-05
1.2088e-05 1.2093e-05 1.209e-05 1.2098e-05 1.2129e-05 1.2096e-05 1.2095e-05 1.2118e-05 1.2097e-05 1.2099e-05 1.2102e-05 1.2102e-05 1.2108e-05 1.2109e-05 1.2112e-05 1.2115e-05 1.2116e-05 1.2113e-05 1.2129e-05 1.2144e-05 1.1778e-05 1.1722e-05 1.1825e-05 1.1653e-05 1.1643e-05 1.1538e-05 1.1512e-05 1.1506e-05 1.1606e-05 1.1965e-05 1.2368e-05 1.2705e-05 1.2903e-05 1.2929e-05 1.3017e-05 1.2954e-05 1.2613e-05 1.2545e-05 1.2412e-05 1.2032e-05 1.1643e-05 1.1517e-05 1.1508e-05 1.151e-05 1.1535e-05 1.1525e-05 1.1548e-05 1.1726e-05 1.1523e-05 1.1517e-05 1.152e-05 1.1538e-05 1.1605e-05 1.167e-05 1.159e-05 1.1505e-05 1.1561e-05 1.1624e-05 1.167e-05 1.1663e-05 1.1812e-05 1.1832e-05 1.1853e-05 1.2081e-05 1.2144e-05 1.2137e-05 1.2134e-05 1.2131e-05 1.2118e-05 1.2106e-05 1.2087e-05 1.2068e-05 1.2064e-05 1.2033e-05 1.2013e-05 1.2001e-05 1.1992e-05 1.1982e-05 1.1981e-05 1.196e-05 1.2016e-05 1.2017e-05 1.2026e-05 1.2036e-05 1.206e-05 1.2115e-05 1.21e-05 1.2123e-05 1.2144e-05 1.2145e-05 1.2142e-05 1.2104e-05 1.2101e-05 1.2088e-05 1.2075e-05 1.2012e-05 1.1966e-05 1.1947e-05 1.207e-05 1.2021e-05 1.2048e-05 1.2144e-05 1.2046e-05 1.1886e-05 1.2094e-05 1.1844e-05 1.1794e-05 1.1771e-05 1.171e-05 1.1719e-05 1.1618e-05 1.1533e-05 1.1813e-05 1.1512e-05 1.1515e-05 1.1575e-05 1.1536e-05 1.1585e-05 1.1969e-05 1.1984e-05 1.1994e-05 1.1988e-05 1.2e-05 1.2039e-05 1.2049e-05 1.207e-05 1.2093e-05 1.2123e-05 1.2133e-05 1.2144e-05 1.2144e-05 1.2136e-05 1.2133e-05 1.2109e-05 1.209e-05 1.2056e-05 1.2029e-05 1.2001e-05 1.1944e-05 1.193e-05 1.1834e-05 1.1793e-05 1.1778e-05 1.1777e-05 1.1778e-05 1.177e-05 1.1799e-05 1.1807e-05 1.1836e-05 1.1816e-05 1.1874e-05 1.1886e-05 1.1924e-05 1.1932e-05 1.1946e-05 1.1958e-05 1.1978e-05 1.2029e-05 1.2072e-05 1.2064e-05 1.2089e-05 1.2102e-05 1.212e-05 1.2134e-05 1.2143e-05 1.2143e-05 1.2144e-05 1.2141e-05 1.2137e-05 1.2129e-05 1.212e-05 1.2063e-05 1.1834e-05 1.2134e-05 1.213e-05 1.2128e-05 1.211e-05 1.2096e-05 1.2089e-05 1.2094e-05
1.209e-05 1.2088e-05 1.2084e-05 1.2087e-05 1.2091e-05 1.2094e-05 1.2099e-05 1.2095e-05 1.2098e-05 1.21e-05 1.2101e-05 1.21e-05 1.2105e-05 1.2102e-05 1.2113e-05 1.211e-05 1.2117e-05 1.2134e-05 1.214e-05 1.2144e-05 1.2104e-05 1.2018e-05 1.1894e-05 1.1801e-05 1.1684e-05 1.1593e-05 1.1546e-05 1.1504e-05 1.1623e-05 1.2035e-05 1.2487e-05 1.2752e-05 1.2841e-05 1.2863e-05 1.3055e-05 1.2957e-05 1.2665e-05 1.2496e-05 1.2315e-05 1.1928e-05 1.1604e-05 1.1511e-05 1.1507e-05 1.1509e-05 1.159e-05 1.1517e-05 1.1537e-05 1.16e-05 1.1545e-05 1.1563e-05 1.1561e-05 1.1589e-05 1.1591e-05 1.1565e-05 1.153e-05 1.1511e-05 1.1522e-05 1.1615e-05 1.1622e-05 1.1606e-05 1.1714e-05 1.184e-05 1.185e-05 1.205e-05 1.2144e-05 1.2132e-05 1.2126e-05 1.2132e-05 1.2112e-05 1.2095e-05 1.2081e-05 1.2053e-05 1.2036e-05 1.2014e-05 1.1988e-05 1.1966e-05 1.1956e-05 1.1949e-05 1.1947e-05 1.1952e-05 1.1961e-05 1.1968e-05 1.1989e-05 1.195e-05 1.1959e-05 1.2037e-05 1.2074e-05 1.2085e-05 1.2117e-05 1.2114e-05 1.2145e-05 1.2124e-05 1.2143e-05 1.2142e-05 1.2144e-05 1.2102e-05 1.2056e-05 1.213e-05 1.1996e-05 1.2084e-05 1.214e-05 1.2139e-05 1.2142e-05 1.1973e-05 1.2063e-05 1.1767e-05 1.1718e-05 1.1864e-05 1.1882e-05 1.1808e-05 1.1721e-05 1.1798e-05 1.2101e-05 1.1977e-05 1.1678e-05 1.1769e-05 1.2035e-05 1.1695e-05 1.2019e-05 1.1985e-05 1.2009e-05 1.2005e-05 1.2086e-05 1.2096e-05 1.2116e-05 1.2103e-05 1.2127e-05 1.2131e-05 1.2144e-05 1.2143e-05 1.2139e-05 1.2135e-05 1.2123e-05 1.2105e-05 1.2065e-05 1.2035e-05 1.1996e-05 1.1973e-05 1.1894e-05 1.1856e-05 1.1826e-05 1.1768e-05 1.176e-05 1.1763e-05 1.1767e-05 1.1781e-05 1.1773e-05 1.1785e-05 1.1798e-05 1.183e-05 1.1851e-05 1.1844e-05 1.1851e-05 1.1885e-05 1.1917e-05 1.1949e-05 1.1975e-05 1.1994e-05 1.2025e-05 1.2053e-05 1.2082e-05 1.2106e-05 1.2118e-05 1.2131e-05 1.2142e-05 1.2142e-05 1.2144e-05 1.2145e-05 1.2145e-05 1.214e-05 1.2014e-05 1.2086e-05 1.2017e-05 1.2141e-05 1.2132e-05 1.212e-05 1.2116e-05 1.2098e-05 1.2097e-05 1.2087e-05
1.209e-05 1.2082e-05 1.2082e-05 1.2086e-05 1.209e-05 1.2091e-05 1.2094e-05 1.2096e-05 1.2098e-05 1.2096e-05 1.21e-05 1.2092e-05 1.2098e-05 1.2098e-05 1.2109e-05 1.2113e-05 1.2123e-05 1.2135e-05 1.2145e-05 1.2128e-05 1.2079e-05 1.2012e-05 1.1921e-05 1.1834e-05 1.1743e-05 1.1668e-05 1.1582e-05 1.1527e-05 1.1525e-05 1.1753e-05 1.2161e-05 1.2502e-05 1.2657e-05 1.2705e-05 1.2738e-05 1.2698e-05 1.2522e-05 1.2402e-05 1.184e-05 1.1559e-05 1.1504e-05 1.1509e-05 1.1504e-05 1.1505e-05 1.1504e-05 1.1545e-05 1.1514e-05 1.1623e-05 1.1555e-05 1.155e-05 1.1568e-05 1.1544e-05 1.1674e-05 1.1558e-05 1.1504e-05 1.1507e-05 1.1505e-05 1.1566e-05 1.1636e-05 1.1757e-05 1.1743e-05 1.1766e-05 1.1852e-05 1.2054e-05 1.2144e-05 1.2128e-05 1.2113e-05 1.2107e-05 1.2096e-05 1.208e-05 1.2048e-05 1.2029e-05 1.199e-05 1.1975e-05 1.1889e-05 1.1949e-05 1.1924e-05 1.1939e-05 1.192e-05 1.1919e-05 1.193e-05 1.1935e-05 1.1969e-05 1.1964e-05 1.1954e-05 1.2011e-05 1.2027e-05 1.2072e-05 1.2083e-05 1.2079e-05 1.2098e-05 1.2109e-05 1.2111e-05 1.2127e-05 1.2141e-05 1.2139e-05 1.2125e-05 1.2104e-05 1.2145e-05 1.2143e-05 1.2135e-05 1.2141e-05 1.2122e-05 1.2144e-05 1.212e-05 1.2145e-05 1.2141e-05 1.2145e-05 1.1769e-05 1.1734e-05 1.1674e-05 1.204e-05 1.1733e-05 1.1641e-05 1.2071e-05 1.2083e-05 1.2042e-05 1.2003e-05 1.2018e-05 1.2064e-05 1.2075e-05 1.2078e-05 1.2135e-05 1.2145e-05 1.2131e-05 1.2131e-05 1.2135e-05 1.2145e-05 1.2142e-05 1.2139e-05 1.2141e-05 1.2124e-05 1.2121e-05 1.2095e-05 1.2061e-05 1.2012e-05 1.1976e-05 1.1966e-05 1.1897e-05 1.1843e-05 1.1797e-05 1.1769e-05 1.1783e-05 1.1826e-05 1.1764e-05 1.1783e-05 1.1796e-05 1.1823e-05 1.1776e-05 1.186e-05 1.1849e-05 1.1858e-05 1.188e-05 1.1893e-05 1.1891e-05 1.1929e-05 1.1962e-05 1.1976e-05 1.204e-05 1.2054e-05 1.2083e-05 1.2107e-05 1.2127e-05 1.2132e-05 1.2138e-05 1.2141e-05 1.2144e-05 1.2143e-05 1.2144e-05 1.2143e-05 1.2121e-05 1.2081e-05 1.1953e-05 1.2143e-05 1.2123e-05 1.2122e-05 1.2103e-05 1.2099e-05 1.209e-05 1.2081e-05
1.2075e-05 1.2075e-05 1.2082e-05 1.2082e-05 1.2083e-05 1.2087e-05 1.209e-05 1.2096e-05 1.2098e-05 1.2093e-05 1.2094e-05 1.21e-05 1.2101e-05 1.2106e-05 1.2109e-05 1.2121e-05 1.2134e-05 1.2143e-05 1.2142e-05 1.212e-05 1.2066e-05 1.2002e-05 1.1932e-05 1.1874e-05 1.1826e-05 1.1766e-05 1.1691e-05 1.1605e-05 1.1518e-05 1.1534e-05 1.1643e-05 1.1764e-05 1.1809e-05 1.2294e-05 1.2509e-05 1.2564e-05 1.236e-05 1.1909e-05 1.1633e-05 1.1511e-05 1.151e-05 1.1524e-05 1.1523e-05 1.1535e-05 1.1559e-05 1.1591e-05 1.1607e-05 1.1553e-05 1.1512e-05 1.1574e-05 1.1672e-05 1.1573e-05 1.1504e-05 1.1505e-05 1.1505e-05 1.1512e-05 1.1641e-05 1.1587e-05 1.1637e-05 1.1785e-05 1.1849e-05 1.1964e-05 1.2035e-05 1.211e-05 1.2144e-05 1.2121e-05 1.2115e-05 1.2093e-05 1.2075e-05 1.2052e-05 1.2036e-05 1.1989e-05 1.1968e-05 1.1941e-05 1.1943e-05 1.1898e-05 1.1901e-05 1.1899e-05 1.1871e-05 1.1871e-05 1.1915e-05 1.1902e-05 1.1919e-05 1.1929e-05 1.1949e-05 1.1967e-05 1.2016e-05 1.2003e-05 1.2026e-05 1.2065e-05 1.2072e-05 1.2056e-05 1.2094e-05 1.211e-05 1.2114e-05 1.2122e-05 1.2144e-05 1.2143e-05 1.2136e-05 1.2138e-05 1.2142e-05 1.2122e-05 1.2087e-05 1.2143e-05 1.2126e-05 1.2145e-05 1.2144e-05 1.2143e-05 1.211e-05 1.2019e-05 1.1869e-05 1.2075e-05 1.2014e-05 1.197e-05 1.2085e-05 1.2028e-05 1.197e-05 1.2074e-05 1.2085e-05 1.2104e-05 1.2097e-05 1.2128e-05 1.2137e-05 1.2144e-05 1.2144e-05 1.2145e-05 1.2145e-05 1.2144e-05 1.2139e-05 1.2135e-05 1.2128e-05 1.2126e-05 1.2099e-05 1.2084e-05 1.2027e-05 1.1992e-05 1.1953e-05 1.1908e-05 1.1887e-05 1.1841e-05 1.1804e-05 1.1764e-05 1.1766e-05 1.1763e-05 1.1771e-05 1.1805e-05 1.1792e-05 1.1788e-05 1.18e-05 1.1808e-05 1.1841e-05 1.1824e-05 1.1844e-05 1.1909e-05 1.1889e-05 1.1902e-05 1.1942e-05 1.199e-05 1.2052e-05 1.2074e-05 1.2088e-05 1.2118e-05 1.213e-05 1.2134e-05 1.2135e-05 1.2138e-05 1.2139e-05 1.2139e-05 1.214e-05 1.2143e-05 1.2145e-05 1.2133e-05 1.2043e-05 1.2138e-05 1.2137e-05 1.2132e-05 1.2113e-05 1.2087e-05 1.2086e-05 1.2076e-05
1.2075e-05 1.2077e-05 1.2078e-05 1.2086e-05 1.2087e-05 1.2088e-05 1.2092e-05 1.209e-05 1.2099e-05 1.2088e-05 1.2092e-05 1.2097e-05 1.2098e-05 1.2108e-05 1.2121e-05 1.2126e-05 1.2141e-05 1.2145e-05 1.2139e-05 1.2118e-05 1.2065e-05 1.2028e-05 1.1983e-05 1.1949e-05 1.1904e-05 1.1855e-05 1.1787e-05 1.1748e-05 1.1671e-05 1.1586e-05 1.1531e-05 1.1517e-05 1.1518e-05 1.1514e-05 1.1574e-05 1.1618e-05 1.1518e-05 1.1504e-05 1.1505e-05 1.1507e-05 1.1519e-05 1.153e-05 1.1527e-05 1.1536e-05 1.1571e-05 1.1614e-05 1.1616e-05 1.1604e-05 1.1513e-05 1.1565e-05 1.1508e-05 1.1517e-05 1.1647e-05 1.1556e-05 1.1583e-05 1.1753e-05 1.1658e-05 1.1965e-05 1.1651e-05 1.1761e-05 1.1885e-05 1.201e-05 1.211e-05 1.2145e-05 1.2132e-05 1.2111e-05 1.2095e-05 1.2082e-05 1.2042e-05 1.2031e-05 1.1991e-05 1.1964e-05 1.1949e-05 1.1924e-05 1.1912e-05 1.1919e-05 1.1942e-05 1.1979e-05 1.187e-05 1.1866e-05 1.1881e-05 1.1867e-05 1.1894e-05 1.1901e-05 1.1927e-05 1.194e-05 1.1948e-05 1.1964e-05 1.1989e-05 1.2012e-05 1.2033e-05 1.2042e-05 1.2051e-05 1.2067e-05 1.2101e-05 1.2096e-05 1.2116e-05 1.2127e-05 1.2127e-05 1.2123e-05 1.2133e-05 1.2138e-05 1.2123e-05 1.214e-05 1.2144e-05 1.2142e-05 1.2138e-05 1.2141e-05 1.2144e-05 1.2124e-05 1.2073e-05 1.2116e-05 1.2118e-05 1.2133e-05 1.2136e-05 1.2e-05 1.2087e-05 1.2108e-05 1.212e-05 1.2136e-05 1.2137e-05 1.2142e-05 1.2145e-05 1.2144e-05 1.2143e-05 1.2143e-05 1.2143e-05 1.2141e-05 1.2135e-05 1.2132e-05 1.2115e-05 1.2108e-05 1.2086e-05 1.2065e-05 1.1939e-05 1.1929e-05 1.1949e-05 1.192e-05 1.1882e-05 1.1848e-05 1.1809e-05 1.177e-05 1.1769e-05 1.1784e-05 1.1781e-05 1.1792e-05 1.1802e-05 1.1803e-05 1.1834e-05 1.18e-05 1.1814e-05 1.1825e-05 1.1863e-05 1.1866e-05 1.1869e-05 1.192e-05 1.1966e-05 1.201e-05 1.2039e-05 1.2133e-05 1.2121e-05 1.21e-05 1.2121e-05 1.2124e-05 1.2129e-05 1.2132e-05 1.2132e-05 1.2136e-05 1.2135e-05 1.2137e-05 1.2139e-05 1.2144e-05 1.2143e-05 1.214e-05 1.2135e-05 1.2118e-05 1.2113e-05 1.2095e-05 1.2088e-05 1.2075e-05
1.2073e-05 1.2077e-05 1.2078e-05 1.2085e-05 1.208e-05 1.2081e-05 1.2085e-05 1.2086e-05 1.2091e-05 1.2091e-05 1.2088e-05 1.2098e-05 1.2101e-05 1.2116e-05 1.2127e-05 1.2136e-05 1.2144e-05 1.2145e-05 1.2139e-05 1.2122e-05 1.2092e-05 1.2071e-05 1.2036e-05 1.1998e-05 1.1937e-05 1.1898e-05 1.1872e-05 1.1836e-05 1.1807e-05 1.1767e-05 1.1729e-05 1.1692e-05 1.1663e-05 1.1638e-05 1.1605e-05 1.1616e-05 1.1627e-05 1.1618e-05 1.1561e-05 1.1535e-05 1.1531e-05 1.1553e-05 1.1548e-05 1.1517e-05 1.1536e-05 1.1569e-05 1.1576e-05 1.1577e-05 1.174e-05 1.1505e-05 1.203e-05 1.2102e-05 1.2126e-05 1.2042e-05 1.2025e-05 1.1766e-05 1.1785e-05 1.1793e-05 1.2013e-05 1.1817e-05 1.2008e-05 1.2099e-05 1.2144e-05 1.2136e-05 1.2129e-05 1.2094e-05 1.2068e-05 1.2039e-05 1.2031e-05 1.1981e-05 1.1976e-05 1.1951e-05 1.1923e-05 1.1916e-05 1.1906e-05 1.1901e-05 1.1887e-05 1.1859e-05 1.1844e-05 1.1847e-05 1.1845e-05 1.1866e-05 1.187e-05 1.1885e-05 1.1893e-05 1.1914e-05 1.1917e-05 1.1956e-05 1.1968e-05 1.1981e-05 1.1998e-05 1.2022e-05 1.2053e-05 1.2067e-05 1.208e-05 1.2079e-05 1.2099e-05 1.2095e-05 1.2097e-05 1.2105e-05 1.2129e-05 1.2116e-05 1.2139e-05 1.2135e-05 1.1563e-05 1.2101e-05 1.2143e-05 1.214e-05 1.2144e-05 1.2141e-05 1.2133e-05 1.214e-05 1.2136e-05 1.2133e-05 1.2112e-05 1.2141e-05 1.2138e-05 1.2142e-05 1.2144e-05 1.2143e-05 1.2143e-05 1.2145e-05 1.2144e-05 1.2144e-05 1.2144e-05 1.2142e-05 1.2143e-05 1.2139e-05 1.2134e-05 1.2126e-05 1.2109e-05 1.2092e-05 1.2069e-05 1.2039e-05 1.1964e-05 1.1941e-05 1.1954e-05 1.1908e-05 1.1906e-05 1.1855e-05 1.1827e-05 1.1804e-05 1.1785e-05 1.1786e-05 1.1799e-05 1.1795e-05 1.1803e-05 1.1805e-05 1.1824e-05 1.1858e-05 1.1811e-05 1.1845e-05 1.1881e-05 1.1904e-05 1.1905e-05 1.196e-05 1.1987e-05 1.2027e-05 1.2041e-05 1.213e-05 1.2138e-05 1.2094e-05 1.2112e-05 1.2117e-05 1.2118e-05 1.2123e-05 1.2122e-05 1.2126e-05 1.2132e-05 1.2129e-05 1.2134e-05 1.2133e-05 1.2143e-05 1.2143e-05 1.2109e-05 1.2113e-05 1.2114e-05 1.2086e-05 1.2065e-05 1.2082e-05
1.2073e-05 1.2072e-05 1.2079e-05 1.2078e-05 1.2076e-05 1.2075e-05 1.2088e-05 1.2091e-05 1.2087e-05 1.209e-05 1.2097e-05 1.2107e-05 1.2114e-05 1.2123e-05 1.2132e-05 1.214e-05 1.2145e-05 1.2142e-05 1.2135e-05 1.2121e-05 1.2073e-05 1.208e-05 1.2052e-05 1.2006e-05 1.1987e-05 1.1953e-05 1.1921e-05 1.1894e-05 1.1864e-05 1.1845e-05 1.181e-05 1.1773e-05 1.1733e-05 1.1712e-05 1.1714e-05 1.1721e-05 1.1684e-05 1.1667e-05 1.1612e-05 1.1573e-05 1.1558e-05 1.1563e-05 1.1572e-05 1.1586e-05 1.1566e-05 1.1614e-05 1.1692e-05 1.1807e-05 1.2004e-05 1.2065e-05 1.2104e-05 1.2126e-05 1.2141e-05 1.2144e-05 1.2144e-05 1.2109e-05 1.1886e-05 1.1839e-05 1.1925e-05 1.2084e-05 1.2125e-05 1.2145e-05 1.2137e-05 1.2102e-05 1.2098e-05 1.2074e-05 1.2051e-05 1.2018e-05 1.1988e-05 1.1966e-05 1.1931e-05 1.1903e-05 1.1885e-05 1.1883e-05 1.1865e-05 1.1856e-05 1.1851e-05 1.1878e-05 1.179e-05 1.1766e-05 1.184e-05 1.1846e-05 1.1833e-05 1.1916e-05 1.1869e-05 1.1892e-05 1.1928e-05 1.1938e-05 1.1927e-05 1.1958e-05 1.1967e-05 1.1988e-05 1.2013e-05 1.2033e-05 1.2049e-05 1.2061e-05 1.2074e-05 1.2101e-05 1.2077e-05 1.2097e-05 1.21e-05 1.2102e-05 1.2139e-05 1.181e-05 1.155e-05 1.212e-05 1.2128e-05 1.214e-05 1.2142e-05 1.2145e-05 1.2145e-05 1.2145e-05 1.2145e-05 1.2145e-05 1.2143e-05 1.2145e-05 1.2145e-05 1.2145e-05 1.2144e-05 1.2144e-05 1.2144e-05 1.2143e-05 1.2144e-05 1.2143e-05 1.2142e-05 1.2141e-05 1.2142e-05 1.2137e-05 1.2133e-05 1.2126e-05 1.2115e-05 1.2093e-05 1.2064e-05 1.2039e-05 1.2002e-05 1.1996e-05 1.1944e-05 1.1926e-05 1.1884e-05 1.1861e-05 1.1838e-05 1.1819e-05 1.1787e-05 1.1796e-05 1.1789e-05 1.1794e-05 1.182e-05 1.1801e-05 1.1809e-05 1.1831e-05 1.1841e-05 1.1875e-05 1.1879e-05 1.1933e-05 1.1987e-05 1.1975e-05 1.2001e-05 1.2028e-05 1.2045e-05 1.2059e-05 1.2079e-05 1.2088e-05 1.2098e-05 1.2109e-05 1.2112e-05 1.2111e-05 1.2119e-05 1.2117e-05 1.2124e-05 1.2126e-05 1.2128e-05 1.2126e-05 1.2133e-05 1.2114e-05 1.2112e-05 1.2121e-05 1.211e-05 1.2085e-05 1.2066e-05 1.2067e-05
1.2075e-05 1.2079e-05 1.207e-05 1.207e-05 1.2072e-05 1.2076e-05 1.2082e-05 1.2089e-05 1.2093e-05 1.2105e-05 1.2102e-05 1.2109e-05 1.212e-05 1.2129e-05 1.2138e-05 1.2144e-05 1.2139e-05 1.2141e-05 1.2137e-05 1.2126e-05 1.2113e-05 1.21e-05 1.2074e-05 1.2053e-05 1.2025e-05 1.2001e-05 1.1969e-05 1.1935e-05 1.1919e-05 1.1885e-05 1.1859e-05 1.1845e-05 1.1811e-05 1.1797e-05 1.1803e-05 1.1795e-05 1.1789e-05 1.1744e-05 1.1681e-05 1.1637e-05 1.1609e-05 1.1606e-05 1.1621e-05 1.1641e-05 1.1698e-05 1.1783e-05 1.1844e-05 1.1936e-05 1.2022e-05 1.2092e-05 1.2126e-05 1.2138e-05 1.2143e-05 1.2145e-05 1.2144e-05 1.2142e-05 1.2086e-05 1.2119e-05 1.2038e-05 1.2145e-05 1.2118e-05 1.2103e-05 1.2087e-05 1.2077e-05 1.206e-05 1.2036e-05 1.1994e-05 1.1971e-05 1.1946e-05 1.1931e-05 1.1883e-05 1.1865e-05 1.1858e-05 1.1848e-05 1.183e-05 1.1812e-05 1.1809e-05 1.1822e-05 1.1796e-05 1.1811e-05 1.1834e-05 1.1815e-05 1.1834e-05 1.1822e-05 1.1852e-05 1.1814e-05 1.1838e-05 1.1895e-05 1.1905e-05 1.1946e-05 1.1943e-05 1.1964e-05 1.1992e-05 1.2004e-05 1.2032e-05 1.2051e-05 1.2046e-05 1.2006e-05 1.2071e-05 1.2075e-05 1.2099e-05 1.21e-05 1.2114e-05 1.2126e-05 1.2143e-05 1.2143e-05 1.2144e-05 1.2133e-05 1.214e-05 1.2137e-05 1.2141e-05 1.2141e-05 1.2143e-05 1.2141e-05 1.2141e-05 1.2142e-05 1.2139e-05 1.2136e-05 1.2141e-05 1.2137e-05 1.214e-05 1.2142e-05 1.2144e-05 1.2143e-05 1.2141e-05 1.2143e-05 1.2143e-05 1.2138e-05 1.2134e-05 1.2129e-05 1.2111e-05 1.2091e-05 1.2071e-05 1.2048e-05 1.205e-05 1.2013e-05 1.1986e-05 1.1948e-05 1.1941e-05 1.1916e-05 1.1908e-05 1.188e-05 1.1876e-05 1.1846e-05 1.1837e-05 1.1833e-05 1.1852e-05 1.1848e-05 1.1885e-05 1.1884e-05 1.1881e-05 1.1886e-05 1.1935e-05 1.1973e-05 1.1989e-05 1.2015e-05 1.2005e-05 1.203e-05 1.2045e-05 1.2061e-05 1.2074e-05 1.2087e-05 1.2095e-05 1.21e-05 1.2104e-05 1.2109e-05 1.2106e-05 1.211e-05 1.2131e-05 1.2124e-05 1.2128e-05 1.2119e-05 1.2121e-05 1.2121e-05 1.2116e-05 1.2099e-05 1.2081e-05 1.208e-05 1.2068e-05 1.2065e-05
1.2058e-05 1.2062e-05 1.2072e-05 1.2084e-05 1.208e-05 1.2097e-05 1.2092e-05 1.2089e-05 1.2096e-05 1.2101e-05 1.2104e-05 1.2116e-05 1.2121e-05 1.2131e-05 1.2135e-05 1.2144e-05 1.1945e-05 1.2134e-05 1.214e-05 1.2136e-05 1.2128e-05 1.2115e-05 1.2103e-05 1.2095e-05 1.2066e-05 1.2039e-05 1.2014e-05 1.198e-05 1.1951e-05 1.1933e-05 1.1912e-05 1.1907e-05 1.1886e-05 1.1892e-05 1.1881e-05 1.1888e-05 1.1858e-05 1.1837e-05 1.1809e-05 1.1765e-05 1.1717e-05 1.1715e-05 1.1689e-05 1.1708e-05 1.1755e-05 1.1842e-05 1.1935e-05 1.2111e-05 1.2116e-05 1.2138e-05 1.2142e-05 1.2143e-05 1.2143e-05 1.2144e-05 1.2141e-05 1.2134e-05 1.2125e-05 1.212e-05 1.2098e-05 1.2082e-05 1.2066e-05 1.205e-05 1.2017e-05 1.2002e-05 1.1976e-05 1.1951e-05 1.1942e-05 1.1917e-05 1.1902e-05 1.1879e-05 1.1845e-05 1.183e-05 1.1823e-05 1.1803e-05 1.1791e-05 1.1806e-05 1.1796e-05 1.1794e-05 1.178e-05 1.1753e-05 1.1818e-05 1.1809e-05 1.1798e-05 1.1818e-05 1.1789e-05 1.183e-05 1.1871e-05 1.1877e-05 1.1912e-05 1.1912e-05 1.1926e-05 1.1936e-05 1.1963e-05 1.1987e-05 1.2024e-05 1.2029e-05 1.2033e-05 1.2037e-05 1.2051e-05 1.2066e-05 1.2075e-05 1.2086e-05 1.2103e-05 1.2102e-05 1.2108e-05 1.2121e-05 1.2127e-05 1.2127e-05 1.2127e-05 1.2132e-05 1.2132e-05 1.2132e-05 1.2136e-05 1.213e-05 1.2135e-05 1.2129e-05 1.2122e-05 1.2125e-05 1.2126e-05 1.2129e-05 1.2137e-05 1.2139e-05 1.2141e-05 1.2142e-05 1.2144e-05 1.2143e-05 1.2138e-05 1.2132e-05 1.2132e-05 1.2128e-05 1.2114e-05 1.2096e-05 1.2081e-05 1.2077e-05 1.2055e-05 1.2028e-05 1.2007e-05 1.1985e-05 1.1981e-05 1.1966e-05 1.1953e-05 1.1936e-05 1.193e-05 1.1907e-05 1.1899e-05 1.1913e-05 1.1907e-05 1.1907e-05 1.1962e-05 1.1956e-05 1.1935e-05 1.1962e-05 1.1968e-05 1.2e-05 1.2016e-05 1.2003e-05 1.2043e-05 1.2027e-05 1.2038e-05 1.2073e-05 1.2084e-05 1.2087e-05 1.2091e-05 1.2091e-05 1.2103e-05 1.2102e-05 1.2107e-05 1.2116e-05 1.212e-05 1.2115e-05 1.2113e-05 1.2128e-05 1.2123e-05 1.2124e-05 1.2108e-05 1.2093e-05 1.2079e-05 1.2066e-05 1.2055e-05 1.205e-05
1.2058e-05 1.2059e-05 1.2065e-05 1.2072e-05 1.2067e-05 1.2082e-05 1.2092e-05 1.2097e-05 1.2098e-05 1.2098e-05 1.2111e-05 1.2119e-05 1.2119e-05 1.213e-05 1.2136e-05 1.2138e-05 1.2143e-05 1.2144e-05 1.2141e-05 1.2141e-05 1.2136e-05 1.2131e-05 1.2122e-05 1.211e-05 1.21e-05 1.2085e-05 1.206e-05 1.2033e-05 1.2033e-05 1.2005e-05 1.1994e-05 1.1979e-05 1.1968e-05 1.1973e-05 1.1963e-05 1.1964e-05 1.1955e-05 1.194e-05 1.1924e-05 1.1863e-05 1.1844e-05 1.1814e-05 1.1803e-05 1.1812e-05 1.1856e-05 1.1942e-05 1.2025e-05 1.2079e-05 1.2128e-05 1.2138e-05 1.2143e-05 1.2145e-05 1.2144e-05 1.2142e-05 1.2135e-05 1.2124e-05 1.211e-05 1.209e-05 1.2069e-05 1.2048e-05 1.2001e-05 1.1985e-05 1.1969e-05 1.1956e-05 1.1933e-05 1.1925e-05 1.1901e-05 1.188e-05 1.1865e-05 1.1834e-05 1.1829e-05 1.1676e-05 1.178e-05 1.1778e-05 1.1774e-05 1.1758e-05 1.1762e-05 1.1778e-05 1.1773e-05 1.1779e-05 1.1788e-05 1.1749e-05 1.1813e-05 1.1806e-05 1.1953e-05 1.1545e-05 1.1856e-05 1.1874e-05 1.1882e-05 1.1906e-05 1.1903e-05 1.194e-05 1.1957e-05 1.1971e-05 1.1981e-05 1.2008e-05 1.201e-05 1.2031e-05 1.2042e-05 1.2069e-05 1.2069e-05 1.2076e-05 1.2096e-05 1.211e-05 1.2116e-05 1.2115e-05 1.2117e-05 1.2125e-05 1.2114e-05 1.212e-05 1.2124e-05 1.2118e-05 1.211e-05 1.2112e-05 1.2112e-05 1.2109e-05 1.2103e-05 1.211e-05 1.2118e-05 1.213e-05 1.2134e-05 1.2133e-05 1.2136e-05 1.214e-05 1.214e-05 1.2138e-05 1.214e-05 1.2136e-05 1.2131e-05 1.2128e-05 1.2115e-05 1.2109e-05 1.2092e-05 1.2092e-05 1.2082e-05 1.2065e-05 1.2035e-05 1.2024e-05 1.2016e-05 1.2025e-05 1.1991e-05 1.2001e-05 1.1976e-05 1.1952e-05 1.1951e-05 1.1961e-05 1.1967e-05 1.1961e-05 1.1969e-05 1.1988e-05 1.1974e-05 1.1987e-05 1.1984e-05 1.1988e-05 1.2018e-05 1.2009e-05 1.2031e-05 1.2024e-05 1.2034e-05 1.2059e-05 1.2073e-05 1.207e-05 1.2086e-05 1.2091e-05 1.2095e-05 1.2104e-05 1.2105e-05 1.211e-05 1.2122e-05 1.2112e-05 1.2114e-05 1.212e-05 1.2101e-05 1.211e-05 1.2108e-05 1.2092e-05 1.2072e-05 1.2073e-05 1.2065e-05 1.2061e-05
1.2066e-05 1.2061e-05 1.2064e-05 1.2082e-05 1.207e-05 1.2074e-05 1.2101e-05 1.2085e-05 1.2086e-05 1.2086e-05 1.2095e-05 1.2105e-05 1.2115e-05 1.2121e-05 1.2131e-05 1.2139e-05 1.2138e-05 1.2143e-05 1.2144e-05 1.2145e-05 1.2144e-05 1.2141e-05 1.2134e-05 1.2127e-05 1.2126e-05 1.2121e-05 1.2117e-05 1.2106e-05 1.2097e-05 1.2085e-05 1.2078e-05 1.206e-05 1.205e-05 1.2056e-05 1.2072e-05 1.2055e-05 1.2053e-05 1.2054e-05 1.2022e-05 1.1984e-05 1.1965e-05 1.1951e-05 1.1952e-05 1.2001e-05 1.2026e-05 1.2081e-05 1.2107e-05 1.2126e-05 1.214e-05 1.2144e-05 1.2145e-05 1.2142e-05 1.2139e-05 1.2133e-05 1.2121e-05 1.211e-05 1.2091e-05 1.2069e-05 1.2044e-05 1.2005e-05 1.1953e-05 1.1981e-05 1.1911e-05 1.1896e-05 1.1891e-05 1.1874e-05 1.1848e-05 1.1831e-05 1.1822e-05 1.1823e-05 1.1791e-05 1.1794e-05 1.178e-05 1.1755e-05 1.175e-05 1.1748e-05 1.1764e-05 1.1737e-05 1.1722e-05 1.1735e-05 1.1768e-05 1.1776e-05 1.1772e-05 1.1795e-05 1.1804e-05 1.1812e-05 1.1825e-05 1.1835e-05 1.1856e-05 1.1898e-05 1.1927e-05 1.1918e-05 1.195e-05 1.1952e-05 1.2001e-05 1.1988e-05 1.1994e-05 1.2012e-05 1.2042e-05 1.205e-05 1.2065e-05 1.207e-05 1.2075e-05 1.2083e-05 1.2083e-05 1.209e-05 1.2108e-05 1.2108e-05 1.2105e-05 1.2101e-05 1.2092e-05 1.2089e-05 1.209e-05 1.209e-05 1.2101e-05 1.2092e-05 1.2094e-05 1.2093e-05 1.2113e-05 1.212e-05 1.2122e-05 1.2127e-05 1.2135e-05 1.2134e-05 1.2138e-05 1.2137e-05 1.2139e-05 1.2136e-05 1.2132e-05 1.213e-05 1.2121e-05 1.2123e-05 1.2103e-05 1.2084e-05 1.209e-05 1.2104e-05 1.2075e-05 1.2066e-05 1.207e-05 1.2044e-05 1.2026e-05 1.2052e-05 1.2026e-05 1.2008e-05 1.2011e-05 1.2025e-05 1.2011e-05 1.2015e-05 1.2013e-05 1.2014e-05 1.2016e-05 1.2009e-05 1.2012e-05 1.2024e-05 1.2026e-05 1.2018e-05 1.2024e-05 1.2042e-05 1.2042e-05 1.2057e-05 1.2052e-05 1.207e-05 1.2077e-05 1.2089e-05 1.2094e-05 1.2102e-05 1.2118e-05 1.2117e-05 1.2119e-05 1.2113e-05 1.2109e-05 1.2107e-05 1.21e-05 1.2102e-05 1.2096e-05 1.209e-05 1.2078e-05 1.2062e-05 1.2083e-05 1.2069e-05
1.207e-05 1.2068e-05 1.207e-05 1.2068e-05 1.2071e-05 1.2064e-05 1.2078e-05 1.2085e-05 1.2079e-05 1.2096e-05 1.2102e-05 1.2101e-05 1.2108e-05 1.2117e-05 1.2126e-05 1.213e-05 1.2135e-05 1.2139e-05 1.2141e-05 1.2144e-05 1.2145e-05 1.2145e-05 1.2144e-05 1.2142e-05 1.214e-05 1.2138e-05 1.2134e-05 1.2131e-05 1.2128e-05 1.2127e-05 1.2126e-05 1.2122e-05 1.2125e-05 1.2125e-05 1.2121e-05 1.2117e-05 1.2115e-05 1.2117e-05 1.2112e-05 1.2138e-05 1.2104e-05 1.2102e-05 1.2103e-05 1.2109e-05 1.2115e-05 1.2124e-05 1.2131e-05 1.214e-05 1.2145e-05 1.2144e-05 1.2143e-05 1.2132e-05 1.2121e-05 1.2109e-05 1.2096e-05 1.2075e-05 1.2055e-05 1.2032e-05 1.2006e-05 1.1985e-05 1.1942e-05 1.1897e-05 1.1878e-05 1.1861e-05 1.1835e-05 1.1698e-05 1.1857e-05 1.1793e-05 1.1783e-05 1.178e-05 1.1751e-05 1.1789e-05 1.1761e-05 1.1716e-05 1.1696e-05 1.1706e-05 1.1719e-05 1.1712e-05 1.1745e-05 1.1733e-05 1.1752e-05 1.1752e-05 1.1769e-05 1.1764e-05 1.1789e-05 1.18e-05 1.1827e-05 1.1843e-05 1.1868e-05 1.1889e-05 1.1913e-05 1.1924e-05 1.1933e-05 1.1956e-05 1.1958e-05 1.1961e-05 1.1998e-05 1.2014e-05 1.2019e-05 1.204e-05 1.2046e-05 1.2057e-05 1.2071e-05 1.2073e-05 1.2077e-05 1.2074e-05 1.2092e-05 1.2082e-05 1.2085e-05 1.2076e-05 1.2079e-05 1.2076e-05 1.2072e-05 1.2074e-05 1.2087e-05 1.2078e-05 1.2087e-05 1.2088e-05 1.2094e-05 1.2114e-05 1.2106e-05 1.211e-05 1.2137e-05 1.2129e-05 1.2131e-05 1.2134e-05 1.2138e-05 1.214e-05 1.2137e-05 1.2132e-05 1.2132e-05 1.2128e-05 1.2123e-05 1.2144e-05 1.2121e-05 1.2103e-05 1.2098e-05 1.2102e-05 1.2082e-05 1.2071e-05 1.2063e-05 1.2088e-05 1.2054e-05 1.2047e-05 1.2046e-05 1.2067e-05 1.2053e-05 1.2056e-05 1.2045e-05 1.2038e-05 1.2046e-05 1.2037e-05 1.2046e-05 1.2055e-05 1.2043e-05 1.204e-05 1.2051e-05 1.2055e-05 1.2052e-05 1.2063e-05 1.207e-05 1.2066e-05 1.2078e-05 1.2082e-05 1.2088e-05 1.211e-05 1.2099e-05 1.2103e-05 1.2113e-05 1.2107e-05 1.2111e-05 1.2102e-05 1.2097e-05 1.2099e-05 1.2087e-05 1.2086e-05 1.209e-05 1.2074e-05 1.2076e-05 1.2086e-05
1.2056e-05 1.2074e-05 1.2075e-05 1.1922e-05 1.207e-05 1.2064e-05 1.2063e-05 1.2067e-05 1.2072e-05 1.2076e-05 1.2083e-05 1.2097e-05 1.2098e-05 1.2109e-05 1.2113e-05 1.2116e-05 1.2123e-05 1.2127e-05 1.2136e-05 1.2142e-05 1.2145e-05 1.2142e-05 1.2144e-05 1.2144e-05 1.2145e-05 1.2145e-05 1.2144e-05 1.2145e-05 1.2144e-05 1.2144e-05 1.2143e-05 1.2142e-05 1.2141e-05 1.214e-05 1.2138e-05 1.2136e-05 1.2135e-05 1.2137e-05 1.2136e-05 1.2135e-05 1.2134e-05 1.2137e-05 1.2137e-05 1.214e-05 1.2143e-05 1.2144e-05 1.2145e-05 1.2145e-05 1.2141e-05 1.2135e-05 1.2121e-05 1.2109e-05 1.2093e-05 1.2071e-05 1.2043e-05 1.2028e-05 1.2007e-05 1.1983e-05 1.195e-05 1.1941e-05 1.1912e-05 1.1875e-05 1.1839e-05 1.1806e-05 1.1807e-05 1.1799e-05 1.1752e-05 1.176e-05 1.1765e-05 1.1767e-05 1.1744e-05 1.1759e-05 1.1735e-05 1.1736e-05 1.1726e-05 1.1707e-05 1.1723e-05 1.1747e-05 1.1751e-05 1.1739e-05 1.1747e-05 1.1752e-05 1.1783e-05 1.1801e-05 1.1815e-05 1.1881e-05 1.1867e-05 1.1879e-05 1.1884e-05 1.1895e-05 1.1903e-05 1.1926e-05 1.1953e-05 1.1963e-05 1.1953e-05 1.2009e-05 1.2016e-05 1.2013e-05 1.2022e-05 1.2034e-05 1.2038e-05 1.205e-05 1.2061e-05 1.2061e-05 1.2059e-05 1.2064e-05 1.2066e-05 1.2065e-05 1.2067e-05 1.2071e-05 1.2063e-05 1.2067e-05 1.2058e-05 1.2068e-05 1.2071e-05 1.2076e-05 1.2078e-05 1.209e-05 1.208e-05 1.2091e-05 1.2101e-05 1.2105e-05 1.2106e-05 1.2116e-05 1.2122e-05 1.2127e-05 1.2133e-05 1.2135e-05 1.2136e-05 1.2136e-05 1.2136e-05 1.2132e-05 1.2128e-05 1.2128e-05 1.2122e-05 1.2113e-05 1.2108e-05 1.2108e-05 1.2097e-05 1.2113e-05 1.2088e-05 1.2108e-05 1.2085e-05 1.2075e-05 1.209e-05 1.2072e-05 1.2074e-05 1.2072e-05 1.2067e-05 1.2066e-05 1.207e-05 1.2068e-05 1.2054e-05 1.2054e-05 1.2055e-05 1.2061e-05 1.206e-05 1.2068e-05 1.2061e-05 1.2059e-05 1.2065e-05 1.2073e-05 1.2069e-05 1.2075e-05 1.2092e-05 1.2085e-05 1.2086e-05 1.2084e-05 1.2108e-05 1.2101e-05 1.2098e-05 1.2095e-05 1.2105e-05 1.2088e-05 1.2078e-05 1.2072e-05 1.2077e-05 1.207e-05 1.2067e-05 1.2064e-05
1.2059e-05 1.2039e-05 1.2057e-05 1.2042e-05 1.2045e-05 1.2052e-05 1.2056e-05 1.2052e-05 1.2085e-05 1.2072e-05 1.208e-05 1.208e-05 1.2079e-05 1.2083e-05 1.2061e-05 1.2103e-05 1.2108e-05 1.2113e-05 1.2124e-05 1.2118e-05 1.2123e-05 1.213e-05 1.2132e-05 1.2134e-05 1.2136e-05 1.2137e-05 1.2142e-05 1.214e-05 1.2141e-05 1.2142e-05 1.2143e-05 1.2144e-05 1.2144e-05 1.2145e-05 1.2145e-05 1.2144e-05 1.2144e-05 1.2144e-05 1.2144e-05 1.2143e-05 1.2143e-05 1.2144e-05 1.2145e-05 1.2144e-05 1.2143e-05 1.214e-05 1.2137e-05 1.213e-05 1.2124e-05 1.2114e-05 1.2101e-05 1.2098e-05 1.2065e-05 1.203e-05 1.2e-05 1.1966e-05 1.1932e-05 1.189e-05 1.1873e-05 1.1862e-05 1.1853e-05 1.1817e-05 1.18e-05 1.1806e-05 1.177e-05 1.1759e-05 1.1754e-05 1.178e-05 1.1763e-05 1.1746e-05 1.1778e-05 1.1771e-05 1.1741e-05 1.1738e-05 1.1738e-05 1.173e-05 1.1732e-05 1.1753e-05 1.175e-05 1.1757e-05 1.1752e-05 1.1778e-05 1.1795e-05 1.1878e-05 1.1482e-05 1.0436e-05 1.2018e-05 1.1911e-05 1.1889e-05 1.1914e-05 1.1905e-05 1.1942e-05 1.1937e-05 1.1973e-05 1.1976e-05 1.1992e-05 1.2007e-05 1.2012e-05 1.2014e-05 1.2022e-05 1.2036e-05 1.2037e-05 1.2045e-05 1.2064e-05 1.2049e-05 1.2067e-05 1.2069e-05 1.2063e-05 1.2064e-05 1.2068e-05 1.2058e-05 1.2058e-05 1.2052e-05 1.2064e-05 1.2083e-05 1.208e-05 1.2064e-05 1.2081e-05 1.2085e-05 1.2076e-05 1.2082e-05 1.2091e-05 1.2094e-05 1.2114e-05 1.2115e-05 1.2128e-05 1.2125e-05 1.2131e-05 1.2132e-05 1.2139e-05 1.2134e-05 1.2135e-05 1.2135e-05 1.2133e-05 1.2128e-05 1.2129e-05 1.2123e-05 1.2121e-05 1.2126e-05 1.2116e-05 1.2108e-05 1.211e-05 1.2102e-05 1.21e-05 1.2108e-05 1.2092e-05 1.2094e-05 1.209e-05 1.2092e-05 1.2089e-05 1.2083e-05 1.2081e-05 1.208e-05 1.2074e-05 1.2096e-05 1.2071e-05 1.2075e-05 1.2063e-05 1.2066e-05 1.2067e-05 1.2079e-05 1.2081e-05 1.2065e-05 1.2068e-05 1.2081e-05 1.2066e-05 1.2068e-05 1.2091e-05 1.2077e-05 1.2088e-05 1.2072e-05 1.2075e-05 1.208e-05 1.2078e-05 1.2077e-05 1.2066e-05 1.2082e-05 1.2079e-05 1.2056e-05 1.2094e-05
1.2034e-05 1.2036e-05 1.2027e-05 1.2033e-05 1.2038e-05 1.202e-05 1.203e-05 1.2039e-05 1.2032e-05 1.2041e-05 1.2065e-05 1.2059e-05 1.2051e-05 1.2071e-05 1.2066e-05 1.2076e-05 1.2077e-05 1.2082e-05 1.2086e-05 1.2088e-05 1.2107e-05 1.2101e-05 1.2114e-05 1.212e-05 1.212e-05 1.2129e-05 1.2121e-05 1.2124e-05 1.213e-05 1.2132e-05 1.2133e-05 1.2138e-05 1.2137e-05 1.214e-05 1.2126e-05 1.2143e-05 1.2143e-05 1.2144e-05 1.2144e-05 1.2144e-05 1.2143e-05 1.2142e-05 1.2137e-05 1.2135e-05 1.2131e-05 1.2124e-05 1.2114e-05 1.2099e-05 1.2088e-05 1.2071e-05 1.2048e-05 1.2019e-05 1.1993e-05 1.1956e-05 1.1916e-05 1.1877e-05 1.1831e-05 1.1798e-05 1.1761e-05 1.1725e-05 1.1712e-05 1.172e-05 1.1747e-05 1.1762e-05 1.176e-05 1.1761e-05 1.1773e-05 1.1762e-05 1.1743e-05 1.1757e-05 1.1747e-05 1.1748e-05 1.1759e-05 1.174e-05 1.1742e-05 1.1756e-05 1.1765e-05 1.1798e-05 1.175e-05 1.1767e-05 1.1778e-05 1.1797e-05 1.1842e-05 1.1858e-05 1.1862e-05 1.1898e-05 1.1905e-05 1.19e-05 1.1913e-05 1.1907e-05 1.1929e-05 1.1947e-05 1.1951e-05 1.1972e-05 1.1981e-05 1.1998e-05 1.2006e-05 1.2014e-05 1.2022e-05 1.204e-05 1.205e-05 1.2041e-05 1.2047e-05 1.2065e-05 1.2061e-05 1.2061e-05 1.2059e-05 1.2067e-05 1.2073e-05 1.2087e-05 1.208e-05 1.206e-05 1.2052e-05 1.2062e-05 1.2067e-05 1.2066e-05 1.2081e-05 1.2072e-05 1.2074e-05 1.2076e-05 1.2082e-05 1.2096e-05 1.2091e-05 1.2098e-05 1.2106e-05 1.2111e-05 1.2112e-05 1.2124e-05 1.213e-05 1.2131e-05 1.2135e-05 1.2138e-05 1.2138e-05 1.2137e-05 1.2141e-05 1.2133e-05 1.2132e-05 1.213e-05 1.2143e-05 1.2125e-05 1.2121e-05 1.2114e-05 1.2112e-05 1.2117e-05 1.2114e-05 1.2112e-05 1.2126e-05 1.2103e-05 1.2104e-05 1.21e-05 1.2103e-05 1.2088e-05 1.2091e-05 1.2085e-05 1.2082e-05 1.2083e-05 1.208e-05 1.2077e-05 1.2075e-05 1.2067e-05 1.2087e-05 1.2084e-05 1.2083e-05 1.2073e-05 1.2075e-05 1.2075e-05 1.206e-05 1.206e-05 1.2059e-05 1.2068e-05 1.2059e-05 1.2068e-05 1.2053e-05 1.2056e-05 1.2073e-05 1.2066e-05 1.2064e-05 1.2043e-05 1.2047e-05 1.2039e-05
1.205e-05 1.2017e-05 1.2015e-05 1.2024e-05 1.2019e-05 1.2016e-05 1.2021e-05 1.2014e-05 1.2037e-05 1.2007e-05 1.2027e-05 1.203e-05 1.2035e-05 1.2031e-05 1.2057e-05 1.2068e-05 1.2068e-05 1.2052e-05 1.2046e-05 1.2063e-05 1.2061e-05 1.2063e-05 1.2068e-05 1.2073e-05 1.2089e-05 1.2092e-05 1.2125e-05 1.2098e-05 1.2099e-05 1.2116e-05 1.2102e-05 1.2121e-05 1.2118e-05 1.2126e-05 1.2133e-05 1.2136e-05 1.2135e-05 1.2135e-05 1.2134e-05 1.2134e-05 1.2133e-05 1.2125e-05 1.2119e-05 1.2111e-05 1.2103e-05 1.209e-05 1.2064e-05 1.2038e-05 1.2006e-05 1.1981e-05 1.1963e-05 1.1944e-05 1.1931e-05 1.1902e-05 1.188e-05 1.1845e-05 1.1823e-05 1.1811e-05 1.178e-05 1.1769e-05 1.1768e-05 1.1761e-05 1.1767e-05 1.1771e-05 1.1784e-05 1.1773e-05 1.1768e-05 1.1765e-05 1.178e-05 1.1761e-05 1.1758e-05 1.1768e-05 1.1746e-05 1.1754e-05 1.1792e-05 1.1771e-05 1.1776e-05 1.18e-05 1.1797e-05 1.181e-05 1.183e-05 1.1841e-05 1.1833e-05 1.1857e-05 1.1891e-05 1.1887e-05 1.1922e-05 1.1932e-05 1.1939e-05 1.195e-05 1.195e-05 1.1966e-05 1.1985e-05 1.1987e-05 1.1989e-05 1.2023e-05 1.2016e-05 1.2017e-05 1.2027e-05 1.2032e-05 1.2036e-05 1.2038e-05 1.2044e-05 1.206e-05 1.2057e-05 1.2046e-05 1.2052e-05 1.206e-05 1.2061e-05 1.2056e-05 1.2087e-05 1.2082e-05 1.2067e-05 1.2069e-05 1.2063e-05 1.2069e-05 1.2077e-05 1.2073e-05 1.2075e-05 1.2088e-05 1.2095e-05 1.209e-05 1.2094e-05 1.2095e-05 1.2108e-05 1.2111e-05 1.2112e-05 1.2115e-05 1.2119e-05 1.2122e-05 1.2127e-05 1.2133e-05 1.2133e-05 1.2137e-05 1.214e-05 1.2142e-05 1.2139e-05 1.2134e-05 1.213e-05 1.2132e-05 1.213e-05 1.213e-05 1.2127e-05 1.2127e-05 1.2126e-05 1.2125e-05 1.2122e-05 1.2118e-05 1.2118e-05 1.2119e-05 1.2112e-05 1.2116e-05 1.211e-05 1.2101e-05 1.2093e-05 1.2087e-05 1.2092e-05 1.2084e-05 1.2062e-05 1.2072e-05 1.2078e-05 1.2078e-05 1.2078e-05 1.2066e-05 1.2067e-05 1.2058e-05 1.2056e-05 1.2047e-05 1.2052e-05 1.2059e-05 1.2061e-05 1.2047e-05 1.2042e-05 1.2036e-05 1.2015e-05 1.2026e-05 1.2034e-05 1.2028e-05 1.2036e-05 1.2043e-05
1.2011e-05 1.1997e-05 1.1985e-05 1.2004e-05 1.2013e-05 1.1998e-05 1.1902e-05 1.2023e-05 1.2003e-05 1.2e-05 1.2025e-05 1.2015e-05 1.201e-05 1.202e-05 1.2002e-05 1.1998e-05 1.2001e-05 1.2015e-05 1.1988e-05 1.2034e-05 1.205e-05 1.2028e-05 1.2029e-05 1.204e-05 1.2054e-05 1.206e-05 1.2072e-05 1.2083e-05 1.2076e-05 1.2094e-05 1.2089e-05 1.2086e-05 1.2083e-05 1.2102e-05 1.2089e-05 1.2088e-05 1.2102e-05 1.2102e-05 1.2099e-05 1.2097e-05 1.2103e-05 1.2084e-05 1.2076e-05 1.2069e-05 1.2052e-05 1.2041e-05 1.2022e-05 1.1993e-05 1.1976e-05 1.1949e-05 1.1928e-05 1.1912e-05 1.1909e-05 1.1915e-05 1.1895e-05 1.1888e-05 1.1879e-05 1.1868e-05 1.1854e-05 1.1854e-05 1.1862e-05 1.1844e-05 1.1842e-05 1.1831e-05 1.1792e-05 1.1814e-05 1.1809e-05 1.1799e-05 1.177e-05 1.1794e-05 1.1782e-05 1.1793e-05 1.1797e-05 1.1782e-05 1.1805e-05 1.1823e-05 1.1821e-05 1.1812e-05 1.1826e-05 1.1846e-05 1.186e-05 1.1864e-05 1.1876e-05 1.1895e-05 1.1913e-05 1.1919e-05 1.1931e-05 1.1936e-05 1.1947e-05 1.197e-05 1.1992e-05 1.2006e-05 1.1997e-05 1.1994e-05 1.2013e-05 1.2015e-05 1.2024e-05 1.2028e-05 1.2033e-05 1.2041e-05 1.2052e-05 1.206e-05 1.2065e-05 1.2068e-05 1.2059e-05 1.2055e-05 1.2058e-05 1.2067e-05 1.2064e-05 1.2067e-05 1.2058e-05 1.2069e-05 1.2073e-05 1.2072e-05 1.2081e-05 1.2074e-05 1.2084e-05 1.2086e-05 1.2098e-05 1.2088e-05 1.2103e-05 1.2094e-05 1.2097e-05 1.2109e-05 1.2108e-05 1.2109e-05 1.2111e-05 1.2111e-05 1.2115e-05 1.2121e-05 1.2124e-05 1.2123e-05 1.2127e-05 1.2129e-05 1.2134e-05 1.2133e-05 1.2137e-05 1.2138e-05 1.214e-05 1.2141e-05 1.2142e-05 1.2143e-05 1.2142e-05 1.214e-05 1.2138e-05 1.2135e-05 1.2131e-05 1.2129e-05 1.2122e-05 1.2124e-05 1.2117e-05 1.2118e-05 1.2118e-05 1.2115e-05 1.2105e-05 1.2109e-05 1.2093e-05 1.2085e-05 1.2078e-05 1.2074e-05 1.207e-05 1.2081e-05 1.2064e-05 1.2061e-05 1.2058e-05 1.2047e-05 1.2051e-05 1.2045e-05 1.2065e-05 1.2039e-05 1.204e-05 1.2045e-05 1.2056e-05 1.2035e-05 1.2029e-05 1.2022e-05 1.2005e-05 1.2031e-05 1.2015e-05 1.2019e-05
1.1985e-05 1.197e-05 1.1969e-05 1.198e-05 1.1994e-05 1.1963e-05 1.1958e-05 1.1968e-05 1.1969e-05 1.1958e-05 1.1942e-05 1.1965e-05 1.1961e-05 1.1985e-05 1.1934e-05 1.1971e-05 1.1977e-05 1.1984e-05 1.1997e-05 1.1998e-05 1.1989e-05 1.2037e-05 1.2035e-05 1.2021e-05 1.2038e-05 1.2018e-05 1.2037e-05 1.1963e-05 1.2005e-05 1.2023e-05 1.201e-05 1.2037e-05 1.2049e-05 1.2057e-05 1.2071e-05 1.2059e-05 1.2071e-05 1.2065e-05 1.206e-05 1.2045e-05 1.2036e-05 1.2026e-05 1.2018e-05 1.2012e-05 1.1996e-05 1.1985e-05 1.1977e-05 1.1968e-05 1.1956e-05 1.1942e-05 1.1922e-05 1.1889e-05 1.19e-05 1.1898e-05 1.1899e-05 1.1902e-05 1.1913e-05 1.1914e-05 1.1927e-05 1.1912e-05 1.1902e-05 1.1891e-05 1.1882e-05 1.1884e-05 1.1872e-05 1.1853e-05 1.1844e-05 1.1854e-05 1.1855e-05 1.1846e-05 1.1823e-05 1.1808e-05 1.1811e-05 1.1841e-05 1.1824e-05 1.1821e-05 1.1818e-05 1.1844e-05 1.1862e-05 1.189e-05 1.1887e-05 1.1901e-05 1.1915e-05 1.1927e-05 1.1922e-05 1.1928e-05 1.1941e-05 1.1954e-05 1.1968e-05 1.1969e-05 1.1986e-05 1.202e-05 1.2019e-05 1.2019e-05 1.2022e-05 1.2043e-05 1.204e-05 1.2042e-05 1.2049e-05 1.2045e-05 1.2054e-05 1.2054e-05 1.2061e-05 1.2079e-05 1.2067e-05 1.2065e-05 1.2075e-05 1.2079e-05 1.208e-05 1.2087e-05 1.2079e-05 1.2078e-05 1.2072e-05 1.2074e-05 1.2081e-05 1.2074e-05 1.2073e-05 1.2083e-05 1.2095e-05 1.2102e-05 1.2097e-05 1.2089e-05 1.2093e-05 1.2104e-05 1.2106e-05 1.2109e-05 1.2114e-05 1.211e-05 1.2119e-05 1.212e-05 1.2123e-05 1.2126e-05 1.2124e-05 1.2128e-05 1.2127e-05 1.2129e-05 1.2132e-05 1.2135e-05 1.2135e-05 1.2135e-05 1.2133e-05 1.2132e-05 1.213e-05 1.213e-05 1.2128e-05 1.2127e-05 1.2125e-05 1.2124e-05 1.212e-05 1.2118e-05 1.212e-05 1.2114e-05 1.2114e-05 1.2109e-05 1.2109e-05 1.2109e-05 1.2096e-05 1.2089e-05 1.2085e-05 1.2088e-05 1.207e-05 1.2071e-05 1.2078e-05 1.2063e-05 1.205e-05 1.2041e-05 1.2054e-05 1.2041e-05 1.2027e-05 1.202e-05 1.2092e-05 1.1793e-05 1.2066e-05 1.2145e-05 1.2027e-05 1.2013e-05 1.1987e-05 1.1994e-05 1.2024e-05 1.2002e-05
1.1984e-05 1.196e-05 1.1974e-05 1.1963e-05 1.1962e-05 1.1934e-05 1.197e-05 1.1949e-05 1.1944e-05 1.1946e-05 1.1934e-05 1.1955e-05 1.195e-05 1.1926e-05 1.195e-05 1.1936e-05 1.1938e-05 1.1981e-05 1.1962e-05 1.1951e-05 1.1965e-05 1.1942e-05 1.193e-05 1.191e-05 1.195e-05 1.199e-05 1.1983e-05 1.1982e-05 1.2031e-05 1.2014e-05 1.2009e-05 1.202e-05 1.1993e-05 1.1983e-05 1.1968e-05 1.2004e-05 1.2015e-05 1.2012e-05 1.203e-05 1.2005e-05 1.2009e-05 1.1999e-05 1.1979e-05 1.1982e-05 1.1982e-05 1.1995e-05 1.1976e-05 1.1965e-05 1.1956e-05 1.1932e-05 1.1919e-05 1.1915e-05 1.1915e-05 1.1912e-05 1.191e-05 1.1878e-05 1.1916e-05 1.1919e-05 1.1912e-05 1.1907e-05 1.1887e-05 1.1874e-05 1.1865e-05 1.1864e-05 1.1865e-05 1.1873e-05 1.1882e-05 1.1876e-05 1.1865e-05 1.1888e-05 1.1857e-05 1.1856e-05 1.1856e-05 1.1856e-05 1.1864e-05 1.1854e-05 1.1873e-05 1.1875e-05 1.1902e-05 1.1896e-05 1.1916e-05 1.1919e-05 1.1937e-05 1.1902e-05 1.1947e-05 1.1965e-05 1.1977e-05 1.1989e-05 1.1992e-05 1.1992e-05 1.2006e-05 1.2011e-05 1.2019e-05 1.203e-05 1.2029e-05 1.2035e-05 1.2019e-05 1.2051e-05 1.2058e-05 1.2063e-05 1.2066e-05 1.2067e-05 1.2069e-05 1.2075e-05 1.2073e-05 1.2071e-05 1.2071e-05 1.2076e-05 1.2084e-05 1.2075e-05 1.2081e-05 1.2086e-05 1.2079e-05 1.208e-05 1.2081e-05 1.2085e-05 1.2088e-05 1.2085e-05 1.2096e-05 1.2095e-05 1.2097e-05 1.2099e-05 1.2107e-05 1.2095e-05 1.2095e-05 1.2099e-05 1.211e-05 1.2112e-05 1.2112e-05 1.2119e-05 1.2112e-05 1.2116e-05 1.2115e-05 1.2118e-05 1.2125e-05 1.2123e-05 1.2125e-05 1.2125e-05 1.2126e-05 1.2126e-05 1.2128e-05 1.2123e-05 1.2122e-05 1.2131e-05 1.2126e-05 1.2122e-05 1.2118e-05 1.2117e-05 1.2121e-05 1.2121e-05 1.2117e-05 1.2113e-05 1.211e-05 1.2108e-05 1.2104e-05 1.2104e-05 1.21e-05 1.209e-05 1.2085e-05 1.2078e-05 1.2078e-05 1.2067e-05 1.2066e-05 1.2054e-05 1.2049e-05 1.2051e-05 1.2049e-05 1.2043e-05 1.2035e-05 1.2025e-05 1.2024e-05 1.2013e-05 1.2024e-05 1.1977e-05 1.1973e-05 1.1967e-05 1.1966e-05 1.1966e-05 1.1977e-05 1.1993e-05
1.1938e-05 1.1967e-05 1.2017e-05 1.2039e-05 1.201e-05 1.1949e-05 1.1972e-05 1.2048e-05 1.2043e-05 1.1961e-05 1.1938e-05 1.1937e-05 1.1929e-05 1.1939e-05 1.1942e-05 1.1981e-05 1.204e-05 1.2031e-05 1.2049e-05 1.1984e-05 1.2026e-05 1.2004e-05 1.1908e-05 1.1831e-05 1.1944e-05 1.1984e-05 1.1987e-05 1.1957e-05 1.1972e-05 1.1975e-05 1.1978e-05 1.1977e-05 1.1965e-05 1.1985e-05 1.2047e-05 1.199e-05 1.2009e-05 1.1992e-05 1.1999e-05 1.2007e-05 1.1972e-05 1.1979e-05 1.1996e-05 1.1996e-05 1.1979e-05 1.1962e-05 1.1954e-05 1.1945e-05 1.1936e-05 1.193e-05 1.1925e-05 1.1916e-05 1.1949e-05 1.1901e-05 1.1894e-05 1.1883e-05 1.1877e-05 1.1877e-05 1.1878e-05 1.1877e-05 1.1868e-05 1.2022e-05 1.2017e-05 1.1932e-05 1.1899e-05 1.1906e-05 1.1908e-05 1.1901e-05 1.1919e-05 1.192e-05 1.1905e-05 1.19e-05 1.1901e-05 1.1899e-05 1.1911e-05 1.1909e-05 1.1916e-05 1.1914e-05 1.1905e-05 1.1912e-05 1.1925e-05 1.1951e-05 1.1955e-05 1.1962e-05 1.1964e-05 1.1978e-05 1.2004e-05 1.2008e-05 1.1993e-05 1.2003e-05 1.2001e-05 1.2011e-05 1.2025e-05 1.2042e-05 1.2045e-05 1.2039e-05 1.2039e-05 1.2043e-05 1.205e-05 1.2057e-05 1.206e-05 1.206e-05 1.2068e-05 1.2056e-05 1.2069e-05 1.2071e-05 1.2071e-05 1.2074e-05 1.2075e-05 1.2076e-05 1.2077e-05 1.2079e-05 1.2085e-05 1.2093e-05 1.2092e-05 1.2093e-05 1.2087e-05 1.2097e-05 1.2096e-05 1.2106e-05 1.2102e-05 1.2098e-05 1.2096e-05 1.2095e-05 1.2096e-05 1.2095e-05 1.2098e-05 1.2101e-05 1.2105e-05 1.211e-05 1.2106e-05 1.2112e-05 1.2115e-05 1.2121e-05 1.2139e-05 1.2126e-05 1.2118e-05 1.2117e-05 1.2114e-05 1.2116e-05 1.212e-05 1.212e-05 1.2119e-05 1.212e-05 1.2119e-05 1.2121e-05 1.2116e-05 1.2119e-05 1.2117e-05 1.2121e-05 1.2115e-05 1.211e-05 1.211e-05 1.2106e-05 1.2101e-05 1.2098e-05 1.2094e-05 1.2092e-05 1.2096e-05 1.2087e-05 1.2083e-05 1.2074e-05 1.2061e-05 1.2052e-05 1.2049e-05 1.2048e-05 1.204e-05 1.2026e-05 1.2025e-05 1.2032e-05 1.2017e-05 1.2029e-05 1.2019e-05 1.2004e-05 1.2009e-05 1.1967e-05 1.1943e-05 1.1949e-05 1.1967e-05 1.1951e-05
1.2001e-05 1.2025e-05 1.2025e-05 1.2005e-05 1.2e-05 1.2009e-05 1.2018e-05 1.2018e-05 1.2012e-05 1.2015e-05 1.2012e-05 1.2042e-05 1.1995e-05 1.2005e-05 1.1998e-05 1.198e-05 1.1981e-05 1.1972e-05 1.1972e-05 1.1984e-05 1.1988e-05 1.1964e-05 1.1969e-05 1.1962e-05 1.1951e-05 1.1941e-05 1.196e-05 1.2008e-05 1.1994e-05 1.2015e-05 1.2004e-05 1.1996e-05 1.1989e-05 1.1987e-05 1.1995e-05 1.1982e-05 1.1991e-05 1.1971e-05 1.1974e-05 1.1976e-05 1.1973e-05 1.1966e-05 1.1967e-05 1.1977e-05 1.199e-05 1.1985e-05 1.1978e-05 1.1969e-05 1.1963e-05 1.1945e-05 1.1928e-05 1.1938e-05 1.193e-05 1.1921e-05 1.191e-05 1.1908e-05 1.1918e-05 1.1904e-05 1.1887e-05 1.1889e-05 1.1878e-05 1.1871e-05 1.1875e-05 1.187e-05 1.1884e-05 1.1884e-05 1.1866e-05 1.1881e-05 1.1905e-05 1.1919e-05 1.1934e-05 1.1941e-05 1.1959e-05 1.1952e-05 1.1951e-05 1.1986e-05 1.1995e-05 1.1986e-05 1.1965e-05 1.1962e-05 1.1986e-05 1.1974e-05 1.2008e-05 1.2085e-05 1.2043e-05 1.1984e-05 1.2136e-05 1.2123e-05 1.2036e-05 1.2144e-05 1.2135e-05 1.2086e-05 1.212e-05 1.2143e-05 1.2103e-05 1.2145e-05 1.2143e-05 1.2095e-05 1.2122e-05 1.2142e-05 1.2138e-05 1.2133e-05 1.2123e-05 1.2081e-05 1.2076e-05 1.2086e-05 1.2079e-05 1.2078e-05 1.2075e-05 1.2079e-05 1.208e-05 1.2081e-05 1.2083e-05 1.2084e-05 1.2091e-05 1.2088e-05 1.2091e-05 1.2092e-05 1.2094e-05 1.2115e-05 1.2047e-05 1.2117e-05 1.2099e-05 1.2102e-05 1.2104e-05 1.21e-05 1.2104e-05 1.2106e-05 1.2105e-05 1.2105e-05 1.2104e-05 1.2103e-05 1.2106e-05 1.2104e-05 1.2105e-05 1.2105e-05 1.2103e-05 1.2103e-05 1.2108e-05 1.2106e-05 1.2108e-05 1.2112e-05 1.2118e-05 1.2116e-05 1.2115e-05 1.2122e-05 1.2129e-05 1.2128e-05 1.2124e-05 1.2119e-05 1.2116e-05 1.2119e-05 1.211e-05 1.2105e-05 1.2104e-05 1.2095e-05 1.2099e-05 1.2091e-05 1.2092e-05 1.2091e-05 1.2086e-05 1.2076e-05 1.2071e-05 1.206e-05 1.2057e-05 1.2048e-05 1.2052e-05 1.2053e-05 1.2046e-05 1.2025e-05 1.2026e-05 1.2021e-05 1.2019e-05 1.201e-05 1.2006e-05 1.2016e-05 1.2018e-05 1.199e-05 1.1989e-05 1.1995e-05
1.2126e-05 1.2124e-05 1.2122e-05 1.2117e-05 1.2122e-05 1.2122e-05 1.2119e-05 1.212e-05 1.2119e-05 1.2117e-05 1.2115e-05 1.2113e-05 1.211e-05 1.2108e-05 1.2104e-05 1.2101e-05 1.2101e-05 1.2097e-05 1.2097e-05 1.2094e-05 1.2093e-05 1.209e-05 1.2086e-05 1.2081e-05 1.2076e-05 1.2066e-05 1.2053e-05 1.2036e-05 1.2037e-05 1.2024e-05 1.2007e-05 1.2025e-05 1.2022e-05 1.1988e-05 1.2074e-05 1.2074e-05 1.2098e-05 1.2062e-05 1.2128e-05 1.2118e-05 1.2096e-05 1.2082e-05 1.2012e-05 1.2011e-05 1.2006e-05 1.1992e-05 1.1976e-05 1.1984e-05 1.2021e-05 1.2029e-05 1.2103e-05 1.2107e-05 1.2124e-05 1.2105e-05 1.2036e-05 1.2091e-05 1.2102e-05 1.2104e-05 1.2104e-05 1.209e-05 1.1989e-05 1.2025e-05 1.2013e-05 1.2012e-05 1.1998e-05 1.1986e-05 1.1966e-05 1.2035e-05 1.2061e-05 1.2099e-05 1.2097e-05 1.2096e-05 1.2136e-05 1.212e-05 1.2134e-05 1.2144e-05 1.2143e-05 1.2145e-05 1.2141e-05 1.213e-05 1.2126e-05 1.2091e-05 1.2098e-05 1.2071e-05 1.207e-05 1.2082e-05 1.2035e-05 1.2029e-05 1.2034e-05 1.2009e-05 1.2028e-05 1.2054e-05 1.1985e-05 1.1985e-05 1.2053e-05 1.2005e-05 1.2011e-05 1.1957e-05 1.1957e-05 1.1969e-05 1.2054e-05 1.2076e-05 1.2071e-05 1.2072e-05 1.2072e-05 1.2086e-05 1.2024e-05 1.2136e-05 1.2142e-05 1.2123e-05 1.2127e-05 1.2143e-05 1.2144e-05 1.2103e-05 1.2131e-05 1.2125e-05 1.2141e-05 1.2135e-05 1.2116e-05 1.2145e-05 1.2144e-05 1.2145e-05 1.2144e-05 1.2143e-05 1.2133e-05 1.2104e-05 1.214e-05 1.2136e-05 1.2136e-05 1.2137e-05 1.2133e-05 1.2134e-05 1.2134e-05 1.2132e-05 1.2131e-05 1.2129e-05 1.2123e-05 1.2114e-05 1.2104e-05 1.2104e-05 1.2103e-05 1.2104e-05 1.2103e-05 1.2107e-05 1.2104e-05 1.211e-05 1.2109e-05 1.2106e-05 1.2104e-05 1.2098e-05 1.2098e-05 1.2094e-05 1.2092e-05 1.209e-05 1.209e-05 1.2092e-05 1.2091e-05 1.2087e-05 1.2085e-05 1.209e-05 1.2089e-05 1.2086e-05 1.2082e-05 1.2081e-05 1.2081e-05 1.2082e-05 1.2086e-05 1.2089e-05 1.2091e-05 1.21e-05 1.2109e-05 1.2107e-05 1.2108e-05 1.211e-05 1.2111e-05 1.2116e-05 1.212e-05 1.2124e-05 1.2125e-05 1.2125e-05
1.2144e-05 1.2144e-05 1.2144e-05 1.2144e-05 1.2144e-05 1.2144e-05 1.2144e-05 1.2143e-05 1.2143e-05 1.2142e-05 1.2142e-05 1.2141e-05 1.214e-05 1.2139e-05 1.2138e-05 1.2136e-05 1.2134e-05 1.2133e-05 1.2128e-05 1.2128e-05 1.2125e-05 1.2125e-05 1.2125e-05 1.2125e-05 1.2126e-05 1.213e-05 1.2118e-05 1.2121e-05 1.2126e-05 1.2144e-05 1.214e-05 1.2129e-05 1.2143e-05 1.2145e-05 1.2129e-05 1.214e-05 1.2125e-05 1.2128e-05 1.2128e-05 1.2118e-05 1.2103e-05 1.2118e-05 1.2089e-05 1.2067e-05 1.2069e-05 1.2099e-05 1.2095e-05 1.2086e-05 1.2099e-05 1.211e-05 1.2126e-05 1.2137e-05 1.2144e-05 1.2145e-05 1.2133e-05 1.2139e-05 1.2125e-05 1.2111e-05 1.2108e-05 1.2124e-05 1.2111e-05 1.2144e-05 1.2145e-05 1.2094e-05 1.2073e-05 1.2045e-05 1.2018e-05 1.1999e-05 1.2003e-05 1.206e-05 1.2097e-05 1.2129e-05 1.2143e-05 1.2145e-05 1.2143e-05 1.2134e-05 1.2125e-05 1.2112e-05 1.2101e-05 1.2093e-05 1.2084e-05 1.2071e-05 1.2061e-05 1.2052e-05 1.2037e-05 1.2022e-05 1.2013e-05 1.2e-05 1.1992e-05 1.1992e-05 1.1991e-05 1.1988e-05 1.1985e-05 1.1978e-05 1.1967e-05 1.1958e-05 1.1949e-05 1.1941e-05 1.1936e-05 1.193e-05 1.1924e-05 1.1913e-05 1.1905e-05 1.1897e-05 1.189e-05 1.1884e-05 1.1882e-05 1.1877e-05 1.1883e-05 1.1922e-05 1.197e-05 1.2023e-05 1.2014e-05 1.2032e-05 1.1991e-05 1.2027e-05 1.207e-05 1.2081e-05 1.2061e-05 1.2037e-05 1.2021e-05 1.203e-05 1.2084e-05 1.2049e-05 1.2065e-05 1.2036e-05 1.2059e-05 1.2068e-05 1.205e-05 1.2063e-05 1.2028e-05 1.2037e-05 1.2065e-05 1.2097e-05 1.2084e-05 1.2078e-05 1.2087e-05 1.2058e-05 1.2076e-05 1.208e-05 1.2103e-05 1.2134e-05 1.2138e-05 1.2143e-05 1.2137e-05 1.2139e-05 1.212e-05 1.2103e-05 1.2099e-05 1.2103e-05 1.2106e-05 1.2108e-05 1.2108e-05 1.2108e-05 1.2102e-05 1.2099e-05 1.2101e-05 1.2102e-05 1.211e-05 1.2113e-05 1.2115e-05 1.2116e-05 1.2119e-05 1.2121e-05 1.2124e-05 1.2126e-05 1.2129e-05 1.2131e-05 1.2133e-05 1.2134e-05 1.2136e-05 1.2136e-05 1.2138e-05 1.2139e-05 1.214e-05 1.214e-05 1.2142e-05 1.2143e-05 1.2143e-05 1.2144e-05
1.2136e-05 1.2141e-05 1.2136e-05 1.2128e-05 1.2122e-05 1.21e-05 1.2121e-05 1.2107e-05 1.213e-05 1.214e-05 1.2091e-05 1.2129e-05 1.2109e-05 1.2098e-05 1.2107e-05 1.213e-05 1.2031e-05 1.198e-05 1.197e-05 1.1974e-05 1.1975e-05 1.2036e-05 1.2117e-05 1.2076e-05 1.2073e-05 1.2097e-05 1.2135e-05 1.2109e-05 1.2099e-05 1.2128e-05 1.2116e-05 1.1928e-05 1.195e-05 1.2032e-05 1.1954e-05 1.1924e-05 1.192e-05 1.1918e-05 1.1924e-05 1.1936e-05 1.1931e-05 1.1968e-05 1.1944e-05 1.192e-05 1.1932e-05 1.191e-05 1.189e-05 1.1894e-05 1.1894e-05 1.1936e-05 1.1938e-05 1.1927e-05 1.1948e-05 1.201e-05 1.2003e-05 1.1972e-05 1.1977e-05 1.1986e-05 1.2003e-05 1.2018e-05 1.2026e-05 1.201e-05 1.2043e-05 1.2021e-05 1.201e-05 1.201e-05 1.2068e-05 1.207e-05 1.2119e-05 1.2134e-05 1.2141e-05 1.2144e-05 1.2144e-05 1.2143e-05 1.2142e-05 1.2145e-05 1.2144e-05 1.2138e-05 1.2134e-05 1.2133e-05 1.2127e-05 1.2123e-05 1.2143e-05 1.2141e-05 1.2107e-05 1.2099e-05 1.2108e-05 1.2117e-05 1.2127e-05 1.2141e-05 1.2141e-05 1.2143e-05 1.2043e-05 1.1993e-05 1.1988e-05 1.2008e-05 1.1992e-05 1.1977e-05 1.1945e-05 1.1925e-05 1.1916e-05 1.194e-05 1.1911e-05 1.1896e-05 1.1886e-05 1.1878e-05 1.187e-05 1.1864e-05 1.186e-05 1.1853e-05 1.1849e-05 1.185e-05 1.1853e-05 1.1856e-05 1.1859e-05 1.1865e-05 1.1871e-05 1.1876e-05 1.1878e-05 1.1875e-05 1.1882e-05 1.1891e-05 1.1894e-05 1.1887e-05 1.1885e-05 1.1885e-05 1.1883e-05 1.1884e-05 1.1887e-05 1.1882e-05 1.1885e-05 1.1883e-05 1.1881e-05 1.1886e-05 1.1895e-05 1.1895e-05 1.192e-05 1.1917e-05 1.1912e-05 1.1965e-05 1.1904e-05 1.1905e-05 1.1904e-05 1.2e-05 1.2009e-05 1.202e-05 1.2048e-05 1.2103e-05 1.2051e-05 1.2003e-05 1.2037e-05 1.2001e-05 1.2073e-05 1.2087e-05 1.2116e-05 1.2135e-05 1.2088e-05 1.2116e-05 1.2131e-05 1.2137e-05 1.2135e-05 1.2111e-05 1.2125e-05 1.2145e-05 1.2141e-05 1.2143e-05 1.2144e-05 1.2127e-05 1.214e-05 1.2121e-05 1.2138e-05 1.2144e-05 1.2145e-05 1.2141e-05 1.2145e-05 1.2142e-05 1.2137e-05 1.2145e-05 1.2145e-05 1.2144e-05
1.1804e-05 1.1839e-05 1.1824e-05 1.1833e-05 1.1854e-05 1.1834e-05 1.1837e-05 1.1828e-05 1.1782e-05 1.177e-05 1.1771e-05 1.1775e-05 1.179e-05 1.18e-05 1.1783e-05 1.176e-05 1.1758e-05 1.1761e-05 1.1756e-05 1.1754e-05 1.1761e-05 1.1787e-05 1.1786e-05 1.1727e-05 1.173e-05 1.1728e-05 1.1743e-05 1.1749e-05 1.1758e-05 1.1761e-05 1.1767e-05 1.1742e-05 1.1721e-05 1.1736e-05 1.1722e-05 1.1696e-05 1.1682e-05 1.1681e-05 1.1678e-05 1.168e-05 1.1697e-05 1.1691e-05 1.1715e-05 1.1708e-05 1.1694e-05 1.1667e-05 1.1663e-05 1.1658e-05 1.1667e-05 1.1679e-05 1.1678e-05 1.1677e-05 1.1683e-05 1.1688e-05 1.1712e-05 1.1743e-05 1.1746e-05 1.1762e-05 1.1773e-05 1.1773e-05 1.1757e-05 1.1744e-05 1.1741e-05 1.1735e-05 1.1731e-05 1.173e-05 1.1725e-05 1.1731e-05 1.1737e-05 1.1748e-05 1.1808e-05 1.1895e-05 1.1909e-05 1.1884e-05 1.1879e-05 1.1858e-05 1.1888e-05 1.1863e-05 1.1854e-05 1.1878e-05 1.1844e-05 1.1826e-05 1.1819e-05 1.1818e-05 1.1836e-05 1.1816e-05 1.1831e-05 1.1869e-05 1.1836e-05 1.186e-05 1.1812e-05 1.1794e-05 1.1808e-05 1.1785e-05 1.1763e-05 1.1759e-05 1.177e-05 1.1767e-05 1.1783e-05 1.1777e-05 1.176e-05 1.1737e-05 1.1739e-05 1.1759e-05 1.176e-05 1.1728e-05 1.1722e-05 1.1715e-05 1.1706e-05 1.1702e-05 1.1699e-05 1.171e-05 1.1699e-05 1.1701e-05 1.1705e-05 1.1711e-05 1.1714e-05 1.1724e-05 1.1716e-05 1.1759e-05 1.1704e-05 1.1711e-05 1.1721e-05 1.1733e-05 1.1767e-05 1.1786e-05 1.1737e-05 1.1734e-05 1.1753e-05 1.1753e-05 1.1774e-05 1.1746e-05 1.1707e-05 1.1708e-05 1.1708e-05 1.1706e-05 1.1707e-05 1.1719e-05 1.1743e-05 1.1746e-05 1.1748e-05 1.1753e-05 1.1759e-05 1.175e-05 1.1766e-05 1.1766e-05 1.177e-05 1.1756e-05 1.1737e-05 1.1715e-05 1.1735e-05 1.1716e-05 1.1746e-05 1.1733e-05 1.1703e-05 1.1705e-05 1.1713e-05 1.1792e-05 1.176e-05 1.1786e-05 1.1753e-05 1.1817e-05 1.1817e-05 1.1848e-05 1.1845e-05 1.1853e-05 1.183e-05 1.1817e-05 1.1824e-05 1.1829e-05 1.182e-05 1.1845e-05 1.1863e-05 1.1858e-05 1.1862e-05 1.1869e-05 1.1844e-05 1.1857e-05 1.188e-05 1.1838e-05
1.1624e-05 1.1621e-05 1.1624e-05 1.1632e-05 1.1632e-05 1.1607e-05 1.1606e-05 1.1596e-05 1.1594e-05 1.1595e-05 1.1595e-05 1.1592e-05 1.1592e-05 1.1591e-05 1.1591e-05 1.1589e-05 1.1588e-05 1.1586e-05 1.1587e-05 1.1586e-05 1.1584e-05 1.1586e-05 1.159e-05 1.1587e-05 1.1586e-05 1.1588e-05 1.1584e-05 1.1579e-05 1.1575e-05 1.1571e-05 1.1569e-05 1.1566e-05 1.1565e-05 1.1563e-05 1.1562e-05 1.1561e-05 1.156e-05 1.1559e-05 1.1558e-05 1.1557e-05 1.1557e-05 1.1557e-05 1.1556e-05 1.1555e-05 1.1555e-05 1.1555e-05 1.1555e-05 1.1555e-05 1.1555e-05 1.1556e-05 1.1558e-05 1.156e-05 1.1563e-05 1.1566e-05 1.1569e-05 1.1574e-05 1.1577e-05 1.1579e-05 1.1583e-05 1.1583e-05 1.1581e-05 1.1585e-05 1.1586e-05 1.1588e-05 1.159e-05 1.1593e-05 1.1595e-05 1.1596e-05 1.1596e-05 1.1598e-05 1.1599e-05 1.16e-05 1.1603e-05 1.1606e-05 1.1609e-05 1.1611e-05 1.1614e-05 1.1616e-05 1.1622e-05 1.1625e-05 1.1622e-05 1.1621e-05 1.1621e-05 1.1625e-05 1.1621e-05 1.1627e-05 1.1627e-05 1.1624e-05 1.1625e-05 1.1625e-05 1.1624e-05 1.163e-05 1.1638e-05 1.1635e-05 1.1629e-05 1.1622e-05 1.1618e-05 1.1624e-05 1.1641e-05 1.1645e-05 1.1635e-05 1.1621e-05 1.162e-05 1.1618e-05 1.1615e-05 1.1612e-05 1.161e-05 1.1606e-05 1.1603e-05 1.16e-05 1.1601e-05 1.1599e-05 1.1597e-05 1.1595e-05 1.1594e-05 1.1592e-05 1.1591e-05 1.159e-05 1.1588e-05 1.1588e-05 1.1588e-05 1.1588e-05 1.1587e-05 1.1589e-05 1.1591e-05 1.1589e-05 1.1588e-05 1.1586e-05 1.1583e-05 1.1582e-05 1.1581e-05 1.158e-05 1.1579e-05 1.1578e-05 1.1575e-05 1.1573e-05 1.157e-05 1.1567e-05 1.1565e-05 1.1564e-05 1.1563e-05 1.1562e-05 1.1561e-05 1.1562e-05 1.1562e-05 1.1561e-05 1.1562e-05 1.1563e-05 1.1563e-05 1.1564e-05 1.1566e-05 1.1569e-05 1.1571e-05 1.1574e-05 1.1578e-05 1.1581e-05 1.1585e-05 1.1589e-05 1.1585e-05 1.1581e-05 1.1581e-05 1.1582e-05 1.1584e-05 1.1584e-05 1.1582e-05 1.1584e-05 1.1585e-05 1.1586e-05 1.1589e-05 1.159e-05 1.1595e-05 1.1597e-05 1.1599e-05 1.1602e-05 1.1605e-05 1.1608e-05 1.1612e-05 1.1614e-05 1.1615e-05 1.1619e-05
