1.1795e-05 1.1846e-05 1.1901e-05 1.1918e-05 1.1917e-05 1.1907e-05 1.1903e-05 1.1919e-05 1.1956e-05 1.1997e-05 1.2155e-05 1.2211e-05 1.2182e-05 1.2242e-05 1.2444e-05 1.2546e-05 1.2591e-05 1.2658e-05 1.2675e-05 1.2565e-05 1.2503e-05 1.2649e-05 1.2667e-05 1.2625e-05 1.2569e-05 1.2546e-05 1.2486e-05 1.2501e-05 1.2588e-05 1.2555e-05 1.2644e-05 1.2752e-05 1.2696e-05 1.2628e-05 1.2728e-05 1.2655e-05 1.257e-05 1.2507e-05 1.2422e-05 1.2359e-05 1.2308e-05 1.2233e-05 1.2172e-05 1.2148e-05 1.2127e-05 1.2129e-05 1.212e-05 1.213e-05 1.2122e-05 1.2106e-05 1.208e-05 1.2076e-05 1.2046e-05 1.2035e-05 1.2034e-05 1.2032e-05 1.1955e-05 1.1928e-05 1.1905e-05 1.1908e-05 1.189e-05 1.187e-05 1.187e-05 1.1834e-05 1.1851e-05 1.1883e-05 1.1894e-05 1.1764e-05 1.1709e-05 1.1723e-05 1.1664e-05 1.1655e-05 1.1654e-05 1.1659e-05 1.1616e-05 1.1589e-05 1.1575e-05 1.1565e-05 1.1549e-05 1.1555e-05 1.1539e-05 1.1562e-05 1.1566e-05 1.155e-05 1.157e-05 1.1579e-05 1.1574e-05 1.1567e-05 1.1562e-05 1.1569e-05 1.1583e-05 1.1614e-05 1.1627e-05 1.1631e-05 1.1636e-05 1.1646e-05 1.1638e-05 1.1649e-05 1.166e-05 1.1658e-05 1.1635e-05 1.1632e-05 1.1622e-05 1.1618e-05 1.1632e-05 1.1638e-05 1.1646e-05 1.1657e-05 1.1664e-05 1.167e-05 1.1679e-05 1.1662e-05 1.163e-05 1.1653e-05 1.1703e-05 1.1736e-05 1.1723e-05 1.172e-05 1.173e-05 1.175e-05 1.1769e-05 1.1781e-05 1.1791e-05 1.1817e-05 1.1852e-05 1.1885e-05 1.1886e-05 1.1913e-05 1.1941e-05 1.1957e-05 1.1972e-05 1.1982e-05 1.1994e-05 1.2007e-05 1.2016e-05 1.2042e-05 1.2047e-05 1.2046e-05 1.2043e-05 1.2052e-05 1.2003e-05 1.2011e-05 1.1989e-05 1.1953e-05 1.1971e-05 1.1968e-05 1.1959e-05 1.193e-05 1.1894e-05 1.1864e-05 1.1858e-05 1.1843e-05 1.1841e-05 1.1799e-05 1.1774e-05 1.1758e-05 1.1745e-05 1.1728e-05 1.1722e-05 1.1731e-05 1.1724e-05 1.1716e-05 1.1708e-05 1.1686e-05 1.1681e-05 1.1672e-05 1.1682e-05 1.1692e-05 1.17e-05 1.1709e-05 1.1725e-05 1.1743e-05 1.1747e-05 1.1754e-05 1.1757e-05 1.1773e-05 1.1781e-05 1.1784e-05 1.1785e-05 1.1796e-05
1.3481e-05 1.3536e-05 1.3561e-05 1.3637e-05 1.362e-05 1.3654e-05 1.3598e-05 1.359e-05 1.3574e-05 1.352e-05 1.3516e-05 1.3509e-05 1.3443e-05 1.3361e-05 1.3321e-05 1.331e-05 1.3325e-05 1.3333e-05 1.3329e-05 1.3297e-05 1.3293e-05 1.3329e-05 1.3422e-05 1.3449e-05 1.3432e-05 1.3393e-05 1.3396e-05 1.3322e-05 1.3378e-05 1.326e-05 1.3435e-05 1.3449e-05 1.3338e-05 1.3327e-05 1.3322e-05 1.3324e-05 1.3302e-05 1.3273e-05 1.329e-05 1.3276e-05 1.3239e-05 1.3275e-05 1.3247e-05 1.3228e-05 1.3202e-05 1.3187e-05 1.3183e-05 1.3131e-05 1.3094e-05 1.305e-05 1.293e-05 1.3061e-05 1.29e-05 1.2659e-05 1.2686e-05 1.263e-05 1.2519e-05 1.2399e-05 1.2338e-05 1.2313e-05 1.2477e-05 1.199e-05 1.2067e-05 1.1808e-05 1.1734e-05 1.1714e-05 1.1653e-05 1.1614e-05 1.1587e-05 1.1562e-05 1.1506e-05 1.1469e-05 1.1535e-05 1.1514e-05 1.1235e-05 1.1178e-05 1.11e-05 1.1002e-05 1.0968e-05 1.1144e-05 1.0825e-05 1.0629e-05 1.0615e-05 1.0516e-05 1.0487e-05 1.0493e-05 1.052e-05 1.0551e-05 1.0587e-05 1.0615e-05 1.0654e-05 1.0664e-05 1.068e-05 1.0677e-05 1.0685e-05 1.1122e-05 1.1015e-05 1.1207e-05 1.1062e-05 1.1283e-05 1.1279e-05 1.1282e-05 1.1375e-05 1.1388e-05 1.143e-05 1.1521e-05 1.1587e-05 1.175e-05 1.1844e-05 1.1901e-05 1.175e-05 1.1739e-05 1.1778e-05 1.1803e-05 1.1824e-05 1.182e-05 1.1873e-05 1.191e-05 1.1983e-05 1.1987e-05 1.2057e-05 1.2115e-05 1.2125e-05 1.2176e-05 1.225e-05 1.2236e-05 1.2249e-05 1.232e-05 1.2393e-05 1.2373e-05 1.244e-05 1.245e-05 1.2467e-05 1.2526e-05 1.2648e-05 1.277e-05 1.2851e-05 1.2978e-05 1.2916e-05 1.2758e-05 1.2625e-05 1.2586e-05 1.256e-05 1.2534e-05 1.2492e-05 1.2499e-05 1.2447e-05 1.2196e-05 1.2162e-05 1.2145e-05 1.2145e-05 1.2161e-05 1.2202e-05 1.2197e-05 1.2188e-05 1.2197e-05 1.2259e-05 1.2366e-05 1.2452e-05 1.2444e-05 1.2519e-05 1.2583e-05 1.2665e-05 1.2696e-05 1.2804e-05 1.2885e-05 1.2975e-05 1.3021e-05 1.3142e-05 1.3178e-05 1.3319e-05 1.3321e-05 1.3336e-05 1.3327e-05 1.339e-05 1.3302e-05 1.3089e-05 1.3191e-05 1.347e-05 1.3605e-05
1.3022e-05 1.3036e-05 1.3059e-05 1.3066e-05 1.3075e-05 1.3071e-05 1.3086e-05 1.3123e-05 1.3123e-05 1.3118e-05 1.3118e-05 1.3122e-05 1.3137e-05 1.3196e-05 1.3145e-05 1.309e-05 1.3099e-05 1.319e-05 1.3182e-05 1.3184e-05 1.3186e-05 1.3197e-05 1.322e-05 1.3228e-05 1.3215e-05 1.3217e-05 1.3248e-05 1.3325e-05 1.3371e-05 1.3469e-05 1.3673e-05 1.3688e-05 1.3677e-05 1.3676e-05 1.3698e-05 1.3613e-05 1.3725e-05 1.3668e-05 1.3636e-05 1.3599e-05 1.372e-05 1.3834e-05 1.3817e-05 1.3823e-05 1.3733e-05 1.3715e-05 1.3661e-05 1.3602e-05 1.3548e-05 1.3488e-05 1.3508e-05 1.3428e-05 1.3415e-05 1.3391e-05 1.3556e-05 1.3606e-05 1.3428e-05 1.33e-05 1.3335e-05 1.358e-05 1.3471e-05 1.2756e-05 1.2643e-05 1.2685e-05 1.2801e-05 1.288e-05 1.2738e-05 1.2817e-05 1.2795e-05 1.2415e-05 1.2552e-05 1.2445e-05 1.2154e-05 1.207e-05 1.2121e-05 1.1862e-05 1.2185e-05 1.2442e-05 1.2704e-05 1.2383e-05 1.2228e-05 1.2156e-05 1.2225e-05 1.2242e-05 1.2351e-05 1.2211e-05 1.2144e-05 1.2003e-05 1.1992e-05 1.2105e-05 1.1969e-05 1.1984e-05 1.2088e-05 1.2056e-05 1.2051e-05 1.2064e-05 1.2083e-05 1.2132e-05 1.2169e-05 1.2269e-05 1.2237e-05 1.2354e-05 1.2632e-05 1.2897e-05 1.2827e-05 1.2786e-05 1.2762e-05 1.2776e-05 1.2743e-05 1.2798e-05 1.2881e-05 1.2931e-05 1.2971e-05 1.303e-05 1.2836e-05 1.2891e-05 1.299e-05 1.3011e-05 1.2948e-05 1.2873e-05 1.2862e-05 1.2895e-05 1.2927e-05 1.3008e-05 1.3097e-05 1.3166e-05 1.3168e-05 1.3115e-05 1.3116e-05 1.307e-05 1.3032e-05 1.3004e-05 1.2969e-05 1.2979e-05 1.3003e-05 1.3087e-05 1.3498e-05 1.3917e-05 1.3851e-05 1.391e-05 1.382e-05 1.3697e-05 1.3637e-05 1.3657e-05 1.3371e-05 1.3198e-05 1.3115e-05 1.302e-05 1.3065e-05 1.3119e-05 1.3023e-05 1.3046e-05 1.3091e-05 1.3207e-05 1.3333e-05 1.3372e-05 1.3392e-05 1.3406e-05 1.3381e-05 1.338e-05 1.337e-05 1.3252e-05 1.314e-05 1.3081e-05 1.3056e-05 1.3134e-05 1.3192e-05 1.3254e-05 1.3354e-05 1.3483e-05 1.3309e-05 1.3352e-05 1.3324e-05 1.3288e-05 1.3233e-05 1.3195e-05 1.316e-05 1.3149e-05 1.3057e-05 1.3021e-05
1.3113e-05 1.3132e-05 1.3148e-05 1.3163e-05 1.3168e-05 1.3172e-05 1.3184e-05 1.3198e-05 1.3214e-05 1.323e-05 1.3246e-05 1.3267e-05 1.3291e-05 1.3308e-05 1.3299e-05 1.3304e-05 1.3319e-05 1.3346e-05 1.337e-05 1.3388e-05 1.3408e-05 1.3432e-05 1.3455e-05 1.3482e-05 1.3512e-05 1.3548e-05 1.3577e-05 1.3612e-05 1.3671e-05 1.3733e-05 1.3699e-05 1.3614e-05 1.3599e-05 1.3563e-05 1.3627e-05 1.3688e-05 1.3681e-05 1.3659e-05 1.3692e-05 1.372e-05 1.3586e-05 1.3588e-05 1.3599e-05 1.3605e-05 1.3619e-05 1.3636e-05 1.362e-05 1.3849e-05 1.3877e-05 1.3893e-05 1.3871e-05 1.3874e-05 1.3852e-05 1.3852e-05 1.386e-05 1.3847e-05 1.3828e-05 1.3902e-05 1.3912e-05 1.3912e-05 1.3789e-05 1.3892e-05 1.387e-05 1.3835e-05 1.3911e-05 1.3847e-05 1.3852e-05 1.3843e-05 1.3917e-05 1.386e-05 1.3915e-05 1.3904e-05 1.3858e-05 1.3854e-05 1.39e-05 1.3917e-05 1.3915e-05 1.3916e-05 1.3916e-05 1.3907e-05 1.391e-05 1.3914e-05 1.3915e-05 1.3916e-05 1.3917e-05 1.3913e-05 1.3905e-05 1.3902e-05 1.3909e-05 1.3907e-05 1.3843e-05 1.3837e-05 1.3867e-05 1.3917e-05 1.3844e-05 1.3815e-05 1.3775e-05 1.3753e-05 1.3765e-05 1.3699e-05 1.3796e-05 1.3518e-05 1.3617e-05 1.345e-05 1.3693e-05 1.3804e-05 1.3825e-05 1.3723e-05 1.3664e-05 1.368e-05 1.3705e-05 1.3768e-05 1.386e-05 1.3882e-05 1.3899e-05 1.3897e-05 1.3761e-05 1.3769e-05 1.3738e-05 1.3733e-05 1.3697e-05 1.3697e-05 1.3507e-05 1.3454e-05 1.3498e-05 1.3537e-05 1.3535e-05 1.3443e-05 1.3437e-05 1.3534e-05 1.3488e-05 1.3496e-05 1.36e-05 1.3609e-05 1.3717e-05 1.3906e-05 1.3714e-05 1.3771e-05 1.3755e-05 1.3769e-05 1.3758e-05 1.3777e-05 1.3726e-05 1.3752e-05 1.3736e-05 1.3793e-05 1.3777e-05 1.3742e-05 1.373e-05 1.3728e-05 1.37e-05 1.3637e-05 1.3576e-05 1.3543e-05 1.3512e-05 1.3415e-05 1.337e-05 1.3402e-05 1.3599e-05 1.378e-05 1.3911e-05 1.3906e-05 1.3897e-05 1.3702e-05 1.3194e-05 1.3196e-05 1.2951e-05 1.2888e-05 1.2867e-05 1.2855e-05 1.2947e-05 1.3127e-05 1.3508e-05 1.3502e-05 1.33e-05 1.314e-05 1.3071e-05 1.3046e-05 1.3064e-05 1.3091e-05
1.336e-05 1.341e-05 1.3412e-05 1.351e-05 1.3335e-05 1.3387e-05 1.3418e-05 1.3451e-05 1.3486e-05 1.3524e-05 1.3561e-05 1.3605e-05 1.3695e-05 1.3714e-05 1.36e-05 1.3592e-05 1.3611e-05 1.3638e-05 1.3671e-05 1.3699e-05 1.3724e-05 1.3745e-05 1.3753e-05 1.3771e-05 1.3786e-05 1.3807e-05 1.3832e-05 1.3842e-05 1.385e-05 1.386e-05 1.3872e-05 1.3904e-05 1.3898e-05 1.3903e-05 1.3915e-05 1.3911e-05 1.3872e-05 1.3882e-05 1.3875e-05 1.3881e-05 1.3912e-05 1.3888e-05 1.379e-05 1.3812e-05 1.3743e-05 1.3675e-05 1.3708e-05 1.3786e-05 1.3807e-05 1.3759e-05 1.382e-05 1.3782e-05 1.3862e-05 1.3799e-05 1.3895e-05 1.3836e-05 1.3687e-05 1.3906e-05 1.3719e-05 1.3787e-05 1.3904e-05 1.3876e-05 1.3853e-05 1.3866e-05 1.3866e-05 1.3882e-05 1.3865e-05 1.3862e-05 1.3886e-05 1.3905e-05 1.3882e-05 1.3912e-05 1.3914e-05 1.3916e-05 1.3917e-05 1.3917e-05 1.3915e-05 1.3915e-05 1.3913e-05 1.3916e-05 1.3838e-05 1.3907e-05 1.3875e-05 1.3862e-05 1.3855e-05 1.3861e-05 1.3857e-05 1.3861e-05 1.3852e-05 1.3849e-05 1.3845e-05 1.3852e-05 1.3816e-05 1.374e-05 1.3639e-05 1.3457e-05 1.2969e-05 1.2336e-05 1.3074e-05 1.3186e-05 1.3518e-05 1.3709e-05 1.3681e-05 1.374e-05 1.3856e-05 1.3903e-05 1.3916e-05 1.39e-05 1.3906e-05 1.3917e-05 1.3903e-05 1.391e-05 1.389e-05 1.385e-05 1.3854e-05 1.3819e-05 1.3804e-05 1.3754e-05 1.3769e-05 1.3772e-05 1.3786e-05 1.3759e-05 1.3795e-05 1.3832e-05 1.3838e-05 1.3804e-05 1.3917e-05 1.3915e-05 1.3908e-05 1.3895e-05 1.388e-05 1.3781e-05 1.3743e-05 1.3672e-05 1.3637e-05 1.3658e-05 1.3684e-05 1.3917e-05 1.3666e-05 1.3548e-05 1.3518e-05 1.3492e-05 1.3482e-05 1.3596e-05 1.3647e-05 1.3658e-05 1.3623e-05 1.3707e-05 1.3753e-05 1.3791e-05 1.384e-05 1.3867e-05 1.3894e-05 1.3832e-05 1.3868e-05 1.3911e-05 1.3917e-05 1.3881e-05 1.3839e-05 1.3853e-05 1.3912e-05 1.3915e-05 1.3854e-05 1.3851e-05 1.3889e-05 1.388e-05 1.3913e-05 1.3809e-05 1.3384e-05 1.3131e-05 1.3135e-05 1.3256e-05 1.3378e-05 1.355e-05 1.3727e-05 1.3302e-05 1.339e-05 1.3391e-05 1.3247e-05 1.3293e-05
1.3584e-05 1.3613e-05 1.3619e-05 1.368e-05 1.3671e-05 1.3649e-05 1.3651e-05 1.3672e-05 1.3682e-05 1.3775e-05 1.3713e-05 1.3755e-05 1.378e-05 1.3791e-05 1.3822e-05 1.3861e-05 1.3825e-05 1.3889e-05 1.3796e-05 1.3881e-05 1.3849e-05 1.386e-05 1.3852e-05 1.3915e-05 1.3793e-05 1.3812e-05 1.3915e-05 1.3827e-05 1.3899e-05 1.3875e-05 1.3893e-05 1.3892e-05 1.3898e-05 1.3894e-05 1.3883e-05 1.3876e-05 1.3875e-05 1.388e-05 1.3902e-05 1.3908e-05 1.3906e-05 1.3915e-05 1.377e-05 1.3698e-05 1.3877e-05 1.391e-05 1.3908e-05 1.3885e-05 1.3874e-05 1.3917e-05 1.388e-05 1.3913e-05 1.3703e-05 1.3833e-05 1.38e-05 1.366e-05 1.339e-05 1.388e-05 1.3858e-05 1.3907e-05 1.3753e-05 1.3867e-05 1.3879e-05 1.3908e-05 1.3907e-05 1.381e-05 1.3791e-05 1.3825e-05 1.3838e-05 1.3853e-05 1.3869e-05 1.386e-05 1.3867e-05 1.3864e-05 1.3873e-05 1.3883e-05 1.3875e-05 1.3861e-05 1.3874e-05 1.3914e-05 1.3902e-05 1.3857e-05 1.3915e-05 1.3917e-05 1.3916e-05 1.3881e-05 1.3915e-05 1.3912e-05 1.3916e-05 1.3917e-05 1.3917e-05 1.3914e-05 1.3908e-05 1.3843e-05 1.343e-05 1.3432e-05 1.3125e-05 1.3472e-05 1.3768e-05 1.3871e-05 1.3848e-05 1.3907e-05 1.3912e-05 1.3917e-05 1.3916e-05 1.3885e-05 1.3914e-05 1.3898e-05 1.3916e-05 1.3893e-05 1.3899e-05 1.3913e-05 1.3915e-05 1.3915e-05 1.3846e-05 1.3811e-05 1.3898e-05 1.3847e-05 1.3692e-05 1.365e-05 1.3602e-05 1.3615e-05 1.3591e-05 1.3609e-05 1.3564e-05 1.3598e-05 1.3637e-05 1.3588e-05 1.3609e-05 1.3567e-05 1.3629e-05 1.3646e-05 1.3565e-05 1.3586e-05 1.3582e-05 1.3578e-05 1.3505e-05 1.3487e-05 1.3564e-05 1.3565e-05 1.3568e-05 1.3522e-05 1.3784e-05 1.3912e-05 1.3869e-05 1.3894e-05 1.3718e-05 1.3721e-05 1.3724e-05 1.3672e-05 1.3705e-05 1.3756e-05 1.3893e-05 1.3417e-05 1.3605e-05 1.3905e-05 1.3864e-05 1.3903e-05 1.359e-05 1.3611e-05 1.3875e-05 1.3653e-05 1.3479e-05 1.3388e-05 1.334e-05 1.342e-05 1.3324e-05 1.3597e-05 1.344e-05 1.3414e-05 1.3423e-05 1.3465e-05 1.3553e-05 1.3358e-05 1.3296e-05 1.3386e-05 1.3458e-05 1.3526e-05 1.3529e-05 1.3539e-05
1.3899e-05 1.3832e-05 1.3802e-05 1.3791e-05 1.3754e-05 1.3856e-05 1.3843e-05 1.3913e-05 1.3908e-05 1.3912e-05 1.3909e-05 1.3911e-05 1.3897e-05 1.3917e-05 1.3917e-05 1.3917e-05 1.3911e-05 1.3912e-05 1.3892e-05 1.3912e-05 1.3916e-05 1.3913e-05 1.3916e-05 1.3905e-05 1.3914e-05 1.3896e-05 1.3834e-05 1.3798e-05 1.3863e-05 1.3822e-05 1.3836e-05 1.3823e-05 1.3821e-05 1.3823e-05 1.3825e-05 1.3817e-05 1.3834e-05 1.3824e-05 1.3833e-05 1.3832e-05 1.3839e-05 1.3829e-05 1.3859e-05 1.3897e-05 1.3907e-05 1.3916e-05 1.3798e-05 1.3909e-05 1.3758e-05 1.3856e-05 1.3843e-05 1.3903e-05 1.3917e-05 1.3822e-05 1.3866e-05 1.3908e-05 1.3917e-05 1.3917e-05 1.391e-05 1.3914e-05 1.3852e-05 1.3765e-05 1.3848e-05 1.3823e-05 1.3717e-05 1.3699e-05 1.3719e-05 1.3692e-05 1.3692e-05 1.3721e-05 1.3746e-05 1.3757e-05 1.3789e-05 1.3782e-05 1.3802e-05 1.3804e-05 1.3818e-05 1.3859e-05 1.3908e-05 1.3905e-05 1.3913e-05 1.3916e-05 1.3913e-05 1.3891e-05 1.3917e-05 1.3904e-05 1.3917e-05 1.3915e-05 1.391e-05 1.3917e-05 1.3917e-05 1.3916e-05 1.3856e-05 1.3804e-05 1.3751e-05 1.3667e-05 1.3372e-05 1.3074e-05 1.3788e-05 1.3765e-05 1.3456e-05 1.3217e-05 1.3189e-05 1.3912e-05 1.3907e-05 1.3917e-05 1.3916e-05 1.3893e-05 1.3917e-05 1.3879e-05 1.3917e-05 1.3917e-05 1.3915e-05 1.3853e-05 1.3644e-05 1.3777e-05 1.3917e-05 1.3907e-05 1.3797e-05 1.3693e-05 1.3639e-05 1.34e-05 1.3302e-05 1.3656e-05 1.3902e-05 1.3889e-05 1.3782e-05 1.3794e-05 1.3839e-05 1.3899e-05 1.3867e-05 1.3858e-05 1.3763e-05 1.3896e-05 1.3868e-05 1.3773e-05 1.354e-05 1.3633e-05 1.3795e-05 1.3838e-05 1.3916e-05 1.3915e-05 1.391e-05 1.3859e-05 1.346e-05 1.3515e-05 1.3668e-05 1.3754e-05 1.3915e-05 1.3916e-05 1.3917e-05 1.3709e-05 1.3914e-05 1.3897e-05 1.3895e-05 1.3786e-05 1.3609e-05 1.366e-05 1.3535e-05 1.3563e-05 1.3622e-05 1.3525e-05 1.3521e-05 1.3669e-05 1.36e-05 1.3572e-05 1.3647e-05 1.3703e-05 1.3727e-05 1.3716e-05 1.3667e-05 1.3716e-05 1.381e-05 1.3664e-05 1.3676e-05 1.3708e-05 1.3797e-05 1.3852e-05 1.3878e-05 1.3823e-05
1.3917e-05 1.3914e-05 1.391e-05 1.3917e-05 1.3907e-05 1.3904e-05 1.3915e-05 1.37e-05 1.3908e-05 1.3915e-05 1.3391e-05 1.2864e-05 1.3884e-05 1.3846e-05 1.384e-05 1.3787e-05 1.3874e-05 1.3833e-05 1.3833e-05 1.3889e-05 1.3888e-05 1.3802e-05 1.3803e-05 1.371e-05 1.3798e-05 1.3757e-05 1.3728e-05 1.3711e-05 1.3729e-05 1.375e-05 1.3747e-05 1.376e-05 1.3736e-05 1.3758e-05 1.3906e-05 1.3795e-05 1.3792e-05 1.3801e-05 1.3815e-05 1.3817e-05 1.3841e-05 1.3859e-05 1.3857e-05 1.3854e-05 1.3838e-05 1.3814e-05 1.3848e-05 1.3877e-05 1.3911e-05 1.3917e-05 1.391e-05 1.386e-05 1.3813e-05 1.3905e-05 1.3866e-05 1.3836e-05 1.3863e-05 1.3692e-05 1.3568e-05 1.3537e-05 1.3503e-05 1.3523e-05 1.3574e-05 1.3621e-05 1.3647e-05 1.3653e-05 1.368e-05 1.3808e-05 1.3689e-05 1.3761e-05 1.3837e-05 1.3885e-05 1.3893e-05 1.3915e-05 1.3917e-05 1.3914e-05 1.3917e-05 1.3904e-05 1.3917e-05 1.3917e-05 1.3914e-05 1.3909e-05 1.3893e-05 1.3917e-05 1.3855e-05 1.391e-05 1.391e-05 1.3881e-05 1.3912e-05 1.3912e-05 1.3917e-05 1.3889e-05 1.3859e-05 1.3913e-05 1.3916e-05 1.3915e-05 1.3915e-05 1.3915e-05 1.3908e-05 1.3917e-05 1.3909e-05 1.3917e-05 1.3917e-05 1.3914e-05 1.3899e-05 1.3887e-05 1.3886e-05 1.3911e-05 1.3914e-05 1.3917e-05 1.3912e-05 1.3889e-05 1.3743e-05 1.3843e-05 1.387e-05 1.3664e-05 1.3829e-05 1.3776e-05 1.3675e-05 1.3751e-05 1.3632e-05 1.3594e-05 1.3883e-05 1.3917e-05 1.391e-05 1.3916e-05 1.3432e-05 1.3812e-05 1.3869e-05 1.3872e-05 1.3897e-05 1.3883e-05 1.3905e-05 1.3917e-05 1.3916e-05 1.3898e-05 1.3914e-05 1.3661e-05 1.345e-05 1.3161e-05 1.3105e-05 1.3533e-05 1.326e-05 1.3463e-05 1.3322e-05 1.3907e-05 1.3801e-05 1.3915e-05 1.3711e-05 1.3428e-05 1.3587e-05 1.3653e-05 1.3711e-05 1.3693e-05 1.3595e-05 1.3883e-05 1.3394e-05 1.3367e-05 1.3356e-05 1.3365e-05 1.3349e-05 1.3456e-05 1.3799e-05 1.3754e-05 1.3829e-05 1.3537e-05 1.3579e-05 1.3681e-05 1.3719e-05 1.3716e-05 1.375e-05 1.3753e-05 1.3767e-05 1.3853e-05 1.3856e-05 1.3877e-05 1.3902e-05 1.3894e-05 1.3903e-05 1.391e-05
1.3248e-05 1.3917e-05 1.374e-05 1.3746e-05 1.3811e-05 1.3904e-05 1.3464e-05 1.3744e-05 1.3729e-05 1.3741e-05 1.3904e-05 1.3907e-05 1.3383e-05 1.391e-05 1.3837e-05 1.3745e-05 1.3771e-05 1.3775e-05 1.3809e-05 1.3858e-05 1.3897e-05 1.3912e-05 1.3499e-05 1.3882e-05 1.3915e-05 1.3616e-05 1.3794e-05 1.3805e-05 1.3792e-05 1.3762e-05 1.3748e-05 1.3751e-05 1.368e-05 1.3868e-05 1.3881e-05 1.3917e-05 1.3904e-05 1.3784e-05 1.3838e-05 1.3814e-05 1.3815e-05 1.3799e-05 1.384e-05 1.3819e-05 1.3802e-05 1.3804e-05 1.3799e-05 1.3887e-05 1.353e-05 1.1725e-05 1.1761e-05 1.1208e-05 1.1393e-05 1.3875e-05 1.3591e-05 1.3591e-05 1.3413e-05 1.3354e-05 1.3326e-05 1.3297e-05 1.3288e-05 1.3322e-05 1.3406e-05 1.3512e-05 1.3473e-05 1.3785e-05 1.3692e-05 1.3532e-05 1.3511e-05 1.3512e-05 1.357e-05 1.3773e-05 1.3865e-05 1.3812e-05 1.3868e-05 1.3899e-05 1.3911e-05 1.3892e-05 1.3825e-05 1.3915e-05 1.3914e-05 1.3913e-05 1.3909e-05 1.3823e-05 1.3881e-05 1.3784e-05 1.3692e-05 1.3722e-05 1.3793e-05 1.3764e-05 1.3898e-05 1.3905e-05 1.3905e-05 1.3901e-05 1.3905e-05 1.3885e-05 1.3828e-05 1.3818e-05 1.382e-05 1.3831e-05 1.3814e-05 1.381e-05 1.3765e-05 1.3794e-05 1.3833e-05 1.3859e-05 1.3801e-05 1.3916e-05 1.3917e-05 1.3905e-05 1.3791e-05 1.362e-05 1.3753e-05 1.3891e-05 1.3905e-05 1.3912e-05 1.3915e-05 1.3917e-05 1.3916e-05 1.3887e-05 1.3909e-05 1.3817e-05 1.3735e-05 1.3699e-05 1.3834e-05 1.3823e-05 1.3904e-05 1.3907e-05 1.3913e-05 1.3915e-05 1.3917e-05 1.3909e-05 1.3903e-05 1.3884e-05 1.3854e-05 1.3848e-05 1.3854e-05 1.3795e-05 1.3905e-05 1.3904e-05 1.3889e-05 1.3533e-05 1.3625e-05 1.3875e-05 1.3896e-05 1.3906e-05 1.3914e-05 1.39e-05 1.3309e-05 1.3769e-05 1.3876e-05 1.3837e-05 1.3873e-05 1.368e-05 1.3382e-05 1.319e-05 1.3768e-05 1.3849e-05 1.3403e-05 1.3657e-05 1.3519e-05 1.3687e-05 1.3874e-05 1.3899e-05 1.3636e-05 1.3773e-05 1.3901e-05 1.3915e-05 1.39e-05 1.3906e-05 1.3433e-05 1.3681e-05 1.3875e-05 1.3904e-05 1.3901e-05 1.3909e-05 1.3877e-05 1.3911e-05 1.3904e-05 1.3358e-05
1.3497e-05 1.3457e-05 1.333e-05 1.3242e-05 1.313e-05 1.2803e-05 1.2476e-05 1.2669e-05 1.2643e-05 1.2595e-05 1.2606e-05 1.3633e-05 1.391e-05 1.3906e-05 1.371e-05 1.3718e-05 1.391e-05 1.3917e-05 1.324e-05 1.3891e-05 1.3872e-05 1.3908e-05 1.3916e-05 1.3917e-05 1.1338e-05 1.37e-05 1.3744e-05 1.373e-05 1.3795e-05 1.3877e-05 1.385e-05 1.3879e-05 1.3882e-05 1.3815e-05 1.3849e-05 1.3862e-05 1.3884e-05 1.3756e-05 1.3835e-05 1.3826e-05 1.3761e-05 1.3839e-05 1.3772e-05 1.3819e-05 1.3796e-05 1.3778e-05 1.3885e-05 1.3914e-05 1.3908e-05 1.3184e-05 1.1626e-05 1.1973e-05 1.0746e-05 1.3915e-05 1.3464e-05 1.3287e-05 1.3211e-05 1.3117e-05 1.3233e-05 1.3201e-05 1.3082e-05 1.3522e-05 1.364e-05 1.3532e-05 1.3403e-05 1.3312e-05 1.3166e-05 1.3483e-05 1.3468e-05 1.3916e-05 1.387e-05 1.3791e-05 1.3856e-05 1.3782e-05 1.3892e-05 1.3818e-05 1.3882e-05 1.3903e-05 1.3861e-05 1.3817e-05 1.3783e-05 1.386e-05 1.3883e-05 1.3888e-05 1.3825e-05 1.382e-05 1.3742e-05 1.3843e-05 1.3693e-05 1.3798e-05 1.3337e-05 1.3485e-05 1.3809e-05 1.3761e-05 1.3768e-05 1.3846e-05 1.3871e-05 1.389e-05 1.3876e-05 1.376e-05 1.3653e-05 1.3827e-05 1.3805e-05 1.3801e-05 1.3813e-05 1.3788e-05 1.3903e-05 1.3769e-05 1.3866e-05 1.3916e-05 1.3917e-05 1.3914e-05 1.3913e-05 1.3885e-05 1.3878e-05 1.3898e-05 1.3819e-05 1.3881e-05 1.3841e-05 1.3804e-05 1.3838e-05 1.3733e-05 1.3713e-05 1.3827e-05 1.3654e-05 1.3888e-05 1.3875e-05 1.3911e-05 1.3284e-05 1.3289e-05 1.3914e-05 1.3887e-05 1.3915e-05 1.3622e-05 1.3899e-05 1.3917e-05 1.3916e-05 1.388e-05 1.3761e-05 1.3873e-05 1.3904e-05 1.3841e-05 1.385e-05 1.3823e-05 1.3655e-05 1.3629e-05 1.3659e-05 1.3834e-05 1.3829e-05 1.3719e-05 1.3497e-05 1.3598e-05 1.3323e-05 1.3546e-05 1.203e-05 1.1346e-05 1.1668e-05 1.2711e-05 1.331e-05 1.363e-05 1.3356e-05 1.3574e-05 1.3736e-05 1.3441e-05 1.3196e-05 1.33e-05 1.3307e-05 1.3514e-05 1.3648e-05 1.2943e-05 1.3594e-05 1.3224e-05 1.338e-05 1.3333e-05 1.38e-05 1.38e-05 1.377e-05 1.3702e-05 1.3877e-05 1.3477e-05
1.3881e-05 1.3863e-05 1.3685e-05 1.3447e-05 1.3791e-05 1.081e-05 1.1428e-05 1.2666e-05 1.2257e-05 1.2351e-05 1.2492e-05 1.2945e-05 1.3705e-05 1.3611e-05 1.3842e-05 1.3697e-05 1.3816e-05 1.3869e-05 1.3915e-05 1.3831e-05 1.3612e-05 1.3772e-05 1.3862e-05 1.3869e-05 1.3914e-05 1.3602e-05 1.3809e-05 1.3717e-05 1.3887e-05 1.3437e-05 1.3915e-05 1.3917e-05 1.3915e-05 1.3902e-05 1.3894e-05 1.3872e-05 1.376e-05 1.3744e-05 1.3676e-05 1.3676e-05 1.3599e-05 1.3677e-05 1.3698e-05 1.3654e-05 1.3647e-05 1.2488e-05 1.3778e-05 1.3556e-05 1.3546e-05 1.3568e-05 1.3521e-05 1.3366e-05 1.3359e-05 1.3206e-05 1.3177e-05 1.327e-05 1.3217e-05 1.3178e-05 1.3457e-05 1.346e-05 1.3646e-05 1.321e-05 1.3273e-05 1.3015e-05 1.3257e-05 1.3518e-05 1.3883e-05 1.3876e-05 1.3859e-05 1.3862e-05 1.3877e-05 1.3817e-05 1.384e-05 1.3745e-05 1.367e-05 1.347e-05 1.3603e-05 1.3904e-05 1.3877e-05 1.3915e-05 1.3916e-05 1.3787e-05 1.3758e-05 1.3912e-05 1.3915e-05 1.391e-05 1.3915e-05 1.3912e-05 1.3909e-05 1.3843e-05 1.3833e-05 1.3772e-05 1.39e-05 1.3751e-05 1.3699e-05 1.3752e-05 1.3654e-05 1.3657e-05 1.3674e-05 1.3631e-05 1.3676e-05 1.3703e-05 1.3652e-05 1.3712e-05 1.3833e-05 1.3908e-05 1.3813e-05 1.3773e-05 1.364e-05 1.3727e-05 1.3827e-05 1.3887e-05 1.3857e-05 1.389e-05 1.3849e-05 1.3915e-05 1.3913e-05 1.3834e-05 1.3587e-05 1.3364e-05 1.308e-05 1.3307e-05 1.3251e-05 1.3123e-05 1.3147e-05 1.3284e-05 1.3674e-05 1.3882e-05 1.3917e-05 1.3917e-05 1.3786e-05 1.3857e-05 1.387e-05 1.3847e-05 1.3012e-05 1.3895e-05 1.3561e-05 1.3743e-05 1.3811e-05 1.3835e-05 1.3886e-05 1.3886e-05 1.3776e-05 1.382e-05 1.3917e-05 1.3841e-05 1.3784e-05 1.3881e-05 1.3606e-05 1.3548e-05 1.3549e-05 1.3461e-05 1.3825e-05 1.3507e-05 1.3565e-05 1.2098e-05 1.2597e-05 1.3803e-05 1.2099e-05 1.2389e-05 1.2585e-05 1.3082e-05 1.3209e-05 1.3328e-05 1.3604e-05 1.3792e-05 1.3879e-05 1.3836e-05 1.3878e-05 1.3802e-05 1.3868e-05 1.3411e-05 1.3528e-05 1.3692e-05 1.3782e-05 1.385e-05 1.3879e-05 1.3899e-05 1.3835e-05 1.3836e-05
1.1865e-05 1.3894e-05 1.3917e-05 1.3697e-05 1.3678e-05 1.3589e-05 1.3558e-05 1.2362e-05 1.2586e-05 1.2289e-05 1.2175e-05 1.2196e-05 1.2634e-05 1.2888e-05 1.3469e-05 1.3727e-05 1.3869e-05 1.3914e-05 1.3907e-05 1.3851e-05 1.3847e-05 1.376e-05 1.3864e-05 1.3871e-05 1.3917e-05 1.3917e-05 1.3909e-05 1.3898e-05 1.3864e-05 1.3841e-05 1.3844e-05 1.387e-05 1.3895e-05 1.2185e-05 1.3917e-05 1.3891e-05 1.3886e-05 1.3137e-05 1.3723e-05 1.3701e-05 1.3626e-05 1.3635e-05 1.3665e-05 1.3651e-05 1.364e-05 1.3597e-05 1.3632e-05 1.3532e-05 1.352e-05 1.3574e-05 1.3537e-05 1.3433e-05 1.3386e-05 1.3381e-05 1.3469e-05 1.3271e-05 1.3022e-05 1.3234e-05 1.3118e-05 1.326e-05 1.3773e-05 1.3463e-05 1.3158e-05 1.3169e-05 1.3483e-05 1.3636e-05 7.7714e-06 7.9492e-06 1.0857e-05 1.3853e-05 1.379e-05 1.3764e-05 1.3732e-05 1.3582e-05 1.3418e-05 1.3751e-05 1.3889e-05 1.3892e-05 1.3903e-05 1.3829e-05 1.3901e-05 1.3904e-05 1.3895e-05 1.3912e-05 1.3838e-05 1.3874e-05 1.3834e-05 1.3826e-05 1.3831e-05 1.3832e-05 1.3813e-05 1.3724e-05 1.3775e-05 1.3683e-05 1.3721e-05 1.3629e-05 1.3719e-05 1.3749e-05 1.3725e-05 1.3833e-05 1.3814e-05 1.3899e-05 1.3856e-05 1.3867e-05 1.3756e-05 1.3905e-05 1.3263e-05 1.216e-05 1.2337e-05 1.3217e-05 1.3396e-05 1.3766e-05 1.3746e-05 1.3887e-05 1.3835e-05 1.3871e-05 1.368e-05 1.3524e-05 1.3203e-05 1.3143e-05 1.3183e-05 1.3202e-05 1.3098e-05 1.3115e-05 1.3231e-05 1.2813e-05 1.284e-05 1.2526e-05 1.2486e-05 1.3393e-05 1.3884e-05 1.3877e-05 1.3895e-05 1.3838e-05 1.3883e-05 1.3836e-05 1.3796e-05 1.3627e-05 1.3849e-05 1.3507e-05 1.3647e-05 1.3816e-05 1.3825e-05 1.3848e-05 1.3915e-05 1.3917e-05 1.385e-05 1.3912e-05 1.3877e-05 1.3731e-05 1.3462e-05 1.3158e-05 1.3606e-05 1.3419e-05 1.3249e-05 1.3188e-05 1.3139e-05 1.3038e-05 1.3542e-05 1.3337e-05 1.3418e-05 1.3349e-05 1.3573e-05 1.3739e-05 1.353e-05 1.3582e-05 1.358e-05 1.3593e-05 1.3642e-05 1.3868e-05 1.3442e-05 1.3669e-05 1.3713e-05 1.3822e-05 1.3917e-05 1.3722e-05 1.3917e-05 1.3916e-05 1.3917e-05 1.3822e-05
1.3871e-05 1.3917e-05 1.3877e-05 1.3915e-05 1.3911e-05 1.3428e-05 1.319e-05 1.2302e-05 1.2677e-05 1.2534e-05 1.2585e-05 1.2293e-05 1.2274e-05 1.2272e-05 1.2529e-05 1.2941e-05 1.3184e-05 1.3276e-05 1.3416e-05 1.3712e-05 1.3904e-05 1.3916e-05 1.3911e-05 1.3915e-05 1.3888e-05 1.3903e-05 1.3911e-05 1.3668e-05 1.38e-05 1.3914e-05 1.3885e-05 1.3917e-05 1.3901e-05 1.3917e-05 1.3899e-05 1.387e-05 1.3862e-05 1.3836e-05 1.3824e-05 1.3704e-05 1.3689e-05 1.3609e-05 1.3579e-05 1.3573e-05 1.3486e-05 1.345e-05 1.3484e-05 1.3497e-05 1.3471e-05 1.3482e-05 1.3589e-05 1.3665e-05 1.3715e-05 1.3615e-05 1.3477e-05 1.3316e-05 1.3314e-05 1.3301e-05 1.3453e-05 1.3912e-05 1.2794e-05 1.3028e-05 1.269e-05 1.2113e-05 1.3471e-05 1.2904e-05 1.2558e-05 1.2432e-05 1.3691e-05 1.3746e-05 1.3572e-05 1.3686e-05 1.363e-05 1.3505e-05 1.3241e-05 1.3405e-05 1.38e-05 1.3872e-05 1.3916e-05 1.3868e-05 1.3871e-05 1.3915e-05 1.3614e-05 1.3894e-05 1.3843e-05 1.3828e-05 1.3832e-05 1.386e-05 1.3911e-05 1.381e-05 1.3808e-05 1.3791e-05 1.3816e-05 1.3721e-05 1.3818e-05 1.3694e-05 1.3464e-05 1.3633e-05 1.3804e-05 1.3765e-05 1.387e-05 1.3859e-05 1.3893e-05 1.3909e-05 1.3898e-05 1.3915e-05 1.3915e-05 1.3903e-05 1.3879e-05 1.3903e-05 1.3908e-05 1.3917e-05 1.3908e-05 1.3639e-05 1.339e-05 1.2393e-05 1.249e-05 1.295e-05 1.324e-05 1.3383e-05 1.3372e-05 1.3096e-05 1.2769e-05 1.2848e-05 1.2541e-05 1.2676e-05 1.2767e-05 1.2636e-05 1.2652e-05 1.2369e-05 1.3789e-05 1.3821e-05 1.3843e-05 1.388e-05 1.1667e-05 1.3905e-05 1.3897e-05 1.3912e-05 1.3859e-05 1.3726e-05 1.3709e-05 1.3716e-05 1.3877e-05 1.3886e-05 1.3895e-05 1.378e-05 1.3726e-05 1.3846e-05 1.3907e-05 1.3906e-05 1.3652e-05 1.3778e-05 1.3822e-05 1.3461e-05 1.3499e-05 1.3834e-05 1.3914e-05 1.3886e-05 1.3559e-05 1.3782e-05 1.3917e-05 1.3911e-05 1.3528e-05 1.3814e-05 1.3655e-05 1.3422e-05 1.3578e-05 1.3487e-05 1.353e-05 1.3562e-05 1.3796e-05 1.3842e-05 1.3891e-05 1.3877e-05 1.3754e-05 1.3587e-05 1.3849e-05 1.3894e-05 1.3912e-05 1.39e-05
1.3877e-05 1.3884e-05 1.3664e-05 1.3917e-05 1.3897e-05 1.3899e-05 1.3656e-05 1.3517e-05 1.3184e-05 1.3314e-05 1.2839e-05 1.3139e-05 1.2102e-05 1.2717e-05 1.2665e-05 1.2953e-05 1.2811e-05 1.2735e-05 1.2907e-05 1.3579e-05 1.3883e-05 1.389e-05 1.3917e-05 1.3914e-05 1.3917e-05 1.3909e-05 1.3908e-05 1.3917e-05 1.3914e-05 1.3917e-05 1.3915e-05 1.3915e-05 1.3877e-05 1.3873e-05 1.3882e-05 1.3915e-05 1.3913e-05 1.3895e-05 1.3737e-05 1.3863e-05 1.3604e-05 1.3819e-05 1.3883e-05 1.3703e-05 1.3665e-05 1.3669e-05 1.3806e-05 1.3595e-05 1.366e-05 1.3666e-05 1.3807e-05 1.3752e-05 1.3351e-05 1.2688e-05 1.3281e-05 1.3882e-05 1.3645e-05 1.291e-05 1.3174e-05 1.3095e-05 1.32e-05 1.3227e-05 1.299e-05 1.2485e-05 1.1308e-05 1.2156e-05 1.3539e-05 1.1947e-05 1.3676e-05 1.3003e-05 1.3404e-05 1.3628e-05 1.3585e-05 1.3696e-05 1.3609e-05 1.2928e-05 1.2595e-05 1.2851e-05 1.3038e-05 1.3576e-05 1.3739e-05 1.3896e-05 1.3872e-05 1.3879e-05 1.3875e-05 1.3857e-05 1.3807e-05 1.3808e-05 1.3805e-05 1.3825e-05 1.3833e-05 1.3826e-05 1.3771e-05 1.3809e-05 1.3783e-05 1.3861e-05 1.3803e-05 1.3766e-05 1.3838e-05 1.3706e-05 1.3682e-05 1.3841e-05 1.3811e-05 1.37e-05 1.3791e-05 1.3882e-05 1.3914e-05 1.391e-05 1.3913e-05 1.3883e-05 1.39e-05 1.3871e-05 1.3697e-05 1.2942e-05 1.1811e-05 1.1571e-05 1.1437e-05 1.2256e-05 1.2782e-05 1.2955e-05 1.3044e-05 1.311e-05 1.299e-05 1.2896e-05 1.2341e-05 1.2119e-05 1.2447e-05 1.2556e-05 1.2479e-05 1.2396e-05 1.2892e-05 1.3677e-05 1.3757e-05 1.3555e-05 1.3836e-05 1.3917e-05 1.3883e-05 1.3909e-05 1.3886e-05 1.3608e-05 1.3709e-05 1.3825e-05 1.3916e-05 1.3917e-05 1.3915e-05 1.387e-05 1.3823e-05 1.3754e-05 1.3633e-05 1.3839e-05 1.3917e-05 1.3848e-05 1.3909e-05 1.3902e-05 1.3787e-05 1.3514e-05 1.3154e-05 1.3104e-05 1.3501e-05 1.3627e-05 1.3889e-05 1.3861e-05 1.3778e-05 1.3795e-05 1.384e-05 1.3841e-05 1.3829e-05 1.3909e-05 1.3864e-05 1.3718e-05 1.361e-05 1.3542e-05 1.37e-05 1.3453e-05 1.3497e-05 1.3917e-05 1.3827e-05 1.3776e-05 1.3807e-05 1.3496e-05
1.3293e-05 1.3899e-05 1.3883e-05 1.3885e-05 1.375e-05 1.3591e-05 1.3609e-05 1.3911e-05 1.3891e-05 1.3816e-05 1.3917e-05 1.3891e-05 1.3544e-05 1.3893e-05 1.0398e-05 1.3871e-05 1.3655e-05 1.369e-05 1.2823e-05 1.3475e-05 1.357e-05 1.3616e-05 1.3577e-05 1.3903e-05 1.3917e-05 1.3901e-05 1.3367e-05 1.3809e-05 1.3917e-05 1.3915e-05 1.3787e-05 1.3543e-05 1.3507e-05 1.3615e-05 1.3582e-05 1.3795e-05 1.3914e-05 1.3885e-05 1.3902e-05 1.3906e-05 1.3744e-05 1.3914e-05 1.3864e-05 1.3656e-05 1.385e-05 1.3815e-05 1.3482e-05 1.3262e-05 1.3184e-05 1.3266e-05 1.3312e-05 1.3084e-05 1.3117e-05 1.3575e-05 1.3836e-05 1.2675e-05 1.2667e-05 1.3133e-05 1.2638e-05 1.2677e-05 1.2804e-05 1.3163e-05 1.2884e-05 1.2733e-05 1.1998e-05 1.0487e-05 1.172e-05 1.3256e-05 1.1474e-05 1.1385e-05 1.2153e-05 1.292e-05 1.3847e-05 1.2969e-05 1.248e-05 1.3424e-05 1.3593e-05 1.3493e-05 1.3645e-05 1.383e-05 1.3855e-05 1.3863e-05 1.3881e-05 1.3764e-05 1.3874e-05 1.3893e-05 1.3912e-05 1.3832e-05 1.378e-05 1.3798e-05 1.3765e-05 1.3811e-05 1.3802e-05 1.3696e-05 1.3762e-05 1.3721e-05 1.3752e-05 1.3839e-05 1.3777e-05 1.3702e-05 1.3634e-05 1.3748e-05 1.3792e-05 1.3797e-05 1.3917e-05 1.3787e-05 1.383e-05 1.3817e-05 1.3805e-05 1.373e-05 1.3632e-05 1.3553e-05 1.3421e-05 1.3115e-05 1.2518e-05 1.2258e-05 1.3311e-05 1.3385e-05 1.3332e-05 1.3601e-05 9.9551e-06 1.2181e-05 1.3504e-05 1.3155e-05 1.2743e-05 1.2527e-05 1.198e-05 1.1689e-05 1.2622e-05 1.1776e-05 1.0477e-05 1.1639e-05 1.3852e-05 1.236e-05 1.2799e-05 1.326e-05 1.3915e-05 1.3914e-05 1.3916e-05 1.3796e-05 1.3878e-05 1.3854e-05 1.3824e-05 1.3856e-05 1.3874e-05 1.3849e-05 1.385e-05 1.377e-05 1.386e-05 1.384e-05 1.3904e-05 1.3903e-05 1.3911e-05 1.3917e-05 1.3917e-05 1.3332e-05 1.1827e-05 1.2234e-05 1.228e-05 1.2675e-05 1.3087e-05 1.346e-05 1.367e-05 1.3817e-05 1.3846e-05 1.3917e-05 1.3874e-05 1.3916e-05 1.3917e-05 1.364e-05 1.3902e-05 1.3789e-05 1.3702e-05 1.3844e-05 1.3812e-05 1.3907e-05 1.3917e-05 1.3514e-05 1.346e-05 1.349e-05
1.3077e-05 1.3699e-05 1.3806e-05 1.3597e-05 1.3614e-05 1.3747e-05 1.3793e-05 1.3916e-05 1.3892e-05 1.3916e-05 1.3778e-05 1.3917e-05 1.3889e-05 1.3819e-05 1.3832e-05 1.3322e-05 1.3747e-05 1.3636e-05 1.3822e-05 1.3609e-05 1.3485e-05 1.346e-05 1.3725e-05 1.3809e-05 1.3881e-05 1.3914e-05 1.3886e-05 1.3866e-05 1.3617e-05 1.3913e-05 1.3867e-05 1.3378e-05 1.3257e-05 1.3617e-05 1.322e-05 1.3595e-05 1.3883e-05 1.39e-05 1.3868e-05 1.3898e-05 1.3916e-05 1.3714e-05 1.3399e-05 1.3427e-05 1.3507e-05 1.3774e-05 1.3282e-05 1.3025e-05 1.2614e-05 1.2647e-05 1.2614e-05 1.2599e-05 1.249e-05 1.2419e-05 1.3055e-05 1.3374e-05 1.3172e-05 1.3425e-05 1.2894e-05 1.2579e-05 1.3193e-05 1.3571e-05 1.0884e-05 1.2028e-05 1.3268e-05 1.0244e-05 1.2998e-05 1.2403e-05 1.1462e-05 1.386e-05 1.3705e-05 1.2223e-05 9.7439e-06 1.3142e-05 1.1763e-05 1.334e-05 1.3281e-05 1.3669e-05 1.3831e-05 1.3832e-05 1.391e-05 1.3917e-05 1.3879e-05 1.3915e-05 1.3911e-05 1.378e-05 1.3856e-05 1.3866e-05 1.3655e-05 1.3844e-05 1.3844e-05 1.3721e-05 1.3666e-05 1.3745e-05 1.3155e-05 1.3839e-05 1.3867e-05 1.3858e-05 1.2678e-05 1.3875e-05 1.3896e-05 1.3719e-05 1.3808e-05 1.3791e-05 1.3743e-05 1.3704e-05 1.3719e-05 1.376e-05 1.3769e-05 1.3483e-05 1.3357e-05 1.3004e-05 1.2848e-05 1.2816e-05 1.3123e-05 1.3581e-05 1.3519e-05 1.3404e-05 1.3734e-05 1.3903e-05 1.3894e-05 1.3884e-05 1.3419e-05 1.2682e-05 1.1416e-05 1.0872e-05 1.0457e-05 1.0882e-05 1.0373e-05 9.2607e-06 1.0786e-05 1.0968e-05 1.2065e-05 1.2613e-05 1.2324e-05 1.308e-05 1.3683e-05 1.384e-05 1.3621e-05 1.3762e-05 1.2884e-05 1.3191e-05 1.3619e-05 1.3629e-05 1.3818e-05 1.3781e-05 1.3833e-05 1.3532e-05 1.3821e-05 1.3911e-05 1.3807e-05 1.384e-05 1.3917e-05 1.3704e-05 1.3439e-05 1.3126e-05 1.2738e-05 1.2874e-05 1.2619e-05 1.2641e-05 1.2707e-05 1.2892e-05 1.3143e-05 1.34e-05 1.3781e-05 1.3898e-05 1.3912e-05 1.3905e-05 1.3917e-05 1.3903e-05 1.36e-05 1.371e-05 1.3917e-05 1.3906e-05 1.3912e-05 1.3784e-05 1.3603e-05 1.375e-05 1.3507e-05 1.3313e-05
1.3348e-05 1.3299e-05 1.2959e-05 1.2312e-05 1.3304e-05 1.3908e-05 1.3896e-05 1.3916e-05 1.3872e-05 1.3885e-05 1.3903e-05 1.2585e-05 1.3896e-05 1.3913e-05 1.3841e-05 1.3863e-05 1.3887e-05 1.3633e-05 1.3881e-05 1.3908e-05 1.2781e-05 1.3899e-05 1.3891e-05 1.3894e-05 1.3835e-05 1.3909e-05 1.3846e-05 1.3853e-05 1.3861e-05 1.3855e-05 1.3655e-05 1.3361e-05 1.362e-05 1.3532e-05 1.3564e-05 1.3719e-05 1.3587e-05 1.3911e-05 1.3915e-05 1.3917e-05 1.3901e-05 1.3853e-05 1.3739e-05 1.3633e-05 1.3547e-05 1.3765e-05 1.391e-05 1.3915e-05 1.3465e-05 1.2599e-05 1.2505e-05 1.2327e-05 1.2728e-05 1.2806e-05 1.3248e-05 1.3794e-05 1.3886e-05 1.3879e-05 1.3915e-05 1.3916e-05 1.3706e-05 9.6864e-06 1.3099e-05 1.3709e-05 9.9276e-06 8.4454e-06 9.2827e-06 1.1896e-05 1.6393e-06 1.3833e-05 6.9307e-06 1.2466e-05 1.3724e-05 1.2988e-05 1.3547e-05 1.17e-05 1.0514e-05 1.189e-05 1.2771e-05 1.0121e-05 9.9943e-06 1.3182e-05 1.3848e-05 1.3815e-05 1.3658e-05 1.3837e-05 1.3811e-05 1.3895e-05 1.3905e-05 1.38e-05 1.3764e-05 1.3709e-05 1.3859e-05 1.3916e-05 1.3916e-05 1.3917e-05 1.3917e-05 1.3912e-05 1.3791e-05 1.3913e-05 1.3907e-05 1.3917e-05 1.3917e-05 1.3917e-05 1.3917e-05 1.3716e-05 1.3678e-05 1.3506e-05 1.329e-05 1.3035e-05 1.2734e-05 1.236e-05 1.1894e-05 1.1449e-05 1.1962e-05 1.2682e-05 1.2352e-05 1.2305e-05 1.1837e-05 1.2651e-05 1.2839e-05 1.2338e-05 1.0702e-05 8.7334e-06 6.9194e-06 7.0463e-06 6.8121e-06 6.9129e-06 6.8664e-06 4.6897e-06 9.1398e-06 9.982e-06 1.104e-05 9.9081e-06 1.0704e-05 1.1158e-05 1.1467e-05 1.3025e-05 1.3811e-05 1.3811e-05 1.2677e-05 1.1514e-05 1.3858e-05 1.3896e-05 1.388e-05 1.3912e-05 1.3891e-05 1.3835e-05 1.3829e-05 1.3911e-05 1.3867e-05 1.3794e-05 1.3716e-05 1.3853e-05 1.3475e-05 1.3736e-05 1.3189e-05 1.3762e-05 1.3899e-05 1.3917e-05 1.3047e-05 1.284e-05 1.3001e-05 1.3475e-05 1.3814e-05 1.3905e-05 1.3915e-05 1.3915e-05 1.3917e-05 1.3915e-05 1.3861e-05 1.3822e-05 1.3916e-05 1.3917e-05 1.3372e-05 1.3917e-05 1.3917e-05 1.3909e-05 1.3832e-05 1.3407e-05
1.3212e-05 1.3156e-05 1.2911e-05 1.2696e-05 1.3647e-05 1.3694e-05 1.3749e-05 1.3904e-05 1.3917e-05 1.38e-05 1.3826e-05 1.3869e-05 1.3905e-05 1.3878e-05 1.3917e-05 1.3902e-05 1.3636e-05 1.3742e-05 1.3746e-05 1.3789e-05 1.3917e-05 1.3763e-05 1.3765e-05 1.2827e-05 1.3761e-05 1.3903e-05 1.3793e-05 1.3789e-05 1.3791e-05 1.3891e-05 1.3917e-05 1.3515e-05 1.355e-05 1.367e-05 1.3434e-05 1.3793e-05 1.389e-05 1.3917e-05 1.3857e-05 1.3823e-05 1.3857e-05 1.3822e-05 1.3803e-05 1.387e-05 1.3844e-05 1.3913e-05 1.3916e-05 1.3874e-05 1.351e-05 1.3124e-05 1.2588e-05 1.2504e-05 1.2462e-05 1.3416e-05 1.3657e-05 1.387e-05 1.3917e-05 1.3849e-05 1.3917e-05 1.1616e-05 1.3735e-05 8.71e-06 7.1293e-06 1.0115e-05 1.3394e-05 2.9173e-07 1.8025e-07 -3.1684e-07 2.8692e-07 2.1016e-07 1.917e-07 5.0327e-06 1.3358e-05 1.3276e-05 9.8598e-06 1.218e-05 1.3298e-05 1.1392e-05 1.2072e-05 1.2376e-05 1.3385e-05 1.3721e-05 1.3614e-05 1.3641e-05 1.3719e-05 1.3812e-05 1.3805e-05 1.3897e-05 1.3866e-05 1.3917e-05 1.388e-05 1.3806e-05 1.3647e-05 1.3845e-05 1.3806e-05 1.3333e-05 1.1738e-05 1.3804e-05 1.3825e-05 1.3771e-05 1.3792e-05 1.3832e-05 1.3907e-05 1.3917e-05 1.3908e-05 1.3911e-05 1.3517e-05 1.338e-05 1.3002e-05 1.2505e-05 1.1983e-05 1.1473e-05 1.0475e-05 9.3768e-06 9.3694e-06 8.1204e-06 7.1268e-06 6.0164e-06 5.5105e-06 3.0933e-06 1.2022e-06 4.321e-07 9.7045e-08 -2.2976e-07 -6.0562e-07 1.6034e-07 1.1356e-06 1.2695e-06 -5.8464e-07 3.4305e-06 6.1517e-06 7.2174e-06 8.4873e-06 1.032e-05 9.2865e-06 9.8898e-06 1.3653e-05 1.2628e-05 1.2958e-05 1.3502e-05 1.3684e-05 1.381e-05 1.3767e-05 1.3751e-05 1.3838e-05 1.3912e-05 1.3917e-05 1.3917e-05 1.3856e-05 1.3669e-05 1.3284e-05 1.3279e-05 1.0606e-05 1.2674e-05 1.3723e-05 1.3589e-05 1.3333e-05 1.3887e-05 1.3916e-05 1.2805e-05 1.3325e-05 1.3585e-05 1.3741e-05 1.3714e-05 1.3894e-05 1.3914e-05 1.3887e-05 1.3814e-05 1.3644e-05 1.3803e-05 1.3818e-05 1.3907e-05 1.3725e-05 1.3896e-05 1.3917e-05 1.3915e-05 1.3864e-05 1.3612e-05 1.3614e-05 1.3321e-05
1.3081e-05 1.3615e-05 1.3531e-05 1.2221e-05 1.165e-05 1.3914e-05 1.3516e-05 1.3354e-05 1.3374e-05 1.3609e-05 1.3437e-05 1.3853e-05 1.3903e-05 1.3775e-05 1.3779e-05 1.3784e-05 1.3894e-05 1.3712e-05 1.3796e-05 1.3738e-05 1.3815e-05 1.3898e-05 1.3808e-05 1.3752e-05 1.391e-05 1.3834e-05 1.2204e-05 1.3849e-05 1.3751e-05 1.3845e-05 1.3627e-05 1.3735e-05 1.3736e-05 1.3292e-05 1.3688e-05 1.3699e-05 1.3718e-05 1.3899e-05 1.3814e-05 1.3801e-05 1.3752e-05 1.3813e-05 1.3917e-05 1.3901e-05 1.3844e-05 1.3776e-05 1.366e-05 1.3697e-05 1.1966e-05 9.0952e-06 1.3867e-05 1.3835e-05 1.3645e-05 1.3807e-05 1.3705e-05 1.3077e-05 1.3369e-05 1.3897e-05 1.3913e-05 1.326e-05 1.361e-05 8.0532e-06 7.0949e-06 5.751e-06 -1.0878e-06 -6.7208e-07 1.1653e-08 -1.6471e-08 -1.3388e-07 -2.123e-07 -1.4698e-07 4.9404e-07 3.5919e-06 7.2769e-06 1.2183e-05 1.2681e-05 1.1955e-05 1.0615e-05 1.3109e-05 1.2625e-05 1.2126e-05 1.2622e-05 1.2958e-05 1.3284e-05 1.3593e-05 1.161e-05 1.326e-05 1.3787e-05 1.3702e-05 1.366e-05 1.385e-05 1.3873e-05 1.3903e-05 1.3697e-05 1.3913e-05 1.3915e-05 1.3885e-05 1.3856e-05 1.3813e-05 1.3868e-05 1.38e-05 1.3743e-05 1.391e-05 1.3781e-05 1.3687e-05 1.3814e-05 1.371e-05 1.3354e-05 1.314e-05 1.2937e-05 1.1537e-05 1.0641e-05 8.8123e-06 6.9733e-06 5.8845e-06 3.7169e-06 9.0906e-07 -4.0652e-08 -1.2296e-06 -1.5866e-06 -1.3699e-06 -1.0004e-06 -7.9675e-07 -7.0938e-07 -6.6425e-07 -1.1541e-06 -1.2938e-06 -1.2306e-06 -1.2158e-06 -1.3138e-06 -1.5387e-06 3.0606e-06 2.924e-06 1.1798e-06 9.4314e-06 7.909e-06 7.7459e-06 9.934e-06 1.3401e-05 1.3429e-05 1.3234e-05 1.3762e-05 1.3703e-05 1.3889e-05 1.3824e-05 1.3047e-05 1.3867e-05 1.3873e-05 1.3842e-05 1.3903e-05 1.3825e-05 1.3514e-05 1.296e-05 1.2511e-05 1.0145e-05 1.3206e-05 1.34e-05 1.3823e-05 1.2634e-05 1.3328e-05 1.3129e-05 1.3067e-05 1.3082e-05 1.3578e-05 1.3776e-05 1.3815e-05 1.3908e-05 1.3796e-05 1.3912e-05 1.38e-05 1.3661e-05 1.3917e-05 1.3812e-05 1.381e-05 1.3916e-05 1.3684e-05 1.3625e-05 1.3517e-05 1.3191e-05 1.3087e-05
1.3234e-05 1.3469e-05 1.3761e-05 1.3707e-05 1.2885e-05 1.315e-05 1.3261e-05 1.39e-05 1.2958e-05 1.3676e-05 1.3871e-05 1.3727e-05 1.3826e-05 1.367e-05 1.3781e-05 1.3836e-05 1.3782e-05 1.3904e-05 1.3857e-05 1.3823e-05 1.3894e-05 1.3908e-05 1.3779e-05 1.37e-05 1.3515e-05 1.3907e-05 1.3903e-05 1.3897e-05 1.3779e-05 1.3773e-05 1.3826e-05 1.3721e-05 1.3871e-05 1.3869e-05 1.3834e-05 1.3905e-05 1.3905e-05 1.3917e-05 1.3892e-05 1.3557e-05 1.3539e-05 1.343e-05 1.3664e-05 1.39e-05 1.3841e-05 1.3735e-05 1.3656e-05 1.3867e-05 1.1581e-05 1.0006e-05 1.3884e-05 1.3894e-05 1.3891e-05 1.3811e-05 1.3706e-05 1.2063e-05 1.1376e-05 1.1522e-05 1.3619e-05 1.3913e-05 1.3893e-05 1.3802e-05 6.6867e-06 5.8158e-07 -6.2053e-07 2.735e-07 -3.5768e-07 -1.1635e-07 -1.1004e-07 -8.1753e-08 -8.9303e-08 -1.5704e-07 3.5459e-06 3.1131e-06 1.6589e-06 -2.4836e-07 1.1948e-05 1.1739e-05 1.2841e-05 1.2766e-05 1.2348e-05 1.2633e-05 1.3415e-05 1.3636e-05 1.3802e-05 1.3027e-05 1.3869e-05 1.384e-05 1.3697e-05 1.3724e-05 1.3751e-05 1.3706e-05 1.3606e-05 1.3528e-05 1.3773e-05 1.3908e-05 1.3887e-05 1.3861e-05 1.383e-05 1.3917e-05 1.369e-05 1.3871e-05 1.3917e-05 1.3816e-05 1.3868e-05 1.3777e-05 1.3496e-05 1.306e-05 1.2507e-05 1.2369e-05 9.7887e-06 8.7508e-06 8.1035e-06 4.7216e-06 2.3138e-06 -1.6995e-07 -1.2798e-06 -1.5767e-06 -1.1743e-06 -2.7818e-07 8.2144e-08 6.097e-07 8.0475e-07 1.0843e-06 1.047e-06 1.0694e-06 8.414e-07 8.4898e-07 6.805e-07 4.0606e-07 8.2753e-07 7.3263e-08 -1.2543e-06 -1.1762e-06 1.9228e-06 6.2216e-06 1.0815e-05 1.3802e-05 1.3909e-05 1.255e-05 1.3235e-05 1.3846e-05 1.2328e-05 1.3823e-05 1.3889e-05 1.3917e-05 1.3855e-05 1.3382e-05 1.367e-05 1.3571e-05 1.3043e-05 1.2988e-05 1.323e-05 1.3401e-05 1.3875e-05 1.3387e-05 1.3285e-05 1.2997e-05 1.321e-05 1.3191e-05 1.3294e-05 1.3759e-05 1.3669e-05 1.3216e-05 1.3296e-05 1.3572e-05 1.3889e-05 1.3302e-05 1.3741e-05 1.3394e-05 1.3765e-05 1.3909e-05 1.3725e-05 1.3917e-05 1.3915e-05 1.3844e-05 1.3761e-05 1.3578e-05 1.3482e-05 1.3279e-05
1.3907e-05 1.3835e-05 1.3883e-05 1.3662e-05 1.2239e-05 1.1486e-05 1.0879e-05 1.3302e-05 1.3316e-05 1.3917e-05 1.3797e-05 1.3917e-05 1.3917e-05 1.3906e-05 1.3909e-05 1.3915e-05 1.391e-05 1.3914e-05 1.3679e-05 1.3797e-05 1.3895e-05 1.3916e-05 1.3727e-05 1.3661e-05 1.3898e-05 1.3842e-05 1.3915e-05 1.3784e-05 1.3798e-05 1.3801e-05 1.3876e-05 1.3771e-05 1.3903e-05 1.3552e-05 1.3537e-05 1.3663e-05 1.3792e-05 1.379e-05 1.3809e-05 1.355e-05 1.3436e-05 1.3483e-05 1.3588e-05 1.3912e-05 1.3888e-05 1.3818e-05 1.3801e-05 1.3805e-05 1.3839e-05 1.3878e-05 1.3913e-05 1.3896e-05 1.3739e-05 1.3638e-05 1.3775e-05 1.3907e-05 1.337e-05 1.3262e-05 1.3865e-05 1.3911e-05 1.0289e-05 8.6354e-06 7.3015e-06 4.8248e-06 2.1758e-07 -9.7411e-07 -2.5844e-07 -3.4234e-07 -1.5212e-07 -6.2884e-07 -6.8606e-07 3.2783e-07 1.9998e-06 1.078e-05 7.3894e-06 1.256e-05 1.2373e-05 1.1363e-05 1.2968e-05 1.261e-05 1.253e-05 1.2782e-05 1.3325e-05 1.3715e-05 1.3656e-05 1.39e-05 1.3861e-05 1.1145e-05 1.3017e-05 1.3699e-05 1.3801e-05 1.3733e-05 1.2984e-05 1.2899e-05 1.3707e-05 1.3816e-05 1.3888e-05 1.3508e-05 1.3914e-05 1.3913e-05 1.3917e-05 1.3916e-05 1.3862e-05 1.3641e-05 1.3541e-05 1.3827e-05 1.3844e-05 1.2973e-05 1.2507e-05 1.1129e-05 1.2524e-05 9.8747e-06 5.4664e-06 1.435e-06 -1.1946e-06 -1.5781e-06 -1.1613e-06 -6.6945e-07 1.4173e-07 6.7294e-07 1.3908e-06 1.6954e-06 1.4004e-06 1.375e-06 2.8693e-07 9.6588e-07 1.0769e-06 1.2033e-06 1.0493e-06 9.9331e-07 1.0234e-06 1.0459e-06 7.3837e-07 4.2544e-08 -1.5192e-06 -1.0152e-06 6.9381e-06 1.1002e-05 9.7748e-06 1.2056e-05 1.1054e-05 1.3073e-05 1.3916e-05 1.3704e-05 1.355e-05 1.3905e-05 1.3771e-05 1.3875e-05 1.3529e-05 1.3342e-05 1.388e-05 1.3586e-05 1.3599e-05 1.3645e-05 1.3748e-05 1.3249e-05 1.356e-05 1.3739e-05 1.3891e-05 1.3881e-05 1.3591e-05 1.3912e-05 1.3694e-05 1.3763e-05 1.3904e-05 1.3612e-05 1.3068e-05 1.2208e-05 1.3529e-05 1.2423e-05 1.2711e-05 1.3303e-05 1.3387e-05 1.3824e-05 1.3917e-05 1.3844e-05 1.3895e-05 1.3917e-05 1.3845e-05 1.3758e-05
1.3917e-05 1.3799e-05 1.3897e-05 1.3904e-05 1.3432e-05 1.229e-05 1.3569e-05 1.389e-05 1.3586e-05 1.3861e-05 1.3917e-05 1.3906e-05 1.3656e-05 1.379e-05 1.3747e-05 1.3841e-05 1.3397e-05 1.3556e-05 1.3896e-05 1.3834e-05 1.3917e-05 1.3783e-05 1.3895e-05 1.3913e-05 1.3916e-05 1.3747e-05 1.391e-05 1.3893e-05 1.383e-05 1.3843e-05 1.3838e-05 1.3839e-05 1.3802e-05 1.3861e-05 1.3792e-05 1.3846e-05 1.3909e-05 1.3914e-05 1.3913e-05 1.3853e-05 1.3676e-05 1.3599e-05 1.3781e-05 1.3825e-05 1.3771e-05 1.3917e-05 1.3917e-05 1.391e-05 1.3914e-05 1.3916e-05 1.3856e-05 1.3799e-05 1.362e-05 1.3621e-05 1.36e-05 1.3774e-05 1.388e-05 1.388e-05 1.3895e-05 1.3631e-05 1.3883e-05 1.1845e-05 1.2946e-05 7.6987e-06 8.0257e-06 -3.7885e-07 -9.4525e-07 -8.6829e-07 -7.0862e-07 -9.1676e-07 -7.9038e-07 -1.4519e-07 9.1027e-07 9.5664e-06 8.286e-06 8.6767e-06 1.2696e-05 1.2844e-05 1.3268e-05 1.3808e-05 1.3003e-05 1.3416e-05 1.3538e-05 1.3592e-05 1.3834e-05 1.3808e-05 1.3897e-05 1.3804e-05 1.3541e-05 1.3661e-05 1.3563e-05 1.3551e-05 1.2573e-05 1.3601e-05 1.3785e-05 1.3895e-05 1.3912e-05 1.3916e-05 1.3864e-05 1.3447e-05 1.3909e-05 1.3884e-05 1.3916e-05 1.3871e-05 1.2871e-05 1.2823e-05 1.3551e-05 1.3064e-05 1.1787e-05 1.2088e-05 1.2558e-05 1.1184e-05 7.0245e-06 3.8218e-06 -1.2352e-06 2.8133e-07 8.467e-07 1.5993e-06 1.7913e-06 1.3464e-06 8.6152e-07 1.1805e-06 1.5259e-06 1.4422e-06 1.0242e-06 6.5992e-07 3.7079e-07 8.6662e-07 1.0823e-06 9.4755e-07 9.6544e-07 7.251e-07 7.4324e-07 6.2692e-07 -9.6875e-08 -1.2888e-06 -1.3861e-06 3.4246e-06 8.0069e-06 9.6653e-06 1.0358e-05 1.1039e-05 1.2871e-05 1.365e-05 1.2718e-05 1.279e-05 1.3652e-05 1.3197e-05 1.3315e-05 1.3323e-05 1.3306e-05 1.3856e-05 1.39e-05 1.3743e-05 1.3908e-05 1.3815e-05 1.3774e-05 1.3913e-05 1.3829e-05 1.3888e-05 1.3232e-05 1.2998e-05 1.3903e-05 1.3914e-05 1.3698e-05 1.296e-05 1.3244e-05 1.2868e-05 1.2358e-05 1.2662e-05 1.2796e-05 1.2937e-05 1.3876e-05 1.3861e-05 1.3917e-05 1.3727e-05 1.3895e-05 1.3916e-05 1.381e-05 1.3869e-05
1.3787e-05 1.3739e-05 1.3823e-05 1.3796e-05 1.3583e-05 1.3629e-05 1.3502e-05 1.3458e-05 1.3287e-05 1.3908e-05 1.3913e-05 1.3811e-05 1.3915e-05 1.3881e-05 1.3899e-05 1.39e-05 1.351e-05 1.3885e-05 1.391e-05 1.3888e-05 1.3917e-05 1.3865e-05 1.3227e-05 1.3913e-05 1.3877e-05 1.3741e-05 1.3857e-05 1.3895e-05 1.3894e-05 1.3903e-05 1.3917e-05 1.3909e-05 1.3916e-05 1.3907e-05 1.3907e-05 1.3901e-05 1.3906e-05 1.391e-05 1.3917e-05 1.3917e-05 1.3864e-05 1.383e-05 1.3883e-05 1.3858e-05 1.3855e-05 1.3898e-05 1.3899e-05 1.3844e-05 1.3774e-05 1.368e-05 1.3636e-05 1.3632e-05 1.3605e-05 1.3274e-05 1.3129e-05 1.383e-05 1.3917e-05 1.3911e-05 1.3768e-05 1.3518e-05 1.2912e-05 1.304e-05 1.1737e-05 1.1024e-05 9.9458e-06 2.7478e-06 3.9348e-07 -1.5867e-06 -1.5616e-06 -1.257e-06 -1.0379e-06 -5.7869e-07 4.1833e-06 6.8327e-06 9.0184e-06 7.5994e-06 1.3098e-05 1.3199e-05 1.324e-05 9.9678e-06 1.3688e-05 1.3466e-05 1.375e-05 1.3783e-05 1.3822e-05 1.3866e-05 1.3867e-05 1.3478e-05 1.3508e-05 1.3619e-05 1.3728e-05 1.3655e-05 1.3331e-05 1.3671e-05 1.3818e-05 1.3748e-05 1.3907e-05 1.3902e-05 1.391e-05 1.3425e-05 1.3724e-05 1.3916e-05 1.3905e-05 1.3889e-05 1.3431e-05 1.3894e-05 1.3474e-05 1.3075e-05 1.2518e-05 1.2408e-05 1.2019e-05 1.2288e-05 6.9492e-06 -7.1643e-07 3.5012e-07 9.7075e-07 1.7651e-06 1.7927e-06 1.4505e-06 1.7149e-06 1.59e-06 1.7357e-06 1.6498e-06 1.64e-06 1.4664e-06 1.7174e-06 1.77e-06 1.0144e-06 8.2153e-07 1.3564e-06 9.4186e-07 8.1176e-07 8.1037e-07 6.4339e-07 -1.2513e-07 -5.508e-07 -1.573e-06 6.7079e-07 6.3262e-06 8.4068e-06 1.032e-05 9.4489e-06 1.3896e-05 1.2662e-05 1.2622e-05 1.3205e-05 1.3013e-05 1.3511e-05 1.3645e-05 1.3226e-05 1.3662e-05 1.3804e-05 1.3551e-05 1.383e-05 1.3782e-05 1.391e-05 1.3911e-05 1.3917e-05 1.3799e-05 1.3345e-05 1.3917e-05 1.3889e-05 1.3875e-05 1.2907e-05 1.2586e-05 1.2878e-05 1.3669e-05 1.2501e-05 1.3547e-05 1.3445e-05 1.2937e-05 1.3161e-05 1.3877e-05 1.3864e-05 1.3755e-05 1.3825e-05 1.3844e-05 1.3901e-05 1.3837e-05 1.3875e-05
1.3141e-05 1.3889e-05 1.2883e-05 1.3513e-05 1.3155e-05 1.364e-05 1.3515e-05 1.356e-05 1.3752e-05 1.3872e-05 1.3911e-05 1.3917e-05 1.3891e-05 1.3836e-05 1.3913e-05 1.3915e-05 1.3863e-05 1.3824e-05 1.3882e-05 1.389e-05 1.3881e-05 1.3916e-05 1.3904e-05 1.3903e-05 1.3909e-05 1.3886e-05 1.3857e-05 1.3857e-05 1.3864e-05 1.3916e-05 1.3901e-05 1.3914e-05 1.391e-05 1.3886e-05 1.389e-05 1.3887e-05 1.3893e-05 1.3911e-05 1.3915e-05 1.3903e-05 1.3841e-05 1.3727e-05 1.2999e-05 1.3065e-05 1.3672e-05 1.3842e-05 1.3782e-05 1.3658e-05 1.3678e-05 1.351e-05 1.3432e-05 1.3443e-05 1.3372e-05 1.3443e-05 1.3478e-05 1.3863e-05 1.3888e-05 1.3917e-05 1.3917e-05 1.3818e-05 1.3823e-05 1.3761e-05 1.3161e-05 1.3773e-05 9.1818e-06 9.8635e-06 5.3175e-06 3.9435e-06 2.6207e-06 1.7443e-06 3.0444e-06 3.3201e-06 8.7367e-06 6.7219e-06 8.1772e-06 1.281e-05 1.305e-05 1.2608e-05 1.2941e-05 1.2651e-05 1.3213e-05 7.0916e-06 1.3745e-05 1.3572e-05 1.3728e-05 1.3734e-05 1.3824e-05 1.3421e-05 1.3478e-05 1.3737e-05 1.3795e-05 1.3649e-05 1.3604e-05 1.3701e-05 1.3729e-05 1.3866e-05 1.3697e-05 1.3875e-05 1.3651e-05 1.391e-05 1.3916e-05 1.3905e-05 1.3917e-05 1.384e-05 1.3859e-05 1.3916e-05 1.3594e-05 1.1519e-05 1.329e-05 1.2678e-05 1.2487e-05 1.1887e-05 4.9144e-06 -1.4119e-06 7.5959e-07 1.6343e-06 1.6178e-06 1.3896e-06 1.5881e-06 1.7768e-06 1.6809e-06 1.6734e-06 1.4781e-06 1.7135e-06 1.6727e-06 1.0685e-06 1.2391e-06 1.1482e-06 1.4125e-06 1.1254e-06 9.1048e-07 8.567e-07 5.9795e-07 1.6171e-07 -1.0701e-06 -1.179e-06 -1.5638e-06 -6.2558e-07 5.6348e-06 6.4219e-06 8.3493e-06 7.8305e-06 1.0266e-05 1.0726e-05 1.1767e-05 1.2333e-05 1.3034e-05 1.3391e-05 1.3343e-05 1.1607e-05 1.2907e-05 1.323e-05 1.3339e-05 1.3761e-05 1.3796e-05 1.3905e-05 1.3906e-05 1.3903e-05 1.3913e-05 1.3915e-05 1.3877e-05 1.39e-05 1.3763e-05 1.2452e-05 1.1869e-05 1.1886e-05 1.264e-05 1.2928e-05 1.3556e-05 1.3257e-05 1.3296e-05 1.3041e-05 1.388e-05 1.3769e-05 1.374e-05 1.2592e-05 1.3892e-05 1.3795e-05 1.3528e-05 1.3589e-05
1.2728e-05 1.2966e-05 1.2895e-05 1.1786e-05 1.2474e-05 1.3712e-05 1.3618e-05 1.3698e-05 1.2786e-05 1.1292e-05 7.5514e-06 9.0614e-06 1.3394e-05 1.3917e-05 1.3882e-05 1.3903e-05 1.387e-05 1.3916e-05 1.3867e-05 1.3917e-05 1.386e-05 1.3893e-05 1.3904e-05 1.3905e-05 1.3916e-05 1.3597e-05 1.3857e-05 1.3903e-05 1.3915e-05 1.3843e-05 1.3799e-05 1.3884e-05 1.3827e-05 1.383e-05 1.3728e-05 1.3854e-05 1.3876e-05 1.391e-05 1.3914e-05 1.2512e-05 1.2188e-05 1.2002e-05 1.0002e-05 9.7103e-06 9.8001e-06 1.2347e-05 1.2347e-05 1.2354e-05 1.3092e-05 1.3378e-05 1.3149e-05 1.3469e-05 1.3257e-05 1.3405e-05 1.3375e-05 1.3422e-05 1.3494e-05 1.379e-05 1.3835e-05 1.3902e-05 1.3901e-05 1.3697e-05 1.3657e-05 1.2334e-05 1.2583e-05 9.97e-06 1.0304e-05 8.201e-06 5.1005e-06 4.5084e-06 5.0474e-06 8.6151e-06 6.7708e-06 1.1165e-05 1.0965e-05 1.1054e-05 1.1918e-05 5.8842e-06 1.2192e-05 1.3219e-05 1.2865e-05 1.3138e-05 1.3617e-05 1.362e-05 1.3772e-05 1.3762e-05 1.3574e-05 1.3267e-05 1.3314e-05 1.3524e-05 1.3762e-05 1.3545e-05 1.3809e-05 1.378e-05 1.3688e-05 1.3913e-05 1.3915e-05 1.3796e-05 1.3837e-05 1.3884e-05 1.3913e-05 1.3917e-05 1.3809e-05 1.3693e-05 1.3413e-05 1.3904e-05 1.3762e-05 1.2977e-05 1.298e-05 1.2955e-05 1.2253e-05 1.1251e-05 5.3211e-06 -1.3836e-06 2.95e-07 1.6396e-06 1.6438e-06 9.8773e-07 1.7108e-06 1.7258e-06 1.7194e-06 1.6106e-06 1.7531e-06 1.7903e-06 1.5909e-06 1.0539e-06 1.4029e-06 1.4739e-06 1.2484e-06 1.4049e-06 1.1483e-06 8.0324e-07 -1.1879e-07 -8.7198e-07 -1.1782e-06 -1.4013e-06 -1.555e-06 -1.3068e-07 2.328e-06 6.1042e-06 4.0337e-06 1.1291e-05 1.2147e-05 1.1292e-05 1.3584e-05 1.3594e-05 1.298e-05 1.2746e-05 1.2596e-05 1.2727e-05 1.296e-05 1.2891e-05 1.2929e-05 1.3798e-05 1.3864e-05 1.3885e-05 1.3917e-05 1.3792e-05 1.3841e-05 1.3908e-05 1.3913e-05 1.3917e-05 1.3653e-05 1.3114e-05 1.2792e-05 1.3056e-05 1.2842e-05 1.303e-05 1.3858e-05 1.3527e-05 1.3515e-05 1.3917e-05 1.3914e-05 1.3653e-05 1.3717e-05 1.3551e-05 1.359e-05 1.33e-05 1.2928e-05 1.3499e-05
1.3028e-05 1.2786e-05 1.3345e-05 1.3759e-05 1.2242e-05 1.3723e-05 1.3286e-05 1.3473e-05 1.3914e-05 1.3739e-05 1.0596e-05 1.0532e-05 1.3853e-05 1.3917e-05 1.3693e-05 1.3864e-05 1.3718e-05 1.3911e-05 1.3845e-05 1.3823e-05 1.3712e-05 1.3902e-05 1.3692e-05 1.3705e-05 1.3863e-05 1.3865e-05 1.3913e-05 1.3897e-05 1.3916e-05 1.3902e-05 1.3874e-05 1.2531e-05 1.3476e-05 1.373e-05 1.3734e-05 1.3814e-05 1.3864e-05 1.3853e-05 1.3477e-05 1.3345e-05 1.2831e-05 1.1495e-05 1.112e-05 1.1218e-05 1.1632e-05 1.1774e-05 1.1657e-05 1.1943e-05 1.1288e-05 1.2475e-05 1.3149e-05 1.3176e-05 1.3206e-05 1.3292e-05 1.3415e-05 1.3443e-05 1.3606e-05 1.3784e-05 1.3818e-05 1.3917e-05 1.3916e-05 1.3895e-05 1.3887e-05 1.3917e-05 1.3451e-05 1.3842e-05 1.2248e-05 6.3685e-06 7.4993e-06 7.4932e-06 7.5138e-06 7.648e-06 1.0369e-05 1.1373e-05 1.067e-05 1.1224e-05 1.1626e-05 1.2383e-05 1.2816e-05 1.2762e-05 1.2919e-05 1.2804e-05 1.3067e-05 1.3513e-05 1.3565e-05 1.3774e-05 1.3415e-05 1.2801e-05 1.3495e-05 1.3559e-05 1.3244e-05 1.3161e-05 1.3317e-05 1.3785e-05 1.3527e-05 1.3868e-05 1.3864e-05 1.3875e-05 1.3887e-05 1.3584e-05 1.3917e-05 1.3894e-05 1.3895e-05 1.3911e-05 1.3898e-05 1.3888e-05 1.3765e-05 1.3335e-05 1.2854e-05 1.2759e-05 1.2737e-05 9.9217e-06 4.5907e-06 -1.3983e-06 -1.4479e-09 1.6899e-06 1.7894e-06 1.7528e-06 1.4453e-06 1.6706e-06 1.7886e-06 1.7451e-06 1.7822e-06 1.7901e-06 1.6658e-06 1.3983e-06 1.6755e-06 1.4708e-06 1.5703e-06 1.2166e-06 9.0253e-07 1.9826e-07 -7.0286e-07 -1.1056e-06 -1.5073e-06 -1.5875e-06 -1.5188e-06 -1.0944e-06 2.8362e-06 8.6705e-06 9.7479e-06 1.1983e-05 1.2592e-05 1.2749e-05 1.2876e-05 1.2341e-05 1.1057e-05 1.2485e-05 1.3721e-05 1.2865e-05 1.2728e-05 1.2405e-05 1.3092e-05 1.3406e-05 1.3778e-05 1.3545e-05 1.3776e-05 1.3899e-05 1.3504e-05 1.3691e-05 1.3868e-05 1.3904e-05 1.3899e-05 1.3809e-05 1.3532e-05 1.3358e-05 1.2401e-05 1.2885e-05 1.3404e-05 1.344e-05 1.3308e-05 1.3573e-05 1.3041e-05 1.3239e-05 1.3193e-05 1.3603e-05 1.343e-05 1.3023e-05 1.2651e-05 1.2266e-05
1.2228e-05 1.2731e-05 1.2772e-05 1.3465e-05 1.0021e-05 1.15e-05 1.2901e-05 1.386e-05 1.3897e-05 1.3648e-05 1.3445e-05 1.3909e-05 1.3879e-05 1.3713e-05 1.3205e-05 1.3269e-05 1.3264e-05 1.3266e-05 1.3512e-05 1.3628e-05 1.3641e-05 1.3663e-05 1.3863e-05 1.3765e-05 1.3902e-05 1.3899e-05 1.391e-05 1.377e-05 1.3709e-05 1.3904e-05 1.388e-05 1.3392e-05 1.3503e-05 1.3021e-05 1.3574e-05 1.2856e-05 1.3355e-05 1.1467e-05 1.1607e-05 1.3316e-05 1.1408e-05 1.0531e-05 1.1979e-05 1.2015e-05 1.1915e-05 1.1859e-05 1.2082e-05 1.28e-05 1.2185e-05 1.2157e-05 1.1932e-05 1.2578e-05 1.3138e-05 1.3528e-05 1.3539e-05 1.3606e-05 1.3542e-05 1.384e-05 1.3879e-05 1.3828e-05 1.3821e-05 1.3871e-05 1.3874e-05 1.3657e-05 1.2829e-05 1.2531e-05 1.1501e-05 1.0861e-05 1.3872e-05 9.363e-06 1.1502e-05 1.1062e-05 1.0863e-05 1.0066e-05 1.0844e-05 1.1717e-05 1.2131e-05 1.2217e-05 1.2136e-05 1.2813e-05 1.33e-05 1.3515e-05 1.378e-05 1.0251e-05 1.3465e-05 1.3694e-05 1.3672e-05 1.3765e-05 1.2945e-05 1.3564e-05 1.338e-05 1.3134e-05 1.322e-05 1.3538e-05 1.3867e-05 1.3696e-05 1.3889e-05 1.3905e-05 1.3697e-05 1.3726e-05 1.3914e-05 1.391e-05 1.3882e-05 1.3913e-05 1.3913e-05 1.3914e-05 1.1724e-05 1.3724e-05 1.304e-05 1.2409e-05 1.2113e-05 1.1706e-05 9.2709e-06 -5.7111e-07 -1.4094e-06 1.342e-06 1.7913e-06 1.7477e-06 1.4613e-06 1.6857e-06 1.7246e-06 1.7387e-06 1.421e-06 1.7807e-06 1.4986e-06 1.5659e-06 1.3946e-06 1.4849e-06 1.4294e-06 1.3165e-06 1.1113e-06 -2.0527e-07 -1.2291e-06 -1.4849e-06 -1.5726e-06 -1.4052e-06 -4.6802e-07 2.548e-06 5.6801e-06 8.5334e-06 1.1855e-05 1.1803e-05 1.3184e-05 1.3159e-05 1.3403e-05 1.3168e-05 1.2483e-05 1.2411e-05 1.2517e-05 1.285e-05 1.2396e-05 1.282e-05 1.3036e-05 1.3159e-05 1.3424e-05 1.3383e-05 1.2942e-05 1.3364e-05 1.3483e-05 1.3914e-05 1.3816e-05 1.3824e-05 1.3914e-05 1.3912e-05 1.3694e-05 1.3469e-05 1.2408e-05 1.3387e-05 1.3337e-05 1.3088e-05 1.2748e-05 1.2816e-05 1.2881e-05 1.2935e-05 1.3314e-05 1.3526e-05 1.2171e-05 1.1665e-05 1.2139e-05 1.0521e-05
1.2221e-05 1.0028e-05 1.2699e-05 1.376e-05 1.3003e-05 1.3802e-05 1.3807e-05 1.3736e-05 1.3914e-05 1.3641e-05 1.3557e-05 1.3907e-05 1.3723e-05 1.3566e-05 1.3343e-05 1.3459e-05 1.3271e-05 1.3824e-05 1.3602e-05 1.3667e-05 1.3725e-05 1.3842e-05 1.3834e-05 1.3905e-05 1.3861e-05 1.3911e-05 1.3876e-05 1.3832e-05 1.3556e-05 1.3646e-05 1.3442e-05 1.3341e-05 1.3421e-05 1.3193e-05 1.3304e-05 1.343e-05 1.2851e-05 1.1348e-05 1.1476e-05 1.1415e-05 1.0796e-05 1.1948e-05 1.2677e-05 1.2579e-05 1.2245e-05 1.2515e-05 1.2328e-05 1.2412e-05 1.2677e-05 1.2729e-05 1.2568e-05 1.166e-05 1.2493e-05 1.3419e-05 1.3647e-05 1.3757e-05 1.3758e-05 1.3768e-05 1.378e-05 1.3822e-05 1.3882e-05 1.3913e-05 1.3912e-05 1.3246e-05 1.333e-05 1.3857e-05 1.3715e-05 1.3203e-05 1.3329e-05 1.1016e-05 1.1289e-05 9.9637e-06 1.1941e-05 1.2831e-05 1.2508e-05 1.1984e-05 1.1963e-05 1.2043e-05 1.1057e-05 1.2381e-05 1.3232e-05 1.3636e-05 1.3405e-05 1.362e-05 1.3514e-05 1.3804e-05 1.3839e-05 1.3779e-05 1.3674e-05 1.3579e-05 1.3551e-05 1.3278e-05 1.3415e-05 1.381e-05 1.38e-05 1.3815e-05 1.3634e-05 1.319e-05 1.3888e-05 1.3913e-05 1.3907e-05 1.3826e-05 1.387e-05 1.3914e-05 1.3885e-05 1.3898e-05 1.3875e-05 1.3659e-05 1.2521e-05 1.3062e-05 1.3113e-05 1.2393e-05 1.1249e-05 1.0103e-05 6.21e-09 -1.4274e-06 1.6512e-06 1.7963e-06 1.6808e-06 1.6069e-06 1.7075e-06 1.6923e-06 1.6815e-06 1.7196e-06 1.4419e-06 1.5329e-06 1.4749e-06 1.3483e-06 1.4207e-06 1.2367e-06 2.3012e-07 -1.5489e-06 -1.3667e-06 -1.3836e-06 -9.9561e-07 -1.5962e-08 -3.7794e-07 2.7185e-06 3.2177e-06 3.7923e-06 1.0257e-05 1.2434e-05 1.3736e-05 1.3223e-05 1.3557e-05 1.3364e-05 1.3106e-05 1.2922e-05 1.2588e-05 1.2338e-05 1.2772e-05 1.3193e-05 1.3843e-05 1.3822e-05 1.3797e-05 1.3542e-05 1.3797e-05 1.3883e-05 1.3705e-05 1.3465e-05 1.372e-05 1.3884e-05 1.3583e-05 1.3343e-05 1.3602e-05 1.3593e-05 1.3738e-05 1.3499e-05 1.3527e-05 1.3866e-05 1.2466e-05 1.2427e-05 1.3131e-05 1.3246e-05 1.291e-05 1.2678e-05 1.0758e-05 1.1505e-05 1.271e-05 1.3682e-05
1.2041e-05 1.169e-05 1.3773e-05 1.3862e-05 1.3761e-05 1.3866e-05 1.3915e-05 1.3654e-05 1.3667e-05 1.3896e-05 1.3882e-05 1.3917e-05 1.3668e-05 1.3506e-05 1.2918e-05 1.359e-05 1.3253e-05 1.3189e-05 1.3662e-05 1.3665e-05 1.3914e-05 1.3844e-05 1.3872e-05 1.3882e-05 1.3916e-05 1.387e-05 1.3872e-05 1.3805e-05 1.3697e-05 1.3528e-05 1.3413e-05 1.2723e-05 1.307e-05 1.287e-05 1.2559e-05 1.2733e-05 1.2057e-05 1.0991e-05 1.0809e-05 1.0042e-05 1.0323e-05 1.1985e-05 1.2855e-05 1.2489e-05 1.3146e-05 1.2577e-05 1.3349e-05 1.3408e-05 1.3205e-05 1.324e-05 1.2704e-05 1.175e-05 1.0864e-05 1.262e-05 1.34e-05 1.375e-05 1.3737e-05 1.3774e-05 1.3795e-05 1.3792e-05 1.3905e-05 1.3877e-05 1.3889e-05 1.3318e-05 1.3169e-05 1.3053e-05 1.3114e-05 1.3133e-05 1.3267e-05 1.3495e-05 1.3173e-05 1.1426e-05 1.1548e-05 1.281e-05 1.1352e-05 1.2803e-05 1.1238e-05 1.2248e-05 1.2411e-05 1.2104e-05 1.2768e-05 1.3195e-05 1.2635e-05 1.3412e-05 1.3501e-05 1.3643e-05 1.3695e-05 1.3779e-05 1.3771e-05 1.37e-05 1.3661e-05 1.3856e-05 1.3738e-05 1.3578e-05 1.3775e-05 1.3677e-05 1.383e-05 1.3656e-05 1.3851e-05 1.3903e-05 1.3917e-05 1.39e-05 1.3835e-05 1.3898e-05 1.3916e-05 1.3905e-05 1.3901e-05 1.3913e-05 1.3555e-05 1.3108e-05 1.3358e-05 1.344e-05 1.3667e-05 1.3133e-05 1.131e-05 1.6224e-06 -5.5918e-07 1.201e-06 1.7234e-06 1.7821e-06 1.7866e-06 1.5782e-06 1.5774e-06 1.3888e-06 1.5754e-06 1.5654e-06 1.32e-06 1.2789e-06 1.9894e-07 -1.0209e-06 -1.4591e-06 -1.0511e-06 1.2427e-06 1.772e-06 2.147e-06 2.271e-06 8.7413e-07 1.7997e-06 4.9043e-06 5.719e-06 8.9339e-06 1.2372e-05 1.3215e-05 1.3398e-05 1.3592e-05 1.3643e-05 1.344e-05 1.3491e-05 1.3323e-05 1.3073e-05 1.3145e-05 1.3525e-05 1.3684e-05 1.3814e-05 1.3912e-05 1.3897e-05 1.3914e-05 1.3907e-05 1.3738e-05 1.391e-05 1.3793e-05 1.3569e-05 1.3878e-05 1.3735e-05 1.3812e-05 1.3846e-05 1.3563e-05 1.339e-05 1.2989e-05 1.3628e-05 1.3338e-05 1.2277e-05 1.3707e-05 1.3037e-05 1.3011e-05 1.2616e-05 1.2194e-05 1.2745e-05 1.3354e-05 1.3329e-05
1.2298e-05 1.3614e-05 1.3739e-05 1.3792e-05 1.3904e-05 1.3913e-05 1.3767e-05 1.3904e-05 1.3917e-05 1.3902e-05 1.3917e-05 1.3916e-05 1.3807e-05 1.3586e-05 1.3231e-05 1.3251e-05 1.3249e-05 1.3735e-05 1.3847e-05 1.3665e-05 1.3888e-05 1.3873e-05 1.3895e-05 1.3909e-05 1.3914e-05 1.3908e-05 1.3861e-05 1.3786e-05 1.362e-05 1.3404e-05 1.3179e-05 1.3038e-05 1.2997e-05 1.2432e-05 1.2267e-05 1.2804e-05 1.1949e-05 1.0759e-05 1.0925e-05 1.0025e-05 1.1131e-05 1.2019e-05 1.2427e-05 1.2982e-05 1.3185e-05 1.3362e-05 1.338e-05 1.3532e-05 1.3529e-05 1.3606e-05 1.2899e-05 1.1745e-05 1.2169e-05 1.2283e-05 1.2439e-05 1.2406e-05 1.3561e-05 1.3854e-05 1.3838e-05 1.3913e-05 1.3865e-05 1.3637e-05 1.335e-05 1.3259e-05 1.2951e-05 1.3058e-05 1.29e-05 1.2584e-05 1.2784e-05 1.2915e-05 1.2689e-05 9.3176e-06 1.2823e-05 1.3273e-05 1.273e-05 1.2967e-05 1.2754e-05 1.2473e-05 1.1919e-05 1.1989e-05 1.1524e-05 1.1887e-05 1.2743e-05 1.279e-05 1.307e-05 1.3624e-05 1.3823e-05 1.3879e-05 1.3792e-05 1.376e-05 1.3762e-05 1.3697e-05 1.3853e-05 1.3727e-05 1.3671e-05 1.3751e-05 1.3699e-05 1.3781e-05 1.3807e-05 1.3917e-05 1.3917e-05 1.3799e-05 1.3908e-05 1.3916e-05 1.3892e-05 1.3832e-05 1.3783e-05 1.3898e-05 1.3489e-05 1.3131e-05 1.2625e-05 1.3418e-05 1.2729e-05 1.293e-05 9.7607e-06 9.8379e-06 1.8463e-06 -8.1875e-07 -1.4797e-06 6.7292e-07 1.5003e-06 1.7893e-06 1.1982e-06 1.4676e-06 1.2983e-06 1.4026e-06 9.7302e-07 2.7242e-07 -1.534e-06 1.1117e-06 -1.2032e-06 -4.3856e-07 3.1204e-06 3.3484e-06 4.023e-06 6.992e-06 7.3621e-06 5.0856e-06 5.5483e-06 8.0407e-06 8.7269e-06 1.3152e-05 1.3101e-05 1.3525e-05 1.3271e-05 1.3782e-05 1.368e-05 1.3699e-05 1.3679e-05 1.3599e-05 1.3463e-05 1.368e-05 1.382e-05 1.3817e-05 1.3915e-05 1.3917e-05 1.3672e-05 1.3896e-05 1.3852e-05 1.3782e-05 1.3732e-05 1.3384e-05 1.2498e-05 1.3637e-05 1.3425e-05 1.3134e-05 1.2864e-05 1.3092e-05 1.3041e-05 1.3254e-05 1.3498e-05 1.3075e-05 1.3595e-05 1.3223e-05 1.3246e-05 1.3459e-05 1.3235e-05 1.2947e-05 1.3016e-05 1.3115e-05
1.2346e-05 1.3643e-05 1.3753e-05 1.3799e-05 1.3901e-05 1.3868e-05 1.3892e-05 1.39e-05 1.3914e-05 1.3913e-05 1.3912e-05 1.3905e-05 1.3629e-05 1.3383e-05 1.3241e-05 1.3323e-05 1.3387e-05 1.3909e-05 1.3588e-05 1.3629e-05 1.3773e-05 1.3896e-05 1.3899e-05 1.3915e-05 1.3917e-05 1.3899e-05 1.3858e-05 1.3733e-05 1.354e-05 1.3335e-05 1.3119e-05 1.2823e-05 1.2628e-05 1.2577e-05 1.2538e-05 1.1722e-05 1.1768e-05 1.125e-05 9.6999e-06 8.7469e-06 1.1016e-05 1.2179e-05 1.261e-05 1.2906e-05 1.32e-05 1.3425e-05 1.355e-05 1.3634e-05 1.3692e-05 1.3692e-05 1.3671e-05 1.3588e-05 1.3063e-05 1.3079e-05 1.2999e-05 1.2316e-05 1.2623e-05 1.308e-05 1.3825e-05 1.3905e-05 1.3845e-05 1.3239e-05 1.3004e-05 1.309e-05 1.1411e-05 1.299e-05 1.3259e-05 1.3046e-05 1.2538e-05 1.262e-05 1.209e-05 1.0867e-05 1.2143e-05 1.3067e-05 1.2529e-05 1.1636e-05 1.2383e-05 1.247e-05 1.1139e-05 1.1538e-05 1.1749e-05 1.1704e-05 1.2486e-05 1.2147e-05 1.3444e-05 1.3472e-05 1.3629e-05 1.3807e-05 1.386e-05 1.3764e-05 1.3648e-05 1.3683e-05 1.3566e-05 1.3635e-05 1.3675e-05 1.3739e-05 1.3716e-05 1.391e-05 1.3784e-05 1.391e-05 1.3703e-05 1.3653e-05 1.3847e-05 1.3837e-05 1.3692e-05 1.3589e-05 1.35e-05 1.3606e-05 1.3906e-05 1.3287e-05 1.3628e-05 1.2776e-05 1.2331e-05 1.2007e-05 1.3489e-05 1.2945e-05 7.9194e-06 8.5071e-06 3.223e-06 3.1017e-06 -4.8907e-07 -6.008e-07 -1.5666e-06 1.0147e-08 -1.1979e-06 -9.6118e-07 -1.5543e-06 -1.5525e-06 1.321e-06 4.4466e-06 6.797e-06 8.9739e-06 6.3275e-06 5.1461e-06 6.7102e-06 9.3388e-06 8.3057e-06 8.4283e-06 9.0304e-06 1.1693e-05 1.1888e-05 1.2792e-05 1.3298e-05 1.3489e-05 1.3543e-05 1.3687e-05 1.3711e-05 1.365e-05 1.3651e-05 1.3613e-05 1.3576e-05 1.3758e-05 1.3775e-05 1.3916e-05 1.3877e-05 1.3907e-05 1.3754e-05 1.3857e-05 1.3815e-05 1.375e-05 1.3851e-05 1.3518e-05 1.3282e-05 1.3781e-05 1.3216e-05 1.3892e-05 1.3299e-05 1.2956e-05 1.3392e-05 1.3553e-05 1.3315e-05 1.3496e-05 1.3704e-05 1.3591e-05 1.3425e-05 1.3211e-05 1.3471e-05 1.3243e-05 1.2998e-05 1.2594e-05
1.3163e-05 1.3689e-05 1.3701e-05 1.3724e-05 1.3915e-05 1.3899e-05 1.3836e-05 1.3814e-05 1.3916e-05 1.3871e-05 1.3898e-05 1.3687e-05 1.3759e-05 1.3636e-05 1.3225e-05 1.3547e-05 1.3214e-05 1.39e-05 1.3606e-05 1.3908e-05 1.3904e-05 1.3901e-05 1.3916e-05 1.3917e-05 1.3903e-05 1.3877e-05 1.3831e-05 1.3777e-05 1.3511e-05 1.3271e-05 1.2977e-05 1.2679e-05 1.23e-05 1.2291e-05 1.2115e-05 1.2294e-05 1.2499e-05 1.1007e-05 1.0696e-05 8.9829e-06 1.1295e-05 1.2216e-05 1.2588e-05 1.2975e-05 1.327e-05 1.349e-05 1.3628e-05 1.3709e-05 1.3756e-05 1.3825e-05 1.3819e-05 1.3844e-05 1.3742e-05 1.3359e-05 1.3362e-05 1.344e-05 1.3633e-05 1.3625e-05 1.3573e-05 1.3573e-05 1.343e-05 1.3823e-05 1.2919e-05 1.2853e-05 1.2944e-05 1.2889e-05 1.2652e-05 1.1952e-05 1.2722e-05 1.2951e-05 1.2869e-05 1.0315e-05 9.6013e-06 8.6528e-06 1.1415e-05 1.2656e-05 1.1721e-05 1.165e-05 1.0743e-05 1.0784e-05 1.0913e-05 1.1006e-05 1.1511e-05 1.2407e-05 1.2745e-05 1.3235e-05 1.3164e-05 1.3127e-05 1.3651e-05 1.3746e-05 1.3775e-05 1.3615e-05 1.3598e-05 1.3861e-05 1.3794e-05 1.3705e-05 1.3688e-05 1.3854e-05 1.3859e-05 1.3864e-05 1.3713e-05 1.3437e-05 1.3872e-05 1.3675e-05 1.3529e-05 1.3652e-05 1.3234e-05 1.3863e-05 1.3914e-05 1.3895e-05 1.3446e-05 1.3434e-05 1.2948e-05 1.327e-05 1.3378e-05 1.3226e-05 1.3115e-05 8.5413e-06 9.0244e-06 7.4244e-06 6.0449e-06 5.5541e-06 3.6321e-06 2.9472e-06 2.3591e-06 5.7442e-07 -4.7832e-07 6.9276e-07 1.2169e-06 4.8675e-06 8.8661e-06 6.5534e-06 6.7422e-06 7.8602e-06 1.0759e-05 9.7109e-06 1.3917e-05 9.2142e-06 9.3683e-06 1.3756e-05 1.3161e-05 1.3614e-05 1.3689e-05 1.3691e-05 1.3664e-05 1.3653e-05 1.365e-05 1.3639e-05 1.372e-05 1.3749e-05 1.3772e-05 1.3883e-05 1.3896e-05 1.3868e-05 1.3824e-05 1.3903e-05 1.3803e-05 1.3795e-05 1.3832e-05 1.3895e-05 1.3908e-05 1.3853e-05 1.3504e-05 1.3523e-05 1.2804e-05 1.385e-05 1.3192e-05 1.3487e-05 1.3246e-05 1.2968e-05 1.3143e-05 1.3414e-05 1.38e-05 1.3884e-05 1.3876e-05 1.3639e-05 1.3641e-05 1.3567e-05 1.2985e-05 1.2878e-05
1.2863e-05 1.3813e-05 1.3514e-05 1.3762e-05 1.3784e-05 1.3825e-05 1.3731e-05 1.3353e-05 1.3844e-05 1.3617e-05 1.3758e-05 1.2996e-05 1.3012e-05 1.3217e-05 1.3003e-05 1.3394e-05 1.3312e-05 1.3757e-05 1.3904e-05 1.3699e-05 1.3877e-05 1.3914e-05 1.3917e-05 1.3911e-05 1.3887e-05 1.3823e-05 1.3757e-05 1.3668e-05 1.3418e-05 1.3047e-05 1.2729e-05 1.2437e-05 1.2162e-05 1.1968e-05 1.1899e-05 1.1159e-05 1.1594e-05 1.2005e-05 1.0683e-05 1.1068e-05 1.1564e-05 1.2145e-05 1.2654e-05 1.2991e-05 1.3187e-05 1.3402e-05 1.3529e-05 1.368e-05 1.3758e-05 1.3767e-05 1.3842e-05 1.3859e-05 1.375e-05 1.3536e-05 1.2813e-05 1.3422e-05 1.3633e-05 1.3726e-05 1.3732e-05 1.3657e-05 1.3165e-05 1.3889e-05 1.3358e-05 1.3257e-05 1.3017e-05 1.2977e-05 1.2981e-05 1.3699e-05 1.3456e-05 1.3243e-05 1.3122e-05 1.3049e-05 1.1294e-05 7.4996e-06 5.9958e-06 1.0917e-05 1.0208e-05 9.7719e-06 8.1944e-06 1.0257e-05 1.0224e-05 1.0659e-05 8.5736e-06 1.1292e-05 9.8792e-06 1.2721e-05 1.2514e-05 1.2482e-05 1.2605e-05 1.367e-05 1.326e-05 1.3454e-05 1.303e-05 1.3889e-05 1.3658e-05 1.3688e-05 1.3687e-05 1.3901e-05 1.3906e-05 1.3744e-05 1.3712e-05 1.3805e-05 1.3753e-05 1.3721e-05 1.3814e-05 1.3916e-05 1.3743e-05 1.3908e-05 1.3858e-05 1.3917e-05 1.3865e-05 1.3828e-05 1.3535e-05 1.3683e-05 1.2844e-05 1.1299e-05 1.2644e-05 1.047e-05 9.1181e-06 7.8732e-06 6.6739e-06 7.7144e-06 8.3856e-06 3.9575e-06 7.1269e-06 1.9759e-06 3.5703e-06 8.2414e-06 9.1934e-06 1.0522e-05 9.2786e-06 1.1043e-05 1.1171e-05 9.9275e-06 1.1128e-05 1.3264e-05 1.345e-05 1.2868e-05 1.3864e-05 1.3567e-05 1.3698e-05 1.3824e-05 1.3882e-05 1.3864e-05 1.3821e-05 1.3773e-05 1.3447e-05 1.375e-05 1.3785e-05 1.3851e-05 1.3873e-05 1.3914e-05 1.3881e-05 1.3733e-05 1.3802e-05 1.3888e-05 1.3898e-05 1.3878e-05 1.3658e-05 1.3857e-05 1.3824e-05 1.3916e-05 1.3832e-05 1.3495e-05 1.38e-05 1.3777e-05 1.3308e-05 1.3777e-05 1.3513e-05 1.3194e-05 1.3307e-05 1.3743e-05 1.3892e-05 1.3393e-05 1.3426e-05 1.3646e-05 1.3518e-05 1.2856e-05 1.215e-05 1.3049e-05
1.2896e-05 1.3074e-05 1.3735e-05 1.3728e-05 1.3783e-05 1.369e-05 1.3481e-05 1.3216e-05 1.2884e-05 1.2783e-05 1.2826e-05 1.2929e-05 1.2375e-05 1.2176e-05 1.2972e-05 1.2629e-05 1.3915e-05 1.3863e-05 1.3622e-05 1.3878e-05 1.3882e-05 1.3917e-05 1.3917e-05 1.3907e-05 1.3868e-05 1.3759e-05 1.3634e-05 1.3404e-05 1.3094e-05 1.275e-05 1.2409e-05 1.2013e-05 1.1789e-05 1.1662e-05 1.1725e-05 1.1648e-05 1.074e-05 1.1163e-05 1.0614e-05 1.0926e-05 1.1494e-05 1.2118e-05 1.2485e-05 1.2749e-05 1.2984e-05 1.3184e-05 1.3383e-05 1.3552e-05 1.3708e-05 1.3783e-05 1.3886e-05 1.3875e-05 1.3874e-05 1.3741e-05 1.3249e-05 1.3391e-05 1.3611e-05 1.3625e-05 1.3605e-05 1.3368e-05 1.2794e-05 1.3916e-05 1.3552e-05 1.3473e-05 1.3745e-05 1.3571e-05 1.3223e-05 1.3662e-05 1.3206e-05 1.3253e-05 1.3497e-05 1.264e-05 1.2214e-05 9.6887e-06 8.4207e-06 7.215e-06 1.0634e-05 9.7748e-06 1.0319e-05 9.3454e-06 9.3708e-06 9.9633e-06 9.8271e-06 7.8994e-06 1.0514e-05 1.2041e-05 1.1647e-05 1.1229e-05 1.1828e-05 1.3798e-05 1.3097e-05 1.3444e-05 1.2973e-05 1.2787e-05 1.2874e-05 1.362e-05 1.3709e-05 1.1199e-05 1.3648e-05 1.391e-05 1.3876e-05 1.3915e-05 1.3909e-05 1.3878e-05 1.3917e-05 1.3821e-05 1.3868e-05 1.3853e-05 1.3728e-05 1.3914e-05 1.3901e-05 1.3677e-05 1.3766e-05 1.3903e-05 1.3909e-05 1.3826e-05 1.3261e-05 1.2769e-05 1.1811e-05 1.1154e-05 8.6092e-06 1.0044e-05 8.4562e-06 6.9983e-06 6.9258e-06 4.1381e-06 7.4018e-06 1.0102e-05 1.0507e-05 1.1251e-05 1.254e-05 1.2323e-05 1.1736e-05 1.138e-05 1.3479e-05 1.3871e-05 1.3863e-05 1.3906e-05 1.3883e-05 1.3745e-05 1.3859e-05 1.3908e-05 1.3903e-05 1.3917e-05 1.3871e-05 1.3829e-05 1.3789e-05 1.3729e-05 1.387e-05 1.3888e-05 1.3904e-05 1.3913e-05 1.3873e-05 1.3907e-05 1.3891e-05 1.3871e-05 1.3901e-05 1.3881e-05 1.3735e-05 1.3869e-05 1.3716e-05 1.391e-05 1.3852e-05 1.3702e-05 1.3695e-05 1.3525e-05 1.3623e-05 1.3407e-05 1.3559e-05 1.2395e-05 1.3502e-05 1.1335e-05 1.3541e-05 1.3458e-05 1.3386e-05 1.347e-05 1.366e-05 1.2584e-05 1.1477e-05 1.3058e-05
1.342e-05 1.3267e-05 1.3728e-05 1.3723e-05 1.3741e-05 1.3725e-05 1.3348e-05 1.1666e-05 1.2503e-05 1.2837e-05 1.3099e-05 1.303e-05 1.2799e-05 1.3122e-05 1.2893e-05 1.2666e-05 1.3408e-05 1.3769e-05 1.3748e-05 1.3864e-05 1.3908e-05 1.3915e-05 1.391e-05 1.3881e-05 1.382e-05 1.3717e-05 1.3474e-05 1.3102e-05 1.2619e-05 1.2191e-05 1.1858e-05 1.1473e-05 1.1238e-05 1.1204e-05 1.1361e-05 1.0821e-05 1.1013e-05 1.0224e-05 1.0394e-05 1.0967e-05 1.1395e-05 1.1855e-05 1.2136e-05 1.2414e-05 1.2714e-05 1.292e-05 1.32e-05 1.3385e-05 1.3565e-05 1.3695e-05 1.3768e-05 1.3848e-05 1.3862e-05 1.3701e-05 1.3393e-05 1.3604e-05 1.3322e-05 1.3531e-05 1.3314e-05 1.3035e-05 1.3102e-05 1.3389e-05 1.3674e-05 1.3692e-05 1.3598e-05 1.3722e-05 1.3343e-05 1.3143e-05 1.3236e-05 1.3174e-05 1.2778e-05 1.2907e-05 1.2324e-05 1.1386e-05 8.0593e-06 5.9195e-06 8.4984e-06 9.5565e-06 8.5654e-06 8.1503e-06 8.8558e-06 9.203e-06 9.5496e-06 8.1764e-06 9.0135e-06 8.0555e-06 1.1138e-05 1.102e-05 1.1863e-05 1.295e-05 1.3206e-05 1.2957e-05 1.2593e-05 1.234e-05 1.3287e-05 1.3518e-05 1.3688e-05 1.3878e-05 1.3892e-05 1.3835e-05 1.3778e-05 1.3712e-05 1.3855e-05 1.3917e-05 1.3888e-05 1.3908e-05 1.3845e-05 1.3775e-05 1.3737e-05 1.3894e-05 1.3873e-05 1.3907e-05 1.3847e-05 1.3862e-05 1.3831e-05 1.3646e-05 1.3492e-05 1.2614e-05 1.2616e-05 1.1138e-05 1.0358e-05 9.3907e-06 1.0698e-05 7.8906e-06 1.0098e-05 1.0396e-05 9.7727e-06 1.3418e-05 1.2492e-05 1.2508e-05 1.2892e-05 1.322e-05 1.2174e-05 1.3446e-05 1.3819e-05 1.3896e-05 1.3591e-05 1.3676e-05 1.3915e-05 1.3915e-05 1.3905e-05 1.3908e-05 1.3894e-05 1.3794e-05 1.3862e-05 1.3809e-05 1.3799e-05 1.3779e-05 1.3772e-05 1.3884e-05 1.3917e-05 1.3888e-05 1.3812e-05 1.3895e-05 1.3766e-05 1.3897e-05 1.3917e-05 1.3914e-05 1.3777e-05 1.391e-05 1.3917e-05 1.3901e-05 1.3916e-05 1.3916e-05 1.3678e-05 1.3538e-05 1.3207e-05 1.3499e-05 1.3742e-05 1.2592e-05 1.2197e-05 1.2991e-05 1.29e-05 1.2234e-05 1.2503e-05 1.3494e-05 1.3802e-05 1.3292e-05 1.3266e-05 1.3574e-05
1.391e-05 1.3813e-05 1.3805e-05 1.3879e-05 1.3644e-05 1.3334e-05 1.2596e-05 9.796e-06 1.006e-05 1.1859e-05 1.2215e-05 1.2996e-05 1.2754e-05 1.2803e-05 1.2347e-05 1.2832e-05 1.3173e-05 1.3468e-05 1.3838e-05 1.3867e-05 1.3909e-05 1.3911e-05 1.3884e-05 1.3795e-05 1.3712e-05 1.3555e-05 1.3274e-05 1.2664e-05 1.1798e-05 1.1304e-05 1.0986e-05 1.0829e-05 1.0677e-05 1.0813e-05 1.1063e-05 9.3524e-06 1.0675e-05 1.0114e-05 1.0274e-05 1.0602e-05 1.0811e-05 1.1228e-05 1.1553e-05 1.1866e-05 1.2248e-05 1.2601e-05 1.294e-05 1.3174e-05 1.3426e-05 1.3572e-05 1.366e-05 1.372e-05 1.3792e-05 1.3767e-05 1.3531e-05 1.3229e-05 1.3217e-05 1.3203e-05 1.3311e-05 1.3226e-05 1.2928e-05 1.3846e-05 1.383e-05 1.3853e-05 1.3742e-05 1.3592e-05 1.3073e-05 1.2957e-05 1.2819e-05 1.3249e-05 1.2942e-05 1.2468e-05 1.1481e-05 9.1915e-06 4.401e-06 4.1696e-06 4.7816e-06 9.2805e-06 7.6677e-06 7.7251e-06 5.742e-06 8.2019e-06 8.8258e-06 9.0817e-06 7.3726e-06 6.6812e-06 1.0034e-05 1.142e-05 1.1298e-05 1.1055e-05 1.188e-05 1.2432e-05 1.2295e-05 1.261e-05 1.3408e-05 1.3165e-05 1.3675e-05 1.3775e-05 1.3578e-05 1.3917e-05 1.3833e-05 1.3789e-05 1.3901e-05 1.3897e-05 1.389e-05 1.3913e-05 1.3779e-05 1.3679e-05 1.3885e-05 1.3891e-05 1.3839e-05 1.3916e-05 1.3915e-05 1.3909e-05 1.3883e-05 1.3793e-05 1.3791e-05 1.382e-05 1.3785e-05 1.2244e-05 1.1541e-05 1.1394e-05 1.105e-05 1.1086e-05 1.1785e-05 1.1993e-05 1.3115e-05 1.3125e-05 1.2954e-05 1.3172e-05 1.3295e-05 1.3794e-05 1.3876e-05 1.3697e-05 1.3885e-05 1.3916e-05 1.3811e-05 1.3749e-05 1.3894e-05 1.3917e-05 1.3877e-05 1.3867e-05 1.3764e-05 1.3771e-05 1.3846e-05 1.3827e-05 1.3813e-05 1.3803e-05 1.3863e-05 1.3895e-05 1.3797e-05 1.3916e-05 1.382e-05 1.3856e-05 1.3916e-05 1.3899e-05 1.3915e-05 1.3879e-05 1.3891e-05 1.3902e-05 1.3875e-05 1.3914e-05 1.3917e-05 1.3912e-05 1.3793e-05 1.3787e-05 1.3851e-05 1.3874e-05 1.3288e-05 1.2417e-05 1.1505e-05 1.0848e-05 1.0465e-05 9.1857e-06 1.0982e-05 1.0704e-05 1.1431e-05 1.2434e-05 1.2059e-05 1.3893e-05
1.39e-05 1.3903e-05 1.3857e-05 1.3631e-05 1.3607e-05 1.3284e-05 1.1395e-05 1.0472e-05 1.0765e-05 1.1193e-05 1.1832e-05 1.269e-05 1.2453e-05 1.3604e-05 1.2568e-05 1.1096e-05 1.3144e-05 1.3177e-05 1.3661e-05 1.3882e-05 1.3913e-05 1.3911e-05 1.381e-05 1.3662e-05 1.3533e-05 1.3314e-05 1.29e-05 1.1803e-05 1.0789e-05 1.0163e-05 1.0061e-05 1.0147e-05 1.0349e-05 1.0532e-05 1.0181e-05 9.4873e-06 9.9194e-06 1.0147e-05 9.9912e-06 9.8641e-06 9.9967e-06 1.045e-05 1.0904e-05 1.1238e-05 1.1791e-05 1.2221e-05 1.2603e-05 1.2876e-05 1.3174e-05 1.3405e-05 1.3493e-05 1.3632e-05 1.3645e-05 1.3691e-05 1.3469e-05 1.3183e-05 1.2729e-05 1.2756e-05 1.3232e-05 1.3134e-05 1.2931e-05 1.3883e-05 1.3842e-05 1.3899e-05 1.3888e-05 4.4113e-06 -5.0236e-07 6.4105e-06 1.3041e-05 1.2642e-05 1.3478e-05 1.2456e-05 1.1727e-05 9.8563e-06 4.3233e-06 4.7352e-06 4.3782e-06 9.2176e-06 7.0876e-06 8.7633e-06 7.3343e-06 7.9503e-06 7.8222e-06 7.9028e-06 7.6031e-06 8.0112e-06 9.287e-06 9.325e-06 9.6281e-06 1.093e-05 1.2348e-05 1.2192e-05 1.2182e-05 1.2531e-05 1.311e-05 1.3067e-05 1.3652e-05 1.3599e-05 1.384e-05 1.3206e-05 1.3763e-05 1.3884e-05 1.3905e-05 1.3904e-05 1.3903e-05 1.3891e-05 1.3908e-05 1.3752e-05 1.3908e-05 1.3907e-05 1.3917e-05 1.39e-05 1.3856e-05 1.3848e-05 1.3914e-05 1.3917e-05 1.3905e-05 1.3553e-05 1.3456e-05 1.384e-05 1.3389e-05 1.3527e-05 1.3197e-05 1.3196e-05 1.3337e-05 1.2435e-05 1.27e-05 1.2742e-05 1.2939e-05 1.3255e-05 1.3806e-05 1.372e-05 1.3804e-05 1.3905e-05 1.3917e-05 1.3901e-05 1.37e-05 1.3712e-05 1.3903e-05 1.3914e-05 1.3842e-05 1.3827e-05 1.3756e-05 1.3685e-05 1.3817e-05 1.3836e-05 1.385e-05 1.3873e-05 1.3886e-05 1.3917e-05 1.3907e-05 1.3916e-05 1.3879e-05 1.3904e-05 1.3876e-05 1.39e-05 1.3916e-05 1.3881e-05 1.3916e-05 1.371e-05 1.388e-05 1.389e-05 1.3917e-05 1.3903e-05 1.353e-05 1.3909e-05 1.39e-05 1.38e-05 1.322e-05 1.1351e-05 1.0935e-05 9.9133e-06 9.8677e-06 8.8287e-06 7.8447e-06 1.024e-05 1.0205e-05 1.1506e-05 1.0173e-05 1.2797e-05
1.2014e-05 1.3894e-05 1.3068e-05 1.3472e-05 1.2903e-05 1.2393e-05 7.7711e-06 9.0293e-06 1.1449e-05 1.1132e-05 1.1154e-05 1.2589e-05 1.3036e-05 1.2911e-05 1.248e-05 1.1287e-05 1.3869e-05 1.3047e-05 1.2371e-05 1.3834e-05 1.3904e-05 1.3906e-05 1.3827e-05 1.3681e-05 1.3418e-05 1.3004e-05 1.2174e-05 1.0628e-05 9.0496e-06 8.5956e-06 9.0577e-06 9.6742e-06 9.8705e-06 1.0166e-05 1.033e-05 1.026e-05 1.0468e-05 1.05e-05 9.7328e-06 9.3679e-06 9.336e-06 9.967e-06 1.0368e-05 1.0746e-05 1.1315e-05 1.1941e-05 1.2361e-05 1.2663e-05 1.2864e-05 1.301e-05 1.303e-05 1.3365e-05 1.3506e-05 1.3512e-05 1.3271e-05 1.3174e-05 1.2835e-05 1.365e-05 1.3078e-05 1.373e-05 1.3901e-05 6.5044e-06 2.041e-06 7.8074e-08 -1.1791e-06 -8.2095e-07 5.9497e-07 -1.1491e-06 -1.0904e-06 1.2293e-05 1.2641e-05 1.0757e-05 1.1136e-05 1.0535e-05 6.3701e-06 6.5431e-06 5.1902e-06 6.6554e-06 7.744e-06 8.177e-06 7.8148e-06 7.7083e-06 8.0829e-06 6.734e-06 8.145e-06 8.5323e-06 8.4544e-06 9.4628e-06 1.0062e-05 1.0529e-05 1.0055e-05 1.1209e-05 1.1686e-05 1.2749e-05 1.3095e-05 1.3066e-05 1.3261e-05 1.3552e-05 1.3883e-05 1.3559e-05 1.3913e-05 1.3895e-05 1.3915e-05 1.3883e-05 1.3905e-05 1.3833e-05 1.3877e-05 1.3868e-05 1.3819e-05 1.3846e-05 1.3917e-05 1.3819e-05 1.3744e-05 1.3733e-05 1.3776e-05 1.3604e-05 1.3917e-05 1.3574e-05 1.3532e-05 1.3507e-05 1.3844e-05 1.3491e-05 1.3522e-05 1.363e-05 1.3272e-05 1.297e-05 1.2906e-05 1.252e-05 1.3556e-05 1.3825e-05 1.3893e-05 1.3752e-05 1.371e-05 1.3734e-05 1.3856e-05 1.3804e-05 1.3693e-05 1.3781e-05 1.3805e-05 1.3914e-05 1.389e-05 1.3801e-05 1.3822e-05 1.3812e-05 1.3741e-05 1.381e-05 1.3887e-05 1.3859e-05 1.3917e-05 1.3883e-05 1.3917e-05 1.3882e-05 1.3859e-05 1.3743e-05 1.3878e-05 1.3801e-05 1.39e-05 1.3799e-05 1.378e-05 1.3889e-05 1.3872e-05 1.39e-05 1.3904e-05 1.3916e-05 1.3775e-05 1.3682e-05 1.3776e-05 1.3754e-05 1.3522e-05 1.0735e-05 9.199e-06 4.7725e-06 7.014e-06 7.7748e-06 9.9956e-06 6.7676e-06 8.9609e-06 5.0575e-06 1.2853e-05 1.2446e-05
1.1315e-05 1.1776e-05 1.2677e-05 1.3269e-05 1.2852e-05 1.1573e-05 9.7437e-06 7.6995e-06 8.7832e-06 7.908e-06 9.5373e-06 1.168e-05 1.2155e-05 1.1586e-05 1.169e-05 1.138e-05 1.2881e-05 1.2994e-05 1.3269e-05 1.3685e-05 1.3866e-05 1.3914e-05 1.3842e-05 1.3681e-05 1.3342e-05 1.2784e-05 1.1776e-05 9.5852e-06 7.4329e-06 7.0988e-06 8.0791e-06 9.1837e-06 9.5632e-06 9.6724e-06 9.7686e-06 1.054e-05 1.0267e-05 1.022e-05 9.5586e-06 9.2648e-06 9.3129e-06 1.0689e-05 9.8477e-06 1.0409e-05 1.1013e-05 1.1582e-05 1.2126e-05 1.2447e-05 1.2682e-05 1.2848e-05 1.2895e-05 1.35e-05 1.3038e-05 1.3914e-05 3.2394e-06 6.8162e-06 6.1343e-06 1.3446e-05 -1.9777e-07 -1.3598e-06 4.6543e-06 1.3895e-05 1.3877e-05 1.3916e-05 3.2418e-06 1.7302e-06 6.2401e-06 6.0298e-06 1.3591e-05 -1.4527e-07 1.0726e-05 1.1585e-05 1.0479e-05 9.381e-06 8.8238e-06 6.5287e-06 7.2229e-06 5.2723e-06 3.9908e-06 7.2019e-06 7.5527e-06 7.4834e-06 7.7108e-06 7.7096e-06 8.9462e-06 8.5942e-06 7.7515e-06 9.0398e-06 1.0177e-05 8.6914e-06 9.7436e-06 1.0293e-05 1.1237e-05 1.2194e-05 1.0924e-05 1.2613e-05 1.3054e-05 1.3458e-05 1.3634e-05 1.363e-05 1.3668e-05 1.3845e-05 1.3917e-05 1.3894e-05 1.3839e-05 1.3914e-05 1.3853e-05 1.3844e-05 1.3798e-05 1.3765e-05 1.3783e-05 1.384e-05 1.365e-05 1.3832e-05 1.3786e-05 1.3872e-05 1.3873e-05 1.3794e-05 1.3663e-05 1.3759e-05 1.3723e-05 1.3472e-05 1.3641e-05 1.3646e-05 1.3837e-05 1.3461e-05 1.3368e-05 1.333e-05 1.359e-05 1.3761e-05 1.3824e-05 1.372e-05 1.3537e-05 1.3826e-05 1.3763e-05 1.3848e-05 1.3667e-05 1.376e-05 1.3916e-05 1.3914e-05 1.374e-05 1.3808e-05 1.3729e-05 1.3785e-05 1.3747e-05 1.3793e-05 1.391e-05 1.3916e-05 1.3912e-05 1.3917e-05 1.3915e-05 1.3881e-05 1.3909e-05 1.3863e-05 1.3776e-05 1.3788e-05 1.3917e-05 1.3917e-05 1.3855e-05 1.3804e-05 1.3901e-05 1.3874e-05 1.3913e-05 1.3894e-05 1.3911e-05 1.3211e-05 1.3131e-05 1.2761e-05 1.1684e-05 8.94e-06 7.5015e-06 6.0114e-06 5.5609e-06 6.1301e-06 6.4678e-06 5.4984e-06 4.6508e-06 6.161e-06 4.7505e-06 6.2765e-06
4.954e-06 7.1607e-06 4.4587e-06 4.2366e-06 1.0381e-05 1.0641e-05 9.3512e-06 7.2625e-06 8.6636e-06 8.5601e-06 9.5505e-06 9.8949e-06 9.6658e-06 1.1311e-05 1.0524e-05 1.0947e-05 1.1387e-05 1.2539e-05 1.2981e-05 1.351e-05 1.3815e-05 1.3908e-05 1.3864e-05 1.3681e-05 1.3225e-05 1.2668e-05 1.1735e-05 9.8257e-06 7.487e-06 6.5628e-06 6.8898e-06 9.1633e-06 9.452e-06 9.4667e-06 9.3701e-06 1.0091e-05 1.0004e-05 9.6781e-06 9.1676e-06 8.9173e-06 9.4175e-06 9.8054e-06 9.7408e-06 1.0325e-05 1.0829e-05 1.1314e-05 1.2086e-05 1.2305e-05 1.2518e-05 1.2745e-05 1.2629e-05 1.3251e-05 9.669e-06 5.1997e-06 -1.537e-06 -1.5672e-06 1.0804e-05 1.2132e-05 1.1891e-05 1.2981e-05 1.3529e-05 1.3663e-05 1.3813e-05 1.3885e-05 1.3896e-05 1.3913e-05 1.3872e-05 1.0738e-05 1.3079e-05 1.289e-05 -9.9973e-07 8.1416e-06 -1.0496e-06 5.9739e-06 8.0013e-06 3.9731e-06 3.8504e-06 5.775e-06 4.5851e-06 4.2872e-06 7.0298e-06 6.9958e-06 6.6522e-06 7.3892e-06 7.1149e-06 7.6313e-06 6.2532e-06 8.2393e-06 7.785e-06 9.1515e-06 9.1392e-06 8.0411e-06 1.0994e-05 1.1628e-05 1.2327e-05 1.2392e-05 1.219e-05 1.3044e-05 1.3906e-05 1.3887e-05 1.3626e-05 1.3558e-05 1.3883e-05 1.3917e-05 1.3912e-05 1.3838e-05 1.3824e-05 1.3851e-05 1.3762e-05 1.378e-05 1.3911e-05 1.3827e-05 1.3858e-05 1.3742e-05 1.3845e-05 1.3886e-05 1.3871e-05 1.3913e-05 1.3876e-05 1.3915e-05 1.3893e-05 1.3787e-05 1.381e-05 1.3851e-05 1.3917e-05 1.3461e-05 1.3581e-05 1.3236e-05 1.3583e-05 1.3614e-05 1.3811e-05 1.3864e-05 1.3602e-05 1.3725e-05 1.3699e-05 1.3902e-05 1.3793e-05 1.3913e-05 1.3884e-05 1.3876e-05 1.3626e-05 1.3699e-05 1.3802e-05 1.3745e-05 1.3729e-05 1.3753e-05 1.3825e-05 1.3796e-05 1.3897e-05 1.3902e-05 1.3916e-05 1.387e-05 1.3716e-05 1.3893e-05 1.3878e-05 1.3916e-05 1.3849e-05 1.3798e-05 1.3893e-05 1.364e-05 1.3838e-05 1.3433e-05 1.2984e-05 1.3501e-05 1.3242e-05 9.2572e-06 1.2929e-05 1.1756e-05 1.0758e-05 8.0213e-06 6.8857e-06 6.5353e-06 4.5499e-06 5.1013e-06 4.1455e-06 3.4646e-06 3.4084e-06 7.2877e-06 6.1553e-06 8.2095e-06
9.6723e-06 8.2091e-06 8.488e-06 5.9729e-06 4.2979e-06 9.6024e-06 7.1036e-06 8.6654e-06 7.0379e-06 6.3442e-06 8.6641e-06 8.0254e-06 9.4467e-06 9.9361e-06 9.8694e-06 1.0942e-05 1.0927e-05 1.1981e-05 1.2544e-05 1.3328e-05 1.3649e-05 1.3892e-05 1.3908e-05 1.3745e-05 1.3396e-05 1.2806e-05 1.1974e-05 1.1096e-05 7.7954e-06 6.9198e-06 6.928e-06 8.0944e-06 9.3138e-06 9.3189e-06 9.3957e-06 9.2672e-06 9.7357e-06 9.4871e-06 9.5287e-06 9.1843e-06 9.3315e-06 1.0042e-05 1.1965e-05 1.3472e-05 1.2478e-05 1.1383e-05 1.203e-05 1.2646e-05 1.259e-05 1.2991e-05 7.2291e-06 1.6534e-06 2.1399e-06 -1.4627e-06 5.6206e-06 1.2591e-05 1.1647e-05 1.3716e-05 1.2358e-05 1.348e-05 1.3654e-05 1.3742e-05 1.3912e-05 1.3914e-05 1.3834e-05 1.3708e-05 8.2498e-06 1.2694e-05 2.9505e-06 1.1618e-05 -1.1048e-06 -1.13e-06 -1.4053e-06 1.1148e-07 1.4377e-06 3.6989e-06 6.927e-06 5.3269e-06 5.0792e-06 1.5536e-06 4.26e-06 7.2046e-06 6.2669e-06 6.0577e-06 6.4919e-06 6.2565e-06 5.0429e-06 7.8515e-06 7.5455e-06 7.5419e-06 6.3865e-06 9.9966e-06 1.003e-05 1.0423e-05 1.1671e-05 1.2568e-05 1.2347e-05 1.2941e-05 1.3749e-05 1.3807e-05 1.3578e-05 1.3729e-05 1.3908e-05 1.387e-05 1.3883e-05 1.3908e-05 1.3834e-05 1.3914e-05 1.3136e-05 1.2401e-05 1.3862e-05 1.3917e-05 1.3894e-05 1.391e-05 1.3903e-05 1.3873e-05 1.3879e-05 1.3899e-05 1.3915e-05 1.391e-05 1.3907e-05 1.3914e-05 1.3908e-05 1.3916e-05 1.3914e-05 1.3917e-05 1.3863e-05 1.3642e-05 1.3582e-05 1.3585e-05 1.3833e-05 1.3917e-05 1.3619e-05 1.3916e-05 1.3916e-05 1.3757e-05 1.3892e-05 1.3791e-05 1.3912e-05 1.3852e-05 1.364e-05 1.3599e-05 1.3431e-05 1.3645e-05 1.3643e-05 1.3794e-05 1.3838e-05 1.3536e-05 1.3641e-05 1.3875e-05 1.3823e-05 1.3892e-05 1.3724e-05 1.3916e-05 1.3791e-05 1.3865e-05 1.3758e-05 1.3333e-05 1.3756e-05 1.3524e-05 1.2854e-05 9.3185e-06 7.3663e-06 1.039e-05 1.0638e-05 7.3602e-06 7.6619e-06 8.6478e-06 7.1776e-06 6.8248e-06 5.8846e-06 4.8954e-06 3.9497e-06 1.2592e-06 2.4391e-06 2.6712e-06 6.9546e-06 1.3561e-05 6.3852e-06 7.3795e-06
6.8676e-06 7.2364e-06 7.9639e-06 7.966e-06 2.0607e-06 3.3718e-06 6.0821e-06 5.5858e-06 3.1607e-06 4.776e-06 5.5862e-06 7.2832e-06 8.4276e-06 8.6332e-06 8.753e-06 8.3327e-06 8.913e-06 1.0915e-05 1.2036e-05 1.2881e-05 1.3475e-05 1.3815e-05 1.3916e-05 1.3808e-05 1.3503e-05 1.309e-05 1.2466e-05 1.1847e-05 8.3784e-06 6.5563e-06 6.7231e-06 7.6128e-06 8.9661e-06 9.2306e-06 9.4139e-06 9.6533e-06 9.1741e-06 9.1936e-06 9.6677e-06 9.1987e-06 1.2886e-05 1.3136e-05 1.0321e-05 1.3903e-05 1.365e-05 1.3873e-05 1.3869e-05 1.0032e-05 9.3381e-06 1.3126e-05 1.3728e-05 1.2282e-05 1.3762e-05 -1.0646e-06 8.7548e-06 6.7627e-06 4.5528e-06 1.3909e-05 1.3354e-05 1.3754e-05 1.3814e-05 1.3828e-05 1.3908e-05 1.3916e-05 1.2117e-05 4.9954e-06 3.9541e-06 6.3434e-06 1.3634e-05 1.342e-05 5.0258e-06 -1.2273e-06 -1.1061e-06 -1.2691e-07 -8.6098e-07 1.0811e-07 1.8098e-06 6.241e-06 6.4842e-06 5.0948e-06 4.6529e-06 5.5026e-06 5.1348e-06 6.6754e-06 6.1542e-06 6.8174e-06 7.7413e-06 8.4631e-06 8.7609e-06 8.2057e-06 8.687e-06 7.9115e-06 1.0048e-05 1.0462e-05 1.0586e-05 1.0283e-05 1.0267e-05 1.2405e-05 1.3451e-05 1.321e-05 1.3906e-05 1.3913e-05 1.3881e-05 1.3866e-05 1.3853e-05 1.3914e-05 1.3889e-05 1.3915e-05 1.3913e-05 1.3916e-05 1.3904e-05 1.3909e-05 1.3875e-05 1.3843e-05 1.3869e-05 1.3873e-05 1.3871e-05 1.3897e-05 1.3885e-05 1.3915e-05 1.3878e-05 1.382e-05 1.3862e-05 1.3771e-05 1.3904e-05 1.3853e-05 1.391e-05 1.3875e-05 1.3601e-05 1.3593e-05 1.3696e-05 1.3778e-05 1.3808e-05 1.3769e-05 1.3903e-05 1.3914e-05 1.3912e-05 1.3893e-05 1.3914e-05 1.3806e-05 1.3589e-05 1.364e-05 1.3277e-05 1.3343e-05 1.3419e-05 1.3344e-05 1.3134e-05 1.3157e-05 1.3215e-05 1.2668e-05 1.3734e-05 1.3657e-05 1.3747e-05 1.3916e-05 1.3852e-05 1.3438e-05 9.3881e-06 1.1933e-05 1.1734e-05 1.1908e-05 9.2865e-06 7.4553e-06 8.0616e-06 8.9313e-06 5.6721e-06 3.9944e-06 5.3797e-06 4.2169e-06 4.0319e-06 4.2882e-06 4.0646e-06 4.1527e-06 3.2582e-06 2.1087e-06 1.2601e-06 1.2146e-06 3.4157e-06 4.8613e-06 5.4421e-06 6.7887e-06
6.3692e-06 5.6044e-06 4.8516e-06 5.1763e-06 6.6461e-06 1.767e-06 2.1334e-06 2.2323e-06 1.5463e-06 4.222e-06 5.7064e-06 8.6584e-06 7.5664e-06 6.7109e-06 5.4605e-06 4.6474e-06 4.6616e-06 7.0099e-06 1.1516e-05 1.1611e-05 1.2894e-05 1.3508e-05 1.3839e-05 1.3902e-05 1.3736e-05 1.3393e-05 1.2939e-05 1.2067e-05 1.0778e-05 9.0197e-06 7.7947e-06 7.9961e-06 8.9732e-06 9.1146e-06 9.5075e-06 9.7935e-06 9.7699e-06 1.0907e-05 1.0089e-05 9.3998e-06 9.7882e-06 1.0134e-05 1.0641e-05 1.3787e-05 1.3305e-05 1.3272e-05 1.3535e-05 1.3902e-05 1.3297e-05 1.2568e-05 1.2105e-05 1.3742e-05 1.0022e-05 8.7456e-06 1.1461e-05 1.2648e-05 1.3002e-05 1.382e-05 8.7652e-06 8.0829e-06 1.3891e-05 1.3914e-05 1.3916e-05 1.3913e-05 1.3491e-05 1.3815e-05 1.2894e-05 1.3602e-05 1.352e-05 1.3087e-05 1.1453e-05 7.7668e-06 9.3635e-07 9.2396e-06 9.4276e-06 9.5255e-07 -1.9051e-07 7.8977e-07 7.9649e-06 6.8271e-06 2.0064e-06 3.7921e-06 4.2154e-06 5.1624e-06 5.6709e-06 6.9058e-06 8.0358e-06 7.931e-06 6.9313e-06 7.7805e-06 8.5087e-06 8.9716e-06 8.3082e-06 1.058e-05 1.0543e-05 9.8817e-06 1.0253e-05 1.0435e-05 1.1856e-05 1.149e-05 1.3437e-05 1.3913e-05 1.3913e-05 1.3877e-05 1.3709e-05 1.387e-05 1.39e-05 1.3911e-05 1.389e-05 1.3916e-05 1.3686e-05 1.3617e-05 1.3748e-05 1.3898e-05 1.3854e-05 1.3873e-05 1.3786e-05 1.3867e-05 1.3774e-05 1.3917e-05 1.387e-05 1.3917e-05 1.389e-05 1.3894e-05 1.3917e-05 1.3904e-05 1.3786e-05 1.3916e-05 1.3703e-05 1.3652e-05 1.377e-05 1.3917e-05 1.3913e-05 1.3837e-05 1.3916e-05 1.3896e-05 1.3727e-05 1.3805e-05 1.3741e-05 1.363e-05 1.3722e-05 1.3476e-05 1.2526e-05 1.2358e-05 1.2801e-05 1.2966e-05 1.0776e-05 1.1901e-05 1.3098e-05 1.346e-05 1.3873e-05 1.3906e-05 1.3648e-05 1.3748e-05 1.3807e-05 1.3242e-05 5.1003e-06 9.0936e-06 -4.2314e-07 4.8688e-06 6.4732e-06 8.2449e-06 8.1688e-06 5.1909e-06 5.1682e-06 2.8565e-06 2.7804e-06 3.2738e-06 3.2794e-06 2.7524e-06 2.4558e-06 2.6219e-06 1.5617e-06 1.6352e-06 1.6561e-06 1.3712e-06 1.2363e-06 2.3782e-06 3.811e-06 5.1793e-06
5.0545e-06 5.3812e-06 3.9303e-06 3.6788e-06 4.6454e-06 4.7768e-07 4.2765e-07 1.0168e-06 3.046e-06 2.1916e-06 7.1441e-06 1.0445e-05 5.2401e-06 1.7255e-06 2.0832e-06 1.3397e-06 7.7538e-06 1.1341e-05 7.1665e-06 9.5465e-06 1.1152e-05 1.2968e-05 1.3235e-05 1.3822e-05 1.3895e-05 1.3678e-05 1.333e-05 1.2524e-05 1.1809e-05 1.0385e-05 9.3127e-06 9.116e-06 8.8131e-06 8.7809e-06 9.6171e-06 1.01e-05 1.0474e-05 1.0674e-05 1.0722e-05 1.0249e-05 1.0028e-05 1.0677e-05 1.1111e-05 1.208e-05 1.2389e-05 1.2442e-05 1.304e-05 1.3074e-05 1.2918e-05 1.2631e-05 1.2371e-05 1.2144e-05 1.2651e-05 1.3703e-05 1.3917e-05 1.314e-05 1.3596e-05 1.3847e-05 1.3915e-05 3.5156e-06 1.3889e-05 1.38e-05 1.3818e-05 1.3597e-05 1.3526e-05 1.3378e-05 9.6647e-06 1.2751e-05 1.235e-05 1.1129e-05 1.0055e-05 9.0297e-06 -1.1556e-06 6.487e-06 7.1976e-06 1.8606e-06 3.5681e-06 2.6673e-06 5.6807e-06 5.2062e-06 4.1002e-06 4.1122e-06 2.0156e-06 3.7559e-06 5.4024e-06 6.2467e-06 5.5969e-06 6.7995e-06 6.9321e-06 7.3201e-06 7.7539e-06 8.5627e-06 9.1229e-06 9.3883e-06 1.0096e-05 1.0315e-05 1.2119e-05 1.0363e-05 1.0407e-05 1.0179e-05 1.306e-05 1.3753e-05 1.387e-05 1.3797e-05 1.3567e-05 1.3874e-05 1.3826e-05 1.371e-05 1.376e-05 1.3758e-05 1.355e-05 1.3546e-05 1.3784e-05 1.3901e-05 1.3917e-05 1.3824e-05 1.3689e-05 1.3785e-05 1.3871e-05 1.3917e-05 1.3915e-05 1.3915e-05 1.3912e-05 1.3863e-05 1.3884e-05 1.3914e-05 1.3906e-05 1.3762e-05 1.3723e-05 1.3507e-05 1.3839e-05 1.3761e-05 1.3822e-05 1.3872e-05 1.3636e-05 1.2236e-05 1.3852e-05 1.3236e-05 1.3443e-05 1.3715e-05 1.3456e-05 1.3352e-05 1.1452e-05 1.1444e-05 1.2718e-05 1.0056e-05 1.0941e-05 1.2531e-05 1.321e-05 1.3585e-05 1.3894e-05 1.3832e-05 1.3872e-05 1.3784e-05 1.3589e-05 1.1734e-05 5.0732e-06 5.0334e-06 4.6771e-06 7.0144e-06 4.2976e-06 4.9439e-06 5.1846e-06 5.6795e-06 4.4659e-06 2.6406e-06 3.5514e-06 5.0852e-06 1.6452e-06 1.4354e-06 1.6188e-06 1.1316e-06 9.3152e-07 7.6108e-07 7.9981e-07 7.6317e-07 1.0363e-06 1.5189e-06 3.1628e-06 3.4916e-06
3.0168e-06 3.4617e-06 3.1219e-06 2.1401e-06 1.7042e-06 3.666e-07 3.1426e-07 1.2688e-06 1.8543e-06 5.0467e-06 8.0548e-06 1.1113e-05 4.4834e-06 1.9674e-06 5.8164e-07 3.6826e-06 7.0595e-06 5.0622e-06 5.8047e-06 9.2908e-06 1.016e-05 1.1406e-05 1.2401e-05 1.3398e-05 1.3862e-05 1.3831e-05 1.3494e-05 1.2922e-05 1.2254e-05 1.1477e-05 1.033e-05 9.6932e-06 8.2807e-06 7.0914e-06 9.8611e-06 1.0347e-05 1.0654e-05 1.0962e-05 1.1148e-05 1.1191e-05 1.1245e-05 1.2166e-05 1.253e-05 1.2831e-05 1.3063e-05 1.3498e-05 1.369e-05 1.3796e-05 1.3882e-05 1.3916e-05 1.3851e-05 1.3643e-05 2.7646e-06 1.3158e-05 1.3262e-05 1.3481e-05 1.3886e-05 1.3915e-05 1.3903e-05 1.2146e-05 1.3771e-05 1.3547e-05 1.3494e-05 1.3524e-05 1.3193e-05 1.2999e-05 1.303e-05 9.6096e-06 9.1158e-06 9.6181e-06 4.0754e-06 8.5997e-06 -4.7731e-07 -7.0175e-07 4.5062e-06 4.439e-06 5.4213e-06 5.0942e-06 4.7105e-06 3.3162e-06 1.0095e-06 1.833e-06 2.5355e-06 4.8895e-06 4.5654e-06 4.8351e-06 5.7341e-06 6.8111e-06 7.4826e-06 7.7461e-06 7.4494e-06 6.7818e-06 8.3887e-06 8.7409e-06 9.8479e-06 1.0269e-05 1.2446e-05 1.0472e-05 1.0541e-05 1.0303e-05 1.2994e-05 1.3344e-05 1.3577e-05 1.3752e-05 1.355e-05 1.3636e-05 1.3683e-05 1.3504e-05 1.3442e-05 1.3355e-05 1.3135e-05 1.3188e-05 1.3852e-05 1.3912e-05 1.3914e-05 1.3889e-05 1.3792e-05 1.3773e-05 1.3872e-05 1.3883e-05 1.3874e-05 1.3911e-05 1.3917e-05 1.3893e-05 1.3908e-05 1.3896e-05 1.3834e-05 1.3752e-05 1.2985e-05 1.3284e-05 1.3681e-05 1.39e-05 1.3704e-05 1.3585e-05 1.2352e-05 1.2542e-05 1.3081e-05 1.0028e-05 1.3353e-05 1.3563e-05 1.3275e-05 1.2997e-05 1.1081e-05 1.0857e-05 1.0608e-05 9.7691e-06 1.0346e-05 1.326e-05 1.2785e-05 1.356e-05 1.3671e-05 1.3586e-05 1.2308e-05 1.211e-05 1.0691e-05 5.2594e-06 3.2616e-06 2.3262e-06 3.4773e-06 3.7228e-06 1.7667e-06 2.5877e-06 4.2148e-06 4.3896e-06 2.4988e-06 3.2421e-06 5.3324e-06 3.2844e-06 1.7886e-06 1.29e-06 1.1494e-06 1.0199e-06 9.779e-07 7.2242e-07 6.4607e-07 7.2111e-07 1.3056e-06 1.2433e-06 1.9937e-06 2.7072e-06
2.4984e-06 3.3151e-06 2.1505e-06 9.0703e-07 1.3148e-06 8.1404e-07 2.9045e-07 -1.5157e-07 1.6448e-06 3.936e-06 7.4112e-06 7.265e-06 2.6517e-06 5.8913e-07 5.2449e-07 1.814e-06 3.0251e-06 4.0159e-06 9.5006e-06 6.8851e-06 9.0725e-06 9.0807e-06 1.2248e-05 1.3642e-05 1.3908e-05 1.3917e-05 1.3729e-05 1.3101e-05 1.2349e-05 1.2058e-05 1.1601e-05 1.1002e-05 8.6621e-06 6.7242e-06 7.2414e-06 1.0688e-05 1.0861e-05 1.1009e-05 1.1372e-05 1.1743e-05 1.2184e-05 1.252e-05 1.2756e-05 1.3052e-05 1.3378e-05 1.3704e-05 1.3846e-05 1.3916e-05 1.3778e-05 1.3309e-05 1.3804e-05 1.3104e-05 1.2942e-05 1.3279e-05 1.3512e-05 1.3832e-05 1.3917e-05 1.3808e-05 1.3766e-05 1.3263e-05 1.359e-05 1.3327e-05 1.1652e-05 1.3327e-05 1.3101e-05 1.2799e-05 1.3092e-05 6.4893e-06 1.1472e-05 1.0064e-05 7.7798e-06 -1.7504e-09 -1.5038e-06 -1.4519e-06 6.5916e-06 5.4095e-06 5.2374e-06 4.7053e-06 6.3815e-06 6.6588e-07 6.2791e-06 8.9625e-07 3.6764e-06 5.2967e-06 3.6813e-06 4.0603e-06 5.5292e-06 6.9485e-06 6.3318e-06 7.5257e-06 7.6916e-06 7.0948e-06 8.1244e-06 8.2061e-06 8.5566e-06 9.9646e-06 1.0396e-05 1.1881e-05 1.1754e-05 1.2393e-05 1.249e-05 1.2316e-05 1.2927e-05 1.217e-05 1.3472e-05 1.3698e-05 1.3643e-05 1.2852e-05 1.3174e-05 1.3231e-05 1.3226e-05 1.373e-05 1.3578e-05 1.3732e-05 1.3906e-05 1.3917e-05 1.3871e-05 1.3875e-05 1.3917e-05 1.3823e-05 1.3893e-05 1.3915e-05 1.3905e-05 1.3899e-05 1.39e-05 1.387e-05 1.3784e-05 1.3567e-05 1.3496e-05 1.3206e-05 1.2047e-05 1.2645e-05 1.1002e-05 1.115e-05 1.0588e-05 1.1051e-05 1.2135e-05 1.2312e-05 1.1562e-05 1.2552e-05 1.0947e-05 1.0636e-05 9.1435e-06 9.2753e-06 8.7952e-06 1.0587e-05 1.267e-05 1.2828e-05 1.2667e-05 1.3296e-05 1.2793e-05 1.1403e-05 7.2883e-06 6.0438e-06 5.6567e-06 5.0196e-06 3.129e-06 2.1903e-06 2.6494e-06 1.8408e-06 2.5019e-06 2.499e-06 3.1608e-06 2.0683e-06 2.2837e-06 3.0488e-06 4.1273e-06 2.09e-06 1.5585e-06 1.3448e-06 1.1097e-06 9.2713e-07 9.162e-07 7.9454e-07 7.3807e-07 7.3204e-07 6.7412e-07 9.3666e-07 1.2263e-06 1.7035e-06
6.2257e-07 9.7754e-07 7.9364e-07 4.3346e-07 7.7416e-08 -6.7046e-08 4.38e-08 3.0062e-07 6.6784e-07 3.8592e-06 4.9475e-06 4.4838e-06 4.0024e-07 8.3303e-09 9.3266e-08 7.6797e-07 1.4392e-06 6.6219e-06 7.444e-06 5.1498e-06 6.4955e-06 1.072e-05 1.285e-05 1.3786e-05 1.3902e-05 1.3733e-05 1.3901e-05 1.2584e-05 1.2379e-05 1.2484e-05 1.2344e-05 1.2482e-05 1.1986e-05 8.3883e-06 9.9336e-06 1.1025e-05 1.0757e-05 1.0889e-05 1.1453e-05 1.1961e-05 1.24e-05 1.2634e-05 1.2822e-05 1.2803e-05 1.3651e-05 1.3852e-05 1.3911e-05 1.381e-05 1.3542e-05 1.191e-05 1.1755e-05 1.3916e-05 1.3787e-05 1.3871e-05 1.3915e-05 1.3825e-05 1.3673e-05 1.356e-05 1.3464e-05 1.2939e-05 1.3039e-05 1.3303e-05 1.3627e-05 1.1382e-05 1.0706e-05 1.234e-05 1.1859e-05 9.8256e-06 9.4632e-06 7.8772e-06 7.0826e-06 5.8728e-06 -9.2607e-07 -1.1594e-06 -2.7135e-07 9.5447e-07 4.5583e-07 1.2817e-06 2.2024e-06 2.2231e-06 4.8387e-06 5.6223e-06 3.542e-06 4.6063e-06 5.2609e-06 3.5345e-06 5.9369e-06 7.4187e-06 6.7813e-06 6.8982e-06 6.2899e-06 7.0368e-06 7.4323e-06 8.1125e-06 8.716e-06 9.7919e-06 9.9805e-06 1.1139e-05 1.0518e-05 1.1348e-05 1.1364e-05 1.1361e-05 1.142e-05 1.2249e-05 1.2236e-05 1.3482e-05 1.3035e-05 1.195e-05 1.0428e-05 1.3285e-05 1.306e-05 1.3489e-05 1.3816e-05 1.3834e-05 1.3885e-05 1.3644e-05 1.3794e-05 1.3797e-05 1.3905e-05 1.3804e-05 1.3876e-05 1.3907e-05 1.391e-05 1.3884e-05 1.3878e-05 1.3848e-05 1.3699e-05 1.3549e-05 1.3177e-05 1.2927e-05 9.6554e-06 7.121e-06 5.2824e-06 4.3505e-06 2.0885e-06 4.705e-06 1.0187e-05 1.076e-05 1.1482e-05 1.0151e-05 9.9433e-06 8.833e-06 8.1121e-06 8.9469e-06 9.321e-06 1.1538e-05 1.1766e-05 1.2298e-05 1.2672e-05 1.3293e-05 1.0486e-05 5.1519e-06 5.7611e-06 6.7801e-06 6.25e-06 3.3665e-06 2.6326e-06 2.0481e-06 1.8634e-06 1.5035e-06 2.7576e-06 1.5715e-06 1.9836e-06 1.6838e-06 1.8504e-06 2.666e-06 2.3168e-06 1.6931e-06 1.4984e-06 1.3724e-06 1.3048e-06 1.0233e-06 9.0527e-07 8.6571e-07 8.8088e-07 7.6569e-07 6.9067e-07 6.1318e-07 5.4311e-07 4.9868e-07
6.7235e-07 3.2278e-07 -3.2676e-07 2.9725e-07 -1.73e-07 -2.1449e-07 -4.3623e-08 3.5431e-08 3.3419e-07 1.672e-06 2.5288e-06 3.0382e-06 -3.5455e-08 -3.4607e-07 -3.497e-07 -1.69e-08 3.0379e-06 7.7676e-06 3.3365e-06 4.2083e-06 7.5946e-06 1.2376e-05 1.3562e-05 1.386e-05 1.3688e-05 1.3585e-05 1.3781e-05 1.3688e-05 1.2496e-05 1.2396e-05 1.2614e-05 1.3013e-05 1.3238e-05 1.2959e-05 1.2083e-05 1.1406e-05 1.0558e-05 1.0351e-05 1.1604e-05 1.2252e-05 1.2662e-05 1.2873e-05 1.2977e-05 1.2751e-05 1.3761e-05 1.3902e-05 1.3739e-05 1.3476e-05 1.2797e-05 1.0666e-05 9.4215e-06 1.3766e-05 1.3781e-05 1.3515e-05 1.323e-05 1.2819e-05 1.2956e-05 1.2856e-05 1.2728e-05 1.2261e-05 1.1071e-05 1.2656e-05 1.3397e-05 1.3098e-05 1.2468e-05 1.0794e-05 9.6282e-06 9.0207e-06 8.6991e-06 6.6582e-06 4.1811e-06 -3.9769e-07 4.0217e-06 9.1127e-07 -1.0739e-06 -3.3783e-07 1.463e-06 4.1514e-06 4.9429e-06 4.7093e-06 5.8295e-06 4.3602e-06 5.3592e-06 4.7039e-06 3.277e-06 4.8768e-06 5.2047e-06 7.0237e-06 6.5479e-06 7.0029e-06 7.3258e-06 7.2019e-06 8.7224e-06 8.9855e-06 9.1948e-06 9.3347e-06 9.5454e-06 9.4618e-06 1.0171e-05 1.1222e-05 1.1198e-05 1.1327e-05 1.169e-05 1.1411e-05 1.1757e-05 1.1882e-05 1.1663e-05 1.2039e-05 1.1726e-05 1.3512e-05 1.3287e-05 1.3897e-05 1.3834e-05 1.3876e-05 1.3781e-05 1.3862e-05 1.385e-05 1.3774e-05 1.3816e-05 1.3822e-05 1.3873e-05 1.3903e-05 1.3915e-05 1.3909e-05 1.3621e-05 1.3809e-05 1.3711e-05 1.3402e-05 1.2783e-05 1.1304e-05 7.2338e-06 -9.1933e-07 -1.1311e-06 -1.1357e-06 -1.0751e-06 -7.429e-07 6.3096e-07 6.1801e-06 7.7798e-06 8.2397e-06 8.5195e-06 7.0083e-06 7.8319e-06 9.2753e-06 9.03e-06 1.1093e-05 1.1809e-05 1.1653e-05 1.3074e-05 1.2879e-05 5.3316e-06 5.8752e-06 4.9064e-06 4.6522e-06 3.9561e-06 3.6693e-06 2.3581e-06 1.9095e-06 1.5804e-06 1.5205e-06 1.7025e-06 1.882e-06 1.6265e-06 1.6517e-06 1.633e-06 1.6662e-06 1.6677e-06 1.7397e-06 1.499e-06 1.4717e-06 1.4711e-06 1.2292e-06 1.0768e-06 9.9268e-07 9.3304e-07 7.882e-07 6.6888e-07 6.1032e-07 5.2339e-07 4.0802e-07
4.7923e-07 2.6894e-07 1.1378e-07 4.8209e-08 -1.6909e-07 -2.3082e-07 -2.0778e-07 -1.5649e-07 2.4361e-08 7.1975e-07 1.7949e-06 5.5938e-07 -3.8296e-07 -5.6098e-07 -6.1005e-07 -1.1352e-07 3.7646e-06 1.603e-06 1.9857e-06 3.9983e-06 9.3525e-06 1.1994e-05 1.1623e-05 1.2503e-05 1.2916e-05 1.3037e-05 1.3555e-05 1.3916e-05 1.208e-05 1.2252e-05 1.2613e-05 1.334e-05 1.3541e-05 1.3364e-05 1.2821e-05 1.1898e-05 9.5147e-06 9.4957e-06 1.2126e-05 1.2618e-05 1.2896e-05 1.3059e-05 1.3165e-05 1.338e-05 1.3915e-05 1.3859e-05 1.3661e-05 1.3207e-05 1.24e-05 1.101e-05 9.2445e-06 8.8994e-06 1.2963e-05 1.3032e-05 1.3041e-05 1.2958e-05 1.2585e-05 1.2134e-05 1.1639e-05 1.1176e-05 1.089e-05 1.178e-05 1.3071e-05 1.1833e-05 1.01e-05 9.3765e-06 8.1311e-06 7.529e-06 7.1009e-06 5.6072e-06 3.4258e-06 -5.1883e-07 -1.2406e-06 -4.8279e-07 -1.0554e-06 3.6243e-06 4.0881e-06 4.6409e-06 1.7954e-06 1.3447e-06 2.1833e-06 4.7018e-06 4.3034e-06 3.8728e-06 4.811e-06 6.141e-06 6.0732e-06 7.1038e-06 6.4566e-06 7.5576e-06 7.0564e-06 7.4962e-06 7.728e-06 7.0843e-06 9.2673e-06 9.7181e-06 1.0173e-05 9.2759e-06 1.0616e-05 1.1728e-05 1.1728e-05 1.1512e-05 1.1114e-05 1.163e-05 1.188e-05 1.1076e-05 1.263e-05 1.012e-05 1.1701e-05 1.1407e-05 1.2787e-05 1.3533e-05 1.3673e-05 1.3903e-05 1.3879e-05 1.3839e-05 1.3875e-05 1.3816e-05 1.3812e-05 1.3794e-05 1.3884e-05 1.3863e-05 1.3913e-05 1.367e-05 1.3118e-05 1.385e-05 1.37e-05 1.3271e-05 1.1294e-05 5.9314e-06 -7.8386e-07 -1.2578e-06 -1.2002e-06 -1.1756e-06 -1.168e-06 -1.0596e-06 -9.9962e-07 -9.1623e-08 5.7938e-06 6.0372e-06 5.5879e-06 6.6198e-06 8.4587e-06 8.0691e-06 1.1053e-05 1.2197e-05 1.1835e-05 1.0385e-05 1.1543e-05 1.1645e-05 6.0876e-06 4.2078e-06 3.7629e-06 3.123e-06 2.5904e-06 2.9133e-06 1.7695e-06 1.509e-06 1.7552e-06 1.4812e-06 1.367e-06 1.7726e-06 1.6499e-06 1.7045e-06 1.5563e-06 1.5744e-06 1.704e-06 1.7142e-06 1.7618e-06 1.7277e-06 1.6396e-06 1.908e-06 1.2825e-06 1.0705e-06 1.159e-06 7.7754e-07 5.922e-07 4.9717e-07 4.4253e-07 3.4335e-07
2.3392e-07 -5.3105e-08 5.0702e-07 3.0753e-07 -2.5182e-07 -2.1513e-07 -2.4868e-07 -1.6751e-07 -3.7957e-07 4.1049e-07 1.2465e-06 -2.326e-07 -6.39e-07 -7.2965e-07 -6.7151e-07 4.4683e-07 1.5067e-06 4.689e-07 2.211e-06 6.3364e-06 7.2838e-06 8.8651e-06 9.5162e-06 1.0462e-05 1.1432e-05 1.2481e-05 1.3207e-05 1.3914e-05 1.2656e-05 1.256e-05 1.3109e-05 1.3712e-05 1.3705e-05 1.3807e-05 1.3561e-05 1.2381e-05 8.859e-06 7.2881e-06 1.1369e-05 1.2901e-05 1.3048e-05 1.3242e-05 1.3423e-05 1.3674e-05 1.3907e-05 1.3854e-05 1.3591e-05 1.3023e-05 1.2314e-05 1.0835e-05 9.1836e-06 8.7791e-06 9.8277e-06 1.2432e-05 1.2616e-05 1.2585e-05 1.2207e-05 1.1653e-05 1.1162e-05 1.0431e-05 9.6453e-06 1.0205e-05 1.0971e-05 1.0604e-05 9.9067e-06 7.7628e-06 5.4878e-06 5.1992e-06 4.764e-06 2.5482e-06 -4.7304e-07 -6.4468e-07 -3.8648e-07 -1.1803e-06 2.12e-06 2.342e-06 1.9456e-06 2.526e-06 1.2241e-06 4.012e-06 3.9786e-06 4.442e-06 4.8321e-06 4.2696e-06 3.8125e-06 4.9321e-06 5.5177e-06 4.5963e-06 5.5492e-06 5.429e-06 6.7995e-06 7.2659e-06 8.0678e-06 7.624e-06 8.5537e-06 6.9387e-06 9.2657e-06 1.0101e-05 1.0413e-05 1.0005e-05 1.0091e-05 1.2102e-05 1.274e-05 1.2925e-05 1.1353e-05 1.0718e-05 1.0382e-05 1.221e-05 1.2448e-05 1.2854e-05 1.2992e-05 1.2954e-05 1.3315e-05 1.3016e-05 1.352e-05 1.3765e-05 1.3842e-05 1.3822e-05 1.3821e-05 1.3906e-05 1.3855e-05 1.3879e-05 1.3917e-05 1.2588e-05 1.3794e-05 1.385e-05 1.3572e-05 1.274e-05 9.7626e-06 1.8481e-06 -1.0275e-06 -1.2949e-06 -1.3036e-06 -1.2776e-06 -1.2123e-06 -1.1541e-06 -1.0825e-06 -8.0561e-07 4.3918e-07 2.6208e-06 4.1475e-06 4.2078e-06 8.5251e-06 9.9027e-06 1.0011e-05 1.0464e-05 8.3906e-06 7.0945e-06 8.0121e-06 7.9098e-06 4.8319e-06 3.0688e-06 2.0949e-06 3.1187e-06 1.84e-06 1.3379e-06 1.6982e-06 1.7673e-06 2.1322e-06 2.0374e-06 5.5289e-07 2.4414e-06 2.6397e-06 2.285e-06 1.8317e-06 1.6271e-06 2.1441e-06 1.9462e-06 2.4056e-06 2.2576e-06 2.2326e-06 1.4051e-06 1.3309e-06 1.049e-06 1.2827e-06 8.0096e-07 5.9773e-07 4.5189e-07 3.5014e-07 3.6032e-07
5.4743e-08 8.1971e-08 1.0402e-07 1.0864e-07 -3.9009e-07 -3.9868e-07 -5.0443e-07 -4.4117e-07 -6.9727e-07 -5.4573e-07 -2.7987e-07 -8.1601e-07 -8.7712e-07 -8.276e-07 -7.4499e-07 -6.3764e-07 3.2752e-07 2.6914e-07 2.2656e-06 5.0166e-06 6.2424e-06 7.1828e-06 8.8872e-06 1.033e-05 1.1592e-05 1.2395e-05 1.3371e-05 1.3916e-05 1.3707e-05 1.3841e-05 1.3819e-05 1.3816e-05 1.3827e-05 1.3833e-05 1.3869e-05 1.3829e-05 9.5642e-06 7.1073e-06 6.5695e-06 1.2885e-05 1.3186e-05 1.3382e-05 1.3583e-05 1.3784e-05 1.3907e-05 1.3831e-05 1.3415e-05 1.2844e-05 1.1834e-05 1.0865e-05 9.5209e-06 8.6011e-06 8.8302e-06 1.1775e-05 1.2143e-05 1.2185e-05 1.1753e-05 1.1121e-05 1.0726e-05 1.0058e-05 9.3787e-06 1.0644e-05 1.1077e-05 8.9467e-06 7.4878e-06 6.0156e-06 3.582e-06 2.3918e-06 1.4771e-06 2.1041e-06 -1.171e-06 -8.7691e-07 2.3007e-06 -1.2247e-06 -4.0839e-07 2.5513e-06 -6.3045e-07 3.3013e-06 4.0653e-06 2.9398e-06 4.2417e-06 4.6676e-06 5.3983e-06 5.8086e-06 4.8911e-06 4.5572e-06 3.7835e-06 4.5853e-06 4.9718e-06 5.406e-06 6.7037e-06 7.0775e-06 6.9594e-06 6.9869e-06 6.2447e-06 8.5586e-06 7.2429e-06 1.0106e-05 9.7233e-06 9.3877e-06 1.0045e-05 1.0248e-05 1.1516e-05 1.2828e-05 1.0787e-05 1.1158e-05 7.0374e-06 1.1228e-05 9.4233e-06 1.3008e-05 1.2472e-05 1.261e-05 1.2746e-05 1.2248e-05 1.3e-05 1.3661e-05 1.3843e-05 1.3689e-05 1.3475e-05 1.3868e-05 1.3782e-05 1.3833e-05 1.39e-05 1.3915e-05 1.3887e-05 1.3639e-05 1.314e-05 1.1815e-05 7.1946e-06 6.9322e-07 -1.2926e-06 -1.3344e-06 -1.364e-06 -1.2852e-06 -1.1701e-06 -1.1595e-06 -1.0224e-06 -9.1536e-07 -1.9148e-07 1.7105e-06 2.8226e-06 8.1151e-06 6.7401e-06 7.7216e-06 8.9775e-06 6.4453e-06 4.6794e-06 3.7833e-06 3.8063e-06 3.4734e-06 2.5824e-06 1.673e-06 8.9945e-07 7.7692e-07 1.34e-06 1.0296e-06 1.3854e-06 1.3944e-06 2.3188e-06 2.8424e-06 3.5713e-06 4.4237e-06 4.1382e-06 3.8477e-06 3.3515e-06 3.0029e-06 2.8996e-06 2.9196e-06 2.7592e-06 1.4357e-06 4.9714e-06 2.0962e-06 1.4682e-06 1.441e-06 1.4274e-06 6.0401e-07 4.9312e-07 5.4306e-07 2.0384e-06 3.8777e-07
3.4225e-07 -9.1882e-08 1.093e-06 1.136e-06 -3.7226e-07 -3.1996e-07 -5.651e-07 -6.877e-07 -7.5725e-07 -8.3257e-07 -9.2725e-07 -1.0154e-06 -1.0033e-06 -9.7048e-07 -9.191e-07 -6.8616e-07 -3.9645e-07 4.8049e-07 5.3297e-06 4.8631e-06 5.7609e-06 7.9076e-06 9.2124e-06 1.0151e-05 1.1732e-05 1.2725e-05 1.3336e-05 1.374e-05 1.3899e-05 1.3899e-05 1.3872e-05 1.3869e-05 1.387e-05 1.3894e-05 1.3917e-05 1.3909e-05 1.3784e-05 6.6544e-06 7.2974e-06 1.2001e-05 1.3011e-05 1.3543e-05 1.3756e-05 1.386e-05 1.1354e-05 1.3656e-05 1.3161e-05 1.2518e-05 1.1576e-05 1.0862e-05 9.2781e-06 8.7088e-06 8.555e-06 1.1454e-05 1.1751e-05 1.1522e-05 1.1045e-05 1.0537e-05 1.0168e-05 9.698e-06 9.4863e-06 9.1143e-06 8.1015e-06 9.0029e-06 6.3626e-06 2.9443e-06 1.7419e-06 8.7183e-07 5.1091e-07 -9.3136e-07 -1.0929e-06 -8.9394e-07 6.1444e-07 1.0014e-06 1.7906e-06 -4.9658e-07 1.2932e-06 1.9192e-06 4.1439e-06 5.6822e-06 5.757e-06 4.5792e-06 5.3131e-06 4.8477e-06 4.9452e-06 4.9722e-06 -1.0099e-06 4.8301e-06 1.2173e-06 5.5489e-06 6.9402e-06 6.6483e-06 6.6218e-06 5.4796e-06 5.8686e-06 8.738e-06 8.6559e-06 8.2995e-06 7.7603e-06 7.6005e-06 7.9821e-06 1.0592e-05 1.1224e-05 1.0872e-05 1.0381e-05 9.7303e-06 1.0382e-05 9.1562e-06 6.8601e-06 1.1513e-05 1.1691e-05 1.0547e-05 1.2107e-05 1.2371e-05 1.274e-05 1.3149e-05 1.3498e-05 1.3342e-05 1.3109e-05 1.3227e-05 1.3403e-05 1.3759e-05 1.3811e-05 1.3794e-05 1.3731e-05 1.3517e-05 1.2759e-05 1.0485e-05 5.2692e-06 3.905e-07 -1.2979e-06 -1.3189e-06 -1.2972e-06 -1.2421e-06 -1.1564e-06 -1.1349e-06 -1.0667e-06 -9.6485e-07 -4.9704e-07 9.6949e-07 1.9185e-06 4.911e-06 4.4094e-06 3.9665e-06 4.0485e-06 3.4899e-06 3.6147e-06 1.7124e-06 2.3545e-06 1.2727e-06 9.2146e-07 6.3417e-07 1.0393e-07 -1.749e-07 -2.4966e-07 3.8316e-07 6.0859e-07 1.5213e-06 3.0584e-06 5.1482e-06 7.3393e-06 8.3744e-06 6.9469e-06 6.8129e-06 5.5799e-06 4.7321e-06 4.3749e-06 3.4662e-06 3.6475e-06 3.4397e-06 3.225e-06 4.194e-06 1.5159e-06 1.5991e-06 1.2074e-06 1.1139e-06 5.8505e-07 7.2258e-07 4.304e-06 1.6241e-06
2.5014e-07 -1.7731e-07 -2.1747e-07 -6.2576e-07 -5.3438e-07 -3.4802e-07 -7.1086e-07 -9.1139e-07 -9.4807e-07 -1.0184e-06 -1.0947e-06 -1.1966e-06 -1.1762e-06 -1.141e-06 -1.129e-06 -8.7903e-07 3.6779e-07 1.9561e-06 4.523e-06 4.6633e-06 8.8378e-06 1.3683e-05 9.02e-06 8.4046e-06 1.106e-05 1.3016e-05 1.3507e-05 1.362e-05 1.3803e-05 1.3917e-05 1.3912e-05 1.3896e-05 1.39e-05 1.3911e-05 1.3917e-05 1.3913e-05 1.3911e-05 1.3466e-05 1.151e-05 1.1931e-05 1.3199e-05 1.3663e-05 1.3854e-05 1.391e-05 1.3859e-05 1.3317e-05 1.2888e-05 1.2203e-05 1.1521e-05 1.0909e-05 9.6128e-06 8.7202e-06 8.2593e-06 1.1104e-05 1.1107e-05 1.1161e-05 1.0733e-05 1.0086e-05 9.6473e-06 9.5366e-06 9.1541e-06 9.1635e-06 9.4512e-06 7.4569e-06 2.6644e-06 1.3214e-06 6.1382e-07 1.6865e-07 7.1309e-08 -8.4827e-07 -1.1862e-06 -9.9993e-07 -3.908e-07 2.9072e-07 -5.7286e-07 5.5381e-07 1.0208e-06 1.8406e-06 2.6283e-06 3.1231e-06 2.4652e-06 4.4398e-06 7.5333e-06 1.4692e-07 4.2936e-06 4.8205e-06 4.4713e-06 4.969e-06 4.8807e-06 4.8269e-06 1.9598e-06 4.4012e-06 6.105e-06 6.6566e-06 6.563e-06 7.6288e-06 7.3695e-06 6.9947e-06 6.6399e-06 5.9698e-06 6.9232e-06 7.1413e-06 9.7668e-06 1.0137e-05 9.69e-06 9.5435e-06 1.0238e-05 6.4561e-06 8.1527e-06 1.2267e-05 1.139e-05 1.12e-05 1.0878e-05 1.0803e-05 1.247e-05 1.2659e-05 1.3091e-05 1.3362e-05 1.3232e-05 1.3218e-05 1.3491e-05 1.3342e-05 1.357e-05 1.3497e-05 1.3256e-05 1.3039e-05 1.2153e-05 8.7019e-06 3.0195e-06 -1.2393e-06 -1.2702e-06 -1.1891e-06 -1.2882e-06 -1.2159e-06 -1.1447e-06 -1.1049e-06 -1.0183e-06 -9.5701e-07 -5.959e-07 4.4979e-07 1.3052e-06 1.7901e-06 2.4556e-06 2.6565e-06 2.8267e-06 2.604e-06 2.1359e-06 1.5545e-06 5.8167e-07 3.5106e-07 1.8096e-08 -2.5134e-07 -2.7534e-07 -4.4674e-07 -4.9371e-07 -4.0034e-07 3.4839e-07 1.7278e-06 4.3776e-06 7.1218e-06 9.0907e-06 1.0145e-05 1.1135e-05 1.0181e-05 9.2013e-06 6.6081e-06 5.4234e-06 4.6105e-06 4.5093e-06 4.0186e-06 3.6949e-06 3.4781e-06 2.5189e-06 1.7211e-06 1.5474e-06 1.2588e-06 1.0052e-06 3.194e-07 2.2754e-06 -1.0212e-06
-7.9416e-08 -3.9825e-07 -4.739e-07 -6.9927e-07 4.1759e-07 -6.8051e-07 -7.5055e-07 -8.8584e-07 -1.0777e-06 -1.1213e-06 -1.2015e-06 -1.269e-06 -1.2913e-06 -1.2782e-06 -1.3133e-06 -1.8945e-07 1.1365e-06 1.488e-06 3.3352e-06 3.2492e-06 1.1065e-05 8.0869e-06 6.8418e-06 8.2869e-06 6.6879e-06 1.3542e-05 1.3568e-05 1.3602e-05 1.3297e-05 1.379e-05 1.3901e-05 1.3914e-05 1.3907e-05 1.3914e-05 1.3917e-05 1.3911e-05 1.3909e-05 1.3914e-05 1.3413e-05 1.3316e-05 1.365e-05 1.3774e-05 1.3876e-05 1.3917e-05 1.3827e-05 1.3267e-05 1.2614e-05 1.1885e-05 1.1236e-05 1.0582e-05 9.9836e-06 8.268e-06 8.589e-06 1.176e-05 1.1618e-05 1.0404e-05 1.0332e-05 9.8603e-06 9.6141e-06 9.3178e-06 8.9413e-06 8.2832e-06 7.0043e-06 3.7024e-06 2.201e-06 4.8555e-07 -7.038e-08 -5.3972e-07 -9.4081e-07 -1.0217e-06 -7.6087e-07 -1.039e-06 -9.091e-07 -5.5876e-07 -7.3319e-07 4.7897e-08 1.2315e-06 1.0081e-06 1.472e-06 3.1905e-06 4.0163e-06 5.9016e-06 3.7392e-06 1.6236e-06 4.9591e-06 4.5624e-06 4.4219e-06 -6.2894e-07 4.5588e-06 3.4235e-06 4.5159e-06 4.8164e-06 6.3307e-06 6.759e-06 6.0585e-06 5.4097e-06 5.9661e-06 5.8651e-06 5.9186e-06 5.0342e-06 5.1877e-06 6.0937e-06 8.2019e-06 8.7956e-06 7.2351e-06 7.4852e-06 7.4645e-06 7.736e-06 1.0715e-05 1.1637e-05 1.0933e-05 1.0784e-05 1.1401e-05 1.1939e-05 1.2139e-05 1.2398e-05 1.2956e-05 1.374e-05 1.3373e-05 1.319e-05 1.3113e-05 1.3135e-05 1.3223e-05 1.3109e-05 1.2965e-05 1.2573e-05 9.8329e-06 7.8597e-06 2.4173e-06 -1.0375e-06 -1.2169e-06 -1.2433e-06 -1.2068e-06 -1.1498e-06 -1.1225e-06 -1.1221e-06 -1.0455e-06 -8.4315e-07 -6.2357e-07 -2.163e-07 3.8581e-07 1.6542e-07 6.7401e-07 6.7733e-07 7.5858e-07 2.46e-07 1.4127e-07 -7.6357e-08 -3.1148e-07 -4.8673e-07 -6.2009e-07 -6.1916e-07 -6.4833e-07 -8.0256e-07 -7.3039e-07 -7.0731e-07 -2.6054e-07 1.8355e-06 4.3432e-06 8.5317e-06 1.0612e-05 1.208e-05 1.281e-05 1.2788e-05 1.1764e-05 8.073e-06 6.2107e-06 5.7628e-06 5.7934e-06 5.0237e-06 4.1627e-06 3.2282e-06 2.3999e-06 1.8073e-06 1.9257e-06 1.26e-06 1.7589e-07 2.2799e-07 5.4939e-07 -1.8459e-07
-8.7546e-08 -4.6927e-07 -7.0093e-07 -7.8428e-07 -8.619e-07 -7.1395e-07 -7.7633e-07 -9.7368e-07 -1.1461e-06 -1.214e-06 -1.2806e-06 -1.3489e-06 -1.3688e-06 -1.3742e-06 -1.3957e-06 -4.585e-07 8.9772e-07 2.2574e-06 6.1626e-06 4.4279e-06 9.6129e-06 8.1867e-06 6.7937e-06 7.6298e-06 6.5765e-06 1.3453e-05 1.3176e-05 1.29e-05 1.2796e-05 1.3082e-05 1.3761e-05 1.3916e-05 1.3896e-05 1.3883e-05 1.3888e-05 1.3917e-05 1.3902e-05 1.3906e-05 1.3871e-05 1.3814e-05 1.3846e-05 1.3867e-05 1.3891e-05 1.3916e-05 1.388e-05 1.3518e-05 1.24e-05 1.1665e-05 1.0849e-05 1.0507e-05 9.9772e-06 8.0269e-06 9.4376e-06 8.9603e-06 1.1797e-05 1.1054e-05 1.0287e-05 9.943e-06 9.4002e-06 9.2915e-06 8.2833e-06 8.2304e-06 5.617e-06 2.2289e-06 6.4905e-07 -1.8651e-07 -8.3854e-07 -9.7729e-07 -1.2101e-06 -1.2175e-06 -1.3164e-06 -1.2108e-06 -1.1657e-06 -1.0363e-06 -9.166e-07 1.8673e-08 3.8968e-07 2.7866e-07 -5.5206e-07 2.5074e-06 3.5934e-06 4.4388e-06 3.7794e-06 3.4861e-06 -4.8083e-07 5.3017e-06 4.7139e-06 5.8853e-06 4.6824e-06 4.2953e-06 4.1797e-06 4.1364e-06 2.4552e-06 5.2131e-06 5.426e-06 4.8578e-06 5.2912e-06 5.2915e-06 5.4127e-06 5.0765e-06 4.9462e-06 6.8705e-06 1.4082e-06 6.9265e-06 5.8788e-06 8.5739e-06 9.6386e-06 7.8618e-06 9.7556e-06 1.0143e-05 1.0798e-05 1.1286e-05 1.2039e-05 1.2194e-05 1.2122e-05 1.128e-05 1.3211e-05 1.2768e-05 1.326e-05 1.2585e-05 1.2123e-05 1.1446e-05 1.3046e-05 1.2952e-05 1.2769e-05 1.2237e-05 1.0343e-05 1.099e-05 4.9917e-06 7.9838e-07 -7.3815e-07 -1.166e-06 -1.0998e-06 -1.0878e-06 -1.0628e-06 -9.901e-07 -9.7821e-07 -9.2076e-07 -7.7778e-07 -6.4183e-07 -6.1048e-07 -5.9659e-07 -7.9533e-07 -6.1676e-07 -6.6212e-07 -6.1724e-07 -8.1197e-07 -8.3912e-07 -8.6915e-07 -9.7517e-07 -1.0502e-06 -9.8337e-07 -1.1285e-06 -1.0736e-06 -1.052e-06 -8.3683e-07 -4.6056e-07 1.8237e-06 5.9364e-06 9.8126e-06 1.2493e-05 1.3352e-05 1.3518e-05 1.3131e-05 1.3019e-05 1.3866e-05 8.1224e-06 7.0836e-06 6.3778e-06 5.5918e-06 4.5147e-06 3.3524e-06 2.4145e-06 1.7713e-06 1.5491e-06 6.2269e-07 1.9415e-06 -8.7079e-08 6.1257e-08 -2.6321e-07
-8.7799e-07 -7.084e-07 -6.6251e-07 -9.7624e-07 -1.1112e-06 -1.1003e-06 -1.0689e-06 -1.1728e-06 -1.2937e-06 -1.3205e-06 -1.3854e-06 -1.4039e-06 -1.4275e-06 -1.4335e-06 -1.4326e-06 -4.4829e-07 9.2996e-07 4.7346e-06 5.9989e-06 3.7077e-06 5.7407e-06 1.0341e-05 7.8813e-06 7.1718e-06 8.8178e-06 1.3695e-05 1.2004e-05 1.2009e-05 1.2291e-05 1.2922e-05 1.3554e-05 1.3885e-05 1.3893e-05 1.3821e-05 1.3742e-05 1.3693e-05 1.391e-05 1.3907e-05 1.3917e-05 1.3902e-05 1.3895e-05 1.3898e-05 1.3907e-05 1.3917e-05 1.3883e-05 1.3554e-05 1.1926e-05 1.1729e-05 1.1238e-05 1.0616e-05 1.0572e-05 9.1043e-06 7.7982e-06 6.8522e-06 1.1335e-05 1.1048e-05 1.0821e-05 1.018e-05 9.923e-06 9.0008e-06 8.3091e-06 7.9326e-06 3.9944e-06 1.9747e-06 4.3313e-07 -1.0283e-06 -1.1331e-06 -1.2004e-06 -1.3014e-06 -1.3245e-06 -1.3286e-06 -1.2977e-06 -1.1458e-06 -1.1703e-06 -1.044e-06 -4.8897e-07 -2.921e-07 -3.7565e-07 7.3483e-07 2.4493e-06 2.714e-06 1.4995e-06 2.8188e-06 3.5781e-06 5.3462e-06 3.8934e-06 2.7528e-06 4.5537e-06 4.2513e-06 3.7539e-06 4.3331e-06 4.3373e-06 4.9677e-06 5.1879e-06 4.107e-06 4.6203e-06 5.1209e-06 4.911e-06 4.9881e-06 5.0109e-06 4.5247e-06 6.5097e-06 7.6735e-06 5.6548e-06 8.3886e-06 7.5223e-06 5.951e-06 1.1317e-05 9.6203e-06 7.6469e-06 1.1453e-05 1.2038e-05 1.2171e-05 1.1882e-05 1.1746e-05 1.1183e-05 1.2621e-05 1.2581e-05 1.3824e-05 1.1819e-05 1.1577e-05 1.1736e-05 1.3368e-05 1.304e-05 1.2345e-05 1.2242e-05 1.0602e-05 1.1259e-05 9.1e-06 5.8283e-06 1.2779e-06 6.0687e-07 -4.93e-07 -6.99e-07 -6.9179e-07 -9.499e-07 -9.385e-07 -9.4444e-07 -9.4416e-07 -9.0601e-07 -9.5214e-07 -1.0837e-06 -1.0824e-06 -1.1016e-06 -1.1365e-06 -1.1083e-06 -1.1933e-06 -1.231e-06 -1.2343e-06 -1.1881e-06 -1.2461e-06 -1.2112e-06 -1.2479e-06 -1.1501e-06 -1.2002e-06 -1.1959e-06 -9.2993e-07 1.3621e-06 6.5496e-06 1.1446e-05 1.3508e-05 1.371e-05 1.3773e-05 1.379e-05 1.3321e-05 1.1877e-05 9.6317e-06 8.3721e-06 7.254e-06 5.8545e-06 4.333e-06 3.3748e-06 2.5098e-06 1.9515e-06 1.0432e-06 8.23e-07 2.025e-06 -2.4142e-07 -2.4704e-07 -4.7777e-07
-8.3737e-07 -9.2249e-07 -9.9078e-07 -1.1096e-06 -1.1731e-06 -1.2533e-06 -1.298e-06 -1.3627e-06 -1.3962e-06 -1.4088e-06 -1.4383e-06 -1.4435e-06 -1.4516e-06 -1.449e-06 -1.4514e-06 -5.6912e-07 1.7063e-06 5.4635e-06 3.8216e-06 2.4692e-06 2.3572e-06 1.1065e-05 1.3895e-05 1.311e-05 1.3028e-05 9.1235e-06 1.0901e-05 1.1298e-05 1.1919e-05 1.3095e-05 1.3653e-05 1.3882e-05 1.3909e-05 1.3775e-05 1.3639e-05 1.3585e-05 1.3906e-05 1.3907e-05 1.3915e-05 1.3901e-05 1.3899e-05 1.3846e-05 1.3909e-05 1.3916e-05 1.3915e-05 1.3312e-05 1.2853e-05 1.2192e-05 1.1838e-05 1.1246e-05 1.0802e-05 1.0246e-05 9.1491e-06 7.4008e-06 8.9123e-06 1.0318e-05 6.2775e-06 1.3936e-06 2.6667e-06 6.7036e-06 7.7555e-06 9.0118e-06 3.6725e-06 1.7872e-06 1.9183e-07 -1.0077e-06 -1.2501e-06 -1.3124e-06 -1.3829e-06 -1.4096e-06 -1.3631e-06 -1.4115e-06 -1.163e-06 -1.3589e-06 -1.2761e-06 -9.8515e-07 -8.9795e-07 -9.4282e-07 -7.7754e-07 6.1963e-07 2.2464e-06 4.115e-06 5.3781e-06 3.9825e-06 4.7991e-06 4.2604e-06 4.0732e-06 3.865e-06 3.9796e-06 4.9326e-06 3.6237e-06 3.4042e-06 3.857e-06 4.4637e-06 3.3891e-06 3.1371e-06 2.2819e-06 6.0278e-06 3.8197e-06 4.0478e-06 4.9245e-06 6.1661e-06 7.4614e-06 6.1749e-06 6.0522e-06 6.5393e-06 6.5774e-06 8.0293e-06 9.7954e-06 8.8171e-06 1.0346e-05 1.1538e-05 1.1523e-05 1.2134e-05 1.2188e-05 1.2023e-05 1.1507e-05 1.2633e-05 1.3699e-05 1.2051e-05 1.1648e-05 1.2296e-05 8.2536e-06 1.0145e-05 1.2486e-05 1.2607e-05 1.1746e-05 1.0882e-05 1.0431e-05 7.9892e-06 5.5875e-06 3.5493e-06 1.8726e-06 7.1486e-07 -2.3081e-07 -7.6158e-07 -9.349e-07 -1.0215e-06 -1.1117e-06 -1.1466e-06 -1.158e-06 -1.3202e-06 -1.2394e-06 -1.3558e-06 -1.3972e-06 -1.4296e-06 -1.4563e-06 -1.4291e-06 -1.5007e-06 -1.4606e-06 -1.4701e-06 -1.4461e-06 -1.4303e-06 -1.4317e-06 -1.4522e-06 -1.3796e-06 -1.3139e-06 6.8649e-07 6.8888e-06 1.1837e-05 1.3328e-05 1.3765e-05 1.3856e-05 1.3348e-05 1.3835e-05 1.3251e-05 1.0984e-05 8.9554e-06 7.0505e-06 5.8116e-06 4.3168e-06 3.2116e-06 2.108e-06 1.3745e-06 5.1147e-07 1.0417e-06 1.8373e-08 -2.3893e-07 4.9518e-07 -7.4521e-07
-9.7528e-07 -1.0294e-06 -1.0055e-06 -1.2304e-06 -1.3317e-06 -1.3321e-06 -1.3859e-06 -1.3973e-06 -1.4116e-06 -1.4406e-06 -1.4578e-06 -1.4591e-06 -1.4594e-06 -1.4624e-06 -1.4648e-06 -7.1552e-07 2.5539e-06 4.3081e-06 3.821e-06 4.8999e-06 2.2007e-06 2.9496e-06 3.1023e-06 3.2301e-06 5.591e-06 8.2495e-06 1.1574e-05 1.0855e-05 1.2404e-05 1.3365e-05 1.3807e-05 1.3907e-05 1.3877e-05 1.3728e-05 1.3597e-05 1.3234e-05 1.3279e-05 1.3916e-05 1.391e-05 1.3899e-05 1.3912e-05 1.3901e-05 1.3914e-05 1.3648e-05 1.3846e-05 1.3269e-05 1.2602e-05 1.2282e-05 1.2043e-05 1.1739e-05 1.22e-05 1.1015e-05 1.0818e-05 6.5109e-06 1.0933e-05 1.0679e-05 1.0322e-05 1.0556e-05 5.4801e-06 5.3002e-07 6.0225e-08 5.7397e-06 2.6077e-06 -3.9396e-07 -9.9007e-07 -1.3087e-06 -1.3782e-06 -1.3882e-06 -1.4258e-06 -1.4555e-06 -1.4478e-06 -1.4253e-06 -1.3919e-06 -1.3357e-06 -1.0855e-06 -1.2012e-06 -1.1748e-06 -1.2492e-06 -1.3528e-06 -3.7894e-07 4.2645e-07 3.0019e-06 3.6741e-06 2.619e-06 2.5318e-06 3.4955e-06 3.055e-06 3.455e-06 3.3033e-06 4.498e-06 3.7087e-06 2.4396e-06 3.4733e-06 3.3802e-06 3.3044e-06 1.82e-06 2.8426e-06 3.6787e-06 4.3358e-06 3.7891e-06 6.4004e-06 6.1326e-06 5.2432e-06 6.0719e-06 6.7527e-06 4.5079e-06 5.3467e-06 8.3273e-06 6.9684e-06 7.75e-06 1.0045e-05 8.9759e-06 9.4157e-06 9.417e-06 7.5913e-06 1.1809e-05 1.0976e-05 1.3208e-05 1.2642e-05 1.356e-05 1.2989e-05 1.3136e-05 1.3038e-05 1.2506e-05 1.242e-05 1.2093e-05 1.2319e-05 1.2308e-05 1.001e-05 1.1034e-05 6.4412e-06 3.3402e-06 3.4614e-06 1.584e-06 -3.6449e-07 -9.0838e-07 -1.0515e-06 -1.2493e-06 -1.3033e-06 -1.3439e-06 -1.4158e-06 -1.4487e-06 -1.482e-06 -1.5263e-06 -1.5595e-06 -1.5787e-06 -1.5854e-06 -1.5867e-06 -1.5863e-06 -1.581e-06 -1.5711e-06 -1.5632e-06 -1.5676e-06 -1.5528e-06 -1.5291e-06 -1.4926e-06 -1.4026e-06 -1.232e-06 3.8784e-06 1.0018e-05 1.3427e-05 1.379e-05 1.3383e-05 7.1122e-06 1.3142e-05 1.344e-05 1.0862e-05 8.5635e-06 7.1794e-06 5.552e-06 3.4299e-06 3.4272e-06 1.8566e-06 1.0439e-06 9.5721e-08 -1.74e-08 -3.14e-07 -2.5042e-07 -7.1658e-07 -8.4086e-07
-1.1678e-06 -1.232e-06 -1.2596e-06 -1.235e-06 -1.3967e-06 -1.3284e-06 -1.4485e-06 -1.464e-06 -1.4641e-06 -1.4656e-06 -1.4695e-06 -1.4707e-06 -1.4664e-06 -1.4645e-06 -1.4671e-06 -1.0071e-06 1.8716e-06 4.1774e-06 3.7527e-06 4.0811e-06 4.4565e-06 3.8758e-06 7.4985e-06 6.279e-06 6.0818e-06 7.5482e-06 9.0695e-06 1.197e-05 1.2996e-05 1.354e-05 1.3866e-05 1.3917e-05 1.3856e-05 1.3687e-05 1.3248e-05 1.3177e-05 1.3423e-05 1.3895e-05 1.383e-05 1.3917e-05 1.3907e-05 1.391e-05 1.3905e-05 1.3638e-05 1.3917e-05 1.3314e-05 1.2781e-05 1.248e-05 1.2275e-05 1.264e-05 1.3091e-05 1.2852e-05 1.0537e-05 9.0382e-06 6.9721e-06 5.4153e-06 5.9779e-06 3.8914e-06 3.1309e-06 2.4016e-07 2.2742e-06 6.8771e-06 -9.6014e-07 -1.1583e-06 -1.2873e-06 -1.344e-06 -1.3422e-06 -1.4056e-06 -1.4684e-06 -1.4811e-06 -1.3593e-06 -1.454e-06 -1.4585e-06 -1.4095e-06 -1.2281e-06 -1.4294e-06 -1.2963e-06 -1.356e-06 -1.4128e-06 -1.3913e-06 -3.2042e-07 4.2101e-07 1.1638e-06 1.6228e-06 1.4275e-06 2.5334e-06 3.3852e-06 3.8036e-06 3.2939e-06 3.211e-06 2.9587e-06 2.76e-06 3.218e-06 3.5359e-06 2.9838e-06 3.818e-06 2.6196e-06 3.0866e-06 4.9754e-06 6.2924e-06 2.5842e-06 6.8538e-06 5.3559e-06 5.2426e-06 8.6914e-06 3.356e-06 1.0334e-05 7.5489e-06 6.8985e-06 8.4338e-06 8.6085e-06 8.1024e-06 8.4292e-06 8.847e-06 9.5083e-06 8.7673e-06 9.3872e-06 6.2063e-06 1.1072e-05 1.229e-05 1.1444e-05 8.4226e-06 1.2546e-05 1.1727e-05 1.1203e-05 1.3014e-05 1.3417e-05 1.1421e-05 8.5958e-06 1.0688e-05 5.9157e-06 4.3469e-06 2.1684e-06 3.3077e-08 -8.5692e-07 -1.1637e-06 -1.3522e-06 -1.3635e-06 -1.4229e-06 -1.4819e-06 -1.5173e-06 -1.5616e-06 -1.5778e-06 -1.5871e-06 -1.5727e-06 -1.5672e-06 -1.5551e-06 -1.5657e-06 -1.5666e-06 -1.5795e-06 -1.5847e-06 -1.5843e-06 -1.5872e-06 -1.5782e-06 -1.55e-06 -1.5169e-06 -1.4412e-06 -1.3027e-06 -1.1148e-07 9.0514e-06 1.2734e-05 1.3667e-05 1.3905e-05 1.3635e-05 1.391e-05 1.1982e-05 9.1796e-06 7.5192e-06 6.453e-06 4.9762e-06 4.4512e-06 1.9403e-06 1.1658e-06 5.1709e-07 -1.4582e-07 -5.0488e-07 -5.15e-07 -6.3651e-07 -8.6926e-07 -1.0707e-06
-1.3269e-06 -1.3595e-06 -1.4064e-06 -1.4393e-06 -1.4767e-06 -1.4683e-06 -1.4896e-06 -1.501e-06 -1.5024e-06 -1.4916e-06 -1.4958e-06 -1.4989e-06 -1.4922e-06 -1.4019e-06 -1.4872e-06 -1.4596e-06 -6.9737e-07 2.6288e-06 4.8906e-06 4.6455e-06 4.563e-06 4.2625e-06 7.6764e-06 8.3313e-06 4.9187e-06 6.731e-06 1.0852e-05 1.232e-05 1.3185e-05 1.3699e-05 1.3891e-05 1.3908e-05 1.385e-05 1.3668e-05 1.2748e-05 1.3083e-05 1.3752e-05 1.3892e-05 1.3854e-05 1.3906e-05 1.3815e-05 1.379e-05 1.3813e-05 1.3751e-05 1.357e-05 1.3276e-05 1.2721e-05 1.2345e-05 1.2376e-05 1.324e-05 1.307e-05 1.2483e-05 1.2399e-05 8.8892e-06 8.3241e-06 7.5384e-06 7.3925e-06 4.4055e-06 3.5903e-06 1.8809e-06 2.1742e-06 4.9375e-07 -7.5399e-07 -2.7136e-07 5.5561e-07 -1.1804e-06 -1.274e-06 -1.3819e-06 -1.4662e-06 -1.4983e-06 -1.4698e-06 -1.513e-06 -1.496e-06 -1.5168e-06 -1.502e-06 -1.4802e-06 -1.4302e-06 -1.4559e-06 -1.4885e-06 -1.5035e-06 -1.4843e-06 -6.2745e-07 -3.4114e-08 6.5397e-07 3.7313e-07 2.0407e-06 2.8425e-06 -1.5871e-06 2.6713e-06 3.128e-06 2.4319e-06 1.4415e-06 2.6266e-06 2.4909e-06 3.8659e-06 3.453e-06 2.7037e-06 2.8512e-06 4.6591e-06 4.7113e-06 5.7617e-06 4.8727e-06 5.4323e-06 5.0782e-06 6.8936e-06 7.8625e-06 9.5736e-06 8.5216e-06 8.1318e-06 9.6739e-06 8.2757e-06 8.5892e-06 6.9791e-06 4.9844e-06 5.4756e-06 5.6242e-06 8.3246e-06 1.1009e-05 1.1383e-05 1.1612e-05 1.0641e-05 1.1753e-05 1.2226e-05 1.1768e-05 1.245e-05 1.0749e-05 6.5563e-06 4.6151e-06 4.9244e-06 3.6966e-06 2.8128e-06 1.4984e-06 -3.7302e-07 -7.7928e-07 -1.0934e-06 -1.365e-06 -1.4172e-06 -1.4888e-06 -1.5464e-06 -1.5772e-06 -1.5876e-06 -1.5815e-06 -1.5481e-06 -1.5117e-06 -1.4849e-06 -1.4314e-06 -1.4513e-06 -1.5143e-06 -1.4815e-06 -1.5267e-06 -1.5415e-06 -1.5696e-06 -1.5844e-06 -1.5851e-06 -1.5744e-06 -1.5591e-06 -1.5149e-06 -1.4517e-06 -9.8794e-07 3.8035e-06 9.2314e-06 1.1986e-05 1.332e-05 1.339e-05 1.2305e-05 8.7355e-06 7.2326e-06 6.4001e-06 5.6221e-06 4.6159e-06 2.3691e-06 1.4292e-06 4.5753e-07 -1.6699e-07 -6.1738e-07 -8.8493e-07 -9.2388e-07 -9.7193e-07 -1.195e-06 -1.2796e-06
-1.4758e-06 -1.4439e-06 -1.4973e-06 -1.5027e-06 -1.5067e-06 -1.5053e-06 -1.5146e-06 -1.532e-06 -1.535e-06 -1.5227e-06 -1.515e-06 -1.5214e-06 -1.5216e-06 -1.5147e-06 -1.5071e-06 -1.4903e-06 -1.1796e-06 -1.5119e-07 8.2858e-07 1.0946e-06 2.1715e-06 2.8339e-06 4.881e-06 5.1841e-06 3.7297e-06 1.0171e-05 1.1531e-05 1.2537e-05 1.3454e-05 1.3758e-05 1.3905e-05 1.3916e-05 1.382e-05 1.3691e-05 1.3375e-05 1.3411e-05 1.3766e-05 1.3877e-05 1.3865e-05 1.3867e-05 1.3767e-05 1.3683e-05 1.3542e-05 1.3537e-05 1.3369e-05 1.312e-05 1.2767e-05 1.2247e-05 1.2525e-05 1.354e-05 1.2516e-05 1.217e-05 1.1965e-05 1.1003e-05 1.0476e-05 9.7155e-06 8.3198e-06 7.8525e-06 6.4759e-06 2.407e-06 3.6619e-06 8.5779e-07 1.5577e-07 -3.7856e-07 -9.2946e-07 -9.8668e-07 -1.2503e-06 -1.3421e-06 -1.3799e-06 -1.5007e-06 -1.5177e-06 -1.5169e-06 -1.5403e-06 -1.5613e-06 -1.5504e-06 -1.5754e-06 -1.5017e-06 -1.5272e-06 -1.5485e-06 -1.5193e-06 -1.5105e-06 -1.4481e-06 -1.0277e-06 -1.2992e-06 -5.5889e-07 2.4093e-07 1.8027e-06 3.0998e-06 2.0897e-06 1.66e-06 1.4266e-06 2.0549e-06 2.6498e-06 3.1361e-06 8.859e-07 2.2428e-06 3.3317e-06 4.5208e-06 5.0042e-06 3.4829e-06 5.8376e-06 5.5431e-06 4.5454e-06 4.6573e-06 6.2327e-06 6.6147e-06 8.9184e-06 8.7665e-06 7.9565e-06 8.9228e-06 9.2959e-06 9.503e-06 6.9755e-06 5.7039e-06 6.2126e-06 6.2836e-06 9.0755e-06 1.0848e-05 9.985e-06 9.6887e-06 1.0206e-05 6.7031e-06 1.1468e-05 1.1938e-05 1.0004e-05 1.0945e-05 8.3196e-06 3.6247e-06 4.2818e-06 2.8162e-06 1.3674e-06 -2.711e-07 -5.7324e-07 -1.0758e-06 -1.2748e-06 -1.4124e-06 -1.5052e-06 -1.5651e-06 -1.5871e-06 -1.5706e-06 -1.5453e-06 -1.4975e-06 -1.3288e-06 -1.4114e-06 -1.3431e-06 -1.2992e-06 -1.3268e-06 -1.3721e-06 -1.4032e-06 -1.458e-06 -1.5204e-06 -1.5458e-06 -1.5215e-06 -1.5854e-06 -1.5861e-06 -1.5865e-06 -1.5711e-06 -1.5394e-06 -1.343e-06 -7.0267e-07 3.2493e-06 5.9776e-06 7.522e-06 7.8655e-06 8.5348e-06 1.0545e-05 5.2857e-06 5.2087e-06 4.6215e-06 3.7689e-06 5.6826e-06 -1.2654e-06 -4.1925e-07 2.1871e-06 -1.0568e-06 -4.0927e-07 -1.2301e-06 -1.2706e-06 -1.3051e-06 -1.4377e-06
-1.5421e-06 -1.1736e-06 -1.5085e-06 -1.5107e-06 -1.5387e-06 -1.5309e-06 -1.5335e-06 -1.5465e-06 -1.537e-06 -1.5424e-06 -1.539e-06 -1.5449e-06 -1.5434e-06 -1.5369e-06 -1.5492e-06 -1.5383e-06 -1.5175e-06 -1.2524e-06 -3.7299e-08 3.157e-06 2.3296e-06 2.4381e-06 1.999e-06 2.7291e-06 8.1084e-06 1.1001e-05 1.1957e-05 1.2869e-05 1.3281e-05 1.3859e-05 1.3917e-05 1.3882e-05 1.3722e-05 1.3494e-05 1.3261e-05 1.334e-05 1.3722e-05 1.3906e-05 1.38e-05 1.3747e-05 1.3627e-05 1.3467e-05 1.3385e-05 1.3281e-05 1.3439e-05 1.3155e-05 1.3164e-05 1.3373e-05 1.3411e-05 1.3201e-05 1.2534e-05 1.1793e-05 1.1636e-05 1.186e-05 1.0771e-05 9.0375e-06 8.0658e-06 7.5261e-06 7.7431e-06 7.2224e-06 7.4152e-06 7.2405e-06 3.8537e-06 -3.0872e-07 -3.3331e-07 -1.238e-06 -1.3433e-06 -1.3801e-06 -1.418e-06 -1.4968e-06 -1.5432e-06 -1.5814e-06 -1.5819e-06 -1.5823e-06 -1.5779e-06 -1.5876e-06 -1.5849e-06 -1.5859e-06 -1.5844e-06 -1.5497e-06 -1.5779e-06 -1.5723e-06 -1.4984e-06 -1.2613e-06 -8.6411e-07 -1.0063e-07 1.0029e-06 1.9575e-06 7.0904e-07 1.5644e-06 1.7372e-06 3.6137e-06 2.1515e-06 2.2341e-06 2.1648e-06 3.3124e-06 2.8811e-06 4.5846e-06 3.3389e-06 2.9729e-06 6.3893e-06 6.7209e-06 5.2251e-06 7.4013e-06 3.1267e-06 8.3047e-06 7.7804e-06 9.3118e-06 8.0262e-06 1.0455e-05 1.1255e-05 1.0325e-05 8.0885e-06 7.1079e-06 7.8922e-06 9.416e-06 9.5567e-06 8.6022e-06 9.8636e-06 6.9247e-06 7.539e-06 6.7593e-06 7.2615e-06 1.0368e-05 8.7234e-06 5.7418e-06 5.3866e-06 3.1751e-06 2.0161e-06 4.1173e-07 -5.444e-08 -7.4465e-07 -1.0135e-06 -1.2482e-06 -1.4009e-06 -1.5073e-06 -1.5727e-06 -1.5826e-06 -1.5506e-06 -1.5158e-06 -1.4355e-06 -1.3857e-06 -1.3155e-06 -1.2549e-06 -1.1303e-06 -1.2595e-06 -1.2993e-06 -1.3176e-06 -1.3549e-06 -1.4934e-06 -1.4545e-06 -1.4886e-06 -1.5287e-06 -1.5702e-06 -1.5872e-06 -1.5748e-06 -1.582e-06 -1.5868e-06 -1.5684e-06 -1.5221e-06 -1.3676e-06 -1.0208e-06 -7.2994e-07 2.7131e-07 1.9595e-06 5.7606e-06 1.8455e-06 3.1105e-06 3.5505e-06 2.4845e-06 2.0676e-06 -3.2914e-07 -9.3328e-07 -1.0667e-06 -1.2628e-06 -1.3485e-06 -1.3861e-06 -1.46e-06 -1.4975e-06 -1.5289e-06
-1.5725e-06 -1.557e-06 -1.557e-06 -1.5444e-06 -1.5532e-06 -1.5476e-06 -1.5528e-06 -1.5519e-06 -1.5484e-06 -1.554e-06 -1.5589e-06 -1.557e-06 -1.5548e-06 -1.5479e-06 -1.5607e-06 -1.5415e-06 -1.5552e-06 -1.5241e-06 -1.1572e-06 7.9313e-06 3.9558e-06 2.7386e-06 3.6116e-06 7.0965e-06 1.1686e-05 1.1043e-05 1.2037e-05 1.293e-05 1.3605e-05 1.3905e-05 1.386e-05 1.3578e-05 1.315e-05 1.2903e-05 1.2725e-05 1.266e-05 1.3059e-05 1.3562e-05 1.3912e-05 1.3613e-05 1.3387e-05 1.3281e-05 1.3179e-05 1.3226e-05 1.3848e-05 1.3734e-05 1.2939e-05 1.2519e-05 1.3111e-05 1.3299e-05 1.2557e-05 1.2781e-05 1.3109e-05 1.2755e-05 1.1415e-05 9.1156e-06 7.8361e-06 6.988e-06 6.82e-06 6.4866e-06 6.2953e-06 6.635e-06 4.0686e-06 -2.3522e-07 -1.1298e-06 -1.2909e-06 -1.3715e-06 -1.3774e-06 -1.4559e-06 -1.5125e-06 -1.5347e-06 -1.5861e-06 -1.579e-06 -1.5877e-06 -1.587e-06 -1.5782e-06 -1.5809e-06 -1.5655e-06 -1.5822e-06 -1.5877e-06 -1.5869e-06 -1.5814e-06 -1.583e-06 -1.2606e-06 -1.023e-06 -4.3245e-07 -1.4947e-07 2.2512e-07 8.9015e-07 5.5308e-07 2.887e-06 2.5916e-06 2.3602e-06 1.1521e-06 3.6967e-07 3.536e-06 3.0257e-06 3.8974e-06 3.002e-06 4.0388e-06 4.0486e-06 4.5195e-06 4.8073e-06 5.3348e-06 5.6218e-06 7.5537e-06 8.6594e-06 5.1538e-06 8.89e-06 1.1077e-05 7.6971e-06 1.0657e-05 1.0371e-05 1.0823e-05 1.1261e-05 1.1503e-05 1.0499e-05 9.6151e-06 8.9391e-06 5.6289e-06 5.3031e-06 5.8348e-06 2.2701e-06 3.4077e-06 4.3144e-06 2.4233e-06 2.4556e-06 1.91e-06 7.034e-07 -2.7928e-08 -6.3092e-07 -1.0319e-06 -1.1804e-06 -1.3741e-06 -1.4689e-06 -1.5654e-06 -1.5877e-06 -1.5525e-06 -1.4842e-06 -1.4049e-06 -1.3668e-06 -1.3092e-06 -1.1697e-06 -1.081e-06 -1.024e-06 -1.0563e-06 -1.1555e-06 -1.1761e-06 -1.3047e-06 -1.3254e-06 -1.4032e-06 -1.5399e-06 -1.4826e-06 -1.539e-06 -1.5489e-06 -1.5559e-06 -1.5739e-06 -1.5862e-06 -1.5869e-06 -1.5836e-06 -1.5705e-06 -1.5045e-06 -1.4639e-06 -1.4183e-06 -1.2259e-06 -1.061e-06 -5.1895e-07 7.9921e-07 1.6244e-06 1.3502e-06 1.2714e-06 -4.815e-08 -1.7505e-07 -1.2209e-06 -1.3216e-06 -1.3929e-06 -1.4666e-06 -1.5409e-06 -1.5683e-06 -1.5762e-06
-1.5864e-06 -1.5682e-06 -1.5709e-06 -1.5494e-06 -1.5692e-06 -1.5619e-06 -1.5683e-06 -1.5666e-06 -1.5581e-06 -1.5609e-06 -1.5647e-06 -1.5658e-06 -1.5642e-06 -1.5546e-06 -1.5448e-06 -1.5372e-06 -1.5255e-06 -1.4919e-06 -1.4693e-06 3.4894e-06 3.6431e-06 4.3375e-06 6.1964e-06 8.3952e-06 1.0796e-05 1.0826e-05 1.1952e-05 1.2865e-05 1.3534e-05 1.391e-05 1.3432e-05 1.2783e-05 1.2015e-05 1.1511e-05 1.15e-05 1.1907e-05 1.2314e-05 1.2436e-05 1.334e-05 1.3917e-05 1.3494e-05 1.2965e-05 1.2873e-05 1.2947e-05 1.314e-05 1.3384e-05 1.317e-05 1.2889e-05 1.2583e-05 1.1581e-05 1.3142e-05 1.336e-05 1.3539e-05 1.3702e-05 1.2876e-05 1.0817e-05 8.1017e-06 7.2622e-06 6.965e-06 7.0967e-06 6.451e-06 6.9076e-06 2.4268e-06 -5.2403e-07 -1.1184e-06 -1.2861e-06 -1.3705e-06 -1.4255e-06 -1.4665e-06 -1.5438e-06 -1.5591e-06 -1.5829e-06 -1.5871e-06 -1.5792e-06 -1.5736e-06 -1.5465e-06 -1.5121e-06 -1.5245e-06 -1.5303e-06 -1.5656e-06 -1.5568e-06 -1.5711e-06 -1.5846e-06 -1.5875e-06 -1.5576e-06 -1.4949e-06 -1.4591e-06 -1.3178e-06 -8.8974e-07 -1.3269e-06 8.367e-07 1.5115e-06 2.5126e-06 2.728e-06 1.7178e-06 2.5993e-06 2.0596e-06 1.0739e-06 3.4938e-06 1.7621e-06 3.069e-06 1.8879e-06 3.8568e-06 1.1731e-06 3.1268e-06 3.3779e-06 5.9242e-06 7.2055e-06 8.1893e-06 9.9269e-06 1.0629e-05 1.1067e-05 1.1102e-05 1.1841e-05 1.1819e-05 1.1819e-05 1.1188e-05 8.3723e-06 2.0411e-06 3.4669e-06 4.4479e-06 5.7758e-06 4.5408e-06 5.3459e-06 2.4637e-06 1.7979e-06 1.4375e-06 1.1962e-06 -1.6768e-07 -5.3664e-07 -9.4531e-07 -1.2369e-06 -1.3561e-06 -1.4435e-06 -1.5629e-06 -1.5877e-06 -1.5791e-06 -1.5117e-06 -1.4399e-06 -1.2997e-06 -1.2294e-06 -1.1007e-06 -9.8032e-07 -9.5779e-07 -9.2128e-07 -8.9358e-07 -9.5066e-07 -1.0726e-06 -1.1038e-06 -1.2289e-06 -1.2845e-06 -1.3401e-06 -1.3817e-06 -1.4652e-06 -1.4025e-06 -1.4311e-06 -1.5184e-06 -1.5713e-06 -1.5707e-06 -1.5876e-06 -1.5746e-06 -1.5554e-06 -1.4561e-06 -1.3944e-06 -1.1856e-06 -1.0915e-06 -7.1833e-07 -1.6881e-07 3.542e-07 3.9087e-07 6.1785e-07 -3.1834e-07 -3.6096e-08 -1.3457e-06 -1.3819e-06 -1.45e-06 -1.5434e-06 -1.5549e-06 -1.5765e-06 -1.5799e-06
-1.5825e-06 -1.5784e-06 -1.5809e-06 -1.5711e-06 -1.4401e-06 -1.5734e-06 -1.5748e-06 -1.5126e-06 -1.5716e-06 -1.5691e-06 -1.5627e-06 -1.5642e-06 -1.5488e-06 -1.5468e-06 -1.5368e-06 -1.5224e-06 -1.5195e-06 -1.5311e-06 -1.4403e-06 -9.5546e-07 5.6935e-06 6.6502e-06 4.9184e-06 7.9107e-06 8.0918e-06 1.0479e-05 1.1436e-05 1.2418e-05 1.3693e-05 1.3711e-05 1.2676e-05 1.1458e-05 1.0623e-05 1.0507e-05 1.0102e-05 1.0393e-05 1.1816e-05 1.2065e-05 1.253e-05 1.3583e-05 1.3804e-05 1.2894e-05 1.2564e-05 1.2676e-05 1.3202e-05 1.3053e-05 1.3342e-05 1.391e-05 1.3016e-05 1.2895e-05 1.2947e-05 1.3237e-05 1.3689e-05 1.3856e-05 1.3627e-05 1.2387e-05 9.8599e-06 8.4764e-06 7.5963e-06 7.7274e-06 5.142e-06 4.817e-06 4.4704e-06 6.7973e-07 -1.152e-06 -1.3472e-06 -1.3884e-06 -1.4243e-06 -1.5098e-06 -1.555e-06 -1.5837e-06 -1.5865e-06 -1.5849e-06 -1.5516e-06 -1.5185e-06 -1.4936e-06 -1.473e-06 -1.451e-06 -1.4494e-06 -1.3976e-06 -1.5239e-06 -1.5246e-06 -1.5401e-06 -1.5559e-06 -1.5822e-06 -1.5241e-06 -1.5669e-06 -1.4839e-06 -1.1709e-06 -1.0926e-06 -7.9753e-07 2.4196e-07 2.9502e-07 5.572e-07 7.9117e-07 1.8806e-06 2.6409e-06 2.9406e-06 8.9121e-07 1.7371e-06 1.276e-06 -1.1419e-06 1.3106e-06 3.9386e-06 4.3827e-07 4.6187e-06 5.4327e-06 5.8111e-06 6.8697e-06 6.7016e-06 8.5865e-06 1.0622e-05 5.1181e-06 1.1402e-05 1.1256e-05 9.5213e-06 1.0516e-05 9.2856e-06 2.5898e-06 2.3432e-06 2.183e-06 2.2826e-06 2.0826e-06 1.4216e-06 1.2553e-06 8.8096e-07 4.6606e-07 -1.8503e-07 -4.5446e-07 -9.0517e-07 -1.1596e-06 -1.3583e-06 -1.4056e-06 -1.5443e-06 -1.5811e-06 -1.5792e-06 -1.5456e-06 -1.4939e-06 -1.3527e-06 -1.3161e-06 -1.022e-06 -8.8898e-07 -8.3918e-07 -8.371e-07 -8.3964e-07 -8.1527e-07 -9.0852e-07 -9.3421e-07 -1.0292e-06 -9.646e-07 -1.1478e-06 -1.1862e-06 -1.2987e-06 -1.3222e-06 -1.3601e-06 -1.3918e-06 -1.4413e-06 -1.5452e-06 -1.5874e-06 -1.5846e-06 -1.5816e-06 -1.5622e-06 -1.5016e-06 -1.3925e-06 -1.1913e-06 -1.1759e-06 -9.5844e-07 -7.289e-07 -5.6954e-07 -3.2579e-07 -1.0356e-07 1.0026e-06 4.7822e-06 -1.3891e-06 -1.4281e-06 -1.4505e-06 -1.5412e-06 -1.5738e-06 -1.582e-06 -1.5768e-06
-1.5812e-06 -1.583e-06 -1.5853e-06 -1.5836e-06 -1.5803e-06 -1.577e-06 -1.5698e-06 -1.5752e-06 -1.5701e-06 -1.5665e-06 -1.566e-06 -1.5678e-06 -1.5563e-06 -1.5632e-06 -1.5332e-06 -1.5411e-06 -1.5163e-06 -1.3924e-06 -1.2971e-06 -9.3137e-07 2.3343e-07 1.7871e-06 3.8028e-06 5.3195e-06 7.3271e-06 9.1101e-06 1.0254e-05 1.2221e-05 1.3752e-05 1.3576e-05 1.2274e-05 1.1268e-05 1.0894e-05 1.0798e-05 9.9219e-06 1.0382e-05 1.1615e-05 1.2242e-05 1.284e-05 1.3772e-05 1.3685e-05 1.2708e-05 1.2502e-05 1.2613e-05 1.3622e-05 1.2892e-05 1.3228e-05 1.3668e-05 1.3316e-05 1.3465e-05 1.345e-05 1.3619e-05 1.363e-05 1.3479e-05 1.313e-05 1.272e-05 1.101e-05 8.6508e-06 8.5104e-06 8.8368e-06 6.7932e-06 4.6744e-06 4.5239e-06 1.2403e-06 -9.139e-07 -1.4126e-06 -1.4606e-06 -1.4155e-06 -1.5347e-06 -1.575e-06 -1.5869e-06 -1.5763e-06 -1.5567e-06 -1.5202e-06 -1.4651e-06 -1.4126e-06 -1.3849e-06 -1.3665e-06 -1.3626e-06 -1.3759e-06 -1.3986e-06 -1.4176e-06 -1.4662e-06 -1.3715e-06 -1.3946e-06 -1.5578e-06 -1.5876e-06 -1.585e-06 -1.515e-06 -1.5283e-06 -1.0935e-06 -1.4756e-06 -1.2113e-06 -7.7727e-07 -9.0683e-07 2.707e-07 1.143e-06 -3.6665e-07 2.1472e-06 6.3333e-07 -1.2977e-06 -1.3022e-06 -1.2279e-06 2.5277e-06 1.0158e-06 5.8867e-06 6.7251e-06 4.289e-06 3.9896e-06 5.1962e-06 6.6717e-06 5.3635e-06 3.087e-07 2.4572e-06 7.4509e-06 5.8535e-06 1.496e-06 7.1369e-06 1.77e-06 2.3279e-06 1.9376e-06 2.0022e-06 5.876e-07 3.9106e-07 -1.2983e-08 2.6562e-07 -2.8889e-07 -3.8939e-07 -8.9855e-07 -1.2116e-06 -1.3137e-06 -1.3727e-06 -1.4845e-06 -1.5556e-06 -1.5851e-06 -1.5546e-06 -1.4817e-06 -1.4296e-06 -1.2111e-06 -1.0933e-06 -9.9763e-07 -8.0905e-07 -7.8202e-07 -7.9101e-07 -8.0327e-07 -8.492e-07 -8.2319e-07 -8.6381e-07 -9.0699e-07 -1.0088e-06 -1.077e-06 -1.0557e-06 -1.0766e-06 -1.1839e-06 -1.2792e-06 -1.3667e-06 -1.4335e-06 -1.4778e-06 -1.5399e-06 -1.5766e-06 -1.5865e-06 -1.553e-06 -1.5111e-06 -1.4237e-06 -1.2487e-06 -1.2462e-06 -1.1642e-06 -1.0299e-06 -1.0102e-06 -6.7981e-07 1.8547e-06 5.9592e-07 1.8042e-06 -1.2674e-06 -1.4159e-06 -1.501e-06 -1.5207e-06 -1.5712e-06 -1.572e-06 -1.5838e-06
-1.5812e-06 -1.5865e-06 -1.5865e-06 -1.5841e-06 -1.5813e-06 -1.58e-06 -1.5766e-06 -1.5733e-06 -1.5713e-06 -1.5732e-06 -1.5675e-06 -1.5786e-06 -1.5701e-06 -1.5714e-06 -1.5448e-06 -1.5326e-06 -1.4809e-06 -1.3818e-06 -1.0755e-06 -3.1287e-07 7.1585e-07 1.8819e-06 3.3697e-06 4.7825e-06 6.294e-06 7.6313e-06 9.367e-06 1.0822e-05 1.3055e-05 1.3917e-05 1.3279e-05 1.2222e-05 1.1645e-05 1.1455e-05 1.1325e-05 1.1486e-05 1.2149e-05 1.2563e-05 1.3879e-05 1.3439e-05 1.2177e-05 1.1612e-05 1.2142e-05 1.2279e-05 1.221e-05 1.3311e-05 1.2805e-05 1.3752e-05 1.3404e-05 1.3362e-05 1.35e-05 1.3308e-05 1.3861e-05 1.3431e-05 1.2175e-05 1.2543e-05 1.198e-05 9.741e-06 8.2379e-06 6.0623e-06 6.2869e-06 5.9059e-06 4.4756e-06 1.1691e-06 -8.8656e-07 -1.4485e-06 -1.531e-06 -1.5501e-06 -1.5733e-06 -1.5871e-06 -1.5714e-06 -1.5461e-06 -1.4691e-06 -1.4339e-06 -1.1944e-06 -1.3668e-06 -1.2971e-06 -1.3406e-06 -1.2855e-06 -1.2826e-06 -1.3152e-06 -1.3291e-06 -1.4204e-06 -1.4071e-06 -1.3803e-06 -1.5134e-06 -1.5424e-06 -1.5874e-06 -1.5859e-06 -1.5873e-06 -1.5712e-06 -1.5454e-06 -1.5379e-06 -1.4578e-06 -1.2551e-06 -6.5198e-07 -2.4224e-07 2.3006e-07 -9.7265e-07 -1.1763e-06 -1.3818e-06 -1.2762e-06 -1.478e-07 -1.1425e-06 -1.1892e-07 -1.0805e-06 -7.4223e-07 -1.0415e-06 5.8527e-06 6.443e-06 7.5133e-06 1.4089e-06 6.4722e-06 8.1294e-06 8.7505e-07 6.5283e-07 1.3739e-06 2.0347e-06 1.779e-06 1.0003e-06 7.9591e-07 7.449e-07 -5.0541e-07 -1.0001e-06 -4.015e-07 -3.8342e-07 -5.1482e-07 -1.0295e-06 -1.2435e-06 -1.3167e-06 -1.2653e-06 -1.4763e-06 -1.4937e-06 -1.5748e-06 -1.5828e-06 -1.5148e-06 -1.4377e-06 -1.4112e-06 -1.2201e-06 -1.0525e-06 -9.0151e-07 -8.1176e-07 -8.5672e-07 -9.9667e-07 -7.9309e-07 -8.5661e-07 -8.9957e-07 -9.8585e-07 -8.3546e-07 -1.1066e-06 -1.0712e-06 -1.0988e-06 -1.1669e-06 -1.2072e-06 -1.2019e-06 -1.3112e-06 -1.4012e-06 -1.4358e-06 -1.5612e-06 -1.5771e-06 -1.5858e-06 -1.551e-06 -1.4525e-06 -1.4061e-06 -1.3373e-06 -1.2687e-06 -1.1393e-06 -1.1949e-06 -1.1671e-06 -8.4438e-07 -1.3296e-07 6.8803e-07 2.8492e-06 -1.1799e-06 -1.4849e-06 -1.4907e-06 -1.5611e-06 -1.5697e-06 -1.5813e-06 -1.5868e-06
-1.5877e-06 -1.5877e-06 -1.5864e-06 -1.5865e-06 -1.5857e-06 -1.5834e-06 -1.5808e-06 -1.5745e-06 -1.5712e-06 -1.5777e-06 -1.5772e-06 -1.5671e-06 -1.5645e-06 -1.5529e-06 -1.5456e-06 -1.4957e-06 -1.3927e-06 -1.1937e-06 -7.5872e-07 -1.1209e-07 9.6276e-07 2.0453e-06 3.1963e-06 4.1325e-06 4.9143e-06 5.9095e-06 7.2052e-06 8.8671e-06 1.1142e-05 1.3186e-05 1.3804e-05 1.3917e-05 1.3901e-05 1.2904e-05 1.2195e-05 1.1998e-05 1.2701e-05 1.3799e-05 1.3778e-05 1.2703e-05 1.154e-05 1.0904e-05 1.0961e-05 1.0552e-05 9.9058e-06 9.1636e-06 8.8257e-06 1.0059e-05 1.2754e-05 1.354e-05 1.386e-05 1.3533e-05 1.2194e-05 1.2376e-05 1.2343e-05 1.1402e-05 8.144e-06 9.2422e-06 8.2091e-06 5.5782e-06 4.5322e-06 2.6777e-06 1.5013e-06 1.1193e-07 -9.5113e-07 -1.4938e-06 -1.5245e-06 -1.5781e-06 -1.5877e-06 -1.5753e-06 -1.5558e-06 -1.4677e-06 -1.4179e-06 -1.3458e-06 -1.3511e-06 -1.2224e-06 -1.2299e-06 -1.2237e-06 -1.139e-06 -1.1393e-06 -1.2715e-06 -1.2338e-06 -1.2824e-06 -1.3111e-06 -1.3684e-06 -1.4151e-06 -1.5226e-06 -1.4968e-06 -1.541e-06 -1.5852e-06 -1.5874e-06 -1.5794e-06 -1.5766e-06 -1.543e-06 -1.5283e-06 -1.4877e-06 -1.1631e-06 -8.6022e-07 -1.3578e-06 -1.3338e-06 -7.8257e-07 -1.4764e-07 5.7627e-07 -1.2118e-06 -2.5787e-07 -1.0932e-06 -1.1604e-06 -1.188e-06 1.1849e-07 1.7735e-06 4.2071e-06 8.0118e-07 1.8578e-06 2.5705e-06 6.0928e-07 1.6165e-06 2.5811e-06 8.2097e-07 6.1266e-07 2.413e-07 3.8275e-07 -3.0321e-07 -5.6888e-07 -8.9441e-07 -8.9853e-07 -1.0366e-06 -1.0904e-06 -1.1259e-06 -1.3103e-06 -1.3758e-06 -1.4475e-06 -1.4663e-06 -1.5681e-06 -1.5857e-06 -1.5432e-06 -1.4741e-06 -1.3781e-06 -1.2526e-06 -1.1881e-06 -1.0464e-06 -9.2621e-07 -7.9483e-07 -8.0041e-07 -7.8959e-07 -8.1849e-07 -9.295e-07 -8.8675e-07 -8.7459e-07 -9.1162e-07 -9.4003e-07 -1.0455e-06 -9.904e-07 -1.0539e-06 -1.2557e-06 -1.1953e-06 -1.235e-06 -1.3478e-06 -1.4703e-06 -1.576e-06 -1.5876e-06 -1.5826e-06 -1.5125e-06 -1.4342e-06 -1.3885e-06 -1.3707e-06 -1.3316e-06 -1.3176e-06 -1.3081e-06 -1.2928e-06 -1.2049e-06 -1.0338e-06 -4.3615e-07 1.3623e-06 -1.3285e-06 -1.3454e-06 -1.4161e-06 -1.5337e-06 -1.5834e-06 -1.584e-06 -1.5877e-06
-1.5877e-06 -1.5876e-06 -1.5875e-06 -1.5843e-06 -1.5836e-06 -1.5831e-06 -1.5791e-06 -1.5807e-06 -1.5685e-06 -1.5831e-06 -1.5794e-06 -1.5717e-06 -1.5704e-06 -1.5476e-06 -1.4949e-06 -1.4668e-06 -1.2666e-06 -1.0521e-06 -6.5327e-07 -7.0858e-08 9.7879e-07 1.617e-06 2.3579e-06 2.9169e-06 3.6476e-06 4.4356e-06 5.557e-06 6.2157e-06 7.563e-06 9.2735e-06 1.0695e-05 1.1184e-05 1.1154e-05 1.131e-05 1.3541e-05 1.3735e-05 1.291e-05 1.2147e-05 1.1928e-05 1.1747e-05 1.111e-05 1.0713e-05 1.0823e-05 1.0527e-05 9.6218e-06 8.6766e-06 8.6374e-06 8.8871e-06 1.2766e-05 1.3484e-05 1.2572e-05 1.1205e-05 8.0274e-06 9.9671e-06 9.3318e-06 6.1178e-06 7.8103e-06 2.6525e-06 7.9384e-06 5.9814e-06 3.9426e-06 1.9182e-06 1.1888e-07 -9.964e-07 -1.4135e-06 -1.538e-06 -1.5748e-06 -1.5862e-06 -1.5645e-06 -1.5484e-06 -1.4725e-06 -1.4063e-06 -1.3677e-06 -1.298e-06 -1.2644e-06 -1.2827e-06 -1.3483e-06 -1.443e-06 -1.1361e-06 -1.1254e-06 -1.1717e-06 -1.1262e-06 -1.2105e-06 -1.2311e-06 -1.3074e-06 -1.3433e-06 -1.3643e-06 -1.4068e-06 -1.4673e-06 -1.516e-06 -1.5525e-06 -1.5648e-06 -1.575e-06 -1.5859e-06 -1.565e-06 -1.574e-06 -1.5183e-06 -1.4584e-06 -1.4598e-06 -1.481e-06 -1.4028e-06 -1.3268e-06 -1.4842e-06 -1.2778e-06 -8.8329e-07 -1.2235e-06 -6.1382e-07 -7.1718e-07 -1.1014e-06 -2.1085e-07 8.405e-07 -9.8722e-09 -7.2919e-08 -4.3894e-07 -5.2395e-07 2.0831e-06 5.6955e-07 1.6373e-07 -1.032e-07 -5.4561e-07 -5.7439e-07 -7.6283e-07 -1.0601e-06 -8.7998e-07 -1.1783e-06 -1.1969e-06 -1.2103e-06 -1.2561e-06 -1.3698e-06 -1.4142e-06 -1.5228e-06 -1.5473e-06 -1.5839e-06 -1.5851e-06 -1.3415e-06 -1.3111e-06 -1.3673e-06 -1.2879e-06 -1.1735e-06 -1.0684e-06 -9.4218e-07 -8.1308e-07 -8.0965e-07 -8.6059e-07 -8.503e-07 -8.8563e-07 -9.1778e-07 -9.2261e-07 -1.0222e-06 -9.1195e-07 -9.5765e-07 -9.933e-07 -1.1137e-06 -1.1254e-06 -1.1329e-06 -1.2861e-06 -1.4106e-06 -1.5118e-06 -1.561e-06 -1.396e-06 -1.494e-06 -1.5673e-06 -1.4973e-06 -1.4788e-06 -1.4436e-06 -1.4093e-06 -1.4131e-06 -1.3585e-06 -1.3736e-06 -1.3468e-06 -1.3018e-06 -1.1172e-06 -1.2061e-06 -1.2875e-06 -1.3768e-06 -1.5129e-06 -1.5335e-06 -1.5754e-06 -1.5831e-06 -1.5877e-06
-1.5875e-06 -1.5876e-06 -1.5875e-06 -1.585e-06 -1.587e-06 -1.5866e-06 -1.585e-06 -1.5844e-06 -1.5798e-06 -1.5797e-06 -1.5824e-06 -1.57e-06 -1.5645e-06 -1.5217e-06 -1.456e-06 -1.3603e-06 -1.1498e-06 -9.5982e-07 -6.4969e-07 -1.4563e-07 4.7907e-07 8.7585e-07 1.4821e-06 2.116e-06 3.1044e-06 3.7364e-06 4.1571e-06 4.7508e-06 5.2143e-06 5.8902e-06 6.5337e-06 7.181e-06 7.7186e-06 8.1977e-06 8.8677e-06 8.6251e-06 8.4036e-06 8.5869e-06 9.8471e-06 1.0563e-05 1.0682e-05 1.0056e-05 1.0191e-05 1.1203e-05 1.0535e-05 9.6654e-06 9.5024e-06 9.4699e-06 6.34e-06 1.232e-05 1.582e-06 2.8179e-07 -2.5718e-07 1.3782e-06 1.6606e-06 5.9119e-06 5.5831e-06 5.4547e-06 1.8597e-06 5.0529e-06 1.9516e-06 3.4449e-07 -9.165e-07 -1.3612e-06 -1.4391e-06 -1.5767e-06 -1.5865e-06 -1.56e-06 -1.549e-06 -1.448e-06 -1.4368e-06 -1.3737e-06 -1.2959e-06 -1.2746e-06 -1.2464e-06 -1.232e-06 -1.1885e-06 -1.1027e-06 -1.0532e-06 -1.0642e-06 -1.0585e-06 -1.1241e-06 -1.1375e-06 -1.1828e-06 -1.2079e-06 -1.2684e-06 -1.2789e-06 -1.3856e-06 -1.4159e-06 -1.4496e-06 -1.4881e-06 -1.5336e-06 -1.5762e-06 -1.586e-06 -1.5869e-06 -1.5873e-06 -1.5694e-06 -1.5745e-06 -1.5726e-06 -1.5572e-06 -1.4359e-06 -1.518e-06 -1.3049e-06 -1.3729e-06 -1.3299e-07 -1.5653e-06 -8.411e-07 -1.2973e-06 -1.1704e-06 -7.1575e-07 -4.3592e-07 -6.9746e-07 -5.4243e-07 -4.4548e-07 6.1339e-08 -7.4489e-07 -6.1681e-07 -7.6764e-07 -9.0511e-07 -8.2209e-07 -8.6257e-07 -9.764e-07 -1.1617e-06 -1.1465e-06 -1.145e-06 -1.2442e-06 -1.2109e-06 -1.3195e-06 -1.3837e-06 -1.4669e-06 -1.5446e-06 -1.5787e-06 -1.5868e-06 -1.5604e-06 -1.4077e-06 -1.3457e-06 -1.381e-06 -1.2527e-06 -1.2452e-06 -1.0902e-06 -9.9969e-07 -9.2561e-07 -8.626e-07 -8.6601e-07 -9.1028e-07 -8.9569e-07 -9.2355e-07 -9.2911e-07 -9.9035e-07 -1.0997e-06 -9.496e-07 -1.0591e-06 -1.1711e-06 -1.241e-06 -1.2438e-06 -1.3973e-06 -1.4618e-06 -1.5426e-06 -1.5633e-06 -1.4319e-06 -1.3278e-06 -1.5763e-06 -1.5344e-06 -1.5168e-06 -1.5094e-06 -1.4842e-06 -1.4914e-06 -1.466e-06 -1.4059e-06 -1.4413e-06 -1.388e-06 -1.4026e-06 -8.3234e-07 -1.1802e-06 -1.5442e-06 -1.5309e-06 -1.5298e-06 -1.5845e-06 -1.5851e-06 -1.5865e-06
-1.5875e-06 -1.5875e-06 -1.5873e-06 -1.5874e-06 -1.5876e-06 -1.5877e-06 -1.5825e-06 -1.5802e-06 -1.5833e-06 -1.5809e-06 -1.573e-06 -1.5518e-06 -1.5268e-06 -1.4858e-06 -1.407e-06 -1.2781e-06 -1.0689e-06 -7.703e-07 -5.0109e-07 -1.2879e-07 8.29e-07 6.9868e-07 1.213e-06 1.9787e-06 2.2914e-06 2.8469e-06 3.369e-06 3.8028e-06 4.2941e-06 4.6032e-06 5.1665e-06 5.7884e-06 6.4738e-06 6.8328e-06 6.7943e-06 6.6813e-06 7.3274e-06 7.653e-06 8.7092e-06 9.5671e-06 9.9277e-06 9.8102e-06 9.5785e-06 9.2688e-06 9.7247e-06 8.6694e-06 7.1826e-06 5.2167e-06 2.0144e-06 9.7466e-07 2.4004e-07 -2.5972e-07 -7.2389e-07 -9.19e-07 -9.5704e-07 1.3853e-07 3.9258e-06 4.6987e-06 3.304e-06 6.3826e-07 -2.299e-07 -1.0358e-06 -1.3496e-06 -1.5641e-06 -1.5705e-06 -1.5876e-06 -1.575e-06 -1.5268e-06 -1.4654e-06 -1.4127e-06 -1.3182e-06 -1.2379e-06 -1.1822e-06 -1.1751e-06 -1.1213e-06 -1.0921e-06 -1.0757e-06 -1.1615e-06 -8.8089e-07 -8.0223e-07 -1.0435e-06 -1.0623e-06 -1.0197e-06 -1.2745e-06 -1.1334e-06 -1.2043e-06 -1.3097e-06 -1.3388e-06 -1.3069e-06 -1.3915e-06 -1.4151e-06 -1.4652e-06 -1.5172e-06 -1.5522e-06 -1.5724e-06 -1.5827e-06 -1.5876e-06 -1.5655e-06 -1.5875e-06 -1.5724e-06 -1.568e-06 -1.5636e-06 -1.316e-06 -9.4626e-07 -9.0896e-08 -1.5006e-06 -2.971e-07 -1.2949e-06 -1.2249e-06 -1.0492e-06 -1.0483e-06 -1.0044e-06 -9.8729e-07 -1.0471e-06 -1.1843e-06 -1.0002e-06 -1.0682e-06 -1.03e-06 -1.1395e-06 -1.1719e-06 -1.141e-06 -1.2157e-06 -1.1611e-06 -1.1832e-06 -1.248e-06 -1.261e-06 -1.2203e-06 -1.3436e-06 -1.4042e-06 -1.4651e-06 -1.5241e-06 -1.5777e-06 -1.5848e-06 -1.5604e-06 -1.4954e-06 -1.4819e-06 -1.3542e-06 -1.3029e-06 -1.1798e-06 -1.1093e-06 -1.0346e-06 -9.7438e-07 -8.708e-07 -8.9999e-07 -8.7546e-07 -8.9212e-07 -9.7745e-07 -9.1719e-07 -9.4364e-07 -1.0124e-06 -1.0461e-06 -1.1523e-06 -1.164e-06 -1.3225e-06 -1.4615e-06 -1.4351e-06 -1.4925e-06 -1.5439e-06 -1.5683e-06 -1.5814e-06 -1.5873e-06 -1.5825e-06 -1.571e-06 -1.5459e-06 -1.5361e-06 -1.5377e-06 -1.5043e-06 -1.5164e-06 -1.4788e-06 -1.4651e-06 -1.4478e-06 -1.4648e-06 -1.3997e-06 -1.5284e-06 -1.5353e-06 -1.496e-06 -1.5426e-06 -1.5849e-06 -1.5855e-06 -1.586e-06
-1.5877e-06 -1.5873e-06 -1.5871e-06 -1.5869e-06 -1.5874e-06 -1.5877e-06 -1.5864e-06 -1.5819e-06 -1.5775e-06 -1.556e-06 -1.5639e-06 -1.5469e-06 -1.4985e-06 -1.4399e-06 -1.3289e-06 -1.1062e-06 -6.639e-07 -7.1065e-07 -5.7658e-07 -2.545e-07 4.8431e-08 3.109e-07 8.0885e-07 1.191e-06 1.6691e-06 2.0732e-06 2.5867e-06 3.1412e-06 3.3982e-06 3.944e-06 4.3702e-06 4.5972e-06 5.1496e-06 5.3809e-06 5.2886e-06 5.4216e-06 5.5114e-06 6.2753e-06 7.3864e-06 8.2205e-06 8.7738e-06 8.8481e-06 8.5354e-06 8.129e-06 7.0757e-06 5.614e-06 4.6162e-06 3.1194e-06 1.7141e-06 4.799e-07 -2.5681e-07 -6.0964e-07 -8.3714e-07 -1.0285e-06 -1.1478e-06 -1.2459e-06 5.9881e-07 -8.5247e-08 1.4483e-06 -9.8385e-07 -1.5129e-06 -1.5604e-06 -1.5833e-06 -1.5876e-06 -1.582e-06 -1.5558e-06 -1.4791e-06 -1.4248e-06 -1.3594e-06 -1.3174e-06 -1.1758e-06 -1.1224e-06 -1.0992e-06 -1.067e-06 -1.0111e-06 -9.511e-07 -9.4263e-07 -9.8263e-07 -9.0016e-07 -9.4732e-07 -1.0233e-06 -9.6208e-07 -1.0223e-06 -9.831e-07 -1.0797e-06 -9.5993e-07 -1.0357e-06 -1.2128e-06 -1.2421e-06 -1.3586e-06 -1.3524e-06 -1.4068e-06 -1.4742e-06 -1.499e-06 -1.5507e-06 -1.5742e-06 -1.5689e-06 -1.5043e-06 -1.5872e-06 -1.5877e-06 -1.5688e-06 -1.568e-06 -1.5266e-06 -1.4617e-06 -1.1774e-06 -1.2037e-06 -1.1723e-06 -1.4021e-06 -1.2927e-06 -1.3486e-06 -1.2729e-06 -1.2727e-06 -1.1843e-06 -1.2658e-06 -1.2539e-06 -1.2223e-06 -1.3043e-06 -1.3662e-06 -1.2658e-06 -1.3411e-06 -1.2805e-06 -1.2456e-06 -1.1409e-06 -1.2112e-06 -1.2558e-06 -1.2068e-06 -1.2025e-06 -1.3353e-06 -1.3902e-06 -1.438e-06 -1.5382e-06 -1.5799e-06 -1.5872e-06 -1.5719e-06 -1.5735e-06 -1.5173e-06 -1.4607e-06 -1.3653e-06 -1.3447e-06 -1.276e-06 -1.2516e-06 -1.1679e-06 -1.1548e-06 -1.0627e-06 -1.0323e-06 -1.0189e-06 -1.08e-06 -1.0689e-06 -1.1835e-06 -1.1802e-06 -1.1718e-06 -1.1848e-06 -1.3303e-06 -1.4301e-06 -1.4678e-06 -1.5215e-06 -1.502e-06 -1.5474e-06 -1.5676e-06 -1.5826e-06 -1.5876e-06 -1.5835e-06 -1.5748e-06 -1.5669e-06 -1.5595e-06 -1.5461e-06 -1.5539e-06 -1.5437e-06 -1.426e-06 -1.4792e-06 -1.4475e-06 -1.5076e-06 -1.4952e-06 -1.4956e-06 -1.5208e-06 -1.5683e-06 -1.5868e-06 -1.5871e-06 -1.5863e-06 -1.585e-06
-1.5809e-06 -1.5834e-06 -1.5875e-06 -1.5852e-06 -1.587e-06 -1.5716e-06 -1.5784e-06 -1.5817e-06 -1.5741e-06 -1.5642e-06 -1.5583e-06 -1.522e-06 -1.4962e-06 -1.4166e-06 -1.3802e-06 -1.144e-06 -1.3557e-06 -4.7723e-07 -6.7378e-07 -5.2555e-07 -3.0182e-07 1.2708e-08 2.5675e-07 4.2585e-07 9.6221e-07 1.4265e-06 1.8506e-06 2.4155e-06 2.8891e-06 3.1772e-06 3.5087e-06 3.595e-06 3.9364e-06 3.8323e-06 4.0125e-06 3.9045e-06 4.3813e-06 4.7212e-06 5.1951e-06 5.928e-06 6.7487e-06 6.7799e-06 7.2339e-06 6.9106e-06 6.0825e-06 4.6535e-06 3.1418e-06 8.6763e-08 -1.7612e-08 -5.9803e-07 -7.8515e-07 -8.4801e-07 -1.2164e-06 -1.1158e-06 -1.2614e-06 -1.3916e-06 -1.471e-06 -1.5008e-06 -1.5711e-06 -1.5864e-06 -1.5857e-06 -1.5738e-06 -1.5245e-06 -1.4954e-06 -1.4359e-06 -1.3735e-06 -1.3482e-06 -1.2776e-06 -1.2351e-06 -1.1634e-06 -1.0587e-06 -1.0097e-06 -9.8864e-07 -9.2135e-07 -8.8193e-07 -9.3095e-07 -8.9875e-07 -8.9257e-07 -8.4736e-07 -7.5762e-07 -9.6998e-07 -9.4192e-07 -9.0572e-07 -9.7106e-07 -8.7659e-07 -1.011e-06 -1.1408e-06 -1.1574e-06 -1.2629e-06 -1.2621e-06 -1.3053e-06 -1.3329e-06 -1.4037e-06 -1.4624e-06 -1.5373e-06 -1.5455e-06 -1.5514e-06 -1.558e-06 -1.5746e-06 -1.5858e-06 -1.5877e-06 -1.5841e-06 -1.5621e-06 -1.5622e-06 -1.5485e-06 -1.4967e-06 -1.4524e-06 -1.4559e-06 -1.4598e-06 -1.4133e-06 -1.4133e-06 -1.4129e-06 -1.3671e-06 -1.4292e-06 -1.373e-06 -1.4374e-06 -1.4906e-06 -1.4725e-06 -1.4663e-06 -1.4391e-06 -1.3397e-06 -1.3097e-06 -1.254e-06 -1.2267e-06 -1.1555e-06 -1.183e-06 -1.3369e-06 -1.4074e-06 -1.4135e-06 -1.4513e-06 -1.5292e-06 -1.5738e-06 -1.5867e-06 -1.5876e-06 -1.5779e-06 -1.5438e-06 -1.5053e-06 -1.4573e-06 -1.4491e-06 -1.4122e-06 -1.3779e-06 -1.3326e-06 -1.3148e-06 -1.2499e-06 -1.2244e-06 -1.2659e-06 -1.2488e-06 -1.2475e-06 -1.4028e-06 -1.3862e-06 -1.3291e-06 -1.4026e-06 -1.4168e-06 -1.4904e-06 -1.5238e-06 -1.4973e-06 -1.5651e-06 -1.5425e-06 -1.5589e-06 -1.5875e-06 -1.5855e-06 -1.5837e-06 -1.5796e-06 -1.5804e-06 -1.5614e-06 -1.5638e-06 -1.5503e-06 -1.5192e-06 -1.5e-06 -1.5257e-06 -1.5318e-06 -1.4513e-06 -1.4822e-06 -1.4774e-06 -1.5492e-06 -1.5776e-06 -1.5872e-06 -1.5854e-06 -1.5787e-06 -1.5735e-06
-1.5809e-06 -1.5813e-06 -1.585e-06 -1.5874e-06 -1.5862e-06 -1.5862e-06 -1.5785e-06 -1.5722e-06 -1.5699e-06 -1.5715e-06 -1.5388e-06 -1.5043e-06 -1.505e-06 -1.4304e-06 -1.3645e-06 -1.3241e-06 -8.3278e-07 -9.2622e-07 -7.3641e-07 -7.128e-07 -5.5103e-07 -4.0146e-07 -1.4703e-07 1.0487e-07 3.1437e-07 6.1935e-07 1.0663e-06 1.5307e-06 1.5245e-06 2.008e-06 2.182e-06 2.427e-06 2.6024e-06 2.529e-06 2.6806e-06 2.6681e-06 2.8161e-06 3.0674e-06 3.3178e-06 4.2988e-06 4.612e-06 5.1009e-06 5.2935e-06 5.1394e-06 4.4126e-06 3.0208e-06 1.6666e-06 7.1815e-07 -3.0097e-07 -6.1616e-07 -8.516e-07 -9.8664e-07 -1.1042e-06 -1.2435e-06 -1.3802e-06 -1.4769e-06 -1.5417e-06 -1.5811e-06 -1.5866e-06 -1.5709e-06 -1.4935e-06 -1.4569e-06 -1.4192e-06 -1.3857e-06 -1.3246e-06 -1.3001e-06 -1.2315e-06 -1.167e-06 -1.1221e-06 -1.0229e-06 -1.0062e-06 -5.0435e-07 -8.4747e-07 -8.421e-07 -8.2596e-07 -7.7399e-07 -7.8909e-07 -8.4006e-07 -8.2557e-07 -8.4356e-07 -8.7191e-07 -7.4542e-07 -9.542e-07 -9.338e-07 -1.3786e-06 -7.4955e-08 -1.0933e-06 -1.1474e-06 -1.1729e-06 -1.247e-06 -1.238e-06 -1.3437e-06 -1.3883e-06 -1.4248e-06 -1.4484e-06 -1.5076e-06 -1.5121e-06 -1.5494e-06 -1.5648e-06 -1.5868e-06 -1.5866e-06 -1.5876e-06 -1.5741e-06 -1.5412e-06 -1.5194e-06 -1.5247e-06 -1.5173e-06 -1.473e-06 -1.5293e-06 -1.5019e-06 -1.4799e-06 -1.5128e-06 -1.541e-06 -1.5352e-06 -1.5339e-06 -1.5465e-06 -1.5612e-06 -1.5422e-06 -1.5125e-06 -1.4282e-06 -1.3843e-06 -1.3946e-06 -1.3596e-06 -1.2981e-06 -1.299e-06 -1.3252e-06 -1.2859e-06 -1.3596e-06 -1.4197e-06 -1.4455e-06 -1.5249e-06 -1.5453e-06 -1.5786e-06 -1.5791e-06 -1.5864e-06 -1.585e-06 -1.5549e-06 -1.5368e-06 -1.5228e-06 -1.5388e-06 -1.4713e-06 -1.4942e-06 -1.4357e-06 -1.3766e-06 -1.3717e-06 -1.3997e-06 -1.4154e-06 -1.3986e-06 -1.4194e-06 -1.464e-06 -1.4327e-06 -1.4627e-06 -1.4545e-06 -1.4646e-06 -1.5269e-06 -1.5105e-06 -1.5489e-06 -1.5379e-06 -1.5534e-06 -1.5816e-06 -1.5875e-06 -1.5871e-06 -1.5844e-06 -1.5803e-06 -1.5749e-06 -1.5576e-06 -1.5561e-06 -1.5421e-06 -1.4916e-06 -1.5343e-06 -1.5275e-06 -1.4997e-06 -1.5656e-06 -1.5419e-06 -1.5476e-06 -1.5794e-06 -1.5875e-06 -1.5875e-06 -1.5849e-06 -1.5829e-06
-1.5858e-06 -1.5832e-06 -1.5848e-06 -1.5864e-06 -1.587e-06 -1.5876e-06 -1.5661e-06 -1.5848e-06 -1.5841e-06 -1.5842e-06 -1.5747e-06 -1.5572e-06 -1.5254e-06 -1.4954e-06 -1.4231e-06 -1.3061e-06 -1.3296e-06 -1.2044e-06 -1.1092e-06 -9.9412e-07 -8.7315e-07 -7.1261e-07 -4.6934e-07 -2.7059e-07 -2.5456e-07 -1.4065e-07 -3.2498e-08 2.0505e-07 3.833e-07 6.0274e-07 7.4078e-07 1.0702e-06 1.2421e-06 1.1338e-06 8.4542e-07 1.1518e-06 1.1851e-06 1.1685e-06 1.7162e-06 2.3459e-06 2.6535e-06 2.8872e-06 2.8725e-06 2.0709e-06 1.6466e-06 6.8734e-07 1.7227e-07 -2.6567e-07 -6.7768e-07 -8.8403e-07 -1.0329e-06 -1.2354e-06 -1.3018e-06 -1.3998e-06 -1.4943e-06 -1.5412e-06 -1.5795e-06 -1.5868e-06 -1.5672e-06 -1.5015e-06 -1.3771e-06 -1.4484e-06 -1.2612e-06 -1.2159e-06 -1.1998e-06 -1.1498e-06 -1.0676e-06 -1.0127e-06 -9.8405e-07 -9.8789e-07 -8.823e-07 -8.9293e-07 -8.487e-07 -7.6576e-07 -7.4774e-07 -7.4165e-07 -7.9474e-07 -7.0411e-07 -6.5391e-07 -6.994e-07 -8.0736e-07 -8.3407e-07 -8.2212e-07 -8.9683e-07 -9.2566e-07 -9.5189e-07 -9.9464e-07 -1.0249e-06 -1.0937e-06 -1.222e-06 -1.3061e-06 -1.2799e-06 -1.3695e-06 -1.3753e-06 -1.4939e-06 -1.4655e-06 -1.4795e-06 -1.5153e-06 -1.5649e-06 -1.5737e-06 -1.585e-06 -1.5871e-06 -1.5877e-06 -1.5861e-06 -1.5859e-06 -1.5807e-06 -1.5476e-06 -1.549e-06 -1.5564e-06 -1.5655e-06 -1.579e-06 -1.5822e-06 -1.5811e-06 -1.5813e-06 -1.5647e-06 -1.5786e-06 -1.5771e-06 -1.5773e-06 -1.5321e-06 -1.5026e-06 -1.4869e-06 -1.456e-06 -1.37e-06 -1.3881e-06 -1.3275e-06 -1.339e-06 -1.3013e-06 -1.3614e-06 -1.4131e-06 -1.4307e-06 -1.4952e-06 -1.4867e-06 -1.5618e-06 -1.5855e-06 -1.5808e-06 -1.5579e-06 -1.5877e-06 -1.5857e-06 -1.587e-06 -1.5665e-06 -1.541e-06 -1.5759e-06 -1.5409e-06 -1.5078e-06 -1.5136e-06 -1.5384e-06 -1.5142e-06 -1.5211e-06 -1.5183e-06 -1.5186e-06 -1.5225e-06 -1.5093e-06 -1.5155e-06 -1.5375e-06 -1.5407e-06 -1.5263e-06 -1.5377e-06 -1.5644e-06 -1.5649e-06 -1.5804e-06 -1.5755e-06 -1.5871e-06 -1.5876e-06 -1.5823e-06 -1.5759e-06 -1.5629e-06 -1.5109e-06 -1.5175e-06 -1.5046e-06 -1.5307e-06 -1.5455e-06 -1.5503e-06 -1.5663e-06 -1.564e-06 -1.5734e-06 -1.5809e-06 -1.5874e-06 -1.5837e-06 -1.5859e-06 -1.5868e-06
-1.5869e-06 -1.5864e-06 -1.587e-06 -1.5863e-06 -1.5873e-06 -1.5845e-06 -1.5875e-06 -1.5847e-06 -1.5872e-06 -1.5744e-06 -1.5634e-06 -1.5658e-06 -1.5484e-06 -1.5133e-06 -1.4667e-06 -1.4269e-06 -1.3702e-06 -1.3137e-06 -1.2508e-06 -1.1355e-06 -1.0181e-06 -9.8058e-07 -8.835e-07 -7.946e-07 -6.6522e-07 -6.1824e-07 -4.8583e-07 -3.9138e-07 -3.0334e-07 -2.8602e-07 -2.6382e-07 -1.5406e-07 -2.234e-07 -2.2648e-07 -1.3524e-07 -5.017e-08 6.113e-09 -5.0487e-08 6.6021e-08 -6.0882e-07 2.3511e-07 2.7374e-07 2.603e-07 1.3121e-07 1.1707e-08 -1.9561e-07 -3.9936e-07 -6.6996e-07 -9.7729e-07 -1.1385e-06 -1.2004e-06 -1.4075e-06 -1.4968e-06 -1.5439e-06 -1.5732e-06 -1.5877e-06 -1.5781e-06 -1.55e-06 -1.5038e-06 -1.4585e-06 -1.3479e-06 -1.2201e-06 -1.16e-06 -1.1073e-06 -1.0267e-06 -5.7413e-07 -1.0963e-06 -8.8879e-07 -8.5723e-07 -8.4878e-07 -7.51e-07 -8.7613e-07 -7.8349e-07 -6.3448e-07 -5.6829e-07 -6.0228e-07 -6.4369e-07 -6.2297e-07 -7.3269e-07 -6.92e-07 -7.5633e-07 -7.5492e-07 -8.1079e-07 -7.9347e-07 -8.7646e-07 -9.112e-07 -9.9968e-07 -1.0502e-06 -1.1304e-06 -1.1938e-06 -1.2651e-06 -1.2993e-06 -1.3225e-06 -1.3858e-06 -1.3908e-06 -1.3992e-06 -1.4862e-06 -1.5195e-06 -1.528e-06 -1.5618e-06 -1.5696e-06 -1.58e-06 -1.5873e-06 -1.5876e-06 -1.5876e-06 -1.5876e-06 -1.5785e-06 -1.5862e-06 -1.5849e-06 -1.5877e-06 -1.5873e-06 -1.5876e-06 -1.5875e-06 -1.5876e-06 -1.5835e-06 -1.5875e-06 -1.5835e-06 -1.5828e-06 -1.576e-06 -1.5291e-06 -1.5528e-06 -1.5422e-06 -1.347e-06 -1.4437e-06 -1.4172e-06 -1.3838e-06 -1.3262e-06 -1.295e-06 -1.341e-06 -1.4133e-06 -1.4158e-06 -1.4466e-06 -1.4844e-06 -1.1568e-06 -1.4931e-06 -1.5617e-06 -1.57e-06 -1.5633e-06 -1.5862e-06 -1.5873e-06 -1.5843e-06 -1.5826e-06 -1.5775e-06 -1.5703e-06 -1.5693e-06 -1.586e-06 -1.5762e-06 -1.5789e-06 -1.5685e-06 -1.5597e-06 -1.5692e-06 -1.5577e-06 -1.569e-06 -1.578e-06 -1.5652e-06 -1.5622e-06 -1.5741e-06 -1.578e-06 -1.5758e-06 -1.5842e-06 -1.5871e-06 -1.5857e-06 -1.5874e-06 -1.5862e-06 -1.583e-06 -1.5407e-06 -1.5695e-06 -1.5611e-06 -1.5315e-06 -1.551e-06 -1.5383e-06 -1.5637e-06 -1.5722e-06 -1.5688e-06 -1.5834e-06 -1.5845e-06 -1.5808e-06 -1.5876e-06 -1.5876e-06 -1.5845e-06
-1.5789e-06 -1.5877e-06 -1.5877e-06 -1.2935e-06 -1.5869e-06 -1.5845e-06 -1.5842e-06 -1.5861e-06 -1.5875e-06 -1.5876e-06 -1.5859e-06 -1.5729e-06 -1.5703e-06 -1.5448e-06 -1.5327e-06 -1.5199e-06 -1.4841e-06 -1.4574e-06 -1.3636e-06 -1.2445e-06 -1.0048e-06 -1.2196e-06 -1.1624e-06 -1.1042e-06 -1.0556e-06 -1.0299e-06 -9.4107e-07 -9.5952e-07 -9.5208e-07 -8.705e-07 -8.4838e-07 -7.7656e-07 -7.4749e-07 -6.8177e-07 -6.0754e-07 -5.4547e-07 -5.1286e-07 -5.5872e-07 -5.4049e-07 -5.0914e-07 -4.7988e-07 -5.5989e-07 -5.7063e-07 -6.7012e-07 -8.1391e-07 -9.0232e-07 -1.0307e-06 -1.0949e-06 -1.2694e-06 -1.3766e-06 -1.4937e-06 -1.5445e-06 -1.5779e-06 -1.5873e-06 -1.5657e-06 -1.5439e-06 -1.5054e-06 -1.4525e-06 -1.3706e-06 -1.3445e-06 -1.2631e-06 -1.1518e-06 -1.0404e-06 -9.3304e-07 -9.372e-07 -9.0845e-07 -7.5583e-07 -7.8096e-07 -7.9679e-07 -8.0299e-07 -7.2684e-07 -7.781e-07 -6.9709e-07 -7.023e-07 -6.678e-07 -6.045e-07 -6.5718e-07 -7.3803e-07 -7.5252e-07 -7.1186e-07 -7.3966e-07 -7.551e-07 -8.5639e-07 -9.1739e-07 -9.6002e-07 -1.1713e-06 -1.1269e-06 -1.1652e-06 -1.1798e-06 -1.2139e-06 -1.2371e-06 -1.3046e-06 -1.3774e-06 -1.4049e-06 -1.3779e-06 -1.5094e-06 -1.5236e-06 -1.5173e-06 -1.5337e-06 -1.5539e-06 -1.5586e-06 -1.5736e-06 -1.5826e-06 -1.5826e-06 -1.5815e-06 -1.5846e-06 -1.5855e-06 -1.5849e-06 -1.5859e-06 -1.5873e-06 -1.5839e-06 -1.586e-06 -1.581e-06 -1.5863e-06 -1.5873e-06 -1.5876e-06 -1.5874e-06 -1.5811e-06 -1.5869e-06 -1.5798e-06 -1.565e-06 -1.5566e-06 -1.5527e-06 -1.5179e-06 -1.4883e-06 -1.4598e-06 -1.4004e-06 -1.3771e-06 -1.3555e-06 -1.3556e-06 -1.3654e-06 -1.4134e-06 -1.4475e-06 -1.4513e-06 -1.4898e-06 -1.533e-06 -1.549e-06 -1.5478e-06 -1.5716e-06 -1.533e-06 -1.5831e-06 -1.548e-06 -1.5849e-06 -1.5877e-06 -1.581e-06 -1.5874e-06 -1.5876e-06 -1.5875e-06 -1.5858e-06 -1.5855e-06 -1.5871e-06 -1.5864e-06 -1.5776e-06 -1.5778e-06 -1.5787e-06 -1.5831e-06 -1.582e-06 -1.5862e-06 -1.5831e-06 -1.5818e-06 -1.5854e-06 -1.5876e-06 -1.5868e-06 -1.5877e-06 -1.5786e-06 -1.5846e-06 -1.5844e-06 -1.5854e-06 -1.547e-06 -1.5658e-06 -1.57e-06 -1.5757e-06 -1.5575e-06 -1.5825e-06 -1.5875e-06 -1.5875e-06 -1.5876e-06 -1.587e-06 -1.5861e-06 -1.5848e-06
-1.5817e-06 -1.5607e-06 -1.58e-06 -1.5649e-06 -1.5677e-06 -1.5753e-06 -1.5795e-06 -1.576e-06 -1.5848e-06 -1.5874e-06 -1.5871e-06 -1.587e-06 -1.5873e-06 -1.5857e-06 -1.5832e-06 -1.5601e-06 -1.5496e-06 -1.5319e-06 -1.4789e-06 -1.511e-06 -1.4857e-06 -1.4264e-06 -1.4085e-06 -1.3875e-06 -1.3578e-06 -1.3392e-06 -1.2343e-06 -1.2778e-06 -1.254e-06 -1.2292e-06 -1.1782e-06 -1.1258e-06 -1.1092e-06 -1.0641e-06 -9.9731e-07 -9.1708e-07 -9.1259e-07 -9.2697e-07 -8.6578e-07 -8.5044e-07 -8.5589e-07 -9.3886e-07 -1.0242e-06 -1.1075e-06 -1.2109e-06 -1.2925e-06 -1.3502e-06 -1.4296e-06 -1.4759e-06 -1.5297e-06 -1.5646e-06 -1.571e-06 -1.5852e-06 -1.5467e-06 -1.4923e-06 -1.4111e-06 -1.3208e-06 -1.1966e-06 -1.1463e-06 -1.1122e-06 -1.084e-06 -9.6841e-07 -9.1393e-07 -9.3392e-07 -8.1299e-07 -7.772e-07 -7.6113e-07 -8.4746e-07 -7.924e-07 -7.3417e-07 -8.4132e-07 -8.1737e-07 -7.1849e-07 -7.0741e-07 -7.0773e-07 -6.8342e-07 -6.8696e-07 -7.5699e-07 -7.4789e-07 -7.727e-07 -7.5639e-07 -8.4093e-07 -8.9805e-07 -1.1611e-06 1.2293e-07 1.7804e-06 -1.5264e-06 -1.261e-06 -1.1959e-06 -1.2685e-06 -1.2441e-06 -1.3479e-06 -1.3355e-06 -1.4288e-06 -1.4368e-06 -1.473e-06 -1.5065e-06 -1.5166e-06 -1.5199e-06 -1.5344e-06 -1.5569e-06 -1.5582e-06 -1.5684e-06 -1.5847e-06 -1.5728e-06 -1.5859e-06 -1.5867e-06 -1.5838e-06 -1.5848e-06 -1.5863e-06 -1.5811e-06 -1.5811e-06 -1.5756e-06 -1.5847e-06 -1.586e-06 -1.587e-06 -1.5845e-06 -1.5868e-06 -1.5849e-06 -1.5877e-06 -1.5865e-06 -1.58e-06 -1.5764e-06 -1.5299e-06 -1.5257e-06 -1.4466e-06 -1.4689e-06 -1.422e-06 -1.4122e-06 -1.3176e-06 -1.3908e-06 -1.3763e-06 -1.3763e-06 -1.3983e-06 -1.4523e-06 -1.4364e-06 -1.4818e-06 -1.4961e-06 -1.4637e-06 -1.5187e-06 -1.5472e-06 -1.541e-06 -1.5633e-06 -1.5679e-06 -1.5492e-06 -1.5789e-06 -1.5769e-06 -1.5814e-06 -1.5785e-06 -1.5817e-06 -1.5861e-06 -1.5869e-06 -1.5871e-06 -1.5876e-06 -1.5741e-06 -1.5872e-06 -1.5877e-06 -1.584e-06 -1.5857e-06 -1.586e-06 -1.5872e-06 -1.5868e-06 -1.5853e-06 -1.5862e-06 -1.5866e-06 -1.5856e-06 -1.5863e-06 -1.5797e-06 -1.5876e-06 -1.5826e-06 -1.5875e-06 -1.5877e-06 -1.5871e-06 -1.5875e-06 -1.5876e-06 -1.5858e-06 -1.5864e-06 -1.5872e-06 -1.5789e-06 -1.5768e-06
-1.5536e-06 -1.5568e-06 -1.5417e-06 -1.5524e-06 -1.5594e-06 -1.5298e-06 -1.5472e-06 -1.5607e-06 -1.551e-06 -1.5626e-06 -1.5852e-06 -1.5817e-06 -1.5751e-06 -1.5872e-06 -1.5857e-06 -1.5877e-06 -1.5876e-06 -1.5862e-06 -1.5844e-06 -1.5831e-06 -1.5507e-06 -1.5651e-06 -1.5265e-06 -1.5024e-06 -1.5007e-06 -1.4357e-06 -1.4953e-06 -1.4798e-06 -1.4336e-06 -1.415e-06 -1.4014e-06 -1.3333e-06 -1.3526e-06 -1.2775e-06 -1.465e-06 -1.1862e-06 -1.1844e-06 -1.1725e-06 -1.1418e-06 -1.1682e-06 -1.1998e-06 -1.2484e-06 -1.3407e-06 -1.3686e-06 -1.4166e-06 -1.4771e-06 -1.528e-06 -1.5684e-06 -1.583e-06 -1.5872e-06 -1.5716e-06 -1.5292e-06 -1.4754e-06 -1.3854e-06 -1.2746e-06 -1.1588e-06 -1.0134e-06 -9.0468e-07 -7.8327e-07 -6.6503e-07 -6.2111e-07 -6.4755e-07 -7.3969e-07 -7.8623e-07 -7.8187e-07 -7.8519e-07 -8.2516e-07 -7.8679e-07 -7.2636e-07 -7.7129e-07 -7.3893e-07 -7.4046e-07 -7.787e-07 -7.1377e-07 -7.2013e-07 -7.6771e-07 -7.9912e-07 -9.0562e-07 -7.482e-07 -8.0441e-07 -8.3978e-07 -9.0208e-07 -1.0493e-06 -1.0986e-06 -1.1112e-06 -1.2217e-06 -1.2433e-06 -1.2293e-06 -1.2658e-06 -1.2477e-06 -1.3119e-06 -1.363e-06 -1.3717e-06 -1.428e-06 -1.4475e-06 -1.4869e-06 -1.5033e-06 -1.5199e-06 -1.5334e-06 -1.5612e-06 -1.5732e-06 -1.5628e-06 -1.5709e-06 -1.585e-06 -1.5827e-06 -1.5827e-06 -1.5816e-06 -1.5859e-06 -1.5876e-06 -1.5838e-06 -1.5871e-06 -1.5822e-06 -1.5756e-06 -1.5833e-06 -1.5862e-06 -1.5854e-06 -1.5866e-06 -1.5873e-06 -1.5876e-06 -1.5876e-06 -1.5863e-06 -1.5741e-06 -1.5804e-06 -1.5714e-06 -1.5546e-06 -1.5391e-06 -1.5344e-06 -1.4755e-06 -1.434e-06 -1.4226e-06 -1.3808e-06 -1.3274e-06 -1.338e-06 -1.3396e-06 -1.271e-06 -1.4021e-06 -1.4111e-06 -1.4343e-06 -1.2044e-06 -1.4681e-06 -1.4965e-06 -1.5281e-06 -1.5351e-06 -1.5146e-06 -1.5289e-06 -1.5339e-06 -1.463e-06 -1.5608e-06 -1.5581e-06 -1.567e-06 -1.561e-06 -1.5825e-06 -1.58e-06 -1.5849e-06 -1.5865e-06 -1.5861e-06 -1.5871e-06 -1.5876e-06 -1.5877e-06 -1.5861e-06 -1.5836e-06 -1.5856e-06 -1.5861e-06 -1.5875e-06 -1.5877e-06 -1.5877e-06 -1.5821e-06 -1.5823e-06 -1.5816e-06 -1.5864e-06 -1.5817e-06 -1.5863e-06 -1.5768e-06 -1.5791e-06 -1.5875e-06 -1.5854e-06 -1.5844e-06 -1.5651e-06 -1.5702e-06 -1.5605e-06
-1.5738e-06 -1.525e-06 -1.5218e-06 -1.5375e-06 -1.528e-06 -1.5231e-06 -1.5331e-06 -1.5199e-06 -1.5579e-06 -1.5068e-06 -1.5421e-06 -1.5468e-06 -1.5547e-06 -1.5484e-06 -1.5797e-06 -1.5863e-06 -1.5864e-06 -1.5753e-06 -1.5696e-06 -1.5839e-06 -1.5827e-06 -1.5841e-06 -1.5865e-06 -1.5876e-06 -1.5816e-06 -1.5787e-06 -1.4703e-06 -1.5705e-06 -1.5685e-06 -1.5199e-06 -1.5622e-06 -1.497e-06 -1.5127e-06 -1.4602e-06 -1.4023e-06 -1.3558e-06 -1.3764e-06 -1.3714e-06 -1.3824e-06 -1.3891e-06 -1.3977e-06 -1.4699e-06 -1.504e-06 -1.5376e-06 -1.5607e-06 -1.5808e-06 -1.5845e-06 -1.5586e-06 -1.5046e-06 -1.4491e-06 -1.4054e-06 -1.3532e-06 -1.3176e-06 -1.2332e-06 -1.1673e-06 -1.0593e-06 -9.8718e-07 -9.4954e-07 -8.478e-07 -8.0979e-07 -8.0627e-07 -7.8559e-07 -8.0299e-07 -8.1691e-07 -8.5914e-07 -8.2415e-07 -8.0638e-07 -7.9665e-07 -8.4789e-07 -7.854e-07 -7.7523e-07 -8.0879e-07 -7.3573e-07 -7.6144e-07 -8.8755e-07 -8.1688e-07 -8.3482e-07 -9.1189e-07 -9.0332e-07 -9.4435e-07 -1.0096e-06 -1.0455e-06 -1.021e-06 -1.0962e-06 -1.1996e-06 -1.1884e-06 -1.2914e-06 -1.3212e-06 -1.34e-06 -1.3709e-06 -1.3709e-06 -1.4117e-06 -1.4581e-06 -1.4636e-06 -1.4665e-06 -1.5354e-06 -1.5239e-06 -1.5257e-06 -1.542e-06 -1.5501e-06 -1.5564e-06 -1.559e-06 -1.567e-06 -1.5821e-06 -1.5801e-06 -1.5687e-06 -1.576e-06 -1.5821e-06 -1.5832e-06 -1.5793e-06 -1.5835e-06 -1.5864e-06 -1.586e-06 -1.5866e-06 -1.584e-06 -1.5867e-06 -1.5876e-06 -1.5875e-06 -1.5877e-06 -1.5825e-06 -1.5752e-06 -1.5808e-06 -1.5766e-06 -1.5754e-06 -1.5472e-06 -1.5401e-06 -1.5366e-06 -1.5261e-06 -1.5083e-06 -1.4869e-06 -1.4589e-06 -1.4037e-06 -1.3972e-06 -1.35e-06 -1.2997e-06 -1.2473e-06 -1.3026e-06 -1.3856e-06 -1.4319e-06 -1.4136e-06 -1.4339e-06 -1.4339e-06 -1.459e-06 -1.458e-06 -1.4647e-06 -1.469e-06 -1.489e-06 -1.5119e-06 -1.5123e-06 -1.5052e-06 -1.5373e-06 -1.5182e-06 -1.5433e-06 -1.5654e-06 -1.5779e-06 -1.5833e-06 -1.5794e-06 -1.5854e-06 -1.5834e-06 -1.5874e-06 -1.5875e-06 -1.5874e-06 -1.5874e-06 -1.5856e-06 -1.5858e-06 -1.5809e-06 -1.5793e-06 -1.5702e-06 -1.5756e-06 -1.5812e-06 -1.5827e-06 -1.5702e-06 -1.5641e-06 -1.5556e-06 -1.5213e-06 -1.5411e-06 -1.5533e-06 -1.5441e-06 -1.5565e-06 -1.5653e-06
-1.5144e-06 -1.4839e-06 -1.4586e-06 -1.4991e-06 -1.5177e-06 -1.4877e-06 -1.2331e-06 -1.5352e-06 -1.498e-06 -1.4922e-06 -1.5389e-06 -1.5206e-06 -1.5109e-06 -1.5305e-06 -1.495e-06 -1.4862e-06 -1.4932e-06 -1.5216e-06 -1.4657e-06 -1.5533e-06 -1.574e-06 -1.5446e-06 -1.5463e-06 -1.5612e-06 -1.5771e-06 -1.5825e-06 -1.5874e-06 -1.5857e-06 -1.5876e-06 -1.5768e-06 -1.5819e-06 -1.5845e-06 -1.5858e-06 -1.5628e-06 -1.5815e-06 -1.5827e-06 -1.5627e-06 -1.5634e-06 -1.5682e-06 -1.5725e-06 -1.5606e-06 -1.5857e-06 -1.5876e-06 -1.5867e-06 -1.5759e-06 -1.5636e-06 -1.5347e-06 -1.4762e-06 -1.436e-06 -1.3681e-06 -1.3089e-06 -1.2634e-06 -1.2552e-06 -1.2716e-06 -1.2117e-06 -1.191e-06 -1.1656e-06 -1.1289e-06 -1.0856e-06 -1.0853e-06 -1.1121e-06 -1.0537e-06 -1.0491e-06 -1.0142e-06 -8.8597e-07 -9.5935e-07 -9.4263e-07 -9.0836e-07 -8.1368e-07 -8.9173e-07 -8.5432e-07 -8.8973e-07 -9.0248e-07 -8.5537e-07 -9.279e-07 -9.8772e-07 -9.8161e-07 -9.5305e-07 -9.9598e-07 -1.0609e-06 -1.106e-06 -1.1179e-06 -1.1544e-06 -1.2117e-06 -1.2664e-06 -1.2839e-06 -1.3193e-06 -1.3306e-06 -1.3623e-06 -1.4231e-06 -1.4738e-06 -1.504e-06 -1.4856e-06 -1.4791e-06 -1.5173e-06 -1.5211e-06 -1.5377e-06 -1.5437e-06 -1.5512e-06 -1.5632e-06 -1.5759e-06 -1.5822e-06 -1.5849e-06 -1.5865e-06 -1.5815e-06 -1.5786e-06 -1.5811e-06 -1.5861e-06 -1.5848e-06 -1.586e-06 -1.5811e-06 -1.5868e-06 -1.5875e-06 -1.5875e-06 -1.5866e-06 -1.5876e-06 -1.5856e-06 -1.5839e-06 -1.5709e-06 -1.5826e-06 -1.56e-06 -1.5768e-06 -1.5726e-06 -1.5457e-06 -1.5491e-06 -1.5462e-06 -1.54e-06 -1.5404e-06 -1.5224e-06 -1.4938e-06 -1.4744e-06 -1.482e-06 -1.454e-06 -1.438e-06 -1.3836e-06 -1.3953e-06 -1.3539e-06 -1.3276e-06 -1.2979e-06 -1.2727e-06 -1.2194e-06 -1.2069e-06 -1.2485e-06 -1.2883e-06 -1.3329e-06 -1.3725e-06 -1.4244e-06 -1.44e-06 -1.4903e-06 -1.4799e-06 -1.5172e-06 -1.5132e-06 -1.5108e-06 -1.5252e-06 -1.5552e-06 -1.5468e-06 -1.5774e-06 -1.5851e-06 -1.5875e-06 -1.5876e-06 -1.587e-06 -1.5866e-06 -1.5846e-06 -1.5829e-06 -1.5809e-06 -1.5708e-06 -1.575e-06 -1.5686e-06 -1.5853e-06 -1.5609e-06 -1.5624e-06 -1.5674e-06 -1.5793e-06 -1.5545e-06 -1.5463e-06 -1.5345e-06 -1.5012e-06 -1.5493e-06 -1.5212e-06 -1.5294e-06
-1.4572e-06 -1.4219e-06 -1.4183e-06 -1.4468e-06 -1.4778e-06 -1.403e-06 -1.3905e-06 -1.4179e-06 -1.4204e-06 -1.3903e-06 -1.3486e-06 -1.4095e-06 -1.3981e-06 -1.4578e-06 -1.3263e-06 -1.4238e-06 -1.4396e-06 -1.4555e-06 -1.4857e-06 -1.4873e-06 -1.4683e-06 -1.5578e-06 -1.5547e-06 -1.5324e-06 -1.5592e-06 -1.5262e-06 -1.5581e-06 -1.4038e-06 -1.5026e-06 -1.5365e-06 -1.5115e-06 -1.5584e-06 -1.5722e-06 -1.58e-06 -1.5871e-06 -1.5814e-06 -1.5872e-06 -1.5853e-06 -1.5822e-06 -1.5678e-06 -1.5568e-06 -1.5404e-06 -1.5277e-06 -1.516e-06 -1.4821e-06 -1.4576e-06 -1.4401e-06 -1.416e-06 -1.3864e-06 -1.348e-06 -1.2916e-06 -1.194e-06 -1.2287e-06 -1.2227e-06 -1.2249e-06 -1.2343e-06 -1.265e-06 -1.2701e-06 -1.3058e-06 -1.2639e-06 -1.2344e-06 -1.2024e-06 -1.1722e-06 -1.1785e-06 -1.1428e-06 -1.083e-06 -1.055e-06 -1.0864e-06 -1.0907e-06 -1.0603e-06 -9.8849e-07 -9.3804e-07 -9.5005e-07 -1.0444e-06 -9.8939e-07 -9.7983e-07 -9.729e-07 -1.0545e-06 -1.1125e-06 -1.1969e-06 -1.1899e-06 -1.2315e-06 -1.2717e-06 -1.3072e-06 -1.2915e-06 -1.3103e-06 -1.3445e-06 -1.3799e-06 -1.4167e-06 -1.4191e-06 -1.46e-06 -1.53e-06 -1.5285e-06 -1.5282e-06 -1.5334e-06 -1.5659e-06 -1.5617e-06 -1.5639e-06 -1.5724e-06 -1.5684e-06 -1.577e-06 -1.5778e-06 -1.5829e-06 -1.5872e-06 -1.5858e-06 -1.5853e-06 -1.5877e-06 -1.5872e-06 -1.587e-06 -1.5836e-06 -1.5873e-06 -1.5875e-06 -1.5873e-06 -1.5876e-06 -1.5868e-06 -1.5876e-06 -1.5875e-06 -1.5858e-06 -1.5748e-06 -1.5627e-06 -1.5725e-06 -1.5821e-06 -1.578e-06 -1.5584e-06 -1.5532e-06 -1.5442e-06 -1.529e-06 -1.5427e-06 -1.5064e-06 -1.5025e-06 -1.4849e-06 -1.4661e-06 -1.4774e-06 -1.4463e-06 -1.4595e-06 -1.4365e-06 -1.4117e-06 -1.3808e-06 -1.369e-06 -1.3785e-06 -1.398e-06 -1.4131e-06 -1.4279e-06 -1.4317e-06 -1.4461e-06 -1.46e-06 -1.4705e-06 -1.478e-06 -1.5005e-06 -1.5112e-06 -1.4994e-06 -1.5296e-06 -1.5285e-06 -1.544e-06 -1.544e-06 -1.5445e-06 -1.5742e-06 -1.5821e-06 -1.5851e-06 -1.583e-06 -1.5871e-06 -1.5872e-06 -1.5875e-06 -1.5841e-06 -1.5736e-06 -1.5636e-06 -1.5771e-06 -1.5627e-06 -1.5421e-06 -1.5298e-06 -1.5793e-06 -8.911e-07 -1.5857e-06 -1.0426e-06 -1.5419e-06 -1.5184e-06 -1.4632e-06 -1.4783e-06 -1.5368e-06 -1.495e-06
-1.4565e-06 -1.3956e-06 -1.4319e-06 -1.404e-06 -1.4017e-06 -1.3263e-06 -1.423e-06 -1.3677e-06 -1.3537e-06 -1.3602e-06 -1.3256e-06 -1.3825e-06 -1.3704e-06 -1.3047e-06 -1.3705e-06 -1.3325e-06 -1.3378e-06 -1.4495e-06 -1.4008e-06 -1.3733e-06 -1.41e-06 -1.3475e-06 -1.3164e-06 -1.2577e-06 -1.3703e-06 -1.4705e-06 -1.453e-06 -1.4504e-06 -1.5483e-06 -1.5204e-06 -1.5106e-06 -1.5314e-06 -1.4767e-06 -1.4535e-06 -1.4166e-06 -1.5005e-06 -1.5221e-06 -1.5154e-06 -1.5471e-06 -1.5019e-06 -1.5096e-06 -1.4897e-06 -1.4434e-06 -1.4505e-06 -1.4518e-06 -1.4809e-06 -1.437e-06 -1.4083e-06 -1.3863e-06 -1.3204e-06 -1.2829e-06 -1.2712e-06 -1.2733e-06 -1.2629e-06 -1.2562e-06 -1.1618e-06 -1.2744e-06 -1.2828e-06 -1.2631e-06 -1.2481e-06 -1.19e-06 -1.1502e-06 -1.1206e-06 -1.1189e-06 -1.1199e-06 -1.1456e-06 -1.1721e-06 -1.1556e-06 -1.1199e-06 -1.1912e-06 -1.0952e-06 -1.094e-06 -1.0938e-06 -1.0937e-06 -1.117e-06 -1.0868e-06 -1.1447e-06 -1.1529e-06 -1.2337e-06 -1.2173e-06 -1.2748e-06 -1.2844e-06 -1.3341e-06 -1.233e-06 -1.3634e-06 -1.4086e-06 -1.4389e-06 -1.4674e-06 -1.4738e-06 -1.4734e-06 -1.5036e-06 -1.5137e-06 -1.5281e-06 -1.5467e-06 -1.546e-06 -1.5545e-06 -1.5295e-06 -1.575e-06 -1.581e-06 -1.5838e-06 -1.5855e-06 -1.5859e-06 -1.5866e-06 -1.5877e-06 -1.5876e-06 -1.5872e-06 -1.5872e-06 -1.5876e-06 -1.5853e-06 -1.5877e-06 -1.5867e-06 -1.5843e-06 -1.5873e-06 -1.5871e-06 -1.5866e-06 -1.585e-06 -1.5826e-06 -1.585e-06 -1.5741e-06 -1.5746e-06 -1.5728e-06 -1.5687e-06 -1.5522e-06 -1.5759e-06 -1.5754e-06 -1.5684e-06 -1.5415e-06 -1.5359e-06 -1.5354e-06 -1.5042e-06 -1.5339e-06 -1.5216e-06 -1.5252e-06 -1.5104e-06 -1.4731e-06 -1.4865e-06 -1.4696e-06 -1.4688e-06 -1.4611e-06 -1.4606e-06 -1.4505e-06 -1.4846e-06 -1.4886e-06 -1.423e-06 -1.4649e-06 -1.4877e-06 -1.5087e-06 -1.5152e-06 -1.4947e-06 -1.4981e-06 -1.5133e-06 -1.5336e-06 -1.5418e-06 -1.548e-06 -1.5582e-06 -1.5594e-06 -1.5666e-06 -1.5811e-06 -1.5851e-06 -1.5874e-06 -1.5875e-06 -1.5859e-06 -1.5854e-06 -1.577e-06 -1.5725e-06 -1.5742e-06 -1.5725e-06 -1.565e-06 -1.5544e-06 -1.5385e-06 -1.5376e-06 -1.5182e-06 -1.5372e-06 -1.4389e-06 -1.4299e-06 -1.4151e-06 -1.4108e-06 -1.413e-06 -1.4382e-06 -1.4765e-06
-1.3363e-06 -1.4131e-06 -1.5252e-06 -1.5604e-06 -1.512e-06 -1.367e-06 -1.4273e-06 -1.5711e-06 -1.566e-06 -1.3986e-06 -1.3362e-06 -1.3357e-06 -1.3135e-06 -1.3411e-06 -1.3487e-06 -1.4491e-06 -1.5613e-06 -1.5492e-06 -1.5724e-06 -1.4565e-06 -1.5402e-06 -1.4989e-06 -1.2513e-06 -1.0121e-06 -1.3548e-06 -1.4561e-06 -1.4625e-06 -1.3887e-06 -1.4272e-06 -1.4343e-06 -1.4409e-06 -1.4382e-06 -1.4101e-06 -1.4586e-06 -1.5701e-06 -1.4684e-06 -1.5106e-06 -1.475e-06 -1.49e-06 -1.5052e-06 -1.4272e-06 -1.4439e-06 -1.4835e-06 -1.4826e-06 -1.4432e-06 -1.4007e-06 -1.3802e-06 -1.3578e-06 -1.3321e-06 -1.3152e-06 -1.3013e-06 -1.2761e-06 -1.3681e-06 -1.2313e-06 -1.2106e-06 -1.1768e-06 -1.1579e-06 -1.1597e-06 -1.1608e-06 -1.1579e-06 -1.13e-06 -1.5345e-06 -1.5251e-06 -1.3196e-06 -1.2256e-06 -1.2455e-06 -1.2518e-06 -1.2299e-06 -1.2851e-06 -1.2864e-06 -1.2437e-06 -1.2285e-06 -1.2304e-06 -1.2252e-06 -1.261e-06 -1.2541e-06 -1.2747e-06 -1.2685e-06 -1.2442e-06 -1.2634e-06 -1.3024e-06 -1.3717e-06 -1.3826e-06 -1.4011e-06 -1.4072e-06 -1.441e-06 -1.4993e-06 -1.5073e-06 -1.4754e-06 -1.4978e-06 -1.4938e-06 -1.5135e-06 -1.5398e-06 -1.5645e-06 -1.568e-06 -1.5603e-06 -1.5603e-06 -1.5655e-06 -1.5741e-06 -1.58e-06 -1.582e-06 -1.5825e-06 -1.5863e-06 -1.5796e-06 -1.5866e-06 -1.5873e-06 -1.5873e-06 -1.5876e-06 -1.5877e-06 -1.5876e-06 -1.5876e-06 -1.5872e-06 -1.585e-06 -1.5783e-06 -1.5785e-06 -1.5774e-06 -1.5836e-06 -1.5726e-06 -1.5739e-06 -1.5538e-06 -1.5641e-06 -1.5708e-06 -1.5733e-06 -1.5751e-06 -1.5735e-06 -1.5759e-06 -1.5699e-06 -1.5652e-06 -1.5566e-06 -1.5423e-06 -1.553e-06 -1.5364e-06 -1.5233e-06 -1.4956e-06 -1.3188e-06 -1.466e-06 -1.5112e-06 -1.5159e-06 -1.5268e-06 -1.5184e-06 -1.499e-06 -1.5032e-06 -1.5042e-06 -1.5014e-06 -1.5074e-06 -1.4972e-06 -1.5215e-06 -1.5051e-06 -1.5176e-06 -1.497e-06 -1.5255e-06 -1.5436e-06 -1.541e-06 -1.554e-06 -1.5656e-06 -1.5705e-06 -1.5765e-06 -1.5794e-06 -1.574e-06 -1.5837e-06 -1.5859e-06 -1.5876e-06 -1.5826e-06 -1.5755e-06 -1.5723e-06 -1.5711e-06 -1.562e-06 -1.5406e-06 -1.539e-06 -1.5499e-06 -1.5243e-06 -1.5453e-06 -1.5283e-06 -1.5e-06 -1.5108e-06 -1.415e-06 -1.3521e-06 -1.3674e-06 -1.4144e-06 -1.3725e-06
-1.4928e-06 -1.5392e-06 -1.5384e-06 -1.5019e-06 -1.4914e-06 -1.5101e-06 -1.5261e-06 -1.5276e-06 -1.5156e-06 -1.522e-06 -1.5162e-06 -1.564e-06 -1.4797e-06 -1.501e-06 -1.4876e-06 -1.4472e-06 -1.4486e-06 -1.4272e-06 -1.4266e-06 -1.4551e-06 -1.4653e-06 -1.4062e-06 -1.4184e-06 -1.4014e-06 -1.3725e-06 -1.3471e-06 -1.3971e-06 -1.5075e-06 -1.4775e-06 -1.5218e-06 -1.4999e-06 -1.482e-06 -1.4667e-06 -1.4616e-06 -1.4815e-06 -1.4515e-06 -1.4717e-06 -1.4234e-06 -1.4321e-06 -1.4372e-06 -1.4289e-06 -1.4131e-06 -1.4153e-06 -1.4401e-06 -1.4698e-06 -1.4585e-06 -1.4406e-06 -1.4197e-06 -1.4044e-06 -1.3575e-06 -1.311e-06 -1.3371e-06 -1.3146e-06 -1.2884e-06 -1.2582e-06 -1.2508e-06 -1.2812e-06 -1.2411e-06 -1.1896e-06 -1.1948e-06 -1.1609e-06 -1.1396e-06 -1.1534e-06 -1.1376e-06 -1.1808e-06 -1.1793e-06 -1.1249e-06 -1.1698e-06 -1.2442e-06 -1.2841e-06 -1.3252e-06 -1.3463e-06 -1.3931e-06 -1.3768e-06 -1.3716e-06 -1.4599e-06 -1.4797e-06 -1.4612e-06 -1.4086e-06 -1.4016e-06 -1.4593e-06 -1.4324e-06 -1.5069e-06 -1.5848e-06 -1.5651e-06 -1.4548e-06 -1.3565e-06 -1.4863e-06 -1.5567e-06 -9.0366e-07 -1.3781e-06 -1.5844e-06 -1.4992e-06 -1.2047e-06 -1.5602e-06 -1.0196e-06 -1.1789e-06 -1.5756e-06 -1.4877e-06 -1.2254e-06 -1.3311e-06 -1.4055e-06 -1.4839e-06 -1.5867e-06 -1.5877e-06 -1.5846e-06 -1.5872e-06 -1.5875e-06 -1.5877e-06 -1.5874e-06 -1.587e-06 -1.5867e-06 -1.586e-06 -1.5853e-06 -1.5802e-06 -1.5825e-06 -1.5801e-06 -1.5794e-06 -1.5764e-06 -1.5226e-06 -1.5707e-06 -1.5146e-06 -1.5692e-06 -1.5633e-06 -1.5577e-06 -1.5668e-06 -1.5596e-06 -1.5527e-06 -1.5556e-06 -1.5575e-06 -1.559e-06 -1.561e-06 -1.5551e-06 -1.5578e-06 -1.5562e-06 -1.5572e-06 -1.5615e-06 -1.5615e-06 -1.5486e-06 -1.5546e-06 -1.547e-06 -1.5345e-06 -1.51e-06 -1.5189e-06 -1.5224e-06 -1.4875e-06 -1.4422e-06 -1.4514e-06 -1.4804e-06 -1.5076e-06 -1.5211e-06 -1.5077e-06 -1.5416e-06 -1.5574e-06 -1.5577e-06 -1.5747e-06 -1.5696e-06 -1.5805e-06 -1.5785e-06 -1.5803e-06 -1.5845e-06 -1.5877e-06 -1.5873e-06 -1.5819e-06 -1.58e-06 -1.571e-06 -1.5758e-06 -1.5768e-06 -1.5694e-06 -1.5384e-06 -1.5405e-06 -1.5317e-06 -1.5286e-06 -1.5111e-06 -1.503e-06 -1.5224e-06 -1.526e-06 -1.4697e-06 -1.4683e-06 -1.4804e-06
-1.4663e-06 -1.4747e-06 -1.4891e-06 -1.5155e-06 -1.4898e-06 -1.4922e-06 -1.5053e-06 -1.4988e-06 -1.5041e-06 -1.5139e-06 -1.5244e-06 -1.5326e-06 -1.5413e-06 -1.5487e-06 -1.5585e-06 -1.5647e-06 -1.5661e-06 -1.5721e-06 -1.572e-06 -1.5763e-06 -1.578e-06 -1.5815e-06 -1.5841e-06 -1.5869e-06 -1.5877e-06 -1.5858e-06 -1.5766e-06 -1.5568e-06 -1.5577e-06 -1.5373e-06 -1.5061e-06 -1.5388e-06 -1.5343e-06 -1.4643e-06 -1.5876e-06 -1.5876e-06 -1.5707e-06 -1.5835e-06 -1.4453e-06 -1.5114e-06 -1.5745e-06 -1.5864e-06 -1.515e-06 -1.5129e-06 -1.5042e-06 -1.4734e-06 -1.4371e-06 -1.4568e-06 -1.5315e-06 -1.5454e-06 -1.5617e-06 -1.5505e-06 -1.4749e-06 -1.5551e-06 -1.5558e-06 -1.5796e-06 -1.5625e-06 -1.5579e-06 -1.5596e-06 -1.5807e-06 -1.4677e-06 -1.5384e-06 -1.5167e-06 -1.5164e-06 -1.487e-06 -1.4595e-06 -1.4126e-06 -1.5542e-06 -1.5829e-06 -1.5695e-06 -1.5717e-06 -1.5736e-06 -1.3545e-06 -1.5023e-06 -1.3847e-06 -1.1046e-06 -8.292e-07 -1.0881e-06 -7.4507e-07 -3.5728e-07 -2.5072e-07 4.9477e-07 3.5339e-07 8.6817e-07 8.7967e-07 6.7172e-07 1.4891e-06 1.5931e-06 1.5164e-06 1.94e-06 1.6197e-06 1.1645e-06 2.3244e-06 2.3243e-06 1.1846e-06 1.9928e-06 1.9044e-06 2.782e-06 2.7812e-06 2.584e-06 1.1723e-06 7.8091e-07 8.6723e-07 8.5244e-07 8.5096e-07 5.9653e-07 1.679e-06 -5.2563e-07 -7.5509e-07 -1.4809e-06 -1.4536e-06 -8.3753e-07 -1.1726e-06 -1.5611e-06 -1.4184e-06 -1.4716e-06 -1.2687e-06 -1.3775e-06 -1.5213e-06 -1.0815e-06 -1.1348e-06 -1.0301e-06 -1.1394e-06 -1.182e-06 -1.4044e-06 -1.5586e-06 -1.2798e-06 -1.3559e-06 -1.3561e-06 -1.3451e-06 -1.4019e-06 -1.3838e-06 -1.3851e-06 -1.4066e-06 -1.4202e-06 -1.4355e-06 -1.4845e-06 -1.5281e-06 -1.5578e-06 -1.5588e-06 -1.5602e-06 -1.5598e-06 -1.5604e-06 -1.5519e-06 -1.5585e-06 -1.5429e-06 -1.5461e-06 -1.554e-06 -1.558e-06 -1.5714e-06 -1.5715e-06 -1.577e-06 -1.5785e-06 -1.5813e-06 -1.5808e-06 -1.579e-06 -1.5796e-06 -1.5837e-06 -1.5849e-06 -1.5806e-06 -1.582e-06 -1.5843e-06 -1.5865e-06 -1.5867e-06 -1.5866e-06 -1.5863e-06 -1.5845e-06 -1.582e-06 -1.5805e-06 -1.5672e-06 -1.5449e-06 -1.5506e-06 -1.5473e-06 -1.5437e-06 -1.5396e-06 -1.5208e-06 -1.4989e-06 -1.4751e-06 -1.4735e-06 -1.4679e-06
-1.1612e-06 -1.1643e-06 -1.1692e-06 -1.1666e-06 -1.1688e-06 -1.1587e-06 -1.1731e-06 -1.1866e-06 -1.1976e-06 -1.2175e-06 -1.2429e-06 -1.2748e-06 -1.2856e-06 -1.31e-06 -1.3253e-06 -1.3609e-06 -1.3922e-06 -1.3969e-06 -1.4455e-06 -1.4463e-06 -1.4679e-06 -1.4738e-06 -1.4742e-06 -1.4716e-06 -1.4665e-06 -1.4342e-06 -1.5106e-06 -1.4951e-06 -1.4647e-06 -9.1741e-07 -6.9487e-07 -3.4116e-07 -8.3278e-07 -9.9043e-07 -3.3706e-07 -7.0443e-07 -2.3413e-07 -3.0826e-07 -3.0615e-07 -7.1043e-08 2.6026e-07 -6.2317e-08 5.388e-07 9.4629e-07 9.0472e-07 3.4657e-07 4.2508e-07 5.8478e-07 3.4114e-07 1.112e-07 -2.6523e-07 -5.7513e-07 -9.541e-07 -1.0697e-06 -4.3664e-07 -6.4121e-07 -2.405e-07 9.694e-08 1.5015e-07 -1.9833e-07 8.4533e-08 -1.1379e-06 -1.0578e-06 -1.5766e-06 -1.5875e-06 -1.5675e-06 -1.5267e-06 -1.4883e-06 -1.4972e-06 -1.5819e-06 -1.5726e-06 -1.4439e-06 -1.2132e-06 -9.6751e-07 -8.1742e-07 -4.6492e-07 -2.2375e-07 6.8249e-08 3.0508e-07 4.653e-07 6.2522e-07 8.6744e-07 1.0432e-06 1.1996e-06 1.4662e-06 1.7238e-06 1.8741e-06 2.0863e-06 2.2184e-06 2.2218e-06 2.2294e-06 2.2864e-06 2.3332e-06 2.4515e-06 2.6217e-06 2.7642e-06 2.9193e-06 3.0514e-06 3.1301e-06 3.2292e-06 3.3127e-06 3.4891e-06 3.6211e-06 3.7517e-06 3.8637e-06 3.9596e-06 4.0004e-06 4.0753e-06 3.9766e-06 3.3562e-06 2.5745e-06 1.7076e-06 1.8426e-06 1.5493e-06 2.2291e-06 1.6357e-06 8.8622e-07 6.7766e-07 1.0415e-06 1.4616e-06 1.73e-06 1.5838e-06 6.3541e-07 1.2546e-06 9.7548e-07 1.4846e-06 1.0846e-06 9.2301e-07 1.2464e-06 1.0189e-06 1.6225e-06 1.4635e-06 9.8424e-07 3.7137e-07 6.2305e-07 7.4918e-07 5.7556e-07 1.0941e-06 7.8107e-07 7.0489e-07 2.6155e-07 -4.6223e-07 -6.1147e-07 -8.32e-07 -1.339e-06 -1.3069e-06 -1.4985e-06 -1.5618e-06 -1.5689e-06 -1.5611e-06 -1.5528e-06 -1.5477e-06 -1.5476e-06 -1.5497e-06 -1.5639e-06 -1.569e-06 -1.5646e-06 -1.5621e-06 -1.5426e-06 -1.5322e-06 -1.5237e-06 -1.5197e-06 -1.5077e-06 -1.493e-06 -1.4782e-06 -1.4617e-06 -1.4404e-06 -1.4181e-06 -1.4046e-06 -1.3913e-06 -1.3661e-06 -1.3593e-06 -1.3292e-06 -1.3114e-06 -1.2995e-06 -1.2782e-06 -1.2356e-06 -1.202e-06 -1.1787e-06 -1.1707e-06
-1.3659e-06 -1.2541e-06 -1.3552e-06 -1.4507e-06 -1.4901e-06 -1.5678e-06 -1.3072e-07 1.7034e-07 -3.5102e-07 -6.9537e-07 4.8935e-07 -3.4308e-07 1.2877e-07 3.5591e-07 1.8685e-07 -3.5572e-07 1.5718e-06 2.4147e-06 2.5787e-06 2.5119e-06 2.4998e-06 1.4816e-06 -2.9999e-08 7.6854e-07 8.2317e-07 3.8011e-07 -5.0847e-07 1.4385e-07 3.4262e-07 -3.0132e-07 -1.8364e-08 3.2517e-06 2.9005e-06 1.5459e-06 2.8298e-06 3.3173e-06 3.3764e-06 3.422e-06 3.3148e-06 3.1201e-06 3.2077e-06 2.6062e-06 2.9885e-06 3.3847e-06 3.1861e-06 3.538e-06 3.8673e-06 3.8011e-06 3.8043e-06 3.1178e-06 3.0915e-06 3.2678e-06 2.9272e-06 1.9212e-06 2.033e-06 2.5438e-06 2.4581e-06 2.3061e-06 2.0388e-06 1.7771e-06 1.6519e-06 1.9107e-06 1.3585e-06 1.7407e-06 1.9118e-06 1.9203e-06 9.2449e-07 8.9343e-07 -8.5067e-08 -4.9101e-07 -7.3144e-07 -1.1614e-06 -8.951e-07 -8.5873e-07 -7.9066e-07 -9.6584e-07 -1.1587e-06 -1.3282e-06 -1.3847e-06 -1.4037e-06 -1.4562e-06 -1.481e-06 -1.2069e-06 -7.1067e-07 1.859e-07 3.3676e-07 1.5487e-07 -4.1142e-08 -2.8996e-07 -7.4653e-07 -1.2543e-06 -1.2097e-06 1.3644e-06 2.1958e-06 2.2739e-06 1.9534e-06 2.2174e-06 2.4575e-06 2.979e-06 3.2954e-06 3.4422e-06 3.0605e-06 3.5362e-06 3.7752e-06 3.9255e-06 4.0575e-06 4.1963e-06 4.2902e-06 4.3542e-06 4.4707e-06 4.532e-06 4.5205e-06 4.4736e-06 4.4251e-06 4.3681e-06 4.2704e-06 4.173e-06 4.0955e-06 4.0572e-06 4.1032e-06 3.9968e-06 3.8525e-06 3.804e-06 3.9088e-06 3.9499e-06 3.951e-06 3.9738e-06 3.9572e-06 3.9095e-06 3.9909e-06 3.9539e-06 3.9854e-06 4.0191e-06 3.9396e-06 3.7796e-06 3.7833e-06 3.3885e-06 3.4289e-06 3.5126e-06 2.6619e-06 3.6438e-06 3.629e-06 3.6402e-06 2.0856e-06 1.9274e-06 1.7454e-06 1.2732e-06 2.509e-07 1.2304e-06 2.038e-06 1.4712e-06 2.0746e-06 8.3079e-07 5.7581e-07 -1.4059e-08 -5.0297e-07 5.553e-07 -2.4821e-08 -3.941e-07 -5.8408e-07 -5.0437e-07 9.7579e-08 -2.2365e-07 -9.7454e-07 -7.4215e-07 -8.1343e-07 -1.1185e-06 -1.4551e-06 -1.3e-06 -1.4955e-06 -1.3372e-06 -1.1457e-06 -9.7585e-07 -7.4653e-07 -9.943e-07 -1.2396e-06 -1.3532e-06 -1.0412e-06 -1.0702e-06 -1.1354e-06
5.276e-06 4.6871e-06 4.9459e-06 4.8004e-06 4.4438e-06 4.7816e-06 4.7299e-06 4.8742e-06 5.6411e-06 5.8405e-06 5.8155e-06 5.76e-06 5.5001e-06 5.3407e-06 5.6209e-06 6.0031e-06 6.0466e-06 5.9859e-06 6.0811e-06 6.1002e-06 5.9887e-06 5.5553e-06 5.5662e-06 6.5729e-06 6.5219e-06 6.5483e-06 6.3028e-06 6.1964e-06 6.0392e-06 5.988e-06 5.887e-06 6.314e-06 6.6758e-06 6.4196e-06 6.6549e-06 7.1116e-06 7.3687e-06 7.3897e-06 7.4418e-06 7.4053e-06 7.0954e-06 7.2081e-06 6.788e-06 6.9102e-06 7.1534e-06 7.6402e-06 7.7162e-06 7.8129e-06 7.636e-06 7.4322e-06 7.4482e-06 7.4552e-06 7.3549e-06 7.2605e-06 6.8355e-06 6.2929e-06 6.2388e-06 5.9702e-06 5.7857e-06 5.7859e-06 6.0575e-06 6.2782e-06 6.3362e-06 6.4312e-06 6.4987e-06 6.5245e-06 6.603e-06 6.5097e-06 6.3964e-06 6.2026e-06 5.2098e-06 3.7912e-06 3.5586e-06 3.9619e-06 4.048e-06 4.3825e-06 3.8981e-06 4.3063e-06 4.4436e-06 4.0602e-06 4.6185e-06 4.9084e-06 5.0185e-06 5.0336e-06 4.7485e-06 5.0728e-06 4.8317e-06 4.2149e-06 4.7393e-06 4.3463e-06 5.1452e-06 5.442e-06 5.2111e-06 5.5895e-06 5.9608e-06 6.0149e-06 5.8364e-06 5.894e-06 5.6245e-06 5.7227e-06 6.0042e-06 6.4049e-06 6.3644e-06 6.028e-06 6.0003e-06 6.5498e-06 6.6509e-06 6.7785e-06 6.932e-06 7.015e-06 7.0645e-06 6.8753e-06 7.0712e-06 7.0197e-06 6.9589e-06 6.8533e-06 6.7938e-06 6.62e-06 6.7629e-06 6.0246e-06 6.9691e-06 6.845e-06 6.6771e-06 6.459e-06 5.8809e-06 5.5621e-06 6.3953e-06 6.4539e-06 6.1289e-06 6.1267e-06 5.7691e-06 6.2512e-06 6.9138e-06 6.8997e-06 6.9e-06 6.933e-06 6.9202e-06 6.7142e-06 6.2988e-06 6.2414e-06 6.2169e-06 6.128e-06 6.0236e-06 6.178e-06 5.9032e-06 5.9054e-06 5.8376e-06 6.0708e-06 6.3955e-06 6.7847e-06 6.44e-06 6.7702e-06 6.2456e-06 6.4713e-06 6.9948e-06 6.953e-06 6.8077e-06 5.4605e-06 6.0073e-06 5.5754e-06 6.1163e-06 5.0558e-06 5.0581e-06 4.5527e-06 4.5984e-06 4.4672e-06 4.8482e-06 5.0624e-06 4.9351e-06 4.8608e-06 5.0062e-06 4.5962e-06 4.3109e-06 4.3807e-06 4.3143e-06 4.2099e-06 4.6203e-06 4.4043e-06 4.0299e-06 4.7169e-06
8.4718e-06 8.5408e-06 8.4779e-06 8.3206e-06 8.308e-06 8.8138e-06 8.8439e-06 9.0589e-06 9.0982e-06 9.0756e-06 9.0689e-06 9.1416e-06 9.1378e-06 9.1533e-06 9.1607e-06 9.1921e-06 9.2219e-06 9.268e-06 9.2448e-06 9.2599e-06 9.3047e-06 9.2721e-06 9.1789e-06 9.246e-06 9.2613e-06 9.2186e-06 9.3042e-06 9.4369e-06 9.5118e-06 9.6062e-06 9.6612e-06 9.7196e-06 9.7487e-06 9.7973e-06 9.8311e-06 9.8615e-06 9.8831e-06 9.9134e-06 9.9239e-06 9.9539e-06 9.9498e-06 9.954e-06 9.9895e-06 9.9912e-06 9.9964e-06 9.9979e-06 1.0005e-05 1.0007e-05 9.9954e-06 9.9728e-06 9.9214e-06 9.8793e-06 9.8084e-06 9.7284e-06 9.6512e-06 9.5328e-06 9.468e-06 9.4195e-06 9.3411e-06 9.3461e-06 9.3794e-06 9.2917e-06 9.2705e-06 9.2333e-06 9.1904e-06 9.1202e-06 9.0728e-06 9.0394e-06 9.0516e-06 9.014e-06 8.984e-06 8.9707e-06 8.9014e-06 8.833e-06 8.7762e-06 8.7252e-06 8.663e-06 8.6282e-06 8.5102e-06 8.448e-06 8.5027e-06 8.532e-06 8.5259e-06 8.4501e-06 8.5311e-06 8.417e-06 8.4109e-06 8.471e-06 8.4498e-06 8.4543e-06 8.461e-06 8.3421e-06 8.1936e-06 8.2512e-06 8.3791e-06 8.5208e-06 8.5916e-06 8.4794e-06 8.1425e-06 8.0602e-06 8.2446e-06 8.5307e-06 8.5424e-06 8.5978e-06 8.6586e-06 8.7187e-06 8.7602e-06 8.833e-06 8.891e-06 8.9553e-06 8.9524e-06 8.9949e-06 9.0342e-06 9.0746e-06 9.103e-06 9.1454e-06 9.1605e-06 9.186e-06 9.2258e-06 9.2308e-06 9.2249e-06 9.221e-06 9.239e-06 9.2107e-06 9.1656e-06 9.2031e-06 9.2245e-06 9.2716e-06 9.3351e-06 9.3615e-06 9.3762e-06 9.395e-06 9.4254e-06 9.4469e-06 9.5145e-06 9.5697e-06 9.6335e-06 9.708e-06 9.7551e-06 9.7897e-06 9.8106e-06 9.8361e-06 9.8444e-06 9.8375e-06 9.8343e-06 9.8639e-06 9.8398e-06 9.8034e-06 9.8013e-06 9.7691e-06 9.721e-06 9.6633e-06 9.6161e-06 9.5511e-06 9.452e-06 9.3879e-06 9.3014e-06 9.2049e-06 9.2875e-06 9.3848e-06 9.379e-06 9.3513e-06 9.3068e-06 9.3037e-06 9.3531e-06 9.3064e-06 9.2881e-06 9.272e-06 9.212e-06 9.188e-06 9.0806e-06 9.0312e-06 8.9831e-06 8.9208e-06 8.8629e-06 8.8046e-06 8.723e-06 8.6712e-06 8.6471e-06 8.5621e-06
