0.0014617 0.0014659 0.0014705 0.0014719 0.0014718 0.001471 0.0014706 0.001472 0.0014751 0.0014785 0.001492 0.0014969 0.0014944 0.0014996 0.0015176 0.001527 0.0015311 0.0015374 0.001539 0.0015287 0.001523 0.0015365 0.0015382 0.0015343 0.0015291 0.0015269 0.0015214 0.0015228 0.0015308 0.0015277 0.0015361 0.0015464 0.001541 0.0015346 0.0015441 0.0015371 0.0015291 0.0015233 0.0015156 0.0015099 0.0015055 0.0014989 0.0014936 0.0014914 0.0014896 0.0014898 0.0014891 0.0014899 0.0014892 0.0014878 0.0014856 0.0014853 0.0014827 0.0014818 0.0014817 0.0014815 0.001475 0.0014728 0.0014708 0.0014711 0.0014695 0.0014679 0.0014679 0.0014649 0.0014663 0.001469 0.0014699 0.0014592 0.0014547 0.0014558 0.001451 0.0014503 0.0014501 0.0014505 0.0014471 0.0014448 0.0014438 0.0014429 0.0014417 0.0014421 0.0014408 0.0014427 0.001443 0.0014417 0.0014433 0.0014441 0.0014437 0.0014431 0.0014427 0.0014433 0.0014444 0.0014469 0.0014479 0.0014483 0.0014487 0.0014495 0.0014488 0.0014497 0.0014506 0.0014505 0.0014486 0.0014484 0.0014475 0.0014472 0.0014484 0.0014489 0.0014495 0.0014504 0.001451 0.0014514 0.0014522 0.0014508 0.0014482 0.00145 0.0014541 0.0014568 0.0014557 0.0014556 0.0014563 0.001458 0.0014596 0.0014605 0.0014613 0.0014635 0.0014664 0.0014691 0.0014693 0.0014715 0.0014738 0.0014752 0.0014765 0.0014773 0.0014783 0.0014794 0.0014802 0.0014824 0.0014828 0.0014827 0.0014825 0.0014832 0.001479 0.0014797 0.0014778 0.0014749 0.0014764 0.0014761 0.0014753 0.0014729 0.0014699 0.0014674 0.0014669 0.0014657 0.0014655 0.001462 0.0014599 0.0014587 0.0014576 0.0014562 0.0014557 0.0014564 0.0014559 0.0014552 0.0014545 0.0014528 0.0014524 0.0014516 0.0014524 0.0014532 0.0014539 0.0014546 0.0014559 0.0014574 0.0014577 0.0014583 0.0014586 0.0014599 0.0014605 0.0014608 0.0014609 0.0014618
0.0016268 0.0016343 0.0016378 0.0016492 0.0016466 0.0016519 0.0016432 0.001642 0.0016398 0.0016321 0.0016316 0.0016307 0.0016219 0.0016116 0.0016068 0.0016055 0.0016073 0.0016082 0.0016077 0.0016039 0.0016035 0.0016077 0.0016193 0.0016227 0.0016204 0.0016156 0.0016159 0.0016068 0.0016137 0.0015996 0.0016208 0.0016226 0.0016088 0.0016075 0.0016068 0.0016072 0.0016046 0.0016012 0.0016031 0.0016015 0.0015972 0.0016014 0.0015981 0.0015959 0.001593 0.0015913 0.0015908 0.0015852 0.0015812 0.0015764 0.001564 0.0015777 0.001561 0.0015375 0.0015401 0.0015348 0.0015245 0.0015135 0.0015081 0.0015059 0.0015206 0.001478 0.0014845 0.0014628 0.0014567 0.001455 0.00145 0.0014469 0.0014447 0.0014427 0.0014382 0.0014352 0.0014405 0.0014388 0.0014167 0.0014123 0.0014063 0.0013987 0.0013961 0.0014097 0.0013852 0.0013703 0.0013693 0.0013618 0.0013597 0.0013601 0.0013622 0.0013644 0.0013672 0.0013693 0.0013722 0.0013729 0.0013741 0.0013739 0.0013745 0.0014079 0.0013997 0.0014146 0.0014033 0.0014205 0.0014202 0.0014205 0.0014278 0.0014288 0.0014321 0.0014394 0.0014447 0.001458 0.0014658 0.0014705 0.001458 0.0014571 0.0014603 0.0014623 0.0014641 0.0014637 0.0014681 0.0014713 0.0014774 0.0014777 0.0014837 0.0014886 0.0014895 0.0014939 0.0015003 0.0014991 0.0015002 0.0015065 0.001513 0.0015112 0.0015172 0.0015182 0.0015197 0.0015251 0.0015365 0.0015481 0.0015561 0.0015689 0.0015626 0.0015469 0.0015343 0.0015307 0.0015283 0.0015258 0.001522 0.0015226 0.0015178 0.0014956 0.0014927 0.0014912 0.0014912 0.0014925 0.0014961 0.0014957 0.0014949 0.0014957 0.0015011 0.0015106 0.0015183 0.0015176 0.0015244 0.0015303 0.0015381 0.001541 0.0015514 0.0015595 0.0015687 0.0015734 0.0015864 0.0015904 0.0016065 0.0016068 0.0016086 0.0016075 0.0016151 0.0016046 0.0015806 0.0015918 0.0016255 0.0016443
0.0015735 0.0015749 0.0015774 0.0015782 0.0015791 0.0015787 0.0015803 0.0015842 0.0015843 0.0015838 0.0015838 0.0015841 0.0015858 0.0015924 0.0015867 0.0015808 0.0015817 0.0015917 0.0015907 0.0015909 0.0015912 0.0015924 0.001595 0.0015959 0.0015945 0.0015947 0.0015982 0.0016073 0.0016128 0.0016253 0.0016549 0.0016575 0.0016556 0.0016555 0.0016592 0.0016455 0.0016639 0.0016541 0.001649 0.0016435 0.0016631 0.0016868 0.0016825 0.001684 0.0016653 0.0016621 0.0016529 0.0016439 0.0016361 0.0016278 0.0016305 0.0016199 0.0016183 0.0016153 0.0016372 0.0016444 0.00162 0.0016043 0.0016085 0.0016406 0.0016256 0.0015467 0.001536 0.0015399 0.0015511 0.001559 0.001545 0.0015527 0.0015505 0.0015149 0.0015275 0.0015177 0.0014919 0.0014847 0.0014891 0.0014673 0.0014946 0.0015174 0.0015417 0.0015121 0.0014984 0.0014921 0.0014982 0.0014996 0.0015093 0.0014969 0.0014911 0.001479 0.0014781 0.0014877 0.0014762 0.0014774 0.0014863 0.0014835 0.0014831 0.0014843 0.0014859 0.00149 0.0014933 0.001502 0.0014992 0.0015095 0.001535 0.0015606 0.0015537 0.0015497 0.0015474 0.0015487 0.0015455 0.0015509 0.0015591 0.0015642 0.0015682 0.0015743 0.0015546 0.0015601 0.0015702 0.0015723 0.0015659 0.0015583 0.0015572 0.0015604 0.0015637 0.0015721 0.0015815 0.001589 0.0015892 0.0015834 0.0015835 0.0015786 0.0015745 0.0015716 0.001568 0.001569 0.0015716 0.0015804 0.0016291 0.0017246 0.0017554 0.0017358 0.0016832 0.001659 0.0016492 0.0016523 0.0016128 0.0015925 0.0015835 0.0015733 0.001578 0.0015838 0.0015736 0.0015761 0.0015808 0.0015936 0.0016082 0.001613 0.0016154 0.0016172 0.001614 0.0016139 0.0016127 0.0015987 0.0015862 0.0015797 0.0015771 0.0015855 0.0015918 0.001599 0.0016108 0.0016271 0.0016054 0.0016105 0.0016072 0.0016029 0.0015965 0.0015922 0.0015884 0.0015872 0.0015772 0.0015734
0.0015832 0.0015853 0.001587 0.0015887 0.0015892 0.0015897 0.001591 0.0015925 0.0015944 0.0015961 0.0015981 0.0016005 0.0016032 0.0016052 0.0016042 0.0016048 0.0016066 0.0016098 0.0016127 0.001615 0.0016174 0.0016205 0.0016235 0.0016269 0.001631 0.0016361 0.0016401 0.0016454 0.0016546 0.0016654 0.0016593 0.0016457 0.0016434 0.0016381 0.0016477 0.0016575 0.0016563 0.0016526 0.0016581 0.0016631 0.0016415 0.0016418 0.0016435 0.0016443 0.0016464 0.001649 0.0016465 0.0016906 0.0016994 0.0017054 0.0016974 0.0016984 0.0016917 0.0016916 0.0016937 0.0016901 0.0016851 0.0017097 0.0017167 0.0017165 0.0016763 0.0017052 0.0016971 0.0016869 0.0017158 0.0016902 0.0016916 0.0016891 0.0017235 0.0016938 0.0017195 0.0017396 0.001754 0.0017547 0.0017415 0.0017284 0.0017313 0.0017299 0.0017293 0.001738 0.0017358 0.0017327 0.0017193 0.0017223 0.0017243 0.0017171 0.0017115 0.0017097 0.0017143 0.0017128 0.001689 0.0016875 0.001696 0.0017289 0.0016894 0.0016822 0.0016734 0.0016691 0.0016715 0.0016593 0.0016778 0.0016318 0.0016461 0.0016228 0.0016583 0.0016795 0.0016845 0.0016636 0.0016534 0.0016561 0.0016604 0.0016721 0.0016938 0.001701 0.0017084 0.0017075 0.0016706 0.0016722 0.0016663 0.0016653 0.0016589 0.001659 0.0016304 0.0016233 0.0016292 0.0016345 0.0016342 0.0016218 0.0016212 0.001634 0.0016278 0.0016289 0.0016435 0.0016449 0.0016625 0.0017122 0.0017742 0.0017679 0.0017698 0.0017681 0.0017694 0.0016738 0.001664 0.0016689 0.0016658 0.0016773 0.0016738 0.001667 0.0016648 0.0016645 0.0016595 0.0016493 0.00164 0.0016353 0.0016311 0.0016183 0.0016127 0.0016166 0.0016434 0.0016746 0.0017154 0.0017386 0.0017074 0.0016598 0.0015921 0.0015923 0.0015661 0.0015598 0.0015577 0.0015565 0.0015658 0.0015847 0.0016305 0.0016297 0.0016043 0.0015861 0.0015787 0.001576 0.001578 0.0015808
0.0016114 0.0016177 0.0016179 0.0016307 0.0016085 0.0016148 0.0016187 0.001623 0.0016276 0.0016327 0.0016379 0.0016443 0.0016587 0.001662 0.0016435 0.0016423 0.0016453 0.0016494 0.0016546 0.0016593 0.0016636 0.0016675 0.0016691 0.0016726 0.0016758 0.0016803 0.0016861 0.0016888 0.0016909 0.0016939 0.0016976 0.001711 0.001708 0.0017102 0.0017197 0.0017158 0.0016975 0.001701 0.0016987 0.0017008 0.0017162 0.0017034 0.0016765 0.0016814 0.0016673 0.0016552 0.0016609 0.0016757 0.0016803 0.0016703 0.0016834 0.0016748 0.0016944 0.0017641 0.0017434 0.0017582 0.0017768 0.0017386 0.0017737 0.0017658 0.0017399 0.0017495 0.001755 0.0017521 0.0017521 0.0017479 0.0017522 0.001753 0.0017465 0.0017392 0.0017479 0.0017344 0.0017192 0.0017213 0.0017235 0.001725 0.0017201 0.0017202 0.001718 0.0017207 0.0017579 0.001713 0.0016987 0.0016945 0.0016923 0.0016943 0.001693 0.001694 0.0016917 0.0016908 0.0016895 0.0016916 0.0016824 0.0016667 0.0016495 0.0016237 0.0015681 0.0015079 0.001579 0.0015913 0.0016318 0.0016611 0.0016563 0.0016667 0.0016928 0.0017102 0.001722 0.0017414 0.0017385 0.0017288 0.0017104 0.0017362 0.0017454 0.0017556 0.0017547 0.0017611 0.0017634 0.0017699 0.0017681 0.0017677 0.001766 0.0017694 0.0017646 0.0017589 0.0017578 0.0017633 0.0017281 0.0017311 0.0017373 0.0017434 0.0017484 0.0017666 0.0017711 0.0017782 0.0017811 0.0017794 0.001777 0.0017275 0.0016538 0.001636 0.0016319 0.0016284 0.001627 0.0016429 0.0016508 0.0016525 0.001647 0.0016606 0.0016691 0.0016767 0.0016883 0.001696 0.0017061 0.0016863 0.0016962 0.0017156 0.001728 0.0017008 0.0016879 0.0016919 0.0017342 0.00172 0.0016922 0.0016914 0.0017038 0.0017005 0.001734 0.0016808 0.0016145 0.0015851 0.0015856 0.0015991 0.0016137 0.0016364 0.0016643 0.0016046 0.0016152 0.0016153 0.0015981 0.0016035
0.0016411 0.0016454 0.0016464 0.0016561 0.0016546 0.0016511 0.0016514 0.0016548 0.0016565 0.0016734 0.0016618 0.0016694 0.0016744 0.0016767 0.0016839 0.0016943 0.0016846 0.0017038 0.0016779 0.0017009 0.0016908 0.0016938 0.0016916 0.0017314 0.001765 0.0016815 0.0017197 0.0017598 0.0017418 0.0017497 0.0017443 0.0017447 0.0017425 0.0017439 0.0017477 0.0017496 0.0017497 0.0017485 0.0017407 0.0017377 0.0017384 0.0017197 0.001768 0.0017757 0.0016994 0.0017148 0.0017136 0.0017023 0.0016983 0.0017262 0.0017484 0.0017175 0.0017753 0.0017588 0.0017639 0.0017792 0.0017962 0.0017004 0.001754 0.0017126 0.0017701 0.0017518 0.0017001 0.0017373 0.0017382 0.0017626 0.0017653 0.00176 0.0017579 0.0017549 0.0017514 0.0017534 0.0017517 0.0017525 0.0017503 0.0017476 0.0017497 0.0017531 0.00175 0.0017328 0.0017408 0.001754 0.0017316 0.0017286 0.0017306 0.0017482 0.00172 0.0017349 0.0017213 0.0017239 0.0017285 0.0017186 0.0017135 0.001689 0.0016202 0.0016205 0.0015845 0.0016256 0.0016721 0.0016972 0.0016905 0.0017129 0.0017169 0.0017229 0.0017291 0.001747 0.0017325 0.0017424 0.001722 0.0017443 0.0017086 0.0017333 0.0017194 0.0017195 0.0016898 0.0016811 0.0017423 0.001756 0.0017763 0.00178 0.0017838 0.0017828 0.0017845 0.0017832 0.0017864 0.001784 0.0017811 0.0017847 0.0017832 0.0017862 0.0017817 0.0017804 0.0017863 0.0017849 0.0017852 0.0017854 0.0017901 0.0017911 0.0017864 0.0017863 0.0017861 0.0017891 0.0017662 0.0017349 0.0017512 0.001706 0.0016627 0.0016632 0.0016637 0.0016548 0.0016603 0.0016696 0.0017057 0.0017949 0.0017835 0.0017118 0.001695 0.0017402 0.0016421 0.0016452 0.0016985 0.0016517 0.0016266 0.001615 0.001609 0.0016189 0.0016071 0.0016431 0.0016215 0.0016182 0.0016193 0.0016248 0.0016368 0.0016112 0.0016039 0.0016146 0.0016238 0.001633 0.0016334 0.0016348
0.0017085 0.0016862 0.0016792 0.0016768 0.0016693 0.0016926 0.001689 0.0017176 0.0017136 0.0017167 0.0017141 0.0017156 0.0017429 0.0017282 0.001724 0.001728 0.0017357 0.0017348 0.0017447 0.0017347 0.00173 0.001734 0.0017299 0.0017389 0.0017331 0.0017433 0.0017586 0.0017643 0.0017527 0.0017606 0.0017583 0.0017604 0.0017608 0.0017605 0.0017602 0.0017613 0.0017585 0.0017603 0.0017588 0.0017589 0.0017577 0.0017595 0.0017537 0.0017429 0.0017378 0.0017207 0.0016784 0.0017368 0.0016701 0.0016926 0.0017569 0.0017401 0.0017272 0.0016838 0.0016956 0.0017135 0.0017284 0.0017267 0.0017364 0.0017327 0.0017551 0.0017686 0.001756 0.0017604 0.0017739 0.0017757 0.0017737 0.0017763 0.0017763 0.0017735 0.0017708 0.0017696 0.0017655 0.0017665 0.0017637 0.0017634 0.0017612 0.0017536 0.0017375 0.0017393 0.0017337 0.0017223 0.0017173 0.0017048 0.0017243 0.0017395 0.0017284 0.001731 0.001715 0.0017248 0.0017261 0.0017214 0.0016928 0.0016796 0.0016687 0.0016539 0.001613 0.001579 0.0016761 0.0017686 0.0017929 0.0018034 0.0018044 0.0017168 0.0017379 0.0017272 0.0017299 0.0017443 0.0017232 0.0017487 0.0017278 0.0017249 0.0017193 0.0017549 0.0017805 0.001767 0.0017241 0.001713 0.0016781 0.0016583 0.0016495 0.0016165 0.0016045 0.0016522 0.0017101 0.0017456 0.0017664 0.0017649 0.0017576 0.0017421 0.001696 0.0017538 0.0017689 0.0017068 0.0017517 0.0017676 0.0017879 0.0017814 0.0017647 0.0017578 0.0017299 0.0017314 0.0017153 0.0017536 0.0017927 0.0017895 0.0017785 0.0017699 0.0017199 0.0017218 0.0017261 0.0016611 0.0017189 0.0017429 0.0017434 0.0016758 0.0016449 0.0016528 0.0016342 0.0016381 0.0016468 0.0016328 0.0016322 0.0016544 0.0016436 0.0016394 0.0016508 0.00166 0.0016642 0.0016623 0.001654 0.0016623 0.0016809 0.0016535 0.0016554 0.0016608 0.0016781 0.0016916 0.0016997 0.001684
0.0017253 0.0017332 0.001715 0.001726 0.0017126 0.001711 0.0017206 0.0017756 0.0017375 0.0017311 0.0017961 0.0018138 0.0017471 0.0017564 0.0017575 0.0017658 0.0017501 0.0017587 0.0017588 0.0017457 0.001746 0.0017637 0.0017636 0.0017746 0.0017643 0.0017695 0.0017728 0.0017745 0.0017726 0.0017704 0.0017707 0.0017692 0.0017719 0.0017694 0.0017388 0.0017647 0.0017651 0.0017638 0.0017618 0.0017614 0.0017573 0.0017536 0.0017542 0.0017548 0.0017578 0.0017618 0.0017559 0.0017494 0.001735 0.0017262 0.0017359 0.0016939 0.0016816 0.0017115 0.0017521 0.0017581 0.0017528 0.0017763 0.0017861 0.0017881 0.0017902 0.001789 0.0017857 0.0017823 0.0017802 0.0017798 0.0017774 0.0017629 0.0017766 0.001769 0.0017581 0.0017469 0.0017442 0.0017315 0.001727 0.0017328 0.0017256 0.0017394 0.001726 0.0017278 0.0017332 0.001737 0.0017444 0.0017289 0.0017546 0.0017364 0.001736 0.001748 0.0017348 0.0017348 0.0017275 0.0017038 0.0016935 0.0017181 0.0017293 0.001731 0.0017315 0.0017321 0.0017374 0.0017273 0.0017144 0.0017228 0.0017232 0.001719 0.0017421 0.0017463 0.0017467 0.0017352 0.0017324 0.0017236 0.0017168 0.0017037 0.0016673 0.001689 0.0016969 0.0016535 0.0016856 0.0016737 0.0016553 0.0016688 0.0016484 0.0016427 0.0017016 0.0017277 0.0017148 0.0017222 0.0017941 0.0016814 0.0016967 0.0016975 0.0017073 0.0017476 0.0017388 0.0017275 0.0017225 0.0017078 0.0017325 0.0016529 0.0016228 0.0015884 0.0015823 0.001634 0.0018018 0.0017925 0.0017993 0.001713 0.0017638 0.0017198 0.0017745 0.0017943 0.0017848 0.0017798 0.0017745 0.0017762 0.0017842 0.0017014 0.0016157 0.0016123 0.001611 0.0016121 0.0016101 0.0016236 0.0016786 0.0016694 0.0016856 0.0016344 0.0016405 0.0016562 0.0016629 0.0016622 0.0016685 0.001669 0.0016719 0.0016917 0.0016927 0.0016992 0.0017099 0.0017061 0.0017105 0.001715
0.0018023 0.0017237 0.0017715 0.0017708 0.0017623 0.0017398 0.0017925 0.001771 0.0017727 0.0017714 0.0017398 0.0017132 0.0017965 0.001736 0.0017579 0.001771 0.0017678 0.0017674 0.0017627 0.0017539 0.0017427 0.0017167 0.0017905 0.0017011 0.0017204 0.0017827 0.0017648 0.0017632 0.0017651 0.001769 0.0017705 0.0017703 0.0017774 0.0017516 0.0017482 0.0017227 0.0017395 0.0017662 0.0017579 0.0017619 0.0017618 0.0017641 0.0017575 0.0017611 0.0017637 0.0017634 0.0017641 0.0017462 0.0017886 0.0018298 0.0018295 0.001833 0.0018321 0.0017497 0.0017845 0.0017845 0.0017951 0.0017979 0.0017991 0.0018003 0.0018007 0.0017993 0.0017954 0.0017897 0.0017919 0.0017661 0.0017763 0.0017884 0.0017897 0.0017897 0.001786 0.0017676 0.0017524 0.0017621 0.0017515 0.001742 0.0017357 0.0017446 0.0017601 0.0017321 0.0017328 0.0017333 0.0017365 0.0017604 0.001748 0.0017661 0.0017764 0.0017734 0.001765 0.0017687 0.0017421 0.0017393 0.0017115 0.0017409 0.0017389 0.0017468 0.0017597 0.0017613 0.0017609 0.0017591 0.0017619 0.0017624 0.0017687 0.0017648 0.0017587 0.0017536 0.0017639 0.0017294 0.0017237 0.0017118 0.0016768 0.0016466 0.001669 0.0017048 0.0017388 0.0017164 0.001732 0.0017228 0.0017308 0.001703 0.001714 0.0016825 0.0016657 0.0016593 0.0016869 0.0016839 0.001711 0.0017131 0.0017342 0.0017315 0.0017281 0.0017371 0.0017403 0.0017474 0.0017547 0.001756 0.0017546 0.0017647 0.0017393 0.0017111 0.0017456 0.0016339 0.0016473 0.0016986 0.0017071 0.0017123 0.0017183 0.0017416 0.0017999 0.0017682 0.0017495 0.0016875 0.0017502 0.0017775 0.0017966 0.0018044 0.0017683 0.0016907 0.0016168 0.0016524 0.001632 0.0016573 0.0016983 0.0017084 0.001649 0.0016731 0.0017094 0.0017204 0.001709 0.0017385 0.0017941 0.0017774 0.0017498 0.0017394 0.0017408 0.0017365 0.0017492 0.001735 0.0017394 0.0017977
0.0017906 0.0017928 0.001799 0.0018025 0.0018065 0.0018152 0.0018213 0.0018179 0.0018184 0.0018193 0.0018191 0.0017814 0.0017358 0.0017125 0.0016613 0.0016627 0.0017154 0.0017277 0.0018026 0.0017449 0.0017505 0.0017377 0.001722 0.0017284 0.0018324 0.0017756 0.001771 0.0017726 0.0017646 0.0017493 0.0017555 0.0017486 0.0017477 0.0017618 0.0017558 0.0017529 0.0017473 0.0017697 0.0017584 0.00176 0.0017691 0.0017576 0.0017678 0.001761 0.0017645 0.001767 0.001747 0.0017328 0.0017375 0.0018046 0.0018306 0.0018276 0.0018347 0.001732 0.0017924 0.0018008 0.0018036 0.0018069 0.0018029 0.001804 0.0018079 0.0017891 0.0017808 0.0017885 0.0017956 0.0017997 0.0018053 0.0017914 0.0017922 0.0017296 0.001751 0.0017652 0.0017543 0.0017664 0.0017446 0.0017612 0.0017477 0.0017106 0.0016942 0.0016826 0.0016751 0.0017533 0.0017474 0.001746 0.0017601 0.001761 0.0017713 0.0017569 0.0017762 0.0017643 0.0017987 0.0017913 0.0017627 0.0017691 0.0017682 0.0017563 0.0017507 0.0017044 0.0017495 0.0017692 0.0017798 0.0017598 0.0017632 0.0017638 0.0017621 0.0017656 0.0017399 0.0016723 0.0016958 0.0017215 0.0017245 0.0017329 0.0017338 0.0017471 0.0017489 0.0017422 0.0017611 0.0017481 0.0017572 0.0017634 0.0017578 0.0017722 0.0017743 0.0017598 0.0017797 0.0017459 0.0016988 0.0017156 0.0018009 0.0018007 0.0017322 0.0017463 0.0017319 0.0016469 0.0017082 0.0017228 0.00173 0.0017002 0.0016706 0.001698 0.0017398 0.0016884 0.0017555 0.0017604 0.0017796 0.0017817 0.0017792 0.0017586 0.0017595 0.0017737 0.0017906 0.0017841 0.0017993 0.0017876 0.001827 0.0018323 0.0018303 0.0018171 0.0017998 0.0017817 0.0017978 0.0017857 0.0017719 0.0017936 0.0018042 0.0018002 0.0017999 0.0017896 0.0017802 0.0018118 0.0017843 0.0018032 0.0017967 0.0017988 0.001764 0.0017639 0.001768 0.0017754 0.0017492 0.0017917
0.0017482 0.0017528 0.001777 0.0017933 0.0017652 0.0018345 0.0018319 0.001818 0.0018244 0.0018231 0.001821 0.0018118 0.0017751 0.0017831 0.0017571 0.0017759 0.0016823 0.0016966 0.0017311 0.0017591 0.001783 0.0017677 0.001753 0.0017512 0.0017325 0.0017837 0.0017626 0.0017739 0.0017465 0.0017939 0.0017206 0.0017268 0.0017201 0.0017406 0.0017439 0.0017507 0.0017692 0.0017711 0.0017778 0.0017778 0.0017839 0.0017777 0.0017757 0.0017797 0.0017803 0.0018211 0.001767 0.0017869 0.0017876 0.0017861 0.0017891 0.0017973 0.0017977 0.0018038 0.0018049 0.0018014 0.0018034 0.0018048 0.0017928 0.0017927 0.0017804 0.0018037 0.0018013 0.0018099 0.0018019 0.0017893 0.0017474 0.0017496 0.0017535 0.001753 0.0017492 0.0017615 0.0017574 0.001771 0.0017784 0.0017921 0.0017837 0.0017395 0.0016993 0.0017198 0.0017303 0.0017657 0.0017695 0.0017348 0.0017317 0.0017146 0.0017202 0.0017166 0.0017367 0.0017569 0.0017588 0.0017677 0.0017088 0.0017703 0.0017756 0.0017701 0.0017797 0.0017794 0.0017779 0.0017815 0.0017778 0.0017753 0.0017799 0.0017744 0.0017588 0.0017373 0.0016817 0.0017677 0.0017809 0.0017729 0.0017598 0.0017463 0.001754 0.0017454 0.0017558 0.0017204 0.0017172 0.0017586 0.0017848 0.0017974 0.001808 0.0017999 0.0018022 0.0018067 0.0018059 0.0018009 0.001778 0.0017479 0.0017269 0.0017286 0.0017659 0.0017541 0.001751 0.0017561 0.00181 0.0017433 0.0016379 0.0016672 0.0016813 0.0016871 0.0017026 0.0017025 0.0016736 0.0016834 0.0017235 0.0017574 0.0017662 0.0017481 0.0017835 0.0017874 0.0017874 0.0017926 0.0017602 0.0016303 0.0017863 0.0018263 0.0018192 0.0016794 0.0018263 0.0018226 0.0018194 0.001808 0.0018037 0.001799 0.0017836 0.0017652 0.0017488 0.0017582 0.0016997 0.0016791 0.0017515 0.0017952 0.0017887 0.0017763 0.0017664 0.0017556 0.0017486 0.001742 0.0017583 0.0017582
0.0018286 0.0017438 0.001725 0.0017758 0.0017776 0.0017847 0.0017868 0.001823 0.0018194 0.001824 0.0018254 0.0018252 0.0018186 0.0018132 0.0017921 0.0017728 0.0017514 0.0017189 0.0017126 0.0016912 0.0016901 0.0016704 0.0016949 0.0016973 0.0017251 0.0017226 0.001714 0.001708 0.0017524 0.0016886 0.0016894 0.001697 0.0017436 0.0018253 0.0017278 0.001745 0.0017465 0.0018062 0.0017733 0.0017754 0.0017819 0.0017812 0.0017787 0.0017799 0.0017808 0.0017841 0.0017815 0.0017885 0.0017892 0.0017857 0.0017881 0.0017941 0.0017964 0.0017967 0.0017922 0.0018014 0.0018097 0.0018028 0.0018068 0.0018018 0.0017676 0.0017925 0.0018055 0.0018052 0.0017914 0.0017811 0.0018319 0.0018324 0.0018344 0.0017548 0.0017654 0.0017687 0.0017724 0.0017851 0.0017948 0.0017703 0.0017457 0.0017052 0.0017104 0.0016855 0.0017096 0.0017112 0.0017434 0.0017344 0.0017579 0.0017501 0.0017586 0.00176 0.0017591 0.0017589 0.001762 0.0017731 0.0017674 0.0017772 0.0017735 0.0017817 0.0017738 0.0017704 0.001773 0.0017588 0.0017619 0.0017082 0.0016926 0.0016961 0.0016697 0.0017116 0.0018017 0.0018256 0.0018233 0.0018034 0.0017959 0.0017684 0.0017708 0.0017463 0.0017585 0.0017508 0.0017775 0.001789 0.001804 0.001806 0.0018047 0.001804 0.0018074 0.0018069 0.0018029 0.0018149 0.0018143 0.0018204 0.0018211 0.0017961 0.0017473 0.0016994 0.0017437 0.0017578 0.0017017 0.0016873 0.0016778 0.0016476 0.0016908 0.0016303 0.0016508 0.0016824 0.0016845 0.001756 0.0017312 0.0017268 0.0016909 0.0017162 0.0017492 0.0017724 0.0017925 0.0018055 0.0017834 0.0017948 0.0018022 0.0018045 0.0018062 0.0018092 0.0017878 0.0017986 0.0017948 0.0017981 0.0017858 0.0017716 0.0017886 0.0017851 0.0017853 0.0017844 0.0017807 0.0017516 0.0017936 0.0017784 0.0017744 0.0017606 0.0017277 0.0017734 0.0017236 0.0017214 0.0017262 0.0017606
0.0017509 0.001723 0.0016993 0.0017322 0.0017356 0.0017943 0.0018044 0.0018238 0.0018177 0.0018203 0.0018194 0.0018239 0.0018242 0.0018242 0.0018204 0.0018119 0.0018046 0.0018012 0.0017949 0.0017744 0.0017396 0.0017301 0.0017356 0.0017194 0.001746 0.0017399 0.0017161 0.0017785 0.001764 0.0017185 0.0017023 0.0017252 0.0017091 0.0017277 0.0017419 0.0017511 0.0017529 0.0017582 0.0017602 0.0017752 0.0017766 0.0017832 0.0017854 0.0017858 0.0017912 0.0017932 0.0017913 0.0017906 0.0017921 0.0017914 0.0017847 0.0017788 0.0017741 0.0017828 0.0017917 0.0017995 0.0017996 0.0018002 0.001793 0.0017344 0.0018153 0.0018095 0.0018175 0.0018261 0.001792 0.0018128 0.0018199 0.0018219 0.0017764 0.0017708 0.0017859 0.0017769 0.0017816 0.0017901 0.0018025 0.0017955 0.001764 0.0017505 0.001722 0.0016962 0.0016972 0.0017203 0.0017829 0.0017441 0.0017568 0.0017596 0.001759 0.0017535 0.0017352 0.0017625 0.0017627 0.0017652 0.0017615 0.0017735 0.0017612 0.0017761 0.0017924 0.0017814 0.0017635 0.0017686 0.0017512 0.0017536 0.0017444 0.0017365 0.0017077 0.0017314 0.0017202 0.00174 0.0017486 0.0017402 0.0017376 0.0017287 0.0017371 0.0017809 0.0017962 0.0018225 0.001821 0.0018117 0.0018026 0.0017965 0.0017971 0.0018075 0.0018159 0.0018142 0.0018202 0.0018178 0.0018159 0.0018185 0.0018182 0.0018229 0.0017655 0.0017608 0.001757 0.0017483 0.0018303 0.0017114 0.0017073 0.0017165 0.0017536 0.0016641 0.0016611 0.0016623 0.0016993 0.0017025 0.0017066 0.0016744 0.001664 0.0017563 0.001738 0.001712 0.0017798 0.0017669 0.0017606 0.0017926 0.0017905 0.0016868 0.0017325 0.0017466 0.0017867 0.0017664 0.0017243 0.0017355 0.0017887 0.0017619 0.0017796 0.0017946 0.0017854 0.0017912 0.0017886 0.0017865 0.0017645 0.0017571 0.0017449 0.0016992 0.0017699 0.0017848 0.0017558 0.001744 0.0017166 0.0017087
0.0017492 0.0017472 0.0017789 0.0017277 0.0017075 0.001742 0.0017795 0.0017894 0.0018046 0.0017996 0.0018143 0.0018061 0.0018262 0.001817 0.001818 0.0018116 0.001815 0.0018166 0.0018127 0.0017854 0.0017474 0.0017452 0.0017251 0.0017325 0.0017259 0.0017368 0.0017372 0.0017234 0.001719 0.0017249 0.0017204 0.0017314 0.0017492 0.0017503 0.0017478 0.0017309 0.0017172 0.0017437 0.0017718 0.0017528 0.0017836 0.0017611 0.0017475 0.0017753 0.0017787 0.0017784 0.0017631 0.0017842 0.0017792 0.0017786 0.0017629 0.0017702 0.001798 0.0018175 0.001801 0.0017479 0.0017804 0.0018127 0.001805 0.0018076 0.001804 0.0018031 0.0018106 0.0018211 0.0018325 0.0018256 0.001788 0.0018279 0.0017778 0.0018102 0.0017955 0.0017817 0.001785 0.0017759 0.0017832 0.0018122 0.0018193 0.0018141 0.0018092 0.0017856 0.0017716 0.0017431 0.0017506 0.0017486 0.0017499 0.001754 0.0017629 0.0017628 0.0017633 0.00176 0.0017587 0.00176 0.0017679 0.0017627 0.0017664 0.0017532 0.0017635 0.0017685 0.0017577 0.001775 0.0017773 0.0017572 0.0017623 0.0017755 0.0017652 0.0017478 0.0017325 0.0017149 0.001718 0.0017017 0.0017416 0.0017509 0.0017759 0.0018119 0.0018291 0.001831 0.0018318 0.0018244 0.0018156 0.0018115 0.0018091 0.0018071 0.0018106 0.001813 0.0018233 0.0018261 0.0018217 0.0018199 0.0018212 0.0018225 0.0018131 0.0017777 0.0017696 0.001787 0.0017583 0.0017234 0.0017016 0.0017144 0.0017026 0.0016447 0.0017747 0.0016845 0.0017302 0.001723 0.0017203 0.0016971 0.0016841 0.0016693 0.0016485 0.001688 0.0017228 0.001756 0.0017365 0.0017408 0.0017657 0.0017895 0.0018057 0.0018073 0.0017903 0.0017819 0.0017456 0.0017531 0.001767 0.0017646 0.0017575 0.0016885 0.0016856 0.0017146 0.0017526 0.0017738 0.0017832 0.0017879 0.0017756 0.001793 0.0017906 0.0017261 0.0017597 0.0017672 0.001763 0.0017906
0.0018005 0.0017419 0.0017015 0.001747 0.0017703 0.0017845 0.0017832 0.0017353 0.0017449 0.0017616 0.0017266 0.0017449 0.0017877 0.0017443 0.0018354 0.0017509 0.0017796 0.0017765 0.0018147 0.0017918 0.001786 0.0017827 0.0017855 0.0017399 0.0017276 0.0017095 0.0017973 0.0017627 0.0017254 0.0017317 0.0017659 0.0017878 0.00179 0.0017828 0.0017852 0.0017647 0.0017324 0.001747 0.0017408 0.0017386 0.001771 0.0017189 0.0017526 0.0017796 0.0017556 0.0016822 0.0017914 0.0018017 0.0018046 0.0018016 0.0017997 0.0018079 0.0018068 0.0017856 0.0017581 0.0018178 0.0018179 0.0018063 0.0018185 0.0018177 0.0018151 0.0018053 0.0018133 0.0018166 0.0018274 0.0018353 0.0018299 0.001802 0.0018316 0.0018321 0.0018257 0.0018124 0.0017561 0.0018112 0.0018212 0.0017945 0.0017844 0.0017908 0.0017804 0.0017593 0.0016925 0.0016948 0.0017481 0.0017687 0.0017502 0.0017441 0.0017347 0.001759 0.0017667 0.0017642 0.0017685 0.0017623 0.0017637 0.001776 0.0017689 0.0017735 0.0017701 0.0017576 0.0017671 0.0017753 0.0017813 0.0017706 0.0017651 0.0017644 0.0017229 0.0017658 0.0017593 0.0017614 0.0017632 0.0017725 0.0017814 0.0017871 0.0017947 0.0018069 0.0018206 0.0018244 0.0017998 0.0017964 0.0017989 0.0017838 0.0018358 0.0018253 0.0017901 0.0018056 0.0018164 0.0018204 0.0018275 0.0018301 0.0018188 0.0018294 0.0018353 0.0018305 0.0016915 0.001823 0.0018152 0.0018018 0.0017194 0.0017326 0.0017306 0.0017646 0.0016998 0.0016922 0.0016842 0.0016926 0.0016982 0.0016907 0.0016909 0.0016725 0.0016939 0.0016884 0.0017112 0.0017107 0.0017155 0.0017231 0.0017269 0.0017989 0.001829 0.0018247 0.0018241 0.0018178 0.0018078 0.0017927 0.0017783 0.0017614 0.0017563 0.001729 0.0016984 0.0017208 0.0017256 0.0016497 0.0017101 0.0017655 0.0017754 0.0017568 0.0016815 0.0017128 0.0017262 0.0017895 0.0017927 0.001791
0.0018081 0.0017757 0.0017631 0.0017841 0.0017829 0.0017707 0.0016771 0.0017301 0.0017447 0.0017295 0.001767 0.001729 0.0017458 0.0016831 0.0017589 0.0017993 0.0017707 0.0017812 0.0017606 0.0017832 0.0017913 0.0017927 0.0017731 0.0017627 0.0017009 0.0017327 0.0017468 0.001752 0.0017826 0.0017338 0.0017519 0.0017968 0.0018019 0.0017826 0.0018033 0.0017842 0.0017476 0.0017087 0.0016963 0.0017076 0.0017302 0.0017742 0.0017958 0.0017944 0.00179 0.0017674 0.001801 0.0018096 0.0018189 0.0018183 0.0018189 0.0018192 0.001821 0.0018221 0.0018088 0.001797 0.0018051 0.0017945 0.0018131 0.0018196 0.0018043 0.0017859 0.0018343 0.0018271 0.0018015 0.0018356 0.0018104 0.0018224 0.0018317 0.0017534 0.0017751 0.0018248 0.0018358 0.0018061 0.0018295 0.0017985 0.001801 0.0017784 0.001759 0.001759 0.0017151 0.0017252 0.0017486 0.0017312 0.0017351 0.0017667 0.0017542 0.001752 0.0017796 0.0016892 0.0017567 0.0017735 0.0017787 0.0017709 0.0018056 0.0017576 0.0017518 0.0017538 0.0018177 0.0017498 0.0017433 0.0017737 0.0017628 0.0017652 0.0017711 0.0017752 0.0017737 0.0017692 0.0017681 0.0017914 0.0017978 0.0018102 0.0018141 0.0018149 0.0018067 0.0017852 0.0017893 0.0017955 0.0017721 0.00174 0.0017439 0.0017473 0.0017948 0.0018176 0.0018319 0.0018344 0.0018353 0.0018343 0.0018355 0.0018354 0.0018346 0.001834 0.0018267 0.001819 0.0018235 0.001808 0.0017772 0.0016883 0.0016468 0.0016709 0.0018133 0.0018044 0.0016464 0.0016479 0.0017613 0.0016746 0.0016866 0.0016338 0.0016837 0.0017159 0.0016802 0.0016882 0.0017277 0.0017752 0.0017938 0.0018066 0.0018165 0.0018135 0.0018188 0.0018184 0.0018172 0.0018131 0.001806 0.0017957 0.0017665 0.0017422 0.0017169 0.0017114 0.0017273 0.0017104 0.0017839 0.0016612 0.001723 0.0017385 0.0017171 0.0017662 0.0017837 0.0017704 0.00179 0.0017997
0.0017982 0.0018003 0.0018114 0.0018237 0.0018 0.0017136 0.0017433 0.00173 0.0016975 0.0017023 0.0017106 0.0018195 0.001707 0.0017177 0.0016885 0.0016947 0.0017463 0.0017814 0.001748 0.0017373 0.0018156 0.0017419 0.0017449 0.0017438 0.001687 0.001737 0.0017564 0.0017549 0.0017533 0.0016925 0.0016521 0.0017975 0.0017824 0.0017885 0.0017864 0.0017737 0.0017848 0.0017357 0.0017205 0.0017256 0.0017093 0.001755 0.0017716 0.0017814 0.0017875 0.0017685 0.0017358 0.0017315 0.0017924 0.0018192 0.0018208 0.0018235 0.0018167 0.0018151 0.0018023 0.0017649 0.0017465 0.0017486 0.0017315 0.0017225 0.001775 0.0018357 0.0018074 0.0017747 0.0018358 0.0018338 0.0018354 0.0018284 0.001816 0.0016865 0.001829 0.0018214 0.0017732 0.0018106 0.0017875 0.00183 0.0018352 0.0018284 0.0018159 0.0018357 0.0018358 0.0018047 0.001756 0.0017617 0.0017793 0.001758 0.0017624 0.0017434 0.0017392 0.001764 0.0017687 0.0017747 0.0017537 0.0017303 0.0017302 0.0017255 0.0017267 0.0017342 0.0017653 0.0017334 0.0017129 0.0017242 0.0017229 0.001729 0.001728 0.001774 0.0017776 0.0017901 0.0018006 0.0018093 0.0018166 0.001823 0.0018284 0.0018317 0.0018277 0.0018176 0.0018231 0.0018238 0.0018289 0.0018182 0.0018143 0.0018233 0.0018348 0.0018345 0.0018289 0.0018294 0.0018285 0.0018289 0.0018287 0.0018206 0.0018352 0.0018358 0.0018338 0.0018358 0.0018348 0.0018333 0.0018316 0.0018096 0.0016811 0.0017623 0.0018178 0.0018313 0.0016934 0.0017071 0.0017484 0.0017349 0.0017047 0.001687 0.0016854 0.0017161 0.0017519 0.0017648 0.001774 0.0017549 0.0017918 0.0017719 0.0018044 0.001769 0.0017084 0.0017283 0.001809 0.0018143 0.0018103 0.0017918 0.0017619 0.0017393 0.0017199 0.0017197 0.0017279 0.0017198 0.0016943 0.0016837 0.0017219 0.0017286 0.0017971 0.0017261 0.0017273 0.0017367 0.001759 0.0017954
0.0018036 0.0018056 0.0018126 0.0018174 0.0017803 0.0017761 0.0017705 0.0017398 0.0017277 0.0017639 0.00176 0.0017512 0.0017393 0.0017491 0.0017234 0.0017405 0.0017812 0.0017713 0.0017709 0.0017655 0.0017255 0.001671 0.0016715 0.0018146 0.0016707 0.0017401 0.0017649 0.0017655 0.0017653 0.001745 0.001726 0.0017895 0.0017873 0.0017783 0.001794 0.0017649 0.0017453 0.0017276 0.001693 0.0016839 0.0016929 0.0016839 0.0016795 0.0016969 0.0017568 0.0017342 0.0017208 0.0017501 0.0017898 0.0018066 0.0018194 0.0018208 0.0018215 0.0017949 0.0017794 0.001697 0.0017264 0.0016908 0.0017227 0.0018306 0.001772 0.0018344 0.0018297 0.0018357 0.001796 0.0018239 0.0018253 0.0018336 0.001824 0.0018249 0.0018251 0.0018218 0.0017977 0.0018012 0.0018358 0.0018254 0.0018003 0.0018321 0.0018266 0.0018228 0.0017964 0.0017735 0.0017828 0.0017807 0.0017738 0.0017623 0.0017633 0.0017426 0.0017521 0.0017282 0.0017484 0.0017631 0.0017803 0.0017566 0.0017631 0.0017988 0.0018297 0.0017634 0.0017601 0.0017679 0.0017651 0.0017588 0.0017126 0.0017287 0.0017134 0.0017353 0.0017894 0.0017967 0.0018103 0.0018208 0.0018275 0.0018316 0.0018353 0.0018355 0.0018355 0.0018329 0.0018297 0.0018255 0.0018236 0.0018162 0.0018173 0.0018224 0.0018264 0.0018318 0.0018409 0.0018255 0.0018176 0.0018171 0.0018403 0.0018168 0.001826 0.00183 0.0018339 0.0018355 0.0018354 0.0018358 0.0017798 0.0018187 0.0018114 0.0017903 0.0017771 0.0017626 0.0017684 0.0017703 0.0016877 0.0017163 0.0017263 0.0017285 0.0017542 0.0017784 0.0018009 0.0018011 0.0018351 0.0018178 0.0017733 0.0017847 0.0017988 0.0017031 0.001721 0.0018151 0.0017991 0.0017849 0.0017714 0.0017742 0.001744 0.0017329 0.0017464 0.0017618 0.0017805 0.0017635 0.0017612 0.0017126 0.0017731 0.001743 0.0017235 0.0017313 0.0017525 0.001783 0.0017828 0.0017993
0.001808 0.0017828 0.0017885 0.0018249 0.0018304 0.0017327 0.0017895 0.0017979 0.001797 0.0017833 0.0017939 0.0017549 0.0017402 0.0017674 0.0017668 0.0017662 0.0017441 0.0017744 0.0017645 0.0017717 0.0017617 0.0017079 0.0016806 0.0017701 0.001736 0.0017585 0.0018251 0.0017557 0.0017702 0.0017565 0.0017818 0.001772 0.0017719 0.0018005 0.0017767 0.0017756 0.0017739 0.0017082 0.0016819 0.0016789 0.0016689 0.0016817 0.001724 0.0017411 0.0017567 0.0017673 0.0017792 0.0017758 0.0018277 0.0018351 0.0017519 0.0017583 0.0017804 0.001763 0.0017751 0.0018081 0.0017972 0.0017428 0.0017339 0.0018018 0.0017832 0.0018327 0.0018296 0.0018245 0.0018603 0.0018429 0.0018276 0.0018281 0.00183 0.0018315 0.0018303 0.0018218 0.0018172 0.0018302 0.0018253 0.0018177 0.0018278 0.001835 0.0018071 0.0018187 0.001826 0.0018188 0.0018114 0.0018009 0.0017844 0.0018307 0.0018018 0.0017658 0.0017753 0.0017792 0.0017555 0.0017503 0.0017403 0.0017759 0.0017333 0.0017201 0.001747 0.0017543 0.001762 0.0017515 0.0017639 0.0017712 0.001736 0.0016747 0.0017768 0.0017619 0.0017746 0.0017979 0.0018061 0.001812 0.0018312 0.001835 0.0018346 0.0018291 0.001825 0.0018175 0.0018188 0.0018285 0.0018692 0.001938 0.002002 0.0020545 0.0020781 0.0020876 0.0020923 0.0020348 0.0020146 0.0020241 0.0020262 0.0020114 0.0019069 0.0018161 0.0018159 0.0018174 0.0018356 0.0018323 0.0018318 0.0018358 0.0017957 0.0017943 0.0018028 0.0017689 0.0017753 0.0017456 0.0017603 0.001809 0.0017519 0.0017503 0.001757 0.0017399 0.0017601 0.0017895 0.0018114 0.0018207 0.0018357 0.0018039 0.0017957 0.001684 0.0018186 0.001799 0.0018065 0.0018084 0.001808 0.0017855 0.0017673 0.0017617 0.0017373 0.0017645 0.001717 0.001764 0.0017791 0.0017279 0.0016813 0.001681 0.0017301 0.0017771 0.001782 0.0017894 0.0018044 0.0018078
0.0018028 0.0017921 0.0017691 0.0017749 0.0018133 0.0018058 0.0018018 0.0017416 0.0018115 0.0017778 0.0017507 0.0017729 0.0017599 0.0017784 0.0017665 0.0017581 0.0017664 0.0017112 0.0017541 0.0017604 0.0017438 0.0017137 0.0016744 0.0016595 0.0016314 0.0017378 0.0017105 0.0017428 0.0017669 0.0017676 0.0017599 0.0017736 0.0017508 0.0017513 0.0017585 0.0017391 0.0017389 0.0017276 0.001705 0.0016373 0.0016347 0.0016202 0.0016535 0.0017417 0.0017573 0.001772 0.0017795 0.0017519 0.0018309 0.0018358 0.0017471 0.0017437 0.0017045 0.0016812 0.001775 0.0018267 0.0018322 0.0018313 0.0017825 0.0017341 0.0017444 0.0017637 0.0018281 0.0018211 0.0018413 0.0018241 0.0018345 0.0018297 0.0018296 0.0018291 0.0018293 0.0018305 0.0018171 0.0018162 0.001816 0.0018322 0.0018279 0.0018297 0.0018143 0.001816 0.0018232 0.0018186 0.001795 0.0017811 0.0017637 0.0018096 0.0017513 0.0017575 0.0017758 0.0017732 0.0017702 0.001775 0.0017834 0.0017887 0.0017676 0.0017375 0.0017465 0.0017533 0.0017592 0.0017276 0.0017765 0.0017508 0.0017262 0.0017616 0.0017514 0.0017671 0.0017906 0.0018086 0.0018208 0.0018229 0.0018358 0.0018345 0.0018329 0.0018207 0.0018154 0.0018307 0.0018731 0.0019477 0.0020321 0.0021309 0.0021641 0.0022102 0.0022269 0.0022507 0.0022475 0.0022495 0.00223 0.0022307 0.0022163 0.0021927 0.0022288 0.0021633 0.0018711 0.0018656 0.0018156 0.0018263 0.0018345 0.0017637 0.0017142 0.00182 0.0018028 0.0017564 0.0018234 0.0017604 0.0017038 0.0017258 0.0017544 0.0017966 0.0017784 0.0017859 0.0018091 0.0018106 0.001803 0.0017957 0.0017498 0.0017963 0.0018008 0.0018104 0.0018037 0.0018044 0.0018005 0.0017693 0.0017784 0.0018035 0.0018004 0.0017859 0.0017457 0.0018001 0.0017714 0.001796 0.0017686 0.0017365 0.001773 0.0017228 0.0017321 0.0017567 0.0017691 0.0017854 0.0017914 0.0018011
0.0017379 0.0017583 0.0017474 0.001779 0.0018246 0.0018315 0.0018343 0.0018002 0.0017995 0.0017276 0.0017644 0.0017262 0.0017262 0.0017122 0.0017367 0.0017205 0.0017152 0.0017184 0.0016559 0.001678 0.0017064 0.0017297 0.0016643 0.001653 0.0017078 0.0016889 0.0017206 0.0017662 0.0017643 0.0017638 0.0017494 0.0017679 0.0017402 0.0016365 0.0016344 0.0016533 0.001677 0.0016765 0.0016808 0.0016363 0.001621 0.0016271 0.0016418 0.0017165 0.001746 0.0017613 0.0017639 0.0017632 0.0017577 0.0017491 0.0017339 0.0017069 0.0016665 0.0016493 0.0016735 0.0017128 0.0017972 0.0018018 0.0017522 0.0017353 0.0018356 0.0018342 0.0018303 0.001821 0.0018248 0.0018545 0.0018324 0.0018342 0.0018304 0.0018416 0.0018434 0.0018235 0.0018155 0.0018346 0.0018306 0.0018199 0.0018228 0.0018322 0.0018112 0.001819 0.0018204 0.0018156 0.0017992 0.0017741 0.0017795 0.0017413 0.0017531 0.0018333 0.0018099 0.0017757 0.0017638 0.0017723 0.0018107 0.0018129 0.0017749 0.0017616 0.0017036 0.0017899 0.0017332 0.0017335 0.0017288 0.0017295 0.0017529 0.0017807 0.0017879 0.0017599 0.0017567 0.0018111 0.0018208 0.0018334 0.0018205 0.0018358 0.0018234 0.0018165 0.0018668 0.0019467 0.0020338 0.0020918 0.0021695 0.0022156 0.0022776 0.0023075 0.0022784 0.0022761 0.0021823 0.0022406 0.0022501 0.002261 0.0022477 0.002243 0.0022455 0.0022475 0.0022212 0.0021606 0.00197 0.0018565 0.001829 0.0018339 0.0018358 0.0018268 0.0018337 0.0018082 0.0017308 0.0017752 0.0017873 0.0017115 0.0017679 0.0017498 0.0017887 0.0017984 0.0017483 0.0017849 0.001784 0.0017804 0.0017706 0.0018022 0.0017867 0.0017716 0.0017448 0.0017482 0.0016423 0.0017164 0.0017761 0.0017688 0.0017395 0.001783 0.0018084 0.001825 0.0017886 0.0018221 0.0018171 0.0018001 0.0017964 0.0017603 0.0017251 0.0016894 0.0017065 0.0017262 0.0017565 0.0017694
0.0017233 0.0017642 0.0017427 0.0017394 0.0017941 0.001824 0.001786 0.0017454 0.0017849 0.0017532 0.0017278 0.0017388 0.0016523 0.0017654 0.0016679 0.0016886 0.0016161 0.0016372 0.0017067 0.0016868 0.0017288 0.0016751 0.0017066 0.0017337 0.0017298 0.0017707 0.0017151 0.0017442 0.0017592 0.001757 0.0017579 0.0017576 0.0017636 0.0016942 0.001677 0.0016898 0.0017144 0.001719 0.0017178 0.0016918 0.0016554 0.0016433 0.0016747 0.0016844 0.0016726 0.0017274 0.0017283 0.0017361 0.0017183 0.0017222 0.0016927 0.0016785 0.0016466 0.0016467 0.0016435 0.0016732 0.0017005 0.0017003 0.0017437 0.0017815 0.0017014 0.0018288 0.0018117 0.0018316 0.0018326 0.001835 0.0018532 0.0018499 0.0018441 0.001852 0.0018469 0.0018302 0.0018188 0.0018357 0.0018334 0.0018343 0.0018174 0.0018142 0.0018015 0.0017628 0.0018102 0.0017949 0.0017881 0.0017844 0.0017586 0.0017628 0.0017426 0.0017634 0.0017879 0.0017791 0.0017864 0.0017873 0.0018196 0.0017838 0.0017661 0.0017066 0.0017342 0.0017219 0.0017526 0.0017933 0.0017367 0.001702 0.0017225 0.0017509 0.0018136 0.0018147 0.0017872 0.0018085 0.0018293 0.0018264 0.0018199 0.0018331 0.0018293 0.0018178 0.0020234 0.0021818 0.0022305 0.0022972 0.0023219 0.0022736 0.0022317 0.002259 0.0022901 0.0022822 0.0022456 0.0022145 0.0021896 0.0022322 0.0022506 0.0022391 0.0022406 0.0022201 0.0022216 0.0022117 0.0021478 0.0020154 0.0018829 0.0018168 0.0018326 0.0018357 0.0018355 0.0018338 0.0018136 0.00178 0.0018169 0.0018154 0.0017798 0.0018042 0.0017996 0.0017992 0.0018 0.0017543 0.0017414 0.0017712 0.0017374 0.0017617 0.0017675 0.0017173 0.0016856 0.001746 0.0018029 0.0018104 0.00174 0.001733 0.0017758 0.0018114 0.0018024 0.0018137 0.001823 0.001818 0.0018153 0.001812 0.0017496 0.0017532 0.0017253 0.0017729 0.0017434 0.0017308 0.0017626 0.0017514
0.0017657 0.0017716 0.0017605 0.0017646 0.0017851 0.0017817 0.0017903 0.0017928 0.0018007 0.0017374 0.0017178 0.0017623 0.0017193 0.0017009 0.0017084 0.001709 0.0017898 0.0017021 0.0017362 0.0017461 0.0017264 0.0017522 0.0018031 0.0017173 0.0017492 0.0017714 0.0017542 0.0017434 0.001744 0.0017403 0.0017285 0.0017368 0.0017306 0.0017129 0.0017131 0.0017095 0.0017121 0.0017147 0.0017239 0.001725 0.0016951 0.0016857 0.0017016 0.0016934 0.0016924 0.001708 0.0017081 0.0016892 0.0016732 0.0016562 0.001649 0.0016485 0.0016444 0.0016013 0.0015849 0.0016857 0.0017233 0.0017356 0.0017682 0.0017893 0.0018126 0.0018092 0.0018297 0.0018338 0.0018358 0.0018157 0.0018228 0.0019377 0.0019137 0.0018713 0.0018576 0.0018401 0.0018189 0.0018286 0.001835 0.0018313 0.0018075 0.0018041 0.0018026 0.0018358 0.0017767 0.0017923 0.0017703 0.0017663 0.0017605 0.0017521 0.0017518 0.0017917 0.0017899 0.0017825 0.0017728 0.0017796 0.0017989 0.0017782 0.0017612 0.0017706 0.001738 0.0017404 0.0017363 0.0017945 0.0016638 0.0017224 0.0017391 0.0017456 0.0017942 0.0017439 0.0017919 0.0018082 0.0018206 0.0018223 0.0018271 0.001824 0.001829 0.0018444 0.0021878 0.002241 0.0023167 0.0023223 0.002283 0.0023098 0.0022963 0.0023125 0.0023025 0.0023014 0.0022845 0.0023102 0.0023175 0.0022448 0.0022283 0.0022745 0.0022386 0.0022275 0.0022274 0.0022131 0.0021452 0.0021041 0.0019499 0.0018204 0.0018267 0.0018337 0.0018355 0.0018356 0.0017432 0.001818 0.0018188 0.0018039 0.00181 0.0017898 0.0017804 0.0018031 0.001779 0.0017634 0.0017872 0.0017592 0.0017665 0.0017364 0.0017161 0.0017236 0.0016784 0.0016096 0.0017279 0.0017037 0.0017497 0.0018127 0.0018194 0.0018134 0.0017784 0.0018209 0.0017875 0.0017934 0.001812 0.0018054 0.0017492 0.0017525 0.0017698 0.0016846 0.0016894 0.0017411 0.001758 0.0017498
0.0018061 0.0017457 0.0018133 0.0017897 0.0018056 0.0017808 0.0017895 0.0017866 0.0017702 0.0017506 0.0017155 0.0017251 0.0017046 0.0016872 0.0017172 0.0017202 0.0017528 0.0017602 0.0017477 0.0017453 0.0017006 0.001722 0.0017394 0.0017402 0.0017146 0.0017467 0.001754 0.001754 0.0016951 0.0017219 0.0017092 0.0017326 0.0017364 0.0017026 0.0017041 0.001703 0.0017057 0.0017154 0.0017317 0.0017399 0.0016885 0.0016643 0.0015711 0.001578 0.0016548 0.0016889 0.0016748 0.0016525 0.0016557 0.0016308 0.0016205 0.0016219 0.0016129 0.0016219 0.0016265 0.0016947 0.0017036 0.0017254 0.0017284 0.0017612 0.0017604 0.0017691 0.0018054 0.0017676 0.0018353 0.0018358 0.0018228 0.0018182 0.0018155 0.0018158 0.0018161 0.0018166 0.0018345 0.0018282 0.0018331 0.001815 0.0018089 0.001819 0.0018119 0.0018182 0.0018036 0.0018296 0.001771 0.0017858 0.0017728 0.0017721 0.0017603 0.0017947 0.0017917 0.0017719 0.0017647 0.0017801 0.0017836 0.0017754 0.0017726 0.0017521 0.0017758 0.0017499 0.00178 0.0017358 0.0017292 0.0017391 0.0017251 0.0016884 0.0016937 0.0017293 0.0017843 0.0018313 0.0018006 0.0018177 0.0018211 0.0018284 0.0018213 0.0019943 0.002223 0.0023008 0.0022991 0.0022775 0.0022961 0.0023187 0.0023059 0.002305 0.0022856 0.0023097 0.002305 0.0022494 0.0022641 0.0022562 0.0022795 0.0022543 0.0022359 0.0022313 0.0022092 0.0021712 0.0020458 0.0020314 0.0019546 0.0018415 0.001824 0.0018271 0.0018335 0.001832 0.0018356 0.0018348 0.0018295 0.0018234 0.0018094 0.0017962 0.0017984 0.0018307 0.0018127 0.001803 0.0017986 0.001769 0.0017645 0.0017389 0.001712 0.0017106 0.0017174 0.00172 0.0016992 0.0017088 0.0017689 0.0018216 0.0018286 0.0018284 0.0018184 0.0018122 0.0017869 0.001802 0.0018004 0.0018092 0.0017005 0.0017681 0.0017715 0.0018193 0.0017445 0.0017646 0.0017887 0.0017847
0.0018167 0.0018112 0.001813 0.0018293 0.0018213 0.0017744 0.0017826 0.0017758 0.0018155 0.0018326 0.0018311 0.0018351 0.001796 0.0017248 0.0017479 0.0017402 0.0016968 0.0017216 0.001696 0.0017264 0.0016938 0.0017444 0.0017398 0.001739 0.0017218 0.0016432 0.0016931 0.0017104 0.0017309 0.0016892 0.0016784 0.0017018 0.001685 0.0016858 0.0016644 0.0016921 0.0016988 0.0017148 0.0017183 0.0015238 0.0014949 0.001479 0.0013239 0.0013026 0.0013091 0.0015089 0.0015089 0.0015095 0.001581 0.0016137 0.0015871 0.0016253 0.0015992 0.001617 0.0016133 0.0016192 0.0016285 0.0016765 0.0017583 0.0017406 0.0017096 0.001659 0.0017795 0.0018234 0.0018195 0.0018358 0.0018356 0.0018331 0.001822 0.0018199 0.0018218 0.0018342 0.0018284 0.0018332 0.001834 0.0018337 0.0018281 0.001825 0.0018252 0.0018034 0.0018137 0.0018062 0.0017826 0.0017824 0.0017677 0.0017689 0.0017857 0.0018015 0.0017996 0.001789 0.001769 0.0017876 0.0017626 0.0017667 0.0017767 0.0017338 0.0017206 0.0017646 0.0017579 0.0017471 0.0017178 0.0017273 0.0016807 0.0016583 0.0017951 0.0017394 0.001769 0.0018109 0.0018109 0.0018115 0.0018244 0.0018328 0.0018228 0.0019996 0.002183 0.0023014 0.0023018 0.0022425 0.0023093 0.0023112 0.0023104 0.0022984 0.0023149 0.0023216 0.0022964 0.0022481 0.0022787 0.0022852 0.0022649 0.0022788 0.0022563 0.0022268 0.0021458 0.0020696 0.0020315 0.0019963 0.0019115 0.00183 0.0018154 0.0018258 0.0018184 0.0018326 0.0018257 0.0018326 0.001785 0.0017843 0.0018109 0.0018164 0.0018193 0.0018168 0.0018114 0.0018131 0.0018122 0.0017643 0.0017525 0.0017471 0.0017254 0.0017652 0.0017572 0.0017375 0.0017337 0.0017264 0.0017797 0.0018069 0.0018154 0.0018087 0.0018143 0.0018095 0.001754 0.0017888 0.0017895 0.0017269 0.0017187 0.0017798 0.0017739 0.0017872 0.0017846 0.0018002 0.0018122 0.0017905
0.0018095 0.0018155 0.0017983 0.0017693 0.0018246 0.0017733 0.0018008 0.001792 0.0017322 0.0017716 0.0018351 0.0018352 0.0017549 0.0017271 0.0017762 0.0017524 0.0017738 0.0017353 0.0017565 0.0017605 0.0017744 0.0017102 0.0017764 0.0017751 0.0017527 0.0017524 0.001734 0.0017076 0.0017206 0.0017098 0.0016983 0.0015256 0.0016262 0.0016649 0.0016654 0.0016818 0.001695 0.0016918 0.0016263 0.0016096 0.0015541 0.0014373 0.0014078 0.0014154 0.0014484 0.0014599 0.0014504 0.001474 0.0014209 0.0015204 0.0015871 0.0015901 0.0015934 0.0016034 0.0016183 0.0016219 0.0016444 0.0016753 0.0016828 0.001728 0.0017294 0.0017435 0.0017032 0.001725 0.0017931 0.001757 0.0018245 0.0018269 0.001831 0.001831 0.001831 0.0018315 0.0018355 0.0018322 0.0018349 0.001833 0.0018306 0.0018227 0.0018149 0.001816 0.0018124 0.0018151 0.0018084 0.0017896 0.0017864 0.0017675 0.001795 0.0018152 0.0017907 0.0017867 0.0018024 0.0018054 0.0017995 0.0017661 0.0017888 0.0017516 0.0017526 0.0017498 0.0017463 0.001785 0.0017229 0.0017438 0.0017064 0.001716 0.0017077 0.0017034 0.0017686 0.0017987 0.001814 0.0018161 0.0018166 0.0018358 0.0018202 0.0018843 0.0021566 0.0023069 0.0023214 0.0023148 0.0022825 0.0023047 0.0023212 0.0023138 0.0023197 0.0023216 0.0023042 0.0022782 0.0023053 0.0022849 0.0022944 0.0022622 0.0022352 0.0021745 0.0020882 0.0020413 0.0019733 0.0019323 0.0019023 0.0018607 0.0018158 0.0018343 0.0018358 0.0018275 0.0018193 0.0018163 0.0018135 0.0018233 0.0018337 0.0018211 0.0017735 0.0018137 0.0018167 0.0018223 0.0018076 0.0017954 0.001767 0.0017877 0.0017673 0.0017419 0.0017902 0.0017765 0.0017515 0.0017397 0.0017419 0.0017626 0.0017885 0.0017977 0.0018224 0.0018133 0.0017955 0.0017937 0.0017999 0.0017858 0.0018092 0.0018026 0.0018043 0.0017836 0.0017942 0.0018097 0.0018182 0.0018243
0.0018248 0.0018167 0.0018158 0.0017924 0.0018358 0.0018314 0.0018129 0.0017534 0.0017075 0.0016509 0.0016222 0.0017142 0.0016999 0.0017743 0.0018039 0.0018015 0.0018017 0.0018016 0.0017897 0.0017818 0.0017808 0.0017789 0.0017527 0.0017686 0.0017404 0.0017083 0.0017147 0.0016724 0.001661 0.0017111 0.0017005 0.0016154 0.0016298 0.0015734 0.0016397 0.0015566 0.0016109 0.0014351 0.0014463 0.0016062 0.0014304 0.001363 0.001477 0.0014801 0.0014716 0.001467 0.0014858 0.001551 0.0014947 0.0014922 0.0014731 0.0015299 0.0015859 0.0016332 0.0016347 0.0016444 0.0016352 0.0016883 0.0017 0.0016853 0.0016835 0.0017508 0.00175 0.0017795 0.0018146 0.0018204 0.0018314 0.0018344 0.0017505 0.0018355 0.0018314 0.0018337 0.0018344 0.0018357 0.0018344 0.0018299 0.0018259 0.0018249 0.0018259 0.0018149 0.0018002 0.0017895 0.0017667 0.0018356 0.0017924 0.0017762 0.0017781 0.0017686 0.0018118 0.0017864 0.0017967 0.0018063 0.0018033 0.0017881 0.0017519 0.001776 0.0017458 0.0017391 0.0017759 0.001773 0.0017181 0.0017146 0.001701 0.0017172 0.0017341 0.0017329 0.0018298 0.0017732 0.0018092 0.0018223 0.0018261 0.00183 0.0018354 0.0018399 0.0019948 0.0022732 0.0023219 0.0023309 0.0023289 0.0023064 0.0023111 0.0023129 0.0022803 0.0023194 0.0022875 0.0022939 0.0022779 0.0022862 0.0022811 0.0022709 0.0022531 0.0021378 0.0020243 0.0019789 0.0019184 0.0018851 0.0018371 0.0018155 0.0018242 0.001834 0.0018287 0.0018292 0.0018046 0.0018055 0.0017956 0.0018052 0.0018211 0.0018223 0.0018206 0.0018141 0.0018225 0.0018148 0.0018093 0.0018055 0.0017945 0.0017965 0.0018119 0.0017974 0.0017914 0.0017329 0.0017616 0.0017603 0.0017185 0.0017166 0.0017761 0.0017922 0.0018223 0.0017963 0.0017987 0.0018078 0.0018163 0.0018149 0.0018134 0.001812 0.0017996 0.0017888 0.0018255 0.0018303 0.0018258 0.0018352
0.0018249 0.0018358 0.0018173 0.0017691 0.0018102 0.0017637 0.001763 0.0017719 0.0017191 0.0016499 0.0016373 0.0017132 0.0017733 0.0017863 0.0017984 0.0017927 0.0018014 0.0016842 0.0017837 0.0017786 0.0017731 0.001757 0.0017586 0.0017391 0.0016943 0.0017157 0.0016991 0.0016862 0.0016372 0.0016505 0.0016218 0.0016092 0.0016191 0.001592 0.0016048 0.0016202 0.0015561 0.0014256 0.0014358 0.0014309 0.0013829 0.0014744 0.0015392 0.00153 0.0014999 0.0015241 0.0015072 0.0015147 0.0015392 0.0015442 0.0015289 0.0014507 0.001522 0.0016188 0.0016508 0.0016699 0.00167 0.001672 0.0016745 0.0016839 0.001701 0.0017181 0.0017168 0.0018024 0.0017989 0.0017541 0.0017741 0.001804 0.001799 0.0018339 0.0018326 0.0018358 0.0018279 0.0018145 0.0018208 0.0018275 0.0018277 0.0018269 0.0018337 0.0018227 0.0018029 0.0017812 0.0017955 0.0017824 0.0017896 0.0017634 0.0017577 0.0017668 0.0017779 0.0017854 0.0017873 0.0018011 0.001795 0.0017625 0.001764 0.0017617 0.0017813 0.0018044 0.0017459 0.0017341 0.0017381 0.0016848 0.0016971 0.0017332 0.0017469 0.0017422 0.0017498 0.0017793 0.0018205 0.0018086 0.001807 0.0018225 0.0018328 0.0018357 0.0018277 0.0019913 0.0023026 0.0023237 0.0023317 0.0023312 0.002309 0.0023072 0.0023317 0.0023314 0.0022822 0.0022907 0.0022853 0.0022738 0.0022803 0.0022639 0.0021773 0.0019606 0.0018809 0.0018827 0.0018555 0.0018281 0.001835 0.0018156 0.0018164 0.0018177 0.0018356 0.0018219 0.0017719 0.0018032 0.0017869 0.0017974 0.0018072 0.0018124 0.0018194 0.0018233 0.0018158 0.0018043 0.0017569 0.0017606 0.0017644 0.0017879 0.0017644 0.0017477 0.0017751 0.0017924 0.0017736 0.0017472 0.0017851 0.0017984 0.0017838 0.0017844 0.0017717 0.0017905 0.0017888 0.0017521 0.0018214 0.001822 0.0018064 0.0018024 0.0018127 0.0018177 0.0018347 0.0018314 0.0018171 0.0017773
0.0018269 0.0018301 0.0017675 0.0017529 0.001769 0.0016958 0.0017317 0.0016519 0.0016539 0.0017067 0.0017011 0.0017252 0.0017785 0.00179 0.0018125 0.0017846 0.0018021 0.0018044 0.001779 0.0017787 0.0017191 0.0017567 0.0017505 0.0017478 0.0017208 0.0016969 0.0016977 0.0016799 0.001659 0.0016332 0.0016181 0.0015436 0.0015786 0.001558 0.0015282 0.0015446 0.0014837 0.0013979 0.0013839 0.0013268 0.0013475 0.0014775 0.0015565 0.0015217 0.0015868 0.0015298 0.0016102 0.0016175 0.0015933 0.0015973 0.0015417 0.001458 0.0013881 0.0015338 0.0016164 0.0016686 0.0016661 0.0016733 0.0016776 0.0016769 0.0017119 0.0017493 0.0017456 0.0017995 0.0018052 0.0018088 0.001807 0.0018063 0.0018016 0.0017907 0.001805 0.0018319 0.0018311 0.001815 0.0018323 0.0018152 0.0018329 0.0018245 0.0018223 0.0018262 0.0018159 0.0018042 0.0018185 0.0017952 0.0017903 0.0017806 0.0017761 0.0017668 0.0017679 0.0017756 0.0017791 0.0017543 0.0017717 0.0017855 0.0017674 0.0017777 0.0017593 0.0017795 0.0017554 0.0017107 0.0017253 0.001709 0.0016871 0.0017076 0.0017292 0.001739 0.0017409 0.0017338 0.001787 0.0018071 0.0017977 0.0017937 0.0017786 0.0018064 0.0018325 0.001816 0.0021032 0.0022608 0.0023109 0.0023291 0.0023286 0.0023309 0.002295 0.0022774 0.0022949 0.0022939 0.0022712 0.0022676 0.0021745 0.002052 0.0019848 0.0018583 0.0018172 0.0018158 0.0018154 0.0018154 0.001819 0.0018157 0.0018213 0.0018244 0.0018348 0.0018228 0.0018035 0.0017958 0.0017845 0.0017806 0.0017937 0.0017909 0.0017993 0.0018082 0.0018059 0.0017889 0.0017771 0.0017619 0.0017169 0.0017073 0.0017191 0.0017129 0.0017717 0.0017358 0.001765 0.0017861 0.0017489 0.001772 0.0017622 0.0017563 0.0017864 0.0017962 0.0018106 0.0017818 0.0017986 0.0018241 0.0017749 0.0018093 0.00181 0.0018189 0.0018252 0.0018164 0.0017979 0.001799
0.0018239 0.0017828 0.0017715 0.0017651 0.0017108 0.0017179 0.0016718 0.0017108 0.0017229 0.00171 0.0017263 0.0017297 0.001763 0.0017849 0.0018029 0.0018022 0.0018022 0.001772 0.0017562 0.0017787 0.0017459 0.0017503 0.0017434 0.0017368 0.0017192 0.0017134 0.0016942 0.0016757 0.0016465 0.001617 0.0015904 0.0015752 0.0015709 0.0015165 0.0015018 0.0015514 0.0014745 0.0013801 0.0013928 0.0013255 0.0014086 0.0014804 0.0015161 0.0015693 0.0015911 0.0016118 0.001614 0.0016338 0.0016334 0.0016445 0.0015609 0.0014575 0.0014933 0.0015032 0.0015172 0.0015142 0.0016378 0.001692 0.0016879 0.0017172 0.0017523 0.0017811 0.0017981 0.0018019 0.0018116 0.0018087 0.0018129 0.0018195 0.0018156 0.0018125 0.0018175 0.0018354 0.0018147 0.0018013 0.0018167 0.0018112 0.0018162 0.0018213 0.0018281 0.0018275 0.0018313 0.0018284 0.0018164 0.0018154 0.0018083 0.0017821 0.0017605 0.0017487 0.0017651 0.0017691 0.001769 0.0017758 0.0017549 0.0017729 0.0017782 0.0017702 0.0017757 0.0017665 0.001763 0.0017276 0.0017246 0.0017641 0.0017377 0.0017212 0.0017445 0.001759 0.0017663 0.0017424 0.001791 0.0018064 0.0018187 0.0017948 0.0018167 0.0018122 0.0018358 0.0018358 0.0018157 0.001848 0.0018951 0.0022156 0.0022876 0.0023214 0.0022606 0.0022846 0.0022693 0.0022786 0.0022412 0.002181 0.0019057 0.0018177 0.0018674 0.0018364 0.0018162 0.0018167 0.0018184 0.0018292 0.0018305 0.001822 0.0018237 0.0018327 0.0018344 0.0018057 0.0018074 0.0017889 0.0018014 0.0017665 0.0017775 0.0017756 0.0017775 0.0017839 0.0017925 0.0017775 0.0017609 0.0017614 0.0017313 0.0017247 0.0017781 0.0017068 0.0016914 0.0016749 0.0017724 0.0017965 0.0018209 0.001781 0.0017945 0.0018063 0.0018138 0.0018076 0.0018092 0.001802 0.0017905 0.0018082 0.0017843 0.0018032 0.0018024 0.0017927 0.0018028 0.0018117 0.0018099 0.0018069
0.0018232 0.0017806 0.001669 0.0017642 0.0017094 0.0016962 0.0017447 0.0017091 0.0017328 0.0017173 0.001717 0.0017389 0.0017817 0.0017965 0.0018026 0.0017992 0.0017963 0.0017143 0.0017847 0.0017817 0.0017676 0.0017431 0.001742 0.0017313 0.0017236 0.0017084 0.0016932 0.0016653 0.0016349 0.0016084 0.0015838 0.0015533 0.0015345 0.0015298 0.0015262 0.0014557 0.0014595 0.001418 0.0013019 0.0012333 0.0013997 0.0014941 0.0015328 0.0015616 0.0015928 0.0016196 0.0016363 0.0016487 0.0016582 0.0016581 0.0016547 0.0016417 0.0015778 0.0015795 0.0015711 0.0015061 0.0015341 0.0015797 0.0016845 0.0017118 0.0017566 0.0018026 0.0018102 0.0018077 0.001832 0.0018106 0.0018019 0.001809 0.0018203 0.0018188 0.0018264 0.0018344 0.0018258 0.0018084 0.0018204 0.0018305 0.0018227 0.0018213 0.0018333 0.0018312 0.0018296 0.00183 0.0018211 0.0018257 0.0017935 0.001792 0.0017817 0.0017629 0.0017534 0.0017688 0.0017802 0.0017772 0.0017863 0.0017812 0.0017779 0.0017716 0.001774 0.0017364 0.0017662 0.0017361 0.0017753 0.0017798 0.0017562 0.001758 0.0017763 0.0017847 0.0017904 0.0017834 0.0017387 0.0018008 0.0017818 0.0018157 0.0018234 0.0018273 0.001791 0.0018118 0.0018323 0.0018339 0.0018164 0.0018162 0.0018377 0.0018408 0.0019533 0.0021576 0.0020288 0.0020592 0.0019113 0.0019592 0.0018169 0.0018197 0.0018285 0.0018349 0.0018267 0.0018222 0.0018282 0.0018355 0.0018334 0.0018337 0.001835 0.0018301 0.0018284 0.0018154 0.0018003 0.001791 0.0017878 0.0017768 0.0017746 0.00178 0.0017799 0.0017829 0.0017856 0.0017695 0.0017673 0.0017299 0.0017493 0.0017126 0.0016693 0.0016929 0.0017618 0.0016685 0.0017553 0.0017893 0.001801 0.0017666 0.0018035 0.0017445 0.0018003 0.0018115 0.0017961 0.0017871 0.0017996 0.0017906 0.0017752 0.0017845 0.0017945 0.0018037 0.0017921 0.0018025 0.0018104 0.0018193
0.0018053 0.0017766 0.0017754 0.0017732 0.0017202 0.0017082 0.0017583 0.001682 0.0017211 0.0017508 0.0017421 0.0017768 0.0017694 0.0017811 0.0018032 0.0017875 0.0018036 0.0017414 0.0017835 0.0017371 0.0017396 0.0017411 0.0017305 0.001728 0.0017102 0.0016994 0.001686 0.0016738 0.0016309 0.0016009 0.0015688 0.0015393 0.0015047 0.0015039 0.0014886 0.0015042 0.0015226 0.0013991 0.0013754 0.0012502 0.0014214 0.0014973 0.0015308 0.0015687 0.0016008 0.0016281 0.0016477 0.001661 0.0016697 0.0016844 0.001683 0.0016895 0.0016671 0.0016113 0.0016117 0.0016215 0.0016485 0.0016474 0.0016395 0.0016396 0.0016202 0.0017604 0.0018124 0.001814 0.0018118 0.0018132 0.0018182 0.0018278 0.0018169 0.0018116 0.0018137 0.0018355 0.0018357 0.0018343 0.0018319 0.0018181 0.0018298 0.0018304 0.0018347 0.0018346 0.0018342 0.0018339 0.0018314 0.0018223 0.0018164 0.0018028 0.0018053 0.0018065 0.00178 0.0017708 0.0017673 0.0017828 0.0017841 0.0017532 0.0017648 0.0017751 0.0017767 0.0017546 0.0017537 0.0017525 0.0017743 0.0017939 0.0017505 0.0017779 0.0017887 0.0017799 0.0018028 0.0017528 0.0017187 0.0017435 0.0017934 0.001794 0.0018117 0.0018014 0.0017968 0.0018031 0.0018069 0.001834 0.001835 0.0018307 0.0018256 0.0018237 0.0018173 0.0018159 0.0018154 0.0018211 0.0018374 0.0018202 0.0018173 0.0018212 0.0018347 0.0018276 0.0018283 0.0018321 0.0018347 0.0018358 0.0017243 0.0018353 0.0018355 0.0017697 0.0018054 0.0017828 0.0017766 0.0017764 0.0017789 0.0017798 0.00178 0.0017809 0.0017736 0.0017705 0.0017677 0.0017475 0.0017067 0.0016963 0.0016844 0.0017104 0.0017636 0.0016776 0.0016862 0.0017434 0.0017136 0.0017548 0.0017901 0.001789 0.0018151 0.0017556 0.0018043 0.0017912 0.0018024 0.0018112 0.001806 0.0017951 0.0017639 0.0017473 0.0017494 0.0017809 0.0017807 0.0017862 0.0018107 0.0018134
0.0018138 0.0017621 0.0017896 0.0017689 0.0017662 0.0017601 0.0017724 0.0017979 0.0017567 0.0017826 0.0017695 0.0018104 0.00181 0.0018035 0.0018102 0.001796 0.0017997 0.0017695 0.0017395 0.0017757 0.0017493 0.0017325 0.0017277 0.0017155 0.0017032 0.0016841 0.0016699 0.0016541 0.0016187 0.0015761 0.0015442 0.001517 0.0014927 0.0014761 0.0014703 0.0014108 0.0014453 0.0014792 0.0013744 0.0014038 0.0014429 0.0014912 0.001537 0.0015702 0.0015913 0.0016167 0.0016334 0.001656 0.00167 0.0016719 0.0016887 0.0016936 0.0016685 0.0016343 0.0015524 0.0016192 0.0016485 0.0016641 0.0016652 0.0016523 0.0015889 0.0017038 0.0017977 0.0018019 0.0018099 0.0018109 0.0018108 0.0017756 0.0017929 0.0018025 0.0018067 0.0018089 0.0018326 0.001831 0.0018254 0.0018342 0.0018356 0.0018358 0.0018331 0.0018356 0.0018356 0.0018349 0.0018341 0.0018326 0.0018358 0.0018169 0.0018206 0.0018212 0.0018191 0.0017783 0.0018018 0.0017929 0.0018095 0.0017458 0.0017794 0.0017767 0.0017768 0.0017411 0.001712 0.001771 0.0017744 0.0017633 0.00177 0.0017735 0.0017619 0.0017303 0.0017712 0.0017133 0.0016934 0.0017245 0.0017523 0.0017596 0.0017883 0.0017772 0.0018142 0.0018326 0.0018184 0.0018353 0.0018352 0.0018322 0.001828 0.0018317 0.0018336 0.0018182 0.0018297 0.0018155 0.0018172 0.0018333 0.0018353 0.0018352 0.0018354 0.0018337 0.0018332 0.0018358 0.0018334 0.0018017 0.0017932 0.0018137 0.0017524 0.0017862 0.0017758 0.0017602 0.0017478 0.0017524 0.0017608 0.0017675 0.0017933 0.0017703 0.0017661 0.0017553 0.0017503 0.001733 0.0017006 0.0016653 0.0016792 0.0017035 0.0017422 0.0016996 0.0016525 0.0016931 0.0016843 0.0017218 0.0017589 0.0017907 0.001764 0.0017672 0.0017999 0.0017671 0.0017896 0.0018043 0.0017999 0.0017711 0.0017445 0.001796 0.0017944 0.0017803 0.0017893 0.001814 0.0018257 0.0018089
0.001813 0.0018082 0.0017721 0.0017728 0.0017663 0.0017765 0.0017915 0.0018035 0.0018133 0.0018156 0.0018146 0.0018122 0.0018228 0.0018254 0.0018111 0.0018187 0.0017206 0.0017527 0.0017823 0.0017489 0.0017479 0.001724 0.0017229 0.001713 0.0016964 0.0016703 0.0016488 0.001617 0.0015812 0.0015462 0.0015144 0.0014799 0.0014612 0.0014508 0.001456 0.0014497 0.0013787 0.0014111 0.0013692 0.0013929 0.0014372 0.0014889 0.0015213 0.0015461 0.0015695 0.001591 0.0016144 0.0016365 0.001661 0.0016751 0.0017026 0.0016988 0.0016982 0.0016669 0.0015984 0.0016153 0.0016452 0.0016474 0.0016443 0.0016124 0.0015504 0.001722 0.0017872 0.0017919 0.0017709 0.0017859 0.0018032 0.001779 0.0018038 0.0018021 0.0017906 0.0018184 0.0018249 0.0018357 0.0018337 0.00183 0.001835 0.0018358 0.0018355 0.0018355 0.0018355 0.0018358 0.0018358 0.0018323 0.0018352 0.0018269 0.0018304 0.0018329 0.001829 0.0017642 0.0018075 0.0017935 0.0018111 0.0018155 0.0018135 0.0017824 0.0017747 0.0018331 0.0017802 0.001736 0.0017496 0.0017317 0.001714 0.0016995 0.0017262 0.0017608 0.0016962 0.0016919 0.0016645 0.0017183 0.0017409 0.0017777 0.0017685 0.0017399 0.0017368 0.0017599 0.0018018 0.0018159 0.0018291 0.0018333 0.0018342 0.0018358 0.0018338 0.0018292 0.0018289 0.0018187 0.0018306 0.0018357 0.0018353 0.0018328 0.0018202 0.0018235 0.0018297 0.0018321 0.0017916 0.0017508 0.0016947 0.0017123 0.0017474 0.001771 0.0017536 0.0017375 0.0017102 0.0017236 0.0017507 0.0017595 0.0017655 0.0017727 0.0017512 0.001746 0.0017398 0.0017338 0.0017503 0.0017379 0.0017449 0.0016973 0.0017412 0.0017006 0.0016657 0.0016967 0.0016624 0.0017359 0.0017552 0.0017753 0.0017761 0.0017889 0.0017822 0.0017954 0.0017867 0.0018225 0.0017903 0.0018324 0.0017879 0.0017928 0.0017964 0.0017921 0.0017792 0.0018195 0.0018316 0.0018087
0.0017947 0.0018015 0.0017728 0.0017733 0.0017713 0.001773 0.0017982 0.0018303 0.0018208 0.0018144 0.0018074 0.0018095 0.0018152 0.0018067 0.0018131 0.001818 0.0017954 0.0017681 0.0017706 0.0017525 0.0017371 0.00172 0.0017148 0.0017006 0.0016832 0.0016625 0.0016259 0.001582 0.0015338 0.0014952 0.0014669 0.0014356 0.001417 0.0014143 0.0014267 0.0013849 0.0013995 0.0013402 0.0013527 0.001396 0.0014294 0.0014667 0.0014904 0.0015149 0.0015427 0.001563 0.0015927 0.0016145 0.0016385 0.0016586 0.0016721 0.0016905 0.0016946 0.0016597 0.0016156 0.0016441 0.0016069 0.0016337 0.0016059 0.0015749 0.001582 0.0016151 0.001778 0.0017764 0.001784 0.0017734 0.0017984 0.001806 0.0018028 0.001805 0.0018157 0.0018127 0.0018235 0.0018321 0.0018327 0.0018251 0.0018339 0.0018357 0.0018341 0.001833 0.0018347 0.0018353 0.0018357 0.0018331 0.001835 0.0018327 0.0018334 0.0018338 0.0018287 0.0018117 0.0018039 0.0018115 0.0018193 0.0018233 0.0018007 0.0017893 0.0017767 0.001749 0.0017447 0.0017585 0.001767 0.0017744 0.0016924 0.001724 0.0017461 0.0017375 0.0017564 0.0016735 0.0016661 0.0017059 0.0017502 0.0017127 0.0017561 0.0017531 0.001759 0.0017804 0.0017909 0.0018189 0.0018189 0.0018334 0.0018355 0.0018355 0.0018348 0.0018322 0.0018357 0.0018354 0.0018358 0.0017948 0.001821 0.0018208 0.0018131 0.0018033 0.0018254 0.0017934 0.0017611 0.0017433 0.0016423 0.0016555 0.0017318 0.0017198 0.0017389 0.0017375 0.0017061 0.0016775 0.0017529 0.0017627 0.0017641 0.0017669 0.0017678 0.0017472 0.0017256 0.0017034 0.0016814 0.0017064 0.0017685 0.0017075 0.0017228 0.0017181 0.0016738 0.001736 0.0017253 0.0017412 0.00173 0.0017293 0.0017776 0.0017881 0.0018038 0.0017905 0.0017713 0.0018193 0.0018251 0.0018106 0.0018129 0.0018247 0.0018208 0.0017908 0.0017637 0.0018006 0.0018016 0.0017857
0.0017362 0.0017621 0.0017632 0.0017488 0.0017805 0.0017988 0.0018192 0.0018358 0.0018357 0.0018287 0.0018249 0.0018104 0.0018162 0.0018151 0.0018232 0.0018145 0.001805 0.0017922 0.0017579 0.0017518 0.0017365 0.0017155 0.0017017 0.0016777 0.0016615 0.001637 0.0016013 0.0015379 0.001462 0.0014222 0.0013975 0.0013854 0.0013739 0.0013842 0.0014034 0.0012768 0.0013738 0.0013321 0.0013439 0.0013683 0.001384 0.0014162 0.0014419 0.0014676 0.0015001 0.0015321 0.001565 0.0015899 0.0016197 0.0016395 0.0016528 0.001663 0.001677 0.0016718 0.0016336 0.0015961 0.0015947 0.0015932 0.0016056 0.0015957 0.0015638 0.00169 0.0017592 0.0017549 0.0017713 0.0017845 0.0018082 0.0018115 0.0018148 0.0018023 0.0018119 0.0018214 0.0018315 0.0018353 0.0018196 0.0018188 0.0018209 0.0018354 0.0018315 0.0018317 0.0018244 0.0018331 0.0018346 0.0018351 0.0018305 0.001828 0.0018358 0.0018319 0.0018326 0.0018337 0.0018285 0.0018219 0.0018239 0.001819 0.0017953 0.0018053 0.0017779 0.0017673 0.0017854 0.0017267 0.0017587 0.0017656 0.0017092 0.0017426 0.0017041 0.0017341 0.0016743 0.0016559 0.0017023 0.0017047 0.0016879 0.0017212 0.0017194 0.0017369 0.0017476 0.0017649 0.0017653 0.001761 0.0017661 0.0018246 0.0018312 0.0018321 0.0018337 0.0018336 0.0018293 0.0018274 0.0018069 0.0018066 0.0018116 0.0018051 0.0018004 0.0017648 0.0017496 0.0017759 0.0017468 0.0017214 0.0016812 0.0016683 0.001706 0.001725 0.0017492 0.0017517 0.0017688 0.0017678 0.0017562 0.0017598 0.001762 0.0017635 0.0017528 0.0017436 0.0017644 0.0017225 0.0016834 0.0016927 0.0017292 0.0017418 0.0017314 0.0017487 0.0017047 0.0017405 0.0017497 0.0017332 0.001724 0.0017167 0.001765 0.0017658 0.0017553 0.00175 0.0018007 0.0018222 0.0018314 0.0018344 0.0018353 0.0018353 0.001834 0.0018348 0.0018318 0.0018219 0.0018267 0.0017442
0.0017416 0.0017401 0.0017542 0.0017815 0.0017834 0.0018009 0.0018321 0.0018353 0.0018347 0.0018331 0.0018289 0.0018175 0.0018216 0.0017836 0.0018197 0.0018335 0.001806 0.0018049 0.0017791 0.0017479 0.001734 0.001716 0.0016809 0.0016531 0.0016339 0.0016059 0.001561 0.0014623 0.0013824 0.0013357 0.0013282 0.0013345 0.0013494 0.001363 0.001337 0.0012865 0.0013178 0.0013345 0.0013231 0.0013138 0.0013235 0.0013569 0.0013912 0.001417 0.0014614 0.0014978 0.0015323 0.0015586 0.0015899 0.001617 0.0016285 0.0016484 0.0016505 0.0016579 0.0016253 0.0015908 0.0015442 0.0015468 0.0015963 0.0015855 0.0015641 0.0017015 0.0017571 0.0017086 0.001746 0.0018196 0.001838 0.001827 0.0018092 0.0018184 0.0017917 0.0018216 0.0018298 0.0018358 0.0018193 0.0018207 0.0018195 0.0018353 0.0018295 0.0018345 0.0018304 0.0018324 0.001832 0.0018323 0.0018313 0.0018326 0.0018354 0.0018354 0.0018357 0.0018342 0.0018232 0.0018252 0.0018253 0.0018204 0.0018071 0.0018084 0.0017798 0.001784 0.0017575 0.0018038 0.0017688 0.0017473 0.0017118 0.0017112 0.0017102 0.0017048 0.0017134 0.0016688 0.0017136 0.001713 0.0017262 0.0017087 0.0016927 0.0016905 0.0017182 0.0017239 0.0017393 0.0017871 0.0017928 0.0017575 0.0017963 0.0017888 0.0018042 0.0018042 0.0017987 0.0018219 0.0018173 0.0018164 0.0018119 0.001802 0.0017632 0.0017736 0.0016796 0.0017115 0.0017236 0.0017095 0.0016595 0.0016616 0.0017107 0.0017326 0.001757 0.0017598 0.0017697 0.001777 0.0017615 0.0017582 0.0017556 0.0017503 0.0017467 0.0017256 0.0017378 0.0017297 0.0016999 0.0017112 0.001699 0.0017088 0.0017292 0.0017483 0.0017301 0.0017746 0.0017485 0.0017452 0.0017268 0.0017103 0.0017886 0.0017145 0.0017417 0.0017639 0.0018034 0.0018323 0.0018341 0.0018358 0.0018358 0.0018346 0.0018321 0.0018356 0.0018357 0.0018314 0.0018357 0.0018153
0.0018272 0.0017441 0.0018084 0.001792 0.0018128 0.0018225 0.0018319 0.001835 0.0018317 0.0018334 0.0018333 0.0018194 0.0018093 0.0018126 0.0018212 0.0018326 0.0017513 0.001809 0.0018228 0.0017586 0.0017398 0.001712 0.001685 0.0016563 0.0016187 0.0015717 0.0014937 0.0013703 0.001255 0.0012225 0.0012556 0.0013 0.0013143 0.0013359 0.001348 0.0013428 0.0013582 0.0013607 0.0013043 0.0012779 0.0012756 0.0013213 0.0013508 0.0013792 0.001423 0.0014738 0.0015102 0.0015379 0.0015573 0.0015723 0.0015743 0.0016121 0.0016302 0.0016311 0.0016009 0.0015898 0.0015545 0.0016512 0.0015794 0.0016647 0.0017092 0.0018274 0.0018155 0.0018266 0.0018658 0.0018481 0.001821 0.0018639 0.0018604 0.0018239 0.0018184 0.0018347 0.0018334 0.0018352 0.0018269 0.0018275 0.0018224 0.0018279 0.0018318 0.0018331 0.001832 0.0018317 0.0018328 0.0018282 0.001833 0.001834 0.0018338 0.0018356 0.0018357 0.0018352 0.0018357 0.001833 0.0018301 0.0018163 0.0018076 0.0018084 0.0018018 0.0017872 0.0017476 0.0017867 0.0017338 0.0017435 0.0017314 0.0017015 0.0017117 0.0016866 0.0016992 0.0016964 0.001683 0.0016899 0.0017275 0.0016831 0.0016674 0.0016654 0.0016737 0.0016442 0.0017241 0.0017857 0.0017885 0.00179 0.0017568 0.0017909 0.0017891 0.0017816 0.0018013 0.0018111 0.0018128 0.0018206 0.0017869 0.0017602 0.0017443 0.0016689 0.0016612 0.0016656 0.0016927 0.0016796 0.0016582 0.0016747 0.0016798 0.0017187 0.0017452 0.0017638 0.0017606 0.0017622 0.0017714 0.0017625 0.0017462 0.0017537 0.0017278 0.0017476 0.0017268 0.0017477 0.0016936 0.0016672 0.0017489 0.0017638 0.0017087 0.0017641 0.0017667 0.0017455 0.0017507 0.0017416 0.001711 0.0017303 0.0017673 0.0017772 0.0017673 0.0017699 0.0017891 0.0018347 0.0018353 0.0018208 0.0018293 0.0018319 0.0018358 0.0018284 0.0018349 0.0018219 0.001814 0.0018217
0.0018325 0.0018294 0.0018178 0.0018015 0.001814 0.0018309 0.0018358 0.0018316 0.0018346 0.0018323 0.0018357 0.0018302 0.0018256 0.0018308 0.0018301 0.0018321 0.0018134 0.0018105 0.0018015 0.001777 0.001752 0.0017187 0.0016889 0.0016563 0.0016093 0.0015495 0.0014601 0.0012936 0.0011371 0.0011107 0.0011852 0.0012647 0.001292 0.0012999 0.0013069 0.0013636 0.0013433 0.0013398 0.0012916 0.0012705 0.0012739 0.0013749 0.0013126 0.0013539 0.0013995 0.0014443 0.0014896 0.0015178 0.0015397 0.0015557 0.0015605 0.0016294 0.0015752 0.0017183 0.0018164 0.0018285 0.001826 0.0017934 0.0018312 0.0018802 0.0018204 0.0017064 0.0016993 0.0017218 0.0018164 0.0018158 0.0018264 0.0018256 0.0017845 0.0018302 0.0018348 0.0018309 0.0018353 0.0018355 0.0018346 0.0018275 0.00183 0.0018227 0.0018183 0.0018299 0.0018312 0.0018309 0.0018317 0.0018317 0.0018349 0.0018341 0.0018318 0.001835 0.0018357 0.0018344 0.0018358 0.0018356 0.0018329 0.0018252 0.0018342 0.0018189 0.0018088 0.0017928 0.0017813 0.0017816 0.0017785 0.0017564 0.0017239 0.0017058 0.0016881 0.0017332 0.0016919 0.0016895 0.0016783 0.0016714 0.001675 0.0016882 0.0016513 0.0016862 0.0016758 0.0016976 0.001698 0.0017648 0.0017789 0.0017693 0.0017733 0.001792 0.0017807 0.0017803 0.001758 0.0017926 0.0017973 0.001799 0.0017846 0.0017691 0.0016844 0.0016631 0.0016345 0.0016847 0.0016711 0.0016905 0.001654 0.0016705 0.0017298 0.0017326 0.0017715 0.0017628 0.0017726 0.001766 0.0017707 0.001765 0.001736 0.001722 0.001717 0.0017237 0.0017196 0.0017007 0.0017367 0.0016948 0.0017672 0.0017657 0.001725 0.0017265 0.0017546 0.0017634 0.0017408 0.00175 0.0017177 0.001706 0.0017353 0.0018037 0.0018064 0.001816 0.0018301 0.0018349 0.001831 0.0018255 0.0018238 0.0018259 0.0018272 0.0018235 0.0018204 0.0018261 0.0018208 0.0018265
0.0018215 0.0018298 0.0018198 0.001819 0.0018355 0.001835 0.0018355 0.0018302 0.0018343 0.0018341 0.0018357 0.0018358 0.0018357 0.0018325 0.0018352 0.0018341 0.0018321 0.0018202 0.0018108 0.0017898 0.0017618 0.0017375 0.0016952 0.0016562 0.0015956 0.0015383 0.0014568 0.001311 0.0011413 0.0010546 0.0010928 0.0012632 0.001284 0.001285 0.0012781 0.0013304 0.001324 0.0013003 0.0012635 0.0012456 0.0012815 0.0013095 0.0013048 0.0013477 0.0013855 0.001423 0.0014861 0.0015051 0.0015243 0.0015457 0.0015346 0.0015985 0.0018357 0.0018224 0.0019064 0.001916 0.0018346 0.0014901 0.0014697 0.0015692 0.0016333 0.0016533 0.0016816 0.0017023 0.0017431 0.0017335 0.0017506 0.0018347 0.001808 0.0018132 0.0018557 0.001833 0.0018582 0.0018253 0.0018326 0.0018182 0.0018179 0.0018246 0.0018202 0.0018192 0.0018293 0.0018292 0.0018279 0.0018306 0.0018296 0.0018314 0.0018264 0.0018332 0.0018319 0.0018352 0.0018352 0.0018327 0.0018339 0.0018305 0.0018235 0.0018225 0.0018252 0.0018091 0.0017125 0.0017464 0.001782 0.0017868 0.0017476 0.0017261 0.001717 0.0016878 0.0016842 0.0016913 0.0016708 0.0016745 0.0017162 0.0016849 0.0016932 0.0016671 0.0016897 0.0017027 0.0016974 0.0017175 0.0017494 0.001732 0.0017444 0.0017658 0.0017625 0.0017552 0.001729 0.0017926 0.0017853 0.0018027 0.0017851 0.0017828 0.0017623 0.0016951 0.0016438 0.0016638 0.0016593 0.0017098 0.0016772 0.0017173 0.0017471 0.0017495 0.0017819 0.0017757 0.0017637 0.0017709 0.0017727 0.00177 0.0017601 0.0017645 0.0017428 0.0017408 0.0017306 0.0016971 0.0016623 0.0017054 0.0016997 0.0017225 0.0017557 0.0017643 0.0017444 0.0017809 0.0017578 0.0017941 0.0018107 0.0017903 0.0018025 0.0018354 0.0018122 0.0018296 0.0018347 0.0018326 0.0018288 0.0018275 0.0018201 0.001822 0.0018188 0.0018169 0.0018168 0.0018302 0.001826 0.0018332
0.0018357 0.0018332 0.0018339 0.0018253 0.0018192 0.0018357 0.0018296 0.0018343 0.0018294 0.0018268 0.0018343 0.0018326 0.0018356 0.0018358 0.0018358 0.0018341 0.0018342 0.0018275 0.0018202 0.001799 0.0017801 0.0017446 0.0017138 0.0016675 0.001616 0.0015516 0.0014766 0.001406 0.0011644 0.0010404 0.0010404 0.0011863 0.001274 0.0012744 0.0012799 0.0012707 0.0013045 0.0012865 0.0012895 0.0012647 0.0012753 0.0013268 0.0014759 0.0016257 0.0015207 0.0014284 0.0014813 0.0015362 0.001531 0.0015702 0.00183 0.001816 0.0018154 0.0018925 0.001824 0.0015311 0.0014496 0.0016623 0.0015099 0.0016268 0.0016518 0.001667 0.0017343 0.0017192 0.0017586 0.0017749 0.0018333 0.0018174 0.0018159 0.0018306 0.0018613 0.0018627 0.0018851 0.0018262 0.0018165 0.0018175 0.001829 0.0018229 0.0018219 0.0018162 0.0018191 0.00183 0.0018265 0.0018257 0.0018273 0.0018264 0.0018218 0.0018321 0.0018311 0.0018311 0.0018269 0.0018358 0.0018358 0.0018354 0.0018302 0.0018197 0.0018232 0.0018119 0.0017705 0.001763 0.0017855 0.0017727 0.0017375 0.0017512 0.0017477 0.0017132 0.0016867 0.0017185 0.0018063 0.0018224 0.0016946 0.0017288 0.0017059 0.0017153 0.0017105 0.0016979 0.0017001 0.0017084 0.0017311 0.0017364 0.0017378 0.0017189 0.0017374 0.001722 0.0017189 0.001729 0.0017528 0.0017807 0.0017851 0.001785 0.0017587 0.0017262 0.0016465 0.0017208 0.0017219 0.0016699 0.0017446 0.0017652 0.0017169 0.0017552 0.0017808 0.001784 0.0017942 0.0017804 0.0017806 0.0017648 0.0017578 0.0017882 0.0017808 0.0017498 0.0016841 0.001705 0.0016637 0.0017307 0.0017652 0.0017522 0.0017695 0.0017988 0.0017697 0.001789 0.001814 0.0018354 0.0018305 0.0018354 0.001835 0.0018305 0.0018315 0.0018343 0.0018299 0.0018286 0.001825 0.0018213 0.0018182 0.0018171 0.0018154 0.0018156 0.0018291 0.0017866 0.0018269 0.0018306
0.0018287 0.0018301 0.0018325 0.0018325 0.0018155 0.0018167 0.0018258 0.0018238 0.0018163 0.0018209 0.0018238 0.0018302 0.0018337 0.0018342 0.0018345 0.0018335 0.0018348 0.0018342 0.001827 0.0018134 0.0017918 0.0017617 0.0017308 0.0016806 0.0016298 0.0015807 0.0015196 0.001466 0.0012069 0.0010524 0.0010767 0.0011508 0.001249 0.001268 0.0012812 0.0012985 0.001264 0.0012654 0.0012995 0.0012657 0.0015596 0.0015857 0.0013474 0.0017105 0.0016513 0.001698 0.0016968 0.0018358 0.0018355 0.0018066 0.0016645 0.0015031 0.001769 0.001859 0.0018345 0.0018283 0.0018201 0.0017144 0.0016108 0.0016694 0.0016818 0.0016851 0.0017133 0.0017294 0.0018261 0.0018216 0.0018182 0.0018268 0.0017813 0.0017948 0.0018217 0.0018691 0.0018613 0.0018299 0.0018496 0.0018262 0.0018157 0.0018264 0.0018273 0.001822 0.0018204 0.0018235 0.0018221 0.001828 0.001826 0.0018285 0.0018318 0.0018338 0.0018345 0.0018332 0.0018344 0.0018323 0.0018358 0.0018353 0.0018351 0.0018356 0.0018356 0.0018223 0.0017931 0.0018037 0.0017384 0.0017341 0.0017483 0.0017521 0.0016918 0.0017329 0.0017458 0.0017197 0.0017178 0.0017216 0.0017395 0.001737 0.0017497 0.0016891 0.0016966 0.001698 0.0016973 0.0017427 0.001747 0.0017313 0.0016999 0.0016833 0.0016945 0.0016725 0.0017112 0.0017548 0.0017362 0.0017497 0.0017838 0.0017844 0.0017759 0.001767 0.0016805 0.0016721 0.0017105 0.0017332 0.0017349 0.0017442 0.0017328 0.0017631 0.0017847 0.0017808 0.0018012 0.0017984 0.0017948 0.0017983 0.0018063 0.0018056 0.0018035 0.0018179 0.0016656 0.0016524 0.001668 0.0017307 0.0016917 0.0017938 0.0018355 0.001828 0.0018298 0.0018282 0.0018354 0.0018308 0.0018327 0.0018348 0.0018242 0.0018183 0.0018231 0.001819 0.0018184 0.0018192 0.0018185 0.0018188 0.0018165 0.0018154 0.0018171 0.0018173 0.0018168 0.0018212 0.0018233 0.0018284
0.0018269 0.0018239 0.0018211 0.0018223 0.0018279 0.0018158 0.0018154 0.0018154 0.0018162 0.001819 0.0018243 0.0018343 0.0018312 0.0018282 0.0018234 0.0018204 0.0018205 0.0018293 0.0018313 0.0018307 0.0018131 0.0017899 0.0017577 0.0017099 0.0016659 0.0016155 0.0015649 0.0014845 0.0013815 0.0012529 0.0011643 0.0011791 0.0012496 0.0012597 0.001288 0.0013087 0.001307 0.0013914 0.0013303 0.0012802 0.0013083 0.0013335 0.0013713 0.0017658 0.0016049 0.0018014 0.0016341 0.00171 0.0016039 0.001529 0.0014878 0.0017713 0.0018358 0.0018345 0.0018317 0.0015364 0.0015715 0.0016833 0.0018345 0.0018328 0.0017047 0.0017186 0.0017301 0.0017341 0.0017909 0.0017618 0.0018131 0.0017837 0.0017892 0.0018078 0.0018317 0.0018318 0.0018186 0.0018353 0.0018356 0.0018185 0.0018311 0.0018195 0.0018325 0.0018286 0.0018155 0.0018177 0.001819 0.0018223 0.0018242 0.0018289 0.0018327 0.0018324 0.001829 0.0018319 0.0018339 0.0018349 0.0018334 0.0018351 0.0018352 0.0018358 0.0018356 0.0018354 0.0018287 0.0018315 0.0017939 0.001718 0.0017339 0.0017493 0.0017748 0.0017511 0.0017416 0.0017353 0.0017454 0.0017304 0.0017769 0.0017826 0.0017706 0.0017076 0.001692 0.001698 0.0016758 0.0016959 0.0016732 0.0017236 0.0016971 0.0017274 0.0017041 0.0017062 0.0017284 0.0017108 0.001766 0.0017293 0.0017753 0.0017799 0.001768 0.0017233 0.0017337 0.0016874 0.0017308 0.0017433 0.0017729 0.0017633 0.0017714 0.0017816 0.0017734 0.0017918 0.0018205 0.001823 0.0018152 0.0018112 0.0018346 0.0018283 0.0018075 0.0017926 0.0017503 0.0017125 0.0017802 0.0017706 0.001763 0.0018025 0.001822 0.0018351 0.001836 0.0018212 0.0018273 0.0018333 0.0018331 0.0018224 0.0018223 0.0018158 0.0018157 0.0018165 0.0018165 0.0018157 0.0018154 0.0018155 0.0018162 0.001816 0.001816 0.0018167 0.0018172 0.0018154 0.0018178 0.0018223
0.0018219 0.0018231 0.0018181 0.0018174 0.0018204 0.001822 0.0018225 0.0018182 0.0018161 0.0018154 0.0018297 0.0018354 0.0018225 0.0018158 0.0018154 0.0018168 0.0018318 0.0018324 0.0018298 0.0018357 0.0018333 0.0018112 0.0018028 0.0017606 0.0017062 0.0016558 0.0016078 0.0015249 0.0014629 0.0013521 0.0012739 0.0012598 0.0012381 0.0012358 0.0012959 0.0013311 0.0013587 0.0013737 0.0013774 0.001342 0.0013258 0.0013739 0.0014071 0.0014856 0.0015127 0.0015174 0.0015754 0.001579 0.0015628 0.0015349 0.0015111 0.0014911 0.0015368 0.0017753 0.0017261 0.0015861 0.0016429 0.0016902 0.0017202 0.001817 0.0017039 0.001764 0.0017613 0.0017841 0.0017888 0.0017968 0.0018357 0.0018163 0.0018231 0.0018334 0.0018357 0.001835 0.0018643 0.0018273 0.0018299 0.0018156 0.0018172 0.0018156 0.0018242 0.0018224 0.0018186 0.0018187 0.0018155 0.0018176 0.0018232 0.0018264 0.0018239 0.0018285 0.001829 0.0018304 0.0018318 0.0018341 0.0018352 0.0018355 0.0018357 0.0018355 0.0018261 0.0018355 0.0018354 0.0018357 0.0018086 0.00177 0.001751 0.0017644 0.0017862 0.0017501 0.0017599 0.0017746 0.0017692 0.0017695 0.0017873 0.0017876 0.0017662 0.001741 0.0017244 0.0016843 0.0016576 0.0017661 0.0017509 0.0017283 0.0017205 0.0017319 0.0017169 0.0017527 0.001702 0.0017327 0.0017121 0.001769 0.0017733 0.00179 0.0017576 0.0017691 0.0017607 0.0017505 0.0017811 0.0018247 0.0017552 0.0018027 0.0017935 0.0017742 0.0017929 0.001798 0.0018317 0.0018318 0.0018169 0.0018357 0.0018341 0.0018204 0.0018037 0.0017849 0.0017439 0.001759 0.0017506 0.0017662 0.0017847 0.0018297 0.0018219 0.0018218 0.0018205 0.0018293 0.0018192 0.0018215 0.0018223 0.0018242 0.0018198 0.0018156 0.0018171 0.001822 0.001816 0.0018165 0.0018161 0.0018176 0.0018186 0.0018197 0.0018194 0.0018197 0.0018181 0.0018163 0.0018163 0.001817
0.001816 0.0018169 0.0018162 0.0018154 0.0018159 0.0018231 0.0018237 0.0018171 0.0018156 0.0018218 0.0018327 0.0018335 0.0018198 0.0018155 0.0018211 0.0018174 0.0018294 0.0018219 0.0018247 0.0018354 0.0018357 0.001832 0.0018224 0.0017958 0.001753 0.0016859 0.0016286 0.0015633 0.0015007 0.0014359 0.001348 0.0013014 0.0011998 0.0011101 0.0013136 0.0013493 0.0013722 0.0013956 0.00141 0.0014133 0.0014175 0.001493 0.0015255 0.0015541 0.0015778 0.0016292 0.0016579 0.0016778 0.0017011 0.0017212 0.0016912 0.0017806 0.0018157 0.0015882 0.0015999 0.0016269 0.0017026 0.0017321 0.0017403 0.0018258 0.0017679 0.0017875 0.0017908 0.0017889 0.0018043 0.0018103 0.0018095 0.0018357 0.0018352 0.0018357 0.0018185 0.0018342 0.0018374 0.0018439 0.0018199 0.0018197 0.0018232 0.001822 0.0018206 0.0018166 0.0018182 0.0018157 0.0018155 0.0018213 0.0018201 0.0018211 0.0018244 0.0018285 0.0018309 0.0018318 0.0018308 0.0018284 0.0018336 0.0018345 0.0018358 0.0018356 0.0018217 0.0018353 0.0018352 0.0018356 0.0018105 0.0017983 0.0017855 0.0017701 0.0017873 0.0017812 0.0017772 0.0017902 0.0017936 0.0017978 0.0018063 0.0018045 0.001755 0.0017349 0.0017325 0.0017039 0.0016769 0.0017676 0.0017506 0.0017475 0.0017502 0.0017161 0.0017237 0.0017056 0.0017375 0.0017432 0.0017585 0.0017702 0.0018107 0.0018009 0.0017773 0.0017416 0.0017752 0.001785 0.0018231 0.0018202 0.001808 0.0018358 0.0017979 0.0017865 0.0018012 0.0018104 0.0018336 0.0018344 0.0018351 0.0018358 0.0018355 0.0018018 0.0018155 0.0017867 0.0017782 0.0017849 0.0018237 0.0018262 0.0018349 0.0018226 0.0018165 0.0018154 0.0018169 0.0018176 0.0018158 0.0018155 0.001819 0.0018195 0.0018155 0.0018164 0.0018229 0.0018165 0.0018157 0.001817 0.0018176 0.0018182 0.0018184 0.00182 0.0018206 0.00182 0.0018169 0.0018172 0.0018155 0.0018156
0.0018155 0.0018166 0.0018154 0.0018188 0.0018169 0.0018194 0.0018239 0.0018304 0.001816 0.0018181 0.0018307 0.0018302 0.0018156 0.001821 0.0018216 0.0018157 0.001816 0.0018184 0.0018356 0.0018288 0.0018351 0.0018351 0.0018245 0.0017807 0.0017372 0.0017233 0.0016647 0.0015819 0.0015091 0.0014837 0.0014459 0.0013987 0.0012273 0.0010769 0.0011222 0.0013747 0.0013879 0.0013993 0.0014275 0.0014574 0.0014945 0.0015245 0.0015467 0.0015767 0.0016137 0.0016602 0.0016899 0.0017216 0.001767 0.0017998 0.0016796 0.0015822 0.0015652 0.0016018 0.001631 0.0016864 0.0017265 0.0017628 0.0017684 0.0018017 0.0017846 0.0017991 0.0018304 0.0017991 0.0018074 0.0018152 0.0018076 0.0018273 0.0018316 0.0018357 0.0018319 0.0018278 0.0018993 0.001891 0.0018277 0.0018232 0.0018225 0.0018206 0.0018269 0.0018204 0.0018265 0.0018188 0.0018174 0.0018228 0.0018174 0.0018185 0.0018236 0.001829 0.0018267 0.0018311 0.0018316 0.0018296 0.0018329 0.0018332 0.0018341 0.0018358 0.0018354 0.0018285 0.0018296 0.0018225 0.001821 0.0018236 0.0018122 0.0018255 0.001792 0.0017758 0.0017806 0.0018141 0.001805 0.0018029 0.0018031 0.0017726 0.0017854 0.0017724 0.0017386 0.0017226 0.0017508 0.0017499 0.0017248 0.0017605 0.0017444 0.0017314 0.0017392 0.001742 0.0017414 0.001751 0.0017662 0.0017862 0.0017906 0.0018039 0.0018269 0.0018183 0.0018339 0.0018333 0.0018351 0.0018337 0.0018259 0.0018237 0.001831 0.00182 0.0018341 0.001835 0.0018352 0.0018354 0.0018346 0.0018351 0.0018179 0.0018146 0.0018179 0.0018004 0.0018154 0.001832 0.0018302 0.0018256 0.0018241 0.0018217 0.0018162 0.0018154 0.0018156 0.0018157 0.0018155 0.0018155 0.0018163 0.0018154 0.0018154 0.0018161 0.0018187 0.0018154 0.0018162 0.0018168 0.0018177 0.0018187 0.0018187 0.0018195 0.0018199 0.0018199 0.0018203 0.0018186 0.0018172 0.0018159
0.0018207 0.0018184 0.0018195 0.0018224 0.0018267 0.0018289 0.0018271 0.0018238 0.0018204 0.0018179 0.0018215 0.0018198 0.0018227 0.0018277 0.0018264 0.0018197 0.0018165 0.0018278 0.0018308 0.0018222 0.0018273 0.0018348 0.0018141 0.001766 0.00171 0.0017722 0.0017096 0.0015305 0.0015118 0.0015212 0.0015086 0.0015211 0.0014777 0.0012076 0.0013189 0.0014005 0.00138 0.00139 0.0014339 0.0014755 0.0015136 0.0015351 0.0015532 0.0015514 0.0016515 0.0016916 0.0017353 0.0017625 0.0017878 0.0018282 0.0018296 0.0017296 0.0016759 0.0016972 0.001731 0.0017602 0.001778 0.0017866 0.0017924 0.0018119 0.0018092 0.0018001 0.0017818 0.0018321 0.0018348 0.0018233 0.0018287 0.0018358 0.0018356 0.0018322 0.0018295 0.0018249 0.0018524 0.0018645 0.0018327 0.0018185 0.0018222 0.001817 0.0018154 0.0018154 0.0018211 0.001824 0.0018171 0.0018203 0.0018226 0.0018171 0.0018252 0.0018307 0.0018284 0.0018288 0.0018266 0.0018294 0.0018307 0.0018329 0.0018344 0.0018358 0.0018358 0.0018333 0.0018352 0.0018323 0.0018322 0.0018322 0.0018319 0.0018245 0.0018247 0.0017914 0.0018093 0.0018278 0.0018354 0.0018008 0.0018086 0.001791 0.0017616 0.0017586 0.0017468 0.0017805 0.0017648 0.0017644 0.001739 0.0017634 0.0017496 0.0017378 0.0017358 0.0017473 0.0017491 0.001756 0.0017757 0.0017874 0.0018049 0.0018122 0.0018357 0.0018297 0.0018227 0.0018194 0.0018154 0.0018206 0.0018357 0.0018347 0.0018315 0.0018357 0.0018358 0.0018347 0.0018329 0.0018349 0.0018354 0.0018312 0.0018295 0.0018238 0.0018178 0.0018005 0.0018353 0.0018222 0.0018245 0.0018284 0.0018264 0.0018167 0.0018155 0.0018155 0.0018156 0.0018163 0.0018157 0.0018162 0.0018155 0.0018159 0.0018157 0.0018156 0.0018154 0.0018159 0.0018163 0.0018167 0.0018169 0.0018181 0.0018188 0.001819 0.0018189 0.0018197 0.0018202 0.0018208 0.0018214 0.0018218
0.0018204 0.0018236 0.0018338 0.0018239 0.0018307 0.0018315 0.0018285 0.0018273 0.0018234 0.0018159 0.0018155 0.0018161 0.0018284 0.0018343 0.0018343 0.0018281 0.0018161 0.0018318 0.0018166 0.001819 0.0018313 0.0018228 0.0017865 0.0017535 0.0017767 0.001785 0.0017666 0.0016574 0.0015223 0.0015133 0.0015332 0.0015726 0.001597 0.001567 0.0014858 0.0014302 0.001365 0.0013496 0.0014461 0.0015005 0.0015378 0.0015583 0.0015688 0.0015463 0.0016707 0.0017404 0.0017716 0.0017918 0.0018153 0.0018349 0.0018355 0.0017685 0.0017666 0.0017895 0.001803 0.0018148 0.0018115 0.0018139 0.0018167 0.0018243 0.0018336 0.0018182 0.0017959 0.0018075 0.0018214 0.0018346 0.0018357 0.001835 0.0018344 0.001828 0.0018189 0.0018354 0.0018184 0.0018188 0.0018595 0.0018341 0.0018164 0.0018188 0.0018214 0.0018206 0.0018248 0.0018194 0.001823 0.0018206 0.0018165 0.0018212 0.0018224 0.0018293 0.0018275 0.0018292 0.0018304 0.0018299 0.0018344 0.0018349 0.0018353 0.0018355 0.0018357 0.0018356 0.0018357 0.001833 0.0018331 0.0018324 0.0018301 0.001832 0.0018296 0.0018285 0.0018303 0.0018269 0.0018298 0.0017897 0.0018007 0.0017426 0.0017585 0.0017494 0.0017666 0.001753 0.0017556 0.0017675 0.0017615 0.0017606 0.0017502 0.0017403 0.0017318 0.0017368 0.0017823 0.0017626 0.0017745 0.0017956 0.0018156 0.0018326 0.0018301 0.0018521 0.0018628 0.0018631 0.0018596 0.0018453 0.0018207 0.0018261 0.0018319 0.0018332 0.001834 0.0018293 0.0018321 0.0018354 0.001835 0.0018335 0.0018291 0.0018304 0.0018082 0.0018134 0.0018229 0.001825 0.0018213 0.0018204 0.0018182 0.0018174 0.0018154 0.0018156 0.0018161 0.0018163 0.0018159 0.0018156 0.001816 0.001816 0.001816 0.001816 0.001816 0.0018158 0.0018163 0.0018164 0.0018164 0.0018172 0.0018179 0.0018183 0.0018186 0.0018195 0.0018204 0.0018208 0.0018216 0.0018227
0.001822 0.0018242 0.0018261 0.0018271 0.0018307 0.0018318 0.0018314 0.0018304 0.0018274 0.00182 0.0018157 0.0018213 0.0018351 0.0018396 0.001841 0.0018297 0.0018177 0.0018161 0.0018155 0.0018183 0.0018355 0.0018274 0.0018306 0.0018208 0.0018125 0.0018093 0.001787 0.0017208 0.0014856 0.0015005 0.0015332 0.0016091 0.0016351 0.001612 0.0015531 0.0014702 0.0012885 0.0012871 0.0014895 0.0015337 0.0015605 0.0015774 0.0015889 0.0016139 0.0017197 0.0017536 0.0017791 0.0018038 0.0018224 0.0018339 0.0018353 0.0018348 0.0018113 0.0018094 0.0018092 0.0018115 0.0018194 0.0018259 0.0018305 0.0018332 0.0018343 0.0018294 0.0018083 0.0018289 0.0018357 0.0018355 0.0018329 0.0018311 0.0018296 0.0018239 0.0018168 0.0018385 0.00187 0.0018375 0.0018585 0.0018173 0.0018186 0.0018204 0.0018157 0.0018168 0.0018154 0.0018206 0.0018193 0.001818 0.001821 0.001826 0.0018257 0.0018296 0.0018272 0.0018312 0.0018294 0.001831 0.0018317 0.0018295 0.0018354 0.0018358 0.0018357 0.0018354 0.001835 0.0018298 0.0018298 0.0018313 0.0018335 0.0018305 0.0018285 0.0018336 0.0018186 0.0018357 0.00183 0.001832 0.0018155 0.0017884 0.0017781 0.00174 0.0017488 0.0017576 0.0017497 0.0017616 0.0017621 0.0017649 0.0017472 0.0017527 0.0017341 0.0017783 0.0018068 0.0017554 0.0017756 0.0018014 0.0018326 0.0018252 0.0018467 0.0018713 0.0018672 0.0018656 0.0018651 0.0018588 0.0018557 0.0018293 0.0018246 0.0018256 0.0018239 0.0018278 0.0018338 0.0018328 0.0018337 0.0018251 0.0018289 0.0018354 0.0018311 0.0018304 0.0018258 0.001819 0.0018177 0.0018162 0.0018155 0.0018159 0.0018158 0.0018163 0.0018158 0.0018164 0.0018167 0.0018158 0.001816 0.0018159 0.0018162 0.0018162 0.0018159 0.0018159 0.0018158 0.0018158 0.001816 0.0018156 0.001817 0.0018179 0.0018175 0.0018196 0.001821 0.0018218 0.0018223 0.0018233
0.0018246 0.0018287 0.0018217 0.0018237 0.0018323 0.0018315 0.0018322 0.0018306 0.001835 0.0018226 0.0018172 0.0018319 0.0018419 0.0018448 0.0018429 0.0018223 0.0018163 0.0018221 0.0018154 0.0018267 0.0018302 0.0018347 0.0018356 0.0018353 0.0018318 0.0018212 0.0018038 0.0017326 0.0015372 0.0015282 0.0015827 0.0016616 0.0016603 0.0016804 0.0016379 0.0015119 0.0012414 0.0011259 0.0014273 0.0015611 0.0015763 0.0015976 0.0016193 0.001655 0.0017127 0.0017546 0.0017845 0.0018097 0.0018236 0.0018345 0.0018353 0.0018345 0.0018358 0.0018219 0.0018189 0.0018194 0.001825 0.0018304 0.0018332 0.0018354 0.0018357 0.0018356 0.001834 0.0018351 0.0018358 0.0018318 0.0018235 0.0018224 0.0018208 0.0018155 0.0018373 0.0018421 0.0018352 0.0018659 0.0018154 0.0018154 0.0018155 0.0018155 0.0018172 0.0018184 0.0018183 0.0018197 0.0018211 0.0018191 0.0018178 0.0018214 0.0018236 0.0018202 0.0018237 0.0018233 0.0018285 0.0018302 0.0018328 0.0018314 0.001834 0.001829 0.0018354 0.0018357 0.0018354 0.0018358 0.0018357 0.0018263 0.0018165 0.0018123 0.0018323 0.0018348 0.0018355 0.001825 0.0018217 0.001814 0.0018105 0.0018115 0.0017996 0.0018099 0.0017892 0.0017686 0.0017572 0.0017607 0.0017608 0.0017387 0.0017545 0.0017488 0.0017244 0.0018194 0.0017648 0.0017555 0.0017858 0.0018165 0.0018358 0.0018157 0.0018571 0.0018743 0.001875 0.0018729 0.001868 0.0018642 0.00186 0.0018475 0.0018224 0.0018155 0.0018188 0.001819 0.001834 0.0018358 0.0018358 0.0018353 0.0018336 0.0018296 0.0018326 0.0018323 0.0018211 0.0018161 0.0018154 0.0018162 0.0018157 0.0018168 0.0018159 0.0018158 0.0018154 0.0018155 0.0018213 0.0018154 0.0018156 0.0018154 0.0018157 0.001816 0.0018154 0.0018155 0.0018154 0.0018154 0.0018154 0.0018166 0.0018168 0.001818 0.001817 0.0018194 0.0018209 0.0018222 0.0018233 0.0018232
0.001827 0.0018266 0.0018263 0.0018262 0.0018353 0.0018355 0.0018381 0.0018365 0.0018437 0.0018392 0.0018328 0.0018479 0.0018503 0.0018483 0.0018453 0.0018418 0.0018235 0.0018242 0.0018154 0.0018217 0.0018264 0.0018299 0.0018348 0.0018355 0.0018308 0.0018225 0.0017971 0.00173 0.0016608 0.0016886 0.0016831 0.0016824 0.001685 0.0016865 0.0016965 0.0016854 0.0012921 0.0010431 0.0010562 0.0015595 0.0015912 0.0016142 0.0016411 0.0016753 0.001713 0.001759 0.001795 0.0018142 0.0018289 0.0018344 0.0018356 0.0018342 0.0018347 0.0018294 0.0018258 0.0018253 0.0018296 0.0018334 0.0018348 0.0018357 0.0018355 0.001835 0.0018336 0.0018349 0.0018309 0.0018255 0.0018172 0.0018154 0.0018164 0.0018154 0.0018653 0.0018503 0.0018154 0.0018689 0.0018357 0.0018155 0.0018416 0.0018166 0.0018185 0.0018159 0.0018191 0.0018205 0.0018231 0.0018247 0.0018213 0.0018201 0.0018177 0.0018202 0.0018216 0.0018232 0.0018281 0.0018295 0.0018291 0.0018292 0.0018264 0.0018341 0.0018301 0.0018357 0.0018358 0.0018355 0.0018358 0.0018356 0.0018313 0.0018146 0.0018346 0.0018333 0.0018294 0.0018329 0.0018356 0.0018101 0.0018213 0.001819 0.0018164 0.0018245 0.0018103 0.0017791 0.0017568 0.0017766 0.0017918 0.0017515 0.0017664 0.0017587 0.0017414 0.0017315 0.0017465 0.001781 0.0018061 0.0018291 0.0018299 0.0018202 0.0018741 0.0018778 0.0018806 0.0018735 0.0018652 0.0018645 0.0018569 0.0018519 0.0018311 0.0018159 0.0018157 0.0018329 0.0018283 0.0018317 0.0018349 0.0018271 0.0018205 0.0018177 0.0018178 0.0018169 0.0018155 0.0018159 0.0018188 0.0018196 0.0018168 0.0018181 0.0018167 0.0018166 0.0018154 0.0018158 0.0018172 0.0018196 0.0018187 0.0018179 0.0018167 0.001816 0.0018159 0.0018159 0.0018157 0.0018165 0.0018216 0.0018154 0.0018164 0.0018165 0.0018165 0.0018209 0.0018218 0.0018214 0.0018155 0.0018229
0.0018234 0.0018293 0.0018178 0.0018176 0.0018348 0.0018337 0.0018397 0.0018434 0.0018458 0.0018485 0.0018524 0.0018565 0.0018559 0.0018543 0.0018521 0.0018434 0.0018354 0.001822 0.0018229 0.0018212 0.0018245 0.0018323 0.0018353 0.0018357 0.0018298 0.0018168 0.0017987 0.0017715 0.0017083 0.0017084 0.0016978 0.0016968 0.001697 0.0017061 0.0017232 0.0017367 0.0016752 0.0010691 0.0011266 0.0014789 0.0015723 0.0016354 0.0016696 0.0016938 0.0014261 0.0017795 0.0018054 0.0018206 0.0018309 0.0018344 0.0018354 0.0018344 0.0018341 0.0018317 0.0018296 0.0018313 0.0018337 0.0018352 0.0018357 0.0018357 0.0018356 0.0018352 0.0018329 0.001835 0.0018268 0.0018159 0.0018158 0.001819 0.0018217 0.0018526 0.0018606 0.001851 0.0018208 0.0018183 0.0018157 0.0018379 0.001817 0.0018156 0.0018188 0.0018242 0.0018245 0.0018202 0.0018228 0.0018211 0.0018215 0.0018216 0.0018562 0.001821 0.0018173 0.0018237 0.001829 0.0018279 0.0018278 0.0018234 0.0018249 0.0018345 0.0018343 0.0018334 0.0018318 0.0018313 0.0018325 0.0018351 0.001833 0.0018344 0.0018355 0.0018358 0.0018355 0.0018352 0.0018287 0.0018313 0.0018301 0.0018352 0.0018262 0.0018228 0.0018165 0.0018058 0.0017905 0.0017984 0.0018071 0.0018031 0.0017956 0.0017693 0.0017623 0.0017649 0.0017725 0.0017894 0.0018161 0.0018353 0.0018226 0.0018228 0.0018746 0.0018764 0.0018745 0.0018702 0.0018643 0.001863 0.0018591 0.0018541 0.0018379 0.0018184 0.0018156 0.0018213 0.0018196 0.0018182 0.0018185 0.001817 0.0018173 0.0018159 0.0018154 0.0018171 0.0018187 0.0018206 0.0018263 0.0018308 0.0018322 0.0018229 0.0018209 0.0018163 0.0018161 0.0018222 0.0018304 0.0018336 0.001829 0.0018285 0.0018238 0.0018207 0.0018195 0.0018169 0.0018174 0.0018169 0.0018164 0.0018189 0.0018163 0.0018161 0.0018173 0.0018177 0.001821 0.00182 0.0018193 0.001816
0.0018244 0.0018308 0.0018316 0.0018415 0.0018389 0.0018343 0.0018442 0.0018517 0.0018533 0.0018566 0.0018607 0.0018669 0.0018656 0.0018634 0.0018627 0.0018504 0.0018231 0.0018155 0.00182 0.0018205 0.0018347 0.0016566 0.0012529 0.0012087 0.0014031 0.0018099 0.00179 0.0017824 0.0017635 0.0017236 0.0017164 0.0017067 0.0017089 0.001716 0.0017244 0.0017336 0.0017352 0.0016248 0.0014385 0.001473 0.0015927 0.0016533 0.0016922 0.0017152 0.0017537 0.0017995 0.0018132 0.0018251 0.0018313 0.0018342 0.0018357 0.0018344 0.0018333 0.0018335 0.0018335 0.0018332 0.0018348 0.0018357 0.0018357 0.0018357 0.0018352 0.0018352 0.0018356 0.0018308 0.0018156 0.0018169 0.0018208 0.0018254 0.0018267 0.0018491 0.0018662 0.0018557 0.0018353 0.0018239 0.0018399 0.0018213 0.0018182 0.0018157 0.0018155 0.0018162 0.0018154 0.0018197 0.0018311 0.0018257 0.0018192 0.001821 0.0018198 0.0018215 0.0018212 0.001821 0.0018155 0.0018196 0.0018258 0.0018279 0.0018276 0.0018314 0.0018305 0.0018292 0.0018279 0.0018253 0.0018289 0.0018297 0.0018358 0.0018357 0.0018357 0.0018357 0.0018356 0.0018272 0.001833 0.0018243 0.0018321 0.0018331 0.0018343 0.0018346 0.0018214 0.0018181 0.0018077 0.0017975 0.0018029 0.0018034 0.0017909 0.0017984 0.001786 0.0017906 0.001802 0.0018092 0.0018257 0.0018344 0.001816 0.0018699 0.0018723 0.0018664 0.0018737 0.0018683 0.0018636 0.0018613 0.0018566 0.0018537 0.0018406 0.0018223 0.0018169 0.0018157 0.0018154 0.0018156 0.0018158 0.0018155 0.0018154 0.0018162 0.0018211 0.0018233 0.0018275 0.0018323 0.0018327 0.0018366 0.0018378 0.0018355 0.0018233 0.0018158 0.0018195 0.0018297 0.0018351 0.0018357 0.0018334 0.0018357 0.0018353 0.0018278 0.0018232 0.0018203 0.0018199 0.0018184 0.0018175 0.0018169 0.0018155 0.0018159 0.0018162 0.0018171 0.0018182 0.0018236 0.0018154 0.0018568
0.0018291 0.0018354 0.0018373 0.0018438 0.0018226 0.0018432 0.0018455 0.0018506 0.0018597 0.0018622 0.0018673 0.0018722 0.001874 0.0018729 0.0018759 0.0018311 0.0018176 0.0018164 0.0018166 0.0018164 0.0018337 0.0011858 0.0010397 0.0010732 0.0010729 0.0016351 0.0017861 0.0017837 0.0018003 0.0017654 0.0017412 0.0017184 0.0017128 0.0017189 0.0017263 0.0017353 0.0017369 0.0017183 0.0016181 0.0016062 0.0016513 0.0016732 0.001699 0.0017235 0.0017597 0.0018016 0.0018189 0.0018285 0.0018329 0.0018351 0.0018358 0.0018333 0.0018341 0.0018295 0.0018306 0.0018354 0.0018355 0.0018358 0.0018357 0.0018354 0.0018349 0.0018334 0.0018292 0.0018175 0.0018154 0.0018219 0.0018289 0.001839 0.001853 0.0018568 0.0018459 0.0018577 0.0018516 0.0018396 0.0018449 0.0018271 0.0018172 0.0018182 0.0018164 0.0018163 0.0018184 0.0018251 0.0018176 0.001816 0.0018215 0.0018201 0.0018196 0.0018416 0.0018201 0.0018168 0.00182 0.001821 0.0018267 0.0018283 0.0018257 0.0018232 0.0018253 0.0018249 0.0018251 0.0018218 0.0018223 0.0018258 0.0018331 0.0018346 0.0018301 0.0018309 0.0018309 0.0018317 0.0018348 0.0018305 0.0018342 0.0018346 0.001832 0.0018279 0.0018258 0.0018225 0.0018115 0.0017715 0.001797 0.0018044 0.001807 0.0018063 0.0018032 0.0018071 0.0018113 0.0018197 0.0018358 0.0018321 0.0018154 0.0018576 0.0018683 0.0018702 0.0018676 0.0018639 0.0018623 0.0018623 0.001858 0.0018489 0.0018414 0.0018316 0.0018229 0.0018255 0.0018203 0.0018203 0.0018197 0.0018244 0.0018258 0.001829 0.0018335 0.0018376 0.0018413 0.0018413 0.0018422 0.0018474 0.0018448 0.0018441 0.0018324 0.0018157 0.0018194 0.001834 0.001835 0.0018265 0.001815 0.0018155 0.0018295 0.0018328 0.0018263 0.0018245 0.0018246 0.0018217 0.0018188 0.0018164 0.0018154 0.0018157 0.0018156 0.0018171 0.0018253 0.0018247 0.0018213 0.001831
0.0018292 0.0018372 0.0018438 0.0018467 0.0018497 0.0018443 0.0018464 0.0018545 0.0018637 0.0018681 0.0018731 0.0018791 0.0018811 0.0018817 0.001884 0.0018369 0.0018188 0.0018154 0.0018261 0.0018197 0.0018357 0.001193 0.0010394 0.0010548 0.0010577 0.0016232 0.0018049 0.0018129 0.0018153 0.0018079 0.0017691 0.0017303 0.0017071 0.0017014 0.0017036 0.0017276 0.0017407 0.0017384 0.0016972 0.0016818 0.0016899 0.0016961 0.0017045 0.0017221 0.0017484 0.0017893 0.0018224 0.0018303 0.0018344 0.0018353 0.0018358 0.0018326 0.0018356 0.0018349 0.0018292 0.0018337 0.0018356 0.0018358 0.0018355 0.0018354 0.0018334 0.0018332 0.001824 0.0018154 0.0018205 0.001831 0.0018488 0.0018547 0.0018679 0.0018684 0.0018761 0.0018679 0.0018649 0.0018576 0.0018519 0.0018275 0.0018229 0.0018241 0.0018394 0.0018155 0.0018172 0.0018197 0.0018177 0.001817 0.0018375 0.0018228 0.0018206 0.001825 0.0018205 0.0018192 0.0018189 0.0018187 0.0018154 0.0018224 0.0018232 0.0018211 0.0018227 0.0018227 0.0018232 0.0018219 0.0018215 0.0018287 0.0018166 0.001829 0.001825 0.0018341 0.0018357 0.0018321 0.0018358 0.0018357 0.0018346 0.0018326 0.0018269 0.0018252 0.001826 0.0018327 0.0018037 0.0018159 0.0018018 0.0018194 0.001826 0.0018318 0.001809 0.0018116 0.0018159 0.0018246 0.0018355 0.0018339 0.0018216 0.0018195 0.0018451 0.0018649 0.001861 0.0018603 0.0018589 0.0018553 0.0018547 0.0018521 0.0018465 0.001842 0.001841 0.0018406 0.0018471 0.0018412 0.0018426 0.0018412 0.0018477 0.0018488 0.00185 0.0018546 0.0018583 0.001855 0.0018626 0.0018595 0.0018584 0.0018487 0.001837 0.0018157 0.0018252 0.0018358 0.001821 0.001798 0.0017893 0.0018064 0.0018098 0.001752 0.0018329 0.0018295 0.0018269 0.0018239 0.00182 0.0018167 0.0018154 0.0018158 0.0018162 0.0018207 0.0018155 0.0018292 0.0018269 0.0018325
0.0018503 0.0018441 0.0018426 0.0018546 0.0018616 0.001861 0.0018593 0.0018654 0.0018742 0.0018765 0.0018828 0.0018849 0.0018877 0.0018885 0.0018884 0.0018367 0.0018187 0.0018207 0.0018254 0.0018175 0.0018244 0.0013488 0.0011707 0.0011166 0.0012384 0.001776 0.0018273 0.0018272 0.001824 0.0018124 0.001787 0.0017469 0.0017057 0.0016836 0.0016671 0.0016584 0.0017359 0.0017378 0.001723 0.0017101 0.0017063 0.001708 0.001713 0.001725 0.0017475 0.0017871 0.0018281 0.0018298 0.0018329 0.001835 0.0018351 0.0018351 0.0018319 0.0018287 0.0018324 0.0018337 0.0018345 0.0018357 0.0018358 0.001835 0.0018334 0.0018324 0.0018183 0.0018155 0.0018224 0.0018571 0.0018629 0.0018672 0.0018748 0.0018769 0.0018772 0.0018745 0.0018637 0.0018652 0.0018579 0.0018377 0.0018331 0.0018349 0.0018199 0.0018154 0.0018156 0.0018163 0.0018157 0.0018172 0.0018229 0.001818 0.0018157 0.0018201 0.0018191 0.0018176 0.0018194 0.0018194 0.0018215 0.0018223 0.0018186 0.0018203 0.0018221 0.0018213 0.0018216 0.0018217 0.00182 0.0018274 0.0018315 0.0018241 0.0018336 0.0018311 0.0018253 0.0018325 0.0018357 0.0018315 0.0018317 0.001827 0.0018255 0.0018285 0.0018297 0.0018332 0.0018188 0.0018195 0.0017602 0.001829 0.0018309 0.0018297 0.0017972 0.0018092 0.0018232 0.0018246 0.0018351 0.0018328 0.0018351 0.0018248 0.001817 0.0018209 0.0018378 0.0018438 0.0018436 0.0018534 0.0018529 0.0018532 0.0018532 0.0018515 0.0018535 0.0018601 0.00186 0.0018611 0.0018631 0.0018615 0.0018667 0.0018693 0.0018696 0.0018664 0.0018705 0.0018679 0.0018706 0.0018639 0.0018672 0.0018669 0.0018525 0.0018167 0.0018275 0.0018318 0.0017899 0.0017747 0.0017676 0.0017653 0.0017993 0.0018285 0.0018357 0.0018336 0.0018301 0.0018249 0.0018194 0.0018167 0.0018155 0.0018155 0.001818 0.0018193 0.0018155 0.0018321 0.0018322 0.0018374
0.0018487 0.0018522 0.0018553 0.0018615 0.0018654 0.001871 0.0018746 0.0018805 0.001884 0.0018855 0.0018891 0.0018898 0.0018909 0.0018906 0.0018909 0.0018398 0.0018159 0.0018234 0.0018178 0.0018154 0.0018154 0.0018337 0.0017063 0.0015829 0.0018095 0.0018352 0.0018343 0.0018326 0.0018281 0.0018075 0.0017797 0.0017479 0.0017139 0.0016734 0.0016495 0.0016414 0.0017122 0.0017383 0.0017316 0.0017096 0.0017086 0.0016898 0.001714 0.0017293 0.0017321 0.0017997 0.001814 0.0018252 0.0018289 0.0018329 0.0018346 0.0018356 0.0018352 0.0018306 0.0018348 0.0018355 0.0018265 0.0018166 0.0018156 0.0018281 0.0018318 0.001835 0.0018174 0.0018157 0.0018251 0.0018561 0.0018708 0.0018758 0.0018826 0.0018856 0.0018805 0.0018858 0.0018647 0.0018801 0.0018728 0.001855 0.0018512 0.0018531 0.0018465 0.0018208 0.0018154 0.0018187 0.0018231 0.0018183 0.0018209 0.0018191 0.0018185 0.0018179 0.0018183 0.0018214 0.0018173 0.0018168 0.0018179 0.0018198 0.0018167 0.0018162 0.0018154 0.0018255 0.0018178 0.0018185 0.0018214 0.0018261 0.0018308 0.0018261 0.0018256 0.0018275 0.0018277 0.0018326 0.0018358 0.0018346 0.0018355 0.0018312 0.0018313 0.0018259 0.0018253 0.0018271 0.0018314 0.0018186 0.0017756 0.0018268 0.0018304 0.0018239 0.0018333 0.0018357 0.0018211 0.0018191 0.0018297 0.0018343 0.0018354 0.0018325 0.0018239 0.0018171 0.0018156 0.00182 0.0018318 0.0018459 0.0018527 0.0018568 0.0018616 0.0018637 0.0018644 0.0018765 0.00187 0.0018798 0.0018841 0.001888 0.0018916 0.0018879 0.0018987 0.0018922 0.0018936 0.0018902 0.0018881 0.0018883 0.001891 0.0018822 0.0018759 0.0018202 0.0018288 0.0018289 0.001799 0.0017687 0.0017544 0.00161 0.001687 0.0018022 0.001834 0.0018349 0.0018294 0.0018247 0.0018193 0.0018164 0.0018154 0.0018167 0.0018217 0.0018181 0.0018275 0.001832 0.0018218 0.0018453
0.0018546 0.0018572 0.001856 0.0018693 0.0018775 0.0018776 0.0018829 0.0018842 0.0018858 0.0018894 0.0018918 0.001892 0.001892 0.0018925 0.0018928 0.0018443 0.0018155 0.0018193 0.0018178 0.0018213 0.0018154 0.0018159 0.0018162 0.0018164 0.0018239 0.0018333 0.0018309 0.0018344 0.0018224 0.0017974 0.001763 0.0017381 0.0016995 0.0016645 0.0016431 0.0015966 0.0016018 0.0017297 0.0017364 0.0017082 0.0017166 0.0017094 0.0017182 0.0016508 0.0017564 0.0018015 0.0018191 0.0018241 0.0018269 0.0018297 0.0018251 0.0018339 0.0018345 0.0018274 0.0018341 0.0018349 0.0018355 0.0018352 0.0018234 0.0018215 0.0018269 0.0018244 0.0018155 0.0018353 0.0018553 0.0018755 0.0018821 0.0018832 0.0018875 0.0018915 0.0018904 0.0018875 0.0018836 0.0018779 0.0018602 0.0018673 0.0018655 0.0018707 0.0018795 0.001835 0.0018225 0.001816 0.0018174 0.0018155 0.0018155 0.001817 0.0018161 0.0018169 0.0018166 0.0018199 0.0018175 0.0018154 0.0018169 0.0018167 0.0018166 0.0018157 0.0018158 0.0018174 0.0018194 0.0018177 0.001827 0.0018259 0.0018226 0.0018257 0.0018283 0.0018199 0.0018229 0.0018335 0.0018291 0.0018318 0.0018358 0.0018349 0.0018355 0.0018355 0.0018313 0.0018291 0.001834 0.0018038 0.0018184 0.0017867 0.0018106 0.0018063 0.0018093 0.0018208 0.0018221 0.0018264 0.0018236 0.0018237 0.0018358 0.0018338 0.0018271 0.0018166 0.0018169 0.0018161 0.0018347 0.0018516 0.0018583 0.0018707 0.001875 0.0018787 0.0018863 0.0018905 0.0018955 0.0019039 0.001913 0.0019218 0.0019277 0.0019298 0.0019289 0.0019234 0.0019177 0.0019143 0.0019161 0.0019108 0.0019045 0.0018973 0.0018848 0.0018694 0.001818 0.0018358 0.0017944 0.0017653 0.0016143 0.0011118 0.0015864 0.0017937 0.0018344 0.0018341 0.0018299 0.0018237 0.0018168 0.0018168 0.0018156 0.001818 0.0018264 0.0018281 0.0018336 0.0018322 0.0018444 0.0018488
0.0018651 0.0018694 0.0018715 0.0018696 0.0018841 0.0018772 0.0018905 0.0018927 0.0018927 0.0018929 0.0018935 0.0018937 0.0018931 0.0018928 0.0018932 0.0018561 0.0018156 0.0018189 0.0018176 0.0018186 0.0018198 0.001818 0.001831 0.0018265 0.0018258 0.0018311 0.0018351 0.0018276 0.0018104 0.0017879 0.0017521 0.001723 0.0016926 0.0016573 0.0015982 0.0015902 0.0016193 0.0017436 0.0017592 0.0017251 0.0017381 0.0017361 0.0017389 0.0016494 0.0017275 0.0017996 0.0018156 0.0018212 0.0018242 0.0018185 0.0018077 0.001814 0.0018352 0.001835 0.0018291 0.0018232 0.0018254 0.001818 0.0018162 0.0018245 0.0018154 0.0018288 0.0018539 0.0018645 0.0018737 0.0018787 0.0018785 0.0018851 0.0018934 0.0018953 0.0018801 0.0018912 0.0018919 0.0018856 0.0018691 0.001888 0.0018744 0.0018798 0.0018859 0.0018835 0.0018337 0.0018225 0.0018175 0.001816 0.0018165 0.0018155 0.0018167 0.0018178 0.0018165 0.0018164 0.0018159 0.0018157 0.0018164 0.0018171 0.001816 0.0018178 0.0018155 0.0018161 0.0018216 0.0018266 0.0018155 0.0018287 0.001823 0.0018225 0.0018344 0.0018167 0.0018355 0.0018311 0.0018288 0.0018338 0.0018342 0.0018329 0.0018337 0.0018347 0.0018356 0.0018345 0.0018355 0.0018262 0.0018336 0.001824 0.0018318 0.0018337 0.0018201 0.0018298 0.0018331 0.0018099 0.0017949 0.0018319 0.0018341 0.0018349 0.0018251 0.0018194 0.0018154 0.0018273 0.0018495 0.0018648 0.0018795 0.0018806 0.0018872 0.0018955 0.0019019 0.0019138 0.0019212 0.0019369 0.0019501 0.0019529 0.0019582 0.0019537 0.0019533 0.0019457 0.0019408 0.0019414 0.0019311 0.0019214 0.00191 0.0019019 0.0018895 0.001875 0.0018296 0.0018351 0.0018166 0.0017785 0.0017119 0.001649 0.0017147 0.0018275 0.0018353 0.001831 0.0018272 0.0018216 0.0018197 0.0018156 0.0018175 0.0018216 0.0018302 0.0018381 0.0018384 0.0018418 0.00185 0.0018594
0.0018771 0.0018802 0.0018852 0.0018892 0.0018946 0.0018933 0.0018967 0.0018988 0.001899 0.0018971 0.0018978 0.0018984 0.0018972 0.0018847 0.0018963 0.0018921 0.0018437 0.0018155 0.0018213 0.0018204 0.0018201 0.0018191 0.0018316 0.0018335 0.0018214 0.0018282 0.0018344 0.0018236 0.0018046 0.0017757 0.0017449 0.0017138 0.001691 0.0016541 0.001546 0.00158 0.0016689 0.0017446 0.0017547 0.0017385 0.0017617 0.0017654 0.001762 0.0017703 0.001786 0.0018012 0.0018169 0.0018232 0.0018228 0.0018026 0.0018083 0.0018211 0.0018224 0.0018348 0.0018335 0.0018311 0.0018306 0.0018196 0.0018172 0.0018156 0.0018154 0.0018218 0.0018456 0.0018327 0.0018213 0.0018659 0.0018726 0.0018825 0.001893 0.0018983 0.0018936 0.0019011 0.0018979 0.0019018 0.0018989 0.0018952 0.0018881 0.0018915 0.0018966 0.0018992 0.0018959 0.0018415 0.0018283 0.0018205 0.001823 0.0018155 0.0018158 0.0019307 0.0018156 0.0018162 0.0018154 0.0018165 0.0018155 0.0018154 0.0018179 0.0018169 0.0018156 0.0018158 0.0018204 0.0018206 0.0018245 0.0018212 0.0018233 0.0018219 0.0018288 0.0018321 0.0018357 0.001834 0.0018329 0.0018357 0.0018333 0.0018341 0.0018291 0.0018216 0.0018234 0.001824 0.0018335 0.0018339 0.0018321 0.0018307 0.001835 0.0018296 0.0018248 0.0018295 0.0018217 0.0018347 0.0018276 0.0018203 0.0018214 0.0018175 0.0018157 0.0018163 0.0018349 0.0018465 0.0018606 0.0018807 0.0018865 0.0018966 0.0019089 0.0019209 0.0019328 0.0019441 0.0019609 0.0019721 0.0019789 0.0019905 0.0019864 0.0019714 0.0019797 0.0019678 0.0019632 0.0019517 0.0019412 0.0019272 0.0019193 0.0019129 0.0019014 0.0018909 0.0018552 0.0018178 0.0018353 0.0018275 0.0017994 0.0017962 0.0018238 0.0018345 0.0018301 0.001827 0.001824 0.0018203 0.0018154 0.0018165 0.0018222 0.0018306 0.0018412 0.0018506 0.0018523 0.0018544 0.0018668 0.001873
0.0018945 0.0018899 0.0018981 0.0018991 0.0018998 0.0018996 0.0019014 0.0019052 0.0019059 0.0019031 0.0019015 0.0019028 0.0019028 0.0019014 0.0018999 0.0018969 0.0018658 0.0018303 0.0018193 0.0018178 0.0018154 0.0018158 0.0018212 0.0018223 0.0018176 0.0018357 0.0018312 0.0018203 0.001793 0.0017694 0.001739 0.0017308 0.0016834 0.001658 0.0016133 0.0016178 0.0016716 0.0017494 0.0017524 0.0017518 0.0017684 0.0017771 0.0017878 0.0017881 0.0017972 0.0018068 0.0018159 0.0018245 0.0018205 0.0017879 0.0018206 0.0018255 0.0018277 0.0018339 0.0018353 0.0018358 0.0018335 0.0018321 0.0018273 0.0018154 0.0018174 0.0018191 0.0018256 0.001835 0.0018525 0.0018551 0.0018708 0.0018785 0.0018823 0.0018987 0.001902 0.0019019 0.0019073 0.0019136 0.0019101 0.0019198 0.0018989 0.0019041 0.0019095 0.0019024 0.0019006 0.0018904 0.0018571 0.0018747 0.0018396 0.0018245 0.0018157 0.0018162 0.0018154 0.001816 0.0018165 0.0018155 0.0018156 0.0018162 0.0018189 0.0018154 0.0018166 0.00182 0.0018217 0.001817 0.0018248 0.0018237 0.0018201 0.0018204 0.0018263 0.0018278 0.0018348 0.0018345 0.0018324 0.0018348 0.0018354 0.0018356 0.0018291 0.0018243 0.0018263 0.0018265 0.0018351 0.0018344 0.0018358 0.0018357 0.0018356 0.0018281 0.0018316 0.001828 0.0018358 0.0018341 0.0018335 0.0018173 0.0018192 0.0018157 0.0018167 0.0018327 0.00184 0.0018596 0.0018727 0.0018859 0.0018996 0.0019151 0.0019367 0.0019512 0.0019619 0.0019758 0.002009 0.0019944 0.0020066 0.0020137 0.0020093 0.0020016 0.001996 0.001985 0.0019697 0.0019617 0.0019694 0.00194 0.0019389 0.0019292 0.0019177 0.001907 0.0018786 0.0018439 0.0018164 0.0018254 0.001831 0.0018322 0.001834 0.0018352 0.0018227 0.0018224 0.0018203 0.0018177 0.0018242 0.0018719 0.0018359 0.0018154 0.0018586 0.0018357 0.0018693 0.0018723 0.0018752 0.001889
0.0019077 0.0018654 0.0019002 0.0019006 0.0019069 0.0019049 0.0019056 0.0019089 0.0019064 0.0019078 0.0019069 0.0019085 0.0019081 0.0019064 0.0019097 0.0019068 0.001902 0.0018709 0.0018284 0.0018163 0.0018154 0.0018154 0.0018155 0.0018156 0.0018329 0.0018339 0.0018278 0.0018137 0.001801 0.0017537 0.0017263 0.0017012 0.0016633 0.0016286 0.0015997 0.0016091 0.0016633 0.0017385 0.0017639 0.0017707 0.0017819 0.0017922 0.0017964 0.001801 0.0017938 0.0018056 0.0018053 0.001797 0.0017952 0.001804 0.0018203 0.0018293 0.0018305 0.0018287 0.0018347 0.001835 0.0018328 0.0018311 0.0018318 0.00183 0.0018307 0.0018301 0.0018179 0.0018334 0.001834 0.0018698 0.0018786 0.0018823 0.0018866 0.001898 0.001908 0.0019237 0.0019241 0.0019244 0.0019213 0.0019324 0.001927 0.0019284 0.0019264 0.0019099 0.0019213 0.0019182 0.0018983 0.0018716 0.0018498 0.0018295 0.0018183 0.0018155 0.0018201 0.0018162 0.0018158 0.0018173 0.0018154 0.0018154 0.0018154 0.0018166 0.0018158 0.0018202 0.0018166 0.001816 0.0018269 0.0018282 0.0018225 0.0018306 0.0018162 0.0018334 0.0018319 0.0018354 0.0018326 0.0018353 0.0018328 0.0018355 0.0018328 0.0018296 0.0018322 0.0018355 0.0018357 0.0018342 0.0018358 0.0018289 0.0018311 0.0018283 0.0018302 0.0018355 0.0018344 0.0018244 0.0018231 0.0018163 0.0018155 0.0018226 0.0018287 0.0018453 0.0018564 0.0018706 0.0018846 0.0019 0.0019184 0.0019431 0.00196 0.001971 0.0019897 0.0019992 0.0020112 0.0020205 0.002038 0.0020198 0.0020137 0.0020108 0.0020046 0.0019769 0.0019858 0.001978 0.0019673 0.0019514 0.0019365 0.0019489 0.0019436 0.0019299 0.0019165 0.001903 0.001881 0.0018568 0.0018448 0.0018241 0.0018155 0.0018245 0.0018157 0.0018162 0.0018171 0.0018154 0.0018155 0.0018339 0.0018527 0.0018591 0.0018717 0.0018791 0.0018829 0.0018921 0.0018981 0.0019045
0.0019183 0.0019122 0.0019122 0.0019084 0.0019109 0.0019093 0.0019108 0.0019106 0.0019095 0.0019112 0.0019128 0.0019122 0.0019114 0.0019093 0.0019134 0.0019076 0.0019116 0.0019034 0.0018644 0.0018324 0.0018182 0.0018157 0.0018173 0.0018296 0.0018301 0.0018337 0.001827 0.0018122 0.0017835 0.0017392 0.001694 0.0016403 0.0015872 0.0015612 0.0015438 0.0015375 0.0015774 0.001638 0.0017346 0.0017829 0.0017963 0.001801 0.0018048 0.0018031 0.001756 0.0017721 0.0018119 0.0018206 0.0018071 0.0018002 0.0018199 0.0018156 0.0018071 0.0018162 0.0018319 0.0018352 0.0018321 0.0018292 0.0018286 0.0018273 0.0018266 0.0018279 0.0018185 0.0018319 0.0018627 0.001874 0.0018814 0.001882 0.0018915 0.001901 0.0019059 0.0019287 0.001922 0.001934 0.001937 0.0019466 0.0019446 0.0019538 0.0019435 0.0019339 0.0019301 0.0019237 0.0019251 0.0018716 0.0018569 0.0018363 0.0018303 0.0018247 0.0018189 0.0018213 0.0018158 0.0018155 0.0018154 0.0018175 0.0018231 0.0018171 0.001816 0.001818 0.001816 0.0018184 0.0018185 0.00182 0.001821 0.0018229 0.001824 0.0018312 0.0018343 0.0018222 0.0018348 0.0018336 0.0018316 0.0018349 0.0018355 0.0018345 0.0018328 0.0018314 0.0018353 0.0018357 0.0018349 0.001824 0.0018228 0.0018248 0.0018154 0.0018168 0.0018193 0.0018154 0.0018154 0.0018156 0.0018201 0.0018282 0.0018416 0.0018573 0.0018659 0.0018817 0.0018934 0.0019152 0.0019341 0.0019592 0.0019791 0.0019957 0.0020026 0.0020122 0.0020327 0.0020444 0.0020516 0.0020476 0.0020346 0.0020318 0.0020129 0.0020096 0.001996 0.0019637 0.0019795 0.001964 0.0019606 0.0019579 0.0019494 0.0019388 0.0019374 0.0019256 0.0019174 0.0018994 0.0018927 0.0018866 0.001869 0.0018588 0.0018385 0.0018195 0.001816 0.0018168 0.0018171 0.0018286 0.0018308 0.0018686 0.0018766 0.0018837 0.0018931 0.0019074 0.0019164 0.0019203
0.0019292 0.0019163 0.0019175 0.0019098 0.0019168 0.0019139 0.0019164 0.0019157 0.0019125 0.0019135 0.0019149 0.0019154 0.0019148 0.0019114 0.0019085 0.0019065 0.0019037 0.0018972 0.0018935 0.001817 0.0018173 0.0018194 0.0018262 0.0018337 0.0018346 0.0018345 0.0018278 0.0018137 0.0017883 0.001715 0.0016205 0.0015494 0.0014801 0.0014386 0.0014377 0.001471 0.001506 0.0015169 0.0016091 0.0017237 0.0017907 0.0018113 0.0018136 0.0018117 0.0018061 0.0017965 0.0018051 0.0018132 0.0018195 0.0018309 0.001806 0.0017976 0.001788 0.0017754 0.0018135 0.0018345 0.0018329 0.0018302 0.0018291 0.0018296 0.0018272 0.0018289 0.0018154 0.0018386 0.001862 0.0018736 0.0018813 0.0018875 0.0018931 0.0019082 0.0019129 0.0019249 0.0019306 0.0019459 0.0019496 0.0019614 0.001972 0.0019685 0.0019668 0.0019537 0.0019575 0.0019509 0.001941 0.0019354 0.0019124 0.0018977 0.001892 0.0018763 0.0018508 0.0018771 0.0018192 0.0018163 0.0018155 0.0018156 0.0018159 0.0018155 0.0018155 0.0018179 0.001817 0.0018158 0.0018161 0.0018156 0.0018179 0.0018174 0.0018162 0.0018167 0.0018251 0.00183 0.0018331 0.0018358 0.001835 0.0018336 0.0018335 0.0018288 0.001829 0.001829 0.0018331 0.0018336 0.0018155 0.0018169 0.0018197 0.0018246 0.00182 0.0018229 0.0018154 0.0018157 0.0018165 0.0018174 0.0018306 0.0018389 0.0018532 0.0018698 0.0018798 0.0018898 0.0019143 0.0019341 0.001946 0.0019721 0.0019888 0.0020137 0.0020243 0.0020419 0.0020569 0.0020596 0.0020639 0.0020671 0.0020605 0.0020455 0.0020415 0.0020244 0.002016 0.0020071 0.0019999 0.0019834 0.0019961 0.0019906 0.0019703 0.0019508 0.0019512 0.0019346 0.0019194 0.0019116 0.0018916 0.0018838 0.0018662 0.0018605 0.0018444 0.0018307 0.0018232 0.0018228 0.0018208 0.0018337 0.0018284 0.0018788 0.0018825 0.0018907 0.0019081 0.0019115 0.0019204 0.0019226
0.0019246 0.0019216 0.0019233 0.0019177 0.0018894 0.0019188 0.0019195 0.001901 0.0019179 0.0019167 0.0019142 0.0019147 0.0019096 0.0019091 0.0019064 0.001903 0.0019024 0.001905 0.0018894 0.0018537 0.0018243 0.0018279 0.0018214 0.0018323 0.0018328 0.0018353 0.0018318 0.0018222 0.0017762 0.0016614 0.0015391 0.0014344 0.0013699 0.0013612 0.0013312 0.0013527 0.0014634 0.0014843 0.0015254 0.0016411 0.0017634 0.0018131 0.0018198 0.0018178 0.001804 0.0018088 0.0017984 0.0017361 0.0018099 0.001813 0.0018117 0.0018027 0.0017766 0.0017543 0.0017819 0.0018226 0.0018358 0.0018339 0.0018313 0.0018317 0.0018222 0.001821 0.0018198 0.0018203 0.0018641 0.001879 0.0018832 0.0018873 0.0019004 0.0019115 0.0019257 0.0019382 0.0019406 0.0019596 0.0019702 0.0019768 0.0019817 0.0019865 0.0019869 0.0019971 0.0019687 0.0019685 0.0019636 0.0019579 0.0019434 0.0019034 0.0019158 0.0018958 0.0018652 0.0018606 0.0018472 0.0018245 0.0018239 0.0018213 0.0018195 0.0018156 0.0018156 0.0018159 0.0018189 0.0018158 0.001817 0.0018634 0.0018169 0.0018181 0.0018224 0.0018203 0.0018233 0.0018247 0.0018287 0.0018281 0.0018341 0.001835 0.0018221 0.001832 0.0018328 0.0018356 0.0018352 0.0018354 0.0018155 0.0018154 0.0018154 0.0018154 0.0018154 0.0018166 0.0018171 0.0018189 0.0018221 0.001831 0.0018368 0.0018515 0.0018645 0.0018801 0.0018851 0.0019083 0.0019235 0.0019459 0.0019618 0.0019767 0.002005 0.0020111 0.0020519 0.0020677 0.0020733 0.0020736 0.0020733 0.002076 0.0020654 0.0020624 0.002051 0.0020588 0.0020357 0.0020304 0.0020138 0.0020101 0.0020037 0.0019981 0.0019885 0.0019619 0.0019357 0.0019409 0.0019238 0.001914 0.0018989 0.0018836 0.0018666 0.0018656 0.0018538 0.0018448 0.0018399 0.0018338 0.0018295 0.0018183 0.0018209 0.0018832 0.0018878 0.0018908 0.0019075 0.001919 0.0019242 0.0019206
0.0019235 0.0019251 0.0019275 0.0019256 0.0019228 0.0019207 0.0019171 0.0019197 0.0019172 0.0019157 0.0019155 0.0019162 0.0019119 0.0019143 0.0019055 0.0019075 0.0019017 0.0018836 0.0018745 0.0018526 0.0018246 0.0018157 0.0018178 0.0018228 0.0018304 0.0018351 0.0018356 0.0018249 0.0017701 0.0016401 0.0015024 0.0014194 0.0013904 0.0013831 0.001318 0.0013519 0.0014469 0.0014996 0.001555 0.0016728 0.001777 0.0018171 0.0018208 0.0018189 0.0017822 0.0018131 0.001803 0.0017785 0.0017995 0.0017924 0.0017932 0.0017825 0.0017816 0.0017916 0.0018064 0.0018169 0.0018339 0.0018343 0.0018339 0.0018347 0.0018285 0.0018205 0.00182 0.0018172 0.0018518 0.0018859 0.0018922 0.0018863 0.0019059 0.0019196 0.00193 0.0019479 0.0019576 0.0019697 0.0019835 0.0019942 0.0019994 0.0020026 0.0020033 0.002001 0.0019969 0.0019933 0.0019832 0.0020018 0.0019976 0.0019571 0.0019343 0.0019271 0.0019015 0.0019043 0.0018606 0.0018945 0.001868 0.0018465 0.0018515 0.0018242 0.0018176 0.0018347 0.0018154 0.0018207 0.0018745 0.0018749 0.0018691 0.0018155 0.0018182 0.001825 0.0018282 0.0018192 0.0018183 0.0018224 0.001828 0.001823 0.0018237 0.0018154 0.0018308 0.0018249 0.0018163 0.0018297 0.0018158 0.0018154 0.0018156 0.0018155 0.001821 0.0018228 0.001828 0.0018242 0.001833 0.0018352 0.0018512 0.001868 0.0018759 0.0018815 0.0018959 0.0019117 0.0019403 0.0019584 0.0019797 0.0019909 0.0020269 0.0020429 0.0020548 0.0020767 0.0020797 0.0020787 0.0020773 0.0020722 0.0020751 0.0020706 0.0020656 0.0020535 0.002045 0.0020477 0.002045 0.0020307 0.0020169 0.0020026 0.0019901 0.0019806 0.0019637 0.0019477 0.0019293 0.0019109 0.0019007 0.0018873 0.0018706 0.0018705 0.0018648 0.0018572 0.0018562 0.0018432 0.0018156 0.001821 0.0018157 0.0018721 0.0018863 0.0018988 0.0019027 0.0019177 0.0019181 0.0019258
0.0019235 0.0019292 0.0019294 0.0019261 0.0019236 0.0019227 0.0019205 0.0019187 0.0019178 0.0019187 0.0019161 0.0019217 0.0019172 0.0019178 0.0019085 0.0019054 0.0018953 0.0018825 0.0018596 0.0018335 0.00182 0.0018156 0.0018167 0.0018209 0.0018266 0.0018314 0.0018355 0.0018345 0.0018087 0.0017273 0.0016019 0.0014979 0.0014494 0.0014341 0.0014238 0.0014366 0.0014915 0.0015285 0.0016999 0.0017938 0.0018254 0.0018307 0.0018258 0.0018241 0.001825 0.0017998 0.0018151 0.0017702 0.0017956 0.0017975 0.0017904 0.0017999 0.0017531 0.0017942 0.0018254 0.0018202 0.0018275 0.0018358 0.0018332 0.0018257 0.0018265 0.0018251 0.0018198 0.0018175 0.0018507 0.0018905 0.001905 0.00191 0.0019187 0.0019307 0.0019508 0.0019616 0.0019826 0.00199 0.0020293 0.0020026 0.0020141 0.002007 0.0020159 0.0020163 0.0020112 0.0020089 0.0019927 0.0019953 0.0020002 0.0019717 0.0019629 0.0019358 0.0019283 0.0019312 0.0019177 0.0019086 0.0019066 0.0018918 0.0018711 0.0018423 0.0018321 0.0018246 0.0018545 0.0018656 0.0018825 0.0018728 0.0018303 0.0018635 0.0018298 0.0018599 0.0018452 0.0018578 0.0018249 0.0018271 0.001831 0.0018166 0.0018273 0.0018329 0.001819 0.0018205 0.0018167 0.0018155 0.0018158 0.0018183 0.0018195 0.0018198 0.0018381 0.0018558 0.0018355 0.0018351 0.0018384 0.0018572 0.0018703 0.0018762 0.0018719 0.0018946 0.0018975 0.0019195 0.0019429 0.0019713 0.0019893 0.0019945 0.0020256 0.0020481 0.0020662 0.0020764 0.0020714 0.002055 0.0020785 0.0020714 0.0020665 0.0020563 0.0020738 0.0020411 0.0020457 0.0020421 0.0020331 0.0020275 0.0020282 0.0020118 0.0019964 0.0019897 0.0019557 0.0019474 0.0019281 0.0019103 0.001891 0.0018852 0.001878 0.0018722 0.0018633 0.0018668 0.001865 0.001849 0.00183 0.0018202 0.0018158 0.0018658 0.001896 0.0018969 0.0019136 0.001917 0.0019236 0.00193
0.0019339 0.0019337 0.0019291 0.0019294 0.0019281 0.0019254 0.0019232 0.0019193 0.0019177 0.0019212 0.0019208 0.0019159 0.0019149 0.0019109 0.0019087 0.0018978 0.0018836 0.0018667 0.0018458 0.0018297 0.0018185 0.0018155 0.0018163 0.0018187 0.0018213 0.0018251 0.00183 0.0018347 0.0018333 0.0018046 0.0017634 0.0017238 0.0017096 0.0015614 0.0014955 0.0014786 0.0015415 0.0016786 0.0017669 0.0018172 0.0018312 0.0018342 0.0018341 0.0018352 0.0018358 0.0018352 0.0018346 0.0018357 0.0018162 0.001788 0.0017535 0.0017884 0.0018252 0.0018228 0.0018232 0.001832 0.001833 0.0018353 0.0018332 0.0018238 0.00182 0.0018156 0.0018163 0.0018262 0.0018535 0.0018975 0.0019035 0.0019214 0.0019339 0.0019485 0.0019579 0.0019829 0.0019932 0.0020062 0.0020053 0.0020253 0.0020242 0.0020251 0.0020369 0.0020368 0.002018 0.0020236 0.0020164 0.0020119 0.0020023 0.0019937 0.0019691 0.001976 0.0019634 0.0019402 0.0019358 0.0019458 0.0019205 0.001908 0.0019044 0.0018964 0.0018648 0.0018496 0.00188 0.0018777 0.0018467 0.0018303 0.0018211 0.001868 0.0018324 0.0018606 0.0018646 0.0018664 0.0018261 0.0018158 0.001819 0.0018194 0.0018156 0.0018155 0.0018208 0.0018161 0.0018155 0.0018193 0.0018208 0.0018245 0.0018229 0.0018333 0.0018398 0.001851 0.0018512 0.0018576 0.0018604 0.0018625 0.0018756 0.0018818 0.0018904 0.001893 0.0019163 0.001928 0.0019626 0.0019814 0.0020006 0.0020209 0.0020302 0.0020488 0.0020634 0.0020783 0.0020777 0.0020789 0.0020757 0.002063 0.0020679 0.0020693 0.0020651 0.0020617 0.0020489 0.0020557 0.0020479 0.0020204 0.0020291 0.0020235 0.0020058 0.0019823 0.0019481 0.0019346 0.0019247 0.001901 0.0018886 0.0018832 0.0018813 0.0018775 0.0018763 0.0018754 0.0018741 0.0018675 0.0018574 0.0018364 0.0018167 0.0018772 0.0018788 0.0018863 0.0019056 0.0019254 0.001926 0.0019332
0.0019337 0.0019324 0.0019321 0.0019264 0.0019256 0.0019251 0.001922 0.0019231 0.0019165 0.0019251 0.0019222 0.0019179 0.0019173 0.0019093 0.0018977 0.0018931 0.001872 0.0018584 0.0018423 0.0018289 0.0018184 0.0018161 0.0018154 0.0018159 0.0018174 0.0018197 0.0018237 0.0018263 0.0018312 0.0018354 0.0018349 0.0018331 0.0018333 0.0018325 0.0017879 0.001772 0.0018127 0.0018257 0.0018281 0.0018296 0.0018335 0.0018348 0.0018345 0.0018352 0.0018357 0.0018343 0.0018342 0.0018348 0.001816 0.0017913 0.0018197 0.001833 0.0018326 0.0018358 0.0018355 0.0018259 0.001832 0.0018156 0.0018324 0.0018254 0.0018182 0.0018156 0.0018261 0.0018556 0.001886 0.0019067 0.0019195 0.0019287 0.0019543 0.0019608 0.0019818 0.0019954 0.0020024 0.0020139 0.0020191 0.0020163 0.0020058 0.0019882 0.0020372 0.0020387 0.0020324 0.0020386 0.002027 0.002024 0.0020125 0.0020066 0.002003 0.0019953 0.001983 0.001971 0.0019592 0.0019541 0.0019487 0.0019392 0.0019151 0.0019191 0.0019022 0.0018919 0.0018921 0.0018953 0.0018848 0.0018771 0.0018958 0.0018729 0.0018505 0.0018688 0.0018411 0.0018444 0.0018611 0.0018315 0.0018192 0.001828 0.001829 0.0018364 0.0018386 0.0018154 0.0018212 0.0018255 0.0018295 0.0018392 0.00184 0.001846 0.0018588 0.0018504 0.0018657 0.001867 0.0018679 0.0018712 0.0018812 0.0018861 0.0019031 0.0019092 0.0019259 0.0019404 0.0020069 0.0020119 0.0020025 0.0020155 0.0020322 0.0020461 0.0020615 0.0020763 0.0020766 0.0020709 0.0020721 0.0020681 0.0020643 0.0020638 0.0020518 0.002065 0.0020597 0.0020554 0.0020402 0.0020387 0.0020377 0.0020158 0.0019946 0.0019721 0.0019558 0.001884 0.0018975 0.001916 0.0018981 0.001895 0.0018898 0.0018855 0.001886 0.0018801 0.0018816 0.0018789 0.0018749 0.001862 0.0018676 0.0018737 0.0018819 0.001901 0.0019056 0.0019198 0.0019251 0.0019341
0.0019354 0.0019327 0.0019321 0.0019271 0.0019305 0.0019295 0.0019271 0.0019265 0.0019225 0.0019224 0.0019245 0.0019171 0.0019149 0.0019029 0.0018915 0.0018802 0.0018639 0.0018539 0.0018422 0.0018302 0.001822 0.001819 0.0018164 0.0018154 0.0018162 0.0018176 0.0018188 0.0018208 0.0018224 0.001825 0.0018275 0.0018299 0.0018317 0.0018331 0.0018347 0.0018342 0.0018337 0.0018341 0.0018358 0.0018351 0.0018349 0.0018357 0.0018357 0.0018331 0.0018352 0.0018357 0.0018356 0.0018356 0.0018267 0.0018236 0.0018161 0.001824 0.0018324 0.0018167 0.001816 0.0018251 0.0018238 0.0018233 0.0018156 0.0018218 0.0018155 0.0018233 0.0018519 0.0018803 0.0018892 0.0019206 0.0019381 0.0019562 0.0019606 0.0019871 0.0019895 0.0020014 0.0020143 0.0020176 0.0020218 0.0020239 0.0020301 0.0020416 0.002048 0.0020466 0.0020473 0.0020388 0.0020371 0.0020309 0.0020274 0.0020185 0.0020169 0.0019992 0.0019936 0.0019868 0.0019782 0.0019657 0.001948 0.001939 0.0019302 0.0019311 0.0019169 0.0019194 0.0019184 0.0019122 0.0018888 0.0019021 0.0018751 0.0018815 0.0021445 0.0019152 0.0018489 0.0018745 0.0018652 0.0018443 0.0018363 0.0018437 0.0018391 0.0018366 0.0018269 0.0018453 0.0018412 0.0018461 0.0018515 0.0018481 0.0018497 0.0018546 0.0018647 0.0018637 0.0018636 0.0018703 0.0018679 0.0018764 0.0018827 0.0018931 0.0019084 0.0019218 0.0019376 0.001956 0.0019952 0.0020062 0.0020001 0.0020209 0.002022 0.0020433 0.0020546 0.0020634 0.0020707 0.0020703 0.0020652 0.0020669 0.0020637 0.002063 0.0020557 0.002042 0.0020606 0.0020472 0.0020325 0.0020226 0.0020222 0.0019971 0.0019842 0.0019628 0.0019548 0.0018883 0.0018772 0.0019204 0.0019058 0.0019018 0.0019004 0.0018958 0.0018971 0.001893 0.0018851 0.0018895 0.0018831 0.0018848 0.0018485 0.0018659 0.0019083 0.0019049 0.0019047 0.0019265 0.0019403 0.0019293
0.0019351 0.0019356 0.0019312 0.0019316 0.0019329 0.0019338 0.0019246 0.0019228 0.0019253 0.0019233 0.0019186 0.0019105 0.001904 0.0018961 0.0018853 0.0018729 0.0018593 0.0018462 0.001838 0.0018299 0.0018193 0.0018202 0.0018173 0.0018155 0.0018154 0.0018158 0.0018167 0.0018178 0.0018192 0.0018203 0.0018223 0.0018246 0.0018273 0.0018286 0.0018285 0.001828 0.0018304 0.0018315 0.0018344 0.0018357 0.0018358 0.0018358 0.0018357 0.0018354 0.0018358 0.0018343 0.0018299 0.0018225 0.0018155 0.0018184 0.0018245 0.0018324 0.0018446 0.001852 0.0018537 0.0018258 0.0018181 0.0018206 0.0018166 0.0018206 0.0018318 0.0018575 0.0018792 0.0019147 0.0019174 0.0019345 0.0019487 0.0019678 0.0019834 0.0019942 0.0020107 0.0020231 0.002031 0.002032 0.0020392 0.002043 0.0020451 0.0020338 0.0020686 0.0020775 0.0020492 0.0020468 0.0020521 0.0020176 0.0020376 0.0020279 0.0020121 0.0020073 0.0020125 0.0019982 0.0019937 0.0019834 0.0019706 0.0019594 0.0019502 0.001943 0.0019343 0.0019152 0.0019322 0.0019183 0.0019163 0.0019145 0.0018761 0.002061 0.0021484 0.0018987 0.0018332 0.0018743 0.0018689 0.0018582 0.0018582 0.001856 0.0018551 0.0018581 0.0018661 0.0018558 0.0018592 0.0018572 0.0018633 0.0018653 0.0018634 0.0018683 0.0018646 0.001866 0.0018706 0.0018716 0.0018686 0.0018786 0.0018849 0.0018929 0.0019034 0.0019211 0.0019407 0.001956 0.0019764 0.0019796 0.0020047 0.0020132 0.0020313 0.0020408 0.0020503 0.0020577 0.0020698 0.0020664 0.0020692 0.0020673 0.0020573 0.0020644 0.0020613 0.002053 0.0020489 0.0020351 0.0020335 0.00201 0.0019842 0.0019898 0.0019771 0.0019624 0.0019524 0.0019441 0.0019314 0.0019246 0.0019176 0.0019088 0.0019062 0.0019066 0.0018994 0.0019018 0.001895 0.0018929 0.0018904 0.0018928 0.0018844 0.0019044 0.001906 0.0018979 0.0019079 0.001927 0.0019397 0.0019391
0.0019337 0.0019311 0.0019368 0.0019373 0.0019357 0.0019332 0.0019291 0.0019241 0.001921 0.0019118 0.0019146 0.0019091 0.0018983 0.0018893 0.0018773 0.0018613 0.0018427 0.0018442 0.0018401 0.0018323 0.0018271 0.0018237 0.0018194 0.0018174 0.0018159 0.0018154 0.0018155 0.0018162 0.0018168 0.0018182 0.0018195 0.0018202 0.0018222 0.0018231 0.0018227 0.0018232 0.0018236 0.0018265 0.0018306 0.0018332 0.0018345 0.0018347 0.001834 0.0018329 0.0018295 0.001824 0.0018203 0.0018162 0.0018159 0.001822 0.0018324 0.001841 0.0018487 0.0018572 0.0018638 0.0018704 0.0018209 0.0018292 0.0018165 0.001855 0.001901 0.0019133 0.0019254 0.0019324 0.0019436 0.001958 0.0019803 0.0019919 0.0020039 0.0020109 0.0020319 0.0020391 0.0020421 0.0020462 0.0020532 0.0020604 0.0020614 0.0020567 0.0020664 0.0020609 0.0020517 0.0020591 0.0020518 0.0020566 0.0020446 0.0020594 0.0020502 0.0020267 0.0020224 0.002004 0.0020051 0.0019953 0.0019814 0.0019754 0.0019599 0.0019492 0.0019521 0.0019741 0.0019366 0.0019337 0.0019166 0.0019163 0.001904 0.0018924 0.0018657 0.0018674 0.0018653 0.0018847 0.0018741 0.0018791 0.0018725 0.0018725 0.0018661 0.001872 0.001871 0.0018687 0.0018751 0.0018808 0.001872 0.0018784 0.0018731 0.0018704 0.0018634 0.0018679 0.0018712 0.0018676 0.0018673 0.0018779 0.0018834 0.0018891 0.0019067 0.0019226 0.0019365 0.0019505 0.0019496 0.0019706 0.0019844 0.0020028 0.0020064 0.0020173 0.002021 0.0020329 0.0020347 0.0020468 0.0020506 0.0020522 0.0020446 0.002046 0.0020308 0.0020313 0.0020324 0.0020306 0.0020088 0.0019908 0.0019829 0.0019694 0.0019747 0.0019611 0.0019528 0.0019431 0.0019347 0.0019255 0.0019195 0.0019158 0.001913 0.0019089 0.0019111 0.0019082 0.0018875 0.001895 0.0018904 0.0019 0.0018977 0.0018978 0.0019027 0.0019164 0.0019299 0.0019307 0.0019386 0.0019405
0.0019446 0.0019423 0.0019355 0.0019274 0.0019304 0.0019179 0.0019216 0.0019239 0.0019191 0.0019148 0.0019126 0.0019029 0.0018979 0.0018864 0.0018823 0.0018636 0.0020045 0.0018374 0.001843 0.0018386 0.0018333 0.0018276 0.0018243 0.0018225 0.0018185 0.0018165 0.0018157 0.0018154 0.0018158 0.0018163 0.001817 0.0018172 0.0018181 0.0018178 0.0018184 0.001818 0.0018195 0.0018207 0.0018224 0.0018252 0.0018283 0.0018284 0.0018301 0.0018289 0.0018258 0.0018204 0.0018162 0.0018265 0.0018281 0.0018407 0.0018468 0.0018491 0.0018683 0.0018619 0.0018716 0.0018835 0.0018937 0.0018987 0.0019176 0.0019292 0.0019395 0.0019494 0.0019685 0.0019764 0.0019896 0.0020014 0.0020058 0.0020171 0.0020235 0.0020336 0.0020473 0.0020534 0.0020559 0.0020639 0.0020685 0.0020628 0.0020666 0.0020673 0.0020724 0.0020824 0.0020582 0.0020615 0.0020657 0.002058 0.0020691 0.0020532 0.0020366 0.0020344 0.0020193 0.0020195 0.0020128 0.0020083 0.0019959 0.0019841 0.0019645 0.0019618 0.0019597 0.0019571 0.001949 0.0019394 0.0019336 0.0019261 0.001914 0.001914 0.0019095 0.001898 0.001891 0.0018915 0.0018921 0.001886 0.001886 0.001886 0.0018809 0.0018879 0.0018815 0.001889 0.0018969 0.001894 0.001893 0.0018892 0.0018783 0.0018756 0.001871 0.001869 0.0018643 0.001866 0.001878 0.0018853 0.001886 0.0018909 0.0019045 0.001919 0.0019297 0.0019327 0.0019468 0.0019624 0.0019738 0.0019852 0.0019869 0.0019943 0.0020006 0.0020084 0.0020113 0.0020213 0.002025 0.0020189 0.0020214 0.0020216 0.0019961 0.0019991 0.002009 0.0019961 0.0019934 0.0019776 0.0019687 0.0019759 0.0019539 0.0019628 0.0019567 0.0019351 0.0019278 0.0019257 0.0019224 0.0019229 0.0019137 0.0019146 0.0019101 0.0019023 0.0018986 0.0019038 0.0019052 0.0018909 0.0018955 0.0018947 0.0019097 0.0019211 0.0019309 0.0019399 0.0019462 0.0019496
0.0019446 0.0019442 0.0019405 0.001936 0.0019387 0.0019288 0.0019216 0.0019182 0.0019171 0.0019178 0.0019069 0.0018994 0.0018995 0.0018881 0.0018807 0.0018768 0.0018485 0.0018524 0.001845 0.0018442 0.0018393 0.0018355 0.0018303 0.0018263 0.0018237 0.0018208 0.0018179 0.0018163 0.0018163 0.0018155 0.0018154 0.0018154 0.0018155 0.0018155 0.0018156 0.0018156 0.0018157 0.0018161 0.0018166 0.0018192 0.0018203 0.001822 0.0018227 0.0018222 0.0018196 0.001816 0.001816 0.00182 0.0018333 0.0018412 0.0018493 0.0018551 0.0018612 0.0018703 0.0018823 0.0018947 0.0019076 0.0019235 0.001938 0.001951 0.0019768 0.0019852 0.0019929 0.0019992 0.0020097 0.0020136 0.002024 0.0020331 0.0020391 0.0020518 0.0020538 0.0021088 0.0020724 0.002073 0.0020748 0.0020806 0.0020789 0.0020732 0.0020749 0.0020728 0.0020696 0.0020837 0.0020601 0.0020625 0.0020005 0.0021499 0.0020429 0.0020357 0.0020323 0.0020217 0.002023 0.0020065 0.0019987 0.0019919 0.0019871 0.0019732 0.001972 0.0019604 0.0019541 0.0019375 0.001938 0.0019329 0.0019191 0.0019075 0.0019024 0.0019035 0.001902 0.0018941 0.0019046 0.0018989 0.0018951 0.001901 0.0019075 0.001906 0.0019057 0.0019089 0.0019136 0.0019078 0.001901 0.0018878 0.0018827 0.0018839 0.0018802 0.0018746 0.0018746 0.0018769 0.0018736 0.0018802 0.0018868 0.0018901 0.0019036 0.0019086 0.0019217 0.001922 0.0019292 0.0019405 0.0019583 0.0019647 0.001969 0.0019641 0.0019821 0.0019767 0.0019897 0.0020008 0.0020017 0.0019967 0.0019937 0.0019969 0.0019929 0.0019837 0.0019903 0.001984 0.0019858 0.0019836 0.0019678 0.0019725 0.0019606 0.0019644 0.0019589 0.001944 0.0019354 0.0019369 0.0019264 0.0019228 0.0019196 0.0019124 0.0019119 0.0019077 0.0018971 0.0019058 0.0019041 0.0018985 0.0019153 0.0019077 0.0019093 0.0019222 0.0019355 0.0019352 0.0019406 0.0019428
0.0019394 0.0019425 0.0019407 0.0019291 0.001937 0.0019348 0.0019155 0.0019269 0.0019262 0.0019262 0.0019194 0.0019122 0.0019037 0.0018978 0.0018872 0.0018752 0.0018773 0.0018675 0.0018615 0.0018555 0.0018501 0.0018442 0.0018372 0.0018326 0.0018323 0.0018302 0.0018283 0.0018249 0.0018229 0.0018209 0.0018199 0.0018179 0.0018172 0.0018176 0.0018192 0.0018175 0.0018174 0.0018175 0.0018159 0.0018154 0.0018156 0.0018158 0.0018158 0.0018154 0.001816 0.0018202 0.0018254 0.0018325 0.0018431 0.0018506 0.0018574 0.0018697 0.0018749 0.0018844 0.0018976 0.0019075 0.0019223 0.0019376 0.0019529 0.0019748 0.0020008 0.001987 0.0020196 0.0020262 0.0020285 0.0020354 0.0020462 0.002053 0.0020565 0.002056 0.0020684 0.0020672 0.0020723 0.0020815 0.0020834 0.0020841 0.0020783 0.0020881 0.0020934 0.0020886 0.0020769 0.0020739 0.0020752 0.0020668 0.0020634 0.0020603 0.0020552 0.0020515 0.0020428 0.0020254 0.0020127 0.0020168 0.0020021 0.0020011 0.0019767 0.0019834 0.0019802 0.0019711 0.001954 0.0019495 0.0019405 0.0019368 0.001934 0.0019286 0.0019283 0.0019231 0.0019093 0.0019097 0.001912 0.0019153 0.001922 0.0019243 0.0019234 0.0019236 0.001915 0.0019217 0.0019208 0.0019209 0.0019052 0.0018991 0.0018963 0.0018915 0.0018812 0.0018831 0.0018771 0.0018782 0.0018748 0.0018804 0.001886 0.0018881 0.0018977 0.0018963 0.0019138 0.0019277 0.0019233 0.0019125 0.0019337 0.0019395 0.001937 0.0019533 0.0019634 0.0019481 0.0019634 0.0019732 0.0019716 0.0019642 0.0019714 0.0019695 0.0019703 0.0019702 0.0019691 0.0019728 0.0019711 0.0019645 0.0019635 0.001968 0.0019644 0.0019543 0.0019541 0.001945 0.0019484 0.0019368 0.0019324 0.0019244 0.0019201 0.0019142 0.0019006 0.001902 0.0018994 0.0019049 0.0019087 0.0019101 0.0019156 0.0019147 0.0019188 0.0019233 0.0019317 0.001942 0.0019284 0.0019375
0.0019373 0.0019383 0.0019371 0.0019385 0.0019363 0.0019411 0.001932 0.0019268 0.0019309 0.0019193 0.0019144 0.0019154 0.0019095 0.0019011 0.0018931 0.0018877 0.0018813 0.0018759 0.0018708 0.0018631 0.0018566 0.0018548 0.0018506 0.0018471 0.0018427 0.0018413 0.0018376 0.0018353 0.0018333 0.001833 0.0018325 0.0018304 0.0018317 0.0018318 0.0018301 0.0018286 0.0018277 0.0018286 0.0018268 0.001841 0.0018246 0.0018241 0.0018243 0.0018259 0.0018276 0.0018312 0.0018355 0.0018429 0.0018547 0.0018632 0.0018672 0.0018853 0.001898 0.0019082 0.0019187 0.0019337 0.0019467 0.0019602 0.0019742 0.0019849 0.0020058 0.0020256 0.002034 0.002041 0.0020513 0.0021017 0.0020425 0.0020677 0.0020713 0.0020723 0.0020831 0.0020691 0.0020795 0.0020955 0.0021023 0.0020988 0.0020945 0.0020967 0.0020851 0.0020894 0.0020825 0.0020826 0.0020765 0.0020784 0.0020691 0.0020651 0.0020546 0.0020483 0.002038 0.0020294 0.002019 0.0020137 0.00201 0.0019992 0.0019983 0.0019967 0.0019786 0.0019699 0.0019675 0.0019555 0.0019518 0.0019453 0.0019361 0.0019349 0.0019324 0.0019345 0.0019217 0.0019287 0.001927 0.0019333 0.0019313 0.001933 0.0019355 0.0019344 0.0019255 0.0019318 0.0019255 0.0019248 0.0019202 0.0019045 0.0019108 0.0019078 0.001879 0.0018898 0.0018865 0.0018827 0.001877 0.0018743 0.0018784 0.001886 0.0018863 0.0018902 0.0018959 0.0018644 0.0018973 0.0019138 0.0019171 0.0019144 0.0019287 0.0019361 0.0019413 0.0019246 0.0019471 0.0019514 0.0019519 0.0019391 0.001948 0.0019461 0.0019523 0.0019563 0.0019519 0.0019572 0.001952 0.0019468 0.0019539 0.0019552 0.0019492 0.0019468 0.0019482 0.0019414 0.0019369 0.0019396 0.0019315 0.0019288 0.001925 0.0019074 0.0019169 0.0019136 0.0019051 0.0019103 0.0019068 0.0019145 0.0019182 0.0019166 0.0019254 0.0019266 0.0019232 0.0019347 0.0019329 0.0019265
0.0019461 0.0019342 0.0019339 0.0020147 0.0019372 0.0019411 0.0019414 0.0019388 0.0019356 0.0019331 0.0019284 0.0019185 0.0019173 0.0019085 0.0019054 0.0019025 0.0018958 0.0018917 0.0018806 0.0018703 0.001856 0.0018685 0.0018647 0.0018612 0.0018586 0.0018572 0.001853 0.0018538 0.0018535 0.00185 0.0018491 0.0018464 0.0018454 0.0018432 0.0018409 0.0018392 0.0018383 0.0018396 0.001839 0.0018382 0.0018374 0.0018396 0.0018399 0.0018429 0.0018478 0.0018513 0.0018573 0.0018607 0.0018722 0.0018819 0.0018975 0.0019084 0.0019213 0.0019363 0.0019537 0.0019623 0.0019738 0.0019862 0.0020019 0.0020064 0.0020193 0.0020351 0.0020496 0.0020626 0.0020621 0.0020654 0.0020825 0.0020798 0.0020781 0.0020774 0.0020857 0.0020801 0.0020889 0.0020883 0.002092 0.0020986 0.0020931 0.0020845 0.0020829 0.0020873 0.0020843 0.0020826 0.0020714 0.0020644 0.0020594 0.0020325 0.0020385 0.0020333 0.0020313 0.0020265 0.0020232 0.0020129 0.0020007 0.0019957 0.0020006 0.0019728 0.0019688 0.0019706 0.0019657 0.0019587 0.0019568 0.0019496 0.0019431 0.001943 0.001944 0.001941 0.0019397 0.0019406 0.0019392 0.0019363 0.0019418 0.001939 0.0019445 0.0019386 0.0019361 0.0019331 0.0019315 0.0019234 0.0019301 0.0019225 0.0019151 0.001912 0.0019108 0.0019021 0.0018965 0.0018921 0.0018845 0.001882 0.0018798 0.0018798 0.0018808 0.001886 0.0018904 0.0018909 0.0018968 0.0019054 0.0019097 0.0019093 0.0019179 0.0019054 0.0019251 0.0019094 0.001927 0.0019338 0.0019234 0.0019359 0.0019347 0.0019355 0.0019393 0.0019398 0.0019369 0.0019383 0.001947 0.0019469 0.0019463 0.0019426 0.0019436 0.0019387 0.0019426 0.0019438 0.00194 0.001935 0.0019376 0.0019341 0.0019217 0.0019267 0.0019265 0.0019276 0.0019091 0.0019154 0.0019172 0.00192 0.0019123 0.0019246 0.001932 0.0019355 0.0019326 0.0019371 0.001939 0.0019407
0.0019439 0.0019559 0.0019453 0.001954 0.0019527 0.0019485 0.0019457 0.0019481 0.0019269 0.0019357 0.0019306 0.0019305 0.0019313 0.0019281 0.0019425 0.0019132 0.0019099 0.0019052 0.001895 0.0019007 0.0018961 0.0018876 0.0018854 0.0018831 0.00188 0.0018782 0.0018696 0.0018729 0.001871 0.0018692 0.0018657 0.0018625 0.0018615 0.001859 0.0018556 0.001852 0.0018518 0.0018524 0.0018498 0.0018492 0.0018494 0.0018529 0.0018569 0.0018614 0.0018679 0.0018741 0.0018793 0.001888 0.0018945 0.0019047 0.0019149 0.0019176 0.0019403 0.0019614 0.0019771 0.0019945 0.0020103 0.002029 0.0020359 0.0020404 0.0020441 0.0020584 0.0020648 0.0020625 0.0020763 0.0020802 0.002082 0.0020724 0.0020785 0.0020849 0.0020731 0.0020758 0.0020866 0.0020878 0.0020877 0.0020903 0.0020899 0.0020824 0.0020834 0.0020807 0.0020825 0.0020731 0.0020666 0.0020339 0.0021678 0.0023293 0.0019679 0.0020196 0.0020291 0.0020185 0.0020221 0.0020058 0.0020079 0.0019911 0.0019895 0.0019817 0.0019735 0.0019708 0.0019699 0.0019655 0.0019575 0.001957 0.0019524 0.0019409 0.00195 0.0019393 0.0019377 0.0019418 0.0019408 0.0019386 0.0019444 0.0019444 0.0019483 0.0019408 0.0019285 0.0019304 0.0019411 0.0019299 0.001927 0.0019333 0.0019294 0.0019227 0.0019204 0.0019047 0.0019038 0.0018902 0.0018934 0.0018871 0.0018859 0.0018763 0.0018834 0.0018819 0.0018819 0.0018843 0.001891 0.0018889 0.0018955 0.0018979 0.0018927 0.0019022 0.0019092 0.0019075 0.0019144 0.0019162 0.0019097 0.0019219 0.0019207 0.0019237 0.0019216 0.0019239 0.0019287 0.0019301 0.0019306 0.0019342 0.0019191 0.0019364 0.0019339 0.0019417 0.0019395 0.001939 0.0019309 0.00193 0.0019401 0.0019386 0.0019296 0.0019396 0.0019386 0.0019224 0.0019327 0.0019246 0.0019355 0.0019339 0.0019306 0.0019318 0.0019325 0.0019394 0.0019292 0.001931 0.0019461 0.0019206
0.0019588 0.0019575 0.0019631 0.0019593 0.0019565 0.0019669 0.0019612 0.0019559 0.0019598 0.0019551 0.0019402 0.0019439 0.0019487 0.0019366 0.0019395 0.0019332 0.0019326 0.0019288 0.0019264 0.0019252 0.0019102 0.0019151 0.0019039 0.001899 0.0018987 0.0018888 0.0018977 0.0018951 0.0018885 0.0018862 0.0018846 0.0018777 0.0018795 0.0018729 0.0018928 0.0018662 0.0018661 0.0018654 0.0018634 0.0018651 0.0018672 0.0018706 0.0018784 0.0018811 0.0018864 0.0018947 0.0019043 0.0019164 0.001925 0.0019364 0.0019507 0.0019671 0.0019811 0.0019993 0.0020176 0.0020342 0.0020529 0.0020659 0.0020795 0.0020923 0.0020968 0.0020941 0.0020843 0.0020792 0.0020797 0.0020793 0.0020749 0.0020792 0.0020857 0.0020809 0.0020844 0.0020842 0.0020801 0.0020871 0.0020864 0.0020813 0.0020778 0.0020658 0.0020834 0.0020772 0.0020733 0.0020662 0.0020485 0.0020422 0.0020405 0.0020254 0.0020223 0.0020243 0.0020189 0.0020216 0.0020117 0.0020032 0.0020017 0.0019912 0.0019873 0.0019784 0.0019743 0.0019698 0.0019658 0.0019557 0.0019498 0.001955 0.0019511 0.0019405 0.001943 0.001943 0.001944 0.0019392 0.001935 0.0019258 0.0019306 0.0019434 0.0019484 0.0019424 0.0019388 0.0019399 0.0019295 0.0019361 0.0019343 0.0019328 0.0019289 0.0019191 0.001923 0.0019178 0.0019114 0.0019069 0.0019058 0.0018944 0.0018886 0.0018871 0.0018824 0.0018771 0.0018781 0.0018782 0.0018724 0.0018847 0.0018857 0.0018886 0.0018675 0.0018933 0.001898 0.0019043 0.0019059 0.0019014 0.0019045 0.0019057 0.0018926 0.0019135 0.0019125 0.0019159 0.0019136 0.0019246 0.0019226 0.001927 0.0019293 0.0019287 0.0019305 0.0019325 0.0019339 0.0019389 0.0019256 0.001928 0.0019287 0.0019352 0.0019337 0.0019337 0.0019435 0.0019434 0.001944 0.0019384 0.0019439 0.0019385 0.0019476 0.001946 0.0019354 0.00194 0.0019412 0.0019539 0.0019514 0.001956
0.0019495 0.0019684 0.0019693 0.0019645 0.0019675 0.0019689 0.0019659 0.0019698 0.0019571 0.0019734 0.001963 0.0019613 0.0019584 0.0019608 0.0019455 0.0019385 0.0019384 0.0019485 0.0019517 0.0019418 0.001943 0.0019416 0.0019381 0.0019349 0.0019238 0.0019218 0.0018936 0.0019174 0.0019165 0.0019025 0.001914 0.001898 0.001901 0.0018921 0.0018847 0.0018798 0.0018819 0.0018814 0.0018825 0.0018833 0.0018842 0.0018936 0.0018993 0.0019066 0.0019135 0.0019233 0.0019411 0.0019568 0.001974 0.0019869 0.0019956 0.0020049 0.0020108 0.0020237 0.002033 0.0020472 0.0020561 0.0020606 0.0020724 0.0020766 0.002077 0.0020793 0.0020774 0.0020758 0.0020711 0.002075 0.002077 0.0020781 0.0020724 0.0020793 0.0020804 0.0020767 0.0020847 0.0020819 0.0020678 0.0020758 0.0020738 0.002065 0.002066 0.0020612 0.0020534 0.0020489 0.002052 0.0020425 0.0020285 0.0020301 0.002015 0.0020102 0.0020071 0.0020019 0.0020019 0.0019944 0.001985 0.0019838 0.0019831 0.0019652 0.0019687 0.0019681 0.001963 0.0019601 0.0019577 0.0019566 0.001953 0.0019436 0.0019453 0.0019522 0.0019481 0.0019436 0.0019426 0.0019459 0.0019255 0.0019291 0.0019391 0.0019379 0.0019417 0.0019377 0.0019324 0.0019352 0.0019339 0.0019246 0.0019197 0.0019233 0.0019205 0.0019198 0.0019092 0.0019072 0.0019063 0.0019038 0.0019001 0.0018963 0.001892 0.0018849 0.0018841 0.0018792 0.0018747 0.0018705 0.0018749 0.0018829 0.0018883 0.001886 0.0018885 0.0018886 0.001892 0.0018918 0.0018928 0.0018935 0.0018966 0.0019009 0.0019009 0.0018996 0.0019065 0.0019021 0.0019081 0.0019152 0.0019213 0.0019253 0.0019222 0.0019277 0.0019423 0.001936 0.0019319 0.0019316 0.0019316 0.0019396 0.0019393 0.0019446 0.0019458 0.0019514 0.0019484 0.0019443 0.001943 0.0019514 0.0019544 0.001958 0.0019694 0.0019633 0.0019589 0.0019623 0.0019577 0.0019539
0.0019714 0.0019791 0.0019849 0.0019754 0.0019705 0.0019782 0.0020237 0.0019652 0.0019757 0.0019771 0.001964 0.0019696 0.0019723 0.0019667 0.0019765 0.0019786 0.0019769 0.0019694 0.0019833 0.0019589 0.0019493 0.0019621 0.0019615 0.0019557 0.0019474 0.0019432 0.0019359 0.0019281 0.0019328 0.0019206 0.0019241 0.0019266 0.0019282 0.0019142 0.0019238 0.0019247 0.0019142 0.0019144 0.0019164 0.0019183 0.0019134 0.001928 0.001933 0.0019377 0.0019482 0.0019546 0.0019654 0.001981 0.0019896 0.0020024 0.0020122 0.0020193 0.0020205 0.002018 0.0020268 0.0020298 0.0020333 0.0020382 0.0020439 0.0020439 0.0020404 0.0020479 0.0020485 0.0020528 0.002068 0.0020594 0.0020614 0.0020654 0.0020762 0.0020674 0.0020716 0.0020676 0.0020661 0.0020715 0.0020632 0.002056 0.0020568 0.0020602 0.002055 0.002047 0.0020412 0.0020397 0.0020348 0.0020268 0.0020188 0.0020161 0.0020105 0.0020087 0.0020034 0.0019922 0.0019815 0.0019742 0.0019787 0.0019803 0.0019706 0.0019695 0.0019644 0.0019624 0.0019597 0.0019548 0.0019481 0.0019435 0.0019406 0.0019382 0.0019441 0.0019463 0.0019444 0.0019389 0.0019408 0.001939 0.0019444 0.0019376 0.0019354 0.0019356 0.0019296 0.0019345 0.0019279 0.0019259 0.0019176 0.0019247 0.0019132 0.0019206 0.0019184 0.0019087 0.0019097 0.0019089 0.0019072 0.0019073 0.001903 0.0018975 0.0018943 0.0018955 0.0018913 0.0018891 0.0018827 0.0018839 0.0018796 0.0018771 0.0018746 0.0018725 0.0018685 0.0018676 0.0018706 0.0018738 0.0018776 0.0018815 0.0018874 0.0018893 0.0018969 0.0018951 0.0019019 0.0019011 0.0019006 0.0019036 0.0019116 0.0019091 0.0019209 0.0019273 0.0019318 0.0019347 0.001937 0.0019296 0.001941 0.0019428 0.0019446 0.0019511 0.0019487 0.0019523 0.0019401 0.0019558 0.0019552 0.0019528 0.0019458 0.0019585 0.0019615 0.0019655 0.0019749 0.0019604 0.0019695 0.001967
0.0019852 0.0019924 0.0019931 0.0019874 0.0019806 0.001996 0.0019984 0.0019932 0.0019927 0.0019984 0.0020057 0.0019948 0.001997 0.0019851 0.0020094 0.001992 0.0019889 0.0019856 0.0019787 0.0019783 0.0019828 0.0019571 0.0019584 0.0019661 0.0019566 0.001968 0.001957 0.0019959 0.0019745 0.0019648 0.0019722 0.0019569 0.0019504 0.0019453 0.0019367 0.0019441 0.0019364 0.0019401 0.0019434 0.0019526 0.0019575 0.0019635 0.0019675 0.001971 0.0019796 0.0019851 0.0019888 0.0019936 0.0019991 0.0020058 0.0020149 0.0020293 0.0020244 0.0020252 0.0020249 0.0020236 0.002019 0.0020182 0.0020127 0.0020192 0.0020236 0.0020282 0.0020324 0.0020315 0.0020363 0.0020442 0.0020478 0.0020437 0.0020432 0.0020471 0.002056 0.002062 0.0020606 0.0020491 0.0020558 0.002057 0.0020578 0.0020478 0.0020404 0.0020289 0.0020299 0.002024 0.002018 0.0020125 0.002015 0.002012 0.0020064 0.0020003 0.0019934 0.001993 0.0019846 0.0019669 0.0019673 0.0019674 0.0019658 0.0019536 0.0019555 0.0019545 0.0019503 0.0019524 0.0019474 0.0019469 0.0019428 0.0019308 0.0019393 0.0019401 0.0019337 0.0019309 0.0019303 0.0019256 0.0019311 0.001932 0.001936 0.0019344 0.00193 0.0019345 0.0019353 0.0019282 0.0019195 0.0019142 0.0019183 0.0019242 0.0019213 0.0019126 0.0019109 0.0019083 0.0019045 0.0019079 0.0018998 0.0018991 0.001896 0.001893 0.0018947 0.0018902 0.001892 0.0018889 0.0018858 0.0018824 0.0018811 0.0018821 0.0018842 0.001886 0.0018878 0.0018883 0.0018902 0.0018921 0.0018937 0.0018948 0.0018987 0.0019007 0.0018985 0.0019046 0.0019044 0.0019083 0.0019082 0.0019084 0.0019192 0.0019242 0.0019273 0.001925 0.0019369 0.0019364 0.001932 0.0019416 0.0019495 0.0019547 0.0019474 0.001955 0.001963 0.0019669 0.0019222 0.0020674 0.0019396 0.0018579 0.001963 0.0019703 0.0019839 0.0019805 0.0019647 0.0019765
0.0019853 0.0019974 0.0019904 0.0019959 0.0019963 0.0020094 0.0019922 0.0020024 0.0020048 0.0020037 0.0020095 0.0019998 0.0020019 0.0020129 0.0020019 0.0020084 0.0020075 0.0019868 0.0019965 0.0020014 0.0019947 0.0020059 0.002011 0.0020201 0.002002 0.0019823 0.0019861 0.0019866 0.0019608 0.0019697 0.0019724 0.0019664 0.0019808 0.001986 0.0019935 0.0019751 0.0019692 0.0019711 0.0019612 0.0019747 0.0019727 0.0019778 0.0019881 0.0019866 0.0019863 0.0019799 0.0019894 0.001995 0.0019991 0.0020104 0.0020163 0.0020181 0.0020178 0.0020193 0.0020203 0.0020338 0.0020176 0.0020163 0.0020193 0.0020215 0.0020299 0.0020353 0.0020393 0.0020395 0.0020394 0.002036 0.0020324 0.0020346 0.0020394 0.0020297 0.0020426 0.0020428 0.0020428 0.0020428 0.0020398 0.0020437 0.0020361 0.002035 0.0020237 0.002026 0.0020175 0.0020161 0.0020081 0.0020238 0.0020032 0.001995 0.001989 0.001983 0.0019815 0.0019816 0.0019743 0.0019716 0.0019674 0.0019614 0.0019616 0.0019585 0.001967 0.0019487 0.0019445 0.0019419 0.0019398 0.0019391 0.0019379 0.0019336 0.0019349 0.0019364 0.0019367 0.0019328 0.0019275 0.0019335 0.0019296 0.0019264 0.0019314 0.0019307 0.0019295 0.0019272 0.0019247 0.0019272 0.0019191 0.0019194 0.0019185 0.0019166 0.0019106 0.0019201 0.0019198 0.0019164 0.0019076 0.0019062 0.001906 0.0018994 0.0019057 0.0019028 0.0019036 0.0019006 0.0018941 0.0018962 0.0018935 0.0018934 0.0018923 0.0018922 0.0018908 0.0018959 0.0018966 0.0018872 0.0018928 0.0018964 0.0019002 0.0019015 0.0018976 0.0018982 0.0019011 0.0019056 0.0019077 0.0019094 0.0019126 0.001913 0.0019157 0.0019235 0.0019272 0.0019317 0.0019321 0.0019392 0.00194 0.0019474 0.0019502 0.0019492 0.0019502 0.001954 0.0019585 0.0019642 0.0019645 0.0019703 0.0019646 0.001989 0.0019908 0.0019938 0.0019946 0.0019941 0.0019892 0.0019809
0.0020078 0.0019941 0.0019683 0.001956 0.001972 0.0020025 0.0019914 0.0019509 0.0019535 0.0019969 0.0020078 0.0020079 0.0020115 0.002007 0.0020057 0.0019869 0.0019556 0.0019605 0.0019502 0.0019853 0.0019636 0.0019755 0.0020211 0.0020531 0.0020046 0.0019854 0.001984 0.0019987 0.0019914 0.00199 0.0019886 0.0019892 0.0019947 0.0019849 0.0019515 0.0019827 0.0019724 0.0019812 0.0019777 0.0019739 0.0019914 0.001988 0.0019793 0.0019795 0.0019881 0.0019965 0.0020002 0.0020041 0.0020085 0.0020112 0.0020134 0.0020173 0.0020023 0.002024 0.002027 0.0020317 0.0020343 0.0020341 0.0020339 0.0020343 0.0020381 0.0019654 0.0019683 0.0020105 0.0020248 0.0020219 0.002021 0.0020242 0.002016 0.0020158 0.0020222 0.0020244 0.0020241 0.0020249 0.0020196 0.0020207 0.0020175 0.0020185 0.0020221 0.0020193 0.0020132 0.0020017 0.0019998 0.0019964 0.0019953 0.0019886 0.0019754 0.0019733 0.0019811 0.0019758 0.0019768 0.0019716 0.0019637 0.0019542 0.0019526 0.0019561 0.0019561 0.0019538 0.0019493 0.0019453 0.0019436 0.0019432 0.0019386 0.0019456 0.0019379 0.0019361 0.0019362 0.0019345 0.001934 0.0019331 0.0019327 0.0019308 0.0019271 0.0019215 0.0019216 0.0019209 0.0019256 0.0019184 0.001919 0.0019111 0.0019147 0.0019175 0.0019187 0.0019197 0.0019188 0.0019201 0.0019171 0.0019151 0.001912 0.0019078 0.0019109 0.0019063 0.0019032 0.0018978 0.0018764 0.001893 0.0019007 0.0019017 0.001904 0.0019022 0.0018984 0.0018992 0.0018994 0.0018988 0.0019 0.0018981 0.0019028 0.0018995 0.001902 0.001898 0.0019037 0.0019081 0.0019075 0.0019112 0.0019153 0.0019174 0.0019205 0.0019223 0.0019191 0.0019257 0.0019283 0.0019345 0.0019431 0.0019484 0.0019503 0.0019509 0.0019554 0.0019635 0.001964 0.0019602 0.0019686 0.0019619 0.0019674 0.0019752 0.0019724 0.0019938 0.0020051 0.0020025 0.0019939 0.0020016
0.001977 0.0019639 0.0019642 0.0019747 0.0019774 0.0019725 0.001968 0.0019676 0.001971 0.0019692 0.0019709 0.0019545 0.0019801 0.0019749 0.0019783 0.0019873 0.001987 0.0019914 0.0019915 0.0019856 0.0019834 0.0019954 0.0019931 0.0019963 0.0020016 0.002006 0.0019971 0.0019733 0.0019806 0.0019693 0.0019752 0.0019796 0.0019831 0.0019842 0.0019797 0.0019864 0.001982 0.0019921 0.0019904 0.0019894 0.001991 0.0019941 0.0019937 0.0019888 0.0019824 0.0019849 0.0019887 0.0019929 0.0019958 0.0020042 0.0020119 0.0020076 0.0020113 0.0020154 0.00202 0.0020211 0.0020166 0.0020226 0.00203 0.0020292 0.0020339 0.0020368 0.0020349 0.002037 0.0020312 0.0020314 0.0020387 0.0020327 0.0020221 0.0020161 0.0020096 0.0020061 0.0019979 0.0020008 0.0020017 0.0019846 0.0019801 0.0019843 0.001995 0.0019963 0.0019847 0.0019903 0.0019734 0.0019268 0.0019539 0.0019857 0.0018799 0.0018962 0.0019576 0.0018514 0.0018821 0.0019264 0.0018984 0.0018675 0.0019133 0.0018567 0.0018658 0.0019199 0.0018964 0.0018689 0.0018775 0.0018851 0.0018958 0.0019297 0.0019333 0.0019266 0.0019311 0.0019321 0.0019338 0.0019314 0.0019303 0.0019297 0.0019285 0.0019275 0.0019228 0.0019246 0.0019227 0.0019223 0.0019204 0.0019031 0.0019511 0.0019014 0.0019168 0.0019144 0.0019124 0.0019158 0.0019131 0.0019108 0.0019117 0.0019123 0.0019128 0.0019136 0.0019115 0.0019124 0.0019119 0.0019122 0.0019137 0.0019137 0.0019096 0.0019114 0.0019091 0.0019058 0.0019005 0.0019023 0.001903 0.0018964 0.0018896 0.0018909 0.0018952 0.0019 0.0019028 0.0019 0.0019076 0.0019123 0.0019124 0.0019194 0.001917 0.001923 0.0019216 0.0019229 0.0019265 0.0019333 0.0019363 0.0019437 0.0019453 0.001951 0.0019482 0.0019476 0.0019518 0.0019642 0.0019635 0.0019663 0.0019673 0.0019723 0.0019744 0.0019691 0.0019681 0.0019824 0.0019827 0.00198
0.001893 0.0018943 0.0018967 0.0019016 0.0018968 0.0018972 0.0018996 0.0018984 0.0018993 0.0019012 0.0019035 0.0019054 0.0019075 0.0019096 0.0019127 0.0019149 0.0019155 0.0019182 0.0019181 0.0019203 0.0019214 0.0019238 0.0019262 0.0019301 0.0019332 0.0019394 0.0019477 0.0019575 0.0019572 0.0019645 0.0019736 0.0019641 0.0019655 0.0019836 0.0019347 0.0019344 0.0019175 0.0019422 0.0018901 0.0019008 0.0019193 0.0019291 0.0019712 0.0019718 0.0019741 0.0019816 0.0019894 0.0019853 0.0019664 0.0019618 0.0019138 0.0019101 0.0018944 0.0019116 0.0019579 0.0019224 0.0019141 0.0019125 0.0019131 0.0019231 0.0019829 0.0019642 0.0019707 0.0019708 0.0019784 0.0019847 0.0019942 0.0019586 0.0019428 0.0019169 0.0019179 0.0019189 0.0018797 0.001899 0.0018828 0.0018612 0.0018484 0.0018603 0.0018453 0.0018345 0.0018322 0.0018218 0.0018232 0.001819 0.0018189 0.0018204 0.0018164 0.0018161 0.0018163 0.0018156 0.001816 0.0018175 0.0018154 0.0018154 0.0018174 0.0018155 0.0018156 0.0018157 0.0018157 0.0018155 0.0018175 0.0018196 0.001819 0.0018191 0.0018191 0.0018209 0.0018159 0.0018386 0.0018457 0.0018953 0.0018912 0.0018487 0.0018654 0.0019136 0.0018866 0.0018938 0.0018722 0.001882 0.0019028 0.0018599 0.001863 0.0018572 0.0018633 0.001866 0.001885 0.0019127 0.0018731 0.0018798 0.0018798 0.0018788 0.0018847 0.0018827 0.0018828 0.0018852 0.0018868 0.0018888 0.0018959 0.0019043 0.0019124 0.0019128 0.0019133 0.0019131 0.0019133 0.0019105 0.0019127 0.001908 0.0019088 0.0019112 0.0019125 0.0019178 0.0019178 0.0019207 0.0019216 0.0019236 0.0019232 0.001922 0.0019224 0.0019257 0.001927 0.0019231 0.0019242 0.0019263 0.0019293 0.0019297 0.0019295 0.0019289 0.0019265 0.0019241 0.001923 0.001916 0.0019085 0.0019101 0.0019092 0.0019082 0.0019071 0.0019027 0.0018984 0.0018944 0.0018941 0.0018933
0.0018646 0.0018648 0.0018651 0.001865 0.0018651 0.0018645 0.0018654 0.0018663 0.001867 0.0018684 0.0018702 0.0018727 0.0018735 0.0018756 0.0018769 0.0018803 0.0018836 0.0018841 0.0018901 0.0018902 0.0018933 0.0018942 0.0018942 0.0018938 0.0018931 0.0018886 0.0019006 0.0018977 0.0018928 0.001852 0.0018437 0.0018341 0.0018485 0.0018553 0.0018341 0.001844 0.0018319 0.0018334 0.0018334 0.001829 0.0018243 0.0018288 0.0018214 0.0018186 0.0018188 0.0018233 0.0018225 0.001821 0.0018234 0.0018262 0.0018325 0.00184 0.0018536 0.0018593 0.0018364 0.001842 0.001832 0.0018264 0.0018257 0.0018312 0.0018266 0.0018632 0.0018587 0.0019205 0.0019352 0.0019528 0.0019679 0.0019781 0.0019759 0.0019437 0.0019184 0.0018899 0.0018681 0.0018542 0.0018479 0.0018371 0.0018317 0.0018268 0.0018238 0.0018221 0.0018207 0.001819 0.001818 0.0018173 0.0018164 0.0018158 0.0018156 0.0018154 0.0018154 0.0018154 0.0018154 0.0018154 0.0018154 0.0018154 0.0018155 0.0018157 0.0018159 0.0018161 0.0018162 0.0018164 0.0018166 0.001817 0.0018173 0.0018176 0.0018179 0.0018182 0.0018183 0.0018185 0.0018183 0.0018167 0.0018155 0.0018159 0.0018157 0.0018162 0.0018154 0.001816 0.0018189 0.0018203 0.0018181 0.0018164 0.0018158 0.0018161 0.0018206 0.0018171 0.0018184 0.0018164 0.0018178 0.0018187 0.0018172 0.0018182 0.001816 0.0018164 0.0018184 0.001823 0.0018207 0.0018198 0.0018211 0.0018178 0.0018196 0.0018201 0.0018243 0.001837 0.0018411 0.0018485 0.0018782 0.0018753 0.0018983 0.0019138 0.0019166 0.0019136 0.0019108 0.0019093 0.0019093 0.0019099 0.0019146 0.0019167 0.0019149 0.001914 0.0019079 0.0019052 0.0019033 0.0019024 0.0019 0.0018973 0.0018949 0.0018924 0.0018894 0.0018866 0.001885 0.0018835 0.0018808 0.0018802 0.0018773 0.0018757 0.0018747 0.0018729 0.0018697 0.0018673 0.0018658 0.0018652
0.0018808 0.0018711 0.0018797 0.0018908 0.0018968 0.0019162 0.00183 0.0018254 0.0018344 0.0018437 0.0018219 0.0018342 0.0018259 0.0018232 0.0018252 0.0018345 0.0018162 0.0018154 0.0018155 0.0018155 0.0018155 0.0018164 0.0018283 0.0018197 0.0018193 0.001823 0.0018382 0.0018257 0.0018233 0.0018333 0.0018281 0.0018165 0.0018159 0.0018162 0.0018158 0.0018166 0.0018167 0.0018168 0.0018166 0.0018162 0.0018164 0.0018155 0.001816 0.0018167 0.0018163 0.0018171 0.0018179 0.0018178 0.0018178 0.0018162 0.0018162 0.0018165 0.0018159 0.0018156 0.0018155 0.0018155 0.0018154 0.0018154 0.0018155 0.0018158 0.001816 0.0018156 0.0018168 0.0018158 0.0018156 0.0018156 0.0018187 0.0018189 0.0018292 0.0018377 0.0018449 0.0018646 0.001851 0.0018495 0.001847 0.0018541 0.0018645 0.0018772 0.0018828 0.0018849 0.0018916 0.0018953 0.0018676 0.0018442 0.0018252 0.0018234 0.0018256 0.0018285 0.001833 0.0018454 0.0018711 0.0018678 0.0018167 0.0018154 0.0018154 0.0018155 0.0018154 0.0018154 0.001816 0.0018165 0.0018169 0.0018161 0.0018171 0.0018177 0.0018181 0.0018185 0.0018189 0.0018192 0.0018194 0.0018198 0.00182 0.00182 0.0018198 0.0018197 0.0018195 0.0018192 0.0018188 0.0018186 0.0018185 0.0018186 0.0018183 0.0018179 0.0018178 0.0018181 0.0018182 0.0018182 0.0018182 0.0018182 0.0018181 0.0018183 0.0018182 0.0018183 0.0018184 0.0018181 0.0018177 0.0018177 0.0018167 0.0018168 0.001817 0.0018156 0.0018173 0.0018173 0.0018173 0.0018154 0.0018156 0.0018158 0.0018171 0.0018244 0.0018172 0.0018155 0.0018164 0.0018154 0.0018192 0.0018211 0.001828 0.001838 0.0018213 0.0018282 0.0018353 0.0018403 0.0018381 0.0018264 0.0018317 0.0018545 0.0018452 0.0018478 0.001862 0.0018914 0.0018747 0.0018978 0.001878 0.0018637 0.0018546 0.0018454 0.0018555 0.00187 0.0018796 0.0018578 0.0018593 0.001863
0.0018227 0.0018205 0.0018215 0.0018209 0.0018197 0.0018209 0.0018207 0.0018212 0.0018241 0.0018248 0.0018247 0.0018245 0.0018235 0.0018229 0.001824 0.0018255 0.0018256 0.0018254 0.0018258 0.0018258 0.0018254 0.0018237 0.0018238 0.0018276 0.0018274 0.0018275 0.0018266 0.0018262 0.0018256 0.0018254 0.001825 0.0018266 0.001828 0.0018271 0.0018279 0.0018296 0.0018305 0.0018306 0.0018308 0.0018307 0.0018296 0.00183 0.0018284 0.0018289 0.0018298 0.0018314 0.0018317 0.001832 0.0018314 0.0018307 0.0018308 0.0018308 0.0018305 0.0018302 0.0018286 0.0018266 0.0018264 0.0018253 0.0018246 0.0018246 0.0018257 0.0018265 0.0018267 0.0018271 0.0018274 0.0018274 0.0018277 0.0018274 0.001827 0.0018262 0.0018224 0.0018177 0.0018171 0.0018182 0.0018185 0.0018195 0.001818 0.0018193 0.0018197 0.0018185 0.0018203 0.0018213 0.0018217 0.0018218 0.0018208 0.0018219 0.001821 0.001819 0.0018207 0.0018194 0.0018222 0.0018233 0.0018224 0.0018239 0.0018253 0.0018255 0.0018248 0.001825 0.001824 0.0018244 0.0018255 0.001827 0.0018268 0.0018255 0.0018254 0.0018275 0.0018279 0.0018284 0.001829 0.0018293 0.0018295 0.0018288 0.0018295 0.0018293 0.0018291 0.0018287 0.0018285 0.0018278 0.0018283 0.0018255 0.0018291 0.0018287 0.001828 0.0018272 0.001825 0.0018238 0.001827 0.0018272 0.0018259 0.0018259 0.0018245 0.0018264 0.0018289 0.0018289 0.0018289 0.001829 0.0018289 0.0018282 0.0018266 0.0018264 0.0018263 0.0018259 0.0018255 0.0018261 0.0018251 0.0018251 0.0018248 0.0018257 0.001827 0.0018284 0.0018271 0.0018284 0.0018264 0.0018272 0.0018292 0.001829 0.0018285 0.0018234 0.0018255 0.0018238 0.0018259 0.0018219 0.0018219 0.0018201 0.0018202 0.0018198 0.0018211 0.0018219 0.0018214 0.0018212 0.0018217 0.0018202 0.0018193 0.0018195 0.0018193 0.001819 0.0018203 0.0018196 0.0018184 0.0018206
0.0018338 0.001834 0.0018339 0.0018335 0.0018334 0.0018346 0.0018347 0.0018351 0.0018351 0.0018351 0.0018351 0.0018352 0.0018352 0.0018352 0.0018352 0.0018353 0.0018353 0.0018354 0.0018353 0.0018354 0.0018354 0.0018354 0.0018353 0.0018353 0.0018354 0.0018353 0.0018354 0.0018356 0.0018356 0.0018357 0.0018357 0.0018358 0.0018358 0.0018358 0.0018358 0.0018358 0.0018358 0.0018358 0.0018358 0.0018358 0.0018358 0.0018358 0.0018358 0.0018358 0.0018358 0.0018358 0.0018358 0.0018358 0.0018358 0.0018358 0.0018358 0.0018358 0.0018358 0.0018358 0.0018357 0.0018356 0.0018356 0.0018355 0.0018355 0.0018355 0.0018355 0.0018354 0.0018354 0.0018353 0.0018353 0.0018352 0.0018351 0.001835 0.0018351 0.001835 0.0018349 0.0018349 0.0018348 0.0018347 0.0018345 0.0018344 0.0018343 0.0018342 0.0018339 0.0018338 0.0018339 0.001834 0.001834 0.0018338 0.001834 0.0018337 0.0018337 0.0018338 0.0018338 0.0018338 0.0018338 0.0018335 0.0018331 0.0018333 0.0018336 0.001834 0.0018341 0.0018339 0.001833 0.0018327 0.0018333 0.001834 0.001834 0.0018342 0.0018343 0.0018344 0.0018345 0.0018347 0.0018348 0.0018349 0.0018349 0.001835 0.001835 0.0018351 0.0018351 0.0018352 0.0018352 0.0018353 0.0018353 0.0018353 0.0018353 0.0018353 0.0018353 0.0018353 0.0018352 0.0018353 0.0018353 0.0018354 0.0018355 0.0018355 0.0018355 0.0018355 0.0018356 0.0018356 0.0018356 0.0018357 0.0018357 0.0018358 0.0018358 0.0018358 0.0018358 0.0018358 0.0018358 0.0018358 0.0018358 0.0018358 0.0018358 0.0018358 0.0018358 0.0018358 0.0018358 0.0018357 0.0018357 0.0018357 0.0018356 0.0018355 0.0018354 0.0018353 0.0018354 0.0018355 0.0018355 0.0018355 0.0018354 0.0018354 0.0018355 0.0018354 0.0018354 0.0018354 0.0018353 0.0018353 0.0018351 0.001835 0.0018349 0.0018348 0.0018347 0.0018346 0.0018344 0.0018343 0.0018343 0.0018341
