2.1399e-05 2.1393e-05 2.1386e-05 2.1384e-05 2.1384e-05 2.1386e-05 2.1386e-05 2.1384e-05 2.138e-05 2.1374e-05 2.1354e-05 2.1346e-05 2.135e-05 2.1342e-05 2.1314e-05 2.1299e-05 2.1292e-05 2.1282e-05 2.1279e-05 2.1296e-05 2.1305e-05 2.1283e-05 2.128e-05 2.1287e-05 2.1295e-05 2.1299e-05 2.1308e-05 2.1306e-05 2.1292e-05 2.1297e-05 2.1284e-05 2.1267e-05 2.1276e-05 2.1286e-05 2.127e-05 2.1282e-05 2.1295e-05 2.1305e-05 2.1317e-05 2.1326e-05 2.1333e-05 2.1343e-05 2.1352e-05 2.1355e-05 2.1358e-05 2.1357e-05 2.1359e-05 2.1357e-05 2.1358e-05 2.136e-05 2.1364e-05 2.1364e-05 2.1368e-05 2.137e-05 2.137e-05 2.137e-05 2.138e-05 2.1383e-05 2.1386e-05 2.1386e-05 2.1388e-05 2.139e-05 2.139e-05 2.1395e-05 2.1393e-05 2.1389e-05 2.1387e-05 2.1403e-05 2.1409e-05 2.1408e-05 2.1415e-05 2.1416e-05 2.1416e-05 2.1415e-05 2.142e-05 2.1423e-05 2.1425e-05 2.1426e-05 2.1428e-05 2.1427e-05 2.1429e-05 2.1426e-05 2.1426e-05 2.1428e-05 2.1425e-05 2.1424e-05 2.1425e-05 2.1426e-05 2.1426e-05 2.1425e-05 2.1424e-05 2.142e-05 2.1419e-05 2.1418e-05 2.1418e-05 2.1417e-05 2.1418e-05 2.1416e-05 2.1415e-05 2.1415e-05 2.1418e-05 2.1418e-05 2.1419e-05 2.142e-05 2.1418e-05 2.1418e-05 2.1417e-05 2.1415e-05 2.1415e-05 2.1414e-05 2.1413e-05 2.1415e-05 2.1419e-05 2.1416e-05 2.141e-05 2.1406e-05 2.1408e-05 2.1408e-05 2.1407e-05 2.1405e-05 2.1402e-05 2.1401e-05 2.14e-05 2.1397e-05 2.1392e-05 2.1388e-05 2.1388e-05 2.1385e-05 2.1381e-05 2.1379e-05 2.1378e-05 2.1376e-05 2.1375e-05 2.1373e-05 2.1372e-05 2.1369e-05 2.1368e-05 2.1368e-05 2.1369e-05 2.1367e-05 2.1374e-05 2.1373e-05 2.1375e-05 2.138e-05 2.1378e-05 2.1378e-05 2.1379e-05 2.1383e-05 2.1387e-05 2.1391e-05 2.1392e-05 2.1393e-05 2.1394e-05 2.1399e-05 2.1402e-05 2.1404e-05 2.1405e-05 2.1407e-05 2.1408e-05 2.1407e-05 2.1408e-05 2.1409e-05 2.141e-05 2.1412e-05 2.1413e-05 2.1414e-05 2.1413e-05 2.1411e-05 2.141e-05 2.1409e-05 2.1408e-05 2.1405e-05 2.1405e-05 2.1404e-05 2.1404e-05 2.1402e-05 2.1401e-05 2.1401e-05 2.14e-05 2.1399e-05
2.1123e-05 2.1109e-05 2.1103e-05 2.108e-05 2.1086e-05 2.1075e-05 2.1092e-05 2.1094e-05 2.1099e-05 2.1113e-05 2.1114e-05 2.1116e-05 2.1133e-05 2.1152e-05 2.1161e-05 2.1163e-05 2.116e-05 2.1158e-05 2.1159e-05 2.1166e-05 2.1167e-05 2.1159e-05 2.1138e-05 2.1131e-05 2.1135e-05 2.1144e-05 2.1144e-05 2.116e-05 2.1148e-05 2.1174e-05 2.1135e-05 2.1131e-05 2.1157e-05 2.1159e-05 2.116e-05 2.116e-05 2.1165e-05 2.1171e-05 2.1167e-05 2.117e-05 2.1178e-05 2.117e-05 2.1176e-05 2.118e-05 2.1186e-05 2.1189e-05 2.1189e-05 2.12e-05 2.1207e-05 2.1215e-05 2.1237e-05 2.1213e-05 2.1242e-05 2.1281e-05 2.1277e-05 2.1286e-05 2.1303e-05 2.132e-05 2.1329e-05 2.1333e-05 2.1309e-05 2.1375e-05 2.1365e-05 2.1398e-05 2.1406e-05 2.1409e-05 2.1416e-05 2.142e-05 2.1423e-05 2.1426e-05 2.1432e-05 2.1437e-05 2.1429e-05 2.1432e-05 2.1461e-05 2.1467e-05 2.1475e-05 2.1484e-05 2.1488e-05 2.147e-05 2.1501e-05 2.1518e-05 2.1519e-05 2.1528e-05 2.153e-05 2.153e-05 2.1527e-05 2.1525e-05 2.1522e-05 2.1519e-05 2.1516e-05 2.1515e-05 2.1514e-05 2.1514e-05 2.1513e-05 2.1473e-05 2.1483e-05 2.1464e-05 2.1479e-05 2.1456e-05 2.1457e-05 2.1456e-05 2.1447e-05 2.1445e-05 2.1441e-05 2.1431e-05 2.1423e-05 2.1405e-05 2.1393e-05 2.1386e-05 2.1405e-05 2.1406e-05 2.1401e-05 2.1398e-05 2.1396e-05 2.1396e-05 2.139e-05 2.1385e-05 2.1376e-05 2.1376e-05 2.1367e-05 2.1359e-05 2.1358e-05 2.1351e-05 2.1341e-05 2.1343e-05 2.1341e-05 2.1331e-05 2.1321e-05 2.1324e-05 2.1314e-05 2.1313e-05 2.131e-05 2.1302e-05 2.1283e-05 2.1264e-05 2.125e-05 2.1228e-05 2.1239e-05 2.1266e-05 2.1287e-05 2.1293e-05 2.1297e-05 2.1301e-05 2.1307e-05 2.1306e-05 2.1313e-05 2.1349e-05 2.1353e-05 2.1355e-05 2.1355e-05 2.1353e-05 2.1348e-05 2.1348e-05 2.1349e-05 2.1348e-05 2.134e-05 2.1325e-05 2.1313e-05 2.1314e-05 2.1303e-05 2.1293e-05 2.128e-05 2.1276e-05 2.1258e-05 2.1244e-05 2.1229e-05 2.122e-05 2.1197e-05 2.119e-05 2.1161e-05 2.1161e-05 2.1157e-05 2.1159e-05 2.1145e-05 2.1165e-05 2.1208e-05 2.1188e-05 2.1126e-05 2.109e-05
2.122e-05 2.1218e-05 2.1213e-05 2.1212e-05 2.121e-05 2.1211e-05 2.1208e-05 2.1201e-05 2.1201e-05 2.1202e-05 2.1202e-05 2.1201e-05 2.1198e-05 2.1187e-05 2.1197e-05 2.1207e-05 2.1206e-05 2.1188e-05 2.119e-05 2.1189e-05 2.1189e-05 2.1187e-05 2.1182e-05 2.118e-05 2.1183e-05 2.1182e-05 2.1176e-05 2.116e-05 2.1149e-05 2.1126e-05 2.1069e-05 2.1064e-05 2.1068e-05 2.1068e-05 2.1061e-05 2.1088e-05 2.1052e-05 2.1071e-05 2.1081e-05 2.1092e-05 2.1053e-05 2.1006e-05 2.1014e-05 2.1011e-05 2.1049e-05 2.1055e-05 2.1073e-05 2.1091e-05 2.1106e-05 2.1121e-05 2.1116e-05 2.1136e-05 2.1139e-05 2.1145e-05 2.1104e-05 2.109e-05 2.1136e-05 2.1165e-05 2.1158e-05 2.1097e-05 2.1126e-05 2.1266e-05 2.1284e-05 2.1277e-05 2.1259e-05 2.1245e-05 2.1269e-05 2.1256e-05 2.126e-05 2.1318e-05 2.1298e-05 2.1314e-05 2.1354e-05 2.1365e-05 2.1358e-05 2.1391e-05 2.135e-05 2.1314e-05 2.1274e-05 2.1323e-05 2.1344e-05 2.1354e-05 2.1345e-05 2.1342e-05 2.1327e-05 2.1346e-05 2.1355e-05 2.1374e-05 2.1375e-05 2.1361e-05 2.1378e-05 2.1376e-05 2.1363e-05 2.1367e-05 2.1368e-05 2.1366e-05 2.1363e-05 2.1357e-05 2.1352e-05 2.1339e-05 2.1343e-05 2.1327e-05 2.1286e-05 2.1242e-05 2.1254e-05 2.1261e-05 2.1265e-05 2.1263e-05 2.1268e-05 2.1259e-05 2.1245e-05 2.1236e-05 2.1229e-05 2.1219e-05 2.1253e-05 2.1243e-05 2.1226e-05 2.1222e-05 2.1233e-05 2.1246e-05 2.1248e-05 2.1243e-05 2.1237e-05 2.1223e-05 2.1206e-05 2.1193e-05 2.1192e-05 2.1203e-05 2.1202e-05 2.1211e-05 2.1218e-05 2.1223e-05 2.123e-05 2.1228e-05 2.1224e-05 2.1208e-05 2.1119e-05 2.0926e-05 2.0857e-05 2.0901e-05 2.1013e-05 2.1061e-05 2.1081e-05 2.1074e-05 2.1149e-05 2.1186e-05 2.1203e-05 2.122e-05 2.1212e-05 2.1202e-05 2.122e-05 2.1216e-05 2.1207e-05 2.1185e-05 2.1158e-05 2.1149e-05 2.1145e-05 2.1141e-05 2.1147e-05 2.1147e-05 2.115e-05 2.1175e-05 2.1198e-05 2.1209e-05 2.1214e-05 2.1199e-05 2.1188e-05 2.1175e-05 2.1153e-05 2.1123e-05 2.1163e-05 2.1154e-05 2.116e-05 2.1168e-05 2.1179e-05 2.1187e-05 2.1194e-05 2.1196e-05 2.1214e-05 2.122e-05
2.1203e-05 2.1199e-05 2.1196e-05 2.1193e-05 2.1192e-05 2.1192e-05 2.1189e-05 2.1186e-05 2.1183e-05 2.118e-05 2.1176e-05 2.1172e-05 2.1167e-05 2.1164e-05 2.1165e-05 2.1164e-05 2.1161e-05 2.1155e-05 2.115e-05 2.1146e-05 2.1141e-05 2.1135e-05 2.113e-05 2.1123e-05 2.1115e-05 2.1106e-05 2.1098e-05 2.1088e-05 2.107e-05 2.1049e-05 2.1061e-05 2.1087e-05 2.1092e-05 2.1102e-05 2.1084e-05 2.1064e-05 2.1067e-05 2.1074e-05 2.1063e-05 2.1053e-05 2.1095e-05 2.1095e-05 2.1092e-05 2.109e-05 2.1086e-05 2.1081e-05 2.1086e-05 2.0998e-05 2.0979e-05 2.0967e-05 2.0984e-05 2.0981e-05 2.0996e-05 2.0996e-05 2.0991e-05 2.0999e-05 2.1009e-05 2.0958e-05 2.0943e-05 2.0943e-05 2.1027e-05 2.0967e-05 2.0984e-05 2.1005e-05 2.0945e-05 2.0999e-05 2.0996e-05 2.1001e-05 2.0928e-05 2.0991e-05 2.0937e-05 2.0893e-05 2.086e-05 2.0858e-05 2.0888e-05 2.0918e-05 2.0911e-05 2.0914e-05 2.0916e-05 2.0896e-05 2.0901e-05 2.0908e-05 2.0937e-05 2.0931e-05 2.0926e-05 2.0942e-05 2.0954e-05 2.0958e-05 2.0948e-05 2.0951e-05 2.1001e-05 2.1004e-05 2.0986e-05 2.0916e-05 2.1e-05 2.1015e-05 2.1033e-05 2.1041e-05 2.1037e-05 2.1061e-05 2.1024e-05 2.1114e-05 2.1087e-05 2.1131e-05 2.1063e-05 2.102e-05 2.101e-05 2.1052e-05 2.1072e-05 2.1067e-05 2.1059e-05 2.1035e-05 2.0991e-05 2.0976e-05 2.0961e-05 2.0962e-05 2.1038e-05 2.1035e-05 2.1047e-05 2.1049e-05 2.1062e-05 2.1061e-05 2.1117e-05 2.113e-05 2.1119e-05 2.1109e-05 2.1109e-05 2.1133e-05 2.1134e-05 2.111e-05 2.1122e-05 2.112e-05 2.1092e-05 2.1089e-05 2.1055e-05 2.0952e-05 2.0812e-05 2.0827e-05 2.0823e-05 2.0827e-05 2.0824e-05 2.1032e-05 2.1051e-05 2.1042e-05 2.1048e-05 2.1025e-05 2.1032e-05 2.1046e-05 2.105e-05 2.1051e-05 2.106e-05 2.108e-05 2.1098e-05 2.1107e-05 2.1115e-05 2.1139e-05 2.115e-05 2.1142e-05 2.1092e-05 2.103e-05 2.0946e-05 2.0895e-05 2.0963e-05 2.106e-05 2.1187e-05 2.1187e-05 2.1233e-05 2.1244e-05 2.1248e-05 2.125e-05 2.1234e-05 2.12e-05 2.1116e-05 2.1118e-05 2.1165e-05 2.1198e-05 2.1211e-05 2.1216e-05 2.1212e-05 2.1207e-05
2.1152e-05 2.114e-05 2.114e-05 2.1116e-05 2.1157e-05 2.1146e-05 2.1139e-05 2.1131e-05 2.1122e-05 2.1112e-05 2.1102e-05 2.109e-05 2.1062e-05 2.1055e-05 2.1092e-05 2.1094e-05 2.1088e-05 2.108e-05 2.107e-05 2.1061e-05 2.1052e-05 2.1044e-05 2.1041e-05 2.1034e-05 2.1028e-05 2.1019e-05 2.1007e-05 2.1001e-05 2.0997e-05 2.0991e-05 2.0983e-05 2.0955e-05 2.0961e-05 2.0957e-05 2.0936e-05 2.0945e-05 2.0983e-05 2.0976e-05 2.0981e-05 2.0977e-05 2.0944e-05 2.0971e-05 2.1027e-05 2.1017e-05 2.1045e-05 2.1069e-05 2.1058e-05 2.1028e-05 2.1019e-05 2.1039e-05 2.1013e-05 2.103e-05 2.099e-05 2.0836e-05 2.0884e-05 2.085e-05 2.0806e-05 2.0895e-05 2.0813e-05 2.0832e-05 2.0892e-05 2.087e-05 2.0858e-05 2.0864e-05 2.0864e-05 2.0874e-05 2.0864e-05 2.0862e-05 2.0877e-05 2.0893e-05 2.0874e-05 2.0904e-05 2.0938e-05 2.0933e-05 2.0928e-05 2.0925e-05 2.0936e-05 2.0935e-05 2.094e-05 2.0934e-05 2.0851e-05 2.0951e-05 2.0981e-05 2.099e-05 2.0994e-05 2.099e-05 2.0993e-05 2.0991e-05 2.0996e-05 2.0997e-05 2.1e-05 2.0996e-05 2.1015e-05 2.1046e-05 2.108e-05 2.1129e-05 2.123e-05 2.1329e-05 2.121e-05 2.1189e-05 2.1114e-05 2.1057e-05 2.1067e-05 2.1046e-05 2.0993e-05 2.0957e-05 2.0931e-05 2.0888e-05 2.0895e-05 2.0917e-05 2.0956e-05 2.09e-05 2.088e-05 2.0856e-05 2.0858e-05 2.0843e-05 2.0838e-05 2.0822e-05 2.0827e-05 2.0828e-05 2.0832e-05 2.0824e-05 2.0835e-05 2.0848e-05 2.0851e-05 2.0838e-05 2.0918e-05 2.0911e-05 2.0898e-05 2.0884e-05 2.0873e-05 2.083e-05 2.0819e-05 2.0802e-05 2.0795e-05 2.0799e-05 2.0805e-05 2.0919e-05 2.1072e-05 2.1106e-05 2.1114e-05 2.112e-05 2.1123e-05 2.1093e-05 2.1078e-05 2.1074e-05 2.1085e-05 2.1058e-05 2.1041e-05 2.1026e-05 2.1003e-05 2.0987e-05 2.0965e-05 2.1007e-05 2.0986e-05 2.0945e-05 2.0918e-05 2.0977e-05 2.1003e-05 2.0995e-05 2.0905e-05 2.0936e-05 2.0995e-05 2.0996e-05 2.097e-05 2.0977e-05 2.0905e-05 2.1018e-05 2.1146e-05 2.12e-05 2.1199e-05 2.1175e-05 2.1148e-05 2.1105e-05 2.1051e-05 2.1165e-05 2.1145e-05 2.1145e-05 2.1176e-05 2.1167e-05
2.1096e-05 2.1088e-05 2.1086e-05 2.1067e-05 2.107e-05 2.1077e-05 2.1076e-05 2.107e-05 2.1066e-05 2.1033e-05 2.1056e-05 2.1041e-05 2.1031e-05 2.1026e-05 2.1011e-05 2.099e-05 2.101e-05 2.097e-05 2.1024e-05 2.0976e-05 2.0997e-05 2.0991e-05 2.0996e-05 2.0911e-05 2.0834e-05 2.1016e-05 2.0936e-05 2.0846e-05 2.0888e-05 2.087e-05 2.0882e-05 2.0881e-05 2.0886e-05 2.0883e-05 2.0874e-05 2.087e-05 2.087e-05 2.0872e-05 2.089e-05 2.0897e-05 2.0895e-05 2.0936e-05 2.0827e-05 2.0808e-05 2.0979e-05 2.0947e-05 2.0949e-05 2.0973e-05 2.0982e-05 2.0922e-05 2.0873e-05 2.0941e-05 2.0809e-05 2.0849e-05 2.0837e-05 2.08e-05 2.0756e-05 2.0977e-05 2.086e-05 2.0952e-05 2.0822e-05 2.0865e-05 2.0978e-05 2.0898e-05 2.0896e-05 2.084e-05 2.0833e-05 2.0846e-05 2.0851e-05 2.0858e-05 2.0866e-05 2.0861e-05 2.0865e-05 2.0863e-05 2.0868e-05 2.0875e-05 2.087e-05 2.0862e-05 2.0869e-05 2.0908e-05 2.089e-05 2.086e-05 2.091e-05 2.0917e-05 2.0913e-05 2.0873e-05 2.0936e-05 2.0903e-05 2.0933e-05 2.0927e-05 2.0917e-05 2.0939e-05 2.095e-05 2.1001e-05 2.1136e-05 2.1135e-05 2.1201e-05 2.1126e-05 2.1035e-05 2.0984e-05 2.0998e-05 2.0951e-05 2.0942e-05 2.093e-05 2.0916e-05 2.0876e-05 2.0908e-05 2.0886e-05 2.0931e-05 2.0882e-05 2.096e-05 2.0907e-05 2.0937e-05 2.0937e-05 2.0999e-05 2.1017e-05 2.0887e-05 2.0855e-05 2.0807e-05 2.0798e-05 2.0788e-05 2.0791e-05 2.0786e-05 2.079e-05 2.0782e-05 2.0788e-05 2.0795e-05 2.0786e-05 2.079e-05 2.0782e-05 2.0793e-05 2.0797e-05 2.0782e-05 2.0785e-05 2.0785e-05 2.0784e-05 2.0772e-05 2.0769e-05 2.0782e-05 2.0782e-05 2.0782e-05 2.0775e-05 2.0831e-05 2.0903e-05 2.0866e-05 2.0966e-05 2.1054e-05 2.1053e-05 2.1052e-05 2.107e-05 2.1059e-05 2.104e-05 2.0966e-05 2.076e-05 2.0789e-05 2.0953e-05 2.0989e-05 2.0891e-05 2.1094e-05 2.1088e-05 2.0981e-05 2.1076e-05 2.1124e-05 2.1145e-05 2.1156e-05 2.1138e-05 2.116e-05 2.1092e-05 2.1133e-05 2.114e-05 2.1138e-05 2.1127e-05 2.1104e-05 2.1152e-05 2.1166e-05 2.1146e-05 2.1129e-05 2.1112e-05 2.1111e-05 2.1108e-05
2.096e-05 2.1007e-05 2.1021e-05 2.1026e-05 2.1041e-05 2.0994e-05 2.1001e-05 2.0941e-05 2.0949e-05 2.0943e-05 2.0948e-05 2.0945e-05 2.0885e-05 2.0918e-05 2.0927e-05 2.0918e-05 2.0901e-05 2.0903e-05 2.0881e-05 2.0903e-05 2.0914e-05 2.0905e-05 2.0914e-05 2.0894e-05 2.0907e-05 2.0884e-05 2.0849e-05 2.0836e-05 2.0863e-05 2.0844e-05 2.085e-05 2.0845e-05 2.0844e-05 2.0845e-05 2.0845e-05 2.0843e-05 2.0849e-05 2.0845e-05 2.0849e-05 2.0848e-05 2.0851e-05 2.0847e-05 2.086e-05 2.0885e-05 2.0897e-05 2.0934e-05 2.1023e-05 2.0899e-05 2.1039e-05 2.0994e-05 2.0853e-05 2.0891e-05 2.092e-05 2.1012e-05 2.0987e-05 2.095e-05 2.0917e-05 2.0921e-05 2.09e-05 2.0908e-05 2.0857e-05 2.0825e-05 2.0855e-05 2.0845e-05 2.0813e-05 2.0808e-05 2.0813e-05 2.0807e-05 2.0807e-05 2.0814e-05 2.082e-05 2.0823e-05 2.0833e-05 2.0831e-05 2.0837e-05 2.0838e-05 2.0843e-05 2.0861e-05 2.0897e-05 2.0893e-05 2.0906e-05 2.0931e-05 2.0941e-05 2.0968e-05 2.0926e-05 2.0893e-05 2.0917e-05 2.0912e-05 2.0946e-05 2.0925e-05 2.0923e-05 2.0933e-05 2.0993e-05 2.102e-05 2.1042e-05 2.1071e-05 2.1149e-05 2.1211e-05 2.1027e-05 2.0825e-05 2.0765e-05 2.0737e-05 2.0734e-05 2.0943e-05 2.0896e-05 2.092e-05 2.0914e-05 2.0882e-05 2.0929e-05 2.0872e-05 2.0919e-05 2.0925e-05 2.0937e-05 2.0858e-05 2.0796e-05 2.0829e-05 2.0927e-05 2.0951e-05 2.1023e-05 2.1063e-05 2.108e-05 2.1143e-05 2.1165e-05 2.1075e-05 2.0957e-05 2.0879e-05 2.0831e-05 2.0834e-05 2.0852e-05 2.0887e-05 2.0986e-05 2.086e-05 2.0825e-05 2.0964e-05 2.0865e-05 2.0828e-05 2.0778e-05 2.0794e-05 2.0835e-05 2.0851e-05 2.0914e-05 2.0911e-05 2.0946e-05 2.0861e-05 2.0765e-05 2.0774e-05 2.0801e-05 2.0823e-05 2.0936e-05 2.0932e-05 2.0922e-05 2.1057e-05 2.0938e-05 2.0885e-05 2.0884e-05 2.1028e-05 2.1089e-05 2.1074e-05 2.1109e-05 2.1102e-05 2.1085e-05 2.1112e-05 2.1113e-05 2.107e-05 2.1091e-05 2.1099e-05 2.1077e-05 2.1059e-05 2.1051e-05 2.1055e-05 2.1071e-05 2.1055e-05 2.1017e-05 2.1072e-05 2.1068e-05 2.1058e-05 2.1023e-05 2.0996e-05 2.0979e-05 2.1011e-05
2.0924e-05 2.0907e-05 2.0946e-05 2.0923e-05 2.0952e-05 2.0955e-05 2.0934e-05 2.0809e-05 2.0897e-05 2.0911e-05 2.0756e-05 2.0706e-05 2.0876e-05 2.0854e-05 2.0852e-05 2.0832e-05 2.0869e-05 2.0849e-05 2.0849e-05 2.0879e-05 2.0878e-05 2.0837e-05 2.0837e-05 2.0811e-05 2.0836e-05 2.0823e-05 2.0815e-05 2.0811e-05 2.0816e-05 2.0821e-05 2.0821e-05 2.0824e-05 2.0818e-05 2.0824e-05 2.0894e-05 2.0835e-05 2.0834e-05 2.0837e-05 2.0842e-05 2.0843e-05 2.0852e-05 2.0861e-05 2.0859e-05 2.0858e-05 2.0851e-05 2.0842e-05 2.0856e-05 2.0871e-05 2.0903e-05 2.0922e-05 2.0901e-05 2.0991e-05 2.1016e-05 2.0954e-05 2.0864e-05 2.085e-05 2.0863e-05 2.0807e-05 2.0782e-05 2.0777e-05 2.0772e-05 2.0775e-05 2.0783e-05 2.0792e-05 2.0797e-05 2.0798e-05 2.0804e-05 2.0839e-05 2.0806e-05 2.0825e-05 2.085e-05 2.0876e-05 2.0882e-05 2.0911e-05 2.0921e-05 2.0908e-05 2.0924e-05 2.0893e-05 2.0923e-05 2.0919e-05 2.0907e-05 2.0898e-05 2.0882e-05 2.0916e-05 2.0859e-05 2.09e-05 2.0901e-05 2.0874e-05 2.0903e-05 2.0903e-05 2.0919e-05 2.097e-05 2.0992e-05 2.094e-05 2.0915e-05 2.0912e-05 2.0911e-05 2.0909e-05 2.0898e-05 2.092e-05 2.0948e-05 2.093e-05 2.0929e-05 2.0938e-05 2.0887e-05 2.0878e-05 2.0877e-05 2.0902e-05 2.0909e-05 2.0928e-05 2.0943e-05 2.097e-05 2.1045e-05 2.1001e-05 2.0985e-05 2.1072e-05 2.1008e-05 2.1032e-05 2.1069e-05 2.1042e-05 2.1082e-05 2.1093e-05 2.0975e-05 2.0919e-05 2.0947e-05 2.0931e-05 2.0762e-05 2.1017e-05 2.0985e-05 2.0983e-05 2.0963e-05 2.0874e-05 2.0894e-05 2.0919e-05 2.093e-05 2.0962e-05 2.0908e-05 2.1073e-05 2.1131e-05 2.1194e-05 2.1205e-05 2.111e-05 2.0741e-05 2.0766e-05 2.0748e-05 2.0951e-05 2.0837e-05 2.0936e-05 2.0811e-05 2.0761e-05 2.0786e-05 2.0798e-05 2.0811e-05 2.0807e-05 2.0787e-05 2.0975e-05 2.1144e-05 2.115e-05 2.1153e-05 2.1151e-05 2.1154e-05 2.1129e-05 2.1022e-05 2.1041e-05 2.1008e-05 2.1109e-05 2.1097e-05 2.1067e-05 2.1054e-05 2.1055e-05 2.1043e-05 2.1042e-05 2.1036e-05 2.0995e-05 2.0993e-05 2.098e-05 2.0957e-05 2.0965e-05 2.0956e-05 2.0946e-05
2.074e-05 2.0928e-05 2.0819e-05 2.082e-05 2.084e-05 2.0892e-05 2.0766e-05 2.082e-05 2.0816e-05 2.0819e-05 2.0892e-05 2.095e-05 2.0755e-05 2.0901e-05 2.0851e-05 2.082e-05 2.0827e-05 2.0829e-05 2.084e-05 2.086e-05 2.0886e-05 2.0943e-05 2.0771e-05 2.0976e-05 2.0935e-05 2.0791e-05 2.0835e-05 2.0838e-05 2.0834e-05 2.0825e-05 2.0821e-05 2.0821e-05 2.0804e-05 2.0865e-05 2.0873e-05 2.093e-05 2.0893e-05 2.0831e-05 2.0851e-05 2.0841e-05 2.0842e-05 2.0836e-05 2.0852e-05 2.0843e-05 2.0837e-05 2.0838e-05 2.0836e-05 2.0878e-05 2.0776e-05 2.065e-05 2.0651e-05 2.0634e-05 2.0639e-05 2.087e-05 2.0786e-05 2.0786e-05 2.0759e-05 2.0752e-05 2.0748e-05 2.0745e-05 2.0744e-05 2.0748e-05 2.0758e-05 2.0773e-05 2.0767e-05 2.0831e-05 2.0807e-05 2.0776e-05 2.0773e-05 2.0773e-05 2.0783e-05 2.0828e-05 2.0864e-05 2.0841e-05 2.0866e-05 2.0887e-05 2.0901e-05 2.0881e-05 2.0846e-05 2.0909e-05 2.0908e-05 2.0907e-05 2.09e-05 2.0845e-05 2.0874e-05 2.0831e-05 2.0807e-05 2.0814e-05 2.0834e-05 2.0825e-05 2.0887e-05 2.0893e-05 2.0954e-05 2.089e-05 2.0894e-05 2.0876e-05 2.0847e-05 2.0843e-05 2.0844e-05 2.0848e-05 2.0841e-05 2.084e-05 2.0825e-05 2.0834e-05 2.0849e-05 2.0861e-05 2.0837e-05 2.0915e-05 2.0928e-05 2.0953e-05 2.1026e-05 2.1086e-05 2.1041e-05 2.0968e-05 2.0894e-05 2.0943e-05 2.0909e-05 2.093e-05 2.0912e-05 2.0972e-05 2.0949e-05 2.1014e-05 2.1048e-05 2.1061e-05 2.1005e-05 2.1011e-05 2.0955e-05 2.095e-05 2.0905e-05 2.0911e-05 2.0918e-05 2.0898e-05 2.0891e-05 2.0875e-05 2.0858e-05 2.0855e-05 2.0858e-05 2.0835e-05 2.0893e-05 2.0955e-05 2.0879e-05 2.111e-05 2.1084e-05 2.0981e-05 2.0963e-05 2.0952e-05 2.0939e-05 2.0888e-05 2.0746e-05 2.0827e-05 2.087e-05 2.1004e-05 2.0869e-05 2.0804e-05 2.0755e-05 2.0734e-05 2.0826e-05 2.0998e-05 2.1142e-05 2.1074e-05 2.1114e-05 2.1065e-05 2.0982e-05 2.096e-05 2.1081e-05 2.1033e-05 2.0958e-05 2.0935e-05 2.0959e-05 2.0895e-05 2.0762e-05 2.0804e-05 2.087e-05 2.0893e-05 2.089e-05 2.09e-05 2.0871e-05 2.0903e-05 2.0893e-05 2.0752e-05
2.0771e-05 2.0765e-05 2.0749e-05 2.0739e-05 2.0728e-05 2.0702e-05 2.0682e-05 2.0693e-05 2.0692e-05 2.0689e-05 2.069e-05 2.0794e-05 2.0901e-05 2.0952e-05 2.1057e-05 2.1054e-05 2.0946e-05 2.0919e-05 2.0739e-05 2.0881e-05 2.0868e-05 2.0897e-05 2.0931e-05 2.0917e-05 2.0638e-05 2.0809e-05 2.082e-05 2.0816e-05 2.0835e-05 2.0871e-05 2.0856e-05 2.0872e-05 2.0874e-05 2.0842e-05 2.0856e-05 2.0863e-05 2.0875e-05 2.0823e-05 2.085e-05 2.0846e-05 2.0824e-05 2.0851e-05 2.0828e-05 2.0844e-05 2.0835e-05 2.0829e-05 2.0876e-05 2.0908e-05 2.0897e-05 2.0733e-05 2.0647e-05 2.0659e-05 2.0624e-05 2.0909e-05 2.0766e-05 2.0744e-05 2.0736e-05 2.0727e-05 2.0738e-05 2.0735e-05 2.0724e-05 2.0775e-05 2.0796e-05 2.0776e-05 2.0758e-05 2.0747e-05 2.0731e-05 2.0769e-05 2.0767e-05 2.0915e-05 2.0867e-05 2.0834e-05 2.0859e-05 2.0831e-05 2.0881e-05 2.0843e-05 2.0874e-05 2.0956e-05 2.099e-05 2.1014e-05 2.1029e-05 2.0861e-05 2.0875e-05 2.0878e-05 2.0846e-05 2.0844e-05 2.0819e-05 2.0853e-05 2.0807e-05 2.0836e-05 2.075e-05 2.0769e-05 2.084e-05 2.0824e-05 2.0826e-05 2.0855e-05 2.0867e-05 2.0969e-05 2.087e-05 2.0824e-05 2.0798e-05 2.0846e-05 2.0838e-05 2.0837e-05 2.0841e-05 2.0833e-05 2.0892e-05 2.1035e-05 2.0987e-05 2.0932e-05 2.0926e-05 2.0907e-05 2.0906e-05 2.0876e-05 2.0872e-05 2.0887e-05 2.0843e-05 2.0873e-05 2.0852e-05 2.0838e-05 2.0851e-05 2.0817e-05 2.0812e-05 2.0846e-05 2.0798e-05 2.0878e-05 2.0981e-05 2.0945e-05 2.0744e-05 2.0744e-05 2.0909e-05 2.0878e-05 2.091e-05 2.1085e-05 2.0961e-05 2.093e-05 2.0914e-05 2.0978e-05 2.1038e-05 2.0982e-05 2.0892e-05 2.1002e-05 2.0856e-05 2.0845e-05 2.0799e-05 2.0794e-05 2.08e-05 2.0849e-05 2.0847e-05 2.0813e-05 2.0771e-05 2.0788e-05 2.0748e-05 2.0779e-05 2.0661e-05 2.0638e-05 2.0648e-05 2.0696e-05 2.0746e-05 2.0794e-05 2.0752e-05 2.0783e-05 2.0818e-05 2.0763e-05 2.0734e-05 2.0745e-05 2.0746e-05 2.0774e-05 2.0797e-05 2.0712e-05 2.0787e-05 2.0737e-05 2.0755e-05 2.0749e-05 2.0836e-05 2.0837e-05 2.0827e-05 2.0809e-05 2.0871e-05 2.0768e-05
2.0873e-05 2.0863e-05 2.0805e-05 2.0764e-05 2.0834e-05 2.0625e-05 2.064e-05 2.0693e-05 2.0671e-05 2.0676e-05 2.0683e-05 2.0712e-05 2.081e-05 2.079e-05 2.0853e-05 2.0808e-05 2.1015e-05 2.0985e-05 2.0912e-05 2.0848e-05 2.079e-05 2.0828e-05 2.0862e-05 2.0866e-05 2.0908e-05 2.0788e-05 2.084e-05 2.0813e-05 2.0877e-05 2.0762e-05 2.0934e-05 2.0921e-05 2.0936e-05 2.089e-05 2.0883e-05 2.0867e-05 2.0824e-05 2.082e-05 2.0803e-05 2.0803e-05 2.0788e-05 2.0803e-05 2.0808e-05 2.0799e-05 2.0797e-05 2.0683e-05 2.0829e-05 2.078e-05 2.0779e-05 2.0782e-05 2.0775e-05 2.0753e-05 2.0752e-05 2.0735e-05 2.0732e-05 2.0742e-05 2.0737e-05 2.0733e-05 2.0765e-05 2.0766e-05 2.0797e-05 2.0736e-05 2.0742e-05 2.0718e-05 2.0741e-05 2.0774e-05 2.0875e-05 2.087e-05 2.0861e-05 2.0862e-05 2.0871e-05 2.0842e-05 2.0852e-05 2.082e-05 2.0802e-05 2.0767e-05 2.0789e-05 2.0893e-05 2.098e-05 2.0936e-05 2.0913e-05 2.0832e-05 2.0823e-05 2.0903e-05 2.091e-05 2.0947e-05 2.0935e-05 2.0943e-05 2.0899e-05 2.0853e-05 2.0849e-05 2.0828e-05 2.096e-05 2.0822e-05 2.0808e-05 2.0822e-05 2.0798e-05 2.0799e-05 2.0803e-05 2.0794e-05 2.0803e-05 2.0809e-05 2.0798e-05 2.0812e-05 2.0849e-05 2.0898e-05 2.1016e-05 2.0828e-05 2.0796e-05 2.0815e-05 2.0846e-05 2.0878e-05 2.086e-05 2.088e-05 2.0856e-05 2.0935e-05 2.0942e-05 2.0849e-05 2.0786e-05 2.0753e-05 2.0724e-05 2.0746e-05 2.074e-05 2.0727e-05 2.073e-05 2.0744e-05 2.0803e-05 2.0874e-05 2.0921e-05 2.0917e-05 2.0832e-05 2.086e-05 2.0867e-05 2.0855e-05 2.0718e-05 2.0884e-05 2.1102e-05 2.1045e-05 2.1017e-05 2.1005e-05 2.0973e-05 2.0973e-05 2.1032e-05 2.1013e-05 2.0928e-05 2.0852e-05 2.0831e-05 2.0873e-05 2.0789e-05 2.0779e-05 2.0779e-05 2.0766e-05 2.0845e-05 2.1117e-05 2.0782e-05 2.0664e-05 2.0689e-05 2.1021e-05 2.0664e-05 2.0678e-05 2.0688e-05 2.0724e-05 2.0736e-05 2.0749e-05 2.0789e-05 2.0834e-05 2.0872e-05 2.085e-05 2.0979e-05 2.1021e-05 2.0866e-05 2.0759e-05 2.0776e-05 2.0807e-05 2.0831e-05 2.0856e-05 2.0872e-05 2.0887e-05 2.085e-05 2.085e-05
2.0655e-05 2.0883e-05 2.0925e-05 2.0808e-05 2.0804e-05 2.0786e-05 2.0781e-05 2.0676e-05 2.0688e-05 2.0673e-05 2.0668e-05 2.0668e-05 2.0691e-05 2.0708e-05 2.0767e-05 2.0815e-05 2.0866e-05 2.0938e-05 2.0952e-05 2.0997e-05 2.0999e-05 2.1039e-05 2.0989e-05 2.0984e-05 2.0925e-05 2.093e-05 2.0949e-05 2.0961e-05 2.0863e-05 2.1002e-05 2.1e-05 2.0985e-05 2.0884e-05 2.0668e-05 2.0919e-05 2.088e-05 2.0877e-05 2.0729e-05 2.0814e-05 2.0809e-05 2.0793e-05 2.0795e-05 2.0801e-05 2.0798e-05 2.0796e-05 2.0788e-05 2.0794e-05 2.0776e-05 2.0775e-05 2.0783e-05 2.0777e-05 2.0762e-05 2.0756e-05 2.0755e-05 2.0767e-05 2.0742e-05 2.0719e-05 2.0738e-05 2.0727e-05 2.0741e-05 2.0828e-05 2.0766e-05 2.0731e-05 2.0732e-05 2.0769e-05 2.0795e-05 2.0601e-05 2.06e-05 2.0626e-05 2.0858e-05 2.0833e-05 2.0825e-05 2.0816e-05 2.0785e-05 2.076e-05 2.0822e-05 2.0879e-05 2.0967e-05 2.0956e-05 2.1008e-05 2.0958e-05 2.0955e-05 2.0884e-05 2.0904e-05 2.0851e-05 2.0869e-05 2.0849e-05 2.0846e-05 2.0848e-05 2.0849e-05 2.0841e-05 2.0815e-05 2.0828e-05 2.0805e-05 2.0814e-05 2.0794e-05 2.0813e-05 2.0821e-05 2.0815e-05 2.0849e-05 2.0841e-05 2.0961e-05 2.0994e-05 2.0986e-05 2.104e-05 2.0954e-05 2.0741e-05 2.0667e-05 2.0675e-05 2.0736e-05 2.0757e-05 2.0826e-05 2.082e-05 2.0878e-05 2.085e-05 2.0867e-05 2.0804e-05 2.0775e-05 2.0735e-05 2.0729e-05 2.0733e-05 2.0735e-05 2.0725e-05 2.0727e-05 2.0738e-05 2.0703e-05 2.0705e-05 2.0685e-05 2.0683e-05 2.0757e-05 2.0875e-05 2.0979e-05 2.0883e-05 2.0851e-05 2.0975e-05 2.1005e-05 2.1024e-05 2.1084e-05 2.0997e-05 2.1117e-05 2.1077e-05 2.1015e-05 2.101e-05 2.0855e-05 2.0911e-05 2.0921e-05 2.0997e-05 2.0944e-05 2.0871e-05 2.0816e-05 2.0766e-05 2.0731e-05 2.0789e-05 2.076e-05 2.074e-05 2.0734e-05 2.0729e-05 2.072e-05 2.0778e-05 2.075e-05 2.076e-05 2.0751e-05 2.0783e-05 2.0818e-05 2.0776e-05 2.0785e-05 2.0784e-05 2.0787e-05 2.0796e-05 2.0865e-05 2.0763e-05 2.0802e-05 2.0812e-05 2.0845e-05 2.0919e-05 2.0814e-05 2.0928e-05 2.0933e-05 2.0922e-05 2.0844e-05
2.0867e-05 2.0929e-05 2.098e-05 2.0909e-05 2.0902e-05 2.0761e-05 2.0734e-05 2.0673e-05 2.0694e-05 2.0685e-05 2.0688e-05 2.0673e-05 2.0672e-05 2.0672e-05 2.0685e-05 2.0712e-05 2.0733e-05 2.0743e-05 2.076e-05 2.0811e-05 2.0893e-05 2.0914e-05 2.0901e-05 2.0937e-05 2.0878e-05 2.0892e-05 2.0944e-05 2.0802e-05 2.0837e-05 2.0939e-05 2.0973e-05 2.0924e-05 2.0959e-05 2.0919e-05 2.0888e-05 2.0866e-05 2.0862e-05 2.085e-05 2.0845e-05 2.081e-05 2.0806e-05 2.079e-05 2.0784e-05 2.0783e-05 2.0769e-05 2.0764e-05 2.0769e-05 2.0771e-05 2.0767e-05 2.0769e-05 2.0786e-05 2.0801e-05 2.0812e-05 2.0791e-05 2.0768e-05 2.0747e-05 2.0747e-05 2.0745e-05 2.0765e-05 2.0904e-05 2.0702e-05 2.0719e-05 2.0695e-05 2.0665e-05 2.0767e-05 2.0709e-05 2.0687e-05 2.068e-05 2.0807e-05 2.082e-05 2.0783e-05 2.0805e-05 2.0794e-05 2.0772e-05 2.0739e-05 2.0758e-05 2.0837e-05 2.0868e-05 2.0931e-05 2.0986e-05 2.0984e-05 2.0935e-05 2.0791e-05 2.0883e-05 2.0853e-05 2.0847e-05 2.0848e-05 2.0861e-05 2.0902e-05 2.084e-05 2.0839e-05 2.0834e-05 2.0842e-05 2.0814e-05 2.0843e-05 2.0807e-05 2.0766e-05 2.0794e-05 2.0838e-05 2.0825e-05 2.0866e-05 2.0861e-05 2.0882e-05 2.09e-05 2.0962e-05 2.0911e-05 2.0935e-05 2.0892e-05 2.0872e-05 2.0891e-05 2.0897e-05 2.0917e-05 2.0898e-05 2.0795e-05 2.0756e-05 2.0678e-05 2.0683e-05 2.0713e-05 2.0739e-05 2.0755e-05 2.0754e-05 2.0725e-05 2.07e-05 2.0705e-05 2.0686e-05 2.0694e-05 2.07e-05 2.0691e-05 2.0692e-05 2.0677e-05 2.0833e-05 2.0844e-05 2.0853e-05 2.0873e-05 2.0648e-05 2.0954e-05 2.0963e-05 2.0943e-05 2.0861e-05 2.1051e-05 2.1057e-05 2.1055e-05 2.098e-05 2.0973e-05 2.0964e-05 2.1031e-05 2.1051e-05 2.0854e-05 2.0896e-05 2.0953e-05 2.0798e-05 2.083e-05 2.0844e-05 2.0766e-05 2.0771e-05 2.1006e-05 2.0908e-05 2.0877e-05 2.0781e-05 2.0831e-05 2.0926e-05 2.0902e-05 2.0776e-05 2.0842e-05 2.0799e-05 2.076e-05 2.0784e-05 2.0769e-05 2.0776e-05 2.0781e-05 2.0835e-05 2.0853e-05 2.0881e-05 2.098e-05 2.0822e-05 2.0786e-05 2.0856e-05 2.0883e-05 2.0943e-05 2.096e-05
2.0871e-05 2.0876e-05 2.0801e-05 2.0919e-05 2.0963e-05 2.0887e-05 2.0799e-05 2.0774e-05 2.0733e-05 2.0747e-05 2.0705e-05 2.0729e-05 2.0664e-05 2.0696e-05 2.0693e-05 2.0713e-05 2.0703e-05 2.0698e-05 2.071e-05 2.0784e-05 2.0875e-05 2.088e-05 2.0925e-05 2.0908e-05 2.0923e-05 2.0899e-05 2.0898e-05 2.0928e-05 2.0938e-05 2.0925e-05 2.0935e-05 2.0911e-05 2.0871e-05 2.0868e-05 2.0874e-05 2.0912e-05 2.0942e-05 2.0883e-05 2.0818e-05 2.0863e-05 2.0789e-05 2.0843e-05 2.0875e-05 2.0809e-05 2.0801e-05 2.0802e-05 2.0839e-05 2.0787e-05 2.08e-05 2.0801e-05 2.0839e-05 2.0822e-05 2.0751e-05 2.0695e-05 2.0743e-05 2.0874e-05 2.0797e-05 2.071e-05 2.0732e-05 2.0725e-05 2.0735e-05 2.0738e-05 2.0716e-05 2.0683e-05 2.0637e-05 2.0667e-05 2.0778e-05 2.0658e-05 2.0803e-05 2.0717e-05 2.0758e-05 2.0793e-05 2.0785e-05 2.0808e-05 2.079e-05 2.0711e-05 2.0689e-05 2.0705e-05 2.072e-05 2.0784e-05 2.0818e-05 2.0885e-05 2.0868e-05 2.0872e-05 2.0869e-05 2.086e-05 2.0839e-05 2.0839e-05 2.0838e-05 2.0846e-05 2.0849e-05 2.0846e-05 2.0827e-05 2.084e-05 2.0831e-05 2.0862e-05 2.0838e-05 2.0826e-05 2.0851e-05 2.081e-05 2.0804e-05 2.0852e-05 2.084e-05 2.0809e-05 2.0834e-05 2.0874e-05 2.0908e-05 2.0947e-05 2.094e-05 2.0975e-05 2.0888e-05 2.0867e-05 2.0808e-05 2.0712e-05 2.0653e-05 2.0645e-05 2.0641e-05 2.0671e-05 2.0701e-05 2.0713e-05 2.072e-05 2.0726e-05 2.0716e-05 2.0709e-05 2.0675e-05 2.0665e-05 2.0681e-05 2.0687e-05 2.0682e-05 2.0678e-05 2.0708e-05 2.0803e-05 2.0823e-05 2.078e-05 2.085e-05 2.0928e-05 2.0975e-05 2.0948e-05 2.0973e-05 2.1089e-05 2.0811e-05 2.101e-05 2.0914e-05 2.0929e-05 2.0935e-05 2.0984e-05 2.1011e-05 2.1041e-05 2.1082e-05 2.1003e-05 2.093e-05 2.0855e-05 2.09e-05 2.089e-05 2.0832e-05 2.0774e-05 2.073e-05 2.0726e-05 2.0772e-05 2.0793e-05 2.0879e-05 2.0862e-05 2.0829e-05 2.0835e-05 2.0852e-05 2.1002e-05 2.1008e-05 2.0947e-05 2.0863e-05 2.0813e-05 2.079e-05 2.0778e-05 2.0809e-05 2.0765e-05 2.0771e-05 2.0922e-05 2.0847e-05 2.0829e-05 2.0839e-05 2.0771e-05
2.0745e-05 2.0887e-05 2.0975e-05 2.0876e-05 2.0821e-05 2.0786e-05 2.079e-05 2.0902e-05 2.0881e-05 2.0842e-05 2.0921e-05 2.0881e-05 2.0778e-05 2.0882e-05 2.0617e-05 2.0867e-05 2.0799e-05 2.0806e-05 2.0703e-05 2.0768e-05 2.0783e-05 2.0791e-05 2.0784e-05 2.0892e-05 2.0919e-05 2.0958e-05 2.0753e-05 2.084e-05 2.0924e-05 2.091e-05 2.0832e-05 2.0778e-05 2.0772e-05 2.0791e-05 2.0785e-05 2.0835e-05 2.0909e-05 2.0876e-05 2.089e-05 2.0895e-05 2.082e-05 2.0938e-05 2.0863e-05 2.0799e-05 2.0856e-05 2.1015e-05 2.0769e-05 2.0741e-05 2.0733e-05 2.0742e-05 2.0747e-05 2.0724e-05 2.0727e-05 2.0784e-05 2.085e-05 2.0694e-05 2.0693e-05 2.0728e-05 2.0692e-05 2.0694e-05 2.0702e-05 2.0731e-05 2.0708e-05 2.0697e-05 2.066e-05 2.0619e-05 2.065e-05 2.0741e-05 2.0642e-05 2.0639e-05 2.0667e-05 2.0711e-05 2.0855e-05 2.0714e-05 2.0682e-05 2.0761e-05 2.0787e-05 2.077e-05 2.0797e-05 2.0847e-05 2.0994e-05 2.0989e-05 2.0873e-05 2.0825e-05 2.0869e-05 2.0882e-05 2.0904e-05 2.0848e-05 2.083e-05 2.0836e-05 2.0826e-05 2.084e-05 2.0837e-05 2.0808e-05 2.0825e-05 2.0814e-05 2.0822e-05 2.0852e-05 2.0829e-05 2.0809e-05 2.0794e-05 2.0821e-05 2.0834e-05 2.0835e-05 2.0929e-05 2.0832e-05 2.0848e-05 2.0843e-05 2.0838e-05 2.0816e-05 2.0794e-05 2.078e-05 2.076e-05 2.0727e-05 2.0685e-05 2.0671e-05 2.0747e-05 2.0756e-05 2.0749e-05 2.0788e-05 2.0611e-05 2.0668e-05 2.0772e-05 2.073e-05 2.0698e-05 2.0685e-05 2.0659e-05 2.0649e-05 2.0691e-05 2.0652e-05 2.0619e-05 2.0647e-05 2.0996e-05 2.0676e-05 2.0702e-05 2.0741e-05 2.0937e-05 2.0908e-05 2.0913e-05 2.0835e-05 2.0979e-05 2.0994e-05 2.1011e-05 2.0994e-05 2.0982e-05 2.0997e-05 2.0997e-05 2.1035e-05 2.0991e-05 2.1002e-05 2.0955e-05 2.0956e-05 2.0945e-05 2.0929e-05 2.0921e-05 2.0749e-05 2.0653e-05 2.067e-05 2.0672e-05 2.0694e-05 2.0724e-05 2.0766e-05 2.0802e-05 2.0843e-05 2.0855e-05 2.0916e-05 2.0982e-05 2.0934e-05 2.0924e-05 2.108e-05 2.0957e-05 2.0833e-05 2.0809e-05 2.0853e-05 2.1016e-05 2.0951e-05 2.0922e-05 2.0774e-05 2.0766e-05 2.077e-05
2.0723e-05 2.0808e-05 2.0839e-05 2.0787e-05 2.0791e-05 2.0821e-05 2.1025e-05 2.0914e-05 2.0881e-05 2.0915e-05 2.0829e-05 2.0916e-05 2.0879e-05 2.1013e-05 2.0848e-05 2.0748e-05 2.082e-05 2.0795e-05 2.0845e-05 2.079e-05 2.0769e-05 2.0766e-05 2.0815e-05 2.084e-05 2.0976e-05 2.0908e-05 2.0876e-05 2.0865e-05 2.0791e-05 2.0906e-05 2.0865e-05 2.0755e-05 2.0741e-05 2.0791e-05 2.0737e-05 2.0787e-05 2.0875e-05 2.096e-05 2.0986e-05 2.0962e-05 2.0914e-05 2.0812e-05 2.0757e-05 2.0761e-05 2.0773e-05 2.0828e-05 2.0743e-05 2.0719e-05 2.069e-05 2.0692e-05 2.069e-05 2.0689e-05 2.0683e-05 2.0679e-05 2.0721e-05 2.0754e-05 2.0732e-05 2.0761e-05 2.0709e-05 2.0688e-05 2.0734e-05 2.0783e-05 2.0627e-05 2.0661e-05 2.0742e-05 2.0615e-05 2.0717e-05 2.0678e-05 2.0641e-05 2.0861e-05 2.081e-05 2.067e-05 2.0609e-05 2.0729e-05 2.0651e-05 2.075e-05 2.0743e-05 2.0802e-05 2.0848e-05 2.0848e-05 2.0946e-05 2.0925e-05 2.0872e-05 2.0911e-05 2.0903e-05 2.083e-05 2.0859e-05 2.0864e-05 2.0799e-05 2.1001e-05 2.0854e-05 2.0814e-05 2.0801e-05 2.082e-05 2.073e-05 2.0852e-05 2.0865e-05 2.086e-05 2.0694e-05 2.0869e-05 2.0884e-05 2.0813e-05 2.0839e-05 2.0834e-05 2.082e-05 2.081e-05 2.0813e-05 2.0824e-05 2.0827e-05 2.0769e-05 2.0752e-05 2.0717e-05 2.0705e-05 2.0703e-05 2.0727e-05 2.0785e-05 2.0774e-05 2.0758e-05 2.0817e-05 2.0892e-05 2.0883e-05 2.0875e-05 2.076e-05 2.0694e-05 2.064e-05 2.0626e-05 2.0618e-05 2.0627e-05 2.0617e-05 2.0604e-05 2.0625e-05 2.0629e-05 2.0663e-05 2.069e-05 2.0674e-05 2.0724e-05 2.0805e-05 2.1003e-05 2.1085e-05 2.1038e-05 2.0708e-05 2.0734e-05 2.1086e-05 2.1083e-05 2.0843e-05 2.103e-05 2.1006e-05 2.111e-05 2.1012e-05 2.0945e-05 2.1019e-05 2.1003e-05 2.0919e-05 2.081e-05 2.0763e-05 2.0728e-05 2.0698e-05 2.0707e-05 2.069e-05 2.0692e-05 2.0696e-05 2.0708e-05 2.0729e-05 2.0757e-05 2.083e-05 2.0887e-05 2.0942e-05 2.0954e-05 2.092e-05 2.0956e-05 2.0788e-05 2.1057e-05 2.0929e-05 2.0895e-05 2.0942e-05 2.0831e-05 2.0789e-05 2.0821e-05 2.0773e-05 2.0747e-05
2.0751e-05 2.0745e-05 2.0714e-05 2.0674e-05 2.0746e-05 2.095e-05 2.0884e-05 2.0914e-05 2.0983e-05 2.0973e-05 2.0956e-05 2.0688e-05 2.0963e-05 2.0941e-05 2.1002e-05 2.0989e-05 2.0877e-05 2.0794e-05 2.0874e-05 2.0898e-05 2.0701e-05 2.0887e-05 2.0881e-05 2.0883e-05 2.1005e-05 2.0898e-05 2.0854e-05 2.0858e-05 2.0862e-05 2.0994e-05 2.1075e-05 2.0753e-05 2.0792e-05 2.0776e-05 2.0782e-05 2.0813e-05 2.0786e-05 2.0901e-05 2.0935e-05 2.0924e-05 2.0959e-05 2.0858e-05 2.0818e-05 2.0794e-05 2.0779e-05 2.0826e-05 2.0901e-05 2.0911e-05 2.0766e-05 2.0689e-05 2.0684e-05 2.0675e-05 2.0697e-05 2.0702e-05 2.074e-05 2.0834e-05 2.0877e-05 2.0872e-05 2.0911e-05 2.093e-05 2.081e-05 2.0608e-05 2.0725e-05 2.0811e-05 2.0611e-05 2.0601e-05 2.0604e-05 2.0656e-05 2.0712e-05 2.1006e-05 2.0604e-05 2.0682e-05 2.0814e-05 2.0716e-05 2.0779e-05 2.0649e-05 2.0619e-05 2.0656e-05 2.07e-05 2.0613e-05 2.0612e-05 2.0733e-05 2.0855e-05 2.0842e-05 2.0799e-05 2.0851e-05 2.084e-05 2.0884e-05 2.0893e-05 2.0837e-05 2.0825e-05 2.0811e-05 2.086e-05 2.0913e-05 2.0913e-05 2.0924e-05 2.0921e-05 2.0905e-05 2.0833e-05 2.0906e-05 2.0951e-05 2.0927e-05 2.0929e-05 2.0916e-05 2.0918e-05 2.0812e-05 2.0804e-05 2.0772e-05 2.0744e-05 2.072e-05 2.0698e-05 2.0676e-05 2.0656e-05 2.0641e-05 2.0659e-05 2.0694e-05 2.0676e-05 2.0674e-05 2.0654e-05 2.0692e-05 2.0705e-05 2.0675e-05 2.0623e-05 2.0601e-05 2.0604e-05 2.0603e-05 2.0605e-05 2.0604e-05 2.0605e-05 2.0631e-05 2.0603e-05 2.0611e-05 2.063e-05 2.061e-05 2.0623e-05 2.0633e-05 2.0642e-05 2.0719e-05 2.1017e-05 2.084e-05 2.0694e-05 2.0643e-05 2.0992e-05 2.0963e-05 2.0873e-05 2.0903e-05 2.0968e-05 2.1005e-05 2.1008e-05 2.0944e-05 2.0865e-05 2.0835e-05 2.0812e-05 2.0858e-05 2.0768e-05 2.0817e-05 2.0734e-05 2.0825e-05 2.096e-05 2.0918e-05 2.0721e-05 2.0705e-05 2.0717e-05 2.0768e-05 2.0841e-05 2.0893e-05 2.0936e-05 2.0936e-05 2.0918e-05 2.0936e-05 2.099e-05 2.1012e-05 2.0932e-05 2.0917e-05 2.0754e-05 2.0922e-05 2.092e-05 2.0899e-05 2.0848e-05 2.0758e-05
2.0736e-05 2.073e-05 2.071e-05 2.0695e-05 2.0797e-05 2.0807e-05 2.0821e-05 2.0892e-05 2.0919e-05 2.0837e-05 2.0846e-05 2.0866e-05 2.0893e-05 2.0871e-05 2.0928e-05 2.0891e-05 2.0795e-05 2.0819e-05 2.082e-05 2.0833e-05 2.0924e-05 2.1038e-05 2.1037e-05 2.0704e-05 2.1038e-05 2.0891e-05 2.0834e-05 2.0833e-05 2.0833e-05 2.088e-05 2.0923e-05 2.0774e-05 2.0779e-05 2.0802e-05 2.0762e-05 2.0834e-05 2.088e-05 2.0919e-05 2.0993e-05 2.1011e-05 2.0993e-05 2.1012e-05 2.102e-05 2.0985e-05 2.0853e-05 2.0905e-05 2.0934e-05 2.0869e-05 2.0773e-05 2.0728e-05 2.0689e-05 2.0684e-05 2.0682e-05 2.076e-05 2.0799e-05 2.0985e-05 2.0922e-05 2.0997e-05 2.093e-05 2.0646e-05 2.0817e-05 2.0601e-05 2.0603e-05 2.0613e-05 2.0757e-05 2.0776e-05 2.0783e-05 2.0819e-05 2.0776e-05 2.0781e-05 2.0782e-05 2.0625e-05 2.0752e-05 2.0743e-05 2.061e-05 2.0668e-05 2.0745e-05 2.0639e-05 2.0663e-05 2.0677e-05 2.0756e-05 2.0814e-05 2.0791e-05 2.0796e-05 2.0813e-05 2.0841e-05 2.0838e-05 2.0886e-05 2.0864e-05 2.0918e-05 2.0873e-05 2.0839e-05 2.0797e-05 2.0854e-05 2.0838e-05 2.0749e-05 2.065e-05 2.0838e-05 2.0846e-05 2.0827e-05 2.0834e-05 2.0849e-05 2.0952e-05 2.0917e-05 2.095e-05 2.0902e-05 2.0774e-05 2.0755e-05 2.0717e-05 2.0684e-05 2.0659e-05 2.0642e-05 2.0619e-05 2.0605e-05 2.0605e-05 2.06e-05 2.0603e-05 2.0612e-05 2.0618e-05 2.0665e-05 2.073e-05 2.0768e-05 2.0788e-05 2.0812e-05 2.0844e-05 2.0784e-05 2.0733e-05 2.0727e-05 2.0842e-05 2.0657e-05 2.0611e-05 2.0603e-05 2.0601e-05 2.0616e-05 2.0604e-05 2.061e-05 2.0798e-05 2.0691e-05 2.0713e-05 2.0772e-05 2.0805e-05 2.084e-05 2.0826e-05 2.0822e-05 2.1004e-05 2.0944e-05 2.0922e-05 2.0917e-05 2.0859e-05 2.0802e-05 2.0744e-05 2.0743e-05 2.0621e-05 2.0694e-05 2.0814e-05 2.0786e-05 2.0749e-05 2.0972e-05 2.0934e-05 2.0702e-05 2.0748e-05 2.0785e-05 2.0819e-05 2.0812e-05 2.0883e-05 2.0908e-05 2.0877e-05 2.0842e-05 2.0796e-05 2.0838e-05 2.0843e-05 2.0952e-05 2.0815e-05 2.0885e-05 2.0928e-05 2.0911e-05 2.0863e-05 2.079e-05 2.0791e-05 2.0748e-05
2.0724e-05 2.0791e-05 2.0776e-05 2.067e-05 2.0647e-05 2.0908e-05 2.0774e-05 2.0752e-05 2.0754e-05 2.079e-05 2.0762e-05 2.0858e-05 2.0891e-05 2.0829e-05 2.083e-05 2.0831e-05 2.0883e-05 2.0811e-05 2.0835e-05 2.0818e-05 2.0842e-05 2.0962e-05 2.1018e-05 2.0822e-05 2.0901e-05 2.0849e-05 2.0669e-05 2.0856e-05 2.0822e-05 2.0854e-05 2.0793e-05 2.0817e-05 2.0818e-05 2.0745e-05 2.0806e-05 2.0808e-05 2.0813e-05 2.0961e-05 2.1015e-05 2.1022e-05 2.1042e-05 2.1016e-05 2.0927e-05 2.0889e-05 2.0854e-05 2.0829e-05 2.08e-05 2.0808e-05 2.0659e-05 2.0603e-05 2.0865e-05 2.085e-05 2.0797e-05 2.0839e-05 2.081e-05 2.0723e-05 2.0754e-05 2.0885e-05 2.0905e-05 2.0741e-05 2.079e-05 2.06e-05 2.0603e-05 2.0615e-05 2.0901e-05 2.0851e-05 2.0794e-05 2.0796e-05 2.0804e-05 2.081e-05 2.0805e-05 2.0764e-05 2.0653e-05 2.0602e-05 2.0668e-05 2.0694e-05 2.0658e-05 2.0621e-05 2.0726e-05 2.0691e-05 2.0665e-05 2.0691e-05 2.0713e-05 2.0744e-05 2.0787e-05 2.0646e-05 2.0741e-05 2.0832e-05 2.0809e-05 2.08e-05 2.0856e-05 2.0868e-05 2.0891e-05 2.0808e-05 2.0907e-05 2.0935e-05 2.0876e-05 2.0859e-05 2.0841e-05 2.0866e-05 2.0837e-05 2.0819e-05 2.0901e-05 2.103e-05 2.0806e-05 2.0841e-05 2.0811e-05 2.0752e-05 2.0729e-05 2.0712e-05 2.0644e-05 2.0622e-05 2.0602e-05 2.0604e-05 2.0613e-05 2.065e-05 2.0743e-05 2.0798e-05 2.0923e-05 2.1053e-05 2.1128e-05 2.1159e-05 2.1163e-05 2.1163e-05 2.1162e-05 2.115e-05 2.1138e-05 2.1144e-05 2.1145e-05 2.1135e-05 2.1002e-05 2.0666e-05 2.067e-05 2.0731e-05 2.0606e-05 2.06e-05 2.0601e-05 2.0611e-05 2.0758e-05 2.0761e-05 2.0738e-05 2.0825e-05 2.0809e-05 2.0879e-05 2.0845e-05 2.0721e-05 2.0865e-05 2.0868e-05 2.0853e-05 2.0892e-05 2.0846e-05 2.0774e-05 2.0714e-05 2.0684e-05 2.0614e-05 2.0735e-05 2.0757e-05 2.1011e-05 2.0691e-05 2.0749e-05 2.0728e-05 2.0722e-05 2.0724e-05 2.0784e-05 2.0829e-05 2.0842e-05 2.0898e-05 2.0835e-05 2.0942e-05 2.0837e-05 2.08e-05 2.0918e-05 2.1017e-05 2.1017e-05 2.0914e-05 2.0805e-05 2.0793e-05 2.0774e-05 2.0734e-05 2.0724e-05
2.0738e-05 2.0767e-05 2.0824e-05 2.081e-05 2.0708e-05 2.073e-05 2.0741e-05 2.0888e-05 2.0713e-05 2.0803e-05 2.0867e-05 2.0815e-05 2.0846e-05 2.0802e-05 2.0831e-05 2.085e-05 2.0831e-05 2.0955e-05 2.086e-05 2.0845e-05 2.0883e-05 2.0949e-05 2.1031e-05 2.106e-05 2.1115e-05 2.0897e-05 2.0956e-05 2.0885e-05 2.083e-05 2.0828e-05 2.0846e-05 2.0814e-05 2.0867e-05 2.0866e-05 2.0849e-05 2.0894e-05 2.0894e-05 2.0919e-05 2.0968e-05 2.1104e-05 2.1108e-05 2.1136e-05 2.1072e-05 2.0888e-05 2.0852e-05 2.0817e-05 2.0799e-05 2.0865e-05 2.0645e-05 2.0612e-05 2.0876e-05 2.0883e-05 2.0969e-05 2.1017e-05 2.081e-05 2.0663e-05 2.0639e-05 2.0643e-05 2.0792e-05 2.0905e-05 2.0882e-05 2.0837e-05 2.0606e-05 2.076e-05 2.0846e-05 2.0777e-05 2.0822e-05 2.0803e-05 2.0803e-05 2.0801e-05 2.0801e-05 2.0806e-05 2.0654e-05 2.0665e-05 2.0711e-05 2.0813e-05 2.0658e-05 2.065e-05 2.0705e-05 2.07e-05 2.0676e-05 2.0691e-05 2.0759e-05 2.0795e-05 2.0837e-05 2.0719e-05 2.0866e-05 2.0852e-05 2.0808e-05 2.0814e-05 2.0822e-05 2.081e-05 2.0789e-05 2.0776e-05 2.0828e-05 2.0897e-05 2.0877e-05 2.0862e-05 2.0848e-05 2.0919e-05 2.0806e-05 2.0867e-05 2.0922e-05 2.0842e-05 2.0866e-05 2.0829e-05 2.0771e-05 2.0722e-05 2.0684e-05 2.0677e-05 2.0609e-05 2.0601e-05 2.06e-05 2.063e-05 2.0688e-05 2.0807e-05 2.0932e-05 2.1067e-05 2.1149e-05 2.1148e-05 2.1116e-05 2.1035e-05 2.0991e-05 2.0908e-05 2.0921e-05 2.0913e-05 2.0981e-05 2.0979e-05 2.102e-05 2.1072e-05 2.0985e-05 2.1117e-05 2.0927e-05 2.0914e-05 2.0701e-05 2.061e-05 2.0625e-05 2.0837e-05 2.0948e-05 2.0686e-05 2.0738e-05 2.0854e-05 2.0675e-05 2.0845e-05 2.097e-05 2.0923e-05 2.0859e-05 2.0755e-05 2.0802e-05 2.0783e-05 2.072e-05 2.0716e-05 2.0738e-05 2.0758e-05 2.0869e-05 2.0756e-05 2.0744e-05 2.0717e-05 2.0736e-05 2.0734e-05 2.0745e-05 2.0824e-05 2.0802e-05 2.0736e-05 2.0745e-05 2.0783e-05 2.0879e-05 2.0746e-05 2.0819e-05 2.0757e-05 2.0826e-05 2.09e-05 2.0815e-05 2.093e-05 2.0909e-05 2.0854e-05 2.0824e-05 2.0784e-05 2.0769e-05 2.0743e-05
2.0896e-05 2.085e-05 2.0875e-05 2.08e-05 2.067e-05 2.0642e-05 2.0627e-05 2.0746e-05 2.0747e-05 2.0919e-05 2.0835e-05 2.0922e-05 2.0922e-05 2.0953e-05 2.0899e-05 2.0935e-05 2.0946e-05 2.0939e-05 2.1068e-05 2.1023e-05 2.0965e-05 2.0915e-05 2.1051e-05 2.1073e-05 2.0962e-05 2.1001e-05 2.0934e-05 2.0831e-05 2.0836e-05 2.0837e-05 2.087e-05 2.0827e-05 2.0891e-05 2.1105e-05 2.1109e-05 2.1073e-05 2.1026e-05 2.1027e-05 2.1018e-05 2.1105e-05 2.1134e-05 2.1123e-05 2.1095e-05 2.0943e-05 2.0878e-05 2.0843e-05 2.0837e-05 2.0838e-05 2.0851e-05 2.0871e-05 2.0905e-05 2.0964e-05 2.1047e-05 2.108e-05 2.1033e-05 2.0951e-05 2.0754e-05 2.0741e-05 2.0864e-05 2.0902e-05 2.0616e-05 2.0601e-05 2.0602e-05 2.0628e-05 2.0781e-05 2.0885e-05 2.0814e-05 2.0821e-05 2.0806e-05 2.0846e-05 2.0852e-05 2.0774e-05 2.0699e-05 2.0624e-05 2.0602e-05 2.0687e-05 2.0677e-05 2.0639e-05 2.0714e-05 2.069e-05 2.0685e-05 2.0701e-05 2.0748e-05 2.0812e-05 2.0799e-05 2.0889e-05 2.0862e-05 2.0633e-05 2.0718e-05 2.0808e-05 2.0837e-05 2.0817e-05 2.0715e-05 2.0709e-05 2.081e-05 2.0842e-05 2.0971e-05 2.0773e-05 2.0907e-05 2.0906e-05 2.0917e-05 2.0915e-05 2.0862e-05 2.0796e-05 2.0778e-05 2.0846e-05 2.0854e-05 2.0715e-05 2.0684e-05 2.0632e-05 2.0685e-05 2.061e-05 2.0619e-05 2.072e-05 2.0917e-05 2.1066e-05 2.115e-05 2.1163e-05 2.1109e-05 2.1021e-05 2.0776e-05 2.0532e-05 2.0771e-05 2.0785e-05 2.109e-05 2.0946e-05 2.0911e-05 2.0864e-05 2.092e-05 2.0938e-05 2.0929e-05 2.0921e-05 2.1007e-05 2.1121e-05 2.1096e-05 2.0891e-05 2.0604e-05 2.0629e-05 2.0609e-05 2.0662e-05 2.0631e-05 2.0723e-05 2.0912e-05 2.081e-05 2.0779e-05 2.0954e-05 2.0827e-05 2.087e-05 2.0776e-05 2.075e-05 2.0873e-05 2.0785e-05 2.0788e-05 2.0797e-05 2.0821e-05 2.074e-05 2.0781e-05 2.0818e-05 2.0881e-05 2.0873e-05 2.1094e-05 2.0944e-05 2.0807e-05 2.0825e-05 2.0893e-05 2.079e-05 2.0723e-05 2.0669e-05 2.0776e-05 2.0679e-05 2.0696e-05 2.0746e-05 2.0756e-05 2.0845e-05 2.0925e-05 2.1e-05 2.0964e-05 2.0922e-05 2.0854e-05 2.0824e-05
2.0928e-05 2.0836e-05 2.0886e-05 2.0893e-05 2.0762e-05 2.0673e-05 2.0783e-05 2.0879e-05 2.0785e-05 2.0862e-05 2.0919e-05 2.0894e-05 2.1075e-05 2.0833e-05 2.1044e-05 2.1002e-05 2.1143e-05 2.1104e-05 2.0964e-05 2.1006e-05 2.0917e-05 2.1029e-05 2.0964e-05 2.0906e-05 2.0914e-05 2.0821e-05 2.0946e-05 2.0882e-05 2.0848e-05 2.0853e-05 2.0851e-05 2.0852e-05 2.0837e-05 2.099e-05 2.1026e-05 2.0999e-05 2.0948e-05 2.0938e-05 2.0941e-05 2.0995e-05 2.1068e-05 2.1092e-05 2.103e-05 2.101e-05 2.1034e-05 2.092e-05 2.0918e-05 2.09e-05 2.0939e-05 2.0931e-05 2.0993e-05 2.1023e-05 2.1086e-05 2.1085e-05 2.1092e-05 2.1033e-05 2.0977e-05 2.0978e-05 2.0883e-05 2.0794e-05 2.0975e-05 2.0654e-05 2.0713e-05 2.0601e-05 2.06e-05 2.0824e-05 2.0881e-05 2.0872e-05 2.0855e-05 2.0878e-05 2.0863e-05 2.0805e-05 2.0743e-05 2.0607e-05 2.06e-05 2.0601e-05 2.0695e-05 2.0705e-05 2.0742e-05 2.0839e-05 2.0717e-05 2.076e-05 2.0777e-05 2.0787e-05 2.0849e-05 2.0839e-05 2.0886e-05 2.0838e-05 2.0778e-05 2.08e-05 2.0782e-05 2.0779e-05 2.0688e-05 2.0788e-05 2.0832e-05 2.0964e-05 2.0905e-05 2.0932e-05 2.0863e-05 2.0764e-05 2.0899e-05 2.0974e-05 2.093e-05 2.0867e-05 2.0707e-05 2.0703e-05 2.078e-05 2.0722e-05 2.0652e-05 2.0664e-05 2.0687e-05 2.0634e-05 2.0604e-05 2.0648e-05 2.1144e-05 2.1091e-05 2.098e-05 2.0634e-05 2.0317e-05 2.0799e-05 2.0976e-05 2.0873e-05 2.0692e-05 2.0747e-05 2.0928e-05 2.1024e-05 2.1078e-05 2.0975e-05 2.0909e-05 2.0952e-05 2.0947e-05 2.101e-05 2.1006e-05 2.1031e-05 2.1134e-05 2.1138e-05 2.0954e-05 2.0657e-05 2.06e-05 2.0608e-05 2.0617e-05 2.063e-05 2.0707e-05 2.0798e-05 2.0696e-05 2.0701e-05 2.0798e-05 2.0734e-05 2.0747e-05 2.0748e-05 2.0746e-05 2.0859e-05 2.0889e-05 2.0819e-05 2.0898e-05 2.0842e-05 2.0828e-05 2.0942e-05 2.1008e-05 2.0878e-05 2.0738e-05 2.0717e-05 2.0892e-05 2.0907e-05 2.0808e-05 2.0714e-05 2.0739e-05 2.0707e-05 2.0676e-05 2.0693e-05 2.0702e-05 2.0712e-05 2.087e-05 2.0862e-05 2.0924e-05 2.0815e-05 2.0884e-05 2.0912e-05 2.084e-05 2.0866e-05
2.0832e-05 2.0818e-05 2.0845e-05 2.0835e-05 2.0785e-05 2.0793e-05 2.0772e-05 2.0765e-05 2.0744e-05 2.0898e-05 2.094e-05 2.084e-05 2.0937e-05 2.0976e-05 2.0961e-05 2.0959e-05 2.0773e-05 2.0974e-05 2.09e-05 2.0878e-05 2.0922e-05 2.0864e-05 2.0737e-05 2.0942e-05 2.0871e-05 2.0819e-05 2.0859e-05 2.0884e-05 2.0883e-05 2.0891e-05 2.0917e-05 2.0899e-05 2.0913e-05 2.0951e-05 2.0951e-05 2.0958e-05 2.0953e-05 2.0947e-05 2.0927e-05 2.0925e-05 2.0988e-05 2.1008e-05 2.0975e-05 2.0992e-05 2.0994e-05 2.0961e-05 2.0961e-05 2.1001e-05 2.1033e-05 2.1067e-05 2.1081e-05 2.1082e-05 2.109e-05 2.1171e-05 2.12e-05 2.1008e-05 2.0929e-05 2.0902e-05 2.0826e-05 2.0774e-05 2.071e-05 2.072e-05 2.065e-05 2.063e-05 2.0611e-05 2.0675e-05 2.077e-05 2.1053e-05 2.1014e-05 2.0928e-05 2.0894e-05 2.0842e-05 2.064e-05 2.0605e-05 2.0603e-05 2.0601e-05 2.0725e-05 2.0735e-05 2.0739e-05 2.0611e-05 2.0806e-05 2.0766e-05 2.0821e-05 2.0831e-05 2.0845e-05 2.0864e-05 2.0865e-05 2.0768e-05 2.0773e-05 2.0792e-05 2.0815e-05 2.0799e-05 2.0749e-05 2.0802e-05 2.0843e-05 2.0821e-05 2.0896e-05 2.0891e-05 2.09e-05 2.0761e-05 2.1052e-05 2.0931e-05 2.0894e-05 2.0879e-05 2.0762e-05 2.0883e-05 2.0768e-05 2.0723e-05 2.0685e-05 2.0679e-05 2.0661e-05 2.0673e-05 2.0604e-05 2.0855e-05 2.1081e-05 2.0945e-05 2.041e-05 2.0309e-05 2.0742e-05 2.0504e-05 2.0642e-05 2.0471e-05 2.0585e-05 2.0595e-05 2.0732e-05 2.0501e-05 2.0397e-05 2.0931e-05 2.0986e-05 2.0794e-05 2.0954e-05 2.0989e-05 2.0989e-05 2.1028e-05 2.1136e-05 2.116e-05 2.107e-05 2.0755e-05 2.0609e-05 2.0601e-05 2.0616e-05 2.0606e-05 2.0885e-05 2.0693e-05 2.0691e-05 2.0735e-05 2.0718e-05 2.0773e-05 2.0797e-05 2.0737e-05 2.08e-05 2.0838e-05 2.078e-05 2.0848e-05 2.0831e-05 2.09e-05 2.0944e-05 2.0928e-05 2.1023e-05 2.1155e-05 2.0919e-05 2.097e-05 2.087e-05 2.071e-05 2.0688e-05 2.0707e-05 2.0802e-05 2.0684e-05 2.0779e-05 2.0764e-05 2.0712e-05 2.0731e-05 2.0871e-05 2.0863e-05 2.0823e-05 2.101e-05 2.1e-05 2.0889e-05 2.0851e-05 2.087e-05
2.0729e-05 2.0879e-05 2.0708e-05 2.0773e-05 2.073e-05 2.0796e-05 2.0774e-05 2.0781e-05 2.0822e-05 2.0868e-05 2.0945e-05 2.0925e-05 2.0969e-05 2.1005e-05 2.0942e-05 2.0935e-05 2.0863e-05 2.0845e-05 2.0874e-05 2.088e-05 2.0977e-05 2.0931e-05 2.0893e-05 2.0891e-05 2.0947e-05 2.0877e-05 2.086e-05 2.086e-05 2.0988e-05 2.0932e-05 2.0959e-05 2.0908e-05 2.09e-05 2.0973e-05 2.097e-05 2.0972e-05 2.0966e-05 2.0946e-05 2.091e-05 2.0892e-05 2.1002e-05 2.1051e-05 2.1224e-05 2.1212e-05 2.107e-05 2.1001e-05 2.103e-05 2.1074e-05 2.1068e-05 2.1116e-05 2.1135e-05 2.1133e-05 2.1149e-05 2.1133e-05 2.1124e-05 2.0989e-05 2.0971e-05 2.0924e-05 2.0917e-05 2.0843e-05 2.0845e-05 2.0824e-05 2.0731e-05 2.0828e-05 2.0604e-05 2.061e-05 2.0621e-05 2.0645e-05 2.0679e-05 2.0708e-05 2.0667e-05 2.0659e-05 2.0601e-05 2.0606e-05 2.06e-05 2.0703e-05 2.0721e-05 2.069e-05 2.0712e-05 2.0692e-05 2.0736e-05 2.0603e-05 2.082e-05 2.0783e-05 2.0815e-05 2.0817e-05 2.0845e-05 2.076e-05 2.0768e-05 2.0818e-05 2.0835e-05 2.0797e-05 2.0789e-05 2.0809e-05 2.0816e-05 2.0864e-05 2.0808e-05 2.0869e-05 2.0798e-05 2.0901e-05 2.0916e-05 2.0894e-05 2.0925e-05 2.1002e-05 2.0991e-05 2.0915e-05 2.0787e-05 2.0643e-05 2.0744e-05 2.0694e-05 2.0683e-05 2.0656e-05 2.0627e-05 2.1121e-05 2.1002e-05 2.0601e-05 2.0617e-05 2.0777e-05 2.0644e-05 2.0377e-05 2.055e-05 2.0559e-05 2.0725e-05 2.0506e-05 2.056e-05 2.0914e-05 2.0849e-05 2.0885e-05 2.0764e-05 2.0894e-05 2.0963e-05 2.0977e-05 2.1037e-05 2.1107e-05 2.1155e-05 2.1148e-05 2.1076e-05 2.0846e-05 2.0616e-05 2.0608e-05 2.06e-05 2.0601e-05 2.0615e-05 2.0623e-05 2.0651e-05 2.0675e-05 2.072e-05 2.0756e-05 2.075e-05 2.0646e-05 2.071e-05 2.0738e-05 2.075e-05 2.0824e-05 2.0835e-05 2.0894e-05 2.0953e-05 2.0956e-05 2.0941e-05 2.0936e-05 2.098e-05 2.096e-05 2.0825e-05 2.0681e-05 2.0655e-05 2.0656e-05 2.0692e-05 2.0711e-05 2.078e-05 2.0741e-05 2.0745e-05 2.072e-05 2.0977e-05 2.0827e-05 2.0819e-05 2.0689e-05 2.0882e-05 2.0835e-05 2.0776e-05 2.0786e-05
2.0697e-05 2.0714e-05 2.0709e-05 2.0652e-05 2.0682e-05 2.0811e-05 2.0791e-05 2.0808e-05 2.0701e-05 2.0637e-05 2.0601e-05 2.0603e-05 2.0757e-05 2.0925e-05 2.0874e-05 2.0891e-05 2.0985e-05 2.0932e-05 2.0987e-05 2.0922e-05 2.0991e-05 2.0882e-05 2.0892e-05 2.0894e-05 2.0932e-05 2.1092e-05 2.0993e-05 2.0956e-05 2.0912e-05 2.1001e-05 2.1023e-05 2.0974e-05 2.1009e-05 2.1008e-05 2.1051e-05 2.0995e-05 2.0981e-05 2.0947e-05 2.0939e-05 2.1304e-05 2.135e-05 2.1374e-05 2.1567e-05 2.1586e-05 2.158e-05 2.1328e-05 2.1328e-05 2.1327e-05 2.1207e-05 2.1148e-05 2.1196e-05 2.1126e-05 2.1174e-05 2.1142e-05 2.1149e-05 2.1138e-05 2.112e-05 2.1026e-05 2.085e-05 2.089e-05 2.0958e-05 2.1061e-05 2.0799e-05 2.0675e-05 2.0688e-05 2.0611e-05 2.0616e-05 2.06e-05 2.0624e-05 2.0634e-05 2.0625e-05 2.0601e-05 2.0605e-05 2.0633e-05 2.0628e-05 2.0631e-05 2.0657e-05 2.0613e-05 2.0668e-05 2.0737e-05 2.0706e-05 2.0729e-05 2.0791e-05 2.0792e-05 2.0828e-05 2.0825e-05 2.0783e-05 2.0742e-05 2.0747e-05 2.0775e-05 2.0825e-05 2.0779e-05 2.084e-05 2.083e-05 2.0806e-05 2.0905e-05 2.0934e-05 2.0835e-05 2.0851e-05 2.0876e-05 2.094e-05 2.092e-05 2.1018e-05 2.1063e-05 2.0759e-05 2.0893e-05 2.0825e-05 2.0715e-05 2.0715e-05 2.0713e-05 2.0671e-05 2.0636e-05 2.0621e-05 2.1126e-05 2.1089e-05 2.0596e-05 2.0591e-05 2.094e-05 2.051e-05 2.0487e-05 2.0498e-05 2.0624e-05 2.0437e-05 2.0323e-05 2.0641e-05 2.0919e-05 2.0769e-05 2.0727e-05 2.0845e-05 2.0768e-05 2.0885e-05 2.0991e-05 2.1136e-05 2.1162e-05 2.1149e-05 2.1123e-05 2.101e-05 2.0804e-05 2.0688e-05 2.0611e-05 2.0643e-05 2.0637e-05 2.0666e-05 2.0637e-05 2.0785e-05 2.0787e-05 2.0715e-05 2.0698e-05 2.0689e-05 2.0697e-05 2.0714e-05 2.0708e-05 2.0711e-05 2.0836e-05 2.0863e-05 2.0876e-05 2.0924e-05 2.0834e-05 2.0852e-05 2.0897e-05 2.0906e-05 2.0922e-05 2.0798e-05 2.0727e-05 2.0701e-05 2.0721e-05 2.0705e-05 2.0719e-05 2.086e-05 2.0776e-05 2.0774e-05 2.0921e-05 2.0939e-05 2.0798e-05 2.0813e-05 2.078e-05 2.0786e-05 2.0745e-05 2.0711e-05 2.0771e-05
2.0719e-05 2.0701e-05 2.0751e-05 2.0824e-05 2.0671e-05 2.0814e-05 2.0744e-05 2.0767e-05 2.0909e-05 2.0818e-05 2.0621e-05 2.062e-05 2.0858e-05 2.092e-05 2.0807e-05 2.0864e-05 2.0813e-05 2.0902e-05 2.0854e-05 2.0845e-05 2.0812e-05 2.0957e-05 2.0807e-05 2.081e-05 2.0863e-05 2.0864e-05 2.0905e-05 2.0962e-05 2.0934e-05 2.0958e-05 2.0982e-05 2.1301e-05 2.1125e-05 2.105e-05 2.1049e-05 2.1016e-05 2.0989e-05 2.0995e-05 2.1124e-05 2.1155e-05 2.1254e-05 2.1434e-05 2.1473e-05 2.1463e-05 2.1418e-05 2.1402e-05 2.1415e-05 2.1381e-05 2.1456e-05 2.1309e-05 2.1196e-05 2.1191e-05 2.1185e-05 2.1167e-05 2.1139e-05 2.1133e-05 2.109e-05 2.1029e-05 2.1014e-05 2.0918e-05 2.0915e-05 2.0884e-05 2.0972e-05 2.0925e-05 2.0764e-05 2.0853e-05 2.0671e-05 2.0608e-05 2.0601e-05 2.0601e-05 2.0601e-05 2.0601e-05 2.0617e-05 2.0639e-05 2.0622e-05 2.0635e-05 2.0647e-05 2.0677e-05 2.0703e-05 2.0699e-05 2.071e-05 2.0702e-05 2.0722e-05 2.0773e-05 2.0782e-05 2.0828e-05 2.0759e-05 2.0702e-05 2.0771e-05 2.0781e-05 2.0739e-05 2.0731e-05 2.0747e-05 2.0832e-05 2.0776e-05 2.0865e-05 2.0863e-05 2.087e-05 2.0878e-05 2.0785e-05 2.0929e-05 2.0883e-05 2.0965e-05 2.0944e-05 2.0962e-05 2.0971e-05 2.0826e-05 2.0749e-05 2.0706e-05 2.0699e-05 2.0698e-05 2.0611e-05 2.0632e-05 2.0957e-05 2.1125e-05 2.0539e-05 2.0327e-05 2.0438e-05 2.0745e-05 2.0562e-05 2.0332e-05 2.0453e-05 2.0359e-05 2.0324e-05 2.0568e-05 2.0772e-05 2.0556e-05 2.0729e-05 2.0658e-05 2.0858e-05 2.0965e-05 2.1102e-05 2.1163e-05 2.1153e-05 2.1099e-05 2.1045e-05 2.0993e-05 2.0902e-05 2.0672e-05 2.0601e-05 2.0609e-05 2.0659e-05 2.0689e-05 2.0698e-05 2.0707e-05 2.0675e-05 2.0631e-05 2.0683e-05 2.0814e-05 2.0706e-05 2.0697e-05 2.0679e-05 2.0725e-05 2.0758e-05 2.0829e-05 2.0778e-05 2.0829e-05 2.0887e-05 2.0772e-05 2.0806e-05 2.0866e-05 2.0892e-05 2.0888e-05 2.084e-05 2.0776e-05 2.0752e-05 2.0678e-05 2.0708e-05 2.0758e-05 2.0763e-05 2.0746e-05 2.0783e-05 2.072e-05 2.0739e-05 2.0734e-05 2.0789e-05 2.0761e-05 2.0719e-05 2.0692e-05 2.0672e-05
2.067e-05 2.0697e-05 2.07e-05 2.0766e-05 2.0612e-05 2.0643e-05 2.0709e-05 2.0861e-05 2.0963e-05 2.1077e-05 2.1132e-05 2.0948e-05 2.0978e-05 2.0812e-05 2.0735e-05 2.0742e-05 2.0741e-05 2.0742e-05 2.0773e-05 2.0793e-05 2.0796e-05 2.08e-05 2.0863e-05 2.0826e-05 2.0891e-05 2.0961e-05 2.0947e-05 2.1035e-05 2.1057e-05 2.0955e-05 2.0977e-05 2.1145e-05 2.1118e-05 2.122e-05 2.1099e-05 2.1249e-05 2.1153e-05 2.1437e-05 2.1421e-05 2.1162e-05 2.1443e-05 2.1526e-05 2.1377e-05 2.1372e-05 2.1385e-05 2.1392e-05 2.1363e-05 2.1259e-05 2.135e-05 2.1354e-05 2.1383e-05 2.1294e-05 2.1198e-05 2.1111e-05 2.1108e-05 2.109e-05 2.1108e-05 2.1003e-05 2.0978e-05 2.1009e-05 2.1012e-05 2.0867e-05 2.0869e-05 2.0799e-05 2.0704e-05 2.0685e-05 2.0643e-05 2.0626e-05 2.0868e-05 2.0605e-05 2.0643e-05 2.0631e-05 2.0626e-05 2.0612e-05 2.0626e-05 2.065e-05 2.0666e-05 2.0669e-05 2.0666e-05 2.0703e-05 2.0745e-05 2.0774e-05 2.083e-05 2.0615e-05 2.0766e-05 2.0807e-05 2.0802e-05 2.0826e-05 2.0712e-05 2.0782e-05 2.0755e-05 2.0728e-05 2.0737e-05 2.0777e-05 2.0865e-05 2.0808e-05 2.0879e-05 2.0894e-05 2.0808e-05 2.0815e-05 2.094e-05 2.0947e-05 2.0976e-05 2.0942e-05 2.0905e-05 2.0908e-05 2.065e-05 2.0814e-05 2.072e-05 2.0679e-05 2.0665e-05 2.0649e-05 2.0604e-05 2.0841e-05 2.1121e-05 2.0801e-05 2.0317e-05 2.0007e-05 1.9597e-05 2.0544e-05 2.0489e-05 2.0465e-05 2.0759e-05 2.0364e-05 2.0711e-05 2.0662e-05 2.0774e-05 2.072e-05 2.0754e-05 2.0814e-05 2.0899e-05 2.1143e-05 2.1144e-05 2.1105e-05 2.1022e-05 2.0959e-05 2.0831e-05 2.0681e-05 2.0616e-05 2.0601e-05 2.0655e-05 2.0653e-05 2.0733e-05 2.0731e-05 2.0758e-05 2.0732e-05 2.0683e-05 2.0679e-05 2.0684e-05 2.0705e-05 2.0678e-05 2.0703e-05 2.072e-05 2.0731e-05 2.0761e-05 2.0755e-05 2.0712e-05 2.0753e-05 2.0769e-05 2.0907e-05 2.0842e-05 2.0845e-05 2.0939e-05 2.0943e-05 2.0807e-05 2.0767e-05 2.0679e-05 2.0756e-05 2.075e-05 2.0724e-05 2.0698e-05 2.0703e-05 2.0708e-05 2.0712e-05 2.0747e-05 2.0776e-05 2.0667e-05 2.0648e-05 2.0666e-05 2.062e-05
2.067e-05 2.0612e-05 2.0695e-05 2.0824e-05 2.0717e-05 2.0837e-05 2.0839e-05 2.0818e-05 2.0938e-05 2.1079e-05 2.1103e-05 2.095e-05 2.0814e-05 2.0782e-05 2.075e-05 2.0765e-05 2.0742e-05 2.1011e-05 2.0788e-05 2.0801e-05 2.0815e-05 2.0853e-05 2.0849e-05 2.0894e-05 2.099e-05 2.0945e-05 2.098e-05 2.1007e-05 2.1104e-05 2.1078e-05 2.1133e-05 2.1156e-05 2.1138e-05 2.1187e-05 2.1164e-05 2.1136e-05 2.125e-05 2.1449e-05 2.1436e-05 2.1442e-05 2.1504e-05 2.1381e-05 2.1279e-05 2.1294e-05 2.1342e-05 2.1303e-05 2.133e-05 2.1319e-05 2.1279e-05 2.127e-05 2.1295e-05 2.1415e-05 2.1307e-05 2.1138e-05 2.1077e-05 2.104e-05 2.1039e-05 2.1035e-05 2.1031e-05 2.1012e-05 2.0976e-05 2.094e-05 2.0943e-05 2.0739e-05 2.0749e-05 2.086e-05 2.0812e-05 2.0735e-05 2.0749e-05 2.063e-05 2.0637e-05 2.0611e-05 2.0658e-05 2.0704e-05 2.0684e-05 2.0659e-05 2.0659e-05 2.0662e-05 2.0631e-05 2.0677e-05 2.0738e-05 2.0795e-05 2.0758e-05 2.0792e-05 2.0774e-05 2.0838e-05 2.0851e-05 2.083e-05 2.0803e-05 2.0784e-05 2.0779e-05 2.0743e-05 2.0759e-05 2.084e-05 2.0837e-05 2.0842e-05 2.0795e-05 2.0734e-05 2.0878e-05 2.0905e-05 2.0896e-05 2.101e-05 2.0984e-05 2.0907e-05 2.0876e-05 2.0887e-05 2.087e-05 2.0799e-05 2.0685e-05 2.0722e-05 2.0726e-05 2.0678e-05 2.0635e-05 2.0613e-05 2.0794e-05 2.1118e-05 2.0584e-05 2.0277e-05 1.9877e-05 1.9768e-05 2.0515e-05 2.0536e-05 1.9878e-05 1.9947e-05 2.0747e-05 2.0687e-05 2.0727e-05 2.0798e-05 2.0759e-05 2.085e-05 2.1098e-05 2.1084e-05 2.095e-05 2.0954e-05 2.0888e-05 2.0796e-05 2.0824e-05 2.0676e-05 2.0662e-05 2.0648e-05 2.0615e-05 2.068e-05 2.0818e-05 2.0737e-05 2.078e-05 2.0753e-05 2.0726e-05 2.0711e-05 2.0689e-05 2.0675e-05 2.07e-05 2.0734e-05 2.0853e-05 2.0844e-05 2.0836e-05 2.0778e-05 2.0835e-05 2.0874e-05 2.081e-05 2.0766e-05 2.0814e-05 2.0875e-05 2.0785e-05 2.075e-05 2.0788e-05 2.0787e-05 2.0818e-05 2.0771e-05 2.0776e-05 2.0864e-05 2.0682e-05 2.068e-05 2.0728e-05 2.074e-05 2.071e-05 2.0694e-05 2.0624e-05 2.0643e-05 2.0696e-05 2.0804e-05
2.0662e-05 2.0649e-05 2.0828e-05 2.0862e-05 2.0825e-05 2.0987e-05 2.091e-05 2.1075e-05 2.1071e-05 2.0964e-05 2.0976e-05 2.0924e-05 2.0801e-05 2.0772e-05 2.071e-05 2.0786e-05 2.074e-05 2.0734e-05 2.08e-05 2.0801e-05 2.0938e-05 2.0854e-05 2.0868e-05 2.0874e-05 2.0934e-05 2.0985e-05 2.0983e-05 2.102e-05 2.1061e-05 2.1111e-05 2.114e-05 2.1271e-05 2.1211e-05 2.1247e-05 2.1297e-05 2.127e-05 2.1367e-05 2.1485e-05 2.1502e-05 2.1564e-05 2.1543e-05 2.1376e-05 2.125e-05 2.1307e-05 2.1197e-05 2.1294e-05 2.1154e-05 2.1141e-05 2.1185e-05 2.1178e-05 2.1274e-05 2.1405e-05 2.1497e-05 2.1288e-05 2.1143e-05 2.1042e-05 2.1047e-05 2.1033e-05 2.1024e-05 2.1026e-05 2.0953e-05 2.0871e-05 2.0879e-05 2.0747e-05 2.0732e-05 2.0721e-05 2.0727e-05 2.0728e-05 2.0742e-05 2.0771e-05 2.0732e-05 2.064e-05 2.0644e-05 2.0703e-05 2.0638e-05 2.0702e-05 2.0635e-05 2.0671e-05 2.0679e-05 2.0664e-05 2.07e-05 2.0734e-05 2.0691e-05 2.0759e-05 2.0772e-05 2.0796e-05 2.0807e-05 2.083e-05 2.0827e-05 2.0809e-05 2.08e-05 2.0859e-05 2.0818e-05 2.0784e-05 2.0828e-05 2.0803e-05 2.0848e-05 2.0799e-05 2.0857e-05 2.0956e-05 2.0924e-05 2.0959e-05 2.1005e-05 2.0962e-05 2.0916e-05 2.0894e-05 2.089e-05 2.0906e-05 2.078e-05 2.0726e-05 2.0752e-05 2.0763e-05 2.0801e-05 2.0728e-05 2.0637e-05 2.0713e-05 2.116e-05 2.0865e-05 2.0491e-05 2.0112e-05 2.0132e-05 1.9731e-05 2.0653e-05 2.0777e-05 2.0654e-05 2.0662e-05 2.0812e-05 2.0831e-05 2.1102e-05 2.1158e-05 2.1112e-05 2.0895e-05 2.0728e-05 2.0707e-05 2.0694e-05 2.069e-05 2.0745e-05 2.0706e-05 2.0627e-05 2.0615e-05 2.0602e-05 2.0677e-05 2.0736e-05 2.0757e-05 2.0786e-05 2.0796e-05 2.0763e-05 2.077e-05 2.0748e-05 2.0723e-05 2.0729e-05 2.0775e-05 2.0805e-05 2.0841e-05 2.0942e-05 2.0963e-05 2.0938e-05 2.0951e-05 2.0818e-05 2.0901e-05 2.0834e-05 2.0783e-05 2.0872e-05 2.0817e-05 2.0841e-05 2.0855e-05 2.0782e-05 2.0756e-05 2.0716e-05 2.0793e-05 2.075e-05 2.0672e-05 2.081e-05 2.072e-05 2.0718e-05 2.069e-05 2.0668e-05 2.0698e-05 2.0752e-05 2.0749e-05
2.0673e-05 2.0791e-05 2.0818e-05 2.0834e-05 2.0955e-05 2.094e-05 2.1036e-05 2.0955e-05 2.0929e-05 2.0957e-05 2.0922e-05 2.0914e-05 2.0839e-05 2.0785e-05 2.0738e-05 2.074e-05 2.074e-05 2.0817e-05 2.0855e-05 2.0801e-05 2.0878e-05 2.0868e-05 2.0884e-05 2.0899e-05 2.0937e-05 2.095e-05 2.099e-05 2.1028e-05 2.1086e-05 2.1142e-05 2.119e-05 2.1217e-05 2.1225e-05 2.1316e-05 2.1339e-05 2.1258e-05 2.138e-05 2.1507e-05 2.1492e-05 2.1565e-05 2.1472e-05 2.1372e-05 2.1316e-05 2.1227e-05 2.1189e-05 2.1151e-05 2.1147e-05 2.111e-05 2.1111e-05 2.109e-05 2.1242e-05 2.1405e-05 2.1352e-05 2.1337e-05 2.1315e-05 2.1319e-05 2.1102e-05 2.0995e-05 2.1003e-05 2.0942e-05 2.0864e-05 2.0795e-05 2.0751e-05 2.0741e-05 2.0713e-05 2.0722e-05 2.0709e-05 2.0688e-05 2.0701e-05 2.071e-05 2.0695e-05 2.0605e-05 2.0704e-05 2.0742e-05 2.0697e-05 2.0714e-05 2.0699e-05 2.0682e-05 2.0657e-05 2.066e-05 2.0643e-05 2.0656e-05 2.0698e-05 2.0701e-05 2.0723e-05 2.0793e-05 2.0845e-05 2.0872e-05 2.0834e-05 2.0824e-05 2.0825e-05 2.0808e-05 2.0858e-05 2.0815e-05 2.0802e-05 2.0822e-05 2.0808e-05 2.0831e-05 2.0839e-05 2.0919e-05 2.0926e-05 2.0836e-05 2.0897e-05 2.0933e-05 2.0882e-05 2.0848e-05 2.0831e-05 2.0886e-05 2.077e-05 2.0728e-05 2.0691e-05 2.076e-05 2.0697e-05 2.0711e-05 2.0609e-05 2.061e-05 2.0704e-05 2.0866e-05 2.098e-05 2.1021e-05 2.071e-05 2.0328e-05 2.0866e-05 2.0731e-05 2.0822e-05 2.077e-05 2.0944e-05 2.1092e-05 2.1e-05 2.0734e-05 2.0919e-05 2.0829e-05 2.0665e-05 2.0659e-05 2.0643e-05 2.0604e-05 2.0602e-05 2.0624e-05 2.0618e-05 2.06e-05 2.0601e-05 2.073e-05 2.0725e-05 2.0775e-05 2.0742e-05 2.0831e-05 2.0804e-05 2.0808e-05 2.0804e-05 2.0788e-05 2.0766e-05 2.0804e-05 2.0844e-05 2.0843e-05 2.0911e-05 2.0925e-05 2.0802e-05 2.0964e-05 2.0996e-05 2.103e-05 2.0816e-05 2.0755e-05 2.0683e-05 2.0795e-05 2.0761e-05 2.0728e-05 2.0706e-05 2.0725e-05 2.072e-05 2.074e-05 2.0771e-05 2.0723e-05 2.0787e-05 2.0737e-05 2.0739e-05 2.0765e-05 2.0738e-05 2.0713e-05 2.0718e-05 2.0727e-05
2.0676e-05 2.0796e-05 2.1042e-05 2.0836e-05 2.0958e-05 2.0986e-05 2.0881e-05 2.0959e-05 2.0908e-05 2.0942e-05 2.0942e-05 2.0894e-05 2.0793e-05 2.0755e-05 2.0739e-05 2.0748e-05 2.0756e-05 2.0948e-05 2.0786e-05 2.0793e-05 2.0828e-05 2.0885e-05 2.0887e-05 2.0911e-05 2.0928e-05 2.0961e-05 2.0992e-05 2.1049e-05 2.1108e-05 2.1158e-05 2.1202e-05 2.1255e-05 2.1286e-05 2.1294e-05 2.13e-05 2.1408e-05 2.1402e-05 2.146e-05 2.1586e-05 2.163e-05 2.1483e-05 2.1351e-05 2.1289e-05 2.1241e-05 2.1186e-05 2.1137e-05 2.1105e-05 2.1082e-05 2.1063e-05 2.1063e-05 2.107e-05 2.1095e-05 2.1213e-05 2.121e-05 2.1224e-05 2.1332e-05 2.1287e-05 2.1209e-05 2.101e-05 2.0953e-05 2.0854e-05 2.0739e-05 2.0717e-05 2.0724e-05 2.064e-05 2.0716e-05 2.0741e-05 2.0721e-05 2.0686e-05 2.069e-05 2.0664e-05 2.0626e-05 2.0666e-05 2.0722e-05 2.0685e-05 2.0647e-05 2.0677e-05 2.0682e-05 2.0633e-05 2.0644e-05 2.0651e-05 2.0649e-05 2.0683e-05 2.0666e-05 2.0763e-05 2.0767e-05 2.0793e-05 2.0839e-05 2.0861e-05 2.0825e-05 2.0797e-05 2.0805e-05 2.0782e-05 2.0795e-05 2.0803e-05 2.0818e-05 2.0812e-05 2.09e-05 2.0831e-05 2.09e-05 2.0809e-05 2.0798e-05 2.0855e-05 2.0851e-05 2.0807e-05 2.0786e-05 2.0771e-05 2.0789e-05 2.0895e-05 2.0744e-05 2.0793e-05 2.07e-05 2.0675e-05 2.066e-05 2.077e-05 2.0712e-05 2.06e-05 2.0601e-05 2.0662e-05 2.0665e-05 2.0833e-05 2.0844e-05 2.1075e-05 2.1124e-05 2.1147e-05 2.116e-05 2.101e-05 2.1082e-05 2.0725e-05 2.0635e-05 2.0605e-05 2.0602e-05 2.0609e-05 2.0623e-05 2.0606e-05 2.0605e-05 2.06e-05 2.0601e-05 2.0603e-05 2.0649e-05 2.0656e-05 2.0701e-05 2.0745e-05 2.077e-05 2.0778e-05 2.0806e-05 2.0811e-05 2.0798e-05 2.0798e-05 2.079e-05 2.0784e-05 2.0823e-05 2.0829e-05 2.0914e-05 2.0871e-05 2.0952e-05 2.1041e-05 2.0993e-05 2.0842e-05 2.1042e-05 2.0857e-05 2.0774e-05 2.0743e-05 2.083e-05 2.0736e-05 2.0882e-05 2.0745e-05 2.0713e-05 2.0756e-05 2.078e-05 2.0747e-05 2.0771e-05 2.0809e-05 2.0786e-05 2.0761e-05 2.0736e-05 2.0767e-05 2.0739e-05 2.0717e-05 2.0689e-05
2.0731e-05 2.0806e-05 2.0809e-05 2.0814e-05 2.0935e-05 2.0961e-05 2.085e-05 2.1015e-05 2.0933e-05 2.0867e-05 2.0887e-05 2.0806e-05 2.0824e-05 2.0795e-05 2.0737e-05 2.0779e-05 2.0736e-05 2.0889e-05 2.0789e-05 2.0898e-05 2.0893e-05 2.0889e-05 2.0913e-05 2.0918e-05 2.0957e-05 2.0979e-05 2.1007e-05 2.1032e-05 2.1116e-05 2.1171e-05 2.1228e-05 2.1278e-05 2.1334e-05 2.1336e-05 2.1359e-05 2.1335e-05 2.1306e-05 2.1484e-05 2.1512e-05 2.1622e-05 2.1455e-05 2.1346e-05 2.1292e-05 2.1229e-05 2.1172e-05 2.1121e-05 2.1083e-05 2.1057e-05 2.104e-05 2.101e-05 2.1013e-05 2.1e-05 2.1045e-05 2.1152e-05 2.1152e-05 2.1133e-05 2.1082e-05 2.1084e-05 2.1099e-05 2.1099e-05 2.1136e-05 2.0845e-05 2.071e-05 2.0706e-05 2.0712e-05 2.0708e-05 2.0692e-05 2.0658e-05 2.0697e-05 2.0713e-05 2.0707e-05 2.0616e-05 2.0607e-05 2.0601e-05 2.064e-05 2.0693e-05 2.065e-05 2.0647e-05 2.0624e-05 2.0625e-05 2.0627e-05 2.0629e-05 2.0643e-05 2.0679e-05 2.0698e-05 2.0738e-05 2.0731e-05 2.0728e-05 2.0798e-05 2.082e-05 2.0829e-05 2.0791e-05 2.0788e-05 2.0862e-05 2.0835e-05 2.081e-05 2.0806e-05 2.0858e-05 2.0861e-05 2.0863e-05 2.0812e-05 2.0762e-05 2.0868e-05 2.0803e-05 2.0776e-05 2.0798e-05 2.0738e-05 2.0863e-05 2.0938e-05 2.0884e-05 2.0764e-05 2.0762e-05 2.0713e-05 2.0742e-05 2.0755e-05 2.0737e-05 2.0727e-05 2.0601e-05 2.0603e-05 2.0602e-05 2.0612e-05 2.0617e-05 2.0652e-05 2.0669e-05 2.0687e-05 2.076e-05 2.0832e-05 2.0754e-05 2.0729e-05 2.0628e-05 2.0602e-05 2.0607e-05 2.0605e-05 2.0601e-05 2.0624e-05 2.0608e-05 2.0926e-05 2.0604e-05 2.0605e-05 2.0823e-05 2.0731e-05 2.0791e-05 2.0806e-05 2.0807e-05 2.0801e-05 2.0798e-05 2.0798e-05 2.0795e-05 2.0813e-05 2.0821e-05 2.0828e-05 2.0875e-05 2.0964e-05 2.0986e-05 2.101e-05 2.0956e-05 2.0838e-05 2.1024e-05 2.1007e-05 2.0884e-05 2.0949e-05 2.0858e-05 2.0772e-05 2.0775e-05 2.0702e-05 2.0856e-05 2.0734e-05 2.0769e-05 2.074e-05 2.0714e-05 2.0729e-05 2.0759e-05 2.0837e-05 2.0875e-05 2.087e-05 2.0796e-05 2.0796e-05 2.0782e-05 2.0716e-05 2.0707e-05
2.0706e-05 2.0841e-05 2.0774e-05 2.0825e-05 2.0831e-05 2.0846e-05 2.0816e-05 2.0752e-05 2.0854e-05 2.0791e-05 2.0823e-05 2.0716e-05 2.0718e-05 2.0736e-05 2.0717e-05 2.0757e-05 2.0747e-05 2.0823e-05 2.0893e-05 2.0808e-05 2.0871e-05 2.0908e-05 2.0919e-05 2.0945e-05 2.0971e-05 2.1011e-05 2.104e-05 2.1071e-05 2.1139e-05 2.1216e-05 2.127e-05 2.1315e-05 2.1353e-05 2.1378e-05 2.1387e-05 2.1469e-05 2.1423e-05 2.1373e-05 2.1514e-05 2.1478e-05 2.1426e-05 2.1355e-05 2.1282e-05 2.1226e-05 2.1189e-05 2.1142e-05 2.1111e-05 2.1067e-05 2.1039e-05 2.1036e-05 2.1002e-05 2.0992e-05 2.1043e-05 2.1109e-05 2.1257e-05 2.1138e-05 2.1082e-05 2.1051e-05 2.1049e-05 2.1075e-05 2.1193e-05 2.097e-05 2.0752e-05 2.0741e-05 2.0718e-05 2.0715e-05 2.0715e-05 2.0809e-05 2.0765e-05 2.0739e-05 2.0727e-05 2.0721e-05 2.0637e-05 2.0601e-05 2.0612e-05 2.0627e-05 2.0614e-05 2.0609e-05 2.06e-05 2.0615e-05 2.0615e-05 2.0622e-05 2.0601e-05 2.0637e-05 2.061e-05 2.0697e-05 2.0684e-05 2.0683e-05 2.069e-05 2.0802e-05 2.0741e-05 2.0765e-05 2.0719e-05 2.0879e-05 2.0799e-05 2.0806e-05 2.0806e-05 2.0889e-05 2.0953e-05 2.082e-05 2.0812e-05 2.0838e-05 2.0822e-05 2.0814e-05 2.0841e-05 2.0913e-05 2.0819e-05 2.095e-05 2.0992e-05 2.0926e-05 2.0864e-05 2.0847e-05 2.0777e-05 2.0805e-05 2.0705e-05 2.0637e-05 2.0692e-05 2.0619e-05 2.0603e-05 2.06e-05 2.0606e-05 2.0601e-05 2.0601e-05 2.0645e-05 2.0603e-05 2.0699e-05 2.0653e-05 2.06e-05 2.0604e-05 2.062e-05 2.0604e-05 2.063e-05 2.0633e-05 2.0611e-05 2.0632e-05 2.0741e-05 2.0764e-05 2.0707e-05 2.0864e-05 2.0782e-05 2.0808e-05 2.0845e-05 2.0874e-05 2.0863e-05 2.0844e-05 2.0828e-05 2.0764e-05 2.0821e-05 2.0832e-05 2.0857e-05 2.0868e-05 2.0907e-05 2.0977e-05 2.1049e-05 2.1021e-05 2.0971e-05 2.0887e-05 2.0979e-05 2.1074e-05 2.0993e-05 2.1011e-05 2.0932e-05 2.0848e-05 2.0771e-05 2.0837e-05 2.0829e-05 2.0746e-05 2.0829e-05 2.0773e-05 2.0734e-05 2.0746e-05 2.082e-05 2.0881e-05 2.0757e-05 2.0761e-05 2.0797e-05 2.0774e-05 2.0706e-05 2.0666e-05 2.0721e-05
2.0709e-05 2.0723e-05 2.0817e-05 2.0815e-05 2.0831e-05 2.0806e-05 2.0769e-05 2.0736e-05 2.0708e-05 2.0701e-05 2.0704e-05 2.0711e-05 2.0677e-05 2.0668e-05 2.0715e-05 2.0691e-05 2.0935e-05 2.0863e-05 2.0792e-05 2.0872e-05 2.0874e-05 2.0927e-05 2.0929e-05 2.0951e-05 2.0986e-05 2.1039e-05 2.1081e-05 2.1142e-05 2.1207e-05 2.1267e-05 2.1319e-05 2.1372e-05 2.14e-05 2.1415e-05 2.1407e-05 2.1416e-05 2.1509e-05 2.1469e-05 2.1519e-05 2.1491e-05 2.1434e-05 2.1359e-05 2.1308e-05 2.1267e-05 2.1227e-05 2.1189e-05 2.1147e-05 2.1105e-05 2.1058e-05 2.1029e-05 2.0973e-05 2.0981e-05 2.0982e-05 2.1046e-05 2.1176e-05 2.1145e-05 2.1088e-05 2.1084e-05 2.109e-05 2.115e-05 2.126e-05 2.0931e-05 2.078e-05 2.0767e-05 2.082e-05 2.0783e-05 2.0737e-05 2.08e-05 2.0735e-05 2.074e-05 2.0771e-05 2.0692e-05 2.0669e-05 2.0608e-05 2.0601e-05 2.0603e-05 2.0622e-05 2.0609e-05 2.0616e-05 2.0605e-05 2.0605e-05 2.0611e-05 2.0609e-05 2.06e-05 2.0619e-05 2.0662e-05 2.0647e-05 2.0635e-05 2.0654e-05 2.0836e-05 2.0725e-05 2.0763e-05 2.0715e-05 2.0701e-05 2.0707e-05 2.0792e-05 2.0811e-05 2.0634e-05 2.0797e-05 2.0901e-05 2.087e-05 2.091e-05 2.0949e-05 2.0979e-05 2.0922e-05 2.0844e-05 2.0986e-05 2.0995e-05 2.1051e-05 2.0939e-05 2.089e-05 2.0804e-05 2.0826e-05 2.0892e-05 2.0899e-05 2.0846e-05 2.0741e-05 2.07e-05 2.0653e-05 2.0633e-05 2.0601e-05 2.0612e-05 2.0601e-05 2.0604e-05 2.0604e-05 2.0641e-05 2.0602e-05 2.0613e-05 2.0619e-05 2.0636e-05 2.0686e-05 2.0674e-05 2.065e-05 2.0639e-05 2.0768e-05 2.0867e-05 2.0989e-05 2.0952e-05 2.0875e-05 2.082e-05 2.0861e-05 2.0897e-05 2.0957e-05 2.0928e-05 2.0867e-05 2.0847e-05 2.0833e-05 2.0816e-05 2.0866e-05 2.0878e-05 2.0892e-05 2.0905e-05 2.0868e-05 2.0896e-05 2.0881e-05 2.0984e-05 2.0889e-05 2.0977e-05 2.1048e-05 2.0985e-05 2.1055e-05 2.0901e-05 2.0857e-05 2.0809e-05 2.0807e-05 2.0775e-05 2.0792e-05 2.0758e-05 2.0781e-05 2.0678e-05 2.0772e-05 2.0638e-05 2.0778e-05 2.0765e-05 2.0756e-05 2.0767e-05 2.08e-05 2.0688e-05 2.0642e-05 2.0722e-05
2.076e-05 2.0742e-05 2.0815e-05 2.0814e-05 2.0819e-05 2.0815e-05 2.0751e-05 2.0648e-05 2.0684e-05 2.0704e-05 2.0725e-05 2.0719e-05 2.0702e-05 2.0727e-05 2.0709e-05 2.0693e-05 2.0758e-05 2.0827e-05 2.0821e-05 2.0863e-05 2.0898e-05 2.0936e-05 2.0947e-05 2.0977e-05 2.1013e-05 2.1055e-05 2.1125e-05 2.1205e-05 2.1288e-05 2.1349e-05 2.1392e-05 2.1436e-05 2.1461e-05 2.1464e-05 2.1448e-05 2.1501e-05 2.1483e-05 2.1551e-05 2.1538e-05 2.1488e-05 2.1444e-05 2.1392e-05 2.1356e-05 2.1318e-05 2.1273e-05 2.1238e-05 2.1186e-05 2.1146e-05 2.1101e-05 2.1062e-05 2.1035e-05 2.0998e-05 2.0989e-05 2.106e-05 2.1144e-05 2.109e-05 2.116e-05 2.111e-05 2.1162e-05 2.1218e-05 2.1205e-05 2.1145e-05 2.0803e-05 2.0807e-05 2.0788e-05 2.0814e-05 2.075e-05 2.0729e-05 2.0738e-05 2.0732e-05 2.07e-05 2.071e-05 2.0674e-05 2.0639e-05 2.06e-05 2.0613e-05 2.0601e-05 2.0607e-05 2.0601e-05 2.06e-05 2.0602e-05 2.0604e-05 2.0607e-05 2.06e-05 2.0603e-05 2.06e-05 2.0633e-05 2.063e-05 2.0655e-05 2.0713e-05 2.0735e-05 2.0713e-05 2.0689e-05 2.0675e-05 2.0744e-05 2.0774e-05 2.0806e-05 2.0871e-05 2.0881e-05 2.0849e-05 2.0829e-05 2.0811e-05 2.0994e-05 2.0927e-05 2.0878e-05 2.0897e-05 2.0854e-05 2.1033e-05 2.1047e-05 2.0966e-05 2.0869e-05 2.0951e-05 2.0855e-05 2.0862e-05 2.0848e-05 2.0797e-05 2.077e-05 2.069e-05 2.069e-05 2.0633e-05 2.0617e-05 2.0605e-05 2.0623e-05 2.06e-05 2.0613e-05 2.0617e-05 2.0609e-05 2.076e-05 2.0683e-05 2.0684e-05 2.0708e-05 2.0737e-05 2.0667e-05 2.0764e-05 2.0843e-05 2.0884e-05 2.1094e-05 2.1068e-05 2.091e-05 2.0936e-05 2.0894e-05 2.0897e-05 2.0965e-05 2.1025e-05 2.0862e-05 2.084e-05 2.0836e-05 2.083e-05 2.0828e-05 2.0875e-05 2.0924e-05 2.0971e-05 2.1016e-05 2.0965e-05 2.0826e-05 2.0962e-05 2.093e-05 2.094e-05 2.1032e-05 2.0901e-05 2.0924e-05 2.0889e-05 2.0914e-05 2.0915e-05 2.0804e-05 2.0777e-05 2.0735e-05 2.0771e-05 2.0819e-05 2.0689e-05 2.0669e-05 2.0716e-05 2.0709e-05 2.067e-05 2.0684e-05 2.077e-05 2.0837e-05 2.0744e-05 2.0742e-05 2.0783e-05
2.09e-05 2.0841e-05 2.0838e-05 2.0872e-05 2.0796e-05 2.0749e-05 2.0689e-05 2.0609e-05 2.0612e-05 2.0655e-05 2.0669e-05 2.0716e-05 2.0699e-05 2.0702e-05 2.0676e-05 2.0704e-05 2.0732e-05 2.0767e-05 2.0851e-05 2.0865e-05 2.09e-05 2.0945e-05 2.0975e-05 2.1024e-05 2.1056e-05 2.1104e-05 2.1171e-05 2.1281e-05 2.1399e-05 2.1454e-05 2.1486e-05 2.1501e-05 2.1514e-05 2.1502e-05 2.1478e-05 2.1606e-05 2.1514e-05 2.1559e-05 2.1547e-05 2.1521e-05 2.1502e-05 2.1462e-05 2.1427e-05 2.1391e-05 2.1341e-05 2.129e-05 2.1235e-05 2.1191e-05 2.1137e-05 2.1099e-05 2.1074e-05 2.1054e-05 2.1026e-05 2.1036e-05 2.111e-05 2.118e-05 2.1183e-05 2.1185e-05 2.1163e-05 2.1181e-05 2.1237e-05 2.0999e-05 2.0848e-05 2.0858e-05 2.0819e-05 2.0787e-05 2.0723e-05 2.0713e-05 2.0703e-05 2.074e-05 2.0712e-05 2.0682e-05 2.0642e-05 2.0604e-05 2.0636e-05 2.064e-05 2.0629e-05 2.0604e-05 2.0601e-05 2.0601e-05 2.0615e-05 2.06e-05 2.0602e-05 2.0603e-05 2.0602e-05 2.0606e-05 2.0612e-05 2.064e-05 2.0637e-05 2.0631e-05 2.0655e-05 2.068e-05 2.0673e-05 2.069e-05 2.0758e-05 2.0731e-05 2.0803e-05 2.0829e-05 2.0784e-05 2.0921e-05 2.0849e-05 2.0833e-05 2.0959e-05 2.0886e-05 2.097e-05 2.0905e-05 2.1031e-05 2.1068e-05 2.0973e-05 2.0968e-05 2.1003e-05 2.0933e-05 2.0937e-05 2.0899e-05 2.0875e-05 2.0834e-05 2.0833e-05 2.0844e-05 2.0832e-05 2.0671e-05 2.0644e-05 2.0639e-05 2.063e-05 2.0631e-05 2.0652e-05 2.066e-05 2.0727e-05 2.0728e-05 2.0713e-05 2.0732e-05 2.0745e-05 2.0835e-05 2.087e-05 2.0808e-05 2.0876e-05 2.0933e-05 2.1017e-05 2.1043e-05 2.0966e-05 2.0925e-05 2.0871e-05 2.0865e-05 2.0825e-05 2.0827e-05 2.0855e-05 2.0846e-05 2.0841e-05 2.0838e-05 2.0863e-05 2.0884e-05 2.0836e-05 2.093e-05 2.1012e-05 2.0993e-05 2.0916e-05 2.0888e-05 2.0911e-05 2.0872e-05 2.0968e-05 2.0891e-05 2.087e-05 2.0907e-05 2.0927e-05 2.0943e-05 2.0834e-05 2.0832e-05 2.0857e-05 2.0869e-05 2.0744e-05 2.0679e-05 2.0643e-05 2.0626e-05 2.0619e-05 2.0604e-05 2.0629e-05 2.0623e-05 2.0641e-05 2.068e-05 2.0663e-05 2.0882e-05
2.0888e-05 2.0891e-05 2.086e-05 2.0794e-05 2.0789e-05 2.0744e-05 2.064e-05 2.0619e-05 2.0624e-05 2.0634e-05 2.0654e-05 2.0695e-05 2.0681e-05 2.0789e-05 2.0687e-05 2.0632e-05 2.0729e-05 2.0732e-05 2.08e-05 2.0874e-05 2.0905e-05 2.0944e-05 2.1017e-05 2.1073e-05 2.111e-05 2.1162e-05 2.1242e-05 2.1398e-05 2.1504e-05 2.1555e-05 2.1563e-05 2.1557e-05 2.1541e-05 2.1526e-05 2.1554e-05 2.1599e-05 2.1572e-05 2.1557e-05 2.1568e-05 2.1576e-05 2.1567e-05 2.1533e-05 2.1494e-05 2.1461e-05 2.14e-05 2.1345e-05 2.129e-05 2.1246e-05 2.1191e-05 2.1142e-05 2.112e-05 2.1082e-05 2.1078e-05 2.1064e-05 2.1126e-05 2.1189e-05 2.127e-05 2.1266e-05 2.118e-05 2.1199e-05 2.1236e-05 2.0975e-05 2.0853e-05 2.096e-05 2.0878e-05 2.0636e-05 2.0835e-05 2.0608e-05 2.072e-05 2.0692e-05 2.0768e-05 2.0681e-05 2.065e-05 2.061e-05 2.0637e-05 2.063e-05 2.0636e-05 2.0604e-05 2.0603e-05 2.0602e-05 2.0602e-05 2.06e-05 2.0601e-05 2.06e-05 2.0601e-05 2.06e-05 2.0604e-05 2.0605e-05 2.0607e-05 2.0628e-05 2.0676e-05 2.0668e-05 2.0668e-05 2.0685e-05 2.0726e-05 2.0722e-05 2.0798e-05 2.0788e-05 2.0852e-05 2.0735e-05 2.0825e-05 2.0875e-05 2.0953e-05 2.0954e-05 2.0957e-05 2.0968e-05 2.095e-05 2.1042e-05 2.095e-05 2.0951e-05 2.0922e-05 2.096e-05 2.0993e-05 2.0998e-05 2.094e-05 2.0927e-05 2.0893e-05 2.078e-05 2.0765e-05 2.0852e-05 2.0756e-05 2.0776e-05 2.0734e-05 2.0734e-05 2.075e-05 2.068e-05 2.0695e-05 2.0698e-05 2.0712e-05 2.074e-05 2.0838e-05 2.0814e-05 2.102e-05 2.0954e-05 2.0928e-05 2.0958e-05 2.106e-05 2.1056e-05 2.0956e-05 2.0908e-05 2.0853e-05 2.0846e-05 2.0823e-05 2.0805e-05 2.0842e-05 2.085e-05 2.0856e-05 2.0868e-05 2.0877e-05 2.0924e-05 2.0897e-05 2.0915e-05 2.0978e-05 2.0955e-05 2.098e-05 2.096e-05 2.0916e-05 2.0873e-05 2.0914e-05 2.0811e-05 2.0872e-05 2.088e-05 2.0921e-05 2.0956e-05 2.0776e-05 2.0948e-05 2.0888e-05 2.0837e-05 2.0737e-05 2.0638e-05 2.0628e-05 2.0611e-05 2.061e-05 2.0602e-05 2.0601e-05 2.0615e-05 2.0614e-05 2.0643e-05 2.0614e-05 2.0702e-05
2.0661e-05 2.0883e-05 2.0722e-05 2.0767e-05 2.0709e-05 2.0678e-05 2.0601e-05 2.0603e-05 2.0641e-05 2.0632e-05 2.0633e-05 2.0689e-05 2.072e-05 2.071e-05 2.0682e-05 2.0637e-05 2.0866e-05 2.0721e-05 2.0677e-05 2.0849e-05 2.0892e-05 2.0953e-05 2.1009e-05 2.1067e-05 2.1138e-05 2.1223e-05 2.1351e-05 2.1518e-05 2.1619e-05 2.1634e-05 2.1619e-05 2.1588e-05 2.1576e-05 2.1555e-05 2.1543e-05 2.1548e-05 2.1532e-05 2.1529e-05 2.1584e-05 2.1605e-05 2.1607e-05 2.1569e-05 2.154e-05 2.1508e-05 2.1453e-05 2.1381e-05 2.1326e-05 2.1281e-05 2.1248e-05 2.1222e-05 2.1219e-05 2.1151e-05 2.1117e-05 2.1115e-05 2.1171e-05 2.1191e-05 2.1253e-05 2.1077e-05 2.121e-05 2.105e-05 2.0959e-05 2.0607e-05 2.0697e-05 2.079e-05 2.0915e-05 2.0867e-05 2.0759e-05 2.091e-05 2.0901e-05 2.0673e-05 2.0692e-05 2.0624e-05 2.0633e-05 2.062e-05 2.0608e-05 2.0607e-05 2.0623e-05 2.0606e-05 2.0601e-05 2.06e-05 2.0601e-05 2.0601e-05 2.06e-05 2.0605e-05 2.06e-05 2.0601e-05 2.0601e-05 2.0606e-05 2.0612e-05 2.062e-05 2.0612e-05 2.0634e-05 2.0649e-05 2.0698e-05 2.0725e-05 2.0722e-05 2.0741e-05 2.078e-05 2.0874e-05 2.0781e-05 2.0906e-05 2.0884e-05 2.0911e-05 2.0975e-05 2.0954e-05 2.1006e-05 2.098e-05 2.0986e-05 2.1013e-05 2.0999e-05 2.0919e-05 2.1013e-05 2.1045e-05 2.1049e-05 2.1032e-05 2.109e-05 2.0927e-05 2.0783e-05 2.0776e-05 2.0772e-05 2.0853e-05 2.077e-05 2.0775e-05 2.0794e-05 2.0742e-05 2.0714e-05 2.0709e-05 2.0685e-05 2.078e-05 2.0846e-05 2.0882e-05 2.1042e-05 2.1057e-05 2.1048e-05 2.0993e-05 2.102e-05 2.1063e-05 2.103e-05 2.102e-05 2.0938e-05 2.088e-05 2.0837e-05 2.0845e-05 2.0841e-05 2.0819e-05 2.084e-05 2.0878e-05 2.0861e-05 2.0919e-05 2.0875e-05 2.0921e-05 2.0874e-05 2.0991e-05 2.1045e-05 2.0872e-05 2.0837e-05 2.096e-05 2.0836e-05 2.083e-05 2.0879e-05 2.0867e-05 2.0888e-05 2.0955e-05 2.0913e-05 2.0829e-05 2.0805e-05 2.0829e-05 2.0822e-05 2.0775e-05 2.0624e-05 2.0604e-05 2.0629e-05 2.0604e-05 2.0601e-05 2.0612e-05 2.0605e-05 2.0602e-05 2.0625e-05 2.0706e-05 2.0681e-05
2.0637e-05 2.0652e-05 2.0694e-05 2.0742e-05 2.0706e-05 2.0645e-05 2.0609e-05 2.0601e-05 2.0602e-05 2.06e-05 2.0607e-05 2.0648e-05 2.0667e-05 2.0645e-05 2.0649e-05 2.0639e-05 2.0708e-05 2.0716e-05 2.0742e-05 2.0805e-05 2.0865e-05 2.0939e-05 2.1001e-05 2.1067e-05 2.1156e-05 2.1261e-05 2.1401e-05 2.1593e-05 2.1618e-05 2.1588e-05 2.1638e-05 2.1614e-05 2.1595e-05 2.1588e-05 2.1582e-05 2.1526e-05 2.1548e-05 2.1551e-05 2.1595e-05 2.161e-05 2.1608e-05 2.1513e-05 2.1577e-05 2.1536e-05 2.1483e-05 2.1424e-05 2.1358e-05 2.1313e-05 2.1278e-05 2.1251e-05 2.1243e-05 2.1118e-05 2.1217e-05 2.0939e-05 2.0662e-05 2.0605e-05 2.0611e-05 2.0764e-05 2.0809e-05 2.0948e-05 2.0631e-05 2.0965e-05 2.098e-05 2.0932e-05 2.0661e-05 2.0708e-05 2.061e-05 2.0612e-05 2.0786e-05 2.0805e-05 2.0623e-05 2.0645e-05 2.0619e-05 2.0605e-05 2.0602e-05 2.0607e-05 2.0603e-05 2.0621e-05 2.0644e-05 2.0603e-05 2.0601e-05 2.0601e-05 2.0601e-05 2.0601e-05 2.0602e-05 2.0601e-05 2.0601e-05 2.0603e-05 2.0614e-05 2.0601e-05 2.0609e-05 2.0616e-05 2.0635e-05 2.0668e-05 2.0628e-05 2.069e-05 2.0721e-05 2.0765e-05 2.0795e-05 2.0794e-05 2.0801e-05 2.0854e-05 2.0927e-05 2.0966e-05 2.1003e-05 2.0907e-05 2.0995e-05 2.1e-05 2.1023e-05 2.1037e-05 2.103e-05 2.1003e-05 2.1077e-05 2.1007e-05 2.1028e-05 2.0983e-05 2.0982e-05 2.0834e-05 2.08e-05 2.0824e-05 2.0814e-05 2.0767e-05 2.0796e-05 2.0797e-05 2.085e-05 2.0766e-05 2.0753e-05 2.0749e-05 2.0786e-05 2.0824e-05 2.1011e-05 2.1053e-05 2.1109e-05 2.101e-05 2.1037e-05 2.0998e-05 2.1071e-05 2.1039e-05 2.0914e-05 2.0908e-05 2.0819e-05 2.0839e-05 2.0816e-05 2.0832e-05 2.0821e-05 2.0834e-05 2.0901e-05 2.0931e-05 2.0942e-05 2.0928e-05 2.0937e-05 2.0977e-05 2.0899e-05 2.0989e-05 2.0829e-05 2.0832e-05 2.0925e-05 2.0922e-05 2.0859e-05 2.0838e-05 2.089e-05 2.0869e-05 2.0941e-05 2.0966e-05 2.0902e-05 2.0736e-05 2.0728e-05 2.0699e-05 2.0649e-05 2.0602e-05 2.0601e-05 2.0612e-05 2.0617e-05 2.0611e-05 2.0608e-05 2.0618e-05 2.0631e-05 2.061e-05 2.063e-05 2.0609e-05
2.0626e-05 2.0603e-05 2.0635e-05 2.0639e-05 2.0617e-05 2.0622e-05 2.0605e-05 2.0602e-05 2.0601e-05 2.0601e-05 2.0607e-05 2.061e-05 2.0608e-05 2.0637e-05 2.062e-05 2.0628e-05 2.0639e-05 2.0686e-05 2.0715e-05 2.0773e-05 2.0842e-05 2.0897e-05 2.0988e-05 2.1067e-05 2.1181e-05 2.128e-05 2.1406e-05 2.1579e-05 2.1622e-05 2.14e-05 2.1553e-05 2.1615e-05 2.1601e-05 2.16e-05 2.1605e-05 2.1561e-05 2.1567e-05 2.1588e-05 2.1614e-05 2.1624e-05 2.1602e-05 2.158e-05 2.1584e-05 2.1543e-05 2.15e-05 2.1453e-05 2.1363e-05 2.1334e-05 2.1303e-05 2.1268e-05 2.1286e-05 2.1176e-05 2.0608e-05 2.0622e-05 2.1001e-05 2.1018e-05 2.0625e-05 2.1357e-05 2.1388e-05 2.1228e-05 2.1111e-05 2.1073e-05 2.1016e-05 2.0973e-05 2.0885e-05 2.0906e-05 2.0868e-05 2.0624e-05 2.0723e-05 2.0708e-05 2.0889e-05 2.06e-05 2.0895e-05 2.0612e-05 2.06e-05 2.0644e-05 2.0647e-05 2.0615e-05 2.0632e-05 2.0638e-05 2.0604e-05 2.0604e-05 2.0606e-05 2.0602e-05 2.0603e-05 2.0601e-05 2.061e-05 2.06e-05 2.0601e-05 2.0604e-05 2.0603e-05 2.06e-05 2.0629e-05 2.0647e-05 2.0675e-05 2.0678e-05 2.0668e-05 2.072e-05 2.0952e-05 2.0877e-05 2.0793e-05 2.0781e-05 2.0875e-05 2.0922e-05 2.0942e-05 2.1003e-05 2.1011e-05 2.0996e-05 2.1038e-05 2.1031e-05 2.0944e-05 2.1009e-05 2.0992e-05 2.1045e-05 2.1e-05 2.0973e-05 2.0984e-05 2.0941e-05 2.087e-05 2.091e-05 2.0882e-05 2.0832e-05 2.084e-05 2.0857e-05 2.0916e-05 2.0766e-05 2.0785e-05 2.0738e-05 2.0785e-05 2.0791e-05 2.084e-05 2.0988e-05 2.1091e-05 2.1052e-05 2.1061e-05 2.0958e-05 2.1025e-05 2.0941e-05 2.0876e-05 2.087e-05 2.0793e-05 2.0808e-05 2.0837e-05 2.082e-05 2.0816e-05 2.0822e-05 2.0846e-05 2.0835e-05 2.0885e-05 2.089e-05 2.0913e-05 2.0984e-05 2.1055e-05 2.0967e-05 2.0979e-05 2.093e-05 2.0856e-05 2.0836e-05 2.0882e-05 2.0796e-05 2.0851e-05 2.0762e-05 2.0715e-05 2.0772e-05 2.0739e-05 2.0604e-05 2.0711e-05 2.0651e-05 2.0624e-05 2.06e-05 2.0604e-05 2.0607e-05 2.0633e-05 2.0624e-05 2.0641e-05 2.0656e-05 2.0657e-05 2.0602e-05 2.061e-05 2.06e-05
2.0608e-05 2.06e-05 2.0601e-05 2.0612e-05 2.0638e-05 2.0607e-05 2.0603e-05 2.0601e-05 2.0603e-05 2.0609e-05 2.0601e-05 2.06e-05 2.0606e-05 2.0611e-05 2.061e-05 2.0628e-05 2.0628e-05 2.0659e-05 2.0686e-05 2.0749e-05 2.0798e-05 2.0881e-05 2.0949e-05 2.1044e-05 2.1144e-05 2.1258e-05 2.1377e-05 2.1475e-05 2.1634e-05 2.1049e-05 2.1045e-05 2.1639e-05 2.1608e-05 2.1607e-05 2.1604e-05 2.161e-05 2.1584e-05 2.1599e-05 2.1596e-05 2.1614e-05 2.1607e-05 2.1564e-05 2.1378e-05 2.1125e-05 2.1309e-05 2.1446e-05 2.137e-05 2.1284e-05 2.1292e-05 2.1226e-05 2.0602e-05 2.0711e-05 2.0694e-05 2.0974e-05 2.0617e-05 2.1292e-05 2.1417e-05 2.1055e-05 2.1326e-05 2.1123e-05 2.1075e-05 2.1045e-05 2.0905e-05 2.0937e-05 2.0849e-05 2.081e-05 2.06e-05 2.0695e-05 2.0669e-05 2.0646e-05 2.0903e-05 2.0907e-05 2.0959e-05 2.0787e-05 2.072e-05 2.065e-05 2.0604e-05 2.0621e-05 2.0624e-05 2.0715e-05 2.0639e-05 2.0603e-05 2.0609e-05 2.0612e-05 2.0607e-05 2.0609e-05 2.0625e-05 2.0601e-05 2.0601e-05 2.0601e-05 2.0608e-05 2.0612e-05 2.0612e-05 2.0618e-05 2.0648e-05 2.0687e-05 2.0676e-05 2.0712e-05 2.0821e-05 2.0839e-05 2.0784e-05 2.0816e-05 2.0897e-05 2.0866e-05 2.0874e-05 2.095e-05 2.1006e-05 2.0939e-05 2.0729e-05 2.0678e-05 2.099e-05 2.0917e-05 2.0966e-05 2.0946e-05 2.0956e-05 2.0983e-05 2.0978e-05 2.096e-05 2.0912e-05 2.09e-05 2.0897e-05 2.0938e-05 2.0897e-05 2.0931e-05 2.0938e-05 2.0916e-05 2.0863e-05 2.0796e-05 2.0785e-05 2.0785e-05 2.0849e-05 2.0922e-05 2.1086e-05 2.0934e-05 2.0932e-05 2.104e-05 2.0881e-05 2.0834e-05 2.0942e-05 2.0857e-05 2.0796e-05 2.0788e-05 2.0762e-05 2.0797e-05 2.0796e-05 2.0835e-05 2.0851e-05 2.0777e-05 2.0796e-05 2.0869e-05 2.1011e-05 2.0968e-05 2.1052e-05 2.0912e-05 2.0834e-05 2.0864e-05 2.0823e-05 2.0749e-05 2.0823e-05 2.0775e-05 2.0706e-05 2.0605e-05 2.0602e-05 2.0617e-05 2.0622e-05 2.0602e-05 2.0601e-05 2.0601e-05 2.0603e-05 2.0605e-05 2.0613e-05 2.0627e-05 2.0645e-05 2.0727e-05 2.0684e-05 2.0677e-05 2.0604e-05 2.0781e-05 2.0608e-05 2.0602e-05
2.0605e-05 2.0602e-05 2.06e-05 2.06e-05 2.0697e-05 2.0658e-05 2.0611e-05 2.0617e-05 2.0664e-05 2.0629e-05 2.0617e-05 2.0602e-05 2.0601e-05 2.0601e-05 2.0602e-05 2.06e-05 2.0602e-05 2.0627e-05 2.0662e-05 2.0708e-05 2.0768e-05 2.0842e-05 2.0912e-05 2.1018e-05 2.1118e-05 2.1207e-05 2.1311e-05 2.1393e-05 2.1637e-05 2.1383e-05 2.1508e-05 2.1628e-05 2.1623e-05 2.1612e-05 2.1603e-05 2.1589e-05 2.1614e-05 2.1613e-05 2.1588e-05 2.1613e-05 2.1244e-05 2.1199e-05 2.1543e-05 2.0956e-05 2.1077e-05 2.0982e-05 2.0985e-05 2.0612e-05 2.0605e-05 2.0728e-05 2.1051e-05 2.1337e-05 2.0825e-05 2.0897e-05 2.0602e-05 2.0605e-05 2.0633e-05 2.0948e-05 2.1153e-05 2.1041e-05 2.1016e-05 2.1009e-05 2.095e-05 2.0915e-05 2.0665e-05 2.0626e-05 2.0645e-05 2.0609e-05 2.0795e-05 2.076e-05 2.0625e-05 2.0923e-05 2.0903e-05 2.0804e-05 2.0871e-05 2.0788e-05 2.0705e-05 2.061e-05 2.0607e-05 2.0624e-05 2.0631e-05 2.0618e-05 2.0623e-05 2.0606e-05 2.0611e-05 2.0605e-05 2.0601e-05 2.0601e-05 2.0602e-05 2.06e-05 2.0601e-05 2.06e-05 2.0612e-05 2.0618e-05 2.0621e-05 2.0616e-05 2.0615e-05 2.0679e-05 2.0764e-05 2.0736e-05 2.0895e-05 2.0905e-05 2.0873e-05 2.0864e-05 2.0995e-05 2.0908e-05 2.0879e-05 2.0936e-05 2.094e-05 2.0932e-05 2.0893e-05 2.0898e-05 2.087e-05 2.1001e-05 2.0985e-05 2.0982e-05 2.0984e-05 2.0886e-05 2.0876e-05 2.0911e-05 2.0979e-05 2.1013e-05 2.099e-05 2.1034e-05 2.0955e-05 2.0858e-05 2.09e-05 2.087e-05 2.0788e-05 2.0787e-05 2.0808e-05 2.0829e-05 2.1018e-05 2.1035e-05 2.0956e-05 2.0907e-05 2.0903e-05 2.0882e-05 2.0908e-05 2.0839e-05 2.0786e-05 2.0796e-05 2.0743e-05 2.075e-05 2.076e-05 2.075e-05 2.0728e-05 2.0731e-05 2.0736e-05 2.0693e-05 2.1048e-05 2.1074e-05 2.1044e-05 2.0912e-05 2.0996e-05 2.0763e-05 2.0605e-05 2.0657e-05 2.065e-05 2.0657e-05 2.0604e-05 2.0602e-05 2.06e-05 2.0602e-05 2.0616e-05 2.0644e-05 2.062e-05 2.0639e-05 2.0643e-05 2.0638e-05 2.0642e-05 2.0641e-05 2.0661e-05 2.0695e-05 2.0727e-05 2.0729e-05 2.0657e-05 2.0628e-05 2.0619e-05 2.0605e-05
2.0608e-05 2.0617e-05 2.0628e-05 2.0623e-05 2.0606e-05 2.0707e-05 2.0694e-05 2.0691e-05 2.0715e-05 2.0639e-05 2.0616e-05 2.0601e-05 2.0601e-05 2.0606e-05 2.0619e-05 2.0631e-05 2.0631e-05 2.0604e-05 2.0643e-05 2.0646e-05 2.0709e-05 2.0773e-05 2.0851e-05 2.0957e-05 2.1048e-05 2.1145e-05 2.1235e-05 2.1365e-05 2.1505e-05 2.1621e-05 2.1634e-05 2.1638e-05 2.1622e-05 2.1617e-05 2.1598e-05 2.1581e-05 2.1582e-05 2.1493e-05 2.1561e-05 2.1603e-05 2.1581e-05 2.1558e-05 2.1517e-05 2.0832e-05 2.1164e-05 2.0742e-05 2.111e-05 2.0957e-05 2.1166e-05 2.1295e-05 2.136e-05 2.0819e-05 2.0612e-05 2.0601e-05 2.0641e-05 2.1283e-05 2.1224e-05 2.1013e-05 2.0602e-05 2.06e-05 2.0968e-05 2.0939e-05 2.0914e-05 2.0905e-05 2.077e-05 2.0842e-05 2.0709e-05 2.0788e-05 2.0775e-05 2.0724e-05 2.0641e-05 2.0601e-05 2.0742e-05 2.0604e-05 2.0606e-05 2.0741e-05 2.0809e-05 2.0749e-05 2.06e-05 2.0605e-05 2.0698e-05 2.0648e-05 2.0639e-05 2.0623e-05 2.0616e-05 2.0604e-05 2.06e-05 2.06e-05 2.0604e-05 2.0601e-05 2.0601e-05 2.0602e-05 2.06e-05 2.0621e-05 2.062e-05 2.061e-05 2.0615e-05 2.0618e-05 2.0655e-05 2.0642e-05 2.0762e-05 2.094e-05 2.0905e-05 2.0871e-05 2.0811e-05 2.0867e-05 2.0888e-05 2.0902e-05 2.0879e-05 2.0913e-05 2.0805e-05 2.0791e-05 2.0821e-05 2.0962e-05 2.0995e-05 2.0982e-05 2.1028e-05 2.0987e-05 2.1033e-05 2.0928e-05 2.0984e-05 2.092e-05 2.097e-05 2.0965e-05 2.0917e-05 2.0955e-05 2.0832e-05 2.0915e-05 2.0809e-05 2.0798e-05 2.0827e-05 2.0929e-05 2.0906e-05 2.1004e-05 2.0912e-05 2.0884e-05 2.0815e-05 2.0838e-05 2.0819e-05 2.0794e-05 2.0814e-05 2.0768e-05 2.0685e-05 2.0676e-05 2.0702e-05 2.0714e-05 2.0624e-05 2.0656e-05 2.0725e-05 2.0766e-05 2.0868e-05 2.0952e-05 2.0797e-05 2.0821e-05 2.0839e-05 2.0739e-05 2.0624e-05 2.0603e-05 2.0828e-05 2.0628e-05 2.0608e-05 2.06e-05 2.06e-05 2.0623e-05 2.0623e-05 2.0672e-05 2.0674e-05 2.0661e-05 2.0661e-05 2.0675e-05 2.0684e-05 2.0679e-05 2.0715e-05 2.0712e-05 2.0711e-05 2.0723e-05 2.0728e-05 2.0686e-05 2.0648e-05 2.0623e-05
2.0625e-05 2.062e-05 2.0645e-05 2.0651e-05 2.0631e-05 2.0765e-05 2.0768e-05 2.0738e-05 2.0667e-05 2.0692e-05 2.0603e-05 2.0618e-05 2.0622e-05 2.0709e-05 2.0696e-05 2.0724e-05 2.0601e-05 2.0638e-05 2.0603e-05 2.0607e-05 2.0633e-05 2.0714e-05 2.0738e-05 2.0844e-05 2.0965e-05 2.1068e-05 2.1159e-05 2.1302e-05 2.1398e-05 2.1538e-05 2.1608e-05 2.1617e-05 2.1628e-05 2.1629e-05 2.1591e-05 2.156e-05 2.1531e-05 2.1514e-05 2.151e-05 2.1549e-05 2.1565e-05 2.1514e-05 2.1474e-05 2.1364e-05 2.1322e-05 2.1314e-05 2.1217e-05 2.121e-05 2.1239e-05 2.1286e-05 2.1324e-05 2.1355e-05 2.1283e-05 2.0809e-05 2.0923e-05 2.1198e-05 2.1093e-05 2.0999e-05 2.0935e-05 2.0655e-05 2.097e-05 2.0837e-05 2.0843e-05 2.0787e-05 2.0775e-05 2.0755e-05 2.0608e-05 2.0699e-05 2.0676e-05 2.0632e-05 2.0612e-05 2.0603e-05 2.0911e-05 2.0607e-05 2.0603e-05 2.0704e-05 2.0653e-05 2.0677e-05 2.0616e-05 2.0622e-05 2.0642e-05 2.0642e-05 2.0698e-05 2.0649e-05 2.0619e-05 2.061e-05 2.0617e-05 2.0605e-05 2.0604e-05 2.0602e-05 2.0601e-05 2.0601e-05 2.0603e-05 2.0605e-05 2.0613e-05 2.0616e-05 2.0665e-05 2.0617e-05 2.0618e-05 2.0614e-05 2.0722e-05 2.0822e-05 2.0867e-05 2.0836e-05 2.0782e-05 2.0869e-05 2.0846e-05 2.0811e-05 2.0824e-05 2.0823e-05 2.0779e-05 2.0779e-05 2.0831e-05 2.0889e-05 2.0926e-05 2.1011e-05 2.1064e-05 2.0832e-05 2.0867e-05 2.0918e-05 2.0935e-05 2.091e-05 2.0942e-05 2.0863e-05 2.0974e-05 2.0908e-05 2.0953e-05 2.0825e-05 2.0814e-05 2.0773e-05 2.0852e-05 2.0824e-05 2.0844e-05 2.0868e-05 2.0795e-05 2.067e-05 2.0857e-05 2.0738e-05 2.0763e-05 2.0812e-05 2.0765e-05 2.0751e-05 2.0641e-05 2.0641e-05 2.0696e-05 2.0612e-05 2.0628e-05 2.0685e-05 2.0736e-05 2.0785e-05 2.0883e-05 2.0848e-05 2.0868e-05 2.0831e-05 2.0786e-05 2.065e-05 2.0624e-05 2.0625e-05 2.0631e-05 2.0604e-05 2.0638e-05 2.0626e-05 2.0623e-05 2.0616e-05 2.0635e-05 2.0678e-05 2.0654e-05 2.0624e-05 2.0712e-05 2.072e-05 2.0713e-05 2.0733e-05 2.0742e-05 2.075e-05 2.0748e-05 2.075e-05 2.0737e-05 2.0717e-05 2.0664e-05 2.0655e-05
2.0667e-05 2.0656e-05 2.0665e-05 2.0694e-05 2.0709e-05 2.0772e-05 2.0775e-05 2.0727e-05 2.0704e-05 2.0625e-05 2.06e-05 2.0632e-05 2.0634e-05 2.07e-05 2.076e-05 2.0651e-05 2.0603e-05 2.0624e-05 2.0614e-05 2.0604e-05 2.0614e-05 2.064e-05 2.0678e-05 2.0757e-05 2.0862e-05 2.1007e-05 2.112e-05 2.1238e-05 2.1341e-05 2.1436e-05 2.1543e-05 2.1587e-05 2.1638e-05 2.1587e-05 2.1576e-05 2.1541e-05 2.1516e-05 2.1488e-05 2.147e-05 2.1466e-05 2.146e-05 2.1353e-05 2.1301e-05 2.1254e-05 2.1213e-05 2.1119e-05 2.1064e-05 2.1024e-05 2.0976e-05 2.0933e-05 2.0996e-05 2.0796e-05 2.0674e-05 2.1194e-05 2.1173e-05 2.1123e-05 2.0973e-05 2.0909e-05 2.0891e-05 2.0666e-05 2.0827e-05 2.0779e-05 2.077e-05 2.0775e-05 2.0734e-05 2.0717e-05 2.0719e-05 2.0607e-05 2.0603e-05 2.0607e-05 2.0642e-05 2.0601e-05 2.0832e-05 2.0854e-05 2.0634e-05 2.0635e-05 2.0619e-05 2.0624e-05 2.063e-05 2.066e-05 2.0738e-05 2.0705e-05 2.0681e-05 2.0627e-05 2.0633e-05 2.0628e-05 2.0615e-05 2.0605e-05 2.0601e-05 2.0601e-05 2.0602e-05 2.0605e-05 2.0601e-05 2.0601e-05 2.061e-05 2.0615e-05 2.0681e-05 2.0619e-05 2.062e-05 2.0616e-05 2.0716e-05 2.075e-05 2.0784e-05 2.0822e-05 2.0779e-05 2.0795e-05 2.0805e-05 2.0772e-05 2.0763e-05 2.0752e-05 2.0728e-05 2.0734e-05 2.0857e-05 2.0903e-05 2.0908e-05 2.097e-05 2.1026e-05 2.0828e-05 2.0868e-05 2.0875e-05 2.0869e-05 2.0944e-05 2.0928e-05 2.0966e-05 2.0897e-05 2.0884e-05 2.0849e-05 2.0822e-05 2.0716e-05 2.0744e-05 2.0804e-05 2.0888e-05 2.081e-05 2.0785e-05 2.0676e-05 2.0686e-05 2.0724e-05 2.0612e-05 2.0752e-05 2.0781e-05 2.0743e-05 2.0717e-05 2.0631e-05 2.0626e-05 2.0621e-05 2.0609e-05 2.0617e-05 2.0741e-05 2.0701e-05 2.0781e-05 2.0802e-05 2.0785e-05 2.0674e-05 2.0665e-05 2.0623e-05 2.0622e-05 2.0661e-05 2.0688e-05 2.0656e-05 2.065e-05 2.0707e-05 2.068e-05 2.0639e-05 2.0636e-05 2.0682e-05 2.0661e-05 2.062e-05 2.066e-05 2.0706e-05 2.0726e-05 2.0732e-05 2.0738e-05 2.074e-05 2.0752e-05 2.0756e-05 2.0752e-05 2.0725e-05 2.0728e-05 2.0699e-05 2.0676e-05
2.0682e-05 2.066e-05 2.0693e-05 2.0743e-05 2.0725e-05 2.0748e-05 2.0776e-05 2.0806e-05 2.0712e-05 2.0645e-05 2.0602e-05 2.0602e-05 2.0678e-05 2.0759e-05 2.0763e-05 2.0705e-05 2.0667e-05 2.0644e-05 2.0606e-05 2.0604e-05 2.0603e-05 2.0603e-05 2.0671e-05 2.0796e-05 2.0898e-05 2.0929e-05 2.105e-05 2.1205e-05 2.1327e-05 2.1367e-05 2.1422e-05 2.1484e-05 2.1632e-05 2.1509e-05 2.1603e-05 2.1513e-05 2.1498e-05 2.1484e-05 2.1447e-05 2.1405e-05 2.135e-05 2.1303e-05 2.1266e-05 2.1215e-05 2.1148e-05 2.1059e-05 2.0999e-05 2.0932e-05 2.0829e-05 2.0746e-05 2.102e-05 2.1205e-05 2.1235e-05 2.117e-05 2.1116e-05 2.1006e-05 2.0922e-05 2.0839e-05 2.0826e-05 2.0741e-05 2.0786e-05 2.0748e-05 2.0647e-05 2.0748e-05 2.0725e-05 2.0702e-05 2.0725e-05 2.0607e-05 2.0642e-05 2.0612e-05 2.0601e-05 2.0795e-05 2.0988e-05 2.0971e-05 2.0607e-05 2.0619e-05 2.0622e-05 2.063e-05 2.0608e-05 2.0755e-05 2.0609e-05 2.0744e-05 2.0651e-05 2.0621e-05 2.0651e-05 2.0643e-05 2.0618e-05 2.0604e-05 2.0609e-05 2.0601e-05 2.0601e-05 2.0603e-05 2.06e-05 2.06e-05 2.0601e-05 2.0611e-05 2.0617e-05 2.0655e-05 2.0651e-05 2.0678e-05 2.0683e-05 2.0674e-05 2.0711e-05 2.0667e-05 2.0767e-05 2.0808e-05 2.0796e-05 2.0706e-05 2.0732e-05 2.0738e-05 2.0737e-05 2.0816e-05 2.0784e-05 2.0816e-05 2.0895e-05 2.093e-05 2.0867e-05 2.0869e-05 2.0925e-05 2.0845e-05 2.0882e-05 2.0911e-05 2.0894e-05 2.0887e-05 2.0889e-05 2.0867e-05 2.0831e-05 2.0782e-05 2.0771e-05 2.0735e-05 2.0662e-05 2.0692e-05 2.0629e-05 2.0633e-05 2.0621e-05 2.063e-05 2.0666e-05 2.0674e-05 2.0645e-05 2.0686e-05 2.0628e-05 2.0622e-05 2.0603e-05 2.0604e-05 2.0602e-05 2.0621e-05 2.0693e-05 2.0704e-05 2.0693e-05 2.0745e-05 2.0701e-05 2.064e-05 2.0602e-05 2.0612e-05 2.0616e-05 2.0625e-05 2.0664e-05 2.0692e-05 2.0678e-05 2.0704e-05 2.0682e-05 2.0682e-05 2.0664e-05 2.0696e-05 2.0689e-05 2.0667e-05 2.0641e-05 2.0696e-05 2.0715e-05 2.0724e-05 2.0734e-05 2.0742e-05 2.0743e-05 2.0749e-05 2.0752e-05 2.0752e-05 2.0755e-05 2.0742e-05 2.0729e-05 2.0709e-05
2.0757e-05 2.074e-05 2.0749e-05 2.0768e-05 2.079e-05 2.08e-05 2.0792e-05 2.0776e-05 2.0755e-05 2.0647e-05 2.0626e-05 2.0634e-05 2.077e-05 2.0794e-05 2.0789e-05 2.075e-05 2.072e-05 2.0606e-05 2.0602e-05 2.0623e-05 2.0607e-05 2.0623e-05 2.0705e-05 2.0832e-05 2.0957e-05 2.0817e-05 2.0958e-05 2.1293e-05 2.1323e-05 2.1308e-05 2.1328e-05 2.1308e-05 2.1376e-05 2.1637e-05 2.1572e-05 2.1482e-05 2.1507e-05 2.1495e-05 2.1438e-05 2.1379e-05 2.132e-05 2.1285e-05 2.1255e-05 2.1258e-05 2.1076e-05 2.0996e-05 2.0902e-05 2.084e-05 2.0778e-05 2.0657e-05 2.0651e-05 2.0915e-05 2.1028e-05 2.0984e-05 2.0912e-05 2.0845e-05 2.0803e-05 2.0781e-05 2.0766e-05 2.0712e-05 2.072e-05 2.0746e-05 2.0793e-05 2.0639e-05 2.0623e-05 2.0675e-05 2.0655e-05 2.0609e-05 2.0606e-05 2.06e-05 2.0603e-05 2.0614e-05 2.0879e-05 2.0911e-05 2.0815e-05 2.0741e-05 2.0767e-05 2.0726e-05 2.0692e-05 2.0691e-05 2.0628e-05 2.0617e-05 2.0654e-05 2.0632e-05 2.0621e-05 2.0654e-05 2.0613e-05 2.0602e-05 2.0605e-05 2.0604e-05 2.0609e-05 2.0603e-05 2.0602e-05 2.06e-05 2.0601e-05 2.0609e-05 2.0611e-05 2.0633e-05 2.0619e-05 2.0638e-05 2.0639e-05 2.0639e-05 2.064e-05 2.0671e-05 2.067e-05 2.0769e-05 2.072e-05 2.0658e-05 2.0618e-05 2.0744e-05 2.0722e-05 2.077e-05 2.0842e-05 2.0849e-05 2.0876e-05 2.0796e-05 2.0835e-05 2.0836e-05 2.0894e-05 2.0838e-05 2.087e-05 2.0897e-05 2.0901e-05 2.0875e-05 2.0871e-05 2.0855e-05 2.0808e-05 2.0779e-05 2.0732e-05 2.0711e-05 2.0608e-05 2.0603e-05 2.0621e-05 2.0637e-05 2.0696e-05 2.063e-05 2.0614e-05 2.0624e-05 2.0642e-05 2.0614e-05 2.0611e-05 2.0602e-05 2.06e-05 2.0602e-05 2.0605e-05 2.0644e-05 2.0651e-05 2.0673e-05 2.0694e-05 2.0745e-05 2.0619e-05 2.0623e-05 2.0615e-05 2.0605e-05 2.061e-05 2.0658e-05 2.0678e-05 2.0697e-05 2.0703e-05 2.0717e-05 2.0675e-05 2.0714e-05 2.0699e-05 2.071e-05 2.0704e-05 2.0677e-05 2.0688e-05 2.071e-05 2.0717e-05 2.0722e-05 2.0725e-05 2.0738e-05 2.0743e-05 2.0745e-05 2.0744e-05 2.075e-05 2.0754e-05 2.0758e-05 2.0762e-05 2.0764e-05
2.0755e-05 2.0774e-05 2.0819e-05 2.0776e-05 2.0807e-05 2.0811e-05 2.0798e-05 2.0792e-05 2.0774e-05 2.0711e-05 2.0681e-05 2.0667e-05 2.0797e-05 2.0821e-05 2.0821e-05 2.0796e-05 2.0667e-05 2.0601e-05 2.0659e-05 2.064e-05 2.0601e-05 2.0677e-05 2.0781e-05 2.0861e-05 2.0806e-05 2.0785e-05 2.083e-05 2.1065e-05 2.1306e-05 2.1321e-05 2.1288e-05 2.1222e-05 2.1178e-05 2.1231e-05 2.1363e-05 2.1443e-05 2.1524e-05 2.1541e-05 2.1421e-05 2.1341e-05 2.1281e-05 2.1246e-05 2.1228e-05 2.1267e-05 2.1038e-05 2.0891e-05 2.0818e-05 2.0768e-05 2.0702e-05 2.0622e-05 2.0606e-05 2.0826e-05 2.083e-05 2.0774e-05 2.0738e-05 2.0703e-05 2.0713e-05 2.0706e-05 2.0697e-05 2.0671e-05 2.0631e-05 2.0693e-05 2.0757e-05 2.0725e-05 2.0682e-05 2.0625e-05 2.0607e-05 2.0603e-05 2.0601e-05 2.0606e-05 2.064e-05 2.0825e-05 2.0643e-05 2.0743e-05 2.0899e-05 2.082e-05 2.0719e-05 2.0641e-05 2.0626e-05 2.063e-05 2.0614e-05 2.0637e-05 2.062e-05 2.063e-05 2.0661e-05 2.0627e-05 2.0622e-05 2.0604e-05 2.0607e-05 2.0604e-05 2.0602e-05 2.0603e-05 2.0601e-05 2.0603e-05 2.0604e-05 2.0605e-05 2.0607e-05 2.0606e-05 2.0614e-05 2.0635e-05 2.0634e-05 2.0638e-05 2.0649e-05 2.064e-05 2.0651e-05 2.0656e-05 2.0648e-05 2.0662e-05 2.065e-05 2.0773e-05 2.0744e-05 2.0886e-05 2.0849e-05 2.087e-05 2.083e-05 2.0862e-05 2.0856e-05 2.0828e-05 2.0842e-05 2.0844e-05 2.0869e-05 2.0891e-05 2.091e-05 2.0899e-05 2.0792e-05 2.084e-05 2.0811e-05 2.0758e-05 2.0701e-05 2.0637e-05 2.0602e-05 2.0878e-05 2.0907e-05 2.0908e-05 2.0899e-05 2.0858e-05 2.0757e-05 2.061e-05 2.0601e-05 2.06e-05 2.0601e-05 2.0604e-05 2.0601e-05 2.0604e-05 2.0603e-05 2.0632e-05 2.0653e-05 2.0647e-05 2.0723e-05 2.0707e-05 2.062e-05 2.0614e-05 2.0627e-05 2.0631e-05 2.0645e-05 2.0651e-05 2.0687e-05 2.0702e-05 2.0714e-05 2.0716e-05 2.0709e-05 2.0703e-05 2.0712e-05 2.0711e-05 2.0712e-05 2.0711e-05 2.0711e-05 2.0708e-05 2.0717e-05 2.0718e-05 2.0718e-05 2.0729e-05 2.0735e-05 2.0739e-05 2.0742e-05 2.0749e-05 2.0755e-05 2.0758e-05 2.0763e-05 2.0769e-05
2.0765e-05 2.0777e-05 2.0787e-05 2.0792e-05 2.0807e-05 2.0812e-05 2.081e-05 2.0806e-05 2.0793e-05 2.0752e-05 2.0706e-05 2.0761e-05 2.0824e-05 2.084e-05 2.0845e-05 2.0803e-05 2.0649e-05 2.0713e-05 2.0699e-05 2.0644e-05 2.0605e-05 2.066e-05 2.0646e-05 2.0684e-05 2.071e-05 2.072e-05 2.078e-05 2.0934e-05 2.1364e-05 2.1341e-05 2.1289e-05 2.1156e-05 2.1108e-05 2.1151e-05 2.1255e-05 2.1387e-05 2.1597e-05 2.1598e-05 2.1358e-05 2.1288e-05 2.1243e-05 2.1213e-05 2.1193e-05 2.1147e-05 2.0936e-05 2.0861e-05 2.08e-05 2.0735e-05 2.0678e-05 2.063e-05 2.0604e-05 2.0602e-05 2.0714e-05 2.0719e-05 2.072e-05 2.0713e-05 2.0688e-05 2.0666e-05 2.0647e-05 2.0634e-05 2.0627e-05 2.0652e-05 2.0723e-05 2.0654e-05 2.0613e-05 2.0605e-05 2.06e-05 2.0601e-05 2.0603e-05 2.0617e-05 2.0657e-05 2.0836e-05 2.0925e-05 2.0833e-05 2.0896e-05 2.0652e-05 2.0642e-05 2.0631e-05 2.0706e-05 2.0724e-05 2.0692e-05 2.063e-05 2.0638e-05 2.0647e-05 2.0629e-05 2.0611e-05 2.0611e-05 2.0603e-05 2.0608e-05 2.0601e-05 2.0603e-05 2.0601e-05 2.0601e-05 2.0603e-05 2.0604e-05 2.0608e-05 2.0614e-05 2.0604e-05 2.0621e-05 2.065e-05 2.065e-05 2.0643e-05 2.0632e-05 2.0647e-05 2.0655e-05 2.0631e-05 2.0691e-05 2.0613e-05 2.0649e-05 2.064e-05 2.0701e-05 2.0777e-05 2.0802e-05 2.0892e-05 2.0872e-05 2.0852e-05 2.087e-05 2.0842e-05 2.0841e-05 2.0834e-05 2.0875e-05 2.0863e-05 2.0905e-05 2.0802e-05 2.0727e-05 2.0857e-05 2.0809e-05 2.0742e-05 2.0637e-05 2.0613e-05 2.0863e-05 2.0928e-05 2.0918e-05 2.0914e-05 2.0913e-05 2.0897e-05 2.0888e-05 2.0801e-05 2.0614e-05 2.0612e-05 2.0617e-05 2.0606e-05 2.0601e-05 2.06e-05 2.0631e-05 2.0669e-05 2.0654e-05 2.0617e-05 2.0644e-05 2.0647e-05 2.0611e-05 2.064e-05 2.0649e-05 2.0665e-05 2.068e-05 2.067e-05 2.0707e-05 2.0717e-05 2.0707e-05 2.0718e-05 2.0723e-05 2.0707e-05 2.0711e-05 2.0709e-05 2.0715e-05 2.0714e-05 2.0709e-05 2.0709e-05 2.0707e-05 2.0708e-05 2.0712e-05 2.0702e-05 2.0726e-05 2.0736e-05 2.0732e-05 2.075e-05 2.0759e-05 2.0764e-05 2.0767e-05 2.0773e-05
2.078e-05 2.0799e-05 2.0764e-05 2.0775e-05 2.0813e-05 2.0811e-05 2.0813e-05 2.0807e-05 2.0824e-05 2.0769e-05 2.0728e-05 2.0812e-05 2.0847e-05 2.0857e-05 2.0851e-05 2.0767e-05 2.0717e-05 2.0766e-05 2.0691e-05 2.0609e-05 2.0602e-05 2.0602e-05 2.0606e-05 2.0619e-05 2.0641e-05 2.0683e-05 2.0735e-05 2.0908e-05 2.1282e-05 2.1297e-05 2.1204e-05 2.1056e-05 2.1059e-05 2.1019e-05 2.1102e-05 2.1323e-05 2.1626e-05 2.1608e-05 2.1447e-05 2.1242e-05 2.1215e-05 2.1177e-05 2.1137e-05 2.1069e-05 2.0951e-05 2.0858e-05 2.0786e-05 2.0719e-05 2.0674e-05 2.0626e-05 2.0604e-05 2.0602e-05 2.061e-05 2.068e-05 2.069e-05 2.0688e-05 2.0669e-05 2.0647e-05 2.0633e-05 2.0618e-05 2.0608e-05 2.0614e-05 2.0629e-05 2.0621e-05 2.061e-05 2.0601e-05 2.0618e-05 2.0622e-05 2.0629e-05 2.0681e-05 2.0832e-05 2.0848e-05 2.0824e-05 2.0915e-05 2.0695e-05 2.0687e-05 2.0701e-05 2.0681e-05 2.0729e-05 2.0644e-05 2.0644e-05 2.0635e-05 2.0628e-05 2.0638e-05 2.0648e-05 2.0627e-05 2.0618e-05 2.0632e-05 2.0618e-05 2.0619e-05 2.0605e-05 2.0602e-05 2.06e-05 2.0601e-05 2.0601e-05 2.0604e-05 2.0604e-05 2.0613e-05 2.0618e-05 2.0612e-05 2.0613e-05 2.0664e-05 2.0698e-05 2.0711e-05 2.0638e-05 2.0623e-05 2.0617e-05 2.0669e-05 2.0681e-05 2.0706e-05 2.0716e-05 2.0713e-05 2.0747e-05 2.0718e-05 2.0774e-05 2.0825e-05 2.0853e-05 2.0844e-05 2.0844e-05 2.0895e-05 2.0859e-05 2.0872e-05 2.0926e-05 2.0689e-05 2.0835e-05 2.0856e-05 2.0783e-05 2.0698e-05 2.0609e-05 2.0704e-05 2.0892e-05 2.0935e-05 2.0937e-05 2.0932e-05 2.092e-05 2.0911e-05 2.09e-05 2.0865e-05 2.0768e-05 2.0679e-05 2.0641e-05 2.064e-05 2.0601e-05 2.061e-05 2.0612e-05 2.0619e-05 2.0601e-05 2.0603e-05 2.06e-05 2.06e-05 2.0628e-05 2.0666e-05 2.0695e-05 2.0665e-05 2.0704e-05 2.0724e-05 2.071e-05 2.0707e-05 2.0694e-05 2.0697e-05 2.0761e-05 2.0684e-05 2.0678e-05 2.0689e-05 2.0705e-05 2.0712e-05 2.0694e-05 2.0701e-05 2.0685e-05 2.069e-05 2.0691e-05 2.0721e-05 2.0724e-05 2.0737e-05 2.0726e-05 2.0748e-05 2.0759e-05 2.0767e-05 2.0773e-05 2.0772e-05
2.0791e-05 2.0789e-05 2.0788e-05 2.0788e-05 2.0825e-05 2.0825e-05 2.0835e-05 2.0829e-05 2.0853e-05 2.0839e-05 2.0816e-05 2.0866e-05 2.0873e-05 2.0867e-05 2.0858e-05 2.0847e-05 2.0774e-05 2.0777e-05 2.069e-05 2.0625e-05 2.061e-05 2.0603e-05 2.0602e-05 2.0616e-05 2.0645e-05 2.0678e-05 2.0754e-05 2.0914e-05 2.1058e-05 2.1002e-05 2.1013e-05 2.1015e-05 2.1009e-05 2.1006e-05 2.0985e-05 2.1008e-05 2.1594e-05 2.0962e-05 2.1411e-05 2.1244e-05 2.1189e-05 2.1147e-05 2.1096e-05 2.1029e-05 2.0951e-05 2.0848e-05 2.0759e-05 2.0705e-05 2.0654e-05 2.0626e-05 2.0606e-05 2.0601e-05 2.0602e-05 2.0652e-05 2.0666e-05 2.0668e-05 2.0651e-05 2.0632e-05 2.0623e-05 2.0612e-05 2.0605e-05 2.0622e-05 2.0631e-05 2.0602e-05 2.0601e-05 2.0612e-05 2.0653e-05 2.0686e-05 2.0718e-05 2.0695e-05 2.0913e-05 2.0873e-05 2.0689e-05 2.0922e-05 2.0826e-05 2.0681e-05 2.0847e-05 2.066e-05 2.0642e-05 2.0669e-05 2.0639e-05 2.0631e-05 2.062e-05 2.0614e-05 2.0627e-05 2.0633e-05 2.0649e-05 2.0632e-05 2.0626e-05 2.0619e-05 2.0606e-05 2.0603e-05 2.0604e-05 2.0604e-05 2.061e-05 2.0601e-05 2.0602e-05 2.0613e-05 2.0608e-05 2.0605e-05 2.0612e-05 2.0615e-05 2.0643e-05 2.0704e-05 2.0625e-05 2.0633e-05 2.0603e-05 2.0635e-05 2.0606e-05 2.0717e-05 2.0682e-05 2.069e-05 2.0698e-05 2.0671e-05 2.0717e-05 2.08e-05 2.0853e-05 2.0806e-05 2.0768e-05 2.0866e-05 2.0831e-05 2.0849e-05 2.0889e-05 2.0911e-05 2.0877e-05 2.0795e-05 2.0729e-05 2.0653e-05 2.0603e-05 2.0754e-05 2.0935e-05 2.0943e-05 2.0949e-05 2.0933e-05 2.0913e-05 2.0911e-05 2.0892e-05 2.0878e-05 2.0809e-05 2.0709e-05 2.0673e-05 2.06e-05 2.0605e-05 2.0601e-05 2.0603e-05 2.0608e-05 2.0631e-05 2.0649e-05 2.0648e-05 2.0656e-05 2.068e-05 2.0711e-05 2.0744e-05 2.075e-05 2.0724e-05 2.0737e-05 2.0722e-05 2.0722e-05 2.0688e-05 2.0672e-05 2.0653e-05 2.0635e-05 2.0641e-05 2.0647e-05 2.0659e-05 2.0668e-05 2.0671e-05 2.067e-05 2.0675e-05 2.072e-05 2.0626e-05 2.0695e-05 2.0719e-05 2.072e-05 2.072e-05 2.0758e-05 2.0764e-05 2.0762e-05 2.0697e-05 2.077e-05
2.0773e-05 2.0801e-05 2.0735e-05 2.0733e-05 2.0823e-05 2.0819e-05 2.084e-05 2.0852e-05 2.086e-05 2.0868e-05 2.0879e-05 2.0891e-05 2.0889e-05 2.0885e-05 2.0878e-05 2.0852e-05 2.0825e-05 2.0765e-05 2.0621e-05 2.0628e-05 2.0615e-05 2.06e-05 2.0604e-05 2.0614e-05 2.065e-05 2.0697e-05 2.0749e-05 2.0819e-05 2.0961e-05 2.0961e-05 2.0983e-05 2.0985e-05 2.0985e-05 2.0965e-05 2.0929e-05 2.0899e-05 2.1029e-05 2.1479e-05 2.1608e-05 2.1374e-05 2.1222e-05 2.1107e-05 2.104e-05 2.0991e-05 2.1449e-05 2.0799e-05 2.0731e-05 2.0685e-05 2.0645e-05 2.0626e-05 2.0604e-05 2.0601e-05 2.0601e-05 2.0641e-05 2.0651e-05 2.0643e-05 2.063e-05 2.062e-05 2.0614e-05 2.0608e-05 2.0606e-05 2.0603e-05 2.06e-05 2.0603e-05 2.0609e-05 2.0669e-05 2.0708e-05 2.0745e-05 2.0763e-05 2.088e-05 2.0901e-05 2.0875e-05 2.0758e-05 2.0739e-05 2.0706e-05 2.0834e-05 2.0726e-05 2.0701e-05 2.0641e-05 2.0616e-05 2.0615e-05 2.0633e-05 2.0621e-05 2.0628e-05 2.0626e-05 2.0626e-05 2.089e-05 2.0628e-05 2.0729e-05 2.0618e-05 2.0604e-05 2.0606e-05 2.0606e-05 2.0618e-05 2.0614e-05 2.0601e-05 2.0601e-05 2.06e-05 2.0601e-05 2.0601e-05 2.06e-05 2.0621e-05 2.0635e-05 2.0626e-05 2.0617e-05 2.0608e-05 2.0617e-05 2.0604e-05 2.0605e-05 2.0643e-05 2.0649e-05 2.062e-05 2.0665e-05 2.0677e-05 2.0698e-05 2.073e-05 2.0771e-05 2.075e-05 2.0726e-05 2.0737e-05 2.0758e-05 2.0824e-05 2.0841e-05 2.0834e-05 2.0816e-05 2.0774e-05 2.0699e-05 2.0619e-05 2.0621e-05 2.077e-05 2.0936e-05 2.094e-05 2.0935e-05 2.0925e-05 2.0911e-05 2.0908e-05 2.0898e-05 2.0884e-05 2.0834e-05 2.074e-05 2.0702e-05 2.0627e-05 2.0636e-05 2.0645e-05 2.0643e-05 2.0655e-05 2.0652e-05 2.0709e-05 2.0687e-05 2.0727e-05 2.0743e-05 2.0757e-05 2.0788e-05 2.0808e-05 2.0813e-05 2.0771e-05 2.0758e-05 2.0716e-05 2.0666e-05 2.0623e-05 2.0602e-05 2.0601e-05 2.0604e-05 2.0605e-05 2.0617e-05 2.063e-05 2.0636e-05 2.0656e-05 2.0652e-05 2.0657e-05 2.0662e-05 2.064e-05 2.0717e-05 2.0713e-05 2.0729e-05 2.0734e-05 2.0759e-05 2.0752e-05 2.0638e-05 2.0712e-05
2.0779e-05 2.0808e-05 2.0811e-05 2.0846e-05 2.0837e-05 2.0821e-05 2.0855e-05 2.0877e-05 2.0882e-05 2.0891e-05 2.0902e-05 2.0917e-05 2.0914e-05 2.0909e-05 2.0907e-05 2.0873e-05 2.0772e-05 2.07e-05 2.0634e-05 2.0631e-05 2.0602e-05 2.1066e-05 2.1621e-05 2.1637e-05 2.1479e-05 2.0718e-05 2.0772e-05 2.0792e-05 2.0838e-05 2.0928e-05 2.0943e-05 2.0964e-05 2.0959e-05 2.0944e-05 2.0926e-05 2.0906e-05 2.0903e-05 2.1127e-05 2.1432e-05 2.1383e-05 2.1186e-05 2.1073e-05 2.0994e-05 2.0946e-05 2.0861e-05 2.0747e-05 2.0708e-05 2.0669e-05 2.0643e-05 2.0627e-05 2.0607e-05 2.0601e-05 2.06e-05 2.0632e-05 2.0632e-05 2.0633e-05 2.0624e-05 2.0613e-05 2.0608e-05 2.0607e-05 2.0604e-05 2.0604e-05 2.0606e-05 2.0602e-05 2.0677e-05 2.0725e-05 2.0758e-05 2.0784e-05 2.079e-05 2.087e-05 2.0916e-05 2.0889e-05 2.0825e-05 2.0776e-05 2.0841e-05 2.0761e-05 2.0738e-05 2.0704e-05 2.0678e-05 2.0665e-05 2.0683e-05 2.0635e-05 2.0601e-05 2.0785e-05 2.0638e-05 2.0628e-05 2.0635e-05 2.0626e-05 2.0627e-05 2.0628e-05 2.07e-05 2.0636e-05 2.0611e-05 2.0606e-05 2.0607e-05 2.0601e-05 2.0602e-05 2.0604e-05 2.0606e-05 2.0612e-05 2.0604e-05 2.0603e-05 2.0609e-05 2.0613e-05 2.0608e-05 2.0607e-05 2.0615e-05 2.0608e-05 2.06e-05 2.0672e-05 2.0639e-05 2.0634e-05 2.0627e-05 2.0625e-05 2.0682e-05 2.0693e-05 2.0725e-05 2.0753e-05 2.0738e-05 2.0737e-05 2.077e-05 2.075e-05 2.0783e-05 2.0771e-05 2.0741e-05 2.072e-05 2.0667e-05 2.0601e-05 2.0667e-05 2.0925e-05 2.093e-05 2.0916e-05 2.0934e-05 2.0921e-05 2.0909e-05 2.0903e-05 2.0891e-05 2.0883e-05 2.0843e-05 2.0767e-05 2.0725e-05 2.0706e-05 2.0684e-05 2.0678e-05 2.0673e-05 2.0679e-05 2.0694e-05 2.0715e-05 2.076e-05 2.0773e-05 2.0794e-05 2.0813e-05 2.0815e-05 2.083e-05 2.0834e-05 2.0826e-05 2.0773e-05 2.0708e-05 2.0636e-05 2.0603e-05 2.0603e-05 2.0614e-05 2.0633e-05 2.0614e-05 2.0604e-05 2.0606e-05 2.0619e-05 2.0632e-05 2.0634e-05 2.0643e-05 2.0651e-05 2.0656e-05 2.0682e-05 2.0709e-05 2.0715e-05 2.0727e-05 2.0739e-05 2.0774e-05 2.0689e-05 2.0891e-05
2.0801e-05 2.0825e-05 2.0832e-05 2.0854e-05 2.0769e-05 2.0852e-05 2.0859e-05 2.0874e-05 2.0899e-05 2.0906e-05 2.0918e-05 2.093e-05 2.0934e-05 2.0932e-05 2.0939e-05 2.0809e-05 2.0733e-05 2.0718e-05 2.0659e-05 2.0661e-05 2.0631e-05 2.1639e-05 2.1089e-05 2.0548e-05 2.1495e-05 2.1108e-05 2.0782e-05 2.0788e-05 2.0745e-05 2.0833e-05 2.0889e-05 2.0939e-05 2.0951e-05 2.0938e-05 2.0922e-05 2.0902e-05 2.0899e-05 2.0939e-05 2.114e-05 2.1162e-05 2.1077e-05 2.1033e-05 2.098e-05 2.0928e-05 2.0847e-05 2.0742e-05 2.069e-05 2.0656e-05 2.0635e-05 2.0621e-05 2.0611e-05 2.06e-05 2.0601e-05 2.0651e-05 2.0646e-05 2.0618e-05 2.0616e-05 2.061e-05 2.0607e-05 2.0605e-05 2.0602e-05 2.06e-05 2.0604e-05 2.065e-05 2.0692e-05 2.0765e-05 2.08e-05 2.0838e-05 2.0881e-05 2.0891e-05 2.086e-05 2.0894e-05 2.0877e-05 2.084e-05 2.0857e-05 2.0792e-05 2.0728e-05 2.0738e-05 2.0718e-05 2.0663e-05 2.0643e-05 2.0613e-05 2.065e-05 2.0712e-05 2.0626e-05 2.0633e-05 2.0635e-05 2.0846e-05 2.0633e-05 2.0657e-05 2.0634e-05 2.0628e-05 2.0609e-05 2.0605e-05 2.0611e-05 2.0619e-05 2.0612e-05 2.0614e-05 2.0613e-05 2.0625e-05 2.0623e-05 2.0611e-05 2.06e-05 2.0602e-05 2.0602e-05 2.0601e-05 2.0601e-05 2.0601e-05 2.0623e-05 2.0647e-05 2.0628e-05 2.0625e-05 2.064e-05 2.0658e-05 2.0666e-05 2.0678e-05 2.0713e-05 2.0819e-05 2.0754e-05 2.0734e-05 2.0726e-05 2.0728e-05 2.0737e-05 2.0726e-05 2.0714e-05 2.0688e-05 2.061e-05 2.0601e-05 2.0685e-05 2.0894e-05 2.0921e-05 2.0925e-05 2.0919e-05 2.091e-05 2.0906e-05 2.0906e-05 2.0895e-05 2.0869e-05 2.0846e-05 2.0811e-05 2.0771e-05 2.0784e-05 2.0755e-05 2.0755e-05 2.075e-05 2.0779e-05 2.0785e-05 2.08e-05 2.0818e-05 2.0833e-05 2.0846e-05 2.0846e-05 2.0848e-05 2.0865e-05 2.0857e-05 2.0854e-05 2.0814e-05 2.0705e-05 2.0637e-05 2.0601e-05 2.0621e-05 2.0663e-05 2.0703e-05 2.0701e-05 2.0651e-05 2.06e-05 2.061e-05 2.0615e-05 2.0614e-05 2.0625e-05 2.064e-05 2.0662e-05 2.0685e-05 2.0706e-05 2.0701e-05 2.0727e-05 2.0783e-05 2.078e-05 2.0761e-05 2.0808e-05
2.0801e-05 2.0832e-05 2.0854e-05 2.0863e-05 2.0871e-05 2.0855e-05 2.0862e-05 2.0885e-05 2.0909e-05 2.092e-05 2.0932e-05 2.0946e-05 2.095e-05 2.0952e-05 2.0957e-05 2.0831e-05 2.0744e-05 2.069e-05 2.061e-05 2.0635e-05 2.0607e-05 2.1639e-05 2.1116e-05 2.0762e-05 2.1421e-05 2.113e-05 2.0732e-05 2.0709e-05 2.0702e-05 2.0724e-05 2.0824e-05 2.0913e-05 2.0963e-05 2.0975e-05 2.0971e-05 2.0919e-05 2.089e-05 2.0895e-05 2.0984e-05 2.1016e-05 2.0999e-05 2.0986e-05 2.0969e-05 2.0931e-05 2.0873e-05 2.0774e-05 2.0678e-05 2.0648e-05 2.0626e-05 2.0619e-05 2.0611e-05 2.06e-05 2.0606e-05 2.0602e-05 2.0652e-05 2.0631e-05 2.0616e-05 2.0611e-05 2.0605e-05 2.0604e-05 2.06e-05 2.06e-05 2.0617e-05 2.0691e-05 2.0756e-05 2.0808e-05 2.0869e-05 2.0886e-05 2.092e-05 2.0921e-05 2.0939e-05 2.092e-05 2.0912e-05 2.0893e-05 2.0878e-05 2.0794e-05 2.077e-05 2.0777e-05 2.0839e-05 2.0682e-05 2.0653e-05 2.0635e-05 2.0649e-05 2.0655e-05 2.0833e-05 2.0621e-05 2.063e-05 2.0613e-05 2.0631e-05 2.0638e-05 2.064e-05 2.0641e-05 2.0684e-05 2.0622e-05 2.0619e-05 2.0628e-05 2.0621e-05 2.0621e-05 2.0619e-05 2.0624e-05 2.0626e-05 2.0605e-05 2.0721e-05 2.0604e-05 2.0613e-05 2.0601e-05 2.0607e-05 2.0601e-05 2.0609e-05 2.0614e-05 2.0625e-05 2.0636e-05 2.0662e-05 2.0668e-05 2.0665e-05 2.0636e-05 2.0736e-05 2.07e-05 2.0741e-05 2.0688e-05 2.0665e-05 2.0641e-05 2.0721e-05 2.0713e-05 2.07e-05 2.067e-05 2.0617e-05 2.0629e-05 2.0626e-05 2.0748e-05 2.0858e-05 2.0913e-05 2.0902e-05 2.0901e-05 2.0897e-05 2.0887e-05 2.0886e-05 2.0878e-05 2.0862e-05 2.0848e-05 2.0845e-05 2.0843e-05 2.0864e-05 2.0845e-05 2.085e-05 2.0845e-05 2.0866e-05 2.0869e-05 2.0872e-05 2.0885e-05 2.0895e-05 2.0886e-05 2.0907e-05 2.0899e-05 2.0896e-05 2.0869e-05 2.0831e-05 2.0705e-05 2.0613e-05 2.0609e-05 2.0683e-05 2.0751e-05 2.0774e-05 2.0728e-05 2.0718e-05 2.0864e-05 2.06e-05 2.0603e-05 2.0608e-05 2.0617e-05 2.0634e-05 2.0659e-05 2.0685e-05 2.0707e-05 2.0715e-05 2.0757e-05 2.0701e-05 2.0801e-05 2.0791e-05 2.0814e-05
2.0873e-05 2.0855e-05 2.085e-05 2.0885e-05 2.0904e-05 2.0902e-05 2.0898e-05 2.0914e-05 2.0935e-05 2.094e-05 2.0954e-05 2.0959e-05 2.0964e-05 2.0966e-05 2.0966e-05 2.083e-05 2.0742e-05 2.063e-05 2.0612e-05 2.065e-05 2.0615e-05 2.1542e-05 2.1636e-05 2.1596e-05 2.1628e-05 2.0807e-05 2.066e-05 2.066e-05 2.0673e-05 2.0711e-05 2.078e-05 2.0876e-05 2.0966e-05 2.1012e-05 2.1045e-05 2.1063e-05 2.0901e-05 2.0897e-05 2.0929e-05 2.0957e-05 2.0965e-05 2.0961e-05 2.0951e-05 2.0925e-05 2.0875e-05 2.078e-05 2.0657e-05 2.065e-05 2.0635e-05 2.0621e-05 2.062e-05 2.0603e-05 2.0601e-05 2.0605e-05 2.0638e-05 2.063e-05 2.0625e-05 2.0614e-05 2.0611e-05 2.0603e-05 2.06e-05 2.06e-05 2.0644e-05 2.07e-05 2.0768e-05 2.0892e-05 2.0907e-05 2.0918e-05 2.0936e-05 2.0941e-05 2.0942e-05 2.0936e-05 2.0909e-05 2.0913e-05 2.0894e-05 2.0833e-05 2.0817e-05 2.0824e-05 2.0752e-05 2.0684e-05 2.0676e-05 2.0717e-05 2.0673e-05 2.0653e-05 2.062e-05 2.0646e-05 2.0675e-05 2.0633e-05 2.0639e-05 2.0649e-05 2.0637e-05 2.0637e-05 2.0626e-05 2.0623e-05 2.0642e-05 2.0632e-05 2.0624e-05 2.0627e-05 2.0626e-05 2.0625e-05 2.0634e-05 2.0607e-05 2.0601e-05 2.0616e-05 2.0601e-05 2.0601e-05 2.0613e-05 2.0637e-05 2.0607e-05 2.0601e-05 2.0641e-05 2.0662e-05 2.0667e-05 2.0656e-05 2.0651e-05 2.0634e-05 2.069e-05 2.0688e-05 2.0845e-05 2.0653e-05 2.0645e-05 2.065e-05 2.0753e-05 2.072e-05 2.0675e-05 2.0671e-05 2.0621e-05 2.0636e-05 2.0603e-05 2.0614e-05 2.0726e-05 2.0758e-05 2.0834e-05 2.0854e-05 2.0853e-05 2.0882e-05 2.0881e-05 2.0881e-05 2.0881e-05 2.0877e-05 2.0882e-05 2.09e-05 2.09e-05 2.0903e-05 2.0908e-05 2.0904e-05 2.0917e-05 2.0923e-05 2.0924e-05 2.0916e-05 2.0926e-05 2.092e-05 2.0926e-05 2.091e-05 2.0918e-05 2.0917e-05 2.088e-05 2.0723e-05 2.0607e-05 2.0641e-05 2.0773e-05 2.0811e-05 2.0828e-05 2.0833e-05 2.0748e-05 2.0655e-05 2.0607e-05 2.0601e-05 2.0602e-05 2.0614e-05 2.0637e-05 2.0658e-05 2.0682e-05 2.07e-05 2.0737e-05 2.0747e-05 2.0698e-05 2.0813e-05 2.0813e-05 2.0832e-05
2.0869e-05 2.0879e-05 2.0887e-05 2.0904e-05 2.0914e-05 2.0927e-05 2.0936e-05 2.0949e-05 2.0957e-05 2.096e-05 2.0967e-05 2.0969e-05 2.0971e-05 2.097e-05 2.0971e-05 2.0841e-05 2.0709e-05 2.0619e-05 2.0648e-05 2.0683e-05 2.0687e-05 2.0631e-05 2.0965e-05 2.1204e-05 2.0719e-05 2.0603e-05 2.0627e-05 2.0637e-05 2.0657e-05 2.0725e-05 2.0798e-05 2.0874e-05 2.0949e-05 2.1033e-05 2.108e-05 2.1096e-05 2.0953e-05 2.0896e-05 2.091e-05 2.0958e-05 2.096e-05 2.0999e-05 2.0949e-05 2.0916e-05 2.0909e-05 2.0747e-05 2.0706e-05 2.0668e-05 2.0654e-05 2.0635e-05 2.0625e-05 2.0615e-05 2.0604e-05 2.0602e-05 2.0602e-05 2.0616e-05 2.0609e-05 2.0722e-05 2.0677e-05 2.0606e-05 2.0601e-05 2.0603e-05 2.0651e-05 2.0706e-05 2.0782e-05 2.089e-05 2.0927e-05 2.0938e-05 2.0954e-05 2.096e-05 2.0949e-05 2.096e-05 2.0912e-05 2.0948e-05 2.0931e-05 2.0887e-05 2.0876e-05 2.0881e-05 2.0862e-05 2.0758e-05 2.069e-05 2.0641e-05 2.062e-05 2.0644e-05 2.0629e-05 2.0639e-05 2.0642e-05 2.0647e-05 2.0644e-05 2.0627e-05 2.0652e-05 2.0657e-05 2.0647e-05 2.0635e-05 2.0658e-05 2.0664e-05 2.0689e-05 2.0612e-05 2.0648e-05 2.0643e-05 2.0627e-05 2.061e-05 2.0602e-05 2.061e-05 2.0612e-05 2.0607e-05 2.0607e-05 2.06e-05 2.0609e-05 2.0602e-05 2.0617e-05 2.0644e-05 2.0643e-05 2.0666e-05 2.0668e-05 2.0661e-05 2.0643e-05 2.0691e-05 2.0808e-05 2.0662e-05 2.0647e-05 2.0673e-05 2.06e-05 2.0614e-05 2.0683e-05 2.069e-05 2.0651e-05 2.0627e-05 2.0618e-05 2.06e-05 2.0617e-05 2.0654e-05 2.0703e-05 2.0753e-05 2.0812e-05 2.086e-05 2.088e-05 2.0891e-05 2.0904e-05 2.0909e-05 2.0911e-05 2.094e-05 2.0925e-05 2.0947e-05 2.0957e-05 2.0965e-05 2.0972e-05 2.0965e-05 2.0987e-05 2.0974e-05 2.0977e-05 2.097e-05 2.0965e-05 2.0966e-05 2.0971e-05 2.0953e-05 2.0939e-05 2.0754e-05 2.0604e-05 2.0654e-05 2.0749e-05 2.0825e-05 2.0859e-05 2.1155e-05 2.1005e-05 2.074e-05 2.0629e-05 2.0602e-05 2.0603e-05 2.0614e-05 2.0637e-05 2.0662e-05 2.0695e-05 2.0722e-05 2.0763e-05 2.0737e-05 2.0794e-05 2.0812e-05 2.0764e-05 2.0858e-05
2.0885e-05 2.0892e-05 2.0889e-05 2.0923e-05 2.0942e-05 2.0942e-05 2.0954e-05 2.0957e-05 2.096e-05 2.0968e-05 2.0973e-05 2.0973e-05 2.0973e-05 2.0974e-05 2.0975e-05 2.0855e-05 2.0681e-05 2.0638e-05 2.0648e-05 2.0627e-05 2.0692e-05 2.0669e-05 2.0665e-05 2.0662e-05 2.0617e-05 2.06e-05 2.0645e-05 2.0626e-05 2.0678e-05 2.0753e-05 2.0839e-05 2.0896e-05 2.0979e-05 2.105e-05 2.1092e-05 2.1179e-05 2.117e-05 2.0915e-05 2.09e-05 2.0961e-05 2.0943e-05 2.0958e-05 2.094e-05 2.1077e-05 2.0854e-05 2.0742e-05 2.0689e-05 2.0672e-05 2.0662e-05 2.065e-05 2.0669e-05 2.063e-05 2.0625e-05 2.0607e-05 2.0628e-05 2.0622e-05 2.0616e-05 2.062e-05 2.0618e-05 2.0762e-05 2.0791e-05 2.0615e-05 2.0679e-05 2.0825e-05 2.0887e-05 2.0938e-05 2.0952e-05 2.0955e-05 2.0964e-05 2.0972e-05 2.097e-05 2.0964e-05 2.0956e-05 2.0943e-05 2.09e-05 2.0918e-05 2.0914e-05 2.0927e-05 2.0947e-05 2.0824e-05 2.0768e-05 2.0668e-05 2.0651e-05 2.0679e-05 2.0681e-05 2.0655e-05 2.0666e-05 2.0656e-05 2.066e-05 2.0634e-05 2.065e-05 2.0684e-05 2.0656e-05 2.0658e-05 2.066e-05 2.0705e-05 2.0672e-05 2.0651e-05 2.0637e-05 2.0648e-05 2.0608e-05 2.0611e-05 2.0622e-05 2.0611e-05 2.0605e-05 2.0634e-05 2.062e-05 2.06e-05 2.0604e-05 2.0601e-05 2.0612e-05 2.0603e-05 2.0605e-05 2.0605e-05 2.0601e-05 2.0653e-05 2.0629e-05 2.0736e-05 2.0692e-05 2.0781e-05 2.0716e-05 2.0729e-05 2.072e-05 2.0684e-05 2.0679e-05 2.0664e-05 2.0674e-05 2.0674e-05 2.0612e-05 2.063e-05 2.0608e-05 2.0659e-05 2.0656e-05 2.0714e-05 2.0823e-05 2.0877e-05 2.0896e-05 2.0927e-05 2.0937e-05 2.0945e-05 2.0961e-05 2.097e-05 2.098e-05 2.0996e-05 2.1013e-05 2.1028e-05 2.1037e-05 2.1041e-05 2.1039e-05 2.1031e-05 2.1021e-05 2.1015e-05 2.1018e-05 2.1009e-05 2.0998e-05 2.0984e-05 2.0958e-05 2.0923e-05 2.0646e-05 2.0612e-05 2.0761e-05 2.0833e-05 2.1147e-05 2.1589e-05 2.1197e-05 2.0763e-05 2.0626e-05 2.0601e-05 2.0603e-05 2.0617e-05 2.0657e-05 2.0657e-05 2.0704e-05 2.0737e-05 2.0788e-05 2.0796e-05 2.0818e-05 2.0813e-05 2.0855e-05 2.0869e-05
2.0913e-05 2.0923e-05 2.0928e-05 2.0924e-05 2.0957e-05 2.0942e-05 2.097e-05 2.0975e-05 2.0975e-05 2.0975e-05 2.0976e-05 2.0977e-05 2.0975e-05 2.0975e-05 2.0976e-05 2.0889e-05 2.0703e-05 2.064e-05 2.0649e-05 2.0642e-05 2.0635e-05 2.0646e-05 2.0601e-05 2.0609e-05 2.0611e-05 2.0601e-05 2.0603e-05 2.0659e-05 2.0716e-05 2.0778e-05 2.0864e-05 2.0929e-05 2.0994e-05 2.1065e-05 2.1176e-05 2.1191e-05 2.1137e-05 2.0884e-05 2.0848e-05 2.0925e-05 2.0896e-05 2.09e-05 2.0894e-05 2.108e-05 2.092e-05 2.0747e-05 2.0701e-05 2.0682e-05 2.0672e-05 2.0692e-05 2.0724e-05 2.0706e-05 2.062e-05 2.0603e-05 2.0604e-05 2.0619e-05 2.0612e-05 2.0646e-05 2.0664e-05 2.0779e-05 2.0689e-05 2.0604e-05 2.0883e-05 2.0911e-05 2.0934e-05 2.0945e-05 2.0945e-05 2.0959e-05 2.0976e-05 2.098e-05 2.0948e-05 2.0972e-05 2.0973e-05 2.096e-05 2.0923e-05 2.0965e-05 2.0935e-05 2.0948e-05 2.0961e-05 2.0955e-05 2.0819e-05 2.0769e-05 2.0731e-05 2.0712e-05 2.072e-05 2.0681e-05 2.0658e-05 2.0648e-05 2.066e-05 2.0662e-05 2.0669e-05 2.0675e-05 2.0662e-05 2.0654e-05 2.0668e-05 2.0648e-05 2.0679e-05 2.0666e-05 2.0626e-05 2.0609e-05 2.068e-05 2.0605e-05 2.062e-05 2.0622e-05 2.0601e-05 2.0659e-05 2.0616e-05 2.0601e-05 2.0604e-05 2.0601e-05 2.0601e-05 2.06e-05 2.0601e-05 2.0602e-05 2.0606e-05 2.0602e-05 2.0605e-05 2.061e-05 2.0631e-05 2.0673e-05 2.0641e-05 2.0601e-05 2.0686e-05 2.065e-05 2.0634e-05 2.0718e-05 2.076e-05 2.064e-05 2.0601e-05 2.0623e-05 2.0613e-05 2.0637e-05 2.0693e-05 2.0793e-05 2.0871e-05 2.0912e-05 2.0947e-05 2.0949e-05 2.0963e-05 2.098e-05 2.0993e-05 2.1014e-05 2.1027e-05 2.1052e-05 2.107e-05 2.1074e-05 2.1081e-05 2.1075e-05 2.1075e-05 2.1064e-05 2.1057e-05 2.1058e-05 2.1043e-05 2.1027e-05 2.1007e-05 2.0993e-05 2.0968e-05 2.0937e-05 2.0803e-05 2.0603e-05 2.0698e-05 2.0801e-05 2.0953e-05 2.1081e-05 2.0947e-05 2.0659e-05 2.0604e-05 2.0601e-05 2.0608e-05 2.0626e-05 2.0635e-05 2.0701e-05 2.0731e-05 2.0763e-05 2.0805e-05 2.0835e-05 2.0836e-05 2.0847e-05 2.0872e-05 2.0898e-05
2.0941e-05 2.0948e-05 2.0959e-05 2.0968e-05 2.0979e-05 2.0976e-05 2.0983e-05 2.0987e-05 2.0987e-05 2.0983e-05 2.0985e-05 2.0986e-05 2.0984e-05 2.0958e-05 2.0982e-05 2.0973e-05 2.0853e-05 2.0678e-05 2.0627e-05 2.0631e-05 2.0633e-05 2.0638e-05 2.0601e-05 2.06e-05 2.0627e-05 2.0605e-05 2.0626e-05 2.0674e-05 2.0733e-05 2.0808e-05 2.0881e-05 2.0949e-05 2.0997e-05 2.1071e-05 2.1267e-05 2.1209e-05 2.1042e-05 2.0881e-05 2.0858e-05 2.0895e-05 2.0842e-05 2.0833e-05 2.0841e-05 2.0822e-05 2.0783e-05 2.0743e-05 2.0697e-05 2.0675e-05 2.0677e-05 2.0739e-05 2.0723e-05 2.0683e-05 2.0678e-05 2.0602e-05 2.06e-05 2.0601e-05 2.0602e-05 2.0636e-05 2.0653e-05 2.0703e-05 2.0693e-05 2.0764e-05 2.0859e-05 2.0815e-05 2.0761e-05 2.0915e-05 2.0931e-05 2.0953e-05 2.0975e-05 2.0986e-05 2.0976e-05 2.0991e-05 2.0985e-05 2.0993e-05 2.0987e-05 2.098e-05 2.0965e-05 2.0972e-05 2.0982e-05 2.0988e-05 2.0981e-05 2.0846e-05 2.0797e-05 2.0756e-05 2.0771e-05 2.0697e-05 2.0672e-05 2.1042e-05 2.0677e-05 2.0664e-05 2.0684e-05 2.072e-05 2.0678e-05 2.0683e-05 2.0647e-05 2.0656e-05 2.0676e-05 2.0672e-05 2.0631e-05 2.063e-05 2.0615e-05 2.0628e-05 2.0619e-05 2.0624e-05 2.0604e-05 2.0601e-05 2.0607e-05 2.0601e-05 2.06e-05 2.0608e-05 2.06e-05 2.0601e-05 2.0604e-05 2.0626e-05 2.0619e-05 2.0617e-05 2.06e-05 2.063e-05 2.0639e-05 2.0646e-05 2.0622e-05 2.0651e-05 2.067e-05 2.0651e-05 2.0681e-05 2.0624e-05 2.0607e-05 2.0632e-05 2.0627e-05 2.065e-05 2.0673e-05 2.0717e-05 2.0823e-05 2.0862e-05 2.0901e-05 2.0949e-05 2.0962e-05 2.0982e-05 2.1006e-05 2.1026e-05 2.1045e-05 2.1062e-05 2.1084e-05 2.1098e-05 2.1105e-05 2.1117e-05 2.1113e-05 2.1097e-05 2.1106e-05 2.1093e-05 2.1087e-05 2.1073e-05 2.1058e-05 2.1037e-05 2.1024e-05 2.1013e-05 2.0992e-05 2.0971e-05 2.0887e-05 2.0648e-05 2.0604e-05 2.066e-05 2.0748e-05 2.0756e-05 2.0674e-05 2.0601e-05 2.0602e-05 2.0608e-05 2.0617e-05 2.0632e-05 2.0686e-05 2.072e-05 2.0766e-05 2.0807e-05 2.0845e-05 2.0874e-05 2.0879e-05 2.0885e-05 2.0917e-05 2.0932e-05
2.0978e-05 2.0969e-05 2.0985e-05 2.0987e-05 2.0989e-05 2.0988e-05 2.0992e-05 2.0999e-05 2.1e-05 2.0995e-05 2.0992e-05 2.0994e-05 2.0994e-05 2.0992e-05 2.0989e-05 2.0983e-05 2.0915e-05 2.0806e-05 2.0747e-05 2.0734e-05 2.0693e-05 2.0672e-05 2.0627e-05 2.0623e-05 2.065e-05 2.0614e-05 2.0644e-05 2.0686e-05 2.0765e-05 2.0824e-05 2.0894e-05 2.0912e-05 2.1012e-05 2.1063e-05 2.1149e-05 2.114e-05 2.1036e-05 2.087e-05 2.0864e-05 2.0865e-05 2.0826e-05 2.0805e-05 2.0778e-05 2.0777e-05 2.0753e-05 2.0727e-05 2.07e-05 2.0671e-05 2.0685e-05 2.0778e-05 2.0684e-05 2.0667e-05 2.0659e-05 2.0629e-05 2.0619e-05 2.0608e-05 2.06e-05 2.0601e-05 2.0608e-05 2.0685e-05 2.0651e-05 2.0746e-05 2.0785e-05 2.0824e-05 2.088e-05 2.0887e-05 2.0927e-05 2.0945e-05 2.0953e-05 2.0987e-05 2.0993e-05 2.0993e-05 2.1003e-05 2.1014e-05 2.1008e-05 2.1025e-05 2.0987e-05 2.0997e-05 2.1007e-05 2.0994e-05 2.099e-05 2.097e-05 2.0892e-05 2.0936e-05 2.084e-05 2.0779e-05 2.0706e-05 2.0665e-05 2.0696e-05 2.0711e-05 2.072e-05 2.0697e-05 2.0678e-05 2.0664e-05 2.0744e-05 2.069e-05 2.0659e-05 2.0634e-05 2.0625e-05 2.0655e-05 2.0614e-05 2.0618e-05 2.0633e-05 2.0631e-05 2.061e-05 2.0606e-05 2.0602e-05 2.0602e-05 2.06e-05 2.0602e-05 2.0605e-05 2.0606e-05 2.0604e-05 2.0616e-05 2.061e-05 2.0609e-05 2.0603e-05 2.0626e-05 2.0611e-05 2.0608e-05 2.0614e-05 2.0606e-05 2.0642e-05 2.0658e-05 2.0612e-05 2.0628e-05 2.06e-05 2.0652e-05 2.0638e-05 2.0673e-05 2.0723e-05 2.0815e-05 2.0841e-05 2.0899e-05 2.0931e-05 2.0961e-05 2.0988e-05 2.1017e-05 2.1051e-05 2.1072e-05 2.1086e-05 2.1102e-05 2.1133e-05 2.1121e-05 2.1132e-05 2.1137e-05 2.1134e-05 2.1127e-05 2.1122e-05 2.1112e-05 2.1095e-05 2.1085e-05 2.1095e-05 2.1056e-05 2.1055e-05 2.104e-05 2.1021e-05 2.1002e-05 2.0945e-05 2.0854e-05 2.0661e-05 2.0612e-05 2.0601e-05 2.06e-05 2.0601e-05 2.062e-05 2.0621e-05 2.0622e-05 2.0632e-05 2.0649e-05 2.0616e-05 2.0929e-05 2.0827e-05 2.0692e-05 2.0896e-05 2.0826e-05 2.0923e-05 2.093e-05 2.0937e-05 2.0967e-05
2.1003e-05 2.0914e-05 2.0989e-05 2.099e-05 2.1002e-05 2.0998e-05 2.0999e-05 2.1006e-05 2.1001e-05 2.1004e-05 2.1002e-05 2.1005e-05 2.1004e-05 2.1001e-05 2.1007e-05 2.1002e-05 2.0993e-05 2.0927e-05 2.0798e-05 2.0664e-05 2.0688e-05 2.0684e-05 2.0699e-05 2.0675e-05 2.06e-05 2.0629e-05 2.0658e-05 2.0707e-05 2.0743e-05 2.086e-05 2.0922e-05 2.0976e-05 2.1053e-05 2.112e-05 2.1173e-05 2.1156e-05 2.1053e-05 2.0895e-05 2.0837e-05 2.082e-05 2.0793e-05 2.0767e-05 2.0756e-05 2.0743e-05 2.0763e-05 2.073e-05 2.0731e-05 2.0754e-05 2.0759e-05 2.0735e-05 2.0685e-05 2.0652e-05 2.0647e-05 2.0655e-05 2.0624e-05 2.0603e-05 2.06e-05 2.0601e-05 2.0601e-05 2.0603e-05 2.0602e-05 2.0602e-05 2.0647e-05 2.0818e-05 2.082e-05 2.0925e-05 2.0945e-05 2.0953e-05 2.0962e-05 2.0985e-05 2.1004e-05 2.1031e-05 2.1032e-05 2.1032e-05 2.1027e-05 2.1045e-05 2.1036e-05 2.1039e-05 2.1035e-05 2.1007e-05 2.1027e-05 2.1022e-05 2.0986e-05 2.0929e-05 2.0872e-05 2.0802e-05 2.0739e-05 2.07e-05 2.0753e-05 2.0715e-05 2.0708e-05 2.0652e-05 2.0693e-05 2.0691e-05 2.0693e-05 2.066e-05 2.0671e-05 2.0632e-05 2.0659e-05 2.0669e-05 2.0608e-05 2.0606e-05 2.0622e-05 2.0602e-05 2.0664e-05 2.06e-05 2.0601e-05 2.0605e-05 2.06e-05 2.0618e-05 2.0636e-05 2.0616e-05 2.06e-05 2.0603e-05 2.06e-05 2.0605e-05 2.0607e-05 2.0601e-05 2.061e-05 2.0604e-05 2.0601e-05 2.0605e-05 2.0602e-05 2.0617e-05 2.0601e-05 2.0615e-05 2.062e-05 2.0663e-05 2.0698e-05 2.0769e-05 2.0799e-05 2.0858e-05 2.089e-05 2.0926e-05 2.0958e-05 2.0989e-05 2.1022e-05 2.1061e-05 2.1083e-05 2.1097e-05 2.1116e-05 2.1125e-05 2.1135e-05 2.1142e-05 2.1152e-05 2.1141e-05 2.1137e-05 2.1135e-05 2.113e-05 2.1103e-05 2.1113e-05 2.1104e-05 2.1092e-05 2.1072e-05 2.1051e-05 2.1069e-05 2.1061e-05 2.1041e-05 2.1019e-05 2.0995e-05 2.095e-05 2.0891e-05 2.0857e-05 2.0777e-05 2.07e-05 2.0615e-05 2.0704e-05 2.0665e-05 2.0654e-05 2.0683e-05 2.0696e-05 2.082e-05 2.088e-05 2.0898e-05 2.0929e-05 2.0946e-05 2.0954e-05 2.0973e-05 2.0985e-05 2.0997e-05
2.1022e-05 2.1011e-05 2.1011e-05 2.1005e-05 2.1009e-05 2.1006e-05 2.1009e-05 2.1009e-05 2.1007e-05 2.101e-05 2.1013e-05 2.1011e-05 2.101e-05 2.1006e-05 2.1014e-05 2.1003e-05 2.101e-05 2.0995e-05 2.0911e-05 2.06e-05 2.0645e-05 2.0675e-05 2.0652e-05 2.0603e-05 2.0649e-05 2.063e-05 2.0662e-05 2.0711e-05 2.0789e-05 2.0894e-05 2.0991e-05 2.1098e-05 2.1196e-05 2.1241e-05 2.1271e-05 2.1281e-05 2.1213e-05 2.1102e-05 2.0904e-05 2.0791e-05 2.0756e-05 2.0743e-05 2.0733e-05 2.0737e-05 2.0855e-05 2.0817e-05 2.0712e-05 2.0685e-05 2.0726e-05 2.0745e-05 2.0687e-05 2.0701e-05 2.0726e-05 2.0699e-05 2.064e-05 2.0603e-05 2.0601e-05 2.0604e-05 2.0605e-05 2.0607e-05 2.0609e-05 2.0606e-05 2.0642e-05 2.0812e-05 2.0907e-05 2.0934e-05 2.0951e-05 2.0952e-05 2.0972e-05 2.0991e-05 2.1e-05 2.1039e-05 2.1028e-05 2.1047e-05 2.1052e-05 2.1066e-05 2.1063e-05 2.1075e-05 2.1061e-05 2.1047e-05 2.1041e-05 2.1031e-05 2.1033e-05 2.0929e-05 2.0892e-05 2.0828e-05 2.0806e-05 2.078e-05 2.0744e-05 2.0761e-05 2.0671e-05 2.0679e-05 2.0687e-05 2.0732e-05 2.0771e-05 2.0654e-05 2.0667e-05 2.0646e-05 2.0668e-05 2.0643e-05 2.0643e-05 2.0634e-05 2.0629e-05 2.062e-05 2.0617e-05 2.0601e-05 2.0601e-05 2.0623e-05 2.0602e-05 2.0631e-05 2.0601e-05 2.0622e-05 2.0617e-05 2.0625e-05 2.0636e-05 2.0643e-05 2.0619e-05 2.0607e-05 2.0602e-05 2.0616e-05 2.0621e-05 2.0614e-05 2.069e-05 2.0657e-05 2.0637e-05 2.0685e-05 2.0684e-05 2.0702e-05 2.0753e-05 2.0797e-05 2.0847e-05 2.0893e-05 2.0915e-05 2.0952e-05 2.0976e-05 2.1017e-05 2.1047e-05 2.1082e-05 2.1106e-05 2.1122e-05 2.1128e-05 2.1136e-05 2.1149e-05 2.1155e-05 2.1158e-05 2.1156e-05 2.115e-05 2.1149e-05 2.1136e-05 2.1134e-05 2.1122e-05 2.1088e-05 2.1106e-05 2.1088e-05 2.1084e-05 2.1081e-05 2.1069e-05 2.1054e-05 2.1052e-05 2.1034e-05 2.102e-05 2.0988e-05 2.0975e-05 2.0962e-05 2.0922e-05 2.0897e-05 2.0836e-05 2.0748e-05 2.0712e-05 2.0723e-05 2.0727e-05 2.0798e-05 2.0808e-05 2.0922e-05 2.094e-05 2.0956e-05 2.0975e-05 2.1003e-05 2.1019e-05 2.1025e-05
2.104e-05 2.1019e-05 2.1021e-05 2.1007e-05 2.1019e-05 2.1014e-05 2.1019e-05 2.1018e-05 2.1012e-05 2.1014e-05 2.1016e-05 2.1017e-05 2.1016e-05 2.101e-05 2.1005e-05 2.1001e-05 2.0996e-05 2.0984e-05 2.0976e-05 2.0655e-05 2.0652e-05 2.0637e-05 2.061e-05 2.0601e-05 2.0625e-05 2.0625e-05 2.0658e-05 2.0706e-05 2.0777e-05 2.0947e-05 2.1135e-05 2.1262e-05 2.1372e-05 2.1432e-05 2.1433e-05 2.1386e-05 2.1332e-05 2.1315e-05 2.1156e-05 2.0928e-05 2.0771e-05 2.0714e-05 2.0707e-05 2.0713e-05 2.0729e-05 2.0755e-05 2.0732e-05 2.0708e-05 2.0688e-05 2.0645e-05 2.0729e-05 2.0752e-05 2.0778e-05 2.0809e-05 2.0707e-05 2.0625e-05 2.06e-05 2.0602e-05 2.0604e-05 2.0603e-05 2.0608e-05 2.0604e-05 2.0685e-05 2.0837e-05 2.0905e-05 2.0933e-05 2.0951e-05 2.0964e-05 2.0975e-05 2.1004e-05 2.1013e-05 2.1033e-05 2.1042e-05 2.1065e-05 2.107e-05 2.1085e-05 2.1098e-05 2.1094e-05 2.1092e-05 2.1075e-05 2.108e-05 2.1072e-05 2.1058e-05 2.1049e-05 2.1012e-05 2.0985e-05 2.0973e-05 2.094e-05 2.0875e-05 2.0941e-05 2.0747e-05 2.0717e-05 2.0682e-05 2.0675e-05 2.0709e-05 2.0679e-05 2.0697e-05 2.0735e-05 2.0655e-05 2.0707e-05 2.0666e-05 2.0703e-05 2.0647e-05 2.0731e-05 2.0664e-05 2.0658e-05 2.0613e-05 2.0603e-05 2.06e-05 2.0611e-05 2.0622e-05 2.0631e-05 2.0632e-05 2.0654e-05 2.0653e-05 2.0653e-05 2.0634e-05 2.0601e-05 2.0697e-05 2.0656e-05 2.0635e-05 2.0615e-05 2.0633e-05 2.062e-05 2.0683e-05 2.0706e-05 2.072e-05 2.073e-05 2.0807e-05 2.0838e-05 2.0882e-05 2.0924e-05 2.0948e-05 2.0969e-05 2.1015e-05 2.1047e-05 2.1065e-05 2.1098e-05 2.1116e-05 2.1137e-05 2.1144e-05 2.1154e-05 2.1159e-05 2.116e-05 2.1161e-05 2.1162e-05 2.116e-05 2.1155e-05 2.1154e-05 2.1144e-05 2.1139e-05 2.1132e-05 2.1126e-05 2.111e-05 2.1123e-05 2.1117e-05 2.1096e-05 2.1071e-05 2.1072e-05 2.1048e-05 2.1024e-05 2.101e-05 2.0972e-05 2.0956e-05 2.0916e-05 2.0901e-05 2.0856e-05 2.0807e-05 2.0772e-05 2.077e-05 2.0758e-05 2.0819e-05 2.0797e-05 2.0945e-05 2.0953e-05 2.0971e-05 2.1004e-05 2.101e-05 2.1026e-05 2.1029e-05
2.1032e-05 2.1028e-05 2.103e-05 2.1021e-05 2.0968e-05 2.1023e-05 2.1024e-05 2.0991e-05 2.1021e-05 2.1019e-05 2.1015e-05 2.1016e-05 2.1007e-05 2.1006e-05 2.1001e-05 2.0995e-05 2.0994e-05 2.0998e-05 2.0968e-05 2.0883e-05 2.0616e-05 2.0606e-05 2.0627e-05 2.06e-05 2.06e-05 2.0619e-05 2.0641e-05 2.0679e-05 2.0807e-05 2.1057e-05 2.1279e-05 2.1438e-05 2.1519e-05 2.1529e-05 2.156e-05 2.1538e-05 2.1397e-05 2.1366e-05 2.1301e-05 2.1096e-05 2.0838e-05 2.0709e-05 2.0687e-05 2.0694e-05 2.0735e-05 2.0721e-05 2.075e-05 2.09e-05 2.0718e-05 2.0709e-05 2.0713e-05 2.0739e-05 2.0806e-05 2.0859e-05 2.0793e-05 2.0678e-05 2.061e-05 2.0601e-05 2.0601e-05 2.0601e-05 2.0623e-05 2.0628e-05 2.0635e-05 2.0754e-05 2.091e-05 2.0946e-05 2.0955e-05 2.0964e-05 2.099e-05 2.101e-05 2.1034e-05 2.1054e-05 2.1057e-05 2.1083e-05 2.1096e-05 2.1103e-05 2.1108e-05 2.1113e-05 2.1114e-05 2.1123e-05 2.1094e-05 2.1094e-05 2.1088e-05 2.1081e-05 2.1061e-05 2.0995e-05 2.1018e-05 2.0981e-05 2.0913e-05 2.0901e-05 2.0864e-05 2.0779e-05 2.0776e-05 2.0761e-05 2.0749e-05 2.0703e-05 2.0678e-05 2.0669e-05 2.0744e-05 2.0708e-05 2.0727e-05 2.0909e-05 2.0725e-05 2.0645e-05 2.0768e-05 2.0632e-05 2.0619e-05 2.0614e-05 2.0605e-05 2.0606e-05 2.0601e-05 2.0621e-05 2.0624e-05 2.064e-05 2.0636e-05 2.0606e-05 2.0619e-05 2.0604e-05 2.068e-05 2.0687e-05 2.0692e-05 2.0689e-05 2.0696e-05 2.072e-05 2.0727e-05 2.0744e-05 2.0766e-05 2.0808e-05 2.083e-05 2.0877e-05 2.0912e-05 2.0948e-05 2.0959e-05 2.1005e-05 2.1031e-05 2.1065e-05 2.1086e-05 2.1103e-05 2.113e-05 2.1135e-05 2.1158e-05 2.1162e-05 2.1163e-05 2.1163e-05 2.1163e-05 2.1163e-05 2.1161e-05 2.1161e-05 2.1157e-05 2.116e-05 2.1151e-05 2.1148e-05 2.1137e-05 2.1134e-05 2.1129e-05 2.1124e-05 2.1115e-05 2.1086e-05 2.105e-05 2.1058e-05 2.1031e-05 2.1015e-05 2.0987e-05 2.0956e-05 2.0917e-05 2.0914e-05 2.0883e-05 2.0857e-05 2.0841e-05 2.0819e-05 2.0802e-05 2.0739e-05 2.0629e-05 2.0955e-05 2.0965e-05 2.0971e-05 2.1003e-05 2.1023e-05 2.1032e-05 2.1026e-05
2.1031e-05 2.1033e-05 2.1037e-05 2.1034e-05 2.103e-05 2.1026e-05 2.102e-05 2.1024e-05 2.102e-05 2.1018e-05 2.1017e-05 2.1018e-05 2.1011e-05 2.1015e-05 2.0999e-05 2.1003e-05 2.0992e-05 2.0956e-05 2.0935e-05 2.088e-05 2.078e-05 2.0706e-05 2.0648e-05 2.0621e-05 2.0602e-05 2.0603e-05 2.0615e-05 2.067e-05 2.0822e-05 2.1098e-05 2.1338e-05 2.1458e-05 2.1495e-05 2.1503e-05 2.1572e-05 2.1539e-05 2.142e-05 2.1342e-05 2.1252e-05 2.1034e-05 2.0805e-05 2.0696e-05 2.0684e-05 2.069e-05 2.0792e-05 2.0708e-05 2.0738e-05 2.0802e-05 2.0747e-05 2.0766e-05 2.0764e-05 2.0792e-05 2.0794e-05 2.0768e-05 2.0728e-05 2.0697e-05 2.063e-05 2.0601e-05 2.0601e-05 2.0602e-05 2.0605e-05 2.0631e-05 2.0634e-05 2.0728e-05 2.0878e-05 2.0961e-05 2.0974e-05 2.0961e-05 2.1e-05 2.1024e-05 2.1041e-05 2.1067e-05 2.108e-05 2.1095e-05 2.111e-05 2.1121e-05 2.1125e-05 2.1128e-05 2.1129e-05 2.1127e-05 2.1123e-05 2.112e-05 2.111e-05 2.1127e-05 2.1124e-05 2.108e-05 2.1048e-05 2.1037e-05 2.0992e-05 2.0997e-05 2.0901e-05 2.0978e-05 2.092e-05 2.0862e-05 2.0877e-05 2.0777e-05 2.0732e-05 2.0823e-05 2.0694e-05 2.0757e-05 2.0936e-05 2.0936e-05 2.0923e-05 2.0681e-05 2.0738e-05 2.0613e-05 2.0606e-05 2.0638e-05 2.0644e-05 2.0622e-05 2.0606e-05 2.062e-05 2.0775e-05 2.0684e-05 2.0602e-05 2.0614e-05 2.0717e-05 2.0603e-05 2.0707e-05 2.0688e-05 2.0701e-05 2.0699e-05 2.0759e-05 2.077e-05 2.0796e-05 2.0778e-05 2.0816e-05 2.0825e-05 2.0876e-05 2.092e-05 2.0939e-05 2.0951e-05 2.0981e-05 2.1011e-05 2.1057e-05 2.1081e-05 2.1106e-05 2.1118e-05 2.1146e-05 2.1154e-05 2.1159e-05 2.1163e-05 2.1163e-05 2.1163e-05 2.1163e-05 2.1163e-05 2.1163e-05 2.1162e-05 2.1161e-05 2.1158e-05 2.1155e-05 2.1156e-05 2.1155e-05 2.1148e-05 2.1139e-05 2.1128e-05 2.1117e-05 2.1107e-05 2.1088e-05 2.1067e-05 2.104e-05 2.1009e-05 2.099e-05 2.0964e-05 2.0926e-05 2.0926e-05 2.0912e-05 2.0893e-05 2.089e-05 2.0852e-05 2.0704e-05 2.0759e-05 2.0706e-05 2.093e-05 2.0962e-05 2.0987e-05 2.0994e-05 2.1021e-05 2.1022e-05 2.1034e-05
2.1031e-05 2.104e-05 2.104e-05 2.1035e-05 2.1031e-05 2.1029e-05 2.1026e-05 2.1023e-05 2.1021e-05 2.1023e-05 2.1018e-05 2.1028e-05 2.102e-05 2.1021e-05 2.1005e-05 2.0999e-05 2.098e-05 2.0953e-05 2.0899e-05 2.0818e-05 2.0753e-05 2.0703e-05 2.0658e-05 2.0629e-05 2.0609e-05 2.0601e-05 2.0605e-05 2.0625e-05 2.0721e-05 2.092e-05 2.117e-05 2.1345e-05 2.1417e-05 2.1438e-05 2.1452e-05 2.1435e-05 2.1355e-05 2.1296e-05 2.0978e-05 2.0763e-05 2.0668e-05 2.0646e-05 2.0666e-05 2.0672e-05 2.0669e-05 2.0747e-05 2.0702e-05 2.0822e-05 2.0758e-05 2.0753e-05 2.0771e-05 2.0746e-05 2.0862e-05 2.0762e-05 2.0668e-05 2.0686e-05 2.0659e-05 2.0609e-05 2.06e-05 2.0611e-05 2.0609e-05 2.0613e-05 2.0634e-05 2.0731e-05 2.0874e-05 2.097e-05 2.0998e-05 2.1008e-05 2.1023e-05 2.1042e-05 2.1071e-05 2.1085e-05 2.1109e-05 2.1117e-05 2.1147e-05 2.1128e-05 2.1137e-05 2.1132e-05 2.1139e-05 2.1139e-05 2.1135e-05 2.1133e-05 2.1119e-05 2.1122e-05 2.1126e-05 2.1097e-05 2.1087e-05 2.105e-05 2.1038e-05 2.1043e-05 2.1021e-05 2.1005e-05 2.1001e-05 2.0973e-05 2.0928e-05 2.0849e-05 2.0813e-05 2.078e-05 2.0885e-05 2.0914e-05 2.0953e-05 2.0931e-05 2.0806e-05 2.0909e-05 2.0803e-05 2.09e-05 2.0858e-05 2.0894e-05 2.0614e-05 2.0608e-05 2.0601e-05 2.0721e-05 2.0608e-05 2.06e-05 2.0745e-05 2.0756e-05 2.0722e-05 2.0697e-05 2.0707e-05 2.0739e-05 2.0749e-05 2.0751e-05 2.0835e-05 2.0889e-05 2.0826e-05 2.0824e-05 2.0836e-05 2.0892e-05 2.0926e-05 2.0939e-05 2.0929e-05 2.0978e-05 2.0984e-05 2.1024e-05 2.106e-05 2.1097e-05 2.1116e-05 2.1121e-05 2.1145e-05 2.1156e-05 2.1162e-05 2.1163e-05 2.1162e-05 2.1159e-05 2.1163e-05 2.1162e-05 2.1162e-05 2.1159e-05 2.1163e-05 2.1153e-05 2.1155e-05 2.1154e-05 2.1149e-05 2.1146e-05 2.1147e-05 2.1136e-05 2.1123e-05 2.1116e-05 2.1078e-05 2.1067e-05 2.1038e-05 2.1008e-05 2.0971e-05 2.0959e-05 2.0944e-05 2.093e-05 2.0908e-05 2.0917e-05 2.0913e-05 2.0869e-05 2.0804e-05 2.0754e-05 2.0672e-05 2.0915e-05 2.0981e-05 2.0983e-05 2.1014e-05 2.102e-05 2.1031e-05 2.1041e-05
2.1047e-05 2.1047e-05 2.104e-05 2.104e-05 2.1038e-05 2.1034e-05 2.103e-05 2.1024e-05 2.1021e-05 2.1027e-05 2.1026e-05 2.1018e-05 2.1016e-05 2.1009e-05 2.1005e-05 2.0985e-05 2.0956e-05 2.0917e-05 2.086e-05 2.0803e-05 2.0741e-05 2.0697e-05 2.0663e-05 2.0641e-05 2.0627e-05 2.0613e-05 2.0603e-05 2.0602e-05 2.0633e-05 2.0733e-05 2.0838e-05 2.0928e-05 2.0958e-05 2.1241e-05 2.1349e-05 2.1374e-05 2.1275e-05 2.1022e-05 2.083e-05 2.0696e-05 2.0644e-05 2.0627e-05 2.0628e-05 2.062e-05 2.061e-05 2.0604e-05 2.0602e-05 2.0612e-05 2.0699e-05 2.0778e-05 2.0861e-05 2.0777e-05 2.0668e-05 2.0677e-05 2.0675e-05 2.064e-05 2.06e-05 2.0604e-05 2.06e-05 2.0617e-05 2.0633e-05 2.0677e-05 2.0717e-05 2.0787e-05 2.0882e-05 2.0984e-05 2.0996e-05 2.1027e-05 2.1047e-05 2.1068e-05 2.1081e-05 2.111e-05 2.112e-05 2.1131e-05 2.113e-05 2.1145e-05 2.1144e-05 2.1145e-05 2.1151e-05 2.1151e-05 2.114e-05 2.1144e-05 2.1139e-05 2.1136e-05 2.1128e-05 2.112e-05 2.1094e-05 2.1102e-05 2.1088e-05 2.1057e-05 2.105e-05 2.1064e-05 2.1026e-05 2.1004e-05 2.0997e-05 2.0982e-05 2.0912e-05 2.0871e-05 2.0948e-05 2.0943e-05 2.0862e-05 2.0805e-05 2.076e-05 2.092e-05 2.0814e-05 2.0901e-05 2.0912e-05 2.0916e-05 2.0787e-05 2.0707e-05 2.064e-05 2.0748e-05 2.0704e-05 2.068e-05 2.0758e-05 2.0713e-05 2.068e-05 2.0747e-05 2.0758e-05 2.0779e-05 2.0771e-05 2.0818e-05 2.0841e-05 2.0875e-05 2.0876e-05 2.0893e-05 2.0901e-05 2.0906e-05 2.0938e-05 2.0952e-05 2.097e-05 2.0975e-05 2.1019e-05 2.1038e-05 2.1087e-05 2.1108e-05 2.1126e-05 2.1142e-05 2.1148e-05 2.1157e-05 2.1161e-05 2.1163e-05 2.1163e-05 2.1163e-05 2.1163e-05 2.1161e-05 2.1162e-05 2.1162e-05 2.1161e-05 2.1161e-05 2.1157e-05 2.1159e-05 2.1156e-05 2.1142e-05 2.1147e-05 2.1144e-05 2.1131e-05 2.1109e-05 2.1068e-05 2.1048e-05 2.1033e-05 2.0991e-05 2.0966e-05 2.0955e-05 2.0951e-05 2.0942e-05 2.0939e-05 2.0938e-05 2.0935e-05 2.0919e-05 2.0893e-05 2.0829e-05 2.0723e-05 2.0942e-05 2.0945e-05 2.0962e-05 2.1e-05 2.1034e-05 2.1035e-05 2.1046e-05
2.1047e-05 2.1045e-05 2.1044e-05 2.1035e-05 2.1034e-05 2.1033e-05 2.1028e-05 2.103e-05 2.1019e-05 2.1033e-05 2.1029e-05 2.1021e-05 2.102e-05 2.1006e-05 2.0985e-05 2.0976e-05 2.093e-05 2.0896e-05 2.0849e-05 2.08e-05 2.074e-05 2.0713e-05 2.0687e-05 2.067e-05 2.0652e-05 2.0635e-05 2.0617e-05 2.061e-05 2.0601e-05 2.0604e-05 2.0623e-05 2.0634e-05 2.0633e-05 2.0637e-05 2.0778e-05 2.0817e-05 2.071e-05 2.0666e-05 2.0657e-05 2.0651e-05 2.0632e-05 2.0623e-05 2.0625e-05 2.062e-05 2.0607e-05 2.0601e-05 2.0601e-05 2.0602e-05 2.07e-05 2.0769e-05 2.0688e-05 2.0634e-05 2.06e-05 2.0611e-05 2.0605e-05 2.0611e-05 2.0601e-05 2.0678e-05 2.06e-05 2.0612e-05 2.0645e-05 2.0702e-05 2.0787e-05 2.0888e-05 2.0961e-05 2.1002e-05 2.1024e-05 2.1039e-05 2.1076e-05 2.1084e-05 2.1108e-05 2.1122e-05 2.1128e-05 2.1137e-05 2.1141e-05 2.1139e-05 2.1131e-05 2.1115e-05 2.1152e-05 2.1152e-05 2.1149e-05 2.1152e-05 2.1146e-05 2.1144e-05 2.1136e-05 2.1131e-05 2.1129e-05 2.1122e-05 2.111e-05 2.1097e-05 2.1082e-05 2.1076e-05 2.1069e-05 2.1055e-05 2.1016e-05 2.1023e-05 2.0993e-05 2.0973e-05 2.0973e-05 2.098e-05 2.0958e-05 2.0941e-05 2.0981e-05 2.0932e-05 2.0874e-05 2.0922e-05 2.0845e-05 2.0855e-05 2.0903e-05 2.081e-05 2.0746e-05 2.0796e-05 2.08e-05 2.0829e-05 2.0837e-05 2.0696e-05 2.076e-05 2.0784e-05 2.0802e-05 2.0839e-05 2.0841e-05 2.086e-05 2.0897e-05 2.0874e-05 2.0914e-05 2.0918e-05 2.092e-05 2.0928e-05 2.0951e-05 2.0961e-05 2.0995e-05 2.1006e-05 2.1035e-05 2.1057e-05 2.1132e-05 2.1136e-05 2.1128e-05 2.1138e-05 2.1149e-05 2.1156e-05 2.1161e-05 2.1163e-05 2.1163e-05 2.1162e-05 2.1162e-05 2.1162e-05 2.1161e-05 2.1161e-05 2.1158e-05 2.1161e-05 2.116e-05 2.1159e-05 2.1153e-05 2.1152e-05 2.1152e-05 2.1138e-05 2.1121e-05 2.1098e-05 2.1078e-05 2.0957e-05 2.0984e-05 2.1018e-05 2.0985e-05 2.0979e-05 2.0969e-05 2.096e-05 2.0961e-05 2.0948e-05 2.0951e-05 2.0946e-05 2.0936e-05 2.0905e-05 2.0919e-05 2.0934e-05 2.0952e-05 2.0991e-05 2.0999e-05 2.1025e-05 2.1033e-05 2.1047e-05
2.1049e-05 2.1045e-05 2.1044e-05 2.1037e-05 2.1042e-05 2.104e-05 2.1037e-05 2.1035e-05 2.1029e-05 2.1029e-05 2.1032e-05 2.102e-05 2.1016e-05 2.0994e-05 2.0972e-05 2.0948e-05 2.091e-05 2.0883e-05 2.0849e-05 2.0805e-05 2.0765e-05 2.0745e-05 2.0718e-05 2.0695e-05 2.0665e-05 2.065e-05 2.0641e-05 2.063e-05 2.0622e-05 2.0613e-05 2.0607e-05 2.0603e-05 2.0601e-05 2.06e-05 2.0602e-05 2.0601e-05 2.0601e-05 2.0601e-05 2.061e-05 2.062e-05 2.0623e-05 2.0612e-05 2.0614e-05 2.0634e-05 2.062e-05 2.0608e-05 2.0606e-05 2.0606e-05 2.0609e-05 2.0674e-05 2.0714e-05 2.0777e-05 2.0814e-05 2.0722e-05 2.0711e-05 2.0613e-05 2.0617e-05 2.0619e-05 2.0704e-05 2.0625e-05 2.07e-05 2.0773e-05 2.0878e-05 2.0949e-05 2.0968e-05 2.1026e-05 2.1053e-05 2.1079e-05 2.1084e-05 2.1114e-05 2.1116e-05 2.1127e-05 2.1137e-05 2.114e-05 2.1143e-05 2.1144e-05 2.1148e-05 2.1154e-05 2.1156e-05 2.1156e-05 2.1156e-05 2.1152e-05 2.1151e-05 2.1148e-05 2.1146e-05 2.114e-05 2.1139e-05 2.1125e-05 2.112e-05 2.1114e-05 2.1105e-05 2.109e-05 2.1068e-05 2.1055e-05 2.1041e-05 2.1043e-05 2.102e-05 2.1024e-05 2.1022e-05 2.1012e-05 2.0967e-05 2.0993e-05 2.0937e-05 2.0951e-05 2.1137e-05 2.1017e-05 2.0869e-05 2.0935e-05 2.0913e-05 2.0855e-05 2.0829e-05 2.0853e-05 2.0838e-05 2.0829e-05 2.0791e-05 2.0858e-05 2.0845e-05 2.0861e-05 2.0877e-05 2.0867e-05 2.0871e-05 2.0885e-05 2.0912e-05 2.0909e-05 2.0909e-05 2.0926e-05 2.092e-05 2.094e-05 2.0954e-05 2.0976e-05 2.1005e-05 2.1028e-05 2.1053e-05 2.1078e-05 2.1122e-05 2.1131e-05 2.1126e-05 2.1142e-05 2.1143e-05 2.1154e-05 2.1159e-05 2.1161e-05 2.1162e-05 2.1162e-05 2.1161e-05 2.1162e-05 2.1161e-05 2.1161e-05 2.1159e-05 2.1154e-05 2.116e-05 2.1156e-05 2.1149e-05 2.1143e-05 2.1143e-05 2.1123e-05 2.1111e-05 2.1087e-05 2.1077e-05 2.0966e-05 2.0942e-05 2.1025e-05 2.1e-05 2.0993e-05 2.099e-05 2.0981e-05 2.0983e-05 2.0975e-05 2.0959e-05 2.0968e-05 2.0955e-05 2.0958e-05 2.0868e-05 2.0915e-05 2.1005e-05 2.0998e-05 2.0998e-05 2.1036e-05 2.1057e-05 2.104e-05
2.1049e-05 2.105e-05 2.1043e-05 2.1044e-05 2.1046e-05 2.1047e-05 2.1032e-05 2.1029e-05 2.1034e-05 2.103e-05 2.1022e-05 2.1008e-05 2.0997e-05 2.0981e-05 2.0959e-05 2.0932e-05 2.0898e-05 2.0861e-05 2.0834e-05 2.0804e-05 2.0747e-05 2.0754e-05 2.0729e-05 2.0699e-05 2.0689e-05 2.0672e-05 2.0658e-05 2.0648e-05 2.0638e-05 2.0632e-05 2.0623e-05 2.0615e-05 2.0608e-05 2.0605e-05 2.0605e-05 2.0606e-05 2.0602e-05 2.0601e-05 2.0601e-05 2.0607e-05 2.0611e-05 2.0609e-05 2.0607e-05 2.0604e-05 2.0608e-05 2.0601e-05 2.0603e-05 2.0622e-05 2.0698e-05 2.074e-05 2.0779e-05 2.0814e-05 2.0856e-05 2.0878e-05 2.0883e-05 2.0786e-05 2.0645e-05 2.063e-05 2.066e-05 2.0757e-05 2.0812e-05 2.0893e-05 2.0946e-05 2.1016e-05 2.102e-05 2.1048e-05 2.1069e-05 2.1093e-05 2.111e-05 2.1121e-05 2.1135e-05 2.1143e-05 2.1148e-05 2.1149e-05 2.1153e-05 2.1154e-05 2.1155e-05 2.115e-05 2.1162e-05 2.1163e-05 2.1157e-05 2.1156e-05 2.1158e-05 2.114e-05 2.1152e-05 2.1146e-05 2.1136e-05 2.1132e-05 2.1136e-05 2.1124e-05 2.112e-05 2.111e-05 2.1096e-05 2.1083e-05 2.1071e-05 2.106e-05 2.1048e-05 2.1017e-05 2.1045e-05 2.1022e-05 2.1019e-05 2.1016e-05 2.0939e-05 2.116e-05 2.1134e-05 2.0987e-05 2.0817e-05 2.0935e-05 2.0922e-05 2.0895e-05 2.0895e-05 2.0889e-05 2.0887e-05 2.0895e-05 2.0915e-05 2.0889e-05 2.0898e-05 2.0893e-05 2.0908e-05 2.0913e-05 2.0909e-05 2.0921e-05 2.0912e-05 2.0915e-05 2.0926e-05 2.0929e-05 2.0921e-05 2.0945e-05 2.0959e-05 2.0975e-05 2.0995e-05 2.1027e-05 2.1057e-05 2.1078e-05 2.1103e-05 2.1106e-05 2.113e-05 2.1137e-05 2.1148e-05 2.1153e-05 2.1157e-05 2.116e-05 2.1162e-05 2.1162e-05 2.1162e-05 2.1162e-05 2.1159e-05 2.1161e-05 2.1161e-05 2.1158e-05 2.1157e-05 2.115e-05 2.115e-05 2.1134e-05 2.1111e-05 2.1117e-05 2.1103e-05 2.1086e-05 2.1073e-05 2.1062e-05 2.1043e-05 2.1033e-05 2.1021e-05 2.1005e-05 2.1001e-05 2.1001e-05 2.0988e-05 2.0992e-05 2.0979e-05 2.0975e-05 2.097e-05 2.0975e-05 2.0958e-05 2.0997e-05 2.1e-05 2.0985e-05 2.1004e-05 2.1036e-05 2.1056e-05 2.1055e-05
2.1047e-05 2.1043e-05 2.1051e-05 2.1052e-05 2.105e-05 2.1046e-05 2.104e-05 2.1032e-05 2.1027e-05 2.1011e-05 2.1016e-05 2.1006e-05 2.0986e-05 2.0968e-05 2.0942e-05 2.0903e-05 2.085e-05 2.0855e-05 2.0841e-05 2.0814e-05 2.0792e-05 2.0775e-05 2.0748e-05 2.073e-05 2.0711e-05 2.0696e-05 2.068e-05 2.0664e-05 2.0658e-05 2.0645e-05 2.0636e-05 2.0632e-05 2.0623e-05 2.062e-05 2.0621e-05 2.0619e-05 2.0618e-05 2.0609e-05 2.0602e-05 2.06e-05 2.0602e-05 2.0602e-05 2.0601e-05 2.06e-05 2.0603e-05 2.0617e-05 2.0632e-05 2.0665e-05 2.0709e-05 2.0765e-05 2.0814e-05 2.0845e-05 2.0869e-05 2.0892e-05 2.091e-05 2.0926e-05 2.0759e-05 2.0801e-05 2.0719e-05 2.0886e-05 2.0991e-05 2.1013e-05 2.1034e-05 2.1045e-05 2.1061e-05 2.1081e-05 2.1107e-05 2.1119e-05 2.1129e-05 2.1135e-05 2.1149e-05 2.1152e-05 2.1154e-05 2.1156e-05 2.1158e-05 2.116e-05 2.1161e-05 2.1159e-05 2.1162e-05 2.116e-05 2.1158e-05 2.116e-05 2.1158e-05 2.1159e-05 2.1155e-05 2.116e-05 2.1157e-05 2.1146e-05 2.1143e-05 2.1129e-05 2.113e-05 2.1122e-05 2.1108e-05 2.1102e-05 2.1083e-05 2.1069e-05 2.1073e-05 2.11e-05 2.1051e-05 2.1047e-05 2.1019e-05 2.1019e-05 2.0997e-05 2.0974e-05 2.0914e-05 2.0919e-05 2.0914e-05 2.0958e-05 2.0935e-05 2.0946e-05 2.0931e-05 2.0931e-05 2.0915e-05 2.093e-05 2.0927e-05 2.0922e-05 2.0937e-05 2.095e-05 2.093e-05 2.0944e-05 2.0932e-05 2.0926e-05 2.0909e-05 2.092e-05 2.0928e-05 2.0919e-05 2.0918e-05 2.0943e-05 2.0955e-05 2.0967e-05 2.1002e-05 2.1029e-05 2.1051e-05 2.1071e-05 2.107e-05 2.1096e-05 2.1111e-05 2.1128e-05 2.1131e-05 2.114e-05 2.1142e-05 2.1149e-05 2.115e-05 2.1156e-05 2.1157e-05 2.1158e-05 2.1155e-05 2.1156e-05 2.1148e-05 2.1148e-05 2.1149e-05 2.1148e-05 2.1133e-05 2.1118e-05 2.111e-05 2.1095e-05 2.1101e-05 2.1085e-05 2.1074e-05 2.1061e-05 2.1048e-05 2.1034e-05 2.1024e-05 2.1018e-05 2.1013e-05 2.1005e-05 2.101e-05 2.1004e-05 2.0964e-05 2.0979e-05 2.097e-05 2.0989e-05 2.0985e-05 2.0985e-05 2.0994e-05 2.1019e-05 2.1041e-05 2.1042e-05 2.1054e-05 2.1057e-05
2.1063e-05 2.1059e-05 2.105e-05 2.1037e-05 2.1042e-05 2.1021e-05 2.1028e-05 2.1031e-05 2.1023e-05 2.1016e-05 2.1012e-05 2.0995e-05 2.0985e-05 2.0962e-05 2.0953e-05 2.0909e-05 2.113e-05 2.0832e-05 2.0851e-05 2.0837e-05 2.0817e-05 2.0794e-05 2.0778e-05 2.0768e-05 2.0741e-05 2.072e-05 2.0704e-05 2.0685e-05 2.0671e-05 2.0663e-05 2.0655e-05 2.0653e-05 2.0645e-05 2.0647e-05 2.0644e-05 2.0646e-05 2.0636e-05 2.063e-05 2.0622e-05 2.0613e-05 2.0605e-05 2.0605e-05 2.0602e-05 2.0604e-05 2.0611e-05 2.0631e-05 2.0664e-05 2.0789e-05 2.0796e-05 2.0843e-05 2.0863e-05 2.087e-05 2.0921e-05 2.0905e-05 2.0929e-05 2.0956e-05 2.0977e-05 2.0987e-05 2.1021e-05 2.104e-05 2.1055e-05 2.1069e-05 2.1094e-05 2.1103e-05 2.1116e-05 2.1127e-05 2.1131e-05 2.1139e-05 2.1144e-05 2.115e-05 2.1156e-05 2.1158e-05 2.1159e-05 2.1161e-05 2.1162e-05 2.1161e-05 2.1162e-05 2.1162e-05 2.1163e-05 2.1163e-05 2.116e-05 2.1161e-05 2.1161e-05 2.116e-05 2.1162e-05 2.1158e-05 2.1151e-05 2.115e-05 2.1141e-05 2.1141e-05 2.1136e-05 2.1133e-05 2.1122e-05 2.1111e-05 2.1089e-05 2.1086e-05 2.1083e-05 2.108e-05 2.1069e-05 2.1055e-05 2.1047e-05 2.1035e-05 2.1015e-05 2.1015e-05 2.1007e-05 2.0985e-05 2.0971e-05 2.0972e-05 2.0973e-05 2.0961e-05 2.0961e-05 2.0961e-05 2.095e-05 2.0965e-05 2.0951e-05 2.0967e-05 2.0983e-05 2.0977e-05 2.0975e-05 2.0968e-05 2.0944e-05 2.0938e-05 2.0927e-05 2.0923e-05 2.0911e-05 2.0915e-05 2.0943e-05 2.0959e-05 2.0961e-05 2.0971e-05 2.0998e-05 2.1023e-05 2.1041e-05 2.1045e-05 2.1066e-05 2.1086e-05 2.11e-05 2.1112e-05 2.1114e-05 2.1121e-05 2.1126e-05 2.1133e-05 2.1135e-05 2.1142e-05 2.1145e-05 2.1141e-05 2.1142e-05 2.1143e-05 2.1122e-05 2.1125e-05 2.1133e-05 2.1122e-05 2.112e-05 2.1104e-05 2.1094e-05 2.1102e-05 2.1076e-05 2.1087e-05 2.1079e-05 2.1049e-05 2.1038e-05 2.1034e-05 2.1029e-05 2.103e-05 2.1014e-05 2.1016e-05 2.1008e-05 2.0993e-05 2.0986e-05 2.0996e-05 2.0999e-05 2.0971e-05 2.098e-05 2.0979e-05 2.1007e-05 2.1027e-05 2.1043e-05 2.1056e-05 2.1065e-05 2.107e-05
2.1063e-05 2.1062e-05 2.1057e-05 2.105e-05 2.1054e-05 2.1039e-05 2.1028e-05 2.1022e-05 2.102e-05 2.1021e-05 2.1002e-05 2.0988e-05 2.0988e-05 2.0965e-05 2.0949e-05 2.0941e-05 2.0868e-05 2.0879e-05 2.0857e-05 2.0855e-05 2.0839e-05 2.0826e-05 2.0805e-05 2.0788e-05 2.0775e-05 2.0758e-05 2.0736e-05 2.0716e-05 2.0716e-05 2.0698e-05 2.0692e-05 2.0685e-05 2.0679e-05 2.0681e-05 2.0677e-05 2.0677e-05 2.0673e-05 2.0666e-05 2.066e-05 2.0638e-05 2.0632e-05 2.0624e-05 2.0621e-05 2.0623e-05 2.0636e-05 2.0667e-05 2.0711e-05 2.0753e-05 2.0817e-05 2.0845e-05 2.087e-05 2.0887e-05 2.0903e-05 2.0926e-05 2.0953e-05 2.0979e-05 2.1003e-05 2.1031e-05 2.1053e-05 2.1072e-05 2.1103e-05 2.1112e-05 2.112e-05 2.1125e-05 2.1134e-05 2.1137e-05 2.1144e-05 2.1149e-05 2.1152e-05 2.1158e-05 2.1158e-05 2.1159e-05 2.1163e-05 2.1163e-05 2.1163e-05 2.1163e-05 2.1163e-05 2.1163e-05 2.1163e-05 2.1163e-05 2.1162e-05 2.1163e-05 2.116e-05 2.1161e-05 2.1126e-05 2.1132e-05 2.1154e-05 2.1151e-05 2.1149e-05 2.1143e-05 2.1143e-05 2.1131e-05 2.1125e-05 2.1119e-05 2.1114e-05 2.1099e-05 2.1098e-05 2.1084e-05 2.1076e-05 2.1052e-05 2.1053e-05 2.1046e-05 2.1023e-05 2.1003e-05 2.0994e-05 2.0996e-05 2.0993e-05 2.0977e-05 2.0998e-05 2.0987e-05 2.098e-05 2.0991e-05 2.1003e-05 2.1e-05 2.1e-05 2.1006e-05 2.1014e-05 2.1004e-05 2.0991e-05 2.0965e-05 2.0954e-05 2.0956e-05 2.0948e-05 2.0936e-05 2.0936e-05 2.0941e-05 2.0933e-05 2.0948e-05 2.0962e-05 2.0969e-05 2.0996e-05 2.1005e-05 2.1028e-05 2.1028e-05 2.104e-05 2.1057e-05 2.1081e-05 2.1089e-05 2.1094e-05 2.1088e-05 2.1109e-05 2.1103e-05 2.1116e-05 2.1127e-05 2.1127e-05 2.1123e-05 2.112e-05 2.1123e-05 2.112e-05 2.111e-05 2.1117e-05 2.1111e-05 2.1113e-05 2.111e-05 2.1093e-05 2.1098e-05 2.1084e-05 2.1089e-05 2.1082e-05 2.1062e-05 2.1049e-05 2.1052e-05 2.1035e-05 2.103e-05 2.1024e-05 2.1012e-05 2.1011e-05 2.1003e-05 2.0983e-05 2.1e-05 2.0997e-05 2.0986e-05 2.1017e-05 2.1003e-05 2.1006e-05 2.1029e-05 2.105e-05 2.1049e-05 2.1057e-05 2.106e-05
2.1055e-05 2.106e-05 2.1057e-05 2.104e-05 2.1052e-05 2.1048e-05 2.1017e-05 2.1036e-05 2.1035e-05 2.1035e-05 2.1024e-05 2.1012e-05 2.0996e-05 2.0985e-05 2.0963e-05 2.0937e-05 2.0942e-05 2.0919e-05 2.0904e-05 2.0888e-05 2.0873e-05 2.0855e-05 2.0832e-05 2.0815e-05 2.0814e-05 2.0805e-05 2.0797e-05 2.0781e-05 2.0771e-05 2.0759e-05 2.0751e-05 2.0736e-05 2.0728e-05 2.0733e-05 2.0746e-05 2.0732e-05 2.073e-05 2.0731e-05 2.0709e-05 2.0687e-05 2.0678e-05 2.0671e-05 2.0671e-05 2.0696e-05 2.0712e-05 2.0754e-05 2.0784e-05 2.0815e-05 2.0851e-05 2.0874e-05 2.0893e-05 2.0924e-05 2.0936e-05 2.0958e-05 2.0984e-05 2.1003e-05 2.1029e-05 2.1053e-05 2.1074e-05 2.1101e-05 2.1127e-05 2.1114e-05 2.1141e-05 2.1145e-05 2.1147e-05 2.1151e-05 2.1156e-05 2.1158e-05 2.1159e-05 2.1159e-05 2.1162e-05 2.1162e-05 2.1163e-05 2.1163e-05 2.1163e-05 2.1163e-05 2.1163e-05 2.1163e-05 2.1162e-05 2.1163e-05 2.1163e-05 2.1163e-05 2.1163e-05 2.1162e-05 2.1161e-05 2.116e-05 2.1159e-05 2.1158e-05 2.1154e-05 2.1145e-05 2.1136e-05 2.1139e-05 2.1128e-05 2.1127e-05 2.1103e-05 2.111e-05 2.1107e-05 2.1097e-05 2.1076e-05 2.107e-05 2.1057e-05 2.1051e-05 2.1047e-05 2.1039e-05 2.1038e-05 2.103e-05 2.1006e-05 2.1007e-05 2.1011e-05 2.1017e-05 2.1028e-05 2.1032e-05 2.1031e-05 2.1031e-05 2.1016e-05 2.1028e-05 2.1026e-05 2.1026e-05 2.0999e-05 2.0987e-05 2.0982e-05 2.0972e-05 2.0951e-05 2.0955e-05 2.0941e-05 2.0944e-05 2.0936e-05 2.0949e-05 2.0961e-05 2.0965e-05 2.0985e-05 2.0982e-05 2.1014e-05 2.1038e-05 2.103e-05 2.1012e-05 2.1047e-05 2.1056e-05 2.1052e-05 2.1075e-05 2.1088e-05 2.1068e-05 2.1088e-05 2.1099e-05 2.1097e-05 2.1089e-05 2.1097e-05 2.1095e-05 2.1096e-05 2.1096e-05 2.1094e-05 2.1099e-05 2.1097e-05 2.1089e-05 2.1088e-05 2.1093e-05 2.1089e-05 2.1076e-05 2.1076e-05 2.1063e-05 2.1068e-05 2.1051e-05 2.1045e-05 2.1032e-05 2.1025e-05 2.1015e-05 2.099e-05 2.0993e-05 2.0988e-05 2.0998e-05 2.1005e-05 2.1008e-05 2.1017e-05 2.1016e-05 2.1023e-05 2.103e-05 2.1044e-05 2.1059e-05 2.1038e-05 2.1053e-05
2.1052e-05 2.1054e-05 2.1052e-05 2.1054e-05 2.1051e-05 2.1058e-05 2.1044e-05 2.1036e-05 2.1042e-05 2.1024e-05 2.1015e-05 2.1017e-05 2.1007e-05 2.0991e-05 2.0975e-05 2.0964e-05 2.0951e-05 2.0939e-05 2.0927e-05 2.0908e-05 2.0891e-05 2.0886e-05 2.0874e-05 2.0864e-05 2.085e-05 2.0845e-05 2.0833e-05 2.0825e-05 2.0818e-05 2.0816e-05 2.0814e-05 2.0806e-05 2.0811e-05 2.0811e-05 2.0805e-05 2.0798e-05 2.0794e-05 2.0798e-05 2.079e-05 2.0845e-05 2.078e-05 2.0777e-05 2.0778e-05 2.0786e-05 2.0794e-05 2.0809e-05 2.0826e-05 2.0851e-05 2.0886e-05 2.0908e-05 2.0918e-05 2.0959e-05 2.0985e-05 2.1004e-05 2.1023e-05 2.1047e-05 2.1066e-05 2.1084e-05 2.11e-05 2.1112e-05 2.1131e-05 2.1145e-05 2.115e-05 2.1153e-05 2.1158e-05 2.1161e-05 2.1154e-05 2.1162e-05 2.1162e-05 2.1163e-05 2.1163e-05 2.1162e-05 2.1163e-05 2.1162e-05 2.1161e-05 2.1161e-05 2.1162e-05 2.1162e-05 2.1163e-05 2.1163e-05 2.1163e-05 2.1163e-05 2.1163e-05 2.1163e-05 2.1162e-05 2.1161e-05 2.1159e-05 2.1156e-05 2.1152e-05 2.1147e-05 2.1141e-05 2.1137e-05 2.1134e-05 2.1125e-05 2.1124e-05 2.1123e-05 2.1105e-05 2.1095e-05 2.1092e-05 2.1078e-05 2.1073e-05 2.1064e-05 2.105e-05 2.1049e-05 2.1045e-05 2.1048e-05 2.1028e-05 2.1039e-05 2.1036e-05 2.1046e-05 2.1043e-05 2.1046e-05 2.1049e-05 2.1048e-05 2.1034e-05 2.1044e-05 2.1034e-05 2.1033e-05 2.1025e-05 2.0998e-05 2.1009e-05 2.1004e-05 2.0946e-05 2.0969e-05 2.0962e-05 2.0954e-05 2.0941e-05 2.0935e-05 2.0944e-05 2.0961e-05 2.0961e-05 2.097e-05 2.0981e-05 2.0911e-05 2.0984e-05 2.1014e-05 2.102e-05 2.1015e-05 2.1039e-05 2.105e-05 2.1058e-05 2.1033e-05 2.1066e-05 2.1072e-05 2.1073e-05 2.1055e-05 2.1067e-05 2.1065e-05 2.1073e-05 2.1079e-05 2.1073e-05 2.108e-05 2.1073e-05 2.1066e-05 2.1076e-05 2.1077e-05 2.1069e-05 2.1066e-05 2.1068e-05 2.1058e-05 2.1052e-05 2.1056e-05 2.1043e-05 2.1039e-05 2.1033e-05 2.1003e-05 2.102e-05 2.1014e-05 2.0999e-05 2.1008e-05 2.1002e-05 2.1016e-05 2.1022e-05 2.1019e-05 2.1034e-05 2.1036e-05 2.103e-05 2.1048e-05 2.1046e-05 2.1036e-05
2.1065e-05 2.1047e-05 2.1047e-05 2.1138e-05 2.1052e-05 2.1058e-05 2.1058e-05 2.1054e-05 2.105e-05 2.1046e-05 2.1039e-05 2.1022e-05 2.102e-05 2.1005e-05 2.0999e-05 2.0994e-05 2.0981e-05 2.0973e-05 2.0949e-05 2.0926e-05 2.0889e-05 2.0921e-05 2.0912e-05 2.0903e-05 2.0896e-05 2.0893e-05 2.0881e-05 2.0883e-05 2.0882e-05 2.0872e-05 2.087e-05 2.0862e-05 2.0859e-05 2.0852e-05 2.0844e-05 2.0839e-05 2.0836e-05 2.084e-05 2.0838e-05 2.0835e-05 2.0833e-05 2.084e-05 2.0841e-05 2.0851e-05 2.0866e-05 2.0876e-05 2.0893e-05 2.0902e-05 2.093e-05 2.0952e-05 2.0984e-05 2.1005e-05 2.1027e-05 2.1051e-05 2.1075e-05 2.1086e-05 2.11e-05 2.1113e-05 2.1128e-05 2.1131e-05 2.1141e-05 2.115e-05 2.1157e-05 2.1161e-05 2.1161e-05 2.1161e-05 2.1163e-05 2.1163e-05 2.1163e-05 2.1163e-05 2.1163e-05 2.1163e-05 2.1163e-05 2.1163e-05 2.1163e-05 2.1161e-05 2.1162e-05 2.1163e-05 2.1163e-05 2.1163e-05 2.1163e-05 2.1163e-05 2.1162e-05 2.1161e-05 2.116e-05 2.1149e-05 2.1152e-05 2.115e-05 2.1148e-05 2.1146e-05 2.1144e-05 2.1136e-05 2.1127e-05 2.1122e-05 2.1126e-05 2.1099e-05 2.1094e-05 2.1096e-05 2.109e-05 2.1082e-05 2.1079e-05 2.107e-05 2.1061e-05 2.1061e-05 2.1062e-05 2.1058e-05 2.1056e-05 2.1057e-05 2.1055e-05 2.1051e-05 2.1059e-05 2.1055e-05 2.1063e-05 2.1054e-05 2.105e-05 2.1046e-05 2.1043e-05 2.1031e-05 2.1041e-05 2.1029e-05 2.1016e-05 2.1011e-05 2.1009e-05 2.0993e-05 2.0982e-05 2.0973e-05 2.0958e-05 2.0952e-05 2.0947e-05 2.0947e-05 2.095e-05 2.0961e-05 2.097e-05 2.0971e-05 2.0983e-05 2.0999e-05 2.1007e-05 2.1006e-05 2.1021e-05 2.0999e-05 2.1033e-05 2.1006e-05 2.1036e-05 2.1047e-05 2.103e-05 2.105e-05 2.1048e-05 2.105e-05 2.1055e-05 2.1056e-05 2.1052e-05 2.1054e-05 2.1066e-05 2.1066e-05 2.1065e-05 2.106e-05 2.1061e-05 2.1054e-05 2.106e-05 2.1062e-05 2.1056e-05 2.1049e-05 2.1053e-05 2.1047e-05 2.1028e-05 2.1036e-05 2.1035e-05 2.1037e-05 2.1006e-05 2.1017e-05 2.102e-05 2.1025e-05 2.1012e-05 2.1032e-05 2.1044e-05 2.105e-05 2.1045e-05 2.1052e-05 2.1055e-05 2.1057e-05
2.1062e-05 2.1078e-05 2.1064e-05 2.1076e-05 2.1074e-05 2.1068e-05 2.1064e-05 2.1068e-05 2.1036e-05 2.105e-05 2.1042e-05 2.1042e-05 2.1043e-05 2.1038e-05 2.106e-05 2.1013e-05 2.1007e-05 2.0999e-05 2.0979e-05 2.099e-05 2.0981e-05 2.0964e-05 2.096e-05 2.0955e-05 2.0948e-05 2.0944e-05 2.0924e-05 2.0932e-05 2.0927e-05 2.0923e-05 2.0914e-05 2.0906e-05 2.0904e-05 2.0897e-05 2.0888e-05 2.0878e-05 2.0877e-05 2.0879e-05 2.0872e-05 2.087e-05 2.0871e-05 2.0881e-05 2.0892e-05 2.0904e-05 2.092e-05 2.0935e-05 2.0946e-05 2.0965e-05 2.0978e-05 2.0998e-05 2.1016e-05 2.1021e-05 2.1057e-05 2.1085e-05 2.1103e-05 2.1121e-05 2.1134e-05 2.1147e-05 2.1151e-05 2.1153e-05 2.1155e-05 2.116e-05 2.1161e-05 2.1161e-05 2.1163e-05 2.1163e-05 2.1163e-05 2.1163e-05 2.1163e-05 2.1163e-05 2.1163e-05 2.1163e-05 2.1163e-05 2.1163e-05 2.1163e-05 2.1163e-05 2.1163e-05 2.1163e-05 2.1163e-05 2.1163e-05 2.1163e-05 2.1163e-05 2.1162e-05 2.115e-05 2.1112e-05 2.0105e-05 2.1093e-05 2.1141e-05 2.1147e-05 2.114e-05 2.1143e-05 2.1131e-05 2.1133e-05 2.1118e-05 2.1116e-05 2.1108e-05 2.1099e-05 2.1096e-05 2.1095e-05 2.109e-05 2.108e-05 2.108e-05 2.1073e-05 2.1057e-05 2.107e-05 2.1055e-05 2.1053e-05 2.1059e-05 2.1057e-05 2.1054e-05 2.1063e-05 2.1063e-05 2.1068e-05 2.1057e-05 2.1039e-05 2.1042e-05 2.1058e-05 2.1041e-05 2.1036e-05 2.1046e-05 2.104e-05 2.1029e-05 2.1026e-05 2.0998e-05 2.0996e-05 2.097e-05 2.0976e-05 2.0963e-05 2.0961e-05 2.0939e-05 2.0955e-05 2.0952e-05 2.0952e-05 2.0957e-05 2.0971e-05 2.0967e-05 2.098e-05 2.0985e-05 2.0975e-05 2.0993e-05 2.1006e-05 2.1003e-05 2.1015e-05 2.1019e-05 2.1007e-05 2.1028e-05 2.1026e-05 2.1031e-05 2.1028e-05 2.1031e-05 2.1039e-05 2.1041e-05 2.1042e-05 2.1048e-05 2.1023e-05 2.1051e-05 2.1047e-05 2.1059e-05 2.1056e-05 2.1055e-05 2.1043e-05 2.1041e-05 2.1056e-05 2.1054e-05 2.104e-05 2.1056e-05 2.1054e-05 2.1029e-05 2.1045e-05 2.1033e-05 2.1049e-05 2.1047e-05 2.1042e-05 2.1044e-05 2.1045e-05 2.1055e-05 2.104e-05 2.1043e-05 2.1065e-05 2.1026e-05
2.1082e-05 2.108e-05 2.1087e-05 2.1082e-05 2.1079e-05 2.1092e-05 2.1085e-05 2.1078e-05 2.1083e-05 2.1077e-05 2.1056e-05 2.1062e-05 2.1068e-05 2.1051e-05 2.1055e-05 2.1046e-05 2.1045e-05 2.1039e-05 2.1035e-05 2.1033e-05 2.1008e-05 2.1017e-05 2.0996e-05 2.0987e-05 2.0987e-05 2.0967e-05 2.0985e-05 2.098e-05 2.0966e-05 2.0961e-05 2.0958e-05 2.0943e-05 2.0947e-05 2.0932e-05 2.0975e-05 2.0916e-05 2.0915e-05 2.0914e-05 2.0909e-05 2.0913e-05 2.0918e-05 2.0926e-05 2.0944e-05 2.095e-05 2.0962e-05 2.0979e-05 2.0997e-05 2.1019e-05 2.1033e-05 2.1051e-05 2.1071e-05 2.1092e-05 2.1108e-05 2.1125e-05 2.114e-05 2.115e-05 2.1158e-05 2.1162e-05 2.1163e-05 2.1162e-05 2.1162e-05 2.1162e-05 2.1163e-05 2.1163e-05 2.1163e-05 2.1163e-05 2.1163e-05 2.1163e-05 2.1163e-05 2.1163e-05 2.1163e-05 2.1163e-05 2.1163e-05 2.1163e-05 2.1163e-05 2.1163e-05 2.1163e-05 2.1162e-05 2.1163e-05 2.1163e-05 2.1163e-05 2.1162e-05 2.1157e-05 2.1154e-05 2.1153e-05 2.1145e-05 2.1143e-05 2.1144e-05 2.1141e-05 2.1142e-05 2.1136e-05 2.1129e-05 2.1127e-05 2.1118e-05 2.1114e-05 2.1105e-05 2.11e-05 2.1095e-05 2.109e-05 2.1078e-05 2.107e-05 2.1077e-05 2.1072e-05 2.1057e-05 2.1061e-05 2.106e-05 2.1062e-05 2.1055e-05 2.1049e-05 2.1034e-05 2.1042e-05 2.1061e-05 2.1068e-05 2.106e-05 2.1054e-05 2.1056e-05 2.104e-05 2.105e-05 2.1048e-05 2.1045e-05 2.1039e-05 2.1023e-05 2.103e-05 2.1021e-05 2.101e-05 2.1002e-05 2.1e-05 2.0978e-05 2.0966e-05 2.0963e-05 2.0953e-05 2.0941e-05 2.0944e-05 2.0944e-05 2.093e-05 2.0958e-05 2.096e-05 2.0966e-05 2.0919e-05 2.0976e-05 2.0985e-05 2.0997e-05 2.1e-05 2.0992e-05 2.0997e-05 2.1e-05 2.0974e-05 2.1014e-05 2.1012e-05 2.1018e-05 2.1014e-05 2.1032e-05 2.1029e-05 2.1036e-05 2.104e-05 2.1039e-05 2.1042e-05 2.1045e-05 2.1047e-05 2.1055e-05 2.1034e-05 2.1038e-05 2.1039e-05 2.1049e-05 2.1047e-05 2.1047e-05 2.1061e-05 2.1061e-05 2.1062e-05 2.1054e-05 2.1062e-05 2.1054e-05 2.1067e-05 2.1065e-05 2.1049e-05 2.1056e-05 2.1058e-05 2.1076e-05 2.1072e-05 2.1078e-05
2.107e-05 2.1094e-05 2.1095e-05 2.1089e-05 2.1092e-05 2.1094e-05 2.1091e-05 2.1095e-05 2.108e-05 2.1099e-05 2.1087e-05 2.1085e-05 2.1081e-05 2.1084e-05 2.1064e-05 2.1054e-05 2.1054e-05 2.1068e-05 2.1073e-05 2.1059e-05 2.1061e-05 2.1059e-05 2.1053e-05 2.1049e-05 2.1031e-05 2.1028e-05 2.0977e-05 2.102e-05 2.1019e-05 2.0994e-05 2.1015e-05 2.0985e-05 2.0991e-05 2.0974e-05 2.0958e-05 2.0947e-05 2.0952e-05 2.0951e-05 2.0953e-05 2.0955e-05 2.0957e-05 2.0976e-05 2.0988e-05 2.1001e-05 2.1014e-05 2.103e-05 2.1058e-05 2.1079e-05 2.11e-05 2.1114e-05 2.1122e-05 2.113e-05 2.1135e-05 2.1144e-05 2.1149e-05 2.1156e-05 2.1159e-05 2.116e-05 2.1163e-05 2.1163e-05 2.1163e-05 2.1163e-05 2.1163e-05 2.1163e-05 2.1162e-05 2.1163e-05 2.1163e-05 2.1163e-05 2.1163e-05 2.1163e-05 2.1163e-05 2.1163e-05 2.1163e-05 2.1163e-05 2.1162e-05 2.1163e-05 2.1163e-05 2.1161e-05 2.1162e-05 2.1161e-05 2.1158e-05 2.1157e-05 2.1158e-05 2.1154e-05 2.1147e-05 2.1148e-05 2.1138e-05 2.1134e-05 2.1132e-05 2.1128e-05 2.1128e-05 2.1121e-05 2.1112e-05 2.1111e-05 2.111e-05 2.109e-05 2.1094e-05 2.1093e-05 2.1087e-05 2.1084e-05 2.108e-05 2.1079e-05 2.1074e-05 2.1061e-05 2.1064e-05 2.1073e-05 2.1068e-05 2.1061e-05 2.106e-05 2.1065e-05 2.1034e-05 2.104e-05 2.1055e-05 2.1053e-05 2.1059e-05 2.1053e-05 2.1045e-05 2.1049e-05 2.1047e-05 2.1033e-05 2.1024e-05 2.103e-05 2.1026e-05 2.1025e-05 2.1006e-05 2.1003e-05 2.1001e-05 2.0996e-05 2.0989e-05 2.0982e-05 2.0973e-05 2.0958e-05 2.0957e-05 2.0946e-05 2.0936e-05 2.0926e-05 2.0936e-05 2.0954e-05 2.0966e-05 2.0961e-05 2.0966e-05 2.0966e-05 2.0973e-05 2.0973e-05 2.0975e-05 2.0976e-05 2.0983e-05 2.0991e-05 2.0991e-05 2.0988e-05 2.1001e-05 2.0993e-05 2.1004e-05 2.1017e-05 2.1027e-05 2.1034e-05 2.1029e-05 2.1037e-05 2.106e-05 2.105e-05 2.1044e-05 2.1043e-05 2.1044e-05 2.1056e-05 2.1055e-05 2.1063e-05 2.1065e-05 2.1072e-05 2.1068e-05 2.1062e-05 2.106e-05 2.1072e-05 2.1076e-05 2.1081e-05 2.1095e-05 2.1087e-05 2.1082e-05 2.1086e-05 2.108e-05 2.1075e-05
2.1097e-05 2.1106e-05 2.1112e-05 2.1102e-05 2.1096e-05 2.1105e-05 2.1144e-05 2.109e-05 2.1102e-05 2.1104e-05 2.1088e-05 2.1095e-05 2.1098e-05 2.1092e-05 2.1103e-05 2.1105e-05 2.1103e-05 2.1095e-05 2.111e-05 2.1082e-05 2.1069e-05 2.1086e-05 2.1085e-05 2.1078e-05 2.1067e-05 2.1061e-05 2.105e-05 2.1038e-05 2.1045e-05 2.1026e-05 2.1032e-05 2.1036e-05 2.1038e-05 2.1015e-05 2.1031e-05 2.1033e-05 2.1015e-05 2.1015e-05 2.1019e-05 2.1022e-05 2.1014e-05 2.1038e-05 2.1046e-05 2.1053e-05 2.1068e-05 2.1076e-05 2.109e-05 2.1108e-05 2.1116e-05 2.1128e-05 2.1136e-05 2.1141e-05 2.1142e-05 2.114e-05 2.1146e-05 2.1148e-05 2.1149e-05 2.1152e-05 2.1155e-05 2.1155e-05 2.1153e-05 2.1156e-05 2.1157e-05 2.1158e-05 2.1162e-05 2.116e-05 2.1161e-05 2.1161e-05 2.1163e-05 2.1162e-05 2.1162e-05 2.1162e-05 2.1162e-05 2.1162e-05 2.1161e-05 2.1159e-05 2.1159e-05 2.116e-05 2.1159e-05 2.1156e-05 2.1153e-05 2.1153e-05 2.115e-05 2.1146e-05 2.1141e-05 2.1139e-05 2.1135e-05 2.1133e-05 2.1129e-05 2.1119e-05 2.1108e-05 2.11e-05 2.1105e-05 2.1107e-05 2.1096e-05 2.1095e-05 2.1089e-05 2.1086e-05 2.1083e-05 2.1077e-05 2.1068e-05 2.1061e-05 2.1057e-05 2.1054e-05 2.1062e-05 2.1065e-05 2.1062e-05 2.1055e-05 2.1057e-05 2.1055e-05 2.1063e-05 2.1053e-05 2.1049e-05 2.105e-05 2.104e-05 2.1048e-05 2.1038e-05 2.1035e-05 2.1021e-05 2.1033e-05 2.1013e-05 2.1026e-05 2.1022e-05 2.1005e-05 2.1007e-05 2.1006e-05 2.1002e-05 2.1003e-05 2.0995e-05 2.0984e-05 2.0978e-05 2.098e-05 2.0972e-05 2.0967e-05 2.0954e-05 2.0956e-05 2.0947e-05 2.0942e-05 2.0936e-05 2.0931e-05 2.0921e-05 2.0919e-05 2.0926e-05 2.0934e-05 2.0943e-05 2.0951e-05 2.0964e-05 2.0968e-05 2.0983e-05 2.098e-05 2.0993e-05 2.0991e-05 2.099e-05 2.0996e-05 2.101e-05 2.1006e-05 2.1026e-05 2.1037e-05 2.1044e-05 2.1048e-05 2.1052e-05 2.104e-05 2.1058e-05 2.106e-05 2.1063e-05 2.1072e-05 2.1069e-05 2.1073e-05 2.1056e-05 2.1078e-05 2.1077e-05 2.1074e-05 2.1065e-05 2.1081e-05 2.1085e-05 2.109e-05 2.1101e-05 2.1084e-05 2.1095e-05 2.1092e-05
2.1112e-05 2.1119e-05 2.112e-05 2.1114e-05 2.1107e-05 2.1122e-05 2.1125e-05 2.112e-05 2.1119e-05 2.1125e-05 2.1131e-05 2.1121e-05 2.1123e-05 2.1112e-05 2.1134e-05 2.1119e-05 2.1116e-05 2.1112e-05 2.1105e-05 2.1105e-05 2.1109e-05 2.108e-05 2.1081e-05 2.1091e-05 2.1079e-05 2.1093e-05 2.108e-05 2.1122e-05 2.1101e-05 2.1089e-05 2.1098e-05 2.1079e-05 2.1071e-05 2.1064e-05 2.1051e-05 2.1062e-05 2.1051e-05 2.1056e-05 2.1061e-05 2.1074e-05 2.108e-05 2.1088e-05 2.1093e-05 2.1097e-05 2.1106e-05 2.1112e-05 2.1116e-05 2.112e-05 2.1125e-05 2.1131e-05 2.1138e-05 2.1147e-05 2.1144e-05 2.1145e-05 2.1145e-05 2.1144e-05 2.1141e-05 2.114e-05 2.1136e-05 2.1141e-05 2.1144e-05 2.1147e-05 2.1149e-05 2.1149e-05 2.1151e-05 2.1155e-05 2.1156e-05 2.1155e-05 2.1154e-05 2.1156e-05 2.1159e-05 2.1161e-05 2.116e-05 2.1157e-05 2.1159e-05 2.1159e-05 2.116e-05 2.1156e-05 2.1153e-05 2.1147e-05 2.1148e-05 2.1144e-05 2.114e-05 2.1136e-05 2.1138e-05 2.1136e-05 2.1131e-05 2.1126e-05 2.112e-05 2.112e-05 2.1111e-05 2.1092e-05 2.1092e-05 2.1092e-05 2.1091e-05 2.1075e-05 2.1078e-05 2.1076e-05 2.1071e-05 2.1073e-05 2.1067e-05 2.1066e-05 2.106e-05 2.1042e-05 2.1055e-05 2.1056e-05 2.1047e-05 2.1042e-05 2.1042e-05 2.1034e-05 2.1043e-05 2.1044e-05 2.105e-05 2.1048e-05 2.1041e-05 2.1048e-05 2.1049e-05 2.1038e-05 2.1024e-05 2.1015e-05 2.1022e-05 2.1032e-05 2.1027e-05 2.1012e-05 2.1009e-05 2.1005e-05 2.0998e-05 2.1004e-05 2.0989e-05 2.0987e-05 2.0981e-05 2.0975e-05 2.0979e-05 2.097e-05 2.0973e-05 2.0967e-05 2.096e-05 2.0953e-05 2.095e-05 2.0953e-05 2.0957e-05 2.0961e-05 2.0965e-05 2.0966e-05 2.097e-05 2.0974e-05 2.0977e-05 2.0979e-05 2.0986e-05 2.099e-05 2.0986e-05 2.0998e-05 2.0997e-05 2.1004e-05 2.1004e-05 2.1005e-05 2.1024e-05 2.1032e-05 2.1037e-05 2.1033e-05 2.1052e-05 2.1051e-05 2.1044e-05 2.1058e-05 2.107e-05 2.1076e-05 2.1067e-05 2.1077e-05 2.1087e-05 2.1092e-05 2.1028e-05 2.1162e-05 2.1056e-05 2.0894e-05 2.1087e-05 2.1096e-05 2.1111e-05 2.1107e-05 2.1089e-05 2.1103e-05
2.1112e-05 2.1124e-05 2.1117e-05 2.1122e-05 2.1123e-05 2.1134e-05 2.1119e-05 2.1128e-05 2.113e-05 2.1129e-05 2.1134e-05 2.1126e-05 2.1128e-05 2.1136e-05 2.1128e-05 2.1133e-05 2.1132e-05 2.1114e-05 2.1123e-05 2.1127e-05 2.1121e-05 2.1131e-05 2.1135e-05 2.1142e-05 2.1128e-05 2.1109e-05 2.1113e-05 2.1113e-05 2.1084e-05 2.1095e-05 2.1098e-05 2.1091e-05 2.1107e-05 2.1113e-05 2.112e-05 2.1101e-05 2.1095e-05 2.1097e-05 2.1085e-05 2.1101e-05 2.1099e-05 2.1104e-05 2.1115e-05 2.1113e-05 2.1113e-05 2.1106e-05 2.1116e-05 2.1122e-05 2.1125e-05 2.1134e-05 2.1139e-05 2.114e-05 2.114e-05 2.1141e-05 2.1142e-05 2.115e-05 2.114e-05 2.1139e-05 2.1141e-05 2.1142e-05 2.1148e-05 2.1151e-05 2.1153e-05 2.1153e-05 2.1153e-05 2.1151e-05 2.1149e-05 2.115e-05 2.1153e-05 2.1148e-05 2.1154e-05 2.1154e-05 2.1154e-05 2.1154e-05 2.1153e-05 2.1155e-05 2.1151e-05 2.115e-05 2.1144e-05 2.1145e-05 2.114e-05 2.1139e-05 2.1133e-05 2.1144e-05 2.1129e-05 2.1121e-05 2.1116e-05 2.111e-05 2.1108e-05 2.1108e-05 2.11e-05 2.1097e-05 2.1092e-05 2.1085e-05 2.1085e-05 2.1081e-05 2.1092e-05 2.1068e-05 2.1063e-05 2.1059e-05 2.1056e-05 2.1055e-05 2.1053e-05 2.1047e-05 2.1049e-05 2.1051e-05 2.1051e-05 2.1045e-05 2.1037e-05 2.1046e-05 2.104e-05 2.1035e-05 2.1043e-05 2.1042e-05 2.104e-05 2.1037e-05 2.1033e-05 2.1037e-05 2.1023e-05 2.1024e-05 2.1022e-05 2.1019e-05 2.1009e-05 2.1025e-05 2.1025e-05 2.1019e-05 2.1003e-05 2.1001e-05 2.1e-05 2.0988e-05 2.1e-05 2.0994e-05 2.0996e-05 2.099e-05 2.0977e-05 2.0982e-05 2.0976e-05 2.0976e-05 2.0974e-05 2.0974e-05 2.0971e-05 2.0981e-05 2.0982e-05 2.0963e-05 2.0975e-05 2.0982e-05 2.0989e-05 2.0992e-05 2.0984e-05 2.0986e-05 2.0991e-05 2.1e-05 2.1003e-05 2.1006e-05 2.1012e-05 2.1013e-05 2.1018e-05 2.1031e-05 2.1037e-05 2.1044e-05 2.1044e-05 2.1055e-05 2.1056e-05 2.1067e-05 2.107e-05 2.1069e-05 2.107e-05 2.1076e-05 2.1081e-05 2.1089e-05 2.1089e-05 2.1096e-05 2.1089e-05 2.1116e-05 2.1118e-05 2.112e-05 2.1121e-05 2.1121e-05 2.1116e-05 2.1108e-05
2.1132e-05 2.1121e-05 2.1093e-05 2.1078e-05 2.1098e-05 2.1128e-05 2.1118e-05 2.1072e-05 2.1075e-05 2.1123e-05 2.1132e-05 2.1132e-05 2.1135e-05 2.1132e-05 2.1131e-05 2.1114e-05 2.1078e-05 2.1084e-05 2.1071e-05 2.1112e-05 2.1088e-05 2.1102e-05 2.1142e-05 2.1158e-05 2.113e-05 2.1112e-05 2.1111e-05 2.1125e-05 2.1118e-05 2.1117e-05 2.1115e-05 2.1116e-05 2.1121e-05 2.1112e-05 2.1072e-05 2.1109e-05 2.1098e-05 2.1108e-05 2.1104e-05 2.11e-05 2.1118e-05 2.1115e-05 2.1106e-05 2.1106e-05 2.1115e-05 2.1123e-05 2.1126e-05 2.1129e-05 2.1133e-05 2.1135e-05 2.1137e-05 2.114e-05 2.1128e-05 2.1144e-05 2.1146e-05 2.1149e-05 2.115e-05 2.115e-05 2.115e-05 2.115e-05 2.1152e-05 2.109e-05 2.1094e-05 2.1135e-05 2.1145e-05 2.1143e-05 2.1142e-05 2.1144e-05 2.1139e-05 2.1138e-05 2.1143e-05 2.1144e-05 2.1144e-05 2.1145e-05 2.1141e-05 2.1142e-05 2.114e-05 2.114e-05 2.1143e-05 2.1141e-05 2.1137e-05 2.1127e-05 2.1126e-05 2.1123e-05 2.1122e-05 2.1115e-05 2.1102e-05 2.1099e-05 2.1108e-05 2.1102e-05 2.1103e-05 2.1097e-05 2.1088e-05 2.1076e-05 2.1074e-05 2.1078e-05 2.1078e-05 2.1075e-05 2.1069e-05 2.1064e-05 2.1061e-05 2.1061e-05 2.1054e-05 2.1064e-05 2.1053e-05 2.105e-05 2.1051e-05 2.1048e-05 2.1047e-05 2.1046e-05 2.1045e-05 2.1042e-05 2.1036e-05 2.1027e-05 2.1028e-05 2.1026e-05 2.1034e-05 2.1022e-05 2.1023e-05 2.101e-05 2.1016e-05 2.1021e-05 2.1023e-05 2.1024e-05 2.1023e-05 2.1025e-05 2.102e-05 2.1017e-05 2.1011e-05 2.1004e-05 2.1009e-05 2.1001e-05 2.0995e-05 2.0985e-05 2.094e-05 2.0975e-05 2.099e-05 2.0992e-05 2.0997e-05 2.0993e-05 2.0986e-05 2.0987e-05 2.0988e-05 2.0987e-05 2.0989e-05 2.0985e-05 2.0994e-05 2.0988e-05 2.0993e-05 2.0985e-05 2.0996e-05 2.1004e-05 2.1003e-05 2.101e-05 2.1017e-05 2.102e-05 2.1026e-05 2.1029e-05 2.1023e-05 2.1034e-05 2.1038e-05 2.1048e-05 2.1061e-05 2.1068e-05 2.1071e-05 2.1072e-05 2.1077e-05 2.1088e-05 2.1088e-05 2.1084e-05 2.1094e-05 2.1086e-05 2.1092e-05 2.1101e-05 2.1098e-05 2.112e-05 2.113e-05 2.1128e-05 2.112e-05 2.1127e-05
2.1103e-05 2.1088e-05 2.1089e-05 2.1101e-05 2.1104e-05 2.1098e-05 2.1093e-05 2.1093e-05 2.1097e-05 2.1095e-05 2.1096e-05 2.1076e-05 2.1107e-05 2.1101e-05 2.1105e-05 2.1114e-05 2.1114e-05 2.1118e-05 2.1118e-05 2.1112e-05 2.111e-05 2.1122e-05 2.112e-05 2.1123e-05 2.1127e-05 2.1131e-05 2.1123e-05 2.1099e-05 2.1107e-05 2.1095e-05 2.1101e-05 2.1106e-05 2.111e-05 2.1111e-05 2.1106e-05 2.1113e-05 2.1109e-05 2.1119e-05 2.1117e-05 2.1116e-05 2.1118e-05 2.1121e-05 2.112e-05 2.1116e-05 2.1109e-05 2.1112e-05 2.1115e-05 2.1119e-05 2.1122e-05 2.113e-05 2.1136e-05 2.1132e-05 2.1135e-05 2.1138e-05 2.1141e-05 2.1142e-05 2.1139e-05 2.1143e-05 2.1148e-05 2.1147e-05 2.115e-05 2.1151e-05 2.115e-05 2.1151e-05 2.1148e-05 2.1148e-05 2.1152e-05 2.1149e-05 2.1143e-05 2.1139e-05 2.1134e-05 2.1131e-05 2.1124e-05 2.1127e-05 2.1127e-05 2.1111e-05 2.1107e-05 2.1111e-05 2.1121e-05 2.1123e-05 2.1112e-05 2.1117e-05 2.1099e-05 2.1036e-05 2.1076e-05 2.1112e-05 2.0948e-05 2.0982e-05 2.108e-05 2.0876e-05 2.0952e-05 2.1035e-05 2.0986e-05 2.0919e-05 2.1013e-05 2.0891e-05 2.0915e-05 2.1025e-05 2.0982e-05 2.0922e-05 2.0942e-05 2.0959e-05 2.0981e-05 2.1041e-05 2.1046e-05 2.1036e-05 2.1043e-05 2.1044e-05 2.1047e-05 2.1043e-05 2.1042e-05 2.1041e-05 2.1039e-05 2.1037e-05 2.1029e-05 2.1032e-05 2.1029e-05 2.1029e-05 2.1026e-05 2.0995e-05 2.1072e-05 2.0992e-05 2.1019e-05 2.1015e-05 2.1012e-05 2.1018e-05 2.1013e-05 2.1009e-05 2.1011e-05 2.1012e-05 2.1013e-05 2.1014e-05 2.101e-05 2.1012e-05 2.1011e-05 2.1012e-05 2.1014e-05 2.1014e-05 2.1007e-05 2.101e-05 2.1006e-05 2.1e-05 2.099e-05 2.0993e-05 2.0995e-05 2.0982e-05 2.0968e-05 2.0971e-05 2.098e-05 2.0989e-05 2.0994e-05 2.0989e-05 2.1003e-05 2.1012e-05 2.1012e-05 2.1024e-05 2.102e-05 2.103e-05 2.1028e-05 2.103e-05 2.1036e-05 2.1046e-05 2.1051e-05 2.1062e-05 2.1064e-05 2.1072e-05 2.1068e-05 2.1067e-05 2.1073e-05 2.1089e-05 2.1088e-05 2.1091e-05 2.1092e-05 2.1098e-05 2.1101e-05 2.1094e-05 2.1093e-05 2.1109e-05 2.1109e-05 2.1107e-05
2.0975e-05 2.0978e-05 2.0983e-05 2.0992e-05 2.0983e-05 2.0984e-05 2.0988e-05 2.0986e-05 2.0988e-05 2.0991e-05 2.0996e-05 2.0999e-05 2.1003e-05 2.1007e-05 2.1012e-05 2.1016e-05 2.1017e-05 2.1022e-05 2.1022e-05 2.1025e-05 2.1027e-05 2.1031e-05 2.1035e-05 2.1041e-05 2.1046e-05 2.1055e-05 2.1067e-05 2.108e-05 2.108e-05 2.1089e-05 2.11e-05 2.1088e-05 2.109e-05 2.111e-05 2.1048e-05 2.1048e-05 2.1021e-05 2.1059e-05 2.0969e-05 2.099e-05 2.1024e-05 2.104e-05 2.1097e-05 2.1098e-05 2.11e-05 2.1108e-05 2.1116e-05 2.1112e-05 2.1091e-05 2.1086e-05 2.1014e-05 2.1008e-05 2.0978e-05 2.101e-05 2.1081e-05 2.1029e-05 2.1015e-05 2.1012e-05 2.1013e-05 2.103e-05 2.111e-05 2.1089e-05 2.1096e-05 2.1096e-05 2.1105e-05 2.1111e-05 2.1121e-05 2.1082e-05 2.106e-05 2.102e-05 2.1021e-05 2.1023e-05 2.0947e-05 2.0987e-05 2.0954e-05 2.0903e-05 2.0868e-05 2.0901e-05 2.0858e-05 2.0822e-05 2.0813e-05 2.0764e-05 2.0772e-05 2.0745e-05 2.0745e-05 2.0755e-05 2.0718e-05 2.0714e-05 2.0717e-05 2.0701e-05 2.0713e-05 2.0731e-05 2.0688e-05 2.0688e-05 2.073e-05 2.0699e-05 2.0702e-05 2.0674e-05 2.0674e-05 2.068e-05 2.0731e-05 2.0749e-05 2.0745e-05 2.0746e-05 2.0746e-05 2.0759e-05 2.071e-05 2.0837e-05 2.0859e-05 2.098e-05 2.0972e-05 2.0869e-05 2.0914e-05 2.1014e-05 2.0962e-05 2.0977e-05 2.093e-05 2.0952e-05 2.0994e-05 2.09e-05 2.0908e-05 2.0893e-05 2.0908e-05 2.0915e-05 2.0959e-05 2.1012e-05 2.0932e-05 2.0947e-05 2.0948e-05 2.0945e-05 2.0958e-05 2.0954e-05 2.0954e-05 2.0959e-05 2.0963e-05 2.0967e-05 2.0981e-05 2.0997e-05 2.1012e-05 2.1012e-05 2.1013e-05 2.1013e-05 2.1013e-05 2.1009e-05 2.1012e-05 2.1004e-05 2.1005e-05 2.101e-05 2.1012e-05 2.1021e-05 2.1021e-05 2.1026e-05 2.1028e-05 2.1031e-05 2.103e-05 2.1028e-05 2.1029e-05 2.1034e-05 2.1036e-05 2.103e-05 2.1032e-05 2.1035e-05 2.104e-05 2.1041e-05 2.104e-05 2.1039e-05 2.1036e-05 2.1032e-05 2.103e-05 2.1018e-05 2.1005e-05 2.1008e-05 2.1006e-05 2.1004e-05 2.1002e-05 2.0994e-05 2.0986e-05 2.0978e-05 2.0978e-05 2.0976e-05
2.0912e-05 2.0912e-05 2.0913e-05 2.0913e-05 2.0913e-05 2.0911e-05 2.0914e-05 2.0916e-05 2.0918e-05 2.0921e-05 2.0925e-05 2.0931e-05 2.0933e-05 2.0938e-05 2.0941e-05 2.0949e-05 2.0956e-05 2.0957e-05 2.0969e-05 2.097e-05 2.0976e-05 2.0978e-05 2.0978e-05 2.0977e-05 2.0975e-05 2.0966e-05 2.099e-05 2.0985e-05 2.0975e-05 2.0878e-05 2.0853e-05 2.0821e-05 2.0868e-05 2.0887e-05 2.082e-05 2.0854e-05 2.0812e-05 2.0818e-05 2.0818e-05 2.08e-05 2.0778e-05 2.0799e-05 2.0762e-05 2.0741e-05 2.0743e-05 2.0773e-05 2.0768e-05 2.0759e-05 2.0773e-05 2.0787e-05 2.0815e-05 2.0841e-05 2.0883e-05 2.0898e-05 2.0829e-05 2.0848e-05 2.0813e-05 2.0788e-05 2.0785e-05 2.0809e-05 2.0789e-05 2.0908e-05 2.0896e-05 2.1026e-05 2.1049e-05 2.1074e-05 2.1093e-05 2.1105e-05 2.1102e-05 2.1062e-05 2.1022e-05 2.0969e-05 2.092e-05 2.0884e-05 2.0866e-05 2.0831e-05 2.0811e-05 2.079e-05 2.0775e-05 2.0766e-05 2.0757e-05 2.0745e-05 2.0737e-05 2.073e-05 2.0719e-05 2.0709e-05 2.0703e-05 2.0696e-05 2.0691e-05 2.0691e-05 2.0691e-05 2.0689e-05 2.0688e-05 2.0684e-05 2.0679e-05 2.0674e-05 2.067e-05 2.0666e-05 2.0664e-05 2.0662e-05 2.066e-05 2.0655e-05 2.0652e-05 2.0649e-05 2.0647e-05 2.0645e-05 2.0644e-05 2.0642e-05 2.0644e-05 2.0659e-05 2.068e-05 2.0709e-05 2.0704e-05 2.0715e-05 2.0691e-05 2.0712e-05 2.0744e-05 2.0755e-05 2.0737e-05 2.0719e-05 2.0708e-05 2.0714e-05 2.0757e-05 2.0727e-05 2.074e-05 2.0718e-05 2.0735e-05 2.0742e-05 2.0728e-05 2.0738e-05 2.0712e-05 2.0719e-05 2.074e-05 2.0771e-05 2.0757e-05 2.0751e-05 2.076e-05 2.0735e-05 2.0749e-05 2.0753e-05 2.0778e-05 2.0831e-05 2.0845e-05 2.0868e-05 2.0944e-05 2.0937e-05 2.0986e-05 2.1014e-05 2.1019e-05 2.1014e-05 2.1009e-05 2.1006e-05 2.1006e-05 2.1007e-05 2.1016e-05 2.1019e-05 2.1016e-05 2.1015e-05 2.1004e-05 2.0999e-05 2.0995e-05 2.0994e-05 2.0989e-05 2.0984e-05 2.0979e-05 2.0974e-05 2.0968e-05 2.0962e-05 2.0959e-05 2.0955e-05 2.095e-05 2.0948e-05 2.0942e-05 2.0938e-05 2.0936e-05 2.0932e-05 2.0924e-05 2.0918e-05 2.0915e-05 2.0913e-05
2.095e-05 2.0927e-05 2.0947e-05 2.0971e-05 2.0983e-05 2.1018e-05 2.0804e-05 2.0784e-05 2.0821e-05 2.0853e-05 2.0765e-05 2.0821e-05 2.0786e-05 2.0772e-05 2.0783e-05 2.0822e-05 2.0714e-05 2.0685e-05 2.068e-05 2.0682e-05 2.0682e-05 2.0718e-05 2.0797e-05 2.075e-05 2.0747e-05 2.0771e-05 2.0835e-05 2.0785e-05 2.0773e-05 2.0817e-05 2.0796e-05 2.0661e-05 2.0671e-05 2.0715e-05 2.0673e-05 2.066e-05 2.0658e-05 2.0657e-05 2.066e-05 2.0665e-05 2.0662e-05 2.0679e-05 2.0668e-05 2.0658e-05 2.0663e-05 2.0654e-05 2.0647e-05 2.0648e-05 2.0648e-05 2.0665e-05 2.0665e-05 2.0661e-05 2.067e-05 2.0701e-05 2.0698e-05 2.0681e-05 2.0684e-05 2.0688e-05 2.0697e-05 2.0707e-05 2.0711e-05 2.0702e-05 2.0723e-05 2.0708e-05 2.0702e-05 2.0701e-05 2.0742e-05 2.0744e-05 2.0801e-05 2.0834e-05 2.0857e-05 2.0912e-05 2.0875e-05 2.0871e-05 2.0863e-05 2.0884e-05 2.0911e-05 2.0942e-05 2.0954e-05 2.0958e-05 2.0972e-05 2.098e-05 2.0919e-05 2.0855e-05 2.0783e-05 2.0773e-05 2.0785e-05 2.0798e-05 2.0816e-05 2.0859e-05 2.0927e-05 2.092e-05 2.0723e-05 2.0692e-05 2.0689e-05 2.07e-05 2.0691e-05 2.0684e-05 2.0668e-05 2.066e-05 2.0656e-05 2.0666e-05 2.0654e-05 2.0649e-05 2.0645e-05 2.0643e-05 2.064e-05 2.0638e-05 2.0637e-05 2.0635e-05 2.0633e-05 2.0634e-05 2.0634e-05 2.0635e-05 2.0636e-05 2.0638e-05 2.064e-05 2.0642e-05 2.0643e-05 2.0642e-05 2.0644e-05 2.0647e-05 2.0648e-05 2.0646e-05 2.0645e-05 2.0645e-05 2.0644e-05 2.0645e-05 2.0646e-05 2.0644e-05 2.0645e-05 2.0644e-05 2.0643e-05 2.0645e-05 2.0649e-05 2.0649e-05 2.0658e-05 2.0657e-05 2.0655e-05 2.0677e-05 2.0652e-05 2.0652e-05 2.0652e-05 2.0696e-05 2.0701e-05 2.0708e-05 2.0727e-05 2.0779e-05 2.0728e-05 2.0697e-05 2.0718e-05 2.0696e-05 2.0747e-05 2.076e-05 2.0796e-05 2.0835e-05 2.0761e-05 2.0797e-05 2.0825e-05 2.0842e-05 2.0835e-05 2.0788e-05 2.0811e-05 2.0885e-05 2.0858e-05 2.0866e-05 2.0905e-05 2.0972e-05 2.0936e-05 2.0985e-05 2.0943e-05 2.0909e-05 2.0885e-05 2.0859e-05 2.0888e-05 2.0925e-05 2.0947e-05 2.0894e-05 2.0898e-05 2.0908e-05
2.0621e-05 2.0631e-05 2.0626e-05 2.0629e-05 2.0635e-05 2.0629e-05 2.063e-05 2.0627e-05 2.0616e-05 2.0614e-05 2.0614e-05 2.0615e-05 2.0618e-05 2.062e-05 2.0617e-05 2.0612e-05 2.0612e-05 2.0612e-05 2.0611e-05 2.0611e-05 2.0612e-05 2.0617e-05 2.0617e-05 2.0607e-05 2.0607e-05 2.0607e-05 2.0609e-05 2.061e-05 2.0612e-05 2.0612e-05 2.0613e-05 2.0609e-05 2.0606e-05 2.0608e-05 2.0606e-05 2.0603e-05 2.0602e-05 2.0602e-05 2.0602e-05 2.0602e-05 2.0603e-05 2.0603e-05 2.0605e-05 2.0604e-05 2.0603e-05 2.0601e-05 2.0601e-05 2.0601e-05 2.0601e-05 2.0602e-05 2.0602e-05 2.0602e-05 2.0602e-05 2.0602e-05 2.0605e-05 2.0609e-05 2.061e-05 2.0612e-05 2.0615e-05 2.0615e-05 2.0612e-05 2.0609e-05 2.0609e-05 2.0608e-05 2.0607e-05 2.0607e-05 2.0606e-05 2.0607e-05 2.0608e-05 2.061e-05 2.0622e-05 2.0648e-05 2.0654e-05 2.0645e-05 2.0643e-05 2.0636e-05 2.0646e-05 2.0638e-05 2.0635e-05 2.0643e-05 2.0632e-05 2.0627e-05 2.0625e-05 2.0625e-05 2.063e-05 2.0624e-05 2.0628e-05 2.0639e-05 2.063e-05 2.0637e-05 2.0623e-05 2.0619e-05 2.0622e-05 2.0617e-05 2.0613e-05 2.0612e-05 2.0614e-05 2.0613e-05 2.0617e-05 2.0615e-05 2.0612e-05 2.0608e-05 2.0608e-05 2.0612e-05 2.0612e-05 2.0607e-05 2.0606e-05 2.0605e-05 2.0604e-05 2.0604e-05 2.0603e-05 2.0604e-05 2.0603e-05 2.0604e-05 2.0604e-05 2.0605e-05 2.0605e-05 2.0606e-05 2.0605e-05 2.0612e-05 2.0604e-05 2.0605e-05 2.0606e-05 2.0608e-05 2.0613e-05 2.0617e-05 2.0608e-05 2.0608e-05 2.0611e-05 2.0611e-05 2.0615e-05 2.061e-05 2.0604e-05 2.0604e-05 2.0604e-05 2.0604e-05 2.0604e-05 2.0606e-05 2.0609e-05 2.061e-05 2.061e-05 2.0611e-05 2.0612e-05 2.061e-05 2.0613e-05 2.0613e-05 2.0614e-05 2.0611e-05 2.0608e-05 2.0605e-05 2.0608e-05 2.0605e-05 2.061e-05 2.0608e-05 2.0604e-05 2.0604e-05 2.0605e-05 2.0619e-05 2.0612e-05 2.0617e-05 2.0611e-05 2.0625e-05 2.0625e-05 2.0633e-05 2.0632e-05 2.0635e-05 2.0628e-05 2.0624e-05 2.0626e-05 2.0628e-05 2.0625e-05 2.0632e-05 2.0638e-05 2.0636e-05 2.0637e-05 2.064e-05 2.0632e-05 2.0636e-05 2.0643e-05 2.063e-05
2.0601e-05 2.0601e-05 2.0601e-05 2.06e-05 2.06e-05 2.0602e-05 2.0602e-05 2.0603e-05 2.0603e-05 2.0603e-05 2.0603e-05 2.0603e-05 2.0603e-05 2.0604e-05 2.0604e-05 2.0604e-05 2.0604e-05 2.0604e-05 2.0604e-05 2.0604e-05 2.0605e-05 2.0604e-05 2.0604e-05 2.0604e-05 2.0604e-05 2.0604e-05 2.0605e-05 2.0606e-05 2.0606e-05 2.0607e-05 2.0608e-05 2.0608e-05 2.0609e-05 2.0609e-05 2.061e-05 2.061e-05 2.061e-05 2.0611e-05 2.0611e-05 2.0611e-05 2.0611e-05 2.0611e-05 2.0611e-05 2.0611e-05 2.0612e-05 2.0612e-05 2.0612e-05 2.0612e-05 2.0612e-05 2.0611e-05 2.0611e-05 2.061e-05 2.0609e-05 2.0608e-05 2.0608e-05 2.0606e-05 2.0606e-05 2.0605e-05 2.0605e-05 2.0605e-05 2.0605e-05 2.0604e-05 2.0604e-05 2.0604e-05 2.0604e-05 2.0603e-05 2.0603e-05 2.0603e-05 2.0603e-05 2.0603e-05 2.0603e-05 2.0602e-05 2.0602e-05 2.0602e-05 2.0602e-05 2.0601e-05 2.0601e-05 2.0601e-05 2.0601e-05 2.0601e-05 2.0601e-05 2.0601e-05 2.0601e-05 2.0601e-05 2.0601e-05 2.0601e-05 2.0601e-05 2.0601e-05 2.0601e-05 2.0601e-05 2.0601e-05 2.06e-05 2.06e-05 2.06e-05 2.0601e-05 2.0601e-05 2.0601e-05 2.0601e-05 2.06e-05 2.06e-05 2.06e-05 2.0601e-05 2.0601e-05 2.0601e-05 2.0601e-05 2.0601e-05 2.0602e-05 2.0602e-05 2.0602e-05 2.0602e-05 2.0602e-05 2.0603e-05 2.0603e-05 2.0603e-05 2.0603e-05 2.0603e-05 2.0604e-05 2.0604e-05 2.0604e-05 2.0604e-05 2.0604e-05 2.0604e-05 2.0604e-05 2.0604e-05 2.0604e-05 2.0604e-05 2.0604e-05 2.0604e-05 2.0605e-05 2.0605e-05 2.0605e-05 2.0605e-05 2.0606e-05 2.0606e-05 2.0606e-05 2.0607e-05 2.0607e-05 2.0608e-05 2.0609e-05 2.0609e-05 2.0609e-05 2.061e-05 2.061e-05 2.061e-05 2.061e-05 2.061e-05 2.061e-05 2.0609e-05 2.0609e-05 2.0609e-05 2.0608e-05 2.0608e-05 2.0607e-05 2.0607e-05 2.0606e-05 2.0605e-05 2.0605e-05 2.0604e-05 2.0604e-05 2.0605e-05 2.0605e-05 2.0605e-05 2.0605e-05 2.0605e-05 2.0605e-05 2.0605e-05 2.0604e-05 2.0604e-05 2.0604e-05 2.0604e-05 2.0603e-05 2.0603e-05 2.0603e-05 2.0602e-05 2.0602e-05 2.0602e-05 2.0601e-05 2.0601e-05 2.0601e-05 2.0601e-05
