1.6471e-06 1.6234e-06 1.5982e-06 1.5904e-06 1.5908e-06 1.5952e-06 1.5974e-06 1.5897e-06 1.5727e-06 1.5538e-06 1.4803e-06 1.454e-06 1.4676e-06 1.4396e-06 1.3441e-06 1.2954e-06 1.2741e-06 1.2416e-06 1.2331e-06 1.2864e-06 1.3161e-06 1.2461e-06 1.2374e-06 1.2575e-06 1.2845e-06 1.2955e-06 1.3243e-06 1.3172e-06 1.2754e-06 1.2914e-06 1.2484e-06 1.1957e-06 1.2232e-06 1.256e-06 1.2073e-06 1.2431e-06 1.2841e-06 1.3142e-06 1.3549e-06 1.3846e-06 1.4083e-06 1.4435e-06 1.472e-06 1.4836e-06 1.4933e-06 1.4922e-06 1.4964e-06 1.492e-06 1.4958e-06 1.5031e-06 1.5149e-06 1.517e-06 1.531e-06 1.536e-06 1.5363e-06 1.5373e-06 1.573e-06 1.5854e-06 1.5962e-06 1.5949e-06 1.6034e-06 1.6123e-06 1.6125e-06 1.6291e-06 1.6213e-06 1.6064e-06 1.6013e-06 1.6612e-06 1.6866e-06 1.6802e-06 1.7074e-06 1.7115e-06 1.7123e-06 1.71e-06 1.7296e-06 1.7424e-06 1.7485e-06 1.7534e-06 1.7605e-06 1.7579e-06 1.7653e-06 1.7547e-06 1.7527e-06 1.7604e-06 1.7509e-06 1.7469e-06 1.7489e-06 1.7524e-06 1.7545e-06 1.7513e-06 1.745e-06 1.7306e-06 1.7248e-06 1.7227e-06 1.7206e-06 1.7159e-06 1.7198e-06 1.7145e-06 1.7095e-06 1.7103e-06 1.7208e-06 1.7224e-06 1.7271e-06 1.729e-06 1.7223e-06 1.7194e-06 1.7161e-06 1.711e-06 1.7075e-06 1.705e-06 1.7005e-06 1.7087e-06 1.7235e-06 1.7128e-06 1.6898e-06 1.6745e-06 1.6805e-06 1.6816e-06 1.6772e-06 1.6676e-06 1.6589e-06 1.6537e-06 1.649e-06 1.6369e-06 1.6206e-06 1.6056e-06 1.6049e-06 1.5925e-06 1.5797e-06 1.5721e-06 1.5651e-06 1.5605e-06 1.5551e-06 1.5489e-06 1.5448e-06 1.5326e-06 1.5306e-06 1.5311e-06 1.5322e-06 1.5282e-06 1.551e-06 1.5472e-06 1.5575e-06 1.574e-06 1.5655e-06 1.5671e-06 1.5715e-06 1.5846e-06 1.6014e-06 1.6152e-06 1.6179e-06 1.6249e-06 1.6258e-06 1.6452e-06 1.6568e-06 1.6639e-06 1.6699e-06 1.6778e-06 1.6808e-06 1.6766e-06 1.6797e-06 1.6836e-06 1.6873e-06 1.6974e-06 1.6996e-06 1.7039e-06 1.6994e-06 1.6948e-06 1.691e-06 1.6868e-06 1.6796e-06 1.6712e-06 1.6694e-06 1.6659e-06 1.6645e-06 1.6574e-06 1.6537e-06 1.6522e-06 1.6515e-06 1.6466e-06
8.0214e-07 7.6685e-07 7.5065e-07 6.9749e-07 7.0986e-07 6.8528e-07 7.2555e-07 7.3104e-07 7.4132e-07 7.7753e-07 7.7954e-07 7.84e-07 8.256e-07 8.7441e-07 8.9726e-07 9.0359e-07 8.9514e-07 8.9085e-07 8.93e-07 9.1125e-07 9.1319e-07 8.9292e-07 8.3797e-07 8.2186e-07 8.3245e-07 8.5534e-07 8.54e-07 8.972e-07 8.6451e-07 9.3189e-07 8.3044e-07 8.2202e-07 8.8782e-07 8.9415e-07 8.9719e-07 8.9569e-07 9.0818e-07 9.2453e-07 9.1518e-07 9.2279e-07 9.4372e-07 9.2358e-07 9.3945e-07 9.4979e-07 9.6403e-07 9.722e-07 9.7456e-07 1.0021e-06 1.0217e-06 1.0452e-06 1.1069e-06 1.0391e-06 1.1218e-06 1.2409e-06 1.2278e-06 1.2551e-06 1.3084e-06 1.3658e-06 1.3943e-06 1.4063e-06 1.3288e-06 1.5569e-06 1.5209e-06 1.641e-06 1.6751e-06 1.6846e-06 1.7128e-06 1.7308e-06 1.7431e-06 1.7546e-06 1.7805e-06 1.7978e-06 1.7673e-06 1.7768e-06 1.9062e-06 1.9328e-06 1.9689e-06 2.0148e-06 2.0307e-06 1.9484e-06 2.0979e-06 2.1915e-06 2.198e-06 2.2456e-06 2.2596e-06 2.2566e-06 2.2435e-06 2.2289e-06 2.2113e-06 2.198e-06 2.1793e-06 2.1748e-06 2.1671e-06 2.1684e-06 2.1645e-06 1.9589e-06 2.0087e-06 1.919e-06 1.9867e-06 1.8837e-06 1.8856e-06 1.884e-06 1.8412e-06 1.8352e-06 1.8157e-06 1.7735e-06 1.7432e-06 1.6676e-06 1.6243e-06 1.5979e-06 1.6678e-06 1.6728e-06 1.6551e-06 1.6436e-06 1.6336e-06 1.6357e-06 1.6111e-06 1.5938e-06 1.5599e-06 1.5582e-06 1.5257e-06 1.4987e-06 1.494e-06 1.4702e-06 1.4356e-06 1.4424e-06 1.4365e-06 1.4028e-06 1.3687e-06 1.378e-06 1.3463e-06 1.3413e-06 1.3332e-06 1.3053e-06 1.2464e-06 1.1867e-06 1.1466e-06 1.0824e-06 1.1138e-06 1.1928e-06 1.2575e-06 1.2762e-06 1.2887e-06 1.3013e-06 1.3215e-06 1.318e-06 1.343e-06 1.4612e-06 1.4769e-06 1.4847e-06 1.4848e-06 1.4776e-06 1.4582e-06 1.4606e-06 1.4646e-06 1.4608e-06 1.4313e-06 1.3813e-06 1.3406e-06 1.3442e-06 1.3086e-06 1.278e-06 1.2381e-06 1.2229e-06 1.1701e-06 1.1293e-06 1.0835e-06 1.0603e-06 9.9622e-07 9.7681e-07 8.9887e-07 8.9724e-07 8.8875e-07 8.94e-07 8.5753e-07 9.0812e-07 1.0248e-06 9.7006e-07 8.0864e-07 7.2062e-07
1.0596e-06 1.0525e-06 1.0405e-06 1.0366e-06 1.0318e-06 1.0339e-06 1.026e-06 1.0067e-06 1.0064e-06 1.0091e-06 1.0091e-06 1.0073e-06 9.991e-07 9.6706e-07 9.9483e-07 1.0238e-06 1.0192e-06 9.7028e-07 9.7503e-07 9.7403e-07 9.7266e-07 9.6673e-07 9.5425e-07 9.4978e-07 9.5667e-07 9.5551e-07 9.3856e-07 8.9505e-07 8.6855e-07 8.0941e-07 6.7125e-07 6.594e-07 6.6797e-07 6.687e-07 6.5174e-07 7.1465e-07 6.3021e-07 6.7506e-07 6.985e-07 7.2433e-07 6.3386e-07 5.2626e-07 5.4546e-07 5.3859e-07 6.2351e-07 6.3823e-07 6.804e-07 7.2236e-07 7.588e-07 7.9736e-07 7.8503e-07 8.3474e-07 8.4239e-07 8.5655e-07 7.5352e-07 7.1988e-07 8.3445e-07 9.0941e-07 8.8943e-07 7.375e-07 8.0816e-07 1.1938e-06 1.2487e-06 1.2285e-06 1.1716e-06 1.1318e-06 1.2027e-06 1.1636e-06 1.1745e-06 1.3582e-06 1.2928e-06 1.3439e-06 1.4807e-06 1.5199e-06 1.4961e-06 1.616e-06 1.4662e-06 1.3455e-06 1.2193e-06 1.373e-06 1.4462e-06 1.4798e-06 1.4473e-06 1.4396e-06 1.3882e-06 1.4539e-06 1.4854e-06 1.551e-06 1.5561e-06 1.5036e-06 1.5664e-06 1.5597e-06 1.5113e-06 1.5264e-06 1.5287e-06 1.5224e-06 1.5136e-06 1.4911e-06 1.4737e-06 1.427e-06 1.4417e-06 1.3871e-06 1.254e-06 1.1237e-06 1.1587e-06 1.1788e-06 1.1907e-06 1.1836e-06 1.2e-06 1.1728e-06 1.1316e-06 1.1061e-06 1.086e-06 1.0555e-06 1.1542e-06 1.1265e-06 1.0761e-06 1.0653e-06 1.0975e-06 1.1355e-06 1.1409e-06 1.1247e-06 1.1083e-06 1.0667e-06 1.0202e-06 9.8325e-07 9.8242e-07 1.0111e-06 1.0102e-06 1.0344e-06 1.0545e-06 1.0691e-06 1.087e-06 1.082e-06 1.0692e-06 1.0257e-06 7.9141e-07 3.5793e-07 2.2283e-07 3.0868e-07 5.4228e-07 6.5273e-07 6.9769e-07 6.8322e-07 8.686e-07 9.6627e-07 1.0106e-06 1.0605e-06 1.0373e-06 1.0087e-06 1.0592e-06 1.0469e-06 1.0235e-06 9.6107e-07 8.9076e-07 8.6787e-07 8.561e-07 8.4761e-07 8.6285e-07 8.6331e-07 8.6925e-07 9.3633e-07 9.9737e-07 1.029e-06 1.0419e-06 1.0007e-06 9.6969e-07 9.3506e-07 8.7837e-07 8.0104e-07 9.043e-07 8.7975e-07 8.957e-07 9.1615e-07 9.4723e-07 9.6774e-07 9.8652e-07 9.9239e-07 1.0411e-06 1.0603e-06
1.012e-06 1.0018e-06 9.9302e-07 9.8517e-07 9.824e-07 9.8009e-07 9.736e-07 9.6634e-07 9.5724e-07 9.488e-07 9.3949e-07 9.2788e-07 9.147e-07 9.0519e-07 9.1003e-07 9.0705e-07 8.9858e-07 8.8325e-07 8.6901e-07 8.5836e-07 8.4667e-07 8.3217e-07 8.1803e-07 8.0166e-07 7.8248e-07 7.5872e-07 7.398e-07 7.1541e-07 6.7285e-07 6.2329e-07 6.5115e-07 7.1408e-07 7.2467e-07 7.4924e-07 7.047e-07 6.5951e-07 6.6501e-07 6.8194e-07 6.5682e-07 6.3376e-07 7.3338e-07 7.3213e-07 7.243e-07 7.2035e-07 7.1062e-07 6.9874e-07 7.1021e-07 5.0902e-07 4.6943e-07 4.4278e-07 4.7853e-07 4.7391e-07 5.0425e-07 5.0455e-07 4.9495e-07 5.1124e-07 5.3359e-07 4.2382e-07 3.928e-07 3.936e-07 5.7372e-07 4.4388e-07 4.7994e-07 5.256e-07 3.9658e-07 5.1089e-07 5.045e-07 5.1586e-07 3.6257e-07 4.9451e-07 3.805e-07 2.9176e-07 2.2897e-07 2.2556e-07 2.8362e-07 3.4128e-07 3.2831e-07 3.3429e-07 3.3731e-07 2.9868e-07 3.0834e-07 3.2207e-07 3.81e-07 3.6778e-07 3.5927e-07 3.9076e-07 4.1586e-07 4.2372e-07 4.0355e-07 4.0983e-07 5.1633e-07 5.2276e-07 4.8467e-07 3.3869e-07 5.1439e-07 5.4675e-07 5.8679e-07 6.0615e-07 5.9532e-07 6.5094e-07 5.6663e-07 7.7882e-07 7.1219e-07 8.2116e-07 6.5551e-07 5.5896e-07 5.3646e-07 6.3155e-07 6.7818e-07 6.6577e-07 6.4622e-07 5.9257e-07 4.9477e-07 4.6256e-07 4.2959e-07 4.3346e-07 5.9932e-07 5.9213e-07 6.1906e-07 6.2379e-07 6.5286e-07 6.525e-07 7.8546e-07 8.1864e-07 7.912e-07 7.6605e-07 7.6735e-07 8.2574e-07 8.2892e-07 7.6825e-07 7.9757e-07 7.9262e-07 7.2406e-07 7.1758e-07 6.3665e-07 4.1249e-07 1.4042e-07 1.6808e-07 1.5974e-07 1.6689e-07 1.6121e-07 5.8507e-07 6.2944e-07 6.0741e-07 6.2117e-07 5.6924e-07 5.848e-07 6.1579e-07 6.26e-07 6.275e-07 6.4998e-07 6.9741e-07 7.4063e-07 7.6218e-07 7.8207e-07 8.4248e-07 8.6939e-07 8.5043e-07 7.2461e-07 5.814e-07 3.9835e-07 2.9616e-07 4.341e-07 6.4876e-07 9.6842e-07 9.6736e-07 1.0962e-06 1.1279e-06 1.1386e-06 1.1445e-06 1.0979e-06 1.0046e-06 7.8478e-07 7.8869e-07 9.0962e-07 9.9758e-07 1.0341e-06 1.0472e-06 1.0375e-06 1.0235e-06
8.7528e-07 8.4549e-07 8.4432e-07 7.838e-07 8.8929e-07 8.5924e-07 8.4045e-07 8.2041e-07 7.9873e-07 7.7446e-07 7.503e-07 7.2042e-07 6.538e-07 6.387e-07 7.2421e-07 7.2961e-07 7.1598e-07 6.9678e-07 6.7257e-07 6.5112e-07 6.3128e-07 6.1343e-07 6.061e-07 5.9035e-07 5.7573e-07 5.5532e-07 5.2916e-07 5.1715e-07 5.0747e-07 4.9438e-07 4.7748e-07 4.1783e-07 4.3121e-07 4.2133e-07 3.7938e-07 3.9675e-07 4.7797e-07 4.6239e-07 4.7275e-07 4.6334e-07 3.9476e-07 4.5182e-07 5.727e-07 5.5053e-07 6.1458e-07 6.6987e-07 6.4364e-07 5.7635e-07 5.5543e-07 6.0104e-07 5.4157e-07 5.8023e-07 4.9215e-07 1.8452e-07 2.7528e-07 2.1057e-07 1.2903e-07 2.9618e-07 1.4266e-07 1.7731e-07 2.9072e-07 2.4859e-07 2.2451e-07 2.3715e-07 2.371e-07 2.5548e-07 2.3661e-07 2.3327e-07 2.615e-07 2.9359e-07 2.5551e-07 3.1479e-07 3.8179e-07 3.7232e-07 3.6285e-07 3.5598e-07 3.7786e-07 3.7711e-07 3.8684e-07 3.7494e-07 2.1188e-07 4.0895e-07 4.7262e-07 4.9146e-07 5.013e-07 4.9264e-07 4.9822e-07 4.9365e-07 5.0424e-07 5.079e-07 5.1384e-07 5.0465e-07 5.4589e-07 6.1729e-07 6.9627e-07 8.1685e-07 1.0866e-06 1.3954e-06 1.0324e-06 9.7244e-07 7.7884e-07 6.4298e-07 6.6513e-07 6.1744e-07 4.9908e-07 4.2142e-07 3.691e-07 2.8382e-07 2.9683e-07 3.3929e-07 4.2072e-07 3.0658e-07 2.6665e-07 2.2168e-07 2.2574e-07 1.9793e-07 1.8752e-07 1.5899e-07 1.6722e-07 1.6866e-07 1.7632e-07 1.6149e-07 1.8222e-07 2.0737e-07 2.1231e-07 1.8792e-07 3.4258e-07 3.2909e-07 3.0192e-07 2.7507e-07 2.5312e-07 1.7345e-07 1.5382e-07 1.2271e-07 1.099e-07 1.1757e-07 1.2782e-07 3.4507e-07 6.7636e-07 7.593e-07 7.7834e-07 7.9478e-07 8.0154e-07 7.2685e-07 6.9042e-07 6.8245e-07 7.077e-07 6.4494e-07 6.0649e-07 5.7168e-07 5.1956e-07 4.8485e-07 4.3964e-07 5.2844e-07 4.8375e-07 3.9771e-07 3.4291e-07 4.6338e-07 5.2101e-07 5.0307e-07 3.1547e-07 3.7811e-07 5.0205e-07 5.0557e-07 4.4976e-07 4.6487e-07 3.1653e-07 5.5298e-07 8.6068e-07 1.0024e-06 9.9994e-07 9.3442e-07 8.6447e-07 7.5734e-07 6.2805e-07 9.0814e-07 8.5738e-07 8.569e-07 9.3919e-07 9.1331e-07
7.3514e-07 7.1506e-07 7.1051e-07 6.6562e-07 6.7257e-07 6.8901e-07 6.8751e-07 6.7173e-07 6.6396e-07 5.8688e-07 6.398e-07 6.0472e-07 5.8217e-07 5.7152e-07 5.3919e-07 4.9258e-07 5.3601e-07 4.4987e-07 5.6643e-07 4.6285e-07 5.0832e-07 4.9458e-07 5.0466e-07 3.2794e-07 1.8068e-07 5.4998e-07 3.7948e-07 2.0357e-07 2.8207e-07 2.4745e-07 2.7113e-07 2.697e-07 2.7935e-07 2.7289e-07 2.5643e-07 2.4822e-07 2.4745e-07 2.5268e-07 2.8709e-07 3.0035e-07 2.9727e-07 3.7944e-07 1.6768e-07 1.3348e-07 4.6959e-07 4.0091e-07 4.0642e-07 4.5657e-07 4.7469e-07 3.5086e-07 2.5337e-07 3.8924e-07 1.3542e-07 2.08e-07 1.8537e-07 1.1847e-07 4.2471e-08 4.652e-07 2.2896e-07 4.1098e-07 1.5841e-07 2.386e-07 4.6651e-07 3.0209e-07 2.9819e-07 1.9129e-07 1.7928e-07 2.0235e-07 2.1161e-07 2.2466e-07 2.4025e-07 2.3148e-07 2.389e-07 2.3524e-07 2.4491e-07 2.5694e-07 2.4765e-07 2.3253e-07 2.4619e-07 3.215e-07 2.8679e-07 2.2884e-07 3.269e-07 3.4028e-07 3.3156e-07 2.5401e-07 3.7807e-07 3.124e-07 3.7217e-07 3.6072e-07 3.4055e-07 3.8418e-07 4.0682e-07 5.1631e-07 8.3356e-07 8.322e-07 1.0056e-06 8.0782e-07 5.927e-07 4.7931e-07 5.0959e-07 4.0953e-07 3.9196e-07 3.6549e-07 3.3781e-07 2.5925e-07 3.229e-07 2.794e-07 3.6945e-07 2.7124e-07 4.2883e-07 3.1963e-07 3.8085e-07 3.8042e-07 5.1256e-07 5.5182e-07 2.7999e-07 2.1988e-07 1.3099e-07 1.1475e-07 9.8056e-08 1.0255e-07 9.4789e-08 1.0039e-07 8.6353e-08 9.706e-08 1.0994e-07 9.3855e-08 1.0054e-07 8.7397e-08 1.0709e-07 1.1314e-07 8.6621e-08 9.3075e-08 9.1844e-08 9.0779e-08 6.9934e-08 6.5244e-08 8.6284e-08 8.6651e-08 8.7619e-08 7.4415e-08 1.7557e-07 3.1256e-07 2.4088e-07 4.4001e-07 6.3553e-07 6.3313e-07 6.3073e-07 6.716e-07 6.4657e-07 6.0389e-07 4.4159e-07 4.8372e-08 9.9266e-08 4.1459e-07 4.8939e-07 2.8939e-07 7.3055e-07 7.1615e-07 4.7341e-07 6.8625e-07 8.0346e-07 8.5826e-07 8.8678e-07 8.3948e-07 8.9579e-07 7.2588e-07 8.274e-07 8.4309e-07 8.379e-07 8.1179e-07 7.5546e-07 8.7638e-07 9.1149e-07 8.5993e-07 8.164e-07 7.7317e-07 7.7145e-07 7.6471e-07
4.2905e-07 5.2888e-07 5.6048e-07 5.7132e-07 6.053e-07 5e-07 5.1629e-07 3.8892e-07 4.0642e-07 3.9275e-07 4.0407e-07 3.9735e-07 2.7761e-07 3.419e-07 3.6058e-07 3.4266e-07 3.0915e-07 3.1311e-07 2.6957e-07 3.1321e-07 3.3408e-07 3.1641e-07 3.3461e-07 2.9482e-07 3.2056e-07 2.7566e-07 2.0875e-07 1.8381e-07 2.3446e-07 1.9985e-07 2.1001e-07 2.0066e-07 1.9905e-07 2.0043e-07 2.017e-07 1.9664e-07 2.0892e-07 2.012e-07 2.0785e-07 2.0724e-07 2.1263e-07 2.0473e-07 2.2997e-07 2.7725e-07 2.9965e-07 3.7502e-07 5.6411e-07 3.0402e-07 6.019e-07 4.9988e-07 2.16e-07 2.896e-07 3.4622e-07 5.3943e-07 4.8669e-07 4.0675e-07 3.4102e-07 3.4859e-07 3.057e-07 3.2199e-07 2.2418e-07 1.6477e-07 2.2016e-07 2.0075e-07 1.4157e-07 1.336e-07 1.4241e-07 1.3092e-07 1.3106e-07 1.4346e-07 1.5519e-07 1.605e-07 1.7848e-07 1.7409e-07 1.8629e-07 1.8765e-07 1.9715e-07 2.3055e-07 3.0116e-07 2.9303e-07 3.1761e-07 3.6787e-07 3.8989e-07 4.4534e-07 3.5906e-07 2.9232e-07 3.4106e-07 3.2967e-07 4.0025e-07 3.5709e-07 3.5138e-07 3.7205e-07 4.9897e-07 5.5843e-07 6.0828e-07 6.7582e-07 8.6786e-07 1.0327e-06 5.7435e-07 1.6475e-07 5.7455e-08 9.4347e-09 4.7382e-09 3.921e-07 2.9936e-07 3.4642e-07 3.3441e-07 2.7127e-07 3.6379e-07 2.5182e-07 3.4356e-07 3.5665e-07 3.8119e-07 2.2487e-07 1.1245e-07 1.7169e-07 3.5996e-07 4.0929e-07 5.6541e-07 6.5589e-07 6.9645e-07 8.5117e-07 9.0835e-07 6.8381e-07 4.2199e-07 2.6548e-07 1.744e-07 1.8109e-07 2.1314e-07 2.8099e-07 4.8459e-07 2.2973e-07 1.6362e-07 4.3671e-07 2.3904e-07 1.6943e-07 7.9504e-08 1.0862e-07 1.8176e-07 2.1202e-07 3.3427e-07 3.2802e-07 3.9906e-07 2.3046e-07 5.8394e-08 7.2559e-08 1.213e-07 1.5936e-07 3.7847e-07 3.7021e-07 3.5099e-07 6.4303e-07 3.8312e-07 2.7756e-07 2.7541e-07 5.7589e-07 7.1748e-07 6.8097e-07 7.6755e-07 7.4911e-07 7.087e-07 7.7392e-07 7.7687e-07 6.7374e-07 7.2359e-07 7.4301e-07 6.9036e-07 6.4802e-07 6.2871e-07 6.3726e-07 6.7573e-07 6.3743e-07 5.5252e-07 6.7794e-07 6.6888e-07 6.442e-07 5.6536e-07 5.0433e-07 4.6848e-07 5.3863e-07
3.5485e-07 3.1998e-07 4.0018e-07 3.5158e-07 4.1085e-07 4.1775e-07 3.7539e-07 1.3409e-07 3.0128e-07 3.2905e-07 4.274e-08 -3.9572e-08 2.5904e-07 2.1822e-07 2.1359e-07 1.7716e-07 2.458e-07 2.0819e-07 2.0772e-07 2.6493e-07 2.6367e-07 1.8636e-07 1.8686e-07 1.3849e-07 1.8371e-07 1.6077e-07 1.4657e-07 1.3877e-07 1.4717e-07 1.5694e-07 1.5586e-07 1.6202e-07 1.5033e-07 1.6137e-07 2.9536e-07 1.8216e-07 1.8037e-07 1.8597e-07 1.9477e-07 1.9649e-07 2.1433e-07 2.3072e-07 2.2806e-07 2.2541e-07 2.1202e-07 1.9443e-07 2.2054e-07 2.4911e-07 3.1202e-07 3.5084e-07 3.0817e-07 4.9443e-07 5.4956e-07 4.1589e-07 2.3689e-07 2.1066e-07 2.3412e-07 1.3099e-07 8.7651e-08 7.8677e-08 6.937e-08 7.476e-08 8.9566e-08 1.0451e-07 1.1369e-07 1.1577e-07 1.2603e-07 1.9004e-07 1.2974e-07 1.6301e-07 2.1089e-07 2.5997e-07 2.7149e-07 3.2763e-07 3.4739e-07 3.2161e-07 3.5361e-07 2.9255e-07 3.5175e-07 3.4357e-07 3.2014e-07 3.0325e-07 2.7083e-07 3.3867e-07 2.262e-07 3.0599e-07 3.076e-07 2.5494e-07 3.1299e-07 3.1313e-07 3.4507e-07 4.4981e-07 4.9579e-07 3.8671e-07 3.3697e-07 3.2969e-07 3.2753e-07 3.2471e-07 3.0163e-07 3.4585e-07 4.0305e-07 3.6554e-07 3.6383e-07 3.8255e-07 2.8082e-07 2.6261e-07 2.6081e-07 3.112e-07 3.2364e-07 3.621e-07 3.9212e-07 4.5046e-07 6.1467e-07 5.1603e-07 4.8086e-07 6.777e-07 5.3153e-07 5.8523e-07 6.695e-07 6.0768e-07 7.0154e-07 7.2803e-07 4.596e-07 3.4413e-07 4.011e-07 3.6826e-07 5.1806e-08 5.5057e-07 4.8183e-07 4.7802e-07 4.3423e-07 2.5672e-07 2.9519e-07 3.452e-07 3.6727e-07 4.3218e-07 3.23e-07 6.8036e-07 8.2119e-07 9.862e-07 1.0161e-06 7.6863e-07 1.6817e-08 5.9208e-08 2.8451e-08 4.092e-07 1.8585e-07 3.7913e-07 1.3881e-07 5.0992e-08 9.3342e-08 1.1581e-07 1.3886e-07 1.3132e-07 9.6019e-08 4.606e-07 8.5483e-07 8.7101e-07 8.7723e-07 8.7182e-07 8.8142e-07 8.1745e-07 5.6311e-07 6.0511e-07 5.3167e-07 7.6635e-07 7.3812e-07 6.6534e-07 6.3471e-07 6.3774e-07 6.0914e-07 6.0666e-07 5.9341e-07 5.0388e-07 4.9949e-07 4.7045e-07 4.2269e-07 4.3992e-07 4.2008e-07 4.0016e-07
1.4799e-08 3.6171e-07 1.5203e-07 1.5508e-07 1.9239e-07 2.9105e-07 5.9368e-08 1.5427e-07 1.4701e-07 1.5258e-07 2.9098e-07 4.0831e-07 4.1029e-08 3.0754e-07 2.1157e-07 1.5442e-07 1.6818e-07 1.7033e-07 1.9067e-07 2.2918e-07 2.7844e-07 3.9277e-07 6.8217e-08 4.6191e-07 3.7647e-07 1.0282e-07 1.8158e-07 1.8853e-07 1.801e-07 1.6323e-07 1.5634e-07 1.5744e-07 1.261e-07 2.3907e-07 2.5426e-07 3.6633e-07 2.9242e-07 1.7559e-07 2.1178e-07 1.9418e-07 1.9469e-07 1.8464e-07 2.1353e-07 1.9765e-07 1.8644e-07 1.8761e-07 1.8471e-07 2.6287e-07 7.6709e-08 -1.2467e-07 -1.2293e-07 -1.4561e-07 -1.3895e-07 2.4744e-07 9.4816e-08 9.4816e-08 4.7541e-08 3.4866e-08 2.9278e-08 2.3683e-08 2.1917e-08 2.8473e-08 4.606e-08 7.1764e-08 6.1758e-08 1.7574e-07 1.3102e-07 7.735e-08 7.1465e-08 7.1844e-08 8.8123e-08 1.6943e-07 2.3595e-07 1.9314e-07 2.3994e-07 2.815e-07 3.0912e-07 2.7011e-07 2.0188e-07 3.247e-07 3.2173e-07 3.1934e-07 3.0565e-07 2.0093e-07 2.5508e-07 1.7565e-07 1.3077e-07 1.4367e-07 1.8072e-07 1.6448e-07 2.8072e-07 2.9315e-07 4.1562e-07 2.8616e-07 2.9486e-07 2.6031e-07 2.0406e-07 1.9671e-07 1.9842e-07 2.0659e-07 1.9403e-07 1.9191e-07 1.6463e-07 1.8133e-07 2.0818e-07 2.3048e-07 1.8555e-07 3.3655e-07 3.6193e-07 4.1425e-07 5.7128e-07 7.0979e-07 6.0657e-07 4.4547e-07 2.9516e-07 3.9382e-07 3.2521e-07 3.6557e-07 3.3041e-07 4.5376e-07 4.0459e-07 5.4557e-07 6.2165e-07 6.5099e-07 5.2585e-07 5.3907e-07 4.1782e-07 4.0852e-07 3.1574e-07 3.275e-07 3.4225e-07 3.0299e-07 2.8874e-07 2.5773e-07 2.2583e-07 2.2014e-07 2.2603e-07 1.8214e-07 2.9337e-07 4.1761e-07 2.6547e-07 7.691e-07 7.0636e-07 4.7303e-07 4.3538e-07 4.124e-07 3.8544e-07 2.8302e-07 2.5882e-08 1.6677e-07 2.4838e-07 5.228e-07 2.4529e-07 1.2591e-07 4.0804e-08 4.8667e-09 1.6623e-07 5.0869e-07 8.4966e-07 6.8287e-07 7.7785e-07 6.6041e-07 4.7432e-07 4.2933e-07 6.985e-07 5.8805e-07 4.2519e-07 3.765e-07 4.2688e-07 2.9656e-07 5.2142e-08 1.2631e-07 2.4715e-07 2.9265e-07 2.8646e-07 3.0553e-07 2.4967e-07 3.1193e-07 2.9276e-07 3.5595e-08
6.7815e-08 5.7859e-08 2.9941e-08 1.3673e-08 -4.6268e-09 -4.6438e-08 -7.7193e-08 -6.0024e-08 -6.2497e-08 -6.6926e-08 -6.5982e-08 1.0865e-07 3.0836e-07 4.1148e-07 6.4197e-07 6.3559e-07 3.9866e-07 3.4398e-07 1.337e-08 2.6876e-07 2.4394e-07 3.0027e-07 3.6921e-07 3.4113e-07 -1.4103e-07 1.3424e-07 1.5425e-07 1.4732e-07 1.8221e-07 2.4954e-07 2.2212e-07 2.5248e-07 2.5623e-07 1.9477e-07 2.2101e-07 2.3379e-07 2.5797e-07 1.6004e-07 2.096e-07 2.0253e-07 1.6279e-07 2.1286e-07 1.6856e-07 1.9808e-07 1.829e-07 1.7202e-07 2.5952e-07 3.2156e-07 3.01e-07 3.8185e-09 -1.2928e-07 -1.1171e-07 -1.5885e-07 3.2514e-07 5.9447e-08 2.169e-08 8.428e-09 -6.5793e-09 1.2083e-08 6.6182e-09 -1.1617e-08 7.4445e-08 1.1122e-07 7.714e-08 4.5215e-08 2.6436e-08 9.5911e-10 6.4285e-08 6.0361e-08 3.3562e-07 2.42e-07 1.7968e-07 2.2756e-07 1.7439e-07 2.7008e-07 1.971e-07 2.5633e-07 4.1995e-07 4.9294e-07 5.4526e-07 5.788e-07 2.3171e-07 2.5766e-07 2.6381e-07 2.0209e-07 1.9834e-07 1.5301e-07 2.1621e-07 1.3129e-07 1.8388e-07 3.1359e-08 6.4702e-08 1.908e-07 1.6282e-07 1.6648e-07 2.1868e-07 2.4308e-07 4.4712e-07 2.4846e-07 1.6209e-07 1.1558e-07 2.0336e-07 1.8857e-07 1.8575e-07 1.933e-07 1.7805e-07 2.9047e-07 5.9166e-07 4.8589e-07 3.7146e-07 3.5845e-07 3.2108e-07 3.1729e-07 2.592e-07 2.5122e-07 2.8039e-07 1.975e-07 2.5459e-07 2.1475e-07 1.8754e-07 2.1225e-07 1.4904e-07 1.3979e-07 2.0331e-07 1.1595e-07 2.6404e-07 4.7234e-07 3.9749e-07 2.1181e-08 2.2215e-08 3.2418e-07 2.6252e-07 3.2577e-07 7.0813e-07 4.3031e-07 3.6593e-07 3.3387e-07 4.6585e-07 5.9935e-07 4.7598e-07 2.9092e-07 5.1872e-07 2.224e-07 2.0087e-07 1.1646e-07 1.0733e-07 1.1808e-07 2.0854e-07 2.0493e-07 1.4245e-07 6.7742e-08 9.6796e-08 2.8635e-08 8.1036e-08 -1.0842e-07 -1.4072e-07 -1.2737e-07 -5.5984e-08 2.6067e-08 1.0743e-07 3.5259e-08 8.941e-08 1.5028e-07 5.4036e-08 5.8961e-09 2.4182e-08 2.5649e-08 7.2248e-08 1.139e-07 -3.0235e-08 9.5641e-08 1.0528e-08 4.0241e-08 3.0719e-08 1.8488e-07 1.8538e-07 1.6729e-07 1.3483e-07 2.4972e-07 6.2751e-08
2.5406e-07 2.3398e-07 1.2803e-07 5.5375e-08 1.7955e-07 -1.5728e-07 -1.3758e-07 -6.0364e-08 -9.3806e-08 -8.7004e-08 -7.5892e-08 -2.9937e-08 1.3638e-07 1.0098e-07 2.1531e-07 1.3286e-07 5.4619e-07 4.8213e-07 3.2934e-07 2.0646e-07 1.0158e-07 1.6887e-07 2.3337e-07 2.4095e-07 3.2306e-07 9.8226e-08 1.9109e-07 1.4147e-07 2.6181e-07 5.3042e-08 3.7554e-07 3.4802e-07 3.7781e-07 2.8749e-07 2.7311e-07 2.4331e-07 1.6215e-07 1.539e-07 1.2429e-07 1.2454e-07 9.7269e-08 1.2477e-07 1.3352e-07 1.1608e-07 1.1343e-07 -7.6201e-08 1.7174e-07 8.4013e-08 8.1213e-08 8.7608e-08 7.4246e-08 3.7381e-08 3.5881e-08 7.5655e-09 2.743e-09 1.8675e-08 9.4414e-09 2.9901e-09 5.7794e-08 5.8463e-08 1.131e-07 8.2043e-09 1.9122e-08 -2.0883e-08 1.6368e-08 7.3473e-08 2.5754e-07 2.4814e-07 2.3086e-07 2.3306e-07 2.5001e-07 1.961e-07 2.1395e-07 1.544e-07 1.2198e-07 6.0871e-08 9.8554e-08 2.9249e-07 4.6986e-07 3.79e-07 3.3254e-07 1.7738e-07 1.6096e-07 3.1306e-07 3.2658e-07 4.0184e-07 3.7743e-07 3.9323e-07 3.0437e-07 2.1601e-07 2.078e-07 1.6893e-07 4.2782e-07 1.5755e-07 1.3391e-07 1.5824e-07 1.1599e-07 1.1726e-07 1.2384e-07 1.0802e-07 1.2457e-07 1.3539e-07 1.1528e-07 1.3946e-07 2.0782e-07 3.0184e-07 5.4928e-07 1.6895e-07 1.1091e-07 1.4612e-07 2.0337e-07 2.627e-07 2.2882e-07 2.6645e-07 2.2086e-07 3.7616e-07 3.903e-07 2.0866e-07 9.3456e-08 3.6987e-08 -1.1881e-08 2.5536e-08 1.5251e-08 -5.6944e-09 -1.9009e-09 2.1183e-08 1.2361e-07 2.5564e-07 3.4749e-07 3.4019e-07 1.768e-07 2.2838e-07 2.4185e-07 2.196e-07 -2.1393e-08 2.7542e-07 7.5004e-07 6.1513e-07 5.5099e-07 5.2483e-07 4.5521e-07 4.5583e-07 5.8564e-07 5.4149e-07 3.6252e-07 2.1407e-07 1.7559e-07 2.5453e-07 9.9464e-08 8.1764e-08 8.1972e-08 5.8727e-08 2.0176e-07 7.8586e-07 8.6614e-08 -1.0426e-07 -6.6792e-08 5.5929e-07 -1.0419e-07 -8.4139e-08 -6.7843e-08 -1.1692e-08 8.0323e-09 2.9605e-08 9.8831e-08 1.7992e-07 2.5145e-07 2.1057e-07 4.6822e-07 5.6084e-07 2.3965e-07 4.7096e-08 7.5998e-08 1.3091e-07 1.7448e-07 2.2173e-07 2.5243e-07 2.813e-07 2.0987e-07 2.1028e-07
-1.1764e-07 2.7344e-07 3.5623e-07 1.3306e-07 1.2519e-07 9.4022e-08 8.4557e-08 -8.6185e-08 -6.7748e-08 -9.155e-08 -9.9358e-08 -9.7952e-08 -6.3425e-08 -3.6777e-08 6.0759e-08 1.4627e-07 2.4e-07 3.8309e-07 4.108e-07 5.0634e-07 5.111e-07 6.0051e-07 4.8955e-07 4.7886e-07 3.555e-07 3.6669e-07 4.0458e-07 4.3123e-07 2.3563e-07 5.1803e-07 5.1454e-07 4.8049e-07 2.7442e-07 -9.871e-08 3.4367e-07 2.6806e-07 2.616e-07 -3.5422e-09 1.4415e-07 1.3479e-07 1.0622e-07 1.0937e-07 1.2036e-07 1.1516e-07 1.1111e-07 9.6704e-08 1.0815e-07 7.712e-08 7.3954e-08 8.9411e-08 7.8741e-08 5.2051e-08 4.1492e-08 4.043e-08 6.061e-08 1.8796e-08 -1.9949e-08 1.2254e-08 -6.3363e-09 1.6854e-08 1.6933e-07 5.928e-08 -2.994e-10 1.4132e-09 6.4228e-08 1.0971e-07 -1.7424e-07 -1.7562e-07 -1.5607e-07 2.2511e-07 1.7892e-07 1.643e-07 1.4838e-07 9.2e-08 4.8616e-08 1.5754e-07 2.6495e-07 4.4389e-07 4.206e-07 5.321e-07 4.2422e-07 4.1717e-07 2.7527e-07 3.1451e-07 2.119e-07 2.4572e-07 2.0859e-07 2.0262e-07 2.0662e-07 2.0753e-07 1.938e-07 1.4491e-07 1.701e-07 1.2707e-07 1.4348e-07 1.0732e-07 1.4223e-07 1.5682e-07 1.4534e-07 2.0798e-07 1.94e-07 4.3053e-07 5.0014e-07 4.8416e-07 6.0351e-07 4.151e-07 1.7355e-08 -1.0035e-07 -8.805e-08 9.4247e-09 4.3792e-08 1.6557e-07 1.5506e-07 2.6255e-07 2.0928e-07 2.429e-07 1.2585e-07 7.5009e-08 7.0089e-09 -2.626e-09 3.7265e-09 6.8128e-09 -9.308e-09 -6.8921e-09 1.1781e-08 -4.5345e-08 -4.228e-08 -7.3031e-08 -7.6372e-08 4.3129e-08 2.5793e-07 4.6953e-07 2.7402e-07 2.1226e-07 4.5946e-07 5.24e-07 5.6668e-07 7.0503e-07 5.0813e-07 7.8576e-07 6.9035e-07 5.4598e-07 5.3636e-07 2.1995e-07 3.2877e-07 3.4808e-07 5.0758e-07 3.947e-07 2.4961e-07 1.4813e-07 5.9061e-08 -3.0992e-10 9.9569e-08 4.8773e-08 1.4894e-08 4.4786e-09 -3.2618e-09 -1.7797e-08 8.0139e-08 3.1469e-08 4.8717e-08 3.3892e-08 8.9241e-08 1.5185e-07 7.6734e-08 9.1989e-08 9.1282e-08 9.5204e-08 1.1166e-07 2.3929e-07 5.4145e-08 1.2183e-07 1.3958e-07 2.0012e-07 3.4397e-07 1.4367e-07 3.6221e-07 3.7182e-07 3.5069e-07 1.9984e-07
2.4221e-07 3.6483e-07 4.6986e-07 3.2446e-07 3.0941e-07 5.0841e-08 4.89e-09 -9.0605e-08 -5.9291e-08 -7.2321e-08 -6.7855e-08 -9.1276e-08 -9.2619e-08 -9.2774e-08 -7.2763e-08 -3.0428e-08 3.8669e-09 1.974e-08 4.8155e-08 1.3922e-07 2.9171e-07 3.3358e-07 3.0933e-07 3.8069e-07 2.6369e-07 2.9064e-07 3.9522e-07 1.2151e-07 1.8507e-07 3.8489e-07 4.5666e-07 3.5516e-07 4.2633e-07 3.4435e-07 2.8189e-07 2.4135e-07 2.335e-07 2.1042e-07 2.0143e-07 1.3604e-07 1.296e-07 1.005e-07 9.1001e-08 8.9243e-08 6.5097e-08 5.6107e-08 6.4545e-08 6.7704e-08 6.1118e-08 6.4073e-08 9.4035e-08 1.2015e-07 1.4084e-07 1.0236e-07 6.2699e-08 2.735e-08 2.6937e-08 2.444e-08 5.6773e-08 3.1486e-07 -4.7322e-08 -1.9243e-08 -5.8041e-08 -1.0336e-07 6.1213e-08 -3.4904e-08 -7.0253e-08 -8.0767e-08 1.3064e-07 1.5524e-07 8.8727e-08 1.2834e-07 1.077e-07 6.986e-08 1.352e-08 4.5702e-08 1.8521e-07 2.4413e-07 3.6927e-07 4.839e-07 4.7941e-07 3.7668e-07 1.0201e-07 2.7228e-07 2.1636e-07 2.041e-07 2.0707e-07 2.3115e-07 3.1119e-07 1.9161e-07 1.9051e-07 1.7981e-07 1.9587e-07 1.4325e-07 1.9737e-07 1.3176e-07 5.9543e-08 1.0857e-07 1.8738e-07 1.6465e-07 2.4121e-07 2.305e-07 2.7101e-07 3.0556e-07 4.3248e-07 3.2791e-07 3.7741e-07 2.9001e-07 2.5255e-07 2.891e-07 3.0084e-07 3.3971e-07 3.0275e-07 1.1065e-07 4.245e-08 -8.3863e-08 -7.6073e-08 -2.9348e-08 1.3311e-08 4.0914e-08 3.8551e-08 -9.6182e-09 -5.0022e-08 -4.1454e-08 -7.174e-08 -5.9339e-08 -5.0254e-08 -6.3227e-08 -6.1643e-08 -8.5648e-08 1.7841e-07 1.9892e-07 2.1577e-07 2.537e-07 -1.274e-07 4.1635e-07 4.3455e-07 3.9359e-07 2.3034e-07 6.2895e-07 6.4284e-07 6.3724e-07 4.6998e-07 4.5576e-07 4.3741e-07 5.8197e-07 6.2951e-07 2.1855e-07 2.9908e-07 4.1333e-07 1.1545e-07 1.7227e-07 1.9973e-07 5.8853e-08 6.8284e-08 5.2603e-07 3.2296e-07 2.6119e-07 8.4842e-08 1.7435e-07 3.5899e-07 3.0995e-07 7.6081e-08 1.9436e-07 1.1646e-07 4.9542e-08 9.0674e-08 6.5125e-08 7.6595e-08 8.5872e-08 1.8271e-07 2.1526e-07 2.6878e-07 4.7032e-07 1.5925e-07 9.3454e-08 2.2083e-07 2.7236e-07 3.9319e-07 4.2818e-07
2.496e-07 2.5865e-07 1.1977e-07 3.4427e-07 4.3372e-07 2.8116e-07 1.1691e-07 7.3212e-08 3.9114e-09 2.6949e-08 -4.2413e-08 -3.1276e-09 -1.0401e-07 -5.5325e-08 -6.0405e-08 -2.8951e-08 -4.549e-08 -5.3573e-08 -3.4551e-08 9.102e-08 2.5755e-07 2.6741e-07 3.5569e-07 3.2309e-07 3.5219e-07 3.0418e-07 3.0224e-07 3.6304e-07 3.8242e-07 3.5651e-07 3.7639e-07 3.2767e-07 2.4996e-07 2.4485e-07 2.5597e-07 3.2989e-07 3.9038e-07 2.7403e-07 1.5085e-07 2.3421e-07 9.872e-08 1.9778e-07 2.5712e-07 1.3549e-07 1.2037e-07 1.2157e-07 1.8874e-07 9.6e-08 1.1825e-07 1.2072e-07 1.8973e-07 1.5804e-07 3.4207e-08 -5.8198e-08 2.0659e-08 2.5544e-07 1.1302e-07 -3.4236e-08 2.2717e-09 -9.8174e-09 6.5941e-09 1.1094e-08 -2.424e-08 -7.6484e-08 -1.4211e-07 -1.006e-07 7.9319e-08 -1.1319e-07 1.2447e-07 -2.2471e-08 4.5446e-08 1.0701e-07 9.2688e-08 1.327e-07 1.004e-07 -3.203e-08 -6.6991e-08 -4.1111e-08 -1.7823e-08 9.0067e-08 1.516e-07 2.7635e-07 2.4353e-07 2.5242e-07 2.4693e-07 2.288e-07 1.8975e-07 1.9041e-07 1.88e-07 2.0238e-07 2.0808e-07 2.025e-07 1.6813e-07 1.9082e-07 1.7457e-07 2.3211e-07 1.8709e-07 1.6549e-07 2.1238e-07 1.3683e-07 1.2678e-07 2.1474e-07 1.9241e-07 1.344e-07 1.7986e-07 2.5608e-07 3.2298e-07 4.0059e-07 3.8706e-07 4.5954e-07 2.8298e-07 2.4222e-07 1.3291e-07 -3.0326e-08 -1.2045e-07 -1.3172e-07 -1.3724e-07 -9.3885e-08 -4.868e-08 -2.8639e-08 -1.7001e-08 -7.6117e-09 -2.4181e-08 -3.5901e-08 -8.78e-08 -1.0295e-07 -7.9628e-08 -7.0456e-08 -7.6947e-08 -8.3618e-08 -3.6307e-08 1.2494e-07 1.606e-07 8.3728e-08 2.1015e-07 3.6306e-07 4.5977e-07 4.0306e-07 4.5538e-07 7.1841e-07 1.3801e-07 5.3652e-07 3.3332e-07 3.6477e-07 3.7665e-07 4.7994e-07 5.3846e-07 6.0559e-07 7.0084e-07 5.2062e-07 3.6583e-07 2.1995e-07 3.0563e-07 2.8657e-07 1.7748e-07 7.2383e-08 -8.765e-10 -8.4466e-09 6.8891e-08 1.0651e-07 2.6576e-07 2.3277e-07 1.7207e-07 1.8218e-07 2.1362e-07 5.1835e-07 5.3156e-07 4.0208e-07 2.3506e-07 1.4207e-07 1.0079e-07 7.9915e-08 1.3413e-07 5.6918e-08 6.7805e-08 3.5106e-07 2.0374e-07 1.7105e-07 1.8938e-07 6.7485e-08
2.2883e-08 2.8169e-07 4.6044e-07 2.5929e-07 1.572e-07 9.4751e-08 1.0045e-07 3.109e-07 2.6847e-07 1.9572e-07 3.4878e-07 2.6841e-07 8.0609e-08 2.7118e-07 -1.6619e-07 2.4237e-07 1.1656e-07 1.3007e-07 -4.4196e-08 6.2087e-08 8.8169e-08 1.0285e-07 9.041e-08 2.9049e-07 3.4437e-07 4.2468e-07 3.7526e-08 1.9061e-07 3.5444e-07 3.2657e-07 1.7691e-07 8.0297e-08 7.036e-08 1.0257e-07 9.1846e-08 1.8217e-07 3.236e-07 2.5927e-07 2.8671e-07 2.9603e-07 1.5414e-07 3.8289e-07 2.3482e-07 1.1669e-07 2.2183e-07 5.4704e-07 6.399e-08 1.7231e-08 3.9291e-09 1.8005e-08 2.6485e-08 -1.1393e-08 -6.471e-09 8.9719e-08 2.1073e-07 -5.9509e-08 -6.0225e-08 -4.0903e-09 -6.3018e-08 -5.9293e-08 -4.6329e-08 5.9549e-10 -3.732e-08 -5.3712e-08 -1.1031e-07 -1.645e-07 -1.2491e-07 1.6206e-08 -1.3574e-07 -1.3926e-07 -1.0083e-07 -3.2986e-08 2.1965e-07 -2.6948e-08 -7.6928e-08 5e-08 9.5421e-08 6.6719e-08 1.1282e-07 2.0542e-07 5.0049e-07 4.9013e-07 2.5475e-07 1.6455e-07 2.4561e-07 2.7192e-07 3.1353e-07 2.0691e-07 1.7326e-07 1.8408e-07 1.651e-07 1.923e-07 1.8647e-07 1.3256e-07 1.6353e-07 1.4353e-07 1.5816e-07 2.1317e-07 1.713e-07 1.3523e-07 1.088e-07 1.5613e-07 1.8025e-07 1.8316e-07 3.6543e-07 1.7732e-07 2.0577e-07 1.9622e-07 1.8831e-07 1.4754e-07 1.0833e-07 8.3326e-08 4.9292e-08 -6.8404e-09 -7.3696e-08 -9.3743e-08 2.6261e-08 4.1427e-08 3.0358e-08 9.7983e-08 -1.7281e-07 -9.8988e-08 6.968e-08 -7.9722e-10 -5.2698e-08 -7.2946e-08 -1.1133e-07 -1.2639e-07 -6.4474e-08 -1.2221e-07 -1.647e-07 -1.2868e-07 5.0506e-07 -8.6383e-08 -4.6786e-08 1.6863e-08 3.8062e-07 3.2274e-07 3.3123e-07 1.8258e-07 4.6774e-07 5.0167e-07 5.3799e-07 4.9987e-07 4.7485e-07 5.0842e-07 5.0785e-07 5.9094e-07 4.9427e-07 5.1882e-07 4.1692e-07 4.1923e-07 3.9805e-07 3.6448e-07 3.4773e-07 3.0346e-08 -1.1964e-07 -9.5393e-08 -9.2166e-08 -5.9512e-08 -1.095e-08 5.8424e-08 1.2208e-07 1.9641e-07 2.1867e-07 3.386e-07 4.7424e-07 3.7476e-07 3.5348e-07 6.9551e-07 4.2185e-07 1.7865e-07 1.3489e-07 2.1666e-07 5.5022e-07 4.0988e-07 3.5063e-07 7.2391e-08 5.8433e-08 6.6041e-08
-1.2431e-08 1.3373e-07 1.8912e-07 9.6485e-08 1.0213e-07 1.5568e-07 5.6985e-07 3.335e-07 2.6941e-07 3.3642e-07 1.7175e-07 3.3853e-07 2.6489e-07 5.426e-07 2.073e-07 2.8416e-08 1.5558e-07 1.0962e-07 1.9997e-07 1.0053e-07 6.474e-08 5.842e-08 1.4507e-07 1.9062e-07 4.6299e-07 3.2202e-07 2.6042e-07 2.377e-07 1.031e-07 3.1735e-07 2.379e-07 3.993e-08 1.6272e-08 1.0324e-07 9.8744e-09 9.6023e-08 2.5701e-07 4.281e-07 4.8329e-07 4.3292e-07 3.3336e-07 1.4022e-07 4.4494e-08 5.0628e-08 7.0516e-08 1.6999e-07 2.0802e-08 -1.9529e-08 -6.5249e-08 -6.2182e-08 -6.5242e-08 -6.6597e-08 -7.6077e-08 -8.1847e-08 -1.5476e-08 3.8966e-08 1.9221e-09 5.0305e-08 -3.6129e-08 -6.8435e-08 5.3197e-09 8.8659e-08 -1.5535e-07 -1.0855e-07 1.8321e-08 -1.6882e-07 -2.3193e-08 -8.3047e-08 -1.3625e-07 2.3135e-07 1.3622e-07 -9.6144e-08 -1.7504e-07 -2.7989e-09 -1.2287e-07 3.2068e-08 2.0743e-08 1.2169e-07 2.0683e-07 2.0697e-07 3.9959e-07 3.5536e-07 2.5226e-07 3.2891e-07 3.116e-07 1.7331e-07 2.2797e-07 2.374e-07 1.1636e-07 5.1521e-07 2.1715e-07 1.435e-07 1.2066e-07 1.5483e-07 -6.5325e-10 2.1308e-07 2.3835e-07 2.2972e-07 -5.92e-08 2.471e-07 2.7554e-07 1.425e-07 1.9038e-07 1.7965e-07 1.5389e-07 1.3594e-07 1.4234e-07 1.6217e-07 1.6692e-07 6.409e-08 3.5409e-08 -2.24e-08 -4.1444e-08 -4.4958e-08 -5.6588e-09 9.1671e-08 7.3552e-08 4.5591e-08 1.4955e-07 2.9003e-07 2.7282e-07 2.5828e-07 4.8835e-08 -5.8789e-08 -1.3806e-07 -1.5566e-07 -1.6509e-07 -1.5539e-07 -1.6664e-07 -1.7818e-07 -1.5787e-07 -1.5304e-07 -1.0629e-07 -6.5362e-08 -8.9007e-08 -1.1929e-08 1.2705e-07 5.1955e-07 7.0887e-07 5.9816e-07 -3.7257e-08 4.9719e-09 7.1068e-07 7.0378e-07 1.9696e-07 5.8135e-07 5.2722e-07 7.6922e-07 5.4029e-07 3.9623e-07 5.5577e-07 5.1987e-07 3.4432e-07 1.3588e-07 5.3448e-08 -5.136e-09 -5.3172e-08 -3.8427e-08 -6.4737e-08 -6.2702e-08 -5.6338e-08 -3.6299e-08 -2.5604e-09 4.4707e-08 1.7385e-07 2.8049e-07 3.9203e-07 4.1635e-07 3.4607e-07 4.2083e-07 9.7683e-08 6.4252e-07 3.6487e-07 2.9683e-07 3.9104e-07 1.7544e-07 9.8501e-08 1.5699e-07 7.0465e-08 2.6694e-08
3.355e-08 2.4015e-08 -2.8127e-08 -8.9941e-08 2.5057e-08 4.0656e-07 2.7585e-07 3.341e-07 4.7807e-07 4.5664e-07 4.1983e-07 -6.7912e-08 4.3554e-07 3.8829e-07 5.1852e-07 4.9049e-07 2.624e-07 1.0866e-07 2.551e-07 3.0187e-07 -4.8697e-08 2.8185e-07 2.6847e-07 2.7347e-07 5.2524e-07 3.0329e-07 2.1844e-07 2.2465e-07 2.3197e-07 5.0043e-07 6.8431e-07 3.6375e-08 1.0425e-07 7.7141e-08 8.6394e-08 1.4225e-07 9.3301e-08 3.0885e-07 3.7577e-07 3.5359e-07 4.2537e-07 2.246e-07 1.5174e-07 1.0843e-07 8.1537e-08 1.6508e-07 3.085e-07 3.2737e-07 5.9705e-08 -6.661e-08 -7.4821e-08 -8.8828e-08 -5.4206e-08 -4.6016e-08 1.4636e-08 1.8127e-07 2.6159e-07 2.5254e-07 3.2753e-07 3.6707e-07 1.3686e-07 -1.7555e-07 -9.2273e-09 1.3798e-07 -1.7313e-07 -1.7826e-07 -1.7809e-07 -1.1601e-07 -3.7619e-08 5.2749e-07 -1.6502e-07 -7.8091e-08 1.4472e-07 -2.4445e-08 8.1456e-08 -1.2589e-07 -1.6397e-07 -1.1631e-07 -4.9827e-08 -1.7066e-07 -1.7233e-07 3.5188e-09 2.2012e-07 1.9512e-07 1.1772e-07 2.1122e-07 1.9211e-07 2.7533e-07 2.9343e-07 1.8522e-07 1.6456e-07 1.38e-07 2.2997e-07 3.3278e-07 3.3302e-07 3.54e-07 3.4851e-07 3.1549e-07 1.7944e-07 3.1906e-07 4.0951e-07 3.5969e-07 3.6512e-07 3.3829e-07 3.4295e-07 1.4113e-07 1.2513e-07 7.0093e-08 2.2407e-08 -1.8252e-08 -5.3629e-08 -8.6392e-08 -1.1612e-07 -1.3678e-07 -1.1236e-07 -5.8788e-08 -8.6993e-08 -9.044e-08 -1.1909e-07 -6.1774e-08 -4.2399e-08 -8.7968e-08 -1.599e-07 -1.789e-07 -1.6487e-07 -1.6654e-07 -1.6339e-07 -1.6478e-07 -1.6415e-07 -1.2297e-07 -1.7858e-07 -1.7248e-07 -1.5095e-07 -1.7335e-07 -1.5985e-07 -1.4727e-07 -1.3604e-07 -1.9619e-08 5.516e-07 1.9231e-07 -5.9303e-08 -1.3413e-07 4.9643e-07 4.3517e-07 2.5317e-07 3.1263e-07 4.4602e-07 5.2536e-07 5.3231e-07 3.9531e-07 2.3802e-07 1.8162e-07 1.4101e-07 2.248e-07 6.2133e-08 1.5017e-07 4.7875e-09 1.6332e-07 4.2929e-07 3.414e-07 -1.6528e-08 -4.2318e-08 -2.2741e-08 6.213e-08 1.9424e-07 2.9331e-07 3.786e-07 3.7924e-07 3.4319e-07 3.7906e-07 4.9238e-07 5.4011e-07 3.6972e-07 3.4029e-07 3.8557e-08 3.5114e-07 3.4584e-07 3.0465e-07 2.0701e-07 4.6083e-08
8.5631e-09 -6.0996e-10 -3.4056e-08 -5.7468e-08 1.1347e-07 1.317e-07 1.5662e-07 2.9097e-07 3.4434e-07 1.853e-07 2.027e-07 2.4083e-07 2.9307e-07 2.5031e-07 3.6317e-07 2.8788e-07 1.095e-07 1.5302e-07 1.5492e-07 1.7862e-07 3.5399e-07 5.976e-07 5.9552e-07 -4.3726e-08 5.9892e-07 2.8946e-07 1.8105e-07 1.7854e-07 1.7944e-07 2.6815e-07 3.516e-07 7.266e-08 8.2323e-08 1.2216e-07 5.2263e-08 1.8096e-07 2.6697e-07 3.4477e-07 4.9832e-07 5.3906e-07 4.9867e-07 5.3939e-07 5.5909e-07 4.8063e-07 2.1672e-07 3.1574e-07 3.7466e-07 2.4578e-07 7.1103e-08 -5.4108e-09 -6.7577e-08 -7.4879e-08 -7.8374e-08 4.8203e-08 1.1732e-07 4.805e-07 3.4967e-07 5.0799e-07 3.6632e-07 -1.2973e-07 1.4985e-07 -1.7888e-07 -1.6758e-07 -1.7074e-07 4.3359e-08 6.3985e-09 1.0095e-08 2.6498e-08 6.5581e-09 9.1039e-09 9.7157e-09 -1.3078e-07 3.5605e-08 1.9772e-08 -1.7388e-07 -9.9067e-08 2.3791e-08 -1.39e-07 -1.0586e-07 -8.5135e-08 4.1425e-08 1.4356e-07 1.0223e-07 1.1153e-07 1.4222e-07 1.9264e-07 1.8822e-07 2.7869e-07 2.3705e-07 3.4184e-07 2.5316e-07 1.8877e-07 1.1356e-07 2.1746e-07 1.8874e-07 3.0604e-08 -1.2406e-07 1.8767e-07 2.0216e-07 1.679e-07 1.803e-07 2.0757e-07 4.1095e-07 3.3985e-07 4.0719e-07 3.1071e-07 7.3208e-08 4.0347e-08 -2.2691e-08 -7.4805e-08 -1.1113e-07 -1.358e-07 -1.6473e-07 -1.7766e-07 -1.777e-07 -1.7673e-07 -1.6755e-07 -1.5058e-07 -1.409e-07 -8.1462e-08 -2.3589e-08 1.7411e-09 1.285e-08 2.3636e-08 3.5942e-08 1.0755e-08 -2.1422e-08 -2.5768e-08 3.5259e-08 -9.0875e-08 -1.5297e-07 -1.6864e-07 -1.7839e-07 -1.6757e-07 -1.7808e-07 -1.7356e-07 1.1568e-07 -6.3914e-08 -2.8303e-08 6.914e-08 1.2769e-07 1.9126e-07 1.6594e-07 1.5755e-07 5.2212e-07 3.9466e-07 3.5021e-07 3.407e-07 2.2796e-07 1.2186e-07 2.1217e-08 2.0326e-08 -1.6206e-07 -5.957e-08 1.441e-07 9.3899e-08 3.0559e-08 4.5313e-07 3.7371e-07 -4.6174e-08 2.9107e-08 9.2866e-08 1.5264e-07 1.4026e-07 2.7241e-07 3.2125e-07 2.6186e-07 1.9455e-07 1.1241e-07 1.8729e-07 1.9736e-07 4.1089e-07 1.4511e-07 2.7713e-07 3.6276e-07 3.2831e-07 2.3554e-07 1.0138e-07 1.0214e-07 2.8347e-08
-1.1775e-08 1.0242e-07 7.6945e-08 -9.6326e-08 -1.2818e-07 3.2232e-07 7.2801e-08 3.479e-08 3.8922e-08 1.0033e-07 5.298e-08 2.2488e-07 2.8912e-07 1.7029e-07 1.726e-07 1.7518e-07 2.7233e-07 1.3923e-07 1.8263e-07 1.5133e-07 1.9488e-07 4.3174e-07 5.5422e-07 1.5811e-07 3.0756e-07 2.0892e-07 -9.7427e-08 2.2121e-07 1.5783e-07 2.179e-07 1.0659e-07 1.4999e-07 1.5034e-07 2.2791e-08 1.2924e-07 1.3396e-07 1.4179e-07 4.306e-07 5.4799e-07 5.6189e-07 6.0711e-07 5.4913e-07 3.6042e-07 2.8539e-07 2.1714e-07 1.7072e-07 1.1835e-07 1.3307e-07 -1.1213e-07 -1.7869e-07 2.3791e-07 2.0979e-07 1.1282e-07 1.8948e-07 1.3613e-07 -1.2314e-08 3.8008e-08 2.7763e-07 3.1677e-07 1.6869e-08 1.0065e-07 -1.7632e-07 -1.6715e-07 -1.4564e-07 5.1463e-08 3.8104e-08 1.5674e-08 1.6604e-08 2.0478e-08 2.3061e-08 2.091e-08 -3.1317e-10 -9.5266e-08 -1.6933e-07 -9.8869e-08 -5.8915e-08 -1.1273e-07 -1.6185e-07 -7.6678e-09 -6.4237e-08 -1.0255e-07 -6.4464e-08 -2.826e-08 2.1161e-08 9.5432e-08 -1.3e-07 1.6807e-08 1.7702e-07 1.3522e-07 1.183e-07 2.2235e-07 2.4503e-07 2.886e-07 1.328e-07 3.1956e-07 3.7764e-07 2.5936e-07 2.2747e-07 1.9385e-07 2.3954e-07 1.8532e-07 1.535e-07 3.0773e-07 5.8084e-07 1.2891e-07 1.9426e-07 1.3866e-07 3.4891e-08 -2.9753e-09 -3.0925e-08 -1.3314e-07 -1.6129e-07 -1.7896e-07 -1.6559e-07 -1.4816e-07 -9.8612e-08 -1.4017e-08 1.7402e-08 5.5915e-08 6.5528e-08 5.6056e-08 4.1859e-08 3.4222e-08 3.0967e-08 2.929e-08 4.7689e-08 5.3072e-08 5.0622e-08 5.0055e-08 5.3849e-08 6.4994e-08 -8.0531e-08 -7.6619e-08 -2.286e-08 -1.7736e-07 -1.7533e-07 -1.7403e-07 -1.7306e-07 4.4783e-08 5.1237e-08 1.2203e-08 1.634e-07 1.3546e-07 2.6536e-07 2.0106e-07 -1.6638e-08 2.3811e-07 2.4495e-07 2.1557e-07 2.9064e-07 2.0225e-07 7.2379e-08 -2.8082e-08 -7.4337e-08 -1.7032e-07 7.4438e-09 4.4707e-08 5.3887e-07 -6.3398e-08 2.9618e-08 -4.6695e-09 -1.3815e-08 -1.1707e-08 9.0555e-08 1.7064e-07 1.9517e-07 3.0183e-07 1.8282e-07 3.9145e-07 1.8515e-07 1.1864e-07 3.4321e-07 5.507e-07 5.523e-07 3.3341e-07 1.2751e-07 1.0589e-07 7.3203e-08 5.0938e-09 -1.0986e-08
1.2331e-08 6.0751e-08 1.6284e-07 1.3701e-07 -3.7118e-08 -1.4331e-09 1.6961e-08 2.8292e-07 -2.8357e-08 1.2444e-07 2.4308e-07 1.4615e-07 2.0278e-07 1.2196e-07 1.7397e-07 2.1074e-07 1.744e-07 4.1718e-07 2.2832e-07 2.0062e-07 2.7357e-07 4.0593e-07 5.8234e-07 6.5034e-07 7.8069e-07 2.9982e-07 4.203e-07 2.7782e-07 1.7234e-07 1.6932e-07 2.0299e-07 1.4312e-07 2.4272e-07 2.405e-07 2.0888e-07 2.9416e-07 2.9499e-07 3.4437e-07 4.4472e-07 7.531e-07 7.6519e-07 8.3338e-07 6.7781e-07 2.827e-07 2.1423e-07 1.5e-07 1.17e-07 2.3808e-07 -1.3128e-07 -1.7219e-07 2.5879e-07 2.7376e-07 4.4668e-07 5.5136e-07 1.3686e-07 -1.0643e-07 -1.396e-07 -1.3379e-07 1.0382e-07 3.1615e-07 2.7075e-07 1.8617e-07 -1.6158e-07 -3.2139e-09 3.6428e-08 7.0032e-09 2.7838e-08 1.99e-08 1.9692e-08 1.8759e-08 1.9008e-08 2.1241e-08 -9.4023e-08 -8.2022e-08 -3.824e-08 2.4247e-08 -1.1315e-07 -1.2401e-07 -4.2214e-08 -5.0341e-08 -8.7245e-08 -6.348e-08 4.7938e-08 1.0978e-07 1.864e-07 -1.9294e-08 2.4043e-07 2.1362e-07 1.3311e-07 1.4463e-07 1.5766e-07 1.3687e-07 9.9603e-08 7.6024e-08 1.6942e-07 3.0127e-07 2.6179e-07 2.3202e-07 2.0591e-07 3.4444e-07 1.3004e-07 2.4298e-07 3.5082e-07 1.9553e-07 2.3996e-07 1.716e-07 6.7533e-08 -1.4793e-08 -7.4641e-08 -8.5666e-08 -1.7461e-07 -1.7892e-07 -1.7663e-07 -1.2371e-07 -5.8559e-08 2.1666e-08 5.7469e-08 6.4863e-08 4.8463e-08 1.5031e-08 1.8214e-09 -1.7412e-08 -2.4503e-08 -3.4656e-08 -3.33e-08 -3.4114e-08 -2.5834e-08 -2.6109e-08 -1.9987e-08 -9.9992e-09 -2.533e-08 2.1461e-09 5.668e-08 5.4248e-08 -4.6536e-08 -1.5418e-07 -1.5714e-07 1.8626e-07 4.0383e-07 -7.0927e-08 1.25e-08 2.1846e-07 -8.8755e-08 2.007e-07 4.4979e-07 3.527e-07 2.2695e-07 4.0674e-08 1.2197e-07 8.8504e-08 -1.708e-08 -2.4459e-08 1.1547e-08 4.4785e-08 2.4713e-07 4.185e-08 2.1348e-08 -2.3344e-08 8.1377e-09 4.9912e-09 2.3027e-08 1.6194e-07 1.2191e-07 9.152e-09 2.3538e-08 8.8802e-08 2.6525e-07 2.4663e-08 1.5271e-07 4.3408e-08 1.648e-07 3.0559e-07 1.4533e-07 3.6565e-07 3.247e-07 2.1697e-07 1.6282e-07 9.0674e-08 6.3877e-08 2.0361e-08
2.9913e-07 2.0987e-07 2.5748e-07 1.1898e-07 -9.5062e-08 -1.3527e-07 -1.5548e-07 2.4518e-08 2.7295e-08 3.4475e-07 1.8316e-07 3.5058e-07 3.5086e-07 4.1284e-07 3.0452e-07 3.7572e-07 3.9917e-07 3.8511e-07 6.6684e-07 5.6563e-07 4.3841e-07 3.3549e-07 6.281e-07 6.801e-07 4.3198e-07 5.1659e-07 3.7534e-07 1.755e-07 1.836e-07 1.8571e-07 2.4884e-07 1.6791e-07 2.8917e-07 7.5658e-07 7.6641e-07 6.7877e-07 5.7052e-07 5.7272e-07 5.5316e-07 7.5763e-07 8.2986e-07 8.0089e-07 7.3213e-07 3.9338e-07 2.6369e-07 1.9679e-07 1.8548e-07 1.8831e-07 2.128e-07 2.5044e-07 3.1699e-07 4.3633e-07 6.1826e-07 6.97e-07 5.8647e-07 4.1005e-07 3.8165e-08 1.7127e-08 2.3666e-07 3.1078e-07 -1.6808e-07 -1.7876e-07 -1.6961e-07 -1.2609e-07 8.8578e-09 4.7844e-08 2.4579e-08 2.7335e-08 2.1079e-08 3.6698e-08 3.8558e-08 5.2009e-09 -4.8928e-08 -1.5802e-07 -1.7058e-07 -7.0075e-08 -8.5382e-08 -1.401e-07 -2.7108e-08 -6.5581e-08 -7.2736e-08 -4.8655e-08 2.896e-08 1.4053e-07 1.1692e-07 2.8422e-07 2.3267e-07 -1.4767e-07 -2.0716e-08 1.3383e-07 1.8568e-07 1.4883e-07 -2.4978e-08 -3.5461e-08 1.3715e-07 1.9538e-07 4.5072e-07 7.0712e-08 3.2016e-07 3.1879e-07 3.3952e-07 3.3618e-07 2.3378e-07 1.1153e-07 7.9635e-08 2.0316e-07 2.1716e-07 -2.6429e-08 -7.4617e-08 -1.4817e-07 -7.3168e-08 -1.7372e-07 -1.4e-07 -3.1099e-08 5.4822e-08 6.4943e-08 4.7965e-08 2.9483e-08 -3.5643e-10 -1.9712e-08 -4.5785e-08 -5.6899e-08 -4.6134e-08 -4.521e-08 -5.6566e-09 -3.0355e-08 -3.4385e-08 -3.8976e-08 -3.3384e-08 -3.1351e-08 -3.2444e-08 -3.3259e-08 -2.209e-08 3.2696e-09 6.2163e-08 4.9156e-08 -1.6512e-07 -1.5205e-07 -1.7475e-07 -1.0685e-07 -1.5052e-07 -1.2917e-08 3.3054e-07 1.36e-07 8.225e-08 4.1558e-07 1.6794e-07 2.4715e-07 7.626e-08 3.2498e-08 2.5379e-07 9.3021e-08 9.7104e-08 1.1287e-07 1.5588e-07 1.4949e-08 8.5145e-08 1.515e-07 2.6891e-07 2.5429e-07 7.2979e-07 3.9425e-07 1.3186e-07 1.6398e-07 2.9226e-07 1.0157e-07 -1.3604e-08 -9.7141e-08 7.6438e-08 -8.1534e-08 -5.5992e-08 2.48e-08 4.1733e-08 2.0136e-07 3.5549e-07 5.1447e-07 4.3782e-07 3.5056e-07 2.1803e-07 1.6135e-07
3.6333e-07 1.8431e-07 2.7846e-07 2.927e-07 5.1945e-08 -9.1467e-08 8.8007e-08 2.6632e-07 9.3006e-08 2.3225e-07 3.4386e-07 2.9522e-07 6.8349e-07 1.7895e-07 6.1186e-07 5.1813e-07 8.5294e-07 7.5362e-07 4.3685e-07 5.2613e-07 3.394e-07 5.7909e-07 4.3759e-07 3.1796e-07 3.3477e-07 1.557e-07 3.9964e-07 2.7153e-07 2.0597e-07 2.1579e-07 2.1179e-07 2.131e-07 1.8659e-07 4.9289e-07 5.706e-07 5.1268e-07 4.0293e-07 3.8247e-07 3.8795e-07 5.0364e-07 6.6905e-07 7.2483e-07 5.8098e-07 5.3696e-07 5.9024e-07 3.4561e-07 3.4165e-07 3.07e-07 3.8551e-07 3.684e-07 4.9976e-07 5.6373e-07 7.0989e-07 7.0939e-07 7.2414e-07 5.8742e-07 4.6458e-07 4.6545e-07 2.7396e-07 1.079e-07 4.6047e-07 -1.1868e-07 -2.9792e-08 -1.7362e-07 -1.7614e-07 2.8532e-08 4.6921e-08 4.445e-08 3.929e-08 4.6007e-08 4.1937e-08 2.0851e-08 -1.4056e-08 -1.7649e-07 -1.7761e-07 -1.7883e-07 -5.7394e-08 -4.1909e-08 1.8367e-08 1.9029e-07 -2.2553e-08 4.8178e-08 7.8883e-08 9.5041e-08 2.0851e-07 1.9031e-07 2.7873e-07 1.8749e-07 7.9806e-08 1.1874e-07 8.6221e-08 8.2539e-08 -6.8904e-08 9.7838e-08 1.7584e-07 4.3743e-07 3.1539e-07 3.6956e-07 2.3482e-07 5.5347e-08 3.0472e-07 4.5808e-07 3.6703e-07 2.4253e-07 -3.882e-08 -4.4177e-08 8.2637e-08 -1.418e-08 -1.2164e-07 -1.0487e-07 -7.0238e-08 -1.4639e-07 -1.6626e-07 -1.0139e-07 5.0801e-08 -5.4525e-09 -2.6027e-08 -5.3377e-08 -6.0491e-08 -4.4171e-08 -2.6565e-08 -3.8149e-08 -5.0699e-08 -4.7654e-08 -3.2474e-08 -1.9239e-08 -8.7142e-09 -2.675e-08 -3.4582e-08 -2.969e-08 -3.0339e-08 -2.1608e-08 -2.2268e-08 -1.8038e-08 8.3746e-09 5.2876e-08 6.0696e-08 -9.0713e-08 -1.7602e-07 -1.7573e-07 -1.669e-07 -1.5096e-07 -3.8798e-08 1.1479e-07 -5.5249e-08 -4.7771e-08 1.1555e-07 6.0582e-09 2.7134e-08 2.8746e-08 2.5293e-08 2.2737e-07 2.8387e-07 1.536e-07 3.0157e-07 1.9498e-07 1.6965e-07 3.9001e-07 5.3163e-07 2.636e-07 1.1878e-08 -2.3115e-08 2.9027e-07 3.2062e-07 1.3345e-07 -2.8122e-08 1.4005e-08 -3.9099e-08 -8.6475e-08 -6.0702e-08 -4.713e-08 -3.091e-08 2.4821e-07 2.3218e-07 3.548e-07 1.4594e-07 2.7512e-07 3.3064e-07 1.9135e-07 2.4027e-07
1.7742e-07 1.5166e-07 2.0045e-07 1.8245e-07 9.2219e-08 1.0711e-07 6.9187e-08 5.7959e-08 2.1784e-08 3.0156e-07 3.8787e-07 1.9228e-07 3.8123e-07 4.6274e-07 4.2949e-07 4.2691e-07 7.1303e-08 4.5762e-07 3.0672e-07 2.6326e-07 3.4968e-07 2.365e-07 1.1092e-08 3.9018e-07 2.4982e-07 1.5256e-07 2.2801e-07 2.7519e-07 2.7274e-07 2.8888e-07 3.4054e-07 3.0394e-07 3.3126e-07 4.0974e-07 4.0866e-07 4.2464e-07 4.1323e-07 4.0168e-07 3.6088e-07 3.5617e-07 4.8887e-07 5.311e-07 4.597e-07 4.9667e-07 5.0105e-07 4.3118e-07 4.3072e-07 5.1511e-07 5.8743e-07 6.6542e-07 6.9861e-07 7.0096e-07 7.2006e-07 9.2394e-07 1.0035e-06 5.3091e-07 3.637e-07 3.0956e-07 1.6654e-07 7.3355e-08 -3.3931e-08 -1.7497e-08 -1.2412e-07 -1.514e-07 -1.7292e-07 -7.1499e-08 3.0224e-09 6.5543e-08 6.5523e-08 5.6764e-08 4.9878e-08 3.5065e-08 -1.1068e-07 -1.6368e-07 -1.7884e-07 -1.7271e-07 -9.331e-09 6.2982e-09 1.323e-08 -1.7266e-07 1.2942e-07 6.0053e-08 1.5735e-07 1.7481e-07 2.0015e-07 2.3725e-07 2.3857e-07 6.2905e-08 7.0635e-08 1.037e-07 1.4634e-07 1.1656e-07 3.0129e-08 1.2249e-07 1.9735e-07 1.5603e-07 2.9906e-07 2.8818e-07 3.0623e-07 5.0195e-08 6.305e-07 3.6755e-07 2.9425e-07 2.6542e-07 5.1715e-08 2.7308e-07 6.192e-08 -1.2698e-08 -7.3737e-08 -8.2689e-08 -1.0906e-07 -9.1622e-08 -1.6527e-07 3.9543e-08 -7.9609e-09 -3.0532e-08 -5.9487e-08 -6.0548e-08 -4.7955e-08 -5.7618e-08 -5.3038e-08 -5.839e-08 -5.5225e-08 -5.4867e-08 -4.8536e-08 -5.7711e-08 -5.9671e-08 -3.2117e-08 -2.5112e-08 -4.4535e-08 -2.9483e-08 -2.4757e-08 -2.4707e-08 -1.8637e-08 9.4105e-09 2.5085e-08 6.4663e-08 -6.1653e-09 -1.5594e-07 -1.7812e-07 -1.6756e-07 -1.7726e-07 2.7624e-07 -6.0721e-08 -6.4536e-08 7.3683e-09 -2.117e-08 7.1434e-08 1.1282e-07 1.0976e-08 1.1899e-07 1.8757e-07 8.2656e-08 2.0598e-07 1.7417e-07 3.0578e-07 3.952e-07 3.6202e-07 5.6397e-07 8.8384e-07 3.4326e-07 4.5037e-07 2.4746e-07 -3.4597e-08 -6.7778e-08 -3.8016e-08 1.2189e-07 -7.5118e-08 8.1317e-08 5.5018e-08 -3.097e-08 1.4019e-10 2.4978e-07 2.3539e-07 1.5959e-07 5.3592e-07 5.1447e-07 2.8514e-07 2.1149e-07 2.4716e-07
-2.9531e-09 2.65e-07 -3.7443e-08 7.1907e-08 -7.9449e-10 1.1104e-07 7.2538e-08 8.5317e-08 1.5803e-07 2.4384e-07 3.9806e-07 3.5544e-07 4.4629e-07 5.2422e-07 3.9042e-07 3.7703e-07 2.3394e-07 2.0152e-07 2.5618e-07 2.6693e-07 4.6422e-07 3.6916e-07 2.928e-07 2.893e-07 4.0208e-07 2.6087e-07 2.2871e-07 2.2879e-07 4.8882e-07 3.6964e-07 4.2599e-07 3.2268e-07 3.0586e-07 4.5551e-07 4.4864e-07 4.5336e-07 4.4152e-07 3.9845e-07 3.2642e-07 2.904e-07 5.1866e-07 6.2827e-07 1.0716e-06 1.0373e-06 6.7159e-07 5.1657e-07 5.8028e-07 6.8243e-07 6.675e-07 7.8367e-07 8.3197e-07 8.2554e-07 8.6808e-07 8.2523e-07 8.0387e-07 4.9084e-07 4.5078e-07 3.544e-07 3.4086e-07 1.9709e-07 2.0065e-07 1.6266e-07 2.7122e-10 1.6909e-07 -1.7846e-07 -1.7384e-07 -1.3692e-07 -1.0456e-07 -6.7757e-08 -4.094e-08 -8.0071e-08 -8.7828e-08 -1.7891e-07 -1.621e-07 -1.7706e-07 -4.5653e-08 -1.6144e-08 -6.5806e-08 -3.0447e-08 -6.1768e-08 8.6688e-09 -1.6711e-07 1.5444e-07 8.8856e-08 1.463e-07 1.495e-07 2.0125e-07 4.9216e-08 6.2843e-08 1.5053e-07 1.82e-07 1.1422e-07 9.8753e-08 1.3479e-07 1.472e-07 2.3714e-07 1.3308e-07 2.4688e-07 1.1484e-07 3.0837e-07 3.3757e-07 2.9426e-07 3.5576e-07 5.1905e-07 4.9519e-07 3.3715e-07 9.5685e-08 -1.3393e-07 2.2284e-08 -5.9181e-08 -7.6365e-08 -1.1645e-07 -1.2813e-07 5.7729e-08 -2.2862e-08 -5.4657e-08 -5.4055e-08 -4.5742e-08 -5.2967e-08 -5.993e-08 -5.6367e-08 -5.6092e-08 -4.896e-08 -5.7568e-08 -5.6066e-08 -3.4081e-08 -4.0276e-08 -3.6973e-08 -4.6574e-08 -3.6147e-08 -2.8344e-08 -2.639e-08 -1.6985e-08 -1.0862e-09 4.4493e-08 4.864e-08 6.4193e-08 3.6592e-08 -1.4338e-07 -1.575e-07 -1.7789e-07 -1.7472e-07 -1.6846e-07 -1.5934e-07 -1.2264e-07 -8.8395e-08 -1.8321e-08 4.2669e-08 3.2695e-08 -1.3014e-07 -3.4515e-08 1.1504e-08 3.1749e-08 1.6292e-07 1.8286e-07 2.9479e-07 4.1369e-07 4.1991e-07 3.8966e-07 3.7811e-07 4.7066e-07 4.2786e-07 1.6369e-07 -7.9178e-08 -1.1743e-07 -1.1652e-07 -6.2797e-08 -3.2007e-08 8.4027e-08 1.6235e-08 2.3558e-08 -1.741e-08 4.6479e-07 1.6701e-07 1.5235e-07 -6.7195e-08 2.7028e-07 1.8224e-07 7.6106e-08 9.3913e-08
-5.4212e-08 -2.7339e-08 -3.6033e-08 -1.2172e-07 -7.7428e-08 1.3928e-07 1.0331e-07 1.3333e-07 -4.8245e-08 -1.4269e-07 -1.7225e-07 -1.7876e-07 4.3371e-08 3.5695e-07 2.5559e-07 2.8925e-07 4.8112e-07 3.7099e-07 4.8479e-07 3.498e-07 4.9459e-07 2.7069e-07 2.9107e-07 2.9446e-07 3.7018e-07 7.2563e-07 4.9792e-07 4.205e-07 3.3003e-07 5.1535e-07 5.6394e-07 4.5896e-07 5.3434e-07 5.3072e-07 6.2791e-07 5.0231e-07 4.7216e-07 4.013e-07 3.8557e-07 1.312e-06 1.4649e-06 1.5511e-06 2.4984e-06 2.6474e-06 2.6011e-06 1.39e-06 1.3902e-06 1.3868e-06 1.0229e-06 8.6429e-07 9.9289e-07 8.0952e-07 9.3382e-07 8.4845e-07 8.6617e-07 8.3802e-07 7.9409e-07 5.7264e-07 2.0985e-07 2.8732e-07 4.2406e-07 6.5264e-07 1.1713e-07 -8.8267e-08 -6.8064e-08 -1.7263e-07 -1.6783e-07 -1.7719e-07 -1.3227e-07 -1.1867e-07 -1.311e-07 -1.7872e-07 -1.628e-07 -1.4703e-07 -1.5312e-07 -1.505e-07 -1.148e-07 -1.4816e-07 -9.8212e-08 9.7355e-09 -3.9421e-08 -3.3726e-09 1.0315e-07 1.0424e-07 1.6885e-07 1.6339e-07 8.9315e-08 1.8146e-08 2.6825e-08 7.4907e-08 1.6321e-07 8.09e-08 1.9116e-07 1.7316e-07 1.2907e-07 3.1725e-07 3.7535e-07 1.8237e-07 2.1156e-07 2.5885e-07 3.8771e-07 3.4597e-07 5.5383e-07 6.5574e-07 4.7621e-08 2.9278e-07 1.6325e-07 -2.5926e-08 -2.555e-08 -2.8641e-08 -9.4069e-08 -1.4414e-07 -1.3699e-07 5.6596e-08 -5.9511e-09 -5.4852e-08 -5.5007e-08 -3.1149e-08 -5.7467e-08 -5.8021e-08 -5.7783e-08 -5.3789e-08 -5.9035e-08 -6.0454e-08 -5.3073e-08 -3.3552e-08 -4.6226e-08 -4.8806e-08 -4.0614e-08 -4.6296e-08 -3.698e-08 -2.4448e-08 9.1779e-09 3.7034e-08 4.861e-08 5.7305e-08 6.538e-08 2.0373e-08 -5.8992e-08 -1.5214e-07 -1.0688e-07 -1.4272e-07 -1.0119e-07 -1.4267e-07 9.2467e-08 9.5703e-08 -2.5511e-08 -5.2355e-08 -6.6922e-08 -5.4336e-08 -2.8008e-08 -3.646e-08 -3.1858e-08 1.836e-07 2.3538e-07 2.5919e-07 3.545e-07 1.7996e-07 2.1464e-07 3.0092e-07 3.1778e-07 3.4998e-07 1.159e-07 -6.9427e-09 -4.7522e-08 -1.5366e-08 -4.2135e-08 -1.885e-08 2.2896e-07 7.5781e-08 7.2547e-08 3.4785e-07 3.8403e-07 1.1556e-07 1.4163e-07 8.2673e-08 9.4521e-08 2.429e-08 -3.2039e-08 6.831e-08
-1.9215e-08 -4.82e-08 3.309e-08 1.6186e-07 -9.4857e-08 1.4414e-07 2.1528e-08 6.1603e-08 3.2439e-07 1.5152e-07 -1.6227e-07 -1.636e-07 2.2494e-07 3.469e-07 1.314e-07 2.3575e-07 1.4202e-07 3.1073e-07 2.1804e-07 2.0036e-07 1.3939e-07 4.2163e-07 1.3069e-07 1.3649e-07 2.3455e-07 2.3595e-07 3.1626e-07 4.3308e-07 3.7525e-07 4.2339e-07 4.746e-07 1.3027e-06 8.0523e-07 6.2553e-07 6.2298e-07 5.4855e-07 4.895e-07 5.0342e-07 8.0455e-07 8.8399e-07 1.1564e-06 1.7857e-06 1.9598e-06 1.9139e-06 1.7221e-06 1.6569e-06 1.711e-06 1.5787e-06 1.8813e-06 1.3297e-06 9.9255e-07 9.7824e-07 9.6192e-07 9.1382e-07 8.4237e-07 8.2553e-07 7.1989e-07 5.7802e-07 5.4392e-07 3.4266e-07 3.3661e-07 2.7467e-07 4.5276e-07 3.5604e-07 5.6364e-08 2.1551e-07 -9.4466e-08 -1.5663e-07 -1.7173e-07 -1.7167e-07 -1.7188e-07 -1.7316e-07 -1.667e-07 -1.397e-07 -1.6064e-07 -1.4505e-07 -1.2928e-07 -8.4623e-08 -4.492e-08 -5.07e-08 -3.3071e-08 -4.6311e-08 -1.3845e-08 7.1916e-08 8.6602e-08 1.6968e-07 4.8036e-08 -4.6564e-08 6.74e-08 8.489e-08 1.4063e-08 1.6331e-10 2.7417e-08 1.7602e-07 7.5707e-08 2.3914e-07 2.3493e-07 2.473e-07 2.6254e-07 9.2479e-08 3.6542e-07 2.7341e-07 4.3828e-07 3.9569e-07 4.3264e-07 4.5178e-07 1.6483e-07 3.0956e-08 -4.0785e-08 -5.1011e-08 -5.3361e-08 -1.732e-07 -1.2064e-07 6.1058e-08 4.8793e-09 -5.6698e-08 -6.0417e-08 -5.9026e-08 -4.7768e-08 -5.5987e-08 -6.0384e-08 -5.8739e-08 -6.0135e-08 -6.0445e-08 -5.581e-08 -4.6057e-08 -5.6168e-08 -4.8695e-08 -5.2321e-08 -3.9459e-08 -2.8055e-08 -2.421e-09 3.0725e-08 4.584e-08 6.1653e-08 6.5757e-08 6.4483e-08 5.167e-08 -7.4078e-08 -1.7882e-07 -1.75e-07 -1.1115e-07 -6.7226e-08 -5.2139e-08 -3.8222e-08 -8.7808e-08 -1.5044e-07 -7.6469e-08 1.4342e-07 -3.9467e-08 -5.4252e-08 -8.2884e-08 -1.0161e-08 4.589e-08 1.7185e-07 8.0758e-08 1.7076e-07 2.8167e-07 6.9609e-08 1.3031e-07 2.3965e-07 2.9146e-07 2.8191e-07 1.9125e-07 7.72e-08 3.565e-08 -8.32e-08 -3.7128e-08 4.5555e-08 5.3654e-08 2.5767e-08 8.922e-08 -1.7367e-08 1.3223e-08 5.3035e-09 9.863e-08 5.1478e-08 -1.9879e-08 -6.1766e-08 -9.3156e-08
-9.5827e-08 -5.3891e-08 -4.9745e-08 5.9759e-08 -1.72e-07 -1.347e-07 -3.5219e-08 2.3138e-07 4.3372e-07 6.8996e-07 8.2416e-07 4.0371e-07 4.6752e-07 1.3995e-07 7.3427e-09 1.8535e-08 1.7614e-08 1.8006e-08 7.1701e-08 1.0676e-07 1.1133e-07 1.1948e-07 2.3462e-07 1.6492e-07 2.8852e-07 4.2996e-07 4.0162e-07 5.9116e-07 6.4321e-07 4.1737e-07 4.6486e-07 8.5624e-07 7.8839e-07 1.06e-06 7.4175e-07 1.1442e-06 8.7777e-07 1.7984e-06 1.7339e-06 9.0034e-07 1.8261e-06 2.2382e-06 1.562e-06 1.5453e-06 1.5918e-06 1.6175e-06 1.5139e-06 1.1721e-06 1.4661e-06 1.4794e-06 1.5836e-06 1.2801e-06 9.9867e-07 7.722e-07 7.6512e-07 7.1976e-07 7.6295e-07 5.1949e-07 4.6697e-07 5.3282e-07 5.41e-07 2.4271e-07 2.4649e-07 1.1706e-07 -4.3555e-08 -7.2644e-08 -1.3464e-07 -1.5595e-07 2.4429e-07 -1.7773e-07 -1.3462e-07 -1.5027e-07 -1.5589e-07 -1.7141e-07 -1.564e-07 -1.2508e-07 -1.0221e-07 -9.6579e-08 -1.0189e-07 -4.5252e-08 2.4215e-08 7.2629e-08 1.7327e-07 -1.687e-07 5.9638e-08 1.3159e-07 1.229e-07 1.6504e-07 -2.9952e-08 8.6491e-08 4.0382e-08 -4.0122e-09 9.873e-09 7.8761e-08 2.3811e-07 1.3248e-07 2.649e-07 2.9423e-07 1.329e-07 1.4544e-07 3.864e-07 4.0181e-07 4.625e-07 3.9062e-07 3.1611e-07 3.2148e-07 -1.2474e-07 1.445e-07 -1.7566e-08 -8.2597e-08 -1.0334e-07 -1.2561e-07 -1.7814e-07 3.4818e-08 5.7627e-08 -4.4013e-08 -6.0493e-08 -5.9166e-08 -4.926e-08 -5.6544e-08 -5.7977e-08 -5.85e-08 -4.6884e-08 -6.0078e-08 -4.9706e-08 -5.2158e-08 -4.5925e-08 -4.9206e-08 -4.7187e-08 -4.3084e-08 -3.5637e-08 1.2351e-08 5.0566e-08 6.0707e-08 6.5734e-08 6.1262e-08 3.1452e-08 -6.5598e-08 -1.4427e-07 -1.7853e-07 -1.1817e-07 -1.2083e-07 3.9695e-09 -9.3595e-11 4.5378e-08 1.2803e-09 -7.6645e-08 -8.2469e-08 -7.3825e-08 -4.1227e-08 -8.3643e-08 -4.4499e-08 -1.8064e-08 -1.8475e-11 4.9954e-08 4.0928e-08 -3.035e-08 3.7004e-08 6.4163e-08 3.2115e-07 1.9538e-07 2.011e-07 3.8457e-07 3.9312e-07 1.3175e-07 6.0684e-08 -8.2689e-08 4.1828e-08 3.1368e-08 -1.0851e-08 -5.2186e-08 -4.4987e-08 -3.7583e-08 -3.1138e-08 2.6864e-08 7.5693e-08 -9.9616e-08 -1.2749e-07 -1.0169e-07 -1.6382e-07
-9.6319e-08 -1.719e-07 -5.7162e-08 1.6247e-07 -2.2549e-08 1.8653e-07 1.8938e-07 1.503e-07 3.8225e-07 6.9454e-07 7.5284e-07 4.0823e-07 1.4421e-07 8.6961e-08 3.2709e-08 5.8339e-08 1.8883e-08 5.3793e-07 9.8229e-08 1.2096e-07 1.45e-07 2.156e-07 2.0887e-07 2.9395e-07 4.9254e-07 3.9697e-07 4.7103e-07 5.2859e-07 7.5339e-07 6.9151e-07 8.2583e-07 8.8611e-07 8.3867e-07 9.6871e-07 9.0697e-07 8.3354e-07 1.1466e-06 1.8536e-06 1.7943e-06 1.8226e-06 2.1119e-06 1.5762e-06 1.2321e-06 1.2798e-06 1.4379e-06 1.3103e-06 1.3989e-06 1.3596e-06 1.2322e-06 1.2069e-06 1.2851e-06 1.7093e-06 1.3211e-06 8.4007e-07 6.9025e-07 6.0263e-07 6.0203e-07 5.9292e-07 5.8187e-07 5.3929e-07 4.6242e-07 3.8663e-07 3.9238e-07 1.4347e-08 3.0068e-08 2.2853e-07 1.4065e-07 7.0244e-09 2.9743e-08 -1.5165e-07 -1.428e-07 -1.7271e-07 -1.1354e-07 -4.3359e-08 -7.4598e-08 -1.111e-07 -1.1231e-07 -1.0762e-07 -1.5041e-07 -8.4769e-08 1.1882e-08 1.0958e-07 4.5701e-08 1.0406e-07 7.2287e-08 1.8786e-07 2.1253e-07 1.7258e-07 1.2386e-07 9.0977e-08 8.2495e-08 2.0058e-08 4.7867e-08 1.9157e-07 1.8514e-07 1.9508e-07 1.0902e-07 4.8932e-09 2.6442e-07 3.1604e-07 2.984e-07 5.3497e-07 4.7998e-07 3.1986e-07 2.5968e-07 2.8042e-07 2.4735e-07 1.1783e-07 -7.3451e-08 -1.4515e-08 -7.1401e-09 -8.3848e-08 -1.4419e-07 -1.7091e-07 1.5854e-08 5.8353e-08 -5.5278e-08 -6.0701e-08 -5.6878e-08 -5.4321e-08 -5.7345e-08 -5.6785e-08 -5.6901e-08 -5.821e-08 -4.7643e-08 -5.0955e-08 -4.8843e-08 -4.4243e-08 -4.6872e-08 -4.0186e-08 -3.5839e-09 6.3486e-08 6.0114e-08 6.0621e-08 4.8531e-08 1.6587e-08 2.8502e-08 -7.0638e-08 -8.497e-08 -1.0061e-07 -1.686e-07 -8.063e-08 1.5038e-07 1.0335e-08 8.429e-08 3.6853e-08 -8.1211e-09 -3.2789e-08 -6.7606e-08 -8.8013e-08 -4.9708e-08 5.3588e-09 2.1605e-07 1.9987e-07 1.8333e-07 7.9902e-08 1.8312e-07 2.5645e-07 1.3624e-07 5.9799e-08 1.4298e-07 2.5863e-07 9.2245e-08 3.2558e-08 9.8136e-08 9.5411e-08 1.5132e-07 6.8237e-08 7.5855e-08 2.3721e-07 -7.8045e-08 -8.1221e-08 -4.3825e-09 1.4428e-08 -3.4246e-08 -5.9179e-08 -1.5857e-07 -1.3449e-07 -5.6003e-08 1.2673e-07
-1.0776e-07 -1.2635e-07 1.6947e-07 2.3339e-07 1.6298e-07 4.8571e-07 3.2663e-07 6.8504e-07 6.7586e-07 4.3714e-07 4.6197e-07 3.5496e-07 1.2125e-07 7.0139e-08 -3.3211e-08 9.4498e-08 1.568e-08 4.7575e-09 1.1893e-07 1.2035e-07 3.8205e-07 2.1718e-07 2.4412e-07 2.558e-07 3.7438e-07 4.808e-07 4.7707e-07 5.5737e-07 6.5239e-07 7.722e-07 8.4368e-07 1.2097e-06 1.0345e-06 1.1369e-06 1.2892e-06 1.2049e-06 1.5257e-06 2.0198e-06 2.1059e-06 2.4781e-06 2.339e-06 1.5593e-06 1.1446e-06 1.3227e-06 9.9439e-07 1.2808e-06 8.8116e-07 8.4643e-07 9.6233e-07 9.4323e-07 1.2193e-06 1.6679e-06 2.0797e-06 1.26e-06 8.517e-07 6.0875e-07 6.2002e-07 5.8715e-07 5.6755e-07 5.7064e-07 4.1396e-07 2.4931e-07 2.6554e-07 2.7632e-08 1.4457e-09 -1.5751e-08 -6.99e-09 -4.0817e-09 1.8102e-08 6.7163e-08 2.1355e-09 -1.3768e-07 -1.3268e-07 -4.564e-08 -1.4051e-07 -4.6398e-08 -1.4458e-07 -9.4461e-08 -8.2471e-08 -1.0388e-07 -5.0077e-08 5.6444e-09 -6.3282e-08 4.7205e-08 6.8827e-08 1.1207e-07 1.3191e-07 1.7279e-07 1.6809e-07 1.3399e-07 1.1886e-07 2.2726e-07 1.512e-07 9.0565e-08 1.7021e-07 1.2474e-07 2.0567e-07 1.1682e-07 2.2269e-07 4.1931e-07 3.5464e-07 4.2685e-07 5.249e-07 4.3294e-07 3.3768e-07 2.9441e-07 2.8629e-07 3.1748e-07 8.3712e-08 -7.8837e-09 3.5595e-08 5.3753e-08 1.2106e-07 -4.1644e-09 -1.4202e-07 -3.7081e-08 2.5395e-08 -3.889e-08 -5.7934e-08 -6.0319e-08 -6.0465e-08 -5.3326e-08 -5.2577e-08 -4.5713e-08 -5.2504e-08 -5.2142e-08 -4.3214e-08 -4.172e-08 -2.4456e-09 4.2631e-08 5.9642e-08 5.0299e-08 -2.49e-08 -4.181e-08 -5.3472e-08 -5.726e-08 -1.2869e-08 -4.2684e-08 -1.279e-07 -1.4502e-07 -1.7893e-07 -8.5485e-08 9.0351e-09 4.4225e-08 9.4851e-08 1.1205e-07 5.3713e-08 6.621e-08 2.8633e-08 -1.2887e-08 -2.2148e-09 7.5408e-08 1.2744e-07 1.941e-07 3.9185e-07 4.3418e-07 3.8216e-07 4.0957e-07 1.5131e-07 3.0838e-07 1.8059e-07 8.7862e-08 2.5121e-07 1.4999e-07 1.9294e-07 2.189e-07 8.6203e-08 4.2506e-08 -2.4342e-08 1.0693e-07 3.1538e-08 -9.2428e-08 1.3725e-07 -1.7925e-08 -2.146e-08 -6.5086e-08 -9.8104e-08 -5.2455e-08 3.4921e-08 2.9752e-08
-9.0935e-08 1.0228e-07 1.5193e-07 1.8025e-07 4.1895e-07 3.8718e-07 5.9413e-07 4.1869e-07 3.6534e-07 4.2227e-07 3.502e-07 3.3518e-07 1.8948e-07 9.306e-08 1.1785e-08 1.5251e-08 1.492e-08 1.498e-07 2.1909e-07 1.2035e-07 2.6411e-07 2.4482e-07 2.7535e-07 3.041e-07 3.8169e-07 4.0727e-07 4.9269e-07 5.7623e-07 7.1021e-07 8.4877e-07 9.7644e-07 1.0511e-06 1.0726e-06 1.35e-06 1.428e-06 1.17e-06 1.5757e-06 2.1295e-06 2.0508e-06 2.4871e-06 1.9547e-06 1.5432e-06 1.3524e-06 1.0804e-06 9.7309e-07 8.7355e-07 8.6319e-07 7.6918e-07 7.7116e-07 7.1946e-07 1.1225e-06 1.6704e-06 1.4737e-06 1.4204e-06 1.3464e-06 1.3622e-06 7.5052e-07 5.0275e-07 5.2131e-07 3.9043e-07 2.3604e-07 1.0989e-07 3.4018e-08 1.6701e-08 -2.9195e-08 -1.5068e-08 -3.5385e-08 -6.7978e-08 -4.8376e-08 -3.3544e-08 -5.813e-08 -1.7794e-07 -4.4147e-08 1.919e-08 -5.4042e-08 -2.7113e-08 -5.1628e-08 -7.7491e-08 -1.1471e-07 -1.1083e-07 -1.337e-07 -1.1648e-07 -5.2716e-08 -4.7808e-08 -1.3353e-08 1.0555e-07 2.0031e-07 2.5184e-07 1.8041e-07 1.6246e-07 1.632e-07 1.3314e-07 2.25e-07 1.4589e-07 1.2269e-07 1.5773e-07 1.3384e-07 1.7398e-07 1.8939e-07 3.4469e-07 3.5767e-07 1.8469e-07 3.0016e-07 3.7293e-07 2.7035e-07 2.0705e-07 1.7487e-07 2.7939e-07 6.5796e-08 -4.3785e-09 -6.4217e-08 4.8624e-08 -5.4161e-08 -3.1836e-08 -1.7488e-07 -1.7411e-07 -4.4146e-08 4.2853e-08 6.3418e-08 -1.9711e-08 -4.977e-08 -6.0411e-08 -3.8789e-08 -4.8578e-08 -4.2423e-08 -4.6216e-08 -3.0614e-08 -5.1274e-09 6.4875e-08 -2.0646e-08 5.509e-08 3.0488e-08 -8.2231e-08 -8.8613e-08 -1.0661e-07 -1.6583e-07 -1.7029e-07 -1.3194e-07 -1.4166e-07 -1.7624e-07 -1.789e-07 -1.1871e-09 -8.9488e-09 7.5365e-08 1.8875e-08 1.7427e-07 1.2586e-07 1.339e-07 1.2553e-07 9.7337e-08 5.9264e-08 1.2594e-07 1.9857e-07 1.9656e-07 3.2844e-07 3.5724e-07 1.2305e-07 4.3666e-07 5.053e-07 5.7981e-07 1.482e-07 4.1092e-08 -7.5411e-08 1.1011e-07 5.0178e-08 -3.9939e-09 -3.9635e-08 -1.0204e-08 -1.7445e-08 1.5822e-08 6.7979e-08 -1.273e-08 9.5896e-08 1.0437e-08 1.4299e-08 5.8338e-08 1.2444e-08 -2.9651e-08 -2.0836e-08 -6.8445e-09
-8.7388e-08 1.1223e-07 6.0669e-07 1.8431e-07 4.2522e-07 4.8389e-07 2.6954e-07 4.265e-07 3.2171e-07 3.9023e-07 3.9156e-07 2.9489e-07 1.0708e-07 4.0998e-08 1.3439e-08 2.8637e-08 4.1883e-08 4.0341e-07 9.3801e-08 1.0704e-07 1.6906e-07 2.7638e-07 2.8155e-07 3.2824e-07 3.6216e-07 4.2955e-07 4.975e-07 6.2375e-07 7.6424e-07 8.8956e-07 1.0087e-06 1.1604e-06 1.2563e-06 1.2806e-06 1.2994e-06 1.6806e-06 1.6595e-06 1.8989e-06 2.6528e-06 3.1825e-06 2.0083e-06 1.4689e-06 1.265e-06 1.1188e-06 9.6504e-07 8.3655e-07 7.5791e-07 7.0009e-07 6.5618e-07 6.5677e-07 6.7241e-07 7.3244e-07 1.0384e-06 1.0299e-06 1.0714e-06 1.4049e-06 1.2586e-06 1.0291e-06 5.367e-07 4.1423e-07 2.1738e-07 1.3102e-08 -2.2412e-08 -1.0563e-08 -1.3826e-07 -2.4216e-08 1.6689e-08 -1.6698e-08 -7.2049e-08 -6.4678e-08 -1.0475e-07 -1.5579e-07 -1.0146e-07 -1.3779e-08 -7.2788e-08 -1.2882e-07 -8.4641e-08 -7.7691e-08 -1.4785e-07 -1.331e-07 -1.2354e-07 -1.2569e-07 -7.6381e-08 -1.0121e-07 5.456e-08 6.1362e-08 1.072e-07 1.8992e-07 2.3159e-07 1.6416e-07 1.14e-07 1.2706e-07 8.6931e-08 1.0933e-07 1.2413e-07 1.5189e-07 1.4105e-07 3.0599e-07 1.7544e-07 3.0716e-07 1.3538e-07 1.1574e-07 2.1922e-07 2.1145e-07 1.3094e-07 9.4024e-08 6.8481e-08 9.9578e-08 2.9602e-07 2.1751e-08 1.0684e-07 -4.923e-08 -8.8492e-08 -1.0974e-07 6.5701e-08 -2.9916e-08 -1.754e-07 -1.7845e-07 -8.512e-08 -8.1698e-08 3.214e-08 3.5786e-08 6.433e-08 4.455e-09 4.9366e-08 4.0381e-08 6.5363e-08 6.3652e-08 -2.7431e-08 -1.1718e-07 -1.6318e-07 -1.789e-07 -1.5596e-07 -1.3326e-07 -1.6193e-07 -1.7784e-07 -1.777e-07 -1.782e-07 -1.7882e-07 -1.2621e-07 -1.1643e-07 -4.7615e-08 2.3926e-08 6.5835e-08 8.026e-08 1.2899e-07 1.3873e-07 1.1456e-07 1.1513e-07 1.0177e-07 9.0007e-08 1.6106e-07 1.7041e-07 3.3464e-07 2.4944e-07 4.1081e-07 6.0525e-07 4.9883e-07 1.9467e-07 6.0887e-07 2.2293e-07 7.3276e-08 2.08e-08 1.7365e-07 9.1901e-09 2.7057e-07 2.3988e-08 -2.8577e-08 4.2825e-08 8.3209e-08 2.7115e-08 6.7444e-08 1.357e-07 9.4627e-08 5.0179e-08 8.2863e-09 6.1121e-08 1.3901e-08 -2.3172e-08 -6.7018e-08
6.0831e-10 1.2964e-07 1.3481e-07 1.4477e-07 3.7718e-07 4.305e-07 2.1004e-07 5.4788e-07 3.7308e-07 2.4274e-07 2.8074e-07 1.2898e-07 1.6156e-07 1.0965e-07 1.069e-08 8.1383e-08 8.7748e-09 2.8398e-07 9.9461e-08 3.0282e-07 2.9191e-07 2.8511e-07 3.3201e-07 3.43e-07 4.2131e-07 4.6942e-07 5.2968e-07 5.848e-07 7.8313e-07 9.2581e-07 1.083e-06 1.2316e-06 1.4123e-06 1.4166e-06 1.4987e-06 1.4153e-06 1.3179e-06 2.0125e-06 2.1592e-06 3.0438e-06 1.8784e-06 1.4518e-06 1.2753e-06 1.0836e-06 9.2638e-07 7.9639e-07 7.0451e-07 6.4321e-07 6.0352e-07 5.3683e-07 5.4314e-07 5.1405e-07 6.1554e-07 8.7578e-07 8.7393e-07 8.2728e-07 7.0074e-07 7.0619e-07 7.426e-07 7.4248e-07 8.3332e-07 2.0069e-07 -3.3087e-08 -4.0812e-08 -3.0101e-08 -3.6659e-08 -6.1721e-08 -1.1292e-07 -5.4873e-08 -2.9148e-08 -3.9075e-08 -1.6765e-07 -1.7624e-07 -1.7879e-07 -1.3809e-07 -6.1309e-08 -1.2486e-07 -1.2821e-07 -1.5893e-07 -1.5791e-07 -1.5456e-07 -1.5194e-07 -1.3425e-07 -8.2772e-08 -5.2541e-08 1.2422e-08 6.4539e-10 -5.0606e-09 1.1488e-07 1.5529e-07 1.7042e-07 1.0233e-07 9.6801e-08 2.3236e-07 1.8146e-07 1.3638e-07 1.2928e-07 2.2607e-07 2.3022e-07 2.3534e-07 1.3987e-07 5.2991e-08 2.4432e-07 1.2392e-07 7.6332e-08 1.1534e-07 1.2282e-08 2.3398e-07 3.8376e-07 2.7472e-07 5.508e-08 5.2261e-08 -2.9612e-08 1.8574e-08 3.9972e-08 1.0859e-08 -6.8152e-09 -1.7855e-07 -1.7883e-07 -1.7096e-07 -1.5109e-07 -1.4177e-07 -9.6348e-08 -7.7285e-08 -5.9932e-08 -2.9767e-09 3.1789e-08 -6.8916e-09 -2.4065e-08 -1.2707e-07 -1.7896e-07 -1.5957e-07 -1.6239e-07 -1.7496e-07 -1.5853e-07 -1.7534e-07 3.59e-07 -1.7835e-07 -1.777e-07 1.6013e-07 1.508e-10 1.0226e-07 1.2982e-07 1.3046e-07 1.1971e-07 1.1558e-07 1.1471e-07 1.107e-07 1.4282e-07 1.5669e-07 1.6863e-07 2.5705e-07 4.3685e-07 4.8325e-07 5.3699e-07 4.2084e-07 1.8694e-07 5.6776e-07 5.2895e-07 2.7507e-07 4.0634e-07 2.2519e-07 6.9688e-08 7.4663e-08 -4.6285e-08 2.2189e-07 5.2543e-09 6.5187e-08 1.4422e-08 -2.7104e-08 -2.5279e-09 4.7631e-08 1.8528e-07 2.5827e-07 2.4888e-07 1.1084e-07 1.1153e-07 8.7188e-08 -2.4819e-08 -3.7935e-08
-3.9683e-08 1.933e-07 7.2222e-08 1.6333e-07 1.7556e-07 2.0204e-07 1.4816e-07 3.4593e-08 2.1701e-07 1.0309e-07 1.6098e-07 -2.3494e-08 -2.1335e-08 9.3409e-09 -2.2586e-08 4.3271e-08 2.6512e-08 1.6077e-07 2.9224e-07 1.338e-07 2.492e-07 3.231e-07 3.4411e-07 3.9791e-07 4.5252e-07 5.3829e-07 6.0256e-07 6.75e-07 8.4076e-07 1.0467e-06 1.2068e-06 1.3475e-06 1.4769e-06 1.5669e-06 1.599e-06 1.9413e-06 1.7398e-06 1.5501e-06 2.1654e-06 1.984e-06 1.7537e-06 1.4846e-06 1.2436e-06 1.0758e-06 9.7224e-07 8.501e-07 7.7134e-07 6.6608e-07 6.0201e-07 5.9368e-07 5.1737e-07 4.9559e-07 6.0897e-07 7.6709e-07 1.1652e-06 8.3832e-07 7.0084e-07 6.2904e-07 6.2402e-07 6.834e-07 9.8385e-07 4.5015e-07 3.5758e-08 1.6402e-08 -2.0729e-08 -2.591e-08 -2.5428e-08 1.3397e-07 5.758e-08 1.378e-08 -5.7884e-09 -1.6348e-08 -1.4262e-07 -1.7174e-07 -1.5021e-07 -1.5446e-07 -1.6937e-07 -1.7477e-07 -1.7715e-07 -1.686e-07 -1.6913e-07 -1.6088e-07 -1.7863e-07 -1.4268e-07 -1.7368e-07 -5.4966e-08 -7.4063e-08 -7.6754e-08 -6.6031e-08 1.2214e-07 1.6916e-08 5.7165e-08 -1.8979e-08 2.648e-07 1.1749e-07 1.2925e-07 1.2898e-07 2.8523e-07 4.1366e-07 1.5414e-07 1.3948e-07 1.8828e-07 1.5882e-07 1.4324e-07 1.9428e-07 3.3274e-07 1.5353e-07 4.0788e-07 4.9647e-07 3.5805e-07 2.3642e-07 2.0421e-07 7.7984e-08 1.2716e-07 -4.1864e-08 -1.4244e-07 -6.2409e-08 -1.6484e-07 -1.7864e-07 -1.7506e-07 -1.6139e-07 -1.7376e-07 -1.7804e-07 -1.0492e-07 -1.6755e-07 -4.8186e-08 -9.4683e-08 -1.7739e-07 -1.7842e-07 -1.638e-07 -1.7811e-07 -1.5083e-07 -1.4682e-07 -1.7313e-07 -1.4823e-07 1.7523e-08 5.6026e-08 -3.9139e-08 2.3573e-07 8.7267e-08 1.3319e-07 2.0162e-07 2.5577e-07 2.356e-07 1.9914e-07 1.6948e-07 5.5424e-08 1.5721e-07 1.7595e-07 2.2294e-07 2.4494e-07 3.2083e-07 4.6431e-07 6.2376e-07 5.6025e-07 4.512e-07 2.8025e-07 4.6856e-07 6.8247e-07 4.9802e-07 5.3743e-07 3.6998e-07 2.0715e-07 6.7416e-08 1.8509e-07 1.7116e-07 2.5654e-08 1.7122e-07 7.2063e-08 5.5509e-09 2.5467e-08 1.5386e-07 2.7022e-07 4.3164e-08 5.052e-08 1.132e-07 7.333e-08 -4.0549e-08 -1.0101e-07 -1.6281e-08
-3.5885e-08 -1.287e-08 1.4967e-07 1.4648e-07 1.7503e-07 1.3005e-07 6.3817e-08 9.1668e-09 -3.7301e-08 -4.8557e-08 -4.3844e-08 -3.186e-08 -8.5213e-08 -9.9283e-08 -2.6504e-08 -6.3849e-08 3.7566e-07 2.3432e-07 1.0465e-07 2.5116e-07 2.5553e-07 3.6055e-07 3.6511e-07 4.0887e-07 4.8288e-07 6.0077e-07 6.9953e-07 8.4883e-07 1.0218e-06 1.1966e-06 1.3611e-06 1.5463e-06 1.6496e-06 1.7085e-06 1.6793e-06 1.7147e-06 2.1384e-06 1.9397e-06 2.1984e-06 2.0503e-06 1.7862e-06 1.4973e-06 1.3248e-06 1.1973e-06 1.0792e-06 9.7375e-07 8.6129e-07 7.5667e-07 6.435e-07 5.7898e-07 4.5528e-07 4.7225e-07 4.7517e-07 6.1632e-07 9.3806e-07 8.5662e-07 7.1638e-07 7.0604e-07 7.2048e-07 8.7049e-07 1.1751e-06 3.6933e-07 8.2869e-08 6.1679e-08 1.5457e-07 8.8499e-08 1.0462e-08 1.1902e-07 7.5731e-09 1.5517e-08 6.7835e-08 -6.28e-08 -9.6795e-08 -1.7553e-07 -1.7817e-07 -1.6861e-07 -1.6143e-07 -1.7475e-07 -1.6758e-07 -1.7781e-07 -1.7769e-07 -1.7271e-07 -1.7423e-07 -1.7525e-07 -1.6397e-07 -1.0775e-07 -1.2832e-07 -1.449e-07 -1.1959e-07 1.8415e-07 -9.4332e-09 5.4549e-08 -2.6464e-08 -4.8146e-08 -3.8475e-08 1.0429e-07 1.381e-07 -1.4588e-07 1.1379e-07 3.0752e-07 2.4806e-07 3.2639e-07 4.0453e-07 4.6901e-07 3.5096e-07 1.9901e-07 4.8387e-07 5.0336e-07 6.2749e-07 3.8549e-07 2.8611e-07 1.25e-07 1.6526e-07 2.9052e-07 3.0416e-07 2.03e-07 1.7057e-08 -4.9989e-08 -1.2046e-07 -1.4739e-07 -1.7871e-07 -1.717e-07 -1.7829e-07 -1.6592e-07 -1.6496e-07 -1.0954e-07 -1.7072e-07 -1.7092e-07 -1.641e-07 -1.4413e-07 -7.1807e-08 -8.9139e-08 -1.2418e-07 -1.3945e-07 6.3082e-08 2.4287e-07 4.9046e-07 4.1223e-07 2.5754e-07 1.5442e-07 2.3063e-07 3.0125e-07 4.2138e-07 3.6209e-07 2.4316e-07 2.0471e-07 1.7824e-07 1.4707e-07 2.4111e-07 2.6374e-07 2.909e-07 3.1714e-07 2.45e-07 2.9915e-07 2.687e-07 4.7888e-07 2.8497e-07 4.6424e-07 6.2162e-07 4.815e-07 6.3711e-07 3.0795e-07 2.2344e-07 1.3522e-07 1.3208e-07 7.5304e-08 1.0522e-07 4.6202e-08 8.483e-08 -8.3657e-08 6.9196e-08 -1.4113e-07 7.9648e-08 5.7978e-08 4.1477e-08 6.0986e-08 1.1824e-07 -6.7998e-08 -1.3566e-07 -1.5033e-08
4.9191e-08 1.8179e-08 1.4641e-07 1.4407e-07 1.5289e-07 1.4533e-07 3.3634e-08 -1.2748e-07 -7.4948e-08 -4.2613e-08 -9.2091e-09 -1.886e-08 -4.6786e-08 -5.7195e-09 -3.6198e-08 -6.0326e-08 4.6293e-08 1.6715e-07 1.5604e-07 2.3519e-07 3.0276e-07 3.7811e-07 4.0095e-07 4.6412e-07 5.4235e-07 6.3667e-07 8.0655e-07 1.0175e-06 1.2603e-06 1.4631e-06 1.618e-06 1.7957e-06 1.9046e-06 1.9207e-06 1.8474e-06 2.0999e-06 2.0098e-06 2.3876e-06 2.3047e-06 2.031e-06 1.8317e-06 1.6194e-06 1.4889e-06 1.3587e-06 1.2144e-06 1.1116e-06 9.6525e-07 8.6039e-07 7.4745e-07 6.5413e-07 5.9267e-07 5.0969e-07 4.9115e-07 6.4923e-07 8.5555e-07 7.213e-07 8.9685e-07 7.6992e-07 9.0149e-07 1.0528e-06 1.0175e-06 8.5793e-07 1.2363e-07 1.3076e-07 9.6955e-08 1.438e-07 3.268e-08 -2.6232e-09 1.2541e-08 2.2225e-09 -4.903e-08 -3.4513e-08 -8.9021e-08 -1.3921e-07 -1.7636e-07 -1.4881e-07 -1.7843e-07 -1.7657e-07 -1.7861e-07 -1.7691e-07 -1.7896e-07 -1.7839e-07 -1.7661e-07 -1.7705e-07 -1.7884e-07 -1.7634e-07 -1.4789e-07 -1.5153e-07 -1.1774e-07 -2.9358e-08 7.4835e-09 -2.8472e-08 -6.7175e-08 -8.7819e-08 2.1869e-08 7.3412e-08 1.2924e-07 2.5064e-07 2.6932e-07 2.0924e-07 1.7208e-07 1.3918e-07 5.0102e-07 3.6036e-07 2.6322e-07 3.0095e-07 2.1811e-07 5.8639e-07 6.2007e-07 4.408e-07 2.4533e-07 4.1033e-07 2.1969e-07 2.3287e-07 2.0674e-07 1.1312e-07 6.6544e-08 -6.5255e-08 -6.5051e-08 -1.479e-07 -1.669e-07 -1.7759e-07 -1.6e-07 -1.7519e-07 -1.7097e-07 -1.6623e-07 -1.7477e-07 4.8602e-08 -7.5923e-08 -7.4609e-08 -3.6336e-08 9.9434e-09 -9.9444e-08 5.5202e-08 1.977e-07 2.7554e-07 7.2979e-07 6.6846e-07 3.2631e-07 3.7895e-07 2.9488e-07 3.0123e-07 4.3973e-07 5.6819e-07 2.3341e-07 1.9073e-07 1.8465e-07 1.7237e-07 1.6848e-07 2.5847e-07 3.5355e-07 4.5161e-07 5.5029e-07 4.3853e-07 1.6514e-07 4.3343e-07 3.6579e-07 3.8641e-07 5.8499e-07 3.078e-07 3.5462e-07 2.8488e-07 3.342e-07 3.3712e-07 1.2537e-07 7.9007e-08 7.6864e-09 6.8261e-08 1.5293e-07 -6.7229e-08 -9.7907e-08 -2.4059e-08 -3.5401e-08 -9.5402e-08 -7.4952e-08 6.6905e-08 1.8649e-07 2.2655e-08 1.7929e-08 8.9287e-08
3.0662e-07 1.9328e-07 1.8851e-07 2.5161e-07 1.1237e-07 3.0779e-08 -6.686e-08 -1.7454e-07 -1.7149e-07 -1.1794e-07 -9.671e-08 -2.3503e-08 -5.1542e-08 -4.6357e-08 -8.7307e-08 -4.317e-08 2.1606e-09 6.0404e-08 2.1179e-07 2.3861e-07 3.0546e-07 3.982e-07 4.5915e-07 5.6722e-07 6.4104e-07 7.5436e-07 9.2404e-07 1.2387e-06 1.6455e-06 1.8738e-06 2.0222e-06 2.0962e-06 2.1684e-06 2.104e-06 1.9862e-06 2.8374e-06 2.1695e-06 2.4424e-06 2.3632e-06 2.2044e-06 2.1049e-06 1.9092e-06 1.759e-06 1.6141e-06 1.4368e-06 1.269e-06 1.1017e-06 9.7923e-07 8.3589e-07 7.427e-07 6.8121e-07 6.3436e-07 5.7061e-07 5.9384e-07 7.7017e-07 9.49e-07 9.5582e-07 9.632e-07 9.0304e-07 9.508e-07 1.1079e-06 5.1187e-07 2.0613e-07 2.2475e-07 1.5322e-07 9.5021e-08 -1.2912e-08 -2.8432e-08 -4.4682e-08 1.4814e-08 -3.0321e-08 -7.7882e-08 -1.3548e-07 -1.7843e-07 -1.1607e-07 -1.1034e-07 -1.251e-07 -1.781e-07 -1.7334e-07 -1.7385e-07 -1.4546e-07 -1.7719e-07 -1.7896e-07 -1.7872e-07 -1.704e-07 -1.615e-07 -1.7183e-07 -1.3792e-07 -1.4247e-07 -1.5048e-07 -1.1685e-07 -8.0755e-08 -9.112e-08 -6.5611e-08 4.6417e-08 9.2231e-10 1.2397e-07 1.7059e-07 9.0734e-08 3.484e-07 2.081e-07 1.7812e-07 4.2611e-07 2.7887e-07 4.4883e-07 3.1617e-07 5.8244e-07 6.669e-07 4.5655e-07 4.4586e-07 5.2103e-07 3.7262e-07 3.8057e-07 3.0357e-07 2.5691e-07 1.8107e-07 1.7931e-07 1.9832e-07 1.7592e-07 -9.4751e-08 -1.3298e-07 -1.3892e-07 -1.5064e-07 -1.4953e-07 -1.2173e-07 -1.1058e-07 -6.799e-09 -5.2961e-09 -2.887e-08 1.9067e-09 2.3358e-08 1.8169e-07 2.4796e-07 1.3283e-07 2.6023e-07 3.7195e-07 5.5155e-07 6.0974e-07 4.3996e-07 3.5604e-07 2.4994e-07 2.3872e-07 1.6417e-07 1.6833e-07 2.1898e-07 2.0328e-07 1.9361e-07 1.8726e-07 2.3407e-07 2.7424e-07 1.833e-07 3.6697e-07 5.4144e-07 4.9967e-07 3.3746e-07 2.8227e-07 3.2771e-07 2.5208e-07 4.4593e-07 2.8803e-07 2.4771e-07 3.1981e-07 3.6045e-07 3.9248e-07 1.8079e-07 1.7706e-07 2.2299e-07 2.4641e-07 2.199e-08 -8.1997e-08 -1.3448e-07 -1.563e-07 -1.6494e-07 -1.7845e-07 -1.5263e-07 -1.5984e-07 -1.3748e-07 -8.0596e-08 -1.0666e-07 2.7151e-07
2.8308e-07 2.8947e-07 2.2811e-07 1.0791e-07 9.9717e-08 2.1152e-08 -1.3889e-07 -1.6479e-07 -1.5838e-07 -1.4609e-07 -1.1938e-07 -5.8027e-08 -7.9073e-08 9.8807e-08 -6.9414e-08 -1.4923e-07 -2.5099e-09 2.6892e-09 1.1859e-07 2.5542e-07 3.1643e-07 3.9602e-07 5.5252e-07 6.7952e-07 7.6912e-07 9.0152e-07 1.1221e-06 1.6435e-06 2.1154e-06 2.418e-06 2.4689e-06 2.4257e-06 2.3264e-06 2.2381e-06 2.4091e-06 2.7648e-06 2.5401e-06 2.4259e-06 2.5038e-06 2.5683e-06 2.501e-06 2.2773e-06 2.0609e-06 1.9045e-06 1.6489e-06 1.4493e-06 1.268e-06 1.1338e-06 9.7895e-07 8.4868e-07 7.9448e-07 7.0132e-07 6.9177e-07 6.5755e-07 8.0919e-07 9.7455e-07 1.2069e-06 1.1937e-06 9.4778e-07 1.0004e-06 1.1062e-06 4.6045e-07 2.1534e-07 4.2878e-07 2.6379e-07 -1.1632e-07 3.2575e-08 -1.5732e-07 -1.7449e-08 -6.2636e-08 6.2955e-08 -7.8871e-08 -1.2459e-07 -1.7392e-07 -1.1417e-07 -1.2403e-07 -1.1551e-07 -1.7834e-07 -1.6706e-07 -1.7893e-07 -1.6998e-07 -1.7563e-07 -1.7466e-07 -1.7528e-07 -1.7275e-07 -1.7605e-07 -1.7807e-07 -1.7791e-07 -1.7603e-07 -1.5408e-07 -8.7256e-08 -9.8225e-08 -9.8899e-08 -7.2647e-08 -7.5307e-09 -1.3855e-08 1.154e-07 9.724e-08 2.1359e-07 7.5129e-09 1.6389e-07 2.5794e-07 4.1444e-07 4.1686e-07 4.2143e-07 4.4531e-07 4.0737e-07 6.0757e-07 4.0653e-07 4.0899e-07 3.5059e-07 4.2832e-07 4.9973e-07 5.0958e-07 3.8621e-07 3.6092e-07 2.9325e-07 8.3052e-08 5.7591e-08 2.1333e-07 4.2161e-08 7.5804e-08 5.9621e-09 5.869e-09 3.1343e-08 -8.0536e-08 -5.7085e-08 -5.2766e-08 -3.0733e-08 1.5958e-08 1.8871e-07 1.4303e-07 5.5868e-07 4.1556e-07 3.6235e-07 4.2466e-07 6.4999e-07 6.4048e-07 4.1927e-07 3.225e-07 2.1565e-07 2.0321e-07 1.6016e-07 1.279e-07 1.9609e-07 2.1056e-07 2.2186e-07 2.4518e-07 2.607e-07 3.5336e-07 2.9967e-07 3.3546e-07 4.6716e-07 4.171e-07 4.7119e-07 4.277e-07 3.3755e-07 2.5395e-07 3.3356e-07 1.3831e-07 2.5286e-07 2.6748e-07 3.4824e-07 4.2089e-07 7.6684e-08 4.0257e-07 2.8264e-07 1.8531e-07 9.7938e-09 -1.4055e-07 -1.5397e-07 -1.7329e-07 -1.738e-07 -1.7896e-07 -1.7484e-07 -1.6887e-07 -1.6942e-07 -1.3446e-07 -1.699e-07 -4.7076e-08
-1.0933e-07 2.7228e-07 -1.3682e-08 6.1484e-08 -3.502e-08 -8.3822e-08 -1.7424e-07 -1.7882e-07 -1.3678e-07 -1.4807e-07 -1.4739e-07 -6.7505e-08 -1.8096e-08 -3.4101e-08 -7.6885e-08 -1.4286e-07 2.4057e-07 -1.6561e-08 -8.5491e-08 2.0864e-07 2.9117e-07 4.1343e-07 5.3425e-07 6.6513e-07 8.4037e-07 1.0686e-06 1.4712e-06 2.1918e-06 3.0056e-06 3.2747e-06 3.0011e-06 2.6662e-06 2.565e-06 2.4165e-06 2.3357e-06 2.3701e-06 2.269e-06 2.2532e-06 2.6357e-06 2.829e-06 2.8463e-06 2.516e-06 2.3172e-06 2.1353e-06 1.8689e-06 1.5797e-06 1.3834e-06 1.2389e-06 1.1403e-06 1.0656e-06 1.0555e-06 8.7209e-07 7.8626e-07 7.8223e-07 9.2594e-07 9.7937e-07 1.1547e-06 6.8859e-07 1.0306e-06 6.2625e-07 4.2597e-07 -1.5881e-07 -5.0204e-08 1.3478e-08 5.4339e-08 4.2924e-08 -3.6574e-09 5.3395e-08 5.1543e-08 -9.1283e-08 -6.2737e-08 -1.586e-07 -1.4795e-07 -1.6354e-07 -1.5666e-07 -1.5941e-07 -1.3421e-07 -1.6112e-07 -1.7401e-07 -1.7706e-07 -1.746e-07 -1.737e-07 -1.7651e-07 -1.6227e-07 -1.7688e-07 -1.7852e-07 -1.7829e-07 -1.7718e-07 -1.7147e-07 -1.6367e-07 -1.7155e-07 -1.4558e-07 -1.2654e-07 -5.2095e-08 -9.7924e-09 -1.3871e-08 1.6972e-08 8.2759e-08 2.567e-07 8.5034e-08 3.1738e-07 2.7461e-07 3.2776e-07 4.6013e-07 4.1504e-07 5.2708e-07 4.703e-07 4.8311e-07 5.4317e-07 5.1203e-07 3.4514e-07 5.4259e-07 6.1383e-07 6.2319e-07 5.8514e-07 7.2085e-07 3.5981e-07 8.9438e-08 7.7257e-08 7.0304e-08 2.1658e-07 6.638e-08 7.437e-08 1.0761e-07 1.9069e-08 -2.6827e-08 -3.4707e-08 -7.3556e-08 8.4178e-08 2.0184e-07 2.7126e-07 6.0726e-07 6.4219e-07 6.2244e-07 4.9972e-07 5.585e-07 6.5611e-07 5.81e-07 5.5779e-07 3.8374e-07 2.6745e-07 1.86e-07 1.9993e-07 1.9276e-07 1.5265e-07 1.9148e-07 2.6298e-07 2.3025e-07 3.435e-07 2.569e-07 3.4796e-07 2.5637e-07 4.9545e-07 6.1474e-07 2.5127e-07 1.8577e-07 4.2801e-07 1.8474e-07 1.733e-07 2.6599e-07 2.4329e-07 2.8299e-07 4.1811e-07 3.3265e-07 1.7038e-07 1.27e-07 1.7061e-07 1.592e-07 7.4502e-08 -1.5912e-07 -1.784e-07 -1.2489e-07 -1.6612e-07 -1.7427e-07 -1.7232e-07 -1.6276e-07 -1.7891e-07 -1.3132e-07 -4.0822e-08 -7.9659e-08
-1.4187e-07 -1.222e-07 -5.9314e-08 1.8564e-08 -4.0924e-08 -1.3162e-07 -1.7504e-07 -1.7363e-07 -1.7894e-07 -1.7532e-07 -1.767e-07 -1.2681e-07 -1.0066e-07 -1.3104e-07 -1.2636e-07 -1.3944e-07 -3.764e-08 -2.3646e-08 1.8428e-08 1.28e-07 2.376e-07 3.8394e-07 5.166e-07 6.6469e-07 8.8532e-07 1.18e-06 1.6558e-06 2.7128e-06 4.1271e-06 4.4653e-06 3.6148e-06 2.9302e-06 2.7245e-06 2.6671e-06 2.6173e-06 2.2342e-06 2.3669e-06 2.39e-06 2.7269e-06 2.8853e-06 2.8589e-06 2.1624e-06 2.5766e-06 2.2973e-06 2.0097e-06 1.7453e-06 1.4935e-06 1.343e-06 1.2297e-06 1.1483e-06 1.1245e-06 7.9004e-07 1.0513e-06 3.8561e-07 -8.5578e-08 -1.6345e-07 -1.5267e-07 5.5248e-08 2.2583e-08 5.9906e-08 -1.2214e-07 4.3831e-07 4.7015e-07 3.7033e-07 -8.5646e-08 -4.0495e-08 -1.5449e-07 -1.5082e-07 9.4808e-08 2.0854e-08 -1.5932e-07 -1.3108e-07 -1.6466e-07 -1.7764e-07 -1.7896e-07 -1.5919e-07 -1.6871e-07 -1.3596e-07 -1.0578e-07 -1.6846e-07 -1.7226e-07 -1.7157e-07 -1.7373e-07 -1.7371e-07 -1.7892e-07 -1.7868e-07 -1.7408e-07 -1.788e-07 -1.6984e-07 -1.7885e-07 -1.7504e-07 -1.68e-07 -1.4461e-07 -9.8095e-08 -1.5426e-07 -6.5312e-08 -1.5554e-08 5.8026e-08 1.09e-07 1.0769e-07 1.2122e-07 2.1816e-07 3.6101e-07 4.4116e-07 5.2046e-07 3.1995e-07 5.0321e-07 5.1419e-07 5.6459e-07 5.9584e-07 5.7944e-07 5.1972e-07 6.8813e-07 5.288e-07 5.758e-07 4.7754e-07 4.7602e-07 1.8134e-07 1.1951e-07 1.619e-07 1.4416e-07 6.1514e-08 1.1155e-07 1.1329e-07 2.111e-07 5.8725e-08 3.77e-08 2.9974e-08 9.4227e-08 1.6252e-07 5.3709e-07 6.3382e-07 7.6593e-07 5.3556e-07 5.974e-07 5.0957e-07 6.7549e-07 6.0008e-07 3.3481e-07 3.2274e-07 1.5218e-07 1.9023e-07 1.472e-07 1.7616e-07 1.5576e-07 1.8063e-07 3.078e-07 3.6942e-07 3.9144e-07 3.6184e-07 3.7974e-07 4.6378e-07 3.0448e-07 4.901e-07 1.7089e-07 1.7753e-07 3.5608e-07 3.4953e-07 2.2621e-07 1.8784e-07 2.8647e-07 2.4647e-07 3.8838e-07 4.404e-07 3.1087e-07 8.3164e-09 -4.4779e-09 -5.0798e-08 -1.2664e-07 -1.7893e-07 -1.7175e-07 -1.5049e-07 -1.4191e-07 -1.526e-07 -1.5823e-07 -1.4065e-07 -1.2206e-07 -1.5314e-07 -1.2438e-07 -1.5511e-07
-1.2902e-07 -1.6796e-07 -1.1747e-07 -1.1201e-07 -1.6649e-07 -1.6129e-07 -1.7778e-07 -1.6917e-07 -1.7881e-07 -1.786e-07 -1.7661e-07 -1.735e-07 -1.7572e-07 -1.4199e-07 -1.6377e-07 -1.5364e-07 -1.3918e-07 -7.1908e-08 -2.5368e-08 7.1193e-08 1.9484e-07 3.0124e-07 4.883e-07 6.6527e-07 9.5148e-07 1.2367e-06 1.6747e-06 2.5879e-06 4.0786e-06 5.5321e-06 4.7319e-06 2.9415e-06 2.7836e-06 2.7757e-06 2.8278e-06 2.4537e-06 2.4973e-06 2.6642e-06 2.9391e-06 3.0817e-06 2.8022e-06 2.5983e-06 2.6316e-06 2.338e-06 2.0962e-06 1.8692e-06 1.5124e-06 1.4101e-06 1.309e-06 1.199e-06 1.2557e-06 9.3717e-07 -1.757e-07 -1.3442e-07 6.495e-08 6.5637e-08 -1.5742e-07 1.491e-06 1.6025e-06 1.0807e-06 7.7151e-07 6.7866e-07 5.4951e-07 4.5671e-07 2.7655e-07 3.1844e-07 2.4366e-07 -1.5904e-07 -1.2023e-08 -3.6608e-08 4.8662e-08 -1.7686e-07 5.0251e-08 -1.4981e-07 -1.7598e-07 -1.0533e-07 -1.0214e-07 -1.461e-07 -1.205e-07 -1.1327e-07 -1.6633e-07 -1.6588e-07 -1.6107e-07 -1.7058e-07 -1.674e-07 -1.7301e-07 -1.5471e-07 -1.7738e-07 -1.7436e-07 -1.7855e-07 -1.7858e-07 -1.7624e-07 -1.5229e-07 -1.2918e-07 -8.8822e-08 -8.3898e-08 -9.8367e-08 -1.6949e-08 4.1126e-07 2.6195e-07 1.0607e-07 8.467e-08 2.5678e-07 3.5119e-07 3.9148e-07 5.214e-07 5.378e-07 5.0589e-07 5.9845e-07 5.8171e-07 3.9508e-07 5.3456e-07 4.9726e-07 6.1551e-07 5.1315e-07 4.5504e-07 4.7853e-07 3.8935e-07 2.4898e-07 3.2536e-07 2.707e-07 1.7703e-07 1.9147e-07 2.2333e-07 3.3833e-07 5.877e-08 9.1448e-08 1.2697e-08 9.2287e-08 1.0226e-07 1.9225e-07 4.8887e-07 7.2282e-07 6.3031e-07 6.5112e-07 4.2344e-07 5.6949e-07 3.8994e-07 2.5885e-07 2.4836e-07 1.0624e-07 1.3371e-07 1.8649e-07 1.5482e-07 1.4678e-07 1.5857e-07 2.0226e-07 1.8276e-07 2.7764e-07 2.8653e-07 3.3123e-07 4.7991e-07 6.3725e-07 4.4306e-07 4.6835e-07 3.6701e-07 2.2119e-07 1.8387e-07 2.7103e-07 1.1094e-07 2.1215e-07 5.1997e-08 -2.4972e-08 6.8976e-08 1.3713e-08 -1.7819e-07 -3.1961e-08 -1.2318e-07 -1.5857e-07 -1.7611e-07 -1.6441e-07 -1.5929e-07 -1.1967e-07 -1.3228e-07 -1.0973e-07 -9.1808e-08 -9.0268e-08 -1.6946e-07 -1.5304e-07 -1.7723e-07
-1.7567e-07 -1.7723e-07 -1.7839e-07 -1.4979e-07 -1.1354e-07 -1.7623e-07 -1.6726e-07 -1.7881e-07 -1.6643e-07 -1.5623e-07 -1.7881e-07 -1.7614e-07 -1.7727e-07 -1.7303e-07 -1.7378e-07 -1.5378e-07 -1.5417e-07 -1.1124e-07 -7.1504e-08 2.9552e-08 1.1438e-07 2.6998e-07 4.0547e-07 6.1343e-07 8.5365e-07 1.169e-06 1.5642e-06 1.9707e-06 3.8241e-06 6.6745e-06 6.6853e-06 3.604e-06 2.8584e-06 2.8556e-06 2.8139e-06 2.8839e-06 2.6342e-06 2.7649e-06 2.7427e-06 2.9298e-06 2.8487e-06 2.4783e-06 1.5682e-06 8.0742e-07 1.3282e-06 1.8375e-06 1.5383e-06 1.2476e-06 1.2744e-06 1.0758e-06 -1.6878e-07 -3.8066e-08 -5.3254e-08 6.2937e-08 -1.431e-07 1.2739e-06 1.7154e-06 6.374e-07 1.385e-06 8.0234e-07 6.8546e-07 6.1565e-07 3.1532e-07 3.8171e-07 2.087e-07 1.3741e-07 -1.7744e-07 -5.7652e-08 -7.7381e-08 -1.2966e-07 5.2001e-08 5.2794e-08 6.1266e-08 1.2373e-08 -3.1186e-08 -9.8133e-08 -1.6497e-07 -1.3711e-07 -1.318e-07 -3.4893e-08 -1.126e-07 -1.6849e-07 -1.5494e-07 -1.5132e-07 -1.5861e-07 -1.5477e-07 -1.31e-07 -1.7489e-07 -1.7219e-07 -1.7216e-07 -1.5693e-07 -1.723e-07 -1.7188e-07 -1.6573e-07 -1.2723e-07 -6.9344e-08 -8.733e-08 -3.0482e-08 1.5644e-07 1.8961e-07 9.0582e-08 1.4683e-07 3.01e-07 2.412e-07 2.5653e-07 4.0815e-07 5.2665e-07 3.8454e-07 -3.6852e-09 -8.3189e-08 4.9124e-07 3.3925e-07 4.4081e-07 3.9883e-07 4.2007e-07 4.7636e-07 4.6639e-07 4.2944e-07 3.2927e-07 3.0603e-07 2.9993e-07 3.8313e-07 3.0141e-07 3.6923e-07 3.8281e-07 3.3861e-07 2.3399e-07 1.1184e-07 9.1978e-08 9.2731e-08 2.081e-07 3.5065e-07 7.1031e-07 3.747e-07 3.6987e-07 6.0275e-07 2.6997e-07 1.7955e-07 3.9178e-07 2.2343e-07 1.1103e-07 9.7154e-08 5.1664e-08 1.1297e-07 1.1204e-07 1.814e-07 2.1203e-07 7.8406e-08 1.1126e-07 2.4712e-07 5.3847e-07 4.4462e-07 6.3079e-07 3.3097e-07 1.7959e-07 2.3678e-07 1.6104e-07 3.0674e-08 1.5997e-07 7.5012e-08 -4.0788e-08 -1.7794e-07 -1.7033e-07 -1.6634e-07 -1.6136e-07 -1.7027e-07 -1.7329e-07 -1.7878e-07 -1.6817e-07 -1.6357e-07 -1.4816e-07 -1.277e-07 -1.0472e-07 -2.5435e-08 -6.2341e-08 -6.9248e-08 -1.6534e-07 8.5576e-08 -1.5691e-07 -1.7048e-07
-1.6416e-07 -1.6887e-07 -1.7572e-07 -1.7574e-07 -5.0815e-08 -8.9259e-08 -1.5175e-07 -1.4241e-07 -8.3367e-08 -1.2497e-07 -1.4242e-07 -1.6941e-07 -1.7819e-07 -1.7876e-07 -1.7892e-07 -1.7782e-07 -1.7895e-07 -1.5451e-07 -1.0803e-07 -3.7635e-08 6.2165e-08 1.9504e-07 3.3066e-07 5.5419e-07 7.8816e-07 1.0241e-06 1.3338e-06 1.6228e-06 3.4124e-06 5.6016e-06 5.0122e-06 3.9706e-06 3.0535e-06 2.9041e-06 2.8041e-06 2.6771e-06 2.9355e-06 2.9246e-06 2.6696e-06 2.9218e-06 1.129e-06 9.9974e-07 2.3401e-06 4.2008e-07 6.8817e-07 4.7578e-07 4.8118e-07 -1.7186e-07 -1.7785e-07 -5.251e-09 6.2741e-07 1.4209e-06 1.6302e-07 5.0728e-08 -1.7892e-07 -1.6269e-07 -1.1973e-07 4.0296e-07 8.7835e-07 6.05e-07 5.4848e-07 5.3364e-07 4.0796e-07 3.3663e-07 -1.031e-07 -1.2995e-07 -1.0484e-07 -1.5622e-07 1.0899e-07 4.9001e-08 -1.3062e-07 5.5842e-08 5.204e-08 2.0248e-08 4.4214e-08 1.2484e-08 -4.2999e-08 -1.5451e-07 -1.5849e-07 -1.3214e-07 -1.2211e-07 -1.4074e-07 -1.3301e-07 -1.6142e-07 -1.5302e-07 -1.6346e-07 -1.7399e-07 -1.7831e-07 -1.7893e-07 -1.7721e-07 -1.7885e-07 -1.7534e-07 -1.7165e-07 -1.6499e-07 -1.6247e-07 -1.6817e-07 -1.6843e-07 -8.2924e-08 5.6393e-08 8.2228e-09 2.9728e-07 3.1621e-07 2.5392e-07 2.37e-07 5.035e-07 3.2135e-07 2.6463e-07 3.7939e-07 3.8784e-07 3.712e-07 2.9215e-07 3.0339e-07 2.4744e-07 5.1587e-07 4.8199e-07 4.7566e-07 4.7888e-07 2.7818e-07 2.5956e-07 3.285e-07 4.6758e-07 5.4174e-07 4.9165e-07 5.9064e-07 4.1699e-07 2.2507e-07 3.0672e-07 2.4751e-07 9.771e-08 9.5383e-08 1.327e-07 1.7208e-07 5.5444e-07 5.9241e-07 4.2026e-07 3.198e-07 3.126e-07 2.7168e-07 3.2159e-07 1.8886e-07 9.4125e-08 1.1099e-07 1.994e-08 3.2644e-08 4.8877e-08 3.2847e-08 -4.014e-09 -4.6706e-10 9.0791e-09 -6.0149e-08 6.2243e-07 6.8292e-07 6.1136e-07 3.3082e-07 5.0427e-07 5.3262e-08 -1.776e-07 -1.1394e-07 -1.2428e-07 -1.1532e-07 -1.7808e-07 -1.7128e-07 -1.7637e-07 -1.7893e-07 -1.4411e-07 -1.0588e-07 -1.3822e-07 -1.1152e-07 -1.0684e-07 -1.133e-07 -1.0767e-07 -1.0991e-07 -8.6104e-08 -5.2292e-08 -2.5463e-08 -2.399e-08 -9.0468e-08 -1.2693e-07 -1.395e-07 -1.6306e-07
-1.5664e-07 -1.4278e-07 -1.2671e-07 -1.3391e-07 -1.6098e-07 -4.1655e-08 -5.3053e-08 -5.608e-08 -3.4661e-08 -1.1165e-07 -1.4478e-07 -1.788e-07 -1.724e-07 -1.6194e-07 -1.3988e-07 -1.2198e-07 -1.2231e-07 -1.6607e-07 -1.3402e-07 -1.2996e-07 -3.6154e-08 7.0598e-08 2.1257e-07 4.2273e-07 6.2108e-07 8.5577e-07 1.1023e-06 1.5211e-06 2.1206e-06 3.0227e-06 3.8246e-06 3.6741e-06 3.0494e-06 2.9689e-06 2.754e-06 2.6044e-06 2.6166e-06 2.0594e-06 2.4547e-06 2.8117e-06 2.6072e-06 2.4325e-06 2.1853e-06 1.7699e-07 9.0638e-07 1.9015e-08 7.6783e-07 4.2226e-07 9.1125e-07 1.2849e-06 1.5034e-06 1.5313e-07 -1.7198e-07 -1.7891e-07 -1.3629e-07 1.2465e-06 1.0698e-06 5.4201e-07 -1.7893e-07 -1.7651e-07 4.4597e-07 3.8451e-07 3.3358e-07 3.1581e-07 6.6195e-08 1.9467e-07 -3.6141e-08 9.8347e-08 7.395e-08 -1.0922e-08 -1.3661e-07 -1.742e-07 -1.4912e-08 -1.7826e-07 -1.7738e-07 -1.5443e-08 2.2344e-08 -1.0093e-08 -1.7573e-07 -1.636e-07 -4.9135e-08 -1.0061e-07 -1.1148e-07 -1.3361e-07 -1.4409e-07 -1.6468e-07 -1.7621e-07 -1.7549e-07 -1.6503e-07 -1.7432e-07 -1.7846e-07 -1.789e-07 -1.7771e-07 -1.6261e-07 -1.6338e-07 -1.7365e-07 -1.6866e-07 -1.655e-07 -1.1814e-07 -1.3513e-07 5.2947e-08 3.8716e-07 3.1687e-07 2.4954e-07 1.3782e-07 2.4153e-07 2.8325e-07 3.1073e-07 2.6629e-07 3.3243e-07 1.2827e-07 1.0304e-07 1.5604e-07 4.3296e-07 5.0268e-07 4.7581e-07 5.7578e-07 4.8534e-07 5.8748e-07 3.6241e-07 4.8008e-07 3.4549e-07 4.4864e-07 4.394e-07 3.4099e-07 4.1895e-07 1.7638e-07 3.3697e-07 1.3564e-07 1.1529e-07 1.6763e-07 3.6357e-07 3.1779e-07 5.2342e-07 3.3072e-07 2.758e-07 1.4618e-07 1.8819e-07 1.5254e-07 1.0771e-07 1.4375e-07 6.2479e-08 -7.3081e-08 -8.6533e-08 -4.6598e-08 -2.7246e-08 -1.5812e-07 -1.1572e-07 -9.3563e-09 5.8485e-08 2.4486e-07 4.1149e-07 1.1403e-07 1.5627e-07 1.8928e-07 1.372e-08 -1.3226e-07 -1.7869e-07 2.9983e-08 -1.271e-07 -1.5832e-07 -1.7741e-07 -1.7701e-07 -1.3423e-07 -1.3374e-07 -7.4665e-08 -7.2453e-08 -8.6538e-08 -8.6696e-08 -7.1632e-08 -6.2843e-08 -6.7793e-08 -3.5153e-08 -3.7488e-08 -3.8152e-08 -2.905e-08 -2.4692e-08 -6.0509e-08 -1.011e-07 -1.3398e-07
-1.3126e-07 -1.3825e-07 -1.0422e-07 -9.7597e-08 -1.2193e-07 2.2918e-10 1.8887e-09 -1.7547e-08 -8.0116e-08 -5.4837e-08 -1.6776e-07 -1.6532e-07 -1.3528e-07 -4.0348e-08 -5.1509e-08 -2.8035e-08 -1.7409e-07 -1.409e-07 -1.6803e-07 -1.7664e-07 -1.4745e-07 -2.7102e-08 1.243e-08 1.9972e-07 4.3923e-07 6.6727e-07 8.9259e-07 1.3062e-06 1.6405e-06 2.3091e-06 2.859e-06 2.9681e-06 3.1429e-06 3.1621e-06 2.6961e-06 2.4491e-06 2.2659e-06 2.1698e-06 2.1467e-06 2.3755e-06 2.4851e-06 2.1684e-06 1.964e-06 1.5152e-06 1.3702e-06 1.3451e-06 1.0501e-06 1.0323e-06 1.1129e-06 1.2544e-06 1.3787e-06 1.4852e-06 1.2448e-06 1.3551e-07 3.514e-07 9.9756e-07 7.2678e-07 5.1095e-07 3.771e-07 -9.3199e-08 4.4959e-07 1.8512e-07 1.9694e-07 9.6539e-08 7.5625e-08 3.9806e-08 -1.7573e-07 -5.1856e-08 -8.7142e-08 -1.4817e-07 -1.7156e-07 -1.7882e-07 5.3601e-08 -1.5854e-07 -1.6841e-07 -4.4592e-08 -9.4624e-08 -6.9132e-08 -1.4428e-07 -1.3456e-07 -1.0858e-07 -1.0888e-07 -4.9418e-08 -9.9649e-08 -1.3869e-07 -1.546e-07 -1.4263e-07 -1.6321e-07 -1.6504e-07 -1.6982e-07 -1.741e-07 -1.786e-07 -1.7862e-07 -1.776e-07 -1.7101e-07 -1.6765e-07 -1.0294e-07 -1.6682e-07 -1.6603e-07 -1.6981e-07 -1.4714e-08 1.5882e-07 2.4178e-07 1.8319e-07 8.7241e-08 2.4576e-07 2.0296e-07 1.3857e-07 1.6232e-07 1.6101e-07 8.2416e-08 8.1077e-08 1.7534e-07 2.8575e-07 3.5853e-07 5.3741e-07 6.5872e-07 1.76e-07 2.4226e-07 3.4143e-07 3.7585e-07 3.2561e-07 3.9166e-07 2.346e-07 4.5819e-07 3.2228e-07 4.1301e-07 1.6302e-07 1.4409e-07 7.0508e-08 2.1316e-07 1.6254e-07 1.9962e-07 2.4399e-07 1.098e-07 -9.5261e-08 2.2366e-07 1.2604e-08 5.4534e-08 1.4045e-07 5.7567e-08 3.4523e-08 -1.3665e-07 -1.3695e-07 -5.5227e-08 -1.7154e-07 -1.5378e-07 -7.2603e-08 8.1783e-09 9.2866e-08 2.7316e-07 2.071e-07 2.4386e-07 1.7524e-07 9.3981e-08 -1.2426e-07 -1.3167e-07 -1.3079e-07 -1.2267e-07 -1.6613e-07 -1.1353e-07 -1.288e-07 -1.3409e-07 -1.4426e-07 -1.1765e-07 -6.8344e-08 -9.4171e-08 -1.3193e-07 -3.7807e-08 -3.1113e-08 -3.6968e-08 -2.1292e-08 -1.4754e-08 -9.1468e-09 -1.0424e-08 -9.2156e-09 -1.8183e-08 -3.3786e-08 -8.3426e-08 -9.2546e-08
-7.9282e-08 -9.1728e-08 -8.2271e-08 -5.3259e-08 -3.9674e-08 3.9143e-09 5.6508e-09 -2.5746e-08 -4.4394e-08 -1.3109e-07 -1.7633e-07 -1.487e-07 -1.1807e-07 -4.7925e-08 -3.2158e-09 -9.7698e-08 -1.6671e-07 -1.3143e-07 -1.4666e-07 -1.7806e-07 -1.701e-07 -1.3845e-07 -8.3225e-08 4.4269e-08 2.3306e-07 5.3026e-07 7.9374e-07 1.1106e-06 1.434e-06 1.7939e-06 2.3358e-06 2.6563e-06 3.4768e-06 4.4738e-06 2.5698e-06 2.3275e-06 2.1792e-06 2.0336e-06 1.9464e-06 1.9265e-06 1.9016e-06 1.4751e-06 1.303e-06 1.1566e-06 1.0382e-06 7.9103e-07 6.5778e-07 5.6653e-07 4.621e-07 3.728e-07 5.063e-07 1.1222e-07 -7.1989e-08 9.8758e-07 9.3072e-07 8.0192e-07 4.5517e-07 3.2499e-07 2.8866e-07 -1.0128e-07 1.6794e-07 8.1522e-08 6.6917e-08 7.5083e-08 5.2989e-09 -2.2999e-08 -1.8851e-08 -1.7617e-07 -1.7864e-07 -1.7611e-07 -1.0795e-07 -1.7869e-07 3.1756e-08 3.9067e-08 -1.1862e-07 -1.1699e-07 -1.3908e-07 -1.3213e-07 -1.2345e-07 -8.7718e-08 -1.731e-08 -4.3727e-08 -6.5226e-08 -1.2757e-07 -1.2003e-07 -1.2633e-07 -1.4531e-07 -1.6338e-07 -1.7156e-07 -1.7403e-07 -1.7122e-07 -1.6296e-07 -1.7805e-07 -1.7891e-07 -1.7401e-07 -1.6841e-07 -7.9683e-08 -1.648e-07 -1.6341e-07 -1.6784e-07 -2.3642e-08 3.2753e-08 9.0305e-08 1.5814e-07 8.2454e-08 1.0951e-07 1.2714e-07 6.9583e-08 5.4164e-08 3.5136e-08 -3.8831e-09 4.6231e-09 2.2423e-07 3.1236e-07 3.232e-07 4.4933e-07 5.7078e-07 1.6928e-07 2.435e-07 2.5703e-07 2.4561e-07 3.9535e-07 3.6194e-07 4.4188e-07 3.0113e-07 2.76e-07 2.0915e-07 1.5792e-07 -2.4904e-08 2.1251e-08 1.2643e-07 2.8291e-07 1.3605e-07 9.2757e-08 -8.6989e-08 -7.1623e-08 -1.1806e-08 -1.7191e-07 3.4581e-08 8.6027e-08 1.9577e-08 -2.3308e-08 -1.4968e-07 -1.5606e-07 -1.6202e-07 -1.748e-07 -1.6712e-07 1.6835e-08 -4.8283e-08 8.5227e-08 1.225e-07 9.2958e-08 -9.0177e-08 -1.0352e-07 -1.6014e-07 -1.3569e-07 -8.62e-08 -5.8936e-08 -9.2156e-08 -9.8769e-08 -4.1644e-08 -6.6778e-08 -1.1147e-07 -1.1579e-07 -6.413e-08 -8.5653e-08 -1.3723e-07 -8.6836e-08 -4.2334e-08 -2.6431e-08 -2.1871e-08 -1.765e-08 -1.6274e-08 -7.871e-09 -5.3482e-09 -7.8278e-09 -2.6935e-08 -2.4919e-08 -4.8739e-08 -7.0307e-08
-6.4118e-08 -8.769e-08 -5.3579e-08 -1.395e-08 -2.7231e-08 -1.0892e-08 6.441e-09 2.1061e-08 -3.7792e-08 -1.0437e-07 -1.7082e-07 -1.692e-07 -6.8673e-08 -3.4638e-09 -1.3227e-09 -4.3133e-08 -7.952e-08 -1.0643e-07 -1.7694e-07 -1.644e-07 -1.7874e-07 -1.7872e-07 -9.442e-08 1.1171e-07 3.0234e-07 3.6355e-07 6.2638e-07 1.0184e-06 1.3891e-06 1.5253e-06 1.7365e-06 2.0148e-06 3.2338e-06 5.01e-06 4.3114e-06 2.1633e-06 2.0809e-06 2.0113e-06 1.8426e-06 1.6709e-06 1.4668e-06 1.3083e-06 1.1939e-06 1.044e-06 8.6448e-07 6.4691e-07 5.1196e-07 3.7102e-07 1.7198e-07 2.5972e-08 5.5849e-07 1.0166e-06 1.1009e-06 9.2138e-07 7.826e-07 5.2811e-07 3.4932e-07 1.9038e-07 1.6565e-07 1.7358e-08 9.4237e-08 2.9367e-08 -1.2809e-07 2.9461e-08 -8.9295e-09 -4.681e-08 -1.0213e-08 -1.5857e-07 -1.3586e-07 -1.7144e-07 -1.7431e-07 1.6117e-08 6.4082e-08 6.2628e-08 -1.6016e-07 -1.3883e-07 -1.3522e-07 -1.2333e-07 -1.5684e-07 -6.003e-09 -1.5515e-07 -1.3596e-08 -9.7534e-08 -1.3648e-07 -9.7665e-08 -1.0756e-07 -1.4127e-07 -1.6526e-07 -1.5603e-07 -1.72e-07 -1.7356e-07 -1.6715e-07 -1.7676e-07 -1.7721e-07 -1.7859e-07 -1.727e-07 -1.6622e-07 -1.168e-07 -1.233e-07 -8.3847e-08 -7.6095e-08 -8.958e-08 -3.2144e-08 -9.9667e-08 6.1546e-08 1.3318e-07 1.1228e-07 -4.0986e-08 2.2086e-09 1.1694e-08 1.083e-08 1.4727e-07 9.069e-08 1.4838e-07 2.9646e-07 3.6677e-07 2.4259e-07 2.469e-07 3.5694e-07 2.0047e-07 2.7091e-07 3.2791e-07 2.9382e-07 2.8123e-07 2.841e-07 2.4207e-07 1.7537e-07 8.7426e-08 6.7665e-08 7.4401e-09 -1.0739e-07 -6.2308e-08 -1.5207e-07 -1.4753e-07 -1.6244e-07 -1.5061e-07 -1.0194e-07 -8.9903e-08 -1.3209e-07 -7.0777e-08 -1.5363e-07 -1.6139e-07 -1.7857e-07 -1.7812e-07 -1.7895e-07 -1.6246e-07 -6.0013e-08 -4.3622e-08 -6.0226e-08 2.3491e-08 -4.7495e-08 -1.3856e-07 -1.6946e-07 -1.5107e-07 -1.4381e-07 -1.3049e-07 -8.2473e-08 -5.4797e-08 -6.8604e-08 -4.3974e-08 -6.4224e-08 -6.4136e-08 -8.3372e-08 -5.1049e-08 -5.7646e-08 -8.0196e-08 -1.0927e-07 -5.1717e-08 -3.5051e-08 -2.8201e-08 -2.0579e-08 -1.461e-08 -1.4251e-08 -1.025e-08 -8.3876e-09 -8.1887e-09 -6.2755e-09 -1.4922e-08 -2.437e-08 -3.9652e-08
-4.5709e-09 -1.6262e-08 -1.022e-08 1.696e-09 1.35e-08 1.8274e-08 1.4612e-08 6.1034e-09 -6.0679e-09 -1.0237e-07 -1.2888e-07 -1.1808e-07 2.7982e-09 1.5784e-08 1.2975e-08 -9.3741e-09 -3.1234e-08 -1.6062e-07 -1.7116e-07 -1.3334e-07 -1.5867e-07 -1.5948e-07 -4.1175e-08 1.7638e-07 4.2251e-07 1.4901e-07 4.2404e-07 1.2771e-06 1.3749e-06 1.3255e-06 1.3916e-06 1.3261e-06 1.5585e-06 3.406e-06 2.5329e-06 2.004e-06 2.1304e-06 2.0678e-06 1.8052e-06 1.5702e-06 1.3653e-06 1.2532e-06 1.161e-06 1.1704e-06 6.8727e-07 5.0431e-07 3.1084e-07 1.9167e-07 8.0008e-08 -1.1521e-07 -1.2326e-07 3.359e-07 5.7547e-07 4.7922e-07 3.2966e-07 2.0173e-07 1.2343e-07 8.5302e-08 5.944e-08 -3.0626e-08 -1.7648e-08 2.4844e-08 1.0667e-07 -1.3938e-07 -1.598e-07 -8.7833e-08 -1.1794e-07 -1.7424e-07 -1.7718e-07 -1.7509e-07 -1.67e-07 -1.4794e-07 4.6306e-08 5.372e-08 2.5003e-08 -1.5506e-08 9.539e-10 -2.6164e-08 -5.5169e-08 -5.5802e-08 -1.2641e-07 -1.4313e-07 -9.3915e-08 -1.2101e-07 -1.3572e-07 -9.3713e-08 -1.4913e-07 -1.709e-07 -1.6295e-07 -1.6458e-07 -1.5533e-07 -1.6642e-07 -1.7104e-07 -1.7669e-07 -1.7888e-07 -1.7458e-07 -1.725e-07 -1.4787e-07 -1.6388e-07 -1.4064e-07 -1.4004e-07 -1.4014e-07 -1.379e-07 -9.4389e-08 -9.5277e-08 6.4012e-08 -1.8295e-08 -1.1303e-07 -1.6563e-07 2.1458e-08 -1.4722e-08 6.5652e-08 1.9571e-07 2.0856e-07 2.6018e-07 1.1243e-07 1.8169e-07 1.8339e-07 2.9434e-07 1.8769e-07 2.4795e-07 2.9959e-07 3.0858e-07 2.579e-07 2.503e-07 2.2019e-07 1.3383e-07 8.2061e-08 2.7132e-09 -3.2102e-08 -1.7581e-07 -1.6748e-07 -1.3618e-07 -1.1483e-07 -5.1671e-08 -1.2333e-07 -1.6969e-07 -1.5851e-07 -1.3543e-07 -1.7022e-07 -1.7295e-07 -1.7896e-07 -1.7668e-07 -1.7892e-07 -1.7793e-07 -1.331e-07 -1.2271e-07 -9.0898e-08 -5.9766e-08 2.2992e-08 -1.6451e-07 -1.3338e-07 -1.4583e-07 -1.6294e-07 -1.5466e-07 -8.9112e-08 -6.811e-08 -5.0423e-08 -4.4682e-08 -3.3293e-08 -7.1786e-08 -3.5462e-08 -4.8427e-08 -3.9027e-08 -4.4273e-08 -6.9094e-08 -5.865e-08 -3.9322e-08 -3.3132e-08 -2.9089e-08 -2.6908e-08 -1.7761e-08 -1.3892e-08 -1.2592e-08 -1.3091e-08 -9.2987e-09 -6.8225e-09 -4.2601e-09 -1.9395e-09 -4.6694e-10
-6.2169e-09 5.3684e-09 2.6823e-08 6.2155e-09 2.1767e-08 2.3133e-08 1.75e-08 1.4889e-08 4.9898e-09 -3.8655e-08 -6.5027e-08 -7.9895e-08 1.7231e-08 2.7457e-08 2.7576e-08 1.6618e-08 -7.9886e-08 -1.7421e-07 -8.8283e-08 -1.1131e-07 -1.7267e-07 -8.5127e-08 8.591e-08 2.3087e-07 1.294e-07 9.2676e-08 1.7358e-07 6.5987e-07 1.3196e-06 1.3669e-06 1.263e-06 1.0642e-06 9.4441e-07 1.0918e-06 1.5139e-06 1.8267e-06 2.2253e-06 2.3256e-06 1.7352e-06 1.4348e-06 1.2394e-06 1.1353e-06 1.0827e-06 1.1961e-06 5.9893e-07 2.8815e-07 1.518e-07 6.2331e-08 -4.7035e-08 -1.6071e-07 -1.7742e-07 1.6515e-07 1.7357e-07 7.2522e-08 1.1578e-08 -4.4689e-08 -2.8585e-08 -4.0454e-08 -5.4213e-08 -9.3571e-08 -1.5001e-07 -6.1327e-08 4.396e-08 -9.3811e-09 -7.7873e-08 -1.5766e-07 -1.7603e-07 -1.7883e-07 -1.7886e-07 -1.6116e-07 -1.1062e-07 2.915e-08 -1.0658e-07 -1.4089e-08 5.1021e-08 2.7187e-08 -3.1998e-08 -1.0988e-07 -1.2877e-07 -1.2343e-07 -1.4713e-07 -1.1507e-07 -1.3779e-07 -1.233e-07 -8.6629e-08 -1.2728e-07 -1.3452e-07 -1.6625e-07 -1.5949e-07 -1.6598e-07 -1.6989e-07 -1.6846e-07 -1.7889e-07 -1.7888e-07 -1.7842e-07 -1.7786e-07 -1.7664e-07 -1.7718e-07 -1.6993e-07 -1.4514e-07 -1.4592e-07 -1.4143e-07 -1.2635e-07 -1.3826e-07 -1.2312e-07 -1.1672e-07 -1.2759e-07 -1.0785e-07 -1.2464e-07 7.1645e-08 2.185e-08 2.7885e-07 2.0907e-07 2.4887e-07 1.7382e-07 2.3311e-07 2.2173e-07 1.6969e-07 1.959e-07 1.9969e-07 2.455e-07 2.8863e-07 3.2603e-07 3.0414e-07 1.0464e-07 1.9117e-07 1.391e-07 4.5028e-08 -4.8566e-08 -1.4224e-07 -1.6883e-07 4.609e-08 5.2829e-08 5.2975e-08 5.106e-08 4.0401e-08 -4.8483e-09 -1.5346e-07 -1.7431e-07 -1.7739e-07 -1.7849e-07 -1.6605e-07 -1.7474e-07 -1.7812e-07 -1.7882e-07 -1.4932e-07 -1.2056e-07 -1.2805e-07 -1.2851e-08 -3.7821e-08 -1.3721e-07 -1.4799e-07 -1.2795e-07 -1.2209e-07 -1.0489e-07 -9.7344e-08 -5.9903e-08 -4.6121e-08 -3.5747e-08 -3.3837e-08 -3.962e-08 -4.526e-08 -3.7214e-08 -3.801e-08 -3.742e-08 -3.847e-08 -3.8519e-08 -4.0795e-08 -3.3149e-08 -3.2277e-08 -3.2257e-08 -2.4464e-08 -1.9507e-08 -1.6758e-08 -1.4804e-08 -1.0041e-08 -6.1024e-09 -4.1652e-09 -1.2862e-09 2.5398e-09
1.7777e-10 7.1544e-09 1.2297e-08 1.4466e-08 2.1638e-08 2.367e-08 2.2912e-08 2.1223e-08 1.5254e-08 -7.7831e-09 -4.2533e-08 -2.4785e-09 2.8667e-08 3.4488e-08 3.6087e-08 1.9807e-08 -9.9877e-08 -3.6467e-08 -4.8492e-08 -1.0598e-07 -1.7778e-07 -1.1054e-07 -1.2943e-07 -7.5017e-08 -3.3447e-08 -1.793e-08 8.367e-08 3.7462e-07 1.515e-06 1.4347e-06 1.2633e-06 8.8641e-07 7.6347e-07 8.7251e-07 1.1617e-06 1.5994e-06 2.7502e-06 2.7603e-06 1.4939e-06 1.2608e-06 1.1241e-06 1.0403e-06 9.8386e-07 8.6331e-07 3.7952e-07 2.3062e-07 1.1856e-07 7.6804e-09 -8.3269e-08 -1.5181e-07 -1.7824e-07 -1.7895e-07 -2.7707e-08 -1.8605e-08 -1.74e-08 -2.8362e-08 -6.7848e-08 -1.0202e-07 -1.287e-07 -1.4667e-07 -1.5518e-07 -1.2201e-07 -1.3203e-08 -1.1933e-07 -1.7095e-07 -1.7766e-07 -1.768e-07 -1.7203e-07 -1.6723e-07 -1.4283e-07 -9.0746e-08 3.3112e-08 5.6254e-08 3.1935e-08 5.0433e-08 -9.6137e-08 -1.0827e-07 -1.2182e-07 -4.2547e-08 -2.8195e-08 -5.4583e-08 -1.2325e-07 -1.1367e-07 -1.0272e-07 -1.2578e-07 -1.5279e-07 -1.5159e-07 -1.6726e-07 -1.5805e-07 -1.7231e-07 -1.6667e-07 -1.717e-07 -1.7387e-07 -1.6702e-07 -1.7815e-07 -1.7527e-07 -1.699e-07 -1.7812e-07 -1.6184e-07 -1.2456e-07 -1.2456e-07 -1.342e-07 -1.4865e-07 -1.2912e-07 -1.1686e-07 -1.4986e-07 -6.3759e-08 -1.7066e-07 -1.2586e-07 -1.3841e-07 -4.8128e-08 7.7474e-08 1.232e-07 2.9e-07 2.5155e-07 2.1316e-07 2.4759e-07 1.9545e-07 1.9312e-07 1.8125e-07 2.5846e-07 2.3446e-07 3.1619e-07 1.2219e-07 -6.4061e-09 2.225e-07 1.3417e-07 1.8902e-08 -1.4263e-07 -1.4903e-07 4.1726e-08 5.6789e-08 5.4996e-08 5.4228e-08 5.3991e-08 5.0567e-08 4.8659e-08 1.9085e-08 -1.4646e-07 -1.5095e-07 -1.4245e-07 -1.6058e-07 -1.783e-07 -1.7642e-07 -1.5055e-07 -9.7885e-08 -1.1923e-07 -1.6643e-07 -1.3289e-07 -1.2844e-07 -1.5185e-07 -1.1129e-07 -9.9834e-08 -8.2304e-08 -6.6858e-08 -7.631e-08 -4.1732e-08 -3.3469e-08 -4.1284e-08 -3.258e-08 -2.8915e-08 -4.183e-08 -3.7956e-08 -3.9684e-08 -3.498e-08 -3.5557e-08 -3.9667e-08 -3.9991e-08 -4.1491e-08 -4.0415e-08 -3.763e-08 -4.6073e-08 -2.6189e-08 -1.9301e-08 -2.2186e-08 -9.6896e-09 -3.5655e-09 -4.1685e-10 1.395e-09 4.6856e-09
8.316e-09 1.7813e-08 -7.4336e-10 5.8742e-09 2.4361e-08 2.3154e-08 2.4258e-08 2.1586e-08 2.8556e-08 2.458e-09 -2.5023e-08 2.3729e-08 3.7029e-08 3.9972e-08 3.8086e-08 1.2524e-09 -3.3395e-08 5.2054e-10 -5.543e-08 -1.561e-07 -1.6941e-07 -1.7896e-07 -1.7684e-07 -1.6498e-07 -1.3745e-07 -7.6806e-08 7.604e-09 3.2275e-07 1.2423e-06 1.2888e-06 1.0141e-06 6.4063e-07 6.4635e-07 5.5505e-07 7.5013e-07 1.3743e-06 3.1158e-06 4.2645e-06 1.8437e-06 1.1216e-06 1.0459e-06 9.4184e-07 8.3752e-07 6.7071e-07 4.1031e-07 2.2605e-07 9.4796e-08 -1.9894e-08 -8.9781e-08 -1.5664e-07 -1.7845e-07 -1.7894e-07 -1.7422e-07 -8.0796e-08 -6.5072e-08 -6.7862e-08 -9.7232e-08 -1.2806e-07 -1.4712e-07 -1.6558e-07 -1.7589e-07 -1.6941e-07 -1.5295e-07 -1.621e-07 -1.7337e-07 -1.7417e-07 -1.4044e-07 -1.3441e-07 -1.247e-07 -6.5606e-08 3.1616e-08 3.7214e-08 2.8782e-08 5.4376e-08 -5.2642e-08 -5.9413e-08 -4.7246e-08 -6.4944e-08 -2.4299e-08 -1.0633e-07 -1.0547e-07 -1.1707e-07 -1.2626e-07 -1.1284e-07 -1.0114e-07 -1.2853e-07 -1.4104e-07 -1.2077e-07 -1.4168e-07 -1.3923e-07 -1.6321e-07 -1.6921e-07 -1.7641e-07 -1.7294e-07 -1.7858e-07 -1.6513e-07 -1.7816e-07 -1.7093e-07 -1.659e-07 -1.722e-07 -1.7107e-07 -1.0403e-07 -5.3015e-08 -3.2441e-08 -1.4045e-07 -1.5951e-07 -1.6648e-07 -9.7029e-08 -7.9476e-08 -4.07e-08 -2.3942e-08 -2.8782e-08 2.7044e-08 -2.0767e-08 7.3818e-08 1.6468e-07 2.1491e-07 1.996e-07 1.9917e-07 2.9568e-07 2.2646e-07 2.5148e-07 3.5857e-07 -6.7556e-08 1.8134e-07 2.2225e-07 8.8905e-08 -5.3062e-08 -1.7486e-07 -4.4201e-08 4.9547e-08 5.7933e-08 5.8197e-08 5.7401e-08 5.5375e-08 5.3552e-08 5.1293e-08 4.2429e-08 1.5063e-09 -6.776e-08 -1.0978e-07 -1.1129e-07 -1.785e-07 -1.7341e-07 -1.7212e-07 -1.6494e-07 -1.7806e-07 -1.6715e-07 -1.7605e-07 -1.7533e-07 -1.2626e-07 -8.0765e-08 -5.1868e-08 -8.2182e-08 -4.3948e-08 -2.7977e-08 -3.9484e-08 -4.1665e-08 -5.3017e-08 -5.0095e-08 -2.2635e-09 -6.241e-08 -6.8319e-08 -5.7685e-08 -4.3687e-08 -3.7232e-08 -5.3381e-08 -4.7263e-08 -6.1335e-08 -5.6851e-08 -5.609e-08 -3.0141e-08 -2.7751e-08 -1.8599e-08 -2.6195e-08 -1.0461e-08 -3.7484e-09 1.0847e-09 4.4604e-09 4.1227e-09
1.425e-08 1.3349e-08 1.262e-08 1.2467e-08 2.89e-08 2.9182e-08 3.2642e-08 3.0573e-08 3.8922e-08 3.3991e-08 2.5283e-08 4.2765e-08 4.4734e-08 4.3139e-08 4.0469e-08 3.6984e-08 5.211e-09 7.1478e-09 -5.7095e-08 -1.3042e-07 -1.5453e-07 -1.6823e-07 -1.7896e-07 -1.6738e-07 -1.3081e-07 -8.3724e-08 3.8367e-08 3.3398e-07 6.4439e-07 5.179e-07 5.4279e-07 5.4588e-07 5.3443e-07 5.2749e-07 4.8247e-07 5.3242e-07 2.7239e-06 6.8975e-06 5.4834e-06 1.1294e-06 9.727e-07 8.6187e-07 7.3546e-07 5.7825e-07 4.0924e-07 2.069e-07 4.7865e-08 -4.1916e-08 -1.1927e-07 -1.5584e-07 -1.7681e-07 -1.7869e-07 -1.7896e-07 -1.2227e-07 -1.0142e-07 -9.8682e-08 -1.2335e-07 -1.4843e-07 -1.5933e-07 -1.7151e-07 -1.7765e-07 -1.6121e-07 -1.4981e-07 -1.7892e-07 -1.7161e-07 -1.5056e-07 -9.4997e-08 -6.0919e-08 -3.2449e-08 -5.2153e-08 5.4083e-08 4.4727e-08 -5.8162e-08 5.5762e-08 2.95e-08 -6.5697e-08 3.6751e-08 -8.7306e-08 -1.0769e-07 -7.7073e-08 -1.1214e-07 -1.2245e-07 -1.386e-07 -1.4674e-07 -1.2761e-07 -1.1984e-07 -1.0038e-07 -1.2051e-07 -1.2942e-07 -1.3876e-07 -1.6183e-07 -1.6693e-07 -1.654e-07 -1.6577e-07 -1.5457e-07 -1.7859e-07 -1.6894e-07 -1.7086e-07 -1.7523e-07 -1.776e-07 -1.7169e-07 -1.6875e-07 -1.3406e-07 -4.3601e-08 -1.5785e-07 -1.4725e-07 -1.6642e-07 -1.4491e-07 -1.7741e-07 -2.1813e-08 -7.7531e-08 -6.5607e-08 -5.2369e-08 -9.4439e-08 -2.2886e-08 1.1854e-07 2.1633e-07 1.2969e-07 6.2309e-08 2.3974e-07 1.7441e-07 2.0823e-07 2.8389e-07 3.2763e-07 2.6181e-07 1.1053e-07 -3.1049e-09 -1.2023e-07 -1.6837e-07 -6.9068e-09 5.7859e-08 5.9136e-08 6.0034e-08 5.7632e-08 5.4054e-08 5.3723e-08 4.9385e-08 4.5962e-08 2.2376e-08 -3.9871e-08 -7.3683e-08 -1.767e-07 -1.6236e-07 -1.7382e-07 -1.7889e-07 -1.5787e-07 -1.2273e-07 -1.0037e-07 -1.0098e-07 -9.205e-08 -6.6621e-08 -3.8686e-08 -1.3701e-08 -9.669e-09 -2.8045e-08 -1.7964e-08 -2.9506e-08 -2.9795e-08 -5.8712e-08 -7.4257e-08 -9.4708e-08 -1.1662e-07 -1.0954e-07 -1.0207e-07 -8.8697e-08 -7.8885e-08 -7.5914e-08 -7.6491e-08 -7.1832e-08 -3.1124e-08 -1.2941e-07 -5.1908e-08 -3.2165e-08 -3.1292e-08 -3.0858e-08 -3.9566e-09 -2.8257e-10 -1.9381e-09 -5.0126e-08 3.2117e-09
4.7224e-09 1.9093e-08 -2.0036e-08 -2.1436e-08 2.8316e-08 2.66e-08 3.4622e-08 3.8611e-08 4.0866e-08 4.3299e-08 4.6344e-08 4.916e-08 4.8777e-08 4.7728e-08 4.6082e-08 3.8561e-08 2.9109e-08 1.3613e-10 -1.3717e-07 -1.2697e-07 -1.4583e-07 -1.7532e-07 -1.7836e-07 -1.7022e-07 -1.2436e-07 -5.4527e-08 3.1151e-08 1.5216e-07 4.2985e-07 4.2966e-07 4.7687e-07 4.8121e-07 4.8054e-07 4.3956e-07 3.6417e-07 3.0454e-07 5.7851e-07 5.1683e-06 4.2552e-06 1.5518e-06 1.0653e-06 7.6207e-07 6.04e-07 4.9478e-07 1.851e-06 1.1675e-07 2.2903e-10 -7.3698e-08 -1.315e-07 -1.5592e-07 -1.7811e-07 -1.7887e-07 -1.7858e-07 -1.3655e-07 -1.2344e-07 -1.338e-07 -1.5079e-07 -1.6351e-07 -1.6997e-07 -1.7545e-07 -1.7703e-07 -1.7865e-07 -1.7662e-07 -1.7886e-07 -1.5654e-07 -7.7203e-08 -4.0863e-08 -1.2794e-08 -8.7257e-10 4.6475e-08 5.1622e-08 4.5275e-08 -4.3018e-09 -1.7044e-08 -4.2397e-08 3.2386e-08 -2.6533e-08 -4.6423e-08 -1.0969e-07 -1.4431e-07 -1.4575e-07 -1.2036e-07 -1.3683e-07 -1.2662e-07 -1.2882e-07 -1.2943e-07 4.8985e-08 -1.2622e-07 -2.4077e-08 -1.4167e-07 -1.6515e-07 -1.6101e-07 -1.6061e-07 -1.4027e-07 -1.4787e-07 -1.7891e-07 -1.788e-07 -1.7767e-07 -1.7415e-07 -1.7272e-07 -1.7585e-07 -1.6235e-07 -1.4506e-07 -1.5568e-07 -1.665e-07 -1.7516e-07 -1.6648e-07 -1.7853e-07 -1.6406e-07 -1.3418e-07 -1.2632e-07 -1.633e-07 -1.0372e-07 -8.5526e-08 -5.2998e-08 -1.6133e-09 6.815e-08 3.2345e-08 -7.6759e-09 1.1045e-08 4.5376e-08 1.6165e-07 1.9248e-07 1.8117e-07 1.477e-07 7.3121e-08 -5.1105e-08 -1.6455e-07 -1.359e-07 3.1211e-09 5.8023e-08 5.8665e-08 5.8003e-08 5.6301e-08 5.3624e-08 5.295e-08 5.0793e-08 4.7548e-08 3.2401e-08 -1.5998e-08 -4.6402e-08 -1.2806e-07 -1.1628e-07 -1.0516e-07 -1.0726e-07 -9.25e-08 -9.588e-08 -3.9932e-08 -5.9793e-08 -2.5871e-08 -1.4424e-08 -4.9546e-09 1.2623e-08 2.183e-08 2.429e-08 3.3647e-09 -4.1082e-09 -3.3861e-08 -8.0469e-08 -1.3331e-07 -1.7004e-07 -1.7799e-07 -1.6524e-07 -1.634e-07 -1.4229e-07 -1.2396e-07 -1.1543e-07 -9.1853e-08 -9.6759e-08 -9.1128e-08 -8.5176e-08 -1.1095e-07 -3.3691e-08 -3.6342e-08 -2.3756e-08 -2.0715e-08 -3.3289e-09 -7.8762e-09 -1.1369e-07 -3.7137e-08
7.7781e-09 2.1909e-08 2.3231e-08 3.6598e-08 3.362e-08 2.7521e-08 3.9363e-08 4.5835e-08 4.7011e-08 4.9257e-08 5.1679e-08 5.4885e-08 5.4248e-08 5.3142e-08 5.2763e-08 4.4795e-08 3.8748e-09 -4.7573e-08 -1.1902e-07 -1.2235e-07 -1.7896e-07 6.6359e-07 3.0225e-06 3.3955e-06 1.9878e-06 -2.0844e-08 7.0428e-08 1.0429e-07 1.8727e-07 3.62e-07 3.9381e-07 4.3702e-07 4.2734e-07 3.9596e-07 3.5847e-07 3.1811e-07 3.1134e-07 8.1157e-07 1.7786e-06 1.584e-06 9.6535e-07 6.7884e-07 5.0193e-07 3.9948e-07 2.3004e-07 2.7574e-08 -3.6767e-08 -9.7513e-08 -1.3382e-07 -1.5466e-07 -1.7615e-07 -1.7889e-07 -1.7748e-07 -1.4896e-07 -1.4888e-07 -1.4714e-07 -1.5915e-07 -1.7114e-07 -1.7588e-07 -1.767e-07 -1.7854e-07 -1.7851e-07 -1.7725e-07 -1.713e-07 -6.9047e-08 -2.7444e-08 -4.2813e-09 1.0479e-08 1.3702e-08 4.3805e-08 5.456e-08 4.8669e-08 2.8924e-08 6.4318e-09 3.4875e-08 -2.294e-09 -1.7679e-08 -4.3966e-08 -6.7982e-08 -8.2307e-08 -6.3124e-08 -1.1701e-07 -1.7207e-07 1.1199e-08 -1.1343e-07 -1.26e-07 -1.1778e-07 -1.2936e-07 -1.2737e-07 -1.2614e-07 -4.7687e-08 -1.1608e-07 -1.5216e-07 -1.6114e-07 -1.5972e-07 -1.7299e-07 -1.7037e-07 -1.6587e-07 -1.6089e-07 -1.4973e-07 -1.6492e-07 -1.6773e-07 -1.7482e-07 -1.7043e-07 -1.7552e-07 -1.7666e-07 -1.689e-07 -1.5805e-07 -1.7692e-07 -9.3139e-08 -1.3906e-07 -1.4585e-07 -1.5552e-07 -1.5744e-07 -7.7739e-08 -6.0984e-08 -1.0297e-08 3.6562e-08 1.2008e-08 9.6074e-09 6.6364e-08 3.2517e-08 8.8216e-08 6.7784e-08 1.6167e-08 -1.7754e-08 -1.0077e-07 -1.7887e-07 -7.9359e-08 5.6215e-08 5.717e-08 5.4649e-08 5.7725e-08 5.5488e-08 5.3258e-08 5.2001e-08 4.9255e-08 4.7297e-08 3.5626e-08 1.1544e-09 -2.6922e-08 -4.238e-08 -6.2838e-08 -6.8814e-08 -7.3801e-08 -6.7261e-08 -5.3129e-08 -3.4923e-08 -3.2169e-09 4.4299e-09 1.5462e-08 2.4345e-08 2.5134e-08 3.0756e-08 3.2292e-08 2.9236e-08 4.5186e-09 -4.042e-08 -1.155e-07 -1.6749e-07 -1.787e-07 -1.7031e-07 -1.48e-07 -1.6979e-07 -1.7839e-07 -1.6041e-07 -1.3912e-07 -1.2111e-07 -1.1869e-07 -1.065e-07 -9.8028e-08 -9.2178e-08 -6.4732e-08 -4.0206e-08 -3.4694e-08 -2.5422e-08 -1.7169e-08 5.4805e-09 -5.7395e-08 4.9347e-08
1.8682e-08 2.9168e-08 3.1644e-08 3.8987e-08 2.2223e-09 3.8378e-08 4.0649e-08 4.5014e-08 5.1141e-08 5.2519e-08 5.5038e-08 5.7135e-08 5.782e-08 5.7418e-08 5.8493e-08 2.2309e-08 -2.1451e-08 -3.2798e-08 -8.8246e-08 -8.5853e-08 -1.5018e-07 3.6093e-06 6.5646e-06 7.8078e-06 5.0872e-06 7.6324e-07 8.7658e-08 9.8329e-08 2.3706e-08 1.789e-07 2.8465e-07 3.8513e-07 4.099e-07 3.8283e-07 3.5023e-07 3.1077e-07 3.0359e-07 3.8547e-07 8.4359e-07 9.0028e-07 6.8811e-07 5.8776e-07 4.7125e-07 3.6284e-07 2.0375e-07 1.8063e-08 -6.5237e-08 -1.1658e-07 -1.4463e-07 -1.6257e-07 -1.7246e-07 -1.7752e-07 -1.7866e-07 -1.2301e-07 -1.2965e-07 -1.6607e-07 -1.6735e-07 -1.7388e-07 -1.7614e-07 -1.7794e-07 -1.7893e-07 -1.776e-07 -1.66e-07 -9.8229e-08 -5.5124e-08 -3.1841e-11 1.8384e-08 3.3794e-08 4.6779e-08 4.9364e-08 4.0983e-08 4.9914e-08 4.5761e-08 3.4415e-08 4.0087e-08 1.4476e-08 -2.4537e-08 -1.7262e-08 -3.2285e-08 -8.4207e-08 -1.0644e-07 -1.4848e-07 -9.9205e-08 -3.7121e-08 -1.2914e-07 -1.1996e-07 -1.1658e-07 3.6702e-08 -1.1988e-07 -9.0683e-08 -1.1885e-07 -1.259e-07 -1.5601e-07 -1.6263e-07 -1.5133e-07 -1.3884e-07 -1.4967e-07 -1.478e-07 -1.4879e-07 -1.3081e-07 -1.3416e-07 -1.5196e-07 -1.7719e-07 -1.7895e-07 -1.6885e-07 -1.7159e-07 -1.7138e-07 -1.7394e-07 -1.5958e-07 -1.2877e-07 -1.5402e-07 -1.5792e-07 -1.3863e-07 -1.1362e-07 -1.0173e-07 -8.3463e-08 -2.8585e-08 1.521e-07 3.875e-08 4.8343e-09 -7.1702e-09 -3.8236e-09 1.0454e-08 -7.7995e-09 -2.7422e-08 -6.8943e-08 -1.7417e-07 -1.7495e-07 -6.1686e-08 4.9866e-08 5.5518e-08 5.6338e-08 5.5205e-08 5.3418e-08 5.2558e-08 5.2545e-08 5.0119e-08 4.364e-08 3.6527e-08 2.3193e-08 3.2767e-09 1.0586e-08 -6.272e-09 -6.3815e-09 -9.0642e-09 7.9154e-09 1.1386e-08 1.8581e-08 2.6322e-08 3.2064e-08 3.6414e-08 3.6383e-08 3.7332e-08 4.233e-08 3.9996e-08 3.9247e-08 2.4648e-08 -4.3806e-08 -1.1465e-07 -1.7852e-07 -1.6192e-07 -1.0537e-07 -4.5634e-08 -4.8025e-08 -1.228e-07 -1.7645e-07 -1.5399e-07 -1.4586e-07 -1.4645e-07 -1.3058e-07 -1.1016e-07 -8.5264e-08 -6.1161e-08 -4.2922e-08 -4.6624e-08 -2.5461e-08 1.0239e-08 8.5125e-09 -2.1476e-09 2.2149e-08
1.895e-08 3.1493e-08 3.904e-08 4.174e-08 4.4244e-08 3.9463e-08 4.1483e-08 4.783e-08 5.3301e-08 5.5427e-08 5.7493e-08 5.9578e-08 6.0177e-08 6.0339e-08 6.0983e-08 3.114e-08 -1.3644e-08 -5.6846e-08 -1.5316e-07 -1.1672e-07 -1.7615e-07 3.5402e-06 6.4891e-06 7.3654e-06 5.4419e-06 8.191e-07 2.6112e-09 -3.5341e-08 -4.7138e-08 -1.1597e-08 1.6256e-07 3.3277e-07 4.3524e-07 4.6061e-07 4.5106e-07 3.4444e-07 2.8713e-07 2.9724e-07 4.7937e-07 5.4867e-07 5.1233e-07 4.843e-07 4.4689e-07 3.689e-07 2.5328e-07 7.3383e-08 -8.3322e-08 -1.2753e-07 -1.5628e-07 -1.6411e-07 -1.7254e-07 -1.7615e-07 -1.7733e-07 -1.7891e-07 -1.2114e-07 -1.5053e-07 -1.6812e-07 -1.7295e-07 -1.7754e-07 -1.7806e-07 -1.776e-07 -1.7734e-07 -1.4303e-07 -5.5978e-08 -5.4466e-09 2.2212e-08 4.3491e-08 4.7946e-08 5.5306e-08 5.5536e-08 5.859e-08 5.5329e-08 5.3916e-08 4.9828e-08 4.6002e-08 1.5442e-08 3.1483e-09 6.832e-09 3.4197e-08 -6.4388e-08 -9.5306e-08 -1.1699e-07 -1.0027e-07 -9.2396e-08 3.1871e-08 -1.3659e-07 -1.2353e-07 -1.4818e-07 -1.228e-07 -1.1347e-07 -1.1059e-07 -1.095e-07 -6.2826e-08 -1.347e-07 -1.3917e-07 -1.2685e-07 -1.3636e-07 -1.3637e-07 -1.389e-07 -1.3174e-07 -1.2885e-07 -1.642e-07 -3.024e-08 -1.6497e-07 -1.4806e-07 -1.7863e-07 -1.7595e-07 -1.7497e-07 -1.7493e-07 -1.7033e-07 -1.5757e-07 -1.429e-07 -1.0789e-07 -9.8122e-08 -1.0275e-07 -1.4311e-07 8.2737e-09 -5.0166e-08 1.6797e-08 -6.7827e-08 -1.0274e-07 -1.3689e-07 -1.6754e-08 -2.9058e-08 -4.9973e-08 -9.5214e-08 -1.6717e-07 -1.5241e-07 -1.2987e-07 -1.0376e-08 4.0247e-08 5.3927e-08 5.184e-08 5.1461e-08 5.0669e-08 4.8355e-08 4.7975e-08 4.6136e-08 4.153e-08 3.7121e-08 3.6101e-08 3.5648e-08 4.2097e-08 3.6305e-08 3.7781e-08 3.6321e-08 4.2634e-08 4.351e-08 4.4477e-08 4.7878e-08 5.027e-08 4.814e-08 5.2748e-08 5.1012e-08 5.0326e-08 4.3436e-08 3.1208e-08 -4.3437e-08 -1.4912e-07 -1.7437e-07 -7.5862e-08 3.4487e-08 7.3347e-08 -4.3924e-09 -2.0379e-08 2.3757e-07 -1.7675e-07 -1.6701e-07 -1.5678e-07 -1.4253e-07 -1.1882e-07 -8.8721e-08 -6.1602e-08 -4.179e-08 -3.4748e-08 -4.5748e-09 -4.7119e-08 1.8935e-08 1.4034e-08 2.4736e-08
4.4762e-08 3.9283e-08 3.7793e-08 4.7912e-08 5.2202e-08 5.1856e-08 5.0862e-08 5.4141e-08 5.7896e-08 5.8715e-08 6.0674e-08 6.1226e-08 6.1918e-08 6.2095e-08 6.2069e-08 3.0806e-08 -1.4703e-08 -1.2402e-07 -1.5026e-07 -9.837e-08 -1.4544e-07 2.3304e-06 3.7586e-06 4.3844e-06 3.1402e-06 1.3216e-07 -1.0996e-07 -1.0962e-07 -9.1449e-08 -3.2808e-08 8.3617e-08 2.599e-07 4.416e-07 5.4032e-07 6.1556e-07 6.5542e-07 3.0823e-07 2.9994e-07 3.6487e-07 4.2217e-07 4.3883e-07 4.3136e-07 4.089e-07 3.5598e-07 2.5738e-07 8.3459e-08 -1.1436e-07 -1.2452e-07 -1.4459e-07 -1.6184e-07 -1.6278e-07 -1.7867e-07 -1.7446e-07 -1.6395e-07 -1.4114e-07 -1.507e-07 -1.57e-07 -1.6979e-07 -1.7318e-07 -1.7886e-07 -1.7772e-07 -1.755e-07 -1.0588e-07 -4.8149e-08 1.707e-09 4.9571e-08 5.2894e-08 5.5003e-08 5.813e-08 5.8837e-08 5.896e-08 5.8018e-08 5.3293e-08 5.4061e-08 5.0072e-08 3.2137e-08 2.5685e-08 2.8427e-08 -8.2807e-09 -6.2647e-08 -7.0506e-08 -3.3165e-08 -7.357e-08 -9.4892e-08 -1.3752e-07 -1.0326e-07 -7.1644e-08 -1.1976e-07 -1.1238e-07 -9.9594e-08 -1.1441e-07 -1.1451e-07 -1.2933e-07 -1.3416e-07 -1.0875e-07 -1.2134e-07 -1.3271e-07 -1.2806e-07 -1.2978e-07 -1.3029e-07 -1.1906e-07 -1.5889e-07 -1.7339e-07 -1.4377e-07 -1.7805e-07 -1.7196e-07 -1.4939e-07 -1.4177e-07 -1.7609e-07 -1.7315e-07 -1.3661e-07 -1.0795e-07 -9.9601e-08 -1.1675e-07 -1.2367e-07 -1.4644e-07 -6.4593e-08 -6.8207e-08 2.0155e-07 -1.2004e-07 -1.3144e-07 -1.2417e-07 3.7841e-08 -1.751e-08 -8.7491e-08 -9.4884e-08 -1.6214e-07 -1.4383e-07 -1.7868e-07 -1.4711e-07 -2.6041e-08 -4.0511e-09 3.2269e-08 3.8978e-08 3.8744e-08 4.707e-08 4.6705e-08 4.6895e-08 4.6886e-08 4.5662e-08 4.7141e-08 5.1331e-08 5.129e-08 5.1897e-08 5.3001e-08 5.2109e-08 5.4783e-08 5.5956e-08 5.606e-08 5.4621e-08 5.6427e-08 5.5342e-08 5.6483e-08 5.3429e-08 5.4997e-08 5.4863e-08 4.643e-08 -2.8757e-08 -1.5951e-07 -1.3687e-07 7.08e-08 1.3826e-07 1.6922e-07 1.791e-07 2.8284e-08 -1.1701e-07 -1.76e-07 -1.7798e-07 -1.6907e-07 -1.476e-07 -1.144e-07 -8.934e-08 -6.4458e-08 -4.7429e-08 -1.8409e-08 -1.1187e-08 -4.9709e-08 2.4019e-08 2.4204e-08 3.1771e-08
4.3454e-08 4.6191e-08 4.8377e-08 5.215e-08 5.4151e-08 5.6647e-08 5.8025e-08 5.9993e-08 6.0995e-08 6.1369e-08 6.2235e-08 6.2385e-08 6.262e-08 6.2545e-08 6.2614e-08 3.4753e-08 -3.9739e-08 -1.3994e-07 -1.0138e-07 -6.3246e-08 -5.9875e-08 -1.5019e-07 4.3874e-07 1.0135e-06 -1.9182e-08 -1.7862e-07 -1.549e-07 -1.4247e-07 -1.1473e-07 -9.7329e-09 1.1588e-07 2.5555e-07 4.0504e-07 5.8682e-07 6.9614e-07 7.3395e-07 4.1278e-07 2.977e-07 3.27e-07 4.2427e-07 4.2866e-07 5.1278e-07 4.0474e-07 3.373e-07 3.2472e-07 2.6578e-08 -4.0896e-08 -9.8268e-08 -1.1904e-07 -1.4431e-07 -1.5747e-07 -1.6877e-07 -1.7855e-07 -1.7071e-07 -1.7895e-07 -1.676e-07 -1.5512e-07 -2.9771e-08 -6.9116e-08 -1.6183e-07 -1.7411e-07 -1.7885e-07 -9.743e-08 -4.2291e-08 9.7114e-09 4.8917e-08 5.655e-08 5.8468e-08 6.06e-08 6.1392e-08 6.0004e-08 6.1451e-08 5.3833e-08 5.9881e-08 5.7355e-08 4.8197e-08 4.5403e-08 4.6843e-08 4.1522e-08 -4.4734e-09 -5.6512e-08 -1.0896e-07 -1.3818e-07 -1.0557e-07 -1.2551e-07 -1.1261e-07 -1.0789e-07 -1.0252e-07 -1.055e-07 -1.2854e-07 -9.612e-08 -9.0151e-08 -1.0231e-07 -1.1759e-07 -8.9737e-08 -8.2701e-08 -5.7592e-08 -1.5078e-07 -1.0133e-07 -1.0724e-07 -1.2836e-07 -1.5322e-07 -1.7134e-07 -1.5338e-07 -1.5122e-07 -1.5935e-07 -1.5994e-07 -1.7617e-07 -1.7455e-07 -1.7896e-07 -1.6711e-07 -1.331e-07 -1.3373e-07 -1.0202e-07 -9.8494e-08 -1.0879e-07 -1.344e-07 -6.3484e-08 1.3392e-07 -1.0718e-07 -1.2831e-07 -9.1081e-08 -1.7745e-07 -1.7032e-07 -7.6396e-08 -6.5907e-08 -1.2368e-07 -1.5539e-07 -1.6558e-07 -1.759e-07 -1.4244e-07 -9.4113e-08 -4.4969e-08 -7.6214e-09 2.367e-08 4.1006e-08 4.6589e-08 4.9357e-08 5.2216e-08 5.3318e-08 5.3676e-08 5.8707e-08 5.6217e-08 5.9785e-08 6.1026e-08 6.198e-08 6.2754e-08 6.1966e-08 6.3998e-08 6.2876e-08 6.3148e-08 6.2459e-08 6.2001e-08 6.2043e-08 6.2635e-08 6.05e-08 5.8514e-08 -6.6844e-09 -1.6445e-07 -1.1909e-07 2.9612e-08 1.6464e-07 2.272e-07 8.8185e-07 5.2525e-07 1.5261e-08 -1.5257e-07 -1.7891e-07 -1.6659e-07 -1.4679e-07 -1.14e-07 -8.4801e-08 -5.2271e-08 -2.9155e-08 -8.911e-10 -1.8362e-08 1.5452e-08 2.3937e-08 -3.5087e-10 4.0476e-08
4.7882e-08 4.9607e-08 4.8846e-08 5.594e-08 5.9056e-08 5.9069e-08 6.0691e-08 6.1028e-08 6.1453e-08 6.2301e-08 6.2797e-08 6.2833e-08 6.2842e-08 6.2929e-08 6.2997e-08 3.9514e-08 -6.5774e-08 -1.1379e-07 -1.0136e-07 -1.2781e-07 -5.5118e-08 -7.7357e-08 -8.1716e-08 -8.5318e-08 -1.4251e-07 -1.7743e-07 -1.3157e-07 -1.5613e-07 -8.2989e-08 3.7104e-08 1.8958e-07 2.9826e-07 4.6933e-07 6.2724e-07 7.261e-07 9.4665e-07 9.2157e-07 3.354e-07 3.0577e-07 4.3027e-07 3.9301e-07 4.2494e-07 3.8608e-07 6.9005e-07 2.184e-07 1.8549e-08 -6.6317e-08 -9.2083e-08 -1.0766e-07 -1.2403e-07 -9.7692e-08 -1.5166e-07 -1.5706e-07 -1.5891e-07 -1.5401e-07 -1.6043e-07 -1.6752e-07 -1.631e-07 -1.4028e-07 -1.5057e-09 1.4069e-08 -1.4542e-07 -6.7371e-08 2.9027e-08 4.8354e-08 5.8354e-08 6.046e-08 6.0758e-08 6.1871e-08 6.273e-08 6.2509e-08 6.1855e-08 6.0869e-08 5.9176e-08 5.1389e-08 5.503e-08 5.4202e-08 5.6523e-08 5.9695e-08 2.8535e-08 1.9285e-09 -7.8857e-08 -9.7473e-08 -6.7707e-08 -6.5115e-08 -9.2652e-08 -8.0373e-08 -9.1545e-08 -8.7362e-08 -1.1842e-07 -9.8395e-08 -6.2358e-08 -9.2045e-08 -8.9491e-08 -8.7391e-08 -4.3319e-08 -7.4264e-08 -9.7595e-08 -1.1447e-07 -1.0052e-07 -1.5715e-07 -1.5264e-07 -1.3535e-07 -1.5157e-07 -1.6254e-07 -1.1866e-07 -1.3753e-07 -1.778e-07 -1.6552e-07 -1.7406e-07 -1.7169e-07 -1.7889e-07 -1.7745e-07 -1.7744e-07 -1.7263e-07 -1.2054e-07 -1.528e-07 7.8358e-09 -6.2637e-08 8.5214e-08 -2.4293e-08 -3.6875e-09 -1.7834e-08 -7.4725e-08 -8.1774e-08 -1.0459e-07 -8.9364e-08 -9.016e-08 -1.7214e-07 -1.5112e-07 -1.5781e-07 -8.8385e-08 -9.172e-08 -3.5861e-08 2.8061e-08 4.5738e-08 5.031e-08 5.6524e-08 5.8189e-08 5.9426e-08 6.1577e-08 6.2535e-08 6.3482e-08 6.4679e-08 6.5479e-08 6.5821e-08 6.5845e-08 6.5815e-08 6.583e-08 6.5844e-08 6.5709e-08 6.5556e-08 6.5644e-08 6.533e-08 6.4752e-08 6.3776e-08 6.1185e-08 5.5987e-08 -1.0287e-07 -1.7203e-07 5.0697e-08 1.7926e-07 8.6153e-07 4.45e-06 9.9621e-07 5.375e-08 -1.5594e-07 -1.786e-07 -1.6819e-07 -1.4173e-07 -9.0857e-08 -9.0785e-08 -4.4468e-08 -1.8433e-08 1.2894e-08 1.6634e-08 2.6404e-08 2.4315e-08 3.9548e-08 4.3566e-08
5.3983e-08 5.5987e-08 5.6843e-08 5.6081e-08 6.1011e-08 5.8955e-08 6.2528e-08 6.2973e-08 6.2975e-08 6.3018e-08 6.3128e-08 6.3163e-08 6.3043e-08 6.2988e-08 6.3062e-08 4.8898e-08 -4.4936e-08 -1.1053e-07 -9.9565e-08 -1.0809e-07 -1.1742e-07 -1.028e-07 -1.7172e-07 -1.5515e-07 -1.5175e-07 -1.7222e-07 -1.7875e-07 -1.1191e-07 -2.3481e-08 7.9565e-08 2.3694e-07 3.6499e-07 4.9996e-07 6.6009e-07 9.3862e-07 9.7744e-07 8.3756e-07 2.7454e-07 2.0594e-07 3.5559e-07 2.9851e-07 3.0723e-07 2.9509e-07 6.9694e-07 3.4525e-07 2.6965e-08 -4.878e-08 -7.6907e-08 -9.255e-08 -6.2833e-08 -1.0414e-08 -4.0915e-08 -1.6349e-07 -1.788e-07 -1.6557e-07 -1.3895e-07 -1.4988e-07 -1.0321e-07 -8.2526e-08 8.1089e-09 -5.7359e-08 -1.6429e-07 4.7397e-08 5.3687e-08 5.7699e-08 5.9431e-08 5.9373e-08 6.1276e-08 6.31e-08 6.3456e-08 5.9891e-08 6.2686e-08 6.2817e-08 6.1391e-08 5.5867e-08 6.1973e-08 5.7974e-08 5.9792e-08 6.1489e-08 6.0849e-08 2.6615e-08 2.1091e-09 -2.2341e-08 -3.7096e-08 -3.086e-08 -6.5163e-08 -8.9628e-08 -1.0091e-07 -8.7099e-08 -8.4784e-08 -7.7616e-08 -7.1855e-08 -8.4978e-08 -9.375e-08 -7.8337e-08 -1.0129e-07 -6.7725e-08 -8.127e-08 -1.295e-07 -1.5537e-07 -6.6674e-08 -1.6397e-07 -1.3772e-07 -1.3533e-07 -1.7885e-07 -8.8823e-08 -1.6731e-07 -1.7222e-07 -1.6459e-07 -1.7822e-07 -1.7871e-07 -1.7663e-07 -1.782e-07 -1.7896e-07 -1.7689e-07 -1.7893e-07 -1.776e-07 -1.5392e-07 -1.4996e-07 -9.1462e-08 -1.3697e-07 -1.7818e-07 -7.1305e-08 -1.2461e-07 -1.4577e-07 -2.1125e-08 4.8506e-08 -1.3787e-07 -1.7868e-07 -1.6022e-07 -1.4874e-07 -1.1475e-07 -5.4128e-08 1.4966e-08 4.4083e-08 5.3853e-08 5.9677e-08 6.0017e-08 6.1786e-08 6.348e-08 6.4443e-08 6.5523e-08 6.5811e-08 6.5581e-08 6.4647e-08 6.4364e-08 6.3773e-08 6.4287e-08 6.4331e-08 6.5024e-08 6.537e-08 6.5333e-08 6.5789e-08 6.5816e-08 6.5265e-08 6.4432e-08 6.2317e-08 5.8169e-08 1.974e-08 -1.7878e-07 -5.3619e-08 1.2117e-07 4.1394e-07 6.9882e-07 4.0149e-07 -1.1119e-07 -1.7846e-07 -1.7193e-07 -1.58e-07 -1.2952e-07 -1.1729e-07 -4.7081e-08 -2.2406e-08 -1.0772e-09 2.0872e-08 3.2657e-08 3.2987e-08 3.6948e-08 4.4481e-08 5.0919e-08
5.8909e-08 5.9897e-08 6.13e-08 6.2262e-08 6.3333e-08 6.3097e-08 6.3692e-08 6.4007e-08 6.4046e-08 6.375e-08 6.3865e-08 6.3949e-08 6.3765e-08 6.1166e-08 6.3627e-08 6.2849e-08 3.8925e-08 -6.7997e-08 -1.2759e-07 -1.2193e-07 -1.1998e-07 -1.1266e-07 -1.7342e-07 -1.7781e-07 -1.2823e-07 -1.6223e-07 -1.562e-07 -8.9349e-08 4.1115e-09 1.3385e-07 2.6874e-07 4.0559e-07 5.0709e-07 6.7493e-07 1.1977e-06 1.0277e-06 6.0705e-07 2.7004e-07 2.2556e-07 2.9647e-07 1.9518e-07 1.7868e-07 1.9388e-07 1.5755e-07 8.8352e-08 1.9806e-08 -5.4957e-08 -8.7493e-08 -8.5155e-08 1.337e-08 -1.3424e-08 -7.6621e-08 -8.3366e-08 -1.7896e-07 -1.7778e-07 -1.7212e-07 -1.7062e-07 -1.1618e-07 -9.5222e-08 -4.5227e-08 -5.4306e-08 -3.0343e-10 4.076e-08 2.5004e-08 -2.3537e-09 5.4377e-08 5.729e-08 6.0571e-08 6.3036e-08 6.3933e-08 6.3138e-08 6.4331e-08 6.3869e-08 6.4431e-08 6.4033e-08 6.3431e-08 6.1997e-08 6.2743e-08 6.3663e-08 6.4074e-08 6.3545e-08 3.6653e-08 1.7186e-08 -5.6095e-09 3.6977e-09 -5.0196e-08 -7.4261e-08 6.5797e-08 -6.9251e-08 -8.2445e-08 -6.2126e-08 -3.1309e-08 -6.793e-08 -6.3894e-08 -1.0254e-07 -9.149e-08 -7.0205e-08 -7.4514e-08 -1.2225e-07 -1.2347e-07 -1.4584e-07 -1.2719e-07 -1.393e-07 -1.3178e-07 -1.6452e-07 -1.7497e-07 -1.7644e-07 -1.7849e-07 -1.768e-07 -1.7566e-07 -1.7756e-07 -1.7866e-07 -1.6567e-07 -1.297e-07 -1.4019e-07 -1.4317e-07 -1.7778e-07 -1.5184e-07 -1.3931e-07 -1.2993e-07 -1.6129e-07 -1.2334e-07 -9.5952e-08 -1.2261e-07 -7.9365e-08 -1.5878e-07 -1.5962e-07 -1.2121e-07 -1.2836e-07 -9.8074e-08 -7.3395e-08 -3.313e-08 2.8341e-08 4.1578e-08 5.1637e-08 6.0064e-08 6.1618e-08 6.3671e-08 6.5181e-08 6.5804e-08 6.574e-08 6.5147e-08 6.3448e-08 6.1843e-08 6.0708e-08 5.8513e-08 5.9324e-08 6.1955e-08 6.0565e-08 6.2492e-08 6.3148e-08 6.4485e-08 6.5347e-08 6.5849e-08 6.5763e-08 6.5471e-08 6.438e-08 6.2621e-08 4.8286e-08 -1.009e-07 -1.7829e-07 -1.11e-07 2.8027e-08 4.2524e-08 -9.04e-08 -1.789e-07 -1.6882e-07 -1.5715e-07 -1.4313e-07 -1.2123e-07 -6.0233e-08 -3.0915e-08 8.9741e-10 2.1569e-08 3.6326e-08 4.4985e-08 4.6236e-08 4.7774e-08 5.4834e-08 5.7461e-08
6.3307e-08 6.2397e-08 6.3906e-08 6.4053e-08 6.4162e-08 6.4124e-08 6.4374e-08 6.4824e-08 6.4901e-08 6.4587e-08 6.4382e-08 6.4551e-08 6.4557e-08 6.4374e-08 6.4172e-08 6.3712e-08 5.4354e-08 2.1049e-08 -1.1371e-08 -2.0086e-08 -5.4224e-08 -7.4011e-08 -1.2738e-07 -1.3408e-07 -9.8954e-08 -1.6992e-07 -1.3342e-07 -7.2065e-08 5.7042e-08 1.612e-07 2.9459e-07 3.3049e-07 5.4134e-07 6.5701e-07 8.6639e-07 8.4468e-07 5.9496e-07 2.4904e-07 2.3596e-07 2.386e-07 1.6573e-07 1.2735e-07 8.0061e-08 7.872e-08 3.7898e-08 -6.0821e-09 -5.0233e-08 -9.4526e-08 -7.3102e-08 7.95e-08 -7.3932e-08 -9.9708e-08 -1.1217e-07 -1.5202e-07 -1.6472e-07 -1.753e-07 -1.7776e-07 -1.749e-07 -1.5836e-07 -6.1378e-08 -9.7146e-08 -1.2332e-08 1.0906e-08 2.8522e-08 4.6415e-08 4.8246e-08 5.6557e-08 5.9372e-08 6.0511e-08 6.3997e-08 6.4455e-08 6.4432e-08 6.5033e-08 6.5517e-08 6.5274e-08 6.5778e-08 6.4025e-08 6.4701e-08 6.5231e-08 6.4497e-08 6.4264e-08 6.2517e-08 4.9555e-08 5.8062e-08 3.442e-08 8.0836e-09 -4.2778e-08 -8.1647e-08 -5.1709e-08 -3.8275e-08 -3.083e-08 -5.0634e-08 -6.8617e-08 -8.2673e-08 -1.3256e-08 -5.6402e-08 -8.815e-08 -1.1897e-07 -1.3014e-07 -9.2309e-08 -1.4728e-07 -1.4155e-07 -1.1956e-07 -1.2221e-07 -1.5437e-07 -1.6051e-07 -1.7894e-07 -1.7893e-07 -1.7567e-07 -1.7894e-07 -1.7804e-07 -1.7693e-07 -1.6562e-07 -1.4473e-07 -1.5402e-07 -1.5523e-07 -1.7873e-07 -1.5629e-07 -1.7245e-07 -1.7553e-07 -1.694e-07 -1.6182e-07 -1.36e-07 -1.1368e-07 -1.7221e-07 -1.5369e-07 -1.7776e-07 -9.6149e-08 -1.1314e-07 -7.3495e-08 -2.8928e-08 2.4995e-08 3.4887e-08 5.1081e-08 5.7312e-08 6.1477e-08 6.4122e-08 6.5597e-08 6.5589e-08 6.4535e-08 6.3319e-08 6.1236e-08 5.4436e-08 5.7708e-08 5.4997e-08 5.3282e-08 5.4359e-08 5.6142e-08 5.7381e-08 5.9594e-08 6.2217e-08 6.3345e-08 6.2262e-08 6.5418e-08 6.5482e-08 6.5825e-08 6.5709e-08 6.5011e-08 5.9399e-08 3.9097e-08 -8.5856e-08 -1.4988e-07 -1.7196e-07 -1.75e-07 -1.7853e-07 -1.6334e-07 -1.3625e-07 -1.3461e-07 -1.2137e-07 -9.9993e-08 -1.4431e-07 5.7022e-08 2.9856e-08 -5.47e-08 5.048e-08 2.9529e-08 5.5929e-08 5.7183e-08 5.8243e-08 6.2216e-08
6.5076e-08 5.4165e-08 6.4209e-08 6.4269e-08 6.4992e-08 6.4797e-08 6.4862e-08 6.5182e-08 6.495e-08 6.5084e-08 6.5002e-08 6.5144e-08 6.5109e-08 6.4948e-08 6.5246e-08 6.4984e-08 6.4449e-08 5.662e-08 1.7292e-08 -8.3264e-08 -5.9039e-08 -6.2311e-08 -4.8903e-08 -7.095e-08 -1.7666e-07 -1.5208e-07 -1.1265e-07 -3.9026e-08 2.0687e-08 2.2994e-07 3.5022e-07 4.6148e-07 6.3259e-07 7.9389e-07 9.3136e-07 8.8652e-07 6.3276e-07 2.9647e-07 1.853e-07 1.5561e-07 1.0652e-07 6.0318e-08 4.1397e-08 2.0635e-08 5.349e-08 -7.7095e-10 7.2356e-10 3.8873e-08 4.6973e-08 6.709e-09 -7.2395e-08 -1.2134e-07 -1.2882e-07 -1.1792e-07 -1.5825e-07 -1.7881e-07 -1.764e-07 -1.72e-07 -1.74e-07 -1.687e-07 -1.7086e-07 -1.6891e-07 -1.0222e-07 2.6231e-08 2.7038e-08 5.6174e-08 5.9409e-08 6.0518e-08 6.1641e-08 6.3892e-08 6.5104e-08 6.5846e-08 6.585e-08 6.5851e-08 6.5812e-08 6.5753e-08 6.585e-08 6.5837e-08 6.5853e-08 6.5258e-08 6.5812e-08 6.573e-08 6.3936e-08 5.6897e-08 4.4315e-08 1.9382e-08 -1.7094e-08 -4.7617e-08 -7.4292e-09 -3.5239e-08 -4.0715e-08 -9.5852e-08 -5.3609e-08 -5.6136e-08 -5.4017e-08 -8.7615e-08 -7.5378e-08 -1.2049e-07 -8.8349e-08 -7.8025e-08 -1.5697e-07 -1.6208e-07 -1.3496e-07 -1.7071e-07 -8.2408e-08 -1.777e-07 -1.7432e-07 -1.7797e-07 -1.7615e-07 -1.6513e-07 -1.4398e-07 -1.6748e-07 -1.7654e-07 -1.6731e-07 -1.752e-07 -1.7745e-07 -1.7656e-07 -1.7869e-07 -1.7384e-07 -1.6494e-07 -1.7213e-07 -1.6264e-07 -1.6916e-07 -1.6672e-07 -1.7889e-07 -1.4546e-07 -1.3836e-07 -8.3773e-08 -4.9436e-08 2.4168e-09 1.7858e-08 4.0458e-08 4.9102e-08 5.6491e-08 6.1137e-08 6.4178e-08 6.5736e-08 6.5221e-08 6.3563e-08 6.2018e-08 5.8681e-08 5.6683e-08 5.3915e-08 5.1563e-08 4.6781e-08 5.1741e-08 5.3284e-08 5.3998e-08 5.5463e-08 6.1064e-08 5.9454e-08 6.0862e-08 6.2579e-08 6.4514e-08 6.5602e-08 6.4758e-08 6.5182e-08 6.5814e-08 6.566e-08 6.4571e-08 6.0143e-08 4.9334e-08 3.9981e-08 7.0759e-09 -4.7676e-08 -1.4582e-07 -4.4118e-08 -8.1949e-08 -9.4146e-08 -6.3704e-08 -5.1026e-08 2.6901e-08 4.6537e-08 5.0792e-08 5.6943e-08 5.9566e-08 6.0697e-08 6.2859e-08 6.3911e-08 6.4747e-08
6.5733e-08 6.5424e-08 6.5425e-08 6.5132e-08 6.5339e-08 6.5208e-08 6.533e-08 6.531e-08 6.5227e-08 6.5356e-08 6.5467e-08 6.5424e-08 6.5375e-08 6.5215e-08 6.5504e-08 6.5063e-08 6.5384e-08 6.4622e-08 5.3651e-08 -1.7549e-07 -1.0488e-07 -7.1228e-08 -9.5795e-08 -1.6717e-07 -1.2654e-07 -1.5085e-07 -1.0799e-07 -3.1805e-08 9.9057e-08 2.9361e-07 4.9385e-07 7.3899e-07 9.9212e-07 1.1206e-06 1.209e-06 1.2408e-06 1.0402e-06 7.4975e-07 3.1361e-07 1.0191e-07 4.1871e-08 2.0609e-08 3.0129e-09 1.0956e-08 2.2002e-07 1.4944e-07 -3.0623e-08 -7.3596e-08 -7.4563e-09 2.4068e-08 -7.0396e-08 -4.8795e-08 -7.7062e-09 -5.151e-08 -1.3811e-07 -1.7864e-07 -1.7477e-07 -1.6578e-07 -1.635e-07 -1.5853e-07 -1.5542e-07 -1.6081e-07 -1.0778e-07 2.3815e-08 5.2788e-08 5.7809e-08 6.0259e-08 6.0434e-08 6.2744e-08 6.4318e-08 6.4893e-08 6.5833e-08 6.5825e-08 6.5703e-08 6.5577e-08 6.4948e-08 6.5109e-08 6.4277e-08 6.5193e-08 6.5704e-08 6.5809e-08 6.5846e-08 6.5854e-08 5.6876e-08 4.9405e-08 3.0288e-08 2.0992e-08 8.6079e-09 -1.3396e-08 -2.2698e-09 -7.5549e-08 -6.6893e-08 -5.9965e-08 -2.196e-08 3.8125e-09 -9.3752e-08 -7.9537e-08 -1.0336e-07 -7.8858e-08 -1.0702e-07 -1.0726e-07 -1.1894e-07 -1.2569e-07 -1.3728e-07 -1.4312e-07 -1.7227e-07 -1.788e-07 -1.3343e-07 -1.7896e-07 -1.4981e-07 -1.7361e-07 -1.6092e-07 -1.6667e-07 -1.5693e-07 -1.4377e-07 -1.3458e-07 -1.6426e-07 -1.7613e-07 -1.7893e-07 -1.4326e-07 -1.3662e-07 -1.4723e-07 -5.7234e-08 -9.0249e-08 -1.1394e-07 -6.1867e-08 -6.2837e-08 -4.6137e-08 -7.2431e-09 1.6982e-08 3.6766e-08 4.9687e-08 5.4379e-08 6.0337e-08 6.3112e-08 6.5602e-08 6.5698e-08 6.3652e-08 6.0677e-08 5.7448e-08 5.5934e-08 5.3672e-08 4.8285e-08 4.4906e-08 4.275e-08 4.397e-08 4.7744e-08 4.8532e-08 5.3496e-08 5.4303e-08 5.7378e-08 6.3076e-08 6.061e-08 6.3038e-08 6.3488e-08 6.3814e-08 6.4711e-08 6.5487e-08 6.5557e-08 6.5855e-08 6.5698e-08 6.4103e-08 6.297e-08 6.1649e-08 5.5797e-08 5.0613e-08 3.3116e-08 -1.0404e-08 -3.7145e-08 -2.8375e-08 -2.583e-08 1.765e-08 2.1835e-08 5.5643e-08 5.8747e-08 6.0898e-08 6.3046e-08 6.5047e-08 6.5658e-08 6.579e-08
6.5825e-08 6.5655e-08 6.5704e-08 6.525e-08 6.5675e-08 6.553e-08 6.5658e-08 6.5625e-08 6.5448e-08 6.551e-08 6.5588e-08 6.561e-08 6.5578e-08 6.5371e-08 6.5142e-08 6.4956e-08 6.4659e-08 6.3758e-08 6.3124e-08 -9.2487e-08 -9.6643e-08 -1.1451e-07 -1.5375e-07 -1.7807e-07 -1.5762e-07 -1.5687e-07 -1.129e-07 -3.9493e-08 7.7712e-08 4.0038e-07 8.322e-07 1.1803e-06 1.5451e-06 1.7784e-06 1.7834e-06 1.5954e-06 1.4057e-06 1.3481e-06 8.8652e-07 3.6187e-07 6.7012e-08 -2.7433e-08 -3.8587e-08 -2.9727e-08 -3.0892e-09 4.107e-08 1.5899e-09 -3.673e-08 -6.8068e-08 -1.3128e-07 -2.7405e-09 3.6163e-08 7.926e-08 1.352e-07 -3.8211e-08 -1.5709e-07 -1.7662e-07 -1.6917e-07 -1.6548e-07 -1.6717e-07 -1.5796e-07 -1.6471e-07 -6.1973e-08 3.3282e-08 5.2429e-08 5.7662e-08 6.0229e-08 6.1861e-08 6.3045e-08 6.5119e-08 6.547e-08 6.5854e-08 6.58e-08 6.5009e-08 6.4694e-08 6.3375e-08 6.1859e-08 6.2393e-08 6.265e-08 6.4285e-08 6.3856e-08 6.4563e-08 6.5358e-08 6.5648e-08 6.5438e-08 6.384e-08 6.2833e-08 5.8632e-08 4.5139e-08 5.8911e-08 -1.1638e-08 -3.3549e-08 -6.4541e-08 -7.0919e-08 -4.0105e-08 -6.7121e-08 -5.078e-08 -1.9411e-08 -9.2606e-08 -4.1502e-08 -8.0771e-08 -4.5445e-08 -1.023e-07 -2.2643e-08 -8.2412e-08 -8.9428e-08 -1.489e-07 -1.685e-07 -1.7712e-07 -1.7314e-07 -1.6155e-07 -1.5011e-07 -1.4904e-07 -1.1888e-07 -1.2004e-07 -1.2001e-07 -1.4626e-07 -1.7798e-07 -5.0207e-08 -9.1872e-08 -1.1721e-07 -1.4611e-07 -1.1945e-07 -1.3751e-07 -6.308e-08 -4.2625e-08 -3.118e-08 -2.3394e-08 2.1592e-08 3.3694e-08 4.6923e-08 5.6142e-08 5.9794e-08 6.2384e-08 6.5552e-08 6.5697e-08 6.5002e-08 6.1841e-08 5.8856e-08 5.3299e-08 5.0578e-08 4.5656e-08 4.1102e-08 4.0254e-08 3.8882e-08 3.7843e-08 3.9986e-08 4.4587e-08 4.5773e-08 5.0557e-08 5.2709e-08 5.4879e-08 5.6523e-08 5.9893e-08 5.735e-08 5.85e-08 6.2129e-08 6.4573e-08 6.454e-08 6.5681e-08 6.5766e-08 6.5388e-08 6.2749e-08 6.0942e-08 5.454e-08 5.1577e-08 3.9605e-08 2.1629e-08 4.3257e-09 3.1089e-09 -4.4145e-09 2.6547e-08 1.7252e-08 5.9482e-08 6.0571e-08 6.2572e-08 6.5109e-08 6.5378e-08 6.5794e-08 6.5834e-08
6.5852e-08 6.5818e-08 6.5843e-08 6.5709e-08 6.2287e-08 6.5748e-08 6.5769e-08 6.4319e-08 6.5718e-08 6.5672e-08 6.5546e-08 6.5577e-08 6.5236e-08 6.5191e-08 6.4947e-08 6.4578e-08 6.4502e-08 6.4803e-08 6.2293e-08 4.7248e-08 -1.4453e-07 -1.6104e-07 -1.2822e-07 -1.7534e-07 -1.7656e-07 -1.6466e-07 -1.3729e-07 -8.1895e-08 1.3137e-07 6.4131e-07 1.233e-06 1.8028e-06 2.1941e-06 2.2499e-06 2.4485e-06 2.305e-06 1.6374e-06 1.522e-06 1.3034e-06 7.3549e-07 1.8783e-07 -3.6109e-08 -6.977e-08 -5.9356e-08 6.9287e-09 -1.5814e-08 3.2326e-08 3.0735e-07 -2.084e-08 -3.5976e-08 -2.9645e-08 1.285e-08 1.296e-07 2.2744e-07 1.0649e-07 -8.4323e-08 -1.7388e-07 -1.7836e-07 -1.7268e-07 -1.7387e-07 -1.3317e-07 -1.2592e-07 -1.1775e-07 -6.4611e-09 5.3488e-08 5.9527e-08 6.0763e-08 6.1826e-08 6.4245e-08 6.538e-08 6.5855e-08 6.5518e-08 6.5379e-08 6.361e-08 6.2132e-08 6.1073e-08 6.0212e-08 5.9311e-08 5.9242e-08 5.7154e-08 6.2367e-08 6.2401e-08 6.3088e-08 6.3812e-08 6.5195e-08 6.4621e-08 6.5632e-08 6.3535e-08 5.4079e-08 5.1613e-08 4.2168e-08 8.0493e-09 6.2894e-09 -2.4065e-09 -1.0139e-08 -4.5219e-08 -6.8354e-08 -7.7096e-08 -1.343e-08 -4.0711e-08 -2.5978e-08 5.317e-08 -2.7096e-08 -1.0443e-07 1.5363e-09 -1.213e-07 -1.3931e-07 -1.4678e-07 -1.6419e-07 -1.618e-07 -1.7866e-07 -1.617e-07 -1.3265e-07 -1.3862e-07 -1.4394e-07 -1.7681e-07 -1.6392e-07 -1.7808e-07 -6.6842e-08 -5.945e-08 -5.4574e-08 -5.7612e-08 -5.1491e-08 -3.0671e-08 -2.5308e-08 -1.3094e-08 6.1457e-10 2.2163e-08 3.1008e-08 4.5635e-08 5.3727e-08 5.9861e-08 6.1274e-08 6.5129e-08 6.5845e-08 6.5009e-08 6.3335e-08 6.1087e-08 5.5375e-08 5.3939e-08 4.2672e-08 3.7671e-08 3.5806e-08 3.5729e-08 3.5824e-08 3.4913e-08 3.8403e-08 3.9368e-08 4.2948e-08 4.051e-08 4.745e-08 4.8919e-08 5.3263e-08 5.4177e-08 5.5667e-08 5.6926e-08 5.8916e-08 6.3318e-08 6.5634e-08 6.5361e-08 6.5848e-08 6.5537e-08 6.4022e-08 6.0885e-08 5.4719e-08 5.4237e-08 4.7343e-08 3.9948e-08 3.4767e-08 2.6791e-08 1.9478e-08 -1.7082e-08 -1.2512e-07 6.0785e-08 6.1938e-08 6.2587e-08 6.5053e-08 6.5754e-08 6.585e-08 6.5799e-08
6.5845e-08 6.5854e-08 6.5846e-08 6.5855e-08 6.5837e-08 6.58e-08 6.5685e-08 6.5776e-08 6.5691e-08 6.5624e-08 6.5614e-08 6.5649e-08 6.5409e-08 6.5556e-08 6.4856e-08 6.5052e-08 6.4417e-08 6.0883e-08 5.7999e-08 4.6476e-08 8.3324e-09 -4.2285e-08 -1.0089e-07 -1.3696e-07 -1.699e-07 -1.7866e-07 -1.6865e-07 -9.6312e-08 1.5807e-07 7.4008e-07 1.4245e-06 1.8906e-06 2.0657e-06 2.1111e-06 2.5389e-06 2.3103e-06 1.7304e-06 1.4395e-06 1.1519e-06 5.8939e-07 1.2792e-07 -5.6231e-08 -7.5054e-08 -6.5291e-08 1.0492e-07 -3.6286e-08 1.1324e-08 1.2148e-07 2.7306e-08 5.9713e-08 5.6072e-08 1.0368e-07 1.0758e-07 6.324e-08 -4.5965e-09 -5.5071e-08 -1.5181e-07 -1.7879e-07 -1.7846e-07 -1.7896e-07 -1.6312e-07 -1.2261e-07 -1.1904e-07 -2.4824e-08 4.5915e-08 6.1481e-08 6.2877e-08 6.1568e-08 6.4893e-08 6.5773e-08 6.5811e-08 6.4843e-08 6.3851e-08 6.2209e-08 5.9887e-08 5.7757e-08 5.6651e-08 5.5921e-08 5.5767e-08 5.6292e-08 5.7196e-08 5.7955e-08 5.9931e-08 5.6116e-08 5.7035e-08 6.3905e-08 6.5691e-08 6.5849e-08 6.4382e-08 6.4731e-08 5.1642e-08 6.3302e-08 5.5345e-08 4.1513e-08 4.5689e-08 7.0963e-09 -2.1664e-08 2.8132e-08 -5.3478e-08 -4.9267e-09 5.8019e-08 5.8156e-08 5.586e-08 -6.4994e-08 -1.7513e-08 -1.482e-07 -1.6215e-07 -1.1332e-07 -1.0575e-07 -1.3434e-07 -1.6136e-07 -1.3788e-07 5.8354e-09 -6.2885e-08 -1.7124e-07 -1.4758e-07 -3.3055e-08 -1.6767e-07 -4.1748e-08 -5.8989e-08 -4.6995e-08 -4.9004e-08 -3.4133e-09 3.1026e-09 1.6489e-08 7.2645e-09 2.558e-08 2.8878e-08 4.5423e-08 5.5353e-08 5.8507e-08 6.0295e-08 6.3551e-08 6.5392e-08 6.5398e-08 6.3753e-08 6.0575e-08 5.8439e-08 4.9872e-08 4.5374e-08 4.1754e-08 3.4681e-08 3.3672e-08 3.4007e-08 3.4465e-08 3.6181e-08 3.5209e-08 3.6728e-08 3.8346e-08 4.2178e-08 4.4757e-08 4.3948e-08 4.4739e-08 4.8828e-08 5.2502e-08 5.593e-08 5.8598e-08 6.0412e-08 6.3075e-08 6.486e-08 6.5825e-08 6.5336e-08 6.428e-08 6.1809e-08 5.6507e-08 5.6428e-08 5.3871e-08 4.9622e-08 4.8996e-08 3.8355e-08 -4.4409e-08 -3.6886e-09 -4.2826e-08 5.7085e-08 6.1578e-08 6.4006e-08 6.4535e-08 6.571e-08 6.5724e-08 6.5854e-08
6.5845e-08 6.5825e-08 6.5823e-08 6.5854e-08 6.5846e-08 6.5836e-08 6.5795e-08 6.5745e-08 6.5713e-08 6.5744e-08 6.5642e-08 6.5821e-08 6.569e-08 6.5714e-08 6.5142e-08 6.4841e-08 6.3451e-08 6.0566e-08 5.1072e-08 2.6367e-08 -7.654e-09 -4.526e-08 -8.9201e-08 -1.2512e-07 -1.554e-07 -1.7301e-07 -1.7771e-07 -1.5697e-07 -1.5448e-08 3.4591e-07 9.2114e-07 1.449e-06 1.7162e-06 1.8042e-06 1.8645e-06 1.7899e-06 1.483e-06 1.2875e-06 4.673e-07 5.3456e-08 -9.9256e-08 -1.2991e-07 -1.015e-07 -9.2283e-08 -9.7048e-08 2.6343e-08 -4.6171e-08 1.5806e-07 4.5408e-08 3.6523e-08 6.8613e-08 2.5839e-08 2.3266e-07 5.1716e-08 -9.9354e-08 -7.1605e-08 -1.1131e-07 -1.7506e-07 -1.7738e-07 -1.514e-07 -1.5528e-07 -1.4856e-07 -1.1788e-07 -2.2513e-08 4.5037e-08 6.253e-08 6.48e-08 6.5267e-08 6.5747e-08 6.5796e-08 6.4577e-08 6.3357e-08 6.0054e-08 5.8616e-08 4.9233e-08 5.5931e-08 5.32e-08 5.4899e-08 5.2749e-08 5.2636e-08 5.3906e-08 5.4449e-08 5.8071e-08 5.7537e-08 5.6467e-08 6.1914e-08 6.3191e-08 6.5632e-08 6.5838e-08 6.5786e-08 6.5711e-08 6.5156e-08 6.4973e-08 6.2797e-08 5.6704e-08 3.7451e-08 2.4046e-08 8.4439e-09 4.7797e-08 5.425e-08 6.0568e-08 5.7355e-08 2.0937e-08 5.3187e-08 1.9985e-08 5.1229e-08 4.0379e-08 4.9993e-08 -1.4757e-07 -1.5784e-07 -1.7187e-07 -3.0263e-08 -1.583e-07 -1.7679e-07 -1.2899e-08 -5.5718e-09 -2.9136e-08 -5.0011e-08 -4.2031e-08 -1.7009e-08 -1.0295e-08 -8.6129e-09 3.2674e-08 4.8676e-08 2.9274e-08 2.8682e-08 3.2981e-08 4.9611e-08 5.6347e-08 5.86e-08 5.7019e-08 6.3322e-08 6.3806e-08 6.5769e-08 6.5234e-08 6.1975e-08 5.8767e-08 5.7698e-08 5.022e-08 4.3827e-08 3.814e-08 3.4782e-08 3.6463e-08 4.1718e-08 3.4085e-08 3.6459e-08 3.8068e-08 4.131e-08 3.5667e-08 4.588e-08 4.4534e-08 4.5584e-08 4.8177e-08 4.9722e-08 4.952e-08 5.3749e-08 5.7298e-08 5.869e-08 6.4067e-08 6.4886e-08 6.584e-08 6.5289e-08 6.2646e-08 6.129e-08 5.9225e-08 5.7125e-08 5.3086e-08 5.4832e-08 5.3961e-08 4.368e-08 2.0448e-08 -6.7351e-09 -7.4454e-08 5.4363e-08 6.3561e-08 6.3723e-08 6.5512e-08 6.5684e-08 6.5846e-08 6.5811e-08
6.5704e-08 6.5712e-08 6.5827e-08 6.5823e-08 6.5841e-08 6.5854e-08 6.5842e-08 6.5765e-08 6.5711e-08 6.581e-08 6.5803e-08 6.5635e-08 6.5584e-08 6.5333e-08 6.5161e-08 6.386e-08 6.0891e-08 5.4795e-08 4.0913e-08 1.976e-08 -1.5778e-08 -5.0337e-08 -8.437e-08 -1.094e-07 -1.2813e-07 -1.4863e-07 -1.685e-07 -1.7896e-07 -1.4776e-07 4.2017e-09 1.875e-07 3.6143e-07 4.2433e-07 1.1197e-06 1.4614e-06 1.5533e-06 1.2207e-06 5.6305e-07 1.7221e-07 -5.6712e-08 -1.3303e-07 -1.5481e-07 -1.5324e-07 -1.632e-07 -1.7338e-07 -1.7851e-07 -1.7896e-07 -1.7151e-07 -5.161e-08 7.9469e-08 2.3117e-07 7.7572e-08 -9.8081e-08 -8.5137e-08 -8.7626e-08 -1.3862e-07 -1.7687e-07 -1.7825e-07 -1.7723e-07 -1.4226e-07 -1.1924e-07 -6.9439e-08 -3.3222e-08 1.2358e-08 4.7109e-08 6.3809e-08 6.4632e-08 6.5815e-08 6.5706e-08 6.4787e-08 6.3809e-08 5.9996e-08 5.797e-08 5.5105e-08 5.5312e-08 5.0308e-08 5.0595e-08 5.0356e-08 4.7114e-08 4.7124e-08 5.2205e-08 5.0746e-08 5.2627e-08 5.3745e-08 5.5994e-08 5.7858e-08 6.2313e-08 6.1206e-08 6.3125e-08 6.5404e-08 6.5632e-08 6.5018e-08 6.5796e-08 6.5098e-08 6.4732e-08 6.3642e-08 5.3836e-08 4.419e-08 5.9847e-08 5.912e-08 4.1684e-08 2.0932e-08 -3.0381e-09 5.5359e-08 2.456e-08 5.1632e-08 5.3751e-08 5.4616e-08 1.2141e-08 -4.1859e-08 -1.1128e-07 -1.0468e-08 -4.4505e-08 -6.6267e-08 -4.1309e-09 -3.6896e-08 -6.6584e-08 -1.112e-08 -4.2428e-09 8.0711e-09 3.3785e-09 2.605e-08 3.4746e-08 4.529e-08 4.5422e-08 4.9837e-08 5.1544e-08 5.2666e-08 5.8403e-08 6.0388e-08 6.2501e-08 6.304e-08 6.5654e-08 6.5841e-08 6.3223e-08 6.0261e-08 5.6378e-08 5.1471e-08 4.8989e-08 4.3597e-08 3.9067e-08 3.415e-08 3.4358e-08 3.3954e-08 3.5033e-08 3.919e-08 3.7587e-08 3.7131e-08 3.8519e-08 3.9586e-08 4.3564e-08 4.1482e-08 4.388e-08 5.1591e-08 4.9268e-08 5.0792e-08 5.5183e-08 6.0101e-08 6.4823e-08 6.568e-08 6.5853e-08 6.4316e-08 6.2116e-08 6.0767e-08 6.0236e-08 5.9053e-08 5.8628e-08 5.8335e-08 5.7868e-08 5.5145e-08 4.9748e-08 3.0409e-08 -2.8762e-08 5.8959e-08 5.9471e-08 6.1584e-08 6.4868e-08 6.5854e-08 6.5854e-08 6.573e-08
6.5711e-08 6.5753e-08 6.5762e-08 6.5853e-08 6.5855e-08 6.5854e-08 6.5826e-08 6.5841e-08 6.5661e-08 6.5854e-08 6.5829e-08 6.5719e-08 6.5695e-08 6.5209e-08 6.384e-08 6.3053e-08 5.7061e-08 5.0329e-08 3.7493e-08 1.8399e-08 -1.6303e-08 -3.691e-08 -5.9895e-08 -7.6415e-08 -9.6764e-08 -1.1691e-07 -1.4183e-07 -1.5408e-07 -1.7236e-07 -1.7813e-07 -1.6007e-07 -1.4639e-07 -1.4739e-07 -1.4203e-07 7.977e-08 1.4979e-07 -3.4243e-08 -1.0122e-07 -1.1424e-07 -1.2361e-07 -1.488e-07 -1.5964e-07 -1.5694e-07 -1.6371e-07 -1.7608e-07 -1.7883e-07 -1.7876e-07 -1.7896e-07 -5.0326e-08 6.4446e-08 -6.9061e-08 -1.4569e-07 -1.7615e-07 -1.7267e-07 -1.7788e-07 -1.5238e-07 -1.7456e-07 -6.8695e-08 -1.7554e-07 -1.4994e-07 -1.0454e-07 -4.6392e-08 1.2128e-08 4.8556e-08 6.1508e-08 6.4976e-08 6.577e-08 6.5833e-08 6.4226e-08 6.3464e-08 6.0194e-08 5.7504e-08 5.5968e-08 5.3233e-08 5.1929e-08 5.2638e-08 5.5202e-08 5.8982e-08 4.7001e-08 4.6595e-08 4.8361e-08 4.6627e-08 4.985e-08 5.0644e-08 5.3599e-08 5.5004e-08 5.5833e-08 5.7525e-08 5.9976e-08 6.2024e-08 6.3655e-08 6.4242e-08 6.4769e-08 6.5465e-08 6.5595e-08 6.5756e-08 6.4471e-08 6.2813e-08 6.2854e-08 6.3452e-08 6.1192e-08 5.8907e-08 6.3543e-08 5.7404e-08 4.4932e-08 5.5724e-08 3.621e-08 3.9568e-08 5.1891e-08 2.3013e-08 -1.1763e-08 1.6386e-08 1.8467e-08 3.0501e-08 3.328e-08 -5.1504e-08 -2.8153e-09 1.0642e-08 1.9467e-08 3.3986e-08 3.4925e-08 4.1046e-08 5.0584e-08 4.4826e-08 5.4312e-08 5.4893e-08 5.5312e-08 5.6737e-08 6.0208e-08 6.1528e-08 6.4587e-08 6.5201e-08 6.5854e-08 6.5396e-08 5.4934e-08 5.3745e-08 5.595e-08 5.284e-08 4.8431e-08 4.4428e-08 3.9667e-08 3.4831e-08 3.4703e-08 3.6607e-08 3.6222e-08 3.7545e-08 3.8751e-08 3.8932e-08 4.2682e-08 3.8532e-08 4.0249e-08 4.1591e-08 4.6151e-08 4.6596e-08 4.6881e-08 5.2772e-08 5.7677e-08 6.1847e-08 6.4059e-08 6.099e-08 6.3814e-08 6.564e-08 6.3906e-08 6.3392e-08 6.2388e-08 6.1384e-08 6.1497e-08 5.9867e-08 6.0321e-08 5.9513e-08 5.8144e-08 5.2392e-08 5.5183e-08 5.7705e-08 6.0416e-08 6.4326e-08 6.4863e-08 6.5778e-08 6.5854e-08 6.5698e-08
6.5648e-08 6.5744e-08 6.5762e-08 6.5849e-08 6.5802e-08 6.5821e-08 6.5849e-08 6.5853e-08 6.5834e-08 6.5832e-08 6.5852e-08 6.5688e-08 6.5584e-08 6.456e-08 6.2746e-08 5.9921e-08 5.3417e-08 4.7387e-08 3.7377e-08 2.0865e-08 1.8321e-10 -1.2926e-08 -3.2609e-08 -5.2519e-08 -8.1775e-08 -9.9131e-08 -1.1002e-07 -1.2439e-07 -1.3473e-07 -1.4827e-07 -1.5927e-07 -1.6821e-07 -1.7379e-07 -1.7717e-07 -1.7896e-07 -1.7874e-07 -1.7811e-07 -1.7866e-07 -1.7402e-07 -1.6296e-07 -1.6036e-07 -1.7155e-07 -1.6963e-07 -1.4576e-07 -1.6354e-07 -1.7573e-07 -1.7693e-07 -1.7714e-07 -1.5616e-07 -8.9315e-08 -3.5799e-08 6.7281e-09 2.4537e-08 -2.9276e-08 -3.8294e-08 -1.4867e-07 -1.4235e-07 -1.3976e-07 -4.4563e-08 -1.3122e-07 -4.7432e-08 4.648e-09 4.5999e-08 5.995e-08 6.2258e-08 6.5797e-08 6.5521e-08 6.4008e-08 6.3489e-08 5.9186e-08 5.8731e-08 5.6204e-08 5.3151e-08 5.2322e-08 5.1235e-08 5.0678e-08 4.9004e-08 4.573e-08 4.3855e-08 4.427e-08 4.4056e-08 4.6544e-08 4.7055e-08 4.8787e-08 4.9751e-08 5.2085e-08 5.2491e-08 5.6677e-08 5.7889e-08 5.9252e-08 6.0841e-08 6.2797e-08 6.4833e-08 6.5472e-08 6.5808e-08 6.5788e-08 6.5679e-08 6.5765e-08 6.5735e-08 6.543e-08 6.2166e-08 6.4463e-08 5.8238e-08 6.0302e-08 9.6986e-09 6.56e-08 4.3574e-08 5.8004e-08 5.4063e-08 3.9521e-08 3.0402e-08 3.8928e-08 3.3883e-08 3.0714e-08 1.4032e-08 4.0466e-08 3.6307e-08 4.1202e-08 4.5633e-08 4.2961e-08 4.4265e-08 4.7917e-08 5.3793e-08 5.3315e-08 5.3268e-08 5.6367e-08 5.5332e-08 5.8685e-08 6.0623e-08 6.3057e-08 6.5137e-08 6.5822e-08 6.5546e-08 6.403e-08 5.756e-08 5.5101e-08 5.6494e-08 5.1478e-08 5.1186e-08 4.5256e-08 4.1832e-08 3.9044e-08 3.6683e-08 3.681e-08 3.8469e-08 3.7922e-08 3.8967e-08 3.9176e-08 4.148e-08 4.5619e-08 3.9946e-08 4.4075e-08 4.834e-08 5.1026e-08 5.1131e-08 5.7145e-08 5.975e-08 6.3197e-08 6.4167e-08 6.2049e-08 5.8936e-08 6.5792e-08 6.4886e-08 6.443e-08 6.4235e-08 6.3543e-08 6.3744e-08 6.3032e-08 6.1284e-08 6.2322e-08 6.0752e-08 6.1185e-08 4.3291e-08 5.4374e-08 6.5127e-08 6.4796e-08 6.477e-08 6.5852e-08 6.5398e-08 6.5824e-08
6.5659e-08 6.5639e-08 6.5784e-08 6.5775e-08 6.5738e-08 6.5708e-08 6.5852e-08 6.5837e-08 6.5854e-08 6.5843e-08 6.5741e-08 6.5307e-08 6.4693e-08 6.3587e-08 6.1317e-08 5.7416e-08 5.0863e-08 4.1288e-08 3.2533e-08 2.031e-08 -1.1385e-08 -7.0871e-09 -2.3937e-08 -4.8273e-08 -5.788e-08 -7.4388e-08 -8.9182e-08 -1.0089e-07 -1.1344e-07 -1.2093e-07 -1.337e-07 -1.4635e-07 -1.5833e-07 -1.6368e-07 -1.6314e-07 -1.615e-07 -1.699e-07 -1.7321e-07 -1.7887e-07 -1.7649e-07 -1.7313e-07 -1.744e-07 -1.7641e-07 -1.7815e-07 -1.7521e-07 -1.7882e-07 -1.6823e-07 -1.3478e-07 -4.9382e-08 -1.6168e-08 8.1131e-09 2.4621e-08 3.9785e-08 4.6079e-08 4.7298e-08 1.1477e-08 -1.041e-07 -1.2318e-07 -8.738e-08 -5.0899e-09 2.364e-08 4.9812e-08 5.96e-08 6.5576e-08 6.5699e-08 6.5684e-08 6.4769e-08 6.2497e-08 5.9898e-08 5.776e-08 5.4022e-08 5.0903e-08 4.8763e-08 4.8493e-08 4.644e-08 4.5327e-08 4.4707e-08 4.7971e-08 3.7367e-08 3.4426e-08 4.3488e-08 4.4197e-08 4.2585e-08 5.2321e-08 4.6898e-08 4.9613e-08 5.3688e-08 5.4829e-08 5.3579e-08 5.6913e-08 5.7857e-08 5.9893e-08 6.2077e-08 6.3638e-08 6.4631e-08 6.5228e-08 6.5691e-08 6.5603e-08 6.5758e-08 6.5731e-08 6.5653e-08 6.5565e-08 5.8578e-08 3.982e-08 8.1554e-09 6.3996e-08 2.5849e-08 5.7933e-08 5.5768e-08 5.0238e-08 5.0209e-08 4.881e-08 4.8265e-08 5.0171e-08 5.45e-08 4.8679e-08 5.084e-08 4.9627e-08 5.3093e-08 5.4111e-08 5.3142e-08 5.5481e-08 5.3774e-08 5.4465e-08 5.6485e-08 5.6886e-08 5.5625e-08 5.9417e-08 6.1234e-08 6.3005e-08 6.4621e-08 6.581e-08 6.5373e-08 6.4029e-08 6.1146e-08 6.0584e-08 5.5436e-08 5.3424e-08 4.867e-08 4.5983e-08 4.3151e-08 4.0878e-08 3.6989e-08 3.8083e-08 3.7164e-08 3.7788e-08 4.0994e-08 3.8728e-08 3.9722e-08 4.2313e-08 4.3585e-08 4.7622e-08 4.8067e-08 5.4192e-08 5.974e-08 5.8664e-08 6.1027e-08 6.3256e-08 6.4421e-08 6.5143e-08 6.578e-08 6.5853e-08 6.5706e-08 6.5168e-08 6.4929e-08 6.4968e-08 6.4096e-08 6.442e-08 6.3391e-08 6.3005e-08 6.2508e-08 6.2997e-08 6.1102e-08 6.4734e-08 6.4909e-08 6.3868e-08 6.5088e-08 6.585e-08 6.5433e-08 6.5468e-08
6.571e-08 6.5788e-08 6.5587e-08 6.5561e-08 6.5637e-08 6.5729e-08 6.5827e-08 6.5849e-08 6.5807e-08 6.5402e-08 6.5571e-08 6.5191e-08 6.3938e-08 6.2281e-08 5.8971e-08 5.2044e-08 3.7838e-08 3.9356e-08 3.4997e-08 2.4449e-08 1.4459e-08 5.7624e-09 -1.0721e-08 -2.3223e-08 -3.8563e-08 -5.12e-08 -6.6748e-08 -8.2818e-08 -8.9986e-08 -1.0457e-07 -1.1532e-07 -1.2079e-07 -1.3333e-07 -1.3824e-07 -1.3631e-07 -1.3908e-07 -1.4092e-07 -1.5509e-07 -1.7055e-07 -1.7729e-07 -1.7894e-07 -1.7896e-07 -1.7853e-07 -1.7678e-07 -1.6691e-07 -1.4297e-07 -1.2124e-07 -8.2201e-08 -3.9986e-08 1.557e-10 2.4525e-08 3.6073e-08 4.3446e-08 4.9579e-08 5.3354e-08 5.6421e-08 -3.7844e-09 1.8874e-08 -3.1527e-08 4.8155e-08 6.4327e-08 6.5498e-08 6.5854e-08 6.5753e-08 6.5181e-08 6.3806e-08 6.0467e-08 5.8245e-08 5.564e-08 5.3989e-08 4.8521e-08 4.6482e-08 4.5597e-08 4.4376e-08 4.2261e-08 4.0002e-08 3.9684e-08 4.1189e-08 3.809e-08 3.986e-08 4.2724e-08 4.0415e-08 4.2687e-08 4.1207e-08 4.4856e-08 4.0334e-08 4.319e-08 4.9939e-08 5.1069e-08 5.5609e-08 5.5364e-08 5.7523e-08 6.0263e-08 6.1302e-08 6.3571e-08 6.4728e-08 6.4451e-08 6.1523e-08 6.5596e-08 6.5713e-08 6.5667e-08 6.5652e-08 6.4687e-08 6.2907e-08 5.4284e-08 5.5108e-08 5.4123e-08 6.1172e-08 5.7864e-08 5.9568e-08 5.7253e-08 5.725e-08 5.45e-08 5.7036e-08 5.6668e-08 5.5686e-08 5.8221e-08 6.0099e-08 5.7036e-08 5.9341e-08 5.7489e-08 5.6409e-08 5.3139e-08 5.5341e-08 5.6725e-08 5.5205e-08 5.5069e-08 5.9165e-08 6.0816e-08 6.2225e-08 6.4981e-08 6.5834e-08 6.5598e-08 6.4606e-08 6.4687e-08 6.2082e-08 5.9708e-08 5.5872e-08 5.506e-08 5.238e-08 5.1433e-08 4.8216e-08 4.7715e-08 4.4214e-08 4.3064e-08 4.2555e-08 4.487e-08 4.445e-08 4.8813e-08 4.8687e-08 4.8364e-08 4.8863e-08 5.4494e-08 5.846e-08 5.9999e-08 6.2265e-08 6.1428e-08 6.3417e-08 6.4382e-08 6.5221e-08 6.5674e-08 6.5854e-08 6.577e-08 6.563e-08 6.548e-08 6.5174e-08 6.5354e-08 6.5115e-08 6.1875e-08 6.3403e-08 6.2501e-08 6.4185e-08 6.3849e-08 6.3858e-08 6.4536e-08 6.5657e-08 6.5813e-08 6.5797e-08 6.5499e-08 6.5387e-08
6.5109e-08 6.5275e-08 6.5642e-08 6.5848e-08 6.5803e-08 6.5717e-08 6.5818e-08 6.5849e-08 6.5759e-08 6.5578e-08 6.5453e-08 6.4566e-08 6.3877e-08 6.1599e-08 6.0519e-08 5.3237e-08 5.5494e-08 3.1753e-08 3.8159e-08 3.3332e-08 2.6004e-08 1.564e-08 7.559e-09 1.9483e-09 -1.576e-08 -3.0826e-08 -4.4278e-08 -6.1632e-08 -7.5612e-08 -8.3834e-08 -9.3012e-08 -9.5348e-08 -1.0438e-07 -1.0166e-07 -1.0634e-07 -1.0355e-07 -1.1559e-07 -1.237e-07 -1.3432e-07 -1.4897e-07 -1.6249e-07 -1.6293e-07 -1.6884e-07 -1.6475e-07 -1.5176e-07 -1.2212e-07 -8.2836e-08 1.3191e-08 1.6641e-08 3.5695e-08 4.1768e-08 4.3797e-08 5.5504e-08 5.2348e-08 5.6899e-08 6.0861e-08 6.3172e-08 6.4001e-08 6.5708e-08 6.5825e-08 6.5449e-08 6.4706e-08 6.2394e-08 6.1147e-08 5.8694e-08 5.6196e-08 5.5198e-08 5.2439e-08 5.0797e-08 4.8044e-08 4.4063e-08 4.2212e-08 4.1415e-08 3.8885e-08 3.7406e-08 3.9245e-08 3.8037e-08 3.7805e-08 3.6112e-08 3.2762e-08 4.0713e-08 3.9657e-08 3.8298e-08 4.0753e-08 3.7206e-08 4.2259e-08 4.718e-08 4.7814e-08 5.1872e-08 5.1839e-08 5.3517e-08 5.4595e-08 5.7399e-08 5.9774e-08 6.2962e-08 6.333e-08 6.36e-08 6.3913e-08 6.4748e-08 6.5453e-08 6.5714e-08 6.5854e-08 6.5534e-08 6.5537e-08 6.523e-08 6.3888e-08 6.2641e-08 6.2741e-08 6.2854e-08 6.1501e-08 6.1502e-08 6.1492e-08 6.0125e-08 6.1968e-08 6.0303e-08 6.2208e-08 6.372e-08 6.3215e-08 6.3039e-08 6.2258e-08 5.9299e-08 5.8385e-08 5.6671e-08 5.5822e-08 5.3598e-08 5.4459e-08 5.9213e-08 6.133e-08 6.151e-08 6.2611e-08 6.4753e-08 6.5754e-08 6.5818e-08 6.5746e-08 6.4932e-08 6.3255e-08 6.1568e-08 5.9569e-08 5.923e-08 5.7739e-08 5.6372e-08 5.4587e-08 5.3889e-08 5.1366e-08 5.0386e-08 5.1986e-08 5.1324e-08 5.1276e-08 5.7362e-08 5.67e-08 5.4447e-08 5.7356e-08 5.7923e-08 6.0939e-08 6.2363e-08 6.1227e-08 6.426e-08 6.3195e-08 6.3957e-08 6.5659e-08 6.5844e-08 6.5854e-08 6.5832e-08 6.5839e-08 6.5519e-08 6.5569e-08 6.5273e-08 6.4494e-08 6.3979e-08 6.4664e-08 6.482e-08 6.2609e-08 6.3489e-08 6.3352e-08 6.5247e-08 6.5809e-08 6.5791e-08 6.5424e-08 6.4981e-08 6.469e-08
6.5112e-08 6.5138e-08 6.5391e-08 6.5625e-08 6.549e-08 6.5832e-08 6.5819e-08 6.5728e-08 6.5687e-08 6.5715e-08 6.4995e-08 6.4097e-08 6.4114e-08 6.2003e-08 6.0047e-08 5.8825e-08 4.3306e-08 4.6311e-08 4.0191e-08 3.9425e-08 3.4163e-08 2.9273e-08 2.0912e-08 1.2591e-08 5.6475e-09 -4.4643e-09 -1.9163e-08 -3.4164e-08 -3.3964e-08 -4.9184e-08 -5.4546e-08 -6.1979e-08 -6.7214e-08 -6.5032e-08 -6.9524e-08 -6.9157e-08 -7.3493e-08 -8.0726e-08 -8.7765e-08 -1.1356e-07 -1.2114e-07 -1.3228e-07 -1.3641e-07 -1.3311e-07 -1.1635e-07 -7.9396e-08 -3.8485e-08 -7.7301e-09 2.5976e-08 3.6286e-08 4.3912e-08 4.8244e-08 5.198e-08 5.6346e-08 6.0518e-08 6.3338e-08 6.5066e-08 6.5845e-08 6.553e-08 6.4554e-08 6.107e-08 5.9551e-08 5.8021e-08 5.6681e-08 5.4272e-08 5.3316e-08 5.0657e-08 4.8183e-08 4.6471e-08 4.2707e-08 4.2077e-08 2.3367e-08 3.6117e-08 3.5916e-08 3.5312e-08 3.3373e-08 3.3936e-08 3.5839e-08 3.5298e-08 3.597e-08 3.7031e-08 3.2308e-08 4.0119e-08 3.9352e-08 5.6401e-08 7.5713e-09 4.5374e-08 4.7435e-08 4.8408e-08 5.1256e-08 5.091e-08 5.5022e-08 5.6786e-08 5.8245e-08 5.9202e-08 6.1664e-08 6.1857e-08 6.3511e-08 6.4243e-08 6.5555e-08 6.5529e-08 6.5738e-08 6.5759e-08 6.5054e-08 6.4498e-08 6.4638e-08 6.4445e-08 6.323e-08 6.4756e-08 6.4032e-08 6.3423e-08 6.4324e-08 6.505e-08 6.4906e-08 6.4874e-08 6.5182e-08 6.5516e-08 6.5079e-08 6.4317e-08 6.1941e-08 6.0641e-08 6.0948e-08 5.9899e-08 5.8028e-08 5.8056e-08 5.8858e-08 5.7656e-08 5.9902e-08 6.1689e-08 6.2444e-08 6.4644e-08 6.5154e-08 6.5821e-08 6.5826e-08 6.5825e-08 6.5389e-08 6.3765e-08 6.2938e-08 6.2319e-08 6.3026e-08 6.0142e-08 6.1097e-08 5.8687e-08 5.6321e-08 5.6128e-08 5.724e-08 5.7868e-08 5.7194e-08 5.803e-08 5.9843e-08 5.8566e-08 5.9787e-08 5.9454e-08 5.9865e-08 6.25e-08 6.1788e-08 6.3487e-08 6.2989e-08 6.3695e-08 6.5154e-08 6.5648e-08 6.558e-08 6.5853e-08 6.5838e-08 6.5771e-08 6.5438e-08 6.5404e-08 6.5076e-08 6.3748e-08 6.4884e-08 6.4709e-08 6.3972e-08 6.5606e-08 6.5072e-08 6.5209e-08 6.5829e-08 6.5643e-08 6.5655e-08 6.5381e-08 6.5242e-08
6.5451e-08 6.5257e-08 6.5373e-08 6.5827e-08 6.5577e-08 6.5673e-08 6.5615e-08 6.5851e-08 6.5854e-08 6.5854e-08 6.5767e-08 6.5429e-08 6.4656e-08 6.3853e-08 6.1792e-08 5.8274e-08 5.8993e-08 5.5129e-08 5.2138e-08 4.8483e-08 4.4606e-08 3.9419e-08 3.1495e-08 2.4978e-08 2.4451e-08 2.0701e-08 1.7133e-08 9.2733e-09 3.36e-09 -3.9146e-09 -8.4772e-09 -1.9293e-08 -2.488e-08 -2.1365e-08 -1.1925e-08 -2.195e-08 -2.3031e-08 -2.2494e-08 -4.0053e-08 -5.9531e-08 -6.8726e-08 -7.5556e-08 -7.5131e-08 -5.1127e-08 -3.7851e-08 -6.7123e-09 1.0359e-08 2.4816e-08 3.8286e-08 4.4956e-08 4.972e-08 5.6093e-08 5.8141e-08 6.1102e-08 6.3822e-08 6.5055e-08 6.5831e-08 6.5549e-08 6.4363e-08 6.1405e-08 5.6341e-08 5.9205e-08 5.1803e-08 5.0056e-08 4.9439e-08 4.7526e-08 4.44e-08 4.2324e-08 4.1242e-08 4.1387e-08 3.742e-08 3.7819e-08 3.6163e-08 3.3066e-08 3.2394e-08 3.2168e-08 3.4147e-08 3.0771e-08 2.8906e-08 3.0596e-08 3.4618e-08 3.5615e-08 3.5169e-08 3.7965e-08 3.9046e-08 4.0032e-08 4.1641e-08 4.2784e-08 4.5391e-08 5.0293e-08 5.355e-08 5.253e-08 5.6039e-08 5.6268e-08 6.1087e-08 5.9903e-08 6.0481e-08 6.1995e-08 6.4248e-08 6.4698e-08 6.5391e-08 6.5586e-08 6.5703e-08 6.5835e-08 6.5838e-08 6.5841e-08 6.5208e-08 6.5242e-08 6.541e-08 6.5604e-08 6.5825e-08 6.5851e-08 6.5844e-08 6.5846e-08 6.5589e-08 6.582e-08 6.5803e-08 6.5805e-08 6.4829e-08 6.405e-08 6.3618e-08 6.2745e-08 6.0212e-08 6.0755e-08 5.8929e-08 5.9276e-08 5.8127e-08 5.9954e-08 6.1495e-08 6.2013e-08 6.3848e-08 6.3613e-08 6.5528e-08 6.5844e-08 6.5842e-08 6.5444e-08 6.5712e-08 6.5444e-08 6.5579e-08 6.4329e-08 6.3124e-08 6.4822e-08 6.312e-08 6.1674e-08 6.1924e-08 6.3011e-08 6.1949e-08 6.2246e-08 6.2125e-08 6.2139e-08 6.2309e-08 6.1737e-08 6.2004e-08 6.2967e-08 6.3111e-08 6.2472e-08 6.298e-08 6.4221e-08 6.4247e-08 6.5077e-08 6.4799e-08 6.5585e-08 6.5755e-08 6.5852e-08 6.5786e-08 6.555e-08 6.4274e-08 6.445e-08 6.4103e-08 6.4792e-08 6.516e-08 6.5272e-08 6.562e-08 6.5573e-08 6.5747e-08 6.5843e-08 6.5773e-08 6.5295e-08 6.5837e-08 6.5552e-08
6.5562e-08 6.551e-08 6.5572e-08 6.5499e-08 6.5611e-08 6.5349e-08 6.5765e-08 6.5851e-08 6.5793e-08 6.5764e-08 6.556e-08 6.561e-08 6.5229e-08 6.4339e-08 6.305e-08 6.19e-08 6.0221e-08 5.8506e-08 5.6573e-08 5.2969e-08 4.9249e-08 4.8051e-08 4.4939e-08 4.2073e-08 3.7881e-08 3.6353e-08 3.2034e-08 2.8943e-08 2.6054e-08 2.5485e-08 2.4756e-08 2.1143e-08 2.3426e-08 2.3528e-08 2.0523e-08 1.7717e-08 1.5858e-08 1.7727e-08 1.3877e-08 3.6047e-08 8.2764e-09 6.9952e-09 7.4412e-09 1.1719e-08 1.5673e-08 2.2512e-08 2.9204e-08 3.8035e-08 4.7946e-08 5.3061e-08 5.5003e-08 6.133e-08 6.389e-08 6.5121e-08 6.5744e-08 6.5712e-08 6.4942e-08 6.3537e-08 6.1505e-08 5.9617e-08 5.5187e-08 5.022e-08 4.7914e-08 4.5905e-08 4.2852e-08 2.5948e-08 4.5488e-08 3.7663e-08 3.6481e-08 3.6165e-08 3.2516e-08 3.7189e-08 3.3727e-08 2.8185e-08 2.5732e-08 2.6991e-08 2.8527e-08 2.7758e-08 3.1834e-08 3.0321e-08 3.2715e-08 3.2662e-08 3.4746e-08 3.4099e-08 3.7201e-08 3.8504e-08 4.1832e-08 4.3741e-08 4.6784e-08 4.9207e-08 5.1957e-08 5.3285e-08 5.419e-08 5.6687e-08 5.6883e-08 5.7221e-08 6.0762e-08 6.2179e-08 6.2549e-08 6.4094e-08 6.4483e-08 6.5053e-08 6.5616e-08 6.5668e-08 6.5753e-08 6.5683e-08 6.582e-08 6.5832e-08 6.585e-08 6.5725e-08 6.5783e-08 6.5735e-08 6.5645e-08 6.5685e-08 6.5855e-08 6.5769e-08 6.5855e-08 6.5853e-08 6.5788e-08 6.475e-08 6.533e-08 6.5079e-08 5.9521e-08 6.239e-08 6.1618e-08 6.0628e-08 5.889e-08 5.7936e-08 5.9339e-08 6.1503e-08 6.1575e-08 6.2475e-08 6.3549e-08 5.3639e-08 6.3789e-08 6.5526e-08 6.5688e-08 6.5558e-08 6.5832e-08 6.5616e-08 6.5338e-08 6.5853e-08 6.491e-08 6.4521e-08 6.4471e-08 6.5469e-08 6.4836e-08 6.4991e-08 6.4426e-08 6.3994e-08 6.4465e-08 6.3899e-08 6.4456e-08 6.4938e-08 6.4261e-08 6.4117e-08 6.4723e-08 6.4937e-08 6.4812e-08 6.5332e-08 6.5582e-08 6.5443e-08 6.5777e-08 6.5832e-08 6.5854e-08 6.5041e-08 6.5679e-08 6.5513e-08 6.4812e-08 6.5288e-08 6.4983e-08 6.5566e-08 6.5728e-08 6.5668e-08 6.5854e-08 6.5852e-08 6.5842e-08 6.5677e-08 6.5737e-08 6.5853e-08
6.4992e-08 6.5696e-08 6.5705e-08 5.3057e-08 6.5566e-08 6.5354e-08 6.533e-08 6.5484e-08 6.5642e-08 6.5732e-08 6.5837e-08 6.5739e-08 6.5695e-08 6.5142e-08 6.4844e-08 6.4514e-08 6.3539e-08 6.2786e-08 6.0022e-08 5.6378e-08 4.8824e-08 5.5602e-08 5.3815e-08 5.1981e-08 5.0439e-08 4.9624e-08 4.6787e-08 4.7378e-08 4.7139e-08 4.4521e-08 4.3808e-08 4.149e-08 4.055e-08 3.8419e-08 3.6005e-08 3.3982e-08 3.2917e-08 3.4414e-08 3.382e-08 3.2796e-08 3.184e-08 3.4452e-08 3.4802e-08 3.804e-08 4.2697e-08 4.5544e-08 4.965e-08 5.1686e-08 5.7145e-08 6.0413e-08 6.3806e-08 6.5134e-08 6.5812e-08 6.5611e-08 6.4288e-08 6.3259e-08 6.1572e-08 5.9372e-08 5.6083e-08 5.5052e-08 5.1877e-08 4.76e-08 4.3369e-08 3.9323e-08 3.948e-08 3.84e-08 3.2696e-08 3.3633e-08 3.4223e-08 3.4454e-08 3.1616e-08 3.3526e-08 3.051e-08 3.0704e-08 2.9422e-08 2.7074e-08 2.9027e-08 3.2033e-08 3.2573e-08 3.1059e-08 3.2094e-08 3.2669e-08 3.645e-08 3.8736e-08 4.0338e-08 4.8347e-08 4.6652e-08 4.8112e-08 4.8673e-08 4.998e-08 5.0875e-08 5.3493e-08 5.635e-08 5.7447e-08 5.6374e-08 6.174e-08 6.2356e-08 6.2081e-08 6.2798e-08 6.3718e-08 6.3941e-08 6.4692e-08 6.5221e-08 6.5222e-08 6.5151e-08 6.5356e-08 6.5433e-08 6.5383e-08 6.5462e-08 6.5608e-08 6.5308e-08 6.5473e-08 6.5117e-08 6.5498e-08 6.5617e-08 6.5734e-08 6.5778e-08 6.5844e-08 6.5809e-08 6.5833e-08 6.5594e-08 6.5415e-08 6.5327e-08 6.4459e-08 6.3656e-08 6.2852e-08 6.1121e-08 6.0426e-08 5.9776e-08 5.9781e-08 6.0074e-08 6.1506e-08 6.25e-08 6.2609e-08 6.3697e-08 6.4849e-08 6.5242e-08 6.5213e-08 6.5717e-08 6.4851e-08 6.5854e-08 6.5218e-08 6.585e-08 6.5709e-08 6.5843e-08 6.5625e-08 6.5675e-08 6.5642e-08 6.5457e-08 6.5428e-08 6.5584e-08 6.5513e-08 6.4917e-08 6.4926e-08 6.4977e-08 6.5251e-08 6.5181e-08 6.5491e-08 6.5254e-08 6.5165e-08 6.5418e-08 6.5664e-08 6.5549e-08 6.5697e-08 6.582e-08 6.5852e-08 6.5853e-08 6.5846e-08 6.5194e-08 6.5609e-08 6.5689e-08 6.5783e-08 6.5435e-08 6.5852e-08 6.5764e-08 6.5643e-08 6.5749e-08 6.5571e-08 6.5477e-08 6.5377e-08
6.5159e-08 6.4043e-08 6.5054e-08 6.4248e-08 6.4385e-08 6.4788e-08 6.5028e-08 6.4827e-08 6.5851e-08 6.5634e-08 6.58e-08 6.5801e-08 6.5782e-08 6.5841e-08 6.5257e-08 6.5493e-08 6.5256e-08 6.4822e-08 6.3396e-08 6.4276e-08 6.3584e-08 6.1887e-08 6.1361e-08 6.0738e-08 5.9847e-08 5.9284e-08 5.6058e-08 5.7406e-08 5.6671e-08 5.59e-08 5.4308e-08 5.2663e-08 5.214e-08 5.071e-08 4.8585e-08 4.6018e-08 4.5873e-08 4.6335e-08 4.4369e-08 4.3875e-08 4.405e-08 4.6716e-08 4.9443e-08 5.2086e-08 5.5331e-08 5.7857e-08 5.9616e-08 6.1981e-08 6.3311e-08 6.4767e-08 6.5585e-08 6.5707e-08 6.5402e-08 6.3387e-08 6.1018e-08 5.7696e-08 5.4125e-08 4.9317e-08 4.739e-08 4.6093e-08 4.5023e-08 4.0654e-08 3.8606e-08 3.9357e-08 3.4828e-08 3.3492e-08 3.2893e-08 3.6116e-08 3.4059e-08 3.1889e-08 3.5886e-08 3.4991e-08 3.1306e-08 3.0894e-08 3.0906e-08 3.0002e-08 3.0133e-08 3.2739e-08 3.24e-08 3.3325e-08 3.2717e-08 3.5872e-08 3.8011e-08 4.7958e-08 3.3079e-10 -6.0262e-08 6.248e-08 5.1799e-08 4.9289e-08 5.2086e-08 5.1144e-08 5.5188e-08 5.4701e-08 5.841e-08 5.8732e-08 6.0212e-08 6.1621e-08 6.205e-08 6.2192e-08 6.283e-08 6.3859e-08 6.3922e-08 6.4424e-08 6.5364e-08 6.465e-08 6.546e-08 6.5544e-08 6.5303e-08 6.5371e-08 6.5496e-08 6.5121e-08 6.5124e-08 6.4806e-08 6.5367e-08 6.5836e-08 6.5803e-08 6.5349e-08 6.5814e-08 6.585e-08 6.5726e-08 6.5823e-08 6.5835e-08 6.5792e-08 6.4771e-08 6.4664e-08 6.2475e-08 6.3113e-08 6.1759e-08 6.147e-08 5.8627e-08 6.0837e-08 6.0404e-08 6.0401e-08 6.1059e-08 6.2638e-08 6.2178e-08 6.3476e-08 6.3874e-08 6.2966e-08 6.4481e-08 6.5199e-08 6.505e-08 6.5558e-08 6.5651e-08 6.5246e-08 6.5824e-08 6.58e-08 6.5846e-08 6.5819e-08 6.5848e-08 6.5833e-08 6.581e-08 6.5799e-08 6.5693e-08 6.5758e-08 6.5604e-08 6.5704e-08 6.5316e-08 6.5444e-08 6.5475e-08 6.5792e-08 6.5812e-08 6.5411e-08 6.5494e-08 6.5819e-08 6.544e-08 6.5495e-08 6.5832e-08 6.5745e-08 6.5853e-08 6.5644e-08 6.5706e-08 6.5799e-08 6.577e-08 6.5752e-08 6.5453e-08 6.5825e-08 6.579e-08 6.4991e-08 6.5798e-08
6.3705e-08 6.3855e-08 6.316e-08 6.3646e-08 6.3982e-08 6.2627e-08 6.341e-08 6.4044e-08 6.3582e-08 6.4134e-08 6.5407e-08 6.516e-08 6.4773e-08 6.5597e-08 6.5447e-08 6.5728e-08 6.5748e-08 6.5831e-08 6.5853e-08 6.5854e-08 6.528e-08 6.5596e-08 6.4684e-08 6.4046e-08 6.3999e-08 6.2159e-08 6.3851e-08 6.3419e-08 6.2097e-08 6.1552e-08 6.115e-08 5.9103e-08 5.969e-08 5.7397e-08 6.3003e-08 5.4559e-08 5.4504e-08 5.4131e-08 5.3168e-08 5.3995e-08 5.4984e-08 5.6498e-08 5.933e-08 6.0173e-08 6.1599e-08 6.3345e-08 6.4723e-08 6.5659e-08 6.5854e-08 6.5606e-08 6.4587e-08 6.2603e-08 6.0312e-08 5.667e-08 5.2322e-08 4.7871e-08 4.235e-08 3.8259e-08 3.3719e-08 2.9319e-08 2.7689e-08 2.867e-08 3.2095e-08 3.3829e-08 3.3667e-08 3.379e-08 3.5283e-08 3.385e-08 3.1599e-08 3.3272e-08 3.2067e-08 3.2124e-08 3.3548e-08 3.113e-08 3.1367e-08 3.3139e-08 3.431e-08 3.8295e-08 3.2412e-08 3.4508e-08 3.5829e-08 3.8161e-08 4.3707e-08 4.5577e-08 4.6053e-08 5.0281e-08 5.1113e-08 5.0573e-08 5.1985e-08 5.1283e-08 5.3776e-08 5.5784e-08 5.6125e-08 5.8374e-08 5.9165e-08 6.079e-08 6.1483e-08 6.2194e-08 6.2787e-08 6.4068e-08 6.4675e-08 6.4144e-08 6.4551e-08 6.5386e-08 6.5223e-08 6.5226e-08 6.5157e-08 6.5464e-08 6.5664e-08 6.5854e-08 6.58e-08 6.5195e-08 6.4802e-08 6.5267e-08 6.5488e-08 6.5424e-08 6.582e-08 6.562e-08 6.5692e-08 6.5741e-08 6.583e-08 6.5758e-08 6.5839e-08 6.5714e-08 6.537e-08 6.5002e-08 6.4886e-08 6.33e-08 6.211e-08 6.1775e-08 6.0536e-08 5.8926e-08 5.9246e-08 5.9295e-08 5.7196e-08 6.1172e-08 6.1439e-08 6.2117e-08 5.5128e-08 6.309e-08 6.3883e-08 6.4725e-08 6.4902e-08 6.4372e-08 6.4746e-08 6.4874e-08 6.2946e-08 6.5506e-08 6.5449e-08 6.5633e-08 6.5512e-08 6.5852e-08 6.5835e-08 6.585e-08 6.5824e-08 6.5833e-08 6.5801e-08 6.575e-08 6.5705e-08 6.548e-08 6.5855e-08 6.5842e-08 6.5833e-08 6.5654e-08 6.5712e-08 6.5713e-08 6.5187e-08 6.5198e-08 6.5154e-08 6.5507e-08 6.5163e-08 6.5504e-08 6.4868e-08 6.5002e-08 6.5648e-08 6.542e-08 6.5342e-08 6.426e-08 6.4515e-08 6.4031e-08
6.4703e-08 6.2417e-08 6.2277e-08 6.2967e-08 6.2548e-08 6.2335e-08 6.2774e-08 6.2196e-08 6.3907e-08 6.1631e-08 6.3177e-08 6.339e-08 6.3755e-08 6.3462e-08 6.504e-08 6.5499e-08 6.5509e-08 6.4787e-08 6.4485e-08 6.5305e-08 6.5222e-08 6.5319e-08 6.5523e-08 6.567e-08 6.5848e-08 6.5822e-08 6.3152e-08 6.5698e-08 6.5662e-08 6.4512e-08 6.5536e-08 6.3898e-08 6.4323e-08 6.2866e-08 6.1178e-08 5.9787e-08 6.0407e-08 6.0254e-08 6.0585e-08 6.0786e-08 6.104e-08 6.3141e-08 6.4087e-08 6.4965e-08 6.5505e-08 6.5842e-08 6.5353e-08 6.394e-08 6.1536e-08 5.9234e-08 5.7467e-08 5.5396e-08 5.3998e-08 5.0725e-08 4.8193e-08 4.4087e-08 4.136e-08 3.9944e-08 3.6129e-08 3.4708e-08 3.4577e-08 3.3805e-08 3.4455e-08 3.4974e-08 3.6553e-08 3.5245e-08 3.4581e-08 3.4218e-08 3.6132e-08 3.3798e-08 3.3419e-08 3.4671e-08 3.1947e-08 3.2905e-08 3.7617e-08 3.4973e-08 3.5643e-08 3.853e-08 3.8208e-08 3.9748e-08 4.2205e-08 4.3564e-08 4.2638e-08 4.5483e-08 4.943e-08 4.9002e-08 5.2975e-08 5.4141e-08 5.4877e-08 5.6093e-08 5.6094e-08 5.772e-08 5.9598e-08 5.9824e-08 5.9947e-08 6.2876e-08 6.2369e-08 6.2449e-08 6.3172e-08 6.3541e-08 6.3836e-08 6.3961e-08 6.4354e-08 6.5186e-08 6.5059e-08 6.4439e-08 6.4825e-08 6.5185e-08 6.5256e-08 6.5012e-08 6.5855e-08 6.5828e-08 6.5469e-08 6.5533e-08 6.5312e-08 6.5544e-08 6.5753e-08 6.5657e-08 6.5706e-08 6.5852e-08 6.5775e-08 6.5842e-08 6.5795e-08 6.5778e-08 6.52e-08 6.5029e-08 6.4941e-08 6.4673e-08 6.4204e-08 6.3619e-08 6.2829e-08 6.122e-08 6.1025e-08 5.9611e-08 5.8079e-08 5.6464e-08 5.8166e-08 6.068e-08 6.2049e-08 6.151e-08 6.2106e-08 6.2107e-08 6.283e-08 6.2804e-08 6.2993e-08 6.3117e-08 6.3676e-08 6.4301e-08 6.4311e-08 6.4121e-08 6.4958e-08 6.4468e-08 6.5106e-08 6.5602e-08 6.5813e-08 6.5854e-08 6.5829e-08 6.5845e-08 6.5271e-08 6.5622e-08 6.5768e-08 6.5777e-08 6.5775e-08 6.5442e-08 6.5456e-08 6.511e-08 6.5013e-08 6.4518e-08 6.4803e-08 6.513e-08 6.5228e-08 6.4518e-08 6.4208e-08 6.38e-08 6.2257e-08 6.3128e-08 6.3692e-08 6.3266e-08 6.384e-08 6.4268e-08
6.1959e-08 6.0667e-08 5.9619e-08 6.1306e-08 6.2099e-08 6.0826e-08 5.0722e-08 6.2865e-08 6.1259e-08 6.1015e-08 6.303e-08 6.2225e-08 6.1808e-08 6.2658e-08 6.113e-08 6.0764e-08 6.1058e-08 6.2266e-08 5.9913e-08 6.3693e-08 6.4715e-08 6.3289e-08 6.3366e-08 6.4066e-08 6.4888e-08 6.5211e-08 6.5625e-08 6.5841e-08 6.5741e-08 6.5798e-08 6.585e-08 6.5852e-08 6.5839e-08 6.5548e-08 6.5847e-08 6.5853e-08 6.5547e-08 6.556e-08 6.5657e-08 6.5732e-08 6.5503e-08 6.5842e-08 6.5735e-08 6.5541e-08 6.4819e-08 6.4184e-08 6.2842e-08 6.0346e-08 5.8699e-08 5.5982e-08 5.366e-08 5.1891e-08 5.1574e-08 5.2208e-08 4.9895e-08 4.9101e-08 4.8127e-08 4.6729e-08 4.508e-08 4.5071e-08 4.6087e-08 4.3873e-08 4.3697e-08 4.2379e-08 3.7558e-08 4.0313e-08 3.9684e-08 3.8397e-08 3.4854e-08 3.7774e-08 3.6373e-08 3.7699e-08 3.8177e-08 3.6412e-08 3.9131e-08 4.1381e-08 4.1151e-08 4.0076e-08 4.1692e-08 4.4145e-08 4.5858e-08 4.631e-08 4.7701e-08 4.9894e-08 5.2008e-08 5.2685e-08 5.4066e-08 5.4509e-08 5.5753e-08 5.8179e-08 6.0248e-08 6.1512e-08 6.0737e-08 6.0467e-08 6.2082e-08 6.2246e-08 6.298e-08 6.3246e-08 6.3591e-08 6.4165e-08 6.4821e-08 6.5191e-08 6.5381e-08 6.5519e-08 6.5148e-08 6.4974e-08 6.5125e-08 6.5479e-08 6.5372e-08 6.5476e-08 6.5121e-08 6.5547e-08 6.565e-08 6.5641e-08 6.5819e-08 6.5682e-08 6.5843e-08 6.5854e-08 6.5705e-08 6.5853e-08 6.5491e-08 6.5799e-08 6.5734e-08 6.5163e-08 6.5245e-08 6.5176e-08 6.5026e-08 6.5035e-08 6.4577e-08 6.3808e-08 6.3268e-08 6.3482e-08 6.2687e-08 6.2224e-08 6.0621e-08 6.097e-08 5.9728e-08 5.8931e-08 5.8025e-08 5.725e-08 5.5596e-08 5.5207e-08 5.65e-08 5.7729e-08 5.9092e-08 6.0288e-08 6.1829e-08 6.2284e-08 6.3711e-08 6.3422e-08 6.4442e-08 6.4335e-08 6.4272e-08 6.465e-08 6.5385e-08 6.5191e-08 6.5805e-08 6.5848e-08 6.577e-08 6.5677e-08 6.5576e-08 6.5819e-08 6.5358e-08 6.5239e-08 6.5107e-08 6.4546e-08 6.4769e-08 6.4433e-08 6.5412e-08 6.4054e-08 6.4124e-08 6.4375e-08 6.5013e-08 6.3747e-08 6.3367e-08 6.2835e-08 6.1394e-08 6.3506e-08 6.225e-08 6.2611e-08
5.9561e-08 5.8128e-08 5.7986e-08 5.914e-08 6.0412e-08 5.7371e-08 5.6872e-08 5.7968e-08 5.8068e-08 5.6866e-08 5.5216e-08 5.7633e-08 5.7176e-08 5.9586e-08 5.4337e-08 5.8207e-08 5.8845e-08 5.9491e-08 6.0741e-08 6.0806e-08 6.0017e-08 6.3902e-08 6.3755e-08 6.2741e-08 6.3971e-08 6.2469e-08 6.3916e-08 5.7402e-08 6.1452e-08 6.2926e-08 6.1831e-08 6.3929e-08 6.4618e-08 6.5056e-08 6.559e-08 6.5143e-08 6.5603e-08 6.5413e-08 6.5194e-08 6.4394e-08 6.3856e-08 6.3099e-08 6.2536e-08 6.2024e-08 6.059e-08 5.958e-08 5.8865e-08 5.7891e-08 5.6711e-08 5.5189e-08 5.2984e-08 4.9216e-08 5.0552e-08 5.032e-08 5.0404e-08 5.0764e-08 5.1951e-08 5.215e-08 5.3537e-08 5.1908e-08 5.0771e-08 4.9538e-08 4.8381e-08 4.8621e-08 4.7258e-08 4.4982e-08 4.392e-08 4.5114e-08 4.5274e-08 4.4124e-08 4.141e-08 3.9511e-08 3.9963e-08 4.3522e-08 4.1444e-08 4.1083e-08 4.0822e-08 4.3904e-08 4.6104e-08 4.9329e-08 4.9061e-08 5.0657e-08 5.2213e-08 5.3594e-08 5.2979e-08 5.3714e-08 5.5052e-08 5.6449e-08 5.7919e-08 5.8017e-08 5.9679e-08 6.2635e-08 6.2569e-08 6.2556e-08 6.2786e-08 6.4298e-08 6.409e-08 6.42e-08 6.4628e-08 6.4422e-08 6.4881e-08 6.4928e-08 6.5236e-08 6.5794e-08 6.5458e-08 6.5412e-08 6.5712e-08 6.5793e-08 6.5805e-08 6.5855e-08 6.5788e-08 6.5764e-08 6.5621e-08 6.5687e-08 6.5812e-08 6.5684e-08 6.5654e-08 6.5839e-08 6.5769e-08 6.5546e-08 6.5733e-08 6.585e-08 6.5813e-08 6.5456e-08 6.5338e-08 6.5128e-08 6.475e-08 6.5091e-08 6.4153e-08 6.4048e-08 6.3563e-08 6.3032e-08 6.3352e-08 6.2465e-08 6.2846e-08 6.2181e-08 6.1456e-08 6.0538e-08 6.0183e-08 6.047e-08 6.1049e-08 6.1497e-08 6.193e-08 6.2042e-08 6.2459e-08 6.286e-08 6.3158e-08 6.3369e-08 6.3994e-08 6.4283e-08 6.3964e-08 6.4763e-08 6.4737e-08 6.5123e-08 6.5122e-08 6.5134e-08 6.576e-08 6.585e-08 6.5848e-08 6.5854e-08 6.5584e-08 6.5606e-08 6.5765e-08 6.532e-08 6.4696e-08 6.4182e-08 6.4884e-08 6.414e-08 6.3175e-08 6.2628e-08 6.5828e-08 3.775e-08 6.5443e-08 5.0028e-08 6.3167e-08 6.2129e-08 5.9808e-08 6.0435e-08 6.2939e-08 6.113e-08
5.9536e-08 5.7075e-08 5.8533e-08 5.741e-08 5.7321e-08 5.434e-08 5.8176e-08 5.5966e-08 5.5416e-08 5.5673e-08 5.431e-08 5.6556e-08 5.6075e-08 5.3495e-08 5.608e-08 5.458e-08 5.4791e-08 5.9246e-08 5.7282e-08 5.6189e-08 5.765e-08 5.5171e-08 5.3953e-08 5.1669e-08 5.6069e-08 6.0109e-08 5.9391e-08 5.9285e-08 6.3459e-08 6.2216e-08 6.1795e-08 6.2696e-08 6.0365e-08 5.941e-08 5.7915e-08 6.1362e-08 6.2289e-08 6.2001e-08 6.3403e-08 6.1422e-08 6.1752e-08 6.0909e-08 5.9001e-08 5.929e-08 5.9342e-08 6.0539e-08 5.8741e-08 5.7585e-08 5.6707e-08 5.4107e-08 5.2645e-08 5.2194e-08 5.2273e-08 5.1869e-08 5.1612e-08 4.7983e-08 5.2316e-08 5.2641e-08 5.188e-08 5.1297e-08 4.9062e-08 4.7542e-08 4.6411e-08 4.6348e-08 4.6387e-08 4.7365e-08 4.8378e-08 4.7748e-08 4.6387e-08 4.9108e-08 4.5447e-08 4.5401e-08 4.5394e-08 4.5391e-08 4.6275e-08 4.5128e-08 4.7329e-08 4.7644e-08 5.0743e-08 5.011e-08 5.2331e-08 5.2704e-08 5.4646e-08 5.0717e-08 5.5798e-08 5.7594e-08 5.8818e-08 5.9981e-08 6.0245e-08 6.0231e-08 6.1494e-08 6.1928e-08 6.2553e-08 6.3386e-08 6.3353e-08 6.3747e-08 6.2613e-08 6.4772e-08 6.5114e-08 6.5301e-08 6.543e-08 6.5467e-08 6.5533e-08 6.5717e-08 6.5667e-08 6.5605e-08 6.5593e-08 6.5741e-08 6.5847e-08 6.5719e-08 6.5819e-08 6.5853e-08 6.5781e-08 6.5797e-08 6.5821e-08 6.5849e-08 6.5853e-08 6.5849e-08 6.5759e-08 6.5767e-08 6.5737e-08 6.5665e-08 6.5316e-08 6.5785e-08 6.5778e-08 6.566e-08 6.5063e-08 6.4924e-08 6.491e-08 6.4094e-08 6.4874e-08 6.4556e-08 6.465e-08 6.4262e-08 6.3232e-08 6.3607e-08 6.3133e-08 6.3111e-08 6.2892e-08 6.2878e-08 6.2586e-08 6.3553e-08 6.3666e-08 6.1788e-08 6.2998e-08 6.3642e-08 6.4215e-08 6.4389e-08 6.3834e-08 6.3926e-08 6.4339e-08 6.4866e-08 6.5068e-08 6.5219e-08 6.545e-08 6.5476e-08 6.5624e-08 6.5845e-08 6.5848e-08 6.5774e-08 6.5762e-08 6.5464e-08 6.5418e-08 6.4883e-08 6.4638e-08 6.4724e-08 6.4637e-08 6.4255e-08 6.3742e-08 6.3013e-08 6.2972e-08 6.2121e-08 6.2957e-08 5.8819e-08 5.8453e-08 5.7854e-08 5.7684e-08 5.7773e-08 5.879e-08 6.0357e-08
5.4729e-08 5.7778e-08 6.2424e-08 6.4029e-08 6.1853e-08 5.5942e-08 5.8347e-08 6.4564e-08 6.43e-08 5.7197e-08 5.4727e-08 5.4709e-08 5.3839e-08 5.4918e-08 5.5217e-08 5.9231e-08 6.4073e-08 6.3501e-08 6.4632e-08 5.9535e-08 6.309e-08 6.1296e-08 5.1422e-08 4.2301e-08 5.546e-08 5.9516e-08 5.9781e-08 5.6803e-08 5.8341e-08 5.8632e-08 5.8897e-08 5.8787e-08 5.7655e-08 5.9622e-08 6.4512e-08 6.0022e-08 6.1795e-08 6.0295e-08 6.0923e-08 6.1563e-08 5.8345e-08 5.9021e-08 6.0648e-08 6.061e-08 5.8993e-08 5.7278e-08 5.6464e-08 5.5575e-08 5.4567e-08 5.3903e-08 5.3364e-08 5.2382e-08 5.5985e-08 5.0652e-08 4.9853e-08 4.8556e-08 4.7834e-08 4.7905e-08 4.7947e-08 4.7834e-08 4.6768e-08 6.2837e-08 6.242e-08 5.4076e-08 5.0429e-08 5.12e-08 5.1442e-08 5.0598e-08 5.273e-08 5.2781e-08 5.1129e-08 5.0541e-08 5.0617e-08 5.0415e-08 5.1799e-08 5.1531e-08 5.2328e-08 5.2089e-08 5.1147e-08 5.1891e-08 5.3406e-08 5.6125e-08 5.6557e-08 5.7295e-08 5.7539e-08 5.8902e-08 6.1311e-08 6.1654e-08 6.0311e-08 6.1249e-08 6.108e-08 6.192e-08 6.3072e-08 6.4228e-08 6.4403e-08 6.4025e-08 6.4023e-08 6.4277e-08 6.472e-08 6.5056e-08 6.518e-08 6.5214e-08 6.5498e-08 6.5029e-08 6.5533e-08 6.5617e-08 6.5613e-08 6.5682e-08 6.57e-08 6.5733e-08 6.5744e-08 6.5794e-08 6.585e-08 6.5817e-08 6.5819e-08 6.5805e-08 6.5855e-08 6.5735e-08 6.5755e-08 6.5353e-08 6.5576e-08 6.5703e-08 6.5746e-08 6.5774e-08 6.5749e-08 6.5785e-08 6.5687e-08 6.5598e-08 6.5416e-08 6.5081e-08 6.5333e-08 6.4937e-08 6.4602e-08 6.3858e-08 5.8664e-08 6.303e-08 6.4283e-08 6.4407e-08 6.4692e-08 6.4472e-08 6.3953e-08 6.4066e-08 6.4094e-08 6.4018e-08 6.4181e-08 6.3902e-08 6.4555e-08 6.4117e-08 6.4451e-08 6.3896e-08 6.4659e-08 6.5112e-08 6.505e-08 6.5357e-08 6.5606e-08 6.5698e-08 6.5795e-08 6.583e-08 6.5756e-08 6.5854e-08 6.5838e-08 6.5685e-08 6.5221e-08 6.4796e-08 6.4624e-08 6.4563e-08 6.4104e-08 6.311e-08 6.3037e-08 6.3532e-08 6.2387e-08 6.3322e-08 6.256e-08 6.1343e-08 6.1801e-08 5.7854e-08 5.535e-08 5.5958e-08 5.7829e-08 5.6159e-08
6.1038e-08 6.3045e-08 6.301e-08 6.1421e-08 6.0978e-08 6.1774e-08 6.2466e-08 6.2532e-08 6.2009e-08 6.2284e-08 6.2036e-08 6.4202e-08 6.049e-08 6.1383e-08 6.0821e-08 5.9152e-08 5.9211e-08 5.8343e-08 5.832e-08 5.9477e-08 5.9896e-08 5.7498e-08 5.7989e-08 5.7306e-08 5.6159e-08 5.5153e-08 5.7134e-08 6.166e-08 6.0401e-08 6.2276e-08 6.1338e-08 6.0588e-08 5.9951e-08 5.9745e-08 6.0567e-08 5.933e-08 6.0158e-08 5.8191e-08 5.8542e-08 5.8746e-08 5.8411e-08 5.7774e-08 5.7863e-08 5.8865e-08 6.0083e-08 5.9617e-08 5.8887e-08 5.804e-08 5.7426e-08 5.5563e-08 5.3739e-08 5.4762e-08 5.388e-08 5.286e-08 5.1689e-08 5.1404e-08 5.2579e-08 5.103e-08 4.9046e-08 4.9247e-08 4.7948e-08 4.7137e-08 4.7662e-08 4.706e-08 4.8712e-08 4.8654e-08 4.6575e-08 4.829e-08 5.1149e-08 5.2693e-08 5.4296e-08 5.5125e-08 5.6976e-08 5.6327e-08 5.6123e-08 5.9673e-08 6.0491e-08 5.9726e-08 5.7594e-08 5.7316e-08 5.9649e-08 5.8556e-08 6.1637e-08 6.5851e-08 6.426e-08 5.9466e-08 5.9808e-08 6.3602e-08 6.3849e-08 4.5587e-08 6.0456e-08 6.5853e-08 6.3957e-08 5.5137e-08 6.5494e-08 4.9296e-08 5.4332e-08 6.5781e-08 6.364e-08 5.5782e-08 5.9039e-08 6.1273e-08 6.3535e-08 6.5817e-08 6.5724e-08 6.5852e-08 6.5789e-08 6.5763e-08 6.571e-08 6.578e-08 6.5805e-08 6.5817e-08 6.5835e-08 6.5847e-08 6.5837e-08 6.5852e-08 6.5836e-08 6.583e-08 6.5792e-08 6.4584e-08 6.4544e-08 6.4373e-08 6.5675e-08 6.5558e-08 6.544e-08 6.5628e-08 6.5482e-08 6.5329e-08 6.5394e-08 6.5436e-08 6.5468e-08 6.5512e-08 6.5381e-08 6.5443e-08 6.5406e-08 6.543e-08 6.5523e-08 6.5522e-08 6.5232e-08 6.537e-08 6.5194e-08 6.4887e-08 6.425e-08 6.4488e-08 6.4578e-08 6.3635e-08 6.2348e-08 6.2612e-08 6.3438e-08 6.4186e-08 6.4545e-08 6.4187e-08 6.5065e-08 6.5433e-08 6.5439e-08 6.5768e-08 6.5681e-08 6.584e-08 6.5819e-08 6.5838e-08 6.5852e-08 6.5726e-08 6.5611e-08 6.5172e-08 6.5058e-08 6.4557e-08 6.4813e-08 6.4867e-08 6.4475e-08 6.3009e-08 6.3104e-08 6.2711e-08 6.2573e-08 6.1813e-08 6.1469e-08 6.2305e-08 6.2461e-08 6.0077e-08 6.0019e-08 6.0519e-08
6.3038e-08 6.3275e-08 6.3679e-08 6.4395e-08 6.3699e-08 6.3764e-08 6.4124e-08 6.3946e-08 6.409e-08 6.4354e-08 6.463e-08 6.4841e-08 6.5056e-08 6.5235e-08 6.5457e-08 6.5587e-08 6.5615e-08 6.5727e-08 6.5724e-08 6.5791e-08 6.5814e-08 6.5847e-08 6.5854e-08 6.581e-08 6.5727e-08 6.5454e-08 6.4858e-08 6.3856e-08 6.3896e-08 6.2962e-08 6.1604e-08 6.3028e-08 6.2826e-08 5.9853e-08 6.5674e-08 6.5688e-08 6.5701e-08 6.5278e-08 6.2437e-08 6.4288e-08 6.5764e-08 6.5828e-08 6.1982e-08 6.1893e-08 6.1521e-08 6.0228e-08 5.8742e-08 5.9547e-08 6.27e-08 6.3325e-08 6.5526e-08 6.5277e-08 6.3283e-08 6.5383e-08 6.3809e-08 6.5832e-08 6.5543e-08 6.5445e-08 6.5481e-08 6.5841e-08 5.9993e-08 6.301e-08 6.2056e-08 6.2041e-08 6.0795e-08 5.9657e-08 5.7754e-08 6.3732e-08 6.5237e-08 6.568e-08 6.5719e-08 6.5751e-08 5.9748e-08 6.4042e-08 6.0654e-08 5.1995e-08 4.319e-08 5.1472e-08 4.0471e-08 2.7825e-08 2.4325e-08 -3.3723e-10 4.3527e-09 -1.2673e-08 -1.3051e-08 -6.1963e-09 -3.2833e-08 -3.6151e-08 -3.3706e-08 -4.7072e-08 -3.6997e-08 -2.2365e-08 -5.8883e-08 -5.8878e-08 -2.3017e-08 -4.8711e-08 -4.5962e-08 -7.2499e-08 -7.2474e-08 -6.6668e-08 -2.2618e-08 -9.8006e-09 -1.2642e-08 -1.2156e-08 -1.2107e-08 -3.7087e-09 -3.8876e-08 3.3335e-08 4.0796e-08 6.3451e-08 6.2676e-08 4.3459e-08 5.4135e-08 6.5514e-08 6.1653e-08 6.3189e-08 5.7124e-08 6.0437e-08 6.4549e-08 5.1261e-08 5.2946e-08 4.9629e-08 5.3092e-08 5.4429e-08 6.124e-08 6.546e-08 5.7468e-08 5.9788e-08 5.9795e-08 5.9464e-08 6.1166e-08 6.0627e-08 6.0666e-08 6.1304e-08 6.1705e-08 6.2153e-08 6.3552e-08 6.4725e-08 6.5441e-08 6.5464e-08 6.5495e-08 6.5485e-08 6.5499e-08 6.531e-08 6.5458e-08 6.5096e-08 6.5172e-08 6.5357e-08 6.5448e-08 6.5713e-08 6.5715e-08 6.5801e-08 6.5819e-08 6.5846e-08 6.5842e-08 6.5826e-08 6.5831e-08 6.5854e-08 6.585e-08 6.5841e-08 6.585e-08 6.5853e-08 6.5824e-08 6.5817e-08 6.582e-08 6.583e-08 6.5852e-08 6.585e-08 6.584e-08 6.5637e-08 6.5145e-08 6.5279e-08 6.5202e-08 6.5115e-08 6.5016e-08 6.4536e-08 6.395e-08 6.3289e-08 6.3242e-08 6.3083e-08
5.3775e-08 5.3872e-08 5.4028e-08 5.3947e-08 5.4016e-08 5.3698e-08 5.4149e-08 5.4572e-08 5.4918e-08 5.5537e-08 5.6327e-08 5.7312e-08 5.7645e-08 5.8394e-08 5.8862e-08 5.994e-08 6.0877e-08 6.1017e-08 6.2443e-08 6.2465e-08 6.3085e-08 6.3251e-08 6.3262e-08 6.319e-08 6.3044e-08 6.2114e-08 6.4267e-08 6.3845e-08 6.2993e-08 4.6028e-08 3.8844e-08 2.7296e-08 4.3306e-08 4.8365e-08 2.7161e-08 3.9154e-08 2.3779e-08 2.6216e-08 2.6146e-08 1.8406e-08 7.4423e-09 1.8118e-08 -1.7968e-09 -1.5238e-08 -1.3874e-08 4.5791e-09 1.9739e-09 -3.32e-09 4.759e-09 1.2382e-08 2.4802e-08 3.4949e-08 4.7204e-08 5.0887e-08 3.0425e-08 3.7101e-08 2.3989e-08 1.2854e-08 1.1092e-08 2.2601e-08 1.3264e-08 5.3044e-08 5.051e-08 6.5796e-08 6.5655e-08 6.4376e-08 6.2491e-08 6.0848e-08 6.1225e-08 6.5172e-08 6.5734e-08 6.2397e-08 5.5403e-08 4.7633e-08 4.281e-08 3.1351e-08 2.3438e-08 1.3803e-08 5.9555e-09 6.397e-10 -4.6584e-09 -1.2649e-08 -1.841e-08 -2.3502e-08 -3.2101e-08 -4.0291e-08 -4.5013e-08 -5.1603e-08 -5.5657e-08 -5.5762e-08 -5.5994e-08 -5.7727e-08 -5.9149e-08 -6.2714e-08 -6.7785e-08 -7.1979e-08 -7.6481e-08 -8.027e-08 -8.2504e-08 -8.5294e-08 -8.7622e-08 -9.2477e-08 -9.6051e-08 -9.9538e-08 -1.0248e-07 -1.0498e-07 -1.0603e-07 -1.0795e-07 -1.0542e-07 -8.8828e-08 -6.6387e-08 -3.9781e-08 -4.4029e-08 -3.4758e-08 -5.5983e-08 -3.7504e-08 -1.3266e-08 -6.3927e-09 -1.8354e-08 -3.1955e-08 -4.0488e-08 -3.5855e-08 -4.9954e-09 -2.5286e-08 -1.6195e-08 -3.2691e-08 -1.9761e-08 -1.4475e-08 -2.5021e-08 -1.7616e-08 -3.7086e-08 -3.2014e-08 -1.6482e-08 3.7561e-09 -4.5865e-09 -8.7543e-09 -3.0145e-09 -2.0071e-08 -9.806e-09 -7.2922e-09 7.3998e-09 3.1263e-08 3.6133e-08 4.328e-08 5.9278e-08 5.8298e-08 6.3938e-08 6.5528e-08 6.5668e-08 6.5512e-08 6.5331e-08 6.521e-08 6.521e-08 6.5258e-08 6.5572e-08 6.567e-08 6.5586e-08 6.5535e-08 6.509e-08 6.4829e-08 6.4613e-08 6.4508e-08 6.4189e-08 6.3787e-08 6.3374e-08 6.2909e-08 6.2294e-08 6.1645e-08 6.1246e-08 6.085e-08 6.0096e-08 5.9893e-08 5.898e-08 5.8437e-08 5.8074e-08 5.7417e-08 5.61e-08 5.5055e-08 5.4324e-08 5.4076e-08
6.0091e-08 5.6674e-08 5.9768e-08 6.2593e-08 6.3706e-08 6.5648e-08 2.0374e-08 1.0423e-08 2.7619e-08 3.886e-08 -1.5757e-10 2.7359e-08 1.18e-08 4.2688e-09 9.8762e-09 2.7774e-08 -3.5472e-08 -6.1608e-08 -6.6512e-08 -6.4521e-08 -6.416e-08 -3.2594e-08 1.7051e-08 -9.3928e-09 -1.1193e-08 3.4658e-09 3.2774e-08 1.1301e-08 4.7099e-09 2.5988e-08 1.6666e-08 -8.5923e-08 -7.594e-08 -3.4646e-08 -7.389e-08 -8.7749e-08 -8.9387e-08 -9.064e-08 -8.7679e-08 -8.222e-08 -8.4691e-08 -6.7327e-08 -7.8474e-08 -8.9615e-08 -8.4084e-08 -9.3806e-08 -1.0258e-07 -1.0084e-07 -1.0093e-07 -8.2157e-08 -8.1412e-08 -8.6372e-08 -7.6709e-08 -4.6486e-08 -4.9958e-08 -6.5474e-08 -6.2911e-08 -5.8326e-08 -5.0138e-08 -4.1973e-08 -3.8018e-08 -4.6159e-08 -2.8641e-08 -4.0826e-08 -4.6191e-08 -4.6457e-08 -1.4523e-08 -1.3503e-08 1.8868e-08 3.2204e-08 4.003e-08 5.3781e-08 4.5312e-08 4.4142e-08 4.1946e-08 4.758e-08 5.3697e-08 5.895e-08 6.0652e-08 6.1219e-08 6.275e-08 6.3455e-08 5.5207e-08 3.9356e-08 9.9077e-09 4.9043e-09 1.0936e-08 1.7419e-08 2.5615e-08 4.0519e-08 5.6679e-08 5.5293e-08 -2.8831e-08 -5.4965e-08 -5.7349e-08 -4.7489e-08 -5.5627e-08 -6.2895e-08 -7.8199e-08 -8.714e-08 -9.1194e-08 -8.053e-08 -9.3758e-08 -1.0016e-07 -1.0409e-07 -1.0749e-07 -1.11e-07 -1.1335e-07 -1.1493e-07 -1.1776e-07 -1.1924e-07 -1.1896e-07 -1.1783e-07 -1.1666e-07 -1.1527e-07 -1.1286e-07 -1.1042e-07 -1.0846e-07 -1.0749e-07 -1.0866e-07 -1.0594e-07 -1.0219e-07 -1.0092e-07 -1.0366e-07 -1.0473e-07 -1.0476e-07 -1.0534e-07 -1.0492e-07 -1.0368e-07 -1.0579e-07 -1.0483e-07 -1.0564e-07 -1.0651e-07 -1.0446e-07 -1.0028e-07 -1.0037e-07 -8.972e-08 -9.0831e-08 -9.3118e-08 -6.8972e-08 -9.666e-08 -9.6263e-08 -9.6564e-08 -5.1582e-08 -4.6678e-08 -4.0974e-08 -2.5888e-08 7.7528e-09 -2.4503e-08 -5.0111e-08 -3.226e-08 -5.1243e-08 -1.1444e-08 -3.0228e-09 1.6524e-08 3.2594e-08 -2.3435e-09 1.688e-08 2.9032e-08 3.5241e-08 3.264e-08 1.2833e-08 2.3435e-08 4.7858e-08 4.0377e-08 4.2681e-08 5.2433e-08 6.2718e-08 5.8086e-08 6.3856e-08 5.9223e-08 5.3289e-08 4.79e-08 4.0518e-08 4.8489e-08 5.6225e-08 5.9708e-08 4.9984e-08 5.0903e-08 5.2964e-08
-1.3604e-07 -1.2291e-07 -1.2884e-07 -1.2554e-07 -1.1711e-07 -1.251e-07 -1.2391e-07 -1.2722e-07 -1.435e-07 -1.4734e-07 -1.4687e-07 -1.4581e-07 -1.4069e-07 -1.374e-07 -1.431e-07 -1.5034e-07 -1.5112e-07 -1.5003e-07 -1.5173e-07 -1.5207e-07 -1.5008e-07 -1.418e-07 -1.4202e-07 -1.5987e-07 -1.5908e-07 -1.5949e-07 -1.5555e-07 -1.5375e-07 -1.5099e-07 -1.5006e-07 -1.4821e-07 -1.5573e-07 -1.6142e-07 -1.5746e-07 -1.6111e-07 -1.6736e-07 -1.7036e-07 -1.7059e-07 -1.7114e-07 -1.7075e-07 -1.6716e-07 -1.6853e-07 -1.6305e-07 -1.6474e-07 -1.6787e-07 -1.7309e-07 -1.7377e-07 -1.7458e-07 -1.7305e-07 -1.7104e-07 -1.7121e-07 -1.7128e-07 -1.7021e-07 -1.6915e-07 -1.6372e-07 -1.5538e-07 -1.5447e-07 -1.4974e-07 -1.463e-07 -1.4631e-07 -1.5131e-07 -1.5514e-07 -1.561e-07 -1.5765e-07 -1.5872e-07 -1.5912e-07 -1.6033e-07 -1.5889e-07 -1.5709e-07 -1.5385e-07 -1.3463e-07 -1.0058e-07 -9.4367e-08 -1.0504e-07 -1.0725e-07 -1.1562e-07 -1.0338e-07 -1.1374e-07 -1.1711e-07 -1.0756e-07 -1.213e-07 -1.28e-07 -1.3046e-07 -1.308e-07 -1.2434e-07 -1.3166e-07 -1.2625e-07 -1.1147e-07 -1.2413e-07 -1.1473e-07 -1.3324e-07 -1.395e-07 -1.3466e-07 -1.4248e-07 -1.4957e-07 -1.5055e-07 -1.4726e-07 -1.4834e-07 -1.4318e-07 -1.4509e-07 -1.5036e-07 -1.5722e-07 -1.5657e-07 -1.5079e-07 -1.5029e-07 -1.5952e-07 -1.6105e-07 -1.6291e-07 -1.6504e-07 -1.6613e-07 -1.6677e-07 -1.6427e-07 -1.6685e-07 -1.662e-07 -1.654e-07 -1.6396e-07 -1.6313e-07 -1.6059e-07 -1.6269e-07 -1.5073e-07 -1.6553e-07 -1.6385e-07 -1.6144e-07 -1.5809e-07 -1.481e-07 -1.4193e-07 -1.5707e-07 -1.5801e-07 -1.5258e-07 -1.5254e-07 -1.4598e-07 -1.5468e-07 -1.6479e-07 -1.646e-07 -1.6461e-07 -1.6505e-07 -1.6488e-07 -1.6199e-07 -1.5548e-07 -1.5452e-07 -1.541e-07 -1.5256e-07 -1.5071e-07 -1.5343e-07 -1.4851e-07 -1.4855e-07 -1.4728e-07 -1.5155e-07 -1.5707e-07 -1.63e-07 -1.5779e-07 -1.6279e-07 -1.5459e-07 -1.5829e-07 -1.6587e-07 -1.6532e-07 -1.6333e-07 -1.3988e-07 -1.5041e-07 -1.422e-07 -1.5236e-07 -1.3129e-07 -1.3134e-07 -1.1973e-07 -1.2082e-07 -1.1768e-07 -1.2663e-07 -1.3143e-07 -1.286e-07 -1.2692e-07 -1.3019e-07 -1.2077e-07 -1.1386e-07 -1.1557e-07 -1.1394e-07 -1.1135e-07 -1.2134e-07 -1.1615e-07 -1.0679e-07 -1.236e-07
-1.7834e-07 -1.7855e-07 -1.7836e-07 -1.7777e-07 -1.7771e-07 -1.7896e-07 -1.7896e-07 -1.7877e-07 -1.7868e-07 -1.7873e-07 -1.7875e-07 -1.7857e-07 -1.7859e-07 -1.7854e-07 -1.7852e-07 -1.7843e-07 -1.7832e-07 -1.7815e-07 -1.7824e-07 -1.7818e-07 -1.78e-07 -1.7814e-07 -1.7847e-07 -1.7824e-07 -1.7818e-07 -1.7834e-07 -1.78e-07 -1.7733e-07 -1.7687e-07 -1.762e-07 -1.7576e-07 -1.7526e-07 -1.7499e-07 -1.7453e-07 -1.7419e-07 -1.7387e-07 -1.7363e-07 -1.7329e-07 -1.7317e-07 -1.7282e-07 -1.7287e-07 -1.7282e-07 -1.7239e-07 -1.7237e-07 -1.7231e-07 -1.7229e-07 -1.722e-07 -1.7217e-07 -1.7232e-07 -1.726e-07 -1.732e-07 -1.7367e-07 -1.7442e-07 -1.7518e-07 -1.7584e-07 -1.7673e-07 -1.7715e-07 -1.7743e-07 -1.7783e-07 -1.7781e-07 -1.7764e-07 -1.7805e-07 -1.7814e-07 -1.7828e-07 -1.7843e-07 -1.7863e-07 -1.7874e-07 -1.788e-07 -1.7878e-07 -1.7884e-07 -1.7888e-07 -1.789e-07 -1.7895e-07 -1.7896e-07 -1.7894e-07 -1.7889e-07 -1.7881e-07 -1.7875e-07 -1.7846e-07 -1.7826e-07 -1.7844e-07 -1.7852e-07 -1.7851e-07 -1.7827e-07 -1.7852e-07 -1.7816e-07 -1.7813e-07 -1.7834e-07 -1.7827e-07 -1.7829e-07 -1.7831e-07 -1.7786e-07 -1.7715e-07 -1.7744e-07 -1.7801e-07 -1.7849e-07 -1.7867e-07 -1.7837e-07 -1.7686e-07 -1.7637e-07 -1.7741e-07 -1.7852e-07 -1.7855e-07 -1.7868e-07 -1.788e-07 -1.7889e-07 -1.7893e-07 -1.7896e-07 -1.7896e-07 -1.7891e-07 -1.7892e-07 -1.7887e-07 -1.7881e-07 -1.7874e-07 -1.7867e-07 -1.7856e-07 -1.7852e-07 -1.7844e-07 -1.7831e-07 -1.7829e-07 -1.7831e-07 -1.7833e-07 -1.7826e-07 -1.7836e-07 -1.7851e-07 -1.7839e-07 -1.7832e-07 -1.7814e-07 -1.7786e-07 -1.7773e-07 -1.7766e-07 -1.7756e-07 -1.774e-07 -1.7727e-07 -1.7685e-07 -1.7647e-07 -1.7599e-07 -1.7536e-07 -1.7493e-07 -1.746e-07 -1.7439e-07 -1.7413e-07 -1.7405e-07 -1.7412e-07 -1.7415e-07 -1.7384e-07 -1.741e-07 -1.7447e-07 -1.7449e-07 -1.748e-07 -1.7525e-07 -1.7574e-07 -1.7612e-07 -1.766e-07 -1.7724e-07 -1.776e-07 -1.7801e-07 -1.7838e-07 -1.7807e-07 -1.7762e-07 -1.7765e-07 -1.7778e-07 -1.7799e-07 -1.78e-07 -1.7778e-07 -1.7799e-07 -1.7807e-07 -1.7814e-07 -1.7836e-07 -1.7844e-07 -1.7872e-07 -1.7882e-07 -1.7888e-07 -1.7894e-07 -1.7896e-07 -1.7895e-07 -1.7889e-07 -1.7882e-07 -1.7878e-07 -1.786e-07
