0.00021314 0.00021319 0.00021325 0.00021326 0.00021326 0.00021325 0.00021325 0.00021327 0.0002133 0.00021334 0.00021349 0.00021354 0.00021351 0.00021357 0.00021374 0.00021383 0.00021386 0.00021392 0.00021393 0.00021384 0.00021379 0.00021391 0.00021392 0.00021389 0.00021385 0.00021383 0.00021378 0.00021379 0.00021386 0.00021383 0.0002139 0.00021399 0.00021395 0.00021389 0.00021397 0.00021391 0.00021385 0.00021379 0.00021372 0.00021367 0.00021363 0.00021356 0.0002135 0.00021348 0.00021346 0.00021346 0.00021346 0.00021347 0.00021346 0.00021344 0.00021342 0.00021342 0.00021339 0.00021338 0.00021338 0.00021337 0.0002133 0.00021327 0.00021325 0.00021325 0.00021324 0.00021322 0.00021322 0.00021318 0.0002132 0.00021323 0.00021324 0.00021311 0.00021305 0.00021307 0.00021301 0.000213 0.000213 0.000213 0.00021296 0.00021293 0.00021291 0.0002129 0.00021289 0.00021289 0.00021287 0.0002129 0.0002129 0.00021289 0.00021291 0.00021292 0.00021291 0.0002129 0.0002129 0.00021291 0.00021292 0.00021295 0.00021297 0.00021297 0.00021298 0.00021299 0.00021298 0.00021299 0.000213 0.000213 0.00021298 0.00021297 0.00021296 0.00021296 0.00021297 0.00021298 0.00021299 0.000213 0.00021301 0.00021301 0.00021302 0.00021301 0.00021297 0.000213 0.00021305 0.00021308 0.00021307 0.00021307 0.00021308 0.0002131 0.00021312 0.00021313 0.00021314 0.00021316 0.0002132 0.00021323 0.00021323 0.00021326 0.00021329 0.0002133 0.00021332 0.00021333 0.00021334 0.00021335 0.00021336 0.00021338 0.00021339 0.00021339 0.00021338 0.00021339 0.00021335 0.00021335 0.00021333 0.0002133 0.00021332 0.00021331 0.0002133 0.00021328 0.00021324 0.00021321 0.00021321 0.00021319 0.00021319 0.00021315 0.00021312 0.00021311 0.00021309 0.00021307 0.00021307 0.00021308 0.00021307 0.00021306 0.00021305 0.00021303 0.00021303 0.00021302 0.00021303 0.00021304 0.00021305 0.00021305 0.00021307 0.00021309 0.00021309 0.0002131 0.0002131 0.00021312 0.00021313 0.00021313 0.00021313 0.00021314
0.00021449 0.00021452 0.00021453 0.00021458 0.00021457 0.00021459 0.00021456 0.00021455 0.00021454 0.00021451 0.00021451 0.0002145 0.00021446 0.00021441 0.00021439 0.00021438 0.00021439 0.00021439 0.00021439 0.00021437 0.00021437 0.00021439 0.00021445 0.00021447 0.00021446 0.00021443 0.00021443 0.00021439 0.00021442 0.00021435 0.00021446 0.00021447 0.0002144 0.00021439 0.00021439 0.00021439 0.00021438 0.00021436 0.00021437 0.00021436 0.00021433 0.00021436 0.00021434 0.00021433 0.00021431 0.0002143 0.0002143 0.00021426 0.00021424 0.00021421 0.00021412 0.00021421 0.0002141 0.00021392 0.00021394 0.00021389 0.0002138 0.0002137 0.00021365 0.00021363 0.00021377 0.00021333 0.00021341 0.00021316 0.00021308 0.00021306 0.000213 0.00021295 0.00021293 0.0002129 0.00021284 0.0002128 0.00021287 0.00021285 0.00021253 0.00021246 0.00021237 0.00021225 0.0002122 0.00021242 0.00021202 0.00021175 0.00021174 0.00021159 0.00021155 0.00021156 0.0002116 0.00021164 0.0002117 0.00021173 0.00021179 0.0002118 0.00021182 0.00021182 0.00021183 0.00021239 0.00021226 0.0002125 0.00021232 0.00021259 0.00021258 0.00021259 0.00021269 0.00021271 0.00021275 0.00021285 0.00021293 0.0002131 0.00021319 0.00021325 0.0002131 0.00021309 0.00021312 0.00021315 0.00021317 0.00021317 0.00021322 0.00021326 0.00021333 0.00021333 0.0002134 0.00021345 0.00021346 0.00021351 0.00021357 0.00021356 0.00021357 0.00021364 0.0002137 0.00021368 0.00021374 0.00021375 0.00021376 0.00021381 0.00021391 0.000214 0.00021406 0.00021416 0.00021411 0.00021399 0.00021389 0.00021386 0.00021384 0.00021382 0.00021378 0.00021379 0.00021374 0.00021353 0.0002135 0.00021348 0.00021348 0.00021349 0.00021353 0.00021353 0.00021352 0.00021353 0.00021358 0.00021368 0.00021375 0.00021374 0.0002138 0.00021386 0.00021392 0.00021395 0.00021403 0.00021409 0.00021415 0.00021419 0.00021427 0.00021429 0.00021439 0.00021439 0.0002144 0.00021439 0.00021443 0.00021438 0.00021423 0.0002143 0.00021448 0.00021456
0.00021419 0.0002142 0.00021421 0.00021422 0.00021422 0.00021422 0.00021423 0.00021426 0.00021426 0.00021425 0.00021425 0.00021426 0.00021427 0.00021431 0.00021427 0.00021423 0.00021424 0.0002143 0.0002143 0.0002143 0.0002143 0.00021431 0.00021432 0.00021433 0.00021432 0.00021432 0.00021434 0.00021439 0.00021442 0.00021448 0.0002146 0.00021461 0.0002146 0.0002146 0.00021461 0.00021456 0.00021463 0.0002146 0.00021458 0.00021456 0.00021463 0.00021469 0.00021468 0.00021468 0.00021463 0.00021462 0.00021459 0.00021456 0.00021453 0.00021449 0.0002145 0.00021445 0.00021445 0.00021443 0.00021453 0.00021456 0.00021445 0.00021437 0.0002144 0.00021454 0.00021448 0.00021399 0.0002139 0.00021394 0.00021403 0.00021409 0.00021398 0.00021404 0.00021402 0.00021372 0.00021383 0.00021374 0.00021349 0.00021341 0.00021346 0.00021321 0.00021352 0.00021374 0.00021395 0.00021369 0.00021355 0.00021349 0.00021355 0.00021357 0.00021366 0.00021354 0.00021348 0.00021335 0.00021334 0.00021344 0.00021331 0.00021333 0.00021343 0.0002134 0.00021339 0.0002134 0.00021342 0.00021347 0.0002135 0.00021359 0.00021356 0.00021366 0.0002139 0.0002141 0.00021405 0.00021401 0.000214 0.00021401 0.00021398 0.00021402 0.00021409 0.00021412 0.00021415 0.00021419 0.00021405 0.00021409 0.00021416 0.00021418 0.00021413 0.00021408 0.00021407 0.0002141 0.00021412 0.00021418 0.00021424 0.00021429 0.00021429 0.00021425 0.00021425 0.00021422 0.00021419 0.00021417 0.00021415 0.00021416 0.00021417 0.00021423 0.0002145 0.00021475 0.00021477 0.00021476 0.00021468 0.00021461 0.00021458 0.00021459 0.00021442 0.00021431 0.00021425 0.00021419 0.00021422 0.00021425 0.00021419 0.0002142 0.00021423 0.00021431 0.00021439 0.00021442 0.00021443 0.00021444 0.00021442 0.00021442 0.00021442 0.00021434 0.00021427 0.00021423 0.00021421 0.00021426 0.0002143 0.00021434 0.00021441 0.00021449 0.00021438 0.00021441 0.00021439 0.00021437 0.00021433 0.00021431 0.00021428 0.00021427 0.00021421 0.00021419
0.00021425 0.00021426 0.00021427 0.00021428 0.00021429 0.00021429 0.0002143 0.00021431 0.00021432 0.00021433 0.00021434 0.00021435 0.00021437 0.00021438 0.00021437 0.00021438 0.00021439 0.0002144 0.00021442 0.00021443 0.00021444 0.00021446 0.00021447 0.00021449 0.0002145 0.00021453 0.00021454 0.00021456 0.0002146 0.00021463 0.00021461 0.00021456 0.00021456 0.00021453 0.00021457 0.00021461 0.0002146 0.00021459 0.00021461 0.00021463 0.00021455 0.00021455 0.00021456 0.00021456 0.00021457 0.00021458 0.00021457 0.0002147 0.00021472 0.00021473 0.00021471 0.00021472 0.0002147 0.0002147 0.00021471 0.0002147 0.00021469 0.00021473 0.00021474 0.00021474 0.00021466 0.00021473 0.00021471 0.00021469 0.00021474 0.0002147 0.0002147 0.0002147 0.00021475 0.00021471 0.00021475 0.00021477 0.00021477 0.00021477 0.00021477 0.00021476 0.00021476 0.00021476 0.00021476 0.00021476 0.00021476 0.00021476 0.00021475 0.00021475 0.00021475 0.00021475 0.00021474 0.00021473 0.00021474 0.00021474 0.0002147 0.00021469 0.00021471 0.00021476 0.0002147 0.00021468 0.00021466 0.00021464 0.00021465 0.00021461 0.00021467 0.00021451 0.00021457 0.00021447 0.00021461 0.00021467 0.00021469 0.00021463 0.00021459 0.0002146 0.00021462 0.00021465 0.00021471 0.00021472 0.00021473 0.00021473 0.00021465 0.00021465 0.00021464 0.00021463 0.00021461 0.00021461 0.0002145 0.00021447 0.0002145 0.00021452 0.00021452 0.00021446 0.00021446 0.00021452 0.00021449 0.00021449 0.00021456 0.00021456 0.00021462 0.00021474 0.00021476 0.00021477 0.00021477 0.00021477 0.00021477 0.00021466 0.00021463 0.00021464 0.00021463 0.00021467 0.00021466 0.00021464 0.00021463 0.00021463 0.00021461 0.00021458 0.00021454 0.00021452 0.0002145 0.00021445 0.00021442 0.00021444 0.00021456 0.00021466 0.00021474 0.00021477 0.00021473 0.00021461 0.0002143 0.00021431 0.00021414 0.00021409 0.00021408 0.00021407 0.00021413 0.00021426 0.0002145 0.0002145 0.00021437 0.00021427 0.00021422 0.0002142 0.00021422 0.00021424
0.00021441 0.00021444 0.00021444 0.0002145 0.0002144 0.00021443 0.00021445 0.00021447 0.00021449 0.00021451 0.00021453 0.00021456 0.00021461 0.00021462 0.00021456 0.00021455 0.00021456 0.00021458 0.0002146 0.00021461 0.00021463 0.00021464 0.00021464 0.00021465 0.00021466 0.00021467 0.00021469 0.0002147 0.0002147 0.00021471 0.00021471 0.00021474 0.00021473 0.00021474 0.00021475 0.00021474 0.00021471 0.00021472 0.00021472 0.00021472 0.00021474 0.00021472 0.00021466 0.00021468 0.00021464 0.0002146 0.00021462 0.00021466 0.00021467 0.00021465 0.00021468 0.00021466 0.00021471 0.00021477 0.00021477 0.00021477 0.00021476 0.00021477 0.00021476 0.00021477 0.00021477 0.00021477 0.00021477 0.00021477 0.00021477 0.00021477 0.00021477 0.00021477 0.00021477 0.00021477 0.00021477 0.00021476 0.00021475 0.00021475 0.00021475 0.00021475 0.00021475 0.00021475 0.00021475 0.00021475 0.00021477 0.00021474 0.00021472 0.00021471 0.0002147 0.00021471 0.0002147 0.00021471 0.0002147 0.0002147 0.0002147 0.0002147 0.00021468 0.00021464 0.00021458 0.00021447 0.00021415 0.00021365 0.00021422 0.0002143 0.00021451 0.00021462 0.0002146 0.00021464 0.0002147 0.00021474 0.00021475 0.00021477 0.00021476 0.00021476 0.00021474 0.00021476 0.00021477 0.00021477 0.00021477 0.00021477 0.00021477 0.00021477 0.00021477 0.00021477 0.00021477 0.00021477 0.00021477 0.00021477 0.00021477 0.00021477 0.00021476 0.00021476 0.00021476 0.00021477 0.00021477 0.00021477 0.00021477 0.00021476 0.00021476 0.00021476 0.00021476 0.00021476 0.00021459 0.00021453 0.00021451 0.00021449 0.00021449 0.00021455 0.00021458 0.00021459 0.00021457 0.00021462 0.00021464 0.00021467 0.00021469 0.00021471 0.00021473 0.00021469 0.00021471 0.00021474 0.00021476 0.00021472 0.00021469 0.0002147 0.00021476 0.00021475 0.0002147 0.0002147 0.00021473 0.00021472 0.00021476 0.00021468 0.00021443 0.00021426 0.00021427 0.00021434 0.00021442 0.00021453 0.00021463 0.00021438 0.00021443 0.00021443 0.00021434 0.00021437
0.00021455 0.00021456 0.00021457 0.0002146 0.0002146 0.00021458 0.00021459 0.0002146 0.0002146 0.00021466 0.00021462 0.00021464 0.00021466 0.00021467 0.00021468 0.00021471 0.00021469 0.00021473 0.00021467 0.00021472 0.0002147 0.00021471 0.0002147 0.00021476 0.00021477 0.00021468 0.00021475 0.00021477 0.00021477 0.00021477 0.00021477 0.00021477 0.00021477 0.00021477 0.00021477 0.00021477 0.00021477 0.00021477 0.00021477 0.00021476 0.00021476 0.00021475 0.00021477 0.00021476 0.00021472 0.00021474 0.00021474 0.00021472 0.00021472 0.00021476 0.00021477 0.00021475 0.00021476 0.00021477 0.00021477 0.00021476 0.00021474 0.00021472 0.00021477 0.00021474 0.00021477 0.00021477 0.00021472 0.00021476 0.00021476 0.00021477 0.00021477 0.00021477 0.00021477 0.00021477 0.00021477 0.00021477 0.00021477 0.00021477 0.00021477 0.00021477 0.00021477 0.00021477 0.00021477 0.00021476 0.00021477 0.00021477 0.00021476 0.00021476 0.00021476 0.00021477 0.00021475 0.00021476 0.00021475 0.00021475 0.00021476 0.00021475 0.00021474 0.0002147 0.00021445 0.00021446 0.00021426 0.00021448 0.00021465 0.00021471 0.0002147 0.00021474 0.00021474 0.00021475 0.00021476 0.00021477 0.00021476 0.00021477 0.00021475 0.00021477 0.00021473 0.00021476 0.00021475 0.00021475 0.0002147 0.00021468 0.00021477 0.00021477 0.00021476 0.00021476 0.00021476 0.00021476 0.00021476 0.00021476 0.00021476 0.00021476 0.00021476 0.00021476 0.00021476 0.00021476 0.00021476 0.00021476 0.00021476 0.00021476 0.00021476 0.00021476 0.00021475 0.00021475 0.00021476 0.00021476 0.00021476 0.00021475 0.00021477 0.00021476 0.00021477 0.00021473 0.00021462 0.00021463 0.00021463 0.0002146 0.00021462 0.00021465 0.00021473 0.00021475 0.00021476 0.00021474 0.00021471 0.00021477 0.00021455 0.00021456 0.00021472 0.00021459 0.00021448 0.00021443 0.0002144 0.00021445 0.00021439 0.00021455 0.00021446 0.00021445 0.00021445 0.00021448 0.00021453 0.00021441 0.00021437 0.00021443 0.00021447 0.00021451 0.00021451 0.00021452
0.00021473 0.00021469 0.00021467 0.00021467 0.00021464 0.0002147 0.0002147 0.00021475 0.00021474 0.00021474 0.00021474 0.00021474 0.00021477 0.00021476 0.00021475 0.00021476 0.00021476 0.00021476 0.00021477 0.00021476 0.00021476 0.00021476 0.00021476 0.00021477 0.00021476 0.00021477 0.00021477 0.00021477 0.00021477 0.00021477 0.00021477 0.00021477 0.00021477 0.00021477 0.00021477 0.00021477 0.00021477 0.00021477 0.00021477 0.00021477 0.00021477 0.00021477 0.00021477 0.00021477 0.00021476 0.00021475 0.00021467 0.00021476 0.00021465 0.0002147 0.00021477 0.00021477 0.00021476 0.00021468 0.00021471 0.00021474 0.00021476 0.00021476 0.00021476 0.00021476 0.00021477 0.00021477 0.00021477 0.00021477 0.00021476 0.00021476 0.00021476 0.00021476 0.00021476 0.00021476 0.00021477 0.00021477 0.00021477 0.00021477 0.00021477 0.00021477 0.00021477 0.00021477 0.00021476 0.00021477 0.00021476 0.00021475 0.00021475 0.00021473 0.00021475 0.00021477 0.00021476 0.00021476 0.00021474 0.00021475 0.00021476 0.00021475 0.0002147 0.00021467 0.00021464 0.00021459 0.00021442 0.00021422 0.00021466 0.00021477 0.00021475 0.00021474 0.00021473 0.00021474 0.00021476 0.00021476 0.00021476 0.00021477 0.00021475 0.00021477 0.00021476 0.00021475 0.00021475 0.00021477 0.00021476 0.00021477 0.00021475 0.00021474 0.00021467 0.00021461 0.00021458 0.00021444 0.00021437 0.00021459 0.00021474 0.00021477 0.00021477 0.00021477 0.00021477 0.00021477 0.00021471 0.00021477 0.00021477 0.00021473 0.00021477 0.00021477 0.00021475 0.00021476 0.00021477 0.00021477 0.00021476 0.00021476 0.00021474 0.00021477 0.00021475 0.00021475 0.00021476 0.00021477 0.00021475 0.00021475 0.00021476 0.00021462 0.00021475 0.00021477 0.00021477 0.00021466 0.00021456 0.00021459 0.00021452 0.00021453 0.00021457 0.00021451 0.00021451 0.0002146 0.00021456 0.00021454 0.00021458 0.00021462 0.00021463 0.00021462 0.00021459 0.00021462 0.00021468 0.00021459 0.0002146 0.00021462 0.00021467 0.0002147 0.00021472 0.00021468
0.00021475 0.00021476 0.00021474 0.00021476 0.00021474 0.00021474 0.00021475 0.00021476 0.00021476 0.00021476 0.00021474 0.00021472 0.00021477 0.00021477 0.00021477 0.00021477 0.00021477 0.00021477 0.00021477 0.00021477 0.00021477 0.00021477 0.00021477 0.00021476 0.00021477 0.00021477 0.00021477 0.00021476 0.00021477 0.00021477 0.00021477 0.00021477 0.00021477 0.00021477 0.00021477 0.00021477 0.00021477 0.00021477 0.00021477 0.00021477 0.00021477 0.00021477 0.00021477 0.00021477 0.00021477 0.00021477 0.00021477 0.00021477 0.00021476 0.00021476 0.00021476 0.00021471 0.00021468 0.00021474 0.00021477 0.00021477 0.00021477 0.00021476 0.00021476 0.00021475 0.00021475 0.00021475 0.00021476 0.00021476 0.00021476 0.00021476 0.00021476 0.00021477 0.00021476 0.00021477 0.00021477 0.00021477 0.00021477 0.00021476 0.00021476 0.00021476 0.00021475 0.00021477 0.00021476 0.00021476 0.00021476 0.00021476 0.00021477 0.00021476 0.00021477 0.00021476 0.00021476 0.00021477 0.00021476 0.00021476 0.00021476 0.00021473 0.00021471 0.00021475 0.00021476 0.00021476 0.00021476 0.00021476 0.00021476 0.00021476 0.00021474 0.00021475 0.00021475 0.00021475 0.00021477 0.00021477 0.00021477 0.00021476 0.00021476 0.00021475 0.00021474 0.00021473 0.00021464 0.0002147 0.00021471 0.00021459 0.00021469 0.00021466 0.0002146 0.00021464 0.00021457 0.00021455 0.00021472 0.00021476 0.00021474 0.00021475 0.00021475 0.00021468 0.00021471 0.00021471 0.00021473 0.00021477 0.00021477 0.00021476 0.00021475 0.00021473 0.00021476 0.00021459 0.00021447 0.00021428 0.00021424 0.00021452 0.00021474 0.00021475 0.00021474 0.00021474 0.00021477 0.00021475 0.00021476 0.00021475 0.00021476 0.00021476 0.00021476 0.00021476 0.00021476 0.00021472 0.00021443 0.00021442 0.00021441 0.00021442 0.0002144 0.00021447 0.00021467 0.00021464 0.00021469 0.00021452 0.00021454 0.0002146 0.00021462 0.00021462 0.00021464 0.00021464 0.00021465 0.0002147 0.0002147 0.00021472 0.00021474 0.00021473 0.00021474 0.00021474
0.00021474 0.00021475 0.00021477 0.00021477 0.00021477 0.00021477 0.00021475 0.00021477 0.00021477 0.00021477 0.00021477 0.00021474 0.00021474 0.00021476 0.00021477 0.00021477 0.00021477 0.00021477 0.00021477 0.00021477 0.00021477 0.00021474 0.00021475 0.00021472 0.00021475 0.00021476 0.00021477 0.00021477 0.00021477 0.00021477 0.00021477 0.00021477 0.00021476 0.00021477 0.00021477 0.00021475 0.00021477 0.00021477 0.00021477 0.00021477 0.00021477 0.00021477 0.00021477 0.00021477 0.00021477 0.00021477 0.00021477 0.00021477 0.00021475 0.00021473 0.00021473 0.00021476 0.00021474 0.00021477 0.00021476 0.00021476 0.00021475 0.00021474 0.00021474 0.00021474 0.00021474 0.00021474 0.00021475 0.00021475 0.00021475 0.00021477 0.00021476 0.00021475 0.00021475 0.00021475 0.00021476 0.00021477 0.00021477 0.00021477 0.00021477 0.00021477 0.00021476 0.00021477 0.00021477 0.00021476 0.00021476 0.00021476 0.00021476 0.00021477 0.00021477 0.00021477 0.00021476 0.00021476 0.00021477 0.00021477 0.00021477 0.00021477 0.00021474 0.00021477 0.00021477 0.00021477 0.00021477 0.00021477 0.00021477 0.00021477 0.00021477 0.00021477 0.00021477 0.00021477 0.00021477 0.00021477 0.00021477 0.00021476 0.00021475 0.00021474 0.00021467 0.00021457 0.00021464 0.00021473 0.00021477 0.00021474 0.00021476 0.00021475 0.00021476 0.00021472 0.00021474 0.00021468 0.00021463 0.00021461 0.00021469 0.00021468 0.00021474 0.00021474 0.00021476 0.00021476 0.00021476 0.00021476 0.00021477 0.00021477 0.00021477 0.00021477 0.00021477 0.00021477 0.00021477 0.00021474 0.00021477 0.00021452 0.00021457 0.00021472 0.00021473 0.00021474 0.00021475 0.00021477 0.00021474 0.00021477 0.00021477 0.00021469 0.00021477 0.00021476 0.00021474 0.00021473 0.00021477 0.0002147 0.00021444 0.00021459 0.00021451 0.00021461 0.00021472 0.00021473 0.00021458 0.00021466 0.00021473 0.00021475 0.00021473 0.00021476 0.00021475 0.00021476 0.00021477 0.00021477 0.00021477 0.00021476 0.00021477 0.00021476 0.00021477 0.00021474
0.00021475 0.00021475 0.00021474 0.00021474 0.00021473 0.00021472 0.00021471 0.00021472 0.00021472 0.00021472 0.00021472 0.00021476 0.00021476 0.00021474 0.00021462 0.00021462 0.00021474 0.00021476 0.00021474 0.00021477 0.00021477 0.00021476 0.00021475 0.00021476 0.00021475 0.00021476 0.00021477 0.00021477 0.00021477 0.00021477 0.00021477 0.00021477 0.00021477 0.00021477 0.00021477 0.00021477 0.00021477 0.00021477 0.00021477 0.00021477 0.00021477 0.00021477 0.00021477 0.00021477 0.00021477 0.00021477 0.00021477 0.00021476 0.00021476 0.00021473 0.00021473 0.00021472 0.00021479 0.00021476 0.00021475 0.00021474 0.00021474 0.00021473 0.00021474 0.00021473 0.00021473 0.00021475 0.00021476 0.00021475 0.00021475 0.00021474 0.00021473 0.00021475 0.00021475 0.00021476 0.00021477 0.00021477 0.00021477 0.00021477 0.00021477 0.00021477 0.00021477 0.00021474 0.00021471 0.00021468 0.00021466 0.00021477 0.00021477 0.00021477 0.00021477 0.00021477 0.00021477 0.00021477 0.00021476 0.00021477 0.00021474 0.00021475 0.00021477 0.00021477 0.00021477 0.00021477 0.00021477 0.00021473 0.00021477 0.00021477 0.00021476 0.00021477 0.00021477 0.00021477 0.00021477 0.00021477 0.00021477 0.00021465 0.00021471 0.00021475 0.00021475 0.00021476 0.00021476 0.00021477 0.00021477 0.00021477 0.00021477 0.00021477 0.00021477 0.00021477 0.00021477 0.00021477 0.00021476 0.00021477 0.00021476 0.00021477 0.00021472 0.00021474 0.00021474 0.00021474 0.00021476 0.00021477 0.00021476 0.00021457 0.00021473 0.00021475 0.00021476 0.00021472 0.00021465 0.00021471 0.00021477 0.00021469 0.00021477 0.00021477 0.00021476 0.00021476 0.00021476 0.00021477 0.00021477 0.00021476 0.00021475 0.00021476 0.00021474 0.00021475 0.00021472 0.00021475 0.00021473 0.00021472 0.00021474 0.00021476 0.00021474 0.00021476 0.00021477 0.00021475 0.00021473 0.00021474 0.00021474 0.00021475 0.00021476 0.00021472 0.00021476 0.00021474 0.00021474 0.00021474 0.00021477 0.00021477 0.00021477 0.00021476 0.00021477 0.00021475
0.00021477 0.00021477 0.00021476 0.00021475 0.00021477 0.00021479 0.00021474 0.00021472 0.00021471 0.00021471 0.00021472 0.00021472 0.00021476 0.00021476 0.00021477 0.00021476 0.00021468 0.00021471 0.00021476 0.00021477 0.00021476 0.00021477 0.00021477 0.00021477 0.00021476 0.00021476 0.00021477 0.00021476 0.00021477 0.00021475 0.00021475 0.00021476 0.00021475 0.00021477 0.00021477 0.00021477 0.00021477 0.00021477 0.00021476 0.00021476 0.00021476 0.00021476 0.00021476 0.00021476 0.00021476 0.00021472 0.00021477 0.00021475 0.00021475 0.00021476 0.00021475 0.00021474 0.00021474 0.00021474 0.00021473 0.00021474 0.00021474 0.00021473 0.00021475 0.00021475 0.00021476 0.00021474 0.00021474 0.00021473 0.00021474 0.00021475 0.00021477 0.00021477 0.00021477 0.00021477 0.00021477 0.00021477 0.00021477 0.00021477 0.00021476 0.00021475 0.00021476 0.00021477 0.00021472 0.00021475 0.00021476 0.00021477 0.00021477 0.00021476 0.00021476 0.00021474 0.00021475 0.00021474 0.00021476 0.00021477 0.00021477 0.00021477 0.00021473 0.00021477 0.00021476 0.00021477 0.00021476 0.00021476 0.00021476 0.00021476 0.00021476 0.00021476 0.00021476 0.00021476 0.00021477 0.00021476 0.00021468 0.00021477 0.00021476 0.00021477 0.00021477 0.00021477 0.00021477 0.00021477 0.00021477 0.00021475 0.00021475 0.00021477 0.00021476 0.00021474 0.00021473 0.00021474 0.00021474 0.00021473 0.00021473 0.00021474 0.00021476 0.00021477 0.00021476 0.00021476 0.00021477 0.00021477 0.00021477 0.00021477 0.00021473 0.00021477 0.00021453 0.00021464 0.00021468 0.00021469 0.00021472 0.00021472 0.00021466 0.00021468 0.00021475 0.00021477 0.00021477 0.00021477 0.00021476 0.00021475 0.00021475 0.00021475 0.00021477 0.0002145 0.00021476 0.00021472 0.00021472 0.00021467 0.00021472 0.00021471 0.00021472 0.00021473 0.00021474 0.00021474 0.00021476 0.00021477 0.00021477 0.00021477 0.00021472 0.00021467 0.00021477 0.00021475 0.00021475 0.00021476 0.00021477 0.00021477 0.00021477 0.00021477 0.00021477 0.00021477
0.00021472 0.00021477 0.00021475 0.00021476 0.00021476 0.00021476 0.00021475 0.00021471 0.00021472 0.00021471 0.00021472 0.00021472 0.00021472 0.00021472 0.00021475 0.00021477 0.00021477 0.00021475 0.00021474 0.0002147 0.0002147 0.00021465 0.00021471 0.00021471 0.00021475 0.00021475 0.00021474 0.00021473 0.00021477 0.00021469 0.0002147 0.00021471 0.00021477 0.00021472 0.00021476 0.00021477 0.00021477 0.00021473 0.00021476 0.00021476 0.00021476 0.00021476 0.00021476 0.00021476 0.00021476 0.00021476 0.00021476 0.00021475 0.00021475 0.00021476 0.00021475 0.00021475 0.00021474 0.00021474 0.00021475 0.00021474 0.00021473 0.00021474 0.00021473 0.00021474 0.00021477 0.00021475 0.00021473 0.00021473 0.00021475 0.00021476 0.0002154 0.00021535 0.00021478 0.00021477 0.00021477 0.00021477 0.00021477 0.00021476 0.00021475 0.00021477 0.00021477 0.00021473 0.00021474 0.00021469 0.00021473 0.00021474 0.00021477 0.00021476 0.00021477 0.00021477 0.00021477 0.00021477 0.00021477 0.00021477 0.00021477 0.00021477 0.00021477 0.00021476 0.00021476 0.00021476 0.00021476 0.00021477 0.00021477 0.00021477 0.00021477 0.00021473 0.0002147 0.00021471 0.00021465 0.00021474 0.00021474 0.00021472 0.00021471 0.00021474 0.00021475 0.00021477 0.00021477 0.00021477 0.00021477 0.00021477 0.00021476 0.00021475 0.00021474 0.00021473 0.00021473 0.00021473 0.00021473 0.00021473 0.00021474 0.00021472 0.00021472 0.00021472 0.00021472 0.00021474 0.00021477 0.00021472 0.00021477 0.00021477 0.00021472 0.00021469 0.00021467 0.00021457 0.0002147 0.0002145 0.00021458 0.00021468 0.00021469 0.00021477 0.00021476 0.00021476 0.0002147 0.00021474 0.00021477 0.00021477 0.00021475 0.00021473 0.00021476 0.00021475 0.00021474 0.00021473 0.00021473 0.00021473 0.00021475 0.00021474 0.00021475 0.00021474 0.00021476 0.00021477 0.00021475 0.00021476 0.00021476 0.00021476 0.00021476 0.00021477 0.00021475 0.00021476 0.00021476 0.00021477 0.00021476 0.00021476 0.00021475 0.00021475 0.00021476 0.00021477
0.00021477 0.00021475 0.00021472 0.00021476 0.00021476 0.00021475 0.00021473 0.00021471 0.00021472 0.00021472 0.00021472 0.00021471 0.00021471 0.00021471 0.00021472 0.00021472 0.00021473 0.00021474 0.00021475 0.00021476 0.00021477 0.00021476 0.00021476 0.00021475 0.00021477 0.00021477 0.00021474 0.00021476 0.00021477 0.00021475 0.00021472 0.00021475 0.00021473 0.00021476 0.00021477 0.00021477 0.00021477 0.00021477 0.00021477 0.00021476 0.00021476 0.00021476 0.00021476 0.00021476 0.00021475 0.00021475 0.00021475 0.00021475 0.00021475 0.00021475 0.00021476 0.00021476 0.00021476 0.00021476 0.00021475 0.00021474 0.00021474 0.00021474 0.00021475 0.00021476 0.00021472 0.00021473 0.00021472 0.00021472 0.00021475 0.00021472 0.00021472 0.00021471 0.00021476 0.00021477 0.00021476 0.00021476 0.00021476 0.00021475 0.00021474 0.00021475 0.00021477 0.00021477 0.00021475 0.00021471 0.00021471 0.00021475 0.00021476 0.00021477 0.00021477 0.00021477 0.00021477 0.00021477 0.00021476 0.00021477 0.00021477 0.00021477 0.00021477 0.00021476 0.00021477 0.00021476 0.00021475 0.00021476 0.00021477 0.00021477 0.00021477 0.00021477 0.00021477 0.00021476 0.00021473 0.00021476 0.00021475 0.00021477 0.00021477 0.00021477 0.00021476 0.00021476 0.00021476 0.00021476 0.00021474 0.00021471 0.00021472 0.00021472 0.00021474 0.00021474 0.00021474 0.00021473 0.00021472 0.00021472 0.00021472 0.00021472 0.00021472 0.00021472 0.00021472 0.00021471 0.00021477 0.00021477 0.00021477 0.00021477 0.00021473 0.00021474 0.00021473 0.00021474 0.00021477 0.00021463 0.00021462 0.00021462 0.00021472 0.00021472 0.00021473 0.00021466 0.00021463 0.00021477 0.00021476 0.00021474 0.00021476 0.00021477 0.00021477 0.00021475 0.00021475 0.00021469 0.00021476 0.00021477 0.00021475 0.00021477 0.00021475 0.00021476 0.00021475 0.00021477 0.00021476 0.00021475 0.00021476 0.00021475 0.00021475 0.00021476 0.00021477 0.00021477 0.00021477 0.00021472 0.00021477 0.00021476 0.00021477 0.00021477 0.00021474 0.00021473
0.00021477 0.00021477 0.00021476 0.00021476 0.00021473 0.00021477 0.00021476 0.00021475 0.00021473 0.00021474 0.00021472 0.00021473 0.00021472 0.00021472 0.00021472 0.00021472 0.00021472 0.00021472 0.00021472 0.00021476 0.00021477 0.00021477 0.00021475 0.00021476 0.00021476 0.00021476 0.00021476 0.00021475 0.00021475 0.00021475 0.00021475 0.00021476 0.00021477 0.00021477 0.00021477 0.00021476 0.00021475 0.00021477 0.00021477 0.00021477 0.00021476 0.00021477 0.00021477 0.00021476 0.00021476 0.00021476 0.00021477 0.00021476 0.00021476 0.00021476 0.00021477 0.00021477 0.00021474 0.00021472 0.00021474 0.00021477 0.00021476 0.00021472 0.00021473 0.00021473 0.00021473 0.00021474 0.00021473 0.00021472 0.00021475 0.00021472 0.00021475 0.00021472 0.00021476 0.00021473 0.00021475 0.00021476 0.00021476 0.00021476 0.00021476 0.00021472 0.00021472 0.00021472 0.00021473 0.00021476 0.00021477 0.00021477 0.00021477 0.00021477 0.00021477 0.00021477 0.00021477 0.00021477 0.00021477 0.00021477 0.00021477 0.00021477 0.00021477 0.00021477 0.00021477 0.00021477 0.00021477 0.00021477 0.00021477 0.00021476 0.00021476 0.00021477 0.00021477 0.00021476 0.00021477 0.00021477 0.00021476 0.00021474 0.00021475 0.00021472 0.00021477 0.00021477 0.00021476 0.00021472 0.00021472 0.00021473 0.00021474 0.00021471 0.00021472 0.00021472 0.00021473 0.00021473 0.00021473 0.00021472 0.00021471 0.00021472 0.00021471 0.00021472 0.00021471 0.00021471 0.00021472 0.00021476 0.00021477 0.00021475 0.00021477 0.00021475 0.00021472 0.00021474 0.00021472 0.00021456 0.00021476 0.00021469 0.00021476 0.00021475 0.00021475 0.00021471 0.00021468 0.00021464 0.00021458 0.00021469 0.00021475 0.00021477 0.00021476 0.00021477 0.00021477 0.00021475 0.00021473 0.00021473 0.00021475 0.00021476 0.00021477 0.00021477 0.00021477 0.00021477 0.00021477 0.00021469 0.00021469 0.00021474 0.00021477 0.00021476 0.00021476 0.00021475 0.00021476 0.00021475 0.00021475 0.00021476 0.00021477 0.00021477 0.00021477 0.00021475
0.00021474 0.00021477 0.00021472 0.00021477 0.00021477 0.00021476 0.00021476 0.00021476 0.00021477 0.00021477 0.00021476 0.00021477 0.00021475 0.00021477 0.00021483 0.00021477 0.00021476 0.00021476 0.00021472 0.00021475 0.00021476 0.00021476 0.00021476 0.00021477 0.00021476 0.00021473 0.00021474 0.00021477 0.00021475 0.00021476 0.00021477 0.00021475 0.00021475 0.00021476 0.00021476 0.00021477 0.00021476 0.00021477 0.00021477 0.00021477 0.00021477 0.00021475 0.00021477 0.00021476 0.00021477 0.00021468 0.00021475 0.00021474 0.00021473 0.00021474 0.00021474 0.00021473 0.00021473 0.00021476 0.00021477 0.00021472 0.00021472 0.00021473 0.00021472 0.00021472 0.00021472 0.00021473 0.00021472 0.00021472 0.00021472 0.00021482 0.00021473 0.00021474 0.00021474 0.00021474 0.00021472 0.00021472 0.00021477 0.00021473 0.00021471 0.00021475 0.00021476 0.00021475 0.00021476 0.00021477 0.0002147 0.00021471 0.00021477 0.00021477 0.00021477 0.00021477 0.00021476 0.00021477 0.00021477 0.00021477 0.00021477 0.00021477 0.00021477 0.00021476 0.00021477 0.00021476 0.00021477 0.00021477 0.00021477 0.00021476 0.00021476 0.00021477 0.00021477 0.00021477 0.00021475 0.00021477 0.00021477 0.00021477 0.00021477 0.00021477 0.00021476 0.00021475 0.00021475 0.00021473 0.00021472 0.00021471 0.00021474 0.00021474 0.00021474 0.00021476 0.00021489 0.00021472 0.00021475 0.00021473 0.00021472 0.00021472 0.00021472 0.00021473 0.00021472 0.00021473 0.00021482 0.00021473 0.0002147 0.00021471 0.00021472 0.00021474 0.00021475 0.00021476 0.00021476 0.00021477 0.00021472 0.0002147 0.00021468 0.0002147 0.00021472 0.0002147 0.0002147 0.00021465 0.00021471 0.00021469 0.00021474 0.00021474 0.00021474 0.00021475 0.00021476 0.00021474 0.00021472 0.00021472 0.00021471 0.00021472 0.00021473 0.00021475 0.00021476 0.00021477 0.00021477 0.00021476 0.00021472 0.00021475 0.00021475 0.00021458 0.00021474 0.00021477 0.00021476 0.00021477 0.00021468 0.00021474 0.00021476 0.00021475 0.00021475 0.00021475
0.00021473 0.00021476 0.00021477 0.00021476 0.00021476 0.00021477 0.00021467 0.00021476 0.00021477 0.00021476 0.00021477 0.00021476 0.00021477 0.00021468 0.00021477 0.00021474 0.00021477 0.00021476 0.00021477 0.00021476 0.00021475 0.00021475 0.00021477 0.00021477 0.00021472 0.00021476 0.00021477 0.00021477 0.00021476 0.00021476 0.00021477 0.00021474 0.00021474 0.00021476 0.00021474 0.00021476 0.00021477 0.00021473 0.00021471 0.00021473 0.00021476 0.00021476 0.00021475 0.00021475 0.00021475 0.00021477 0.00021474 0.00021473 0.00021472 0.00021472 0.00021472 0.00021472 0.00021472 0.00021471 0.00021473 0.00021474 0.00021473 0.00021475 0.00021472 0.00021472 0.00021473 0.00021476 0.00021478 0.00021472 0.00021474 0.00021485 0.00021473 0.00021471 0.00021474 0.00021477 0.00021476 0.00021472 0.00021493 0.00021473 0.00021473 0.00021474 0.00021474 0.00021476 0.00021477 0.00021477 0.00021474 0.00021475 0.00021477 0.00021476 0.00021476 0.00021477 0.00021477 0.00021477 0.00021476 0.0002147 0.00021477 0.00021476 0.00021476 0.00021477 0.00021473 0.00021477 0.00021477 0.00021477 0.00021472 0.00021477 0.00021477 0.00021476 0.00021477 0.00021477 0.00021477 0.00021476 0.00021476 0.00021477 0.00021477 0.00021475 0.00021474 0.00021473 0.00021472 0.00021472 0.00021473 0.00021476 0.00021475 0.00021475 0.00021477 0.00021477 0.00021477 0.00021477 0.00021475 0.00021472 0.00021474 0.00021478 0.00021483 0.00021478 0.00021484 0.00021502 0.00021479 0.00021477 0.00021472 0.00021472 0.00021471 0.00021473 0.00021476 0.00021469 0.00021457 0.00021465 0.00021472 0.00021473 0.00021457 0.00021457 0.00021477 0.00021466 0.00021469 0.00021452 0.00021468 0.00021474 0.00021467 0.00021469 0.00021476 0.00021476 0.00021475 0.00021473 0.00021472 0.00021472 0.00021472 0.00021472 0.00021472 0.00021472 0.00021473 0.00021475 0.00021477 0.00021477 0.00021474 0.00021474 0.00021476 0.00021474 0.00021476 0.00021462 0.00021475 0.00021476 0.00021475 0.00021477 0.00021476 0.00021477 0.00021475 0.00021474
0.00021474 0.00021474 0.00021472 0.00021471 0.00021474 0.00021474 0.00021477 0.00021476 0.00021471 0.00021472 0.00021474 0.00021472 0.00021473 0.00021475 0.00021469 0.00021471 0.00021477 0.00021476 0.00021477 0.00021476 0.00021472 0.00021477 0.00021477 0.00021477 0.00021469 0.00021476 0.00021477 0.00021477 0.00021477 0.0002147 0.00021459 0.00021474 0.00021476 0.00021475 0.00021476 0.00021476 0.00021476 0.00021476 0.00021475 0.00021475 0.00021473 0.00021477 0.00021477 0.00021476 0.00021475 0.00021477 0.00021476 0.00021476 0.00021475 0.00021472 0.00021472 0.00021471 0.00021472 0.00021472 0.00021474 0.00021477 0.00021477 0.00021477 0.00021476 0.00021475 0.00021476 0.00021494 0.00021473 0.00021476 0.0002149 0.00021521 0.00021501 0.00021472 0.00022 0.00021469 0.00021571 0.00021471 0.00021476 0.00021473 0.00021475 0.00021473 0.00021482 0.00021472 0.00021472 0.00021487 0.00021489 0.00021473 0.00021477 0.00021477 0.00021476 0.00021477 0.00021477 0.00021477 0.00021477 0.00021477 0.00021477 0.00021476 0.00021477 0.00021476 0.00021476 0.00021475 0.00021476 0.00021476 0.00021477 0.00021476 0.00021474 0.00021475 0.00021475 0.00021476 0.00021476 0.00021476 0.00021476 0.00021475 0.00021474 0.00021473 0.00021472 0.00021471 0.00021472 0.00021474 0.00021472 0.00021472 0.00021471 0.00021471 0.00021472 0.00021472 0.00021472 0.00021471 0.0002148 0.00021513 0.00021571 0.00021566 0.00021575 0.00021571 0.00021573 0.0002169 0.00021504 0.00021489 0.00021477 0.0002149 0.0002148 0.00021476 0.00021474 0.00021473 0.00021468 0.00021477 0.00021472 0.00021474 0.00021471 0.00021473 0.00021477 0.00021476 0.00021473 0.00021469 0.00021469 0.00021474 0.00021477 0.00021477 0.00021476 0.00021477 0.00021475 0.00021477 0.00021473 0.00021477 0.00021473 0.00021476 0.00021473 0.00021472 0.00021473 0.00021475 0.00021477 0.00021477 0.00021475 0.00021475 0.00021476 0.00021475 0.00021471 0.00021468 0.00021475 0.00021476 0.00021474 0.00021476 0.00021476 0.00021476 0.00021477 0.00021475
0.00021474 0.00021473 0.00021472 0.00021472 0.00021476 0.00021476 0.00021477 0.00021477 0.00021476 0.00021477 0.00021477 0.00021477 0.00021477 0.00021477 0.00021475 0.00021477 0.00021476 0.00021477 0.00021477 0.00021477 0.00021475 0.00021465 0.00021465 0.00021472 0.00021465 0.00021477 0.00021477 0.00021477 0.00021477 0.00021477 0.00021476 0.00021475 0.00021475 0.00021476 0.00021475 0.00021477 0.00021477 0.00021476 0.0002147 0.00021468 0.0002147 0.00021468 0.00021467 0.00021471 0.00021477 0.00021476 0.00021475 0.00021477 0.00021475 0.00021473 0.00021472 0.00021472 0.00021471 0.00021475 0.00021476 0.00021471 0.00021476 0.0002147 0.00021475 0.00021473 0.00021477 0.00021514 0.00021563 0.00021487 0.00021475 0.0002226 0.00022289 0.00022444 0.00022261 0.00022281 0.00022286 0.00021667 0.00021474 0.00021474 0.00021491 0.00021472 0.00021474 0.00021474 0.00021472 0.00021471 0.00021474 0.00021476 0.00021476 0.00021476 0.00021476 0.00021477 0.00021477 0.00021477 0.00021477 0.00021476 0.00021477 0.00021477 0.00021476 0.00021477 0.00021477 0.00021474 0.00021473 0.00021477 0.00021477 0.00021477 0.00021477 0.00021477 0.00021474 0.00021476 0.00021474 0.00021476 0.00021475 0.00021474 0.00021473 0.00021472 0.00021472 0.00021474 0.00021482 0.00021499 0.000215 0.0002153 0.00021563 0.00021612 0.00021639 0.00021822 0.0002207 0.00022225 0.00022312 0.00022413 0.0002256 0.00022294 0.00022082 0.00022058 0.0002255 0.0002179 0.00021605 0.0002156 0.0002152 0.00021484 0.00021501 0.0002149 0.00021476 0.00021472 0.00021472 0.00021475 0.00021476 0.00021477 0.00021477 0.00021477 0.00021469 0.00021474 0.00021476 0.00021476 0.00021477 0.00021476 0.00021474 0.00021474 0.00021481 0.00021472 0.00021476 0.00021476 0.00021474 0.00021472 0.00021475 0.00021472 0.00021474 0.00021476 0.00021477 0.00021476 0.00021477 0.00021476 0.00021477 0.00021477 0.00021476 0.00021477 0.00021477 0.00021474 0.00021477 0.00021477 0.00021475 0.00021476 0.00021477 0.00021476 0.00021476 0.00021474
0.00021473 0.00021476 0.00021475 0.00021472 0.00021473 0.00021476 0.00021475 0.00021474 0.00021474 0.00021476 0.00021475 0.00021477 0.00021477 0.00021477 0.00021477 0.00021477 0.00021477 0.00021476 0.00021477 0.00021477 0.00021477 0.00021473 0.00021468 0.00021477 0.00021476 0.00021477 0.00021472 0.00021477 0.00021477 0.00021477 0.00021476 0.00021477 0.00021477 0.00021474 0.00021476 0.00021476 0.00021476 0.00021473 0.00021468 0.00021467 0.00021464 0.00021468 0.00021475 0.00021477 0.00021477 0.00021477 0.00021476 0.00021476 0.00021472 0.00021505 0.00021477 0.00021477 0.00021476 0.00021477 0.00021476 0.00021473 0.00021474 0.00021477 0.00021476 0.00021474 0.00021476 0.00021532 0.00021564 0.00021625 0.00022829 0.0002259 0.00022337 0.00022345 0.00022381 0.00022407 0.00022386 0.00022211 0.00021775 0.00021557 0.00021472 0.00021472 0.00021472 0.00021481 0.00021473 0.00021472 0.00021472 0.00021472 0.00021472 0.00021474 0.00021476 0.00021473 0.00021474 0.00021477 0.00021476 0.00021476 0.00021477 0.00021477 0.00021477 0.00021476 0.00021476 0.00021475 0.00021477 0.00021477 0.00021477 0.00021477 0.00021477 0.00021477 0.00021476 0.00021466 0.00021476 0.00021477 0.00021476 0.00021474 0.00021473 0.00021472 0.00021474 0.00021481 0.00021511 0.00021569 0.00021618 0.00021764 0.00022124 0.00022352 0.00022942 0.00023702 0.00024319 0.00024782 0.0002498 0.00025057 0.00025096 0.00024612 0.00024433 0.00024518 0.00024537 0.00024404 0.00023375 0.00021825 0.00021839 0.00022074 0.00021498 0.00021536 0.00021541 0.0002149 0.00021475 0.00021475 0.00021474 0.00021477 0.00021476 0.00021477 0.00021477 0.00021473 0.00021477 0.00021477 0.00021477 0.00021477 0.00021477 0.00021475 0.00021472 0.00021472 0.00021487 0.00021474 0.00021475 0.00021468 0.00021472 0.00021474 0.00021473 0.00021473 0.00021473 0.00021476 0.00021477 0.00021477 0.00021476 0.00021477 0.00021475 0.00021477 0.00021476 0.00021476 0.00021468 0.00021468 0.00021476 0.00021476 0.00021476 0.00021475 0.00021473 0.00021473
0.00021474 0.00021475 0.00021477 0.00021476 0.00021472 0.00021473 0.00021474 0.00021477 0.00021472 0.00021476 0.00021477 0.00021477 0.00021477 0.00021476 0.00021477 0.00021477 0.00021477 0.00021474 0.00021477 0.00021477 0.00021477 0.00021474 0.00021466 0.00021461 0.00021451 0.00021476 0.00021474 0.00021477 0.00021477 0.00021477 0.00021477 0.00021476 0.00021477 0.00021477 0.00021477 0.00021477 0.00021477 0.00021476 0.00021473 0.00021453 0.00021452 0.00021446 0.00021459 0.00021477 0.00021477 0.00021477 0.00021476 0.00021477 0.00021473 0.00021489 0.00021477 0.00021477 0.00021473 0.00021468 0.00021476 0.00021472 0.00021474 0.00021474 0.00021476 0.00021476 0.00021477 0.00021477 0.00021581 0.00022191 0.00022566 0.00022264 0.00022459 0.00022376 0.00022374 0.00022365 0.00022367 0.00022389 0.00021779 0.0002182 0.00021997 0.0002242 0.00021472 0.00021473 0.00021472 0.00021472 0.00021471 0.00021472 0.00021475 0.00021476 0.00021477 0.00021473 0.00021477 0.00021477 0.00021476 0.00021476 0.00021477 0.00021476 0.00021476 0.00021475 0.00021477 0.00021476 0.00021477 0.00021477 0.00021477 0.00021476 0.00021476 0.00021477 0.00021476 0.00021477 0.00021477 0.00021477 0.00021475 0.00021473 0.00021472 0.00021471 0.00021492 0.00021513 0.0002153 0.00021687 0.00021908 0.00022393 0.00022989 0.000238 0.00024588 0.00025397 0.00025642 0.00025951 0.00026052 0.00026183 0.00026166 0.00026176 0.0002607 0.00026074 0.00025988 0.00025838 0.00026063 0.00025636 0.00022964 0.00022896 0.00021959 0.00021602 0.00021479 0.00021477 0.00021474 0.00021472 0.00021474 0.00021477 0.00021471 0.00021477 0.00021473 0.00021476 0.00021477 0.00021474 0.00021476 0.00021476 0.00021473 0.00021473 0.00021474 0.00021475 0.00021477 0.00021474 0.00021474 0.00021473 0.00021474 0.00021473 0.00021474 0.00021477 0.00021476 0.00021474 0.00021474 0.00021476 0.00021477 0.00021474 0.00021477 0.00021475 0.00021477 0.00021476 0.00021477 0.00021475 0.00021476 0.00021477 0.00021477 0.00021476 0.00021475 0.00021474
0.00021476 0.00021477 0.00021477 0.00021476 0.00021472 0.00021474 0.00021478 0.00021474 0.00021474 0.00021476 0.00021477 0.00021476 0.00021476 0.00021474 0.00021476 0.00021475 0.00021474 0.00021475 0.0002146 0.00021467 0.00021473 0.00021476 0.00021463 0.00021459 0.00021473 0.0002147 0.00021475 0.00021477 0.00021477 0.00021477 0.00021477 0.00021477 0.00021477 0.00021453 0.00021452 0.00021459 0.00021467 0.00021466 0.00021468 0.00021453 0.00021446 0.00021449 0.00021455 0.00021474 0.00021477 0.00021477 0.00021477 0.00021477 0.00021477 0.00021477 0.00021476 0.00021473 0.00021464 0.00021458 0.00021466 0.00021474 0.00021474 0.00021474 0.00021477 0.00021476 0.00021485 0.00021516 0.00021556 0.00021681 0.00022279 0.00022753 0.00022423 0.00022453 0.00022387 0.0002257 0.00022596 0.00022251 0.00021948 0.00021479 0.00021553 0.00021472 0.00021471 0.00021474 0.00021473 0.00021472 0.00021472 0.00021472 0.00021474 0.00021476 0.00021476 0.00021477 0.00021477 0.00021476 0.00021473 0.00021476 0.00021477 0.00021477 0.00021473 0.00021472 0.00021476 0.00021477 0.00021472 0.00021475 0.00021476 0.00021476 0.00021476 0.00021476 0.00021477 0.00021476 0.00021475 0.00021477 0.00021477 0.00021473 0.00021472 0.00021476 0.00021472 0.00021491 0.00021641 0.00022031 0.00022912 0.0002379 0.00024604 0.00025092 0.0002568 0.00025985 0.00026303 0.00026373 0.00026306 0.00026298 0.00025768 0.00026129 0.0002618 0.00026233 0.00026167 0.00026142 0.00026156 0.00026166 0.00026018 0.00025617 0.00024019 0.00022779 0.0002157 0.00021477 0.00021492 0.00021472 0.00021477 0.00021473 0.00021476 0.00021476 0.00021475 0.00021474 0.00021477 0.00021477 0.00021475 0.00021474 0.00021477 0.00021476 0.00021476 0.00021476 0.00021477 0.00021474 0.00021475 0.00021477 0.00021477 0.00021477 0.00021455 0.00021474 0.00021476 0.00021477 0.00021477 0.00021476 0.00021473 0.00021472 0.00021475 0.00021471 0.00021472 0.00021474 0.00021474 0.00021477 0.00021475 0.0002147 0.00021473 0.00021476 0.00021477 0.00021477
0.00021475 0.00021477 0.00021477 0.00021477 0.00021475 0.00021471 0.00021476 0.00021477 0.00021476 0.00021477 0.00021476 0.00021477 0.00021459 0.00021477 0.00021464 0.00021469 0.00021443 0.00021453 0.00021473 0.00021469 0.00021476 0.00021466 0.00021473 0.00021476 0.00021476 0.00021477 0.00021474 0.00021477 0.00021477 0.00021477 0.00021477 0.00021477 0.00021477 0.00021471 0.00021467 0.0002147 0.00021474 0.00021475 0.00021475 0.0002147 0.0002146 0.00021456 0.00021466 0.00021469 0.00021465 0.00021476 0.00021476 0.00021476 0.00021475 0.00021475 0.0002147 0.00021467 0.00021457 0.00021457 0.00021456 0.00021466 0.00021472 0.00021472 0.00021477 0.00021476 0.00021472 0.00021472 0.00021472 0.00021543 0.00021532 0.00022467 0.00022735 0.0002269 0.00022607 0.00022718 0.00022648 0.00022385 0.00022123 0.00021496 0.00021525 0.00021515 0.00021472 0.00021472 0.00021474 0.00021477 0.00021473 0.00021475 0.00021475 0.00021476 0.00021477 0.00021477 0.00021477 0.00021477 0.00021475 0.00021476 0.00021476 0.00021475 0.00021472 0.00021476 0.00021477 0.00021473 0.00021476 0.00021475 0.00021477 0.00021475 0.00021476 0.00021472 0.00021475 0.00021477 0.00021472 0.00021472 0.00021475 0.00021473 0.00021472 0.00021472 0.00021472 0.00021476 0.00021567 0.00021755 0.00024512 0.00025765 0.00026073 0.00026361 0.00026344 0.00026288 0.0002608 0.00026224 0.00026344 0.0002632 0.00026156 0.00025978 0.00025818 0.00026082 0.00026182 0.00026121 0.00026129 0.00026012 0.00026021 0.0002596 0.00025524 0.0002444 0.00023106 0.0002179 0.00021533 0.00021494 0.00021484 0.00021477 0.00021472 0.00021476 0.00021472 0.00021472 0.00021476 0.00021473 0.00021474 0.00021474 0.00021474 0.00021477 0.00021477 0.00021477 0.00021476 0.00021477 0.00021477 0.00021475 0.00021469 0.00021477 0.00021474 0.00021473 0.00021477 0.00021476 0.00021476 0.00021472 0.00021474 0.00021472 0.00021471 0.00021472 0.00021472 0.00021472 0.00021477 0.00021477 0.00021475 0.00021477 0.00021477 0.00021476 0.00021477 0.00021477
0.00021477 0.00021477 0.00021477 0.00021477 0.00021476 0.00021476 0.00021475 0.00021475 0.00021474 0.00021476 0.00021475 0.00021477 0.00021475 0.00021472 0.00021473 0.00021473 0.00021475 0.00021472 0.00021476 0.00021477 0.00021476 0.00021477 0.00021474 0.00021475 0.00021477 0.00021477 0.00021477 0.00021477 0.00021477 0.00021477 0.00021476 0.00021476 0.00021476 0.00021474 0.00021474 0.00021473 0.00021474 0.00021474 0.00021475 0.00021475 0.00021471 0.00021469 0.00021472 0.00021471 0.0002147 0.00021473 0.00021473 0.0002147 0.00021466 0.0002146 0.00021458 0.00021458 0.00021456 0.00021436 0.00021426 0.00021469 0.00021475 0.00021476 0.00021477 0.00021475 0.00021472 0.00021473 0.00021473 0.00021477 0.0002149 0.00021858 0.00022235 0.00023699 0.0002345 0.00022967 0.00022794 0.00022548 0.00021726 0.00021575 0.00021507 0.00021546 0.00021473 0.00021473 0.00021474 0.00021489 0.00021476 0.00021475 0.00021477 0.00021477 0.00021477 0.00021477 0.00021477 0.00021475 0.00021475 0.00021476 0.00021477 0.00021476 0.00021474 0.00021476 0.00021477 0.00021477 0.00021476 0.00021477 0.00021476 0.00021475 0.00021463 0.00021475 0.00021477 0.00021477 0.00021475 0.00021477 0.00021475 0.00021473 0.00021472 0.00021471 0.00021472 0.00021471 0.0002157 0.00022611 0.00025806 0.00026132 0.00026364 0.00026342 0.00026322 0.00026373 0.00026359 0.00026372 0.00026369 0.00026368 0.00026327 0.00026373 0.00026362 0.00026152 0.0002606 0.00026291 0.00026118 0.00026055 0.00026055 0.00025969 0.00025505 0.0002519 0.00023822 0.00022172 0.00021597 0.00021522 0.00021484 0.00021498 0.00021477 0.00021472 0.00021472 0.00021474 0.00021473 0.00021475 0.00021476 0.00021474 0.00021476 0.00021477 0.00021475 0.00021477 0.00021477 0.00021476 0.00021474 0.00021475 0.00021467 0.0002144 0.00021476 0.00021473 0.00021477 0.00021472 0.00021472 0.00021472 0.00021476 0.00021472 0.00021475 0.00021475 0.00021472 0.00021473 0.00021477 0.00021477 0.00021477 0.00021469 0.0002147 0.00021477 0.00021477 0.00021477
0.00021473 0.00021477 0.00021472 0.00021475 0.00021473 0.00021476 0.00021475 0.00021475 0.00021477 0.00021477 0.00021474 0.00021475 0.00021473 0.00021469 0.00021475 0.00021475 0.00021477 0.00021477 0.00021477 0.00021477 0.00021472 0.00021475 0.00021477 0.00021477 0.00021474 0.00021477 0.00021477 0.00021477 0.00021471 0.00021475 0.00021473 0.00021476 0.00021476 0.00021472 0.00021473 0.00021472 0.00021473 0.00021474 0.00021476 0.00021477 0.00021469 0.00021463 0.00021417 0.00021422 0.0002146 0.0002147 0.00021466 0.00021459 0.0002146 0.0002145 0.00021446 0.00021446 0.00021442 0.00021446 0.00021448 0.00021471 0.00021472 0.00021475 0.00021476 0.00021477 0.00021477 0.00021477 0.00021473 0.00021477 0.00021503 0.00021491 0.0002165 0.00021745 0.00021872 0.00021984 0.00021827 0.000218 0.00021513 0.00021579 0.00021528 0.00021472 0.00021473 0.00021472 0.00021472 0.00021472 0.00021474 0.00021564 0.00021477 0.00021476 0.00021477 0.00021477 0.00021477 0.00021475 0.00021475 0.00021477 0.00021477 0.00021476 0.00021476 0.00021476 0.00021477 0.00021477 0.00021476 0.00021477 0.00021476 0.00021476 0.00021476 0.00021477 0.00021475 0.00021469 0.00021471 0.00021476 0.00021476 0.00021474 0.00021474 0.00021472 0.00021472 0.00021472 0.00021675 0.00024248 0.00026029 0.00026367 0.00026365 0.00026303 0.00026359 0.00026358 0.00026373 0.00026372 0.00026331 0.00026373 0.00026372 0.00026176 0.00026247 0.0002621 0.0002631 0.00026201 0.00026103 0.00026077 0.00025945 0.00025692 0.00024708 0.00024582 0.00023868 0.00022568 0.00021632 0.00021592 0.00021523 0.00021538 0.00021485 0.0002148 0.00021473 0.00021471 0.00021473 0.00021474 0.00021474 0.00021473 0.00021472 0.00021474 0.00021474 0.00021477 0.00021477 0.00021477 0.00021474 0.00021474 0.00021475 0.00021475 0.00021472 0.00021473 0.00021477 0.00021471 0.00021472 0.00021472 0.00021472 0.00021472 0.00021475 0.00021474 0.00021474 0.00021473 0.00021472 0.00021477 0.00021477 0.00021472 0.00021477 0.00021477 0.00021475 0.00021476
0.00021472 0.00021473 0.00021472 0.00021472 0.00021471 0.00021476 0.00021476 0.00021476 0.00021472 0.00021475 0.00021548 0.00021506 0.00021475 0.00021475 0.00021477 0.00021477 0.00021471 0.00021475 0.00021471 0.00021476 0.00021471 0.00021477 0.00021477 0.00021477 0.00021475 0.00021455 0.0002147 0.00021474 0.00021476 0.0002147 0.00021467 0.00021472 0.00021469 0.00021469 0.00021463 0.0002147 0.00021472 0.00021474 0.00021475 0.0002138 0.00021352 0.00021335 0.0002108 0.0002103 0.00021046 0.00021366 0.00021366 0.00021367 0.00021424 0.00021442 0.00021427 0.00021448 0.00021435 0.00021444 0.00021442 0.00021445 0.00021449 0.00021466 0.00021477 0.00021477 0.00021473 0.00021461 0.00021476 0.00021471 0.00021472 0.00021489 0.00021485 0.00021527 0.00021663 0.00021702 0.00021666 0.00021516 0.00021577 0.00021476 0.00021477 0.00021477 0.00021472 0.00021618 0.00021472 0.00021474 0.00021472 0.00021473 0.00021476 0.00021476 0.00021477 0.00021477 0.00021476 0.00021474 0.00021474 0.00021475 0.00021477 0.00021475 0.00021477 0.00021477 0.00021476 0.00021476 0.00021475 0.00021477 0.00021477 0.00021477 0.00021475 0.00021476 0.00021468 0.00021461 0.00021475 0.00021477 0.00021477 0.00021473 0.00021473 0.00021472 0.00021471 0.00021475 0.0002165 0.00024297 0.00025773 0.00026368 0.00026369 0.0002614 0.00026373 0.00026373 0.00026373 0.00026363 0.00026368 0.00026346 0.00026359 0.00026169 0.00026307 0.00026329 0.00026251 0.00026308 0.0002621 0.00026051 0.00025509 0.0002491 0.00024583 0.00024266 0.00023426 0.0002238 0.00021906 0.00021607 0.00021738 0.00021475 0.00021472 0.00021475 0.00021476 0.00021476 0.00021473 0.00021472 0.00021472 0.00021472 0.00021472 0.00021472 0.00021472 0.00021477 0.00021477 0.00021477 0.00021475 0.00021477 0.00021477 0.00021476 0.00021476 0.00021476 0.00021476 0.00021473 0.00021472 0.00021473 0.00021472 0.00021473 0.00021477 0.00021475 0.00021475 0.00021476 0.00021475 0.00021476 0.00021476 0.00021475 0.00021476 0.00021474 0.00021472 0.00021475
0.00021473 0.00021472 0.00021474 0.00021477 0.00021472 0.00021476 0.00021474 0.00021475 0.00021476 0.00021477 0.00021481 0.00021482 0.00021477 0.00021476 0.00021476 0.00021477 0.00021476 0.00021476 0.00021477 0.00021477 0.00021476 0.00021474 0.00021476 0.00021476 0.00021477 0.00021477 0.00021476 0.00021473 0.00021475 0.00021474 0.00021472 0.00021381 0.00021448 0.00021463 0.00021463 0.00021468 0.00021471 0.0002147 0.00021448 0.0002144 0.00021405 0.00021283 0.00021239 0.00021251 0.00021297 0.00021312 0.000213 0.00021329 0.00021259 0.00021377 0.00021427 0.00021429 0.00021431 0.00021437 0.00021445 0.00021446 0.00021456 0.00021466 0.00021468 0.00021476 0.00021476 0.00021477 0.00021472 0.00021475 0.00021475 0.00021477 0.00021471 0.00021595 0.00021549 0.0002155 0.00021549 0.00021544 0.00021484 0.00021474 0.0002148 0.00021475 0.00021473 0.00021471 0.00021472 0.00021472 0.00021472 0.00021472 0.00021473 0.00021475 0.00021476 0.00021477 0.00021475 0.00021472 0.00021475 0.00021475 0.00021474 0.00021473 0.00021474 0.00021477 0.00021475 0.00021477 0.00021477 0.00021477 0.00021477 0.00021476 0.00021475 0.00021477 0.00021473 0.00021474 0.00021473 0.00021472 0.00021477 0.00021474 0.00021472 0.00021472 0.00021472 0.0002149 0.00021696 0.00023122 0.00025588 0.00026373 0.00026347 0.00026368 0.00026321 0.00026372 0.00026348 0.0002637 0.00026354 0.00026346 0.00026371 0.00026306 0.00026372 0.00026329 0.00026355 0.00026238 0.000261 0.00025715 0.00025063 0.00024669 0.0002405 0.00023644 0.00023325 0.00022834 0.00021848 0.00021515 0.00021493 0.00021472 0.00021472 0.00021472 0.00021472 0.00021471 0.00021477 0.00021472 0.00021476 0.00021472 0.00021472 0.00021471 0.00021473 0.00021475 0.00021477 0.00021475 0.00021477 0.00021477 0.00021475 0.00021476 0.00021477 0.00021477 0.00021477 0.00021477 0.00021475 0.00021474 0.00021471 0.00021472 0.00021475 0.00021475 0.00021474 0.00021476 0.00021473 0.00021474 0.00021473 0.00021476 0.00021475 0.00021473 0.00021472 0.00021471
0.00021472 0.00021472 0.00021472 0.00021475 0.00021488 0.00021474 0.00021472 0.00021477 0.00021473 0.00021458 0.00021446 0.00021474 0.00021472 0.00021476 0.00021474 0.00021474 0.00021474 0.00021474 0.00021475 0.00021476 0.00021476 0.00021476 0.00021477 0.00021477 0.00021477 0.00021473 0.00021474 0.00021465 0.00021462 0.00021474 0.00021472 0.00021443 0.0002145 0.00021419 0.00021454 0.00021407 0.00021441 0.0002128 0.00021295 0.00021438 0.00021273 0.00021162 0.00021332 0.00021336 0.00021326 0.00021321 0.00021342 0.00021403 0.00021352 0.00021349 0.00021328 0.00021385 0.00021427 0.00021451 0.00021452 0.00021456 0.00021452 0.00021469 0.00021472 0.00021469 0.00021468 0.00021477 0.00021477 0.00021476 0.00021472 0.00021472 0.00021474 0.00021478 0.00021477 0.000215 0.00021474 0.00021477 0.00021478 0.00021488 0.00021478 0.00021473 0.00021472 0.00021472 0.00021472 0.00021472 0.00021474 0.00021475 0.00021477 0.00021485 0.00021475 0.00021476 0.00021476 0.00021477 0.00021472 0.00021476 0.00021474 0.00021473 0.00021474 0.00021475 0.00021477 0.00021476 0.00021477 0.00021477 0.00021476 0.00021477 0.00021475 0.00021474 0.00021472 0.00021475 0.00021476 0.00021476 0.00021473 0.00021476 0.00021473 0.00021471 0.00021472 0.00021473 0.00021501 0.00022544 0.00024252 0.00026286 0.00026344 0.00026213 0.00025937 0.00026373 0.00026373 0.00026371 0.00026313 0.00026356 0.00026337 0.00026354 0.00026304 0.00026333 0.00026316 0.00026277 0.00026195 0.00025449 0.0002452 0.00024103 0.00023499 0.00023131 0.00022501 0.0002188 0.00021629 0.00021518 0.00021472 0.00021472 0.00021473 0.00021473 0.00021475 0.00021473 0.00021471 0.00021471 0.00021472 0.00021472 0.00021471 0.00021472 0.00021473 0.00021473 0.00021475 0.00021474 0.00021472 0.00021474 0.00021475 0.00021476 0.00021477 0.00021477 0.00021475 0.00021474 0.00021476 0.00021475 0.00021471 0.00021474 0.00021474 0.00021473 0.00021472 0.00021472 0.00021472 0.00021472 0.00021474 0.00021475 0.00021472 0.00021473 0.00021472 0.00021482
0.00021472 0.00021488 0.00021472 0.00021477 0.00021473 0.00021477 0.00021477 0.00021477 0.00021475 0.00021458 0.00021453 0.00021474 0.00021476 0.00021476 0.00021474 0.00021475 0.00021474 0.00021468 0.00021476 0.00021476 0.00021477 0.00021477 0.00021477 0.00021477 0.00021471 0.00021474 0.00021472 0.00021469 0.00021453 0.00021458 0.00021446 0.0002144 0.00021445 0.0002143 0.00021438 0.00021445 0.00021406 0.00021266 0.00021281 0.00021274 0.00021198 0.00021329 0.00021393 0.00021385 0.00021357 0.0002138 0.00021364 0.00021371 0.00021393 0.00021397 0.00021384 0.000213 0.00021378 0.00021445 0.00021458 0.00021465 0.00021465 0.00021465 0.00021466 0.00021468 0.00021472 0.00021475 0.00021474 0.00021474 0.00021474 0.00021477 0.00021476 0.00021474 0.00021474 0.00021477 0.00021475 0.00021489 0.00021472 0.00021472 0.00021472 0.00021472 0.00021472 0.00021472 0.00021477 0.00021471 0.00021474 0.00021476 0.00021475 0.00021476 0.00021475 0.00021477 0.00021477 0.00021477 0.00021476 0.00021476 0.00021475 0.00021474 0.00021475 0.00021477 0.00021477 0.00021477 0.00021476 0.00021473 0.00021477 0.00021476 0.00021476 0.00021469 0.00021471 0.00021476 0.00021477 0.00021477 0.00021477 0.00021476 0.00021472 0.00021473 0.00021473 0.00021471 0.00021475 0.00021487 0.00022338 0.0002422 0.0002637 0.00026332 0.00026136 0.00026063 0.00026373 0.00026373 0.00026137 0.00026179 0.0002632 0.00026346 0.0002633 0.00026288 0.00026313 0.00026246 0.00025734 0.00023927 0.00023082 0.00023103 0.00022766 0.00022345 0.00022466 0.00021861 0.0002181 0.00021758 0.00021485 0.00021471 0.00021477 0.00021474 0.00021475 0.00021474 0.00021473 0.00021472 0.00021472 0.00021471 0.00021472 0.00021473 0.00021477 0.00021477 0.00021477 0.00021475 0.00021477 0.00021477 0.00021476 0.00021475 0.00021476 0.00021477 0.00021476 0.00021474 0.00021476 0.00021476 0.00021477 0.00021475 0.00021475 0.00021477 0.00021471 0.00021471 0.00021473 0.00021474 0.00021472 0.00021472 0.00021479 0.00021474 0.00021472 0.00021476
0.00021472 0.00021473 0.00021477 0.00021477 0.00021477 0.00021471 0.00021476 0.00021459 0.00021459 0.00021473 0.00021472 0.00021475 0.00021476 0.00021475 0.00021472 0.00021476 0.00021474 0.00021473 0.00021476 0.00021476 0.00021475 0.00021477 0.00021477 0.00021477 0.00021475 0.00021471 0.00021471 0.00021467 0.00021461 0.00021451 0.00021444 0.00021397 0.00021422 0.00021408 0.00021384 0.00021397 0.0002134 0.00021223 0.000212 0.00021087 0.00021131 0.00021333 0.00021407 0.00021378 0.00021427 0.00021385 0.0002144 0.00021444 0.00021431 0.00021433 0.00021395 0.0002131 0.00021207 0.00021389 0.00021444 0.00021464 0.00021463 0.00021466 0.00021467 0.00021467 0.00021474 0.00021477 0.00021477 0.00021474 0.00021473 0.00021473 0.00021473 0.00021473 0.00021474 0.00021475 0.00021473 0.00021474 0.00021473 0.00021472 0.00021475 0.00021472 0.00021475 0.00021471 0.00021471 0.00021472 0.00021472 0.00021473 0.00021472 0.00021475 0.00021475 0.00021476 0.00021476 0.00021477 0.00021477 0.00021476 0.00021476 0.00021477 0.00021477 0.00021476 0.00021477 0.00021476 0.00021477 0.00021476 0.00021477 0.00021474 0.00021475 0.00021473 0.00021469 0.00021473 0.00021476 0.00021477 0.00021477 0.00021476 0.00021475 0.00021473 0.00021474 0.00021475 0.00021476 0.00021473 0.00021475 0.00022002 0.00025183 0.00026232 0.00026373 0.00026267 0.00026276 0.00026037 0.00026356 0.00026302 0.00026356 0.00026354 0.00026278 0.00026263 0.00025715 0.00024761 0.00024159 0.00022803 0.00022063 0.0002198 0.00021929 0.00021913 0.0002213 0.00021976 0.00021675 0.00021627 0.00021509 0.00021471 0.00021474 0.00021475 0.00021476 0.00021476 0.00021475 0.00021475 0.00021474 0.00021473 0.00021473 0.00021475 0.00021476 0.00021477 0.00021475 0.00021473 0.00021475 0.00021474 0.00021477 0.00021476 0.00021477 0.00021476 0.00021477 0.00021477 0.00021477 0.00021477 0.00021476 0.00021474 0.00021473 0.00021476 0.00021474 0.00021471 0.00021476 0.00021473 0.00021473 0.00021472 0.00021472 0.00021472 0.00021474 0.00021474
0.00021471 0.00021476 0.00021477 0.00021477 0.00021474 0.00021475 0.00021465 0.00021474 0.00021475 0.00021474 0.00021476 0.00021476 0.00021477 0.00021476 0.00021474 0.00021474 0.00021474 0.00021477 0.00021477 0.00021476 0.00021477 0.00021477 0.00021477 0.00021476 0.00021475 0.00021474 0.00021471 0.00021466 0.00021457 0.00021444 0.00021429 0.0002142 0.00021417 0.00021373 0.00021359 0.00021403 0.0002133 0.00021193 0.00021215 0.00021084 0.00021241 0.00021336 0.00021373 0.00021416 0.0002143 0.00021441 0.00021442 0.00021452 0.00021451 0.00021456 0.0002141 0.00021309 0.0002135 0.0002136 0.00021374 0.00021371 0.00021453 0.0002147 0.00021469 0.00021475 0.00021477 0.00021476 0.00021474 0.00021474 0.00021472 0.00021473 0.00021472 0.00021472 0.00021472 0.00021472 0.00021472 0.00021501 0.00021472 0.00021474 0.00021472 0.00021473 0.00021472 0.00021471 0.00021472 0.00021472 0.00021474 0.00021472 0.00021472 0.00021472 0.00021473 0.00021476 0.00021477 0.00021477 0.00021477 0.00021477 0.00021477 0.00021476 0.00021477 0.00021477 0.00021476 0.00021477 0.00021476 0.00021477 0.00021477 0.00021476 0.00021475 0.00021477 0.00021476 0.00021475 0.00021477 0.00021477 0.00021477 0.00021477 0.00021475 0.00021473 0.00021472 0.00021475 0.00021472 0.00021472 0.00021493 0.00021491 0.0002197 0.00022663 0.00023246 0.00025985 0.00026337 0.00026347 0.00026231 0.00026328 0.0002627 0.00026307 0.00026133 0.0002576 0.00023363 0.00022086 0.00022919 0.0002249 0.00021819 0.00021797 0.00021739 0.00021568 0.00021554 0.00021664 0.00021637 0.00021532 0.00021514 0.00021473 0.00021473 0.00021475 0.00021474 0.00021477 0.00021476 0.00021476 0.00021476 0.00021476 0.00021475 0.00021476 0.00021477 0.00021477 0.00021476 0.00021475 0.00021476 0.00021473 0.0002147 0.00021466 0.00021477 0.00021474 0.00021472 0.00021476 0.00021475 0.00021473 0.00021472 0.00021473 0.00021473 0.00021474 0.00021475 0.00021473 0.00021476 0.00021474 0.00021474 0.00021475 0.00021474 0.00021472 0.00021473 0.00021473
0.00021471 0.00021476 0.00021464 0.00021477 0.00021473 0.00021471 0.00021477 0.00021473 0.00021476 0.00021475 0.00021475 0.00021477 0.00021476 0.00021474 0.00021474 0.00021474 0.00021474 0.00021474 0.00021476 0.00021476 0.00021477 0.00021477 0.00021477 0.00021476 0.00021475 0.00021473 0.0002147 0.00021463 0.00021452 0.0002144 0.00021425 0.00021404 0.00021389 0.00021385 0.00021382 0.00021307 0.00021312 0.00021255 0.00021028 0.00020826 0.00021226 0.00021351 0.00021388 0.0002141 0.00021431 0.00021445 0.00021453 0.00021458 0.00021461 0.00021461 0.0002146 0.00021455 0.00021422 0.00021423 0.00021417 0.00021363 0.00021389 0.00021423 0.00021469 0.00021474 0.00021477 0.00021474 0.00021473 0.00021473 0.00021474 0.00021473 0.00021474 0.00021473 0.00021472 0.00021472 0.00021472 0.00021478 0.00021472 0.00021473 0.00021472 0.00021473 0.00021471 0.00021471 0.00021476 0.00021474 0.00021473 0.00021473 0.00021472 0.00021472 0.00021475 0.00021475 0.00021476 0.00021477 0.00021477 0.00021477 0.00021476 0.00021476 0.00021476 0.00021476 0.00021476 0.00021477 0.00021476 0.00021476 0.00021477 0.00021476 0.00021476 0.00021476 0.00021477 0.00021477 0.00021476 0.00021476 0.00021475 0.00021476 0.00021477 0.00021474 0.00021476 0.00021472 0.00021471 0.00021472 0.00021475 0.00021472 0.00021536 0.00021519 0.00021809 0.00021821 0.0002251 0.00022557 0.00023855 0.00025595 0.00024559 0.00024822 0.00023423 0.00023914 0.0002205 0.00021707 0.00021576 0.00021508 0.00021597 0.0002166 0.0002158 0.000215 0.00021524 0.00021521 0.00021507 0.00021473 0.00021472 0.00021472 0.00021474 0.00021475 0.00021475 0.00021476 0.00021476 0.00021476 0.00021476 0.00021476 0.00021476 0.00021477 0.00021477 0.00021476 0.00021477 0.00021474 0.00021464 0.0002147 0.00021477 0.00021464 0.00021477 0.00021475 0.00021474 0.00021477 0.00021474 0.00021477 0.00021474 0.00021472 0.00021474 0.00021475 0.00021474 0.00021475 0.00021476 0.00021476 0.00021475 0.00021474 0.00021475 0.00021474 0.00021473 0.00021472
0.00021473 0.00021476 0.00021476 0.00021477 0.00021475 0.00021473 0.00021477 0.00021468 0.00021475 0.00021477 0.00021477 0.00021476 0.00021477 0.00021476 0.00021474 0.00021475 0.00021474 0.00021477 0.00021476 0.00021476 0.00021477 0.00021477 0.00021476 0.00021476 0.00021474 0.00021472 0.00021469 0.00021466 0.0002145 0.00021435 0.00021415 0.00021393 0.00021362 0.00021361 0.00021345 0.00021361 0.00021379 0.00021225 0.00021185 0.00020882 0.0002126 0.00021354 0.00021386 0.00021415 0.00021435 0.00021449 0.00021457 0.00021462 0.00021465 0.00021469 0.00021468 0.0002147 0.00021464 0.00021441 0.00021441 0.00021446 0.00021458 0.00021457 0.00021454 0.00021454 0.00021446 0.00021477 0.00021472 0.00021472 0.00021472 0.00021472 0.00021472 0.00021472 0.00021472 0.00021472 0.00021472 0.00021484 0.00021495 0.00021515 0.00021474 0.00021472 0.00021473 0.00021473 0.00021479 0.00021479 0.00021478 0.00021477 0.00021474 0.00021471 0.00021472 0.00021474 0.00021473 0.00021473 0.00021476 0.00021477 0.00021477 0.00021476 0.00021476 0.00021477 0.00021477 0.00021476 0.00021476 0.00021477 0.00021477 0.00021477 0.00021476 0.00021475 0.00021477 0.00021476 0.00021475 0.00021476 0.00021474 0.00021477 0.00021475 0.00021477 0.00021475 0.00021475 0.00021472 0.00021474 0.00021474 0.00021474 0.00021473 0.00021518 0.00021507 0.00021552 0.0002161 0.00021636 0.00021771 0.00021837 0.00021903 0.00022193 0.00022506 0.00022167 0.00022067 0.00021678 0.0002151 0.00021587 0.00021578 0.00021538 0.00021479 0.00021493 0.00021475 0.00021503 0.000215 0.00021477 0.00021473 0.00021476 0.00021476 0.00021476 0.00021476 0.00021476 0.00021476 0.00021476 0.00021476 0.00021477 0.00021477 0.00021477 0.00021473 0.00021471 0.00021468 0.00021474 0.00021477 0.00021467 0.00021469 0.00021477 0.00021474 0.00021477 0.00021475 0.00021475 0.00021472 0.00021477 0.00021473 0.00021475 0.00021474 0.00021473 0.00021473 0.00021475 0.00021477 0.00021477 0.00021477 0.00021476 0.00021476 0.00021476 0.00021473 0.00021472
0.00021472 0.00021477 0.00021475 0.00021477 0.00021477 0.00021477 0.00021477 0.00021474 0.00021477 0.00021476 0.00021477 0.00021473 0.00021473 0.00021474 0.00021473 0.00021474 0.00021474 0.00021477 0.00021477 0.00021476 0.00021477 0.00021476 0.00021476 0.00021474 0.00021472 0.00021468 0.00021465 0.0002146 0.00021445 0.0002142 0.00021397 0.00021374 0.00021349 0.00021331 0.00021325 0.00021244 0.00021293 0.00021335 0.00021183 0.00021233 0.0002129 0.00021348 0.00021391 0.00021416 0.0002143 0.00021444 0.00021451 0.0002146 0.00021465 0.00021465 0.0002147 0.00021471 0.00021464 0.00021452 0.00021404 0.00021445 0.00021458 0.00021463 0.00021463 0.00021459 0.00021429 0.00021473 0.00021474 0.00021474 0.00021473 0.00021473 0.00021473 0.00021476 0.00021475 0.00021474 0.00021473 0.00021473 0.00021475 0.00021549 0.00021613 0.00021478 0.00021486 0.00021492 0.00021528 0.00021485 0.00021486 0.0002148 0.00021517 0.00021475 0.00021491 0.00021472 0.00021472 0.00021471 0.00021472 0.00021476 0.00021474 0.00021475 0.00021473 0.00021477 0.00021476 0.00021476 0.00021476 0.00021477 0.00021474 0.00021477 0.00021476 0.00021477 0.00021477 0.00021476 0.00021477 0.00021476 0.00021477 0.00021474 0.00021471 0.00021475 0.00021477 0.00021477 0.00021475 0.00021476 0.00021472 0.00021475 0.00021472 0.00021482 0.00021505 0.00021537 0.00021581 0.00021542 0.00021522 0.00021744 0.00021563 0.00021952 0.00021777 0.00021526 0.00021503 0.00021482 0.00021501 0.00021477 0.00021476 0.0002149 0.00021476 0.00021474 0.00021475 0.00021472 0.00021477 0.00021476 0.00021476 0.00021477 0.00021477 0.00021477 0.00021477 0.00021477 0.00021475 0.00021477 0.00021477 0.00021477 0.00021477 0.00021476 0.00021472 0.00021463 0.00021467 0.00021472 0.00021477 0.00021472 0.00021459 0.0002147 0.00021468 0.00021475 0.00021477 0.00021475 0.00021477 0.00021477 0.00021474 0.00021477 0.00021475 0.00021473 0.00021474 0.00021477 0.00021477 0.00021474 0.00021475 0.00021476 0.00021475 0.00021472 0.00021472 0.00021473
0.00021472 0.00021473 0.00021477 0.00021477 0.00021477 0.00021476 0.00021475 0.00021474 0.00021472 0.00021472 0.00021472 0.00021472 0.00021471 0.00021472 0.00021473 0.00021472 0.00021475 0.00021477 0.00021476 0.00021477 0.00021477 0.00021475 0.00021475 0.00021474 0.00021471 0.00021465 0.00021458 0.00021444 0.00021424 0.00021399 0.00021371 0.00021336 0.00021314 0.00021301 0.00021307 0.00021299 0.00021191 0.00021244 0.00021173 0.00021215 0.00021282 0.00021345 0.00021378 0.00021399 0.00021416 0.0002143 0.00021443 0.00021453 0.00021462 0.00021466 0.00021472 0.00021472 0.00021471 0.00021464 0.00021434 0.00021443 0.00021456 0.00021457 0.00021456 0.00021442 0.00021402 0.00021475 0.00021475 0.00021475 0.00021477 0.00021476 0.00021474 0.00021476 0.00021474 0.00021474 0.00021475 0.00021472 0.00021472 0.00021494 0.00021521 0.0002156 0.00021481 0.00021492 0.00021484 0.000215 0.000215 0.00021489 0.00021491 0.00021536 0.00021482 0.00021472 0.00021473 0.00021475 0.00021472 0.00021477 0.00021473 0.00021475 0.00021473 0.00021472 0.00021472 0.00021476 0.00021476 0.00021476 0.00021476 0.00021476 0.00021477 0.00021476 0.00021474 0.00021472 0.00021476 0.00021477 0.00021471 0.0002147 0.00021463 0.00021475 0.00021477 0.00021476 0.00021477 0.00021477 0.00021476 0.00021477 0.00021474 0.00021472 0.00021472 0.00021476 0.00021516 0.00021488 0.0002152 0.00021568 0.00021571 0.0002173 0.00021553 0.00021487 0.00021482 0.00021475 0.00021472 0.00021471 0.00021473 0.00021474 0.00021475 0.00021477 0.00021471 0.00021474 0.00021477 0.00021477 0.00021477 0.00021476 0.00021474 0.00021475 0.00021477 0.00021477 0.00021477 0.00021477 0.00021477 0.00021477 0.00021477 0.00021476 0.00021477 0.00021476 0.00021477 0.00021471 0.00021477 0.00021472 0.00021463 0.00021471 0.00021462 0.00021476 0.00021477 0.00021476 0.00021476 0.00021475 0.00021476 0.00021475 0.00021475 0.00021471 0.00021475 0.00021475 0.00021475 0.00021475 0.00021474 0.00021475 0.00021476 0.00021472 0.00021474 0.00021473
0.00021475 0.00021474 0.00021477 0.00021476 0.00021477 0.00021477 0.00021474 0.00021473 0.00021472 0.00021472 0.00021473 0.00021473 0.00021472 0.00021473 0.00021472 0.00021472 0.00021475 0.00021477 0.00021477 0.00021477 0.00021476 0.00021475 0.00021474 0.00021472 0.00021468 0.00021462 0.00021448 0.00021424 0.00021389 0.00021352 0.00021321 0.0002128 0.00021253 0.00021249 0.00021268 0.00021201 0.00021226 0.00021116 0.00021142 0.0002122 0.00021272 0.0002132 0.00021347 0.00021372 0.00021396 0.00021411 0.00021431 0.00021443 0.00021454 0.00021461 0.00021465 0.0002147 0.00021471 0.00021461 0.00021443 0.00021456 0.00021439 0.00021452 0.00021438 0.0002142 0.00021424 0.00021443 0.00021476 0.00021476 0.00021476 0.00021476 0.00021474 0.00021473 0.00021474 0.00021473 0.00021472 0.00021472 0.00021471 0.00021474 0.00021531 0.00021617 0.00021519 0.00021496 0.00021518 0.00021529 0.0002151 0.00021503 0.00021496 0.00021528 0.00021507 0.00021532 0.00021476 0.00021477 0.00021472 0.00021472 0.00021474 0.00021472 0.00021472 0.00021471 0.00021474 0.00021475 0.00021476 0.00021477 0.00021477 0.00021477 0.00021477 0.00021476 0.0002147 0.00021475 0.00021477 0.00021476 0.00021477 0.00021466 0.00021463 0.00021473 0.00021477 0.00021474 0.00021477 0.00021477 0.00021477 0.00021476 0.00021475 0.00021472 0.00021472 0.00021476 0.00021484 0.00021499 0.0002148 0.00021537 0.00021487 0.00021483 0.00021492 0.00021475 0.00021472 0.00021472 0.00021472 0.00021474 0.00021472 0.00021475 0.00021477 0.00021477 0.00021455 0.0002146 0.00021476 0.00021475 0.00021477 0.00021476 0.00021473 0.00021467 0.00021477 0.00021477 0.00021477 0.00021477 0.00021477 0.00021477 0.00021475 0.00021472 0.00021468 0.00021473 0.00021477 0.00021473 0.00021475 0.00021475 0.00021466 0.00021476 0.00021475 0.00021477 0.00021476 0.00021476 0.00021476 0.00021475 0.00021474 0.00021475 0.00021477 0.00021472 0.00021472 0.00021473 0.00021472 0.00021472 0.00021472 0.00021475 0.00021477 0.00021474 0.00021474 0.00021476
0.00021476 0.00021477 0.00021477 0.00021477 0.00021476 0.00021474 0.00021472 0.00021492 0.00021488 0.00021472 0.00021472 0.00021473 0.00021472 0.00021472 0.00021471 0.00021472 0.00021473 0.00021475 0.00021477 0.00021477 0.00021476 0.00021474 0.00021472 0.00021467 0.00021462 0.00021453 0.00021436 0.00021392 0.00021315 0.00021261 0.00021223 0.00021202 0.00021182 0.000212 0.00021232 0.00020961 0.00021182 0.00021098 0.00021124 0.00021172 0.000212 0.00021252 0.00021289 0.00021321 0.00021357 0.00021387 0.00021413 0.00021429 0.00021445 0.00021454 0.00021459 0.00021463 0.00021467 0.00021465 0.00021452 0.00021433 0.00021432 0.00021431 0.00021438 0.00021433 0.00021412 0.0002147 0.00021477 0.00021477 0.00021477 0.00021476 0.00021473 0.00021472 0.00021472 0.00021474 0.00021472 0.00021471 0.00021474 0.00021503 0.0002171 0.00021727 0.00021683 0.00021501 0.00021544 0.00021542 0.00021626 0.00021527 0.00021511 0.00021505 0.00021554 0.00021581 0.00021488 0.00021474 0.00021475 0.00021477 0.00021472 0.00021471 0.00021471 0.00021472 0.00021475 0.00021473 0.00021476 0.00021477 0.00021476 0.00021476 0.00021477 0.00021477 0.00021473 0.00021477 0.00021473 0.00021476 0.00021466 0.0002146 0.00021472 0.00021473 0.00021469 0.00021475 0.00021475 0.00021476 0.00021477 0.00021477 0.00021477 0.00021477 0.00021477 0.00021472 0.00021474 0.00021474 0.00021477 0.00021476 0.00021472 0.00021472 0.00021473 0.00021473 0.00021472 0.00021473 0.00021474 0.00021477 0.00021477 0.00021476 0.00021477 0.00021475 0.00021468 0.00021464 0.00021473 0.00021475 0.00021477 0.00021477 0.00021477 0.00021477 0.00021477 0.00021477 0.00021477 0.00021477 0.00021477 0.00021477 0.00021477 0.00021475 0.00021468 0.0002147 0.00021476 0.00021477 0.00021476 0.00021477 0.00021473 0.00021477 0.00021477 0.00021476 0.00021475 0.00021474 0.00021477 0.00021477 0.00021477 0.00021477 0.00021474 0.00021471 0.00021474 0.00021478 0.00021483 0.00021503 0.00021477 0.0002148 0.00021474 0.00021471 0.00021472 0.00021477
0.00021477 0.00021477 0.00021477 0.00021476 0.00021476 0.00021474 0.00021474 0.00021482 0.00021479 0.00021476 0.00021472 0.00021472 0.00021471 0.00021476 0.00021472 0.00021476 0.00021473 0.00021473 0.00021476 0.00021477 0.00021476 0.00021474 0.00021468 0.00021459 0.00021452 0.00021438 0.0002141 0.00021315 0.00021197 0.00021106 0.0002109 0.00021104 0.00021135 0.00021162 0.00021109 0.00020988 0.00021066 0.00021104 0.00021078 0.00021057 0.00021079 0.0002115 0.00021212 0.00021253 0.00021314 0.00021355 0.00021387 0.00021408 0.00021429 0.00021444 0.00021449 0.00021457 0.00021458 0.00021461 0.00021448 0.0002143 0.00021397 0.00021399 0.00021433 0.00021426 0.00021412 0.00021472 0.00021477 0.00021473 0.00021477 0.00021709 0.00022515 0.00021593 0.00021473 0.00021472 0.00021475 0.00021471 0.00021473 0.00021491 0.00021716 0.00021687 0.00021712 0.00021503 0.00021564 0.00021513 0.00021555 0.00021535 0.00021539 0.00021536 0.00021546 0.00021533 0.00021501 0.000215 0.00021495 0.00021478 0.00021471 0.00021472 0.00021472 0.00021472 0.00021473 0.00021473 0.00021476 0.00021476 0.00021477 0.00021474 0.00021477 0.00021477 0.00021474 0.00021474 0.00021474 0.00021473 0.00021474 0.00021464 0.00021474 0.00021474 0.00021476 0.00021473 0.0002147 0.0002147 0.00021475 0.00021475 0.00021477 0.00021475 0.00021475 0.00021477 0.00021474 0.00021475 0.00021473 0.00021473 0.00021474 0.00021471 0.00021472 0.00021472 0.00021472 0.00021474 0.00021477 0.00021476 0.00021467 0.00021474 0.00021475 0.00021473 0.00021461 0.00021462 0.00021474 0.00021476 0.00021477 0.00021477 0.00021477 0.00021476 0.00021477 0.00021477 0.00021477 0.00021477 0.00021477 0.00021475 0.00021476 0.00021476 0.00021472 0.00021474 0.00021472 0.00021473 0.00021476 0.00021477 0.00021476 0.00021476 0.00021477 0.00021477 0.00021476 0.00021474 0.00021475 0.00021474 0.00021477 0.00021477 0.00021474 0.00021475 0.00021478 0.0002149 0.00021491 0.00021511 0.00021538 0.00021485 0.00021486 0.00021474 0.00021486 0.00021472
0.00021472 0.00021477 0.00021473 0.00021475 0.00021472 0.00021471 0.0002154 0.00021507 0.00021474 0.00021476 0.00021476 0.00021472 0.00021473 0.00021472 0.00021471 0.00021475 0.00021477 0.00021473 0.00021471 0.00021477 0.00021477 0.00021474 0.00021469 0.0002146 0.00021445 0.00021417 0.00021351 0.00021175 0.00020897 0.00020788 0.00020899 0.00021023 0.00021058 0.00021107 0.00021132 0.00021121 0.00021153 0.00021157 0.00021034 0.00020965 0.00020958 0.00021074 0.00021138 0.00021192 0.00021262 0.00021329 0.00021367 0.00021392 0.00021407 0.00021418 0.00021419 0.00021441 0.0002145 0.0002145 0.00021435 0.00021429 0.00021405 0.00021459 0.00021423 0.00021463 0.00021473 0.00021589 0.00021943 0.00022317 0.00022899 0.00022664 0.00022188 0.00022875 0.00022831 0.00021471 0.00021472 0.00021479 0.00021476 0.00021482 0.00021595 0.00021587 0.00021657 0.00021582 0.00021541 0.00021528 0.00021539 0.00021542 0.00021531 0.00021579 0.00021529 0.00021518 0.0002152 0.00021498 0.00021488 0.00021482 0.00021488 0.00021476 0.00021473 0.00021472 0.00021473 0.00021473 0.00021474 0.00021475 0.00021477 0.00021475 0.00021476 0.00021477 0.00021476 0.00021472 0.00021474 0.00021469 0.00021472 0.00021471 0.00021468 0.0002147 0.00021476 0.00021468 0.00021464 0.00021463 0.00021466 0.00021456 0.00021475 0.00021476 0.00021475 0.00021475 0.00021477 0.00021475 0.00021475 0.00021476 0.00021474 0.00021473 0.00021472 0.00021472 0.00021475 0.00021477 0.00021477 0.00021464 0.00021462 0.00021463 0.0002147 0.00021467 0.00021461 0.00021466 0.00021467 0.00021475 0.00021477 0.00021477 0.00021477 0.00021477 0.00021477 0.00021477 0.00021477 0.00021477 0.00021476 0.00021477 0.00021476 0.00021477 0.00021471 0.00021464 0.00021477 0.00021477 0.00021473 0.00021477 0.00021477 0.00021477 0.00021477 0.00021477 0.00021474 0.00021476 0.00021477 0.00021476 0.00021477 0.00021477 0.00021475 0.0002148 0.00021503 0.00021684 0.00021567 0.0002154 0.00021489 0.00021577 0.00021508 0.00021666 0.00021472 0.00021471
0.00021475 0.00021473 0.00021472 0.00021474 0.00021472 0.00021473 0.00021493 0.00021543 0.00021512 0.00021536 0.00021496 0.00021473 0.00021472 0.00021473 0.00021473 0.00021474 0.00021472 0.00021473 0.00021474 0.00021476 0.00021477 0.00021475 0.0002147 0.0002146 0.0002144 0.00021401 0.00021312 0.00021007 0.00020383 0.000202 0.00020637 0.00020927 0.00021003 0.00021023 0.0002104 0.00021163 0.00021122 0.00021115 0.00021002 0.00020944 0.00020953 0.00021184 0.00021054 0.00021144 0.00021226 0.00021292 0.00021346 0.00021374 0.00021394 0.00021406 0.0002141 0.0002145 0.0002142 0.00021475 0.00021807 0.00021575 0.00021606 0.00021475 0.00022402 0.00023074 0.00021692 0.00021473 0.00021472 0.00021475 0.00021807 0.00021986 0.00021601 0.00021611 0.00021476 0.00022385 0.0002148 0.00021473 0.00021482 0.00021499 0.00021511 0.00021588 0.00021559 0.00021652 0.00021741 0.0002156 0.00021548 0.0002155 0.00021542 0.00021542 0.00021508 0.00021517 0.00021541 0.00021506 0.00021486 0.00021514 0.00021493 0.00021485 0.00021475 0.00021472 0.00021478 0.00021472 0.00021473 0.00021475 0.00021476 0.00021476 0.00021476 0.00021477 0.00021475 0.00021473 0.00021469 0.00021476 0.0002147 0.0002147 0.00021467 0.00021465 0.00021466 0.00021469 0.00021459 0.00021469 0.00021466 0.00021471 0.00021471 0.00021477 0.00021476 0.00021477 0.00021476 0.00021475 0.00021476 0.00021476 0.00021477 0.00021475 0.00021474 0.00021474 0.00021476 0.00021477 0.00021468 0.00021463 0.00021452 0.00021469 0.00021465 0.0002147 0.0002146 0.00021465 0.00021476 0.00021476 0.00021477 0.00021477 0.00021477 0.00021477 0.00021477 0.00021477 0.00021476 0.00021475 0.00021475 0.00021475 0.00021475 0.00021472 0.00021476 0.00021471 0.00021477 0.00021477 0.00021475 0.00021476 0.00021477 0.00021477 0.00021477 0.00021477 0.00021475 0.00021473 0.00021476 0.00021474 0.00021473 0.00021472 0.00021473 0.00021509 0.00021549 0.00021612 0.00021636 0.00021606 0.0002159 0.00021639 0.00021692 0.00021605 0.00021685 0.00021599
0.00021672 0.00021562 0.00021706 0.00021722 0.00021484 0.00021481 0.000215 0.00021558 0.00021515 0.00021518 0.00021496 0.0002149 0.00021494 0.00021475 0.00021482 0.00021478 0.00021474 0.00021472 0.00021473 0.00021475 0.00021477 0.00021476 0.00021471 0.0002146 0.00021432 0.00021392 0.00021308 0.0002105 0.00020409 0.00019535 0.00020046 0.00020922 0.00020981 0.00020984 0.00020965 0.00021095 0.00021081 0.00021024 0.00020923 0.00020867 0.00020974 0.00021047 0.00021035 0.00021131 0.00021203 0.00021262 0.00021342 0.00021362 0.0002138 0.00021398 0.00021389 0.00021434 0.00021494 0.00021657 0.00023371 0.00023473 0.00021479 0.00021347 0.00021324 0.00021416 0.00021451 0.00021459 0.00021468 0.00021472 0.00021477 0.00021476 0.00021477 0.0002148 0.00021473 0.00021472 0.00022769 0.00021529 0.00022802 0.00021614 0.00021533 0.00021743 0.00021753 0.00021624 0.00021697 0.00021718 0.00021567 0.00021568 0.00021582 0.00021553 0.00021563 0.00021545 0.000216 0.00021526 0.0002154 0.00021504 0.00021504 0.00021532 0.00021477 0.00021473 0.00021471 0.00021471 0.00021472 0.00021473 0.00021474 0.00021477 0.00021476 0.00021475 0.00021477 0.00021476 0.00021475 0.00021469 0.00021468 0.0002147 0.00021465 0.00021466 0.00021474 0.00021469 0.0002147 0.00021464 0.0002147 0.00021472 0.00021471 0.00021475 0.00021477 0.00021476 0.00021477 0.00021477 0.00021477 0.00021477 0.00021476 0.00021475 0.00021476 0.00021474 0.00021476 0.00021476 0.00021477 0.00021471 0.00021456 0.00021463 0.00021461 0.00021473 0.00021467 0.00021475 0.00021477 0.00021477 0.00021476 0.00021476 0.00021477 0.00021477 0.00021477 0.00021477 0.00021477 0.00021477 0.00021477 0.00021477 0.00021476 0.00021471 0.00021462 0.00021473 0.00021472 0.00021475 0.00021477 0.00021477 0.00021477 0.00021476 0.00021477 0.00021475 0.00021473 0.00021475 0.00021474 0.00021502 0.00021472 0.00021473 0.00021479 0.00021533 0.00021572 0.00021587 0.00021699 0.00021663 0.00021729 0.00021786 0.00021792 0.00021557 0.00021605 0.00021527
0.00021494 0.00021527 0.0002152 0.00021614 0.00021718 0.00021495 0.00021564 0.00021515 0.00021566 0.00021596 0.00021515 0.00021532 0.00021498 0.0002149 0.00021491 0.00021478 0.00021478 0.00021472 0.00021472 0.00021474 0.00021476 0.00021477 0.00021474 0.00021464 0.00021443 0.00021403 0.00021332 0.00021236 0.00020537 0.00018681 0.00018672 0.00020642 0.00020954 0.00020955 0.0002097 0.00020944 0.00021034 0.00020988 0.00020996 0.00020927 0.00020957 0.00021087 0.00021331 0.00021448 0.00021377 0.0002127 0.00021337 0.00021391 0.00021386 0.00021416 0.00021559 0.00021997 0.0002193 0.00023216 0.00021633 0.00021386 0.00021299 0.00021462 0.00021367 0.00021449 0.00021459 0.00021464 0.00021476 0.00021475 0.00021477 0.00021476 0.00021526 0.00021472 0.00021836 0.00021473 0.00022841 0.0002286 0.00023131 0.00022308 0.00022031 0.00021766 0.00021571 0.00021649 0.00021664 0.00022013 0.0002172 0.0002156 0.000216 0.0002161 0.00021589 0.000216 0.00021666 0.00021538 0.00021548 0.00021548 0.00021594 0.00021489 0.00021488 0.00021483 0.00021473 0.00021472 0.00021471 0.00021472 0.00021477 0.00021477 0.00021476 0.00021477 0.00021476 0.00021477 0.00021477 0.00021474 0.00021469 0.00021475 0.00021473 0.00021471 0.00021471 0.00021476 0.00021473 0.00021474 0.00021474 0.00021471 0.00021472 0.00021473 0.00021476 0.00021476 0.00021476 0.00021475 0.00021476 0.00021475 0.00021475 0.00021476 0.00021477 0.00021476 0.00021476 0.00021476 0.00021477 0.00021476 0.00021457 0.00021475 0.00021475 0.00021465 0.00021477 0.00021477 0.00021475 0.00021477 0.00021476 0.00021476 0.00021475 0.00021476 0.00021476 0.00021477 0.00021477 0.00021475 0.00021476 0.00021477 0.00021468 0.00021473 0.00021463 0.00021476 0.00021477 0.00021477 0.00021477 0.00021474 0.00021477 0.00021475 0.00021472 0.00021501 0.00021554 0.00021483 0.00021481 0.00021554 0.00021544 0.00021515 0.00021561 0.00021575 0.00021618 0.00021676 0.00021745 0.0002206 0.00021893 0.00021866 0.0002157 0.00021476 0.00021594 0.00021554
0.00021573 0.00021559 0.00021534 0.00021534 0.0002194 0.00021795 0.00021608 0.00021634 0.00021815 0.00021684 0.00021634 0.00021557 0.00021521 0.00021516 0.00021513 0.00021524 0.00021509 0.00021478 0.00021472 0.00021472 0.00021475 0.00021477 0.00021476 0.00021468 0.0002145 0.00021423 0.00021376 0.0002132 0.00020728 0.00019487 0.00019875 0.00020464 0.00020878 0.00020936 0.00020974 0.00021019 0.00020924 0.00020929 0.00021022 0.0002093 0.00021409 0.00021427 0.00021131 0.00021474 0.00021459 0.00021471 0.00021471 0.00021488 0.000215 0.00021473 0.00021463 0.0002136 0.00021477 0.00022812 0.00021513 0.00021578 0.00021699 0.00021474 0.00021441 0.00021464 0.00021468 0.00021469 0.00021474 0.00021476 0.00021472 0.00021669 0.00021744 0.00021596 0.00021476 0.00021475 0.00021668 0.0002294 0.00022842 0.00022379 0.00022686 0.00022309 0.00021975 0.00021601 0.0002159 0.00021663 0.00021692 0.00021639 0.00021661 0.00021581 0.00021605 0.00021575 0.00021541 0.0002152 0.00021513 0.00021527 0.00021514 0.00021536 0.00021488 0.00021483 0.00021481 0.00021485 0.00021485 0.00021471 0.00021475 0.00021474 0.00021476 0.00021476 0.00021477 0.00021477 0.0002147 0.00021476 0.00021477 0.00021475 0.00021475 0.00021475 0.00021477 0.00021476 0.00021477 0.0002147 0.00021471 0.00021471 0.00021471 0.00021477 0.00021477 0.00021476 0.00021472 0.00021468 0.00021471 0.00021465 0.00021474 0.00021477 0.00021476 0.00021477 0.00021476 0.00021476 0.00021476 0.00021477 0.00021468 0.00021465 0.00021474 0.00021476 0.00021476 0.00021477 0.00021476 0.00021477 0.00021476 0.00021476 0.00021474 0.00021474 0.00021475 0.00021474 0.00021473 0.00021473 0.00021474 0.00021472 0.00021463 0.00021459 0.00021464 0.00021476 0.0002147 0.00021475 0.00021499 0.00021472 0.00021473 0.00021472 0.00021501 0.00021551 0.00021531 0.00021509 0.0002163 0.00021741 0.00021646 0.00021724 0.00021738 0.00021718 0.00021735 0.00021729 0.00021806 0.00021934 0.0002206 0.00022068 0.00021791 0.00021678 0.00021643 0.00021576
0.00021595 0.00021633 0.00021679 0.00021658 0.00021582 0.00021981 0.00021931 0.00021918 0.00022014 0.00021723 0.00021628 0.00021515 0.00021547 0.0002158 0.00021641 0.00021693 0.00021692 0.00021568 0.00021474 0.00021473 0.00021472 0.00021475 0.00021477 0.00021474 0.00021463 0.00021443 0.00021413 0.00021341 0.00021196 0.00020891 0.00020537 0.00020609 0.0002088 0.00020912 0.00020992 0.00021045 0.0002104 0.00021213 0.00021095 0.00020971 0.00021044 0.00021102 0.00021177 0.00021477 0.00021438 0.00021474 0.00021452 0.00021474 0.00021437 0.00021384 0.00021344 0.00021477 0.00021488 0.00021513 0.00021474 0.00021391 0.00021417 0.00021468 0.00021513 0.00021531 0.00021473 0.00021475 0.00021476 0.00021476 0.00021475 0.00021477 0.00021472 0.00021476 0.00021475 0.00021473 0.00021474 0.00021541 0.00022118 0.00021502 0.00021498 0.00022115 0.000224 0.00022147 0.00021534 0.00021575 0.00021948 0.00021758 0.00021724 0.00021659 0.0002163 0.00021572 0.00021532 0.00021535 0.00021571 0.0002154 0.00021519 0.00021508 0.00021524 0.00021481 0.00021482 0.00021491 0.00021485 0.00021483 0.00021472 0.00021474 0.00021475 0.00021475 0.00021476 0.00021477 0.00021476 0.00021477 0.00021477 0.00021476 0.00021477 0.00021476 0.00021476 0.00021476 0.00021477 0.00021473 0.0002147 0.00021471 0.00021466 0.00021471 0.00021466 0.00021475 0.00021471 0.00021476 0.00021473 0.00021473 0.00021476 0.00021474 0.00021477 0.00021476 0.00021476 0.00021476 0.00021477 0.00021475 0.00021476 0.00021469 0.00021476 0.00021477 0.00021477 0.00021477 0.00021477 0.00021476 0.00021476 0.00021475 0.00021472 0.00021471 0.00021472 0.00021473 0.00021479 0.00021472 0.00021473 0.00021475 0.00021477 0.00021474 0.00021476 0.00021477 0.00021477 0.00021474 0.00021663 0.00021505 0.00022484 0.00021678 0.0002159 0.00021526 0.00021528 0.00021657 0.00021659 0.00021846 0.00021854 0.00021804 0.00021804 0.00021857 0.00021891 0.00021872 0.00022011 0.00022 0.00021997 0.00022042 0.00022064 0.000219 0.00021756 0.00021658
0.00021666 0.00021646 0.00021746 0.00021767 0.00021693 0.00022215 0.00022226 0.00022103 0.00021827 0.00021923 0.00021562 0.00021483 0.00021654 0.00021987 0.00021937 0.00022047 0.00021541 0.00021475 0.00021561 0.00021496 0.00021476 0.00021473 0.00021474 0.00021477 0.00021473 0.0002146 0.00021439 0.00021381 0.00021316 0.0002114 0.00020953 0.00020912 0.00020842 0.00020835 0.00021013 0.00021096 0.00021153 0.00021182 0.00021188 0.0002112 0.00021085 0.00021182 0.00021238 0.00021342 0.0002137 0.00021374 0.0002142 0.00021422 0.00021411 0.0002139 0.00021368 0.00021348 0.00021391 0.00021476 0.00021476 0.00021427 0.00021455 0.0002147 0.00021475 0.00021782 0.00021473 0.00021477 0.00021477 0.00021476 0.00021475 0.00021474 0.00021494 0.00021472 0.00021471 0.00021476 0.00021488 0.00021507 0.0002288 0.00021589 0.0002156 0.00021968 0.00021777 0.00021867 0.00021629 0.00021656 0.00021733 0.00021732 0.00021946 0.00021761 0.00021645 0.00021601 0.00021634 0.00021576 0.00021571 0.00021556 0.00021541 0.00021518 0.00021505 0.00021499 0.00021487 0.00021484 0.00021472 0.00021484 0.00021483 0.00021486 0.00021473 0.00021477 0.00021477 0.00021477 0.00021476 0.00021477 0.00021477 0.00021476 0.00021477 0.00021477 0.00021475 0.00021475 0.00021477 0.00021477 0.00021475 0.00021468 0.00021461 0.00021477 0.00021477 0.00021476 0.00021475 0.00021476 0.00021475 0.00021477 0.00021472 0.00021476 0.00021474 0.00021477 0.00021476 0.00021475 0.00021477 0.00021477 0.00021477 0.00021477 0.00021476 0.00021472 0.00021477 0.00021474 0.00021475 0.00021476 0.00021475 0.00021474 0.00021474 0.00021474 0.00021472 0.00021488 0.00021478 0.00021472 0.00021474 0.00021476 0.00021477 0.00021477 0.00021477 0.00021477 0.00021476 0.00021473 0.00021665 0.00021667 0.0002169 0.00021567 0.00021718 0.00021673 0.00021658 0.00021629 0.00021705 0.0002187 0.00021779 0.00021664 0.00021999 0.00022031 0.00022003 0.00022082 0.00022119 0.00022153 0.00022145 0.00022153 0.000221 0.00022018 0.00021815 0.00021784
0.0002183 0.00021787 0.00021819 0.0002193 0.0002199 0.00022241 0.00022254 0.00022059 0.00021968 0.00021666 0.00021532 0.00021476 0.00021704 0.00021953 0.00022191 0.00021767 0.00021566 0.00021665 0.00021623 0.00021501 0.00021486 0.00021474 0.00021471 0.00021475 0.00021477 0.00021469 0.00021449 0.00021412 0.00021358 0.00021281 0.00021132 0.00021027 0.00020699 0.00020195 0.00021056 0.00021135 0.00021179 0.0002122 0.00021243 0.00021248 0.00021254 0.0002135 0.00021381 0.00021405 0.00021422 0.0002145 0.00021461 0.00021467 0.00021472 0.00021475 0.0002147 0.00021476 0.00021856 0.00021428 0.00021435 0.00021449 0.00021472 0.00021476 0.00021477 0.00021472 0.00021477 0.00021475 0.00021475 0.00021475 0.00021473 0.00021473 0.00021473 0.00021495 0.00021505 0.00021495 0.00021735 0.00021517 0.00022505 0.00022604 0.00021702 0.00021707 0.00021644 0.00021663 0.00021688 0.000218 0.00022105 0.00021971 0.00021882 0.00021676 0.00021698 0.0002168 0.00021626 0.00021576 0.0002155 0.00021541 0.00021551 0.00021577 0.00021522 0.00021513 0.00021491 0.00021485 0.00021471 0.00021482 0.00021482 0.00021485 0.00021473 0.00021474 0.00021476 0.00021477 0.00021475 0.00021476 0.00021476 0.00021475 0.00021475 0.00021474 0.00021473 0.00021473 0.00021477 0.00021476 0.00021476 0.00021473 0.00021467 0.00021477 0.00021477 0.00021477 0.00021477 0.00021474 0.00021475 0.00021473 0.00021476 0.00021477 0.00021477 0.00021477 0.00021473 0.00021474 0.00021476 0.00021477 0.00021476 0.00021476 0.00021471 0.00021472 0.00021473 0.00021488 0.00021474 0.00021476 0.00021474 0.00021473 0.00021476 0.00021478 0.00021481 0.00021492 0.00021484 0.00021474 0.00021472 0.00021475 0.00021476 0.00021476 0.00021471 0.00021472 0.0002148 0.00021653 0.00021805 0.00021907 0.00021785 0.00021764 0.00021981 0.00021876 0.00021724 0.00021711 0.00021886 0.00021807 0.00021649 0.00021803 0.00021978 0.00022055 0.00022079 0.00022103 0.0002211 0.00022161 0.00022177 0.00022161 0.00022052 0.00022063 0.00021949 0.00021862
0.00021886 0.000218 0.00021929 0.00022124 0.00022051 0.00022142 0.0002226 0.00022387 0.00021999 0.00021746 0.00021553 0.00021558 0.00021869 0.0002219 0.00022204 0.00021974 0.00021829 0.00021739 0.00021497 0.00021573 0.00021506 0.00021505 0.00021471 0.00021476 0.00021476 0.00021475 0.00021463 0.00021424 0.00021366 0.0002134 0.00021294 0.00021225 0.00020805 0.00019876 0.00020285 0.00021184 0.00021207 0.00021226 0.00021269 0.00021309 0.00021351 0.0002138 0.00021399 0.00021421 0.00021442 0.00021462 0.0002147 0.00021475 0.00021477 0.00021474 0.00021467 0.00021424 0.00021413 0.00021436 0.0002145 0.00021469 0.00021476 0.00021477 0.00021477 0.00021474 0.00021476 0.00021474 0.00021473 0.00021474 0.00021473 0.00021472 0.00021473 0.00021589 0.00021474 0.00021488 0.0002154 0.00022341 0.00023292 0.00023199 0.00021585 0.00021644 0.00021655 0.00021689 0.00021594 0.00022173 0.00021599 0.00022126 0.00021768 0.00021651 0.00021767 0.00021736 0.00021638 0.0002157 0.00021597 0.00021549 0.00021543 0.00021564 0.0002153 0.00021527 0.00021518 0.00021489 0.00021483 0.00021472 0.00021473 0.00021471 0.00021472 0.00021471 0.00021472 0.00021472 0.00021475 0.00021476 0.00021476 0.00021472 0.00021473 0.00021474 0.00021474 0.00021477 0.00021476 0.00021477 0.00021476 0.00021475 0.00021477 0.00021477 0.00021475 0.00021477 0.00021477 0.00021476 0.00021477 0.00021477 0.00021477 0.00021477 0.00021477 0.00021476 0.00021475 0.00021474 0.00021472 0.00021472 0.00021477 0.00021476 0.00021481 0.00021477 0.00021472 0.00021471 0.00021473 0.00021472 0.00021478 0.00021481 0.00021504 0.00021501 0.00021512 0.00021481 0.00021472 0.00021472 0.00021472 0.00021474 0.00021472 0.00021474 0.00021557 0.0002161 0.00021631 0.00021668 0.00021818 0.00021924 0.00021869 0.0002197 0.00021886 0.00021886 0.00021815 0.00021939 0.00021912 0.00021826 0.00021731 0.00021937 0.00022012 0.00022046 0.00022086 0.0002212 0.00022122 0.00022146 0.00022158 0.00022159 0.00022171 0.00022118 0.00022066 0.0002199
0.00022182 0.00022111 0.00022146 0.00022225 0.00022317 0.0002236 0.00022327 0.00022258 0.00022172 0.00021752 0.00021673 0.00021704 0.00022233 0.00022338 0.00022313 0.00022152 0.00022031 0.00021584 0.00021551 0.0002166 0.00021589 0.0002148 0.00021472 0.00021477 0.00021474 0.00021477 0.00021473 0.00021386 0.00021369 0.00021377 0.00021366 0.00021377 0.00021333 0.00020731 0.00021069 0.00021228 0.00021193 0.0002121 0.00021278 0.00021331 0.0002137 0.0002139 0.00021404 0.00021403 0.00021459 0.0002147 0.00021476 0.00021477 0.00021475 0.00021472 0.00021473 0.00021476 0.00021466 0.00021471 0.00021476 0.00021477 0.00021476 0.00021475 0.00021475 0.00021472 0.00021473 0.00021474 0.00021476 0.00021474 0.0002148 0.00021471 0.00021472 0.00021491 0.00021498 0.00021537 0.00021565 0.00021619 0.00022724 0.00022883 0.00022428 0.00022115 0.0002222 0.00022056 0.00021922 0.00021919 0.0002168 0.00021632 0.00021779 0.00021695 0.00021653 0.0002178 0.00021616 0.00021552 0.00021577 0.00021572 0.00021598 0.00021566 0.00021552 0.0002153 0.00021514 0.00021492 0.00021489 0.00021476 0.00021482 0.00021475 0.00021474 0.00021475 0.00021474 0.00021471 0.00021472 0.00021475 0.00021473 0.00021472 0.00021483 0.00021474 0.00021473 0.00021475 0.00021477 0.00021477 0.00021477 0.00021476 0.00021477 0.00021477 0.00021477 0.00021477 0.00021477 0.00021476 0.00021476 0.00021477 0.00021477 0.00021477 0.00021476 0.00021475 0.00021473 0.00021472 0.00021494 0.00021563 0.00021652 0.00021714 0.00021937 0.00021689 0.00021486 0.00021479 0.00021474 0.00021487 0.0002149 0.00021511 0.0002153 0.00021508 0.000215 0.00021474 0.00021473 0.00021471 0.00021472 0.00021474 0.00021482 0.0002166 0.00021625 0.00021577 0.000216 0.00021795 0.00021871 0.00021942 0.00021967 0.0002202 0.00021857 0.0002201 0.00021951 0.00021993 0.00021969 0.00021867 0.00021908 0.00021992 0.00022021 0.00022041 0.00022053 0.00022102 0.00022124 0.00022132 0.00022129 0.00022152 0.00022168 0.00022184 0.000222 0.0002221
0.00022172 0.00022252 0.00022448 0.00022258 0.00022394 0.00022408 0.00022353 0.0002233 0.00022249 0.00021995 0.00021883 0.00021827 0.00022351 0.00022455 0.00022456 0.00022345 0.00021827 0.0002154 0.00021798 0.00021724 0.00021546 0.00021471 0.00021476 0.00021477 0.00021476 0.00021476 0.00021477 0.00021461 0.00021379 0.0002137 0.00021388 0.00021418 0.00021433 0.00021414 0.00021342 0.00021273 0.00021165 0.00021135 0.00021294 0.00021358 0.00021392 0.00021408 0.00021416 0.00021399 0.00021465 0.00021477 0.00021477 0.00021475 0.00021472 0.0002148 0.00021499 0.00021477 0.00021477 0.00021475 0.00021474 0.00021472 0.00021472 0.00021472 0.00021472 0.00021471 0.00021477 0.00021472 0.00021475 0.00021473 0.00021471 0.00021479 0.00021495 0.00021507 0.00021514 0.00021582 0.00021726 0.00022474 0.00021739 0.00022123 0.00022819 0.00022452 0.00022027 0.00021729 0.00021673 0.00021688 0.00021621 0.00021713 0.00021647 0.00021689 0.00021804 0.00021677 0.00021657 0.00021567 0.00021587 0.00021568 0.00021556 0.0002156 0.00021514 0.00021508 0.00021503 0.000215 0.00021496 0.00021498 0.00021486 0.00021475 0.00021476 0.00021475 0.00021473 0.00021474 0.00021473 0.00021472 0.00021473 0.00021472 0.00021473 0.00021475 0.00021474 0.00021477 0.00021477 0.00021477 0.00021477 0.00021477 0.00021477 0.00021477 0.00021477 0.00021477 0.00021477 0.00021477 0.00021476 0.00021476 0.00021476 0.00021477 0.00021476 0.00021475 0.00021472 0.00021475 0.00021559 0.0002272 0.00022861 0.00022864 0.0002282 0.00022624 0.0002218 0.00021604 0.0002154 0.00021526 0.00021519 0.00021568 0.00021538 0.00021501 0.00021507 0.00021476 0.00021472 0.00021473 0.00021473 0.00021472 0.00021649 0.00021619 0.00021675 0.00021692 0.00021744 0.00021768 0.00021903 0.00021961 0.00022008 0.00022018 0.0002199 0.00021965 0.00022001 0.00021998 0.00022001 0.00021996 0.00021995 0.00021985 0.00022021 0.00022025 0.00022025 0.00022065 0.00022092 0.00022108 0.00022119 0.00022147 0.00022172 0.00022185 0.00022204 0.00022231
0.00022214 0.00022266 0.00022307 0.00022326 0.00022393 0.00022414 0.00022406 0.00022389 0.00022333 0.00022162 0.00021977 0.00022196 0.00022468 0.0002254 0.00022562 0.00022375 0.0002176 0.00022005 0.0002195 0.00021741 0.000215 0.00021472 0.00021473 0.00021472 0.00021472 0.00021473 0.00021475 0.00021475 0.00021342 0.00021358 0.00021388 0.0002144 0.00021452 0.00021441 0.00021404 0.00021325 0.00020993 0.0002099 0.00021346 0.00021388 0.0002141 0.00021421 0.00021429 0.00021442 0.00021475 0.00021477 0.00021476 0.00021474 0.00021471 0.00021477 0.00021502 0.00021509 0.00021473 0.00021473 0.00021473 0.00021472 0.00021472 0.00021472 0.00021473 0.00021476 0.00021478 0.00021472 0.00021473 0.00021472 0.00021487 0.00021499 0.00021529 0.00021548 0.00021564 0.00021633 0.0002179 0.00022522 0.00022952 0.00022507 0.00022806 0.00021772 0.00021734 0.00021693 0.00021977 0.00022046 0.00021924 0.00021689 0.00021717 0.00021751 0.00021681 0.00021606 0.00021609 0.00021564 0.00021591 0.00021547 0.00021566 0.0002155 0.00021542 0.00021565 0.00021502 0.00021493 0.00021486 0.00021501 0.00021481 0.00021473 0.00021473 0.00021474 0.00021476 0.00021473 0.00021472 0.00021477 0.00021472 0.00021487 0.00021473 0.00021474 0.00021472 0.00021475 0.00021476 0.00021477 0.00021477 0.00021477 0.00021477 0.00021477 0.00021477 0.00021477 0.00021477 0.00021477 0.00021476 0.00021476 0.00021473 0.00021477 0.00021476 0.00021474 0.00021475 0.00021616 0.00022645 0.00022968 0.00022916 0.00022896 0.0002289 0.00022809 0.00022769 0.00022368 0.00021623 0.00021611 0.00021634 0.00021584 0.0002152 0.00021531 0.00021477 0.00021472 0.00021472 0.00021483 0.00021473 0.00021473 0.00021608 0.00021724 0.0002176 0.00021819 0.00021875 0.0002184 0.0002198 0.0002202 0.00021983 0.00022024 0.00022042 0.0002198 0.00021998 0.0002199 0.00022012 0.00022009 0.0002199 0.00021988 0.00021982 0.00021987 0.00022 0.00021961 0.00022056 0.00022093 0.00022078 0.0002215 0.00022189 0.0002221 0.00022223 0.00022247
0.00022275 0.00022356 0.00022208 0.00022256 0.00022421 0.00022408 0.0002242 0.00022392 0.00022467 0.00022231 0.00022062 0.00022414 0.00022575 0.00022618 0.0002259 0.00022222 0.0002202 0.00022217 0.00021921 0.00021596 0.00021557 0.0002151 0.00021497 0.00021483 0.00021474 0.00021471 0.00021474 0.00021476 0.00021391 0.00021384 0.00021425 0.00021462 0.00021462 0.00021468 0.00021453 0.00021369 0.00020853 0.0002031 0.00021269 0.0002141 0.00021421 0.00021434 0.00021445 0.0002146 0.00021474 0.00021477 0.00021476 0.00021473 0.00021471 0.00021479 0.00021503 0.00021512 0.00021491 0.00021471 0.00021472 0.00021472 0.00021472 0.00021473 0.00021476 0.00021483 0.00021494 0.00021486 0.00021477 0.00021481 0.0002149 0.00021541 0.0002164 0.00021657 0.00021685 0.0002188 0.00022503 0.00022577 0.0002247 0.000229 0.00021933 0.00021905 0.00021956 0.00021883 0.00022066 0.0002174 0.00021742 0.00021707 0.0002168 0.0002172 0.00021756 0.00021674 0.00021638 0.00021696 0.00021636 0.00021643 0.00021576 0.00021558 0.00021531 0.00021545 0.00021518 0.0002157 0.00021502 0.00021487 0.00021483 0.00021489 0.00021487 0.00021472 0.00021472 0.00021472 0.00021475 0.0002148 0.00021484 0.00021472 0.00021471 0.00021472 0.00021473 0.00021472 0.00021474 0.00021473 0.00021475 0.00021477 0.00021477 0.00021477 0.00021477 0.00021477 0.00021477 0.00021477 0.00021475 0.00021472 0.00021477 0.00021477 0.00021476 0.00021472 0.00021492 0.00021969 0.00022787 0.00023004 0.00023012 0.00022987 0.00022927 0.00022879 0.00022825 0.00022656 0.00022224 0.00021872 0.00021729 0.00021724 0.00021519 0.0002149 0.00021489 0.00021483 0.00021522 0.00021564 0.00021533 0.00021536 0.0002168 0.00021824 0.00021936 0.00021819 0.0002197 0.00022047 0.00021991 0.00021981 0.00021931 0.00021943 0.00022198 0.00021893 0.0002187 0.00021912 0.00021972 0.00022001 0.0002193 0.00021956 0.00021897 0.00021915 0.00021918 0.00022036 0.00022048 0.00022097 0.00022056 0.00022145 0.00022188 0.00022221 0.00022245 0.00022243
0.00022324 0.00022316 0.0002231 0.00022309 0.00022471 0.00022474 0.00022516 0.00022491 0.00022602 0.00022534 0.00022431 0.00022662 0.00022695 0.00022668 0.00022625 0.00022574 0.00022251 0.00022266 0.00021914 0.00021668 0.00021601 0.00021561 0.0002151 0.00021484 0.00021473 0.00021471 0.00021474 0.00021476 0.00021462 0.00021469 0.00021468 0.00021468 0.00021469 0.00021469 0.00021471 0.00021469 0.00021003 0.00018497 0.00019568 0.00021409 0.0002143 0.00021443 0.00021455 0.00021466 0.00021474 0.00021477 0.00021475 0.00021472 0.00021472 0.00021478 0.00021497 0.00021517 0.00021511 0.00021473 0.00021472 0.00021472 0.00021473 0.00021476 0.0002148 0.00021488 0.00021499 0.0002148 0.00021476 0.00021508 0.0002155 0.00021612 0.00021776 0.00021899 0.00022025 0.00021935 0.00022892 0.00022695 0.0002191 0.00022938 0.00022478 0.0002188 0.00022571 0.00021802 0.00021735 0.00021837 0.00021722 0.00021691 0.00021645 0.00021622 0.00021676 0.00021699 0.00021758 0.00021697 0.00021671 0.00021645 0.0002158 0.00021565 0.0002157 0.00021568 0.00021601 0.00021518 0.00021559 0.00021487 0.00021493 0.00021499 0.00021488 0.00021485 0.00021474 0.00021472 0.00021479 0.00021476 0.00021566 0.00021475 0.00021499 0.00021473 0.00021471 0.00021472 0.00021472 0.00021471 0.00021473 0.00021476 0.00021477 0.00021476 0.00021475 0.00021477 0.00021477 0.00021477 0.00021477 0.00021476 0.00021477 0.00021476 0.00021473 0.00021472 0.0002156 0.00022167 0.00023001 0.00023045 0.00023079 0.00022994 0.00022891 0.00022883 0.00022784 0.00022717 0.000224 0.00021989 0.0002185 0.0002153 0.00021578 0.00021542 0.00021508 0.00021591 0.0002169 0.00021758 0.00021757 0.00021786 0.00021876 0.00021995 0.00022125 0.0002215 0.00022047 0.00022101 0.00022039 0.00022038 0.00021908 0.00021848 0.00021777 0.00021708 0.0002173 0.00021753 0.00021797 0.00021831 0.00021842 0.0002184 0.00021857 0.00022031 0.00021671 0.00021936 0.00022026 0.0002203 0.00022032 0.00022186 0.00022211 0.000222 0.00021943 0.00022236
0.00022247 0.00022368 0.00022089 0.00022082 0.00022464 0.00022445 0.00022542 0.00022597 0.00022631 0.00022671 0.00022724 0.00022779 0.00022771 0.00022751 0.00022719 0.00022597 0.00022473 0.00022214 0.00021649 0.00021678 0.00021625 0.00021536 0.00021503 0.00021487 0.00021473 0.00021472 0.00021474 0.00021477 0.00021473 0.00021473 0.00021471 0.00021471 0.00021471 0.00021473 0.00021475 0.00021476 0.00021466 0.00019776 0.00020315 0.00021334 0.00021418 0.00021452 0.00021465 0.00021471 0.00021267 0.00021476 0.00021473 0.00021472 0.00021473 0.00021478 0.00021501 0.00021514 0.00021518 0.00021474 0.00021473 0.00021474 0.00021477 0.00021482 0.00021486 0.00021494 0.00021497 0.00021505 0.0002153 0.00021507 0.00021595 0.00021837 0.00021984 0.00022131 0.00022207 0.00022727 0.00022832 0.00022705 0.00022184 0.00022106 0.00021977 0.00022513 0.00022054 0.00021959 0.00021729 0.00021629 0.00021625 0.00021697 0.0002165 0.00021679 0.00021673 0.00021671 0.00022776 0.0002168 0.00022067 0.00021636 0.0002157 0.00021582 0.00021584 0.0002164 0.00021619 0.00021513 0.00021515 0.00021525 0.00021541 0.00021546 0.00021534 0.00021481 0.00021475 0.00021478 0.00021484 0.00021493 0.00021484 0.00021504 0.00021574 0.00021474 0.00021473 0.00021482 0.00021472 0.00021471 0.00021472 0.00021473 0.00021475 0.00021474 0.00021473 0.00021474 0.00021475 0.00021477 0.00021477 0.00021477 0.00021477 0.00021475 0.00021472 0.00021482 0.00021653 0.00022235 0.00023007 0.00023028 0.00023006 0.00022953 0.0002288 0.00022864 0.00022814 0.00022747 0.00022513 0.00022112 0.0002196 0.00021675 0.00021709 0.00021743 0.00021737 0.00021784 0.00021773 0.00021989 0.00021903 0.00022058 0.00022121 0.0002218 0.0002231 0.00022395 0.0002242 0.00022237 0.00022185 0.00022018 0.00021825 0.0002166 0.00021555 0.00021523 0.0002157 0.00021575 0.00021635 0.00021687 0.00021712 0.00021786 0.0002177 0.00021789 0.00021809 0.00021725 0.00022018 0.00022006 0.00022069 0.00022086 0.0002219 0.00022161 0.00021717 0.00022002
0.0002227 0.00022396 0.00022409 0.00022569 0.00022529 0.00022455 0.00022608 0.00022715 0.00022737 0.00022781 0.00022834 0.00022913 0.00022896 0.00022868 0.00022859 0.00022696 0.00022241 0.00021954 0.00021701 0.00021691 0.00021511 0.0002146 0.00020891 0.00020736 0.00021232 0.00021473 0.00021475 0.00021476 0.00021477 0.00021475 0.00021474 0.00021473 0.00021473 0.00021474 0.00021475 0.00021476 0.00021476 0.00021448 0.00021284 0.00021328 0.00021431 0.00021459 0.0002147 0.00021474 0.00021477 0.00021474 0.00021472 0.00021472 0.00021474 0.00021478 0.00021495 0.00021514 0.00021526 0.00021476 0.00021476 0.00021476 0.0002148 0.00021487 0.00021494 0.00021496 0.00021504 0.00021504 0.00021498 0.00021551 0.00021867 0.0002205 0.00022184 0.00022292 0.00022319 0.00022679 0.00022905 0.00022769 0.00022471 0.0002226 0.00022545 0.00022197 0.00022102 0.0002197 0.00021871 0.00021819 0.0002189 0.00021707 0.00021548 0.00022298 0.00021718 0.00021681 0.00021705 0.00021671 0.00021677 0.0002168 0.00021954 0.0002171 0.00021607 0.00021582 0.00021586 0.00021545 0.00021554 0.00021568 0.00021583 0.00021614 0.00021571 0.00021562 0.00021492 0.00021487 0.00021494 0.00021496 0.00021485 0.00021591 0.00021529 0.00021471 0.00021474 0.00021476 0.00021478 0.00021479 0.00021471 0.00021472 0.00021473 0.00021474 0.00021474 0.00021474 0.00021475 0.00021474 0.00021476 0.00021475 0.00021474 0.00021473 0.00021472 0.00021514 0.00021829 0.00022951 0.00022979 0.00022907 0.00022997 0.0002293 0.00022871 0.00022841 0.00022781 0.00022742 0.00022555 0.00022221 0.00022052 0.00021978 0.00021891 0.00021868 0.00021849 0.00021874 0.00021931 0.00022012 0.00022191 0.00022245 0.00022335 0.00022421 0.00022429 0.00022493 0.00022512 0.00022475 0.00022246 0.00021987 0.00021712 0.00021563 0.00021505 0.00021487 0.00021476 0.00021486 0.00021503 0.00021584 0.00021644 0.00021695 0.00021702 0.00021739 0.00021766 0.00021785 0.00021884 0.00021987 0.00022014 0.0002206 0.00022105 0.00022253 0.00021913 0.00022783
0.00022364 0.00022474 0.00022504 0.00022603 0.00022229 0.00022594 0.00022628 0.000227 0.00022822 0.00022853 0.00022917 0.00022978 0.00023 0.00022987 0.00023022 0.000224 0.00022081 0.00022023 0.00021798 0.00021807 0.00021477 0.00020639 0.00018769 0.00017689 0.00019828 0.00021452 0.00021476 0.00021476 0.00021474 0.00021477 0.00021477 0.00021475 0.00021474 0.00021475 0.00021476 0.00021476 0.00021476 0.00021475 0.00021444 0.00021438 0.00021459 0.00021466 0.00021472 0.00021475 0.00021477 0.00021474 0.00021472 0.00021472 0.00021475 0.00021481 0.00021489 0.00021525 0.00021517 0.00021473 0.00021473 0.00021483 0.00021484 0.00021491 0.00021495 0.00021501 0.00021509 0.00021525 0.00021568 0.00021765 0.00021922 0.00022213 0.00022361 0.00022531 0.00022732 0.00022783 0.00022633 0.00022795 0.00022714 0.00022539 0.00022619 0.00022326 0.00022065 0.00022105 0.00022025 0.00021812 0.00021739 0.00021618 0.00021762 0.00022002 0.00021672 0.00021698 0.00021708 0.0002257 0.00021699 0.0002179 0.00021702 0.00021681 0.00021597 0.00021578 0.0002161 0.00021644 0.00021614 0.00021619 0.00021617 0.00021667 0.00021658 0.00021608 0.00021527 0.00021512 0.00021559 0.0002155 0.00021551 0.00021542 0.0002148 0.00021473 0.00021478 0.00021479 0.00021474 0.00021472 0.00021472 0.00021471 0.00021472 0.00021477 0.00021474 0.00021473 0.00021473 0.00021473 0.00021474 0.00021473 0.00021473 0.00021472 0.00021491 0.00021538 0.00021896 0.00022794 0.00022931 0.00022954 0.00022922 0.00022875 0.00022854 0.00022854 0.00022799 0.00022676 0.00022568 0.00022409 0.00022236 0.00022293 0.00022171 0.0002217 0.00022154 0.00022272 0.000223 0.00022363 0.00022442 0.00022509 0.00022566 0.00022566 0.00022579 0.00022655 0.00022618 0.00022607 0.00022424 0.00021971 0.00021714 0.00021518 0.00021481 0.00021472 0.00021472 0.00021472 0.00021473 0.00021531 0.00021602 0.00021625 0.00021623 0.00021668 0.00021728 0.00021809 0.00021898 0.00021975 0.00021959 0.0002206 0.0002229 0.00022276 0.00022198 0.00022398
0.00022367 0.00022502 0.00022604 0.00022645 0.00022687 0.0002261 0.00022641 0.00022753 0.00022872 0.00022928 0.00022989 0.00023062 0.00023085 0.00023091 0.00023118 0.00022498 0.00022126 0.00021915 0.00021605 0.00021708 0.00021495 0.00020671 0.00018829 0.00018093 0.00019596 0.00021447 0.00021473 0.00021472 0.00021472 0.00021473 0.00021477 0.00021476 0.00021473 0.00021472 0.00021472 0.00021476 0.00021477 0.00021476 0.00021471 0.00021468 0.0002147 0.00021471 0.00021473 0.00021475 0.00021477 0.00021475 0.00021471 0.00021473 0.00021478 0.00021482 0.00021489 0.00021532 0.00021498 0.00021508 0.00021472 0.00021477 0.00021485 0.0002149 0.00021499 0.00021501 0.00021525 0.00021527 0.00021633 0.00021919 0.00022176 0.00022399 0.00022674 0.00022755 0.00022925 0.00022931 0.00023026 0.00022925 0.00022888 0.00022793 0.00022718 0.00022334 0.00022236 0.00022263 0.00022536 0.00021885 0.00021775 0.00021707 0.00021759 0.00021784 0.00022507 0.00021651 0.00021688 0.00021618 0.0002169 0.00021718 0.00021727 0.0002173 0.00021891 0.00021656 0.00021643 0.00021678 0.00021651 0.00021651 0.00021644 0.00021664 0.00021673 0.00021573 0.00022036 0.00021571 0.00021619 0.00021517 0.00021495 0.00021538 0.00021493 0.00021487 0.00021479 0.00021475 0.00021472 0.00021472 0.00021472 0.00021475 0.00021474 0.00021472 0.00021474 0.00021472 0.00021472 0.00021474 0.00021473 0.00021472 0.00021472 0.00021472 0.00021484 0.00021477 0.0002167 0.00022145 0.00022622 0.00022888 0.00022838 0.00022829 0.00022811 0.00022763 0.00022755 0.0002272 0.00022642 0.00022576 0.00022562 0.00022556 0.00022651 0.00022565 0.00022585 0.00022565 0.0002266 0.00022674 0.00022691 0.00022753 0.00022803 0.00022759 0.00022859 0.00022819 0.00022804 0.00022673 0.00022498 0.00021973 0.00021616 0.00021492 0.00021472 0.00021474 0.00021475 0.00021473 0.00021473 0.00021477 0.0002153 0.00021565 0.00021594 0.00021634 0.00021702 0.00021797 0.00021896 0.0002198 0.00022013 0.00022182 0.00021956 0.00022367 0.00022322 0.00022425
0.00022696 0.00022607 0.00022585 0.00022754 0.00022846 0.00022838 0.00022815 0.00022894 0.00023002 0.0002303 0.00023105 0.00023129 0.00023162 0.00023171 0.00023169 0.00022494 0.0002212 0.00021687 0.00021613 0.00021765 0.00021626 0.00021134 0.00020569 0.00020245 0.00020844 0.00021476 0.00021472 0.00021472 0.00021471 0.00021472 0.00021475 0.00021477 0.00021473 0.00021468 0.00021464 0.00021461 0.00021476 0.00021476 0.00021475 0.00021474 0.00021473 0.00021473 0.00021474 0.00021475 0.00021477 0.00021475 0.00021472 0.00021473 0.00021475 0.00021481 0.00021481 0.00021505 0.0002154 0.00021574 0.00021475 0.00021477 0.00021479 0.00021486 0.0002149 0.00021507 0.00021524 0.00021535 0.00021741 0.00021952 0.00022225 0.00022788 0.00022862 0.00022916 0.0002301 0.00023034 0.00023039 0.00023006 0.00022872 0.00022892 0.00022798 0.0002251 0.00022435 0.00022466 0.00022158 0.00021892 0.00021862 0.00022021 0.0002185 0.00021776 0.00021648 0.00021749 0.00021857 0.00021699 0.00021721 0.00021761 0.00021715 0.00021715 0.00021671 0.00021658 0.00021732 0.00021694 0.00021662 0.00021675 0.0002167 0.00021668 0.00021701 0.00021588 0.00021544 0.00021631 0.00021522 0.00021549 0.00021615 0.00021475 0.00021495 0.00021544 0.00021474 0.00021472 0.00021472 0.00021472 0.00021473 0.00021476 0.00021472 0.00021472 0.00021477 0.00021472 0.00021473 0.00021473 0.00021474 0.00021473 0.00021471 0.00021472 0.00021481 0.00021475 0.00021505 0.00021621 0.00022057 0.00022186 0.00022512 0.00022603 0.00022599 0.00022738 0.00022731 0.00022735 0.00022734 0.00022712 0.00022739 0.00022826 0.00022825 0.00022839 0.00022865 0.00022844 0.00022911 0.00022943 0.00022946 0.00022906 0.00022957 0.00022926 0.00022958 0.00022876 0.00022916 0.00022913 0.00022726 0.00022043 0.00021587 0.00021474 0.00021475 0.00021476 0.00021477 0.00021477 0.00021474 0.00021472 0.00021495 0.00021523 0.00021558 0.0002162 0.00021715 0.00021795 0.00021885 0.00021955 0.00022098 0.0002214 0.00021945 0.00022417 0.00022419 0.00022505
0.00022673 0.00022721 0.00022763 0.00022845 0.00022894 0.00022963 0.00023007 0.00023077 0.00023119 0.00023136 0.00023178 0.00023186 0.00023198 0.00023194 0.00023198 0.00022544 0.0002199 0.00021641 0.00021755 0.00021889 0.00021903 0.00021477 0.00021473 0.00021425 0.00021473 0.00021505 0.00021478 0.00021475 0.00021472 0.00021473 0.00021476 0.00021477 0.00021474 0.00021466 0.00021458 0.00021455 0.00021474 0.00021476 0.00021476 0.00021473 0.00021473 0.0002147 0.00021474 0.00021476 0.00021476 0.00021474 0.00021472 0.00021472 0.00021472 0.00021475 0.00021479 0.00021485 0.00021504 0.00021553 0.00021509 0.00021484 0.00021599 0.00022038 0.00021867 0.0002158 0.00021541 0.00021507 0.00021768 0.00021978 0.00022286 0.00022774 0.0002296 0.00023022 0.00023102 0.00023137 0.00023078 0.00023139 0.00022886 0.00023073 0.00022985 0.0002276 0.00022707 0.00022734 0.00022642 0.00022183 0.00021917 0.00021732 0.00021646 0.00021742 0.00021682 0.0002172 0.00021735 0.00021752 0.00021742 0.00021673 0.00021772 0.00021792 0.00021752 0.00021705 0.00021793 0.00021817 0.00021912 0.00021611 0.00021755 0.00021737 0.00021674 0.00021604 0.00021551 0.00021604 0.0002161 0.00021587 0.00021585 0.00021532 0.00021492 0.00021511 0.00021484 0.00021474 0.00021474 0.00021472 0.00021472 0.00021472 0.00021474 0.00021472 0.00021476 0.00021472 0.00021473 0.00021471 0.00021526 0.00021487 0.00021472 0.00021472 0.00021473 0.00021478 0.00021483 0.00021534 0.00021634 0.00021779 0.00021966 0.00022163 0.00022414 0.00022633 0.00022729 0.00022783 0.00022846 0.00022873 0.00022882 0.0002303 0.00022951 0.00023069 0.0002312 0.00023165 0.00023206 0.00023164 0.00023286 0.00023213 0.00023229 0.0002319 0.00023166 0.00023168 0.00023199 0.00023098 0.00023023 0.00022169 0.00021572 0.00021472 0.00021474 0.00021477 0.00021477 0.0002144 0.00021469 0.00021474 0.00021477 0.00021508 0.00021566 0.00021622 0.00021716 0.0002181 0.00021934 0.00022041 0.00022207 0.00022099 0.00022335 0.00022416 0.00022211 0.00022625
0.00022754 0.00022788 0.00022773 0.00022943 0.00023042 0.00023043 0.00023106 0.0002312 0.0002314 0.00023181 0.00023208 0.0002321 0.00023211 0.00023216 0.0002322 0.00022611 0.0002188 0.00021717 0.00021755 0.00021676 0.00021922 0.00021836 0.00021821 0.00021808 0.00021634 0.00021526 0.00021473 0.00021478 0.00021471 0.00021474 0.00021477 0.00021476 0.00021472 0.00021463 0.00021455 0.00021433 0.00021436 0.00021476 0.00021476 0.00021473 0.00021474 0.00021473 0.00021475 0.00021458 0.00021477 0.00021474 0.00021472 0.00021471 0.00021472 0.00021473 0.00021472 0.00021477 0.00021479 0.00021588 0.00021478 0.0002148 0.00021484 0.00021481 0.0002164 0.00022203 0.00022322 0.00021626 0.00021874 0.00022473 0.00022763 0.00023018 0.00023096 0.00023109 0.00023159 0.00023204 0.00023192 0.00023159 0.00023113 0.00023047 0.00022827 0.00022917 0.00022895 0.0002296 0.00023066 0.00022467 0.00022227 0.00021831 0.00021768 0.00021872 0.00021882 0.00021784 0.00021826 0.00021787 0.00021801 0.00021703 0.00021765 0.00021893 0.00021786 0.00021794 0.00021801 0.00021973 0.00021848 0.00021767 0.00021715 0.00021758 0.00021593 0.00021606 0.00021654 0.00021609 0.00021578 0.00021702 0.00021648 0.00021524 0.00021569 0.00021541 0.00021488 0.00021508 0.00021499 0.00021499 0.00021546 0.00021472 0.00021477 0.00021474 0.00021472 0.00021475 0.00021473 0.00021473 0.00021473 0.00021472 0.00021471 0.00021472 0.00021471 0.00021471 0.00021489 0.00021477 0.00021592 0.00021798 0.00021787 0.00022008 0.00022461 0.00022713 0.00022803 0.0002296 0.00023012 0.00023056 0.00023145 0.00023194 0.0002325 0.00023343 0.00023442 0.00023535 0.00023596 0.00023618 0.00023609 0.00023552 0.00023491 0.00023456 0.00023475 0.00023418 0.0002335 0.0002327 0.00023127 0.00022944 0.00021751 0.00021488 0.00021475 0.00021477 0.00021443 0.00020208 0.00021427 0.00021475 0.00021478 0.00021518 0.00021561 0.00021636 0.0002179 0.0002179 0.00021968 0.00022098 0.00022312 0.00022345 0.00022443 0.0002242 0.00022611 0.00022675
0.0002289 0.00022944 0.00022969 0.00022947 0.0002312 0.00023039 0.00023193 0.00023218 0.00023218 0.00023221 0.00023228 0.0002323 0.00023222 0.00023219 0.00023224 0.00022774 0.00021966 0.00021727 0.00021761 0.00021734 0.00021706 0.00021751 0.00021549 0.00021599 0.00021608 0.00021548 0.00021506 0.00021472 0.00021473 0.00021475 0.00021477 0.00021475 0.0002147 0.00021461 0.00021434 0.00021429 0.00021445 0.00021477 0.00021477 0.00021475 0.00021476 0.00021476 0.00021477 0.00021458 0.00021476 0.00021474 0.00021472 0.00021471 0.00021471 0.00021472 0.00021473 0.00021472 0.00021482 0.00021506 0.00021569 0.00021644 0.00021614 0.00021749 0.00021818 0.00022273 0.00021913 0.00021573 0.00022744 0.00022882 0.00022996 0.00023056 0.00023054 0.00023131 0.00023226 0.00023248 0.00023073 0.00023202 0.00023209 0.00023137 0.00022941 0.00023164 0.00023005 0.0002307 0.00023141 0.00023113 0.00022445 0.00022228 0.00022077 0.00022002 0.00022032 0.00021882 0.00021794 0.00021757 0.00021802 0.0002181 0.00021836 0.00021857 0.0002181 0.0002178 0.00021833 0.00021756 0.00021872 0.00021823 0.00021671 0.00021598 0.00021876 0.00021574 0.00021648 0.00021654 0.00021514 0.00021796 0.00021484 0.00021548 0.00021572 0.00021521 0.00021516 0.0002153 0.00021521 0.00021511 0.00021497 0.00021513 0.00021499 0.00021602 0.00021477 0.00021471 0.00021474 0.00021521 0.00021472 0.00021473 0.00021476 0.00021473 0.00021475 0.00021474 0.00021517 0.0002148 0.00021617 0.00021714 0.00021926 0.0002233 0.00022684 0.00022886 0.00023065 0.00023078 0.00023155 0.0002325 0.00023321 0.0002345 0.00023529 0.00023691 0.00023823 0.00023852 0.00023904 0.00023859 0.00023855 0.0002378 0.00023731 0.00023737 0.00023631 0.00023531 0.00023409 0.00023321 0.00023182 0.00023012 0.00022374 0.00021506 0.00021472 0.00021476 0.00021474 0.00021458 0.00021474 0.00021472 0.00021503 0.00021549 0.00021591 0.00021671 0.00021706 0.00021957 0.00022076 0.00022206 0.00022385 0.00022516 0.00022521 0.00022573 0.00022691 0.00022817
0.00023037 0.00023074 0.00023132 0.00023179 0.0002324 0.00023226 0.00023264 0.00023286 0.00023289 0.00023268 0.00023276 0.00023282 0.00023269 0.00023126 0.00023259 0.00023211 0.00022602 0.00021871 0.00021676 0.00021693 0.00021698 0.0002172 0.00021543 0.00021524 0.00021674 0.00021579 0.00021478 0.00021471 0.00021473 0.00021476 0.00021477 0.00021474 0.0002147 0.0002146 0.00021399 0.00021423 0.00021464 0.00021477 0.00021477 0.00021476 0.00021477 0.00021477 0.00021477 0.00021477 0.00021476 0.00021474 0.00021472 0.00021471 0.00021471 0.00021474 0.00021473 0.00021471 0.00021471 0.0002151 0.00021524 0.00021548 0.00021553 0.0002171 0.00021775 0.00021965 0.00021926 0.00022211 0.0002263 0.00022428 0.00022197 0.000229 0.00022983 0.00023101 0.00023222 0.00023281 0.00023228 0.00023312 0.00023276 0.0002332 0.00023288 0.00023247 0.00023166 0.00023205 0.00023262 0.00023292 0.00023254 0.00022569 0.0002235 0.00022175 0.0002224 0.00021943 0.00021848 0.00023628 0.00021866 0.00021818 0.00021894 0.0002203 0.00021871 0.00021887 0.00021752 0.00021787 0.00021863 0.00021847 0.00021692 0.00021688 0.00021625 0.00021677 0.00021643 0.00021664 0.00021572 0.00021537 0.00021496 0.00021519 0.00021529 0.00021494 0.00021525 0.00021517 0.00021569 0.0002167 0.00021641 0.00021632 0.00021524 0.00021477 0.00021474 0.00021473 0.00021481 0.00021473 0.00021472 0.00021473 0.00021471 0.00021479 0.00021586 0.00021695 0.00021674 0.00021766 0.00021851 0.00022021 0.00022465 0.00022643 0.00022833 0.0002308 0.00023147 0.00023262 0.00023398 0.00023525 0.0002365 0.00023764 0.0002393 0.00024039 0.00024103 0.00024213 0.00024174 0.00024032 0.00024111 0.00023998 0.00023952 0.0002384 0.00023734 0.00023592 0.00023508 0.00023441 0.00023316 0.00023198 0.00022761 0.00021757 0.00021502 0.00021472 0.00021474 0.00021474 0.00021471 0.00021513 0.00021559 0.00021593 0.00021632 0.00021695 0.00021901 0.00022032 0.00022219 0.00022392 0.00022565 0.000227 0.00022722 0.00022751 0.00022912 0.00022988
0.00023239 0.00023186 0.00023279 0.0002329 0.00023298 0.00023295 0.00023316 0.00023357 0.00023365 0.00023334 0.00023316 0.00023331 0.00023332 0.00023316 0.00023299 0.00023265 0.00022899 0.00022387 0.00022139 0.00022089 0.00021926 0.00021849 0.00021677 0.00021658 0.00021763 0.00021486 0.00021474 0.00021472 0.00021475 0.00021477 0.00021477 0.00021476 0.00021468 0.00021461 0.00021442 0.00021444 0.00021465 0.00021477 0.00021477 0.00021477 0.00021477 0.00021476 0.00021475 0.00021475 0.00021474 0.00021473 0.00021472 0.00021472 0.00021472 0.00021475 0.00021472 0.00021472 0.00021472 0.00021477 0.00021482 0.00021493 0.00021524 0.00021538 0.0002159 0.00021897 0.00021769 0.00022134 0.00022296 0.00022467 0.00022726 0.00022761 0.00022961 0.00023054 0.00023098 0.00023286 0.00023322 0.00023321 0.0002338 0.00023449 0.0002341 0.00023514 0.00023288 0.00023345 0.00023404 0.00023326 0.00023307 0.00023193 0.00022787 0.00023008 0.00022539 0.00022273 0.00021976 0.00021821 0.00021937 0.00021996 0.00022033 0.00021941 0.00021869 0.00021818 0.00022128 0.00021917 0.00021799 0.00021701 0.00021669 0.00021785 0.00021621 0.00021637 0.000217 0.00021692 0.00021601 0.00021584 0.00021509 0.00021513 0.00021535 0.00021509 0.00021501 0.00021497 0.00021569 0.00021628 0.00021602 0.00021599 0.00021506 0.00021478 0.00021489 0.00021494 0.00021486 0.0002158 0.00021474 0.00021472 0.00021489 0.00021478 0.00021524 0.00021772 0.00021719 0.00021851 0.00022042 0.00022428 0.00022545 0.0002282 0.00022984 0.00023141 0.00023295 0.00023464 0.00023689 0.00023835 0.0002394 0.00024074 0.00024382 0.00024249 0.00024361 0.00024425 0.00024385 0.00024315 0.00024263 0.00024161 0.00024015 0.00023938 0.00024012 0.00023723 0.00023711 0.00023612 0.00023491 0.00023377 0.00023055 0.00022604 0.00021807 0.00021614 0.00021549 0.00021537 0.00021518 0.00021482 0.00021652 0.00021656 0.00021694 0.0002176 0.00021629 0.00022975 0.00022482 0.00021924 0.00022807 0.00022478 0.00022942 0.0002298 0.00023014 0.00023177
0.00023385 0.00022894 0.00023302 0.00023307 0.00023375 0.00023355 0.00023361 0.00023398 0.00023371 0.00023386 0.00023376 0.00023393 0.00023389 0.0002337 0.00023406 0.00023374 0.00023322 0.00022963 0.00022351 0.00021816 0.00021906 0.00021893 0.00021949 0.0002186 0.0002153 0.00021477 0.00021472 0.00021472 0.00021474 0.00021477 0.00021476 0.00021472 0.00021463 0.00021449 0.00021435 0.0002144 0.00021463 0.00021476 0.00021477 0.00021477 0.00021476 0.00021475 0.00021474 0.00021474 0.00021475 0.00021473 0.00021473 0.00021474 0.00021475 0.00021473 0.00021472 0.00021472 0.00021473 0.00021472 0.00021479 0.00021506 0.00021531 0.00021549 0.00021541 0.00021559 0.00021552 0.00021559 0.00021753 0.00022441 0.0002245 0.00022949 0.00023055 0.00023099 0.00023148 0.00023278 0.00023388 0.00023555 0.00023559 0.00023562 0.00023529 0.00023645 0.00023589 0.00023604 0.00023583 0.00023408 0.00023529 0.00023497 0.00023281 0.00022971 0.00022688 0.00022371 0.00022106 0.00021954 0.00022164 0.00022011 0.00021985 0.00021773 0.00021929 0.00021918 0.00021927 0.00021801 0.00021844 0.00021697 0.00021798 0.00021834 0.00021594 0.00021579 0.00021655 0.00021553 0.00021819 0.00021524 0.0002154 0.00021501 0.00021532 0.00021483 0.00021475 0.00021484 0.00021531 0.00021564 0.00021537 0.00021499 0.00021496 0.00021517 0.00021491 0.00021571 0.00021548 0.00021578 0.00021558 0.00021484 0.00021514 0.00021626 0.00021646 0.00021814 0.00021946 0.0002223 0.00022356 0.00022625 0.00022778 0.00022959 0.00023125 0.000233 0.00023499 0.00023753 0.00023921 0.00024028 0.00024205 0.00024293 0.00024402 0.00024486 0.0002464 0.0002448 0.00024425 0.00024399 0.00024342 0.00024084 0.00024168 0.00024095 0.00023992 0.00023837 0.00023687 0.00023811 0.00023759 0.00023619 0.00023479 0.00023333 0.00023083 0.00022783 0.00022618 0.00022265 0.00021954 0.00021625 0.0002197 0.0002182 0.00021779 0.00021888 0.00021939 0.00022448 0.00022728 0.00022814 0.00022972 0.00023061 0.00023106 0.00023212 0.00023279 0.00023349
0.00023499 0.00023433 0.00023433 0.00023392 0.0002342 0.00023401 0.00023418 0.00023415 0.00023404 0.00023422 0.0002344 0.00023433 0.00023425 0.00023402 0.00023446 0.00023383 0.00023426 0.00023338 0.00022881 0.00021535 0.00021744 0.00021859 0.00021773 0.00021564 0.00021473 0.00021477 0.00021472 0.00021472 0.00021476 0.00021477 0.00021471 0.00021454 0.00021428 0.0002141 0.00021397 0.00021392 0.00021421 0.00021453 0.00021476 0.00021476 0.00021474 0.00021474 0.00021473 0.00021474 0.00021477 0.00021477 0.00021472 0.00021472 0.00021473 0.00021474 0.00021472 0.00021472 0.00021473 0.00021472 0.00021474 0.00021505 0.00021538 0.00021568 0.00021575 0.00021589 0.00021598 0.00021583 0.00021735 0.00022415 0.0002286 0.00023 0.00023088 0.00023095 0.00023205 0.00023311 0.00023364 0.00023607 0.00023537 0.00023661 0.00023692 0.00023789 0.00023769 0.0002386 0.00023758 0.00023661 0.00023622 0.00023555 0.00023569 0.0002297 0.00022784 0.00022487 0.00022387 0.00022277 0.00022127 0.00022198 0.00021843 0.00021875 0.00021903 0.00022079 0.0002224 0.0002178 0.00021829 0.00021749 0.00021831 0.00021738 0.00021737 0.00021701 0.00021682 0.00021649 0.00021632 0.00021548 0.00021515 0.0002166 0.0002151 0.00021476 0.00021543 0.0002148 0.00021484 0.00021479 0.00021475 0.00021474 0.00021482 0.00021495 0.00021509 0.00021632 0.00021651 0.00021621 0.00021914 0.00021792 0.00021716 0.00021895 0.00021891 0.00021961 0.00022165 0.00022348 0.00022571 0.0002279 0.000229 0.00023091 0.00023227 0.00023465 0.00023662 0.00023914 0.00024105 0.0002426 0.00024324 0.00024411 0.00024594 0.00024696 0.00024758 0.00024723 0.00024611 0.00024586 0.00024417 0.00024387 0.00024263 0.00023958 0.00024109 0.0002396 0.00023927 0.00023901 0.00023817 0.0002371 0.00023696 0.00023575 0.00023488 0.00023294 0.00023218 0.00023149 0.00022939 0.0002281 0.00022522 0.00022145 0.00022002 0.00022045 0.00022058 0.00022355 0.00022395 0.00022934 0.00023031 0.00023115 0.00023223 0.00023382 0.00023478 0.00023519
0.00023612 0.00023477 0.0002349 0.00023407 0.00023482 0.00023451 0.00023478 0.0002347 0.00023437 0.00023447 0.00023462 0.00023467 0.0002346 0.00023424 0.00023393 0.00023371 0.00023341 0.00023268 0.00023227 0.00021784 0.0002177 0.00021715 0.00021603 0.00021522 0.00021479 0.00021479 0.00021472 0.00021472 0.00021475 0.00021474 0.00021446 0.00021401 0.00021336 0.00021284 0.00021283 0.00021325 0.00021363 0.00021374 0.0002144 0.00021475 0.00021475 0.00021473 0.00021472 0.00021472 0.00021473 0.00021474 0.00021473 0.00021472 0.00021472 0.00021473 0.00021473 0.00021474 0.00021475 0.00021476 0.00021472 0.00021479 0.0002153 0.00021558 0.00021569 0.00021564 0.00021591 0.00021572 0.00021895 0.00022524 0.00022851 0.00022995 0.00023087 0.00023159 0.00023223 0.0002339 0.0002344 0.00023568 0.00023626 0.00023782 0.00023818 0.00023936 0.00024038 0.00024004 0.00023987 0.00023859 0.00023897 0.00023832 0.00023733 0.00023676 0.00023435 0.00023274 0.0002321 0.00023027 0.00022702 0.00023037 0.00022138 0.00022019 0.00021884 0.0002186 0.00021988 0.00021874 0.00021941 0.00022093 0.00021784 0.00021982 0.00021824 0.00021964 0.00021752 0.00022075 0.00021818 0.00021794 0.00021616 0.0002156 0.00021528 0.0002149 0.00021481 0.00021477 0.00021476 0.00021472 0.00021472 0.00021472 0.00021476 0.00021523 0.00021943 0.00021786 0.00021707 0.00021624 0.000217 0.00021648 0.0002189 0.00021976 0.00022031 0.00022071 0.00022392 0.0002253 0.00022735 0.00022948 0.0002307 0.00023186 0.00023455 0.00023663 0.00023783 0.00024039 0.00024197 0.00024425 0.00024519 0.00024674 0.00024803 0.00024826 0.00024862 0.00024889 0.00024833 0.00024705 0.0002467 0.0002452 0.00024446 0.00024365 0.000243 0.00024146 0.00024265 0.00024213 0.00024021 0.00023831 0.00023835 0.00023667 0.0002351 0.00023427 0.00023205 0.00023117 0.00022904 0.00022831 0.00022612 0.00022393 0.00022244 0.00022235 0.00022183 0.00022444 0.00022351 0.00023058 0.00023101 0.00023196 0.00023389 0.00023425 0.00023521 0.00023543
0.00023564 0.00023533 0.00023551 0.00023491 0.0002318 0.00023503 0.00023511 0.00023311 0.00023494 0.00023482 0.00023454 0.0002346 0.00023405 0.00023399 0.0002337 0.00023333 0.00023327 0.00023355 0.00023181 0.00022741 0.00021629 0.00021582 0.00021674 0.00021536 0.00021531 0.00021482 0.00021474 0.00021471 0.00021476 0.00021462 0.00021393 0.00021279 0.00021175 0.00021158 0.00021097 0.00021142 0.00021316 0.00021341 0.00021381 0.00021455 0.00021477 0.00021472 0.00021472 0.00021472 0.00021473 0.00021473 0.00021474 0.00021476 0.00021473 0.00021472 0.00021472 0.00021474 0.00021476 0.00021477 0.00021476 0.00021471 0.00021491 0.0002152 0.00021546 0.00021542 0.0002166 0.00021681 0.00021705 0.0002217 0.00022877 0.0002306 0.00023109 0.00023157 0.00023305 0.00023426 0.00023575 0.00023704 0.00023729 0.00023917 0.00024021 0.00024083 0.0002413 0.00024175 0.00024178 0.00024273 0.00024006 0.00024004 0.00023957 0.00023901 0.00023757 0.00023337 0.00023472 0.00023253 0.00022892 0.00022832 0.00022652 0.00022273 0.00022259 0.00022197 0.00022147 0.00021965 0.0002187 0.00021837 0.00022127 0.00021985 0.00022057 0.00022869 0.00022052 0.00021746 0.00022224 0.00021694 0.00021643 0.00021622 0.00021573 0.0002158 0.00021517 0.00021481 0.00021662 0.00021474 0.00021475 0.00021497 0.00021482 0.00021501 0.00021876 0.00021905 0.00021925 0.00021912 0.00021937 0.00022033 0.00022061 0.00022129 0.00022217 0.00022398 0.00022496 0.00022711 0.00022883 0.00023072 0.00023131 0.00023391 0.00023553 0.00023782 0.00023939 0.00024083 0.00024346 0.00024401 0.0002476 0.00024893 0.00024941 0.00024942 0.0002494 0.00024963 0.00024874 0.00024849 0.00024752 0.00024819 0.0002462 0.00024574 0.00024426 0.00024392 0.00024334 0.00024283 0.00024194 0.0002394 0.00023679 0.00023732 0.00023556 0.00023452 0.00023288 0.00023114 0.00022909 0.00022896 0.00022743 0.00022617 0.00022544 0.00022447 0.00022372 0.00022106 0.00021683 0.0002311 0.00023163 0.00023196 0.00023382 0.00023505 0.0002356 0.00023523
0.00023553 0.00023569 0.00023594 0.00023575 0.00023546 0.00023524 0.00023485 0.00023513 0.00023487 0.0002347 0.00023468 0.00023476 0.0002343 0.00023456 0.00023361 0.00023382 0.00023319 0.00023114 0.00023006 0.00022727 0.00022275 0.00021978 0.00021757 0.0002165 0.00021556 0.00021505 0.00021485 0.00021472 0.00021477 0.00021454 0.0002136 0.00021257 0.00021211 0.00021198 0.00021067 0.0002114 0.00021296 0.00021357 0.00021406 0.00021465 0.00021476 0.00021472 0.00021472 0.00021472 0.00021476 0.00021472 0.00021474 0.00021476 0.00021474 0.00021475 0.00021475 0.00021476 0.00021476 0.00021475 0.00021473 0.00021472 0.00021477 0.00021515 0.00021519 0.00021511 0.00021576 0.00021691 0.00021701 0.00022063 0.00022716 0.00023141 0.00023213 0.00023145 0.00023364 0.00023512 0.00023621 0.00023802 0.00023898 0.00024016 0.00024146 0.00024247 0.00024294 0.00024324 0.0002433 0.00024309 0.00024271 0.00024238 0.00024144 0.00024316 0.00024278 0.00023893 0.00023664 0.00023591 0.00023316 0.00023348 0.00022833 0.00023238 0.00022926 0.00022641 0.00022712 0.00022265 0.0002208 0.00022462 0.00021929 0.0002218 0.00023007 0.00023011 0.0002294 0.00021883 0.00022103 0.00021618 0.00021579 0.00021718 0.00021741 0.00021657 0.00021581 0.00021647 0.00022256 0.00021891 0.00021551 0.0002162 0.00022022 0.00021563 0.0002198 0.00021906 0.00021957 0.00021948 0.0002219 0.00022235 0.00022344 0.00022266 0.00022434 0.00022471 0.00022707 0.00022926 0.00023023 0.00023089 0.00023254 0.00023428 0.00023726 0.00023906 0.00024111 0.00024216 0.00024543 0.00024682 0.00024785 0.00024968 0.00024993 0.00024985 0.00024974 0.00024931 0.00024955 0.00024917 0.00024876 0.00024773 0.000247 0.00024724 0.00024701 0.00024577 0.00024453 0.00024324 0.00024209 0.00024119 0.00023958 0.000238 0.00023613 0.00023419 0.00023308 0.00023156 0.00022959 0.00022957 0.00022887 0.00022789 0.00022776 0.00022594 0.00021968 0.00022188 0.00021976 0.00022977 0.00023145 0.00023286 0.0002333 0.00023492 0.00023496 0.00023576
0.00023553 0.00023612 0.00023614 0.0002358 0.00023554 0.00023544 0.00023521 0.00023502 0.00023492 0.00023502 0.00023474 0.00023534 0.00023486 0.00023493 0.00023393 0.00023359 0.00023248 0.00023101 0.0002282 0.00022442 0.00022162 0.00021965 0.00021795 0.00021683 0.00021598 0.00021545 0.000215 0.00021479 0.00021473 0.00021476 0.00021436 0.00021355 0.00021299 0.00021278 0.00021263 0.00021282 0.00021348 0.00021384 0.00021472 0.00021475 0.00021472 0.00021473 0.00021472 0.00021471 0.00021472 0.00021474 0.00021472 0.00021477 0.00021475 0.00021474 0.00021475 0.00021474 0.00021477 0.00021475 0.00021472 0.00021472 0.00021472 0.00021493 0.00021526 0.00021609 0.00021599 0.00021617 0.00021705 0.00022076 0.00022701 0.00023193 0.00023355 0.00023409 0.00023503 0.00023628 0.00023831 0.00023937 0.00024138 0.00024208 0.00024564 0.00024324 0.00024428 0.00024365 0.00024444 0.00024448 0.00024402 0.00024382 0.00024233 0.00024256 0.00024302 0.00024034 0.00023949 0.0002368 0.00023603 0.00023632 0.00023492 0.00023395 0.00023373 0.00023208 0.00022965 0.00022581 0.00022418 0.00022276 0.00022752 0.00022896 0.00023101 0.00022985 0.00022386 0.0002287 0.00022377 0.00022824 0.00022624 0.00022797 0.0002162 0.00021591 0.00021549 0.00022035 0.0002159 0.00021529 0.0002213 0.00022176 0.00022041 0.00021944 0.00021979 0.00022106 0.00022146 0.00022156 0.00022517 0.00022769 0.00022475 0.00022469 0.00022521 0.00022789 0.00022954 0.00023026 0.00022975 0.0002324 0.00023272 0.00023511 0.00023752 0.0002403 0.00024201 0.00024249 0.00024531 0.00024727 0.00024881 0.00024966 0.00024924 0.00024786 0.00024983 0.00024924 0.00024883 0.00024797 0.00024944 0.00024667 0.00024707 0.00024676 0.00024597 0.00024548 0.00024554 0.00024408 0.00024267 0.00024204 0.00023879 0.00023797 0.00023601 0.00023412 0.000232 0.00023132 0.00023048 0.00022978 0.00022867 0.00022912 0.00022889 0.00022677 0.00022381 0.00022168 0.00021847 0.00022899 0.00023255 0.00023266 0.00023448 0.00023485 0.00023554 0.00023621
0.00023661 0.00023659 0.00023611 0.00023614 0.000236 0.00023573 0.0002355 0.00023509 0.00023492 0.00023529 0.00023525 0.00023473 0.00023462 0.00023419 0.00023395 0.00023276 0.00023114 0.00022911 0.00022632 0.00022374 0.00022113 0.00021942 0.00021812 0.0002173 0.00021675 0.00021617 0.0002156 0.0002151 0.00021476 0.00021473 0.00021477 0.00021475 0.00021473 0.0002141 0.00021353 0.00021334 0.00021395 0.00021467 0.00021477 0.00021472 0.00021474 0.00021478 0.00021477 0.00021482 0.0002149 0.00021504 0.00021511 0.00021488 0.00021472 0.00021475 0.00021477 0.00021475 0.00021472 0.00021471 0.00021471 0.00021474 0.00021529 0.00021502 0.00021527 0.00021635 0.00021701 0.00021866 0.00022021 0.00022308 0.00022739 0.00023272 0.00023338 0.00023531 0.0002366 0.00023808 0.00023901 0.00024141 0.00024237 0.00024357 0.00024348 0.00024528 0.00024519 0.00024527 0.0002463 0.0002463 0.00024464 0.00024514 0.00024449 0.00024408 0.00024321 0.00024242 0.00024009 0.00024076 0.00023954 0.00023725 0.0002368 0.00023781 0.00023521 0.00023388 0.00023348 0.0002326 0.00022886 0.00022686 0.00023072 0.00023045 0.00022644 0.00022386 0.00022192 0.00022926 0.00022423 0.00022833 0.00022884 0.00022906 0.00022306 0.0002198 0.00021724 0.00022145 0.00021968 0.00021878 0.00022185 0.00022003 0.00021877 0.00022141 0.00022184 0.00022273 0.00022237 0.00022439 0.00022543 0.00022705 0.00022707 0.00022793 0.00022831 0.00022857 0.00023019 0.00023093 0.00023192 0.00023222 0.00023477 0.000236 0.00023947 0.00024127 0.00024306 0.00024489 0.00024571 0.00024734 0.00024857 0.00024981 0.00024976 0.00024986 0.0002496 0.00024854 0.00024896 0.00024907 0.00024871 0.00024843 0.00024735 0.00024793 0.00024726 0.00024485 0.00024562 0.00024512 0.00024354 0.00024135 0.00023804 0.00023667 0.00023565 0.00023311 0.00023172 0.00023109 0.00023087 0.00023042 0.00023027 0.00023017 0.00023002 0.0002292 0.00022791 0.00022489 0.00022043 0.00023039 0.00023057 0.00023146 0.00023362 0.00023573 0.00023579 0.00023653
0.00023659 0.00023645 0.00023642 0.00023583 0.00023574 0.0002357 0.00023537 0.00023549 0.00023479 0.0002357 0.0002354 0.00023494 0.00023488 0.00023402 0.00023274 0.00023223 0.00022976 0.00022804 0.00022581 0.00022362 0.0002211 0.00022003 0.00021903 0.0002184 0.0002177 0.00021707 0.00021636 0.00021602 0.00021547 0.00021501 0.0002148 0.00021476 0.00021476 0.00021475 0.00021475 0.00021477 0.00021472 0.00021472 0.00021472 0.00021473 0.00021476 0.0002148 0.00021479 0.00021482 0.00021495 0.00021515 0.00021516 0.0002151 0.00021472 0.00021475 0.00021472 0.00021476 0.00021532 0.00021489 0.000215 0.00021607 0.00021539 0.00021868 0.00021535 0.00021614 0.00021745 0.0002196 0.00022306 0.00022767 0.00023142 0.00023373 0.00023511 0.00023607 0.00023865 0.00023929 0.00024131 0.00024258 0.00024322 0.00024427 0.00024473 0.00024448 0.00024353 0.00024191 0.00024634 0.00024646 0.00024591 0.00024645 0.00024543 0.00024517 0.00024414 0.0002436 0.00024328 0.00024257 0.00024142 0.00024027 0.00023914 0.00023863 0.0002381 0.00023714 0.00023464 0.00023506 0.00023324 0.00023209 0.00023211 0.00023248 0.00023128 0.00023037 0.00023254 0.00022987 0.00022699 0.00022936 0.00022563 0.00022611 0.00022839 0.00022407 0.00022137 0.00022343 0.00022362 0.0002249 0.00022524 0.00021937 0.00022194 0.00022293 0.00022372 0.00022533 0.00022546 0.00022634 0.00022809 0.00022697 0.00022898 0.00022914 0.00022925 0.00022966 0.00023086 0.00023143 0.00023334 0.000234 0.00023578 0.00023726 0.00024363 0.00024408 0.00024323 0.00024441 0.00024589 0.0002471 0.00024841 0.00024965 0.00024968 0.0002492 0.0002493 0.00024897 0.00024865 0.00024861 0.00024759 0.00024871 0.00024826 0.0002479 0.00024659 0.00024646 0.00024637 0.00024444 0.0002425 0.00024038 0.0002388 0.00023119 0.00023272 0.00023474 0.00023279 0.00023244 0.00023186 0.00023136 0.00023142 0.00023073 0.00023091 0.00023059 0.00023011 0.0002285 0.00022921 0.00022996 0.00023094 0.00023312 0.00023361 0.00023514 0.0002357 0.00023663
0.00023676 0.00023648 0.00023642 0.00023591 0.00023625 0.00023615 0.00023591 0.00023584 0.00023543 0.00023542 0.00023564 0.00023486 0.00023462 0.00023332 0.00023205 0.00023075 0.00022875 0.00022744 0.00022579 0.00022385 0.00022214 0.0002213 0.00022024 0.00021933 0.00021821 0.00021762 0.00021728 0.00021685 0.00021656 0.00021618 0.00021587 0.00021561 0.00021542 0.00021527 0.0002151 0.00021516 0.00021522 0.00021517 0.00021491 0.00021481 0.0002148 0.00021488 0.00021486 0.00021476 0.00021482 0.00021494 0.00021497 0.00021498 0.00021596 0.00021471 0.00022008 0.00022262 0.00022423 0.0002204 0.00021996 0.00021617 0.00021635 0.00021642 0.00021968 0.00021666 0.00021955 0.00022247 0.00022718 0.00023076 0.00023179 0.00023522 0.00023704 0.00023884 0.00023927 0.00024181 0.00024203 0.00024313 0.0002443 0.0002446 0.00024497 0.00024516 0.00024571 0.00024672 0.00024726 0.00024714 0.00024721 0.00024647 0.00024632 0.00024578 0.00024547 0.00024468 0.00024454 0.00024293 0.00024241 0.00024178 0.00024096 0.00023977 0.00023803 0.00023713 0.00023622 0.00023632 0.00023483 0.00023509 0.00023499 0.00023434 0.00023174 0.00023323 0.00023014 0.0002309 0.000255 0.00023465 0.00022675 0.00023006 0.00022892 0.00022611 0.00022489 0.00022602 0.00022532 0.00022492 0.00022322 0.00022625 0.00022565 0.00022637 0.00022711 0.00022665 0.00022687 0.00022754 0.00022885 0.00022873 0.00022872 0.00022955 0.00022925 0.00023029 0.00023103 0.00023223 0.00023392 0.00023535 0.00023699 0.00023883 0.00024255 0.00024357 0.00024301 0.00024489 0.00024499 0.00024686 0.00024783 0.00024858 0.00024919 0.00024915 0.00024873 0.00024887 0.0002486 0.00024854 0.00024793 0.00024675 0.00024834 0.0002472 0.00024592 0.00024504 0.00024501 0.00024273 0.00024153 0.00023949 0.0002387 0.00023168 0.00023038 0.0002352 0.00023364 0.0002332 0.00023304 0.00023254 0.00023267 0.00023222 0.00023132 0.00023182 0.00023108 0.00023127 0.0002267 0.000229 0.00023391 0.00023354 0.00023352 0.00023585 0.00023726 0.00023613
0.00023673 0.00023678 0.00023633 0.00023637 0.0002365 0.0002366 0.00023564 0.00023545 0.00023572 0.00023551 0.00023501 0.00023415 0.00023344 0.00023257 0.00023133 0.00022987 0.00022815 0.00022638 0.00022515 0.0002238 0.00022139 0.00022166 0.00022068 0.00021951 0.00021911 0.00021847 0.00021795 0.00021757 0.00021718 0.00021696 0.00021659 0.00021623 0.0002159 0.00021575 0.00021576 0.00021581 0.00021556 0.00021544 0.00021514 0.00021496 0.0002149 0.00021492 0.00021496 0.00021502 0.00021493 0.00021515 0.00021561 0.00021656 0.00021947 0.00022111 0.00022273 0.00022424 0.00022615 0.00022719 0.00022742 0.000223 0.00021747 0.00021689 0.00021801 0.00022179 0.00022413 0.00022793 0.00023062 0.0002346 0.00023489 0.00023666 0.0002381 0.00023997 0.00024146 0.00024247 0.00024398 0.00024508 0.00024579 0.00024587 0.00024651 0.00024684 0.00024702 0.00024604 0.00024901 0.00024975 0.00024737 0.00024717 0.00024762 0.0002446 0.00024637 0.00024551 0.0002441 0.00024367 0.00024414 0.00024283 0.00024242 0.00024146 0.00024024 0.00023915 0.00023825 0.00023752 0.00023664 0.00023466 0.00023643 0.00023498 0.00023477 0.00023458 0.00023025 0.00024837 0.00025528 0.00023286 0.00022437 0.00023004 0.00022938 0.00022802 0.00022801 0.00022772 0.00022761 0.000228 0.00022903 0.00022769 0.00022815 0.00022789 0.00022867 0.00022893 0.00022868 0.0002293 0.00022884 0.00022902 0.00022958 0.00022971 0.00022934 0.00023055 0.0002313 0.0002322 0.00023337 0.00023528 0.0002373 0.00023883 0.00024079 0.0002411 0.00024344 0.0002442 0.00024582 0.00024664 0.00024746 0.00024809 0.00024911 0.00024883 0.00024906 0.0002489 0.00024806 0.00024866 0.0002484 0.0002477 0.00024734 0.00024614 0.00024601 0.00024392 0.00024154 0.00024206 0.00024086 0.00023944 0.00023846 0.00023764 0.00023635 0.00023565 0.00023491 0.00023396 0.00023368 0.00023373 0.00023293 0.0002332 0.00023244 0.0002322 0.00023192 0.0002322 0.00023124 0.00023348 0.00023366 0.00023276 0.00023386 0.00023589 0.0002372 0.00023714
0.00023659 0.00023632 0.0002369 0.00023696 0.00023678 0.00023653 0.00023611 0.00023559 0.00023527 0.00023429 0.00023459 0.00023399 0.00023281 0.0002318 0.00023039 0.00022842 0.00022586 0.00022608 0.00022547 0.00022422 0.00022326 0.00022255 0.00022143 0.00022072 0.00021995 0.00021939 0.00021876 0.00021817 0.00021792 0.00021745 0.00021712 0.00021696 0.0002166 0.00021646 0.00021651 0.00021644 0.00021639 0.00021599 0.00021553 0.00021527 0.00021512 0.00021511 0.00021518 0.00021529 0.00021565 0.00021633 0.00021695 0.00021819 0.00021989 0.00022214 0.00022423 0.00022561 0.00022673 0.00022788 0.00022874 0.00022957 0.00022187 0.00022366 0.00022029 0.00022759 0.00023312 0.00023445 0.00023572 0.00023645 0.00023759 0.00023901 0.00024116 0.00024225 0.00024335 0.00024399 0.00024586 0.00024649 0.00024676 0.00024711 0.00024771 0.00024832 0.00024841 0.00024801 0.00024883 0.00024836 0.00024758 0.00024821 0.00024759 0.000248 0.00024697 0.00024824 0.00024745 0.00024541 0.00024503 0.00024337 0.00024346 0.00024257 0.00024127 0.0002407 0.0002392 0.00023815 0.00023844 0.00024058 0.00023688 0.00023658 0.0002348 0.00023477 0.00023344 0.00023214 0.00022897 0.00022919 0.00022893 0.00023127 0.00023001 0.00023061 0.00022982 0.00022982 0.00022903 0.00022975 0.00022964 0.00022935 0.00023013 0.00023082 0.00022975 0.00023053 0.00022989 0.00022956 0.00022868 0.00022926 0.00022966 0.00022922 0.00022918 0.00023046 0.00023111 0.00023177 0.00023374 0.00023543 0.00023688 0.00023828 0.00023819 0.00024024 0.00024155 0.00024326 0.00024358 0.00024457 0.0002449 0.00024596 0.00024612 0.00024716 0.00024749 0.00024763 0.00024697 0.00024709 0.00024577 0.00024581 0.00024591 0.00024575 0.0002438 0.00024215 0.00024141 0.00024012 0.00024063 0.00023932 0.0002385 0.00023753 0.00023669 0.00023573 0.00023511 0.00023472 0.00023442 0.00023397 0.00023422 0.0002339 0.0002316 0.00023245 0.00023192 0.000233 0.00023275 0.00023276 0.0002333 0.00023478 0.0002362 0.00023627 0.00023708 0.00023728
0.00023769 0.00023745 0.00023677 0.00023593 0.00023625 0.00023494 0.00023533 0.00023557 0.00023507 0.0002346 0.00023437 0.00023332 0.00023277 0.00023146 0.00023099 0.00022871 0.00024341 0.00022505 0.00022591 0.00022525 0.00022439 0.00022336 0.00022269 0.00022227 0.00022113 0.00022033 0.00021969 0.00021896 0.00021843 0.00021814 0.00021782 0.00021775 0.00021746 0.00021754 0.0002174 0.00021748 0.00021711 0.00021687 0.00021657 0.00021616 0.00021578 0.00021577 0.00021559 0.00021571 0.00021608 0.00021692 0.00021817 0.00022315 0.00022345 0.00022556 0.00022646 0.00022679 0.0002293 0.00022849 0.00022971 0.00023113 0.0002323 0.00023286 0.00023491 0.00023612 0.00023717 0.00023817 0.00024004 0.00024079 0.00024204 0.00024313 0.00024353 0.00024455 0.00024512 0.00024601 0.0002472 0.00024773 0.00024794 0.00024862 0.000249 0.00024852 0.00024884 0.0002489 0.00024933 0.00025015 0.00024813 0.00024842 0.00024877 0.00024812 0.00024905 0.00024771 0.00024628 0.00024608 0.00024475 0.00024476 0.00024417 0.00024376 0.00024262 0.00024152 0.00023966 0.00023939 0.00023918 0.00023892 0.00023813 0.00023716 0.00023658 0.0002358 0.00023452 0.00023452 0.00023404 0.00023278 0.00023199 0.00023205 0.00023211 0.00023142 0.00023142 0.00023141 0.00023083 0.00023164 0.0002309 0.00023176 0.00023266 0.00023233 0.00023222 0.00023179 0.00023051 0.00023019 0.00022964 0.00022939 0.0002288 0.00022902 0.00023048 0.00023134 0.00023142 0.00023198 0.0002335 0.00023505 0.00023617 0.00023648 0.00023791 0.00023945 0.00024055 0.00024162 0.00024179 0.00024248 0.00024306 0.00024377 0.00024403 0.00024493 0.00024526 0.00024471 0.00024494 0.00024496 0.00024264 0.00024292 0.00024382 0.00024264 0.00024239 0.00024091 0.00024006 0.00024075 0.00023862 0.00023949 0.00023889 0.00023673 0.00023598 0.00023576 0.00023541 0.00023547 0.00023449 0.00023459 0.0002341 0.00023326 0.00023284 0.00023342 0.00023357 0.00023198 0.0002325 0.00023241 0.00023407 0.00023528 0.0002363 0.00023722 0.00023785 0.00023819
0.00023769 0.00023765 0.00023727 0.00023681 0.0002371 0.00023608 0.00023533 0.00023497 0.00023485 0.00023493 0.00023376 0.00023293 0.00023295 0.00023166 0.0002308 0.00023034 0.00022671 0.00022724 0.00022621 0.00022609 0.00022536 0.00022475 0.00022386 0.0002231 0.00022254 0.00022183 0.00022094 0.00022016 0.00022017 0.00021947 0.00021925 0.00021894 0.00021874 0.00021883 0.00021865 0.00021867 0.00021851 0.00021824 0.000218 0.00021718 0.00021695 0.00021663 0.00021651 0.0002166 0.00021709 0.00021829 0.00021996 0.00022162 0.00022438 0.00022564 0.00022681 0.00022761 0.00022841 0.00022954 0.00023099 0.00023241 0.00023384 0.00023553 0.00023702 0.00023833 0.00024083 0.00024163 0.00024235 0.00024293 0.00024388 0.00024424 0.00024517 0.00024597 0.0002465 0.00024759 0.00024776 0.00025227 0.00024933 0.00024938 0.00024953 0.00025 0.00024987 0.0002494 0.00024953 0.00024936 0.0002491 0.00025026 0.00024829 0.0002485 0.00024305 0.00025539 0.00024682 0.0002462 0.0002459 0.00024496 0.00024508 0.0002436 0.00024289 0.00024225 0.0002418 0.00024049 0.00024038 0.00023925 0.00023863 0.00023697 0.00023702 0.0002365 0.00023507 0.00023382 0.00023326 0.00023339 0.00023322 0.00023234 0.0002335 0.00023288 0.00023246 0.00023311 0.00023382 0.00023366 0.00023362 0.00023398 0.00023448 0.00023385 0.00023311 0.00023163 0.00023104 0.00023117 0.00023074 0.00023007 0.00023008 0.00023035 0.00022995 0.00023074 0.00023151 0.00023189 0.0002334 0.00023394 0.00023534 0.00023537 0.00023612 0.00023727 0.00023905 0.00023967 0.00024009 0.00023961 0.00024133 0.00024082 0.00024205 0.00024308 0.00024316 0.00024269 0.00024242 0.00024271 0.00024235 0.00024149 0.0002421 0.00024151 0.00024168 0.00024147 0.00023997 0.00024042 0.00023927 0.00023964 0.00023911 0.00023763 0.00023676 0.00023691 0.00023583 0.00023546 0.00023511 0.00023435 0.00023429 0.00023385 0.00023268 0.00023363 0.00023346 0.00023284 0.00023466 0.00023384 0.00023402 0.00023539 0.00023677 0.00023674 0.00023729 0.0002375
0.00023717 0.00023748 0.0002373 0.00023611 0.00023692 0.00023669 0.00023468 0.00023588 0.0002358 0.00023581 0.0002351 0.00023433 0.00023341 0.00023275 0.00023156 0.00023015 0.0002304 0.0002292 0.00022844 0.00022765 0.00022693 0.00022609 0.00022502 0.00022427 0.00022422 0.00022384 0.0002235 0.00022282 0.00022237 0.00022187 0.00022157 0.00022093 0.00022063 0.00022082 0.00022136 0.00022079 0.00022073 0.00022076 0.00021988 0.00021904 0.00021868 0.00021843 0.00021845 0.00021939 0.00021998 0.00022168 0.00022291 0.00022426 0.00022593 0.00022699 0.00022791 0.00022947 0.00023011 0.00023124 0.00023273 0.00023383 0.00023541 0.00023698 0.00023852 0.00024064 0.00024307 0.0002418 0.00024478 0.00024537 0.00024557 0.00024617 0.00024711 0.00024769 0.00024799 0.00024795 0.000249 0.0002489 0.00024932 0.00025008 0.00025024 0.00025029 0.00024981 0.00025062 0.00025105 0.00025066 0.0002497 0.00024945 0.00024956 0.00024886 0.00024858 0.00024832 0.00024788 0.00024757 0.00024682 0.00024529 0.00024415 0.00024452 0.00024319 0.0002431 0.00024083 0.00024146 0.00024116 0.00024029 0.00023863 0.00023818 0.00023727 0.0002369 0.00023661 0.00023606 0.00023603 0.00023549 0.00023401 0.00023406 0.0002343 0.00023466 0.00023537 0.00023562 0.00023552 0.00023554 0.00023463 0.00023534 0.00023525 0.00023526 0.00023358 0.0002329 0.00023259 0.00023205 0.00023086 0.00023109 0.00023038 0.0002305 0.0002301 0.00023076 0.00023142 0.00023166 0.00023275 0.00023259 0.00023451 0.00023597 0.0002355 0.00023436 0.00023658 0.00023718 0.00023692 0.00023855 0.00023954 0.00023804 0.00023954 0.00024049 0.00024034 0.00023962 0.00024032 0.00024013 0.00024021 0.0002402 0.00024009 0.00024045 0.00024029 0.00023965 0.00023955 0.00023999 0.00023964 0.00023865 0.00023863 0.00023773 0.00023807 0.0002369 0.00023645 0.00023562 0.00023517 0.00023455 0.00023307 0.00023322 0.00023294 0.00023354 0.00023395 0.0002341 0.00023469 0.00023459 0.00023503 0.00023551 0.00023638 0.00023743 0.00023603 0.00023697
0.00023695 0.00023706 0.00023693 0.00023708 0.00023685 0.00023734 0.00023641 0.00023587 0.00023629 0.00023509 0.00023457 0.00023467 0.00023404 0.00023313 0.00023223 0.00023161 0.00023087 0.00023023 0.00022961 0.00022864 0.00022781 0.00022757 0.00022699 0.0002265 0.00022587 0.00022565 0.00022509 0.00022472 0.00022439 0.00022433 0.00022425 0.00022388 0.00022411 0.00022412 0.00022382 0.00022355 0.00022338 0.00022355 0.00022321 0.00022561 0.00022274 0.00022264 0.00022268 0.00022302 0.00022337 0.00022402 0.00022475 0.00022589 0.00022755 0.00022867 0.00022916 0.00023134 0.00023278 0.0002339 0.00023502 0.00023659 0.0002379 0.00023923 0.00024059 0.0002416 0.00024353 0.00024531 0.00024605 0.00024667 0.00024755 0.00025171 0.00024679 0.00024894 0.00024924 0.00024932 0.00025021 0.00024906 0.00024992 0.00025121 0.00025176 0.00025148 0.00025113 0.00025131 0.00025037 0.00025072 0.00025016 0.00025017 0.00024967 0.00024983 0.00024905 0.00024872 0.00024783 0.0002473 0.0002464 0.00024564 0.00024472 0.00024425 0.00024392 0.00024293 0.00024284 0.0002427 0.000241 0.00024018 0.00023994 0.00023877 0.0002384 0.00023776 0.00023683 0.00023671 0.00023645 0.00023667 0.00023534 0.00023607 0.00023589 0.00023655 0.00023634 0.00023651 0.00023677 0.00023666 0.00023574 0.00023639 0.00023574 0.00023567 0.00023518 0.0002335 0.00023418 0.00023385 0.00023059 0.00023186 0.00023147 0.00023103 0.00023036 0.00023004 0.00023053 0.00023142 0.00023145 0.0002319 0.00023254 0.00022881 0.00023271 0.0002345 0.00023486 0.00023456 0.00023607 0.00023683 0.00023736 0.00023565 0.00023794 0.00023837 0.00023842 0.00023713 0.00023803 0.00023784 0.00023846 0.00023886 0.00023842 0.00023894 0.00023843 0.00023791 0.00023862 0.00023875 0.00023815 0.00023791 0.00023805 0.00023737 0.00023691 0.00023718 0.00023636 0.00023608 0.00023568 0.00023381 0.00023483 0.00023448 0.00023356 0.00023412 0.00023374 0.00023458 0.00023497 0.00023481 0.00023573 0.00023585 0.0002355 0.00023668 0.00023651 0.00023584
0.00023784 0.00023663 0.0002366 0.00024433 0.00023695 0.00023733 0.00023737 0.00023711 0.00023677 0.00023652 0.00023604 0.000235 0.00023487 0.00023393 0.00023359 0.00023328 0.00023254 0.00023208 0.00023079 0.00022955 0.00022772 0.00022933 0.00022885 0.00022841 0.00022806 0.00022789 0.00022732 0.00022744 0.00022739 0.00022691 0.00022679 0.00022641 0.00022626 0.00022594 0.0002256 0.00022533 0.0002252 0.00022539 0.00022531 0.00022518 0.00022506 0.0002254 0.00022544 0.00022589 0.00022661 0.0002271 0.00022789 0.00022834 0.00022979 0.00023094 0.00023272 0.00023392 0.00023529 0.00023685 0.00023859 0.00023944 0.00024055 0.00024172 0.00024318 0.00024359 0.00024475 0.00024615 0.0002474 0.0002485 0.00024846 0.00024875 0.00025016 0.00024994 0.0002498 0.00024974 0.00025042 0.00024996 0.00025068 0.00025063 0.00025093 0.00025146 0.00025102 0.00025032 0.00025019 0.00025055 0.00025031 0.00025017 0.00024924 0.00024866 0.00024824 0.00024592 0.00024644 0.00024599 0.00024581 0.00024539 0.00024509 0.00024417 0.00024307 0.0002426 0.00024306 0.00024045 0.00024006 0.00024024 0.00023977 0.00023909 0.0002389 0.00023819 0.00023753 0.00023753 0.00023763 0.00023733 0.0002372 0.00023729 0.00023715 0.00023685 0.0002374 0.00023713 0.00023768 0.00023708 0.00023683 0.00023652 0.00023636 0.00023552 0.00023622 0.00023542 0.00023464 0.00023431 0.00023418 0.00023323 0.00023261 0.00023211 0.00023124 0.00023095 0.00023069 0.00023069 0.00023081 0.00023142 0.00023192 0.00023198 0.00023264 0.0002336 0.00023406 0.00023402 0.00023494 0.0002336 0.0002357 0.00023403 0.00023589 0.00023659 0.00023551 0.00023681 0.00023669 0.00023677 0.00023716 0.00023721 0.00023691 0.00023705 0.00023793 0.00023792 0.00023786 0.00023749 0.00023759 0.00023709 0.00023749 0.00023761 0.00023723 0.00023672 0.00023698 0.00023663 0.00023534 0.00023586 0.00023584 0.00023595 0.000234 0.00023467 0.00023486 0.00023516 0.00023434 0.00023564 0.00023641 0.00023677 0.00023647 0.00023693 0.00023712 0.00023729
0.00023762 0.00023881 0.00023776 0.00023863 0.0002385 0.00023808 0.0002378 0.00023804 0.00023588 0.00023679 0.00023626 0.00023626 0.00023634 0.00023601 0.00023748 0.00023444 0.00023408 0.00023357 0.00023244 0.00023307 0.00023257 0.0002316 0.00023135 0.00023108 0.00023072 0.00023051 0.00022946 0.00022987 0.00022964 0.00022941 0.00022898 0.00022857 0.00022844 0.00022812 0.00022767 0.00022718 0.00022716 0.00022724 0.00022689 0.0002268 0.00022683 0.00022731 0.00022785 0.00022843 0.00022925 0.00023001 0.00023063 0.00023165 0.00023239 0.00023352 0.00023462 0.00023491 0.00023725 0.00023935 0.00024086 0.00024249 0.00024394 0.00024561 0.00024622 0.00024661 0.00024693 0.00024815 0.00024869 0.0002485 0.00024965 0.00024997 0.00025012 0.00024933 0.00024984 0.00025036 0.00024939 0.00024961 0.00025049 0.00025059 0.00025059 0.0002508 0.00025077 0.00025015 0.00025023 0.00025001 0.00025016 0.00024939 0.00024885 0.00024604 0.00025668 0.00026263 0.00023998 0.00024478 0.00024562 0.00024468 0.000245 0.00024353 0.00024372 0.00024217 0.00024202 0.0002413 0.00024052 0.00024026 0.00024017 0.00023975 0.00023897 0.00023892 0.00023846 0.00023732 0.00023823 0.00023715 0.00023699 0.00023741 0.0002373 0.00023708 0.00023767 0.00023767 0.00023806 0.00023731 0.00023604 0.00023625 0.00023734 0.00023619 0.00023589 0.00023654 0.00023614 0.00023544 0.0002352 0.00023352 0.00023341 0.0002319 0.00023227 0.00023154 0.0002314 0.00023027 0.00023112 0.00023094 0.00023094 0.00023122 0.00023199 0.00023175 0.00023249 0.00023277 0.00023218 0.00023325 0.000234 0.00023382 0.00023456 0.00023476 0.00023406 0.00023536 0.00023523 0.00023555 0.00023533 0.00023557 0.00023607 0.00023621 0.00023627 0.00023664 0.00023507 0.00023686 0.00023661 0.00023739 0.00023718 0.00023712 0.0002363 0.0002362 0.00023724 0.00023709 0.00023616 0.00023719 0.00023709 0.00023542 0.00023648 0.00023565 0.00023677 0.0002366 0.00023627 0.00023639 0.00023646 0.00023716 0.00023612 0.00023631 0.00023784 0.00023522
0.0002391 0.00023897 0.00023951 0.00023914 0.00023887 0.00023989 0.00023933 0.00023881 0.0002392 0.00023873 0.00023724 0.00023762 0.0002381 0.00023688 0.00023717 0.00023654 0.00023647 0.00023608 0.00023583 0.0002357 0.00023411 0.00023464 0.00023343 0.00023289 0.00023286 0.00023174 0.00023275 0.00023246 0.00023171 0.00023144 0.00023126 0.00023044 0.00023066 0.00022986 0.0002322 0.00022905 0.00022903 0.00022893 0.00022869 0.0002289 0.00022916 0.00022959 0.00023052 0.00023085 0.00023146 0.00023241 0.00023347 0.00023478 0.00023569 0.00023686 0.0002383 0.0002399 0.00024124 0.00024293 0.0002446 0.00024607 0.00024769 0.00024878 0.00024992 0.00025095 0.00025132 0.0002511 0.00025031 0.00024989 0.00024993 0.0002499 0.00024954 0.00024989 0.00025042 0.00025003 0.00025031 0.0002503 0.00024996 0.00025053 0.00025048 0.00025006 0.00024977 0.00024877 0.00025023 0.00024973 0.0002494 0.00024881 0.00024731 0.00024676 0.00024662 0.00024529 0.00024501 0.0002452 0.00024471 0.00024496 0.00024407 0.0002433 0.00024316 0.00024219 0.00024182 0.00024099 0.0002406 0.00024017 0.00023978 0.00023879 0.0002382 0.00023872 0.00023833 0.00023728 0.00023753 0.00023753 0.00023762 0.00023714 0.00023672 0.00023576 0.00023626 0.00023757 0.00023806 0.00023747 0.0002371 0.00023721 0.00023616 0.00023682 0.00023664 0.00023649 0.00023609 0.00023507 0.00023547 0.00023493 0.00023424 0.00023376 0.00023364 0.00023238 0.00023171 0.00023155 0.00023099 0.00023038 0.00023049 0.00023051 0.0002298 0.00023127 0.00023139 0.00023172 0.0002292 0.00023225 0.00023277 0.00023347 0.00023365 0.00023315 0.00023349 0.00023362 0.00023217 0.00023447 0.00023437 0.00023472 0.00023448 0.00023564 0.00023544 0.00023589 0.00023613 0.00023607 0.00023626 0.00023646 0.00023661 0.00023711 0.00023575 0.00023599 0.00023607 0.00023674 0.00023658 0.00023658 0.00023758 0.00023757 0.00023763 0.00023706 0.00023762 0.00023707 0.00023799 0.00023783 0.00023676 0.00023722 0.00023735 0.00023862 0.00023837 0.00023882
0.00023818 0.00024002 0.00024011 0.00023965 0.00023994 0.00024008 0.00023979 0.00024017 0.00023893 0.00024051 0.0002395 0.00023934 0.00023906 0.00023929 0.00023778 0.00023708 0.00023706 0.00023808 0.0002384 0.00023741 0.00023753 0.00023739 0.00023703 0.0002367 0.00023556 0.00023535 0.00023229 0.00023488 0.00023479 0.00023328 0.00023452 0.00023278 0.00023311 0.00023212 0.00023127 0.00023069 0.00023094 0.00023088 0.00023101 0.0002311 0.00023121 0.00023228 0.00023293 0.00023372 0.00023447 0.0002355 0.00023733 0.0002389 0.00024057 0.00024179 0.00024259 0.00024345 0.00024399 0.00024514 0.00024597 0.0002472 0.00024796 0.00024834 0.00024932 0.00024968 0.00024971 0.0002499 0.00024974 0.00024961 0.00024922 0.00024954 0.00024971 0.0002498 0.00024932 0.0002499 0.00024999 0.00024969 0.00025034 0.00025011 0.00024895 0.00024961 0.00024945 0.00024871 0.0002488 0.00024839 0.00024773 0.00024735 0.00024761 0.00024679 0.00024557 0.00024571 0.00024436 0.00024393 0.00024365 0.00024317 0.00024317 0.00024248 0.00024161 0.00024149 0.00024143 0.00023972 0.00024006 0.00024 0.00023951 0.00023923 0.00023899 0.00023888 0.00023853 0.00023758 0.00023776 0.00023845 0.00023804 0.00023759 0.00023748 0.00023782 0.00023573 0.00023611 0.00023713 0.00023701 0.0002374 0.00023699 0.00023645 0.00023673 0.0002366 0.00023565 0.00023513 0.0002355 0.00023521 0.00023514 0.000234 0.00023379 0.0002337 0.00023342 0.00023302 0.00023259 0.0002321 0.00023129 0.0002312 0.00023063 0.00023009 0.00022958 0.00023011 0.00023105 0.00023168 0.00023142 0.00023171 0.00023171 0.0002321 0.00023209 0.0002322 0.00023227 0.00023263 0.0002331 0.0002331 0.00023295 0.00023371 0.00023324 0.00023389 0.00023465 0.0002353 0.00023571 0.00023539 0.00023596 0.00023746 0.00023682 0.0002364 0.00023636 0.00023637 0.00023718 0.00023716 0.00023769 0.00023781 0.00023837 0.00023806 0.00023766 0.00023752 0.00023837 0.00023867 0.00023902 0.00024013 0.00023954 0.00023911 0.00023944 0.00023899 0.00023861
0.00024031 0.00024106 0.0002416 0.0002407 0.00024023 0.00024097 0.00024515 0.00023972 0.00024073 0.00024087 0.00023961 0.00024015 0.00024041 0.00023987 0.0002408 0.000241 0.00024084 0.00024012 0.00024145 0.00023911 0.00023816 0.00023942 0.00023936 0.00023879 0.00023797 0.00023755 0.00023681 0.000236 0.00023649 0.00023522 0.00023559 0.00023585 0.00023602 0.00023454 0.00023556 0.00023566 0.00023454 0.00023457 0.00023478 0.00023498 0.00023446 0.00023599 0.00023651 0.000237 0.00023805 0.00023869 0.00023974 0.00024123 0.00024204 0.00024322 0.00024411 0.00024475 0.00024486 0.00024464 0.00024542 0.00024568 0.00024599 0.00024642 0.00024691 0.00024691 0.00024661 0.00024726 0.00024731 0.00024768 0.00024896 0.00024824 0.00024841 0.00024875 0.00024964 0.00024891 0.00024926 0.00024893 0.0002488 0.00024925 0.00024856 0.00024795 0.00024802 0.00024831 0.00024787 0.00024718 0.00024668 0.00024654 0.00024612 0.00024542 0.00024471 0.00024447 0.00024396 0.0002438 0.00024331 0.00024228 0.00024128 0.00024058 0.00024102 0.00024116 0.00024024 0.00024013 0.00023964 0.00023945 0.00023919 0.0002387 0.00023804 0.00023758 0.00023729 0.00023704 0.00023764 0.00023786 0.00023767 0.00023712 0.0002373 0.00023712 0.00023767 0.00023698 0.00023675 0.00023677 0.00023616 0.00023667 0.00023599 0.00023578 0.0002349 0.00023566 0.00023444 0.00023523 0.00023499 0.00023396 0.00023406 0.00023397 0.00023379 0.0002338 0.00023333 0.00023272 0.00023236 0.0002325 0.00023202 0.00023177 0.00023103 0.00023118 0.00023067 0.00023038 0.00023007 0.00022982 0.00022933 0.00022922 0.00022959 0.00022997 0.00023044 0.00023089 0.00023157 0.0002318 0.00023265 0.00023246 0.00023321 0.00023312 0.00023307 0.0002334 0.00023426 0.00023399 0.00023526 0.00023592 0.00023639 0.00023668 0.00023692 0.00023616 0.00023733 0.00023751 0.00023769 0.00023834 0.0002381 0.00023845 0.00023723 0.0002388 0.00023874 0.00023851 0.00023781 0.00023906 0.00023936 0.00023974 0.00024065 0.00023926 0.00024013 0.0002399
0.00024163 0.0002423 0.00024237 0.00024183 0.00024119 0.00024264 0.00024285 0.00024237 0.00024233 0.00024285 0.00024352 0.00024252 0.00024272 0.00024161 0.00024386 0.00024227 0.00024197 0.00024166 0.00024102 0.00024098 0.0002414 0.00023893 0.00023906 0.00023981 0.00023888 0.00023999 0.00023892 0.00024262 0.00024062 0.00023968 0.00024039 0.00023891 0.00023827 0.00023776 0.00023689 0.00023764 0.00023686 0.00023723 0.00023757 0.00023849 0.00023897 0.00023956 0.00023995 0.00024027 0.0002411 0.00024162 0.00024196 0.00024241 0.00024292 0.00024353 0.00024436 0.00024564 0.0002452 0.00024528 0.00024525 0.00024513 0.00024473 0.00024466 0.00024416 0.00024474 0.00024513 0.00024554 0.00024591 0.00024583 0.00024626 0.00024694 0.00024724 0.0002469 0.00024685 0.00024719 0.00024795 0.00024845 0.00024834 0.00024736 0.00024794 0.00024803 0.0002481 0.00024725 0.00024661 0.0002456 0.00024569 0.00024517 0.00024463 0.00024414 0.00024436 0.00024409 0.00024359 0.00024303 0.0002424 0.00024235 0.00024157 0.00023988 0.00023993 0.00023993 0.00023978 0.00023858 0.00023877 0.00023867 0.00023825 0.00023846 0.00023797 0.00023792 0.00023751 0.00023629 0.00023715 0.00023724 0.00023658 0.00023629 0.00023624 0.00023575 0.00023631 0.00023641 0.00023682 0.00023666 0.0002362 0.00023666 0.00023674 0.00023602 0.00023511 0.00023454 0.00023498 0.0002356 0.0002353 0.00023438 0.00023419 0.00023391 0.0002335 0.00023387 0.00023298 0.0002329 0.00023255 0.00023222 0.00023241 0.0002319 0.00023211 0.00023175 0.0002314 0.00023099 0.00023085 0.00023097 0.00023121 0.00023142 0.00023162 0.00023168 0.0002319 0.00023212 0.00023229 0.00023243 0.00023285 0.00023308 0.00023283 0.00023351 0.00023349 0.00023391 0.0002339 0.00023392 0.00023507 0.0002356 0.00023592 0.00023569 0.00023691 0.00023686 0.00023641 0.00023739 0.00023818 0.00023869 0.00023797 0.00023873 0.0002395 0.00023989 0.00023539 0.00024891 0.00023718 0.00022797 0.00023951 0.00024021 0.0002415 0.00024118 0.00023967 0.0002408
0.00024164 0.00024276 0.00024212 0.00024262 0.00024266 0.00024386 0.00024228 0.00024322 0.00024344 0.00024334 0.00024387 0.00024298 0.00024318 0.00024417 0.00024318 0.00024377 0.00024369 0.00024178 0.00024267 0.00024313 0.00024251 0.00024354 0.000244 0.00024482 0.00024318 0.00024135 0.00024171 0.00024176 0.00023929 0.00024015 0.00024041 0.00023984 0.00024122 0.0002417 0.0002424 0.00024067 0.00024011 0.00024029 0.00023933 0.00024063 0.00024044 0.00024092 0.0002419 0.00024176 0.00024173 0.00024112 0.00024202 0.00024254 0.00024292 0.00024395 0.00024448 0.00024464 0.00024461 0.00024475 0.00024484 0.00024603 0.0002446 0.00024448 0.00024475 0.00024495 0.00024569 0.00024617 0.00024651 0.00024653 0.00024652 0.00024622 0.00024591 0.00024611 0.00024652 0.00024568 0.0002468 0.00024681 0.00024682 0.00024682 0.00024655 0.00024689 0.00024623 0.00024614 0.00024514 0.00024535 0.00024459 0.00024446 0.00024374 0.00024515 0.00024329 0.00024254 0.00024198 0.00024142 0.00024128 0.00024129 0.00024059 0.00024033 0.00023994 0.00023935 0.00023937 0.00023906 0.0002399 0.0002381 0.00023768 0.00023742 0.00023721 0.00023714 0.00023701 0.00023657 0.00023671 0.00023686 0.00023689 0.00023649 0.00023594 0.00023656 0.00023616 0.00023583 0.00023635 0.00023627 0.00023615 0.00023591 0.00023565 0.00023591 0.00023507 0.0002351 0.000235 0.0002348 0.00023416 0.00023517 0.00023514 0.00023478 0.00023383 0.00023368 0.00023366 0.00023293 0.00023362 0.00023332 0.0002334 0.00023306 0.00023234 0.00023258 0.00023228 0.00023227 0.00023214 0.00023213 0.00023196 0.00023255 0.00023262 0.00023155 0.0002322 0.0002326 0.00023303 0.00023317 0.00023274 0.0002328 0.00023313 0.00023362 0.00023384 0.00023403 0.00023437 0.00023441 0.0002347 0.00023553 0.00023592 0.00023638 0.00023642 0.00023714 0.00023722 0.00023797 0.00023824 0.00023815 0.00023824 0.00023862 0.00023907 0.00023962 0.00023965 0.00024021 0.00023966 0.00024198 0.00024215 0.00024242 0.0002425 0.00024246 0.000242 0.00024122
0.00024371 0.00024246 0.00024002 0.00023883 0.00024038 0.00024323 0.0002422 0.00023832 0.00023858 0.00024271 0.00024371 0.00024372 0.00024405 0.00024364 0.00024352 0.00024179 0.00023879 0.00023926 0.00023825 0.00024164 0.00023957 0.00024071 0.00024491 0.0002477 0.00024343 0.00024165 0.00024152 0.00024288 0.00024221 0.00024207 0.00024195 0.000242 0.00024251 0.0002416 0.00023837 0.00024139 0.00024041 0.00024125 0.00024092 0.00024055 0.0002422 0.00024189 0.00024107 0.00024109 0.0002419 0.00024268 0.00024302 0.00024338 0.00024377 0.00024402 0.00024422 0.00024457 0.00024322 0.00024517 0.00024543 0.00024585 0.00024608 0.00024606 0.00024604 0.00024608 0.00024641 0.00023974 0.00024002 0.00024396 0.00024524 0.00024498 0.0002449 0.00024519 0.00024445 0.00024443 0.00024501 0.00024521 0.00024518 0.00024525 0.00024478 0.00024487 0.00024459 0.00024468 0.000245 0.00024475 0.00024421 0.00024316 0.00024298 0.00024267 0.00024256 0.00024194 0.0002407 0.0002405 0.00024124 0.00024073 0.00024083 0.00024034 0.00023958 0.00023865 0.00023848 0.00023883 0.00023883 0.0002386 0.00023816 0.00023776 0.00023759 0.00023755 0.00023708 0.00023779 0.00023701 0.00023683 0.00023684 0.00023667 0.00023662 0.00023652 0.00023648 0.00023629 0.0002359 0.00023532 0.00023533 0.00023526 0.00023575 0.00023499 0.00023506 0.00023422 0.0002346 0.0002349 0.00023503 0.00023512 0.00023504 0.00023517 0.00023485 0.00023464 0.00023431 0.00023385 0.00023419 0.00023369 0.00023336 0.00023276 0.00023028 0.00023222 0.00023308 0.00023318 0.00023344 0.00023324 0.00023282 0.00023291 0.00023293 0.00023287 0.000233 0.00023279 0.00023331 0.00023295 0.00023322 0.00023278 0.00023341 0.00023389 0.00023382 0.00023422 0.00023466 0.00023488 0.00023521 0.0002354 0.00023506 0.00023576 0.00023603 0.00023666 0.00023753 0.00023807 0.00023826 0.00023832 0.00023876 0.00023955 0.0002396 0.00023923 0.00024004 0.0002394 0.00023993 0.00024068 0.00024041 0.00024242 0.00024347 0.00024323 0.00024244 0.00024315
0.00024085 0.0002396 0.00023962 0.00024063 0.00024089 0.00024043 0.00023999 0.00023995 0.00024028 0.00024011 0.00024027 0.00023867 0.00024115 0.00024066 0.00024097 0.00024183 0.0002418 0.0002422 0.00024222 0.00024167 0.00024146 0.00024258 0.00024236 0.00024266 0.00024315 0.00024355 0.00024274 0.00024049 0.0002412 0.00024012 0.00024068 0.0002411 0.00024143 0.00024153 0.00024111 0.00024174 0.00024132 0.00024227 0.00024211 0.00024202 0.00024217 0.00024246 0.00024242 0.00024196 0.00024136 0.0002416 0.00024195 0.00024234 0.00024261 0.00024339 0.00024408 0.0002437 0.00024403 0.0002444 0.00024482 0.00024491 0.0002445 0.00024504 0.0002457 0.00024563 0.00024604 0.00024629 0.00024613 0.00024632 0.0002458 0.00024582 0.00024646 0.00024594 0.000245 0.00024446 0.00024388 0.00024356 0.00024281 0.00024308 0.00024316 0.00024157 0.00024115 0.00024154 0.00024254 0.00024266 0.00024158 0.00024211 0.00024051 0.00023587 0.00023862 0.00024167 0.0002307 0.00023258 0.00023898 0.0002271 0.00023096 0.00023583 0.00023283 0.0002292 0.00023444 0.00022782 0.00022899 0.00023515 0.0002326 0.00022938 0.00023042 0.00023131 0.00023253 0.00023617 0.00023655 0.00023585 0.00023631 0.00023642 0.00023659 0.00023635 0.00023624 0.00023617 0.00023605 0.00023594 0.00023545 0.00023564 0.00023545 0.0002354 0.0002352 0.00023334 0.00023834 0.00023316 0.00023482 0.00023456 0.00023435 0.00023471 0.00023442 0.00023418 0.00023428 0.00023435 0.0002344 0.00023448 0.00023426 0.00023436 0.0002343 0.00023434 0.0002345 0.0002345 0.00023405 0.00023424 0.000234 0.00023364 0.00023305 0.00023325 0.00023334 0.0002326 0.00023184 0.00023198 0.00023247 0.000233 0.00023331 0.000233 0.00023384 0.00023434 0.00023435 0.0002351 0.00023484 0.00023548 0.00023533 0.00023546 0.00023585 0.00023654 0.00023685 0.0002376 0.00023776 0.00023833 0.00023805 0.00023799 0.00023841 0.00023962 0.00023956 0.00023983 0.00023992 0.0002404 0.00024061 0.0002401 0.00024 0.00024137 0.0002414 0.00024114
0.00023222 0.00023237 0.00023263 0.00023317 0.00023264 0.00023269 0.00023295 0.00023282 0.00023293 0.00023314 0.00023338 0.00023359 0.00023383 0.00023405 0.00023438 0.00023462 0.00023468 0.00023497 0.00023496 0.00023519 0.0002353 0.00023555 0.00023581 0.00023621 0.00023654 0.00023716 0.000238 0.00023897 0.00023894 0.00023966 0.00024053 0.00023961 0.00023975 0.00024148 0.00023669 0.00023665 0.00023489 0.00023745 0.00023188 0.00023308 0.00023509 0.00023611 0.0002403 0.00024035 0.00024058 0.00024129 0.00024202 0.00024163 0.00023984 0.00023939 0.0002345 0.00023411 0.00023237 0.00023426 0.00023901 0.00023541 0.00023454 0.00023436 0.00023442 0.00023549 0.00024141 0.00023962 0.00024025 0.00024026 0.00024099 0.00024158 0.00024247 0.00023908 0.00023751 0.00023484 0.00023494 0.00023504 0.00023068 0.00023289 0.00023104 0.00022841 0.00022669 0.00022829 0.00022625 0.00022459 0.00022421 0.00022211 0.00022244 0.00022132 0.00022129 0.00022172 0.00022023 0.00022007 0.00022018 0.00021957 0.00022003 0.00022077 0.00021907 0.00021907 0.00022073 0.00021949 0.00021961 0.00021854 0.00021854 0.00021876 0.00022075 0.00022149 0.00022132 0.00022135 0.00022135 0.00022188 0.00021994 0.00022525 0.0002263 0.00023248 0.00023201 0.00022673 0.00022893 0.00023448 0.00023149 0.00023231 0.00022978 0.00023095 0.00023331 0.00022824 0.00022864 0.00022789 0.00022867 0.00022901 0.0002313 0.00023439 0.00022989 0.0002307 0.0002307 0.00023057 0.00023127 0.00023103 0.00023105 0.00023133 0.00023151 0.00023174 0.00023254 0.00023347 0.00023436 0.00023439 0.00023445 0.00023443 0.00023445 0.00023415 0.00023438 0.00023387 0.00023397 0.00023422 0.00023437 0.00023493 0.00023493 0.00023524 0.00023533 0.00023554 0.0002355 0.00023537 0.00023541 0.00023576 0.00023589 0.00023549 0.0002356 0.00023582 0.00023613 0.00023617 0.00023615 0.00023609 0.00023585 0.0002356 0.00023548 0.00023473 0.00023393 0.00023411 0.00023401 0.0002339 0.00023378 0.0002333 0.00023282 0.00023238 0.00023235 0.00023225
0.00022884 0.00022887 0.00022891 0.00022889 0.0002289 0.00022882 0.00022894 0.00022905 0.00022914 0.00022931 0.00022954 0.00022984 0.00022994 0.00023019 0.00023035 0.00023075 0.00023114 0.0002312 0.00023189 0.0002319 0.00023225 0.00023235 0.00023236 0.00023231 0.00023223 0.00023172 0.00023307 0.00023275 0.00023219 0.00022718 0.00022601 0.00022453 0.00022671 0.00022763 0.00022451 0.00022605 0.00022415 0.00022441 0.0002244 0.00022362 0.00022268 0.00022359 0.00022201 0.00022116 0.00022124 0.00022246 0.00022227 0.0002219 0.00022247 0.00022308 0.00022426 0.00022546 0.0002274 0.00022816 0.00022489 0.00022576 0.00022417 0.00022312 0.00022297 0.00022403 0.00022315 0.00022866 0.00022808 0.00023522 0.00023674 0.00023851 0.00023998 0.00024096 0.00024075 0.0002376 0.00023499 0.00023186 0.00022927 0.00022749 0.00022662 0.000225 0.00022411 0.0002232 0.00022256 0.00022218 0.00022182 0.00022132 0.00022098 0.0002207 0.00022026 0.00021987 0.00021966 0.00021937 0.0002192 0.0002192 0.00021919 0.00021912 0.00021906 0.00021892 0.00021872 0.00021856 0.0002184 0.00021826 0.00021818 0.00021808 0.000218 0.00021784 0.00021772 0.00021761 0.00021752 0.00021744 0.00021741 0.00021735 0.00021743 0.00021796 0.00021877 0.00021989 0.0002197 0.00022013 0.00021919 0.00022 0.00022128 0.0002217 0.00022099 0.00022027 0.00021986 0.00022008 0.00022179 0.00022061 0.00022111 0.00022023 0.00022091 0.00022121 0.00022062 0.00022103 0.00022002 0.00022027 0.00022109 0.0002224 0.00022182 0.00022155 0.00022193 0.00022089 0.00022149 0.00022165 0.00022268 0.00022499 0.00022562 0.0002267 0.0002305 0.00023016 0.00023281 0.00023451 0.00023481 0.00023448 0.00023418 0.00023402 0.00023402 0.00023408 0.00023459 0.00023481 0.00023462 0.00023452 0.00023387 0.00023358 0.00023337 0.00023327 0.000233 0.00023271 0.00023243 0.00023215 0.00023181 0.00023149 0.0002313 0.00023113 0.00023082 0.00023074 0.0002304 0.00023021 0.00023008 0.00022987 0.00022947 0.00022918 0.00022898 0.00022892
0.00023081 0.00022964 0.00023069 0.00023197 0.00023265 0.00023476 0.0002238 0.00022292 0.00022456 0.00022601 0.00022212 0.00022453 0.00022303 0.00022244 0.00022287 0.00022458 0.0002201 0.00021896 0.00021877 0.00021885 0.00021886 0.00022024 0.00022349 0.00022151 0.0002214 0.00022238 0.00022518 0.00022299 0.00022247 0.00022438 0.00022346 0.00021806 0.00021842 0.00022014 0.00021849 0.000218 0.00021795 0.0002179 0.000218 0.00021819 0.00021811 0.00021874 0.00021832 0.00021794 0.00021813 0.0002178 0.00021751 0.00021757 0.00021757 0.00021819 0.00021822 0.00021805 0.00021839 0.00021959 0.00021944 0.00021881 0.00021891 0.00021909 0.00021943 0.00021979 0.00021998 0.00021961 0.00022044 0.00021985 0.0002196 0.00021959 0.00022121 0.00022127 0.00022366 0.00022511 0.00022618 0.00022884 0.00022705 0.00022685 0.00022648 0.00022748 0.00022882 0.00023038 0.00023104 0.00023129 0.00023206 0.00023248 0.00022922 0.00022608 0.00022287 0.00022249 0.00022296 0.00022352 0.00022434 0.00022626 0.00022964 0.00022924 0.00022043 0.00021923 0.00021913 0.00021955 0.0002192 0.00021891 0.00021833 0.00021802 0.00021788 0.00021825 0.0002178 0.00021759 0.00021747 0.00021736 0.00021725 0.00021718 0.00021713 0.00021705 0.00021701 0.00021701 0.00021705 0.00021708 0.00021712 0.0002172 0.00021727 0.00021733 0.00021736 0.00021732 0.00021741 0.00021753 0.00021757 0.00021748 0.00021745 0.00021745 0.00021743 0.00021744 0.00021748 0.00021741 0.00021744 0.00021742 0.00021739 0.00021745 0.00021759 0.00021758 0.00021793 0.0002179 0.00021782 0.00021867 0.0002177 0.00021772 0.00021771 0.00021937 0.00021958 0.00021984 0.00022058 0.0002227 0.00022065 0.00021943 0.00022025 0.00021939 0.00022139 0.00022192 0.00022344 0.00022516 0.00022197 0.00022347 0.00022473 0.0002255 0.00022516 0.00022312 0.00022411 0.00022753 0.00022624 0.0002266 0.00022851 0.00023204 0.00023009 0.00023275 0.00023048 0.00022872 0.00022754 0.00022626 0.00022766 0.00022951 0.00023066 0.00022796 0.00022816 0.00022864
0.00021652 0.0002169 0.00021673 0.00021682 0.00021707 0.00021683 0.00021687 0.00021677 0.00021631 0.00021621 0.00021622 0.00021625 0.00021639 0.00021648 0.00021632 0.00021612 0.0002161 0.00021613 0.00021609 0.00021608 0.00021613 0.00021636 0.00021636 0.00021586 0.00021588 0.00021587 0.00021598 0.00021603 0.00021611 0.00021613 0.00021618 0.00021597 0.00021581 0.00021593 0.00021582 0.00021564 0.00021554 0.00021553 0.00021551 0.00021553 0.00021564 0.0002156 0.00021576 0.00021571 0.00021562 0.00021545 0.00021542 0.00021539 0.00021545 0.00021552 0.00021551 0.00021551 0.00021555 0.00021558 0.00021575 0.00021598 0.00021601 0.00021614 0.00021624 0.00021624 0.0002161 0.00021599 0.00021596 0.00021592 0.00021589 0.00021588 0.00021584 0.00021588 0.00021594 0.00021603 0.00021656 0.00021758 0.00021778 0.00021744 0.00021737 0.00021711 0.00021749 0.00021717 0.00021707 0.00021736 0.00021694 0.00021675 0.00021668 0.00021667 0.00021686 0.00021665 0.0002168 0.00021724 0.00021686 0.00021714 0.0002166 0.00021643 0.00021656 0.00021634 0.00021615 0.00021612 0.00021621 0.00021618 0.00021632 0.00021627 0.00021612 0.00021593 0.00021595 0.00021611 0.00021613 0.00021587 0.00021582 0.00021577 0.00021571 0.00021567 0.00021565 0.00021573 0.00021565 0.00021567 0.0002157 0.00021574 0.00021576 0.00021584 0.00021578 0.00021611 0.00021569 0.00021574 0.00021581 0.00021591 0.00021619 0.00021636 0.00021594 0.00021591 0.00021606 0.00021606 0.00021624 0.000216 0.00021571 0.00021572 0.00021572 0.00021571 0.00021571 0.0002158 0.00021598 0.00021601 0.00021602 0.00021606 0.00021611 0.00021604 0.00021617 0.00021617 0.00021621 0.00021609 0.00021594 0.00021577 0.00021592 0.00021577 0.00021601 0.0002159 0.00021568 0.0002157 0.00021576 0.00021641 0.00021612 0.00021635 0.00021607 0.00021666 0.00021666 0.00021699 0.00021696 0.00021705 0.00021679 0.00021665 0.00021673 0.00021678 0.00021669 0.00021696 0.00021717 0.00021711 0.00021716 0.00021724 0.00021694 0.0002171 0.00021738 0.00021688
0.0002152 0.00021518 0.0002152 0.00021524 0.00021524 0.00021511 0.00021511 0.00021506 0.00021505 0.00021506 0.00021506 0.00021504 0.00021504 0.00021504 0.00021504 0.00021503 0.00021502 0.00021502 0.00021502 0.00021502 0.00021501 0.00021501 0.00021503 0.00021502 0.00021502 0.00021503 0.00021501 0.00021498 0.00021497 0.00021495 0.00021494 0.00021493 0.00021493 0.00021492 0.00021491 0.00021491 0.00021491 0.0002149 0.0002149 0.00021489 0.00021489 0.00021489 0.00021489 0.00021489 0.00021489 0.00021489 0.00021489 0.00021489 0.00021489 0.00021489 0.0002149 0.00021491 0.00021492 0.00021493 0.00021494 0.00021496 0.00021498 0.00021499 0.000215 0.000215 0.00021499 0.00021501 0.00021501 0.00021502 0.00021503 0.00021505 0.00021506 0.00021506 0.00021506 0.00021507 0.00021508 0.00021508 0.00021509 0.00021511 0.00021512 0.00021514 0.00021515 0.00021516 0.00021519 0.00021521 0.00021519 0.00021518 0.00021519 0.00021521 0.00021518 0.00021521 0.00021522 0.0002152 0.00021521 0.0002152 0.0002152 0.00021523 0.00021528 0.00021526 0.00021522 0.00021519 0.00021517 0.0002152 0.00021529 0.00021531 0.00021526 0.00021518 0.00021518 0.00021517 0.00021515 0.00021514 0.00021513 0.00021511 0.0002151 0.00021508 0.00021508 0.00021507 0.00021506 0.00021506 0.00021505 0.00021504 0.00021504 0.00021503 0.00021502 0.00021502 0.00021502 0.00021502 0.00021502 0.00021503 0.00021504 0.00021503 0.00021502 0.00021501 0.000215 0.000215 0.00021499 0.00021499 0.00021498 0.00021498 0.00021497 0.00021496 0.00021495 0.00021493 0.00021493 0.00021492 0.00021492 0.00021491 0.00021491 0.00021491 0.00021491 0.00021491 0.00021491 0.00021492 0.00021492 0.00021492 0.00021493 0.00021494 0.00021495 0.00021496 0.00021498 0.00021499 0.00021501 0.00021503 0.00021501 0.00021499 0.00021499 0.000215 0.00021501 0.00021501 0.000215 0.00021501 0.00021501 0.00021501 0.00021503 0.00021503 0.00021505 0.00021507 0.00021508 0.00021509 0.0002151 0.00021512 0.00021514 0.00021515 0.00021515 0.00021518
