0.0011035 0.001106 0.0011087 0.0011095 0.0011095 0.001109 0.0011088 0.0011096 0.0011114 0.0011134 0.0011213 0.0011242 0.0011227 0.0011258 0.0011363 0.0011418 0.0011442 0.0011479 0.0011489 0.0011428 0.0011395 0.0011474 0.0011484 0.0011461 0.0011431 0.0011418 0.0011386 0.0011394 0.0011441 0.0011423 0.0011472 0.0011532 0.00115 0.0011463 0.0011519 0.0011478 0.0011431 0.0011397 0.0011351 0.0011318 0.0011292 0.0011254 0.0011222 0.001121 0.0011199 0.0011201 0.0011196 0.0011201 0.0011197 0.0011189 0.0011176 0.0011174 0.0011159 0.0011153 0.0011153 0.0011152 0.0011114 0.0011101 0.0011089 0.0011091 0.0011082 0.0011072 0.0011072 0.0011054 0.0011063 0.0011078 0.0011084 0.0011021 0.0010994 0.0011001 0.0010973 0.0010968 0.0010968 0.001097 0.001095 0.0010937 0.001093 0.0010925 0.0010918 0.0010921 0.0010913 0.0010924 0.0010926 0.0010918 0.0010928 0.0010932 0.001093 0.0010926 0.0010924 0.0010928 0.0010934 0.0010949 0.0010955 0.0010957 0.0010959 0.0010964 0.001096 0.0010965 0.0010971 0.001097 0.0010959 0.0010957 0.0010952 0.001095 0.0010957 0.001096 0.0010964 0.0010969 0.0010973 0.0010975 0.001098 0.0010971 0.0010956 0.0010967 0.0010991 0.0011007 0.0011001 0.0011 0.0011004 0.0011014 0.0011023 0.0011029 0.0011034 0.0011046 0.0011063 0.0011079 0.001108 0.0011093 0.0011107 0.0011115 0.0011122 0.0011127 0.0011133 0.001114 0.0011144 0.0011157 0.0011159 0.0011159 0.0011157 0.0011162 0.0011137 0.0011141 0.001113 0.0011113 0.0011122 0.001112 0.0011115 0.0011101 0.0011084 0.0011069 0.0011066 0.0011059 0.0011058 0.0011038 0.0011025 0.0011018 0.0011012 0.0011003 0.0011 0.0011005 0.0011001 0.0010997 0.0010994 0.0010983 0.0010981 0.0010976 0.0010981 0.0010986 0.001099 0.0010994 0.0011002 0.001101 0.0011012 0.0011016 0.0011017 0.0011025 0.0011029 0.001103 0.0011031 0.0011036
0.0012006 0.0012051 0.0012072 0.001214 0.0012124 0.0012156 0.0012104 0.0012097 0.0012083 0.0012037 0.0012035 0.0012029 0.0011977 0.0011916 0.0011888 0.001188 0.001189 0.0011896 0.0011893 0.0011871 0.0011868 0.0011893 0.0011961 0.0011981 0.0011968 0.001194 0.0011941 0.0011888 0.0011928 0.0011845 0.0011971 0.0011981 0.0011899 0.0011892 0.0011888 0.001189 0.0011874 0.0011854 0.0011866 0.0011856 0.0011831 0.0011855 0.0011836 0.0011823 0.0011806 0.0011796 0.0011793 0.001176 0.0011737 0.0011708 0.0011635 0.0011716 0.0011618 0.001148 0.0011495 0.0011464 0.0011404 0.0011339 0.0011308 0.0011294 0.0011381 0.0011131 0.001117 0.0011042 0.0011006 0.0010996 0.0010967 0.0010949 0.0010936 0.0010924 0.0010898 0.001088 0.0010911 0.0010901 0.0010771 0.0010745 0.0010709 0.0010665 0.0010649 0.0010729 0.0010585 0.0010496 0.001049 0.0010446 0.0010433 0.0010436 0.0010448 0.0010462 0.0010478 0.001049 0.0010508 0.0010512 0.0010519 0.0010518 0.0010522 0.0010719 0.0010671 0.0010758 0.0010692 0.0010794 0.0010792 0.0010793 0.0010836 0.0010842 0.0010862 0.0010905 0.0010936 0.0011014 0.001106 0.0011087 0.0011014 0.0011009 0.0011027 0.0011039 0.001105 0.0011047 0.0011073 0.0011092 0.0011128 0.001113 0.0011164 0.0011194 0.0011199 0.0011224 0.0011262 0.0011255 0.0011261 0.0011298 0.0011336 0.0011326 0.0011361 0.0011367 0.0011376 0.0011407 0.0011474 0.0011542 0.0011589 0.0011664 0.0011627 0.0011535 0.0011461 0.001144 0.0011426 0.0011411 0.0011389 0.0011393 0.0011365 0.0011234 0.0011217 0.0011209 0.0011209 0.0011216 0.0011238 0.0011235 0.0011231 0.0011235 0.0011267 0.0011322 0.0011367 0.0011363 0.0011403 0.0011438 0.0011483 0.0011501 0.0011562 0.0011609 0.0011663 0.001169 0.0011767 0.0011791 0.0011886 0.0011888 0.0011898 0.0011892 0.0011937 0.0011874 0.0011733 0.0011799 0.0011998 0.001211
0.0011691 0.00117 0.0011714 0.0011719 0.0011724 0.0011722 0.0011731 0.0011755 0.0011755 0.0011752 0.0011752 0.0011754 0.0011764 0.0011802 0.0011769 0.0011734 0.0011739 0.0011799 0.0011793 0.0011794 0.0011796 0.0011803 0.0011818 0.0011823 0.0011815 0.0011816 0.0011837 0.001189 0.0011923 0.0011997 0.0012174 0.0012189 0.0012178 0.0012177 0.0012199 0.0012118 0.0012227 0.0012169 0.0012138 0.0012105 0.0012223 0.0012366 0.001234 0.0012349 0.0012236 0.0012217 0.0012162 0.0012108 0.0012061 0.0012012 0.0012028 0.0011965 0.0011956 0.0011938 0.0012068 0.0012111 0.0011966 0.0011873 0.0011897 0.0012088 0.0011999 0.0011534 0.0011471 0.0011494 0.001156 0.0011606 0.0011524 0.0011569 0.0011556 0.0011348 0.0011421 0.0011364 0.0011213 0.0011171 0.0011196 0.0011068 0.0011229 0.0011362 0.0011505 0.0011331 0.0011251 0.0011214 0.0011249 0.0011258 0.0011314 0.0011242 0.0011208 0.0011137 0.0011132 0.0011188 0.0011121 0.0011128 0.001118 0.0011164 0.0011161 0.0011168 0.0011177 0.0011202 0.0011221 0.0011272 0.0011256 0.0011316 0.0011465 0.0011616 0.0011575 0.0011551 0.0011538 0.0011546 0.0011527 0.0011558 0.0011606 0.0011636 0.001166 0.0011696 0.001158 0.0011612 0.0011672 0.0011684 0.0011646 0.0011602 0.0011596 0.0011615 0.0011634 0.0011683 0.0011738 0.0011783 0.0011784 0.0011749 0.001175 0.0011721 0.0011697 0.001168 0.0011659 0.0011665 0.001168 0.0011732 0.001202 0.0012598 0.0012793 0.0012668 0.0012344 0.0012198 0.0012139 0.0012158 0.0011923 0.0011803 0.001175 0.001169 0.0011718 0.0011752 0.0011692 0.0011706 0.0011734 0.001181 0.0011896 0.0011924 0.0011939 0.0011949 0.001193 0.001193 0.0011922 0.001184 0.0011766 0.0011728 0.0011712 0.0011762 0.0011799 0.0011841 0.0011911 0.0012008 0.0011879 0.0011909 0.001189 0.0011865 0.0011827 0.0011802 0.0011779 0.0011772 0.0011713 0.0011691
0.0011748 0.001176 0.0011771 0.001178 0.0011784 0.0011787 0.0011794 0.0011803 0.0011814 0.0011825 0.0011836 0.001185 0.0011866 0.0011878 0.0011872 0.0011876 0.0011886 0.0011905 0.0011923 0.0011936 0.001195 0.0011969 0.0011986 0.0012007 0.0012031 0.0012061 0.0012085 0.0012117 0.0012172 0.0012236 0.00122 0.0012118 0.0012105 0.0012073 0.001213 0.0012189 0.0012182 0.001216 0.0012193 0.0012223 0.0012094 0.0012095 0.0012105 0.001211 0.0012123 0.0012138 0.0012123 0.0012389 0.0012443 0.001248 0.001243 0.0012437 0.0012395 0.0012395 0.0012408 0.0012386 0.0012356 0.0012506 0.0012549 0.0012548 0.0012302 0.0012478 0.0012429 0.0012367 0.0012544 0.0012386 0.0012395 0.001238 0.0012592 0.0012409 0.0012566 0.0012693 0.0012784 0.0012789 0.0012704 0.0012622 0.001264 0.0012632 0.0012627 0.0012683 0.0012669 0.0012649 0.0012566 0.0012584 0.0012596 0.0012552 0.0012517 0.0012506 0.0012534 0.0012525 0.0012379 0.001237 0.0012422 0.0012625 0.0012382 0.0012338 0.0012285 0.0012259 0.0012273 0.00122 0.0012311 0.0012036 0.0012121 0.0011982 0.0012194 0.0012322 0.0012352 0.0012226 0.0012165 0.0012181 0.0012206 0.0012277 0.0012408 0.0012452 0.0012498 0.0012492 0.0012268 0.0012278 0.0012242 0.0012236 0.0012198 0.0012198 0.0012027 0.0011986 0.001202 0.0012052 0.001205 0.0011977 0.0011973 0.0012049 0.0012012 0.0012018 0.0012106 0.0012114 0.0012219 0.0012522 0.0012917 0.0012875 0.0012888 0.0012877 0.0012886 0.0012287 0.0012228 0.0012257 0.0012239 0.0012308 0.0012287 0.0012246 0.0012233 0.0012231 0.0012201 0.001214 0.0012084 0.0012057 0.0012032 0.0011956 0.0011922 0.0011946 0.0012105 0.0012292 0.0012541 0.0012686 0.0012492 0.0012203 0.0011801 0.0011802 0.0011648 0.0011611 0.0011598 0.0011591 0.0011646 0.0011757 0.0012028 0.0012023 0.0011873 0.0011766 0.0011722 0.0011706 0.0011718 0.0011734
0.0011915 0.0011952 0.0011953 0.0012029 0.0011898 0.0011935 0.0011958 0.0011983 0.0012011 0.0012041 0.0012072 0.001211 0.0012196 0.0012216 0.0012105 0.0012098 0.0012116 0.0012141 0.0012172 0.00122 0.0012226 0.0012249 0.0012259 0.001228 0.0012299 0.0012327 0.0012362 0.0012378 0.0012391 0.0012409 0.0012432 0.0012514 0.0012496 0.0012509 0.0012568 0.0012543 0.0012431 0.0012453 0.0012438 0.0012451 0.0012546 0.0012467 0.0012303 0.0012333 0.0012248 0.0012176 0.001221 0.0012299 0.0012326 0.0012266 0.0012345 0.0012293 0.0012412 0.001285 0.0012717 0.0012812 0.0012935 0.0012686 0.0012914 0.0012861 0.0012694 0.0012755 0.0012791 0.0012772 0.0012772 0.0012745 0.0012773 0.0012778 0.0012737 0.001269 0.0012745 0.001266 0.0012564 0.0012578 0.0012591 0.0012601 0.001257 0.0012571 0.0012557 0.0012574 0.001281 0.0012526 0.0012439 0.0012413 0.0012399 0.0012411 0.0012404 0.001241 0.0012395 0.001239 0.0012382 0.0012395 0.0012339 0.0012244 0.0012141 0.0011988 0.0011659 0.0011307 0.0011724 0.0011796 0.0012036 0.0012211 0.0012182 0.0012244 0.0012402 0.0012509 0.0012582 0.0012704 0.0012685 0.0012625 0.001251 0.0012671 0.0012729 0.0012795 0.0012789 0.001283 0.0012846 0.0012889 0.0012877 0.0012874 0.0012863 0.0012885 0.0012854 0.0012816 0.0012809 0.0012845 0.001262 0.0012639 0.0012678 0.0012717 0.0012749 0.0012867 0.0012897 0.0012944 0.0012964 0.0012952 0.0012937 0.0012616 0.0012167 0.001206 0.0012036 0.0012016 0.0012007 0.0012102 0.0012149 0.0012159 0.0012127 0.0012208 0.0012259 0.0012305 0.0012375 0.0012422 0.0012484 0.0012363 0.0012423 0.0012542 0.0012619 0.0012451 0.0012373 0.0012397 0.0012659 0.001257 0.0012398 0.0012394 0.001247 0.0012449 0.0012657 0.001233 0.0011933 0.001176 0.0011763 0.0011842 0.0011928 0.0012063 0.001223 0.0011874 0.0011937 0.0011938 0.0011836 0.0011868
0.0012091 0.0012117 0.0012123 0.0012181 0.0012172 0.0012151 0.0012153 0.0012173 0.0012183 0.0012285 0.0012215 0.0012261 0.0012291 0.0012305 0.0012348 0.0012411 0.0012353 0.001247 0.0012312 0.0012452 0.001239 0.0012409 0.0012395 0.0012641 0.0012856 0.0012334 0.0012568 0.0012822 0.0012707 0.0012757 0.0012723 0.0012725 0.0012711 0.001272 0.0012744 0.0012756 0.0012757 0.0012749 0.0012699 0.001268 0.0012685 0.0012568 0.0012876 0.0012928 0.0012443 0.0012538 0.001253 0.0012461 0.0012436 0.0012608 0.0012748 0.0012554 0.0012925 0.0012815 0.0012849 0.0012951 0.0013071 0.0012449 0.0012784 0.0012524 0.001289 0.001277 0.0012447 0.0012678 0.0012683 0.001284 0.0012858 0.0012824 0.001281 0.0012791 0.0012768 0.0012781 0.001277 0.0012775 0.0012761 0.0012743 0.0012757 0.0012779 0.0012759 0.001265 0.00127 0.0012785 0.0012642 0.0012623 0.0012636 0.0012748 0.001257 0.0012663 0.0012578 0.0012594 0.0012623 0.0012561 0.0012529 0.0012379 0.0011967 0.0011969 0.0011756 0.0011999 0.0012277 0.0012429 0.0012388 0.0012526 0.001255 0.0012587 0.0012627 0.001274 0.0012648 0.0012711 0.0012582 0.0012722 0.0012499 0.0012653 0.0012566 0.0012566 0.0012384 0.0012331 0.001271 0.0012798 0.0012932 0.0012957 0.0012983 0.0012976 0.0012988 0.0012979 0.0013001 0.0012984 0.0012964 0.0012989 0.0012979 0.0012999 0.0012969 0.0012959 0.0013001 0.001299 0.0012992 0.0012994 0.0013027 0.0013034 0.0013001 0.0013 0.0012999 0.001302 0.0012864 0.0012663 0.0012767 0.0012483 0.001222 0.0012223 0.0012227 0.0012173 0.0012206 0.0012262 0.0012481 0.0013061 0.0012981 0.0012519 0.0012416 0.0012696 0.0012097 0.0012116 0.0012437 0.0012154 0.0012005 0.0011936 0.0011901 0.0011959 0.001189 0.0012103 0.0011975 0.0011955 0.0011961 0.0011994 0.0012065 0.0011914 0.001187 0.0011934 0.0011988 0.0012043 0.0012045 0.0012054
0.0012499 0.0012362 0.001232 0.0012305 0.001226 0.0012401 0.0012379 0.0012554 0.001253 0.0012549 0.0012533 0.0012543 0.0012713 0.0012621 0.0012594 0.001262 0.0012668 0.0012662 0.0012725 0.0012662 0.0012632 0.0012657 0.0012631 0.0012688 0.0012651 0.0012716 0.0012814 0.0012852 0.0012776 0.0012828 0.0012812 0.0012826 0.0012829 0.0012827 0.0012825 0.0012832 0.0012814 0.0012826 0.0012816 0.0012817 0.0012809 0.001282 0.0012783 0.0012714 0.0012681 0.0012574 0.0012315 0.0012675 0.0012265 0.0012401 0.0012804 0.0012696 0.0012615 0.0012348 0.0012419 0.001253 0.0012622 0.0012611 0.0012673 0.0012649 0.0012791 0.001288 0.0012797 0.0012826 0.0012916 0.0012928 0.0012914 0.0012932 0.0012932 0.0012913 0.0012895 0.0012887 0.001286 0.0012866 0.0012848 0.0012846 0.0012832 0.0012782 0.0012679 0.0012691 0.0012655 0.0012584 0.0012553 0.0012476 0.0012596 0.0012692 0.0012622 0.0012638 0.0012539 0.0012599 0.0012607 0.0012578 0.0012403 0.0012322 0.0012256 0.0012168 0.0011924 0.0011723 0.0012301 0.001288 0.0013047 0.0013124 0.0013132 0.001255 0.0012682 0.0012614 0.0012631 0.0012722 0.001259 0.0012751 0.0012618 0.00126 0.0012565 0.001279 0.001296 0.001287 0.0012595 0.0012526 0.0012313 0.0012194 0.0012141 0.0011945 0.0011874 0.0012157 0.0012508 0.0012731 0.0012866 0.0012856 0.0012808 0.0012708 0.0012422 0.0012783 0.0012882 0.0012488 0.0012769 0.0012873 0.0013012 0.0012966 0.0012855 0.0012809 0.0012632 0.0012641 0.001254 0.0012782 0.0013045 0.0013023 0.0012947 0.0012888 0.0012569 0.0012581 0.0012608 0.0012211 0.0012563 0.0012713 0.0012716 0.0012299 0.0012114 0.0012161 0.001205 0.0012073 0.0012125 0.0012042 0.0012038 0.001217 0.0012106 0.0012081 0.0012149 0.0012204 0.0012229 0.0012218 0.0012168 0.0012218 0.001233 0.0012165 0.0012177 0.0012209 0.0012313 0.0012395 0.0012444 0.0012349
0.0012602 0.0012652 0.0012539 0.0012607 0.0012524 0.0012514 0.0012573 0.0012927 0.0012679 0.0012639 0.001307 0.0013206 0.001274 0.00128 0.0012807 0.0012862 0.001276 0.0012815 0.0012816 0.0012732 0.0012733 0.0012848 0.0012847 0.001292 0.0012852 0.0012886 0.0012908 0.001292 0.0012907 0.0012892 0.0012894 0.0012884 0.0012902 0.0012885 0.0012687 0.0012854 0.0012857 0.0012848 0.0012835 0.0012833 0.0012806 0.0012782 0.0012786 0.001279 0.0012809 0.0012836 0.0012797 0.0012755 0.0012663 0.0012608 0.0012669 0.0012409 0.0012334 0.0012517 0.0012773 0.0012811 0.0012777 0.0012932 0.0012999 0.0013013 0.0013028 0.0013019 0.0012996 0.0012973 0.0012958 0.0012955 0.0012939 0.0012842 0.0012934 0.0012883 0.0012811 0.0012739 0.0012722 0.0012641 0.0012613 0.001265 0.0012604 0.0012692 0.0012607 0.0012618 0.0012652 0.0012676 0.0012723 0.0012625 0.0012788 0.0012672 0.001267 0.0012746 0.0012662 0.0012662 0.0012616 0.001247 0.0012407 0.0012558 0.0012628 0.0012638 0.0012641 0.0012645 0.0012678 0.0012615 0.0012535 0.0012587 0.001259 0.0012563 0.0012708 0.0012735 0.0012738 0.0012665 0.0012647 0.0012592 0.001255 0.0012469 0.0012248 0.0012379 0.0012427 0.0012165 0.0012359 0.0012287 0.0012176 0.0012257 0.0012134 0.00121 0.0012456 0.0012618 0.0012537 0.0012583 0.0013056 0.0012333 0.0012426 0.0012431 0.0012491 0.0012744 0.0012688 0.0012616 0.0012585 0.0012494 0.0012648 0.0012162 0.0011982 0.0011779 0.0011743 0.0012049 0.0013112 0.0013044 0.0013093 0.0012526 0.0012848 0.0012568 0.001292 0.0013057 0.001299 0.0012955 0.001292 0.0012931 0.0012986 0.0012455 0.001194 0.001192 0.0011912 0.0011919 0.0011907 0.0011987 0.0012316 0.001226 0.0012358 0.0012052 0.0012087 0.0012181 0.0012221 0.0012217 0.0012255 0.0012258 0.0012276 0.0012396 0.0012402 0.0012441 0.0012507 0.0012483 0.0012511 0.0012539
0.0013115 0.0012593 0.00129 0.0012895 0.0012839 0.0012694 0.0013044 0.0012896 0.0012907 0.0012899 0.0012694 0.0012527 0.0013073 0.001267 0.001281 0.0012896 0.0012875 0.0012872 0.0012841 0.0012784 0.0012712 0.0012549 0.001303 0.0012453 0.0012572 0.0012975 0.0012855 0.0012844 0.0012857 0.0012883 0.0012893 0.0012891 0.0012939 0.0012769 0.0012747 0.0012586 0.0012692 0.0012864 0.001281 0.0012836 0.0012835 0.001285 0.0012807 0.0012831 0.0012848 0.0012846 0.001285 0.0012735 0.0013016 0.0013362 0.0013358 0.0013406 0.0013392 0.0012757 0.0012988 0.0012988 0.0013062 0.0013083 0.0013092 0.0013101 0.0013104 0.0013093 0.0013065 0.0013024 0.001304 0.0012864 0.0012932 0.0013015 0.0013024 0.0013024 0.0012998 0.0012873 0.0012774 0.0012838 0.0012768 0.0012707 0.0012668 0.0012724 0.0012825 0.0012645 0.001265 0.0012653 0.0012673 0.0012826 0.0012746 0.0012864 0.0012932 0.0012912 0.0012856 0.0012881 0.0012709 0.0012691 0.0012517 0.0012701 0.0012688 0.0012738 0.0012821 0.0012832 0.001283 0.0012817 0.0012836 0.0012839 0.001288 0.0012855 0.0012815 0.0012782 0.0012849 0.0012628 0.0012592 0.0012519 0.0012305 0.0012124 0.0012258 0.0012476 0.0012688 0.0012548 0.0012645 0.0012587 0.0012637 0.0012464 0.0012533 0.001234 0.0012239 0.00122 0.0012366 0.0012348 0.0012514 0.0012527 0.0012658 0.0012641 0.001262 0.0012676 0.0012697 0.0012742 0.0012789 0.0012797 0.0012789 0.0012854 0.001269 0.0012514 0.0012731 0.0012048 0.0012128 0.0012438 0.001249 0.0012522 0.0012559 0.0012705 0.0013097 0.0012877 0.0012756 0.001237 0.001276 0.001294 0.0013073 0.0013132 0.0012878 0.0012389 0.0011947 0.0012159 0.0012037 0.0012188 0.0012436 0.0012498 0.0012138 0.0012283 0.0012504 0.0012572 0.0012502 0.0012686 0.0013055 0.0012939 0.0012758 0.0012691 0.00127 0.0012673 0.0012754 0.0012664 0.0012691 0.0013082
0.001303 0.0013046 0.0013091 0.0013117 0.0013147 0.0013218 0.0013272 0.0013242 0.0013246 0.0013254 0.0013252 0.0012966 0.0012669 0.0012523 0.0012212 0.001222 0.0012541 0.0012618 0.0013118 0.0012726 0.0012762 0.001268 0.0012582 0.0012622 0.0013396 0.0012927 0.0012896 0.0012907 0.0012854 0.0012754 0.0012794 0.001275 0.0012744 0.0012835 0.0012796 0.0012777 0.0012742 0.0012887 0.0012813 0.0012824 0.0012883 0.0012808 0.0012875 0.001283 0.0012853 0.0012869 0.0012739 0.001265 0.0012679 0.0013133 0.0013371 0.0013336 0.0013438 0.0012645 0.0013043 0.0013104 0.0013126 0.0013151 0.001312 0.0013129 0.0013159 0.001302 0.0012962 0.0013015 0.0013066 0.0013096 0.0013138 0.0013036 0.0013042 0.001263 0.0012765 0.0012858 0.0012786 0.0012866 0.0012724 0.0012832 0.0012744 0.0012511 0.0012411 0.001234 0.0012295 0.001278 0.0012742 0.0012733 0.0012824 0.001283 0.0012898 0.0012803 0.0012931 0.0012851 0.0013088 0.0013035 0.0012841 0.0012883 0.0012878 0.00128 0.0012764 0.0012474 0.0012756 0.0012884 0.0012955 0.0012822 0.0012844 0.0012849 0.0012837 0.001286 0.0012695 0.0012278 0.001242 0.0012579 0.0012597 0.001265 0.0012656 0.001274 0.0012752 0.0012709 0.0012831 0.0012747 0.0012805 0.0012846 0.0012809 0.0012904 0.0012918 0.0012822 0.0012955 0.0012733 0.0012439 0.0012542 0.0013105 0.0013103 0.0012646 0.0012735 0.0012644 0.0012126 0.0012497 0.0012587 0.0012632 0.0012448 0.0012268 0.0012434 0.0012694 0.0012376 0.0012794 0.0012826 0.0012954 0.0012968 0.0012952 0.0012815 0.001282 0.0012914 0.001303 0.0012985 0.0013093 0.0013009 0.001333 0.0013395 0.0013367 0.0013234 0.0013097 0.0012968 0.0013082 0.0012996 0.0012902 0.0013052 0.001313 0.00131 0.0013098 0.0013023 0.0012958 0.001319 0.0012986 0.0013122 0.0013074 0.0013089 0.001285 0.0012849 0.0012876 0.0012926 0.0012754 0.0013038
0.0012747 0.0012777 0.0012936 0.001305 0.0012858 0.0013434 0.0013389 0.0013242 0.0013302 0.001329 0.001327 0.001319 0.0012923 0.0012978 0.0012805 0.0012929 0.0012339 0.0012426 0.0012639 0.0012818 0.0012977 0.0012874 0.0012778 0.0012767 0.0012648 0.0012982 0.0012841 0.0012916 0.0012736 0.0013054 0.0012573 0.0012612 0.001257 0.0012699 0.001272 0.0012763 0.0012884 0.0012897 0.0012942 0.0012942 0.0012984 0.0012941 0.0012928 0.0012955 0.0012959 0.001327 0.001287 0.0013005 0.0013009 0.0012999 0.001302 0.0013079 0.0013081 0.0013127 0.0013135 0.0013109 0.0013124 0.0013135 0.0013046 0.0013045 0.0012959 0.0013126 0.0013108 0.0013174 0.0013113 0.0013021 0.0012742 0.0012756 0.0012782 0.0012778 0.0012753 0.0012833 0.0012807 0.0012896 0.0012946 0.0013041 0.0012982 0.0012692 0.0012442 0.0012568 0.0012634 0.0012861 0.0012886 0.0012662 0.0012643 0.0012536 0.0012571 0.0012548 0.0012674 0.0012804 0.0012816 0.0012874 0.00125 0.0012891 0.0012927 0.001289 0.0012955 0.0012953 0.0012943 0.0012967 0.0012942 0.0012925 0.0012956 0.0012919 0.0012816 0.0012678 0.0012335 0.0012874 0.0012963 0.0012909 0.0012822 0.0012735 0.0012785 0.0012729 0.0012796 0.0012572 0.0012552 0.0012814 0.001299 0.0013079 0.0013159 0.0013098 0.0013115 0.0013149 0.0013143 0.0013105 0.0012943 0.0012745 0.0012613 0.0012623 0.0012862 0.0012785 0.0012765 0.0012798 0.0013175 0.0012716 0.0012072 0.0012247 0.0012332 0.0012368 0.0012462 0.0012462 0.0012286 0.0012345 0.0012592 0.0012806 0.0012864 0.0012747 0.001298 0.0013008 0.0013008 0.0013045 0.0012825 0.0012027 0.0013001 0.0013322 0.0013253 0.0012321 0.0013322 0.0013285 0.0013255 0.0013159 0.0013126 0.0013091 0.0012981 0.0012857 0.0012751 0.0012812 0.0012445 0.0012319 0.0012769 0.0013063 0.0013017 0.0012932 0.0012866 0.0012795 0.001275 0.0012708 0.0012813 0.0012812
0.0013348 0.0012719 0.00126 0.0012929 0.0012941 0.0012989 0.0013004 0.0013288 0.0013255 0.0013298 0.0013313 0.001331 0.0013248 0.0013201 0.0013041 0.0012908 0.0012768 0.0012563 0.0012524 0.0012393 0.0012386 0.0012266 0.0012415 0.001243 0.0012602 0.0012586 0.0012533 0.0012495 0.0012775 0.0012377 0.0012381 0.0012428 0.0012718 0.0013311 0.0012618 0.0012727 0.0012736 0.0013146 0.0012912 0.0012926 0.001297 0.0012965 0.0012948 0.0012956 0.0012962 0.0012985 0.0012967 0.0013015 0.001302 0.0012996 0.0013013 0.0013055 0.0013072 0.0013074 0.0013042 0.0013109 0.0013173 0.001312 0.001315 0.0013112 0.0012873 0.0013044 0.001314 0.0013137 0.0013036 0.0012965 0.001354 0.0013537 0.0013431 0.001279 0.0012859 0.0012881 0.0012905 0.0012992 0.0013061 0.0012891 0.0012732 0.0012478 0.001251 0.0012358 0.0012505 0.0012515 0.0012717 0.001266 0.001281 0.001276 0.0012815 0.0012823 0.0012817 0.0012816 0.0012837 0.001291 0.0012872 0.0012938 0.0012913 0.0012968 0.0012915 0.0012892 0.001291 0.0012815 0.0012836 0.0012496 0.0012401 0.0012423 0.0012263 0.0012518 0.0013111 0.0013315 0.0013292 0.0013124 0.0013068 0.0012879 0.0012895 0.0012735 0.0012814 0.0012764 0.001294 0.0013019 0.0013128 0.0013144 0.0013134 0.0013128 0.0013155 0.0013151 0.001312 0.0013216 0.0013211 0.0013265 0.0013271 0.0013069 0.0012742 0.0012443 0.0012718 0.0012809 0.0012457 0.0012369 0.0012311 0.001213 0.001239 0.0012027 0.0012149 0.0012339 0.0012352 0.0012798 0.001264 0.0012612 0.0012391 0.0012546 0.0012754 0.0012906 0.0013044 0.001314 0.001298 0.001306 0.0013115 0.0013132 0.0013145 0.0013169 0.0013011 0.0013088 0.0013061 0.0013084 0.0012996 0.00129 0.0013016 0.0012992 0.0012993 0.0012987 0.0012962 0.0012769 0.0013052 0.0012946 0.0012919 0.0012827 0.0012618 0.0012912 0.0012592 0.0012578 0.0012608 0.0012828
0.0012765 0.0012588 0.0012442 0.0012646 0.0012667 0.0013057 0.0013132 0.0013296 0.001324 0.0013263 0.0013255 0.0013298 0.00133 0.00133 0.0013264 0.0013191 0.0013133 0.0013107 0.0013061 0.0012919 0.0012693 0.0012633 0.0012667 0.0012566 0.0012733 0.0012694 0.0012546 0.0012946 0.001285 0.001256 0.001246 0.0012602 0.0012502 0.0012617 0.0012707 0.0012766 0.0012778 0.0012812 0.0012825 0.0012924 0.0012934 0.0012979 0.0012994 0.0012996 0.0013034 0.0013049 0.0013035 0.001303 0.0013041 0.0013036 0.0012989 0.0012948 0.0012917 0.0012976 0.0013038 0.0013095 0.0013096 0.00131 0.0013048 0.0012659 0.0013219 0.0013172 0.0013238 0.001332 0.0013041 0.0013198 0.001326 0.0013278 0.0012932 0.0012895 0.0012997 0.0012936 0.0012968 0.0013027 0.0013117 0.0013065 0.0012849 0.0012762 0.0012582 0.0012423 0.0012429 0.0012572 0.0012977 0.0012721 0.0012803 0.0012821 0.0012817 0.0012781 0.0012665 0.001284 0.0012842 0.0012858 0.0012833 0.0012913 0.0012831 0.0012931 0.0013043 0.0012966 0.0012846 0.001288 0.0012766 0.0012782 0.0012723 0.0012673 0.0012494 0.0012641 0.0012571 0.0012695 0.001275 0.0012696 0.001268 0.0012624 0.0012677 0.0012963 0.0013071 0.0013284 0.001327 0.0013189 0.0013118 0.0013073 0.0013077 0.0013156 0.0013224 0.0013209 0.0013262 0.001324 0.0013225 0.0013247 0.0013244 0.0013287 0.001286 0.0012829 0.0012804 0.0012748 0.0013367 0.0012516 0.0012491 0.0012548 0.0012782 0.0012229 0.0012211 0.0012218 0.0012442 0.0012462 0.0012487 0.0012291 0.0012228 0.00128 0.0012682 0.001252 0.0012956 0.0012869 0.0012828 0.0013044 0.0013029 0.0012366 0.0012648 0.0012737 0.0013003 0.0012866 0.0012597 0.0012666 0.0013017 0.0012836 0.0012954 0.0013059 0.0012994 0.0013034 0.0013016 0.0013002 0.0012853 0.0012805 0.0012726 0.0012442 0.0012889 0.001299 0.0012796 0.0012721 0.0012548 0.00125
0.0012754 0.0012741 0.0012949 0.0012617 0.0012492 0.0012708 0.0012953 0.0013022 0.0013133 0.0013096 0.0013211 0.0013145 0.0013321 0.0013233 0.0013242 0.0013188 0.0013216 0.001323 0.0013198 0.0012994 0.0012742 0.0012728 0.0012601 0.0012648 0.0012606 0.0012675 0.0012678 0.0012591 0.0012564 0.00126 0.0012572 0.0012641 0.0012753 0.0012761 0.0012745 0.0012638 0.0012552 0.0012718 0.0012901 0.0012777 0.0012982 0.0012831 0.0012743 0.0012925 0.0012948 0.0012946 0.0012844 0.0012986 0.0012951 0.0012948 0.0012843 0.001289 0.0013084 0.0013238 0.0013106 0.0012745 0.0012959 0.0013197 0.0013136 0.0013156 0.0013129 0.0013121 0.001318 0.0013271 0.0013398 0.0013315 0.0013012 0.0013339 0.0012942 0.0013177 0.0013066 0.0012969 0.0012991 0.0012929 0.0012979 0.0013193 0.0013254 0.0013209 0.0013169 0.0012995 0.00129 0.0012715 0.0012763 0.001275 0.0012758 0.0012785 0.0012843 0.0012842 0.0012845 0.0012824 0.0012815 0.0012824 0.0012875 0.0012841 0.0012865 0.001278 0.0012847 0.0012879 0.0012809 0.0012923 0.0012938 0.0012805 0.0012839 0.0012926 0.0012857 0.0012744 0.0012648 0.0012538 0.0012557 0.0012456 0.0012705 0.0012765 0.0012929 0.001319 0.0013353 0.0013376 0.0013388 0.0013302 0.0013222 0.0013188 0.0013168 0.0013152 0.001318 0.00132 0.0013291 0.0013319 0.0013276 0.001326 0.0013272 0.0013284 0.0013201 0.0012941 0.0012887 0.0013005 0.0012812 0.0012591 0.0012456 0.0012535 0.0012462 0.0012113 0.0012921 0.0012352 0.0012633 0.0012588 0.0012572 0.0012429 0.0012349 0.001226 0.0012135 0.0012373 0.0012587 0.0012798 0.0012673 0.00127 0.0012861 0.0013023 0.0013141 0.0013154 0.0013028 0.001297 0.001273 0.0012779 0.0012869 0.0012854 0.0012807 0.0012376 0.0012359 0.0012536 0.0012775 0.0012915 0.0012978 0.0013011 0.0012927 0.0013047 0.001303 0.0012608 0.0012822 0.0012871 0.0012843 0.0013031
0.0013102 0.0012707 0.0012455 0.001274 0.0012892 0.0012988 0.0012979 0.0012665 0.0012726 0.0012834 0.0012611 0.0012727 0.001301 0.0012722 0.0013458 0.0012765 0.0012954 0.0012933 0.0013214 0.0013039 0.0012998 0.0012975 0.0012995 0.0012694 0.0012617 0.0012505 0.0013078 0.0012841 0.0012603 0.0012643 0.0012862 0.001301 0.0013026 0.0012976 0.0012992 0.0012854 0.0012647 0.001274 0.00127 0.0012686 0.0012896 0.0012563 0.0012776 0.0012954 0.0012795 0.0012338 0.0013036 0.0013111 0.0013133 0.001311 0.0013096 0.0013159 0.001315 0.0012996 0.0012811 0.0013241 0.0013242 0.0013146 0.0013247 0.001324 0.0013218 0.0013139 0.0013202 0.0013231 0.0013333 0.0013453 0.0013362 0.0013113 0.0013385 0.0013392 0.0013315 0.0013195 0.0012798 0.0013185 0.0013272 0.0013058 0.0012987 0.0013032 0.001296 0.0012819 0.0012401 0.0012415 0.0012746 0.0012881 0.001276 0.0012721 0.0012661 0.0012817 0.0012867 0.0012851 0.001288 0.0012839 0.0012848 0.0012929 0.0012882 0.0012913 0.001289 0.0012808 0.001287 0.0012925 0.0012966 0.0012893 0.0012857 0.0012853 0.0012587 0.0012861 0.0012819 0.0012833 0.0012845 0.0012906 0.0012967 0.0013006 0.001306 0.0013151 0.0013266 0.0013302 0.0013097 0.0013072 0.001309 0.0012983 0.0013479 0.0013312 0.0013027 0.0013141 0.0013229 0.0013264 0.0013335 0.0013365 0.0013249 0.0013357 0.0013454 0.001337 0.0012394 0.0013289 0.0013219 0.0013112 0.0012566 0.0012648 0.0012636 0.0012853 0.0012445 0.0012399 0.001235 0.0012401 0.0012435 0.001239 0.0012391 0.0012279 0.0012409 0.0012376 0.0012515 0.0012512 0.0012542 0.0012589 0.0012613 0.001309 0.0013352 0.0013305 0.0013299 0.0013241 0.0013158 0.0013045 0.0012945 0.0012833 0.00128 0.0012625 0.0012436 0.0012574 0.0012604 0.0012142 0.0012509 0.0012859 0.0012926 0.0012803 0.0012333 0.0012525 0.0012608 0.0013023 0.0013045 0.0013033
0.001316 0.0012928 0.0012844 0.0012985 0.0012976 0.0012894 0.0012307 0.0012633 0.0012725 0.0012629 0.001287 0.0012626 0.0012732 0.0012344 0.0012816 0.0013093 0.0012894 0.0012965 0.0012827 0.0012979 0.0013035 0.0013045 0.001291 0.0012841 0.0012452 0.0012649 0.0012738 0.0012771 0.0012975 0.0012656 0.0012771 0.0013075 0.0013113 0.0012975 0.0013123 0.0012986 0.0012743 0.00125 0.0012424 0.0012493 0.0012633 0.0012918 0.0013067 0.0013057 0.0013026 0.0012872 0.0013106 0.0013172 0.0013251 0.0013245 0.0013251 0.0013253 0.001327 0.001328 0.0013165 0.0013076 0.0013136 0.0013058 0.00132 0.0013256 0.0013131 0.0012997 0.0013429 0.001333 0.001311 0.0013466 0.0013178 0.0013283 0.0013386 0.0012781 0.0012924 0.0013307 0.0013488 0.0013144 0.0013358 0.0013087 0.0013106 0.0012946 0.0012817 0.0012817 0.001254 0.0012602 0.001275 0.0012639 0.0012664 0.0012867 0.0012786 0.0012772 0.0012954 0.0012381 0.0012802 0.0012913 0.0012948 0.0012895 0.0013141 0.0012808 0.0012771 0.0012783 0.001324 0.0012758 0.0012716 0.0012914 0.0012842 0.0012858 0.0012897 0.0012924 0.0012914 0.0012884 0.0012877 0.0013036 0.0013082 0.0013177 0.0013209 0.0013215 0.0013149 0.0012993 0.0013021 0.0013066 0.0012903 0.0012695 0.001272 0.0012741 0.001306 0.0013239 0.001339 0.001343 0.0013455 0.0013429 0.0013459 0.0013506 0.0013435 0.0013423 0.0013326 0.0013251 0.0013293 0.0013159 0.0012938 0.0012375 0.0012125 0.001227 0.0013202 0.0013131 0.0012123 0.0012132 0.0012832 0.0012292 0.0012364 0.0012048 0.0012347 0.0012544 0.0012326 0.0012374 0.0012617 0.0012924 0.0013053 0.0013148 0.001323 0.0013204 0.001325 0.0013246 0.0013235 0.0013201 0.0013144 0.0013067 0.0012867 0.0012709 0.001255 0.0012516 0.0012615 0.001251 0.0012983 0.0012211 0.0012588 0.0012685 0.0012551 0.0012864 0.0012982 0.0012892 0.0013026 0.0013096
0.0013085 0.00131 0.0013187 0.0013295 0.0013099 0.001253 0.0012716 0.0012632 0.0012431 0.001246 0.0012511 0.0013255 0.001249 0.0012555 0.0012376 0.0012414 0.0012735 0.0012966 0.0012746 0.0012678 0.0013222 0.0012707 0.0012726 0.0012719 0.0012367 0.0012676 0.00128 0.0012791 0.001278 0.0012401 0.0012157 0.001308 0.0012973 0.0013015 0.0013001 0.0012914 0.001299 0.0012668 0.0012573 0.0012604 0.0012504 0.0012791 0.00129 0.0012967 0.0013009 0.001288 0.0012669 0.0012641 0.0013043 0.0013253 0.0013268 0.0013293 0.0013231 0.0013217 0.0013116 0.0012855 0.0012736 0.001275 0.0012641 0.0012585 0.0012923 0.001349 0.0013155 0.0012921 0.001348 0.0013527 0.0013505 0.0013345 0.0013524 0.0012364 0.0013549 0.0013274 0.0012911 0.001318 0.0013009 0.0013364 0.0013451 0.0013345 0.0013224 0.0013472 0.0013477 0.0013134 0.0012797 0.0012835 0.0012952 0.0012811 0.0012839 0.0012716 0.001269 0.0012849 0.0012881 0.0012921 0.0012783 0.0012634 0.0012633 0.0012604 0.0012611 0.0012658 0.0012858 0.0012653 0.0012526 0.0012596 0.0012588 0.0012626 0.0012619 0.0012916 0.0012941 0.0013027 0.0013103 0.001317 0.001323 0.0013289 0.0013345 0.0013387 0.0013337 0.0013239 0.001329 0.0013296 0.0013351 0.0013245 0.0013211 0.0013292 0.0013441 0.0013521 0.0013549 0.0013548 0.001355 0.0013549 0.001355 0.0013552 0.0013509 0.0013478 0.0013419 0.0013481 0.001344 0.001341 0.0013385 0.0013172 0.0012332 0.0012839 0.001324 0.0013381 0.0012406 0.001249 0.0012749 0.0012663 0.0012475 0.0012367 0.0012357 0.0012545 0.0012771 0.0012855 0.0012916 0.001279 0.0013039 0.0012902 0.0013132 0.0012882 0.0012498 0.0012622 0.0013167 0.0013211 0.0013178 0.0013039 0.0012836 0.001269 0.0012569 0.0012568 0.0012619 0.0012568 0.0012412 0.0012347 0.0012581 0.0012623 0.0013077 0.0012608 0.0012615 0.0012674 0.0012817 0.0013065
0.0013126 0.0013141 0.0013197 0.0013237 0.0012959 0.0012931 0.0012893 0.0012694 0.0012617 0.0012849 0.0012823 0.0012767 0.0012691 0.0012753 0.0012591 0.0012698 0.0012965 0.0012898 0.0012895 0.0012859 0.0012604 0.001227 0.0012273 0.0013213 0.0012269 0.0012696 0.0012856 0.0012859 0.0012858 0.0012727 0.0012607 0.0013022 0.0013007 0.0012945 0.0013055 0.0012856 0.0012729 0.0012617 0.0012403 0.0012348 0.0012403 0.0012348 0.0012322 0.0012428 0.0012802 0.0012658 0.0012574 0.001276 0.0013025 0.0013149 0.0013255 0.0013268 0.0013274 0.0013061 0.0012953 0.0012428 0.001261 0.001239 0.0012586 0.0013372 0.0012903 0.0013521 0.0013548 0.0013472 0.0013069 0.0013513 0.0013512 0.0013512 0.0013513 0.0013512 0.0013512 0.0013553 0.0013082 0.0013107 0.0013483 0.0013312 0.0013101 0.0013392 0.0013325 0.0013286 0.0013072 0.0012912 0.0012976 0.0012962 0.0012915 0.0012838 0.0012845 0.0012712 0.0012772 0.0012621 0.0012749 0.0012844 0.0012959 0.0012801 0.0012844 0.001309 0.0013361 0.0012846 0.0012824 0.0012876 0.0012857 0.0012816 0.0012524 0.0012624 0.0012529 0.0012665 0.0013022 0.0013074 0.0013177 0.0013268 0.0013335 0.0013385 0.0013454 0.0013502 0.0013502 0.0013534 0.0013548 0.0013554 0.0013554 0.001354 0.001352 0.0013513 0.0013512 0.0013512 0.0013515 0.0013512 0.0013519 0.0013521 0.0013514 0.0013543 0.0013553 0.0013547 0.0013527 0.0013462 0.0013505 0.0013482 0.0012955 0.0013248 0.0013187 0.0013028 0.0012937 0.001284 0.0012878 0.0012891 0.0012371 0.0012546 0.0012609 0.0012623 0.0012786 0.0012946 0.0013105 0.0013106 0.0013446 0.0013241 0.0012912 0.0012989 0.001309 0.0012465 0.0012576 0.0013217 0.0013092 0.0012991 0.0012899 0.0012918 0.0012721 0.001265 0.0012736 0.0012835 0.001296 0.0012846 0.0012831 0.0012524 0.001291 0.0012714 0.0012591 0.001264 0.0012775 0.0012977 0.0012976 0.0013093
0.0013159 0.0012976 0.0013016 0.0013307 0.0013369 0.0012649 0.0013022 0.0013083 0.0013076 0.0012979 0.0013054 0.001279 0.0012696 0.0012872 0.0012868 0.0012865 0.0012721 0.0012919 0.0012853 0.0012901 0.0012835 0.0012495 0.0012328 0.001289 0.001267 0.0012814 0.0013309 0.0012796 0.0012891 0.0012801 0.0012969 0.0012903 0.0012902 0.0013102 0.0012934 0.0012927 0.0012915 0.0012496 0.0012336 0.0012318 0.0012258 0.0012335 0.0012595 0.0012702 0.0012802 0.0012871 0.0012951 0.0012929 0.0013337 0.0013511 0.0012771 0.0012813 0.001296 0.0012843 0.0012924 0.001316 0.0013078 0.0012713 0.0012657 0.0013112 0.0012979 0.0013535 0.0013548 0.0013554 0.0013526 0.0013516 0.0013512 0.0013512 0.0013512 0.0013512 0.0013512 0.0013514 0.0013544 0.0013546 0.0013312 0.001324 0.0013338 0.0013446 0.0013152 0.0013249 0.0013319 0.0013249 0.0013187 0.0013105 0.0012987 0.0013373 0.0013112 0.0012862 0.0012925 0.0012951 0.0012794 0.0012761 0.0012697 0.0012929 0.0012653 0.001257 0.001274 0.0012787 0.0012837 0.0012769 0.0012849 0.0012897 0.001267 0.0012293 0.0012935 0.0012836 0.001292 0.0013083 0.0013145 0.0013191 0.0013379 0.0013444 0.0013519 0.0013549 0.0013554 0.0013545 0.0013517 0.0013512 0.0013532 0.0013601 0.0013684 0.0013765 0.0013805 0.0013822 0.0013831 0.0013733 0.0013703 0.0013717 0.001372 0.0013698 0.0013567 0.0013539 0.0013538 0.001352 0.00135 0.0013538 0.001354 0.001348 0.0013067 0.0013057 0.001312 0.0012882 0.0012925 0.0012731 0.0012826 0.0013167 0.0012771 0.0012761 0.0012804 0.0012694 0.0012824 0.0013023 0.0013187 0.0013267 0.0013471 0.0013127 0.0013067 0.0012349 0.0013247 0.0013091 0.0013147 0.0013163 0.0013159 0.0012994 0.0012871 0.0012835 0.0012678 0.0012853 0.0012551 0.001285 0.0012951 0.0012619 0.0012333 0.0012331 0.0012633 0.0012937 0.001297 0.0013022 0.0013131 0.0013158
0.0013119 0.0013041 0.0012883 0.0012923 0.0013202 0.0013142 0.0013112 0.0012705 0.0013187 0.0012942 0.0012764 0.0012909 0.0012823 0.0012946 0.0012866 0.0012811 0.0012866 0.0012515 0.0012785 0.0012826 0.0012719 0.0012531 0.0012291 0.0012201 0.0012033 0.0012681 0.0012511 0.0012713 0.0012869 0.0012873 0.0012823 0.0012913 0.0012764 0.0012767 0.0012814 0.0012689 0.0012688 0.0012617 0.0012477 0.0012068 0.0012053 0.0011967 0.0012165 0.0012706 0.0012806 0.0012903 0.0012953 0.0012771 0.0013375 0.0013477 0.0012741 0.0012719 0.0012474 0.0012332 0.0012923 0.0013326 0.0013393 0.0013381 0.0012974 0.0012658 0.0012723 0.0012848 0.0013551 0.0013514 0.0013515 0.0013513 0.0013512 0.0013512 0.0013512 0.0013512 0.0013512 0.0013512 0.0013544 0.001354 0.0013525 0.0013512 0.0013339 0.001336 0.0013211 0.0013225 0.001329 0.0013248 0.0013062 0.0012964 0.0012848 0.0013172 0.0012767 0.0012807 0.0012928 0.0012911 0.0012891 0.0012923 0.001298 0.0013017 0.0012873 0.0012679 0.0012736 0.001278 0.0012819 0.0012617 0.0012933 0.0012764 0.0012608 0.0012834 0.0012768 0.001287 0.0013031 0.0013164 0.0013267 0.0013287 0.0013486 0.001352 0.0013534 0.0013552 0.0013532 0.0013512 0.0013535 0.0013612 0.0013729 0.0013906 0.0013978 0.0014095 0.0014143 0.001422 0.0014209 0.0014215 0.0014152 0.0014154 0.0014112 0.0014048 0.0014149 0.0013977 0.0013534 0.001353 0.0013527 0.0013553 0.0013434 0.0012848 0.0012534 0.0013261 0.0013119 0.00128 0.0013293 0.0012826 0.001247 0.0012605 0.0012787 0.0013073 0.0012946 0.0012998 0.0013168 0.001318 0.0013121 0.0013067 0.0012758 0.0013072 0.0013105 0.0013179 0.0013126 0.0013131 0.0013102 0.0012885 0.0012946 0.0013125 0.0013101 0.0012997 0.0012731 0.0013099 0.0012899 0.0013069 0.001288 0.0012673 0.001291 0.0012587 0.0012645 0.0012802 0.0012883 0.0012994 0.0013036 0.0013106
0.0012682 0.0012813 0.0012742 0.001295 0.0013305 0.0013384 0.0013429 0.00131 0.0013095 0.0012617 0.0012853 0.0012608 0.0012608 0.0012521 0.0012674 0.0012573 0.001254 0.001256 0.0012179 0.0012313 0.0012486 0.001263 0.001223 0.0012162 0.0012494 0.0012379 0.0012573 0.0012864 0.0012852 0.0012849 0.0012755 0.0012876 0.0012696 0.0012064 0.0012051 0.0012164 0.0012306 0.0012303 0.0012329 0.0012063 0.0011971 0.0012008 0.0012095 0.0012548 0.0012733 0.0012832 0.0012849 0.0012845 0.0012808 0.0012753 0.0012656 0.0012488 0.0012243 0.001214 0.0012285 0.0012525 0.0013077 0.0013112 0.0012773 0.0012665 0.0013463 0.0013523 0.0013546 0.0013552 0.0013512 0.0013522 0.0013512 0.0013512 0.0013512 0.0013515 0.0013516 0.0013513 0.0013528 0.0013436 0.0013545 0.0013259 0.0013287 0.0013394 0.0013185 0.0013251 0.0013264 0.0013222 0.0013092 0.0012917 0.0012953 0.0012704 0.0012779 0.0013411 0.0013174 0.0012927 0.0012849 0.0012904 0.0013181 0.0013199 0.0012922 0.0012834 0.0012469 0.0013026 0.0012652 0.0012654 0.0012624 0.0012629 0.0012777 0.0012962 0.0013011 0.0012823 0.0012802 0.0013184 0.0013267 0.0013412 0.0013265 0.0013483 0.0013554 0.0013522 0.0013531 0.0013611 0.0013732 0.001383 0.0013991 0.001411 0.0014323 0.0014478 0.0014326 0.0014317 0.0014022 0.0014186 0.0014218 0.0014257 0.0014209 0.0014193 0.0014202 0.0014208 0.0014126 0.001397 0.0013641 0.0013523 0.0013549 0.0013421 0.0013487 0.0013327 0.0013418 0.0013161 0.0012637 0.0012924 0.0013007 0.0012517 0.0012875 0.0012758 0.0013017 0.0013087 0.0012748 0.0012991 0.0012984 0.001296 0.0012894 0.0013115 0.0013003 0.00129 0.0012726 0.0012747 0.0012098 0.0012547 0.001293 0.0012881 0.0012692 0.0012977 0.0013162 0.0013309 0.0013017 0.001328 0.0013234 0.0013099 0.0013072 0.0012825 0.0012602 0.0012382 0.0012486 0.0012608 0.0012801 0.0012885
0.001259 0.0012851 0.0012712 0.0012691 0.0013055 0.0013298 0.0012998 0.001273 0.0012991 0.0012779 0.0012618 0.0012688 0.0012158 0.0012859 0.0012251 0.0012377 0.0011943 0.0012068 0.0012488 0.0012366 0.0012624 0.0012295 0.0012487 0.0012655 0.0012631 0.0012894 0.0012539 0.0012722 0.0012818 0.0012804 0.001281 0.0012808 0.0012847 0.0012411 0.0012306 0.0012384 0.0012535 0.0012563 0.0012556 0.0012396 0.0012177 0.0012105 0.0012292 0.0012351 0.001228 0.0012616 0.0012621 0.0012671 0.0012559 0.0012583 0.0012402 0.0012315 0.0012124 0.0012124 0.0012105 0.0012284 0.001245 0.0012448 0.0012718 0.0012967 0.0012455 0.001335 0.0013189 0.0013541 0.0013536 0.0013513 0.0013521 0.0013519 0.0013516 0.001352 0.0013518 0.0013512 0.0013517 0.0013495 0.0013531 0.0013522 0.0013237 0.001321 0.001311 0.0012842 0.0013177 0.0013061 0.0013013 0.0012987 0.0012815 0.0012842 0.0012712 0.0012846 0.0013011 0.0012951 0.0013001 0.0013007 0.0013257 0.0012983 0.0012864 0.0012487 0.0012659 0.0012582 0.0012776 0.001305 0.0012674 0.0012458 0.0012585 0.0012764 0.0013205 0.0013214 0.0013007 0.0013163 0.0013356 0.0013323 0.001326 0.0013408 0.0013549 0.0013546 0.0013716 0.001402 0.0014154 0.0014417 0.0014593 0.0014306 0.0014158 0.0014249 0.001438 0.0014343 0.0014202 0.0014107 0.001404 0.0014159 0.0014219 0.0014181 0.0014186 0.0014123 0.0014127 0.0014099 0.0013942 0.0013704 0.0013544 0.0013543 0.0013536 0.0013491 0.001346 0.0013419 0.0013205 0.0012957 0.0013233 0.001322 0.0012955 0.001313 0.0013095 0.0013093 0.0013098 0.0012787 0.0012704 0.0012897 0.0012678 0.0012835 0.0012873 0.0012553 0.0012358 0.0012734 0.001312 0.0013178 0.0012695 0.0012651 0.0012928 0.0013187 0.0013117 0.0013205 0.0013289 0.0013243 0.0013219 0.0013191 0.0012756 0.001278 0.0012603 0.0012909 0.0012717 0.0012637 0.001284 0.0012768
0.0012861 0.00129 0.0012827 0.0012854 0.0012992 0.0012969 0.0013028 0.0013046 0.0013104 0.0012679 0.0012556 0.0012839 0.0012565 0.0012452 0.0012498 0.0012501 0.0013025 0.0012459 0.0012671 0.0012734 0.001261 0.0012773 0.0013121 0.0012553 0.0012754 0.0012899 0.0012786 0.0012717 0.001272 0.0012697 0.0012623 0.0012675 0.0012636 0.0012525 0.0012527 0.0012505 0.001252 0.0012537 0.0012594 0.0012601 0.0012416 0.0012359 0.0012456 0.0012406 0.00124 0.0012496 0.0012496 0.0012381 0.0012284 0.0012181 0.0012138 0.0012135 0.0012111 0.0011855 0.0011758 0.0012359 0.001259 0.0012667 0.0012878 0.0013021 0.0013197 0.0013169 0.0013361 0.001342 0.001348 0.0013536 0.0013513 0.0013601 0.0013574 0.0013534 0.0013524 0.0013514 0.0013549 0.001355 0.0013513 0.0013542 0.0013155 0.0013129 0.0013118 0.0013479 0.0012934 0.0013042 0.0012891 0.0012865 0.0012827 0.0012772 0.001277 0.0013038 0.0013026 0.0012974 0.0012908 0.0012954 0.001309 0.0012945 0.0012831 0.0012894 0.0012682 0.0012698 0.0012672 0.0013058 0.0012227 0.0012584 0.0012689 0.0012731 0.0013056 0.001272 0.0013039 0.0013161 0.0013266 0.0013282 0.0013331 0.0013298 0.0013549 0.0013516 0.0014035 0.0014187 0.0014545 0.0014597 0.0014347 0.0014494 0.0014412 0.0014512 0.0014447 0.0014441 0.0014353 0.0014496 0.0014552 0.0014199 0.0014147 0.001431 0.0014179 0.0014145 0.0014144 0.0014103 0.0013936 0.0013853 0.0013615 0.0013515 0.0013553 0.0013528 0.0013462 0.0013499 0.0012715 0.0013243 0.0013249 0.0013128 0.0013175 0.0013024 0.001296 0.0013122 0.001295 0.0012846 0.0013007 0.0012818 0.0012866 0.0012672 0.0012546 0.0012592 0.0012315 0.0011904 0.0012619 0.0012469 0.0012757 0.0013198 0.0013255 0.0013203 0.0012946 0.0013268 0.0013009 0.001305 0.0013191 0.0013139 0.0012754 0.0012775 0.0012888 0.0012353 0.0012382 0.0012702 0.001281 0.0012758
0.0013145 0.0012731 0.0013202 0.0013024 0.0013141 0.0012962 0.0013023 0.0013003 0.001289 0.0012762 0.0012542 0.0012602 0.0012475 0.0012368 0.0012552 0.0012571 0.0012777 0.0012825 0.0012744 0.0012729 0.001245 0.0012582 0.0012691 0.0012696 0.0012536 0.0012737 0.0012785 0.0012785 0.0012416 0.0012582 0.0012503 0.0012648 0.0012672 0.0012462 0.0012471 0.0012465 0.0012481 0.0012541 0.0012643 0.0012695 0.0012376 0.001223 0.0011677 0.0011718 0.0012173 0.0012379 0.0012293 0.0012159 0.0012179 0.001203 0.0011969 0.0011977 0.0011924 0.0011977 0.0012004 0.0012414 0.0012468 0.0012603 0.0012622 0.0012832 0.0012826 0.0012883 0.0013139 0.0012874 0.0013508 0.0013483 0.0013554 0.0013547 0.0013535 0.0013526 0.0013539 0.0013542 0.0013521 0.0013551 0.0013533 0.0013217 0.0013167 0.0013252 0.0013191 0.0013245 0.0013125 0.0013548 0.0012896 0.0012997 0.0012908 0.0012903 0.0012825 0.001306 0.0013038 0.0012902 0.0012854 0.0012958 0.0012982 0.0012926 0.0012907 0.0012772 0.0012929 0.0012758 0.0012957 0.0012669 0.0012627 0.0012689 0.0012601 0.0012375 0.0012408 0.0012628 0.0012986 0.0013381 0.0013103 0.001324 0.0013271 0.0013345 0.0013553 0.0013673 0.0014131 0.0014437 0.0014427 0.0014322 0.0014411 0.0014562 0.0014468 0.0014462 0.0014358 0.0014492 0.0014462 0.0014215 0.0014268 0.0014239 0.0014331 0.0014232 0.0014171 0.0014156 0.0014092 0.0013995 0.0013751 0.0013728 0.0013621 0.0013515 0.0013554 0.0013552 0.0013529 0.0013539 0.0013465 0.0013439 0.0013358 0.0013292 0.001317 0.001307 0.0013086 0.0013373 0.0013197 0.0013121 0.0013088 0.0012883 0.0012853 0.0012688 0.001252 0.0012511 0.0012553 0.001257 0.0012441 0.00125 0.0012882 0.0013276 0.0013347 0.0013346 0.0013246 0.0013193 0.0013005 0.0013113 0.0013101 0.0013169 0.0012449 0.0012877 0.0012899 0.0013254 0.0012724 0.0012854 0.0013017 0.0012989
0.0013231 0.0013185 0.00132 0.0013356 0.0013272 0.0012919 0.0012974 0.0012928 0.0013221 0.00134 0.0013543 0.0013512 0.0013069 0.0012599 0.0012745 0.0012696 0.0012427 0.001258 0.0012422 0.001261 0.0012409 0.0012723 0.0012694 0.0012689 0.0012581 0.0012103 0.0012404 0.001251 0.0012638 0.001238 0.0012315 0.0012457 0.0012355 0.001236 0.001223 0.0012398 0.0012439 0.0012537 0.0012559 0.00114 0.001123 0.0011137 0.0010219 0.0010091 0.001013 0.0011312 0.0011312 0.0011316 0.0011735 0.0011929 0.0011771 0.0011997 0.0011843 0.0011948 0.0011926 0.0011961 0.0012016 0.0012303 0.0012813 0.0012699 0.0012505 0.0012198 0.0012953 0.0013292 0.0013256 0.0013479 0.0013463 0.0013532 0.0013553 0.0013551 0.0013553 0.0013524 0.0013551 0.0013409 0.0013424 0.0013417 0.0013342 0.0013554 0.0013311 0.0013124 0.0013206 0.0013145 0.0012975 0.0012973 0.0012874 0.0012882 0.0012996 0.001311 0.0013096 0.0013019 0.0012883 0.001301 0.0012841 0.0012868 0.0012935 0.0012656 0.0012573 0.0012854 0.001281 0.001274 0.0012556 0.0012615 0.0012329 0.0012194 0.0013062 0.0012691 0.0012883 0.0013183 0.0013182 0.0013188 0.0013303 0.0013403 0.0013554 0.0013681 0.0014023 0.001444 0.0014443 0.0014192 0.001449 0.0014503 0.0014497 0.0014423 0.001453 0.001459 0.0014413 0.0014211 0.0014327 0.0014357 0.0014272 0.0014328 0.0014239 0.0014142 0.0013938 0.0013791 0.0013728 0.0013676 0.0013572 0.0013512 0.0013532 0.0013554 0.0013548 0.00134 0.0013316 0.00134 0.0012991 0.0012986 0.0013182 0.0013228 0.0013254 0.0013232 0.0013186 0.0013201 0.0013193 0.0012852 0.0012775 0.001274 0.0012603 0.0012857 0.0012806 0.0012679 0.0012655 0.0012609 0.0012955 0.0013151 0.001322 0.0013165 0.0013211 0.0013171 0.0012784 0.0013018 0.0013023 0.0012612 0.0012561 0.0012955 0.0012915 0.0013007 0.0012988 0.00131 0.0013193 0.0013029
0.0013172 0.0013221 0.0013086 0.0012885 0.0013304 0.0012912 0.0013104 0.001304 0.0012646 0.00129 0.0013447 0.001345 0.001279 0.0012614 0.0012931 0.0012774 0.0012915 0.0012665 0.00128 0.0012827 0.0012919 0.0012509 0.0012932 0.0012923 0.0012776 0.0012774 0.0012657 0.0012493 0.0012574 0.0012506 0.0012436 0.001141 0.0012002 0.0012233 0.0012237 0.0012336 0.0012415 0.0012397 0.0012003 0.0011904 0.0011578 0.0010892 0.0010718 0.0010764 0.0010957 0.0011025 0.0010969 0.0011108 0.0010796 0.001138 0.0011772 0.0011789 0.0011809 0.0011867 0.0011956 0.0011977 0.0012111 0.0012296 0.0012342 0.001262 0.0012628 0.0012717 0.0012466 0.0012601 0.0013048 0.0012804 0.0013304 0.0013553 0.0013544 0.0013544 0.0013543 0.0013542 0.0013459 0.0013393 0.0013442 0.0013405 0.0013371 0.0013285 0.0013215 0.0013225 0.0013195 0.0013218 0.0013163 0.0013024 0.0013001 0.0012873 0.0013062 0.0013218 0.0013031 0.0013003 0.0013117 0.0013139 0.0013095 0.0012863 0.0013018 0.0012769 0.0012776 0.0012757 0.0012735 0.0012991 0.0012587 0.0012719 0.0012486 0.0012545 0.0012494 0.0012467 0.001288 0.0013089 0.0013208 0.0013226 0.001323 0.0013481 0.0013551 0.0013545 0.0013961 0.0014474 0.0014588 0.001453 0.0014345 0.001446 0.0014586 0.0014522 0.0014572 0.001459 0.0014457 0.0014326 0.0014464 0.0014355 0.0014402 0.0014261 0.0014168 0.0014003 0.0013824 0.0013744 0.0013645 0.0013594 0.0013562 0.0013526 0.0013537 0.0013522 0.0013488 0.0013335 0.0013254 0.0013228 0.0013204 0.0013291 0.0013417 0.0013271 0.0012913 0.0013206 0.0013231 0.0013282 0.0013157 0.0013065 0.001287 0.001301 0.0012871 0.0012707 0.0013027 0.0012933 0.0012769 0.0012693 0.0012707 0.001284 0.0013015 0.0013082 0.0013283 0.0013202 0.0013066 0.0013053 0.0013097 0.0012996 0.0013169 0.0013118 0.0013131 0.0012982 0.0013056 0.0013173 0.0013245 0.0013301
0.0013306 0.0013231 0.0013224 0.0013043 0.0013476 0.0013382 0.0013199 0.0012781 0.0012492 0.0012149 0.0011979 0.0012534 0.0012446 0.0012918 0.0013128 0.0013109 0.0013111 0.001311 0.0013024 0.0012969 0.0012962 0.0012949 0.0012776 0.001288 0.0012697 0.0012497 0.0012537 0.0012279 0.001221 0.0012515 0.0012449 0.0011939 0.0012024 0.0011691 0.0012083 0.0011592 0.0011912 0.0010879 0.0010945 0.0011884 0.0010851 0.0010453 0.0011126 0.0011143 0.0011094 0.0011067 0.0011177 0.0011559 0.0011229 0.0011214 0.0011103 0.0011436 0.0011764 0.0012044 0.0012053 0.0012111 0.0012056 0.0012375 0.0012446 0.0012357 0.0012346 0.0012764 0.0012759 0.0012953 0.0013213 0.0013264 0.0013382 0.0013431 0.0012762 0.0013502 0.0013382 0.0013417 0.001343 0.0013474 0.0013432 0.0013363 0.0013318 0.0013307 0.0013317 0.0013216 0.00131 0.0013023 0.0012867 0.0013465 0.0013043 0.0012931 0.0012944 0.001288 0.001319 0.0013001 0.0013074 0.0013146 0.0013123 0.0013013 0.0012771 0.0012929 0.0012732 0.0012689 0.0012929 0.001291 0.0012558 0.0012536 0.0012452 0.0012552 0.0012658 0.001265 0.0013362 0.0012911 0.0013169 0.0013282 0.001332 0.0013364 0.0013505 0.0013514 0.0013674 0.0014304 0.0014593 0.0014738 0.0014906 0.0014471 0.0014502 0.0014515 0.0014335 0.0014569 0.0014367 0.00144 0.0014324 0.0014361 0.0014338 0.0014295 0.0014228 0.001392 0.0013717 0.0013652 0.0013579 0.0013546 0.0013513 0.0013534 0.0013554 0.0013525 0.0013349 0.0013354 0.0013133 0.001314 0.0013066 0.0013138 0.0013271 0.0013282 0.0013266 0.0013209 0.0013284 0.0013215 0.001317 0.001314 0.0013059 0.0013073 0.001319 0.0013079 0.0013036 0.001265 0.0012834 0.0012826 0.0012561 0.0012549 0.0012931 0.0013041 0.0013282 0.0013072 0.0013088 0.0013158 0.0013228 0.0013215 0.0013203 0.0013192 0.0013096 0.0013018 0.0013313 0.0013368 0.0013317 0.0013451
0.0013307 0.0013476 0.0013237 0.0012884 0.0013177 0.0012847 0.0012843 0.0012902 0.0012564 0.0012144 0.0012069 0.0012527 0.0012911 0.0013 0.0013086 0.0013045 0.0013109 0.001235 0.0012982 0.0012947 0.001291 0.0012804 0.0012814 0.0012689 0.0012411 0.0012543 0.0012441 0.0012363 0.0012068 0.0012147 0.0011976 0.0011902 0.001196 0.00118 0.0011876 0.0011967 0.0011589 0.0010824 0.0010884 0.0010855 0.0010571 0.001111 0.001149 0.0011436 0.001126 0.0011401 0.0011303 0.0011346 0.001149 0.0011519 0.001143 0.0010971 0.0011389 0.0011959 0.0012149 0.0012264 0.0012264 0.0012277 0.0012291 0.0012348 0.0012453 0.0012558 0.001255 0.0013116 0.0013091 0.0012785 0.0012917 0.0013128 0.0013091 0.001342 0.00134 0.0013479 0.001334 0.0013213 0.0013267 0.0013335 0.0013337 0.0013328 0.0013417 0.0013286 0.001312 0.0012965 0.0013065 0.0012973 0.0013023 0.0012845 0.0012809 0.0012868 0.0012943 0.0012994 0.0013007 0.0013107 0.0013062 0.001284 0.001285 0.0012835 0.0012966 0.0013132 0.0012732 0.0012658 0.0012683 0.0012354 0.0012428 0.0012652 0.0012739 0.0012709 0.0012757 0.0012952 0.0013265 0.0013164 0.0013151 0.0013284 0.0013403 0.0013473 0.0013512 0.0013669 0.0014448 0.0014613 0.0014794 0.0014839 0.0014488 0.0014476 0.0014794 0.0014765 0.0014343 0.0014383 0.0014357 0.0014307 0.0014335 0.0014268 0.0014009 0.0013628 0.0013542 0.0013544 0.0013523 0.0013512 0.0013513 0.0013536 0.0013541 0.0013546 0.0013465 0.0013278 0.0012902 0.0013123 0.0013004 0.001308 0.0013153 0.0013195 0.0013255 0.0013292 0.0013224 0.0013131 0.0012803 0.0012828 0.0012852 0.0013011 0.0012853 0.0012744 0.0012924 0.0013043 0.0012913 0.0012741 0.0012992 0.0013087 0.0012983 0.0012987 0.0012901 0.0013029 0.0013017 0.0012772 0.0013274 0.0013279 0.0013147 0.0013116 0.0013197 0.001324 0.0013437 0.0013382 0.0013234 0.0012938
0.0013329 0.0013365 0.0012873 0.0012778 0.0012883 0.0012421 0.0012643 0.0012156 0.0012168 0.0012487 0.0012453 0.0012602 0.0012947 0.0013026 0.0013195 0.0012988 0.0013114 0.0013132 0.001295 0.0012948 0.0012564 0.0012802 0.0012762 0.0012745 0.0012575 0.0012427 0.0012432 0.0012324 0.0012198 0.0012044 0.0011954 0.0011516 0.0011721 0.00116 0.0011425 0.0011521 0.0011164 0.001066 0.0010577 0.0010237 0.0010361 0.0011128 0.0011591 0.0011387 0.0011769 0.0011435 0.0011908 0.0011951 0.0011808 0.0011831 0.0011505 0.0011014 0.0010602 0.0011458 0.0011944 0.0012256 0.0012241 0.0012284 0.001231 0.0012306 0.0012519 0.0012754 0.0012731 0.0013094 0.0013137 0.0013166 0.0013151 0.0013146 0.001311 0.0013031 0.0013136 0.0013389 0.0013378 0.0013217 0.0013395 0.0013218 0.0013404 0.0013304 0.0013282 0.0013321 0.0013224 0.001313 0.0013247 0.0013063 0.0013029 0.0012961 0.001293 0.0012868 0.0012875 0.0012927 0.001295 0.0012787 0.0012901 0.0012994 0.0012872 0.0012941 0.0012819 0.0012954 0.0012794 0.0012512 0.0012603 0.0012502 0.0012367 0.0012493 0.0012627 0.0012689 0.0012701 0.0012656 0.0013005 0.0013153 0.0013082 0.0013052 0.0012947 0.0013147 0.0013398 0.0013524 0.0013851 0.0014256 0.0014501 0.0014692 0.0014682 0.0014853 0.0014405 0.0014322 0.0014404 0.0014399 0.0014296 0.0014282 0.0014003 0.0013761 0.001366 0.0013524 0.001352 0.0013526 0.001353 0.0013531 0.0013517 0.0013526 0.0013553 0.0013554 0.0013515 0.0013287 0.0013125 0.0013068 0.0012988 0.0012961 0.0013053 0.0013033 0.0013093 0.0013161 0.0013143 0.0013018 0.0012937 0.0012836 0.001255 0.0012491 0.0012564 0.0012526 0.0012901 0.0012669 0.0012856 0.0012999 0.0012752 0.0012903 0.0012838 0.0012799 0.0013001 0.001307 0.001318 0.0012969 0.0013088 0.00133 0.0012922 0.0013169 0.0013175 0.001325 0.001331 0.0013228 0.0013083 0.0013091
0.0013297 0.0012976 0.00129 0.0012857 0.0012513 0.0012557 0.0012275 0.0012513 0.0012588 0.0012508 0.0012609 0.001263 0.0012843 0.001299 0.001312 0.0013115 0.0013115 0.0012903 0.0012799 0.0012948 0.0012733 0.0012761 0.0012716 0.0012675 0.0012565 0.0012529 0.0012411 0.0012299 0.0012123 0.0011948 0.0011791 0.0011701 0.0011676 0.0011357 0.0011271 0.0011562 0.0011111 0.0010555 0.001063 0.0010229 0.0010723 0.0011146 0.0011354 0.0011667 0.0011795 0.0011917 0.001193 0.0012048 0.0012045 0.0012111 0.0011617 0.0011011 0.0011221 0.0011279 0.0011361 0.0011343 0.0012072 0.0012397 0.0012372 0.0012552 0.0012774 0.0012964 0.0013084 0.0013112 0.0013188 0.0013165 0.0013199 0.0013256 0.0013221 0.0013196 0.0013238 0.0013504 0.0013214 0.0013108 0.0013231 0.0013185 0.0013227 0.0013273 0.0013342 0.0013334 0.001338 0.0013345 0.0013229 0.001322 0.0013162 0.0012971 0.0012827 0.0012751 0.0012857 0.0012884 0.0012883 0.0012928 0.001279 0.0012909 0.0012944 0.0012891 0.0012927 0.0012866 0.0012843 0.0012617 0.0012598 0.001285 0.0012681 0.0012577 0.0012724 0.0012817 0.0012865 0.0012711 0.0013033 0.0013147 0.0013249 0.0013061 0.0013231 0.0013193 0.0013487 0.0013484 0.0013527 0.0013518 0.0013555 0.001411 0.0014368 0.0014588 0.0014255 0.0014354 0.0014289 0.0014327 0.0014188 0.0014019 0.0013566 0.0013519 0.0013531 0.0013513 0.001354 0.0013542 0.0013548 0.0013549 0.0013545 0.0013553 0.0013554 0.0013535 0.0013521 0.0013142 0.0013154 0.0013018 0.0013109 0.0012866 0.001294 0.0012927 0.001294 0.0012984 0.0013044 0.0012939 0.0012829 0.0012832 0.001264 0.0012599 0.0012944 0.0012488 0.0012394 0.0012294 0.0012905 0.0013073 0.0013269 0.0012964 0.0013058 0.0013146 0.0013206 0.0013157 0.0013169 0.0013114 0.001303 0.0013161 0.0012986 0.0013122 0.0013116 0.0013045 0.0013119 0.0013189 0.0013174 0.0013151
0.001329 0.0012961 0.0012258 0.0012851 0.0012504 0.0012423 0.0012725 0.0012502 0.001265 0.0012553 0.0012551 0.0012688 0.0012969 0.0013073 0.0013118 0.0013093 0.0013071 0.0012534 0.0012989 0.0012969 0.0012874 0.0012715 0.0012707 0.001264 0.0012592 0.0012498 0.0012405 0.0012236 0.0012054 0.0011897 0.0011752 0.0011573 0.0011462 0.0011435 0.0011414 0.0011 0.0011023 0.0010778 0.0010086 0.00096649 0.0010671 0.0011226 0.0011453 0.0011621 0.0011805 0.0011963 0.0012062 0.0012136 0.0012193 0.0012193 0.0012172 0.0012095 0.0011717 0.0011727 0.0011677 0.0011296 0.001146 0.0011728 0.0012352 0.0012519 0.0012801 0.0013118 0.0013177 0.0013157 0.001339 0.001318 0.0013112 0.0013167 0.0013263 0.001325 0.0013323 0.001343 0.0013317 0.0013163 0.0013264 0.001337 0.0013285 0.0013273 0.0013411 0.0013379 0.001336 0.0013364 0.0013271 0.0013316 0.0013051 0.001304 0.0012968 0.0012842 0.001278 0.0012881 0.0012958 0.0012938 0.0013 0.0012965 0.0012942 0.00129 0.0012916 0.0012672 0.0012864 0.001267 0.0012925 0.0012955 0.0012799 0.001281 0.0012932 0.0012989 0.0013029 0.001298 0.0012687 0.0013104 0.0012969 0.0013223 0.0013293 0.0013332 0.0013033 0.001319 0.0013537 0.0013526 0.0013541 0.001354 0.0013513 0.0013515 0.0013619 0.0013964 0.0013724 0.0013773 0.0013571 0.0013627 0.0013521 0.001355 0.001355 0.0013514 0.0013553 0.0013553 0.0013551 0.0013503 0.001353 0.0013528 0.0013513 0.0013365 0.0013345 0.001322 0.00131 0.0013033 0.0013011 0.0012935 0.001292 0.0012957 0.0012956 0.0012977 0.0012995 0.0012886 0.0012872 0.0012631 0.0012754 0.0012524 0.001226 0.0012403 0.0012835 0.0012255 0.0012793 0.0013022 0.0013106 0.0012867 0.0013125 0.0012723 0.00131 0.0013187 0.001307 0.0013006 0.0013095 0.0013031 0.0012924 0.0012988 0.0013058 0.0013126 0.0013041 0.0013117 0.0013178 0.0013254
0.0013139 0.0012934 0.0012926 0.0012911 0.0012571 0.0012496 0.0012812 0.0012337 0.0012577 0.0012764 0.0012709 0.0012935 0.0012885 0.0012965 0.0013122 0.0013009 0.0013125 0.0012704 0.001298 0.0012677 0.0012692 0.0012702 0.0012635 0.0012619 0.0012509 0.0012443 0.0012361 0.0012287 0.001203 0.0011853 0.0011664 0.0011491 0.0011288 0.0011283 0.0011194 0.0011285 0.0011393 0.0010667 0.0010527 0.00097702 0.0010799 0.0011244 0.0011441 0.0011663 0.0011852 0.0012013 0.0012131 0.001221 0.0012262 0.0012351 0.0012343 0.0012382 0.0012247 0.0011914 0.0011917 0.0011975 0.0012136 0.0012128 0.0012082 0.0012082 0.0011967 0.0012826 0.0013195 0.0013208 0.001319 0.0013201 0.0013245 0.0013339 0.0013233 0.0013188 0.0013205 0.0013462 0.0013494 0.0013523 0.001339 0.0013244 0.0013362 0.0013369 0.0013438 0.0013435 0.0013427 0.0013421 0.0013382 0.0013282 0.0013228 0.0013119 0.0013139 0.0013148 0.0012957 0.0012895 0.0012872 0.0012976 0.0012985 0.0012779 0.0012855 0.0012923 0.0012934 0.0012789 0.0012782 0.0012775 0.0012918 0.0013054 0.0012762 0.0012943 0.0013017 0.0012956 0.0013119 0.0012777 0.0012562 0.0012717 0.001305 0.0013055 0.0013189 0.0013109 0.0013075 0.0013122 0.0013151 0.0013525 0.0013513 0.0013544 0.0013554 0.0013554 0.0013545 0.0013538 0.0013532 0.0013514 0.0013513 0.0013515 0.001352 0.0013552 0.0013517 0.0013552 0.0013551 0.0013538 0.0013437 0.0013489 0.0012597 0.0013507 0.0013502 0.0012887 0.0013139 0.0012976 0.0012934 0.0012933 0.0012949 0.0012955 0.0012957 0.0012963 0.0012914 0.0012892 0.0012874 0.0012743 0.0012488 0.0012424 0.0012351 0.001251 0.0012847 0.001231 0.0012362 0.0012717 0.001253 0.001279 0.0013027 0.0013019 0.0013218 0.0012795 0.0013131 0.0013034 0.0013116 0.0013185 0.0013144 0.0013062 0.0012849 0.0012741 0.0012755 0.0012963 0.0012962 0.0013 0.0013181 0.0013203
0.0013206 0.0012837 0.0013023 0.0012882 0.0012864 0.0012824 0.0012905 0.0013083 0.0012802 0.0012975 0.0012886 0.0013179 0.0013175 0.0013124 0.0013177 0.0013069 0.0013096 0.0012886 0.0012692 0.0012927 0.0012755 0.0012648 0.0012618 0.0012542 0.0012466 0.0012349 0.0012264 0.0012169 0.0011958 0.0011707 0.0011519 0.001136 0.0011217 0.001112 0.0011086 0.0010736 0.0010939 0.0011138 0.0010521 0.0010695 0.0010925 0.0011209 0.0011477 0.0011672 0.0011796 0.0011946 0.0012045 0.001218 0.0012264 0.0012276 0.0012378 0.0012407 0.0012255 0.0012051 0.0011567 0.0011961 0.0012135 0.0012229 0.0012235 0.0012158 0.0011782 0.0012469 0.0013081 0.0013113 0.0013174 0.0013183 0.0013182 0.0012927 0.0013046 0.0013117 0.0013149 0.0013167 0.00134 0.0013544 0.0013554 0.0013427 0.0013467 0.0013487 0.0013533 0.0013465 0.0013467 0.0013443 0.0013525 0.00134 0.0013483 0.0013233 0.0013266 0.0013271 0.0013252 0.0012945 0.0013112 0.0013047 0.0013171 0.0012732 0.0012953 0.0012934 0.0012935 0.0012702 0.001252 0.0012896 0.0012919 0.0012845 0.0012889 0.0012913 0.0012836 0.0012634 0.0012897 0.0012528 0.0012406 0.0012598 0.0012773 0.0012821 0.0013014 0.0012938 0.001321 0.0013399 0.0013246 0.0013454 0.001351 0.0013538 0.0013551 0.0013541 0.0013529 0.0013547 0.0013548 0.0013528 0.0013544 0.0013532 0.0013508 0.0013451 0.0013505 0.0013418 0.0013409 0.001348 0.0013412 0.0013111 0.0013049 0.0013205 0.0012774 0.0013 0.0012928 0.0012825 0.0012745 0.0012775 0.0012829 0.0012873 0.001305 0.0012892 0.0012863 0.0012793 0.0012761 0.0012651 0.001245 0.0012236 0.001232 0.0012468 0.0012709 0.0012444 0.0012159 0.0012404 0.0012351 0.0012581 0.0012817 0.0013031 0.001285 0.0012871 0.0013098 0.0012871 0.0013023 0.0013131 0.0013098 0.0012897 0.0012724 0.0013069 0.0013058 0.0012959 0.0013021 0.0013208 0.0013316 0.0013167
0.00132 0.0013161 0.0012903 0.0012908 0.0012865 0.0012933 0.0013036 0.0013125 0.0013202 0.0013222 0.0013213 0.0013193 0.0013287 0.0013313 0.0013184 0.0013248 0.0012573 0.0012776 0.0012972 0.0012752 0.0012745 0.0012594 0.0012588 0.0012527 0.0012425 0.0012266 0.0012137 0.0011948 0.0011736 0.0011531 0.0011345 0.0011142 0.0011033 0.0010972 0.0011002 0.0010965 0.0010546 0.0010738 0.001049 0.001063 0.0010892 0.0011195 0.0011385 0.001153 0.0011668 0.0011794 0.0011932 0.0012064 0.001221 0.0012295 0.0012462 0.0012439 0.0012435 0.0012246 0.0011838 0.0011938 0.0012115 0.0012129 0.001211 0.0011921 0.0011556 0.0012582 0.0013006 0.001304 0.0012896 0.0012998 0.0013122 0.001295 0.0013127 0.0013114 0.001303 0.0013246 0.0013308 0.001349 0.0013528 0.0013547 0.0013445 0.0013487 0.0013462 0.0013503 0.0013502 0.0013479 0.0013485 0.0013538 0.0013452 0.0013329 0.0013369 0.0013405 0.0013352 0.0012851 0.0013155 0.0013051 0.0013184 0.0013221 0.0013204 0.0012973 0.0012921 0.0013407 0.0012958 0.001267 0.0012756 0.0012643 0.0012533 0.0012443 0.0012608 0.0012829 0.0012423 0.0012397 0.0012231 0.0012559 0.0012701 0.0012941 0.001288 0.0012694 0.0012675 0.0012823 0.0013112 0.0013224 0.0013353 0.001341 0.0013524 0.0013475 0.0013527 0.0013549 0.0013549 0.0013548 0.0013545 0.0013473 0.0013452 0.0013403 0.0013262 0.0013294 0.0013361 0.0013393 0.0013038 0.0012764 0.0012414 0.0012522 0.0012742 0.0012896 0.0012782 0.0012679 0.0012509 0.0012592 0.0012763 0.001282 0.001286 0.0012907 0.0012766 0.0012733 0.0012694 0.0012656 0.0012761 0.0012682 0.0012726 0.001243 0.0012702 0.001245 0.0012239 0.0012426 0.0012218 0.0012669 0.0012793 0.0012925 0.001293 0.0013018 0.0012972 0.0013065 0.0013003 0.0013284 0.0013028 0.0013396 0.0013011 0.0013046 0.0013072 0.0013041 0.0012951 0.0013256 0.0013385 0.0013165
0.001306 0.001311 0.0012908 0.0012912 0.0012898 0.001291 0.0013085 0.0013368 0.0013268 0.0013211 0.0013155 0.0013171 0.0013219 0.0013149 0.00132 0.0013242 0.0013064 0.0012877 0.0012893 0.0012775 0.0012677 0.001257 0.0012538 0.001245 0.0012344 0.0012219 0.0012001 0.0011742 0.0011458 0.0011232 0.0011066 0.0010882 0.0010773 0.0010757 0.001083 0.0010583 0.0010669 0.0010317 0.0010392 0.0010649 0.0010846 0.0011065 0.0011204 0.0011347 0.001151 0.001163 0.0011805 0.0011933 0.0012076 0.0012196 0.0012277 0.0012388 0.0012413 0.0012202 0.0011939 0.0012109 0.0011888 0.0012047 0.0011883 0.0011699 0.0011742 0.0011936 0.0012943 0.0012932 0.0012984 0.0012912 0.0013086 0.0013144 0.0013119 0.0013136 0.0013222 0.0013197 0.0013293 0.0013392 0.0013535 0.0013554 0.0013526 0.0013495 0.0013525 0.0013533 0.0013517 0.0013507 0.0013496 0.0013533 0.0013513 0.0013535 0.0013411 0.001342 0.0013348 0.0013189 0.0013127 0.0013187 0.0013254 0.0013291 0.0013104 0.0013021 0.0012934 0.0012752 0.0012725 0.0012814 0.0012869 0.0012919 0.00124 0.0012595 0.0012734 0.0012679 0.00128 0.0012285 0.0012241 0.0012482 0.001276 0.0012525 0.0012798 0.0012779 0.0012817 0.0012959 0.0013032 0.0013251 0.001325 0.0013411 0.001346 0.0013501 0.0013441 0.0013538 0.0013473 0.0013458 0.0013487 0.0013061 0.001327 0.0013267 0.0013201 0.0013123 0.0013313 0.001305 0.0012831 0.0012716 0.0012098 0.0012177 0.0012643 0.0012568 0.0012688 0.0012679 0.0012484 0.0012309 0.0012778 0.0012841 0.001285 0.0012869 0.0012875 0.0012741 0.0012604 0.0012467 0.0012333 0.0012485 0.001288 0.0012492 0.0012587 0.0012558 0.0012287 0.001267 0.0012603 0.0012703 0.0012632 0.0012628 0.001294 0.0013012 0.0013127 0.0013029 0.0012898 0.0013254 0.001331 0.001318 0.0013199 0.0013305 0.0013268 0.0013032 0.0012848 0.0013103 0.001311 0.0012996
0.0012671 0.0012837 0.0012845 0.0012751 0.001296 0.0013089 0.0013254 0.0013486 0.0013475 0.0013348 0.0013308 0.0013179 0.0013227 0.0013218 0.001329 0.0013212 0.0013136 0.0013042 0.001281 0.001277 0.0012673 0.0012541 0.0012457 0.0012311 0.0012213 0.0012067 0.0011855 0.0011483 0.0011037 0.0010803 0.0010657 0.0010586 0.0010518 0.0010579 0.0010692 0.00099336 0.0010517 0.0010268 0.0010339 0.0010484 0.0010578 0.0010768 0.001092 0.001107 0.0011261 0.0011448 0.0011642 0.0011788 0.0011964 0.0012082 0.0012161 0.0012222 0.0012306 0.0012275 0.0012047 0.0011824 0.0011816 0.0011807 0.0011881 0.0011822 0.0011634 0.0012385 0.0012818 0.0012791 0.0012898 0.0012987 0.0013161 0.0013187 0.0013215 0.0013115 0.001319 0.0013273 0.0013384 0.0013508 0.001355 0.0013549 0.0013552 0.0013505 0.0013541 0.001354 0.0013554 0.0013532 0.0013518 0.0013511 0.0013545 0.0013551 0.0013476 0.0013389 0.0013399 0.0013417 0.0013346 0.0013278 0.0013297 0.0013251 0.0013064 0.0013138 0.0012943 0.0012871 0.0012994 0.0012612 0.0012815 0.001286 0.0012503 0.0012711 0.0012471 0.0012658 0.001229 0.0012179 0.0012461 0.0012475 0.0012373 0.0012577 0.0012566 0.0012676 0.0012743 0.0012856 0.0012858 0.001283 0.0012863 0.0013304 0.0013379 0.0013392 0.0013418 0.0013415 0.0013356 0.0013334 0.0013151 0.0013148 0.0013188 0.0013137 0.0013101 0.0012855 0.0012756 0.0012929 0.0012738 0.0012578 0.0012332 0.0012254 0.0012483 0.0012601 0.0012753 0.001277 0.0012881 0.0012875 0.0012799 0.0012822 0.0012837 0.0012846 0.0012777 0.0012718 0.0012852 0.0012585 0.0012345 0.0012402 0.0012627 0.0012706 0.0012641 0.001275 0.0012475 0.0012698 0.0012757 0.0012652 0.0012594 0.0012549 0.0012856 0.0012862 0.0012793 0.0012759 0.0013104 0.0013281 0.0013382 0.0013431 0.0013454 0.0013508 0.0013423 0.001344 0.0013388 0.0013278 0.0013326 0.0012722
0.0012705 0.0012696 0.0012786 0.0012967 0.001298 0.0013105 0.0013391 0.0013454 0.0013437 0.0013407 0.0013351 0.0013238 0.0013275 0.0012981 0.0013258 0.0013415 0.0013144 0.0013135 0.0012951 0.0012745 0.0012657 0.0012544 0.001233 0.0012163 0.0012048 0.0011883 0.0011618 0.0011039 0.0010568 0.001029 0.0010245 0.0010283 0.0010372 0.0010453 0.0010298 0.00099929 0.0010183 0.0010283 0.0010214 0.0010158 0.0010217 0.0010417 0.001062 0.0010773 0.0011034 0.0011247 0.0011449 0.0011604 0.0011788 0.0011948 0.0012016 0.0012135 0.0012147 0.0012192 0.0011997 0.0011793 0.0011519 0.0011534 0.0011826 0.0011762 0.0011636 0.0012455 0.0012805 0.0012499 0.0012733 0.001355 0.0013514 0.0013553 0.0013169 0.0013246 0.0013038 0.0013275 0.0013362 0.0013483 0.001355 0.0013552 0.001355 0.0013507 0.0013548 0.001352 0.0013545 0.0013537 0.0013539 0.0013538 0.0013542 0.0013536 0.0013505 0.0013503 0.0013493 0.0013426 0.001329 0.0013311 0.0013312 0.0013264 0.0013152 0.0013163 0.0012956 0.0012984 0.0012807 0.0013127 0.0012882 0.0012742 0.0012519 0.0012515 0.0012509 0.0012476 0.0012529 0.0012257 0.001253 0.0012526 0.0012608 0.00125 0.0012402 0.0012388 0.0012558 0.0012594 0.0012691 0.0013006 0.0013046 0.0012807 0.0013071 0.0013018 0.001313 0.001313 0.0013088 0.0013278 0.0013236 0.0013229 0.0013191 0.0013113 0.0012844 0.0012913 0.0012322 0.0012517 0.0012592 0.0012505 0.0012201 0.0012214 0.0012512 0.0012648 0.0012804 0.0012823 0.0012887 0.0012936 0.0012833 0.0012812 0.0012795 0.001276 0.0012738 0.0012605 0.0012681 0.001263 0.0012446 0.0012515 0.001244 0.00125 0.0012627 0.0012748 0.0012633 0.0012921 0.0012749 0.0012728 0.0012612 0.001251 0.0013016 0.0012535 0.0012706 0.0012849 0.0013124 0.0013395 0.0013426 0.0013481 0.0013483 0.0013518 0.0013539 0.0013466 0.0013468 0.0013382 0.0013469 0.0013219
0.0013332 0.0012721 0.0013162 0.001304 0.0013198 0.0013284 0.001354 0.0013513 0.0013387 0.0013412 0.001341 0.0013255 0.001317 0.0013197 0.0013271 0.00134 0.0012767 0.0013167 0.0013287 0.0012814 0.0012693 0.001252 0.0012355 0.0012182 0.0011958 0.0011681 0.0011223 0.0010496 0.00097999 0.00095968 0.00098034 0.0010075 0.0010161 0.0010291 0.0010364 0.0010333 0.0010425 0.0010439 0.0010101 0.00099404 0.00099263 0.0010204 0.0010381 0.0010549 0.0010808 0.0011107 0.001132 0.0011482 0.0011596 0.0011684 0.0011696 0.0011919 0.0012026 0.0012031 0.0011853 0.0011788 0.0011579 0.0012151 0.0011726 0.0012233 0.0012503 0.0013552 0.0013529 0.0013512 0.001353 0.0013518 0.0013514 0.0013528 0.0013526 0.0013298 0.0013246 0.0013437 0.0013412 0.001345 0.0013553 0.0013552 0.0013553 0.0013551 0.001354 0.0013533 0.0013539 0.0013541 0.0013535 0.0013551 0.0013534 0.0013525 0.0013527 0.0013499 0.0013474 0.0013451 0.0013475 0.0013406 0.0013366 0.0013228 0.0013156 0.0013163 0.0013112 0.0013007 0.0012744 0.0013003 0.0012656 0.0012717 0.0012641 0.0012456 0.0012518 0.0012365 0.0012442 0.0012424 0.0012343 0.0012385 0.0012616 0.0012344 0.0012249 0.0012237 0.0012287 0.001211 0.0012595 0.0012996 0.0013015 0.0013026 0.0012803 0.0013032 0.001302 0.0012968 0.0013108 0.0013184 0.0013198 0.0013265 0.0013004 0.0012825 0.0012722 0.0012258 0.0012212 0.0012238 0.0012402 0.0012322 0.0012193 0.0012292 0.0012323 0.0012562 0.0012728 0.0012848 0.0012827 0.0012838 0.0012899 0.001284 0.0012734 0.0012782 0.0012619 0.0012743 0.0012612 0.0012744 0.0012407 0.0012248 0.0012752 0.0012849 0.00125 0.001285 0.0012867 0.001273 0.0012763 0.0012705 0.0012514 0.0012634 0.0012872 0.0012938 0.0012871 0.0012889 0.001302 0.0013439 0.0013507 0.0013552 0.0013549 0.001354 0.0013477 0.0013551 0.0013515 0.0013553 0.0013208 0.0013276
0.0013398 0.0013357 0.001324 0.0013109 0.0013208 0.0013376 0.0013488 0.0013541 0.0013519 0.0013538 0.0013496 0.0013366 0.0013315 0.0013375 0.0013365 0.0013393 0.0013203 0.0013179 0.0013109 0.0012936 0.0012772 0.0012561 0.0012379 0.0012182 0.0011902 0.001155 0.0011026 0.0010036 0.00090381 0.00088511 0.00093586 0.00098592 0.0010026 0.0010074 0.0010116 0.0010457 0.0010336 0.0010315 0.0010024 0.0009895 0.00099161 0.0010524 0.0010151 0.0010399 0.001067 0.0010934 0.0011199 0.0011365 0.0011493 0.0011587 0.0011615 0.0012022 0.0011701 0.0012559 0.0013541 0.001355 0.0013553 0.001305 0.0013512 0.0013541 0.0013551 0.0012486 0.0012442 0.0012581 0.0013541 0.0013525 0.0013553 0.0013554 0.0012988 0.0013512 0.0013439 0.0013375 0.0013453 0.0013502 0.0013518 0.0013552 0.0013547 0.0013554 0.0013547 0.0013547 0.0013543 0.0013544 0.0013541 0.0013541 0.0013515 0.0013524 0.001354 0.0013512 0.0013469 0.0013522 0.0013488 0.0013463 0.0013404 0.001331 0.0013426 0.0013251 0.0013166 0.0013046 0.0012966 0.0012968 0.0012947 0.00128 0.0012594 0.0012482 0.0012373 0.0012652 0.0012397 0.0012382 0.0012314 0.0012273 0.0012294 0.0012374 0.0012152 0.0012362 0.0012299 0.0012432 0.0012434 0.0012855 0.0012949 0.0012885 0.0012912 0.001304 0.0012962 0.0012959 0.0012811 0.0013045 0.0013078 0.0013091 0.0012989 0.0012884 0.0012351 0.0012223 0.0012052 0.0012353 0.0012271 0.0012388 0.0012168 0.0012267 0.0012631 0.0012648 0.0012899 0.0012842 0.0012907 0.0012863 0.0012894 0.0012856 0.001267 0.0012582 0.0012551 0.0012593 0.0012567 0.0012451 0.0012674 0.0012415 0.0012871 0.0012861 0.0012601 0.001261 0.0012788 0.0012846 0.00127 0.0012759 0.0012555 0.0012483 0.0012665 0.0013126 0.0013147 0.0013225 0.0013366 0.0013515 0.0013543 0.0013554 0.0013554 0.0013553 0.0013552 0.0013554 0.0013551 0.0013553 0.0013552 0.0013553
0.0013553 0.0013547 0.001355 0.0013549 0.0013459 0.0013444 0.0013503 0.0013546 0.0013522 0.0013525 0.0013496 0.0013482 0.0013491 0.0013398 0.0013451 0.0013425 0.0013392 0.0013263 0.0013182 0.0013025 0.0012835 0.0012679 0.0012417 0.0012181 0.0011821 0.0011485 0.0011007 0.0010141 0.00090665 0.00083866 0.00087173 0.00098502 0.00099774 0.00099838 0.00099413 0.0010258 0.001022 0.0010077 0.00098521 0.00097411 0.00099622 0.0010133 0.0010104 0.0010362 0.0010586 0.0010808 0.0011179 0.001129 0.0011403 0.0011528 0.0011463 0.0011839 0.0013491 0.0013553 0.0013566 0.0013576 0.0013434 0.0011202 0.0011082 0.0011666 0.0012045 0.0012164 0.0012334 0.001246 0.0012715 0.0012654 0.0012763 0.0013438 0.001316 0.0013201 0.0013523 0.0013534 0.0013524 0.0013554 0.0013536 0.0013547 0.0013546 0.0013554 0.0013551 0.0013549 0.0013548 0.0013549 0.0013551 0.0013545 0.0013548 0.0013542 0.0013553 0.0013532 0.001354 0.0013509 0.0013509 0.0013535 0.0013422 0.0013371 0.0013293 0.0013284 0.0013311 0.0013168 0.0012523 0.0012736 0.001297 0.0013004 0.0012743 0.0012608 0.0012551 0.0012372 0.001235 0.0012393 0.0012269 0.0012291 0.0012546 0.0012354 0.0012405 0.0012247 0.0012383 0.0012463 0.001243 0.0012554 0.0012755 0.0012644 0.0012723 0.0012862 0.001284 0.0012793 0.0012626 0.0013044 0.0012993 0.0013119 0.0012992 0.0012976 0.0012839 0.0012416 0.0012107 0.0012227 0.00122 0.0012506 0.0012308 0.0012553 0.001274 0.0012756 0.001297 0.0012928 0.0012848 0.0012895 0.0012908 0.001289 0.0012824 0.0012853 0.0012713 0.00127 0.0012636 0.0012429 0.0012218 0.0012479 0.0012444 0.0012585 0.0012796 0.0012851 0.0012723 0.0012963 0.0012809 0.0013055 0.0013181 0.0013028 0.0013117 0.0013506 0.0013193 0.0013359 0.0013437 0.0013536 0.001355 0.0013552 0.0013551 0.0013553 0.0013548 0.0013543 0.0013543 0.0013546 0.0013553 0.0013532
0.0013491 0.0013532 0.0013526 0.0013554 0.0013549 0.0013494 0.0013548 0.0013522 0.0013548 0.0013553 0.0013522 0.0013536 0.0013499 0.001348 0.0013483 0.0013425 0.0013426 0.0013335 0.0013262 0.0013091 0.0012957 0.0012724 0.0012531 0.0012249 0.0011942 0.0011563 0.0011123 0.0010708 0.00092222 0.00080964 0.00080947 0.00093659 0.00099166 0.00099188 0.00099526 0.0009896 0.0010102 0.00099928 0.0010011 0.00098594 0.00099244 0.0010237 0.0011119 0.0012 0.0011381 0.001084 0.0011151 0.0011472 0.0011442 0.0011672 0.0013547 0.0013525 0.001353 0.0013553 0.0013554 0.0011442 0.0010964 0.0012218 0.0011318 0.0012006 0.0012155 0.0012246 0.0012659 0.0012565 0.0012814 0.0012922 0.0013532 0.0013237 0.0013538 0.0013372 0.0013526 0.0013528 0.0013546 0.0013512 0.0013522 0.0013545 0.0013549 0.0013554 0.0013553 0.0013523 0.0013549 0.0013547 0.0013553 0.0013554 0.0013552 0.0013553 0.0013553 0.0013539 0.0013543 0.0013543 0.0013553 0.0013477 0.0013476 0.0013456 0.0013367 0.0013258 0.001329 0.0013191 0.0012893 0.0012843 0.0012994 0.0012907 0.0012679 0.0012766 0.0012744 0.0012528 0.0012365 0.0012561 0.0013146 0.0013283 0.0012413 0.0012625 0.0012482 0.0012541 0.0012511 0.0012433 0.0012447 0.0012498 0.0012639 0.0012672 0.0012681 0.0012563 0.0012679 0.0012582 0.0012563 0.0012625 0.0012777 0.0012961 0.0012992 0.0012991 0.0012815 0.0012608 0.0012123 0.0012574 0.0012581 0.0012264 0.0012724 0.0012858 0.001255 0.0012793 0.0012962 0.0012984 0.0013056 0.0012959 0.0012961 0.0012855 0.0012809 0.0013013 0.0012962 0.0012758 0.0012349 0.0012477 0.0012227 0.0012636 0.0012858 0.0012773 0.0012886 0.001309 0.0012888 0.0013019 0.0013208 0.0013504 0.0013545 0.0013458 0.0013444 0.0013545 0.0013541 0.0013523 0.0013547 0.001355 0.0013554 0.0013553 0.0013547 0.001352 0.0013533 0.0013535 0.0013549 0.0013002 0.0013553 0.0013545
0.001355 0.0013547 0.0013537 0.0013537 0.0013529 0.0013542 0.0013554 0.0013554 0.001354 0.0013552 0.0013554 0.0013546 0.0013528 0.0013523 0.001352 0.001353 0.0013516 0.0013427 0.0013329 0.0013203 0.0013039 0.0012835 0.0012637 0.0012328 0.0012024 0.0011734 0.0011375 0.0011061 0.00094979 0.00083628 0.00085893 0.00091312 0.00097628 0.00098799 0.00099606 0.0010066 0.00098549 0.00098636 0.0010072 0.00098658 0.0011609 0.0011763 0.001036 0.0012511 0.0012152 0.0012434 0.0012427 0.0013476 0.0013503 0.0013148 0.0012231 0.0011278 0.0012883 0.0013525 0.001352 0.0013551 0.0013551 0.0012535 0.0011911 0.0012261 0.0012336 0.0012356 0.0012528 0.0012628 0.001332 0.0013553 0.0013547 0.0013553 0.0012966 0.001306 0.0013553 0.0013532 0.0013527 0.0013512 0.0013519 0.0013512 0.0013526 0.0013553 0.0013552 0.0013553 0.0013551 0.0013554 0.0013553 0.0013551 0.0013553 0.001355 0.001354 0.0013527 0.001352 0.0013532 0.0013522 0.0013538 0.0013475 0.0013454 0.0013447 0.0013464 0.0013465 0.0013282 0.0013048 0.0013126 0.0012685 0.0012657 0.0012748 0.0012772 0.0012396 0.001265 0.0012732 0.0012568 0.0012556 0.0012579 0.0012692 0.0012676 0.0012757 0.001238 0.0012426 0.0012434 0.001243 0.0012712 0.0012739 0.001264 0.0012445 0.0012345 0.0012413 0.001228 0.0012515 0.001279 0.0012671 0.0012757 0.0012983 0.0012987 0.0012929 0.0012869 0.0012328 0.0012277 0.0012511 0.0012652 0.0012663 0.0012722 0.001265 0.0012844 0.0012989 0.0012963 0.0013107 0.0013086 0.001306 0.0013086 0.0013146 0.001314 0.0013125 0.0013242 0.0012238 0.0012159 0.0012252 0.0012637 0.0012395 0.0013053 0.0013501 0.0013341 0.0013361 0.0013343 0.0013505 0.0013544 0.0013535 0.0013515 0.0013554 0.0013547 0.0013554 0.0013549 0.0013548 0.0013549 0.0013548 0.0013549 0.0013541 0.0013529 0.001352 0.001352 0.0013543 0.0013552 0.0013554 0.001355
0.0013553 0.0013554 0.0013552 0.0013553 0.0013551 0.0013526 0.001353 0.0013531 0.0013523 0.0013549 0.0013554 0.0013523 0.0013543 0.0013551 0.0013554 0.0013551 0.0013551 0.0013549 0.0013381 0.0013373 0.00132 0.0013026 0.0012809 0.0012507 0.0012239 0.0011939 0.0011641 0.0011169 0.0010563 0.00097866 0.00092219 0.00093192 0.0009766 0.00098286 0.0010002 0.0010127 0.0010117 0.0010622 0.0010257 0.00099544 0.0010125 0.0010277 0.0010502 0.0012862 0.0011877 0.0013108 0.001205 0.0012508 0.0011871 0.001143 0.0011189 0.0012898 0.0013476 0.001352 0.0013386 0.0011474 0.0011679 0.0012344 0.001352 0.0013535 0.0012475 0.0012561 0.0012633 0.0012658 0.0013033 0.0012835 0.00132 0.0012982 0.001302 0.0013158 0.0013387 0.001354 0.0013517 0.0013506 0.00135 0.0013517 0.0013512 0.0013516 0.0013537 0.001355 0.0013528 0.0013546 0.0013549 0.0013553 0.0013554 0.001355 0.0013535 0.0013537 0.0013549 0.001354 0.0013526 0.0013514 0.001353 0.0013448 0.001345 0.0013482 0.0013465 0.0013456 0.0013349 0.0013383 0.0013054 0.0012557 0.0012657 0.0012754 0.0012921 0.0012766 0.0012705 0.0012665 0.001273 0.0012634 0.0012936 0.0012975 0.0012893 0.0012493 0.0012398 0.0012434 0.0012299 0.0012421 0.0012284 0.0012592 0.0012428 0.0012616 0.0012471 0.0012484 0.0012622 0.0012513 0.0012863 0.0012628 0.0012925 0.0012956 0.0012876 0.001259 0.0012655 0.0012369 0.0012637 0.0012716 0.0012908 0.0012845 0.0012899 0.0012968 0.0012912 0.0013039 0.0013265 0.0013289 0.0013218 0.0013185 0.0013436 0.0013344 0.0013155 0.0013045 0.0012761 0.0012523 0.0012958 0.0012893 0.0012843 0.0013117 0.0013553 0.0013511 0.0013513 0.0013552 0.0013552 0.0013532 0.0013533 0.0013553 0.0013553 0.0013537 0.0013537 0.0013541 0.0013541 0.0013536 0.0013533 0.0013535 0.0013524 0.0013524 0.0013525 0.0013522 0.001352 0.0013532 0.0013546 0.0013553
0.0013553 0.0013554 0.0013547 0.0013545 0.0013551 0.0013514 0.0013513 0.0013518 0.0013539 0.001353 0.0013547 0.0013455 0.0013554 0.0013525 0.0013529 0.0013521 0.001354 0.0013396 0.0013547 0.0013496 0.001341 0.0013185 0.0013119 0.0012828 0.0012484 0.0012179 0.0011893 0.0011406 0.0011042 0.0010388 0.00099161 0.00098293 0.00096946 0.00096802 0.001005 0.0010262 0.0010427 0.0010517 0.0010538 0.0010328 0.0010231 0.0010518 0.0010714 0.0011176 0.0011334 0.0011362 0.0011703 0.0011724 0.0011628 0.0011465 0.0011325 0.0011208 0.0011476 0.0012925 0.0012607 0.0011766 0.0012102 0.0012386 0.0012571 0.0013544 0.001247 0.001285 0.0012832 0.0012985 0.0013018 0.0013075 0.0013491 0.0013227 0.001329 0.0013412 0.0013475 0.0013513 0.0013529 0.0013552 0.0013547 0.0013527 0.0013544 0.0013535 0.0013554 0.0013553 0.0013548 0.0013548 0.0013528 0.0013546 0.0013554 0.0013553 0.0013554 0.001355 0.0013549 0.0013546 0.001354 0.0013525 0.001351 0.0013501 0.0013473 0.0013462 0.0013319 0.001346 0.0013457 0.0013469 0.0013164 0.0012889 0.0012765 0.0012852 0.0013 0.001276 0.0012823 0.001292 0.0012884 0.0012886 0.0013007 0.0013009 0.0012864 0.0012701 0.0012597 0.0012351 0.001219 0.0012863 0.0012765 0.0012621 0.0012573 0.0012644 0.0012551 0.0012776 0.0012458 0.0012649 0.0012521 0.0012883 0.0012912 0.0013026 0.0012808 0.0012884 0.0012828 0.0012762 0.0012964 0.0013305 0.0012792 0.0013119 0.0013051 0.0012917 0.0013046 0.0013083 0.0013387 0.0013387 0.0013233 0.0013475 0.0013425 0.0013264 0.0013126 0.0012991 0.001272 0.0012817 0.0012762 0.0012864 0.0012989 0.0013361 0.0013553 0.0013553 0.0013552 0.0013549 0.0013549 0.0013553 0.0013553 0.0013554 0.001355 0.0013535 0.0013544 0.0013553 0.0013524 0.0013522 0.0013524 0.0013519 0.0013517 0.0013516 0.0013516 0.0013516 0.0013518 0.0013523 0.001354 0.0013543
0.0013539 0.0013543 0.001354 0.001353 0.0013525 0.0013513 0.0013513 0.0013521 0.0013527 0.0013553 0.0013535 0.0013413 0.0013551 0.0013528 0.0013514 0.0013545 0.0013548 0.0013553 0.0013554 0.0013505 0.001347 0.0013391 0.0013283 0.0013068 0.0012778 0.001236 0.0012017 0.0011631 0.0011264 0.0010884 0.0010364 0.0010083 0.00094528 0.00088466 0.0010157 0.0010371 0.0010508 0.0010646 0.0010731 0.0010751 0.0010776 0.0011219 0.001141 0.0011577 0.0011717 0.001202 0.0012191 0.0012312 0.0012453 0.0012577 0.0012393 0.0012961 0.0013536 0.0011778 0.0011847 0.0012007 0.0012462 0.0012645 0.0012697 0.0013316 0.0012875 0.0013009 0.0013032 0.0013019 0.0013131 0.0013178 0.0013171 0.0013493 0.001351 0.0013493 0.0013548 0.0013524 0.0013513 0.0013516 0.0013551 0.001355 0.0013554 0.0013553 0.0013552 0.0013542 0.0013518 0.0013526 0.0013534 0.0013552 0.0013551 0.0013552 0.0013554 0.001355 0.0013544 0.001354 0.0013544 0.001355 0.0013529 0.001352 0.0013484 0.0013464 0.0013276 0.0013454 0.001345 0.0013463 0.0013179 0.0013086 0.0012995 0.001289 0.0013007 0.0012965 0.0012938 0.0013027 0.0013052 0.0013082 0.0013146 0.0013132 0.0012791 0.0012663 0.0012647 0.001247 0.0012306 0.0012873 0.0012763 0.0012743 0.001276 0.0012545 0.0012592 0.0012481 0.0012679 0.0012715 0.0012814 0.0012891 0.0013181 0.0013105 0.0012939 0.0012705 0.0012924 0.0012991 0.001329 0.0013262 0.0013159 0.0013476 0.0013083 0.0013001 0.0013108 0.0013179 0.0013416 0.0013431 0.0013446 0.0013487 0.0013461 0.0013112 0.0013221 0.0013003 0.0012945 0.0012991 0.0013296 0.0013321 0.0013441 0.0013554 0.0013541 0.0013532 0.0013543 0.0013545 0.0013526 0.0013535 0.0013549 0.001355 0.0013534 0.0013541 0.0013554 0.0013542 0.0013526 0.0013521 0.0013519 0.0013518 0.0013518 0.0013515 0.0013515 0.0013515 0.0013521 0.001352 0.0013528 0.0013536
0.0013534 0.0013542 0.001353 0.0013517 0.0013521 0.0013516 0.0013513 0.0013512 0.0013524 0.0013547 0.0013545 0.0013546 0.0013535 0.0013514 0.0013514 0.0013526 0.0013539 0.0013548 0.0013497 0.001355 0.0013511 0.0013511 0.0013303 0.0012961 0.0012677 0.001259 0.0012232 0.0011741 0.0011313 0.0011165 0.0010943 0.0010665 0.00096268 0.00085903 0.00089338 0.0010523 0.0010601 0.0010668 0.0010835 0.0011011 0.0011228 0.0011404 0.0011534 0.001171 0.0011928 0.0012205 0.0012385 0.001258 0.0012869 0.0013097 0.0012322 0.0011743 0.0011642 0.0011858 0.0012031 0.0012363 0.001261 0.0012842 0.0012879 0.0013111 0.0012989 0.0013092 0.0013369 0.0013092 0.0013154 0.0013219 0.0013157 0.0013552 0.0013385 0.0013474 0.001354 0.0013512 0.0013559 0.0013551 0.0013552 0.0013554 0.0013554 0.0013552 0.0013553 0.0013515 0.0013553 0.0013517 0.0013545 0.0013554 0.0013545 0.0013548 0.0013554 0.0013549 0.0013553 0.0013543 0.0013541 0.0013548 0.0013534 0.0013532 0.0013525 0.0013479 0.0013458 0.0013346 0.0013359 0.0013284 0.001327 0.0013295 0.0013193 0.0013313 0.001304 0.0012928 0.0012961 0.0013209 0.0013136 0.001312 0.0013122 0.0012907 0.0012994 0.0012905 0.0012686 0.0012586 0.0012764 0.0012758 0.0012599 0.0012827 0.0012723 0.0012641 0.001269 0.0012708 0.0012704 0.0012765 0.0012864 0.0012999 0.001303 0.0013127 0.0013328 0.0013246 0.0013421 0.0013411 0.0013447 0.0013418 0.0013318 0.0013295 0.0013377 0.0013261 0.0013425 0.0013444 0.0013509 0.0013505 0.0013519 0.0013447 0.0013242 0.0013213 0.0013242 0.0013101 0.001322 0.0013391 0.0013546 0.0013554 0.0013554 0.0013553 0.001354 0.001353 0.0013535 0.0013527 0.0013534 0.0013534 0.001354 0.0013529 0.0013531 0.0013539 0.0013548 0.0013529 0.0013524 0.0013521 0.0013519 0.0013517 0.0013517 0.0013516 0.0013516 0.0013516 0.0013515 0.0013517 0.001352 0.0013525
0.0013515 0.0013518 0.0013516 0.0013513 0.0013512 0.0013512 0.0013512 0.0013513 0.0013515 0.0013546 0.0013553 0.0013551 0.0013513 0.0013512 0.0013512 0.0013516 0.0013522 0.0013551 0.0013544 0.0013553 0.0013552 0.0013439 0.0013209 0.0012863 0.0012508 0.0012904 0.0012505 0.0011439 0.0011329 0.0011384 0.0011311 0.0011384 0.0011129 0.00095024 0.0010189 0.0010675 0.0010554 0.0010613 0.0010873 0.0011117 0.001134 0.0011466 0.0011572 0.0011561 0.0012153 0.0012395 0.0012665 0.001284 0.0013011 0.0013343 0.0013359 0.0012629 0.00123 0.0012429 0.0012638 0.0012825 0.0012943 0.0013003 0.0013043 0.0013191 0.0013169 0.0013099 0.0012969 0.0013393 0.001344 0.0013291 0.0013348 0.0013485 0.0013499 0.0013538 0.0013548 0.0013554 0.0013521 0.0013529 0.0013512 0.0013517 0.0013514 0.0013521 0.0013531 0.0013531 0.0013552 0.0013554 0.0013544 0.0013551 0.0013554 0.0013544 0.0013554 0.0013545 0.001355 0.001355 0.0013553 0.0013548 0.0013544 0.0013534 0.0013521 0.0013486 0.0013478 0.0013411 0.0013451 0.0013395 0.0013394 0.0013394 0.0013389 0.0013303 0.0013305 0.0013036 0.001317 0.0013339 0.0013456 0.0013104 0.0013164 0.0013034 0.0012834 0.0012815 0.0012739 0.001296 0.0012855 0.0012852 0.0012689 0.0012846 0.0012756 0.0012681 0.0012668 0.0012742 0.0012753 0.0012797 0.0012927 0.0013008 0.0013135 0.0013193 0.0013492 0.0013548 0.0013554 0.001355 0.0013529 0.0013552 0.0013469 0.0013437 0.0013384 0.001347 0.001348 0.0013518 0.0013534 0.0013515 0.0013504 0.0013379 0.0013358 0.0013297 0.0013241 0.0013102 0.0013453 0.0013553 0.0013554 0.001355 0.0013553 0.0013542 0.0013535 0.0013529 0.0013527 0.0013523 0.0013536 0.0013524 0.0013528 0.0013525 0.0013527 0.0013535 0.0013532 0.0013525 0.0013523 0.0013522 0.0013521 0.0013518 0.0013517 0.0013517 0.0013517 0.0013516 0.0013515 0.0013515 0.0013514 0.0013514
0.0013515 0.0013513 0.0013512 0.0013513 0.0013512 0.0013512 0.0013512 0.0013512 0.0013513 0.0013525 0.0013534 0.0013539 0.0013512 0.0013512 0.0013512 0.0013512 0.0013539 0.001354 0.0013542 0.0013549 0.0013542 0.0013286 0.0013002 0.0012782 0.0012934 0.0012991 0.0012867 0.0012189 0.0011391 0.0011338 0.0011455 0.0011686 0.001183 0.0011653 0.0011177 0.0010851 0.0010465 0.0010373 0.0010944 0.0011263 0.0011482 0.0011602 0.0011664 0.0011532 0.0012269 0.0012698 0.00129 0.0013039 0.0013219 0.0013443 0.00135 0.001288 0.0012867 0.0013023 0.0013121 0.0013215 0.0013187 0.0013208 0.0013231 0.0013302 0.0013416 0.0013244 0.0013068 0.0013155 0.0013273 0.0013435 0.0013493 0.0013513 0.0013522 0.0013551 0.0013549 0.0013513 0.0013548 0.0013517 0.0013525 0.0013512 0.0013523 0.0013549 0.0013553 0.0013552 0.0013554 0.001355 0.0013554 0.0013552 0.0013541 0.0013552 0.0013553 0.0013549 0.0013552 0.0013549 0.0013546 0.0013547 0.0013521 0.0013514 0.0013508 0.0013503 0.0013496 0.0013499 0.0013469 0.0013405 0.0013407 0.0013397 0.0013365 0.001339 0.0013359 0.0013346 0.0013368 0.0013329 0.0013362 0.0013024 0.0013104 0.0012711 0.0012814 0.0012755 0.0012867 0.0012778 0.0012795 0.0012873 0.0012833 0.0012828 0.001276 0.0012697 0.0012643 0.0012675 0.0012972 0.0012841 0.0012919 0.0013066 0.0013222 0.0013399 0.0013547 0.001352 0.0013528 0.0013528 0.0013525 0.0013517 0.0013515 0.0013553 0.001354 0.0013532 0.0013526 0.0013549 0.0013539 0.0013505 0.0013513 0.0013415 0.0013354 0.0013369 0.0013161 0.0013203 0.0013554 0.0013554 0.0013553 0.0013551 0.0013547 0.0013545 0.0013532 0.0013527 0.0013524 0.0013523 0.0013525 0.0013527 0.0013524 0.0013525 0.0013524 0.0013525 0.0013525 0.0013525 0.0013523 0.0013523 0.0013523 0.001352 0.0013519 0.0013518 0.0013517 0.0013516 0.0013515 0.0013515 0.0013514 0.0013513
0.0013514 0.0013513 0.0013512 0.0013512 0.0013512 0.0013512 0.0013512 0.0013512 0.0013512 0.0013515 0.0013526 0.0013514 0.0013513 0.0013514 0.0013515 0.0013512 0.0013546 0.0013524 0.0013528 0.0013547 0.0013502 0.0013334 0.0013372 0.0013268 0.0013196 0.0013169 0.0013005 0.0012575 0.0011176 0.0011263 0.0011455 0.0011901 0.0012055 0.0011918 0.0011571 0.0011086 0.0010005 0.00099966 0.0011199 0.0011457 0.0011615 0.0011714 0.0011782 0.001193 0.0012568 0.0012782 0.0012951 0.0013127 0.0013283 0.0013421 0.0013506 0.0013516 0.0013186 0.0013171 0.0013169 0.0013187 0.0013255 0.0013318 0.001337 0.0013409 0.0013429 0.0013356 0.0013162 0.0013351 0.0013473 0.0013502 0.0013534 0.0013543 0.0013548 0.0013554 0.0013543 0.0013514 0.0013533 0.0013513 0.0013525 0.0013545 0.0013548 0.0013551 0.0013526 0.0013521 0.001353 0.0013552 0.001355 0.0013547 0.0013552 0.0013553 0.0013554 0.0013548 0.0013552 0.0013543 0.0013548 0.0013544 0.001354 0.0013548 0.0013505 0.0013489 0.0013469 0.0013505 0.0013446 0.0013362 0.0013362 0.0013381 0.0013413 0.0013371 0.0013346 0.0013416 0.0013248 0.0013472 0.0013364 0.001339 0.0013221 0.0013015 0.0012944 0.0012695 0.0012751 0.0012808 0.0012757 0.0012834 0.0012838 0.0012855 0.0012741 0.0012776 0.0012658 0.0012945 0.001315 0.0012794 0.0012927 0.0013109 0.00134 0.0013554 0.0013517 0.0013534 0.0013531 0.001353 0.0013529 0.0013525 0.0013523 0.0013512 0.0013554 0.0013554 0.0013554 0.0013551 0.0013527 0.0013535 0.0013418 0.001331 0.0013351 0.0013459 0.0013379 0.0013369 0.0013554 0.0013549 0.0013546 0.001354 0.0013535 0.0013538 0.0013526 0.0013523 0.0013526 0.0013523 0.0013522 0.0013526 0.0013525 0.0013525 0.0013524 0.0013524 0.0013525 0.0013525 0.0013526 0.0013525 0.0013524 0.0013527 0.0013521 0.0013519 0.0013519 0.0013516 0.0013514 0.0013514 0.0013513 0.0013513
0.0013512 0.0013512 0.0013514 0.0013513 0.0013512 0.0013512 0.0013512 0.0013512 0.0013513 0.0013513 0.001352 0.0013512 0.0013515 0.0013516 0.0013516 0.0013513 0.0013523 0.0013514 0.0013531 0.0013553 0.0013546 0.0013517 0.0013497 0.0013454 0.0013388 0.0013271 0.0013127 0.0012648 0.0011478 0.0011426 0.0011746 0.0012214 0.0012206 0.0012327 0.0012072 0.001133 0.00097151 0.00089598 0.0010834 0.0011618 0.0011708 0.0011833 0.0011962 0.0012174 0.0012525 0.0012789 0.0012988 0.0013173 0.0013295 0.0013432 0.0013508 0.0013519 0.0013485 0.0013278 0.001325 0.0013255 0.0013309 0.0013369 0.001341 0.0013456 0.0013492 0.0013468 0.0013423 0.0013446 0.0013481 0.001354 0.0013554 0.0013553 0.0013552 0.0013534 0.0013513 0.0013515 0.0013513 0.001353 0.001353 0.0013532 0.0013528 0.0013534 0.001352 0.0013548 0.0013547 0.001355 0.0013552 0.0013549 0.0013546 0.0013553 0.0013554 0.0013551 0.0013554 0.0013554 0.001355 0.0013546 0.0013535 0.0013542 0.0013525 0.0013549 0.0013505 0.0013473 0.0013457 0.0013477 0.0013473 0.0013321 0.0013229 0.0013194 0.0013395 0.001344 0.0013459 0.0013308 0.0013276 0.0013208 0.001318 0.0013188 0.0013095 0.0013174 0.0013021 0.001288 0.0012805 0.0012828 0.0012829 0.0012687 0.0012788 0.0012751 0.0012597 0.0013255 0.0012855 0.0012794 0.0012997 0.0013229 0.0013487 0.0013527 0.0013524 0.0013537 0.0013537 0.0013535 0.0013531 0.0013529 0.0013526 0.0013518 0.0013513 0.0013535 0.0013549 0.0013549 0.0013526 0.0013481 0.0013477 0.0013454 0.0013529 0.0013548 0.0013536 0.0013538 0.0013552 0.0013539 0.0013529 0.001354 0.0013527 0.0013521 0.0013525 0.0013526 0.001353 0.0013529 0.0013514 0.0013533 0.0013535 0.0013531 0.0013526 0.0013524 0.001353 0.0013528 0.0013533 0.0013531 0.0013531 0.0013522 0.0013521 0.0013518 0.0013521 0.0013516 0.0013514 0.0013514 0.0013513 0.0013513
0.0013512 0.0013512 0.0013512 0.0013512 0.0013513 0.0013513 0.0013514 0.0013513 0.0013516 0.0013514 0.0013512 0.0013518 0.0013519 0.0013518 0.0013517 0.0013515 0.0013513 0.0013513 0.0013531 0.0013553 0.0013553 0.0013547 0.0013517 0.0013461 0.0013374 0.0013284 0.0013077 0.0012632 0.0012209 0.0012377 0.0012343 0.0012339 0.0012355 0.0012364 0.0012425 0.0012357 0.0010027 0.00080645 0.00084037 0.0011609 0.0011796 0.0011932 0.0012091 0.0012296 0.0012526 0.0012817 0.0013062 0.001321 0.0013351 0.001343 0.0013497 0.0013524 0.0013518 0.0013357 0.0013317 0.0013311 0.0013359 0.0013413 0.0013439 0.0013475 0.0013502 0.0013444 0.0013416 0.0013515 0.0013544 0.0013554 0.0013544 0.0013533 0.0013523 0.0013529 0.0013529 0.0013519 0.0013532 0.0013532 0.0013513 0.0013534 0.0013515 0.0013542 0.0013548 0.0013538 0.0013549 0.0013552 0.0013554 0.0013554 0.0013552 0.0013551 0.0013546 0.0013551 0.0013553 0.0013554 0.0013551 0.0013548 0.0013549 0.0013549 0.0013553 0.0013525 0.0013546 0.0013472 0.0013489 0.0013501 0.0013475 0.0013466 0.0013381 0.0013213 0.0013435 0.001341 0.0013548 0.0013405 0.00135 0.0013176 0.0013273 0.0013251 0.0013228 0.0013303 0.0013178 0.0012951 0.0012803 0.0012934 0.0013039 0.0012768 0.0012866 0.0012815 0.0012704 0.0012641 0.0012736 0.0012963 0.0013145 0.0013353 0.0013547 0.0013515 0.0013536 0.0013539 0.0013542 0.0013536 0.0013529 0.0013529 0.0013523 0.001352 0.0013512 0.0013525 0.0013537 0.0013534 0.0013551 0.0013541 0.0013514 0.0013552 0.0013552 0.0013546 0.0013546 0.0013543 0.0013535 0.0013525 0.0013517 0.0013516 0.0013521 0.0013518 0.0013522 0.0013522 0.0013532 0.0013537 0.0013544 0.001355 0.0013548 0.0013546 0.0013542 0.0013539 0.0013538 0.0013538 0.0013536 0.0013522 0.0013553 0.0013529 0.0013523 0.0013522 0.0013522 0.0013515 0.0013514 0.0013514 0.0013529 0.0013513
0.0013513 0.0013512 0.0013519 0.0013519 0.0013513 0.0013512 0.0013514 0.0013516 0.0013517 0.0013518 0.0013521 0.0013523 0.0013523 0.0013522 0.001352 0.0013516 0.0013513 0.0013514 0.0013554 0.0013552 0.0013554 0.0013538 0.0013507 0.001347 0.0013361 0.0013232 0.0013089 0.0012899 0.0012497 0.0012498 0.0012433 0.0012427 0.0012428 0.0012484 0.0012589 0.0012674 0.0012296 0.00085238 0.00089649 0.0011136 0.0011685 0.0012057 0.0012262 0.0012408 0.0010826 0.0012954 0.0013139 0.0013266 0.0013376 0.001343 0.0013505 0.0013521 0.0013525 0.0013386 0.0013359 0.0013381 0.0013418 0.001345 0.0013469 0.001349 0.0013498 0.001351 0.0013534 0.0013513 0.0013553 0.0013538 0.0013525 0.0013517 0.0013514 0.0013521 0.0013526 0.001352 0.0013515 0.0013518 0.0013526 0.0013513 0.0013521 0.0013527 0.0013548 0.0013554 0.0013554 0.0013551 0.0013554 0.0013552 0.0013553 0.0013553 0.0013523 0.0013552 0.001352 0.0013554 0.0013549 0.0013551 0.0013551 0.0013554 0.0013554 0.0013521 0.0013523 0.0013531 0.001354 0.0013542 0.0013536 0.0013447 0.0013405 0.001343 0.0013459 0.0013489 0.0013459 0.0013509 0.001355 0.0013381 0.0013365 0.001345 0.0013321 0.0013287 0.0013229 0.0013142 0.001303 0.0013087 0.0013152 0.0013121 0.0013066 0.0012885 0.0012839 0.0012856 0.0012906 0.0013022 0.0013226 0.0013453 0.0013554 0.0013513 0.0013537 0.0013538 0.0013537 0.0013533 0.0013529 0.0013528 0.0013525 0.0013522 0.0013513 0.0013518 0.0013527 0.0013553 0.001355 0.0013547 0.0013548 0.0013543 0.0013544 0.0013525 0.0013532 0.0013521 0.0013517 0.0013515 0.0013512 0.0013512 0.0013512 0.0013513 0.0013515 0.0013523 0.0013539 0.0013553 0.0013545 0.0013529 0.0013549 0.001355 0.0013554 0.0013552 0.001355 0.0013543 0.0013545 0.0013543 0.0013541 0.0013549 0.0013523 0.0013524 0.001352 0.0013519 0.0013514 0.0013515 0.001355 0.0013524
0.0013512 0.0013512 0.0013512 0.0013515 0.0013514 0.0013512 0.0013516 0.001352 0.0013521 0.0013523 0.0013526 0.0013531 0.001353 0.0013528 0.0013527 0.0013519 0.0013513 0.0013528 0.0013551 0.0013552 0.0013518 0.0012184 0.00097867 0.00095099 0.0010691 0.0013174 0.0013026 0.0012973 0.0012846 0.0012592 0.0012548 0.0012487 0.0012501 0.0012545 0.0012597 0.0012655 0.0012664 0.0011994 0.00109 0.0011102 0.0011804 0.0012164 0.0012399 0.001254 0.0012783 0.0013095 0.0013201 0.0013309 0.0013381 0.0013427 0.0013493 0.0013521 0.0013531 0.0013414 0.0013414 0.001341 0.0013439 0.0013473 0.0013492 0.0013496 0.0013509 0.0013509 0.0013499 0.0013544 0.0013535 0.0013521 0.0013515 0.0013512 0.0013512 0.0013519 0.001353 0.0013523 0.0013513 0.0013513 0.0013514 0.0013514 0.0013518 0.0013527 0.0013535 0.001354 0.0013533 0.001355 0.0013543 0.0013512 0.0013549 0.0013552 0.0013551 0.0013553 0.0013552 0.0013552 0.0013528 0.001355 0.0013554 0.0013551 0.0013552 0.0013542 0.0013545 0.0013549 0.0013551 0.0013554 0.0013549 0.0013547 0.0013487 0.0013471 0.001349 0.0013496 0.0013466 0.0013552 0.0013533 0.0013301 0.0013392 0.0013407 0.0013429 0.0013434 0.0013273 0.0013243 0.0013157 0.001308 0.001312 0.0013124 0.0013032 0.0013087 0.0012998 0.001303 0.0013113 0.0013169 0.0013315 0.0013521 0.0013539 0.0013533 0.0013535 0.001353 0.0013536 0.0013532 0.0013528 0.0013526 0.0013523 0.0013521 0.0013515 0.0013513 0.0013521 0.0013526 0.0013533 0.0013535 0.0013537 0.0013535 0.001353 0.0013523 0.0013514 0.0013513 0.0013512 0.0013512 0.0013512 0.0013513 0.0013513 0.0013513 0.0013513 0.0013525 0.001355 0.0013548 0.0013511 0.0013471 0.0013412 0.0013469 0.0013507 0.0013552 0.0013554 0.0013551 0.0013551 0.0013548 0.0013545 0.0013543 0.0013534 0.0013525 0.0013523 0.001352 0.0013518 0.0013513 0.0013531 0.0013523
0.0013512 0.0013513 0.0013513 0.0013516 0.0013513 0.0013516 0.0013517 0.001352 0.0013525 0.0013527 0.0013531 0.0013535 0.0013536 0.0013535 0.0013538 0.0013512 0.0013519 0.0013523 0.0013542 0.0013541 0.0013417 0.00093623 0.00081151 0.00080182 0.00085573 0.0012055 0.0012999 0.0012982 0.0013101 0.0012859 0.0012703 0.001256 0.0012525 0.0012563 0.0012609 0.0012665 0.0012676 0.0012559 0.0011954 0.0011884 0.0012152 0.0012283 0.001244 0.0012591 0.0012822 0.001311 0.0013251 0.0013346 0.0013404 0.0013448 0.0013478 0.0013531 0.0013524 0.0013358 0.0013372 0.0013457 0.0013461 0.0013483 0.0013493 0.0013504 0.0013515 0.0013531 0.0013549 0.0013545 0.001353 0.0013514 0.0013512 0.0013514 0.0013521 0.0013523 0.0013517 0.0013524 0.001352 0.0013514 0.0013516 0.0013512 0.001352 0.0013518 0.0013523 0.0013541 0.0013548 0.0013554 0.0013545 0.0013524 0.0013553 0.0013551 0.001355 0.0013515 0.0013551 0.0013543 0.0013551 0.0013552 0.0013553 0.0013551 0.0013554 0.0013554 0.0013554 0.0013554 0.0013554 0.0013553 0.0013553 0.0013554 0.0013532 0.0013519 0.0013547 0.0013544 0.0013544 0.001354 0.001344 0.001337 0.0013426 0.0013436 0.0013391 0.001334 0.0013317 0.0013283 0.0013187 0.0012899 0.0013077 0.0013132 0.0013152 0.0013146 0.0013122 0.0013153 0.0013185 0.0013257 0.0013484 0.0013538 0.0013533 0.0013524 0.0013532 0.0013533 0.0013531 0.0013528 0.0013527 0.0013527 0.0013524 0.0013519 0.0013515 0.0013512 0.0013513 0.0013512 0.0013515 0.0013515 0.0013516 0.0013512 0.0013512 0.0013512 0.0013512 0.0013513 0.0013515 0.0013515 0.0013515 0.0013518 0.0013516 0.0013516 0.0013512 0.0013527 0.001355 0.0013526 0.0013446 0.0013324 0.0013217 0.0013221 0.0013358 0.0013535 0.0013553 0.0013554 0.0013554 0.0013553 0.0013549 0.0013541 0.0013533 0.0013526 0.0013527 0.001352 0.0013512 0.0013512 0.0013514 0.0013512
0.0013512 0.0013513 0.0013516 0.0013517 0.0013519 0.0013516 0.0013517 0.0013522 0.0013528 0.0013532 0.0013536 0.0013541 0.0013542 0.0013543 0.0013545 0.0013513 0.0013517 0.0013531 0.0013553 0.001355 0.0013493 0.00094091 0.00081291 0.00080239 0.00084186 0.0011985 0.0013135 0.0013199 0.0013219 0.0013159 0.0012884 0.0012634 0.001249 0.0012455 0.0012468 0.0012617 0.0012699 0.0012685 0.0012429 0.0012336 0.0012384 0.0012423 0.0012474 0.0012583 0.0012749 0.0013021 0.0013283 0.0013368 0.0013431 0.0013452 0.0013478 0.0013536 0.00135 0.0013515 0.0013355 0.0013418 0.0013464 0.001348 0.0013501 0.0013505 0.0013531 0.0013532 0.0013554 0.0013531 0.0013515 0.0013512 0.0013518 0.0013522 0.0013531 0.0013532 0.0013538 0.0013531 0.0013529 0.0013524 0.001352 0.0013512 0.0013513 0.0013513 0.0013514 0.0013534 0.0013544 0.001355 0.0013546 0.0013543 0.0013513 0.0013554 0.0013552 0.0013554 0.0013552 0.0013549 0.0013549 0.0013548 0.0013533 0.0013553 0.0013554 0.0013552 0.0013554 0.0013554 0.0013554 0.0013553 0.0013553 0.001355 0.0013522 0.0013549 0.0013554 0.0013525 0.0013492 0.0013538 0.0013488 0.0013471 0.0013435 0.00134 0.0013329 0.001331 0.0013319 0.0013401 0.0013126 0.0013224 0.0013112 0.0013255 0.0013319 0.0013387 0.0013168 0.0013188 0.0013224 0.0013305 0.0013461 0.0013422 0.0013553 0.0013516 0.0013517 0.0013529 0.0013526 0.0013526 0.0013525 0.0013522 0.0013522 0.001352 0.0013517 0.0013515 0.0013515 0.0013515 0.0013518 0.0013515 0.0013515 0.0013515 0.0013518 0.0013518 0.0013519 0.0013522 0.0013524 0.0013522 0.0013527 0.0013525 0.0013524 0.0013518 0.0013513 0.0013526 0.0013554 0.0013485 0.001327 0.0013083 0.0013021 0.0013147 0.0013174 0.0012772 0.0013534 0.0013548 0.0013553 0.0013554 0.0013551 0.0013542 0.0013533 0.0013526 0.0013523 0.0013515 0.0013528 0.0013512 0.0013512 0.0013512
0.0013519 0.0013516 0.0013515 0.0013522 0.0013527 0.0013526 0.0013525 0.0013529 0.0013536 0.0013538 0.0013544 0.0013546 0.0013548 0.0013549 0.0013549 0.0013513 0.0013517 0.0013552 0.0013554 0.0013545 0.0013554 0.0010368 0.00092641 0.0008894 0.00096967 0.001293 0.0013333 0.0013332 0.0013298 0.0013195 0.0013005 0.0012739 0.0012481 0.0012347 0.0012247 0.0012194 0.0012669 0.0012681 0.0012588 0.0012508 0.0012485 0.0012495 0.0012527 0.0012601 0.0012743 0.0013005 0.0013341 0.0013362 0.0013404 0.0013446 0.0013448 0.001351 0.0013539 0.001355 0.0013396 0.0013418 0.0013433 0.0013469 0.0013481 0.0013513 0.001353 0.0013537 0.0013547 0.0013528 0.0013513 0.0013524 0.0013528 0.0013531 0.0013537 0.0013539 0.0013539 0.0013537 0.0013528 0.0013529 0.0013524 0.0013513 0.0013512 0.0013513 0.0013516 0.0013533 0.0013536 0.0013523 0.0013537 0.0013544 0.0013554 0.0013547 0.0013536 0.0013551 0.0013549 0.0013546 0.001355 0.001355 0.0013553 0.0013553 0.0013548 0.0013551 0.0013553 0.0013553 0.0013553 0.0013553 0.0013551 0.0013552 0.0013541 0.0013554 0.0013529 0.0013543 0.0013554 0.0013398 0.0013493 0.0013542 0.0013387 0.0013329 0.0013313 0.0013346 0.001336 0.0013408 0.001325 0.0013256 0.0012825 0.0013353 0.0013376 0.0013361 0.0013078 0.0013169 0.0013291 0.0013304 0.0013447 0.0013402 0.0013511 0.0013554 0.0013521 0.0013515 0.0013513 0.0013516 0.0013516 0.0013521 0.0013521 0.0013521 0.0013521 0.001352 0.0013521 0.0013526 0.0013526 0.0013526 0.0013528 0.0013527 0.001353 0.0013533 0.0013533 0.001353 0.0013533 0.0013531 0.0013533 0.0013528 0.0013531 0.0013531 0.0013521 0.0013521 0.0013552 0.0013387 0.0013025 0.0012921 0.0012874 0.0012859 0.0013093 0.0013347 0.0013492 0.0013529 0.0013546 0.0013554 0.001355 0.0013542 0.0013534 0.0013528 0.0013518 0.0013516 0.0013529 0.0013512 0.0013512 0.0013513
0.0013518 0.001352 0.0013522 0.0013527 0.0013529 0.0013534 0.0013537 0.0013542 0.0013545 0.0013546 0.0013549 0.001355 0.0013551 0.0013551 0.0013551 0.0013514 0.0013525 0.0013554 0.0013546 0.0013533 0.0013532 0.0013417 0.0012485 0.0011746 0.0013172 0.001351 0.0013428 0.0013399 0.0013342 0.0013156 0.0012955 0.0012745 0.0012532 0.0012285 0.0012141 0.0012093 0.0012521 0.0012684 0.0012642 0.0012505 0.0012499 0.0012384 0.0012532 0.0012627 0.0012645 0.0013096 0.0013208 0.0013311 0.0013351 0.0013403 0.0013434 0.0013466 0.0013509 0.0013545 0.0013516 0.0013462 0.0013553 0.0013522 0.0013535 0.0013551 0.001354 0.0013513 0.0013545 0.0013526 0.0013512 0.0013523 0.0013534 0.0013538 0.0013544 0.0013546 0.0013542 0.0013546 0.0013529 0.0013541 0.0013535 0.0013522 0.001352 0.0013521 0.0013517 0.0013515 0.0013531 0.0013548 0.0013554 0.0013547 0.0013552 0.0013549 0.0013548 0.0013546 0.0013547 0.0013553 0.0013545 0.0013543 0.0013546 0.001355 0.0013542 0.001354 0.0013531 0.0013554 0.0013546 0.0013548 0.0013553 0.0013553 0.0013544 0.0013553 0.0013554 0.0013552 0.0013552 0.0013536 0.0013486 0.0013519 0.0013461 0.0013379 0.001338 0.0013318 0.0013311 0.0013331 0.0013382 0.0013248 0.0012927 0.0013327 0.0013369 0.0013297 0.0013531 0.0013471 0.0013271 0.0013252 0.001336 0.0013429 0.0013456 0.0013536 0.0013554 0.0013544 0.0013527 0.0013515 0.0013512 0.0013517 0.0013521 0.0013523 0.0013527 0.0013528 0.0013529 0.0013538 0.0013533 0.0013541 0.0013545 0.0013548 0.0013552 0.0013548 0.0013559 0.0013552 0.0013554 0.001355 0.0013549 0.0013549 0.0013551 0.0013543 0.0013538 0.0013515 0.001355 0.0013351 0.0013091 0.001288 0.0012787 0.0011907 0.0012367 0.0013115 0.0013422 0.0013515 0.0013548 0.0013554 0.001355 0.0013541 0.0013529 0.0013522 0.0013514 0.0013518 0.0013512 0.0013512 0.0013514 0.0013517
0.0013522 0.0013524 0.0013523 0.0013532 0.0013539 0.0013539 0.0013544 0.0013545 0.0013546 0.001355 0.0013552 0.0013552 0.0013552 0.0013553 0.0013553 0.0013516 0.0013534 0.001355 0.0013546 0.0013553 0.001353 0.0013538 0.001354 0.0013541 0.0013554 0.0013532 0.0013376 0.0013431 0.0013282 0.0013079 0.0012843 0.0012683 0.0012443 0.0012231 0.0012103 0.0011827 0.0011858 0.001263 0.0012672 0.0012497 0.0012549 0.0012504 0.0012558 0.0012149 0.00128 0.0013109 0.0013253 0.0013299 0.0013328 0.0013361 0.001331 0.001342 0.0013433 0.0013552 0.0013426 0.0013442 0.0013462 0.0013449 0.0013554 0.0013514 0.0013512 0.0013554 0.0013535 0.0013513 0.0013522 0.0013537 0.0013543 0.0013544 0.0013548 0.0013552 0.0013551 0.0013548 0.0013544 0.001354 0.0013526 0.0013531 0.001353 0.0013534 0.0013541 0.0013513 0.0013513 0.0013539 0.0013545 0.0013535 0.0013534 0.0013543 0.0013539 0.0013543 0.0013542 0.0013551 0.0013545 0.0013533 0.0013543 0.0013542 0.0013542 0.0013526 0.0013537 0.0013545 0.001355 0.0013546 0.0013553 0.0013553 0.0013554 0.0013554 0.0013551 0.0013551 0.0013554 0.001353 0.0013549 0.001354 0.0013475 0.0013514 0.00135 0.00135 0.0013542 0.0013354 0.0013423 0.0013127 0.0013246 0.0013003 0.001318 0.0013146 0.0013169 0.0013268 0.001328 0.0013323 0.0013294 0.0013296 0.0013477 0.0013419 0.0013552 0.0013542 0.0013543 0.0013524 0.0013513 0.001352 0.0013524 0.0013534 0.0013537 0.001354 0.0013547 0.0013551 0.0013556 0.0013564 0.0013573 0.0013583 0.0013589 0.0013592 0.0013591 0.0013584 0.0013578 0.0013575 0.0013576 0.0013571 0.0013564 0.0013557 0.0013546 0.0013533 0.0013547 0.0013476 0.0013057 0.0012858 0.0011932 0.00088591 0.0011767 0.0013052 0.0013431 0.0013525 0.0013547 0.0013554 0.0013543 0.0013543 0.0013527 0.0013518 0.0013512 0.0013512 0.0013512 0.0013512 0.0013516 0.0013519
0.0013529 0.0013533 0.0013534 0.0013533 0.0013545 0.0013539 0.0013551 0.0013553 0.0013553 0.0013553 0.0013554 0.0013554 0.0013553 0.0013553 0.0013553 0.0013523 0.0013527 0.0013549 0.0013546 0.0013548 0.001355 0.0013547 0.0013544 0.0013553 0.0013554 0.0013543 0.0013511 0.0013337 0.0013179 0.0013012 0.0012773 0.0012588 0.0012401 0.0012188 0.0011837 0.001179 0.0011962 0.0012718 0.0012818 0.0012601 0.0012683 0.001267 0.0012688 0.001214 0.0012616 0.0013096 0.0013222 0.0013271 0.00133 0.0013246 0.0013157 0.0013208 0.001345 0.0013512 0.0013549 0.0013554 0.0013554 0.0013547 0.001354 0.0013512 0.0013531 0.001355 0.0013522 0.0013529 0.0013536 0.001354 0.001354 0.0013546 0.0013553 0.0013555 0.0013541 0.0013551 0.0013552 0.0013546 0.0013532 0.0013548 0.0013537 0.0013541 0.0013547 0.0013544 0.0013512 0.0013513 0.0013519 0.0013524 0.0013522 0.0013534 0.0013542 0.0013546 0.0013542 0.0013541 0.0013538 0.0013536 0.0013541 0.0013544 0.0013539 0.0013546 0.0013535 0.001354 0.0013553 0.0013553 0.0013535 0.001355 0.0013554 0.0013554 0.0013522 0.0013542 0.0013461 0.0013543 0.001355 0.0013528 0.0013524 0.0013534 0.0013528 0.0013518 0.0013497 0.001352 0.0013501 0.0013553 0.0013416 0.0013298 0.0013387 0.0013528 0.0013261 0.0013362 0.0013407 0.0013175 0.0013061 0.0013389 0.0013524 0.0013441 0.0013554 0.001355 0.001353 0.0013512 0.0013519 0.0013529 0.0013541 0.0013542 0.0013548 0.0013555 0.0013562 0.0013574 0.0013582 0.00136 0.0013615 0.0013619 0.0013626 0.001362 0.0013619 0.001361 0.0013604 0.0013605 0.0013593 0.0013582 0.001357 0.0013562 0.001355 0.0013537 0.0013512 0.0013512 0.001323 0.0012947 0.0012519 0.0012138 0.0012537 0.0013335 0.0013508 0.0013543 0.0013552 0.0013553 0.001355 0.0013528 0.0013519 0.0013514 0.0013512 0.0013514 0.0013514 0.0013515 0.0013519 0.0013525
0.0013539 0.0013541 0.0013546 0.001355 0.0013555 0.0013553 0.0013557 0.0013559 0.0013559 0.0013557 0.0013558 0.0013558 0.0013557 0.0013545 0.0013556 0.0013552 0.0013516 0.0013535 0.0013552 0.0013551 0.0013551 0.0013549 0.0013541 0.001353 0.0013553 0.0013551 0.0013431 0.0013294 0.0013133 0.0012927 0.0012726 0.0012531 0.0012392 0.0012169 0.001153 0.0011729 0.0012258 0.0012724 0.0012789 0.0012686 0.0012835 0.0012859 0.0012836 0.0012891 0.0012998 0.0013107 0.0013233 0.0013291 0.0013286 0.0013118 0.0013162 0.0013271 0.0013283 0.0013517 0.001353 0.0013543 0.0013545 0.001355 0.0013544 0.0013527 0.001353 0.0013514 0.0013517 0.0013512 0.0013514 0.001353 0.0013535 0.0013543 0.0013553 0.0013558 0.0013554 0.0013561 0.0013558 0.0013562 0.0013559 0.0013555 0.0013549 0.0013552 0.0013557 0.0013559 0.0013556 0.0013515 0.0013512 0.0013515 0.0013513 0.0013529 0.0013537 0.0013593 0.0013535 0.001354 0.0013533 0.0013522 0.0013535 0.0013534 0.0013546 0.0013543 0.0013536 0.0013537 0.0013551 0.0013552 0.0013554 0.0013552 0.0013554 0.0013553 0.001355 0.0013538 0.0013495 0.0013526 0.0013534 0.0013491 0.0013531 0.0013524 0.0013549 0.0013553 0.0013554 0.0013554 0.001353 0.0013421 0.0013392 0.0013373 0.0013444 0.0013359 0.0013306 0.0013358 0.0013276 0.0013438 0.0013552 0.0013551 0.0013553 0.0013545 0.0013537 0.0013523 0.0013513 0.0013517 0.0013526 0.0013542 0.0013547 0.0013557 0.0013569 0.0013582 0.0013595 0.0013608 0.0013629 0.0013643 0.0013652 0.0013668 0.0013662 0.0013642 0.0013653 0.0013638 0.0013632 0.0013617 0.0013605 0.0013589 0.001358 0.0013573 0.0013561 0.0013551 0.0013522 0.0013546 0.0013506 0.0013335 0.0013094 0.001307 0.0013296 0.0013521 0.0013547 0.0013553 0.0013554 0.0013551 0.0013532 0.0013522 0.0013514 0.0013512 0.0013515 0.001352 0.0013521 0.0013522 0.0013531 0.0013535
0.0013555 0.001355 0.0013558 0.0013559 0.001356 0.0013559 0.0013561 0.0013565 0.0013566 0.0013563 0.0013561 0.0013563 0.0013563 0.0013561 0.001356 0.0013557 0.001353 0.0013512 0.0013516 0.0013519 0.001353 0.0013537 0.0013552 0.0013553 0.0013545 0.0013469 0.001338 0.0013263 0.0013047 0.0012886 0.0012689 0.0012637 0.0012345 0.0012192 0.0011926 0.0011953 0.0012274 0.0012755 0.0012774 0.001277 0.0012879 0.0012937 0.0013011 0.0013013 0.0013078 0.001315 0.0013224 0.0013304 0.0013265 0.0013012 0.0013266 0.0013313 0.0013337 0.0013421 0.0013454 0.0013489 0.001353 0.0013539 0.0013552 0.0013533 0.0013545 0.0013517 0.0013512 0.0013513 0.0013521 0.0013522 0.0013534 0.001354 0.0013543 0.0013559 0.0013562 0.0013562 0.0013567 0.0013574 0.001357 0.001358 0.0013559 0.0013564 0.001357 0.0013562 0.001356 0.0013551 0.0013524 0.0013537 0.0013514 0.0013512 0.0013526 0.001354 0.0013529 0.0013525 0.0013522 0.0013529 0.0013535 0.001354 0.0013517 0.0013531 0.0013542 0.0013551 0.0013553 0.0013543 0.0013554 0.0013554 0.0013551 0.0013551 0.0013553 0.0013551 0.0013516 0.001352 0.0013537 0.0013516 0.0013504 0.0013497 0.0013549 0.0013554 0.0013553 0.0013553 0.0013511 0.0013431 0.0013478 0.001349 0.0013468 0.0013551 0.0013385 0.001334 0.0013477 0.0013425 0.001353 0.0013545 0.0013549 0.0013537 0.0013522 0.0013512 0.0013514 0.0013525 0.0013535 0.0013547 0.0013559 0.0013575 0.00136 0.0013617 0.001363 0.0013648 0.0013694 0.0013674 0.0013691 0.0013701 0.0013695 0.0013684 0.0013676 0.0013661 0.001364 0.001363 0.001364 0.0013603 0.0013602 0.0013591 0.0013578 0.0013567 0.001354 0.0013516 0.0013541 0.0013554 0.0013543 0.0013538 0.0013525 0.001345 0.0013554 0.0013553 0.0013551 0.0013546 0.0013554 0.0013535 0.0013513 0.001353 0.0013525 0.0013513 0.0013532 0.0013535 0.0013537 0.0013549
0.0013568 0.001353 0.001356 0.0013561 0.0013567 0.0013565 0.0013565 0.0013569 0.0013566 0.0013568 0.0013567 0.0013568 0.0013568 0.0013566 0.001357 0.0013567 0.0013562 0.0013534 0.0013512 0.001354 0.0013532 0.0013533 0.0013528 0.0013536 0.0013534 0.0013421 0.0013338 0.0013205 0.0013106 0.0012783 0.0012609 0.0012454 0.0012224 0.0012017 0.0011846 0.0011901 0.0012224 0.0012686 0.0012849 0.0012894 0.0012969 0.0013042 0.0013072 0.0013106 0.0013053 0.0013141 0.0013138 0.0013076 0.0013063 0.0013129 0.0013263 0.0013355 0.001337 0.0013348 0.0013436 0.0013512 0.0013535 0.0013543 0.001354 0.0013547 0.0013545 0.0013546 0.0013546 0.0013512 0.0013512 0.0013533 0.001354 0.0013543 0.0013547 0.0013558 0.0013568 0.0013585 0.0013585 0.0013585 0.0013582 0.0013595 0.0013588 0.001359 0.0013588 0.001357 0.0013582 0.0013579 0.0013558 0.0013534 0.0013519 0.0013512 0.0013518 0.0013528 0.0013515 0.0013524 0.0013525 0.0013544 0.001353 0.0013531 0.001353 0.0013542 0.0013538 0.0013551 0.0013542 0.0013539 0.0013553 0.0013551 0.0013554 0.0013545 0.001354 0.001353 0.001354 0.0013504 0.0013536 0.0013455 0.0013403 0.0013462 0.0013535 0.0013548 0.0013538 0.00135 0.0013495 0.0013524 0.0013483 0.0013549 0.0013543 0.0013551 0.0013546 0.0013459 0.0013521 0.0013554 0.0013554 0.0013541 0.0013528 0.0013513 0.0013512 0.0013517 0.0013523 0.0013534 0.0013545 0.001356 0.0013579 0.0013607 0.0013628 0.0013642 0.0013667 0.001368 0.0013698 0.0013711 0.0013738 0.001371 0.0013701 0.0013697 0.0013688 0.001365 0.0013662 0.0013651 0.0013637 0.0013617 0.0013599 0.0013614 0.0013608 0.0013592 0.0013577 0.0013563 0.0013542 0.0013523 0.0013516 0.0013513 0.0013528 0.0013554 0.0013527 0.001354 0.0013544 0.0013534 0.0013529 0.0013512 0.0013521 0.0013525 0.0013534 0.0013541 0.0013544 0.0013552 0.0013558 0.0013564
0.0013579 0.0013572 0.0013572 0.0013568 0.0013571 0.0013569 0.0013571 0.0013571 0.001357 0.0013571 0.0013573 0.0013572 0.0013572 0.0013569 0.0013574 0.0013568 0.0013572 0.0013563 0.0013529 0.0013537 0.0013547 0.0013536 0.0013544 0.0013548 0.0013366 0.0013418 0.0013329 0.0013193 0.0012981 0.001269 0.001241 0.0012086 0.0011772 0.0011619 0.0011517 0.001148 0.0011714 0.0012073 0.0012661 0.0012977 0.0013072 0.0013106 0.0013135 0.0013122 0.0012798 0.0012904 0.0013191 0.0013266 0.0013152 0.00131 0.001326 0.0013222 0.0013152 0.0013227 0.001339 0.001351 0.0013539 0.0013549 0.001355 0.0013552 0.0013553 0.0013551 0.0013548 0.0013512 0.0013528 0.0013536 0.0013543 0.0013543 0.0013552 0.0013561 0.0013566 0.001359 0.0013583 0.0013596 0.00136 0.0013611 0.0013609 0.001362 0.0013607 0.0013596 0.0013592 0.0013585 0.0013586 0.0013534 0.0013523 0.0013513 0.0013512 0.0013512 0.0013517 0.0013514 0.0013538 0.0013535 0.0013532 0.0013519 0.0013513 0.0013544 0.0013539 0.0013547 0.0013539 0.0013548 0.0013548 0.0013551 0.0013552 0.0013554 0.0013554 0.0013543 0.0013522 0.0013553 0.0013517 0.0013416 0.0013541 0.0013443 0.0013459 0.0013433 0.0013402 0.0013382 0.0013452 0.0013493 0.0013515 0.0013554 0.0013554 0.0013554 0.0013531 0.0013543 0.001355 0.0013533 0.0013533 0.0013527 0.0013515 0.0013512 0.0013515 0.0013524 0.001353 0.0013543 0.0013554 0.0013576 0.0013596 0.0013627 0.0013653 0.0013675 0.0013685 0.0013699 0.001373 0.0013749 0.001376 0.0013754 0.0013733 0.0013729 0.00137 0.0013695 0.0013676 0.0013632 0.0013653 0.0013633 0.0013628 0.0013625 0.0013615 0.0013602 0.00136 0.0013587 0.0013578 0.0013559 0.0013553 0.0013547 0.0013532 0.0013525 0.0013514 0.0013516 0.0013524 0.0013521 0.0013521 0.0013512 0.0013512 0.0013532 0.0013538 0.0013545 0.0013553 0.0013567 0.0013577 0.0013581
0.0013591 0.0013577 0.0013578 0.001357 0.0013577 0.0013574 0.0013577 0.0013576 0.0013573 0.0013574 0.0013575 0.0013576 0.0013575 0.0013571 0.0013568 0.0013566 0.0013564 0.0013557 0.0013554 0.0013543 0.0013545 0.001355 0.0013553 0.0013529 0.0013435 0.0013433 0.0013338 0.0013206 0.0013015 0.0012538 0.0011969 0.001155 0.0011144 0.00109 0.0010895 0.001109 0.0011295 0.0011359 0.0011901 0.0012592 0.0013031 0.0013185 0.0013204 0.0013189 0.0013145 0.0013073 0.0013137 0.0013201 0.0013256 0.0013375 0.0013144 0.0013081 0.0013012 0.0012925 0.0013204 0.0013433 0.0013534 0.0013546 0.0013549 0.0013548 0.0013552 0.001355 0.0013533 0.0013514 0.0013527 0.0013536 0.0013542 0.0013548 0.0013553 0.0013568 0.0013573 0.0013586 0.0013592 0.001361 0.0013615 0.001363 0.0013643 0.0013639 0.0013636 0.001362 0.0013625 0.0013616 0.0013605 0.0013598 0.0013573 0.0013558 0.0013552 0.0013538 0.001352 0.0013539 0.0013516 0.0013523 0.0013534 0.0013536 0.0013525 0.0013535 0.0013529 0.0013519 0.0013543 0.0013526 0.0013539 0.0013527 0.0013546 0.001352 0.001354 0.0013542 0.0013554 0.0013547 0.0013533 0.001348 0.0013445 0.0013417 0.0013414 0.001335 0.0013353 0.0013352 0.0013408 0.0013529 0.0013529 0.0013543 0.001355 0.0013554 0.0013551 0.0013554 0.0013533 0.0013526 0.0013522 0.001352 0.0013512 0.0013514 0.0013521 0.0013533 0.0013541 0.001355 0.0013575 0.0013597 0.001361 0.0013643 0.0013666 0.0013701 0.0013717 0.0013745 0.0013769 0.0013774 0.0013781 0.0013786 0.0013775 0.001375 0.0013744 0.0013717 0.0013705 0.0013692 0.0013681 0.0013658 0.0013676 0.0013668 0.0013641 0.0013616 0.0013617 0.0013597 0.001358 0.0013572 0.0013552 0.0013545 0.001353 0.0013526 0.0013516 0.0013512 0.0013513 0.0013513 0.0013515 0.0013512 0.0013512 0.001354 0.0013543 0.0013551 0.0013568 0.0013572 0.0013581 0.0013584
0.0013586 0.0013582 0.0013584 0.0013578 0.001355 0.0013579 0.001358 0.0013561 0.0013578 0.0013577 0.0013574 0.0013575 0.001357 0.0013569 0.0013566 0.0013563 0.0013562 0.0013565 0.001355 0.0013521 0.0013554 0.0013551 0.0013553 0.0013538 0.0013534 0.0013453 0.0013388 0.001328 0.0012931 0.0012213 0.0011489 0.0010875 0.0010494 0.0010442 0.0010263 0.0010392 0.0011046 0.0011168 0.0011409 0.0012091 0.0012846 0.00132 0.0013259 0.001324 0.0013128 0.0013166 0.0013087 0.001267 0.0013174 0.00132 0.0013189 0.0013119 0.0012934 0.0012787 0.001297 0.0013285 0.0013483 0.0013527 0.0013542 0.001354 0.0013553 0.0013552 0.0013551 0.0013515 0.0013528 0.001354 0.0013544 0.0013548 0.001356 0.0013572 0.0013587 0.0013601 0.0013604 0.0013627 0.0013641 0.0013649 0.0013656 0.0013663 0.0013663 0.0013677 0.0013639 0.0013639 0.0013632 0.0013625 0.0013607 0.0013563 0.0013576 0.0013556 0.0013529 0.0013526 0.0013518 0.0013512 0.0013513 0.0013514 0.0013516 0.0013527 0.0013535 0.0013538 0.0013517 0.0013525 0.0013521 0.0013528 0.0013521 0.0013547 0.0013513 0.0013551 0.0013554 0.0013554 0.001355 0.0013551 0.0013524 0.0013445 0.0013553 0.0013391 0.0013403 0.0013497 0.0013451 0.0013505 0.0013535 0.0013532 0.001353 0.0013531 0.0013529 0.0013522 0.001352 0.0013517 0.0013514 0.0013512 0.0013513 0.001352 0.0013529 0.0013541 0.0013546 0.0013568 0.0013584 0.001361 0.001363 0.0013649 0.0013689 0.0013697 0.0013761 0.0013787 0.0013797 0.0013797 0.0013797 0.0013802 0.0013783 0.0013778 0.0013759 0.0013772 0.0013735 0.0013727 0.0013701 0.0013696 0.0013687 0.0013679 0.0013665 0.001363 0.0013598 0.0013604 0.0013585 0.0013574 0.0013559 0.0013544 0.001353 0.001353 0.0013521 0.0013516 0.0013514 0.0013512 0.0013512 0.0013518 0.0013552 0.0013544 0.0013548 0.0013551 0.0013567 0.001358 0.0013585 0.0013581
0.0013585 0.0013586 0.0013589 0.0013587 0.0013584 0.0013581 0.0013578 0.001358 0.0013578 0.0013576 0.0013576 0.0013577 0.0013572 0.0013575 0.0013565 0.0013567 0.0013562 0.0013544 0.0013537 0.0013521 0.0013512 0.0013526 0.0013546 0.0013554 0.0013546 0.001351 0.0013465 0.0013307 0.001289 0.0012085 0.0011274 0.0010787 0.0010616 0.0010572 0.0010184 0.0010387 0.0010949 0.0011258 0.0011583 0.0012281 0.0012936 0.0013235 0.0013268 0.0013251 0.0012972 0.0013201 0.0013121 0.0012946 0.0013095 0.0013043 0.0013049 0.0012974 0.0012968 0.0013037 0.0013147 0.0013233 0.0013421 0.0013523 0.0013526 0.0013518 0.001355 0.0013552 0.0013551 0.001352 0.001352 0.0013547 0.0013552 0.0013547 0.0013566 0.001358 0.0013592 0.0013613 0.0013625 0.001364 0.0013658 0.0013673 0.001368 0.0013685 0.0013686 0.0013683 0.0013677 0.0013672 0.0013658 0.0013684 0.0013678 0.0013624 0.0013597 0.0013589 0.0013561 0.0013564 0.0013526 0.0013555 0.0013531 0.0013517 0.001352 0.0013513 0.0013519 0.0013513 0.001353 0.0013515 0.0013537 0.0013537 0.0013532 0.0013534 0.0013518 0.0013554 0.0013551 0.0013549 0.0013547 0.0013553 0.0013551 0.0013554 0.0013513 0.0013533 0.0013544 0.0013554 0.0013523 0.0013548 0.0013526 0.0013532 0.0013528 0.0013528 0.0013514 0.0013513 0.0013512 0.0013513 0.0013512 0.0013513 0.001352 0.0013531 0.0013538 0.0013543 0.0013556 0.0013572 0.0013604 0.0013626 0.0013653 0.0013669 0.0013721 0.0013746 0.0013766 0.0013803 0.0013808 0.0013806 0.0013804 0.0013795 0.00138 0.0013792 0.0013784 0.0013763 0.001375 0.0013754 0.001375 0.0013727 0.0013706 0.0013685 0.0013668 0.0013655 0.0013632 0.0013613 0.0013591 0.0013571 0.0013561 0.0013548 0.0013534 0.0013533 0.0013529 0.0013524 0.0013523 0.0013516 0.0013527 0.0013514 0.0013526 0.0013535 0.0013547 0.0013559 0.0013563 0.0013578 0.0013579 0.0013587
0.0013585 0.0013591 0.0013591 0.0013587 0.0013585 0.0013584 0.0013581 0.0013579 0.0013578 0.0013579 0.0013576 0.0013583 0.0013578 0.0013578 0.0013568 0.0013565 0.0013555 0.0013543 0.0013525 0.0013512 0.0013515 0.0013527 0.0013542 0.0013552 0.0013553 0.0013542 0.0013502 0.0013433 0.0013165 0.0012615 0.0011858 0.0011248 0.0010964 0.0010874 0.0010813 0.0010888 0.0011211 0.0011427 0.0012446 0.0013053 0.0013312 0.0013372 0.0013317 0.0013299 0.0013308 0.0013097 0.0013217 0.001289 0.0013066 0.001308 0.0013029 0.0013097 0.0012779 0.0013056 0.0013313 0.0013262 0.0013335 0.0013488 0.0013532 0.0013554 0.0013553 0.0013554 0.0013551 0.001352 0.001352 0.0013551 0.0013565 0.001357 0.0013579 0.0013593 0.0013616 0.001363 0.0013657 0.0013667 0.0013725 0.0013685 0.0013702 0.0013692 0.0013705 0.0013705 0.0013698 0.0013694 0.0013671 0.0013675 0.0013682 0.0013643 0.0013631 0.0013598 0.001359 0.0013593 0.0013578 0.0013569 0.0013567 0.0013552 0.0013534 0.0013515 0.0013512 0.0013512 0.0013522 0.001353 0.0013543 0.0013535 0.0013512 0.0013528 0.0013512 0.0013526 0.0013517 0.0013524 0.0013554 0.0013552 0.0013543 0.0013522 0.0013552 0.0013534 0.0013517 0.0013515 0.0013522 0.0013529 0.0013526 0.0013518 0.0013516 0.0013516 0.0013514 0.0013523 0.0013513 0.0013513 0.0013514 0.0013524 0.0013533 0.0013538 0.0013535 0.0013555 0.0013557 0.001358 0.0013607 0.0013642 0.0013666 0.0013674 0.0013719 0.0013755 0.0013785 0.0013802 0.0013794 0.0013766 0.0013806 0.0013794 0.0013785 0.0013768 0.0013798 0.0013743 0.0013751 0.0013745 0.0013731 0.0013722 0.0013723 0.0013699 0.0013676 0.0013667 0.0013622 0.0013612 0.001359 0.001357 0.0013551 0.0013546 0.001354 0.0013535 0.0013528 0.0013531 0.0013529 0.0013519 0.0013512 0.0013515 0.0013537 0.001353 0.0013556 0.0013557 0.0013574 0.0013577 0.0013585 0.0013592
0.0013596 0.0013596 0.0013591 0.0013591 0.001359 0.0013587 0.0013584 0.001358 0.0013578 0.0013582 0.0013582 0.0013576 0.0013575 0.0013571 0.0013569 0.0013558 0.0013545 0.0013531 0.0013517 0.0013512 0.0013518 0.0013529 0.0013541 0.0013548 0.0013553 0.0013554 0.0013547 0.0013517 0.0013411 0.0013133 0.0012846 0.0012593 0.0012505 0.001162 0.0011234 0.0011135 0.0011503 0.0012316 0.0012869 0.0013236 0.0013379 0.0013428 0.0013424 0.0013449 0.0013481 0.0013509 0.0013518 0.0013475 0.0013227 0.0013012 0.0012781 0.0013015 0.001331 0.0013286 0.0013291 0.0013391 0.0013534 0.0013506 0.0013532 0.0013554 0.0013551 0.0013536 0.0013523 0.0013512 0.0013521 0.0013557 0.0013563 0.0013582 0.0013596 0.0013614 0.0013625 0.0013658 0.0013672 0.001369 0.0013689 0.0013719 0.0013717 0.0013718 0.0013737 0.0013737 0.0013708 0.0013716 0.0013705 0.0013699 0.0013685 0.0013673 0.0013639 0.0013648 0.0013632 0.0013604 0.0013598 0.001361 0.0013581 0.0013568 0.0013564 0.0013556 0.0013529 0.0013519 0.0013541 0.0013539 0.0013517 0.0013512 0.0013514 0.0013531 0.0013512 0.0013526 0.0013529 0.001353 0.0013512 0.0013526 0.0013549 0.0013516 0.0013527 0.0013534 0.0013515 0.0013524 0.0013535 0.0013516 0.0013515 0.0013512 0.0013513 0.0013512 0.0013514 0.001352 0.001352 0.0013524 0.0013526 0.0013527 0.0013538 0.0013543 0.0013551 0.0013553 0.0013577 0.001359 0.0013631 0.0013656 0.0013682 0.0013712 0.0013726 0.0013756 0.001378 0.0013806 0.0013805 0.0013807 0.0013801 0.0013779 0.0013788 0.001379 0.0013783 0.0013777 0.0013756 0.0013767 0.0013754 0.0013711 0.0013725 0.0013716 0.001369 0.0013657 0.0013613 0.0013597 0.0013586 0.0013561 0.0013549 0.0013544 0.0013542 0.0013539 0.0013538 0.0013537 0.0013536 0.0013531 0.0013524 0.0013513 0.0013521 0.0013539 0.001354 0.0013547 0.0013566 0.0013587 0.0013587 0.0013595
0.0013596 0.0013595 0.0013594 0.0013588 0.0013587 0.0013586 0.0013583 0.0013584 0.0013577 0.0013586 0.0013583 0.0013578 0.0013578 0.0013569 0.0013558 0.0013553 0.0013535 0.0013524 0.0013515 0.0013512 0.0013518 0.0013524 0.0013532 0.0013538 0.0013545 0.001355 0.0013554 0.0013553 0.0013543 0.0013505 0.0013441 0.0013408 0.001341 0.0013398 0.0013011 0.0012903 0.0013197 0.0013316 0.0013341 0.001336 0.0013414 0.001344 0.0013433 0.0013451 0.0013493 0.0013522 0.0013523 0.0013517 0.0013225 0.0013035 0.0013257 0.0013406 0.0013536 0.0013479 0.0013503 0.0013554 0.0013539 0.0013535 0.0013537 0.0013554 0.0013547 0.0013527 0.0013512 0.0013523 0.0013547 0.0013567 0.001358 0.001359 0.0013621 0.0013629 0.0013656 0.0013675 0.0013685 0.0013702 0.0013709 0.0013705 0.001369 0.0013665 0.0013737 0.0013739 0.001373 0.0013739 0.0013721 0.0013717 0.0013699 0.0013691 0.0013686 0.0013675 0.0013658 0.0013642 0.0013627 0.001362 0.0013614 0.0013602 0.0013575 0.001358 0.0013562 0.0013552 0.0013552 0.0013555 0.0013546 0.0013539 0.0013556 0.0013535 0.001352 0.0013532 0.0013515 0.0013516 0.0013526 0.0013512 0.0013516 0.0013512 0.0013512 0.0013513 0.0013514 0.0013529 0.0013514 0.0013512 0.0013512 0.0013514 0.0013514 0.0013517 0.0013525 0.0013519 0.001353 0.0013531 0.0013531 0.0013534 0.0013542 0.0013547 0.0013563 0.0013569 0.0013587 0.0013604 0.0013691 0.0013699 0.0013685 0.0013704 0.0013729 0.0013751 0.0013777 0.0013802 0.0013803 0.0013793 0.0013795 0.0013788 0.0013782 0.0013781 0.0013761 0.0013783 0.0013774 0.0013767 0.0013742 0.0013739 0.0013738 0.0013704 0.0013674 0.0013643 0.0013622 0.0013545 0.0013557 0.0013576 0.0013558 0.0013555 0.001355 0.0013546 0.0013547 0.0013541 0.0013543 0.001354 0.0013537 0.0013527 0.0013531 0.0013536 0.0013543 0.0013561 0.0013565 0.001358 0.0013586 0.0013596
0.0013598 0.0013595 0.0013594 0.0013589 0.0013592 0.0013591 0.0013589 0.0013588 0.0013583 0.0013583 0.0013586 0.0013578 0.0013575 0.0013563 0.0013552 0.0013542 0.0013528 0.0013522 0.0013515 0.0013512 0.0013514 0.0013517 0.0013523 0.001353 0.001354 0.0013545 0.0013549 0.0013552 0.0013553 0.0013554 0.0013552 0.0013547 0.0013541 0.0013533 0.0013517 0.0013523 0.0013528 0.0013524 0.0013484 0.0013449 0.0013442 0.0013475 0.0013468 0.0013407 0.001345 0.0013491 0.0013497 0.0013498 0.0013553 0.0013294 0.0013524 0.0013513 0.0013512 0.0013522 0.0013525 0.0013554 0.0013554 0.0013554 0.0013527 0.0013553 0.0013528 0.0013513 0.001352 0.0013542 0.001355 0.0013581 0.0013601 0.0013623 0.0013628 0.0013663 0.0013667 0.0013683 0.0013702 0.0013707 0.0013713 0.0013717 0.0013726 0.0013744 0.0013754 0.0013752 0.0013753 0.001374 0.0013737 0.0013727 0.0013722 0.0013708 0.0013706 0.001368 0.0013672 0.0013663 0.0013651 0.0013635 0.0013613 0.0013602 0.0013592 0.0013593 0.0013577 0.001358 0.0013579 0.0013572 0.0013549 0.0013562 0.0013537 0.0013543 0.0013935 0.0013575 0.0013519 0.0013537 0.0013529 0.0013516 0.0013513 0.0013516 0.0013514 0.0013513 0.0013512 0.0013517 0.0013515 0.0013517 0.001352 0.0013518 0.0013519 0.0013522 0.0013529 0.0013528 0.0013528 0.0013533 0.0013531 0.0013538 0.0013544 0.0013553 0.0013568 0.0013583 0.0013601 0.0013623 0.0013675 0.001369 0.0013682 0.0013712 0.0013714 0.0013747 0.0013765 0.001378 0.0013792 0.0013792 0.0013783 0.0013786 0.001378 0.0013779 0.0013767 0.0013745 0.0013775 0.0013753 0.001373 0.0013715 0.0013714 0.0013677 0.0013659 0.0013631 0.0013621 0.0013549 0.0013539 0.0013581 0.0013566 0.0013562 0.001356 0.0013556 0.0013557 0.0013553 0.0013546 0.001355 0.0013544 0.0013546 0.0013518 0.001353 0.0013568 0.0013565 0.0013565 0.0013588 0.0013604 0.0013591
0.0013598 0.0013598 0.0013593 0.0013594 0.0013595 0.0013596 0.0013586 0.0013584 0.0013587 0.0013584 0.0013579 0.0013571 0.0013564 0.0013556 0.0013546 0.0013535 0.0013525 0.0013517 0.0013514 0.0013512 0.0013516 0.0013515 0.001352 0.0013528 0.0013531 0.0013537 0.0013542 0.0013546 0.0013549 0.0013551 0.0013553 0.0013554 0.0013552 0.001355 0.001355 0.0013551 0.0013546 0.0013541 0.0013521 0.0013495 0.001348 0.0013485 0.0013494 0.0013505 0.0013489 0.0013522 0.0013547 0.0013553 0.0013528 0.0013518 0.0013512 0.0013512 0.0013516 0.001352 0.0013521 0.0013512 0.0013547 0.0013552 0.0013542 0.0013515 0.0013512 0.0013524 0.0013541 0.0013575 0.0013578 0.0013597 0.0013614 0.0013638 0.0013658 0.0013673 0.0013697 0.0013715 0.0013727 0.0013729 0.001374 0.0013746 0.001375 0.0013732 0.0013789 0.0013804 0.0013756 0.0013753 0.0013761 0.0013707 0.0013738 0.0013723 0.0013699 0.0013692 0.00137 0.0013679 0.0013673 0.0013658 0.0013641 0.0013627 0.0013616 0.0013607 0.0013597 0.0013576 0.0013594 0.0013579 0.0013577 0.0013575 0.0013538 0.0013776 0.0013943 0.0013559 0.0013512 0.0013537 0.0013532 0.0013524 0.0013524 0.0013523 0.0013522 0.0013524 0.001353 0.0013523 0.0013525 0.0013524 0.0013528 0.0013529 0.0013528 0.0013532 0.0013529 0.001353 0.0013534 0.0013534 0.0013532 0.001354 0.0013546 0.0013553 0.0013563 0.0013582 0.0013604 0.0013623 0.0013649 0.0013653 0.0013688 0.00137 0.0013728 0.0013743 0.0013758 0.001377 0.0013791 0.0013785 0.001379 0.0013787 0.001377 0.0013782 0.0013776 0.0013763 0.0013756 0.0013734 0.0013731 0.0013696 0.001366 0.0013667 0.001365 0.0013631 0.0013618 0.0013608 0.0013593 0.0013586 0.0013578 0.0013569 0.0013566 0.0013567 0.0013559 0.0013562 0.0013555 0.0013553 0.0013551 0.0013553 0.0013545 0.0013564 0.0013566 0.0013558 0.0013568 0.0013588 0.0013603 0.0013602
0.0013596 0.0013593 0.00136 0.00136 0.0013598 0.0013595 0.0013591 0.0013585 0.0013582 0.0013572 0.0013575 0.0013569 0.0013558 0.001355 0.0013539 0.0013527 0.0013515 0.0013516 0.0013514 0.0013512 0.0013512 0.0013513 0.0013516 0.001352 0.0013525 0.0013529 0.0013535 0.001354 0.0013543 0.0013547 0.001355 0.0013551 0.0013553 0.0013554 0.0013554 0.0013554 0.0013554 0.0013553 0.0013545 0.0013532 0.001352 0.0013518 0.0013525 0.0013534 0.0013548 0.0013554 0.0013551 0.001354 0.0013525 0.0013514 0.0013512 0.0013515 0.0013518 0.0013524 0.0013528 0.0013533 0.0013515 0.0013512 0.0013522 0.0013522 0.0013561 0.0013574 0.0013587 0.0013595 0.0013608 0.0013625 0.0013654 0.001367 0.0013687 0.0013697 0.0013729 0.001374 0.0013745 0.0013752 0.0013763 0.0013775 0.0013777 0.0013769 0.0013785 0.0013776 0.001376 0.0013773 0.0013761 0.0013769 0.0013749 0.0013773 0.0013758 0.0013721 0.0013714 0.0013687 0.0013689 0.0013675 0.0013656 0.0013648 0.0013628 0.0013614 0.0013618 0.0013646 0.0013599 0.0013596 0.0013577 0.0013577 0.0013564 0.0013553 0.001353 0.0013531 0.0013529 0.0013545 0.0013536 0.0013541 0.0013535 0.0013535 0.001353 0.0013535 0.0013534 0.0013532 0.0013537 0.0013542 0.0013535 0.001354 0.0013536 0.0013533 0.0013528 0.0013531 0.0013534 0.0013531 0.0013531 0.0013539 0.0013544 0.0013549 0.0013567 0.0013584 0.0013599 0.0013616 0.0013615 0.0013641 0.001366 0.0013685 0.0013691 0.0013707 0.0013712 0.001373 0.0013733 0.0013752 0.0013759 0.0013761 0.0013749 0.0013751 0.0013727 0.0013728 0.001373 0.0013727 0.0013694 0.0013669 0.0013658 0.001364 0.0013647 0.0013629 0.0013619 0.0013607 0.0013597 0.0013587 0.001358 0.0013576 0.0013573 0.0013569 0.0013571 0.0013568 0.0013548 0.0013555 0.0013551 0.001356 0.0013558 0.0013558 0.0013563 0.0013577 0.0013592 0.0013593 0.0013602 0.0013604
0.0013609 0.0013606 0.0013598 0.0013589 0.0013592 0.0013578 0.0013582 0.0013585 0.001358 0.0013575 0.0013573 0.0013563 0.0013558 0.0013547 0.0013543 0.0013528 0.0013688 0.0013513 0.0013516 0.0013514 0.0013512 0.0013512 0.0013512 0.0013513 0.0013518 0.0013522 0.0013527 0.0013533 0.0013538 0.0013541 0.0013544 0.0013544 0.0013547 0.0013546 0.0013548 0.0013547 0.001355 0.0013552 0.0013553 0.0013554 0.0013551 0.001355 0.0013547 0.0013549 0.0013554 0.0013551 0.001354 0.0013512 0.0013512 0.0013515 0.0013517 0.0013519 0.0013532 0.0013527 0.0013534 0.0013544 0.0013554 0.0013559 0.0013578 0.0013591 0.0013603 0.0013615 0.0013639 0.0013649 0.0013667 0.0013683 0.001369 0.0013706 0.0013716 0.0013731 0.0013753 0.0013763 0.0013767 0.0013781 0.0013789 0.0013779 0.0013785 0.0013787 0.0013795 0.0013813 0.0013771 0.0013777 0.0013784 0.0013771 0.001379 0.0013763 0.0013736 0.0013733 0.001371 0.001371 0.00137 0.0013693 0.0013676 0.0013659 0.0013634 0.001363 0.0013627 0.0013624 0.0013614 0.0013603 0.0013596 0.0013587 0.0013574 0.0013574 0.001357 0.0013558 0.0013551 0.0013552 0.0013552 0.0013547 0.0013547 0.0013547 0.0013542 0.0013548 0.0013543 0.0013549 0.0013557 0.0013554 0.0013553 0.001355 0.001354 0.0013538 0.0013534 0.0013532 0.0013529 0.001353 0.001354 0.0013546 0.0013547 0.0013551 0.0013564 0.001358 0.0013591 0.0013595 0.0013612 0.0013631 0.0013646 0.0013661 0.0013663 0.0013673 0.0013682 0.0013693 0.0013698 0.0013713 0.0013718 0.0013709 0.0013713 0.0013713 0.0013676 0.001368 0.0013694 0.0013676 0.0013672 0.0013651 0.0013639 0.0013648 0.001362 0.0013631 0.0013624 0.0013598 0.0013589 0.0013587 0.0013583 0.0013584 0.0013574 0.0013575 0.001357 0.0013562 0.0013559 0.0013564 0.0013565 0.0013551 0.0013556 0.0013555 0.001357 0.0013582 0.0013593 0.0013603 0.0013611 0.0013615
0.0013609 0.0013608 0.0013604 0.0013599 0.0013602 0.001359 0.0013582 0.0013579 0.0013578 0.0013578 0.0013567 0.0013559 0.0013559 0.0013549 0.0013542 0.0013539 0.0013518 0.0013521 0.0013517 0.0013516 0.0013514 0.0013513 0.0013512 0.0013512 0.0013513 0.0013515 0.0013519 0.0013523 0.0013523 0.0013528 0.001353 0.0013533 0.0013535 0.0013534 0.0013536 0.0013535 0.0013537 0.0013539 0.0013542 0.0013549 0.0013551 0.0013553 0.0013554 0.0013553 0.001355 0.0013539 0.0013525 0.0013515 0.0013512 0.0013515 0.0013519 0.0013522 0.0013526 0.0013533 0.0013543 0.0013555 0.0013568 0.0013584 0.0013601 0.0013617 0.001365 0.0013661 0.0013671 0.001368 0.0013695 0.0013701 0.0013717 0.0013731 0.001374 0.0013761 0.0013764 0.0013862 0.0013795 0.0013796 0.00138 0.001381 0.0013807 0.0013797 0.00138 0.0013796 0.0013791 0.0013815 0.0013774 0.0013778 0.0013682 0.0013946 0.0013746 0.0013735 0.0013729 0.0013713 0.0013715 0.0013691 0.001368 0.001367 0.0013663 0.0013645 0.0013643 0.0013628 0.001362 0.00136 0.0013601 0.0013595 0.001358 0.0013567 0.0013562 0.0013563 0.0013562 0.0013554 0.0013564 0.0013559 0.0013555 0.0013561 0.0013567 0.0013566 0.0013566 0.0013569 0.0013574 0.0013568 0.0013561 0.0013548 0.0013544 0.0013545 0.0013541 0.0013537 0.0013537 0.0013539 0.0013536 0.0013541 0.0013547 0.001355 0.0013563 0.0013569 0.0013583 0.0013583 0.0013591 0.0013604 0.0013626 0.0013634 0.0013639 0.0013633 0.0013657 0.0013649 0.0013667 0.0013683 0.0013684 0.0013677 0.0013673 0.0013677 0.0013671 0.0013659 0.0013668 0.0013659 0.0013662 0.0013659 0.0013638 0.0013644 0.0013628 0.0013633 0.0013626 0.0013608 0.0013598 0.00136 0.0013588 0.0013584 0.001358 0.0013573 0.0013572 0.0013568 0.0013557 0.0013566 0.0013564 0.0013558 0.0013576 0.0013568 0.0013569 0.0013583 0.0013598 0.0013598 0.0013604 0.0013607
0.0013603 0.0013606 0.0013604 0.0013591 0.00136 0.0013597 0.0013576 0.0013588 0.0013587 0.0013588 0.001358 0.0013572 0.0013564 0.0013558 0.0013548 0.0013537 0.0013539 0.0013531 0.0013527 0.0013523 0.0013519 0.0013516 0.0013513 0.0013512 0.0013512 0.0013512 0.0013512 0.0013512 0.0013513 0.0013515 0.0013516 0.0013519 0.001352 0.0013519 0.0013516 0.0013519 0.001352 0.001352 0.0013525 0.0013532 0.0013535 0.0013538 0.0013538 0.0013529 0.0013524 0.0013515 0.0013512 0.0013512 0.0013516 0.001352 0.0013524 0.0013533 0.0013537 0.0013545 0.0013558 0.0013567 0.0013583 0.0013601 0.0013619 0.0013647 0.0013682 0.0013663 0.001371 0.001372 0.0013724 0.0013734 0.0013751 0.0013763 0.0013768 0.0013768 0.0013789 0.0013786 0.0013795 0.0013811 0.0013815 0.0013816 0.0013806 0.0013823 0.0013833 0.0013824 0.0013803 0.0013798 0.00138 0.0013786 0.001378 0.0013775 0.0013766 0.001376 0.0013746 0.0013719 0.00137 0.0013706 0.0013684 0.0013683 0.0013649 0.0013658 0.0013654 0.0013642 0.001362 0.0013615 0.0013604 0.00136 0.0013596 0.001359 0.001359 0.0013584 0.0013569 0.001357 0.0013572 0.0013576 0.0013583 0.0013585 0.0013584 0.0013585 0.0013575 0.0013583 0.0013582 0.0013582 0.0013565 0.0013559 0.0013556 0.0013552 0.0013542 0.0013544 0.0013539 0.001354 0.0013537 0.0013542 0.0013547 0.0013549 0.0013558 0.0013556 0.0013574 0.0013589 0.0013584 0.0013573 0.0013596 0.0013603 0.00136 0.0013619 0.0013632 0.0013613 0.0013632 0.0013645 0.0013643 0.0013633 0.0013642 0.001364 0.0013641 0.0013641 0.0013639 0.0013644 0.0013642 0.0013633 0.0013632 0.0013638 0.0013633 0.0013621 0.001362 0.0013609 0.0013613 0.00136 0.0013594 0.0013586 0.0013581 0.0013574 0.0013561 0.0013562 0.0013559 0.0013565 0.0013569 0.001357 0.0013576 0.0013575 0.0013579 0.0013584 0.0013594 0.0013606 0.001359 0.00136
0.00136 0.0013601 0.00136 0.0013602 0.0013599 0.0013605 0.0013594 0.0013588 0.0013593 0.001358 0.0013575 0.0013576 0.001357 0.0013561 0.0013553 0.0013548 0.0013542 0.0013538 0.0013534 0.0013528 0.0013523 0.0013522 0.001352 0.0013518 0.0013515 0.0013515 0.0013513 0.0013513 0.0013512 0.0013512 0.0013512 0.0013512 0.0013512 0.0013512 0.0013512 0.0013512 0.0013512 0.0013512 0.0013512 0.0013515 0.0013512 0.0013513 0.0013512 0.0013512 0.0013512 0.0013512 0.0013513 0.0013515 0.0013522 0.0013528 0.0013531 0.0013546 0.0013558 0.0013568 0.0013579 0.0013596 0.0013611 0.0013628 0.0013646 0.001366 0.001369 0.0013719 0.0013732 0.0013743 0.001376 0.0013848 0.0013746 0.0013787 0.0013794 0.0013795 0.0013814 0.001379 0.0013808 0.0013837 0.001385 0.0013843 0.0013835 0.0013839 0.0013818 0.0013826 0.0013813 0.0013813 0.0013803 0.0013806 0.001379 0.0013783 0.0013765 0.0013755 0.0013738 0.0013725 0.0013709 0.0013701 0.0013696 0.001368 0.0013679 0.0013677 0.0013652 0.001364 0.0013637 0.0013622 0.0013617 0.001361 0.0013599 0.0013597 0.0013595 0.0013597 0.0013583 0.001359 0.0013588 0.0013596 0.0013593 0.0013595 0.0013598 0.0013597 0.0013587 0.0013594 0.0013587 0.0013586 0.0013581 0.0013564 0.0013571 0.0013568 0.001354 0.001355 0.0013547 0.0013544 0.0013539 0.0013537 0.001354 0.0013547 0.0013547 0.0013551 0.0013556 0.0013529 0.0013557 0.0013574 0.0013578 0.0013575 0.001359 0.0013599 0.0013605 0.0013586 0.0013612 0.0013617 0.0013618 0.0013602 0.0013613 0.0013611 0.0013618 0.0013623 0.0013618 0.0013624 0.0013618 0.0013611 0.001362 0.0013622 0.0013614 0.0013611 0.0013613 0.0013605 0.00136 0.0013603 0.0013594 0.001359 0.0013586 0.0013567 0.0013577 0.0013574 0.0013565 0.001357 0.0013567 0.0013575 0.0013579 0.0013577 0.0013587 0.0013588 0.0013584 0.0013597 0.0013595 0.0013588
0.0013611 0.0013597 0.0013596 0.0013703 0.00136 0.0013605 0.0013605 0.0013602 0.0013598 0.0013595 0.001359 0.0013579 0.0013578 0.0013568 0.0013565 0.0013562 0.0013556 0.0013552 0.0013542 0.0013533 0.0013523 0.0013532 0.0013529 0.0013526 0.0013525 0.0013524 0.0013521 0.0013522 0.0013521 0.0013519 0.0013519 0.0013517 0.0013517 0.0013516 0.0013515 0.0013514 0.0013514 0.0013514 0.0013514 0.0013514 0.0013513 0.0013514 0.0013514 0.0013515 0.0013518 0.001352 0.0013524 0.0013526 0.0013535 0.0013543 0.0013557 0.0013568 0.0013582 0.0013599 0.001362 0.0013631 0.0013646 0.0013662 0.0013684 0.0013691 0.001371 0.0013734 0.0013757 0.0013779 0.0013778 0.0013783 0.0013813 0.0013808 0.0013805 0.0013804 0.0013819 0.0013809 0.0013825 0.0013824 0.001383 0.0013843 0.0013832 0.0013817 0.0013814 0.0013822 0.0013816 0.0013813 0.0013794 0.0013782 0.0013773 0.001373 0.0013739 0.0013731 0.0013728 0.0013721 0.0013715 0.00137 0.0013682 0.0013675 0.0013682 0.0013644 0.0013639 0.0013641 0.0013635 0.0013626 0.0013624 0.0013615 0.0013607 0.0013607 0.0013608 0.0013605 0.0013603 0.0013604 0.0013602 0.0013599 0.0013605 0.0013602 0.0013609 0.0013602 0.0013599 0.0013595 0.0013594 0.0013584 0.0013592 0.0013583 0.0013575 0.0013572 0.0013571 0.0013562 0.0013557 0.0013552 0.0013545 0.0013543 0.0013541 0.0013541 0.0013542 0.0013547 0.0013551 0.0013551 0.0013557 0.0013565 0.001357 0.0013569 0.0013578 0.0013565 0.0013586 0.0013569 0.0013588 0.0013596 0.0013584 0.0013599 0.0013597 0.0013598 0.0013603 0.0013603 0.00136 0.0013601 0.0013612 0.0013612 0.0013611 0.0013606 0.0013608 0.0013602 0.0013606 0.0013608 0.0013603 0.0013598 0.0013601 0.0013597 0.0013583 0.0013588 0.0013588 0.0013589 0.0013569 0.0013576 0.0013578 0.0013581 0.0013572 0.0013586 0.0013594 0.0013598 0.0013595 0.00136 0.0013602 0.0013604
0.0013608 0.0013623 0.001361 0.001362 0.0013619 0.0013614 0.001361 0.0013613 0.0013588 0.0013598 0.0013592 0.0013592 0.0013593 0.001359 0.0013606 0.0013573 0.001357 0.0013565 0.0013555 0.0013561 0.0013556 0.0013548 0.0013546 0.0013544 0.0013541 0.001354 0.0013533 0.0013535 0.0013534 0.0013532 0.001353 0.0013527 0.0013527 0.0013525 0.0013523 0.001352 0.001352 0.0013521 0.0013519 0.0013519 0.0013519 0.0013521 0.0013524 0.0013527 0.0013531 0.0013536 0.0013541 0.0013548 0.0013555 0.0013565 0.0013575 0.0013578 0.0013604 0.0013629 0.001365 0.0013674 0.0013696 0.0013724 0.0013735 0.0013742 0.0013748 0.0013772 0.0013782 0.0013778 0.0013802 0.0013809 0.0013812 0.0013795 0.0013806 0.0013818 0.0013797 0.0013801 0.0013821 0.0013823 0.0013823 0.0013827 0.0013827 0.0013813 0.0013815 0.001381 0.0013813 0.0013797 0.0013785 0.0013732 0.0013987 0.0014695 0.0013638 0.001371 0.0013724 0.0013708 0.0013714 0.001369 0.0013693 0.0013669 0.0013667 0.0013656 0.0013645 0.0013642 0.001364 0.0013635 0.0013625 0.0013624 0.0013618 0.0013604 0.0013615 0.0013602 0.0013601 0.0013606 0.0013604 0.0013602 0.0013609 0.0013609 0.0013613 0.0013604 0.001359 0.0013592 0.0013605 0.0013592 0.0013588 0.0013596 0.0013591 0.0013584 0.0013581 0.0013565 0.0013564 0.0013551 0.0013554 0.0013548 0.0013547 0.0013538 0.0013544 0.0013543 0.0013543 0.0013545 0.0013551 0.0013549 0.0013555 0.0013558 0.0013553 0.0013562 0.0013569 0.0013567 0.0013575 0.0013577 0.001357 0.0013583 0.0013581 0.0013585 0.0013582 0.0013585 0.001359 0.0013592 0.0013592 0.0013597 0.001358 0.0013599 0.0013596 0.0013605 0.0013603 0.0013602 0.0013593 0.0013592 0.0013603 0.0013602 0.0013591 0.0013603 0.0013602 0.0013583 0.0013595 0.0013586 0.0013598 0.0013596 0.0013592 0.0013594 0.0013595 0.0013603 0.0013591 0.0013593 0.0013611 0.0013581
0.0013626 0.0013625 0.0013632 0.0013627 0.0013623 0.0013637 0.0013629 0.0013623 0.0013628 0.0013622 0.0013604 0.0013608 0.0013614 0.0013599 0.0013603 0.0013595 0.0013595 0.001359 0.0013588 0.0013586 0.001357 0.0013575 0.0013564 0.0013559 0.0013559 0.0013549 0.0013558 0.0013555 0.0013549 0.0013547 0.0013545 0.0013539 0.0013541 0.0013535 0.0013553 0.001353 0.001353 0.0013529 0.0013528 0.0013529 0.0013531 0.0013534 0.001354 0.0013542 0.0013547 0.0013555 0.0013564 0.0013577 0.0013586 0.0013599 0.0013616 0.0013637 0.0013655 0.001368 0.0013707 0.0013732 0.0013762 0.0013784 0.0013808 0.0013831 0.0013839 0.0013834 0.0013816 0.0013807 0.0013808 0.0013808 0.00138 0.0013807 0.0013819 0.001381 0.0013817 0.0013816 0.0013809 0.0013821 0.001382 0.0013811 0.0013805 0.0013784 0.0013815 0.0013804 0.0013797 0.0013785 0.0013755 0.0013745 0.0013742 0.0013719 0.0013714 0.0013717 0.0013709 0.0013713 0.0013698 0.0013686 0.0013684 0.0013669 0.0013664 0.0013652 0.0013646 0.001364 0.0013635 0.0013622 0.0013615 0.0013621 0.0013617 0.0013604 0.0013607 0.0013607 0.0013608 0.0013602 0.0013598 0.0013587 0.0013592 0.0013607 0.0013613 0.0013606 0.0013602 0.0013603 0.0013591 0.0013599 0.0013597 0.0013595 0.0013591 0.001358 0.0013584 0.0013578 0.0013571 0.0013567 0.0013566 0.0013555 0.0013549 0.0013548 0.0013543 0.0013539 0.001354 0.001354 0.0013535 0.0013545 0.0013546 0.0013549 0.0013531 0.0013553 0.0013558 0.0013564 0.0013566 0.0013561 0.0013564 0.0013566 0.0013553 0.0013574 0.0013573 0.0013576 0.0013574 0.0013586 0.0013584 0.0013588 0.0013591 0.001359 0.0013592 0.0013595 0.0013596 0.0013602 0.0013587 0.0013589 0.001359 0.0013598 0.0013596 0.0013596 0.0013608 0.0013607 0.0013608 0.0013601 0.0013608 0.0013602 0.0013612 0.001361 0.0013598 0.0013603 0.0013605 0.001362 0.0013617 0.0013623
0.0013615 0.0013638 0.001364 0.0013633 0.0013637 0.0013639 0.0013635 0.001364 0.0013624 0.0013645 0.0013631 0.0013629 0.0013626 0.0013629 0.001361 0.0013602 0.0013601 0.0013614 0.0013617 0.0013605 0.0013607 0.0013605 0.0013601 0.0013597 0.0013585 0.0013583 0.0013554 0.0013578 0.0013577 0.0013562 0.0013574 0.0013558 0.0013561 0.0013552 0.0013545 0.0013541 0.0013543 0.0013543 0.0013544 0.0013544 0.0013545 0.0013554 0.0013559 0.0013567 0.0013574 0.0013584 0.0013605 0.0013624 0.0013646 0.0013663 0.0013675 0.0013688 0.0013697 0.0013716 0.0013731 0.0013753 0.0013768 0.0013775 0.0013795 0.0013803 0.0013803 0.0013808 0.0013804 0.0013801 0.0013793 0.00138 0.0013803 0.0013805 0.0013795 0.0013808 0.001381 0.0013803 0.0013817 0.0013812 0.0013788 0.0013801 0.0013798 0.0013783 0.0013784 0.0013776 0.0013763 0.0013756 0.0013761 0.0013746 0.0013724 0.0013726 0.0013703 0.0013696 0.0013692 0.0013684 0.0013684 0.0013673 0.0013661 0.0013659 0.0013658 0.0013634 0.0013639 0.0013638 0.0013632 0.0013628 0.0013625 0.0013624 0.0013619 0.0013608 0.001361 0.0013618 0.0013613 0.0013608 0.0013606 0.001361 0.0013587 0.0013591 0.0013602 0.0013601 0.0013605 0.0013601 0.0013595 0.0013598 0.0013596 0.0013586 0.001358 0.0013584 0.0013581 0.001358 0.0013569 0.0013567 0.0013566 0.0013564 0.001356 0.0013556 0.0013552 0.0013546 0.0013545 0.0013541 0.0013537 0.0013533 0.0013537 0.0013544 0.0013549 0.0013547 0.0013549 0.0013549 0.0013552 0.0013552 0.0013553 0.0013554 0.0013557 0.0013561 0.0013561 0.0013559 0.0013566 0.0013562 0.0013568 0.0013576 0.0013582 0.0013586 0.0013583 0.0013589 0.0013606 0.0013599 0.0013594 0.0013594 0.0013594 0.0013603 0.0013603 0.0013609 0.001361 0.0013617 0.0013613 0.0013608 0.0013607 0.0013617 0.0013621 0.0013625 0.001364 0.0013632 0.0013626 0.0013631 0.0013625 0.001362
0.0013642 0.0013653 0.001366 0.0013648 0.0013641 0.0013651 0.0013716 0.0013634 0.0013648 0.001365 0.0013633 0.001364 0.0013644 0.0013636 0.0013649 0.0013652 0.001365 0.001364 0.0013658 0.0013626 0.0013615 0.001363 0.001363 0.0013622 0.0013612 0.0013607 0.0013599 0.001359 0.0013595 0.0013581 0.0013585 0.0013588 0.001359 0.0013574 0.0013585 0.0013586 0.0013574 0.0013575 0.0013577 0.0013579 0.0013574 0.001359 0.0013595 0.0013601 0.0013613 0.0013621 0.0013635 0.0013655 0.0013667 0.0013685 0.0013699 0.001371 0.0013711 0.0013708 0.0013721 0.0013726 0.0013731 0.0013739 0.0013748 0.0013748 0.0013742 0.0013754 0.0013755 0.0013762 0.0013788 0.0013773 0.0013777 0.0013783 0.0013802 0.0013787 0.0013794 0.0013787 0.0013785 0.0013794 0.001378 0.0013768 0.0013769 0.0013775 0.0013766 0.0013753 0.0013744 0.0013741 0.0013733 0.0013721 0.0013709 0.0013705 0.0013697 0.0013694 0.0013686 0.001367 0.0013656 0.0013646 0.0013652 0.0013654 0.0013641 0.001364 0.0013633 0.0013631 0.0013627 0.0013621 0.0013613 0.0013607 0.0013604 0.0013601 0.0013608 0.0013611 0.0013609 0.0013602 0.0013604 0.0013602 0.0013609 0.0013601 0.0013598 0.0013598 0.0013591 0.0013597 0.0013589 0.0013587 0.0013578 0.0013586 0.0013573 0.0013581 0.0013579 0.0013569 0.001357 0.0013569 0.0013567 0.0013567 0.0013563 0.0013557 0.0013554 0.0013555 0.0013551 0.0013549 0.0013544 0.0013545 0.0013541 0.0013539 0.0013537 0.0013535 0.0013532 0.0013531 0.0013534 0.0013536 0.0013539 0.0013543 0.0013548 0.001355 0.0013557 0.0013555 0.0013562 0.0013561 0.0013561 0.0013564 0.0013572 0.0013569 0.0013582 0.0013589 0.0013594 0.0013597 0.00136 0.0013591 0.0013605 0.0013607 0.0013609 0.0013617 0.0013614 0.0013618 0.0013603 0.0013622 0.0013622 0.0013619 0.001361 0.0013626 0.001363 0.0013635 0.0013647 0.0013628 0.001364 0.0013637
0.0013661 0.0013671 0.0013672 0.0013664 0.0013655 0.0013676 0.0013679 0.0013672 0.0013671 0.0013679 0.001369 0.0013674 0.0013677 0.0013661 0.0013695 0.001367 0.0013666 0.0013661 0.0013652 0.0013652 0.0013657 0.0013624 0.0013626 0.0013636 0.0013623 0.0013638 0.0013624 0.0013676 0.0013646 0.0013634 0.0013643 0.0013624 0.0013616 0.001361 0.00136 0.0013608 0.0013599 0.0013603 0.0013607 0.0013619 0.0013625 0.0013632 0.0013637 0.0013642 0.0013653 0.0013661 0.0013666 0.0013672 0.001368 0.001369 0.0013703 0.0013725 0.0013717 0.0013719 0.0013718 0.0013716 0.0013709 0.0013708 0.00137 0.0013709 0.0013716 0.0013723 0.001373 0.0013728 0.0013736 0.0013748 0.0013754 0.0013748 0.0013747 0.0013753 0.0013767 0.0013778 0.0013775 0.0013756 0.0013767 0.0013769 0.0013771 0.0013754 0.0013742 0.0013724 0.0013726 0.0013717 0.0013708 0.0013699 0.0013703 0.0013699 0.0013691 0.0013682 0.0013672 0.0013672 0.001366 0.0013636 0.0013637 0.0013637 0.0013635 0.001362 0.0013622 0.0013621 0.0013616 0.0013618 0.0013612 0.0013612 0.0013607 0.0013593 0.0013603 0.0013603 0.0013596 0.0013593 0.0013592 0.0013587 0.0013593 0.0013594 0.0013599 0.0013597 0.0013592 0.0013597 0.0013598 0.001359 0.001358 0.0013574 0.0013579 0.0013585 0.0013582 0.0013573 0.0013571 0.0013568 0.0013564 0.0013568 0.001356 0.0013559 0.0013556 0.0013553 0.0013555 0.001355 0.0013552 0.0013549 0.0013546 0.0013543 0.0013542 0.0013543 0.0013545 0.0013547 0.0013548 0.0013549 0.001355 0.0013552 0.0013554 0.0013555 0.0013559 0.0013561 0.0013558 0.0013565 0.0013564 0.0013568 0.0013568 0.0013568 0.001358 0.0013585 0.0013589 0.0013586 0.00136 0.0013599 0.0013594 0.0013605 0.0013615 0.0013621 0.0013612 0.0013622 0.0013632 0.0013637 0.0013583 0.0013787 0.0013603 0.0013524 0.0013632 0.0013641 0.0013659 0.0013654 0.0013634 0.0013649
0.0013661 0.0013678 0.0013668 0.0013676 0.0013676 0.0013695 0.001367 0.0013685 0.0013688 0.0013687 0.0013695 0.0013681 0.0013684 0.00137 0.0013684 0.0013693 0.0013692 0.0013663 0.0013676 0.0013683 0.0013674 0.001369 0.0013697 0.0013711 0.0013684 0.0013657 0.0013662 0.0013663 0.0013629 0.001364 0.0013644 0.0013636 0.0013655 0.0013662 0.0013672 0.0013647 0.001364 0.0013642 0.0013629 0.0013647 0.0013644 0.0013651 0.0013665 0.0013663 0.0013662 0.0013654 0.0013667 0.0013674 0.001368 0.0013696 0.0013705 0.0013708 0.0013707 0.001371 0.0013711 0.0013732 0.0013707 0.0013705 0.001371 0.0013713 0.0013726 0.0013734 0.001374 0.0013741 0.0013741 0.0013735 0.001373 0.0013733 0.0013741 0.0013725 0.0013746 0.0013746 0.0013746 0.0013746 0.0013741 0.0013747 0.0013735 0.0013734 0.0013716 0.001372 0.0013707 0.0013705 0.0013693 0.0013716 0.0013686 0.0013674 0.0013666 0.0013658 0.0013656 0.0013656 0.0013646 0.0013643 0.0013637 0.0013629 0.001363 0.0013626 0.0013637 0.0013614 0.0013609 0.0013606 0.0013603 0.0013602 0.0013601 0.0013596 0.0013597 0.0013599 0.0013599 0.0013595 0.0013589 0.0013596 0.0013591 0.0013588 0.0013593 0.0013593 0.0013591 0.0013589 0.0013586 0.0013589 0.001358 0.001358 0.0013579 0.0013577 0.0013571 0.0013581 0.001358 0.0013577 0.0013568 0.0013566 0.0013566 0.0013559 0.0013566 0.0013563 0.0013564 0.001356 0.0013554 0.0013556 0.0013554 0.0013554 0.0013552 0.0013552 0.0013551 0.0013556 0.0013557 0.0013548 0.0013553 0.0013556 0.001356 0.0013561 0.0013558 0.0013558 0.0013561 0.0013565 0.0013568 0.0013569 0.0013573 0.0013573 0.0013576 0.0013585 0.0013589 0.0013594 0.0013594 0.0013602 0.0013603 0.0013612 0.0013616 0.0013614 0.0013616 0.001362 0.0013626 0.0013633 0.0013633 0.0013641 0.0013634 0.0013666 0.0013669 0.0013673 0.0013674 0.0013673 0.0013666 0.0013655
0.0013693 0.0013673 0.0013638 0.0013623 0.0013643 0.0013685 0.0013669 0.0013616 0.001362 0.0013677 0.0013693 0.0013693 0.0013698 0.0013691 0.001369 0.0013663 0.0013622 0.0013628 0.0013616 0.0013661 0.0013632 0.0013648 0.0013712 0.0013763 0.0013688 0.0013661 0.0013659 0.001368 0.0013669 0.0013667 0.0013665 0.0013666 0.0013674 0.001366 0.0013617 0.0013657 0.0013644 0.0013655 0.0013651 0.0013646 0.0013669 0.0013665 0.0013653 0.0013653 0.0013665 0.0013676 0.0013682 0.0013687 0.0013694 0.0013698 0.0013701 0.0013707 0.0013685 0.0013717 0.0013721 0.0013729 0.0013733 0.0013732 0.0013732 0.0013733 0.0013739 0.0013635 0.0013638 0.0013697 0.0013718 0.0013714 0.0013712 0.0013717 0.0013705 0.0013704 0.0013714 0.0013717 0.0013717 0.0013718 0.001371 0.0013712 0.0013707 0.0013708 0.0013714 0.001371 0.0013701 0.0013684 0.0013681 0.0013676 0.0013675 0.0013665 0.0013648 0.0013645 0.0013655 0.0013648 0.0013649 0.0013643 0.0013632 0.0013621 0.0013618 0.0013623 0.0013623 0.001362 0.0013614 0.001361 0.0013608 0.0013607 0.0013602 0.001361 0.0013601 0.0013599 0.0013599 0.0013597 0.0013596 0.0013595 0.0013595 0.0013593 0.0013589 0.0013582 0.0013582 0.0013582 0.0013587 0.0013579 0.001358 0.0013571 0.0013575 0.0013578 0.0013579 0.001358 0.0013579 0.0013581 0.0013578 0.0013575 0.0013572 0.0013568 0.0013571 0.0013566 0.0013563 0.0013558 0.0013538 0.0013553 0.0013561 0.0013562 0.0013564 0.0013562 0.0013558 0.0013559 0.0013559 0.0013559 0.001356 0.0013558 0.0013563 0.0013559 0.0013562 0.0013558 0.0013564 0.0013568 0.0013567 0.0013571 0.0013576 0.0013578 0.0013581 0.0013583 0.001358 0.0013587 0.001359 0.0013597 0.0013607 0.0013613 0.0013616 0.0013616 0.0013622 0.0013632 0.0013633 0.0013628 0.0013639 0.001363 0.0013637 0.0013647 0.0013644 0.0013673 0.0013689 0.0013685 0.0013673 0.0013684
0.001365 0.0013633 0.0013633 0.0013647 0.001365 0.0013644 0.0013638 0.0013637 0.0013642 0.001364 0.0013642 0.0013621 0.0013654 0.0013647 0.0013651 0.0013664 0.0013663 0.0013669 0.0013669 0.0013661 0.0013658 0.0013675 0.0013672 0.0013676 0.0013684 0.001369 0.0013677 0.0013645 0.0013655 0.001364 0.0013647 0.0013653 0.0013658 0.0013659 0.0013653 0.0013662 0.0013656 0.001367 0.0013668 0.0013667 0.0013669 0.0013673 0.0013673 0.0013666 0.0013657 0.001366 0.0013666 0.0013671 0.0013675 0.0013687 0.0013699 0.0013692 0.0013698 0.0013704 0.0013711 0.0013712 0.0013706 0.0013715 0.0013726 0.0013725 0.0013732 0.0013736 0.0013734 0.0013737 0.0013728 0.0013728 0.001374 0.001373 0.0013714 0.0013705 0.0013695 0.001369 0.0013678 0.0013683 0.0013684 0.001366 0.0013654 0.001366 0.0013674 0.0013676 0.001366 0.0013668 0.0013645 0.0013588 0.001362 0.0013661 0.0013541 0.0013556 0.0013625 0.001352 0.0013543 0.0013588 0.0013558 0.0013531 0.0013573 0.0013523 0.001353 0.0013581 0.0013556 0.0013532 0.0013539 0.0013546 0.0013556 0.0013591 0.0013596 0.0013588 0.0013593 0.0013594 0.0013596 0.0013593 0.0013592 0.0013591 0.001359 0.0013589 0.0013584 0.0013586 0.0013584 0.0013583 0.0013581 0.0013563 0.0013617 0.0013561 0.0013577 0.0013575 0.0013573 0.0013576 0.0013573 0.0013571 0.0013572 0.0013572 0.0013573 0.0013574 0.0013572 0.0013573 0.0013572 0.0013572 0.0013574 0.0013574 0.001357 0.0013571 0.0013569 0.0013566 0.001356 0.0013562 0.0013563 0.0013556 0.001355 0.0013551 0.0013555 0.001356 0.0013563 0.001356 0.0013568 0.0013572 0.0013573 0.001358 0.0013577 0.0013584 0.0013582 0.0013584 0.0013588 0.0013596 0.0013599 0.0013608 0.001361 0.0013617 0.0013613 0.0013612 0.0013618 0.0013633 0.0013632 0.0013636 0.0013637 0.0013644 0.0013646 0.0013639 0.0013638 0.0013657 0.0013657 0.0013654
0.0013553 0.0013554 0.0013557 0.0013561 0.0013557 0.0013557 0.0013559 0.0013558 0.0013559 0.0013561 0.0013563 0.0013565 0.0013567 0.001357 0.0013573 0.0013575 0.0013576 0.0013579 0.0013579 0.0013581 0.0013582 0.0013585 0.0013587 0.0013592 0.0013595 0.0013603 0.0013613 0.0013625 0.0013624 0.0013634 0.0013645 0.0013633 0.0013635 0.0013659 0.0013597 0.0013597 0.0013578 0.0013606 0.001355 0.0013561 0.001358 0.0013591 0.0013642 0.0013643 0.0013646 0.0013656 0.0013667 0.0013661 0.0013636 0.001363 0.0013574 0.001357 0.0013554 0.0013572 0.0013625 0.0013583 0.0013574 0.0013573 0.0013573 0.0013584 0.0013658 0.0013633 0.0013642 0.0013642 0.0013652 0.001366 0.0013673 0.0013626 0.0013607 0.0013577 0.0013578 0.0013579 0.0013541 0.0013559 0.0013544 0.0013526 0.0013518 0.0013526 0.0013517 0.0013512 0.0013512 0.0013514 0.0013513 0.0013517 0.0013517 0.0013515 0.0013523 0.0013524 0.0013523 0.0013528 0.0013524 0.0013519 0.0013532 0.0013532 0.001352 0.0013528 0.0013527 0.0013537 0.0013537 0.0013535 0.001352 0.0013516 0.0013517 0.0013517 0.0013517 0.0013514 0.0013525 0.0013514 0.0013517 0.0013555 0.0013551 0.0013518 0.0013529 0.0013574 0.0013547 0.0013554 0.0013535 0.0013543 0.0013563 0.0013526 0.0013528 0.0013524 0.0013528 0.001353 0.0013546 0.0013573 0.0013535 0.0013541 0.0013541 0.001354 0.0013545 0.0013544 0.0013544 0.0013546 0.0013547 0.0013549 0.0013556 0.0013564 0.0013573 0.0013573 0.0013573 0.0013573 0.0013574 0.0013571 0.0013573 0.0013568 0.0013569 0.0013571 0.0013573 0.0013578 0.0013578 0.0013581 0.0013582 0.0013585 0.0013584 0.0013583 0.0013583 0.0013587 0.0013588 0.0013584 0.0013585 0.0013588 0.0013591 0.0013591 0.0013591 0.0013591 0.0013588 0.0013585 0.0013584 0.0013576 0.0013569 0.001357 0.0013569 0.0013568 0.0013567 0.0013563 0.0013558 0.0013554 0.0013554 0.0013553
0.0013529 0.0013529 0.0013529 0.0013529 0.0013529 0.0013529 0.0013529 0.001353 0.0013531 0.0013532 0.0013533 0.0013535 0.0013536 0.0013538 0.0013539 0.0013542 0.0013544 0.0013545 0.001355 0.001355 0.0013553 0.0013554 0.0013554 0.0013554 0.0013553 0.0013549 0.001356 0.0013558 0.0013553 0.001352 0.0013516 0.0013512 0.0013518 0.0013522 0.0013512 0.0013516 0.0013512 0.0013512 0.0013512 0.0013512 0.0013512 0.0013512 0.0013514 0.0013517 0.0013517 0.0013513 0.0013513 0.0013514 0.0013513 0.0013512 0.0013512 0.0013514 0.0013521 0.0013525 0.0013513 0.0013515 0.0013512 0.0013512 0.0013512 0.0013512 0.0013512 0.0013528 0.0013525 0.0013581 0.0013598 0.0013619 0.0013638 0.0013651 0.0013648 0.0013608 0.0013579 0.001355 0.0013532 0.0013522 0.0013518 0.0013513 0.0013512 0.0013512 0.0013513 0.0013514 0.0013515 0.0013517 0.0013518 0.001352 0.0013523 0.0013525 0.0013527 0.0013529 0.0013531 0.0013531 0.0013531 0.0013531 0.0013532 0.0013533 0.0013535 0.0013536 0.0013538 0.0013539 0.001354 0.0013541 0.0013542 0.0013543 0.0013545 0.0013546 0.0013546 0.0013547 0.0013547 0.0013548 0.0013547 0.0013542 0.0013534 0.0013525 0.0013527 0.0013523 0.0013531 0.0013524 0.0013517 0.0013515 0.0013518 0.0013523 0.0013525 0.0013524 0.0013515 0.001352 0.0013518 0.0013523 0.0013519 0.0013517 0.001352 0.0013518 0.0013524 0.0013523 0.0013518 0.0013513 0.0013515 0.0013516 0.0013514 0.0013519 0.0013516 0.0013515 0.0013512 0.0013513 0.0013515 0.0013518 0.001354 0.0013537 0.0013558 0.0013574 0.0013577 0.0013574 0.0013571 0.0013569 0.0013569 0.001357 0.0013575 0.0013577 0.0013575 0.0013574 0.0013568 0.0013565 0.0013563 0.0013562 0.001356 0.0013557 0.0013555 0.0013553 0.001355 0.0013547 0.0013546 0.0013544 0.0013542 0.0013541 0.0013539 0.0013538 0.0013537 0.0013535 0.0013533 0.0013531 0.001353 0.0013529
0.0013542 0.0013534 0.0013541 0.0013551 0.0013557 0.0013577 0.0013512 0.0013512 0.0013512 0.0013516 0.0013514 0.0013512 0.0013512 0.0013513 0.0013512 0.0013512 0.0013524 0.0013533 0.0013535 0.0013534 0.0013534 0.0013523 0.0013512 0.0013516 0.0013516 0.0013513 0.0013514 0.0013512 0.0013513 0.0013512 0.0013512 0.0013541 0.0013538 0.0013523 0.0013537 0.0013542 0.0013542 0.0013543 0.0013542 0.001354 0.0013541 0.0013535 0.0013539 0.0013542 0.0013541 0.0013544 0.0013546 0.0013546 0.0013546 0.001354 0.001354 0.0013541 0.0013538 0.0013527 0.0013529 0.0013534 0.0013533 0.0013532 0.0013529 0.0013526 0.0013525 0.0013527 0.0013521 0.0013525 0.0013527 0.0013527 0.0013517 0.0013517 0.0013512 0.0013513 0.0013516 0.0013529 0.001352 0.0013519 0.0013518 0.0013522 0.0013529 0.0013539 0.0013544 0.0013546 0.0013552 0.0013555 0.0013531 0.0013516 0.0013512 0.0013513 0.0013512 0.0013512 0.0013512 0.0013517 0.0013534 0.0013531 0.0013521 0.001353 0.0013531 0.0013528 0.0013531 0.0013533 0.0013539 0.0013542 0.0013543 0.0013539 0.0013544 0.0013546 0.0013547 0.0013548 0.0013549 0.0013549 0.001355 0.0013551 0.0013551 0.0013551 0.0013551 0.001355 0.001355 0.0013549 0.0013549 0.0013548 0.0013548 0.0013548 0.0013547 0.0013546 0.0013546 0.0013547 0.0013547 0.0013547 0.0013547 0.0013547 0.0013547 0.0013547 0.0013547 0.0013547 0.0013548 0.0013547 0.0013546 0.0013546 0.0013542 0.0013543 0.0013544 0.0013535 0.0013545 0.0013545 0.0013545 0.0013529 0.0013528 0.0013526 0.0013521 0.0013512 0.001352 0.0013529 0.0013523 0.0013529 0.0013516 0.0013514 0.0013512 0.0013514 0.0013514 0.0013512 0.0013513 0.0013514 0.0013514 0.0013512 0.0013512 0.0013522 0.0013517 0.0013518 0.0013527 0.0013552 0.0013537 0.0013558 0.001354 0.0013528 0.0013522 0.0013517 0.0013523 0.0013533 0.0013541 0.0013524 0.0013525 0.0013528
0.0013554 0.0013552 0.0013553 0.0013552 0.001355 0.0013552 0.0013552 0.0013552 0.0013554 0.0013554 0.0013554 0.0013554 0.0013554 0.0013554 0.0013554 0.0013554 0.0013554 0.0013554 0.0013554 0.0013554 0.0013554 0.0013554 0.0013554 0.0013552 0.0013552 0.0013552 0.0013553 0.0013553 0.0013554 0.0013554 0.0013554 0.0013553 0.0013551 0.0013552 0.0013551 0.0013548 0.0013545 0.0013545 0.0013544 0.0013545 0.0013548 0.0013547 0.001355 0.0013549 0.0013547 0.0013542 0.0013541 0.0013539 0.0013542 0.0013544 0.0013544 0.0013544 0.0013545 0.0013546 0.001355 0.0013553 0.0013553 0.0013554 0.0013554 0.0013554 0.0013554 0.0013553 0.0013553 0.0013552 0.0013552 0.0013552 0.0013552 0.0013552 0.0013553 0.0013553 0.0013553 0.0013546 0.0013544 0.0013547 0.0013548 0.001355 0.0013547 0.001355 0.001355 0.0013548 0.0013551 0.0013553 0.0013553 0.0013553 0.0013552 0.0013553 0.0013552 0.0013549 0.0013552 0.001355 0.0013553 0.0013554 0.0013553 0.0013554 0.0013554 0.0013554 0.0013554 0.0013554 0.0013554 0.0013554 0.0013554 0.0013553 0.0013553 0.0013554 0.0013554 0.0013552 0.0013551 0.001355 0.0013549 0.0013549 0.0013548 0.001355 0.0013548 0.0013549 0.0013549 0.001355 0.001355 0.0013551 0.0013551 0.0013554 0.0013549 0.001355 0.0013551 0.0013552 0.0013554 0.0013554 0.0013553 0.0013552 0.0013553 0.0013553 0.0013554 0.0013553 0.0013549 0.001355 0.001355 0.0013549 0.0013549 0.0013551 0.0013553 0.0013553 0.0013553 0.0013553 0.0013554 0.0013553 0.0013554 0.0013554 0.0013554 0.0013554 0.0013553 0.001355 0.0013552 0.0013551 0.0013553 0.0013552 0.0013549 0.0013549 0.001355 0.0013554 0.0013554 0.0013554 0.0013554 0.0013553 0.0013553 0.0013551 0.0013551 0.001355 0.0013552 0.0013553 0.0013553 0.0013552 0.0013553 0.0013551 0.001355 0.001355 0.001355 0.0013549 0.0013551 0.001355 0.0013548 0.0013552
0.0013527 0.0013525 0.0013527 0.001353 0.001353 0.0013519 0.0013518 0.0013512 0.0013511 0.0013511 0.0013511 0.0013509 0.0013509 0.0013509 0.0013509 0.0013508 0.0013507 0.0013505 0.0013506 0.0013506 0.0013504 0.0013505 0.0013508 0.0013506 0.0013506 0.0013507 0.0013504 0.00135 0.0013497 0.0013493 0.0013491 0.0013489 0.0013488 0.0013486 0.0013485 0.0013483 0.0013482 0.0013481 0.0013481 0.0013479 0.0013479 0.0013479 0.0013478 0.0013478 0.0013477 0.0013477 0.0013477 0.0013477 0.0013477 0.0013478 0.0013481 0.0013482 0.0013485 0.0013489 0.0013492 0.0013496 0.0013498 0.00135 0.0013503 0.0013503 0.0013502 0.0013505 0.0013505 0.0013506 0.0013508 0.001351 0.0013511 0.0013512 0.0013512 0.0013513 0.0013514 0.0013514 0.0013516 0.0013518 0.001352 0.0013521 0.0013522 0.0013523 0.0013526 0.0013527 0.0013526 0.0013526 0.0013526 0.0013527 0.0013526 0.0013528 0.0013528 0.0013527 0.0013527 0.0013527 0.0013527 0.001353 0.0013533 0.0013531 0.0013529 0.0013526 0.0013524 0.0013527 0.0013534 0.0013535 0.0013532 0.0013526 0.0013525 0.0013524 0.0013523 0.0013521 0.001352 0.0013518 0.0013517 0.0013515 0.0013515 0.0013514 0.0013512 0.0013511 0.001351 0.0013509 0.0013509 0.0013508 0.0013507 0.0013506 0.0013507 0.0013507 0.0013506 0.0013507 0.0013509 0.0013507 0.0013507 0.0013505 0.0013503 0.0013502 0.0013502 0.0013501 0.00135 0.0013499 0.0013497 0.0013495 0.0013492 0.001349 0.0013488 0.0013486 0.0013485 0.0013484 0.0013484 0.0013484 0.0013484 0.0013483 0.0013484 0.0013486 0.0013486 0.0013487 0.0013489 0.0013491 0.0013493 0.0013495 0.0013499 0.0013501 0.0013504 0.0013507 0.0013505 0.0013501 0.0013502 0.0013503 0.0013504 0.0013504 0.0013502 0.0013504 0.0013505 0.0013505 0.0013507 0.0013508 0.0013511 0.0013513 0.0013514 0.0013516 0.0013517 0.0013519 0.0013521 0.0013522 0.0013523 0.0013525
