-3.3183e-07 -3.3439e-07 -3.3689e-07 -3.3762e-07 -3.3759e-07 -3.3718e-07 -3.3697e-07 -3.3768e-07 -3.392e-07 -3.4075e-07 -3.4561e-07 -3.4688e-07 -3.4625e-07 -3.4747e-07 -3.4946e-07 -3.492e-07 -3.4881e-07 -3.4789e-07 -3.4759e-07 -3.4906e-07 -3.4942e-07 -3.4804e-07 -3.4775e-07 -3.4839e-07 -3.4902e-07 -3.492e-07 -3.4946e-07 -3.4943e-07 -3.4884e-07 -3.4914e-07 -3.4812e-07 -3.4593e-07 -3.472e-07 -3.4835e-07 -3.465e-07 -3.4795e-07 -3.4902e-07 -3.4941e-07 -3.494e-07 -3.4902e-07 -3.4848e-07 -3.4731e-07 -3.4603e-07 -3.4543e-07 -3.4489e-07 -3.4495e-07 -3.4471e-07 -3.4497e-07 -3.4475e-07 -3.4431e-07 -3.4357e-07 -3.4343e-07 -3.4247e-07 -3.4211e-07 -3.4208e-07 -3.4201e-07 -3.3918e-07 -3.3808e-07 -3.3708e-07 -3.3721e-07 -3.364e-07 -3.3553e-07 -3.355e-07 -3.3379e-07 -3.3461e-07 -3.361e-07 -3.3659e-07 -3.3021e-07 -3.2714e-07 -3.2794e-07 -3.2443e-07 -3.2389e-07 -3.2378e-07 -3.2409e-07 -3.2139e-07 -3.1957e-07 -3.1868e-07 -3.1794e-07 -3.1688e-07 -3.1727e-07 -3.1614e-07 -3.1774e-07 -3.1805e-07 -3.1689e-07 -3.1831e-07 -3.1891e-07 -3.1862e-07 -3.1809e-07 -3.1778e-07 -3.1826e-07 -3.1918e-07 -3.2125e-07 -3.2207e-07 -3.2235e-07 -3.2265e-07 -3.2329e-07 -3.2276e-07 -3.2349e-07 -3.2416e-07 -3.2405e-07 -3.2263e-07 -3.2241e-07 -3.2174e-07 -3.2148e-07 -3.2242e-07 -3.2282e-07 -3.2327e-07 -3.2396e-07 -3.2443e-07 -3.2476e-07 -3.2535e-07 -3.2427e-07 -3.2226e-07 -3.2371e-07 -3.2673e-07 -3.2863e-07 -3.279e-07 -3.2776e-07 -3.283e-07 -3.2946e-07 -3.3049e-07 -3.3109e-07 -3.3162e-07 -3.3296e-07 -3.3468e-07 -3.3619e-07 -3.3625e-07 -3.3743e-07 -3.3859e-07 -3.3925e-07 -3.3984e-07 -3.4022e-07 -3.4065e-07 -3.4114e-07 -3.4145e-07 -3.4235e-07 -3.425e-07 -3.4246e-07 -3.4239e-07 -3.4266e-07 -3.4098e-07 -3.4127e-07 -3.4046e-07 -3.3909e-07 -3.3981e-07 -3.3967e-07 -3.393e-07 -3.3815e-07 -3.3659e-07 -3.3523e-07 -3.3496e-07 -3.3424e-07 -3.3414e-07 -3.3205e-07 -3.3073e-07 -3.299e-07 -3.2918e-07 -3.2822e-07 -3.2786e-07 -3.2837e-07 -3.2799e-07 -3.2751e-07 -3.2704e-07 -3.2575e-07 -3.2547e-07 -3.2491e-07 -3.255e-07 -3.2609e-07 -3.2658e-07 -3.2711e-07 -3.2801e-07 -3.2903e-07 -3.2925e-07 -3.2966e-07 -3.2983e-07 -3.3066e-07 -3.3109e-07 -3.3126e-07 -3.3133e-07 -3.3189e-07
-2.9602e-07 -2.8856e-07 -2.8497e-07 -2.7244e-07 -2.7546e-07 -2.694e-07 -2.792e-07 -2.8048e-07 -2.8286e-07 -2.9087e-07 -2.913e-07 -2.9225e-07 -3.007e-07 -3.0972e-07 -3.1362e-07 -3.1467e-07 -3.1327e-07 -3.1255e-07 -3.1291e-07 -3.1591e-07 -3.1622e-07 -3.129e-07 -3.0307e-07 -2.9997e-07 -3.0202e-07 -3.0631e-07 -3.0606e-07 -3.1361e-07 -3.0797e-07 -3.1914e-07 -3.0163e-07 -3e-07 -3.1204e-07 -3.131e-07 -3.1361e-07 -3.1336e-07 -3.1541e-07 -3.1801e-07 -3.1653e-07 -3.1773e-07 -3.2092e-07 -3.1786e-07 -3.2028e-07 -3.2181e-07 -3.2384e-07 -3.2497e-07 -3.2529e-07 -3.2888e-07 -3.3126e-07 -3.3392e-07 -3.3988e-07 -3.3325e-07 -3.411e-07 -3.4787e-07 -3.4739e-07 -3.4832e-07 -3.4936e-07 -3.493e-07 -3.4882e-07 -3.4854e-07 -3.4947e-07 -3.4051e-07 -3.4316e-07 -3.3251e-07 -3.2856e-07 -3.2738e-07 -3.2371e-07 -3.2123e-07 -3.1947e-07 -3.1777e-07 -3.1378e-07 -3.1099e-07 -3.1584e-07 -3.1436e-07 -2.9112e-07 -2.8565e-07 -2.7782e-07 -2.6722e-07 -2.634e-07 -2.8232e-07 -2.4625e-07 -2.1985e-07 -2.1792e-07 -2.0328e-07 -1.9883e-07 -1.9979e-07 -2.0394e-07 -2.085e-07 -2.1389e-07 -2.179e-07 -2.2345e-07 -2.2478e-07 -2.27e-07 -2.2664e-07 -2.2776e-07 -2.8003e-07 -2.6867e-07 -2.8852e-07 -2.738e-07 -2.9557e-07 -2.9521e-07 -2.9551e-07 -3.0352e-07 -3.0459e-07 -3.0798e-07 -3.1487e-07 -3.1945e-07 -3.2946e-07 -3.343e-07 -3.3692e-07 -3.2944e-07 -3.2884e-07 -3.3093e-07 -3.3223e-07 -3.3331e-07 -3.3308e-07 -3.3564e-07 -3.3731e-07 -3.4026e-07 -3.4041e-07 -3.4284e-07 -3.4458e-07 -3.4485e-07 -3.4613e-07 -3.4761e-07 -3.4736e-07 -3.4758e-07 -3.4863e-07 -3.4927e-07 -3.4913e-07 -3.4945e-07 -3.4947e-07 -3.4948e-07 -3.4933e-07 -3.4805e-07 -3.4545e-07 -3.4295e-07 -3.3768e-07 -3.4046e-07 -3.4578e-07 -3.4839e-07 -3.4886e-07 -3.491e-07 -3.4928e-07 -3.4945e-07 -3.4943e-07 -3.4947e-07 -3.4655e-07 -3.4579e-07 -3.4537e-07 -3.4537e-07 -3.4575e-07 -3.4669e-07 -3.4658e-07 -3.4639e-07 -3.4657e-07 -3.4777e-07 -3.4908e-07 -3.4947e-07 -3.4946e-07 -3.4936e-07 -3.489e-07 -3.4777e-07 -3.4719e-07 -3.4449e-07 -3.4169e-07 -3.3779e-07 -3.3551e-07 -3.2814e-07 -3.2559e-07 -3.1389e-07 -3.1362e-07 -3.1219e-07 -3.1308e-07 -3.0671e-07 -3.154e-07 -3.3162e-07 -3.2467e-07 -2.9734e-07 -2.7804e-07
-3.3544e-07 -3.347e-07 -3.334e-07 -3.3297e-07 -3.3243e-07 -3.3267e-07 -3.3177e-07 -3.2945e-07 -3.2942e-07 -3.2975e-07 -3.2975e-07 -3.2953e-07 -3.2851e-07 -3.2426e-07 -3.2796e-07 -3.315e-07 -3.3097e-07 -3.2471e-07 -3.2535e-07 -3.2522e-07 -3.2503e-07 -3.2421e-07 -3.2245e-07 -3.218e-07 -3.228e-07 -3.2263e-07 -3.2015e-07 -3.1325e-07 -3.0869e-07 -2.9749e-07 -2.6582e-07 -2.6274e-07 -2.6498e-07 -2.6517e-07 -2.6072e-07 -2.7661e-07 -2.5491e-07 -2.668e-07 -2.7269e-07 -2.7891e-07 -2.5591e-07 -2.241e-07 -2.3013e-07 -2.2799e-07 -2.5306e-07 -2.5709e-07 -2.6816e-07 -2.7845e-07 -2.868e-07 -2.9504e-07 -2.9247e-07 -3.0246e-07 -3.0391e-07 -3.0653e-07 -2.8562e-07 -2.7786e-07 -3.024e-07 -3.1561e-07 -3.1231e-07 -2.8198e-07 -2.9724e-07 -3.4583e-07 -3.4813e-07 -3.4741e-07 -3.4458e-07 -3.4188e-07 -3.4628e-07 -3.4409e-07 -3.4475e-07 -3.4938e-07 -3.4916e-07 -3.4946e-07 -3.4559e-07 -3.4324e-07 -3.4473e-07 -3.3515e-07 -3.4632e-07 -3.4946e-07 -3.4704e-07 -3.4921e-07 -3.472e-07 -3.4564e-07 -3.4716e-07 -3.4747e-07 -3.4895e-07 -3.4688e-07 -3.4533e-07 -3.4097e-07 -3.4057e-07 -3.4428e-07 -3.3973e-07 -3.4028e-07 -3.438e-07 -3.4279e-07 -3.4263e-07 -3.4307e-07 -3.4365e-07 -3.4502e-07 -3.4595e-07 -3.4792e-07 -3.4738e-07 -3.4897e-07 -3.4829e-07 -3.4125e-07 -3.4377e-07 -3.4501e-07 -3.4567e-07 -3.4528e-07 -3.4615e-07 -3.4465e-07 -3.4186e-07 -3.3981e-07 -3.3802e-07 -3.3502e-07 -3.4347e-07 -3.4148e-07 -3.3709e-07 -3.3602e-07 -3.3907e-07 -3.4216e-07 -3.4255e-07 -3.4133e-07 -3.4e-07 -3.3616e-07 -3.3108e-07 -3.2645e-07 -3.2635e-07 -3.2999e-07 -3.2988e-07 -3.3273e-07 -3.3491e-07 -3.364e-07 -3.3812e-07 -3.3765e-07 -3.3641e-07 -3.3172e-07 -2.9381e-07 -1.6443e-07 -1.0768e-07 -1.4465e-07 -2.2914e-07 -2.6098e-07 -2.7249e-07 -2.6888e-07 -3.087e-07 -3.2415e-07 -3.2993e-07 -3.3553e-07 -3.3305e-07 -3.297e-07 -3.354e-07 -3.341e-07 -3.3147e-07 -3.2342e-07 -3.1253e-07 -3.0857e-07 -3.0645e-07 -3.0488e-07 -3.0767e-07 -3.0775e-07 -3.0881e-07 -3.1981e-07 -3.2829e-07 -3.3211e-07 -3.3356e-07 -3.287e-07 -3.2462e-07 -3.1962e-07 -3.1041e-07 -2.958e-07 -3.1478e-07 -3.1065e-07 -3.1336e-07 -3.1669e-07 -3.2143e-07 -3.2435e-07 -3.2689e-07 -3.2765e-07 -3.3347e-07 -3.3551e-07
-3.301e-07 -3.2884e-07 -3.2773e-07 -3.2671e-07 -3.2634e-07 -3.2603e-07 -3.2516e-07 -3.2416e-07 -3.2288e-07 -3.2166e-07 -3.2029e-07 -3.1852e-07 -3.1646e-07 -3.1493e-07 -3.1571e-07 -3.1523e-07 -3.1384e-07 -3.1126e-07 -3.0877e-07 -3.0686e-07 -3.0471e-07 -3.0197e-07 -2.9921e-07 -2.9592e-07 -2.9193e-07 -2.8678e-07 -2.8251e-07 -2.7679e-07 -2.6624e-07 -2.53e-07 -2.6056e-07 -2.7648e-07 -2.7899e-07 -2.8466e-07 -2.7421e-07 -2.6277e-07 -2.6421e-07 -2.6856e-07 -2.6206e-07 -2.5588e-07 -2.8103e-07 -2.8074e-07 -2.7891e-07 -2.7797e-07 -2.7564e-07 -2.7275e-07 -2.7555e-07 -2.1854e-07 -2.0531e-07 -1.9603e-07 -2.0842e-07 -2.0685e-07 -2.1699e-07 -2.1708e-07 -2.1392e-07 -2.1927e-07 -2.2642e-07 -1.8924e-07 -1.7779e-07 -1.7809e-07 -2.3873e-07 -1.9642e-07 -2.0889e-07 -2.2389e-07 -1.7921e-07 -2.1915e-07 -2.1707e-07 -2.2076e-07 -1.6624e-07 -2.1378e-07 -1.7314e-07 -1.3761e-07 -1.1043e-07 -1.089e-07 -1.3419e-07 -1.5786e-07 -1.5266e-07 -1.5507e-07 -1.5628e-07 -1.4051e-07 -1.4451e-07 -1.5013e-07 -1.7333e-07 -1.6826e-07 -1.6495e-07 -1.7703e-07 -1.8634e-07 -1.892e-07 -1.8181e-07 -1.8413e-07 -2.2091e-07 -2.2298e-07 -2.1049e-07 -1.5682e-07 -2.2029e-07 -2.3053e-07 -2.4259e-07 -2.4818e-07 -2.4507e-07 -2.6051e-07 -2.366e-07 -2.9115e-07 -2.7602e-07 -2.9983e-07 -2.6172e-07 -2.3428e-07 -2.2732e-07 -2.5527e-07 -2.676e-07 -2.6441e-07 -2.5925e-07 -2.4428e-07 -2.1386e-07 -2.0295e-07 -1.9132e-07 -1.9271e-07 -2.4623e-07 -2.4415e-07 -2.5182e-07 -2.5314e-07 -2.6102e-07 -2.6092e-07 -2.9256e-07 -2.9933e-07 -2.9376e-07 -2.8839e-07 -2.8868e-07 -3.0072e-07 -3.0134e-07 -2.8887e-07 -2.9508e-07 -2.9406e-07 -2.7885e-07 -2.7731e-07 -2.5667e-07 -1.8511e-07 -6.9282e-08 -8.2473e-08 -7.8526e-08 -8.1911e-08 -7.9224e-08 -2.4209e-07 -2.547e-07 -2.4854e-07 -2.5241e-07 -2.3739e-07 -2.4201e-07 -2.509e-07 -2.5375e-07 -2.5416e-07 -2.6025e-07 -2.7242e-07 -2.827e-07 -2.8754e-07 -2.9184e-07 -3.0393e-07 -3.0884e-07 -3.0541e-07 -2.7898e-07 -2.4101e-07 -1.7987e-07 -1.3946e-07 -1.9294e-07 -2.5993e-07 -3.2445e-07 -3.243e-07 -3.3895e-07 -3.4158e-07 -3.4238e-07 -3.428e-07 -3.391e-07 -3.292e-07 -2.9242e-07 -2.9324e-07 -3.1564e-07 -3.2831e-07 -3.3269e-07 -3.3414e-07 -3.3307e-07 -3.3147e-07
-3.0987e-07 -3.0449e-07 -3.0427e-07 -2.9221e-07 -3.1228e-07 -3.0702e-07 -3.0354e-07 -2.9968e-07 -2.9532e-07 -2.9022e-07 -2.849e-07 -2.7799e-07 -2.6127e-07 -2.5722e-07 -2.7888e-07 -2.8015e-07 -2.7693e-07 -2.7227e-07 -2.6616e-07 -2.6056e-07 -2.552e-07 -2.5024e-07 -2.4816e-07 -2.4363e-07 -2.3933e-07 -2.3317e-07 -2.2502e-07 -2.2118e-07 -2.1804e-07 -2.1373e-07 -2.0806e-07 -1.8706e-07 -1.919e-07 -1.8834e-07 -1.7271e-07 -1.7927e-07 -2.0823e-07 -2.0289e-07 -2.0645e-07 -2.0322e-07 -1.7853e-07 -1.9921e-07 -2.3843e-07 -2.317e-07 -2.5056e-07 -2.6547e-07 -2.5856e-07 -2.3951e-07 -2.332e-07 -2.4672e-07 -2.2892e-07 -2.4066e-07 -2.1299e-07 -9.017e-08 -1.3064e-07 -1.0214e-07 -6.3766e-08 -1.3946e-07 -7.0361e-08 -8.681e-08 -1.3718e-07 -1.191e-07 -1.0843e-07 -1.1406e-07 -1.1404e-07 -1.2211e-07 -1.1382e-07 -1.1234e-07 -1.2472e-07 -1.3838e-07 -1.2212e-07 -1.4716e-07 -1.7363e-07 -1.7e-07 -1.6635e-07 -1.6366e-07 -1.7213e-07 -1.7184e-07 -1.7554e-07 -1.7101e-07 -1.0273e-07 -1.838e-07 -2.0641e-07 -2.1276e-07 -2.1602e-07 -2.1315e-07 -2.15e-07 -2.1349e-07 -2.1698e-07 -2.1818e-07 -2.2011e-07 -2.1712e-07 -2.3027e-07 -2.5132e-07 -2.7214e-07 -2.9898e-07 -3.3808e-07 -3.488e-07 -3.325e-07 -3.25e-07 -2.9115e-07 -2.5838e-07 -2.6424e-07 -2.5137e-07 -2.1529e-07 -1.8837e-07 -1.6877e-07 -1.3427e-07 -1.3973e-07 -1.5707e-07 -1.8811e-07 -1.4378e-07 -1.2694e-07 -1.0716e-07 -1.0898e-07 -9.6368e-08 -9.1566e-08 -7.8174e-08 -8.2066e-08 -8.2749e-08 -8.6348e-08 -7.936e-08 -8.9099e-08 -1.0069e-07 -1.0293e-07 -9.1749e-08 -1.5838e-07 -1.5297e-07 -1.4185e-07 -1.3055e-07 -1.2108e-07 -8.5003e-08 -7.5709e-08 -6.0685e-08 -5.4391e-08 -5.8163e-08 -6.3177e-08 -1.5936e-07 -2.6714e-07 -2.869e-07 -2.9105e-07 -2.9451e-07 -2.959e-07 -2.7951e-07 -2.7069e-07 -2.6868e-07 -2.7494e-07 -2.5891e-07 -2.4828e-07 -2.3812e-07 -2.2195e-07 -2.1055e-07 -1.9492e-07 -2.2479e-07 -2.1018e-07 -1.7963e-07 -1.5851e-07 -2.0323e-07 -2.2242e-07 -2.166e-07 -1.4744e-07 -1.7222e-07 -2.1627e-07 -2.1742e-07 -1.9849e-07 -2.0375e-07 -1.4787e-07 -2.3245e-07 -3.0728e-07 -3.2893e-07 -3.2861e-07 -3.1952e-07 -3.0796e-07 -2.8647e-07 -2.5431e-07 -3.1541e-07 -3.0668e-07 -3.0659e-07 -3.2024e-07 -3.1624e-07
-2.8144e-07 -2.7671e-07 -2.7562e-07 -2.6437e-07 -2.6616e-07 -2.7033e-07 -2.6996e-07 -2.6595e-07 -2.6394e-07 -2.4262e-07 -2.5752e-07 -2.4777e-07 -2.4123e-07 -2.3807e-07 -2.2818e-07 -2.1313e-07 -2.2718e-07 -1.9853e-07 -2.3654e-07 -2.0305e-07 -2.1832e-07 -2.138e-07 -2.1712e-07 -1.5251e-07 -8.8381e-08 -2.3153e-07 -1.7275e-07 -9.8952e-08 -1.3353e-07 -1.186e-07 -1.2887e-07 -1.2825e-07 -1.3237e-07 -1.2962e-07 -1.2252e-07 -1.1894e-07 -1.186e-07 -1.2089e-07 -1.3565e-07 -1.412e-07 -1.3992e-07 -1.7273e-07 -8.2285e-08 -6.5926e-08 -2.0537e-07 -1.8083e-07 -1.8287e-07 -2.0087e-07 -2.0711e-07 -1.6165e-07 -1.2119e-07 -1.7645e-07 -6.6864e-08 -1.0097e-07 -9.0567e-08 -5.8608e-08 -2.0401e-08 -2.0386e-07 -1.1042e-07 -1.8455e-07 -7.7896e-08 -1.147e-07 -2.0431e-07 -1.4193e-07 -1.403e-07 -9.3311e-08 -8.7731e-08 -9.8395e-08 -1.0261e-07 -1.085e-07 -1.1543e-07 -1.1154e-07 -1.1484e-07 -1.1321e-07 -1.1749e-07 -1.2275e-07 -1.1869e-07 -1.1201e-07 -1.1805e-07 -1.499e-07 -1.3552e-07 -1.1037e-07 -1.5209e-07 -1.5746e-07 -1.5397e-07 -1.2147e-07 -1.7221e-07 -1.4618e-07 -1.6995e-07 -1.6552e-07 -1.5757e-07 -1.7454e-07 -1.8301e-07 -2.2091e-07 -3.0223e-07 -3.0197e-07 -3.2932e-07 -2.9717e-07 -2.4432e-07 -2.0868e-07 -2.1873e-07 -1.8402e-07 -1.7748e-07 -1.6737e-07 -1.5647e-07 -1.2375e-07 -1.5047e-07 -1.3239e-07 -1.689e-07 -1.2891e-07 -1.9105e-07 -1.4914e-07 -1.7327e-07 -1.7311e-07 -2.1969e-07 -2.321e-07 -1.3265e-07 -1.0635e-07 -6.4716e-08 -5.6781e-08 -4.8521e-08 -5.0754e-08 -4.6895e-08 -4.9682e-08 -4.2677e-08 -4.8026e-08 -5.4408e-08 -4.6429e-08 -4.9755e-08 -4.32e-08 -5.3005e-08 -5.5989e-08 -4.2811e-08 -4.6039e-08 -4.5425e-08 -4.4892e-08 -3.4404e-08 -3.2026e-08 -4.2642e-08 -4.2826e-08 -4.3311e-08 -3.667e-08 -8.5996e-08 -1.4625e-07 -1.1571e-07 -1.9505e-07 -2.5636e-07 -2.5571e-07 -2.5505e-07 -2.6592e-07 -2.5934e-07 -2.4754e-07 -1.9561e-07 -2.3426e-08 -4.9124e-08 -1.8588e-07 -2.1207e-07 -1.3662e-07 -2.8037e-07 -2.7697e-07 -2.0668e-07 -2.6964e-07 -2.9629e-07 -3.0684e-07 -3.1186e-07 -3.0336e-07 -3.1338e-07 -2.7928e-07 -3.0105e-07 -3.0404e-07 -3.0306e-07 -2.9797e-07 -2.8605e-07 -3.1007e-07 -3.1595e-07 -3.0714e-07 -2.9889e-07 -2.8994e-07 -2.8957e-07 -2.881e-07
-1.9113e-07 -2.2493e-07 -2.3474e-07 -2.3801e-07 -2.4794e-07 -2.1559e-07 -2.209e-07 -1.7633e-07 -1.8287e-07 -1.7777e-07 -1.82e-07 -1.795e-07 -1.3163e-07 -1.581e-07 -1.6546e-07 -1.5841e-07 -1.4485e-07 -1.4647e-07 -1.282e-07 -1.4651e-07 -1.5498e-07 -1.4783e-07 -1.5519e-07 -1.389e-07 -1.4952e-07 -1.308e-07 -1.0131e-07 -8.9843e-08 -1.1287e-07 -9.7251e-08 -1.0189e-07 -9.7623e-08 -9.688e-08 -9.7515e-08 -9.8097e-08 -9.5773e-08 -1.0139e-07 -9.7867e-08 -1.009e-07 -1.0063e-07 -1.0308e-07 -9.9482e-08 -1.1087e-07 -1.3148e-07 -1.4091e-07 -1.7104e-07 -2.3584e-07 -1.4272e-07 -2.4697e-07 -2.1555e-07 -1.046e-07 -1.3671e-07 -1.5982e-07 -2.2825e-07 -2.1116e-07 -1.8299e-07 -1.5775e-07 -1.6076e-07 -1.4342e-07 -1.501e-07 -1.0828e-07 -8.091e-08 -1.0648e-07 -9.766e-08 -6.9836e-08 -6.5983e-08 -7.0243e-08 -6.4686e-08 -6.4753e-08 -7.0745e-08 -7.6362e-08 -7.8891e-08 -8.7357e-08 -8.53e-08 -9.0995e-08 -9.1626e-08 -9.6008e-08 -1.1113e-07 -1.4154e-07 -1.3815e-07 -1.4831e-07 -1.6829e-07 -1.767e-07 -1.9693e-07 -1.6487e-07 -1.3785e-07 -1.5777e-07 -1.5321e-07 -1.8058e-07 -1.641e-07 -1.6186e-07 -1.699e-07 -2.1525e-07 -2.3412e-07 -2.4879e-07 -2.67e-07 -3.0857e-07 -3.3253e-07 -2.3892e-07 -8.0904e-08 -2.8065e-08 -3.3574e-09 -9.2461e-10 -1.7753e-07 -1.4079e-07 -1.599e-07 -1.5511e-07 -1.2893e-07 -1.6671e-07 -1.2051e-07 -1.5876e-07 -1.6393e-07 -1.734e-07 -1.0859e-07 -5.5647e-08 -8.4175e-08 -1.6522e-07 -1.8393e-07 -2.3624e-07 -2.6182e-07 -2.7218e-07 -3.0554e-07 -3.1544e-07 -2.6903e-07 -1.8857e-07 -1.2644e-07 -8.5446e-08 -8.8575e-08 -1.0331e-07 -1.3307e-07 -2.1046e-07 -1.1076e-07 -8.0366e-08 -1.9387e-07 -1.149e-07 -8.3112e-08 -3.9236e-08 -5.3759e-08 -8.8887e-08 -1.028e-07 -1.5506e-07 -1.5254e-07 -1.8013e-07 -1.1109e-07 -2.8543e-08 -3.5732e-08 -5.9993e-08 -7.8348e-08 -1.7236e-07 -1.6919e-07 -1.617e-07 -2.5839e-07 -1.7413e-07 -1.3161e-07 -1.307e-07 -2.3938e-07 -2.7729e-07 -2.6831e-07 -2.8872e-07 -2.8463e-07 -2.7518e-07 -2.901e-07 -2.9073e-07 -2.6647e-07 -2.7874e-07 -2.8324e-07 -2.7067e-07 -2.5973e-07 -2.545e-07 -2.5683e-07 -2.6697e-07 -2.5688e-07 -2.3231e-07 -2.6754e-07 -2.6521e-07 -2.5871e-07 -2.3622e-07 -2.1701e-07 -2.0499e-07 -2.28e-07
-1.6322e-07 -1.4928e-07 -1.8055e-07 -1.6193e-07 -1.845e-07 -1.8703e-07 -1.7118e-07 -6.6221e-08 -1.4159e-07 -1.5296e-07 -2.0539e-08 2.2053e-08 -1.2366e-07 -1.056e-07 -1.0351e-07 -8.6738e-08 -1.1788e-07 -1.0106e-07 -1.0084e-07 -1.262e-07 -1.2566e-07 -9.1024e-08 -9.1256e-08 -6.8353e-08 -8.9794e-08 -7.9016e-08 -7.2241e-08 -6.8486e-08 -7.2532e-08 -7.7199e-08 -7.6682e-08 -7.9611e-08 -7.4041e-08 -7.9301e-08 -1.3912e-07 -8.9072e-08 -8.824e-08 -9.0846e-08 -9.4915e-08 -9.5708e-08 -1.0384e-07 -1.1121e-07 -1.1002e-07 -1.0883e-07 -1.028e-07 -9.4759e-08 -1.0665e-07 -1.1933e-07 -1.4602e-07 -1.6164e-07 -1.4444e-07 -2.1375e-07 -2.314e-07 -1.8635e-07 -1.1395e-07 -1.0218e-07 -1.1272e-07 -6.4719e-08 -4.3327e-08 -3.8819e-08 -3.4118e-08 -3.6844e-08 -4.4286e-08 -5.1726e-08 -5.6258e-08 -5.728e-08 -6.2303e-08 -9.2729e-08 -6.4111e-08 -8.0078e-08 -1.0229e-07 -1.2406e-07 -1.2902e-07 -1.5238e-07 -1.6028e-07 -1.4994e-07 -1.6273e-07 -1.3794e-07 -1.62e-07 -1.5877e-07 -1.4935e-07 -1.4241e-07 -1.2874e-07 -1.5682e-07 -1.0919e-07 -1.4354e-07 -1.442e-07 -1.2188e-07 -1.4642e-07 -1.4648e-07 -1.5936e-07 -1.9851e-07 -2.142e-07 -1.7549e-07 -1.5614e-07 -1.5322e-07 -1.5234e-07 -1.512e-07 -1.4173e-07 -1.5967e-07 -1.8162e-07 -1.6739e-07 -1.6673e-07 -1.7392e-07 -1.33e-07 -1.252e-07 -1.2443e-07 -1.4569e-07 -1.5077e-07 -1.6605e-07 -1.7754e-07 -1.9874e-07 -2.5059e-07 -2.2082e-07 -2.092e-07 -2.6748e-07 -2.2577e-07 -2.4213e-07 -2.6537e-07 -2.4862e-07 -2.7344e-07 -2.7978e-07 -2.0193e-07 -1.5899e-07 -1.8089e-07 -1.6844e-07 -2.5182e-08 -2.3171e-07 -2.0953e-07 -2.0824e-07 -1.9299e-07 -1.2265e-07 -1.3905e-07 -1.5941e-07 -1.6806e-07 -1.9225e-07 -1.5051e-07 -2.6815e-07 -2.9983e-07 -3.2684e-07 -3.306e-07 -2.8895e-07 -7.1786e-09 -2.8958e-08 -1.3188e-08 -1.8389e-07 -9.0789e-08 -1.7262e-07 -6.8503e-08 -2.4766e-08 -4.6172e-08 -5.73e-08 -6.8531e-08 -6.4879e-08 -4.7508e-08 -2.0227e-07 -3.0622e-07 -3.0912e-07 -3.1022e-07 -3.0927e-07 -3.1094e-07 -2.991e-07 -2.3554e-07 -2.4788e-07 -2.2581e-07 -2.8846e-07 -2.8212e-07 -2.643e-07 -2.5614e-07 -2.5696e-07 -2.4903e-07 -2.4832e-07 -2.4452e-07 -2.1687e-07 -2.1542e-07 -2.0566e-07 -1.8883e-07 -1.9502e-07 -1.8788e-07 -1.8054e-07
-6.1342e-09 -1.659e-07 -7.4857e-08 -7.6312e-08 -9.3815e-08 -1.3732e-07 -2.9039e-08 -7.5927e-08 -7.2454e-08 -7.5121e-08 -1.3729e-07 -1.8357e-07 -1.9661e-08 -1.4418e-07 -1.0259e-07 -7.5996e-08 -8.2523e-08 -8.3534e-08 -9.3023e-08 -1.1052e-07 -1.3199e-07 -1.7778e-07 -3.3534e-08 -2.0273e-07 -1.716e-07 -5.0886e-08 -8.88e-08 -9.2033e-08 -8.8114e-08 -8.0184e-08 -7.6912e-08 -7.7436e-08 -6.2336e-08 -1.1491e-07 -1.2158e-07 -1.6769e-07 -1.3789e-07 -8.6005e-08 -1.0269e-07 -9.4642e-08 -9.4876e-08 -9.0229e-08 -1.0348e-07 -9.6241e-08 -9.1064e-08 -9.1605e-08 -9.0259e-08 -1.2532e-07 -3.7827e-08 6.6361e-08 6.5452e-08 7.7346e-08 7.3845e-08 -1.186e-07 -4.6908e-08 -4.6908e-08 -2.3e-08 -1.6493e-08 -1.3615e-08 -1.0727e-08 -9.815e-09 -1.3199e-08 -2.2241e-08 -3.533e-08 -3.0255e-08 -8.6073e-08 -6.4732e-08 -3.8151e-08 -3.5179e-08 -3.537e-08 -4.3564e-08 -8.3109e-08 -1.1353e-07 -9.4163e-08 -1.153e-07 -1.3329e-07 -1.4483e-07 -1.2843e-07 -9.818e-08 -1.512e-07 -1.4999e-07 -1.4902e-07 -1.434e-07 -9.7745e-08 -1.2193e-07 -8.6031e-08 -6.4613e-08 -7.0848e-08 -8.8402e-08 -8.0774e-08 -1.3296e-07 -1.382e-07 -1.8625e-07 -1.3526e-07 -1.3891e-07 -1.2421e-07 -9.9174e-08 -9.5807e-08 -9.6595e-08 -1.0033e-07 -9.4573e-08 -9.3595e-08 -8.0845e-08 -8.8687e-08 -1.0105e-07 -1.111e-07 -9.0652e-08 -1.5597e-07 -1.6599e-07 -1.8575e-07 -2.38e-07 -2.7544e-07 -2.483e-07 -1.9698e-07 -1.3904e-07 -1.7817e-07 -1.514e-07 -1.674e-07 -1.535e-07 -1.9989e-07 -1.8219e-07 -2.3017e-07 -2.5254e-07 -2.6052e-07 -2.2397e-07 -2.2814e-07 -1.8706e-07 -1.8364e-07 -1.4755e-07 -1.5233e-07 -1.5825e-07 -1.423e-07 -1.3634e-07 -1.2309e-07 -1.0902e-07 -1.0647e-07 -1.0911e-07 -8.9065e-08 -1.3829e-07 -1.8698e-07 -1.2643e-07 -2.8906e-07 -2.7461e-07 -2.0655e-07 -1.934e-07 -1.8507e-07 -1.7501e-07 -1.3393e-07 -1.1863e-08 -8.1857e-08 -1.1901e-07 -2.2299e-07 -1.1765e-07 -6.2247e-08 -1.9546e-08 -9.912e-10 -8.1604e-08 -2.1844e-07 -3.0526e-07 -2.6879e-07 -2.9094e-07 -2.6301e-07 -2.0699e-07 -1.9123e-07 -2.7269e-07 -2.4296e-07 -1.8973e-07 -1.7161e-07 -1.9034e-07 -1.3962e-07 -2.5353e-08 -6.2441e-08 -1.1847e-07 -1.3799e-07 -1.3539e-07 -1.4335e-07 -1.1957e-07 -1.4599e-07 -1.3803e-07 -1.6868e-08
-3.3331e-08 -2.8271e-08 -1.3956e-08 -5.5518e-09 3.9284e-09 2.5617e-08 4.1601e-08 3.2674e-08 3.3959e-08 3.6261e-08 3.5771e-08 -5.3773e-08 -1.4452e-07 -1.8473e-07 -2.5811e-07 -2.5638e-07 -1.7999e-07 -1.5893e-07 -5.395e-09 -1.2785e-07 -1.1706e-07 -1.4117e-07 -1.6881e-07 -1.578e-07 7.494e-08 -6.6294e-08 -7.5915e-08 -7.2603e-08 -8.9096e-08 -1.1952e-07 -1.0736e-07 -1.208e-07 -1.2244e-07 -9.4916e-08 -1.0686e-07 -1.1257e-07 -1.2319e-07 -7.8673e-08 -1.017e-07 -9.8478e-08 -7.9974e-08 -1.0318e-07 -8.2699e-08 -9.6436e-08 -8.9419e-08 -8.4329e-08 -1.2386e-07 -1.4992e-07 -1.4147e-07 -4.4809e-10 6.8776e-08 5.959e-08 8.434e-08 -1.5138e-07 -2.9079e-08 -9.698e-09 -2.836e-09 4.9404e-09 -4.7286e-09 -1.8986e-09 7.552e-09 -3.6685e-08 -5.504e-08 -3.8045e-08 -2.1809e-08 -1.2148e-08 1.0335e-09 -3.154e-08 -2.9545e-08 -1.556e-07 -1.1621e-07 -8.7918e-08 -1.098e-07 -8.5442e-08 -1.2842e-07 -9.5988e-08 -1.2248e-07 -1.8783e-07 -2.1325e-07 -2.3007e-07 -2.4024e-07 -1.1165e-07 -1.2306e-07 -1.2572e-07 -9.8275e-08 -9.6555e-08 -7.5323e-08 -1.047e-07 -6.4865e-08 -8.9873e-08 -1.4687e-08 -3.1751e-08 -9.3083e-08 -7.9987e-08 -8.1721e-08 -1.0581e-07 -1.1668e-07 -1.9756e-07 -1.1905e-07 -7.9642e-08 -5.719e-08 -9.8856e-08 -9.2052e-08 -9.0742e-08 -9.4237e-08 -8.7156e-08 -1.3707e-07 -2.4401e-07 -2.109e-07 -1.6968e-07 -1.6463e-07 -1.4973e-07 -1.4818e-07 -1.2372e-07 -1.2025e-07 -1.3282e-07 -9.6171e-08 -1.2172e-07 -1.0404e-07 -9.1575e-08 -1.029e-07 -7.3424e-08 -6.8979e-08 -9.8832e-08 -5.7368e-08 -1.2582e-07 -2.0631e-07 -1.7955e-07 -9.4348e-09 -9.9692e-09 -1.5099e-07 -1.2516e-07 -1.5163e-07 -2.7504e-07 -1.9158e-07 -1.6754e-07 -1.549e-07 -2.0409e-07 -2.4623e-07 -2.0755e-07 -1.3726e-07 -2.2168e-07 -1.0748e-07 -9.7714e-08 -5.7618e-08 -5.3121e-08 -5.8415e-08 -1.0122e-07 -9.9573e-08 -7.0262e-08 -3.3294e-08 -4.7894e-08 -1.3283e-08 -4.0007e-08 5.7869e-08 7.4776e-08 6.7773e-08 3.0575e-08 -1.1958e-08 -5.3171e-08 -1.6695e-08 -4.4208e-08 -7.4021e-08 -2.6321e-08 -1.5245e-09 -1.0985e-08 -1.1742e-08 -3.5575e-08 -5.6361e-08 1.7207e-08 -4.7319e-08 -3.9237e-09 -1.9257e-08 -1.4357e-08 -9.034e-08 -9.057e-08 -8.2104e-08 -6.6581e-08 -1.196e-07 -3.076e-08
-1.2149e-07 -1.1266e-07 -6.3279e-08 -2.7004e-08 -8.7858e-08 8.3509e-08 7.313e-08 3.2851e-08 5.025e-08 4.6707e-08 4.0924e-08 1.7053e-08 -6.7333e-08 -4.9974e-08 -1.0429e-07 -6.5626e-08 -2.3036e-07 -2.0963e-07 -1.5307e-07 -1.0027e-07 -5.0271e-08 -8.2845e-08 -1.1239e-07 -1.1574e-07 -1.5053e-07 -4.8606e-08 -9.3214e-08 -6.9791e-08 -1.2486e-07 -2.5813e-08 -1.7124e-07 -1.6053e-07 -1.7211e-07 -1.3582e-07 -1.2971e-07 -1.1678e-07 -7.9669e-08 -7.575e-08 -6.1455e-08 -6.1579e-08 -4.813e-08 -6.169e-08 -6.5947e-08 -5.7433e-08 -5.6132e-08 4.1085e-08 -8.4197e-08 -4.1503e-08 -4.0096e-08 -4.3306e-08 -3.6585e-08 -1.7787e-08 -1.7016e-08 -2.3893e-09 1.0917e-10 -8.1396e-09 -3.3609e-09 -1.8875e-11 -2.8237e-08 -2.8578e-08 -5.5968e-08 -2.7202e-09 -8.3706e-09 1.2356e-08 -6.9462e-09 -3.6194e-08 -1.23e-07 -1.189e-07 -1.1127e-07 -1.1225e-07 -1.1972e-07 -9.5525e-08 -1.0367e-07 -7.5986e-08 -6.0326e-08 -2.9804e-08 -4.8769e-08 -1.3792e-07 -2.0546e-07 -1.7257e-07 -1.5436e-07 -8.6841e-08 -7.9106e-08 -1.4645e-07 -1.5196e-07 -1.8117e-07 -1.7197e-07 -1.7795e-07 -1.4287e-07 -1.0461e-07 -1.0088e-07 -8.2875e-08 -1.9069e-07 -7.7486e-08 -6.6135e-08 -7.7813e-08 -5.7389e-08 -5.801e-08 -6.1235e-08 -5.346e-08 -6.1589e-08 -6.685e-08 -5.7042e-08 -6.8821e-08 -1.0089e-07 -1.4182e-07 -2.3131e-07 -8.2886e-08 -5.4889e-08 -7.2025e-08 -9.8861e-08 -1.2524e-07 -1.1036e-07 -1.2686e-07 -1.0679e-07 -1.7148e-07 -1.7685e-07 -1.0127e-07 -4.623e-08 -1.7584e-08 7.6889e-09 -1.1684e-08 -6.3685e-09 4.4817e-09 2.5156e-09 -9.4357e-09 -6.1121e-08 -1.2218e-07 -1.6032e-07 -1.5743e-07 -8.6571e-08 -1.1016e-07 -1.1614e-07 -1.0622e-07 1.2621e-08 -1.307e-07 -2.8484e-07 -2.5072e-07 -2.3184e-07 -2.2364e-07 -2.004e-07 -2.0062e-07 -2.4225e-07 -2.289e-07 -1.6622e-07 -1.0373e-07 -8.6003e-08 -1.217e-07 -4.9222e-08 -4.0373e-08 -4.0477e-08 -2.8713e-08 -9.8123e-08 -2.9264e-07 -4.2807e-08 5.5701e-08 3.6192e-08 -2.3438e-07 5.5665e-08 4.5216e-08 3.6738e-08 7.5904e-09 -2.6311e-09 -1.3783e-08 -4.8907e-08 -8.8028e-08 -1.2035e-07 -1.0214e-07 -2.049e-07 -2.3485e-07 -1.1517e-07 -2.2772e-08 -3.7469e-08 -6.4679e-08 -8.5485e-08 -1.0718e-07 -1.2078e-07 -1.332e-07 -1.0182e-07 -1.0201e-07
6.2686e-08 -1.2985e-07 -1.6376e-07 -6.5725e-08 -6.1896e-08 -4.6512e-08 -4.1776e-08 4.6281e-08 3.6689e-08 4.9075e-08 5.3144e-08 5.2411e-08 3.4442e-08 2.0602e-08 -2.9747e-08 -7.21e-08 -1.1532e-07 -1.7412e-07 -1.8448e-07 -2.1767e-07 -2.1922e-07 -2.4657e-07 -2.1212e-07 -2.0853e-07 -1.6348e-07 -1.6783e-07 -1.8219e-07 -1.9191e-07 -1.1339e-07 -2.2146e-07 -2.2034e-07 -2.0908e-07 -1.3027e-07 5.2806e-08 -1.5881e-07 -1.2755e-07 -1.2476e-07 3.3663e-09 -7.1079e-08 -6.6562e-08 -5.2573e-08 -5.4128e-08 -5.9533e-08 -5.6982e-08 -5.4986e-08 -4.7848e-08 -5.3526e-08 -3.8035e-08 -3.6437e-08 -4.4208e-08 -3.8851e-08 -2.5307e-08 -1.9899e-08 -1.9354e-08 -2.9672e-08 -8.2019e-09 1.1872e-08 -4.8171e-09 4.8144e-09 -7.1975e-09 -8.3065e-08 -2.8994e-08 1.6857e-09 7.9823e-10 -3.1511e-08 -5.4294e-08 9.3284e-08 9.3936e-08 8.2865e-08 -1.087e-07 -8.7562e-08 -8.069e-08 -7.3108e-08 -4.5502e-08 -2.3551e-08 -7.7485e-08 -1.2621e-07 -1.9642e-07 -1.8807e-07 -2.2595e-07 -1.8938e-07 -1.8682e-07 -1.3064e-07 -1.4705e-07 -1.0274e-07 -1.1784e-07 -1.0124e-07 -9.8517e-08 -1.0034e-07 -1.0076e-07 -9.4465e-08 -7.1446e-08 -8.3424e-08 -6.2808e-08 -7.0759e-08 -5.3114e-08 -7.0156e-08 -7.7139e-08 -7.1651e-08 -1.0097e-07 -9.456e-08 -1.9166e-07 -2.1564e-07 -2.1032e-07 -2.4743e-07 -1.8606e-07 -7.4566e-09 5.3662e-08 4.7252e-08 -3.3522e-09 -2.1079e-08 -8.1291e-08 -7.6302e-08 -1.2518e-07 -1.0155e-07 -1.166e-07 -6.2217e-08 -3.697e-08 -2.101e-09 2.8914e-09 -4.0043e-10 -1.9994e-09 6.3548e-09 5.1025e-09 -4.5725e-09 2.5049e-08 2.3459e-08 3.9436e-08 4.1174e-08 -2.0739e-08 -1.2317e-07 -2.0535e-07 -1.301e-07 -1.0291e-07 -2.0188e-07 -2.2338e-07 -2.3662e-07 -2.7429e-07 -2.1826e-07 -2.9262e-07 -2.7067e-07 -2.3029e-07 -2.2729e-07 -1.0638e-07 -1.5284e-07 -1.6055e-07 -2.1808e-07 -1.7851e-07 -1.1955e-07 -7.2989e-08 -2.8883e-08 1.6911e-09 -4.9274e-08 -2.3631e-08 -6.1835e-09 -7.901e-10 3.2209e-09 1.0756e-08 -3.9555e-08 -1.4744e-08 -2.3602e-08 -1.5992e-08 -4.4123e-08 -7.477e-08 -3.784e-08 -4.5497e-08 -4.5144e-08 -4.7101e-08 -5.526e-08 -1.1501e-07 -2.6376e-08 -6.0251e-08 -6.8879e-08 -9.7371e-08 -1.5893e-07 -7.085e-08 -1.6609e-07 -1.6981e-07 -1.6159e-07 -9.7243e-08
-1.163e-07 -1.6711e-07 -2.0546e-07 -1.511e-07 -1.4495e-07 -2.4688e-08 -1.0033e-09 4.8583e-08 3.2293e-08 3.9066e-08 3.6744e-08 4.8932e-08 4.9632e-08 4.9713e-08 3.9297e-08 1.7307e-08 -4.7318e-10 -8.6899e-09 -2.3314e-08 -6.8705e-08 -1.3759e-07 -1.5478e-07 -1.4492e-07 -1.7321e-07 -1.2567e-07 -1.3714e-07 -1.787e-07 -6.0096e-08 -9.0426e-08 -1.7481e-07 -2.009e-07 -1.6334e-07 -1.9015e-07 -1.5908e-07 -1.3345e-07 -1.1592e-07 -1.1245e-07 -1.0207e-07 -9.7975e-08 -6.7167e-08 -6.4044e-08 -4.9735e-08 -4.5003e-08 -4.4124e-08 -3.1952e-08 -2.7378e-08 -3.1672e-08 -3.3275e-08 -2.993e-08 -3.1432e-08 -4.6518e-08 -5.9428e-08 -6.9485e-08 -5.0659e-08 -3.0734e-08 -1.262e-08 -1.2407e-08 -1.1118e-08 -2.7717e-08 -1.4719e-07 2.6076e-08 1.1506e-08 3.1644e-08 5.5231e-08 -2.9978e-08 1.963e-08 3.7991e-08 4.3461e-08 -6.4549e-08 -7.6387e-08 -4.3866e-08 -6.3427e-08 -5.3305e-08 -3.4366e-08 -5.4725e-09 -2.2058e-08 -9.049e-08 -1.1714e-07 -1.6883e-07 -2.1023e-07 -2.0871e-07 -1.7168e-07 -5.0485e-08 -1.2936e-07 -1.0476e-07 -9.9193e-08 -1.0055e-07 -1.114e-07 -1.4568e-07 -9.3455e-08 -9.295e-08 -8.7979e-08 -9.5419e-08 -7.0648e-08 -9.6112e-08 -6.5092e-08 -2.9129e-08 -5.3734e-08 -9.15e-08 -8.0855e-08 -1.1586e-07 -1.1111e-07 -1.2882e-07 -1.4336e-07 -1.9236e-07 -1.525e-07 -1.7196e-07 -1.3688e-07 -1.2083e-07 -1.365e-07 -1.4141e-07 -1.5723e-07 -1.422e-07 -5.4761e-08 -2.039e-08 4.5072e-08 4.1018e-08 1.6747e-08 -5.3646e-09 -1.9602e-08 -1.8388e-08 6.5156e-09 2.7478e-08 2.303e-08 3.8765e-08 3.2318e-08 2.7599e-08 3.4339e-08 3.3516e-08 4.6002e-08 -8.7322e-08 -9.6822e-08 -1.0449e-07 -1.2133e-07 6.7793e-08 -1.8652e-07 -1.931e-07 -1.7809e-07 -1.1104e-07 -2.5456e-07 -2.5834e-07 -2.5683e-07 -2.055e-07 -2.0059e-07 -1.9412e-07 -2.4118e-07 -2.5472e-07 -1.0575e-07 -1.4067e-07 -1.8541e-07 -5.7124e-08 -8.4445e-08 -9.7195e-08 -2.8777e-08 -3.3568e-08 -2.2402e-07 -1.5049e-07 -1.2459e-07 -4.1919e-08 -8.5423e-08 -1.6484e-07 -1.4517e-07 -3.7511e-08 -9.4725e-08 -5.762e-08 -2.4024e-08 -4.484e-08 -3.1966e-08 -3.777e-08 -4.2436e-08 -8.9327e-08 -1.0426e-07 -1.2786e-07 -2.0562e-07 -7.8298e-08 -4.6228e-08 -1.0678e-07 -1.2939e-07 -1.7794e-07 -1.9081e-07
-1.1954e-07 -1.2349e-07 -5.9243e-08 -1.5905e-07 -1.9281e-07 -1.3314e-07 -5.7843e-08 -3.6062e-08 -4.9624e-10 -1.2413e-08 2.3528e-08 3.1514e-09 5.557e-08 3.0233e-08 3.2872e-08 1.6541e-08 2.5125e-08 2.9323e-08 1.9447e-08 -4.5013e-08 -1.2301e-07 -1.2727e-07 -1.6355e-07 -1.5054e-07 -1.6217e-07 -1.4279e-07 -1.4199e-07 -1.6642e-07 -1.7387e-07 -1.6387e-07 -1.7157e-07 -1.524e-07 -1.197e-07 -1.1746e-07 -1.2232e-07 -1.5329e-07 -1.7688e-07 -1.3011e-07 -7.4291e-08 -1.1276e-07 -4.8852e-08 -9.6299e-08 -1.2283e-07 -6.6901e-08 -5.9539e-08 -6.0124e-08 -9.213e-08 -4.7498e-08 -5.8498e-08 -5.9708e-08 -9.2587e-08 -7.7721e-08 -1.6154e-08 3.1725e-08 -9.1649e-09 -1.2209e-07 -5.5927e-08 1.9284e-08 3.5336e-10 6.6189e-09 -1.8861e-09 -4.2168e-09 1.4097e-08 4.1232e-08 7.5507e-08 5.3792e-08 -3.9142e-08 6.0359e-08 -6.1545e-08 1.318e-08 -2.1927e-08 -5.2963e-08 -4.5846e-08 -6.555e-08 -4.9686e-08 1.8139e-08 3.6295e-08 2.2851e-08 1.077e-08 -4.4537e-08 -7.4651e-08 -1.311e-07 -1.1688e-07 -1.2078e-07 -1.1837e-07 -1.1035e-07 -9.2597e-08 -9.2901e-08 -9.1787e-08 -9.8406e-08 -1.0101e-07 -9.8462e-08 -8.2496e-08 -9.3092e-08 -8.5528e-08 -1.1182e-07 -9.1365e-08 -8.1252e-08 -1.0296e-07 -6.7549e-08 -6.2671e-08 -1.0403e-07 -9.3827e-08 -6.6374e-08 -8.8002e-08 -1.2237e-07 -1.505e-07 -1.8071e-07 -1.7563e-07 -2.0191e-07 -1.3391e-07 -1.163e-07 -6.5652e-08 1.7255e-08 6.4155e-08 7.0056e-08 7.295e-08 5.0291e-08 2.6781e-08 1.6379e-08 1.0343e-08 5.4755e-09 1.4067e-08 2.0148e-08 4.7122e-08 5.5019e-08 4.2868e-08 3.8097e-08 4.1473e-08 4.4945e-08 2.0358e-08 -6.1771e-08 -7.8934e-08 -4.136e-08 -1.0195e-07 -1.6643e-07 -2.0199e-07 -1.8162e-07 -2.0046e-07 -2.7751e-07 -6.8118e-08 -2.2734e-07 -1.5468e-07 -1.6709e-07 -1.7167e-07 -2.0889e-07 -2.2795e-07 -2.4802e-07 -2.7326e-07 -2.223e-07 -1.675e-07 -1.0638e-07 -1.4339e-07 -1.3543e-07 -8.6887e-08 -3.5643e-08 1.9848e-09 5.9083e-09 -3.3876e-08 -5.2716e-08 -1.2656e-07 -1.1212e-07 -8.4351e-08 -8.9082e-08 -1.0352e-07 -2.2157e-07 -2.2578e-07 -1.8126e-07 -1.1313e-07 -7.008e-08 -4.9879e-08 -3.9442e-08 -6.6241e-08 -2.7791e-08 -3.3326e-08 -1.6173e-07 -9.9029e-08 -8.3871e-08 -9.2423e-08 -3.3164e-08
-1.0314e-08 -1.3337e-07 -2.0222e-07 -1.2377e-07 -7.7321e-08 -4.6876e-08 -4.9712e-08 -1.4556e-07 -1.2773e-07 -9.535e-08 -1.6083e-07 -1.277e-07 -3.9792e-08 -1.2889e-07 8.8245e-08 -1.1637e-07 -5.7668e-08 -6.4271e-08 2.4453e-08 -3.0423e-08 -4.3587e-08 -5.0902e-08 -4.4708e-08 -1.3708e-07 -1.5909e-07 -1.8955e-07 -1.7861e-08 -9.2993e-08 -1.6306e-07 -1.5196e-07 -8.6622e-08 -3.9635e-08 -3.462e-08 -5.0762e-08 -4.5426e-08 -8.9076e-08 -1.5075e-07 -1.2376e-07 -1.3549e-07 -1.394e-07 -7.5861e-08 -1.7405e-07 -1.1303e-07 -5.7734e-08 -1.0723e-07 -2.3062e-07 -3.139e-08 -7.3927e-09 -5.0544e-10 -7.7929e-09 -1.2174e-08 7.4358e-09 4.8842e-09 -4.4362e-08 -1.0221e-07 3.2407e-08 3.2779e-08 3.6503e-09 3.423e-08 3.2294e-08 2.5561e-08 1.222e-09 2.0884e-08 2.9395e-08 5.8856e-08 8.7342e-08 6.6487e-08 -6.8622e-09 7.2163e-08 7.4008e-08 5.3909e-08 1.8635e-08 -1.0625e-07 1.5502e-08 4.1463e-08 -2.4258e-08 -4.7209e-08 -3.2775e-08 -5.5832e-08 -9.9797e-08 -2.1575e-07 -2.1232e-07 -1.2179e-07 -8.0808e-08 -1.1779e-07 -1.2921e-07 -1.4664e-07 -1.0048e-07 -8.4911e-08 -8.9968e-08 -8.107e-08 -9.3773e-08 -9.1075e-08 -6.548e-08 -8.0327e-08 -7.0781e-08 -7.7779e-08 -1.0332e-07 -8.3989e-08 -6.6774e-08 -5.3847e-08 -7.6813e-08 -8.8183e-08 -8.954e-08 -1.6734e-07 -8.6814e-08 -9.9957e-08 -9.5583e-08 -9.1928e-08 -7.2704e-08 -5.3615e-08 -4.1158e-08 -2.3896e-08 5.0757e-09 3.9782e-08 5.0217e-08 -1.2058e-08 -1.9866e-08 -1.4171e-08 -4.8486e-08 9.1814e-08 5.2951e-08 -3.4275e-08 1.9437e-09 2.8868e-08 3.9392e-08 5.939e-08 6.7261e-08 3.4987e-08 6.5074e-08 8.745e-08 6.8463e-08 -2.1725e-07 4.6384e-08 2.5798e-08 -7.2023e-09 -1.7318e-07 -1.504e-07 -1.5383e-07 -8.927e-08 -2.0474e-07 -2.1614e-07 -2.278e-07 -2.1555e-07 -2.0717e-07 -2.1835e-07 -2.1816e-07 -2.438e-07 -2.137e-07 -2.2172e-07 -1.8673e-07 -1.8757e-07 -1.7976e-07 -1.6698e-07 -1.6042e-07 -1.4165e-08 6.3731e-08 5.1077e-08 4.9396e-08 3.2408e-08 7.206e-09 -2.8558e-08 -6.0374e-08 -9.567e-08 -1.0581e-07 -1.5679e-07 -2.0696e-07 -1.7094e-07 -1.6268e-07 -2.7195e-07 -1.8852e-07 -8.7435e-08 -6.6611e-08 -1.049e-07 -2.316e-07 -1.8415e-07 -1.6156e-07 -3.5647e-08 -2.8563e-08 -3.2431e-08
7.9737e-09 -6.6049e-08 -9.2304e-08 -4.774e-08 -5.0543e-08 -7.6595e-08 -2.3757e-07 -1.5475e-07 -1.2813e-07 -1.5592e-07 -8.4203e-08 -1.5676e-07 -1.2619e-07 -2.2924e-07 -1.0065e-07 -1.317e-08 -7.6548e-08 -5.4254e-08 -9.7303e-08 -4.975e-08 -3.1771e-08 -2.8557e-08 -7.152e-08 -9.2997e-08 -2.031e-07 -1.5011e-07 -1.2425e-07 -1.1431e-07 -5.1027e-08 -1.4821e-07 -1.1439e-07 -1.9097e-08 -6.8964e-09 -5.1095e-08 -3.5851e-09 -4.7509e-08 -1.2277e-07 -1.9079e-07 -2.1002e-07 -1.9252e-07 -1.5469e-07 -6.9188e-08 -2.1439e-08 -2.458e-08 -3.4699e-08 -8.3372e-08 -9.2391e-09 1.1654e-08 3.539e-08 3.3796e-08 3.5386e-08 3.6091e-08 4.102e-08 4.4023e-08 9.5524e-09 -1.8601e-08 5.3455e-10 -2.4414e-08 2.0266e-08 3.7046e-08 -1.2259e-09 -4.3832e-08 8.2483e-08 5.7941e-08 -7.9561e-09 8.9655e-08 1.3555e-08 4.4647e-08 7.2427e-08 -1.1149e-07 -6.7255e-08 5.1469e-08 9.3036e-08 2.981e-09 6.5418e-08 -1.5052e-08 -9.2083e-09 -6.0185e-08 -1.0044e-07 -1.005e-07 -1.8033e-07 -1.6342e-07 -1.2071e-07 -1.529e-07 -1.4585e-07 -8.4934e-08 -1.0998e-07 -1.1418e-07 -5.7571e-08 -2.2055e-07 -1.0512e-07 -7.0765e-08 -5.9681e-08 -7.6192e-08 1.8691e-09 -1.0328e-07 -1.1459e-07 -1.1076e-07 3.2246e-08 -1.1845e-07 -1.3075e-07 -7.0286e-08 -9.2887e-08 -8.7902e-08 -7.5746e-08 -6.7116e-08 -7.021e-08 -7.968e-08 -8.1929e-08 -3.1441e-08 -1.6773e-08 1.3143e-08 2.3025e-08 2.4849e-08 4.4633e-09 -4.5338e-08 -3.6234e-08 -2.2001e-08 -7.3668e-08 -1.3689e-07 -1.2959e-07 -1.2333e-07 -2.3663e-08 3.2032e-08 7.3381e-08 8.2651e-08 8.7657e-08 8.2508e-08 8.8488e-08 9.4822e-08 8.3821e-08 8.1264e-08 5.6758e-08 3.5449e-08 4.775e-08 7.7134e-09 -6.2799e-08 -2.2195e-07 -2.7522e-07 -2.4589e-07 2.0851e-08 -1.0457e-09 -2.7566e-07 -2.7398e-07 -9.5921e-08 -2.4099e-07 -2.244e-07 -2.8908e-07 -2.2852e-07 -1.7908e-07 -2.3331e-07 -2.2205e-07 -1.5907e-07 -6.7087e-08 -2.6021e-08 4.1923e-09 2.9114e-08 2.1458e-08 3.5124e-08 3.4066e-08 3.0759e-08 2.0354e-08 2.8574e-09 -2.1548e-08 -8.5189e-08 -1.3286e-07 -1.775e-07 -1.8652e-07 -1.5976e-07 -1.8815e-07 -4.8336e-08 -2.5826e-07 -1.6713e-07 -1.3974e-07 -1.7713e-07 -8.5934e-08 -4.8743e-08 -7.7223e-08 -3.4673e-08 -1.2282e-08
-1.5816e-08 -1.0899e-08 1.6114e-08 4.8237e-08 -1.1437e-08 -1.8292e-07 -1.3088e-07 -1.5499e-07 -2.0826e-07 -2.009e-07 -1.8779e-07 3.6774e-08 -1.9345e-07 -1.7609e-07 -2.2162e-07 -2.1244e-07 -1.2511e-07 -5.378e-08 -1.2194e-07 -1.4183e-07 2.679e-08 -1.3343e-07 -1.2773e-07 -1.2987e-07 -2.2377e-07 -1.4242e-07 -1.057e-07 -1.0849e-07 -1.1176e-07 -2.1573e-07 -2.6915e-07 -1.7269e-08 -5.1597e-08 -3.8045e-08 -4.2697e-08 -7.0166e-08 -4.6152e-08 -1.4472e-07 -1.7133e-07 -1.6273e-07 -1.898e-07 -1.0847e-07 -7.4717e-08 -5.3663e-08 -4.0258e-08 -8.1059e-08 -1.4458e-07 -1.5228e-07 -2.9211e-08 3.6097e-08 4.0367e-08 4.7657e-08 2.9651e-08 2.5398e-08 -6.0503e-09 -8.866e-08 -1.2476e-07 -1.2083e-07 -1.5234e-07 -1.6798e-07 -6.7565e-08 9.332e-08 6.313e-09 -6.8105e-08 9.199e-08 9.5133e-08 9.4769e-08 6.1835e-08 2.4541e-08 -2.2449e-07 8.8798e-08 4.2068e-08 -7.1354e-08 1.4204e-08 -4.0218e-08 6.6998e-08 8.7059e-08 6.1992e-08 2.7377e-08 9.0647e-08 9.1555e-08 -2.9283e-10 -1.0646e-07 -9.5075e-08 -5.8241e-08 -1.0244e-07 -9.3686e-08 -1.3066e-07 -1.3831e-07 -9.0498e-08 -8.0814e-08 -6.8117e-08 -1.1087e-07 -1.5446e-07 -1.5456e-07 -1.6289e-07 -1.6072e-07 -1.4745e-07 -8.7805e-08 -1.4891e-07 -1.8401e-07 -1.6511e-07 -1.6723e-07 -1.5667e-07 -1.5852e-07 -6.9623e-08 -6.1867e-08 -3.4485e-08 -1.0068e-08 1.0992e-08 2.9352e-08 4.6389e-08 6.1892e-08 7.2707e-08 5.9929e-08 3.2032e-08 4.6702e-08 4.8497e-08 6.3444e-08 3.3584e-08 2.352e-08 4.7209e-08 8.4895e-08 9.5371e-08 8.8723e-08 8.9543e-08 8.7994e-08 8.868e-08 8.8367e-08 6.7788e-08 9.5068e-08 9.1638e-08 8.0159e-08 9.2111e-08 8.4871e-08 7.8219e-08 7.2321e-08 1.1701e-08 -2.3203e-07 -9.3778e-08 3.2299e-08 7.1319e-08 -2.1441e-07 -1.9332e-07 -1.211e-07 -1.4628e-07 -1.9718e-07 -2.2381e-07 -2.2601e-07 -1.7873e-07 -1.1445e-07 -8.8821e-08 -6.9567e-08 -1.0856e-07 -3.0446e-08 -7.3967e-08 -9.5019e-10 -8.0226e-08 -1.9121e-07 -1.5791e-07 1.0098e-08 2.3478e-08 1.332e-08 -3.0445e-08 -9.4669e-08 -1.3826e-07 -1.7241e-07 -1.7266e-07 -1.5862e-07 -1.7259e-07 -2.1307e-07 -2.2847e-07 -1.69e-07 -1.5746e-07 -1.8391e-08 -1.6176e-07 -1.5967e-07 -1.4298e-07 -1.0052e-07 -2.2253e-08
-2.906e-09 1.8466e-09 1.919e-08 3.1346e-08 -5.615e-08 -6.5062e-08 -7.7046e-08 -1.3728e-07 -1.5907e-07 -9.0532e-08 -9.8556e-08 -1.1569e-07 -1.3816e-07 -1.1985e-07 -1.6647e-07 -1.3598e-07 -5.4192e-08 -7.5329e-08 -7.6233e-08 -8.742e-08 -1.6288e-07 -2.4573e-07 -2.4513e-07 2.4209e-08 -2.4611e-07 -1.3665e-07 -8.8557e-08 -8.7382e-08 -8.7803e-08 -1.2759e-07 -1.6194e-07 -3.5783e-08 -4.0654e-08 -6.0414e-08 -2.5416e-08 -8.8516e-08 -1.2708e-07 -1.5924e-07 -2.1503e-07 -2.2814e-07 -2.1515e-07 -2.2824e-07 -2.3432e-07 -2.0913e-07 -1.0493e-07 -1.4755e-07 -1.709e-07 -1.1787e-07 -3.4996e-08 4.3347e-09 3.66e-08 4.0397e-08 4.2216e-08 -2.3339e-08 -5.8043e-08 -2.0908e-07 -1.6118e-07 -2.1821e-07 -1.6769e-07 6.9013e-08 -7.3814e-08 9.5365e-08 9.0054e-08 9.0692e-08 -2.0857e-08 2.0589e-09 1.6305e-10 -8.2736e-09 1.977e-09 6.7154e-10 3.5767e-10 7.1715e-08 -1.6873e-08 -8.7064e-09 9.2401e-08 5.2992e-08 -1.0783e-08 7.3874e-08 5.6534e-08 4.5734e-08 -1.9865e-08 -7.0796e-08 -5.0593e-08 -5.5196e-08 -7.015e-08 -9.3933e-08 -9.1887e-08 -1.3209e-07 -1.1402e-07 -1.5808e-07 -1.211e-07 -9.2141e-08 -5.6195e-08 -1.0526e-07 -9.2129e-08 -1.4298e-08 6.6045e-08 -9.1632e-08 -9.8306e-08 -8.239e-08 -8.8204e-08 -1.0078e-07 -1.8454e-07 -1.5729e-07 -1.8315e-07 -1.4548e-07 -3.606e-08 -1.9311e-08 1.3294e-08 4.0359e-08 5.9284e-08 7.2191e-08 8.7469e-08 9.4512e-08 9.4534e-08 9.4456e-08 9.0039e-08 8.1634e-08 7.6793e-08 4.6815e-08 1.7391e-08 4.4453e-09 -1.2512e-09 -6.7981e-09 -1.3157e-08 -1.7546e-10 1.6285e-08 1.8502e-08 -1.2803e-08 5.1582e-08 8.2828e-08 9.0575e-08 9.519e-08 8.8984e-08 9.4759e-08 9.2223e-08 -5.7237e-08 3.4696e-08 1.6205e-08 -3.4002e-08 -6.3114e-08 -9.3294e-08 -8.1467e-08 -7.7488e-08 -2.2277e-07 -1.7849e-07 -1.614e-07 -1.5763e-07 -1.0997e-07 -6.0268e-08 -9.4534e-09 -8.9931e-09 8.6044e-08 3.2438e-08 -7.1055e-08 -4.6451e-08 -1.4275e-08 -1.9967e-07 -1.7054e-07 2.548e-08 -1.3526e-08 -4.5935e-08 -7.5148e-08 -6.9206e-08 -1.2942e-07 -1.498e-07 -1.2488e-07 -9.4814e-08 -5.5627e-08 -9.1458e-08 -9.6105e-08 -1.8452e-07 -7.1539e-08 -1.3143e-07 -1.6631e-07 -1.5266e-07 -1.1335e-07 -5.0174e-08 -5.0551e-08 -1.3134e-08
7.6338e-09 -5.0691e-08 -3.7947e-08 5.1563e-08 6.8198e-08 -1.5023e-07 -3.5854e-08 -1.6454e-08 -1.8579e-08 -4.965e-08 -2.5782e-08 -1.0859e-07 -1.3651e-07 -8.3517e-08 -8.4604e-08 -8.581e-08 -1.2938e-07 -6.8708e-08 -8.9292e-08 -7.4521e-08 -9.4967e-08 -1.9209e-07 -2.3283e-07 -7.7753e-08 -1.4419e-07 -1.0139e-07 5.2137e-08 -1.0695e-07 -7.7622e-08 -1.0546e-07 -5.2755e-08 -7.3878e-08 -7.405e-08 -1.0267e-08 -6.3865e-08 -6.6157e-08 -6.9944e-08 -1.9168e-07 -2.3091e-07 -2.3517e-07 -2.4845e-07 -2.3127e-07 -1.654e-07 -1.3493e-07 -1.0511e-07 -8.372e-08 -5.8548e-08 -6.5727e-08 5.9805e-08 9.514e-08 -1.144e-07 -1.0179e-07 -5.5828e-08 -9.2472e-08 -6.7209e-08 7.9129e-09 -1.8109e-08 -1.3164e-07 -1.4797e-07 -7.2052e-09 -4.9813e-08 9.4265e-08 8.9845e-08 7.9166e-08 -2.1257e-08 -1.4278e-08 -2.7019e-09 -3.1795e-09 -5.1721e-09 -6.5021e-09 -5.3945e-09 5.4971e-09 5.3804e-08 9.0912e-08 5.2889e-08 3.2098e-08 6.0123e-08 8.593e-08 5.5046e-09 3.4864e-08 5.4809e-08 3.4982e-08 1.6183e-08 -9.4247e-09 -4.7215e-08 6.9151e-08 -7.1733e-09 -8.6675e-08 -6.6771e-08 -5.8521e-08 -1.0746e-07 -1.1754e-07 -1.3629e-07 -6.5595e-08 -1.4911e-07 -1.7205e-07 -1.238e-07 -1.0976e-07 -9.4488e-08 -1.1512e-07 -9.0544e-08 -7.5559e-08 -1.4426e-07 -2.4084e-07 -6.3705e-08 -9.4678e-08 -6.8432e-08 -1.6506e-08 3.0725e-09 1.7565e-08 7.08e-08 8.5635e-08 9.5373e-08 8.9077e-08 8.0427e-08 5.5497e-08 1.2504e-08 -3.59e-09 -2.3615e-08 -2.9208e-08 -2.5032e-08 -1.8329e-08 -1.4675e-08 -1.3112e-08 -1.2305e-08 -2.1101e-08 -2.3639e-08 -2.2487e-08 -2.222e-08 -2.4003e-08 -2.8621e-08 4.6343e-08 4.436e-08 1.7019e-08 9.4342e-08 9.3799e-08 9.3182e-08 9.1949e-08 -2.1587e-08 -2.4891e-08 -4.7906e-09 -8.0266e-08 -6.6884e-08 -1.2639e-07 -9.7801e-08 1.0155e-08 -1.1449e-07 -1.175e-07 -1.0441e-07 -1.3714e-07 -9.835e-08 -3.5641e-08 1.609e-08 4.0115e-08 9.0462e-08 -2.3263e-09 -2.1548e-08 -2.2808e-07 3.4428e-08 -1.379e-08 3.9505e-09 8.6913e-09 7.5983e-09 -4.4781e-08 -8.368e-08 -9.5098e-08 -1.4181e-07 -8.9379e-08 -1.7728e-07 -9.0463e-08 -5.869e-08 -1.5862e-07 -2.3175e-07 -2.3224e-07 -1.5471e-07 -6.3026e-08 -5.2409e-08 -3.6058e-08 -1.1088e-09 7.2246e-09
-4.8571e-09 -2.9743e-08 -8e-08 -6.7633e-08 2.0779e-08 2.2732e-09 -7.2531e-09 -1.3389e-07 1.6233e-08 -6.1527e-08 -1.1668e-07 -7.2042e-08 -9.8589e-08 -6.0315e-08 -8.5246e-08 -1.0222e-07 -8.5448e-08 -1.8682e-07 -1.1014e-07 -9.76e-08 -1.2991e-07 -1.8269e-07 -2.4128e-07 -2.6035e-07 -2.9155e-07 -1.4098e-07 -1.8796e-07 -1.3172e-07 -8.4477e-08 -8.3057e-08 -9.8686e-08 -7.0585e-08 -1.1652e-07 -1.1554e-07 -1.0137e-07 -1.3862e-07 -1.3897e-07 -1.5909e-07 -1.9672e-07 -2.8553e-07 -2.882e-07 -3.022e-07 -2.675e-07 -1.338e-07 -1.038e-07 -7.3884e-08 -5.7884e-08 -1.1447e-07 6.9821e-08 9.1477e-08 -1.2355e-07 -1.2999e-07 -1.9741e-07 -2.3195e-07 -6.7563e-08 5.683e-08 7.4189e-08 7.1139e-08 -5.1382e-08 -1.4772e-07 -1.2871e-07 -9.0939e-08 8.7101e-08 6.9817e-09 -1.3408e-08 1.7489e-09 -8.9652e-09 -4.8747e-09 -4.7676e-09 -4.2877e-09 -4.4158e-09 -5.5651e-09 5.3175e-08 4.7098e-08 2.4858e-08 -7.1134e-09 6.0342e-08 6.6016e-08 2.3424e-08 2.7644e-08 4.6833e-08 3.447e-08 -2.3203e-08 -5.4331e-08 -9.1044e-08 1.1532e-08 -1.1551e-07 -1.0352e-07 -6.5746e-08 -7.1311e-08 -7.7542e-08 -6.7567e-08 -4.9291e-08 -3.7482e-08 -8.3107e-08 -1.4158e-07 -1.2485e-07 -1.1178e-07 -1.0002e-07 -1.5911e-07 -6.4254e-08 -1.1664e-07 -1.6164e-07 -9.5264e-08 -1.1531e-07 -8.4131e-08 -3.3188e-08 9.1987e-09 4.0273e-08 4.6011e-08 9.2801e-08 9.5374e-08 9.4409e-08 6.8162e-08 3.5193e-08 -5.7839e-09 -2.4445e-08 -2.8968e-08 -2.1467e-08 -5.4243e-09 9.7696e-10 1.0328e-08 1.3781e-08 1.8729e-08 1.8068e-08 1.8465e-08 1.4429e-08 1.4563e-08 1.1581e-08 6.7203e-09 1.4184e-08 8.1937e-10 -2.4023e-08 -2.2729e-08 2.908e-08 8.3427e-08 8.3436e-08 -9.0981e-08 -1.8191e-07 3.8342e-08 -4.9444e-09 -1.0571e-07 4.7619e-08 -9.7639e-08 -1.985e-07 -1.6238e-07 -1.0952e-07 -1.9479e-08 -6.0322e-08 -4.3754e-08 1.0384e-08 1.4211e-08 -4.4514e-09 -2.1588e-08 -1.1846e-07 -2.0083e-08 -9.5212e-09 1.3633e-08 -2.6857e-09 -1.0557e-09 -1.0388e-08 -7.9571e-08 -6.0293e-08 -3.211e-09 -1.0653e-08 -4.3903e-08 -1.2634e-07 -1.1233e-08 -7.5179e-08 -2.0882e-08 -8.0927e-08 -1.4337e-07 -7.1645e-08 -1.6743e-07 -1.512e-07 -1.0504e-07 -7.9987e-08 -4.484e-08 -3.1332e-08 -9.0113e-09
-1.4069e-07 -1.0183e-07 -1.2298e-07 -5.8858e-08 5.0905e-08 7.1915e-08 8.2555e-08 -1.1159e-08 -1.2592e-08 -1.5923e-07 -8.954e-08 -1.6154e-07 -1.6165e-07 -1.8523e-07 -1.4293e-07 -1.7131e-07 -1.8018e-07 -1.7489e-07 -2.6468e-07 -2.363e-07 -1.9448e-07 -1.5555e-07 -2.5433e-07 -2.6809e-07 -1.9218e-07 -2.21e-07 -1.7117e-07 -8.5964e-08 -8.9742e-08 -9.0724e-08 -1.1921e-07 -8.2395e-08 -1.3653e-07 -2.863e-07 -2.8847e-07 -2.6775e-07 -2.3777e-07 -2.3843e-07 -2.3251e-07 -2.8654e-07 -3.0152e-07 -2.9576e-07 -2.8074e-07 -1.7801e-07 -1.2567e-07 -9.5845e-08 -9.0618e-08 -9.1931e-08 -1.0315e-07 -1.1991e-07 -1.4806e-07 -1.9374e-07 -2.516e-07 -2.7232e-07 -2.425e-07 -1.8421e-07 -1.819e-08 -7.339e-09 -1.1384e-07 -1.4552e-07 8.9259e-08 9.533e-08 9.1048e-08 6.9361e-08 7.9774e-10 -1.9356e-08 -7.2842e-09 -8.7055e-09 -5.4816e-09 -1.3549e-08 -1.4514e-08 2.6727e-09 3.0297e-08 8.3902e-08 9.1521e-08 3.7899e-08 4.5863e-08 7.445e-08 1.5585e-08 3.5562e-08 3.9282e-08 2.6768e-08 -1.345e-08 -6.9335e-08 -5.7846e-08 -1.3444e-07 -1.1208e-07 7.8433e-08 1.227e-08 -6.6097e-08 -9.0712e-08 -7.3327e-08 1.448e-08 1.9919e-08 -6.7702e-08 -9.5197e-08 -1.9883e-07 -3.4798e-08 -1.4936e-07 -1.4879e-07 -1.5716e-07 -1.5582e-07 -1.1257e-07 -5.5195e-08 -3.9301e-08 -9.8765e-08 -1.0512e-07 1.5233e-08 4.0261e-08 7.8697e-08 3.9507e-08 9.2313e-08 7.6344e-08 2.122e-08 -2.3034e-08 -2.8999e-08 -2.1232e-08 -1.2398e-08 2.0342e-09 1.1447e-08 2.4154e-08 2.9562e-08 2.4324e-08 2.3874e-08 4.609e-09 1.6632e-08 1.8597e-08 2.0835e-08 1.8109e-08 1.7118e-08 1.7651e-08 1.8048e-08 1.2606e-08 2.7418e-10 -2.7819e-08 -2.0044e-08 8.8847e-08 8.074e-08 9.2875e-08 5.705e-08 7.9936e-08 8.2256e-09 -1.5356e-07 -6.7148e-08 -4.0617e-08 -1.8624e-07 -8.241e-08 -1.1847e-07 -3.7601e-08 -1.5274e-08 -1.2137e-07 -4.6012e-08 -4.8048e-08 -5.5856e-08 -7.6693e-08 -6.212e-09 -4.2071e-08 -7.4605e-08 -1.2792e-07 -1.2159e-07 -2.8019e-07 -1.7834e-07 -6.5141e-08 -8.054e-08 -1.3782e-07 -5.0265e-08 8.5817e-09 5.1988e-08 -3.7691e-08 4.386e-08 3.0579e-08 -1.1304e-08 -2.0022e-08 -9.7943e-08 -1.6347e-07 -2.2031e-07 -1.9427e-07 -1.6154e-07 -1.0552e-07 -7.929e-08
-1.6653e-07 -9.0074e-08 -1.32e-07 -1.3801e-07 -2.5253e-08 4.9032e-08 -4.3505e-08 -1.268e-07 -4.6005e-08 -1.1189e-07 -1.5888e-07 -1.3906e-07 -2.6895e-07 -8.7576e-08 -2.498e-07 -2.2149e-07 -3.0587e-07 -2.8564e-07 -1.9392e-07 -2.2405e-07 -1.5711e-07 -2.4032e-07 -1.9419e-07 -1.4846e-07 -1.5526e-07 -7.6608e-08 -1.8035e-07 -1.2904e-07 -1.0005e-07 -1.0451e-07 -1.0269e-07 -1.0329e-07 -9.1135e-08 -2.1324e-07 -2.378e-07 -2.1973e-07 -1.8157e-07 -1.7389e-07 -1.7596e-07 -2.1679e-07 -2.6526e-07 -2.7903e-07 -2.4088e-07 -2.2748e-07 -2.436e-07 -1.5958e-07 -1.5801e-07 -1.4396e-07 -1.7504e-07 -1.685e-07 -2.1551e-07 -2.3573e-07 -2.7547e-07 -2.7535e-07 -2.7887e-07 -2.4277e-07 -2.0365e-07 -2.0395e-07 -1.3008e-07 -5.3403e-08 -2.0223e-07 6.3228e-08 1.6978e-08 9.2986e-08 9.4182e-08 -9.3235e-09 -1.8872e-08 -1.758e-08 -1.4894e-08 -1.8394e-08 -1.6271e-08 -5.364e-09 1.2525e-08 9.3848e-08 9.4853e-08 9.5353e-08 3.1308e-08 2.3266e-08 -7.9799e-09 -9.2847e-08 1.3222e-08 -2.3326e-08 -3.8923e-08 -4.702e-08 -1.012e-07 -9.2857e-08 -1.3211e-07 -9.1548e-08 -3.9388e-08 -5.8739e-08 -4.2611e-08 -4.0762e-08 3.729e-08 -4.8413e-08 -8.612e-08 -1.9413e-07 -1.4741e-07 -1.6894e-07 -1.1303e-07 -2.699e-08 -1.4302e-07 -2.014e-07 -1.6797e-07 -1.1644e-07 2.1662e-08 2.4443e-08 -4.0811e-08 8.8807e-09 6.4777e-08 5.6021e-08 3.7983e-08 7.7759e-08 8.9406e-08 5.6899e-08 -2.2571e-08 4.5098e-09 1.4523e-08 2.7852e-08 3.129e-08 2.3367e-08 1.4786e-08 2.0432e-08 2.6548e-08 2.5065e-08 1.7665e-08 1.1217e-08 6.0954e-09 1.4876e-08 1.8693e-08 1.6308e-08 1.6625e-08 1.2371e-08 1.2692e-08 1.0632e-08 -2.2014e-09 -2.3547e-08 -2.6189e-08 5.15e-08 9.4123e-08 9.3419e-08 8.8629e-08 8.0167e-08 2.1651e-08 -5.6801e-08 3.0193e-08 2.6309e-08 -5.7174e-08 -1.6085e-09 -1.2509e-08 -1.334e-08 -1.1559e-08 -1.0971e-07 -1.3429e-07 -7.5604e-08 -1.4171e-07 -9.5012e-08 -8.3215e-08 -1.7674e-07 -2.258e-07 -1.2563e-07 -4.6227e-09 1.3514e-08 -1.3699e-07 -1.4954e-07 -6.5913e-08 1.6111e-08 -5.7237e-09 2.1807e-08 4.6432e-08 3.3027e-08 2.5977e-08 1.7558e-08 -1.1893e-07 -1.1186e-07 -1.632e-07 -7.1938e-08 -1.3057e-07 -1.536e-07 -9.3336e-08 -1.1544e-07
-8.6859e-08 -7.4678e-08 -9.7522e-08 -8.921e-08 -4.5612e-08 -5.3012e-08 -3.4026e-08 -2.8322e-08 -9.7466e-09 -1.417e-07 -1.7593e-07 -9.3765e-08 -1.7342e-07 -2.0301e-07 -1.9129e-07 -1.9036e-07 -3.5097e-08 -2.0124e-07 -1.4384e-07 -1.2548e-07 -1.6119e-07 -1.1378e-07 -4.2155e-09 -1.7681e-07 -1.1964e-07 -7.5109e-08 -1.1e-07 -1.306e-07 -1.2956e-07 -1.3641e-07 -1.5756e-07 -1.4269e-07 -1.5385e-07 -1.8409e-07 -1.8369e-07 -1.8954e-07 -1.8538e-07 -1.8111e-07 -1.6558e-07 -1.6374e-07 -2.119e-07 -2.2563e-07 -2.0196e-07 -2.1449e-07 -2.1594e-07 -1.9189e-07 -1.9173e-07 -2.2052e-07 -2.4278e-07 -2.6432e-07 -2.7272e-07 -2.7329e-07 -2.779e-07 -3.1791e-07 -3.2905e-07 -2.2557e-07 -1.6667e-07 -1.4501e-07 -8.1749e-08 -3.6135e-08 1.9125e-08 1.0601e-08 6.6073e-08 8.0399e-08 9.1874e-08 4.1763e-08 3.789e-09 -2.9213e-08 -2.896e-08 -2.4068e-08 -2.0423e-08 -1.2702e-08 6.1592e-08 8.8136e-08 9.5242e-08 9.255e-08 6.3667e-09 -1.7328e-09 -5.3226e-09 9.1731e-08 -6.3954e-08 -2.9388e-08 -7.7392e-08 -8.5636e-08 -9.7387e-08 -1.1411e-07 -1.1469e-07 -3.0839e-08 -3.4759e-08 -5.1323e-08 -7.2129e-08 -5.767e-08 -1.4053e-08 -6.0575e-08 -9.61e-08 -7.6762e-08 -1.4067e-07 -1.3611e-07 -1.4364e-07 -2.4359e-08 -2.5499e-07 -1.6817e-07 -1.3866e-07 -1.2641e-07 -2.5136e-08 -1.297e-07 -3.0338e-08 8.1123e-09 3.9803e-08 4.4461e-08 5.8204e-08 4.9113e-08 8.892e-08 -1.5026e-08 5.7291e-09 1.6719e-08 3.0812e-08 3.1317e-08 2.5212e-08 2.991e-08 2.7687e-08 3.0284e-08 2.875e-08 2.8576e-08 2.5495e-08 2.9956e-08 3.0901e-08 1.7491e-08 1.4078e-08 2.3545e-08 1.6207e-08 1.3905e-08 1.388e-08 1.0924e-08 -2.7033e-09 -1.028e-08 -2.8888e-08 8.4915e-09 8.4302e-08 9.5075e-08 8.8982e-08 9.4284e-08 -1.3105e-07 3.3036e-08 3.5019e-08 -2.2871e-09 1.2505e-08 -3.5163e-08 -5.5829e-08 -4.1558e-09 -5.8862e-08 -9.1587e-08 -4.0821e-08 -1.0005e-07 -8.534e-08 -1.4345e-07 -1.7869e-07 -1.6602e-07 -2.358e-07 -3.1136e-07 -1.5865e-07 -1.987e-07 -1.1861e-07 1.9471e-08 3.6704e-08 2.1245e-08 -6.0283e-08 4.0522e-08 -4.0148e-08 -2.6822e-08 1.7589e-08 1.4579e-09 -1.1962e-07 -1.1328e-07 -7.8455e-08 -2.2715e-07 -2.2032e-07 -1.3483e-07 -1.0256e-07 -1.1847e-07
3.0609e-09 -1.2623e-07 2.0948e-08 -3.5402e-08 1.9423e-09 -5.4953e-08 -3.5721e-08 -4.2157e-08 -7.7714e-08 -1.1702e-07 -1.7976e-07 -1.6345e-07 -1.9727e-07 -2.2345e-07 -1.769e-07 -1.7181e-07 -1.1264e-07 -9.8012e-08 -1.2241e-07 -1.2706e-07 -2.0353e-07 -1.6879e-07 -1.3805e-07 -1.3658e-07 -1.8126e-07 -1.2445e-07 -1.1031e-07 -1.1035e-07 -2.1188e-07 -1.6897e-07 -1.9002e-07 -1.5038e-07 -1.4349e-07 -2.005e-07 -1.981e-07 -1.9975e-07 -1.9558e-07 -1.7991e-07 -1.519e-07 -1.3704e-07 -2.2166e-07 -2.5437e-07 -3.3665e-07 -3.3305e-07 -2.6591e-07 -2.2099e-07 -2.4067e-07 -2.6868e-07 -2.6486e-07 -2.9218e-07 -3.0193e-07 -3.0068e-07 -3.0861e-07 -3.0062e-07 -2.9637e-07 -2.1255e-07 -1.9885e-07 -1.6304e-07 -1.5769e-07 -9.5983e-08 -9.7614e-08 -7.9911e-08 1.39e-09 -8.2948e-08 9.4991e-08 9.238e-08 7.4799e-08 5.8503e-08 3.9864e-08 2.6232e-08 4.611e-08 5.004e-08 9.5372e-08 8.7356e-08 9.4603e-08 2.5209e-08 9.8987e-09 3.5679e-08 1.7317e-08 3.358e-08 -2.9608e-09 8.9825e-08 -7.6005e-08 -4.393e-08 -7.2113e-08 -7.3644e-08 -9.7891e-08 -2.3858e-08 -3.0807e-08 -7.4139e-08 -8.8996e-08 -5.6517e-08 -4.8868e-08 -6.6559e-08 -7.2543e-08 -1.1406e-07 -6.5734e-08 -1.1835e-07 -5.6824e-08 -1.4452e-07 -1.5638e-07 -1.3866e-07 -1.6358e-07 -2.2179e-07 -2.14e-07 -1.5621e-07 -4.7341e-08 7.1211e-08 -1.0005e-08 3.2236e-08 4.117e-08 6.2063e-08 7.0386e-08 -2.5807e-08 1.2981e-08 2.8474e-08 2.8181e-08 2.4133e-08 2.7652e-08 3.1024e-08 2.9304e-08 2.9171e-08 2.5701e-08 2.9886e-08 2.9158e-08 1.8449e-08 2.1469e-08 1.9858e-08 2.4539e-08 1.9456e-08 1.5652e-08 1.47e-08 1.0119e-08 2.3886e-09 -1.9584e-08 -2.1551e-08 -2.8697e-08 -1.3494e-08 7.8035e-08 8.5077e-08 9.4976e-08 9.3513e-08 8.9461e-08 8.4599e-08 6.5298e-08 4.7431e-08 1.1028e-08 -2.0503e-08 -1.5375e-08 6.9225e-08 1.9428e-08 -4.4291e-09 -1.4888e-08 -8.0034e-08 -8.9401e-08 -1.3888e-07 -1.8555e-07 -1.8782e-07 -1.7661e-07 -1.7223e-07 -2.0574e-07 -1.907e-07 -8.04e-08 4.2634e-08 6.2577e-08 6.2101e-08 3.4115e-08 1.8127e-08 -4.151e-08 -6.8775e-09 -1.0663e-08 1.0555e-08 -2.0372e-07 -8.1969e-08 -7.5008e-08 3.6401e-08 -1.285e-07 -8.9112e-08 -3.7523e-08 -4.6457e-08
2.9655e-08 1.5705e-08 2.0216e-08 6.4821e-08 4.1723e-08 -6.8732e-08 -5.1132e-08 -6.5853e-08 2.6555e-08 7.5812e-08 9.2328e-08 9.5188e-08 -2.0863e-08 -1.6404e-07 -1.2216e-07 -1.3656e-07 -2.0929e-07 -1.6949e-07 -2.1053e-07 -1.6123e-07 -2.138e-07 -1.2868e-07 -1.3732e-07 -1.3875e-07 -1.6918e-07 -2.7922e-07 -2.149e-07 -1.8803e-07 -1.5335e-07 -2.206e-07 -2.3579e-07 -2.017e-07 -2.2666e-07 -2.2551e-07 -2.5427e-07 -2.1635e-07 -2.0625e-07 -1.8097e-07 -1.7506e-07 -3.4939e-07 -3.4638e-07 -3.4097e-07 -1.1305e-07 -5.0177e-08 -7.0501e-08 -3.4892e-07 -3.4891e-07 -3.4898e-07 -3.314e-07 -3.0793e-07 -3.2771e-07 -2.9751e-07 -3.1943e-07 -3.0504e-07 -3.0827e-07 -3.0308e-07 -2.9436e-07 -2.3841e-07 -1.0181e-07 -1.3575e-07 -1.8933e-07 -2.6096e-07 -5.7947e-08 4.7365e-08 3.6853e-08 9.1716e-08 8.9124e-08 9.4662e-08 7.2463e-08 6.5622e-08 7.1878e-08 9.5316e-08 8.7704e-08 7.8096e-08 8.1306e-08 7.9925e-08 6.1202e-08 8.0425e-08 5.2546e-08 -3.5132e-09 2.1974e-08 3.2784e-09 -5.1054e-08 -5.1593e-08 -8.2835e-08 -8.0257e-08 -4.416e-08 -7.8656e-09 -1.2349e-08 -3.6918e-08 -8.0172e-08 -3.9938e-08 -9.3251e-08 -8.4866e-08 -6.3784e-08 -1.4817e-07 -1.7117e-07 -8.9171e-08 -1.0259e-07 -1.2358e-07 -1.7587e-07 -1.5972e-07 -2.3271e-07 -2.6178e-07 -2.3041e-08 -1.3804e-07 -8.0194e-08 1.4972e-08 1.4777e-08 1.638e-08 5.0387e-08 7.6574e-08 7.4837e-08 -2.5283e-08 4.7521e-09 2.8569e-08 2.8644e-08 1.7019e-08 2.9837e-08 3.0106e-08 2.9991e-08 2.8052e-08 3.0595e-08 3.1273e-08 2.7704e-08 1.8191e-08 2.4369e-08 2.5626e-08 2.1633e-08 2.4403e-08 1.9862e-08 1.3754e-08 -2.5907e-09 -1.6023e-08 -2.1537e-08 -2.5611e-08 -2.8864e-08 -5.1179e-09 3.5413e-08 8.2413e-08 5.9677e-08 7.5825e-08 5.4101e-08 7.5802e-08 -4.5736e-08 -4.735e-08 1.4757e-08 2.869e-08 3.6259e-08 2.9719e-08 1.6052e-08 2.0438e-08 1.805e-08 -8.9741e-08 -1.1328e-07 -1.2372e-07 -1.6308e-07 -8.8049e-08 -1.0398e-07 -1.4144e-07 -1.4839e-07 -1.613e-07 -5.7343e-08 5.1288e-09 2.618e-08 9.4954e-09 2.3383e-08 1.1302e-08 -1.1042e-07 -3.7359e-08 -3.5726e-08 -1.6046e-07 -1.7448e-07 -5.7179e-08 -6.9867e-08 -4.0829e-08 -4.6761e-08 -1.1041e-08 1.8144e-08 -3.3581e-08
1.1491e-08 2.6532e-08 -1.5579e-08 -7.9535e-08 5.0798e-08 -7.1074e-08 -9.6138e-09 -3.0177e-08 -1.5107e-07 -7.4611e-08 8.6156e-08 8.6865e-08 -1.0862e-07 -1.6009e-07 -6.4917e-08 -1.1344e-07 -7.0054e-08 -1.4549e-07 -1.0552e-07 -9.7483e-08 -6.8787e-08 -1.8844e-07 -6.4574e-08 -6.7383e-08 -1.1291e-07 -1.1353e-07 -1.4776e-07 -1.9257e-07 -1.7113e-07 -1.8908e-07 -2.0708e-07 -3.493e-07 -2.9665e-07 -2.5362e-07 -2.5291e-07 -2.3109e-07 -2.121e-07 -2.1671e-07 -2.9651e-07 -3.1138e-07 -3.4362e-07 -3.1294e-07 -2.7984e-07 -2.8957e-07 -3.2244e-07 -3.3072e-07 -3.2396e-07 -3.3868e-07 -2.9604e-07 -3.4948e-07 -3.2767e-07 -3.2579e-07 -3.2354e-07 -3.1632e-07 -3.0391e-07 -3.0068e-07 -2.7786e-07 -2.4001e-07 -2.2965e-07 -1.5841e-07 -1.5599e-07 -1.3038e-07 -1.9954e-07 -1.6369e-07 -2.7509e-08 -1.0438e-07 5.0594e-08 8.4647e-08 9.2077e-08 9.2048e-08 9.2148e-08 9.2768e-08 8.8522e-08 7.4242e-08 8.5288e-08 7.7055e-08 6.8776e-08 4.5468e-08 2.4829e-08 2.783e-08 1.8679e-08 2.5551e-08 8.7069e-09 -3.5407e-08 -4.2801e-08 -8.3228e-08 -2.3254e-08 2.5682e-08 -3.312e-08 -4.1943e-08 -5.7536e-09 1.4459e-09 -1.2655e-08 -8.6206e-08 -3.7322e-08 -1.1494e-07 -1.1308e-07 -1.1853e-07 -1.2517e-07 -4.5742e-08 -1.6734e-07 -1.2984e-07 -1.9443e-07 -1.7888e-07 -1.9242e-07 -1.992e-07 -8.094e-08 -1.4479e-08 2.2682e-08 2.7992e-08 2.9213e-08 9.2027e-08 6.6613e-08 -2.6387e-08 -5.0672e-10 2.9465e-08 3.1256e-08 3.0591e-08 2.5121e-08 2.912e-08 3.124e-08 3.0453e-08 3.1122e-08 3.1268e-08 2.9034e-08 2.4287e-08 2.9208e-08 2.5572e-08 2.7338e-08 2.107e-08 1.5511e-08 3.0369e-09 -1.2995e-08 -2.0224e-08 -2.7592e-08 -2.9267e-08 -2.8314e-08 -2.1366e-08 4.3071e-08 9.535e-08 9.3015e-08 5.9294e-08 3.6418e-08 2.8578e-08 2.1352e-08 4.7126e-08 7.989e-08 4.1224e-08 -7.0729e-08 2.1998e-08 2.9675e-08 4.4562e-08 6.7969e-09 -2.2154e-08 -8.4248e-08 -3.9867e-08 -8.3739e-08 -1.3336e-07 -3.4239e-08 -6.4387e-08 -1.1517e-07 -1.3749e-07 -1.3346e-07 -9.3288e-08 -3.8075e-08 -1.6896e-08 4.4727e-08 2.0784e-08 -2.1983e-08 -2.6126e-08 -1.1803e-08 -4.4113e-08 1.0533e-08 -5.319e-09 -1.2175e-09 -4.8807e-08 -2.5014e-08 1.1836e-08 3.358e-08 4.9912e-08
5.1303e-08 2.9488e-08 2.7334e-08 -2.9239e-08 9.1375e-08 7.1615e-08 1.9794e-08 -1.115e-07 -1.9281e-07 -2.7057e-07 -3.0042e-07 -1.8187e-07 -2.0466e-07 -6.9054e-08 -2.2739e-09 -8.0672e-09 -7.5907e-09 -7.7935e-09 -3.5298e-08 -5.2841e-08 -5.5098e-08 -5.9101e-08 -1.1294e-07 -8.0984e-08 -1.3625e-07 -1.9146e-07 -1.8109e-07 -2.4387e-07 -2.5844e-07 -1.8689e-07 -2.0374e-07 -3.0647e-07 -2.9317e-07 -3.3548e-07 -2.8296e-07 -3.4278e-07 -3.1031e-07 -3.1089e-07 -3.2078e-07 -3.1413e-07 -3.062e-07 -2.0559e-07 -3.401e-07 -3.4142e-07 -3.375e-07 -3.35e-07 -3.4363e-07 -3.4461e-07 -3.4632e-07 -3.4566e-07 -3.3824e-07 -3.4894e-07 -3.2845e-07 -2.8973e-07 -2.8819e-07 -2.7783e-07 -2.8771e-07 -2.2193e-07 -2.0447e-07 -2.2618e-07 -2.2874e-07 -1.1652e-07 -1.1818e-07 -5.7913e-08 2.412e-08 3.9235e-08 7.1587e-08 8.2801e-08 -1.1722e-07 9.4553e-08 7.1576e-08 7.9803e-08 8.2772e-08 9.1054e-08 8.3043e-08 6.6577e-08 5.4633e-08 5.1695e-08 5.4466e-08 2.5002e-08 -1.1002e-08 -3.5767e-08 -8.4914e-08 8.9592e-08 -2.9177e-08 -6.5012e-08 -6.0774e-08 -8.104e-08 1.7061e-08 -4.2746e-08 -1.9329e-08 3.6098e-09 -3.5844e-09 -3.8862e-08 -1.1449e-07 -6.5442e-08 -1.2619e-07 -1.3865e-07 -6.5646e-08 -7.1701e-08 -1.7538e-07 -1.8116e-07 -2.0293e-07 -1.7697e-07 -1.477e-07 -1.4989e-07 6.6396e-08 -7.1249e-08 1.0636e-08 4.4413e-08 5.522e-08 6.6855e-08 9.4797e-08 -1.2574e-08 -2.576e-08 2.329e-08 3.1291e-08 3.0586e-08 2.5644e-08 2.939e-08 3.0084e-08 3.0337e-08 2.469e-08 3.1095e-08 2.6065e-08 2.7259e-08 2.4223e-08 2.5821e-08 2.4838e-08 2.2838e-08 1.9207e-08 -4.1276e-09 -2.2461e-08 -2.7167e-08 -2.9115e-08 -2.6499e-08 -1.0832e-08 3.8768e-08 7.848e-08 9.5243e-08 6.2964e-08 6.4355e-08 -5.2634e-10 1.579e-09 -2.1892e-08 8.6712e-10 4.1316e-08 4.4346e-08 3.9849e-08 2.2912e-08 4.4957e-08 2.461e-08 1.0895e-08 1.5401e-09 -2.4235e-08 -1.9609e-08 1.7267e-08 -1.7593e-08 -3.1478e-08 -1.4976e-07 -9.5196e-08 -9.7822e-08 -1.7468e-07 -1.7791e-07 -6.5085e-08 -2.9709e-08 4.4461e-08 -2.0071e-08 -1.4692e-08 7.1549e-09 2.8602e-08 2.4864e-08 2.1021e-08 1.7676e-08 -1.237e-08 -3.7315e-08 5.3278e-08 6.784e-08 5.4361e-08 8.6982e-08
5.156e-08 9.1322e-08 3.1187e-08 -7.9821e-08 1.3221e-08 -9.1103e-08 -9.2425e-08 -7.4027e-08 -1.738e-07 -2.7171e-07 -2.8547e-07 -1.8354e-07 -7.1108e-08 -4.2981e-08 -1.5383e-08 -2.8515e-08 -8.2472e-09 -2.2778e-07 -4.8608e-08 -5.9828e-08 -7.1489e-08 -1.0442e-07 -1.0137e-07 -1.3853e-07 -2.1312e-07 -1.7935e-07 -2.0586e-07 -2.2484e-07 -2.8559e-07 -2.7096e-07 -3.0074e-07 -3.1174e-07 -3.0321e-07 -3.2449e-07 -3.1522e-07 -3.0223e-07 -3.4295e-07 -3.0127e-07 -3.1155e-07 -3.0679e-07 -2.425e-07 -3.3889e-07 -3.4755e-07 -3.4893e-07 -3.4753e-07 -3.4937e-07 -3.4872e-07 -3.4936e-07 -3.4756e-07 -3.4648e-07 -3.4903e-07 -3.2419e-07 -3.4945e-07 -3.0347e-07 -2.7064e-07 -2.4717e-07 -2.47e-07 -2.4438e-07 -2.4114e-07 -2.2821e-07 -2.029e-07 -1.7547e-07 -1.7763e-07 -5.9006e-09 -1.4022e-08 -1.1023e-07 -6.9395e-08 -2.109e-09 -1.3854e-08 8.0528e-08 7.587e-08 9.1758e-08 6.0546e-08 2.4018e-08 4.0251e-08 5.9269e-08 5.9901e-08 5.7453e-08 7.9877e-08 4.5544e-08 -4.6246e-09 -5.4233e-08 -2.2057e-08 -5.1503e-08 -3.5595e-08 -9.1721e-08 -1.0303e-07 -8.4594e-08 -6.1245e-08 -4.4992e-08 -4.074e-08 -8.8543e-09 -2.3167e-08 -9.344e-08 -9.046e-08 -9.5055e-08 -5.3956e-08 -1.0049e-09 -1.2598e-07 -1.4767e-07 -1.4039e-07 -2.2685e-07 -2.0891e-07 -1.4923e-07 -1.2393e-07 -1.3283e-07 -1.1856e-07 -5.8295e-08 3.9655e-08 9.0542e-09 5.231e-09 4.5064e-08 7.6601e-08 9.0783e-08 -2.7943e-09 -2.6094e-08 2.8776e-08 3.1386e-08 2.9439e-08 2.8163e-08 2.9779e-08 2.9507e-08 2.9451e-08 3.0106e-08 2.506e-08 2.6673e-08 2.5644e-08 2.3402e-08 2.4684e-08 2.1425e-08 3.6018e-09 -2.8397e-08 -2.5872e-08 -2.6148e-08 -1.9716e-08 -3.1708e-09 -9.3082e-09 4.1326e-08 4.8593e-08 5.6507e-08 8.954e-08 4.339e-08 -7.4067e-08 -3.8234e-09 -4.1642e-08 -1.7515e-08 5.7395e-09 1.8533e-08 3.6615e-08 4.7233e-08 2.7315e-08 -1.2462e-09 -1.0462e-07 -9.7258e-08 -8.9615e-08 -3.9436e-08 -8.9518e-08 -1.2253e-07 -6.7265e-08 -2.9259e-08 -7.0516e-08 -1.2348e-07 -4.5625e-08 -1.5305e-08 -4.8562e-08 -4.7205e-08 -7.4517e-08 -3.3544e-08 -3.7397e-08 -1.1409e-07 4.2044e-08 4.3697e-08 3.8018e-09 -5.9425e-09 1.9289e-08 3.2235e-08 8.4193e-08 7.1505e-08 3.0585e-08 -6.2645e-08
5.7526e-08 6.7243e-08 -8.3129e-08 -1.1239e-07 -8.0065e-08 -2.1084e-07 -1.5198e-07 -2.6934e-07 -2.6701e-07 -1.9403e-07 -2.0275e-07 -1.6326e-07 -5.9968e-08 -3.4508e-08 1.8751e-08 -4.6749e-08 -6.5902e-09 -9.346e-10 -5.8833e-08 -5.9529e-08 -1.7373e-07 -1.0513e-07 -1.1714e-07 -1.2225e-07 -1.7079e-07 -2.0918e-07 -2.0792e-07 -2.338e-07 -2.6089e-07 -2.8973e-07 -3.0415e-07 -3.4661e-07 -3.3273e-07 -3.4226e-07 -3.491e-07 -3.4639e-07 -3.4284e-07 -2.6603e-07 -2.4411e-07 -1.2108e-07 -1.7238e-07 -3.4032e-07 -3.4282e-07 -3.4946e-07 -3.2791e-07 -3.4895e-07 -3.109e-07 -3.0466e-07 -3.236e-07 -3.2084e-07 -3.4704e-07 -3.2942e-07 -2.5104e-07 -3.4846e-07 -3.0564e-07 -2.4892e-07 -2.5209e-07 -2.427e-07 -2.3688e-07 -2.3781e-07 -1.8564e-07 -1.1942e-07 -1.2647e-07 -1.2766e-08 7.8139e-10 9.6951e-09 5.1533e-09 3.6459e-09 -7.8432e-09 -3.3e-08 4.2394e-10 7.318e-08 7.0555e-08 2.5203e-08 7.4666e-08 2.5596e-08 7.6806e-08 5.0591e-08 4.4348e-08 5.5501e-08 2.7507e-08 -1.3941e-09 3.4367e-08 -2.2828e-08 -3.3843e-08 -5.5458e-08 -6.5163e-08 -8.4692e-08 -8.2477e-08 -6.6174e-08 -5.8797e-08 -1.0966e-07 -7.4457e-08 -4.4785e-08 -8.348e-08 -6.1677e-08 -9.991e-08 -5.7794e-08 -1.0761e-07 -1.876e-07 -1.6314e-07 -1.9034e-07 -2.2366e-07 -1.9253e-07 -1.5642e-07 -1.3872e-07 -1.3531e-07 -1.4826e-07 -4.1351e-08 5.6165e-09 -1.6868e-08 -2.6176e-08 -5.9878e-08 3.6887e-09 7.5459e-08 2.4267e-08 -1.043e-08 2.0793e-08 3.0064e-08 3.1171e-08 3.1246e-08 2.7667e-08 2.7462e-08 2.4119e-08 2.7427e-08 2.7251e-08 2.2901e-08 2.2173e-08 3.0488e-09 -1.8697e-08 -2.6684e-08 -2.0644e-08 1.8059e-08 2.6675e-08 3.2608e-08 3.4533e-08 1.1918e-08 2.712e-08 7.0271e-08 7.8858e-08 9.532e-08 4.5917e-08 -3.1505e-09 -2.1301e-08 -4.6925e-08 -5.5451e-08 -2.6156e-08 -3.2517e-08 -1.3282e-08 8.21e-09 2.6783e-09 -3.7171e-08 -6.2989e-08 -9.4606e-08 -1.7743e-07 -1.9297e-07 -1.7377e-07 -1.8403e-07 -7.4514e-08 -1.4452e-07 -8.8342e-08 -4.3433e-08 -1.2025e-07 -7.3881e-08 -9.407e-08 -1.0591e-07 -4.2602e-08 -2.0419e-08 1.4151e-08 -5.2924e-08 -1.4779e-08 4.9532e-08 -6.7754e-08 1.0822e-08 1.2655e-08 3.5305e-08 5.249e-08 2.8742e-08 -1.6521e-08 -1.3859e-08
4.8754e-08 -5.0619e-08 -7.4808e-08 -8.8181e-08 -1.8747e-07 -1.7567e-07 -2.4473e-07 -1.8737e-07 -1.6731e-07 -1.8867e-07 -1.6139e-07 -1.5542e-07 -9.247e-08 -4.6032e-08 -4.5745e-09 -6.3684e-09 -6.1971e-09 -7.3791e-08 -1.06e-07 -5.953e-08 -1.2585e-07 -1.1745e-07 -1.3067e-07 -1.4276e-07 -1.7359e-07 -1.8318e-07 -2.1317e-07 -2.3948e-07 -2.7554e-07 -3.051e-07 -3.2554e-07 -3.3455e-07 -3.3675e-07 -3.4944e-07 -3.4788e-07 -3.4448e-07 -3.3894e-07 -2.3767e-07 -2.5843e-07 -1.1755e-07 -2.8096e-07 -3.4157e-07 -3.4942e-07 -3.3749e-07 -3.2509e-07 -3.0957e-07 -3.0773e-07 -2.8907e-07 -2.895e-07 -2.7776e-07 -3.4116e-07 -3.2913e-07 -3.4595e-07 -3.4813e-07 -3.4945e-07 -3.4934e-07 -2.8495e-07 -2.165e-07 -2.2252e-07 -1.769e-07 -1.1357e-07 -5.4385e-08 -1.6057e-08 -7.1183e-09 1.6668e-08 9.3409e-09 1.988e-08 3.6809e-08 2.6623e-08 1.8924e-08 3.169e-08 9.4679e-08 2.4428e-08 -8.4055e-09 2.9566e-08 1.5588e-08 2.8312e-08 4.1756e-08 6.1157e-08 5.9128e-08 7.109e-08 6.2079e-08 2.8877e-08 2.6329e-08 8.4519e-09 -5.2239e-08 -9.7458e-08 -1.2052e-07 -8.8258e-08 -7.9818e-08 -8.0169e-08 -6.5764e-08 -1.0865e-07 -7.1916e-08 -6.0674e-08 -7.7574e-08 -6.6101e-08 -8.5251e-08 -9.2431e-08 -1.5921e-07 -1.6432e-07 -9.0251e-08 -1.4112e-07 -1.7024e-07 -1.2853e-07 -1.0054e-07 -8.5666e-08 -1.3239e-07 -3.2307e-08 3.7997e-09 3.4853e-08 -2.3554e-08 2.9628e-08 1.8038e-08 9.2949e-08 9.2528e-08 2.7864e-08 -1.6748e-08 -2.7699e-08 1.1447e-08 2.6096e-08 3.1253e-08 2.0744e-08 2.5515e-08 2.2516e-08 2.4364e-08 1.6759e-08 4.3518e-09 -2.8548e-08 1.5889e-08 -2.3176e-08 -1.0334e-08 4.7204e-08 5.0437e-08 5.9538e-08 8.9198e-08 9.1377e-08 7.23e-08 7.7174e-08 9.4227e-08 9.537e-08 2.1457e-09 6.1686e-09 -3.7149e-08 -8.2428e-09 -8.5383e-08 -6.2221e-08 -6.6131e-08 -6.2062e-08 -4.8164e-08 -2.8986e-08 -6.2258e-08 -9.6663e-08 -9.5737e-08 -1.5271e-07 -1.6416e-07 -6.0849e-08 -1.9385e-07 -2.1733e-07 -2.4054e-07 -7.3021e-08 -1.9693e-08 4.0674e-08 -5.4496e-08 -2.435e-08 3.6003e-09 2.2086e-08 6.8193e-09 1.0573e-08 -6.6636e-09 -3.3414e-08 8.1289e-09 -4.7446e-08 -3.8765e-09 -5.8759e-09 -2.8515e-08 -4.9154e-09 1.6905e-08 1.2332e-08 5.0778e-09
4.6907e-08 -5.5541e-08 -2.4833e-07 -9.0071e-08 -1.8974e-07 -2.1023e-07 -1.2819e-07 -1.9021e-07 -1.4998e-07 -1.7682e-07 -1.7732e-07 -1.3893e-07 -5.2996e-08 -1.9645e-08 -5.4304e-09 -1.3284e-08 -2.01e-08 -1.8175e-07 -4.6402e-08 -5.2978e-08 -8.2935e-08 -1.3111e-07 -1.3331e-07 -1.5263e-07 -1.6608e-07 -1.9131e-07 -2.1476e-07 -2.5313e-07 -2.8799e-07 -3.1233e-07 -3.2971e-07 -3.4388e-07 -3.4836e-07 -3.4895e-07 -3.4926e-07 -3.2788e-07 -3.3042e-07 -2.926e-07 -4.7767e-08 2.3369e-07 -2.6877e-07 -3.4619e-07 -3.4859e-07 -3.4086e-07 -3.2398e-07 -3.028e-07 -2.866e-07 -2.7308e-07 -2.619e-07 -2.6205e-07 -2.6612e-07 -2.8081e-07 -3.3317e-07 -3.3222e-07 -3.3663e-07 -3.4857e-07 -3.4842e-07 -3.3212e-07 -2.274e-07 -1.8574e-07 -1.0522e-07 -5.256e-09 1.3149e-08 7.0052e-09 7.3487e-08 1.4085e-08 -7.1123e-09 1.0186e-08 3.8925e-08 3.5093e-08 5.5955e-08 8.272e-08 5.4238e-08 8.6725e-09 3.931e-08 6.8534e-08 4.5477e-08 4.186e-08 7.8527e-08 7.0775e-08 6.5769e-08 6.6898e-08 4.1179e-08 5.411e-08 -2.6588e-08 -3.0054e-08 -5.3058e-08 -9.2675e-08 -1.1159e-07 -8.0623e-08 -5.6409e-08 -6.2806e-08 -4.2966e-08 -5.411e-08 -6.1378e-08 -7.4789e-08 -6.9588e-08 -1.4354e-07 -8.5933e-08 -1.4402e-07 -6.6847e-08 -5.7267e-08 -1.0605e-07 -1.0254e-07 -6.4695e-08 -4.6513e-08 -3.3668e-08 -4.9278e-08 -1.3939e-07 -9.7293e-09 -5.2879e-08 2.7067e-08 4.7482e-08 5.8559e-08 -3.2259e-08 1.7042e-08 9.3834e-08 9.5214e-08 4.8668e-08 4.6935e-08 -1.1188e-08 -1.3075e-08 -2.8753e-08 -3.0087e-10 -2.1894e-08 -1.7624e-08 -2.8854e-08 -2.8468e-08 1.935e-08 6.4871e-08 8.7889e-08 9.5287e-08 8.4312e-08 7.2963e-08 8.7272e-08 9.4622e-08 9.4893e-08 9.5108e-08 9.5228e-08 6.7171e-08 6.2052e-08 2.6228e-08 -1.0853e-08 -3.2327e-08 -3.9616e-08 -6.3745e-08 -6.8465e-08 -5.6687e-08 -5.6966e-08 -5.0367e-08 -4.4506e-08 -7.9156e-08 -8.3572e-08 -1.552e-07 -1.1947e-07 -1.8449e-07 -2.4792e-07 -2.152e-07 -9.4867e-08 -2.4895e-07 -1.0772e-07 -3.6094e-08 -9.238e-09 -8.5094e-08 -3.2307e-09 -1.2863e-07 -1.0885e-08 1.6347e-08 -2.0583e-08 -4.1099e-08 -1.2499e-08 -3.3143e-08 -6.7004e-08 -4.6814e-08 -2.435e-08 -2.7627e-09 -2.9932e-08 -5.6696e-09 1.3543e-08 3.6309e-08
1.2153e-09 -6.4063e-08 -6.6569e-08 -7.1377e-08 -1.7187e-07 -1.9165e-07 -1.019e-07 -2.3088e-07 -1.703e-07 -1.1653e-07 -1.3297e-07 -6.374e-08 -7.9392e-08 -5.4269e-08 -4.0076e-09 -4.0181e-08 -3.0157e-09 -1.3434e-07 -4.922e-08 -1.4223e-07 -1.3767e-07 -1.3482e-07 -1.5415e-07 -1.5854e-07 -1.8833e-07 -2.0531e-07 -2.2518e-07 -2.4201e-07 -2.9207e-07 -3.1821e-07 -3.3774e-07 -3.4753e-07 -3.4837e-07 -3.4825e-07 -3.4458e-07 -3.4829e-07 -3.4943e-07 -2.6777e-07 -2.293e-07 1.515e-07 -2.966e-07 -3.4697e-07 -3.4884e-07 -3.378e-07 -3.1829e-07 -2.9484e-07 -2.7416e-07 -2.5844e-07 -2.4743e-07 -2.2744e-07 -2.2941e-07 -2.2018e-07 -2.5083e-07 -3.0996e-07 -3.0964e-07 -3.0102e-07 -2.7324e-07 -2.7457e-07 -2.8315e-07 -2.8312e-07 -3.0219e-07 -9.7633e-08 1.8687e-08 2.2696e-08 1.7138e-08 2.0541e-08 3.3556e-08 6.0219e-08 2.9998e-08 1.6643e-08 2.1795e-08 8.9028e-08 9.3703e-08 9.534e-08 7.3397e-08 3.3342e-08 6.6462e-08 6.8217e-08 8.4382e-08 8.3842e-08 8.2067e-08 8.0684e-08 7.138e-08 4.4504e-08 2.8786e-08 -4.9041e-09 1.1961e-09 4.1532e-09 -5.6844e-08 -7.6413e-08 -8.3578e-08 -5.0647e-08 -4.7897e-08 -1.1194e-07 -8.8747e-08 -6.7332e-08 -6.3887e-08 -1.0913e-07 -1.1098e-07 -1.1326e-07 -6.9017e-08 -2.5787e-08 -1.1723e-07 -6.1272e-08 -3.7637e-08 -5.707e-08 -4.8316e-09 -1.1265e-07 -1.7438e-07 -1.304e-07 -2.6854e-08 -2.5414e-08 1.6884e-08 -8.087e-09 -1.9119e-08 -4.095e-09 5.0626e-09 9.5252e-08 9.5235e-08 9.1702e-08 8.1888e-08 7.7233e-08 5.4352e-08 4.4698e-08 3.5891e-08 6.8603e-09 -1.1006e-08 8.8629e-09 1.7633e-08 6.9851e-08 9.5358e-08 8.6106e-08 8.7501e-08 9.3624e-08 8.417e-08 9.3202e-08 -1.6484e-07 9.4925e-08 9.4537e-08 -7.8713e-08 1.4524e-09 -5.0611e-08 -6.4148e-08 -6.4459e-08 -5.9212e-08 -5.7188e-08 -5.6759e-08 -5.4787e-08 -7.0439e-08 -7.708e-08 -8.2734e-08 -1.2279e-07 -1.9392e-07 -2.1001e-07 -2.2749e-07 -1.8816e-07 -9.1297e-08 -2.3694e-07 -2.2495e-07 -1.3055e-07 -1.8284e-07 -1.0874e-07 -3.428e-08 -3.6795e-08 2.5538e-08 -1.0726e-07 -1.192e-09 -3.1998e-08 -5.9396e-09 1.5583e-08 2.8406e-09 -2.3046e-08 -9.0526e-08 -1.2332e-07 -1.1923e-07 -5.4854e-08 -5.5197e-08 -4.3095e-08 1.4398e-08 2.1203e-08
2.211e-08 -9.4235e-08 -3.5562e-08 -8.0232e-08 -8.5988e-08 -9.8253e-08 -7.3004e-08 -1.6352e-08 -1.0506e-07 -5.102e-08 -7.9119e-08 1.3711e-08 1.2591e-08 -3.3089e-09 1.324e-08 -2.0812e-08 -1.2188e-08 -7.9017e-08 -1.3782e-07 -6.6079e-08 -1.1937e-07 -1.5055e-07 -1.5898e-07 -1.797e-07 -1.9946e-07 -2.279e-07 -2.4716e-07 -2.6679e-07 -3.036e-07 -3.3408e-07 -3.4648e-07 -3.4945e-07 -3.4579e-07 -3.3969e-07 -3.3682e-07 -2.8384e-07 -3.1994e-07 -3.4104e-07 -2.2751e-07 -2.7442e-07 -3.179e-07 -3.4538e-07 -3.4796e-07 -3.3705e-07 -3.2497e-07 -3.0535e-07 -2.8954e-07 -2.6449e-07 -2.47e-07 -2.446e-07 -2.2125e-07 -2.1413e-07 -2.4898e-07 -2.8862e-07 -3.4419e-07 -3.0314e-07 -2.7327e-07 -2.5459e-07 -2.532e-07 -2.6892e-07 -3.2653e-07 -1.9863e-07 -1.6952e-08 -6.9639e-09 1.2277e-08 1.4964e-08 1.4714e-08 -6.6162e-08 -2.8129e-08 -5.6074e-09 4.5304e-09 1.0005e-08 7.5775e-08 9.2079e-08 8.1448e-08 8.2014e-08 8.9952e-08 9.2891e-08 9.4646e-08 8.9539e-08 8.9823e-08 8.5414e-08 9.5283e-08 7.5805e-08 9.2287e-08 3.0046e-08 3.9973e-08 4.1373e-08 3.5796e-08 -6.0404e-08 -7.23e-09 -2.7917e-08 1.1369e-08 -1.2615e-07 -5.8126e-08 -6.3872e-08 -6.374e-08 -1.3486e-07 -1.8553e-07 -7.5862e-08 -6.8831e-08 -9.1916e-08 -7.8091e-08 -7.0643e-08 -9.4687e-08 -1.5444e-07 -7.5574e-08 -1.8341e-07 -2.1442e-07 -1.6447e-07 -1.1374e-07 -9.9243e-08 -3.847e-08 -6.2852e-08 2.3242e-08 7.5682e-08 3.3914e-08 8.7523e-08 9.5105e-08 9.3671e-08 8.7007e-08 9.3052e-08 9.504e-08 5.8686e-08 9.004e-08 2.992e-08 5.3509e-08 9.4756e-08 9.4968e-08 8.697e-08 9.4779e-08 8.0098e-08 7.7987e-08 9.199e-08 7.8727e-08 -7.5437e-09 -2.7336e-08 2.1828e-08 -1.1343e-07 -4.3135e-08 -6.5785e-08 -9.8061e-08 -1.2224e-07 -1.1338e-07 -9.6921e-08 -8.3134e-08 -2.703e-08 -7.7327e-08 -8.6173e-08 -1.0773e-07 -1.175e-07 -1.4963e-07 -2.0355e-07 -2.5313e-07 -2.3467e-07 -1.99e-07 -1.3276e-07 -2.0502e-07 -2.6869e-07 -2.1494e-07 -2.2763e-07 -1.6911e-07 -1.0058e-07 -3.3128e-08 -9.0436e-08 -8.3923e-08 -1.1745e-08 -8.3953e-08 -3.5481e-08 -1.3457e-09 -1.1648e-08 -7.5731e-08 -1.2848e-07 -2.0757e-08 -2.4525e-08 -5.6019e-08 -3.6122e-08 2.256e-08 5.4006e-08 9.9697e-09
2.0139e-08 8.2012e-09 -7.3728e-08 -7.22e-08 -8.5739e-08 -6.4261e-08 -3.1302e-08 -3.2187e-09 2.0874e-08 2.6718e-08 2.427e-08 1.8051e-08 4.5775e-08 5.3105e-08 1.5272e-08 3.4662e-08 -1.7129e-07 -1.1281e-07 -5.1797e-08 -1.2023e-07 -1.2213e-07 -1.6545e-07 -1.6722e-07 -1.8377e-07 -2.0988e-07 -2.4664e-07 -2.7294e-07 -3.0511e-07 -3.3127e-07 -3.4597e-07 -3.4935e-07 -3.4134e-07 -3.3155e-07 -3.2429e-07 -3.2804e-07 -3.2345e-07 -2.3518e-07 -2.8417e-07 -2.178e-07 -2.5855e-07 -3.1286e-07 -3.4466e-07 -3.4946e-07 -3.4601e-07 -3.3738e-07 -3.2518e-07 -3.0739e-07 -2.8632e-07 -2.5852e-07 -2.4029e-07 -2.0042e-07 -2.0628e-07 -2.0728e-07 -2.5105e-07 -3.2007e-07 -3.0654e-07 -2.7703e-07 -2.7453e-07 -2.78e-07 -3.0903e-07 -3.4479e-07 -1.6885e-07 -4.0928e-08 -3.0215e-08 -7.6069e-08 -4.3752e-08 -3.8893e-09 -5.8875e-08 -2.3932e-09 -6.5058e-09 -3.3341e-08 3.4117e-08 5.1808e-08 9.3309e-08 9.5096e-08 9.0561e-08 8.5711e-08 9.2875e-08 8.8992e-08 9.4603e-08 9.453e-08 9.1761e-08 9.2589e-08 9.3765e-08 8.7064e-08 5.7522e-08 6.8271e-08 7.6973e-08 6.3703e-08 -8.9999e-08 6.4197e-09 -2.6583e-08 1.5251e-08 2.6504e-08 2.1483e-08 -5.1617e-08 -6.8162e-08 7.7491e-08 -5.6309e-08 -1.4417e-07 -1.1887e-07 -1.5188e-07 -1.8217e-07 -2.0517e-07 -1.6169e-07 -9.6865e-08 -2.1022e-07 -2.167e-07 -2.5416e-07 -1.7503e-07 -1.3524e-07 -6.1799e-08 -8.1145e-08 -1.3709e-07 -1.4278e-07 -9.8691e-08 -7.3024e-09 2.7461e-08 6.4161e-08 7.8287e-08 9.5312e-08 9.1214e-08 9.5148e-08 8.9238e-08 8.8765e-08 6.1017e-08 9.1586e-08 9.0789e-08 8.7132e-08 7.6569e-08 3.8799e-08 4.7819e-08 6.6105e-08 7.4109e-08 -3.0929e-08 -1.1659e-07 -2.1243e-07 -1.8501e-07 -1.2301e-07 -7.5996e-08 -1.1116e-07 -1.4158e-07 -1.8835e-07 -1.6605e-07 -1.1672e-07 -9.9473e-08 -8.7244e-08 -7.2481e-08 -1.1581e-07 -1.2569e-07 -1.3725e-07 -1.4812e-07 -1.1753e-07 -1.407e-07 -1.2783e-07 -2.0853e-07 -1.3475e-07 -2.0353e-07 -2.5253e-07 -2.0942e-07 -2.5679e-07 -1.4435e-07 -1.0795e-07 -6.6769e-08 -6.5249e-08 -3.7118e-08 -5.2075e-08 -2.2314e-08 -4.1913e-08 4.4965e-08 -3.403e-08 7.4994e-08 -3.9308e-08 -2.8331e-08 -1.9891e-08 -2.9863e-08 -5.8495e-08 3.6819e-08 7.2117e-08 9.323e-09
-2.3845e-08 -7.8829e-09 -7.2165e-08 -7.1039e-08 -7.5266e-08 -7.1648e-08 -1.5859e-08 6.7835e-08 4.0433e-08 2.3631e-08 6.3036e-09 1.1307e-08 2.5798e-08 4.4947e-09 2.0302e-08 3.2831e-08 -2.2361e-08 -8.2034e-08 -7.6768e-08 -1.1319e-07 -1.422e-07 -1.7223e-07 -1.8084e-07 -2.0349e-07 -2.2917e-07 -2.5667e-07 -2.9692e-07 -3.3076e-07 -3.4847e-07 -3.4646e-07 -3.3495e-07 -3.1133e-07 -2.9145e-07 -2.8817e-07 -3.024e-07 -2.4572e-07 -2.684e-07 -1.5517e-07 -1.8404e-07 -2.6331e-07 -3.052e-07 -3.3481e-07 -3.4514e-07 -3.4937e-07 -3.4682e-07 -3.4028e-07 -3.2401e-07 -3.0723e-07 -2.8425e-07 -2.6135e-07 -2.443e-07 -2.1876e-07 -2.1266e-07 -2.6005e-07 -3.0635e-07 -2.782e-07 -3.1355e-07 -2.8923e-07 -3.1432e-07 -3.3473e-07 -3.3076e-07 -3.0678e-07 -6.1132e-08 -6.4606e-08 -4.7974e-08 -7.091e-08 -1.5368e-08 2.8899e-09 -4.9659e-09 3.7889e-10 2.6963e-08 1.9427e-08 4.7758e-08 7.3985e-08 9.4282e-08 8.0751e-08 9.5203e-08 9.3888e-08 9.5275e-08 9.4535e-08 9.5362e-08 9.4949e-08 9.3915e-08 9.4602e-08 9.5247e-08 9.4271e-08 7.8546e-08 8.0465e-08 6.2737e-08 1.6752e-08 -2.3468e-09 1.6293e-08 3.6391e-08 4.7132e-08 -9.7905e-09 -3.6163e-08 -6.3865e-08 -1.2e-07 -1.2809e-07 -1.0154e-07 -8.4356e-08 -6.8683e-08 -2.1593e-07 -1.6538e-07 -1.2547e-07 -1.4145e-07 -1.0555e-07 -2.4248e-07 -2.521e-07 -1.9533e-07 -1.1767e-07 -1.8431e-07 -1.0627e-07 -1.1216e-07 -1.004e-07 -5.5976e-08 -3.2686e-08 3.5393e-08 3.5287e-08 7.8551e-08 8.8625e-08 9.447e-08 8.4947e-08 9.3734e-08 9.0815e-08 8.8267e-08 9.2887e-08 -2.3543e-08 4.094e-08 4.0257e-08 2.0373e-08 -3.6209e-09 5.3189e-08 -2.6916e-08 -9.6263e-08 -1.3075e-07 -2.8019e-07 -2.6511e-07 -1.5185e-07 -1.7255e-07 -1.3892e-07 -1.4157e-07 -1.9495e-07 -2.3707e-07 -1.124e-07 -9.3049e-08 -9.0233e-08 -8.4495e-08 -8.2663e-08 -1.2341e-07 -1.6271e-07 -1.9914e-07 -2.3163e-07 -1.9452e-07 -8.1085e-08 -1.927e-07 -1.6749e-07 -1.7538e-07 -2.4206e-07 -1.4429e-07 -1.6313e-07 -1.3472e-07 -1.5503e-07 -1.562e-07 -6.1981e-08 -3.8985e-08 -2.452e-09 -3.3557e-08 -7.5287e-08 3.6419e-08 5.2387e-08 1.4004e-08 1.9888e-08 5.1082e-08 4.0435e-08 -3.2869e-08 -9.1086e-08 -1.0196e-08 -7.7536e-09 -4.4146e-08
-1.438e-07 -9.4225e-08 -9.202e-08 -1.2042e-07 -5.5608e-08 -1.4388e-08 3.6227e-08 9.2761e-08 9.1096e-08 6.2844e-08 5.1764e-08 1.3715e-08 2.8267e-08 2.5575e-08 4.6865e-08 2.392e-08 4.1094e-10 -2.9567e-08 -1.0269e-07 -1.1471e-07 -1.4332e-07 -1.7981e-07 -2.0177e-07 -2.3678e-07 -2.5786e-07 -2.8581e-07 -3.1793e-07 -3.4779e-07 -3.3201e-07 -2.9748e-07 -2.6546e-07 -2.4669e-07 -2.2664e-07 -2.4462e-07 -2.7392e-07 4.0276e-08 -2.2631e-07 -1.3483e-07 -1.6391e-07 -2.1599e-07 -2.4437e-07 -2.9052e-07 -3.171e-07 -3.3534e-07 -3.4757e-07 -3.4869e-07 -3.3943e-07 -3.2592e-07 -3.0268e-07 -2.8317e-07 -2.6837e-07 -2.5604e-07 -2.378e-07 -2.4464e-07 -2.8929e-07 -3.2169e-07 -3.2268e-07 -3.2372e-07 -3.1458e-07 -3.2195e-07 -3.3997e-07 -2.1947e-07 -1.0012e-07 -1.0854e-07 -7.5425e-08 -4.701e-08 8.2233e-09 1.6272e-08 2.4705e-08 -6.1423e-09 1.7252e-08 4.1959e-08 7.2025e-08 9.4972e-08 6.4312e-08 6.1419e-08 6.8861e-08 9.4774e-08 9.2854e-08 9.3097e-08 7.9079e-08 9.4664e-08 9.537e-08 9.516e-08 9.1433e-08 8.7061e-08 9.1283e-08 7.3304e-08 7.5694e-08 7.9913e-08 6.2273e-08 4.3455e-08 4.8851e-08 3.5578e-08 -2.2425e-08 1.0526e-09 -6.1297e-08 -8.3658e-08 -4.487e-08 -1.6068e-07 -1.0102e-07 -8.7189e-08 -1.9007e-07 -1.3217e-07 -1.9817e-07 -1.4773e-07 -2.4131e-07 -2.647e-07 -2.0087e-07 -1.9712e-07 -2.2243e-07 -1.7012e-07 -1.7316e-07 -1.4254e-07 -1.2273e-07 -8.8564e-08 -8.7744e-08 -9.6548e-08 -8.6158e-08 5.0743e-08 7.0714e-08 7.3831e-08 8e-08 7.9413e-08 6.4825e-08 5.8997e-08 5.0543e-09 4.2753e-09 1.6499e-08 5.4252e-10 -1.056e-08 -8.8852e-08 -1.1883e-07 -6.5609e-08 -1.2417e-07 -1.6986e-07 -2.3201e-07 -2.492e-07 -1.9503e-07 -1.6368e-07 -1.1969e-07 -1.1476e-07 -8.0629e-08 -8.2593e-08 -1.0594e-07 -9.8818e-08 -9.4381e-08 -9.1445e-08 -1.127e-07 -1.302e-07 -8.9601e-08 -1.6794e-07 -2.2888e-07 -2.1548e-07 -1.5633e-07 -1.3361e-07 -1.5242e-07 -1.2063e-07 -1.9714e-07 -1.3605e-07 -1.1871e-07 -1.4921e-07 -1.6541e-07 -1.7767e-07 -8.8434e-08 -8.6694e-08 -1.0775e-07 -1.1815e-07 -9.8527e-09 4.4101e-08 7.15e-08 8.299e-08 8.7579e-08 9.4984e-08 8.1049e-08 8.4865e-08 7.3073e-08 4.3372e-08 5.6955e-08 -1.2903e-07
-1.3396e-07 -1.3665e-07 -1.1004e-07 -5.3409e-08 -4.9348e-08 -9.4198e-09 7.3816e-08 8.7498e-08 8.4093e-08 7.7603e-08 6.3594e-08 3.1636e-08 4.2579e-08 -4.8895e-08 3.7555e-08 7.9252e-08 2.8312e-09 1.3704e-10 -5.8667e-08 -1.2209e-07 -1.4783e-07 -1.79e-07 -2.3231e-07 -2.6794e-07 -2.8906e-07 -3.1433e-07 -3.4112e-07 -3.3223e-07 -2.4154e-07 -1.44e-07 -1.2467e-07 -1.4114e-07 -1.767e-07 -2.0564e-07 -1.473e-07 4.3504e-09 -9.6181e-08 -1.4106e-07 -1.1089e-07 -8.4467e-08 -1.1201e-07 -1.931e-07 -2.5588e-07 -2.9147e-07 -3.3163e-07 -3.4708e-07 -3.4867e-07 -3.4202e-07 -3.2588e-07 -3.0508e-07 -2.9444e-07 -2.7338e-07 -2.7102e-07 -2.6226e-07 -2.9745e-07 -3.2529e-07 -3.4648e-07 -3.4583e-07 -3.2151e-07 -3.2867e-07 -3.3982e-07 -2.0222e-07 -1.043e-07 -1.9103e-07 -1.2571e-07 6.4438e-08 -1.1413e-08 8.4987e-08 1.0575e-08 3.4031e-08 -3.0864e-08 4.2474e-08 6.6321e-08 9.2422e-08 6.3351e-08 6.8321e-08 6.4031e-08 9.4918e-08 8.98e-08 9.5375e-08 9.1228e-08 9.394e-08 9.3482e-08 9.3777e-08 9.2567e-08 9.4137e-08 9.4758e-08 9.4659e-08 9.3587e-08 8.1816e-08 4.6839e-08 5.2553e-08 5.2904e-08 3.9236e-08 5.4335e-09 8.7123e-09 -5.7101e-08 -4.8116e-08 -1.0351e-07 -2.3621e-09 -8.0498e-08 -1.2318e-07 -1.8582e-07 -1.867e-07 -1.8837e-07 -1.9693e-07 -1.8322e-07 -2.4858e-07 -1.8291e-07 -1.8382e-07 -1.6154e-07 -1.9086e-07 -2.155e-07 -2.1873e-07 -1.7531e-07 -1.6559e-07 -1.3824e-07 -4.102e-08 -2.8134e-08 -1.0339e-07 -2.0243e-08 -3.7371e-08 -1.5587e-09 -1.5105e-09 -1.4679e-08 4.3341e-08 3.1147e-08 2.8904e-08 1.7466e-08 -6.7343e-09 -9.2116e-08 -7.0538e-08 -2.342e-07 -1.8623e-07 -1.6615e-07 -1.8954e-07 -2.6026e-07 -2.5771e-07 -1.8758e-07 -1.5031e-07 -1.0444e-07 -9.8789e-08 -7.8726e-08 -6.3216e-08 -9.5522e-08 -1.0213e-07 -1.0724e-07 -1.176e-07 -1.2438e-07 -1.6264e-07 -1.4092e-07 -1.5554e-07 -2.0453e-07 -1.8679e-07 -2.0592e-07 -1.9064e-07 -1.5637e-07 -1.2144e-07 -1.5477e-07 -6.8263e-08 -1.2097e-07 -1.273e-07 -1.6062e-07 -1.8818e-07 -3.7815e-08 -1.8144e-07 -1.3377e-07 -9.0537e-08 -3.5434e-09 7.4688e-08 8.1755e-08 9.2079e-08 9.2355e-08 9.537e-08 9.3566e-08 8.9685e-08 8.9981e-08 7.149e-08 9.024e-08 2.5949e-08
5.8346e-08 -1.2936e-07 8.6224e-09 -3.0116e-08 1.969e-08 4.5051e-08 9.3283e-08 9.5229e-08 7.2709e-08 7.8644e-08 7.8283e-08 3.6562e-08 1.0911e-08 1.9213e-08 4.1441e-08 7.5899e-08 -1.1557e-07 1.0115e-08 4.592e-08 -1.0126e-07 -1.3737e-07 -1.8545e-07 -2.2663e-07 -2.6424e-07 -3.0353e-07 -3.3635e-07 -3.4608e-07 -2.1978e-07 1.2993e-07 2.9165e-07 1.2737e-07 -4.1747e-08 -8.5834e-08 -1.4455e-07 -1.735e-07 -1.6145e-07 -1.9582e-07 -2.0088e-07 -5.5361e-08 3.604e-08 4.4803e-08 -1.0599e-07 -1.7984e-07 -2.3605e-07 -2.9842e-07 -3.3859e-07 -3.4904e-07 -3.478e-07 -3.425e-07 -3.3605e-07 -3.3501e-07 -3.0931e-07 -2.9273e-07 -2.9188e-07 -3.1822e-07 -3.2594e-07 -3.4351e-07 -2.7023e-07 -3.3229e-07 -2.5382e-07 -1.9002e-07 8.5728e-08 3.0946e-08 -1.5736e-09 -2.2777e-08 -1.6785e-08 7.2086e-09 -2.2277e-08 -2.1299e-08 4.8936e-08 3.4084e-08 8.4205e-08 7.8578e-08 8.6832e-08 8.466e-08 8.6026e-08 7.3441e-08 8.6872e-08 9.3174e-08 9.4603e-08 9.3454e-08 9.3027e-08 9.4351e-08 8.7443e-08 9.4521e-08 9.5242e-08 9.5146e-08 9.4236e-08 9.1084e-08 8.6901e-08 9.1133e-08 7.733e-08 6.734e-08 2.8555e-08 6.6059e-09 8.7204e-09 -7.2588e-09 -4.0873e-08 -1.2264e-07 -4.2015e-08 -1.4822e-07 -1.3035e-07 -1.5244e-07 -2.0211e-07 -1.8604e-07 -2.2436e-07 -2.0561e-07 -2.0996e-07 -2.2942e-07 -2.1952e-07 -1.5939e-07 -2.2924e-07 -2.5035e-07 -2.5297e-07 -2.4211e-07 -2.7809e-07 -1.6516e-07 -4.4222e-08 -3.8104e-08 -3.4592e-08 -1.0486e-07 -3.2603e-08 -3.6647e-08 -5.3258e-08 -8.3433e-09 1.544e-08 1.9528e-08 3.9709e-08 -4.1585e-08 -9.8161e-08 -1.2892e-07 -2.485e-07 -2.5817e-07 -2.5276e-07 -2.155e-07 -2.3414e-07 -2.6188e-07 -2.4089e-07 -2.3392e-07 -1.7437e-07 -1.2729e-07 -9.0859e-08 -9.7286e-08 -9.3988e-08 -7.5152e-08 -9.3399e-08 -1.2536e-07 -1.11e-07 -1.5874e-07 -1.2273e-07 -1.6051e-07 -1.225e-07 -2.1408e-07 -2.5061e-07 -1.2027e-07 -9.075e-08 -1.9075e-07 -9.0271e-08 -8.4929e-08 -1.2666e-07 -1.1677e-07 -1.3392e-07 -1.8716e-07 -1.5441e-07 -8.3557e-08 -6.2775e-08 -8.3664e-08 -7.8273e-08 -3.6714e-08 8.4485e-08 9.4957e-08 6.8757e-08 8.9339e-08 9.3298e-08 9.1546e-08 8.7682e-08 9.5298e-08 7.1989e-08 2.2702e-08 4.2884e-08
7.5382e-08 6.5071e-08 3.2305e-08 -8.0819e-09 2.2754e-08 7.0002e-08 9.3037e-08 9.299e-08 9.5375e-08 9.3795e-08 9.3963e-08 6.7482e-08 5.3821e-08 6.9699e-08 6.7249e-08 7.4105e-08 2.105e-08 1.3789e-08 -8.0115e-09 -6.3262e-08 -1.1426e-07 -1.7444e-07 -2.21e-07 -2.6413e-07 -3.1161e-07 -3.4508e-07 -3.3085e-07 -2.0316e-08 9.5044e-07 1.2724e-06 5.2808e-07 8.8617e-08 -1.4878e-08 -4.1321e-08 -6.3469e-08 -2.0685e-07 -1.6259e-07 -1.5429e-07 -1.3728e-08 6.4896e-08 5.1255e-08 -2.2836e-07 -8.0937e-08 -1.8652e-07 -2.6843e-07 -3.1914e-07 -3.4488e-07 -3.4947e-07 -3.4746e-07 -3.4307e-07 -3.4132e-07 -2.9352e-07 -3.3458e-07 -1.7508e-07 4.89e-08 8.8022e-08 8.2676e-08 -2.6939e-08 -6.2558e-09 -2.5759e-08 6.737e-08 -1.9444e-07 -2.0556e-07 -1.6924e-07 4.8935e-08 2.6006e-08 8.3584e-08 8.1754e-08 -4.6904e-08 -5.3654e-09 8.4591e-08 6.972e-08 8.7431e-08 9.45e-08 9.5371e-08 8.5916e-08 9.0606e-08 7.432e-08 5.912e-08 9.0485e-08 9.2334e-08 9.2e-08 9.3037e-08 9.3032e-08 9.531e-08 9.53e-08 9.3205e-08 9.5216e-08 9.0204e-08 9.5359e-08 9.3038e-08 8.9219e-08 7.6824e-08 5.2485e-08 8.1911e-08 3.5422e-08 9.593e-09 -2.8356e-08 -5.3944e-08 -5.3301e-08 -5.9952e-08 -1.0558e-07 -1.6563e-07 -1.9546e-07 -2.2224e-07 -1.4927e-07 -2.1664e-07 -2.2022e-07 -2.3599e-07 -2.4522e-07 -2.4043e-07 -2.2201e-07 -2.7011e-07 -2.2491e-07 -2.3935e-07 -2.0808e-07 -2.0756e-07 -8.8689e-08 -5.9114e-08 -7.9553e-08 -7.1083e-08 -3.0132e-08 -5.5203e-08 -5.606e-08 -1.0238e-07 -2.8712e-08 -1.7951e-08 -1.3973e-08 -4.6614e-08 -7.9847e-08 -2.2752e-07 -2.559e-07 -2.8837e-07 -2.2704e-07 -2.4567e-07 -2.1872e-07 -2.6691e-07 -2.4644e-07 -1.5527e-07 -1.504e-07 -7.4928e-08 -9.2819e-08 -7.2545e-08 -8.6272e-08 -7.6635e-08 -8.836e-08 -1.4429e-07 -1.6889e-07 -1.7728e-07 -1.6595e-07 -1.7285e-07 -2.0337e-07 -1.4292e-07 -2.1231e-07 -8.3796e-08 -8.691e-08 -1.637e-07 -1.6113e-07 -1.0919e-07 -9.1712e-08 -1.3539e-07 -1.1817e-07 -1.7613e-07 -1.9519e-07 -1.4555e-07 -2.7782e-09 3.8512e-09 2.7881e-08 6.7393e-08 9.5315e-08 9.2088e-08 8.1588e-08 7.7302e-08 8.264e-08 8.5441e-08 7.6671e-08 6.7329e-08 8.2908e-08 6.85e-08 8.3889e-08
7.0834e-08 9.0242e-08 6.5018e-08 6.2266e-08 8.8407e-08 8.5636e-08 9.4587e-08 9.0831e-08 9.5346e-08 9.527e-08 9.3912e-08 9.2192e-08 9.3417e-08 7.5446e-08 8.6953e-08 8.158e-08 7.3968e-08 3.8852e-08 1.4682e-08 -3.5041e-08 -9.4949e-08 -1.4157e-07 -2.117e-07 -2.6428e-07 -3.2205e-07 -3.4772e-07 -3.2861e-07 -7.6157e-08 9.0704e-07 2.509e-06 1.55e-06 9.4716e-08 1.352e-08 9.6708e-09 3.5433e-08 -1.3052e-07 -1.1349e-07 -4.2659e-08 9.3419e-08 1.7338e-07 2.2641e-08 -7.1677e-08 -5.7173e-08 -1.7271e-07 -2.4671e-07 -2.9836e-07 -3.4373e-07 -3.4844e-07 -3.4936e-07 -3.4609e-07 -3.4834e-07 -3.1994e-07 9.3402e-08 7.3543e-08 -2.8594e-08 -2.9041e-08 8.3581e-08 -3.4502e-07 -3.3648e-07 -3.3753e-07 -2.8958e-07 -2.6772e-07 -2.3138e-07 -2.0092e-07 -1.3118e-07 -1.4865e-07 -1.1694e-07 8.4441e-08 7.7625e-09 2.0514e-08 -1.9785e-08 9.4512e-08 -2.0619e-08 8.1249e-08 9.4105e-08 5.889e-08 5.7278e-08 7.9396e-08 6.6545e-08 6.29e-08 8.9439e-08 8.9222e-08 8.6848e-08 9.152e-08 8.9967e-08 9.2694e-08 8.3694e-08 9.4752e-08 9.3338e-08 9.5048e-08 9.5069e-08 9.4228e-08 8.0871e-08 6.8725e-08 4.7654e-08 4.509e-08 5.2627e-08 1.0316e-08 -1.8465e-07 -1.2491e-07 -5.25e-08 -4.1832e-08 -1.2268e-07 -1.6178e-07 -1.7729e-07 -2.2254e-07 -2.2774e-07 -2.1752e-07 -2.4598e-07 -2.411e-07 -1.7865e-07 -2.2672e-07 -2.1468e-07 -2.5083e-07 -2.1989e-07 -2.0034e-07 -2.0841e-07 -1.7649e-07 -1.1927e-07 -1.5147e-07 -1.2868e-07 -8.6677e-08 -9.3392e-08 -1.079e-07 -1.5668e-07 -2.8735e-08 -4.5227e-08 -5.0467e-09 -4.5646e-08 -5.0609e-08 -9.375e-08 -2.119e-07 -2.7856e-07 -2.5494e-07 -2.6056e-07 -1.891e-07 -2.3746e-07 -1.7671e-07 -1.2357e-07 -1.19e-07 -5.2581e-08 -6.6039e-08 -9.1085e-08 -7.6188e-08 -7.2342e-08 -7.7971e-08 -9.8351e-08 -8.9354e-08 -1.3165e-07 -1.3541e-07 -1.5384e-07 -2.0888e-07 -2.5683e-07 -1.9613e-07 -2.0495e-07 -1.6796e-07 -1.0694e-07 -8.9868e-08 -1.2883e-07 -5.4904e-08 -1.0286e-07 -2.5279e-08 1.4477e-08 -3.3919e-08 -5.5723e-09 9.483e-08 1.8103e-08 6.5584e-08 8.4191e-08 9.4168e-08 8.8497e-08 8.5967e-08 6.6124e-08 7.2472e-08 6.1112e-08 5.2055e-08 5.1275e-08 9.0972e-08 8.2859e-08 9.4682e-08
9.3386e-08 9.4681e-08 9.5191e-08 8.124e-08 6.3034e-08 9.3698e-08 8.9898e-08 9.5347e-08 8.949e-08 8.4449e-08 9.5346e-08 9.4181e-08 9.4291e-08 9.1936e-08 9.2345e-08 8.1654e-08 8.1862e-08 5.9343e-08 3.8642e-08 -1.3756e-08 -5.6597e-08 -1.2838e-07 -1.8252e-07 -2.5024e-07 -3.06e-07 -3.4443e-07 -3.3992e-07 -2.7742e-07 6.9102e-07 4.2021e-06 4.22e-06 5.2004e-07 5.0988e-08 4.9576e-08 2.8501e-08 6.4192e-08 -5.6024e-08 4.3991e-09 -6.2256e-09 8.8438e-08 4.6046e-08 -1.2099e-07 -3.3958e-07 -2.9709e-07 -3.4947e-07 -3.0418e-07 -3.4194e-07 -3.4809e-07 -3.4882e-07 -3.3706e-07 9.0642e-08 2.4769e-08 3.2497e-08 -2.7427e-08 7.7896e-08 -3.4881e-07 -3.2336e-07 -2.5687e-07 -3.4901e-07 -2.9606e-07 -2.6944e-07 -2.5087e-07 -1.4738e-07 -1.736e-07 -1.0129e-07 -6.7831e-08 9.4775e-08 3.1442e-08 4.4746e-08 6.8976e-08 -2.1541e-08 -2.1959e-08 -2.6501e-08 -1.0059e-09 2.1264e-08 5.5254e-08 8.8773e-08 7.4897e-08 7.2229e-08 2.3153e-08 6.256e-08 9.05e-08 8.3809e-08 8.2002e-08 8.563e-08 8.3721e-08 7.1828e-08 9.3592e-08 9.23e-08 9.2283e-08 8.4793e-08 9.1539e-08 9.1311e-08 8.7999e-08 6.7703e-08 3.7519e-08 4.6877e-08 1.7336e-08 -7.696e-08 -9.2531e-08 -4.4794e-08 -7.2367e-08 -1.4147e-07 -1.1585e-07 -1.2257e-07 -1.8351e-07 -2.2422e-07 -1.7467e-07 3.4404e-09 4.4721e-08 -2.1269e-07 -1.5705e-07 -1.9533e-07 -1.8005e-07 -1.8788e-07 -2.0768e-07 -2.0427e-07 -1.9127e-07 -1.5304e-07 -1.4355e-07 -1.4103e-07 -1.7414e-07 -1.4164e-07 -1.6882e-07 -1.7401e-07 -1.568e-07 -1.1266e-07 -5.5345e-08 -4.5491e-08 -4.5867e-08 -1.0102e-07 -1.6157e-07 -2.7557e-07 -1.7092e-07 -1.6906e-07 -2.4721e-07 -1.2837e-07 -8.7854e-08 -1.7741e-07 -1.0795e-07 -5.4947e-08 -4.8073e-08 -2.5109e-08 -5.5903e-08 -5.5444e-08 -8.8717e-08 -1.028e-07 -3.8683e-08 -5.5063e-08 -1.1846e-07 -2.2795e-07 -1.9668e-07 -2.5507e-07 -1.5373e-07 -8.7877e-08 -1.139e-07 -7.9145e-08 -1.4334e-08 -7.8636e-08 -3.6971e-08 2.2684e-08 9.4677e-08 9.1399e-08 8.8325e-08 8.5671e-08 9.1367e-08 9.2829e-08 9.5338e-08 9.0342e-08 8.8082e-08 8.0428e-08 7.0169e-08 5.8584e-08 1.8332e-08 3.7115e-08 4.0621e-08 8.8955e-08 -4.2287e-08 8.4783e-08 9.1469e-08
8.8375e-08 9.0683e-08 9.3985e-08 9.3992e-08 3.1257e-08 5.0764e-08 8.2219e-08 7.755e-08 4.778e-08 6.8797e-08 7.7554e-08 9.0947e-08 9.5107e-08 9.5329e-08 9.5374e-08 9.4945e-08 9.5334e-08 8.2043e-08 5.7668e-08 2.1047e-08 -3.0462e-08 -9.504e-08 -1.5361e-07 -2.3282e-07 -2.9313e-07 -3.3154e-07 -3.4948e-07 -3.3445e-07 3.8311e-07 2.6012e-06 1.8647e-06 8.1302e-07 1.5705e-07 7.4788e-08 2.3606e-08 -3.6793e-08 9.148e-08 8.5666e-08 -4.02e-08 8.4148e-08 -3.4167e-07 -3.2859e-07 -1.72e-07 -1.8788e-07 -2.7012e-07 -2.0748e-07 -2.0931e-07 9.1298e-08 9.4623e-08 4.2519e-09 -2.5414e-07 -3.4812e-07 -8.0084e-08 -2.087e-08 9.5374e-08 8.7647e-08 6.6158e-08 -1.8159e-07 -3.1041e-07 -2.4785e-07 -2.3107e-07 -2.2643e-07 -1.8344e-07 -1.56e-07 5.5095e-08 7.1298e-08 5.8642e-08 8.4443e-08 -5.3942e-08 -2.3748e-08 7.1637e-08 -2.3576e-08 -2.1562e-08 -5.0539e-09 -1.7458e-08 -1.0631e-09 2.7281e-08 8.3591e-08 8.557e-08 7.2401e-08 6.7353e-08 7.6713e-08 7.2839e-08 8.7019e-08 8.2849e-08 8.8031e-08 9.3163e-08 9.5158e-08 9.5375e-08 9.4673e-08 9.5357e-08 9.3807e-08 9.1185e-08 8.7608e-08 8.6264e-08 8.931e-08 8.9449e-08 4.4583e-08 -2.7524e-08 -2.7298e-09 -1.3992e-07 -1.4774e-07 -1.2143e-07 -1.14e-07 -2.1674e-07 -1.4984e-07 -1.2607e-07 -1.7271e-07 -1.7592e-07 -1.6957e-07 -1.3778e-07 -1.4246e-07 -1.186e-07 -2.2077e-07 -2.0958e-07 -2.0744e-07 -2.0853e-07 -1.3188e-07 -1.2388e-07 -1.5273e-07 -2.0468e-07 -2.2897e-07 -2.1282e-07 -2.4371e-07 -1.8675e-07 -1.0868e-07 -1.4384e-07 -1.1863e-07 -4.8349e-08 -4.719e-08 -6.5548e-08 -8.4358e-08 -2.329e-07 -2.4423e-07 -1.8794e-07 -1.4921e-07 -1.4626e-07 -1.291e-07 -1.4993e-07 -9.2185e-08 -4.6563e-08 -5.493e-08 -8.7932e-09 -1.5349e-08 -2.3684e-08 -1.5454e-08 3.6108e-09 1.7726e-09 -3.1733e-09 3.2739e-08 -2.5276e-07 -2.688e-07 -2.4966e-07 -1.5367e-07 -2.1699e-07 -2.5926e-08 9.4478e-08 6.0755e-08 6.6158e-08 6.1474e-08 9.4759e-08 9.1859e-08 9.4289e-08 9.5321e-08 7.8402e-08 5.9168e-08 7.545e-08 6.2018e-08 5.9654e-08 6.2913e-08 6.0075e-08 6.1203e-08 4.9167e-08 3.2008e-08 1.8346e-08 1.7595e-08 5.1376e-08 6.978e-08 7.6096e-08 8.7831e-08
8.4653e-08 7.7735e-08 6.9669e-08 7.3291e-08 8.6803e-08 2.6596e-08 3.2395e-08 3.3933e-08 2.3035e-08 6.2082e-08 7.8736e-08 9.5344e-08 9.2398e-08 8.7277e-08 7.6284e-08 6.7288e-08 6.7456e-08 8.9313e-08 7.1261e-08 6.913e-08 2.0279e-08 -3.474e-08 -1.0305e-07 -1.8884e-07 -2.5238e-07 -3.0639e-07 -3.3949e-07 -3.4315e-07 -2.4013e-07 1.395e-07 6.9146e-07 5.7286e-07 1.5468e-07 1.0958e-07 -8.439e-10 -6.9041e-08 -6.3773e-08 -2.5624e-07 -1.3016e-07 2.7397e-08 -6.7865e-08 -1.3858e-07 -2.2168e-07 -8.666e-08 -3.1512e-07 -8.315e-09 -2.8878e-07 -1.8867e-07 -3.1591e-07 -3.4903e-07 -3.443e-07 -7.5382e-08 9.1364e-08 9.5373e-08 7.2451e-08 -3.4806e-07 -3.3647e-07 -2.2906e-07 9.5375e-08 9.4351e-08 -1.9716e-07 -1.7466e-07 -1.5478e-07 -1.4758e-07 -3.2509e-08 -9.4868e-08 2.0272e-08 -4.8666e-08 -3.6435e-08 7.1916e-09 7.262e-08 9.3266e-08 1.2962e-08 9.487e-08 9.4354e-08 1.3233e-08 -6.1327e-09 1.0499e-08 9.3988e-08 8.8098e-08 3.0402e-08 5.6504e-08 6.1998e-08 7.3139e-08 7.839e-08 8.8632e-08 9.4212e-08 9.3875e-08 8.8802e-08 9.3321e-08 9.5216e-08 9.5289e-08 9.4898e-08 8.6336e-08 8.6746e-08 9.2272e-08 8.9572e-08 8.7877e-08 6.2948e-08 7.184e-08 -2.5765e-08 -1.7567e-07 -1.4801e-07 -1.1952e-07 -6.8029e-08 -1.16e-07 -1.3403e-07 -1.455e-07 -1.2679e-07 -1.5432e-07 -6.3396e-08 -5.0997e-08 -7.6768e-08 -1.9253e-07 -2.1647e-07 -2.0749e-07 -2.3934e-07 -2.1071e-07 -2.4279e-07 -1.6617e-07 -2.0894e-07 -1.5953e-07 -1.981e-07 -1.9483e-07 -1.5774e-07 -1.8747e-07 -8.6373e-08 -1.5614e-07 -6.6973e-08 -5.7047e-08 -8.2263e-08 -1.6662e-07 -1.4839e-07 -2.2319e-07 -1.5363e-07 -1.3086e-07 -7.2055e-08 -9.1873e-08 -7.51e-08 -5.3307e-08 -7.0884e-08 -3.0622e-08 3.9462e-08 4.6462e-08 2.57e-08 1.5657e-08 8.3951e-08 6.1682e-08 6.3798e-09 -2.859e-08 -1.1747e-07 -1.8474e-07 -5.6427e-08 -7.688e-08 -9.2379e-08 -5.576e-09 7.2461e-08 9.5143e-08 -1.0073e-08 6.9867e-08 8.5484e-08 9.4764e-08 9.4582e-08 7.3448e-08 7.3202e-08 4.3369e-08 4.2247e-08 4.9387e-08 4.9466e-08 4.1831e-08 3.7369e-08 3.9882e-08 2.3285e-08 2.4475e-08 2.4813e-08 2.0175e-08 1.7953e-08 3.6184e-08 5.6755e-08 7.3323e-08
7.1957e-08 7.5465e-08 5.8331e-08 5.4983e-08 6.7264e-08 5.2194e-09 4.3697e-09 1.4307e-08 4.6133e-08 3.3301e-08 9.0143e-08 8.7779e-08 7.3977e-08 2.5931e-08 3.161e-08 1.9658e-08 9.3214e-08 7.4873e-08 9.0277e-08 9.3927e-08 7.8317e-08 1.5582e-08 -4.9085e-09 -9.7187e-08 -1.9477e-07 -2.648e-07 -3.1284e-07 -3.4933e-07 -3.3257e-07 -1.8259e-07 5.1304e-08 1.0913e-07 2.0966e-07 2.2124e-07 -2.8109e-08 -1.3228e-07 -1.9681e-07 -2.2624e-07 -2.3284e-07 -1.5953e-07 -1.1831e-07 -2.2665e-07 -2.789e-07 -3.4355e-07 -3.4925e-07 -3.4946e-07 -3.3444e-07 -3.3249e-07 -3.4038e-07 -3.483e-07 -3.4912e-07 -3.4535e-07 -3.48e-07 -6.6908e-08 -1.6187e-07 -3.2831e-07 -2.7949e-07 -2.1917e-07 -1.7184e-07 5.2758e-08 -1.9843e-07 -9.0449e-08 -9.5911e-08 -4.7766e-08 -3.7281e-08 -1.9033e-08 9.3422e-08 2.8431e-08 4.6779e-08 7.8696e-08 9.1135e-08 9.5228e-08 -2.2386e-08 8.5592e-08 9.0459e-08 2.8091e-08 5.3479e-08 4.0562e-08 7.8486e-08 7.3613e-08 6.0532e-08 6.0686e-08 3.0546e-08 5.6021e-08 7.5686e-08 8.3639e-08 7.7661e-08 8.7906e-08 8.8807e-08 9.115e-08 9.3214e-08 9.5273e-08 9.5097e-08 9.4478e-08 9.0836e-08 8.9028e-08 5.501e-08 8.8581e-08 8.8162e-08 9.0188e-08 9.1577e-09 -7.8089e-08 -1.1611e-07 -8.9552e-08 -4.3122e-08 -1.1786e-07 -9.8673e-08 -6.839e-08 -7.9754e-08 -7.9132e-08 -4.0701e-08 -4.0027e-08 -8.5886e-08 -1.3508e-07 -1.6466e-07 -2.2762e-07 -2.6257e-07 -8.6195e-08 -1.1632e-07 -1.5792e-07 -1.7136e-07 -1.5156e-07 -1.7736e-07 -1.1293e-07 -2.0144e-07 -1.5022e-07 -1.853e-07 -8.0083e-08 -7.1052e-08 -3.4695e-08 -1.0331e-07 -7.9856e-08 -9.7145e-08 -1.1708e-07 -5.4339e-08 5.1008e-08 -1.0805e-07 -4.9983e-09 -2.6575e-08 -6.9297e-08 -2.8122e-08 -1.6317e-08 7.2642e-08 7.2795e-08 3.0182e-08 9.1124e-08 8.1656e-08 3.9213e-08 -2.7067e-09 -4.5935e-08 -1.2973e-07 -1.0056e-07 -1.1703e-07 -8.5838e-08 -4.6492e-08 6.615e-08 7.2163e-08 7.1722e-08 6.764e-08 8.9342e-08 6.303e-08 7.072e-08 7.3381e-08 7.8475e-08 6.5106e-08 4.0162e-08 5.325e-08 7.2295e-08 2.4637e-08 2.1227e-08 2.421e-08 1.6218e-08 1.2881e-08 1.0016e-08 1.0668e-08 1.0051e-08 1.4632e-08 2.2589e-08 4.781e-08 5.2428e-08
4.571e-08 5.2014e-08 4.7225e-08 3.2499e-08 2.5588e-08 3.332e-09 2.4421e-09 1.8491e-08 2.7991e-08 7.187e-08 9.4269e-08 7.8973e-08 6.5319e-08 2.9787e-08 6.9827e-09 5.5034e-08 8.9626e-08 7.2041e-08 7.9679e-08 9.4748e-08 9.0344e-08 7.3586e-08 4.474e-08 -2.1324e-08 -1.1225e-07 -2.2537e-07 -2.9429e-07 -3.4019e-07 -3.4767e-07 -3.1163e-07 -1.7349e-07 -4.6194e-08 4.2785e-07 1.2809e-06 -8.3822e-08 -1.7634e-07 -2.2349e-07 -2.6267e-07 -2.8275e-07 -2.8697e-07 -2.9206e-07 -3.4588e-07 -3.493e-07 -3.4363e-07 -3.3315e-07 -2.9373e-07 -2.6232e-07 -2.3657e-07 -2.0279e-07 -1.7019e-07 -2.1766e-07 -5.5532e-08 4.2012e-08 -3.2703e-07 -3.1896e-07 -2.9598e-07 -2.0038e-07 -1.5132e-07 -1.3631e-07 5.4144e-08 -8.241e-08 -4.0251e-08 -3.2875e-08 -3.7007e-08 -1.2151e-09 1.3454e-08 1.1303e-08 9.3668e-08 9.5108e-08 9.3631e-08 6.0214e-08 9.5305e-08 -1.0989e-08 -1.4778e-08 6.5595e-08 6.4777e-08 7.5881e-08 7.2394e-08 6.8032e-08 4.9984e-08 1.4186e-08 2.7651e-08 3.8579e-08 7.0103e-08 6.6309e-08 6.948e-08 7.9003e-08 8.7987e-08 9.1996e-08 9.3183e-08 9.183e-08 8.7782e-08 9.5045e-08 9.5372e-08 9.247e-08 8.9439e-08 4.2897e-08 8.7506e-08 8.6763e-08 8.9131e-08 1.3788e-08 -1.5405e-08 -4.4655e-08 -7.777e-08 -4.072e-08 -5.42e-08 -6.2844e-08 -3.4226e-08 -2.6386e-08 -1.6632e-08 3.5429e-09 -8.65e-10 -1.083e-07 -1.4616e-07 -1.5059e-07 -1.9834e-07 -2.3785e-07 -8.3042e-08 -1.1687e-07 -1.2278e-07 -1.1779e-07 -1.7875e-07 -1.6599e-07 -1.9571e-07 -1.4153e-07 -1.3095e-07 -1.015e-07 -7.7662e-08 1.4442e-08 -9.4711e-09 -6.2501e-08 -1.3389e-07 -6.7171e-08 -4.5881e-08 4.6699e-08 3.8704e-08 7.6497e-09 9.1323e-08 -1.6346e-08 -4.2513e-08 -8.6056e-09 1.3614e-08 7.949e-08 8.2861e-08 8.6021e-08 9.2905e-08 8.8744e-08 -7.1878e-09 2.6575e-08 -4.2112e-08 -6.0578e-08 -4.5981e-08 4.836e-08 5.5313e-08 8.5024e-08 7.4182e-08 4.9215e-08 3.5385e-08 5.2231e-08 5.5576e-08 2.6591e-08 3.9367e-08 6.1991e-08 6.4171e-08 3.8023e-08 4.8938e-08 7.4955e-08 4.9537e-08 2.6942e-08 1.884e-08 1.6514e-08 1.4359e-08 1.3657e-08 9.3636e-09 8.0736e-09 9.3416e-09 1.9097e-08 1.8069e-08 3.0201e-08 4.1158e-08
3.8017e-08 4.997e-08 3.2662e-08 1.247e-08 1.9248e-08 1.0908e-08 2.0371e-09 -5.4723e-09 2.4629e-08 5.8405e-08 9.1634e-08 9.0845e-08 4.0329e-08 7.1096e-09 6.0139e-09 2.7349e-08 4.5831e-08 5.9446e-08 9.4102e-08 8.8493e-08 9.5173e-08 9.5162e-08 5.057e-08 -5.5282e-08 -1.4203e-07 -1.6661e-07 -2.5385e-07 -3.3087e-07 -3.4893e-07 -3.4287e-07 -3.2042e-07 -2.6721e-07 2.6562e-07 1.8621e-06 1.1216e-06 -2.281e-07 -2.5072e-07 -2.6806e-07 -3.0326e-07 -3.2907e-07 -3.4629e-07 -3.4936e-07 -3.4584e-07 -3.3379e-07 -3.0796e-07 -2.5943e-07 -2.195e-07 -1.6951e-07 -8.4308e-08 -1.1909e-08 -2.3414e-07 -3.3065e-07 -3.3936e-07 -3.1751e-07 -2.9195e-07 -2.2468e-07 -1.6105e-07 -9.2887e-08 -8.1326e-08 -7.4581e-09 -4.6619e-08 -1.3661e-08 6.8152e-08 -1.3709e-08 6.1586e-09 2.581e-08 6.8241e-09 8.561e-08 7.2225e-08 9.1071e-08 9.3318e-08 -2.9295e-09 -2.8079e-08 -2.7255e-08 8.6395e-08 7.5759e-08 7.3948e-08 6.7971e-08 8.4753e-08 8.4085e-09 8.3911e-08 1.2289e-08 5.4951e-08 7.4579e-08 5.5017e-08 6.002e-08 7.6982e-08 8.8915e-08 8.4348e-08 9.2205e-08 9.2956e-08 8.9844e-08 9.4466e-08 9.4674e-08 9.5267e-08 9.1752e-08 8.826e-08 6.2247e-08 6.5647e-08 4.5064e-08 4.103e-08 4.8049e-08 1.8198e-08 5.3305e-08 -3.0148e-08 -6.5781e-08 -5.5563e-08 2.2787e-08 3.8608e-10 -4.5275e-09 -4.0801e-09 -7.2578e-08 -4.4848e-08 -7.311e-08 -1.3958e-07 -1.6787e-07 -1.1647e-07 -1.1836e-07 -1.6404e-07 -9.7532e-08 -1.2877e-07 -1.525e-07 -1.3848e-07 -1.3317e-07 -1.3439e-07 -1.1624e-07 -8.5902e-08 -4.3214e-08 -3.3254e-08 -2.3243e-09 5.7333e-08 3.3861e-08 8.0751e-08 7.8356e-08 8.6244e-08 7.9981e-08 5.449e-08 4.8217e-08 7.0249e-08 3.8264e-08 8.1579e-08 8.5689e-08 9.5062e-08 9.4787e-08 9.5375e-08 8.6258e-08 3.2669e-08 2.4155e-08 3.2779e-08 -1.0628e-08 2.6166e-08 7.3641e-08 9.0976e-08 8.1879e-08 7.8251e-08 7.1569e-08 4.7327e-08 3.3281e-08 4.0294e-08 2.7776e-08 3.8071e-08 3.8026e-08 4.7783e-08 3.1376e-08 3.4729e-08 4.6173e-08 6.088e-08 3.1716e-08 2.3233e-08 1.9742e-08 1.5855e-08 1.2807e-08 1.2624e-08 1.058e-08 9.6277e-09 9.5261e-09 8.5478e-09 1.2967e-08 1.7789e-08 2.5577e-08
7.6759e-09 1.3651e-08 1.0564e-08 4.4683e-09 -1.5848e-09 -4.0381e-09 -2.1558e-09 2.2101e-09 8.4416e-09 5.7394e-08 7.0761e-08 6.5324e-08 3.9038e-09 -2.7583e-09 -1.3154e-09 1.0132e-08 2.1288e-08 8.6623e-08 9.1802e-08 7.3002e-08 8.5659e-08 8.4675e-08 2.2885e-08 -8.6373e-08 -1.8876e-07 -7.3409e-08 -1.8932e-07 -3.4888e-07 -3.4918e-07 -3.4947e-07 -3.4888e-07 -3.4947e-07 -3.4038e-07 3.7875e-07 -9.9124e-08 -2.6978e-07 -2.3742e-07 -2.541e-07 -3.0976e-07 -3.3941e-07 -3.4931e-07 -3.4827e-07 -3.4392e-07 -3.4451e-07 -2.699e-07 -2.1701e-07 -1.4554e-07 -9.3483e-08 -3.949e-08 6.1418e-08 6.5625e-08 -1.5571e-07 -2.3925e-07 -2.0865e-07 -1.532e-07 -9.8109e-08 -6.1035e-08 -4.215e-08 -2.9076e-08 1.741e-08 1.0679e-08 -1.1327e-08 -5.2796e-08 7.4072e-08 8.4844e-08 4.7139e-08 6.2841e-08 9.2597e-08 9.4235e-08 9.3686e-08 8.9769e-08 8.0319e-08 -1.855e-08 -2.2449e-08 -7.5029e-09 1.3265e-08 4.8484e-09 1.8704e-08 3.347e-08 3.3792e-08 6.9521e-08 7.7912e-08 5.3121e-08 6.68e-08 7.4199e-08 5.3019e-08 8.0911e-08 9.1673e-08 8.7778e-08 8.8581e-08 8.4001e-08 8.9484e-08 9.1743e-08 9.4434e-08 9.5367e-08 9.2783e-08 9.1648e-08 7.8539e-08 8.7016e-08 7.4734e-08 7.4421e-08 7.4474e-08 7.3294e-08 5.0554e-08 5.1017e-08 -3.1401e-08 1.1014e-08 6.0277e-08 8.7946e-08 -9.578e-09 9.1614e-09 -3.2234e-08 -9.5347e-08 -1.0123e-07 -1.2415e-07 -5.5638e-08 -8.8852e-08 -8.9648e-08 -1.387e-07 -9.1644e-08 -1.1882e-07 -1.4088e-07 -1.4461e-07 -1.2316e-07 -1.1985e-07 -1.0649e-07 -6.6097e-08 -4.0522e-08 1.2462e-10 1.8176e-08 9.3465e-08 9.0004e-08 7.4428e-08 6.3688e-08 3.1692e-08 6.7968e-08 9.0127e-08 8.4159e-08 7.2e-08 9.0411e-08 9.189e-08 9.5369e-08 9.4433e-08 9.531e-08 9.467e-08 7.0779e-08 6.5337e-08 4.8735e-08 3.254e-08 -1.037e-08 8.7351e-08 7.3025e-08 7.9263e-08 8.777e-08 8.3667e-08 5.069e-08 4.0043e-08 3.1057e-08 2.8137e-08 2.2338e-08 4.1909e-08 2.3443e-08 3.0042e-08 2.5259e-08 2.7929e-08 4.0543e-08 3.5239e-08 2.5409e-08 2.2256e-08 2.0195e-08 1.9083e-08 1.4416e-08 1.2441e-08 1.1777e-08 1.2031e-08 1.0093e-08 8.8275e-09 7.5169e-09 6.3296e-09 5.5758e-09
8.5179e-09 2.5869e-09 -8.4415e-09 2.1527e-09 -5.8357e-09 -6.5392e-09 -3.6404e-09 -2.298e-09 2.7809e-09 2.5069e-08 3.8478e-08 4.6021e-08 -3.5018e-09 -8.7686e-09 -8.83e-09 -3.1868e-09 4.6016e-08 9.3269e-08 5.027e-08 6.1909e-08 9.2528e-08 4.573e-08 -4.2455e-08 -1.1127e-07 -6.3947e-08 -4.584e-08 -8.5059e-08 -2.6287e-07 -3.4944e-07 -3.4929e-07 -3.4854e-07 -3.3591e-07 -3.2102e-07 -3.3855e-07 -3.4363e-07 -3.0608e-07 -2.096e-07 -1.7699e-07 -3.206e-07 -3.4764e-07 -3.4782e-07 -3.4214e-07 -3.3771e-07 -3.4595e-07 -2.4611e-07 -1.361e-07 -7.4746e-08 -3.0547e-08 2.5927e-08 8.5328e-08 9.4374e-08 -8.1091e-08 -8.5056e-08 -3.5713e-08 -4.4674e-09 2.4709e-08 1.6351e-08 2.2511e-08 2.9655e-08 5.0128e-08 7.9663e-08 3.3351e-08 -2.1165e-08 6.3927e-09 4.1955e-08 8.371e-08 9.3587e-08 9.5239e-08 9.5362e-08 8.6892e-08 6.1564e-08 -9.6424e-09 5.9521e-08 1.2541e-08 -2.1025e-08 -8.6291e-09 2.1678e-08 6.1187e-08 7.0709e-08 6.8018e-08 7.9913e-08 6.3808e-08 7.5237e-08 6.7955e-08 4.9433e-08 6.9958e-08 7.3597e-08 8.94e-08 8.6064e-08 8.9268e-08 9.1182e-08 9.0484e-08 9.5369e-08 9.5276e-08 9.4965e-08 9.4633e-08 9.3932e-08 9.424e-08 9.0255e-08 7.7098e-08 7.7512e-08 7.5151e-08 6.7242e-08 7.3486e-08 6.555e-08 6.2203e-08 6.789e-08 5.7571e-08 6.6348e-08 -3.527e-08 -9.7805e-09 -1.3216e-07 -1.0146e-07 -1.1922e-07 -8.5172e-08 -1.1227e-07 -1.0718e-07 -8.3234e-08 -9.5436e-08 -9.7174e-08 -1.1775e-07 -1.363e-07 -1.5174e-07 -1.4277e-07 -5.1791e-08 -9.3251e-08 -6.8645e-08 -2.1713e-08 2.6722e-08 7.5575e-08 9.0668e-08 -1.8437e-08 -2.1978e-08 -2.2055e-08 -2.1045e-08 -1.5471e-08 7.8179e-09 8.3072e-08 9.3318e-08 9.4752e-08 9.5228e-08 8.9303e-08 9.3519e-08 9.4787e-08 9.5228e-08 7.9303e-08 6.4211e-08 6.8129e-08 8.1916e-09 2.1144e-08 7.4947e-08 8.0341e-08 7.0294e-08 6.7345e-08 5.8668e-08 5.4855e-08 3.5876e-08 2.8869e-08 2.3588e-08 2.2615e-08 2.556e-08 2.8431e-08 2.4335e-08 2.4741e-08 2.444e-08 2.4975e-08 2.5e-08 2.6159e-08 2.2265e-08 2.182e-08 2.181e-08 1.7837e-08 1.5308e-08 1.3904e-08 1.2906e-08 1.0473e-08 8.4593e-09 7.4684e-09 5.9952e-09 4.0362e-09
5.2458e-09 1.6713e-09 -9.6692e-10 -2.081e-09 -5.7695e-09 -6.8161e-09 -6.4254e-09 -5.5556e-09 -2.486e-09 9.3187e-09 2.7043e-08 6.6054e-09 -9.3931e-09 -1.2403e-08 -1.3232e-08 -4.8267e-09 5.6136e-08 2.3955e-08 3.0075e-08 5.9218e-08 9.4583e-08 5.8977e-08 6.8852e-08 4.0469e-08 1.8874e-08 1.0825e-08 -4.1331e-08 -1.7089e-07 -3.4356e-07 -3.4765e-07 -3.4855e-07 -3.118e-07 -2.8782e-07 -3.0939e-07 -3.4397e-07 -3.3678e-07 -2.6665e-09 2.1728e-09 -3.4486e-07 -3.4848e-07 -3.4129e-07 -3.3338e-07 -3.2654e-07 -3.0775e-07 -1.7276e-07 -1.1116e-07 -5.865e-08 -2.4488e-09 4.4763e-08 8.0615e-08 9.4859e-08 9.5342e-08 1.5896e-08 1.1175e-08 1.055e-08 1.6236e-08 3.6741e-08 5.4532e-08 6.847e-08 7.7906e-08 8.2395e-08 6.4971e-08 8.374e-09 6.3567e-08 9.0807e-08 9.4513e-08 9.4484e-08 9.2221e-08 8.9882e-08 7.7762e-08 5.1517e-08 -1.1691e-08 -2.3796e-08 -1.1082e-08 -2.0715e-08 5.4245e-08 6.0377e-08 6.721e-08 2.705e-08 1.9739e-08 3.3173e-08 6.793e-08 6.3103e-08 5.7574e-08 6.9202e-08 8.2735e-08 8.214e-08 8.9899e-08 8.5354e-08 9.2357e-08 8.9607e-08 9.2062e-08 9.3109e-08 8.978e-08 9.4806e-08 9.3166e-08 9.024e-08 9.4785e-08 8.5929e-08 6.6305e-08 6.6304e-08 7.1356e-08 7.8947e-08 6.8691e-08 6.2279e-08 7.9584e-08 3.4615e-08 9.065e-08 6.6983e-08 7.3561e-08 2.6495e-08 -3.8213e-08 -6.0923e-08 -1.3687e-07 -1.204e-07 -1.0332e-07 -1.1866e-07 -9.5229e-08 -9.4153e-08 -8.865e-08 -1.234e-07 -1.1287e-07 -1.4773e-07 -6.0427e-08 4.8506e-09 -1.0753e-07 -6.626e-08 -8.2566e-09 7.5779e-08 8.0861e-08 -1.6161e-08 -2.4082e-08 -2.3126e-08 -2.2719e-08 -2.2593e-08 -2.0785e-08 -1.9783e-08 -4.4552e-09 7.9575e-08 8.182e-08 7.7571e-08 8.6608e-08 9.5152e-08 9.4311e-08 7.9949e-08 5.2376e-08 6.3518e-08 8.8374e-08 7.0669e-08 6.8335e-08 8.2267e-08 6.1902e-08 5.6114e-08 4.7242e-08 3.9408e-08 4.4203e-08 2.6635e-08 2.2427e-08 2.6407e-08 2.1975e-08 2.0107e-08 2.6686e-08 2.4713e-08 2.5593e-08 2.3197e-08 2.3491e-08 2.5585e-08 2.5749e-08 2.6513e-08 2.5965e-08 2.4547e-08 2.8845e-08 1.8717e-08 1.5202e-08 1.6675e-08 1.0293e-08 7.1616e-09 5.5502e-09 4.6225e-09 2.9368e-09
1.0757e-09 -3.8014e-09 5.7173e-09 2.3276e-09 -7.172e-09 -6.5501e-09 -7.1187e-09 -5.7426e-09 -9.3358e-09 4.078e-09 1.8122e-08 -6.8462e-09 -1.372e-08 -1.5248e-08 -1.4268e-08 4.6955e-09 2.239e-08 5.0703e-09 3.3603e-08 8.4385e-08 9.0951e-08 9.5358e-08 9.4044e-08 8.7601e-08 7.3058e-08 4.1399e-08 -2.4093e-09 -1.5041e-07 -3.4792e-07 -3.491e-07 -3.3036e-07 -2.5774e-07 -2.5928e-07 -2.3309e-07 -2.8486e-07 -3.4919e-07 1.9344e-07 1.0771e-06 -3.0307e-07 -3.4109e-07 -3.3399e-07 -3.2064e-07 -3.0299e-07 -2.6568e-07 -1.843e-07 -1.0912e-07 -4.6898e-08 1.1843e-08 4.8154e-08 8.3167e-08 9.4988e-08 9.5375e-08 9.2585e-08 4.3476e-08 3.5298e-08 3.6748e-08 5.2036e-08 6.8136e-08 7.8143e-08 8.7919e-08 9.3511e-08 8.9975e-08 8.122e-08 8.6065e-08 9.2119e-08 9.325e-08 7.6563e-08 7.3538e-08 6.8657e-08 3.8772e-08 -1.0917e-08 -1.3816e-08 -9.4526e-09 -2.2797e-08 3.2186e-08 3.5627e-08 2.9442e-08 3.8436e-08 1.7752e-08 5.9396e-08 5.8961e-08 6.4814e-08 6.9445e-08 6.268e-08 5.6775e-08 7.0586e-08 7.6866e-08 6.668e-08 7.7184e-08 7.596e-08 8.7906e-08 9.0851e-08 9.4307e-08 9.2661e-08 9.5264e-08 8.8851e-08 9.481e-08 9.0793e-08 8.8094e-08 9.1483e-08 9.0872e-08 5.558e-08 2.9033e-08 1.8352e-08 7.4632e-08 8.469e-08 8.8404e-08 5.193e-08 4.2789e-08 2.2638e-08 1.3943e-08 1.6454e-08 -1.2462e-08 1.2296e-08 -3.6368e-08 -8.0871e-08 -1.0411e-07 -9.7135e-08 -9.6939e-08 -1.3925e-07 -1.093e-07 -1.2037e-07 -1.6468e-07 3.6589e-08 -8.869e-08 -1.0742e-07 -4.3955e-08 2.9057e-08 9.294e-08 2.7892e-08 -2.0249e-08 -2.4694e-08 -2.4836e-08 -2.4409e-08 -2.3328e-08 -2.2361e-08 -2.1167e-08 -1.6527e-08 4.5655e-09 3.9866e-08 6.1138e-08 6.1903e-08 9.5234e-08 9.2144e-08 9.1438e-08 8.7582e-08 9.5048e-08 8.9843e-08 9.4139e-08 9.3801e-08 6.9443e-08 4.6462e-08 3.1792e-08 4.718e-08 2.7763e-08 1.9628e-08 2.5491e-08 2.6601e-08 3.2376e-08 3.0891e-08 6.4954e-09 3.7149e-08 4.0149e-08 3.4749e-08 2.7631e-08 2.4345e-08 3.2562e-08 2.945e-08 3.6604e-08 3.4325e-08 3.3939e-08 2.0731e-08 1.9513e-08 1.4844e-08 1.872e-08 1.0688e-08 7.2552e-09 4.7814e-09 3.0522e-09 3.2253e-09
-1.97e-09 -1.5074e-09 -1.1327e-09 -1.0543e-09 -9.5137e-09 -9.6591e-09 -1.1448e-08 -1.0378e-08 -1.4703e-08 -1.2146e-08 -7.6474e-09 -1.6702e-08 -1.7729e-08 -1.6897e-08 -1.5507e-08 -1.3697e-08 2.6675e-09 1.6747e-09 3.4449e-08 7.1536e-08 8.3603e-08 9.0373e-08 9.5348e-08 8.8886e-08 6.9579e-08 4.4999e-08 -1.8294e-08 -1.5494e-07 -2.5876e-07 -2.2142e-07 -2.293e-07 -2.3026e-07 -2.2668e-07 -2.2449e-07 -2.0975e-07 -2.2605e-07 -1.5126e-08 4.5771e-06 2.4453e-06 -3.4169e-07 -3.2504e-07 -3.0749e-07 -2.8151e-07 -2.4008e-07 -1.8391e-07 -1.0047e-07 -2.3166e-08 2.327e-08 6.3538e-08 8.2746e-08 9.4026e-08 9.5306e-08 9.5369e-08 6.5108e-08 5.4219e-08 5.2791e-08 6.5673e-08 7.8832e-08 8.4597e-08 9.1109e-08 9.4507e-08 8.5591e-08 7.9558e-08 9.531e-08 9.2021e-08 8.1626e-08 5.3668e-08 3.6392e-08 2.1908e-08 3.1937e-08 -2.2642e-08 -1.7725e-08 3.4991e-08 -2.3534e-08 -9.8234e-09 3.8818e-08 -1.3576e-08 4.9776e-08 6.0084e-08 4.459e-08 6.233e-08 6.7526e-08 7.5644e-08 7.9715e-08 7.0121e-08 6.6212e-08 5.639e-08 6.6548e-08 7.1034e-08 7.5723e-08 8.7225e-08 8.9738e-08 8.8987e-08 8.9165e-08 8.3623e-08 9.5269e-08 9.072e-08 9.0756e-08 9.314e-08 9.448e-08 9.1206e-08 8.962e-08 7.1279e-08 2.4144e-08 8.3807e-08 7.8211e-08 8.9487e-08 7.698e-08 9.4368e-08 1.2839e-08 4.1777e-08 3.5576e-08 2.8697e-08 5.058e-08 1.3395e-08 -5.8642e-08 -1.0475e-07 -6.4088e-08 -3.0536e-08 -1.1521e-07 -8.545e-08 -1.0108e-07 -1.343e-07 -1.5238e-07 -1.2485e-07 -5.47e-08 3.1396e-09 6.4042e-08 9.0442e-08 8.8706e-09 -2.4655e-08 -2.5342e-08 -2.5829e-08 -2.4533e-08 -2.2626e-08 -2.2451e-08 -2.0164e-08 -1.8371e-08 -6.1491e-09 2.5688e-08 4.2871e-08 9.4441e-08 8.7487e-08 9.3082e-08 9.5284e-08 8.5264e-08 6.7666e-08 5.6386e-08 5.6694e-08 5.2177e-08 3.9288e-08 2.5085e-08 1.2343e-08 1.0283e-08 1.9663e-08 1.452e-08 2.0408e-08 2.0555e-08 3.5271e-08 4.3162e-08 5.3522e-08 6.4591e-08 6.1019e-08 5.7243e-08 5.048e-08 4.5509e-08 4.4002e-08 4.4295e-08 4.1932e-08 2.1232e-08 7.103e-08 3.1813e-08 2.1763e-08 2.1318e-08 2.1097e-08 7.3617e-09 5.4814e-09 6.3289e-09 3.0906e-08 3.692e-09
2.918e-09 -4.4596e-09 1.5578e-08 1.6292e-08 -9.2121e-09 -8.3264e-09 -1.2473e-08 -1.4541e-08 -1.5713e-08 -1.698e-08 -1.857e-08 -2.0046e-08 -1.9845e-08 -1.9295e-08 -1.8433e-08 -1.4515e-08 -9.6214e-09 5.2671e-09 7.4927e-08 6.9801e-08 7.9261e-08 9.3794e-08 9.4929e-08 9.041e-08 6.6201e-08 2.9818e-08 -1.458e-08 -7.4919e-08 -1.9141e-07 -1.9135e-07 -2.0785e-07 -2.0932e-07 -2.0909e-07 -1.9489e-07 -1.6686e-07 -1.4294e-07 -2.4015e-07 2.0498e-06 1.0684e-06 -3.4091e-07 -3.3602e-07 -2.8752e-07 -2.4757e-07 -2.1386e-07 -3.0174e-07 -5.7763e-08 1.4119e-09 3.9783e-08 6.994e-08 8.2787e-08 9.478e-08 9.5365e-08 9.5265e-08 7.2586e-08 6.572e-08 7.1144e-08 8.0075e-08 8.6814e-08 9.0277e-08 9.3265e-08 9.4154e-08 9.5111e-08 9.4404e-08 9.5258e-08 8.46e-08 4.4656e-08 2.6193e-08 1.1879e-08 5.7835e-09 -1.8639e-08 -2.1341e-08 -1.8011e-08 7.5383e-09 1.405e-08 2.6974e-08 -1.1315e-08 1.8892e-08 2.9023e-08 6.1092e-08 7.85e-08 7.9224e-08 6.6475e-08 7.4753e-08 6.9624e-08 7.0734e-08 7.1039e-08 -1.9954e-08 6.9423e-08 1.7639e-08 7.7181e-08 8.8861e-08 8.6819e-08 8.6622e-08 7.648e-08 8.0279e-08 9.5372e-08 9.5342e-08 9.488e-08 9.324e-08 9.2555e-08 9.4044e-08 8.6199e-08 7.7058e-08 8.2659e-08 8.8414e-08 9.3105e-08 8.8404e-08 9.5039e-08 8.8324e-08 7.1343e-08 6.7224e-08 8.6706e-08 5.542e-08 4.5938e-08 2.9024e-08 2.3666e-09 -3.35e-08 -1.5195e-08 5.5088e-09 -4.1911e-09 -2.1891e-08 -7.9435e-08 -9.386e-08 -8.8612e-08 -7.2783e-08 -3.6016e-08 2.8041e-08 8.7371e-08 7.4287e-08 3.7384e-09 -2.4743e-08 -2.5088e-08 -2.4732e-08 -2.3821e-08 -2.2399e-08 -2.2042e-08 -2.0904e-08 -1.92e-08 -1.1323e-08 1.3516e-08 2.9012e-08 7.0347e-08 6.4415e-08 5.8804e-08 5.9868e-08 5.2405e-08 5.4115e-08 2.5719e-08 3.582e-08 1.8555e-08 1.2712e-08 7.8722e-09 -1.1343e-09 -5.868e-09 -7.1353e-09 3.6136e-09 7.4392e-09 2.2627e-08 4.6312e-08 7.2985e-08 9.1255e-08 9.5021e-08 8.8905e-08 8.7999e-08 7.7491e-08 6.8286e-08 6.399e-08 5.2077e-08 5.4559e-08 5.171e-08 4.8697e-08 6.1729e-08 2.254e-08 2.3891e-08 1.7476e-08 1.5924e-08 7.0405e-09 9.3663e-09 6.311e-08 2.4296e-08
1.3515e-09 -5.9089e-09 -6.5897e-09 -1.3497e-08 -1.1954e-08 -8.8016e-09 -1.4932e-08 -1.8304e-08 -1.8919e-08 -2.0097e-08 -2.1371e-08 -2.3067e-08 -2.2729e-08 -2.2143e-08 -2.1943e-08 -1.7761e-08 3.3523e-09 2.9608e-08 6.5799e-08 6.7476e-08 9.5367e-08 -2.6384e-07 1.3942e-07 3.7155e-07 -2.7355e-07 1.2336e-08 -3.4654e-08 -5.1617e-08 -9.1446e-08 -1.6601e-07 -1.7817e-07 -1.9398e-07 -1.9051e-07 -1.7898e-07 -1.6464e-07 -1.4852e-07 -1.4574e-07 -2.9793e-07 -3.1408e-07 -3.382e-07 -3.2402e-07 -2.6777e-07 -2.1623e-07 -1.8029e-07 -1.109e-07 -1.2736e-08 2.0597e-08 5.2182e-08 7.1155e-08 8.2123e-08 9.3654e-08 9.5368e-08 9.4796e-08 7.9115e-08 7.9072e-08 7.8154e-08 8.45e-08 9.0906e-08 9.3501e-08 9.3966e-08 9.5043e-08 9.5026e-08 9.4276e-08 9.1867e-08 4.0519e-08 1.9357e-08 7.5278e-09 -3.4217e-11 -1.6885e-09 -1.7244e-08 -2.2895e-08 -1.9788e-08 -9.5258e-09 2.0418e-09 -1.2604e-08 6.511e-09 1.4374e-08 2.7773e-08 3.9979e-08 4.7243e-08 3.7512e-08 6.4787e-08 9.2242e-08 -4.0364e-10 6.298e-08 6.9312e-08 6.5173e-08 7.1002e-08 7.0002e-08 6.9386e-08 2.9666e-08 6.4315e-08 8.242e-08 8.6881e-08 8.6179e-08 9.2683e-08 9.1417e-08 8.9215e-08 8.6757e-08 8.1212e-08 8.8749e-08 9.0126e-08 9.2918e-08 9.0523e-08 9.3303e-08 9.3939e-08 8.9698e-08 8.5349e-08 9.4541e-08 4.9903e-08 7.3906e-08 7.7476e-08 8.2573e-08 8.359e-08 4.1885e-08 3.3173e-08 6.8677e-09 -1.7366e-08 -4.6899e-09 -3.4469e-09 -3.2595e-08 -1.5283e-08 -4.361e-08 -3.3315e-08 -6.8423e-09 1.0734e-08 5.3882e-08 9.5362e-08 4.5749e-08 -2.3775e-08 -2.4285e-08 -2.2942e-08 -2.4583e-08 -2.3388e-08 -2.2205e-08 -2.1541e-08 -2.0096e-08 -1.9069e-08 -1.2993e-08 4.7457e-09 1.9091e-08 2.6965e-08 3.7367e-08 4.04e-08 4.2931e-08 3.9612e-08 3.2434e-08 2.3168e-08 6.9833e-09 3.0678e-09 -2.5924e-09 -7.1639e-09 -7.5706e-09 -1.0472e-08 -1.1266e-08 -9.6872e-09 3.0224e-09 2.5968e-08 6.4024e-08 9.0009e-08 9.5147e-08 9.0461e-08 7.8605e-08 9.0177e-08 9.4952e-08 8.652e-08 7.5902e-08 6.6849e-08 6.5633e-08 5.9481e-08 5.5201e-08 5.2242e-08 3.8328e-08 2.5859e-08 2.3052e-08 1.8325e-08 1.4114e-08 2.5294e-09 3.4602e-08 -2.0144e-08
-4.248e-09 -9.6519e-09 -1.0932e-08 -1.4736e-08 4.1988e-09 -1.442e-08 -1.56e-08 -1.7875e-08 -2.1087e-08 -2.1814e-08 -2.3148e-08 -2.4267e-08 -2.4633e-08 -2.4418e-08 -2.4996e-08 -6.1147e-09 1.63e-08 2.2086e-08 5.0251e-08 4.904e-08 7.9758e-08 5.2397e-07 4.0228e-06 6.2576e-06 1.9527e-06 -2.8777e-07 -4.3331e-08 -4.8657e-08 -1.0739e-08 -8.7553e-08 -1.3462e-07 -1.7489e-07 -1.8415e-07 -1.7402e-07 -1.614e-07 -1.4551e-07 -1.4255e-07 -1.7503e-07 -3.0413e-07 -3.1412e-07 -2.7011e-07 -2.4288e-07 -2.0594e-07 -1.6634e-07 -9.9035e-08 -7.8227e-09 3.5383e-08 6.2133e-08 7.6834e-08 8.6316e-08 9.1627e-08 9.4815e-08 9.5296e-08 6.5493e-08 6.897e-08 8.8185e-08 8.887e-08 9.2399e-08 9.3648e-08 9.4679e-08 9.5314e-08 9.4847e-08 8.9277e-08 5.5303e-08 3.3448e-08 5.3531e-09 -4.0947e-09 -1.2044e-08 -1.8798e-08 -2.0153e-08 -1.5774e-08 -2.0442e-08 -1.8266e-08 -1.2366e-08 -1.5308e-08 -2.0863e-09 1.7874e-08 1.4161e-08 2.1824e-08 4.8206e-08 5.9451e-08 8.0586e-08 5.5796e-08 2.4288e-08 7.0891e-08 6.6273e-08 6.4568e-08 -1.355e-08 6.623e-08 5.1485e-08 6.5713e-08 6.9264e-08 8.4338e-08 8.7621e-08 8.2009e-08 7.5761e-08 8.1178e-08 8.0247e-08 8.0743e-08 7.1732e-08 7.3414e-08 8.2321e-08 9.4664e-08 9.5375e-08 9.0676e-08 9.2008e-08 9.1905e-08 9.3142e-08 8.4729e-08 6.8511e-08 8.178e-08 8.3849e-08 7.3677e-08 6.0586e-08 5.438e-08 4.4864e-08 1.6352e-08 -7.4889e-08 -1.849e-08 -9.7439e-10 5.2466e-09 3.5121e-09 -3.8855e-09 5.5728e-09 1.5748e-08 3.731e-08 9.2556e-08 9.3622e-08 3.6782e-08 -2.0416e-08 -2.3404e-08 -2.3841e-08 -2.3237e-08 -2.2289e-08 -2.1835e-08 -2.1828e-08 -2.055e-08 -1.7158e-08 -1.346e-08 -6.5699e-09 3.6587e-09 -8.9023e-11 8.546e-09 8.602e-09 9.9736e-09 1.2811e-09 -4.9957e-10 -4.1961e-09 -8.1828e-09 -1.1148e-08 -1.3401e-08 -1.3385e-08 -1.3877e-08 -1.6476e-08 -1.5261e-08 -1.4872e-08 -7.3198e-09 2.7691e-08 6.3597e-08 9.5241e-08 8.5971e-08 5.6278e-08 2.52e-08 2.6441e-08 6.5383e-08 9.4322e-08 8.3334e-08 7.9279e-08 7.9571e-08 7.1614e-08 6.1331e-08 4.8741e-08 3.6515e-08 2.7241e-08 2.9125e-08 1.8345e-08 8.8926e-11 9.7486e-10 6.4361e-09 -6.0323e-09
-4.386e-09 -1.0853e-08 -1.4764e-08 -1.6168e-08 -1.7473e-08 -1.4984e-08 -1.6034e-08 -1.9348e-08 -2.2227e-08 -2.3355e-08 -2.4458e-08 -2.5581e-08 -2.5906e-08 -2.5994e-08 -2.6346e-08 -1.0671e-08 1.2314e-08 3.4322e-08 8.2922e-08 6.4642e-08 9.3654e-08 4.7318e-07 3.9016e-06 5.4107e-06 2.3916e-06 -2.9942e-07 1.7744e-10 1.9857e-08 2.5981e-08 7.5412e-09 -7.9865e-08 -1.5446e-07 -1.9335e-07 -2.0228e-07 -1.9895e-07 -1.5911e-07 -1.3567e-07 -1.3991e-07 -2.087e-07 -2.3113e-07 -2.1962e-07 -2.1036e-07 -1.9748e-07 -1.6869e-07 -1.2115e-07 -3.6148e-08 4.479e-08 6.786e-08 8.2979e-08 8.7138e-08 9.1669e-08 9.4185e-08 9.4321e-08 9.5299e-08 6.4517e-08 7.9938e-08 8.928e-08 9.1892e-08 9.4441e-08 9.4747e-08 9.4847e-08 9.4731e-08 7.786e-08 3.3881e-08 8.1239e-09 -6.0649e-09 -1.7081e-08 -1.9409e-08 -2.3291e-08 -2.3413e-08 -2.5047e-08 -2.3303e-08 -2.2553e-08 -2.0397e-08 -1.8391e-08 -2.5827e-09 3.7245e-09 1.8366e-09 -1.2252e-08 3.8154e-08 5.3824e-08 6.4775e-08 5.6335e-08 5.2352e-08 -1.1049e-08 7.4632e-08 6.8072e-08 8.0435e-08 6.7702e-08 6.3002e-08 6.1547e-08 6.0996e-08 3.7361e-08 7.3688e-08 7.593e-08 6.9741e-08 7.4521e-08 7.4524e-08 7.5793e-08 7.22e-08 7.0745e-08 8.8395e-08 2.0782e-08 8.8771e-08 8.0375e-08 9.5283e-08 9.354e-08 9.363e-08 9.2976e-08 9.0473e-08 8.3661e-08 7.592e-08 5.7595e-08 5.25e-08 5.4914e-08 7.6035e-08 -2.7561e-09 2.7553e-08 -7.1683e-09 3.673e-08 5.4907e-08 7.2768e-08 1.0215e-08 1.6597e-08 2.7453e-08 5.0984e-08 8.8769e-08 8.0934e-08 7.1257e-08 1.0644e-08 -1.5391e-08 -2.2559e-08 -2.1456e-08 -2.1256e-08 -2.0839e-08 -1.9624e-08 -1.9424e-08 -1.8461e-08 -1.6059e-08 -1.3768e-08 -1.3239e-08 -1.3004e-08 -1.6354e-08 -1.3345e-08 -1.411e-08 -1.3353e-08 -1.6634e-08 -1.709e-08 -1.7595e-08 -1.9373e-08 -2.0629e-08 -1.9511e-08 -2.1935e-08 -2.102e-08 -2.0658e-08 -1.7052e-08 -1.0706e-08 2.7503e-08 8.0907e-08 9.267e-08 4.0909e-08 -1.6298e-08 -3.613e-08 3.8069e-09 1.2095e-08 -1.1425e-07 9.4461e-08 8.9775e-08 8.4723e-08 7.761e-08 6.5698e-08 5.0492e-08 3.6739e-08 2.6665e-08 2.3079e-08 7.678e-09 2.9377e-08 -4.3781e-09 -1.8593e-09 -7.3651e-09
-1.7743e-08 -1.489e-08 -1.4117e-08 -1.9391e-08 -2.1647e-08 -2.1464e-08 -2.094e-08 -2.2672e-08 -2.4674e-08 -2.5115e-08 -2.6177e-08 -2.6479e-08 -2.686e-08 -2.6958e-08 -2.6944e-08 -1.0498e-08 1.2855e-08 6.8314e-08 8.1475e-08 5.5374e-08 7.9067e-08 -1.7532e-07 6.3863e-07 1.1923e-06 2.0799e-07 -6.5285e-08 5.8676e-08 5.8499e-08 4.9022e-08 1.8542e-08 -4.1304e-08 -1.2403e-07 -1.9561e-07 -2.2853e-07 -2.5084e-07 -2.617e-07 -1.4447e-07 -1.4103e-07 -1.6713e-07 -1.8864e-07 -1.9463e-07 -1.9196e-07 -1.8378e-07 -1.6366e-07 -1.2294e-07 -4.1225e-08 6.0974e-08 6.6284e-08 7.6809e-08 8.5927e-08 8.6425e-08 9.5126e-08 9.339e-08 8.827e-08 7.4998e-08 8.0028e-08 8.336e-08 9.0181e-08 9.2018e-08 9.5261e-08 9.49e-08 9.388e-08 5.9167e-08 2.9901e-08 4.4627e-09 -2.0262e-08 -2.2012e-08 -2.313e-08 -2.48e-08 -2.5181e-08 -2.5247e-08 -2.474e-08 -2.2223e-08 -2.263e-08 -2.0525e-08 -1.1186e-08 -7.8546e-09 -9.2694e-09 9.5731e-09 3.727e-08 4.1259e-08 2.2272e-08 4.2814e-08 5.3615e-08 7.51e-08 5.7845e-08 4.1837e-08 6.6169e-08 6.2451e-08 5.5993e-08 6.3472e-08 6.3524e-08 7.0988e-08 7.3416e-08 6.062e-08 6.6967e-08 7.2687e-08 7.0348e-08 7.1216e-08 7.1472e-08 6.582e-08 8.5769e-08 9.2879e-08 7.8233e-08 9.5045e-08 9.2189e-08 8.1041e-08 7.5328e-08 9.3622e-08 9.2763e-08 7.2619e-08 5.7625e-08 5.3271e-08 6.2219e-08 6.584e-08 7.7784e-08 3.5049e-08 3.6928e-08 -9.8028e-08 6.3939e-08 6.9909e-08 6.61e-08 -1.8023e-08 1.0607e-08 4.6961e-08 5.0812e-08 8.6089e-08 7.6413e-08 9.5133e-08 7.9901e-08 1.8641e-08 7.4101e-09 -1.1254e-08 -1.4732e-08 -1.461e-08 -1.895e-08 -1.8759e-08 -1.8858e-08 -1.8854e-08 -1.8214e-08 -1.8987e-08 -2.1187e-08 -2.1166e-08 -2.1486e-08 -2.2069e-08 -2.1598e-08 -2.3013e-08 -2.3637e-08 -2.3692e-08 -2.2927e-08 -2.3888e-08 -2.331e-08 -2.3918e-08 -2.2295e-08 -2.3127e-08 -2.3056e-08 -1.8615e-08 2.0026e-08 8.6076e-08 7.2753e-08 -3.4842e-08 -6.8241e-08 -8.3013e-08 -8.7647e-08 -1.3102e-08 6.2355e-08 9.3571e-08 9.5017e-08 9.0783e-08 8.0148e-08 6.3472e-08 5.0805e-08 3.8189e-08 2.9535e-08 1.4747e-08 1.1059e-08 3.0694e-08 -6.9957e-09 -7.0909e-09 -1.0997e-08
-1.7061e-08 -1.849e-08 -1.9635e-08 -2.1619e-08 -2.2678e-08 -2.4006e-08 -2.4744e-08 -2.5806e-08 -2.6353e-08 -2.6558e-08 -2.7036e-08 -2.7119e-08 -2.725e-08 -2.7208e-08 -2.7247e-08 -1.2541e-08 2.5621e-08 7.6315e-08 5.6896e-08 3.7574e-08 3.5862e-08 7.9759e-08 -1.946e-07 -3.3029e-07 1.1474e-08 9.5096e-08 8.2245e-08 7.5697e-08 6.1166e-08 6.575e-09 -5.7336e-08 -1.2214e-07 -1.8236e-07 -2.426e-07 -2.7211e-07 -2.8116e-07 -1.8521e-07 -1.401e-07 -1.5213e-07 -1.894e-07 -1.9099e-07 -2.1977e-07 -1.8224e-07 -1.5627e-07 -1.5121e-07 -1.2222e-08 2.274e-08 5.2575e-08 6.3418e-08 7.6663e-08 8.361e-08 8.9631e-08 9.5052e-08 9.1581e-08 9.5334e-08 8.9001e-08 8.3897e-08 2.0543e-08 4.0554e-08 8.7224e-08 9.3221e-08 9.5249e-08 5.4899e-08 2.692e-08 3.599e-10 -1.9918e-08 -2.3954e-08 -2.4982e-08 -2.6136e-08 -2.657e-08 -2.5812e-08 -2.6602e-08 -2.2509e-08 -2.5745e-08 -2.4384e-08 -1.9541e-08 -1.8079e-08 -1.8831e-08 -1.6055e-08 7.6261e-09 3.4153e-08 6.0722e-08 7.5433e-08 5.9012e-08 6.9064e-08 6.2564e-08 6.0185e-08 5.7471e-08 5.8975e-08 7.0592e-08 5.4236e-08 5.1216e-08 5.7365e-08 6.508e-08 5.1006e-08 4.7443e-08 3.4702e-08 8.1736e-08 5.6871e-08 5.9858e-08 7.05e-08 8.2952e-08 9.189e-08 8.3028e-08 8.1953e-08 8.5998e-08 8.6288e-08 9.4192e-08 9.2764e-08 9.5372e-08 8.8739e-08 7.0776e-08 7.1109e-08 5.4533e-08 5.2693e-08 5.8066e-08 7.1461e-08 3.4472e-08 -6.6138e-08 5.7222e-08 6.8268e-08 4.8831e-08 9.4783e-08 9.0463e-08 4.1186e-08 3.5732e-08 6.5846e-08 8.2508e-08 8.7922e-08 9.4067e-08 7.7567e-08 5.3221e-08 2.8283e-08 9.236e-09 -6.816e-09 -1.5786e-08 -1.8698e-08 -2.015e-08 -2.1655e-08 -2.2237e-08 -2.2426e-08 -2.511e-08 -2.3776e-08 -2.5693e-08 -2.6369e-08 -2.6894e-08 -2.7325e-08 -2.6887e-08 -2.8031e-08 -2.7393e-08 -2.7546e-08 -2.716e-08 -2.6906e-08 -2.6929e-08 -2.7258e-08 -2.6082e-08 -2.5006e-08 8.7569e-09 8.8518e-08 6.3442e-08 -1.3787e-08 -8.0848e-08 -1.0964e-07 -3.1101e-07 -2.2378e-07 -6.3736e-09 8.1017e-08 9.5303e-08 8.957e-08 7.9744e-08 6.327e-08 4.8507e-08 3.1997e-08 2.0229e-08 5.793e-09 1.4723e-08 -2.5877e-09 -6.9536e-09 5.5164e-09 -1.551e-08
-1.9375e-08 -2.028e-08 -1.9881e-08 -2.3628e-08 -2.5299e-08 -2.5306e-08 -2.6186e-08 -2.6371e-08 -2.6604e-08 -2.7072e-08 -2.7349e-08 -2.7369e-08 -2.7374e-08 -2.7423e-08 -2.7461e-08 -1.501e-08 3.8858e-08 6.3161e-08 5.6888e-08 7.0221e-08 3.3444e-08 4.4734e-08 4.6944e-08 4.8768e-08 7.7602e-08 9.4774e-08 6.9976e-08 8.2896e-08 4.4617e-08 -1.7645e-08 -9.2516e-08 -1.4033e-07 -2.0528e-07 -2.5409e-07 -2.7933e-07 -3.2135e-07 -3.1754e-07 -1.5551e-07 -1.4345e-07 -1.9157e-07 -1.7787e-07 -1.8964e-07 -1.7526e-07 -2.7059e-07 -1.0568e-07 -8.074e-09 3.5945e-08 4.9353e-08 5.7477e-08 6.6025e-08 5.2275e-08 8.0538e-08 8.3392e-08 8.5778e-08 8.1777e-08 8.518e-08 8.8958e-08 8.6598e-08 7.6484e-08 6.1075e-09 -1.8768e-09 7.9058e-08 3.9668e-08 -9.5793e-09 -1.9623e-08 -2.492e-08 -2.606e-08 -2.6223e-08 -2.6834e-08 -2.7311e-08 -2.7188e-08 -2.6825e-08 -2.6283e-08 -2.5364e-08 -2.1218e-08 -2.3144e-08 -2.2705e-08 -2.3939e-08 -2.5644e-08 -9.3251e-09 4.3493e-09 4.5495e-08 5.492e-08 3.9839e-08 3.8523e-08 5.2482e-08 4.6263e-08 5.1922e-08 4.9804e-08 6.5496e-08 5.5386e-08 3.7123e-08 5.2174e-08 5.0882e-08 4.9819e-08 2.7443e-08 4.3166e-08 5.4982e-08 6.3506e-08 5.6463e-08 8.4905e-08 8.2662e-08 7.401e-08 8.2129e-08 8.7576e-08 6.5617e-08 7.5106e-08 9.4935e-08 8.9045e-08 9.3199e-08 9.1205e-08 9.5285e-08 9.4393e-08 9.4388e-08 9.2513e-08 6.4203e-08 8.1137e-08 -2.5293e-09 3.4032e-08 -4.2105e-08 1.4125e-08 3.4416e-09 1.0775e-08 4.0317e-08 4.3985e-08 5.5873e-08 4.7936e-08 4.8351e-08 9.1448e-08 8.0252e-08 8.5232e-08 5.0322e-08 5.201e-08 2.3646e-08 -9.0805e-09 -1.8254e-08 -2.065e-08 -2.394e-08 -2.4832e-08 -2.5499e-08 -2.6672e-08 -2.7202e-08 -2.7735e-08 -2.843e-08 -2.893e-08 -2.9193e-08 -2.9265e-08 -2.9272e-08 -2.927e-08 -2.9222e-08 -2.9094e-08 -2.8983e-08 -2.9046e-08 -2.8832e-08 -2.8474e-08 -2.7903e-08 -2.6457e-08 -2.3654e-08 5.7648e-08 9.1393e-08 -2.4615e-08 -8.772e-08 -3.0743e-07 1.2571e-06 -3.2814e-07 -2.6175e-08 8.2796e-08 9.5274e-08 9.0353e-08 7.7212e-08 5.1573e-08 5.1537e-08 2.8028e-08 1.476e-08 -1.2737e-09 -3.1952e-09 -8.2254e-09 -7.1483e-09 -1.5028e-08 -1.712e-08
-2.2589e-08 -2.3654e-08 -2.411e-08 -2.3704e-08 -2.6361e-08 -2.5244e-08 -2.7199e-08 -2.7448e-08 -2.7449e-08 -2.7473e-08 -2.7535e-08 -2.7555e-08 -2.7487e-08 -2.7456e-08 -2.7498e-08 -1.9908e-08 2.8266e-08 6.1518e-08 5.5978e-08 6.0288e-08 6.4992e-08 5.7614e-08 9.2073e-08 8.391e-08 8.2216e-08 9.2313e-08 9.5177e-08 5.9692e-08 1.3704e-08 -3.9267e-08 -1.1397e-07 -1.6717e-07 -2.1558e-07 -2.6293e-07 -3.2016e-07 -3.2568e-07 -3.03e-07 -1.3032e-07 -1.0003e-07 -1.6351e-07 -1.4044e-07 -1.4405e-07 -1.3901e-07 -2.7231e-07 -1.5943e-07 -1.2421e-08 2.6833e-08 4.1452e-08 4.9596e-08 3.4134e-08 6.9282e-09 2.275e-08 8.6808e-08 9.5218e-08 8.9069e-08 7.5819e-08 8.1285e-08 5.7819e-08 4.7354e-08 1.1819e-09 3.4583e-08 8.844e-08 -1.9122e-08 -2.2432e-08 -2.4569e-08 -2.5501e-08 -2.547e-08 -2.6506e-08 -2.7519e-08 -2.772e-08 -2.5751e-08 -2.7287e-08 -2.736e-08 -2.657e-08 -2.359e-08 -2.6891e-08 -2.4716e-08 -2.5697e-08 -2.6623e-08 -2.6273e-08 -8.3342e-09 4.2568e-09 1.6754e-08 2.4275e-08 2.1098e-08 3.8547e-08 5.0951e-08 5.6657e-08 4.967e-08 4.8498e-08 4.4866e-08 4.1944e-08 4.8597e-08 5.3037e-08 4.5231e-08 5.6848e-08 3.9848e-08 4.6718e-08 7.1074e-08 8.4022e-08 3.9314e-08 8.8281e-08 7.5201e-08 7.4003e-08 9.5359e-08 5.0543e-08 8.8847e-08 9.2316e-08 8.8584e-08 9.5116e-08 9.5312e-08 9.4406e-08 9.5109e-08 9.5365e-08 9.4073e-08 9.5375e-08 9.4481e-08 8.3297e-08 7.9642e-08 4.9029e-08 7.2809e-08 9.5099e-08 3.8539e-08 6.6329e-08 7.7432e-08 1.2482e-08 -2.3494e-08 7.3281e-08 9.5302e-08 8.5068e-08 8.0717e-08 6.3644e-08 3.2941e-08 -2.338e-09 -1.7389e-08 -2.252e-08 -2.5635e-08 -2.5819e-08 -2.6787e-08 -2.7734e-08 -2.829e-08 -2.896e-08 -2.9182e-08 -2.9225e-08 -2.8882e-08 -2.8767e-08 -2.852e-08 -2.8735e-08 -2.8754e-08 -2.903e-08 -2.9156e-08 -2.9144e-08 -2.9271e-08 -2.9187e-08 -2.879e-08 -2.8284e-08 -2.7081e-08 -2.4821e-08 -4.7921e-09 9.5202e-08 2.9347e-08 -5.993e-08 -1.8564e-07 -2.7277e-07 -1.8104e-07 5.9317e-08 9.4995e-08 9.2174e-08 8.5325e-08 7.1084e-08 6.4927e-08 2.9358e-08 1.6787e-08 5.8882e-09 -5.3747e-09 -1.1455e-08 -1.1626e-08 -1.3678e-08 -1.7597e-08 -2.097e-08
-2.522e-08 -2.5754e-08 -2.6519e-08 -2.705e-08 -2.7651e-08 -2.7517e-08 -2.7855e-08 -2.8036e-08 -2.8058e-08 -2.7888e-08 -2.7954e-08 -2.8002e-08 -2.7897e-08 -2.6446e-08 -2.7818e-08 -2.7378e-08 -1.4704e-08 3.9986e-08 7.0115e-08 6.7266e-08 6.6281e-08 6.2591e-08 9.2891e-08 9.4943e-08 7.0434e-08 8.7422e-08 8.2934e-08 4.7928e-08 -5.9992e-10 -6.6108e-08 -1.2784e-07 -1.8256e-07 -2.1792e-07 -2.6677e-07 -3.4603e-07 -3.3196e-07 -2.4844e-07 -1.284e-07 -1.089e-07 -1.3959e-07 -9.5103e-08 -8.745e-08 -9.4506e-08 -7.749e-08 -4.3678e-08 -8.7243e-09 3.0041e-08 4.6962e-08 4.5745e-08 -5.3951e-09 8.4887e-09 4.1303e-08 4.4813e-08 9.5347e-08 9.4929e-08 9.2266e-08 9.1537e-08 6.4367e-08 5.3782e-08 2.8414e-08 3.3032e-08 5.4921e-09 -1.5658e-08 -7.5031e-09 6.5416e-09 -2.2798e-08 -2.4349e-08 -2.6121e-08 -2.7483e-08 -2.7993e-08 -2.754e-08 -2.8224e-08 -2.7956e-08 -2.8283e-08 -2.8051e-08 -2.7706e-08 -2.6904e-08 -2.7319e-08 -2.7838e-08 -2.8075e-08 -2.7771e-08 -1.3525e-08 -3.479e-09 8.2072e-09 3.443e-09 3.0942e-08 4.3164e-08 -2.9272e-08 4.0622e-08 4.7313e-08 3.7005e-08 2.1327e-08 3.9952e-08 3.7903e-08 5.7483e-08 5.1893e-08 4.1106e-08 4.3292e-08 6.7426e-08 6.8041e-08 7.9269e-08 6.9911e-08 7.5995e-08 7.2219e-08 8.8551e-08 9.3632e-08 9.3819e-08 9.523e-08 9.4486e-08 9.3379e-08 9.4831e-08 9.5296e-08 8.9115e-08 7.1175e-08 7.6438e-08 7.7931e-08 9.493e-08 8.0632e-08 7.4037e-08 6.9116e-08 8.5634e-08 6.5665e-08 5.1368e-08 6.5285e-08 4.2731e-08 8.4303e-08 8.6127e-08 6.6903e-08 7.0499e-08 5.5224e-08 4.2725e-08 2.2255e-08 -9.2249e-09 -1.6084e-08 -2.1349e-08 -2.5844e-08 -2.6694e-08 -2.7843e-08 -2.8737e-08 -2.9175e-08 -2.9264e-08 -2.9076e-08 -2.8381e-08 -2.7677e-08 -2.7168e-08 -2.6168e-08 -2.6539e-08 -2.7727e-08 -2.7103e-08 -2.7965e-08 -2.8252e-08 -2.8817e-08 -2.9149e-08 -2.9262e-08 -2.9138e-08 -2.8925e-08 -2.8253e-08 -2.725e-08 -1.9587e-08 5.6655e-08 9.4888e-08 5.9216e-08 -1.2969e-08 -2.0429e-08 4.8476e-08 9.5371e-08 9.0661e-08 8.4903e-08 7.7911e-08 6.6914e-08 3.6043e-08 2.1126e-08 4.8773e-09 -5.7339e-09 -1.3355e-08 -1.786e-08 -1.8514e-08 -1.9319e-08 -2.304e-08 -2.4441e-08
-2.7636e-08 -2.7126e-08 -2.7978e-08 -2.8063e-08 -2.8126e-08 -2.8103e-08 -2.8249e-08 -2.8517e-08 -2.8564e-08 -2.8375e-08 -2.8254e-08 -2.8354e-08 -2.8357e-08 -2.825e-08 -2.8132e-08 -2.7867e-08 -2.2785e-08 -5.4658e-09 1.1152e-08 1.5603e-08 3.299e-08 4.3038e-08 7.0005e-08 7.3375e-08 5.5669e-08 9.0251e-08 7.0944e-08 3.8934e-08 -2.7854e-08 -7.9222e-08 -1.388e-07 -1.5354e-07 -2.2885e-07 -2.6212e-07 -3.083e-07 -3.0434e-07 -2.4497e-07 -1.193e-07 -1.1353e-07 -1.147e-07 -8.1364e-08 -6.2948e-08 -3.9516e-08 -3.8841e-08 -1.8053e-08 4.6827e-09 2.7588e-08 5.0625e-08 3.9473e-08 -3.9234e-08 3.9905e-08 5.3326e-08 5.9829e-08 8.0725e-08 8.746e-08 9.3179e-08 9.4921e-08 9.3596e-08 8.5505e-08 3.6625e-08 5.4755e-08 1.1644e-08 -2.5309e-10 -9.3185e-09 -1.8607e-08 -1.9566e-08 -2.3958e-08 -2.5469e-08 -2.6088e-08 -2.803e-08 -2.8297e-08 -2.8284e-08 -2.8645e-08 -2.8956e-08 -2.8796e-08 -2.9152e-08 -2.8046e-08 -2.8444e-08 -2.8769e-08 -2.8322e-08 -2.8185e-08 -2.7192e-08 -2.0253e-08 -2.4764e-08 -1.2368e-08 1.1949e-09 2.7168e-08 4.6909e-08 3.1712e-08 2.4876e-08 2.1082e-08 3.1165e-08 4.0301e-08 4.7429e-08 1.2116e-08 3.4097e-08 5.0203e-08 6.5773e-08 7.1397e-08 5.2308e-08 7.9989e-08 7.7123e-08 6.6069e-08 6.7405e-08 8.3521e-08 8.6569e-08 9.533e-08 9.5375e-08 9.396e-08 9.5327e-08 9.4735e-08 9.4093e-08 8.9091e-08 7.8711e-08 8.3351e-08 8.3949e-08 9.5169e-08 8.2986e-08 9.1617e-08 9.3309e-08 8.9966e-08 8.722e-08 7.23e-08 6.0617e-08 9.1487e-08 8.1607e-08 9.492e-08 5.4251e-08 6.2833e-08 4.2776e-08 2.0113e-08 -7.4987e-09 -1.261e-08 -2.1056e-08 -2.4361e-08 -2.6617e-08 -2.8102e-08 -2.9011e-08 -2.9227e-08 -2.8837e-08 -2.8326e-08 -2.7406e-08 -2.4277e-08 -2.5797e-08 -2.4539e-08 -2.3737e-08 -2.4241e-08 -2.5072e-08 -2.5646e-08 -2.6662e-08 -2.7843e-08 -2.8337e-08 -2.7863e-08 -2.9173e-08 -2.9194e-08 -2.9271e-08 -2.9095e-08 -2.8632e-08 -2.5484e-08 -1.4794e-08 4.9041e-08 8.1283e-08 9.2188e-08 9.3643e-08 9.5245e-08 8.6727e-08 7.4463e-08 7.364e-08 6.6981e-08 5.6195e-08 7.8504e-08 -2.4206e-08 -1.0007e-08 3.3232e-08 -2.074e-08 -9.8384e-09 -2.3622e-08 -2.4292e-08 -2.4861e-08 -2.7025e-08
-2.8672e-08 -2.2685e-08 -2.8153e-08 -2.8188e-08 -2.862e-08 -2.8501e-08 -2.854e-08 -2.8738e-08 -2.8594e-08 -2.8676e-08 -2.8625e-08 -2.8714e-08 -2.8692e-08 -2.8593e-08 -2.8778e-08 -2.8615e-08 -2.8294e-08 -2.3991e-08 -3.5331e-09 4.7728e-08 3.5437e-08 3.7099e-08 3.0285e-08 4.1484e-08 9.4423e-08 8.0758e-08 6.0077e-08 2.177e-08 -9.1793e-09 -1.1086e-07 -1.614e-07 -2.0258e-07 -2.5556e-07 -2.9432e-07 -3.1906e-07 -3.1181e-07 -2.5561e-07 -1.3959e-07 -9.0534e-08 -7.6566e-08 -5.2721e-08 -2.9523e-08 -1.985e-08 -9.1527e-09 -2.6042e-08 1.9301e-09 1.1556e-09 -1.8554e-08 -2.2709e-08 -1.9457e-09 3.9105e-08 6.4621e-08 6.8534e-08 6.283e-08 8.402e-08 9.5219e-08 9.4302e-08 9.2207e-08 9.317e-08 9.0603e-08 9.1655e-08 9.0706e-08 5.7321e-08 -8.1361e-09 -8.5525e-09 -2.3753e-08 -2.5489e-08 -2.6092e-08 -2.6707e-08 -2.797e-08 -2.8689e-08 -2.9225e-08 -2.9232e-08 -2.9235e-08 -2.9184e-08 -2.9267e-08 -2.9261e-08 -2.9269e-08 -2.9257e-08 -2.8786e-08 -2.9184e-08 -2.9111e-08 -2.7995e-08 -2.4139e-08 -1.751e-08 -4.608e-09 1.4076e-08 2.963e-08 9.1377e-09 2.3329e-08 2.6118e-08 5.4101e-08 3.2678e-08 3.3962e-08 3.2885e-08 4.9932e-08 4.3731e-08 6.654e-08 5.0303e-08 4.5073e-08 8.4816e-08 8.7349e-08 7.3816e-08 9.1583e-08 4.7294e-08 9.4891e-08 9.332e-08 9.4695e-08 9.4183e-08 8.7678e-08 7.649e-08 8.8936e-08 9.4367e-08 8.9924e-08 9.3739e-08 9.4392e-08 9.3887e-08 9.5307e-08 9.2379e-08 8.8758e-08 9.2269e-08 8.7623e-08 9.0825e-08 8.8531e-08 9.5369e-08 7.9078e-08 7.5522e-08 4.7986e-08 3.0555e-08 4.0992e-09 -3.8241e-09 -1.5501e-08 -2.0016e-08 -2.3923e-08 -2.643e-08 -2.8135e-08 -2.9116e-08 -2.9104e-08 -2.843e-08 -2.7755e-08 -2.6245e-08 -2.5323e-08 -2.4034e-08 -2.293e-08 -2.067e-08 -2.3014e-08 -2.3738e-08 -2.4072e-08 -2.4756e-08 -2.7328e-08 -2.6598e-08 -2.7237e-08 -2.8003e-08 -2.8829e-08 -2.9231e-08 -2.8926e-08 -2.9089e-08 -2.9272e-08 -2.9058e-08 -2.8366e-08 -2.5887e-08 -2.0137e-08 -1.5253e-08 1.7116e-09 2.966e-08 7.9258e-08 2.785e-08 4.7062e-08 5.3238e-08 3.7807e-08 3.1364e-08 -8.4819e-09 -1.8671e-08 -2.0904e-08 -2.4164e-08 -2.5575e-08 -2.6189e-08 -2.7384e-08 -2.798e-08 -2.8471e-08
-2.9114e-08 -2.8894e-08 -2.8894e-08 -2.8706e-08 -2.8838e-08 -2.8754e-08 -2.8832e-08 -2.8819e-08 -2.8766e-08 -2.8849e-08 -2.8922e-08 -2.8894e-08 -2.8861e-08 -2.8759e-08 -2.8947e-08 -2.8663e-08 -2.8867e-08 -2.8396e-08 -2.2413e-08 9.3875e-08 5.8664e-08 4.1626e-08 5.4072e-08 8.9854e-08 6.734e-08 8.011e-08 5.7646e-08 1.8022e-08 -4.902e-08 -1.3839e-07 -2.1355e-07 -2.8232e-07 -3.2761e-07 -3.4101e-07 -3.4658e-07 -3.4787e-07 -3.3337e-07 -2.8477e-07 -1.4668e-07 -5.0434e-08 -2.0094e-08 -9.1392e-09 -3.0674e-11 -4.145e-09 -1.0642e-07 -7.3619e-08 1.7409e-08 3.973e-08 5.3949e-09 -1.0926e-08 3.8066e-08 2.6841e-08 5.5245e-09 2.8251e-08 7.3407e-08 9.5109e-08 9.3535e-08 8.9172e-08 8.8049e-08 8.5589e-08 8.4046e-08 8.6721e-08 6.0127e-08 -6.8906e-09 -2.1956e-08 -2.4627e-08 -2.5951e-08 -2.6046e-08 -2.7319e-08 -2.8217e-08 -2.8559e-08 -2.927e-08 -2.9197e-08 -2.9257e-08 -2.9223e-08 -2.9001e-08 -2.9062e-08 -2.8731e-08 -2.9093e-08 -2.9257e-08 -2.9272e-08 -2.9226e-08 -2.9244e-08 -2.4128e-08 -2.0174e-08 -1.0231e-08 -5.4366e-09 9.2595e-10 1.2187e-08 6.4986e-09 4.3818e-08 3.9426e-08 3.5908e-08 1.6559e-08 3.3842e-09 5.3038e-08 4.5839e-08 5.7898e-08 4.5495e-08 5.9743e-08 5.9868e-08 6.5756e-08 6.916e-08 7.498e-08 7.7908e-08 9.2338e-08 9.5344e-08 7.3046e-08 9.5347e-08 7.9563e-08 9.298e-08 8.544e-08 8.8506e-08 8.3322e-08 7.6379e-08 7.1553e-08 8.7217e-08 9.3644e-08 9.5316e-08 7.7977e-08 7.4647e-08 7.9962e-08 3.452e-08 5.1265e-08 6.324e-08 3.6873e-08 3.7366e-08 2.8877e-08 9.0426e-09 -3.374e-09 -1.3584e-08 -2.0323e-08 -2.2799e-08 -2.5993e-08 -2.7526e-08 -2.9015e-08 -2.9256e-08 -2.8468e-08 -2.7154e-08 -2.5677e-08 -2.4975e-08 -2.392e-08 -2.1383e-08 -1.978e-08 -1.8754e-08 -1.9335e-08 -2.1127e-08 -2.15e-08 -2.3838e-08 -2.4215e-08 -2.5644e-08 -2.822e-08 -2.7124e-08 -2.8204e-08 -2.8398e-08 -2.8537e-08 -2.8908e-08 -2.9195e-08 -2.9218e-08 -2.9249e-08 -2.9086e-08 -2.8091e-08 -2.7446e-08 -2.6712e-08 -2.3553e-08 -2.0809e-08 -1.1693e-08 1.0658e-08 2.43e-08 1.9831e-08 1.8533e-08 -3.7173e-09 -5.8705e-09 -2.347e-08 -2.5132e-08 -2.6299e-08 -2.7489e-08 -2.8654e-08 -2.9056e-08 -2.9162e-08
-2.9271e-08 -2.9054e-08 -2.9091e-08 -2.8781e-08 -2.9068e-08 -2.8965e-08 -2.9056e-08 -2.9032e-08 -2.891e-08 -2.8951e-08 -2.9005e-08 -2.9021e-08 -2.8999e-08 -2.8859e-08 -2.8713e-08 -2.8597e-08 -2.8418e-08 -2.7893e-08 -2.7533e-08 5.2398e-08 5.4501e-08 6.3527e-08 8.3212e-08 9.5056e-08 8.3686e-08 8.3288e-08 6.0209e-08 2.2012e-08 -3.8333e-08 -1.8063e-07 -3.0197e-07 -3.4509e-07 -3.4144e-07 -3.141e-07 -3.1331e-07 -3.3716e-07 -3.4855e-07 -3.4945e-07 -3.1181e-07 -1.6596e-07 -3.2923e-08 1.5754e-08 2.1541e-08 1.6944e-08 3.1315e-09 -1.9682e-08 7.0665e-10 2.0578e-08 3.6855e-08 6.9826e-08 2.9508e-09 -1.716e-08 -3.9113e-08 -6.6759e-08 2.1346e-08 8.3404e-08 9.4404e-08 9.083e-08 8.9023e-08 8.9856e-08 8.5309e-08 8.8644e-08 3.6927e-08 -1.1779e-08 -2.1767e-08 -2.4549e-08 -2.5934e-08 -2.6829e-08 -2.7488e-08 -2.8698e-08 -2.8924e-08 -2.9242e-08 -2.9272e-08 -2.9024e-08 -2.8901e-08 -2.835e-08 -2.7684e-08 -2.7921e-08 -2.8034e-08 -2.8735e-08 -2.8555e-08 -2.8848e-08 -2.9152e-08 -2.9243e-08 -2.8903e-08 -2.794e-08 -2.7369e-08 -2.507e-08 -1.7941e-08 -2.522e-08 1.1289e-08 2.2468e-08 3.8232e-08 4.1469e-08 2.5807e-08 3.9542e-08 3.1239e-08 1.5259e-08 5.2458e-08 2.6518e-08 4.6465e-08 2.8525e-08 5.7363e-08 1.6908e-08 4.7296e-08 5.085e-08 8.0794e-08 9.0506e-08 9.4634e-08 9.1994e-08 8.5773e-08 7.9718e-08 7.9153e-08 6.3332e-08 6.3942e-08 6.3927e-08 7.7691e-08 9.5017e-08 3.0947e-08 5.2087e-08 6.4887e-08 7.9404e-08 6.6014e-08 7.5097e-08 3.7489e-08 2.709e-08 2.1261e-08 1.7291e-08 -5.7455e-09 -1.1992e-08 -1.8873e-08 -2.3736e-08 -2.5698e-08 -2.7118e-08 -2.898e-08 -2.9255e-08 -2.9021e-08 -2.7676e-08 -2.6325e-08 -2.3745e-08 -2.2466e-08 -2.0137e-08 -1.7968e-08 -1.7563e-08 -1.6907e-08 -1.641e-08 -1.7435e-08 -1.9629e-08 -2.0192e-08 -2.2456e-08 -2.3469e-08 -2.4484e-08 -2.5249e-08 -2.6799e-08 -2.5632e-08 -2.6161e-08 -2.7804e-08 -2.8852e-08 -2.8839e-08 -2.9252e-08 -2.9141e-08 -2.887e-08 -2.7322e-08 -2.6323e-08 -2.2884e-08 -2.1317e-08 -1.5057e-08 -5.7647e-09 3.1212e-09 3.7446e-09 7.5959e-09 -8.299e-09 -3.5127e-09 -2.5529e-08 -2.612e-08 -2.7223e-08 -2.8692e-08 -2.8863e-08 -2.9166e-08 -2.9208e-08
-2.9238e-08 -2.919e-08 -2.922e-08 -2.9095e-08 -2.7065e-08 -2.9126e-08 -2.9143e-08 -2.8217e-08 -2.9102e-08 -2.9066e-08 -2.8976e-08 -2.8997e-08 -2.8772e-08 -2.8743e-08 -2.8592e-08 -2.837e-08 -2.8325e-08 -2.8505e-08 -2.7068e-08 -1.9043e-08 7.8611e-08 8.6833e-08 7.0431e-08 9.3805e-08 9.4376e-08 8.743e-08 7.2974e-08 4.4048e-08 -6.4904e-08 -2.5793e-07 -3.4759e-07 -3.1015e-07 -2.1907e-07 -2.019e-07 -1.3251e-07 -1.8396e-07 -3.329e-07 -3.431e-07 -3.493e-07 -2.8152e-07 -9.1707e-08 2.0255e-08 3.774e-08 3.2327e-08 -2.0594e-09 9.7281e-09 -1.5185e-08 -1.441e-07 1.2334e-08 2.0186e-08 1.6902e-08 -5.1255e-09 -6.4043e-08 -1.0974e-07 -5.2708e-08 4.5312e-08 9.2401e-08 9.5176e-08 9.2536e-08 9.3106e-08 7.2918e-08 6.9271e-08 6.5161e-08 8.6427e-09 -2.2326e-08 -2.5554e-08 -2.6226e-08 -2.6809e-08 -2.8174e-08 -2.8865e-08 -2.925e-08 -2.9205e-08 -2.916e-08 -2.845e-08 -2.7806e-08 -2.7333e-08 -2.6944e-08 -2.6533e-08 -2.6502e-08 -2.5541e-08 -2.791e-08 -2.7924e-08 -2.8225e-08 -2.8537e-08 -2.9094e-08 -2.8396e-08 -2.9036e-08 -2.7765e-08 -2.264e-08 -2.1336e-08 -1.6391e-08 1.2124e-09 2.1148e-09 6.5686e-09 1.0523e-08 2.841e-08 4.0167e-08 4.4602e-08 1.2205e-08 2.6116e-08 1.8609e-08 -2.2158e-08 1.9179e-08 5.8439e-08 4.5502e-09 6.6947e-08 7.5999e-08 7.9739e-08 8.8389e-08 8.721e-08 9.5294e-08 8.5854e-08 7.2656e-08 7.3672e-08 7.647e-08 9.4024e-08 8.7036e-08 9.4761e-08 3.94e-08 3.5646e-08 3.3168e-08 3.4712e-08 3.16e-08 2.1001e-08 1.8267e-08 1.2033e-08 5.0221e-09 -6.0398e-09 -1.0603e-08 -1.82e-08 -2.2453e-08 -2.5734e-08 -2.6505e-08 -2.8704e-08 -2.9222e-08 -2.9024e-08 -2.8332e-08 -2.7339e-08 -2.4715e-08 -2.4045e-08 -1.8717e-08 -1.6328e-08 -1.5435e-08 -1.5397e-08 -1.5443e-08 -1.5006e-08 -1.6678e-08 -1.7139e-08 -1.8848e-08 -1.7685e-08 -2.0988e-08 -2.1683e-08 -2.3728e-08 -2.4156e-08 -2.4851e-08 -2.5435e-08 -2.6353e-08 -2.8325e-08 -2.924e-08 -2.9153e-08 -2.9228e-08 -2.8969e-08 -2.8045e-08 -2.6292e-08 -2.2979e-08 -2.2724e-08 -1.9093e-08 -1.5236e-08 -1.2548e-08 -8.4251e-09 -4.6577e-09 1.407e-08 6.8869e-08 -2.6237e-08 -2.6871e-08 -2.7231e-08 -2.8657e-08 -2.9131e-08 -2.9233e-08 -2.917e-08
-2.9223e-08 -2.9243e-08 -2.9264e-08 -2.9249e-08 -2.9212e-08 -2.9172e-08 -2.9076e-08 -2.915e-08 -2.9081e-08 -2.9031e-08 -2.9024e-08 -2.9049e-08 -2.8884e-08 -2.8983e-08 -2.8536e-08 -2.8657e-08 -2.8275e-08 -2.6291e-08 -2.4729e-08 -1.8639e-08 1.0673e-09 2.6917e-08 5.6646e-08 7.482e-08 9.1189e-08 9.5117e-08 8.9566e-08 5.1556e-08 -7.7735e-08 -2.8257e-07 -3.48e-07 -2.9423e-07 -2.5465e-07 -2.427e-07 -9.6691e-08 -1.8218e-07 -3.2129e-07 -3.4747e-07 -3.4332e-07 -2.4335e-07 -6.3226e-08 3.0703e-08 4.0488e-08 3.5412e-08 -5.1927e-08 2.0347e-08 -4.3356e-09 -6.008e-08 -1.2598e-08 -2.9215e-08 -2.736e-08 -5.1313e-08 -5.3245e-08 -3.1009e-08 3.9127e-09 3.0101e-08 8.0616e-08 9.5339e-08 9.5218e-08 9.5368e-08 8.7862e-08 6.7607e-08 6.581e-08 1.8021e-08 -1.8346e-08 -2.6619e-08 -2.7393e-08 -2.6667e-08 -2.8559e-08 -2.9147e-08 -2.9272e-08 -2.896e-08 -2.8553e-08 -2.784e-08 -2.6796e-08 -2.582e-08 -2.5308e-08 -2.4969e-08 -2.4898e-08 -2.5141e-08 -2.5561e-08 -2.5911e-08 -2.6816e-08 -2.506e-08 -2.5486e-08 -2.8576e-08 -2.9254e-08 -2.9262e-08 -2.8255e-08 -2.8461e-08 -2.1351e-08 -2.7633e-08 -2.3312e-08 -1.605e-08 -1.8228e-08 1.7011e-09 1.6408e-08 -9.1171e-09 3.2611e-08 7.858e-09 -2.474e-08 -2.4814e-08 -2.3586e-08 3.8462e-08 1.429e-08 8.0448e-08 8.7379e-08 6.2922e-08 5.9105e-08 7.3505e-08 8.6991e-08 7.5281e-08 2.3475e-09 3.739e-08 9.1837e-08 8.0138e-08 2.2217e-08 9.01e-08 2.6644e-08 3.5411e-08 2.9314e-08 3.0336e-08 7.0837e-09 3.7479e-09 -3.1202e-09 1.6148e-09 -7.8002e-09 -9.5019e-09 -1.8089e-08 -2.3316e-08 -2.5003e-08 -2.597e-08 -2.7775e-08 -2.8873e-08 -2.9166e-08 -2.8511e-08 -2.7108e-08 -2.6134e-08 -2.2133e-08 -2.0002e-08 -1.8279e-08 -1.4895e-08 -1.4411e-08 -1.4572e-08 -1.4791e-08 -1.5614e-08 -1.5148e-08 -1.5876e-08 -1.6651e-08 -1.8481e-08 -1.9709e-08 -1.9324e-08 -1.9701e-08 -2.164e-08 -2.3372e-08 -2.4974e-08 -2.6207e-08 -2.7034e-08 -2.822e-08 -2.8967e-08 -2.9271e-08 -2.8836e-08 -2.8194e-08 -2.68e-08 -2.3931e-08 -2.3889e-08 -2.2529e-08 -2.0289e-08 -1.996e-08 -1.4408e-08 2.7998e-08 7.2246e-09 2.7192e-08 -2.424e-08 -2.6673e-08 -2.8035e-08 -2.8344e-08 -2.9095e-08 -2.9107e-08 -2.9251e-08
-2.9223e-08 -2.9271e-08 -2.9271e-08 -2.9254e-08 -2.9225e-08 -2.921e-08 -2.9167e-08 -2.9124e-08 -2.9097e-08 -2.9123e-08 -2.9044e-08 -2.9193e-08 -2.908e-08 -2.9099e-08 -2.8712e-08 -2.8528e-08 -2.7717e-08 -2.6118e-08 -2.1051e-08 -8.2063e-09 9.2527e-09 2.8431e-08 5.0735e-08 6.8872e-08 8.4035e-08 9.2694e-08 9.4541e-08 8.3341e-08 9.538e-09 -1.597e-07 -3.1748e-07 -3.4709e-07 -3.2325e-07 -3.0992e-07 -2.9925e-07 -3.1226e-07 -3.4547e-07 -3.4908e-07 -2.0458e-07 -2.6025e-08 5.309e-08 6.9103e-08 5.4261e-08 4.9456e-08 5.194e-08 -1.2101e-08 2.5479e-08 -7.7729e-08 -2.1908e-08 -1.7345e-08 -3.3735e-08 -1.184e-08 -1.1207e-07 -2.5136e-08 5.3142e-08 3.8694e-08 5.9381e-08 9.3051e-08 9.4748e-08 8.2044e-08 8.3976e-08 8.0626e-08 6.5224e-08 1.6841e-08 -1.7887e-08 -2.7199e-08 -2.8503e-08 -2.8792e-08 -2.9125e-08 -2.9272e-08 -2.8854e-08 -2.8342e-08 -2.6872e-08 -2.6215e-08 -2.1831e-08 -2.4974e-08 -2.3699e-08 -2.4494e-08 -2.3487e-08 -2.3434e-08 -2.403e-08 -2.4284e-08 -2.5964e-08 -2.5718e-08 -2.5223e-08 -2.7709e-08 -2.827e-08 -2.9239e-08 -2.9268e-08 -2.9271e-08 -2.9096e-08 -2.8721e-08 -2.8608e-08 -2.7349e-08 -2.4036e-08 -1.3939e-08 -7.0096e-09 1.01e-09 -1.9331e-08 -2.273e-08 -2.6119e-08 -2.4385e-08 -5.4082e-09 -2.2167e-08 -4.9184e-09 -2.1134e-08 -1.546e-08 -2.0484e-08 8.0131e-08 8.5246e-08 9.2146e-08 2.0794e-08 8.5476e-08 9.448e-08 1.1933e-08 8.1879e-09 2.0219e-08 3.0848e-08 2.6788e-08 1.4032e-08 1.0603e-08 9.7429e-09 -1.1464e-08 -1.9792e-08 -9.7069e-09 -9.4009e-09 -1.1623e-08 -2.0283e-08 -2.3845e-08 -2.5053e-08 -2.4205e-08 -2.7644e-08 -2.792e-08 -2.9144e-08 -2.9108e-08 -2.7736e-08 -2.6284e-08 -2.5792e-08 -2.2297e-08 -1.9267e-08 -1.6552e-08 -1.4944e-08 -1.5749e-08 -1.8262e-08 -1.4609e-08 -1.5747e-08 -1.6518e-08 -1.8067e-08 -1.5368e-08 -2.0243e-08 -1.9603e-08 -2.0102e-08 -2.1332e-08 -2.2062e-08 -2.1967e-08 -2.3956e-08 -2.5608e-08 -2.6249e-08 -2.8644e-08 -2.8977e-08 -2.9267e-08 -2.8806e-08 -2.7264e-08 -2.6514e-08 -2.539e-08 -2.4261e-08 -2.2114e-08 -2.3039e-08 -2.2577e-08 -1.7179e-08 -5.1566e-09 8.7829e-09 4.3262e-08 -2.279e-08 -2.778e-08 -2.7873e-08 -2.8953e-08 -2.9075e-08 -2.9224e-08 -2.9272e-08
-2.9257e-08 -2.9259e-08 -2.9271e-08 -2.9271e-08 -2.9267e-08 -2.9247e-08 -2.9219e-08 -2.914e-08 -2.9096e-08 -2.9182e-08 -2.9175e-08 -2.9039e-08 -2.9002e-08 -2.8834e-08 -2.8725e-08 -2.7951e-08 -2.6295e-08 -2.3019e-08 -1.5738e-08 -4.8024e-09 1.3404e-08 3.1014e-08 4.8288e-08 6.0947e-08 7.0385e-08 8.066e-08 9.0504e-08 9.5357e-08 7.8482e-08 -6.4665e-10 -9.1553e-08 -1.6579e-07 -1.8942e-07 -3.4094e-07 -3.4654e-07 -3.408e-07 -3.471e-07 -2.3552e-07 -8.4418e-08 3.0953e-08 7.0742e-08 8.2199e-08 8.1371e-08 8.6652e-08 9.2126e-08 9.5026e-08 9.537e-08 9.1106e-08 2.8303e-08 -3.9218e-08 -1.1141e-07 -3.8263e-08 5.2478e-08 4.5735e-08 4.7031e-08 7.3674e-08 9.4519e-08 9.4864e-08 9.4681e-08 7.7474e-08 6.591e-08 4.0718e-08 2.2302e-08 -9.9829e-10 -1.8971e-08 -2.7922e-08 -2.8402e-08 -2.9187e-08 -2.9258e-08 -2.8938e-08 -2.8535e-08 -2.6845e-08 -2.5918e-08 -2.4589e-08 -2.4686e-08 -2.2339e-08 -2.2474e-08 -2.2362e-08 -2.0828e-08 -2.0833e-08 -2.3232e-08 -2.2545e-08 -2.343e-08 -2.3954e-08 -2.5003e-08 -2.5866e-08 -2.7886e-08 -2.7392e-08 -2.8241e-08 -2.9168e-08 -2.9239e-08 -2.9028e-08 -2.9167e-08 -2.8685e-08 -2.8462e-08 -2.7826e-08 -2.2511e-08 -1.7445e-08 -2.5727e-08 -2.5333e-08 -1.6139e-08 -5.4057e-09 6.8918e-09 -2.3319e-08 -7.2745e-09 -2.1346e-08 -2.2466e-08 -2.2925e-08 -8.8678e-10 2.67e-08 6.1893e-08 1.0691e-08 2.8047e-08 3.9108e-08 7.4508e-09 2.4173e-08 3.9269e-08 1.1025e-08 7.5081e-09 1.2012e-09 3.6066e-09 -8.0427e-09 -1.2537e-08 -1.8019e-08 -1.8088e-08 -2.0402e-08 -2.13e-08 -2.1892e-08 -2.4947e-08 -2.6021e-08 -2.7184e-08 -2.7485e-08 -2.9053e-08 -2.9267e-08 -2.8284e-08 -2.6966e-08 -2.5182e-08 -2.2887e-08 -2.1716e-08 -1.9157e-08 -1.6996e-08 -1.464e-08 -1.474e-08 -1.4547e-08 -1.5064e-08 -1.7055e-08 -1.6288e-08 -1.6069e-08 -1.6734e-08 -1.7244e-08 -1.9142e-08 -1.8149e-08 -1.9292e-08 -2.2943e-08 -2.1848e-08 -2.2567e-08 -2.4626e-08 -2.6893e-08 -2.8952e-08 -2.9252e-08 -2.9239e-08 -2.8216e-08 -2.6969e-08 -2.6228e-08 -2.5938e-08 -2.5297e-08 -2.5068e-08 -2.491e-08 -2.4659e-08 -2.3205e-08 -2.0354e-08 -1.0293e-08 2.0029e-08 -2.5246e-08 -2.5523e-08 -2.6676e-08 -2.8544e-08 -2.9247e-08 -2.9253e-08 -2.9262e-08
-2.9258e-08 -2.9267e-08 -2.9268e-08 -2.9256e-08 -2.9249e-08 -2.9244e-08 -2.9198e-08 -2.9217e-08 -2.9058e-08 -2.9244e-08 -2.9202e-08 -2.9103e-08 -2.9084e-08 -2.8755e-08 -2.794e-08 -2.7493e-08 -2.4227e-08 -2.066e-08 -1.3961e-08 -4.1028e-09 1.3672e-08 2.418e-08 3.5872e-08 4.4256e-08 5.4562e-08 6.4736e-08 7.7262e-08 8.3377e-08 9.2382e-08 9.4791e-08 8.4985e-08 7.7758e-08 7.8283e-08 7.5466e-08 -3.937e-08 -7.3785e-08 1.9287e-08 5.4112e-08 6.0907e-08 6.5809e-08 7.9027e-08 8.4761e-08 8.3326e-08 8.6921e-08 9.3615e-08 9.5352e-08 9.5331e-08 9.5348e-08 2.7636e-08 -3.1621e-08 3.7372e-08 7.739e-08 9.4187e-08 9.1736e-08 9.4641e-08 8.2533e-08 9.3437e-08 4.034e-08 9.39e-08 8.1317e-08 5.8492e-08 2.9007e-08 -8.8015e-10 -1.9729e-08 -2.6634e-08 -2.861e-08 -2.9144e-08 -2.927e-08 -2.871e-08 -2.8388e-08 -2.6935e-08 -2.5703e-08 -2.4991e-08 -2.3715e-08 -2.3102e-08 -2.3435e-08 -2.4635e-08 -2.6383e-08 -2.0775e-08 -2.0582e-08 -2.1419e-08 -2.0597e-08 -2.2123e-08 -2.2497e-08 -2.3886e-08 -2.4542e-08 -2.4929e-08 -2.5712e-08 -2.6836e-08 -2.7758e-08 -2.847e-08 -2.8717e-08 -2.8931e-08 -2.9188e-08 -2.901e-08 -2.9133e-08 -2.8307e-08 -2.7358e-08 -2.7381e-08 -2.7718e-08 -2.646e-08 -2.5218e-08 -2.777e-08 -2.4411e-08 -1.7832e-08 -2.3514e-08 -1.3295e-08 -1.5038e-08 -2.1483e-08 -6.4775e-09 1.1353e-08 -3.0674e-09 -4.1377e-09 -1.034e-08 -1.1778e-08 3.1607e-08 6.7778e-09 -1.1781e-10 -4.6517e-09 -1.2143e-08 -1.263e-08 -1.5807e-08 -2.0794e-08 -1.7777e-08 -2.2763e-08 -2.3072e-08 -2.3294e-08 -2.4054e-08 -2.5923e-08 -2.6645e-08 -2.8376e-08 -2.875e-08 -2.9252e-08 -2.9165e-08 -2.451e-08 -2.3954e-08 -2.4983e-08 -2.353e-08 -2.1452e-08 -1.9553e-08 -1.7282e-08 -1.4967e-08 -1.4906e-08 -1.5818e-08 -1.5634e-08 -1.6267e-08 -1.6844e-08 -1.6931e-08 -1.8721e-08 -1.674e-08 -1.756e-08 -1.8201e-08 -2.0372e-08 -2.0583e-08 -2.0718e-08 -2.3498e-08 -2.5783e-08 -2.7679e-08 -2.8641e-08 -2.635e-08 -2.7925e-08 -2.9042e-08 -2.7977e-08 -2.7684e-08 -2.712e-08 -2.6566e-08 -2.6628e-08 -2.5738e-08 -2.5985e-08 -2.5546e-08 -2.4808e-08 -2.1747e-08 -2.3225e-08 -2.4572e-08 -2.6036e-08 -2.8222e-08 -2.8541e-08 -2.9152e-08 -2.9244e-08 -2.9256e-08
-2.9243e-08 -2.9265e-08 -2.9268e-08 -2.9262e-08 -2.9272e-08 -2.9271e-08 -2.9262e-08 -2.9257e-08 -2.9207e-08 -2.9205e-08 -2.9237e-08 -2.9079e-08 -2.9003e-08 -2.8359e-08 -2.7321e-08 -2.5767e-08 -2.2289e-08 -1.9116e-08 -1.39e-08 -5.3716e-09 5.243e-09 1.1947e-08 2.1989e-08 3.2123e-08 4.6973e-08 5.5759e-08 6.126e-08 6.8503e-08 7.37e-08 8.0481e-08 8.5955e-08 9.0362e-08 9.307e-08 9.4654e-08 9.5357e-08 9.5323e-08 9.5069e-08 9.5294e-08 9.2475e-08 8.6522e-08 8.5142e-08 9.1128e-08 9.0091e-08 7.7426e-08 8.6834e-08 9.3418e-08 9.4095e-08 9.4211e-08 8.4415e-08 4.7911e-08 2.3614e-08 1.8899e-09 -7.2628e-09 2.029e-08 2.4885e-08 8.0681e-08 7.7523e-08 7.6225e-08 2.8077e-08 7.1939e-08 2.9536e-08 2.9561e-09 -1.839e-08 -2.5783e-08 -2.7048e-08 -2.9169e-08 -2.9207e-08 -2.8619e-08 -2.8399e-08 -2.6476e-08 -2.6267e-08 -2.5101e-08 -2.3676e-08 -2.3287e-08 -2.2776e-08 -2.2513e-08 -2.1723e-08 -2.0172e-08 -1.928e-08 -1.9477e-08 -1.9376e-08 -2.0558e-08 -2.0801e-08 -2.162e-08 -2.2076e-08 -2.3176e-08 -2.3366e-08 -2.532e-08 -2.588e-08 -2.6506e-08 -2.7228e-08 -2.8099e-08 -2.8956e-08 -2.9191e-08 -2.9272e-08 -2.9271e-08 -2.9071e-08 -2.914e-08 -2.9115e-08 -2.8897e-08 -2.6997e-08 -2.8302e-08 -2.4858e-08 -2.5974e-08 -2.8429e-09 -2.9014e-08 -1.7124e-08 -2.4733e-08 -2.2631e-08 -1.5014e-08 -1.0289e-08 -1.4706e-08 -1.209e-08 -1.0451e-08 -1.8579e-09 -1.5505e-08 -1.3346e-08 -1.5888e-08 -1.8199e-08 -1.6804e-08 -1.7484e-08 -1.9394e-08 -2.2488e-08 -2.2235e-08 -2.221e-08 -2.3856e-08 -2.3305e-08 -2.5099e-08 -2.6149e-08 -2.7495e-08 -2.8709e-08 -2.9194e-08 -2.9214e-08 -2.8628e-08 -2.5729e-08 -2.4588e-08 -2.5236e-08 -2.289e-08 -2.2753e-08 -1.9947e-08 -1.8316e-08 -1.6985e-08 -1.5855e-08 -1.5916e-08 -1.671e-08 -1.6448e-08 -1.6948e-08 -1.7048e-08 -1.8148e-08 -2.0119e-08 -1.7416e-08 -1.9385e-08 -2.1409e-08 -2.2677e-08 -2.2727e-08 -2.5537e-08 -2.6734e-08 -2.8273e-08 -2.8686e-08 -2.6933e-08 -2.5234e-08 -2.9164e-08 -2.8555e-08 -2.8282e-08 -2.8168e-08 -2.777e-08 -2.7885e-08 -2.7481e-08 -2.6511e-08 -2.7084e-08 -2.6219e-08 -2.6456e-08 -1.6976e-08 -2.2796e-08 -2.8703e-08 -2.8501e-08 -2.8484e-08 -2.9258e-08 -2.9166e-08 -2.9271e-08
-2.9246e-08 -2.9241e-08 -2.9271e-08 -2.927e-08 -2.9264e-08 -2.9258e-08 -2.9237e-08 -2.9212e-08 -2.9246e-08 -2.922e-08 -2.912e-08 -2.8817e-08 -2.8439e-08 -2.7795e-08 -2.6529e-08 -2.4417e-08 -2.0941e-08 -1.5933e-08 -1.1391e-08 -5.0859e-09 1.116e-08 8.9628e-09 1.7568e-08 2.9964e-08 3.4848e-08 4.3229e-08 5.0725e-08 5.6647e-08 6.2986e-08 6.6763e-08 7.3184e-08 7.9523e-08 8.5489e-08 8.8137e-08 8.787e-08 8.7062e-08 9.119e-08 9.279e-08 9.5365e-08 9.3845e-08 9.1989e-08 9.2684e-08 9.3799e-08 9.4802e-08 9.3133e-08 9.5349e-08 9.0371e-08 7.3726e-08 3.0528e-08 1.3603e-08 1.1797e-09 -7.3058e-09 -1.5151e-08 -1.8432e-08 -1.907e-08 -5.4611e-10 5.8271e-08 6.7893e-08 4.9813e-08 7.9414e-09 -6.8004e-09 -2.0389e-08 -2.5593e-08 -2.8997e-08 -2.9087e-08 -2.9252e-08 -2.8931e-08 -2.7967e-08 -2.6801e-08 -2.5821e-08 -2.4084e-08 -2.2619e-08 -2.1609e-08 -2.1481e-08 -2.0509e-08 -1.998e-08 -1.9685e-08 -2.1234e-08 -1.6182e-08 -1.4773e-08 -1.9105e-08 -1.9443e-08 -1.8675e-08 -2.3286e-08 -2.0726e-08 -2.2011e-08 -2.3927e-08 -2.4461e-08 -2.3876e-08 -2.543e-08 -2.5866e-08 -2.6798e-08 -2.7781e-08 -2.8463e-08 -2.8876e-08 -2.9106e-08 -2.9254e-08 -2.9016e-08 -2.9267e-08 -2.9112e-08 -2.9052e-08 -2.8989e-08 -2.5041e-08 -1.7356e-08 -2.0952e-09 -2.8029e-08 -7.9392e-09 -2.4694e-08 -2.3537e-08 -2.0613e-08 -2.0597e-08 -1.9862e-08 -1.9576e-08 -2.0577e-08 -2.2863e-08 -1.9793e-08 -2.0929e-08 -2.0291e-08 -2.2118e-08 -2.2656e-08 -2.2144e-08 -2.3384e-08 -2.2478e-08 -2.2844e-08 -2.3919e-08 -2.4133e-08 -2.3461e-08 -2.5494e-08 -2.6483e-08 -2.7466e-08 -2.8396e-08 -2.9181e-08 -2.9158e-08 -2.8628e-08 -2.7365e-08 -2.7112e-08 -2.4744e-08 -2.3804e-08 -2.1565e-08 -2.0292e-08 -1.8945e-08 -1.7861e-08 -1.6001e-08 -1.6525e-08 -1.6085e-08 -1.6384e-08 -1.7916e-08 -1.6834e-08 -1.7309e-08 -1.8546e-08 -1.9152e-08 -2.1069e-08 -2.128e-08 -2.4163e-08 -2.6729e-08 -2.6237e-08 -2.7312e-08 -2.8298e-08 -2.879e-08 -2.9075e-08 -2.927e-08 -2.9238e-08 -2.9093e-08 -2.8729e-08 -2.8581e-08 -2.8605e-08 -2.8087e-08 -2.8277e-08 -2.7683e-08 -2.7466e-08 -2.7187e-08 -2.7461e-08 -2.6411e-08 -2.8463e-08 -2.8569e-08 -2.7956e-08 -2.8679e-08 -2.9261e-08 -2.9178e-08 -2.9189e-08
-2.9258e-08 -2.9271e-08 -2.9226e-08 -2.9219e-08 -2.924e-08 -2.9262e-08 -2.9271e-08 -2.9231e-08 -2.9178e-08 -2.8879e-08 -2.8993e-08 -2.8744e-08 -2.7996e-08 -2.7061e-08 -2.5253e-08 -2.1564e-08 -1.414e-08 -1.4928e-08 -1.2667e-08 -7.2174e-09 -2.0772e-09 2.3849e-09 1.0821e-08 1.7204e-08 2.5022e-08 3.1452e-08 3.9352e-08 4.7502e-08 5.1132e-08 5.851e-08 6.3932e-08 6.6691e-08 7.3e-08 7.5463e-08 7.4493e-08 7.5884e-08 7.6803e-08 8.3879e-08 9.1505e-08 9.4708e-08 9.5375e-08 9.5364e-08 9.5245e-08 9.4479e-08 8.9727e-08 7.783e-08 6.6917e-08 4.7189e-08 2.5747e-08 5.2571e-09 -7.2566e-09 -1.3225e-08 -1.7057e-08 -2.0266e-08 -2.2256e-08 -2.3885e-08 7.2736e-09 -4.347e-09 2.1438e-08 -1.9519e-08 -2.8222e-08 -2.8943e-08 -2.9247e-08 -2.9267e-08 -2.9089e-08 -2.8534e-08 -2.7059e-08 -2.6045e-08 -2.4839e-08 -2.4068e-08 -2.1495e-08 -2.0529e-08 -2.0108e-08 -1.9528e-08 -1.8521e-08 -1.7443e-08 -1.729e-08 -1.8009e-08 -1.6528e-08 -1.7375e-08 -1.8742e-08 -1.764e-08 -1.8724e-08 -1.8018e-08 -1.9756e-08 -1.7601e-08 -1.8963e-08 -2.2165e-08 -2.2697e-08 -2.4824e-08 -2.471e-08 -2.5711e-08 -2.6967e-08 -2.7435e-08 -2.8434e-08 -2.8915e-08 -2.8803e-08 -2.7534e-08 -2.9229e-08 -2.9259e-08 -2.9062e-08 -2.9052e-08 -2.8435e-08 -2.7411e-08 -2.2748e-08 -2.3186e-08 -2.2663e-08 -2.6449e-08 -2.4657e-08 -2.5575e-08 -2.433e-08 -2.4328e-08 -2.2863e-08 -2.4214e-08 -2.4017e-08 -2.3493e-08 -2.4849e-08 -2.5864e-08 -2.4214e-08 -2.5453e-08 -2.4456e-08 -2.3879e-08 -2.2142e-08 -2.331e-08 -2.4047e-08 -2.3237e-08 -2.3165e-08 -2.5358e-08 -2.6255e-08 -2.703e-08 -2.8613e-08 -2.9208e-08 -2.923e-08 -2.8866e-08 -2.8898e-08 -2.7783e-08 -2.6714e-08 -2.4947e-08 -2.4569e-08 -2.3314e-08 -2.2869e-08 -2.135e-08 -2.1113e-08 -1.9451e-08 -1.8903e-08 -1.8661e-08 -1.9763e-08 -1.9563e-08 -2.1633e-08 -2.1573e-08 -2.1421e-08 -2.1656e-08 -2.4304e-08 -2.6143e-08 -2.6847e-08 -2.7865e-08 -2.7492e-08 -2.8368e-08 -2.8775e-08 -2.9104e-08 -2.925e-08 -2.9248e-08 -2.9144e-08 -2.9036e-08 -2.8931e-08 -2.8733e-08 -2.8848e-08 -2.8696e-08 -2.6836e-08 -2.7691e-08 -2.7184e-08 -2.8139e-08 -2.7945e-08 -2.795e-08 -2.8345e-08 -2.9055e-08 -2.9272e-08 -2.9272e-08 -2.9199e-08 -2.9162e-08
-2.9062e-08 -2.9123e-08 -2.9242e-08 -2.9263e-08 -2.9272e-08 -2.9101e-08 -2.919e-08 -2.9229e-08 -2.9135e-08 -2.8998e-08 -2.8913e-08 -2.8363e-08 -2.7961e-08 -2.6684e-08 -2.6092e-08 -2.2194e-08 -2.4771e-08 -1.0988e-08 -1.4307e-08 -1.1805e-08 -8.0191e-09 -2.684e-09 1.4639e-09 4.3391e-09 1.3395e-08 2.1081e-08 2.7931e-08 3.6754e-08 4.3849e-08 4.8017e-08 5.2664e-08 5.3846e-08 5.841e-08 5.7038e-08 5.9402e-08 5.7992e-08 6.4069e-08 6.8157e-08 7.3493e-08 8.083e-08 8.7548e-08 8.7769e-08 9.0669e-08 8.8664e-08 8.2222e-08 6.736e-08 4.7511e-08 -1.4259e-09 -3.1988e-09 -1.3029e-08 -1.6183e-08 -1.724e-08 -2.3396e-08 -2.1724e-08 -2.414e-08 -2.6279e-08 -2.756e-08 -2.8032e-08 -2.9094e-08 -2.9271e-08 -2.9183e-08 -2.8906e-08 -2.7922e-08 -2.7366e-08 -2.625e-08 -2.5097e-08 -2.4633e-08 -2.3342e-08 -2.2569e-08 -2.1269e-08 -1.9379e-08 -1.8497e-08 -1.8117e-08 -1.6908e-08 -1.6201e-08 -1.7081e-08 -1.6503e-08 -1.6392e-08 -1.5581e-08 -1.3974e-08 -1.7782e-08 -1.7278e-08 -1.6628e-08 -1.7801e-08 -1.6105e-08 -1.852e-08 -2.086e-08 -2.116e-08 -2.3076e-08 -2.306e-08 -2.3847e-08 -2.4352e-08 -2.5654e-08 -2.6745e-08 -2.817e-08 -2.833e-08 -2.8446e-08 -2.8579e-08 -2.8923e-08 -2.9185e-08 -2.9259e-08 -2.9254e-08 -2.8968e-08 -2.897e-08 -2.8768e-08 -2.7967e-08 -2.7262e-08 -2.7317e-08 -2.7381e-08 -2.663e-08 -2.6631e-08 -2.6625e-08 -2.5878e-08 -2.6887e-08 -2.5975e-08 -2.7021e-08 -2.7871e-08 -2.7584e-08 -2.7485e-08 -2.7048e-08 -2.543e-08 -2.4937e-08 -2.4019e-08 -2.3566e-08 -2.2385e-08 -2.2841e-08 -2.5383e-08 -2.6536e-08 -2.6635e-08 -2.7245e-08 -2.8475e-08 -2.9131e-08 -2.9272e-08 -2.9265e-08 -2.8995e-08 -2.8298e-08 -2.7555e-08 -2.6651e-08 -2.6496e-08 -2.5811e-08 -2.5179e-08 -2.4348e-08 -2.4022e-08 -2.2838e-08 -2.2376e-08 -2.3129e-08 -2.2818e-08 -2.2795e-08 -2.5637e-08 -2.5331e-08 -2.4283e-08 -2.5635e-08 -2.5896e-08 -2.7272e-08 -2.7908e-08 -2.7402e-08 -2.8724e-08 -2.8272e-08 -2.8598e-08 -2.9246e-08 -2.9266e-08 -2.925e-08 -2.9205e-08 -2.9214e-08 -2.8957e-08 -2.8992e-08 -2.8795e-08 -2.832e-08 -2.802e-08 -2.8421e-08 -2.8515e-08 -2.7244e-08 -2.7739e-08 -2.7662e-08 -2.8779e-08 -2.918e-08 -2.9271e-08 -2.9175e-08 -2.9013e-08 -2.8899e-08
-2.9063e-08 -2.9073e-08 -2.9164e-08 -2.9237e-08 -2.9197e-08 -2.927e-08 -2.9191e-08 -2.9109e-08 -2.9077e-08 -2.9099e-08 -2.8622e-08 -2.8088e-08 -2.8098e-08 -2.6907e-08 -2.5836e-08 -2.5174e-08 -1.6984e-08 -1.8553e-08 -1.5362e-08 -1.4964e-08 -1.2235e-08 -9.7062e-09 -5.3953e-09 -1.1182e-09 2.4438e-09 7.6214e-09 1.5132e-08 2.2782e-08 2.268e-08 3.0427e-08 3.3153e-08 3.6931e-08 3.9589e-08 3.8481e-08 4.0761e-08 4.0575e-08 4.2775e-08 4.6442e-08 5.0008e-08 6.3045e-08 6.6867e-08 7.2468e-08 7.4546e-08 7.2889e-08 6.4454e-08 4.5768e-08 2.4983e-08 9.2916e-09 -8.0047e-09 -1.3335e-08 -1.73e-08 -1.9565e-08 -2.153e-08 -2.3845e-08 -2.6092e-08 -2.7653e-08 -2.8666e-08 -2.9222e-08 -2.9209e-08 -2.8845e-08 -2.7331e-08 -2.6643e-08 -2.5941e-08 -2.5322e-08 -2.4201e-08 -2.3753e-08 -2.2504e-08 -2.1335e-08 -2.0523e-08 -1.8733e-08 -1.8433e-08 -9.4516e-09 -1.5583e-08 -1.5487e-08 -1.5198e-08 -1.4267e-08 -1.4538e-08 -1.545e-08 -1.5191e-08 -1.5513e-08 -1.6021e-08 -1.3756e-08 -1.7498e-08 -1.7132e-08 -2.5192e-08 -1.812e-09 -2.0002e-08 -2.098e-08 -2.1441e-08 -2.2786e-08 -2.2623e-08 -2.4551e-08 -2.5371e-08 -2.6044e-08 -2.6483e-08 -2.7597e-08 -2.7684e-08 -2.8408e-08 -2.8717e-08 -2.9217e-08 -2.9209e-08 -2.9264e-08 -2.9135e-08 -2.8658e-08 -2.8323e-08 -2.8406e-08 -2.8291e-08 -2.7592e-08 -2.8476e-08 -2.805e-08 -2.7702e-08 -2.822e-08 -2.8655e-08 -2.8567e-08 -2.8548e-08 -2.8737e-08 -2.8955e-08 -2.8673e-08 -2.8216e-08 -2.6873e-08 -2.6159e-08 -2.6326e-08 -2.5755e-08 -2.4745e-08 -2.476e-08 -2.5192e-08 -2.4546e-08 -2.5757e-08 -2.6734e-08 -2.7152e-08 -2.8409e-08 -2.872e-08 -2.9192e-08 -2.9198e-08 -2.9271e-08 -2.9163e-08 -2.8517e-08 -2.816e-08 -2.7888e-08 -2.8198e-08 -2.6912e-08 -2.7343e-08 -2.6247e-08 -2.5155e-08 -2.5066e-08 -2.5581e-08 -2.5871e-08 -2.5559e-08 -2.5945e-08 -2.6776e-08 -2.6192e-08 -2.675e-08 -2.6599e-08 -2.6786e-08 -2.7968e-08 -2.7653e-08 -2.8398e-08 -2.8182e-08 -2.8487e-08 -2.9079e-08 -2.9243e-08 -2.9224e-08 -2.9257e-08 -2.9213e-08 -2.9145e-08 -2.8903e-08 -2.888e-08 -2.8671e-08 -2.7887e-08 -2.8553e-08 -2.8448e-08 -2.8016e-08 -2.9018e-08 -2.8669e-08 -2.8755e-08 -2.9202e-08 -2.9242e-08 -2.9245e-08 -2.916e-08 -2.9111e-08
-2.9184e-08 -2.9116e-08 -2.9157e-08 -2.9271e-08 -2.9223e-08 -2.925e-08 -2.9025e-08 -2.926e-08 -2.9254e-08 -2.9255e-08 -2.9142e-08 -2.8897e-08 -2.8416e-08 -2.7948e-08 -2.679e-08 -2.4877e-08 -2.5265e-08 -2.3197e-08 -2.1613e-08 -1.9691e-08 -1.7662e-08 -1.4961e-08 -1.0854e-08 -7.4901e-09 -7.2185e-09 -5.2871e-09 -3.4516e-09 5.8465e-10 3.616e-09 7.3402e-09 9.6735e-09 1.5198e-08 1.8049e-08 1.6256e-08 1.1436e-08 1.6554e-08 1.7106e-08 1.6832e-08 2.5781e-08 3.5687e-08 4.0356e-08 4.3821e-08 4.3606e-08 3.1416e-08 2.466e-08 8.7712e-09 2.7446e-11 -7.4067e-09 -1.4372e-08 -1.7845e-08 -2.034e-08 -2.371e-08 -2.4806e-08 -2.6411e-08 -2.7929e-08 -2.8659e-08 -2.9204e-08 -2.9215e-08 -2.8767e-08 -2.7481e-08 -2.5164e-08 -2.6485e-08 -2.3043e-08 -2.222e-08 -2.1929e-08 -2.1024e-08 -1.954e-08 -1.8551e-08 -1.8035e-08 -1.8104e-08 -1.6208e-08 -1.6398e-08 -1.5605e-08 -1.412e-08 -1.3798e-08 -1.3689e-08 -1.4639e-08 -1.3017e-08 -1.212e-08 -1.2933e-08 -1.4865e-08 -1.5343e-08 -1.5129e-08 -1.6468e-08 -1.6986e-08 -1.7457e-08 -1.8225e-08 -1.877e-08 -2.0011e-08 -2.2332e-08 -2.3863e-08 -2.3384e-08 -2.5024e-08 -2.5131e-08 -2.7339e-08 -2.6803e-08 -2.7065e-08 -2.7745e-08 -2.8719e-08 -2.8903e-08 -2.9164e-08 -2.9226e-08 -2.9257e-08 -2.9269e-08 -2.9268e-08 -2.9217e-08 -2.8754e-08 -2.8775e-08 -2.8884e-08 -2.9017e-08 -2.9197e-08 -2.9235e-08 -2.9222e-08 -2.9224e-08 -2.9006e-08 -2.9192e-08 -2.9174e-08 -2.9176e-08 -2.852e-08 -2.8061e-08 -2.7813e-08 -2.732e-08 -2.5925e-08 -2.6221e-08 -2.523e-08 -2.5418e-08 -2.4798e-08 -2.5785e-08 -2.6627e-08 -2.6913e-08 -2.7944e-08 -2.781e-08 -2.8964e-08 -2.9266e-08 -2.9219e-08 -2.8907e-08 -2.9259e-08 -2.9182e-08 -2.9224e-08 -2.8753e-08 -2.8241e-08 -2.8952e-08 -2.8239e-08 -2.7602e-08 -2.7713e-08 -2.8192e-08 -2.7725e-08 -2.7856e-08 -2.7802e-08 -2.7809e-08 -2.7884e-08 -2.763e-08 -2.7749e-08 -2.8173e-08 -2.8236e-08 -2.7956e-08 -2.8178e-08 -2.8708e-08 -2.8719e-08 -2.905e-08 -2.8943e-08 -2.9226e-08 -2.9267e-08 -2.9236e-08 -2.9159e-08 -2.8979e-08 -2.8191e-08 -2.8294e-08 -2.8092e-08 -2.8498e-08 -2.8724e-08 -2.8795e-08 -2.9028e-08 -2.8995e-08 -2.9125e-08 -2.922e-08 -2.9269e-08 -2.913e-08 -2.9268e-08 -2.9216e-08
-2.9219e-08 -2.9203e-08 -2.9222e-08 -2.92e-08 -2.9233e-08 -2.9149e-08 -2.9268e-08 -2.926e-08 -2.9271e-08 -2.9139e-08 -2.8986e-08 -2.9021e-08 -2.8767e-08 -2.8229e-08 -2.7491e-08 -2.685e-08 -2.593e-08 -2.5002e-08 -2.3966e-08 -2.2052e-08 -2.0092e-08 -1.9464e-08 -1.7836e-08 -1.6342e-08 -1.4162e-08 -1.337e-08 -1.1133e-08 -9.5357e-09 -8.0449e-09 -7.7516e-09 -7.3753e-09 -5.5144e-09 -6.6903e-09 -6.7425e-09 -5.1952e-09 -3.7516e-09 -2.796e-09 -3.757e-09 -1.7784e-09 -1.3211e-08 1.096e-09 1.753e-09 1.5243e-09 -6.7055e-10 -2.701e-09 -6.2191e-09 -9.6706e-09 -1.4242e-08 -1.9409e-08 -2.2101e-08 -2.313e-08 -2.6536e-08 -2.7969e-08 -2.8699e-08 -2.9122e-08 -2.9259e-08 -2.8998e-08 -2.8419e-08 -2.7526e-08 -2.6673e-08 -2.4628e-08 -2.2298e-08 -2.1208e-08 -2.0255e-08 -1.8802e-08 -1.0696e-08 -2.0057e-08 -1.6324e-08 -1.5758e-08 -1.5607e-08 -1.3856e-08 -1.6097e-08 -1.4437e-08 -1.1774e-08 -1.0592e-08 -1.1199e-08 -1.1938e-08 -1.1568e-08 -1.3528e-08 -1.2801e-08 -1.3951e-08 -1.3926e-08 -1.4926e-08 -1.4616e-08 -1.6103e-08 -1.6726e-08 -1.8316e-08 -1.9226e-08 -2.0672e-08 -2.1819e-08 -2.3115e-08 -2.3739e-08 -2.4163e-08 -2.5325e-08 -2.5416e-08 -2.5572e-08 -2.7192e-08 -2.7826e-08 -2.799e-08 -2.8655e-08 -2.8816e-08 -2.9041e-08 -2.9235e-08 -2.9249e-08 -2.9267e-08 -2.9252e-08 -2.9192e-08 -2.927e-08 -2.9261e-08 -2.9261e-08 -2.9271e-08 -2.9263e-08 -2.9242e-08 -2.9253e-08 -2.9248e-08 -2.9269e-08 -2.9249e-08 -2.9241e-08 -2.916e-08 -2.8473e-08 -2.8832e-08 -2.8673e-08 -2.555e-08 -2.7122e-08 -2.6695e-08 -2.6152e-08 -2.5209e-08 -2.4696e-08 -2.5452e-08 -2.6631e-08 -2.6671e-08 -2.7169e-08 -2.7774e-08 -2.2406e-08 -2.791e-08 -2.8962e-08 -2.9079e-08 -2.8984e-08 -2.927e-08 -2.9235e-08 -2.9145e-08 -2.9239e-08 -2.8986e-08 -2.8831e-08 -2.8811e-08 -2.919e-08 -2.8957e-08 -2.9018e-08 -2.8793e-08 -2.8613e-08 -2.8808e-08 -2.8573e-08 -2.8805e-08 -2.8997e-08 -2.8725e-08 -2.8665e-08 -2.8913e-08 -2.8997e-08 -2.8948e-08 -2.9143e-08 -2.9225e-08 -2.9181e-08 -2.927e-08 -2.927e-08 -2.9243e-08 -2.865e-08 -2.9072e-08 -2.8953e-08 -2.851e-08 -2.8805e-08 -2.8614e-08 -2.899e-08 -2.9109e-08 -2.9063e-08 -2.9247e-08 -2.9258e-08 -2.9219e-08 -2.9251e-08 -2.9264e-08 -2.9257e-08
-2.9018e-08 -2.9255e-08 -2.9257e-08 -2.3632e-08 -2.922e-08 -2.9151e-08 -2.9142e-08 -2.9195e-08 -2.9242e-08 -2.9263e-08 -2.9269e-08 -2.9119e-08 -2.9083e-08 -2.8712e-08 -2.8529e-08 -2.8332e-08 -2.7768e-08 -2.7343e-08 -2.5822e-08 -2.3862e-08 -1.9869e-08 -2.3449e-08 -2.25e-08 -2.153e-08 -2.0718e-08 -2.0289e-08 -1.8802e-08 -1.9111e-08 -1.8987e-08 -1.7618e-08 -1.7246e-08 -1.6038e-08 -1.5549e-08 -1.4441e-08 -1.3189e-08 -1.2141e-08 -1.159e-08 -1.2365e-08 -1.2057e-08 -1.1527e-08 -1.1033e-08 -1.2385e-08 -1.2566e-08 -1.4245e-08 -1.6666e-08 -1.8152e-08 -2.0303e-08 -2.1375e-08 -2.4272e-08 -2.6034e-08 -2.792e-08 -2.8708e-08 -2.9184e-08 -2.9233e-08 -2.8736e-08 -2.83e-08 -2.7556e-08 -2.6561e-08 -2.5045e-08 -2.4565e-08 -2.3078e-08 -2.1059e-08 -1.9049e-08 -1.7118e-08 -1.7193e-08 -1.6677e-08 -1.3942e-08 -1.4392e-08 -1.4675e-08 -1.4786e-08 -1.3424e-08 -1.4341e-08 -1.2892e-08 -1.2985e-08 -1.2369e-08 -1.1238e-08 -1.2179e-08 -1.3624e-08 -1.3883e-08 -1.3156e-08 -1.3653e-08 -1.3929e-08 -1.5743e-08 -1.6837e-08 -1.7603e-08 -2.1412e-08 -2.0609e-08 -2.1301e-08 -2.1566e-08 -2.2184e-08 -2.2606e-08 -2.3836e-08 -2.5169e-08 -2.5677e-08 -2.518e-08 -2.7631e-08 -2.7905e-08 -2.7783e-08 -2.8099e-08 -2.8497e-08 -2.8591e-08 -2.89e-08 -2.9104e-08 -2.9104e-08 -2.9078e-08 -2.9152e-08 -2.9178e-08 -2.9161e-08 -2.9187e-08 -2.9232e-08 -2.9135e-08 -2.9191e-08 -2.9065e-08 -2.9199e-08 -2.9235e-08 -2.9263e-08 -2.927e-08 -2.9222e-08 -2.9272e-08 -2.9207e-08 -2.9009e-08 -2.8887e-08 -2.883e-08 -2.83e-08 -2.7835e-08 -2.738e-08 -2.6421e-08 -2.6042e-08 -2.5688e-08 -2.5691e-08 -2.585e-08 -2.6633e-08 -2.7183e-08 -2.7244e-08 -2.7858e-08 -2.8533e-08 -2.8776e-08 -2.8757e-08 -2.9101e-08 -2.8533e-08 -2.9244e-08 -2.876e-08 -2.9261e-08 -2.9258e-08 -2.9221e-08 -2.9237e-08 -2.925e-08 -2.9242e-08 -2.9186e-08 -2.9176e-08 -2.9225e-08 -2.9204e-08 -2.8989e-08 -2.8992e-08 -2.9012e-08 -2.9114e-08 -2.9089e-08 -2.9197e-08 -2.9116e-08 -2.9083e-08 -2.9173e-08 -2.9247e-08 -2.9215e-08 -2.9255e-08 -2.9192e-08 -2.9259e-08 -2.9257e-08 -2.9265e-08 -2.8745e-08 -2.902e-08 -2.9079e-08 -2.9156e-08 -2.8901e-08 -2.9238e-08 -2.9268e-08 -2.9242e-08 -2.9266e-08 -2.9222e-08 -2.9192e-08 -2.9159e-08
-2.9081e-08 -2.8634e-08 -2.9042e-08 -2.8719e-08 -2.8776e-08 -2.8938e-08 -2.9031e-08 -2.8954e-08 -2.926e-08 -2.9239e-08 -2.9272e-08 -2.9272e-08 -2.927e-08 -2.9267e-08 -2.9117e-08 -2.894e-08 -2.8785e-08 -2.8516e-08 -2.7687e-08 -2.8192e-08 -2.7793e-08 -2.6843e-08 -2.6553e-08 -2.6212e-08 -2.5727e-08 -2.5422e-08 -2.3692e-08 -2.4411e-08 -2.4018e-08 -2.3607e-08 -2.2761e-08 -2.1891e-08 -2.1614e-08 -2.0861e-08 -1.9744e-08 -1.84e-08 -1.8324e-08 -1.8565e-08 -1.7538e-08 -1.7281e-08 -1.7372e-08 -1.8765e-08 -2.0195e-08 -2.1586e-08 -2.3304e-08 -2.4653e-08 -2.5601e-08 -2.6895e-08 -2.7638e-08 -2.8483e-08 -2.9003e-08 -2.9093e-08 -2.9167e-08 -2.8355e-08 -2.7308e-08 -2.5792e-08 -2.4132e-08 -2.1871e-08 -2.0959e-08 -2.0344e-08 -1.9835e-08 -1.7754e-08 -1.6775e-08 -1.7134e-08 -1.4966e-08 -1.4325e-08 -1.4037e-08 -1.5583e-08 -1.4597e-08 -1.3555e-08 -1.5473e-08 -1.5044e-08 -1.3275e-08 -1.3077e-08 -1.3082e-08 -1.2648e-08 -1.2711e-08 -1.3963e-08 -1.38e-08 -1.4244e-08 -1.3952e-08 -1.5466e-08 -1.649e-08 -2.1228e-08 1.7005e-09 3.1142e-08 -2.7959e-08 -2.3041e-08 -2.1858e-08 -2.3176e-08 -2.2733e-08 -2.4628e-08 -2.4401e-08 -2.612e-08 -2.6268e-08 -2.6943e-08 -2.7578e-08 -2.7769e-08 -2.7832e-08 -2.8113e-08 -2.8556e-08 -2.8583e-08 -2.8792e-08 -2.9154e-08 -2.8883e-08 -2.9187e-08 -2.9213e-08 -2.9133e-08 -2.9157e-08 -2.9198e-08 -2.9066e-08 -2.9068e-08 -2.8945e-08 -2.9156e-08 -2.9269e-08 -2.9272e-08 -2.9149e-08 -2.9272e-08 -2.9261e-08 -2.9262e-08 -2.9271e-08 -2.921e-08 -2.9164e-08 -2.8486e-08 -2.8421e-08 -2.7169e-08 -2.7527e-08 -2.6772e-08 -2.6613e-08 -2.5068e-08 -2.6266e-08 -2.6029e-08 -2.6028e-08 -2.6387e-08 -2.726e-08 -2.7004e-08 -2.7732e-08 -2.7959e-08 -2.7444e-08 -2.8312e-08 -2.8749e-08 -2.8655e-08 -2.8984e-08 -2.9051e-08 -2.8778e-08 -2.9196e-08 -2.9171e-08 -2.9225e-08 -2.9191e-08 -2.9229e-08 -2.927e-08 -2.9272e-08 -2.9272e-08 -2.9255e-08 -2.9134e-08 -2.9231e-08 -2.9257e-08 -2.9138e-08 -2.9181e-08 -2.9192e-08 -2.9271e-08 -2.9272e-08 -2.917e-08 -2.9198e-08 -2.9272e-08 -2.918e-08 -2.9198e-08 -2.9206e-08 -2.9265e-08 -2.9238e-08 -2.9242e-08 -2.9258e-08 -2.9272e-08 -2.9269e-08 -2.9266e-08 -2.9184e-08 -2.9271e-08 -2.9271e-08 -2.9017e-08 -2.9169e-08
-2.8491e-08 -2.8555e-08 -2.8257e-08 -2.8466e-08 -2.8608e-08 -2.8024e-08 -2.8365e-08 -2.8634e-08 -2.8438e-08 -2.8672e-08 -2.9169e-08 -2.9081e-08 -2.8933e-08 -2.9229e-08 -2.9182e-08 -2.9262e-08 -2.9266e-08 -2.927e-08 -2.9257e-08 -2.9245e-08 -2.88e-08 -2.9011e-08 -2.8433e-08 -2.8058e-08 -2.8031e-08 -2.6993e-08 -2.7946e-08 -2.77e-08 -2.6959e-08 -2.6658e-08 -2.6437e-08 -2.5324e-08 -2.5642e-08 -2.4407e-08 -2.7464e-08 -2.2894e-08 -2.2865e-08 -2.2667e-08 -2.2157e-08 -2.2595e-08 -2.312e-08 -2.3926e-08 -2.5447e-08 -2.5904e-08 -2.6684e-08 -2.7658e-08 -2.8456e-08 -2.9056e-08 -2.9243e-08 -2.9232e-08 -2.8858e-08 -2.8013e-08 -2.6989e-08 -2.5317e-08 -2.3287e-08 -2.1187e-08 -1.8563e-08 -1.6609e-08 -1.4434e-08 -1.2319e-08 -1.1535e-08 -1.2007e-08 -1.3654e-08 -1.4486e-08 -1.4408e-08 -1.4468e-08 -1.5184e-08 -1.4496e-08 -1.3415e-08 -1.4219e-08 -1.364e-08 -1.3668e-08 -1.4352e-08 -1.319e-08 -1.3304e-08 -1.4155e-08 -1.4717e-08 -1.6626e-08 -1.3806e-08 -1.4812e-08 -1.5446e-08 -1.6562e-08 -1.9209e-08 -2.0099e-08 -2.0325e-08 -2.2326e-08 -2.2718e-08 -2.2464e-08 -2.3129e-08 -2.2798e-08 -2.3969e-08 -2.4906e-08 -2.5064e-08 -2.6104e-08 -2.6466e-08 -2.7205e-08 -2.7516e-08 -2.7833e-08 -2.8094e-08 -2.8644e-08 -2.8893e-08 -2.8676e-08 -2.8844e-08 -2.9162e-08 -2.9104e-08 -2.9105e-08 -2.908e-08 -2.9188e-08 -2.9247e-08 -2.9251e-08 -2.9272e-08 -2.9094e-08 -2.8944e-08 -2.912e-08 -2.9196e-08 -2.9175e-08 -2.9272e-08 -2.9236e-08 -2.9254e-08 -2.9265e-08 -2.927e-08 -2.9134e-08 -2.9214e-08 -2.9098e-08 -2.8858e-08 -2.8626e-08 -2.8555e-08 -2.7632e-08 -2.6966e-08 -2.6781e-08 -2.6102e-08 -2.5229e-08 -2.5402e-08 -2.5428e-08 -2.4299e-08 -2.6449e-08 -2.6596e-08 -2.697e-08 -2.3196e-08 -2.7513e-08 -2.7965e-08 -2.8458e-08 -2.8565e-08 -2.8248e-08 -2.847e-08 -2.8548e-08 -2.7433e-08 -2.8949e-08 -2.891e-08 -2.9038e-08 -2.8953e-08 -2.9238e-08 -2.9209e-08 -2.9261e-08 -2.9271e-08 -2.927e-08 -2.9272e-08 -2.9266e-08 -2.9257e-08 -2.9193e-08 -2.9249e-08 -2.9267e-08 -2.927e-08 -2.9245e-08 -2.9259e-08 -2.9259e-08 -2.9091e-08 -2.9095e-08 -2.9079e-08 -2.9202e-08 -2.9082e-08 -2.9201e-08 -2.897e-08 -2.9022e-08 -2.9243e-08 -2.9173e-08 -2.9147e-08 -2.8724e-08 -2.8829e-08 -2.8629e-08
-2.8904e-08 -2.7932e-08 -2.787e-08 -2.8173e-08 -2.7989e-08 -2.7895e-08 -2.8089e-08 -2.7834e-08 -2.8577e-08 -2.7583e-08 -2.8264e-08 -2.8356e-08 -2.8512e-08 -2.8387e-08 -2.9036e-08 -2.9199e-08 -2.9203e-08 -2.8938e-08 -2.8817e-08 -2.9134e-08 -2.9104e-08 -2.9139e-08 -2.9207e-08 -2.9249e-08 -2.9228e-08 -2.9194e-08 -2.7549e-08 -2.9086e-08 -2.9059e-08 -2.8331e-08 -2.8969e-08 -2.7973e-08 -2.822e-08 -2.7388e-08 -2.6452e-08 -2.5694e-08 -2.6031e-08 -2.5948e-08 -2.6128e-08 -2.6238e-08 -2.6377e-08 -2.7542e-08 -2.8082e-08 -2.8603e-08 -2.8948e-08 -2.9219e-08 -2.9151e-08 -2.859e-08 -2.754e-08 -2.6498e-08 -2.5686e-08 -2.4725e-08 -2.4073e-08 -2.2535e-08 -2.1339e-08 -1.939e-08 -1.8091e-08 -1.7415e-08 -1.5589e-08 -1.4908e-08 -1.4845e-08 -1.4475e-08 -1.4786e-08 -1.5036e-08 -1.5792e-08 -1.5165e-08 -1.4847e-08 -1.4673e-08 -1.5591e-08 -1.4471e-08 -1.4289e-08 -1.489e-08 -1.3583e-08 -1.4043e-08 -1.6302e-08 -1.5035e-08 -1.5357e-08 -1.6739e-08 -1.6585e-08 -1.7321e-08 -1.8494e-08 -1.9141e-08 -1.87e-08 -2.0054e-08 -2.1924e-08 -2.1722e-08 -2.3594e-08 -2.4139e-08 -2.4483e-08 -2.5049e-08 -2.505e-08 -2.5803e-08 -2.6664e-08 -2.6767e-08 -2.6823e-08 -2.8133e-08 -2.791e-08 -2.7946e-08 -2.8262e-08 -2.8421e-08 -2.8547e-08 -2.8599e-08 -2.8763e-08 -2.9091e-08 -2.9043e-08 -2.8798e-08 -2.8953e-08 -2.909e-08 -2.9116e-08 -2.9025e-08 -2.9248e-08 -2.9271e-08 -2.919e-08 -2.921e-08 -2.9136e-08 -2.9214e-08 -2.9267e-08 -2.9246e-08 -2.9257e-08 -2.9238e-08 -2.9149e-08 -2.9219e-08 -2.9167e-08 -2.9152e-08 -2.8749e-08 -2.8642e-08 -2.8589e-08 -2.8426e-08 -2.815e-08 -2.7813e-08 -2.7367e-08 -2.6475e-08 -2.6369e-08 -2.5599e-08 -2.4773e-08 -2.3908e-08 -2.4819e-08 -2.618e-08 -2.6932e-08 -2.6635e-08 -2.6964e-08 -2.6965e-08 -2.7367e-08 -2.7353e-08 -2.7459e-08 -2.7529e-08 -2.7846e-08 -2.8207e-08 -2.8212e-08 -2.8102e-08 -2.8599e-08 -2.8305e-08 -2.869e-08 -2.9015e-08 -2.9184e-08 -2.9246e-08 -2.9202e-08 -2.9265e-08 -2.9122e-08 -2.9236e-08 -2.9269e-08 -2.927e-08 -2.927e-08 -2.9181e-08 -2.9186e-08 -2.9062e-08 -2.9026e-08 -2.883e-08 -2.8944e-08 -2.907e-08 -2.9106e-08 -2.883e-08 -2.8703e-08 -2.8531e-08 -2.7861e-08 -2.8243e-08 -2.8485e-08 -2.8303e-08 -2.8548e-08 -2.8728e-08
-2.7729e-08 -2.715e-08 -2.6674e-08 -2.7437e-08 -2.7791e-08 -2.7221e-08 -2.2534e-08 -2.8128e-08 -2.7416e-08 -2.7306e-08 -2.82e-08 -2.7847e-08 -2.7662e-08 -2.8038e-08 -2.7358e-08 -2.7193e-08 -2.7326e-08 -2.7865e-08 -2.6807e-08 -2.8486e-08 -2.8909e-08 -2.8312e-08 -2.8346e-08 -2.8643e-08 -2.8978e-08 -2.91e-08 -2.9237e-08 -2.9267e-08 -2.9265e-08 -2.9169e-08 -2.9231e-08 -2.9258e-08 -2.9268e-08 -2.8977e-08 -2.9227e-08 -2.924e-08 -2.8976e-08 -2.8986e-08 -2.9055e-08 -2.9113e-08 -2.8946e-08 -2.9267e-08 -2.9263e-08 -2.9212e-08 -2.8951e-08 -2.8693e-08 -2.8118e-08 -2.7004e-08 -2.6253e-08 -2.4998e-08 -2.3915e-08 -2.3084e-08 -2.2935e-08 -2.3233e-08 -2.2144e-08 -2.1769e-08 -2.1308e-08 -2.0646e-08 -1.9863e-08 -1.9859e-08 -2.0341e-08 -1.9289e-08 -1.9205e-08 -1.8577e-08 -1.6274e-08 -1.7591e-08 -1.729e-08 -1.6675e-08 -1.4978e-08 -1.6377e-08 -1.5706e-08 -1.6341e-08 -1.657e-08 -1.5725e-08 -1.7026e-08 -1.8101e-08 -1.7991e-08 -1.7478e-08 -1.8249e-08 -1.9418e-08 -2.0232e-08 -2.0447e-08 -2.1106e-08 -2.2144e-08 -2.314e-08 -2.3457e-08 -2.4105e-08 -2.4311e-08 -2.4891e-08 -2.6014e-08 -2.696e-08 -2.7529e-08 -2.7181e-08 -2.7059e-08 -2.7783e-08 -2.7856e-08 -2.8178e-08 -2.8294e-08 -2.8442e-08 -2.8685e-08 -2.8951e-08 -2.9093e-08 -2.916e-08 -2.9206e-08 -2.9077e-08 -2.9011e-08 -2.9068e-08 -2.9193e-08 -2.9157e-08 -2.9192e-08 -2.9067e-08 -2.9214e-08 -2.9244e-08 -2.9242e-08 -2.9272e-08 -2.9252e-08 -2.9266e-08 -2.9252e-08 -2.9091e-08 -2.9239e-08 -2.8938e-08 -2.917e-08 -2.9114e-08 -2.8726e-08 -2.8778e-08 -2.8734e-08 -2.864e-08 -2.8646e-08 -2.8369e-08 -2.7921e-08 -2.7614e-08 -2.7735e-08 -2.7287e-08 -2.703e-08 -2.6148e-08 -2.6338e-08 -2.5662e-08 -2.5231e-08 -2.4743e-08 -2.4328e-08 -2.3445e-08 -2.3238e-08 -2.3927e-08 -2.4585e-08 -2.5318e-08 -2.5966e-08 -2.6811e-08 -2.7063e-08 -2.7866e-08 -2.7701e-08 -2.8289e-08 -2.8227e-08 -2.819e-08 -2.8413e-08 -2.8868e-08 -2.8743e-08 -2.9177e-08 -2.9263e-08 -2.9269e-08 -2.9251e-08 -2.9223e-08 -2.9272e-08 -2.9152e-08 -2.911e-08 -2.9062e-08 -2.8841e-08 -2.8931e-08 -2.8796e-08 -2.9171e-08 -2.8639e-08 -2.8668e-08 -2.8772e-08 -2.9026e-08 -2.8509e-08 -2.8346e-08 -2.8115e-08 -2.7477e-08 -2.8406e-08 -2.7858e-08 -2.8017e-08
-2.6647e-08 -2.5991e-08 -2.5925e-08 -2.6455e-08 -2.7034e-08 -2.5641e-08 -2.5411e-08 -2.5917e-08 -2.5963e-08 -2.5408e-08 -2.4641e-08 -2.5762e-08 -2.5551e-08 -2.6658e-08 -2.4231e-08 -2.6027e-08 -2.632e-08 -2.6615e-08 -2.7183e-08 -2.7212e-08 -2.6855e-08 -2.8574e-08 -2.8512e-08 -2.8074e-08 -2.8604e-08 -2.7954e-08 -2.858e-08 -2.5656e-08 -2.7502e-08 -2.8155e-08 -2.7672e-08 -2.8586e-08 -2.8871e-08 -2.9042e-08 -2.9227e-08 -2.9075e-08 -2.9231e-08 -2.9171e-08 -2.9094e-08 -2.8779e-08 -2.8555e-08 -2.823e-08 -2.7984e-08 -2.7758e-08 -2.7115e-08 -2.6656e-08 -2.6329e-08 -2.5881e-08 -2.5336e-08 -2.4629e-08 -2.3598e-08 -2.1823e-08 -2.2454e-08 -2.2345e-08 -2.2384e-08 -2.2554e-08 -2.3113e-08 -2.3206e-08 -2.3857e-08 -2.3092e-08 -2.2557e-08 -2.1975e-08 -2.1429e-08 -2.1542e-08 -2.0897e-08 -1.9816e-08 -1.9311e-08 -1.9879e-08 -1.9955e-08 -1.9408e-08 -1.8115e-08 -1.7208e-08 -1.7424e-08 -1.9122e-08 -1.8131e-08 -1.7959e-08 -1.7834e-08 -1.9303e-08 -2.0349e-08 -2.1877e-08 -2.175e-08 -2.2504e-08 -2.3236e-08 -2.3884e-08 -2.3595e-08 -2.394e-08 -2.4565e-08 -2.5215e-08 -2.5894e-08 -2.5939e-08 -2.6701e-08 -2.8028e-08 -2.7998e-08 -2.7993e-08 -2.8094e-08 -2.874e-08 -2.8653e-08 -2.8699e-08 -2.8875e-08 -2.8791e-08 -2.8975e-08 -2.8993e-08 -2.9109e-08 -2.9271e-08 -2.9186e-08 -2.9171e-08 -2.9259e-08 -2.9271e-08 -2.9272e-08 -2.9249e-08 -2.9271e-08 -2.9268e-08 -2.9236e-08 -2.9253e-08 -2.9272e-08 -2.9252e-08 -2.9245e-08 -2.9268e-08 -2.9143e-08 -2.8976e-08 -2.9113e-08 -2.9233e-08 -2.9185e-08 -2.8915e-08 -2.8837e-08 -2.8704e-08 -2.8472e-08 -2.8681e-08 -2.8121e-08 -2.806e-08 -2.7781e-08 -2.7481e-08 -2.7662e-08 -2.7163e-08 -2.7376e-08 -2.7006e-08 -2.6605e-08 -2.6103e-08 -2.591e-08 -2.6065e-08 -2.6382e-08 -2.6628e-08 -2.6866e-08 -2.6928e-08 -2.716e-08 -2.7384e-08 -2.7552e-08 -2.7671e-08 -2.8028e-08 -2.8196e-08 -2.8011e-08 -2.8481e-08 -2.8465e-08 -2.8701e-08 -2.87e-08 -2.8708e-08 -2.9136e-08 -2.9233e-08 -2.9263e-08 -2.9243e-08 -2.9225e-08 -2.9232e-08 -2.9268e-08 -2.9139e-08 -2.8902e-08 -2.8692e-08 -2.8976e-08 -2.8675e-08 -2.8263e-08 -2.8025e-08 -2.9201e-08 -1.6365e-08 -2.9181e-08 -2.0502e-08 -2.826e-08 -2.7805e-08 -2.676e-08 -2.7045e-08 -2.8161e-08 -2.7358e-08
-2.6636e-08 -2.5505e-08 -2.6177e-08 -2.566e-08 -2.5618e-08 -2.4233e-08 -2.6013e-08 -2.499e-08 -2.4734e-08 -2.4854e-08 -2.4218e-08 -2.5264e-08 -2.5041e-08 -2.3837e-08 -2.5043e-08 -2.4345e-08 -2.4443e-08 -2.6504e-08 -2.56e-08 -2.5094e-08 -2.577e-08 -2.462e-08 -2.4052e-08 -2.298e-08 -2.5038e-08 -2.6897e-08 -2.657e-08 -2.6521e-08 -2.8386e-08 -2.7843e-08 -2.7656e-08 -2.8054e-08 -2.7013e-08 -2.6578e-08 -2.5892e-08 -2.7462e-08 -2.7875e-08 -2.7748e-08 -2.8362e-08 -2.7489e-08 -2.7637e-08 -2.7259e-08 -2.6391e-08 -2.6524e-08 -2.6547e-08 -2.7092e-08 -2.6272e-08 -2.574e-08 -2.5334e-08 -2.4123e-08 -2.3439e-08 -2.3227e-08 -2.3264e-08 -2.3074e-08 -2.2953e-08 -2.124e-08 -2.3284e-08 -2.3437e-08 -2.3079e-08 -2.2805e-08 -2.175e-08 -2.1031e-08 -2.0495e-08 -2.0465e-08 -2.0484e-08 -2.0947e-08 -2.1427e-08 -2.1129e-08 -2.0483e-08 -2.1773e-08 -2.0037e-08 -2.0015e-08 -2.0012e-08 -2.0011e-08 -2.043e-08 -1.9886e-08 -2.093e-08 -2.108e-08 -2.2544e-08 -2.2245e-08 -2.3291e-08 -2.3466e-08 -2.4375e-08 -2.2532e-08 -2.4912e-08 -2.5744e-08 -2.6307e-08 -2.6839e-08 -2.6958e-08 -2.6952e-08 -2.7521e-08 -2.7715e-08 -2.7992e-08 -2.8354e-08 -2.834e-08 -2.8509e-08 -2.8018e-08 -2.8932e-08 -2.9064e-08 -2.9132e-08 -2.9177e-08 -2.9189e-08 -2.921e-08 -2.926e-08 -2.9248e-08 -2.9231e-08 -2.9228e-08 -2.9264e-08 -2.9264e-08 -2.926e-08 -2.9272e-08 -2.9256e-08 -2.927e-08 -2.9272e-08 -2.9271e-08 -2.9262e-08 -2.9239e-08 -2.9262e-08 -2.9135e-08 -2.9141e-08 -2.9117e-08 -2.9061e-08 -2.8823e-08 -2.9158e-08 -2.9152e-08 -2.9057e-08 -2.8663e-08 -2.8578e-08 -2.857e-08 -2.8086e-08 -2.8547e-08 -2.8357e-08 -2.8413e-08 -2.8184e-08 -2.7593e-08 -2.7806e-08 -2.7538e-08 -2.7525e-08 -2.7402e-08 -2.7394e-08 -2.7231e-08 -2.7776e-08 -2.784e-08 -2.6788e-08 -2.7462e-08 -2.7826e-08 -2.8157e-08 -2.8258e-08 -2.7936e-08 -2.7989e-08 -2.8229e-08 -2.8542e-08 -2.8667e-08 -2.8761e-08 -2.8911e-08 -2.8928e-08 -2.9031e-08 -2.9223e-08 -2.9263e-08 -2.927e-08 -2.9268e-08 -2.9188e-08 -2.9173e-08 -2.8975e-08 -2.8878e-08 -2.8913e-08 -2.8878e-08 -2.8722e-08 -2.8507e-08 -2.8193e-08 -2.8175e-08 -2.7801e-08 -2.8168e-08 -2.6308e-08 -2.614e-08 -2.5864e-08 -2.5786e-08 -2.5827e-08 -2.6295e-08 -2.7009e-08
-2.4414e-08 -2.5829e-08 -2.7935e-08 -2.8628e-08 -2.7682e-08 -2.4979e-08 -2.6091e-08 -2.8849e-08 -2.8741e-08 -2.5561e-08 -2.4413e-08 -2.4405e-08 -2.3998e-08 -2.4502e-08 -2.4641e-08 -2.6497e-08 -2.8646e-08 -2.8404e-08 -2.8876e-08 -2.6635e-08 -2.8226e-08 -2.7433e-08 -2.2864e-08 -1.854e-08 -2.4755e-08 -2.6627e-08 -2.6747e-08 -2.5379e-08 -2.6089e-08 -2.6222e-08 -2.6344e-08 -2.6293e-08 -2.5772e-08 -2.6675e-08 -2.8828e-08 -2.6857e-08 -2.7656e-08 -2.6981e-08 -2.7265e-08 -2.7552e-08 -2.609e-08 -2.6401e-08 -2.7141e-08 -2.7124e-08 -2.6388e-08 -2.5599e-08 -2.5222e-08 -2.4809e-08 -2.4339e-08 -2.4028e-08 -2.3776e-08 -2.3315e-08 -2.4999e-08 -2.2501e-08 -2.2124e-08 -2.1511e-08 -2.1169e-08 -2.1203e-08 -2.1223e-08 -2.117e-08 -2.0664e-08 -2.8116e-08 -2.7933e-08 -2.4109e-08 -2.2396e-08 -2.2759e-08 -2.2873e-08 -2.2476e-08 -2.3479e-08 -2.3502e-08 -2.2726e-08 -2.2449e-08 -2.2484e-08 -2.2389e-08 -2.3041e-08 -2.2915e-08 -2.329e-08 -2.3177e-08 -2.2734e-08 -2.3084e-08 -2.3795e-08 -2.5064e-08 -2.5265e-08 -2.5606e-08 -2.5719e-08 -2.6346e-08 -2.744e-08 -2.7593e-08 -2.6988e-08 -2.7411e-08 -2.7336e-08 -2.7711e-08 -2.8218e-08 -2.8711e-08 -2.8783e-08 -2.8626e-08 -2.8625e-08 -2.8731e-08 -2.8911e-08 -2.9042e-08 -2.9089e-08 -2.9101e-08 -2.9199e-08 -2.9032e-08 -2.921e-08 -2.9235e-08 -2.9234e-08 -2.9252e-08 -2.9256e-08 -2.9263e-08 -2.9265e-08 -2.9271e-08 -2.9262e-08 -2.9189e-08 -2.9191e-08 -2.9177e-08 -2.9249e-08 -2.9115e-08 -2.9132e-08 -2.8847e-08 -2.8997e-08 -2.909e-08 -2.9124e-08 -2.9148e-08 -2.9127e-08 -2.9158e-08 -2.9078e-08 -2.9012e-08 -2.8888e-08 -2.8674e-08 -2.8834e-08 -2.8586e-08 -2.8384e-08 -2.795e-08 -2.5087e-08 -2.748e-08 -2.8196e-08 -2.8269e-08 -2.8438e-08 -2.8307e-08 -2.8005e-08 -2.807e-08 -2.8086e-08 -2.8042e-08 -2.8137e-08 -2.7976e-08 -2.8356e-08 -2.81e-08 -2.8295e-08 -2.7972e-08 -2.8418e-08 -2.8694e-08 -2.8655e-08 -2.885e-08 -2.9018e-08 -2.9086e-08 -2.9167e-08 -2.9203e-08 -2.9133e-08 -2.925e-08 -2.9268e-08 -2.9253e-08 -2.9104e-08 -2.8942e-08 -2.8873e-08 -2.8848e-08 -2.866e-08 -2.8235e-08 -2.8203e-08 -2.8417e-08 -2.7918e-08 -2.8327e-08 -2.7995e-08 -2.7454e-08 -2.7658e-08 -2.5864e-08 -2.4704e-08 -2.4986e-08 -2.5853e-08 -2.508e-08
-2.7317e-08 -2.8207e-08 -2.8192e-08 -2.7489e-08 -2.729e-08 -2.7646e-08 -2.7953e-08 -2.7982e-08 -2.7751e-08 -2.7873e-08 -2.7763e-08 -2.87e-08 -2.707e-08 -2.7472e-08 -2.7219e-08 -2.6461e-08 -2.6487e-08 -2.6089e-08 -2.6079e-08 -2.6609e-08 -2.68e-08 -2.57e-08 -2.5927e-08 -2.5611e-08 -2.508e-08 -2.4612e-08 -2.5532e-08 -2.7596e-08 -2.7029e-08 -2.7869e-08 -2.7452e-08 -2.7114e-08 -2.6825e-08 -2.6731e-08 -2.7104e-08 -2.6542e-08 -2.6919e-08 -2.6019e-08 -2.6181e-08 -2.6274e-08 -2.6121e-08 -2.5827e-08 -2.5868e-08 -2.6329e-08 -2.6885e-08 -2.6673e-08 -2.6339e-08 -2.595e-08 -2.5667e-08 -2.4803e-08 -2.3951e-08 -2.4429e-08 -2.4018e-08 -2.3539e-08 -2.2989e-08 -2.2856e-08 -2.3408e-08 -2.2679e-08 -2.1743e-08 -2.1838e-08 -2.1224e-08 -2.0839e-08 -2.1088e-08 -2.0803e-08 -2.1585e-08 -2.1558e-08 -2.0573e-08 -2.1386e-08 -2.2735e-08 -2.3461e-08 -2.4212e-08 -2.4599e-08 -2.5459e-08 -2.5158e-08 -2.5063e-08 -2.6698e-08 -2.707e-08 -2.6722e-08 -2.5744e-08 -2.5616e-08 -2.6688e-08 -2.6187e-08 -2.7586e-08 -2.926e-08 -2.8724e-08 -2.6604e-08 -2.5706e-08 -2.7803e-08 -2.8552e-08 -1.8174e-08 -2.6058e-08 -2.9256e-08 -2.8007e-08 -2.3201e-08 -2.894e-08 -2.0117e-08 -2.2774e-08 -2.9154e-08 -2.7825e-08 -2.3544e-08 -2.5289e-08 -2.6505e-08 -2.7766e-08 -2.9272e-08 -2.9261e-08 -2.9258e-08 -2.9271e-08 -2.9268e-08 -2.9258e-08 -2.927e-08 -2.9272e-08 -2.9272e-08 -2.9269e-08 -2.9264e-08 -2.9211e-08 -2.9238e-08 -2.921e-08 -2.9203e-08 -2.9165e-08 -2.8374e-08 -2.8841e-08 -2.8249e-08 -2.9068e-08 -2.8985e-08 -2.8904e-08 -2.9034e-08 -2.8932e-08 -2.8831e-08 -2.8874e-08 -2.8901e-08 -2.8923e-08 -2.8952e-08 -2.8865e-08 -2.8906e-08 -2.8882e-08 -2.8897e-08 -2.896e-08 -2.896e-08 -2.8769e-08 -2.8858e-08 -2.8745e-08 -2.8556e-08 -2.8177e-08 -2.8316e-08 -2.837e-08 -2.7822e-08 -2.7098e-08 -2.7246e-08 -2.771e-08 -2.814e-08 -2.835e-08 -2.814e-08 -2.8665e-08 -2.89e-08 -2.8903e-08 -2.9142e-08 -2.9073e-08 -2.9215e-08 -2.9191e-08 -2.9213e-08 -2.9258e-08 -2.9262e-08 -2.9233e-08 -2.9086e-08 -2.9043e-08 -2.8846e-08 -2.8948e-08 -2.8969e-08 -2.8812e-08 -2.8191e-08 -2.8232e-08 -2.8061e-08 -2.8e-08 -2.7664e-08 -2.751e-08 -2.7882e-08 -2.7951e-08 -2.6882e-08 -2.6856e-08 -2.7082e-08
-2.7484e-08 -2.7618e-08 -2.7847e-08 -2.8262e-08 -2.7859e-08 -2.7896e-08 -2.8104e-08 -2.8001e-08 -2.8084e-08 -2.8238e-08 -2.8401e-08 -2.8528e-08 -2.8659e-08 -2.8771e-08 -2.8915e-08 -2.9005e-08 -2.9024e-08 -2.9108e-08 -2.9106e-08 -2.9163e-08 -2.9186e-08 -2.9227e-08 -2.9254e-08 -2.9272e-08 -2.9262e-08 -2.9185e-08 -2.8966e-08 -2.8555e-08 -2.8572e-08 -2.8171e-08 -2.757e-08 -2.8199e-08 -2.8111e-08 -2.678e-08 -2.925e-08 -2.9253e-08 -2.9089e-08 -2.9124e-08 -2.7148e-08 -2.8199e-08 -2.9139e-08 -2.9271e-08 -2.7739e-08 -2.77e-08 -2.7534e-08 -2.6951e-08 -2.6273e-08 -2.6641e-08 -2.8056e-08 -2.8328e-08 -2.8962e-08 -2.8798e-08 -2.7622e-08 -2.8867e-08 -2.8535e-08 -2.9205e-08 -2.8974e-08 -2.8907e-08 -2.8932e-08 -2.9217e-08 -2.6844e-08 -2.8192e-08 -2.7772e-08 -2.7765e-08 -2.7207e-08 -2.6691e-08 -2.5818e-08 -2.8503e-08 -2.9109e-08 -2.9072e-08 -2.9102e-08 -2.9129e-08 -2.5673e-08 -2.8056e-08 -2.6166e-08 -2.1537e-08 -1.6924e-08 -2.1262e-08 -1.5508e-08 -8.9584e-09 -7.1534e-09 5.5094e-09 3.1074e-09 1.1818e-08 1.2011e-08 8.5073e-09 2.2104e-08 2.3794e-08 2.2548e-08 2.9353e-08 2.4224e-08 1.6766e-08 3.5358e-08 3.5355e-08 1.7099e-08 3.0187e-08 2.8788e-08 4.227e-08 4.2258e-08 3.9311e-08 1.6895e-08 1.035e-08 1.1802e-08 1.1554e-08 1.1529e-08 7.2349e-09 2.5182e-08 -1.1806e-08 -1.5677e-08 -2.7718e-08 -2.7281e-08 -1.7064e-08 -2.2669e-08 -2.8954e-08 -2.6714e-08 -2.7569e-08 -2.4261e-08 -2.6048e-08 -2.8353e-08 -2.1151e-08 -2.204e-08 -2.0292e-08 -2.2117e-08 -2.2825e-08 -2.6486e-08 -2.8917e-08 -2.4445e-08 -2.5695e-08 -2.5699e-08 -2.5519e-08 -2.6446e-08 -2.6151e-08 -2.6172e-08 -2.6522e-08 -2.6742e-08 -2.699e-08 -2.7775e-08 -2.8458e-08 -2.8905e-08 -2.892e-08 -2.8941e-08 -2.8935e-08 -2.8944e-08 -2.8819e-08 -2.8916e-08 -2.8684e-08 -2.8731e-08 -2.885e-08 -2.8909e-08 -2.9098e-08 -2.9099e-08 -2.9173e-08 -2.9191e-08 -2.9225e-08 -2.9219e-08 -2.9198e-08 -2.9205e-08 -2.925e-08 -2.9261e-08 -2.9217e-08 -2.9232e-08 -2.9256e-08 -2.9271e-08 -2.9272e-08 -2.9272e-08 -2.927e-08 -2.9258e-08 -2.9232e-08 -2.9216e-08 -2.9041e-08 -2.8715e-08 -2.8799e-08 -2.875e-08 -2.8696e-08 -2.8634e-08 -2.8345e-08 -2.8003e-08 -2.7626e-08 -2.7599e-08 -2.751e-08
-2.2479e-08 -2.253e-08 -2.2613e-08 -2.257e-08 -2.2606e-08 -2.2438e-08 -2.2677e-08 -2.2901e-08 -2.3085e-08 -2.3414e-08 -2.3835e-08 -2.4361e-08 -2.454e-08 -2.4942e-08 -2.5194e-08 -2.5777e-08 -2.6288e-08 -2.6364e-08 -2.7151e-08 -2.7164e-08 -2.7511e-08 -2.7604e-08 -2.7611e-08 -2.757e-08 -2.7488e-08 -2.6968e-08 -2.8187e-08 -2.7943e-08 -2.7459e-08 -1.8405e-08 -1.4662e-08 -8.6855e-09 -1.6984e-08 -1.9629e-08 -8.6161e-09 -1.4823e-08 -6.8721e-09 -8.1283e-09 -8.0925e-09 -4.1059e-09 1.5237e-09 -3.9578e-09 6.2565e-09 1.3128e-08 1.2431e-08 2.9914e-09 4.326e-09 7.036e-09 2.8992e-09 -1.0107e-09 -7.3993e-09 -1.2642e-08 -1.902e-08 -2.0954e-08 -1.0301e-08 -1.3757e-08 -6.9801e-09 -1.253e-09 -3.4859e-10 -6.2652e-09 -1.4638e-09 -2.2092e-08 -2.0755e-08 -2.9168e-08 -2.9245e-08 -2.8772e-08 -2.7964e-08 -2.7231e-08 -2.7401e-08 -2.9086e-08 -2.9114e-08 -2.7125e-08 -2.3343e-08 -1.9245e-08 -1.6726e-08 -1.078e-08 -6.6963e-09 -1.7405e-09 2.286e-09 5.0093e-09 7.7207e-09 1.1806e-08 1.4747e-08 1.7346e-08 2.1731e-08 2.5902e-08 2.8305e-08 3.1658e-08 3.3719e-08 3.3772e-08 3.389e-08 3.4771e-08 3.5493e-08 3.7304e-08 3.9878e-08 4.2006e-08 4.429e-08 4.6211e-08 4.7343e-08 4.8757e-08 4.9935e-08 5.2393e-08 5.4201e-08 5.5964e-08 5.7454e-08 5.8714e-08 5.9245e-08 6.0213e-08 5.8936e-08 5.0546e-08 3.9169e-08 2.5642e-08 2.7805e-08 2.3084e-08 3.3884e-08 2.4483e-08 1.2121e-08 8.6077e-09 1.4719e-08 2.1656e-08 2.6002e-08 2.3643e-08 7.8931e-09 1.8256e-08 1.3617e-08 2.2031e-08 1.5437e-08 1.2738e-08 1.8121e-08 1.4342e-08 2.427e-08 2.1686e-08 1.3763e-08 3.4131e-09 7.6839e-09 9.8152e-09 6.8797e-09 1.5596e-08 1.0353e-08 9.0677e-09 1.5455e-09 -1.0734e-08 -1.3256e-08 -1.6971e-08 -2.5419e-08 -2.489e-08 -2.7996e-08 -2.8964e-08 -2.9063e-08 -2.8953e-08 -2.8832e-08 -2.8756e-08 -2.8755e-08 -2.8786e-08 -2.8994e-08 -2.9065e-08 -2.9004e-08 -2.8968e-08 -2.868e-08 -2.852e-08 -2.8391e-08 -2.8328e-08 -2.8141e-08 -2.7909e-08 -2.7674e-08 -2.7412e-08 -2.7068e-08 -2.6709e-08 -2.649e-08 -2.6273e-08 -2.5862e-08 -2.5752e-08 -2.5258e-08 -2.4965e-08 -2.477e-08 -2.4418e-08 -2.3714e-08 -2.3158e-08 -2.277e-08 -2.2638e-08
-2.5859e-08 -2.402e-08 -2.5684e-08 -2.7235e-08 -2.7863e-08 -2.9048e-08 -5.1186e-09 -5.4558e-12 -8.8523e-09 -1.4671e-08 5.4175e-09 -8.718e-09 -7.12e-10 3.1504e-09 2.753e-10 -8.932e-09 2.3448e-08 3.6742e-08 3.9232e-08 3.8221e-08 3.8038e-08 2.1982e-08 -3.4092e-09 1.0142e-08 1.1062e-08 3.5618e-09 -1.1516e-08 -4.5581e-10 2.9243e-09 -8.0107e-09 -3.2116e-09 4.9075e-08 4.4016e-08 2.3027e-08 4.2976e-08 5e-08 5.0829e-08 5.1463e-08 4.9964e-08 4.7199e-08 4.8451e-08 3.9646e-08 4.53e-08 5.0944e-08 4.8143e-08 5.3066e-08 5.7502e-08 5.6624e-08 5.6666e-08 4.7167e-08 4.6789e-08 4.9302e-08 4.4406e-08 2.9055e-08 3.0821e-08 3.8705e-08 3.7404e-08 3.5075e-08 3.0912e-08 2.6758e-08 2.4744e-08 2.8889e-08 1.9967e-08 2.6174e-08 2.8905e-08 2.904e-08 1.2763e-08 1.2242e-08 -4.3439e-09 -1.1221e-08 -1.5278e-08 -2.2482e-08 -1.8031e-08 -1.742e-08 -1.6275e-08 -1.9217e-08 -2.2437e-08 -2.5242e-08 -2.6165e-08 -2.6475e-08 -2.7323e-08 -2.772e-08 -2.3238e-08 -1.4928e-08 2.5915e-10 2.8247e-09 -2.6836e-10 -3.5983e-09 -7.8183e-09 -1.5533e-08 -2.4023e-08 -2.3284e-08 2.0064e-08 3.3367e-08 3.4578e-08 2.9565e-08 3.3703e-08 3.7396e-08 4.5161e-08 4.9691e-08 5.1744e-08 4.6343e-08 5.3041e-08 5.6278e-08 5.8267e-08 5.9984e-08 6.1756e-08 6.2938e-08 6.3735e-08 6.5165e-08 6.5908e-08 6.5769e-08 6.5199e-08 6.4608e-08 6.3907e-08 6.269e-08 6.1462e-08 6.0473e-08 5.998e-08 6.0571e-08 5.9198e-08 5.7305e-08 5.6663e-08 5.8048e-08 5.8587e-08 5.8601e-08 5.8898e-08 5.8682e-08 5.8057e-08 5.9122e-08 5.8639e-08 5.9049e-08 5.9488e-08 5.8452e-08 5.6338e-08 5.6386e-08 5.0998e-08 5.156e-08 5.2717e-08 4.0481e-08 5.451e-08 5.4309e-08 5.4461e-08 3.1647e-08 2.9153e-08 2.625e-08 1.8563e-08 1.3645e-09 1.7857e-08 3.0899e-08 2.1811e-08 3.1475e-08 1.119e-08 6.8839e-09 -3.1385e-09 -1.1423e-08 6.5363e-09 -3.3212e-09 -9.5817e-09 -1.2793e-08 -1.1447e-08 -1.2422e-09 -6.6945e-09 -1.9363e-08 -1.5459e-08 -1.6658e-08 -2.1769e-08 -2.7305e-08 -2.4777e-08 -2.7949e-08 -2.5389e-08 -2.2221e-08 -1.9385e-08 -1.5532e-08 -1.9694e-08 -2.378e-08 -2.5652e-08 -2.0479e-08 -2.0962e-08 -2.205e-08
7.4359e-08 6.7757e-08 7.0742e-08 6.908e-08 6.4836e-08 6.8862e-08 6.826e-08 6.9928e-08 7.8098e-08 8.0016e-08 7.978e-08 7.9252e-08 7.6688e-08 7.5043e-08 7.7899e-08 8.1514e-08 8.1904e-08 8.1358e-08 8.221e-08 8.2378e-08 8.1384e-08 7.7245e-08 7.7354e-08 8.6254e-08 8.5863e-08 8.6066e-08 8.4108e-08 8.3212e-08 8.1838e-08 8.1377e-08 8.0451e-08 8.4201e-08 8.7022e-08 8.5059e-08 8.6868e-08 8.9947e-08 9.1412e-08 9.1522e-08 9.1791e-08 9.1604e-08 8.9848e-08 9.052e-08 8.7826e-08 8.8662e-08 9.0199e-08 9.2733e-08 9.306e-08 9.3446e-08 9.2715e-08 9.1742e-08 9.1824e-08 9.1859e-08 9.1339e-08 9.082e-08 8.8155e-08 8.4026e-08 8.3572e-08 8.1216e-08 7.9498e-08 7.95e-08 8.2e-08 8.3904e-08 8.4384e-08 8.5152e-08 8.5684e-08 8.5883e-08 8.6482e-08 8.5769e-08 8.4873e-08 8.3265e-08 7.3652e-08 5.6492e-08 5.3349e-08 5.8744e-08 5.9861e-08 6.4084e-08 5.7908e-08 6.3139e-08 6.4834e-08 6.0018e-08 6.6945e-08 7.0318e-08 7.1556e-08 7.1725e-08 6.8477e-08 7.2158e-08 6.944e-08 6.1992e-08 6.837e-08 6.3636e-08 7.2953e-08 7.6094e-08 7.3666e-08 7.7587e-08 8.113e-08 8.162e-08 7.9978e-08 8.0516e-08 7.7934e-08 7.8894e-08 8.1524e-08 8.4941e-08 8.4614e-08 8.1737e-08 8.1488e-08 8.6078e-08 8.6839e-08 8.7759e-08 8.8807e-08 8.9345e-08 8.9657e-08 8.8428e-08 8.9698e-08 8.9375e-08 8.8983e-08 8.8278e-08 8.7866e-08 8.6609e-08 8.7649e-08 8.1707e-08 8.905e-08 8.8221e-08 8.7031e-08 8.5372e-08 8.0395e-08 7.7313e-08 8.4864e-08 8.5332e-08 8.2629e-08 8.261e-08 7.934e-08 8.3677e-08 8.8686e-08 8.8591e-08 8.8594e-08 8.8813e-08 8.8728e-08 8.7301e-08 8.4075e-08 8.3595e-08 8.3387e-08 8.2622e-08 8.1698e-08 8.3055e-08 8.0601e-08 8.0621e-08 7.9989e-08 8.2118e-08 8.4866e-08 8.7802e-08 8.5222e-08 8.77e-08 8.363e-08 8.5469e-08 8.9216e-08 8.8945e-08 8.7964e-08 7.6284e-08 8.1552e-08 7.7446e-08 8.2519e-08 7.1971e-08 7.1996e-08 6.6157e-08 6.6704e-08 6.5123e-08 6.963e-08 7.2044e-08 7.0621e-08 6.9774e-08 7.142e-08 6.6679e-08 6.3196e-08 6.4062e-08 6.3238e-08 6.1929e-08 6.6966e-08 6.4353e-08 5.9628e-08 6.8107e-08
9.517e-08 9.5251e-08 9.5177e-08 9.4922e-08 9.4898e-08 9.5373e-08 9.5366e-08 9.5192e-08 9.5136e-08 9.5169e-08 9.5178e-08 9.5065e-08 9.5072e-08 9.5044e-08 9.5031e-08 9.4971e-08 9.4909e-08 9.4804e-08 9.4858e-08 9.4823e-08 9.4713e-08 9.4794e-08 9.4997e-08 9.4856e-08 9.482e-08 9.4916e-08 9.4714e-08 9.4324e-08 9.406e-08 9.3682e-08 9.3438e-08 9.3159e-08 9.3012e-08 9.2754e-08 9.2566e-08 9.2392e-08 9.2263e-08 9.2078e-08 9.2013e-08 9.1822e-08 9.1848e-08 9.1821e-08 9.1587e-08 9.1576e-08 9.1541e-08 9.1531e-08 9.1484e-08 9.1467e-08 9.1548e-08 9.1698e-08 9.2029e-08 9.2286e-08 9.2693e-08 9.3114e-08 9.3484e-08 9.3981e-08 9.4218e-08 9.438e-08 9.4615e-08 9.4601e-08 9.4505e-08 9.4746e-08 9.4798e-08 9.4884e-08 9.4974e-08 9.5101e-08 9.5173e-08 9.5217e-08 9.5201e-08 9.5246e-08 9.5277e-08 9.529e-08 9.5341e-08 9.5369e-08 9.5375e-08 9.5369e-08 9.5346e-08 9.5325e-08 9.5217e-08 9.5137e-08 9.5208e-08 9.5242e-08 9.5235e-08 9.514e-08 9.5241e-08 9.5091e-08 9.5081e-08 9.5168e-08 9.5139e-08 9.5146e-08 9.5155e-08 9.4963e-08 9.4644e-08 9.4778e-08 9.5029e-08 9.5229e-08 9.5298e-08 9.5179e-08 9.4515e-08 9.4285e-08 9.4763e-08 9.524e-08 9.5253e-08 9.5303e-08 9.5344e-08 9.5368e-08 9.5375e-08 9.5369e-08 9.5346e-08 9.5303e-08 9.5305e-08 9.5267e-08 9.5223e-08 9.517e-08 9.5129e-08 9.5058e-08 9.5031e-08 9.4983e-08 9.4901e-08 9.489e-08 9.4903e-08 9.4911e-08 9.4871e-08 9.4933e-08 9.5022e-08 9.4949e-08 9.4903e-08 9.4796e-08 9.4632e-08 9.4558e-08 9.4514e-08 9.4458e-08 9.4361e-08 9.429e-08 9.405e-08 9.3834e-08 9.3563e-08 9.3216e-08 9.2978e-08 9.2795e-08 9.2681e-08 9.2538e-08 9.2491e-08 9.253e-08 9.2548e-08 9.2377e-08 9.2517e-08 9.2721e-08 9.2733e-08 9.2905e-08 9.3152e-08 9.3428e-08 9.364e-08 9.3909e-08 9.4273e-08 9.4479e-08 9.4721e-08 9.4945e-08 9.4757e-08 9.4488e-08 9.4506e-08 9.4587e-08 9.4708e-08 9.4716e-08 9.4582e-08 9.4709e-08 9.4755e-08 9.4795e-08 9.493e-08 9.4979e-08 9.5162e-08 9.5227e-08 9.5278e-08 9.5329e-08 9.5359e-08 9.5374e-08 9.5369e-08 9.535e-08 9.5337e-08 9.5272e-08
