0.0038904 0.0039025 0.0039155 0.0039195 0.0039193 0.003917 0.0039159 0.0039198 0.0039287 0.0039385 0.0039771 0.0039911 0.0039838 0.0039988 0.0040505 0.0040773 0.0040891 0.0041073 0.004112 0.0040823 0.0040658 0.0041048 0.0041096 0.0040984 0.0040833 0.0040772 0.0040614 0.0040652 0.0040884 0.0040795 0.0041035 0.0041332 0.0041176 0.0040992 0.0041266 0.0041064 0.0040835 0.0040669 0.0040446 0.0040284 0.0040156 0.0039967 0.0039815 0.0039754 0.0039702 0.0039708 0.0039686 0.0039709 0.0039689 0.003965 0.0039589 0.0039577 0.0039504 0.0039478 0.0039476 0.0039471 0.0039285 0.0039221 0.0039165 0.0039172 0.0039128 0.0039082 0.0039081 0.0038996 0.0039036 0.0039113 0.0039139 0.0038832 0.0038704 0.0038736 0.0038599 0.0038579 0.0038575 0.0038586 0.0038488 0.0038424 0.0038394 0.0038369 0.0038334 0.0038347 0.0038311 0.0038363 0.0038373 0.0038335 0.0038382 0.0038402 0.0038392 0.0038374 0.0038364 0.003838 0.0038411 0.0038483 0.0038512 0.0038522 0.0038533 0.0038557 0.0038537 0.0038564 0.0038589 0.0038585 0.0038532 0.0038524 0.00385 0.0038491 0.0038525 0.0038539 0.0038556 0.0038581 0.0038599 0.0038611 0.0038634 0.0038593 0.0038519 0.0038572 0.0038688 0.0038765 0.0038735 0.0038729 0.0038751 0.00388 0.0038844 0.0038871 0.0038895 0.0038956 0.0039039 0.0039117 0.003912 0.0039184 0.003925 0.003929 0.0039326 0.003935 0.0039378 0.0039411 0.0039432 0.0039496 0.0039506 0.0039504 0.0039498 0.0039518 0.00394 0.0039419 0.0039366 0.003928 0.0039324 0.0039316 0.0039293 0.0039225 0.0039138 0.0039067 0.0039054 0.0039018 0.0039013 0.0038914 0.0038855 0.0038819 0.0038788 0.0038748 0.0038734 0.0038754 0.0038739 0.0038719 0.00387 0.003865 0.0038639 0.0038617 0.003864 0.0038663 0.0038682 0.0038703 0.0038739 0.0038782 0.0038791 0.0038809 0.0038816 0.0038852 0.0038871 0.0038878 0.0038882 0.0038907
0.0043674 0.0043896 0.0043998 0.0044337 0.0044258 0.0044416 0.0044158 0.0044123 0.0044057 0.0043829 0.0043816 0.0043788 0.0043528 0.0043227 0.0043087 0.0043049 0.00431 0.0043126 0.0043113 0.0043002 0.004299 0.0043114 0.0043451 0.0043551 0.0043486 0.0043344 0.0043352 0.0043087 0.0043288 0.0042877 0.0043498 0.004355 0.0043145 0.0043106 0.0043088 0.0043097 0.0043021 0.0042921 0.0042978 0.0042932 0.0042805 0.0042927 0.0042831 0.0042769 0.0042683 0.0042634 0.004262 0.0042456 0.004234 0.0042201 0.0041841 0.0042237 0.0041755 0.0041077 0.004115 0.0040997 0.0040701 0.0040386 0.0040231 0.0040167 0.0040589 0.0039369 0.0039557 0.0038935 0.0038762 0.0038714 0.0038572 0.0038482 0.0038421 0.0038364 0.0038236 0.003815 0.0038301 0.0038254 0.0037624 0.0037498 0.0037327 0.0037111 0.0037038 0.0037424 0.0036728 0.0036306 0.0036277 0.0036066 0.0036004 0.0036017 0.0036075 0.0036139 0.0036217 0.0036276 0.003636 0.003638 0.0036415 0.0036409 0.0036426 0.0037374 0.003714 0.0037563 0.0037243 0.0037732 0.0037723 0.0037731 0.0037938 0.0037968 0.0038063 0.003827 0.003842 0.00388 0.0039021 0.0039156 0.0038799 0.0038774 0.0038864 0.0038922 0.0038973 0.0038962 0.0039088 0.0039178 0.0039353 0.0039362 0.0039532 0.0039674 0.0039699 0.0039825 0.0040009 0.0039973 0.0040004 0.0040185 0.0040371 0.004032 0.0040493 0.004052 0.0040564 0.0040718 0.0041046 0.0041383 0.0041612 0.0041983 0.0041801 0.0041348 0.0040984 0.0040879 0.004081 0.004074 0.0040629 0.0040648 0.0040511 0.0039872 0.0039789 0.0039748 0.0039747 0.0039785 0.0039888 0.0039876 0.0039854 0.0039875 0.0040032 0.0040302 0.0040524 0.0040504 0.00407 0.0040869 0.0041093 0.0041178 0.0041477 0.0041711 0.0041976 0.0042112 0.0042491 0.0042607 0.0043077 0.0043087 0.0043139 0.0043107 0.0043331 0.0043021 0.0042321 0.0042647 0.0043634 0.0044189
0.0042116 0.0042158 0.0042229 0.0042252 0.004228 0.0042267 0.0042314 0.0042428 0.004243 0.0042414 0.0042414 0.0042425 0.0042474 0.0042665 0.0042499 0.0042327 0.0042354 0.0042646 0.0042617 0.0042623 0.0042631 0.0042667 0.0042742 0.0042769 0.0042727 0.0042734 0.0042836 0.0043101 0.0043263 0.0043629 0.0044506 0.0044583 0.0044527 0.0044523 0.0044633 0.0044227 0.0044773 0.0044481 0.0044331 0.0044165 0.0044749 0.0045462 0.0045333 0.0045379 0.0044817 0.004472 0.0044447 0.0044178 0.0043947 0.0043704 0.0043781 0.0043471 0.0043424 0.0043337 0.004398 0.0044194 0.0043473 0.0043013 0.0043135 0.0044082 0.0043637 0.0041342 0.0041033 0.0041146 0.0041469 0.0041697 0.0041292 0.0041514 0.0041452 0.0040428 0.0040787 0.0040506 0.0039769 0.0039562 0.0039687 0.0039063 0.0039846 0.0040497 0.0041198 0.0040347 0.0039952 0.0039774 0.0039946 0.0039988 0.0040264 0.0039912 0.0039744 0.0039399 0.0039373 0.0039648 0.0039319 0.0039354 0.0039607 0.0039528 0.0039516 0.0039549 0.0039595 0.0039714 0.0039806 0.0040055 0.0039976 0.004027 0.0041003 0.0041744 0.0041542 0.0041428 0.004136 0.00414 0.0041307 0.0041462 0.0041698 0.0041846 0.0041962 0.004214 0.0041568 0.0041727 0.004202 0.0042083 0.0041895 0.0041675 0.0041645 0.0041738 0.0041833 0.0042075 0.0042349 0.0042568 0.0042573 0.0042403 0.0042408 0.0042264 0.0042146 0.0042061 0.0041956 0.0041986 0.004206 0.0042316 0.0043741 0.0046622 0.0047599 0.0046973 0.0045354 0.0044626 0.0044336 0.0044429 0.0043263 0.004267 0.0042405 0.0042111 0.0042247 0.0042417 0.0042119 0.0042191 0.0042329 0.0042701 0.0043127 0.0043267 0.0043339 0.0043392 0.0043298 0.0043295 0.0043259 0.004285 0.0042484 0.0042297 0.004222 0.0042464 0.0042649 0.0042858 0.0043203 0.0043681 0.0043044 0.0043194 0.0043097 0.0042972 0.0042784 0.0042661 0.0042549 0.0042514 0.0042225 0.0042112
0.0042397 0.0042458 0.004251 0.0042557 0.0042573 0.0042587 0.0042626 0.0042669 0.0042724 0.0042775 0.0042831 0.0042901 0.0042981 0.0043039 0.0043009 0.0043027 0.0043079 0.0043173 0.004326 0.0043326 0.0043398 0.0043487 0.0043575 0.0043677 0.0043797 0.0043947 0.0044067 0.0044222 0.0044496 0.0044818 0.0044636 0.0044231 0.0044163 0.0044007 0.0044291 0.0044582 0.0044546 0.0044437 0.00446 0.004475 0.0044108 0.0044116 0.0044166 0.0044191 0.0044253 0.0044329 0.0044256 0.0045578 0.0045847 0.004603 0.0045785 0.0045816 0.004561 0.0045608 0.0045673 0.0045563 0.0045413 0.0046161 0.0046377 0.0046371 0.0045145 0.0046022 0.0045775 0.0045466 0.004635 0.0045565 0.0045609 0.0045532 0.0046589 0.0045676 0.0046463 0.0047095 0.0047554 0.0047579 0.0047154 0.004674 0.0046832 0.004679 0.0046768 0.0047045 0.0046975 0.0046877 0.004646 0.0046553 0.0046613 0.0046391 0.0046216 0.0046162 0.0046302 0.0046258 0.0045529 0.0045485 0.0045743 0.0046759 0.0045542 0.0045324 0.0045058 0.0044931 0.0045002 0.0044638 0.0045192 0.004382 0.0044243 0.0043556 0.0044608 0.0045243 0.0045393 0.0044764 0.0044461 0.0044542 0.0044668 0.004502 0.0045675 0.0045894 0.0046121 0.0046094 0.0044975 0.0045023 0.0044846 0.0044815 0.0044625 0.0044628 0.0043779 0.0043571 0.0043743 0.0043901 0.0043893 0.0043527 0.0043508 0.0043887 0.0043703 0.0043734 0.0044167 0.0044208 0.0044731 0.004624 0.0048219 0.0048009 0.0048072 0.0048018 0.0048061 0.004507 0.0044778 0.0044922 0.0044832 0.0045175 0.0045071 0.0044867 0.00448 0.0044791 0.0044644 0.0044338 0.0044062 0.0043925 0.00438 0.0043424 0.0043258 0.0043374 0.0044164 0.0045094 0.0046338 0.0047063 0.004609 0.0044652 0.0042657 0.0042663 0.0041903 0.0041719 0.0041658 0.0041624 0.0041893 0.0042441 0.0043783 0.0043759 0.0043012 0.0042483 0.0042266 0.0042189 0.0042246 0.0042329
0.0043222 0.0043405 0.0043412 0.0043789 0.0043136 0.004332 0.0043436 0.004356 0.0043696 0.0043848 0.0044 0.004419 0.0044619 0.0044717 0.0044166 0.0044132 0.0044219 0.0044342 0.0044498 0.0044637 0.0044766 0.0044883 0.0044931 0.0045035 0.0045132 0.0045267 0.0045442 0.0045523 0.0045589 0.0045677 0.0045792 0.0046203 0.004611 0.0046178 0.0046471 0.0046349 0.0045789 0.0045895 0.0045824 0.0045889 0.0046363 0.0045968 0.0045152 0.0045299 0.0044875 0.0044515 0.0044685 0.0045127 0.0045266 0.0044964 0.0045359 0.0045102 0.0045692 0.0047885 0.0047214 0.004769 0.0048306 0.0047063 0.0048202 0.0047939 0.0047102 0.0047409 0.0047586 0.0047493 0.0047494 0.0047359 0.0047497 0.0047522 0.0047315 0.0047082 0.0047358 0.0046929 0.0046454 0.0046521 0.0046587 0.0046636 0.0046482 0.0046487 0.0046419 0.0046502 0.004768 0.0046264 0.0045825 0.0045697 0.004563 0.0045689 0.0045651 0.0045682 0.004561 0.0045586 0.0045546 0.0045608 0.004533 0.0044857 0.0044345 0.0043583 0.0041959 0.0040226 0.0042276 0.0042633 0.004382 0.0044689 0.0044546 0.0044856 0.0045645 0.0046178 0.0046543 0.0047152 0.0047058 0.0046754 0.0046182 0.0046988 0.0047277 0.0047607 0.0047577 0.0047784 0.0047862 0.0048077 0.0048015 0.0048004 0.0047946 0.0048058 0.0047902 0.0047714 0.0047677 0.0047859 0.0046731 0.0046827 0.0047022 0.0047216 0.0047376 0.0047968 0.0048117 0.0048355 0.0048454 0.0048395 0.0048315 0.0046713 0.0044473 0.0043943 0.0043823 0.004372 0.0043678 0.0044149 0.0044382 0.0044434 0.0044272 0.0044677 0.0044928 0.0045158 0.0045507 0.0045742 0.0046052 0.0045447 0.0045749 0.0046343 0.0046729 0.0045889 0.0045497 0.0045618 0.0046924 0.004648 0.0045625 0.0045601 0.0045982 0.0045878 0.0046917 0.0045283 0.0043311 0.0042454 0.0042469 0.0042861 0.0043288 0.0043956 0.0044787 0.0043021 0.0043332 0.0043335 0.0042833 0.0042989
0.0044097 0.0044225 0.0044254 0.0044542 0.0044498 0.0044392 0.0044401 0.0044503 0.0044553 0.0045058 0.004471 0.004494 0.0045089 0.0045159 0.0045375 0.0045689 0.0045396 0.0045981 0.0045193 0.0045892 0.0045583 0.0045676 0.0045608 0.0046835 0.0047913 0.0045303 0.004647 0.0047742 0.0047165 0.0047417 0.0047244 0.0047255 0.0047185 0.0047232 0.0047352 0.0047412 0.0047418 0.0047379 0.0047129 0.0047033 0.0047055 0.004647 0.0048012 0.0048272 0.0045846 0.004632 0.0046282 0.0045935 0.0045811 0.0046672 0.0047374 0.0046402 0.0048257 0.0047709 0.0047878 0.0048387 0.0048985 0.0045876 0.0047554 0.004625 0.0048082 0.0047483 0.0045867 0.004702 0.0047049 0.0047834 0.0047924 0.0047751 0.0047682 0.0047585 0.004747 0.0047535 0.004748 0.0047507 0.0047436 0.0047348 0.0047416 0.0047527 0.0047427 0.0046881 0.0047131 0.0047555 0.0046843 0.0046747 0.0046809 0.0047369 0.004648 0.0046946 0.0046522 0.0046602 0.0046745 0.0046437 0.0046279 0.0045529 0.0043479 0.0043487 0.0042435 0.0043639 0.0045019 0.004578 0.0045574 0.004626 0.0046383 0.0046569 0.0046765 0.0047331 0.0046871 0.0047184 0.0046541 0.0047244 0.0046126 0.0046895 0.0046461 0.0046464 0.0045554 0.0045291 0.004718 0.0047621 0.0048291 0.0048416 0.0048546 0.0048511 0.0048571 0.0048528 0.0048637 0.0048554 0.0048454 0.0048579 0.0048527 0.0048629 0.0048476 0.0048429 0.0048635 0.0048585 0.0048594 0.0048603 0.0048767 0.0048804 0.0048638 0.0048635 0.0048627 0.0048731 0.0047952 0.0046945 0.0047466 0.0046049 0.0044738 0.0044754 0.0044769 0.0044504 0.0044666 0.0044945 0.0046038 0.0048938 0.0048536 0.0046225 0.0045711 0.0047112 0.0044126 0.0044218 0.004582 0.0044409 0.0043666 0.0043326 0.0043151 0.0043442 0.0043096 0.0044155 0.0043517 0.004342 0.0043452 0.0043614 0.0043968 0.0043215 0.0043 0.0043316 0.0043585 0.0043856 0.0043867 0.0043909
0.0046125 0.0045444 0.0045233 0.0045161 0.0044936 0.0045639 0.0045529 0.0046404 0.0046282 0.0046377 0.0046298 0.0046345 0.0047197 0.0046736 0.0046603 0.004673 0.004697 0.0046941 0.0047256 0.0046941 0.0046791 0.0046918 0.0046788 0.0047073 0.0046888 0.0047212 0.0047703 0.004789 0.0047513 0.004777 0.0047694 0.0047764 0.0047776 0.0047765 0.0047756 0.0047794 0.0047702 0.004776 0.004771 0.0047715 0.0047675 0.0047733 0.0047546 0.00472 0.0047038 0.0046502 0.0045209 0.0047007 0.0044959 0.004564 0.004765 0.0047111 0.0046705 0.0045373 0.0045729 0.004628 0.0046742 0.0046688 0.0046994 0.0046878 0.0047589 0.0048034 0.0047619 0.0047763 0.004821 0.0048271 0.0048204 0.0048292 0.0048291 0.0048196 0.0048106 0.0048066 0.004793 0.0047963 0.0047871 0.0047861 0.004779 0.0047542 0.0047027 0.0047086 0.0046909 0.0046552 0.0046397 0.0046012 0.0046614 0.0047091 0.0046742 0.0046823 0.0046325 0.0046628 0.0046668 0.0046522 0.0045646 0.0045247 0.0044917 0.0044477 0.0043267 0.0042275 0.0045141 0.0048034 0.0048866 0.0049253 0.0049292 0.0046382 0.004704 0.0046704 0.0046789 0.0047243 0.0046581 0.0047385 0.0046724 0.0046631 0.0046458 0.0047584 0.0048434 0.0047981 0.0046608 0.0046262 0.00452 0.0044606 0.0044344 0.004337 0.004302 0.0044425 0.0046174 0.0047286 0.0047961 0.004791 0.0047671 0.0047173 0.0045744 0.0047548 0.0048042 0.0046072 0.0047479 0.0047998 0.0048691 0.0048464 0.0047905 0.0047679 0.004679 0.0046835 0.0046333 0.0047543 0.0048858 0.0048746 0.0048366 0.0048075 0.0046477 0.0046535 0.0046671 0.0044689 0.0046445 0.0047198 0.0047213 0.004513 0.0044209 0.0044443 0.0043891 0.0044008 0.0044265 0.0043851 0.0043833 0.004449 0.004417 0.0044047 0.0044383 0.0044657 0.0044783 0.0044727 0.0044477 0.0044726 0.0045286 0.0044463 0.0044521 0.0044682 0.00452 0.004561 0.0045854 0.0045379
0.0046644 0.0046892 0.0046325 0.0046667 0.0046251 0.0046203 0.0046499 0.0048267 0.0047026 0.0046827 0.0048983 0.0049662 0.0047333 0.0047633 0.0047667 0.004794 0.004743 0.0047708 0.0047711 0.004729 0.0047299 0.0047871 0.0047867 0.0048234 0.0047891 0.0048064 0.0048172 0.0048231 0.0048167 0.0048093 0.0048101 0.0048054 0.0048143 0.0048059 0.0047069 0.0047902 0.0047916 0.0047874 0.0047808 0.0047795 0.0047662 0.0047541 0.004756 0.004758 0.0047679 0.004781 0.0047616 0.0047405 0.0046949 0.0046672 0.0046977 0.0045677 0.0045306 0.0046216 0.0047495 0.0047689 0.0047516 0.0048291 0.0048627 0.0048698 0.0048771 0.0048729 0.0048612 0.0048496 0.0048424 0.0048408 0.0048329 0.0047843 0.0048301 0.0048047 0.0047688 0.0047326 0.0047242 0.0046837 0.0046697 0.004688 0.0046653 0.0047089 0.0046666 0.0046724 0.0046891 0.0047012 0.0047247 0.0046759 0.0047574 0.0046992 0.0046981 0.0047363 0.0046942 0.0046941 0.0046713 0.0045982 0.0045668 0.004642 0.0046771 0.0046823 0.0046838 0.0046858 0.0047024 0.0046708 0.0046305 0.0046568 0.004658 0.0046449 0.0047174 0.0047307 0.004732 0.0046955 0.0046866 0.0046593 0.0046382 0.0045977 0.0044875 0.0045531 0.0045769 0.0044464 0.0045426 0.0045069 0.0044517 0.004492 0.0044311 0.0044142 0.0045914 0.004672 0.0046319 0.0046549 0.0048911 0.0045299 0.0045762 0.0045788 0.0046089 0.004735 0.004707 0.0046712 0.0046556 0.0046103 0.004687 0.0044447 0.0043556 0.004255 0.0042372 0.0043885 0.0049193 0.0048852 0.0049098 0.0046262 0.0047875 0.0046473 0.0048231 0.0048917 0.0048583 0.0048408 0.0048231 0.0048289 0.0048562 0.0045908 0.0043347 0.0043248 0.004321 0.0043243 0.0043184 0.0043579 0.0045215 0.0044937 0.0045425 0.0043899 0.0044078 0.0044544 0.0044743 0.0044724 0.0044911 0.0044927 0.0045014 0.0045613 0.0045643 0.004584 0.0046169 0.004605 0.0046187 0.0046325
0.0049209 0.0046595 0.004813 0.0048107 0.0047826 0.00471 0.004885 0.0048113 0.0048168 0.0048126 0.0047101 0.0046269 0.0048997 0.0046981 0.0047682 0.0048112 0.0048008 0.0047991 0.0047838 0.0047552 0.0047191 0.0046377 0.004878 0.0045899 0.0046491 0.0048509 0.0047907 0.0047854 0.0047918 0.0048045 0.0048097 0.0048089 0.0048329 0.0047479 0.0047368 0.0046563 0.004709 0.0047952 0.0047681 0.0047812 0.0047808 0.0047884 0.0047668 0.0047786 0.004787 0.0047861 0.0047883 0.0047305 0.0048713 0.0050444 0.0050426 0.0050674 0.0050597 0.0047418 0.0048571 0.0048571 0.0048945 0.0049046 0.0049092 0.0049137 0.0049151 0.0049098 0.0048957 0.0048752 0.0048831 0.0047951 0.0048291 0.0048708 0.0048755 0.0048752 0.0048624 0.0047998 0.0047502 0.004782 0.0047473 0.0047169 0.004697 0.0047252 0.0047755 0.0046858 0.0046879 0.0046897 0.0046995 0.0047762 0.0047362 0.0047951 0.0048293 0.0048194 0.0047913 0.0048036 0.0047175 0.0047085 0.0046218 0.0047135 0.0047073 0.0047323 0.0047738 0.0047793 0.004778 0.004772 0.0047813 0.0047829 0.0048035 0.0047909 0.0047708 0.0047542 0.0047877 0.0046774 0.0046594 0.0046227 0.0045161 0.0044258 0.0044928 0.0046011 0.004707 0.004637 0.0046855 0.0046568 0.0046817 0.0045954 0.0046295 0.0045332 0.0044829 0.0044637 0.0045465 0.0045376 0.0046203 0.0046267 0.0046922 0.0046838 0.0046733 0.0047014 0.0047117 0.0047342 0.0047577 0.0047619 0.0047575 0.0047902 0.0047083 0.0046204 0.0047286 0.0043882 0.004428 0.0045823 0.0046081 0.004624 0.0046428 0.0047158 0.0049119 0.0048018 0.0047411 0.0045485 0.0047433 0.004833 0.0048999 0.004929 0.0048022 0.004558 0.0043379 0.0044431 0.0043827 0.0044576 0.0045814 0.0046123 0.0044331 0.004505 0.0046151 0.0046491 0.004614 0.004706 0.0048908 0.0048327 0.004742 0.0047089 0.0047133 0.0046996 0.0047401 0.004695 0.0047088 0.0049041
0.0048783 0.0048862 0.0049086 0.0049218 0.0049369 0.0049721 0.0049991 0.0049838 0.004986 0.0049899 0.0049891 0.0048464 0.0046975 0.0046247 0.0044696 0.0044738 0.0046336 0.0046721 0.0049221 0.0047262 0.0047443 0.0047034 0.0046542 0.0046741 0.0050621 0.0048266 0.0048113 0.0048166 0.0047902 0.0047402 0.0047604 0.0047381 0.0047353 0.0047808 0.0047612 0.0047518 0.0047341 0.0048069 0.0047697 0.004775 0.0048049 0.0047673 0.0048005 0.0047783 0.0047897 0.0047979 0.0047329 0.0046881 0.0047028 0.0049299 0.0050492 0.0050314 0.0050842 0.0046855 0.004885 0.0049153 0.0049261 0.0049385 0.0049231 0.0049276 0.0049427 0.0048731 0.0048444 0.004871 0.0048963 0.0049115 0.0049323 0.0048811 0.0048843 0.004678 0.0047458 0.0047921 0.0047564 0.0047961 0.0047252 0.004779 0.0047352 0.0046188 0.0045687 0.0045334 0.0045111 0.0047533 0.0047343 0.0047298 0.0047753 0.0047781 0.0048123 0.0047648 0.0048289 0.0047889 0.0049075 0.0048808 0.0047837 0.0048048 0.0048021 0.004763 0.004745 0.0046 0.004741 0.0048054 0.004841 0.0047744 0.0047854 0.0047875 0.0047819 0.0047933 0.0047104 0.0045026 0.0045735 0.0046527 0.0046618 0.0046884 0.0046911 0.0047332 0.004739 0.0047177 0.0047787 0.0047365 0.0047659 0.0047862 0.0047677 0.0048153 0.0048224 0.0047744 0.0048407 0.0047296 0.0045827 0.0046344 0.0049157 0.0049149 0.0046862 0.0047307 0.0046851 0.0044269 0.0046116 0.0046566 0.0046793 0.0045872 0.0044975 0.0045802 0.0047101 0.0045513 0.0047602 0.0047762 0.0048403 0.0048474 0.0048391 0.0047705 0.0047732 0.0048203 0.0048784 0.0048556 0.0049097 0.0048679 0.0050281 0.0050617 0.0050472 0.0049803 0.0049118 0.0048473 0.0049043 0.0048613 0.0048144 0.0048893 0.0049282 0.0049133 0.0049121 0.0048748 0.0048423 0.0049583 0.0048565 0.0049244 0.0049003 0.004908 0.0047882 0.0047878 0.0048014 0.0048262 0.0047401 0.0048824
0.0047369 0.0047517 0.0048314 0.0048882 0.0047922 0.0050821 0.0050582 0.0049841 0.0050143 0.005008 0.0049979 0.004958 0.004825 0.0048523 0.0047655 0.0048277 0.0045328 0.004576 0.0046825 0.004772 0.0048518 0.0048003 0.0047521 0.0047465 0.004687 0.0048545 0.0047835 0.0048211 0.0047312 0.0048901 0.0046498 0.0046692 0.0046482 0.0047126 0.004723 0.0047448 0.0048053 0.0048116 0.0048343 0.0048341 0.0048552 0.0048339 0.0048272 0.0048406 0.0048426 0.0049982 0.0047981 0.0048656 0.0048678 0.0048628 0.0048733 0.0049026 0.0049038 0.0049268 0.0049308 0.0049178 0.0049253 0.0049306 0.0048863 0.0048858 0.0048429 0.0049263 0.0049174 0.0049504 0.0049196 0.0048739 0.0047344 0.0047412 0.004754 0.0047523 0.0047399 0.0047798 0.0047665 0.0048112 0.004836 0.0048838 0.0048542 0.004709 0.0045844 0.0046474 0.0046802 0.0047938 0.0048062 0.0046942 0.0046845 0.0046314 0.0046485 0.0046374 0.0047004 0.0047649 0.0047711 0.0048002 0.0046133 0.0048088 0.0048269 0.0048083 0.0048407 0.0048397 0.0048346 0.0048468 0.0048341 0.0048257 0.0048412 0.0048226 0.004771 0.0047022 0.0045308 0.0048002 0.0048446 0.0048175 0.0047744 0.0047306 0.0047555 0.0047279 0.0047614 0.0046494 0.0046394 0.0047704 0.0048582 0.0049029 0.0049429 0.0049122 0.0049205 0.0049378 0.0049346 0.0049157 0.0048348 0.0047358 0.0046696 0.0046748 0.0047943 0.0047558 0.0047459 0.0047623 0.0049508 0.0047213 0.0044002 0.0044872 0.0045296 0.0045471 0.0045945 0.004594 0.0045066 0.004536 0.004659 0.0047664 0.0047952 0.0047366 0.0048535 0.0048673 0.0048672 0.0048856 0.0047756 0.0043776 0.0048635 0.0050241 0.0049898 0.0045241 0.0050241 0.0050054 0.0049907 0.0049427 0.0049265 0.0049089 0.004854 0.0047919 0.0047388 0.004769 0.0045855 0.004523 0.0047475 0.0048948 0.0048719 0.0048292 0.004796 0.0047607 0.0047381 0.0047171 0.0047695 0.0047692
0.0050372 0.0047228 0.0046634 0.0048275 0.0048336 0.0048577 0.0048651 0.0050072 0.0049906 0.0050122 0.0050195 0.0050181 0.0049868 0.0049638 0.0048839 0.0048174 0.0047472 0.0046445 0.0046251 0.0045596 0.0045564 0.0044968 0.004571 0.0045783 0.0046639 0.004656 0.0046295 0.004611 0.0047504 0.0045517 0.0045541 0.0045772 0.0047221 0.0050189 0.0046723 0.0047267 0.0047314 0.004936 0.004819 0.0048262 0.0048482 0.0048458 0.0048373 0.0048413 0.0048444 0.0048556 0.0048467 0.004871 0.0048735 0.0048613 0.0048697 0.0048909 0.0048993 0.0049002 0.0048841 0.0049177 0.0049496 0.004923 0.0049383 0.0049192 0.0047999 0.0048851 0.0049333 0.0049319 0.0048812 0.0048455 0.0051523 0.0051493 0.0050804 0.0047582 0.0047927 0.0048037 0.0048158 0.0048593 0.0048936 0.0048088 0.004729 0.0046022 0.0046183 0.0045423 0.0046158 0.0046207 0.0047214 0.0046931 0.004768 0.004743 0.0047705 0.0047749 0.0047719 0.0047713 0.0047815 0.0048184 0.0047993 0.0048321 0.0048195 0.0048474 0.0048205 0.0048094 0.0048181 0.0047709 0.0047814 0.0046115 0.0045638 0.0045747 0.0044948 0.0046221 0.0049188 0.0050204 0.0050089 0.0049253 0.0048975 0.0048027 0.0048107 0.0047307 0.00477 0.0047451 0.0048331 0.0048727 0.0049273 0.0049352 0.00493 0.0049275 0.0049407 0.0049387 0.0049234 0.0049711 0.0049685 0.0049953 0.0049983 0.004898 0.0047341 0.0045846 0.0047223 0.0047677 0.0045915 0.0045477 0.0045192 0.0044289 0.0045584 0.0043777 0.0044383 0.004533 0.0045394 0.004762 0.0046829 0.0046692 0.0045588 0.0046364 0.0047402 0.004816 0.0048853 0.0049333 0.0048534 0.0048935 0.0049208 0.0049294 0.0049357 0.0049478 0.0048686 0.0049074 0.0048935 0.0049054 0.0048615 0.0048132 0.0048713 0.0048593 0.0048599 0.0048568 0.004844 0.0047477 0.0048892 0.0048362 0.0048225 0.0047768 0.0046721 0.0048194 0.0046592 0.0046524 0.0046673 0.004777
0.0047456 0.0046573 0.0045844 0.004686 0.0046968 0.0048918 0.004929 0.0050113 0.0049832 0.0049947 0.0049907 0.0050119 0.0050132 0.0050133 0.0049951 0.0049584 0.0049299 0.0049169 0.004894 0.0048228 0.0047095 0.0046795 0.0046968 0.0046462 0.0047299 0.0047103 0.004636 0.0048364 0.004788 0.0046432 0.0045935 0.0046642 0.0046144 0.0046718 0.0047166 0.0047462 0.004752 0.0047691 0.0047758 0.0048252 0.0048302 0.0048527 0.0048601 0.0048615 0.0048805 0.0048876 0.0048809 0.0048784 0.0048836 0.0048813 0.0048577 0.0048375 0.0048216 0.0048512 0.0048824 0.0049107 0.0049111 0.0049131 0.0048871 0.0046929 0.0049728 0.004949 0.0049821 0.0050233 0.0048836 0.0049622 0.0049929 0.0050023 0.0048294 0.0048106 0.0048619 0.0048312 0.0048471 0.0048767 0.004922 0.0048959 0.0047879 0.0047442 0.0046542 0.0045748 0.0045779 0.004649 0.0048515 0.0047236 0.0047647 0.0047738 0.0047716 0.0047537 0.0046955 0.0047831 0.004784 0.004792 0.00478 0.0048197 0.0047788 0.0048285 0.0048849 0.0048464 0.0047863 0.0048034 0.0047463 0.0047542 0.0047245 0.0046995 0.0046101 0.0046835 0.0046485 0.0047108 0.004738 0.0047114 0.0047029 0.0046751 0.0047016 0.0048448 0.0048986 0.0050051 0.0049981 0.0049575 0.0049221 0.0048998 0.0049017 0.004941 0.0049752 0.0049678 0.0049942 0.0049832 0.0049754 0.0049867 0.0049853 0.0050067 0.0047931 0.0047777 0.0047651 0.0047372 0.0050472 0.0046213 0.0046087 0.0046371 0.0047543 0.0044781 0.004469 0.0044727 0.0045843 0.0045941 0.0046067 0.004509 0.0044777 0.0047631 0.0047042 0.0046234 0.0048411 0.0047977 0.0047771 0.0048854 0.004878 0.0045463 0.0046871 0.0047317 0.0048649 0.0047961 0.0046615 0.0046964 0.0048718 0.0047811 0.0048403 0.0048929 0.0048604 0.0048805 0.0048714 0.0048641 0.0047898 0.0047655 0.0047262 0.0045841 0.0048075 0.0048582 0.0047614 0.0047236 0.0046374 0.0046131
0.0047402 0.0047335 0.0048378 0.0046719 0.0046092 0.0047172 0.00484 0.0048741 0.0049298 0.004911 0.0049686 0.0049356 0.0050239 0.0049797 0.0049842 0.0049572 0.0049713 0.0049782 0.0049619 0.0048601 0.0047344 0.0047272 0.0046638 0.004687 0.0046663 0.0047005 0.0047019 0.0046586 0.004645 0.0046632 0.0046492 0.0046837 0.0047399 0.0047437 0.0047355 0.0046821 0.0046394 0.0047223 0.0048139 0.0047515 0.0048541 0.0047785 0.0047347 0.0048257 0.0048373 0.0048364 0.0047853 0.0048562 0.0048389 0.004837 0.0047846 0.0048085 0.0049052 0.0049822 0.0049161 0.0047359 0.004843 0.0049616 0.0049312 0.0049412 0.0049276 0.0049239 0.0049532 0.0049984 0.0050633 0.0050206 0.0048693 0.0050328 0.0048341 0.0049517 0.0048961 0.0048476 0.0048588 0.0048278 0.0048528 0.0049598 0.00499 0.0049675 0.0049478 0.0048608 0.0048134 0.0047207 0.0047446 0.0047381 0.0047421 0.0047555 0.0047845 0.004784 0.0047858 0.0047751 0.0047708 0.004775 0.0048008 0.0047837 0.0047959 0.004753 0.0047865 0.0048028 0.0047676 0.0048246 0.0048323 0.0047659 0.0047825 0.0048265 0.004792 0.0047354 0.0046871 0.0046322 0.0046417 0.0045915 0.0047158 0.0047456 0.0048276 0.0049583 0.0050401 0.0050518 0.0050578 0.0050143 0.004974 0.0049569 0.0049471 0.0049393 0.0049532 0.0049631 0.0050087 0.0050229 0.0050013 0.004993 0.0049988 0.0050049 0.0049634 0.0048338 0.0048065 0.0048658 0.0047693 0.0046586 0.0045913 0.0046305 0.0045943 0.0044203 0.0048237 0.0045393 0.0046797 0.0046574 0.004649 0.0045775 0.004538 0.0044934 0.0044316 0.00455 0.0046566 0.004762 0.0046995 0.0047132 0.0047938 0.0048747 0.0049338 0.00494 0.0048775 0.004848 0.0047284 0.0047526 0.0047978 0.0047902 0.0047667 0.0045515 0.0045426 0.0046312 0.0047509 0.0048206 0.0048525 0.0048688 0.0048267 0.004887 0.0048783 0.0046671 0.0047741 0.0047986 0.0047848 0.0048786
0.0049143 0.0047168 0.0045909 0.0047331 0.0048091 0.0048572 0.0048527 0.0046957 0.0047264 0.0047801 0.0046687 0.0047264 0.0048682 0.0047244 0.0050953 0.0047455 0.0048402 0.0048298 0.0049701 0.0048829 0.0048623 0.0048509 0.0048606 0.0047104 0.0046718 0.0046155 0.0049025 0.0047839 0.0046647 0.0046845 0.0047942 0.0048685 0.0048763 0.0048511 0.0048594 0.0047902 0.0046866 0.0047331 0.0047131 0.0047064 0.0048114 0.0046446 0.004751 0.0048401 0.0047606 0.0045323 0.0048814 0.0049189 0.0049298 0.0049183 0.0049114 0.0049425 0.0049384 0.0048611 0.0047689 0.0049834 0.004984 0.0049364 0.0049865 0.0049832 0.004972 0.0049326 0.0049643 0.0049783 0.00503 0.0050925 0.0050446 0.0049198 0.0050561 0.00506 0.0050209 0.0049606 0.0047622 0.0049555 0.0049988 0.0048925 0.0048566 0.0048792 0.0048431 0.0047728 0.0045636 0.0045706 0.0047364 0.0048035 0.0047431 0.0047239 0.0046938 0.0047717 0.0047969 0.0047888 0.0048031 0.0047826 0.004787 0.0048279 0.0048043 0.0048195 0.0048084 0.0047671 0.0047984 0.0048259 0.0048462 0.0048099 0.0047917 0.0047895 0.0046569 0.0047939 0.0047726 0.0047797 0.0047856 0.0048164 0.0048466 0.0048661 0.0048931 0.0049387 0.0049959 0.0050142 0.0049116 0.0048994 0.0049083 0.0048546 0.0051076 0.0050191 0.0048769 0.0049337 0.0049775 0.0049953 0.005031 0.0050462 0.0049878 0.0050418 0.0050929 0.0050486 0.0045605 0.0050074 0.0049724 0.0049192 0.0046462 0.0046872 0.0046812 0.0047899 0.0045859 0.0045628 0.0045383 0.004564 0.004581 0.0045582 0.0045586 0.0045031 0.0045678 0.0045512 0.0046209 0.0046193 0.004634 0.0046576 0.0046694 0.0049083 0.0050392 0.0050157 0.0050127 0.0049834 0.0049421 0.0048858 0.004836 0.0047795 0.004763 0.0046759 0.0045814 0.0046503 0.0046654 0.004435 0.0046175 0.0047929 0.0048261 0.0047645 0.0045301 0.0046258 0.0046674 0.0048747 0.0048858 0.0048797
0.0049433 0.004827 0.004785 0.0048558 0.0048514 0.0048103 0.004517 0.0046795 0.0047257 0.0046775 0.0047981 0.004676 0.004729 0.0045352 0.0047714 0.0049099 0.0048103 0.0048456 0.0047769 0.0048527 0.0048808 0.0048858 0.0048183 0.0047839 0.0045891 0.0046877 0.0047323 0.0047489 0.0048507 0.0046911 0.0047488 0.0049006 0.0049197 0.0048506 0.0049249 0.0048562 0.0047348 0.0046131 0.0045753 0.0046098 0.0046796 0.004822 0.0048969 0.004892 0.0048762 0.0047994 0.004916 0.0049493 0.0049884 0.0049857 0.0049884 0.0049896 0.0049981 0.0050033 0.0049459 0.0049013 0.0049315 0.0048923 0.0049633 0.0049913 0.0049287 0.0048619 0.0050795 0.0050283 0.004918 0.0050998 0.0049523 0.0050044 0.0050567 0.0047536 0.0048251 0.0050164 0.005113 0.0049354 0.0050425 0.0049069 0.0049161 0.0048363 0.0047718 0.0047717 0.0046329 0.004664 0.0047382 0.0046828 0.0046952 0.0047969 0.0047561 0.0047491 0.0048404 0.0045536 0.0047641 0.0048195 0.0048371 0.0048109 0.0049336 0.0047671 0.0047484 0.0047548 0.0049831 0.004742 0.0047212 0.0048203 0.0047841 0.0047921 0.0048116 0.0048253 0.0048204 0.0048053 0.0048017 0.0048813 0.0049042 0.0049517 0.0049678 0.0049708 0.0049377 0.0048596 0.0048738 0.004896 0.0048149 0.0047107 0.0047232 0.0047338 0.0048934 0.0049828 0.0050587 0.0050799 0.0050935 0.0050795 0.005096 0.0051242 0.0050829 0.0050765 0.0050261 0.0049885 0.0050098 0.0049429 0.0048321 0.0045507 0.0044264 0.0044983 0.0049642 0.004929 0.0044253 0.0044297 0.0047791 0.0045094 0.0045455 0.0043881 0.0045368 0.0046353 0.0045264 0.0045505 0.0046718 0.0048254 0.0048898 0.0049373 0.0049779 0.0049652 0.004988 0.0049862 0.0049806 0.0049634 0.0049352 0.0048967 0.0047965 0.0047177 0.0046382 0.0046213 0.0046706 0.0046182 0.0048549 0.0044692 0.0046573 0.0047058 0.0046389 0.0047953 0.0048542 0.0048093 0.0048762 0.0049113
0.0049057 0.0049134 0.0049565 0.0050107 0.0049126 0.0046281 0.004721 0.0046791 0.0045788 0.0045935 0.0046189 0.0049908 0.004608 0.0046408 0.0045514 0.0045704 0.0047308 0.0048463 0.0047361 0.0047022 0.004974 0.0047167 0.0047264 0.0047228 0.0045469 0.0047012 0.0047631 0.0047586 0.0047531 0.0045636 0.0044422 0.0049034 0.0048498 0.004871 0.0048637 0.0048205 0.0048583 0.0046972 0.0046496 0.0046653 0.004615 0.0047586 0.0048132 0.0048465 0.0048675 0.0048031 0.0046974 0.0046839 0.0048848 0.0049896 0.0049969 0.0050097 0.0049788 0.0049717 0.0049211 0.0047909 0.0047314 0.004738 0.0046838 0.0046558 0.0048246 0.0051144 0.0049407 0.0048237 0.0051084 0.0051405 0.0051237 0.0050356 0.0052822 0.0045454 0.0051659 0.0049999 0.0048186 0.0049534 0.0048676 0.0050456 0.0050917 0.0050359 0.004975 0.0051032 0.0051066 0.0049302 0.0047619 0.0047805 0.0048393 0.0047685 0.0047828 0.0047214 0.0047083 0.0047879 0.0048035 0.0048237 0.0047546 0.0046801 0.0046799 0.004665 0.0046689 0.0046924 0.0047923 0.0046899 0.004626 0.004661 0.0046571 0.0046761 0.0046728 0.0048213 0.0048336 0.0048765 0.0049147 0.0049482 0.0049783 0.0050074 0.0050357 0.0050573 0.005032 0.0049828 0.005008 0.0050111 0.0050387 0.0049854 0.0049686 0.0050089 0.0050857 0.0051351 0.0051661 0.0051641 0.0051677 0.0051662 0.0051669 0.0052021 0.0051268 0.0051069 0.0050738 0.0051089 0.0050856 0.0050693 0.0050565 0.0049493 0.0045292 0.0047826 0.0049832 0.0050544 0.0045663 0.0046082 0.0047376 0.0046945 0.0046008 0.0045468 0.0045421 0.0046359 0.0047487 0.0047906 0.0048214 0.0047584 0.0048828 0.0048144 0.0049291 0.0048045 0.0046123 0.0046739 0.0049468 0.0049685 0.004952 0.0048828 0.0047812 0.0047084 0.0046476 0.0046472 0.0046726 0.0046473 0.0045691 0.0045369 0.0046539 0.0046747 0.0049017 0.004667 0.0046708 0.0047002 0.0047716 0.0048956
0.004926 0.0049336 0.0049615 0.0049816 0.0048426 0.0048286 0.0048095 0.0047101 0.0046718 0.0047879 0.0047749 0.0047466 0.0047085 0.0047397 0.0046585 0.0047123 0.0048457 0.0048123 0.0048108 0.0047929 0.004665 0.0044987 0.0045001 0.0049697 0.0044978 0.0047112 0.0047911 0.004793 0.0047923 0.0047266 0.0046667 0.0048745 0.0048669 0.0048359 0.0048907 0.0047911 0.0047275 0.0046715 0.004565 0.0045376 0.0045648 0.0045374 0.0045242 0.0045771 0.0047644 0.0046922 0.0046504 0.004743 0.0048757 0.0049375 0.0049905 0.004997 0.0050001 0.0048939 0.0048396 0.0045772 0.0046681 0.0045585 0.0046563 0.0050497 0.0048147 0.0051355 0.0051628 0.0051034 0.0048978 0.0053562 0.0053649 0.0054128 0.0053565 0.0053625 0.005364 0.0051961 0.0049041 0.0049169 0.0051101 0.0050192 0.0049136 0.0050598 0.0050257 0.0050063 0.0048994 0.0048195 0.0048513 0.0048441 0.0048205 0.0047824 0.0047857 0.004719 0.0047494 0.0046736 0.0047376 0.0047853 0.0048425 0.0047639 0.0047853 0.0049081 0.0050437 0.0047861 0.0047753 0.004801 0.0047916 0.0047712 0.004625 0.004675 0.0046276 0.0046958 0.0048741 0.0049002 0.0049519 0.0049969 0.0050308 0.0050562 0.0050929 0.0051216 0.0051218 0.0051464 0.0051628 0.0051801 0.0051882 0.0052359 0.0053015 0.005346 0.0053719 0.0054032 0.0054498 0.0053666 0.0053047 0.0052983 0.0054468 0.0052277 0.005178 0.0051614 0.0051397 0.0050976 0.0051236 0.0051093 0.0048409 0.0049873 0.0049566 0.0048773 0.0048316 0.0047834 0.0048025 0.0048088 0.004549 0.0046364 0.0046677 0.0046744 0.0047561 0.0048361 0.0049157 0.0049164 0.0050888 0.0049834 0.0048191 0.0048578 0.0049081 0.0045959 0.0046511 0.0049718 0.0049093 0.0048586 0.0048126 0.004822 0.0047235 0.0046883 0.0047312 0.0047809 0.0048434 0.0047864 0.0047788 0.0046251 0.0048183 0.0047201 0.0046588 0.0046832 0.0047505 0.004852 0.0048514 0.0049099
0.0049428 0.0048512 0.0048711 0.0050166 0.005048 0.0046875 0.0048744 0.0049047 0.0049014 0.0048528 0.0048901 0.0047584 0.0047114 0.0047992 0.0047974 0.0047955 0.0047236 0.0048228 0.0047899 0.0048136 0.0047807 0.0046106 0.0045275 0.0048084 0.0046981 0.0047702 0.0050177 0.0047611 0.0048086 0.0047635 0.004848 0.0048146 0.0048143 0.0049144 0.0048305 0.0048268 0.0048208 0.0046114 0.0045316 0.0045223 0.0044924 0.0045309 0.0046604 0.0047141 0.0047641 0.0047989 0.0048388 0.0048275 0.0050318 0.0051277 0.0047488 0.0047696 0.0048431 0.0047847 0.0048252 0.0049432 0.0049021 0.0047197 0.0046915 0.0049192 0.0048526 0.0051475 0.0051633 0.0051843 0.0055389 0.0054596 0.0053794 0.005382 0.0053933 0.0054014 0.0053946 0.0053417 0.005224 0.0051604 0.005019 0.0049829 0.0050324 0.0050885 0.0049394 0.0049875 0.0050225 0.0049877 0.0049566 0.0049157 0.0048566 0.0050499 0.0049193 0.0047941 0.0048259 0.0048389 0.0047603 0.0047435 0.0047118 0.0048277 0.0046895 0.0046483 0.004733 0.0047565 0.0047815 0.0047476 0.0047879 0.0048119 0.004698 0.0045098 0.0048307 0.0047812 0.0048232 0.0049046 0.0049355 0.0049588 0.0050533 0.0050877 0.0051335 0.0051652 0.0051822 0.0052213 0.0053165 0.0053843 0.0055772 0.0058472 0.0060789 0.0062611 0.0063412 0.0063732 0.0063893 0.0061935 0.0061231 0.0061563 0.0061637 0.006112 0.0057289 0.0052367 0.0052403 0.0053026 0.0051204 0.00515 0.0051528 0.0051082 0.0048967 0.0048915 0.004923 0.0048044 0.0048257 0.0047287 0.0047761 0.0049468 0.0047486 0.0047436 0.0047653 0.0047103 0.0047752 0.0048747 0.0049564 0.0049965 0.0051025 0.0049269 0.0048967 0.0045377 0.0049868 0.0049089 0.0049369 0.0049445 0.0049427 0.0048604 0.0047989 0.0047805 0.0047022 0.0047897 0.0046386 0.004788 0.0048386 0.0046726 0.0045298 0.0045287 0.0046796 0.0048318 0.0048485 0.0048741 0.0049289 0.0049421
0.0049229 0.0048839 0.0048048 0.0048245 0.0049641 0.0049342 0.0049192 0.0047159 0.0049567 0.0048341 0.004745 0.0048175 0.0047748 0.0048361 0.0047964 0.0047689 0.0047961 0.0046207 0.0047558 0.0047764 0.0047227 0.0046285 0.0045088 0.0044642 0.0043809 0.0047037 0.0046185 0.0047196 0.0047976 0.0047999 0.0047746 0.0048198 0.0047452 0.0047469 0.0047702 0.0047078 0.0047072 0.0046718 0.0046017 0.0043983 0.0043906 0.004348 0.0044464 0.004716 0.0047663 0.0048146 0.0048399 0.0047486 0.0050513 0.0051063 0.0047334 0.0047225 0.0046003 0.0045294 0.0048246 0.0050262 0.0050604 0.005054 0.0048501 0.0046919 0.0047247 0.0047872 0.0051697 0.0053359 0.005452 0.0053576 0.0054176 0.0053915 0.0053909 0.0053882 0.0053889 0.0053956 0.0052251 0.0052354 0.0052814 0.0054052 0.0050328 0.0050437 0.0049684 0.0049754 0.0050082 0.0049869 0.0048942 0.0048455 0.004787 0.0049491 0.0047469 0.0047667 0.0048275 0.0048187 0.0048087 0.0048246 0.0048534 0.0048719 0.0047998 0.0047026 0.0047313 0.0047531 0.0047725 0.0046718 0.0048298 0.004745 0.0046672 0.0047802 0.0047473 0.0047982 0.0048786 0.0049453 0.0049968 0.0050068 0.0051119 0.0051347 0.0051467 0.0052016 0.005258 0.0053969 0.0055933 0.005883 0.0061839 0.0065172 0.0066258 0.0067731 0.0068253 0.0068989 0.0068891 0.006895 0.006835 0.006837 0.0067921 0.0067175 0.0068313 0.0066232 0.0055849 0.0055617 0.0052714 0.0051769 0.0050819 0.0047872 0.00463 0.0049935 0.0049228 0.0047631 0.0050096 0.0047763 0.0045982 0.0046659 0.0047568 0.0049 0.0048361 0.0048621 0.0049472 0.0049534 0.0049236 0.0048967 0.004742 0.004899 0.0049156 0.0049525 0.0049264 0.0049289 0.0049142 0.0048055 0.0048361 0.0049255 0.0049138 0.0048618 0.0047287 0.0049129 0.0048125 0.0048978 0.0048033 0.0046995 0.0048181 0.0046568 0.0046858 0.0047642 0.0048048 0.0048604 0.0048815 0.0049164
0.0047042 0.0047695 0.0047344 0.0048384 0.0050154 0.0050556 0.0050797 0.004913 0.0049108 0.0046715 0.0047895 0.0046674 0.0046672 0.0046237 0.0047003 0.0046497 0.0046332 0.0046431 0.0044535 0.0045199 0.004606 0.0046781 0.0044787 0.0044449 0.0046105 0.0045527 0.0046499 0.0047952 0.0047892 0.0047876 0.0047407 0.004801 0.0047114 0.0043961 0.0043899 0.0044457 0.0045166 0.0045151 0.0045282 0.0043954 0.0043502 0.0043682 0.0044116 0.0046373 0.0047299 0.0047793 0.0047877 0.0047856 0.0047673 0.0047396 0.0046913 0.0046074 0.0044851 0.004434 0.004506 0.0046257 0.004902 0.004919 0.0047497 0.0046958 0.0050985 0.0051369 0.00516 0.0051997 0.0053619 0.0055133 0.0054063 0.0054158 0.0053951 0.0054532 0.0054618 0.0053535 0.0052686 0.0050831 0.0051586 0.0049927 0.0050065 0.005061 0.0049556 0.0049887 0.0049951 0.004974 0.0049094 0.0048218 0.0048399 0.004715 0.0047526 0.0050698 0.0049503 0.0048269 0.0047876 0.0048155 0.0049538 0.0049627 0.0048244 0.0047803 0.0045975 0.0048761 0.0046891 0.0046901 0.0046753 0.0046776 0.0047518 0.0048441 0.004869 0.0047745 0.0047641 0.0049551 0.0049968 0.0050704 0.0049955 0.0051097 0.0051889 0.0052908 0.0055669 0.0058795 0.0061901 0.0063874 0.006643 0.0067901 0.0069794 0.0070647 0.006982 0.0069752 0.0066843 0.0068678 0.0068969 0.00693 0.0068897 0.006875 0.0068829 0.0068888 0.0068076 0.0066142 0.0059647 0.0055221 0.0051658 0.0050752 0.0051122 0.0050266 0.0050733 0.0049437 0.0046817 0.0048253 0.004867 0.0046218 0.004801 0.004742 0.0048717 0.0049066 0.0047371 0.0048585 0.0048553 0.0048431 0.0048101 0.0049208 0.0048647 0.0048134 0.0047261 0.0047367 0.0044131 0.0046367 0.0048284 0.0048039 0.0047091 0.0048519 0.0049443 0.0050174 0.0048715 0.005003 0.0049803 0.0049128 0.0048991 0.0047759 0.0046639 0.0045541 0.0046064 0.0046674 0.0047634 0.0048059
0.0046584 0.0047886 0.0047191 0.0047088 0.004891 0.0050121 0.0048624 0.004728 0.0048585 0.0047529 0.0046722 0.004707 0.0044427 0.0047926 0.0044893 0.0045517 0.0043359 0.0043979 0.0046071 0.0045463 0.0046753 0.0045109 0.0046066 0.0046906 0.0046786 0.0048102 0.0046329 0.0047242 0.0047724 0.0047651 0.0047681 0.0047671 0.0047869 0.0045687 0.0045165 0.0045553 0.0046306 0.0046449 0.0046411 0.0045614 0.004452 0.0044162 0.0045097 0.004539 0.0045035 0.0046709 0.0046737 0.0046985 0.0046428 0.0046548 0.0045641 0.0045211 0.0044258 0.0044261 0.0044167 0.0045054 0.004588 0.0045874 0.0047224 0.0048469 0.0045908 0.0050383 0.0049579 0.0051535 0.005148 0.0054201 0.0055074 0.0054926 0.0054653 0.0055018 0.0054787 0.0053944 0.0053164 0.0051173 0.0051434 0.0051362 0.0049815 0.0049682 0.004918 0.0047841 0.0049518 0.004894 0.0048696 0.0048569 0.0047705 0.0047841 0.0047189 0.0047862 0.0048689 0.0048385 0.0048638 0.0048667 0.0049917 0.0048548 0.004795 0.0046067 0.0046925 0.004654 0.004751 0.0048882 0.0047001 0.0045925 0.0046558 0.0047454 0.0049655 0.0049701 0.0048667 0.0049448 0.0050413 0.0050247 0.0049929 0.0050683 0.0051644 0.005219 0.006154 0.0066827 0.0068364 0.0070363 0.0071013 0.0069677 0.0068403 0.0069241 0.0070158 0.0069932 0.0068831 0.0067866 0.0067077 0.0068417 0.0068984 0.006863 0.0068677 0.0068041 0.0068089 0.0067777 0.0065729 0.0061258 0.0056339 0.0052279 0.0051483 0.0051149 0.0050964 0.0050739 0.0049655 0.0048416 0.0049797 0.0049732 0.004841 0.0049281 0.0049109 0.0049096 0.0049124 0.0047565 0.0047152 0.0048118 0.0047024 0.0047806 0.0047997 0.0046396 0.0045426 0.0047299 0.0049233 0.0049523 0.0047106 0.0046887 0.0048272 0.0049565 0.0049216 0.0049658 0.0050075 0.0049844 0.0049727 0.0049588 0.0047412 0.004753 0.0046644 0.0048177 0.0047216 0.0046816 0.0047833 0.004747
0.0047938 0.0048133 0.0047765 0.00479 0.0048591 0.0048475 0.0048773 0.0048862 0.0049152 0.0047024 0.0046411 0.0047826 0.0046458 0.0045893 0.0046122 0.004614 0.0048756 0.0045928 0.0046987 0.0047302 0.004668 0.0047498 0.0049239 0.0046395 0.00474 0.0048126 0.0047561 0.0047215 0.0047233 0.0047116 0.0046745 0.0047007 0.0046811 0.0046259 0.0046266 0.0046155 0.0046234 0.0046315 0.0046601 0.0046635 0.0045715 0.0045429 0.0045914 0.0045662 0.0045632 0.004611 0.0046113 0.0045537 0.0045054 0.0044544 0.004433 0.0044315 0.0044193 0.0042925 0.0042448 0.0045431 0.0046581 0.0046967 0.004802 0.004874 0.0049614 0.0049476 0.0050438 0.0050744 0.0051079 0.0052451 0.0053487 0.0058461 0.0057555 0.0055858 0.0055272 0.005446 0.0052117 0.0051674 0.0051293 0.0051552 0.0049408 0.0049279 0.0049222 0.0051073 0.0048303 0.0048845 0.004809 0.0047958 0.0047768 0.0047492 0.0047483 0.0048822 0.0048761 0.0048502 0.0048174 0.0048402 0.0049085 0.0048357 0.0047788 0.00481 0.0047042 0.0047121 0.0046991 0.0048923 0.0044771 0.0046554 0.0047077 0.0047286 0.0048911 0.004723 0.004883 0.0049436 0.004996 0.005004 0.0050288 0.0050122 0.0051656 0.0054665 0.006702 0.0068691 0.0070888 0.0071023 0.0069954 0.007071 0.0070337 0.007078 0.0070509 0.007048 0.0069997 0.0070718 0.0070908 0.0068806 0.0068297 0.0069703 0.0068615 0.0068271 0.0068268 0.0067822 0.0065644 0.0064285 0.0058912 0.0053303 0.0051753 0.0051412 0.0050976 0.00512 0.0047207 0.0049845 0.0049878 0.004927 0.0049506 0.0048755 0.0048431 0.004924 0.0048383 0.0047862 0.0048666 0.0047724 0.0047962 0.0046994 0.004636 0.0046593 0.004521 0.0043169 0.0046726 0.0045978 0.0047417 0.004962 0.0049907 0.0049649 0.0048361 0.0049972 0.0048677 0.0048885 0.0049589 0.0049329 0.00474 0.0047506 0.0048073 0.0045397 0.0045541 0.0047143 0.0047683 0.004742
0.0049355 0.0047289 0.0049644 0.0048751 0.0049337 0.0048445 0.0048746 0.0048646 0.0048085 0.0047444 0.004634 0.004664 0.0046006 0.0045476 0.0046393 0.0046487 0.0047517 0.0047757 0.0047354 0.0047275 0.0045883 0.0046543 0.0047087 0.0047113 0.0046312 0.0047319 0.0047555 0.0047555 0.0045715 0.0046539 0.0046146 0.0046873 0.0046993 0.0045942 0.004599 0.0045957 0.0046039 0.0046337 0.0046846 0.0047105 0.0045513 0.0044785 0.0042046 0.0042247 0.0044504 0.0045527 0.0045101 0.0044434 0.004453 0.004379 0.0043489 0.0043529 0.0043266 0.004353 0.0043663 0.0045701 0.0045975 0.0046647 0.0046743 0.004779 0.0047764 0.004805 0.0049328 0.0048001 0.0051259 0.00511 0.0051913 0.0052165 0.0052487 0.0052781 0.0052371 0.0052303 0.005135 0.0051691 0.0051454 0.0049714 0.0049464 0.0049889 0.0049584 0.0049854 0.0049259 0.0051633 0.0048112 0.0048618 0.0048174 0.004815 0.0047759 0.0048931 0.0048823 0.0048142 0.0047904 0.004842 0.004854 0.0048262 0.0048167 0.0047493 0.0048275 0.0047422 0.0048416 0.0046975 0.0046766 0.0047077 0.0046637 0.004551 0.0045672 0.0046769 0.0048564 0.0050542 0.0049148 0.0049831 0.0049983 0.005036 0.0051982 0.0060517 0.0068133 0.0070464 0.0070416 0.0069791 0.0070331 0.0070937 0.0070603 0.007058 0.0070028 0.0070705 0.0070578 0.0068947 0.0069394 0.0069156 0.0069852 0.0069096 0.0068532 0.006839 0.0067699 0.0066487 0.0062314 0.0061817 0.0059083 0.0054527 0.0051862 0.0051738 0.0051423 0.0051513 0.0050991 0.0050849 0.0050423 0.0050093 0.0049483 0.0048984 0.0049064 0.0050501 0.0049619 0.0049236 0.0049072 0.0048048 0.0047897 0.0047073 0.0046231 0.0046188 0.0046399 0.004648 0.0045839 0.0046133 0.0048042 0.0050009 0.005037 0.0050361 0.0049863 0.0049598 0.0048656 0.0049197 0.0049138 0.0049475 0.0045879 0.0048017 0.0048128 0.0049902 0.0047251 0.0047902 0.0048718 0.0048578
0.0049788 0.0049558 0.0049632 0.0050414 0.0049993 0.0048228 0.0048505 0.0048273 0.0049736 0.005064 0.005156 0.0051285 0.0048978 0.0046629 0.0047358 0.0047113 0.0045767 0.004653 0.0045742 0.004668 0.0045676 0.0047248 0.00471 0.0047075 0.0046536 0.0044157 0.0045653 0.0046184 0.004682 0.0045535 0.004521 0.0045919 0.0045408 0.0045432 0.0044788 0.0045623 0.0045828 0.0046318 0.0046427 0.0040681 0.0039853 0.0039399 0.0034987 0.0034384 0.0034569 0.0040255 0.0040254 0.0040272 0.0042333 0.0043289 0.0042511 0.0043628 0.0042865 0.0043387 0.0043277 0.0043451 0.0043725 0.0045152 0.0047695 0.0047127 0.0046159 0.0044627 0.0048398 0.0050091 0.0049909 0.0051072 0.005098 0.0051449 0.005195 0.0052054 0.0051959 0.0051373 0.0051684 0.0050691 0.0050766 0.0050733 0.0050344 0.0051822 0.0050184 0.0049251 0.0049661 0.0049358 0.0048506 0.0048498 0.0048003 0.0048044 0.0048614 0.0049182 0.0049111 0.0048727 0.0048045 0.004868 0.0047835 0.004797 0.0048306 0.0046912 0.0046499 0.0047901 0.0047683 0.0047334 0.0046413 0.0046707 0.0045277 0.0044607 0.0048944 0.0047088 0.0048045 0.0049546 0.0049543 0.0049569 0.0050145 0.0050656 0.0051913 0.0060704 0.0066866 0.0070479 0.0070492 0.0068736 0.0070696 0.0070746 0.0070724 0.0070395 0.0070841 0.0071007 0.0070339 0.0068909 0.0069827 0.0070017 0.0069419 0.0069832 0.0069157 0.0068249 0.0065663 0.0063126 0.0061821 0.0060588 0.0057469 0.005393 0.0052576 0.0051787 0.0052146 0.005064 0.0050212 0.0050639 0.004859 0.0048564 0.0049543 0.0049772 0.0049899 0.0049789 0.0049564 0.0049635 0.0049596 0.0047892 0.0047506 0.0047332 0.0046646 0.0047919 0.004766 0.0047029 0.0046908 0.0046678 0.0048407 0.0049388 0.004973 0.0049458 0.0049684 0.0049487 0.0047554 0.004872 0.0048746 0.0046693 0.0046438 0.004841 0.004821 0.0048666 0.0048573 0.0049132 0.0049598 0.0048779
0.004949 0.0049736 0.0049061 0.0048056 0.0050152 0.004819 0.0049154 0.0048833 0.004686 0.0048134 0.0050891 0.0050912 0.0047583 0.00467 0.0048288 0.0047504 0.0048207 0.0046958 0.0047634 0.0047766 0.0048227 0.0046176 0.0048293 0.0048249 0.0047512 0.0047502 0.0046919 0.0046097 0.00465 0.0046164 0.0045812 0.0040732 0.0043655 0.0044803 0.004482 0.0045312 0.004571 0.0045616 0.0043659 0.0043168 0.0041556 0.003821 0.003737 0.0037588 0.0038526 0.0038855 0.0038581 0.0039256 0.0037744 0.0040584 0.0042513 0.0042598 0.0042696 0.0042986 0.0043424 0.0043529 0.0044194 0.0045116 0.0045343 0.004673 0.0046773 0.0047219 0.0045961 0.0046635 0.0048874 0.0047653 0.0050149 0.0051746 0.0051568 0.0051569 0.0051566 0.0051544 0.0050961 0.0050605 0.0050868 0.0050667 0.0050492 0.0050058 0.0049708 0.0049757 0.0049607 0.004972 0.0049445 0.0048751 0.0048635 0.0047996 0.0048941 0.0049722 0.0048787 0.0048649 0.0049215 0.0049329 0.0049107 0.0047949 0.0048721 0.0047479 0.004751 0.0047419 0.0047307 0.0048589 0.0046569 0.0047228 0.0046061 0.0046357 0.00461 0.0045968 0.0048033 0.0049078 0.0049672 0.004976 0.004978 0.0051085 0.0052039 0.0056393 0.0066013 0.007063 0.0071002 0.0070841 0.006994 0.0070571 0.0070997 0.0070813 0.0070963 0.0071006 0.0070557 0.0069814 0.0070586 0.0070009 0.0070282 0.0069335 0.0068511 0.0066592 0.0063755 0.0062157 0.0059765 0.0058259 0.0057109 0.0055405 0.0052427 0.0051363 0.0051129 0.0050308 0.0049902 0.004977 0.004965 0.0050087 0.0050732 0.0049984 0.0048196 0.0049661 0.0049788 0.0050042 0.0049415 0.0048958 0.004798 0.0048681 0.0047988 0.0047168 0.0048769 0.0048296 0.0047475 0.0047097 0.0047166 0.0047834 0.0048709 0.004904 0.0050045 0.0049641 0.0048961 0.0048896 0.004912 0.0048615 0.0049475 0.0049222 0.0049287 0.0048541 0.0048913 0.0049496 0.0049854 0.0050137
0.0050162 0.0049785 0.0049749 0.0048847 0.0051059 0.005055 0.0049625 0.0047536 0.0046092 0.0044385 0.0043537 0.0046301 0.004586 0.0048222 0.004927 0.0049179 0.0049186 0.0049183 0.0048753 0.0048478 0.0048443 0.004838 0.0047512 0.0048032 0.0047118 0.0046118 0.0046315 0.0045029 0.0044688 0.0046206 0.0045878 0.0043339 0.004376 0.0042114 0.0044055 0.0041626 0.0043206 0.0038148 0.0038467 0.0043068 0.0038012 0.0036098 0.0039342 0.0039429 0.0039188 0.0039056 0.0039593 0.0041466 0.0039846 0.0039776 0.003923 0.0040858 0.0042476 0.0043862 0.0043907 0.0044195 0.004392 0.0045507 0.0045864 0.0045418 0.0045363 0.0047452 0.0047425 0.0048398 0.0049696 0.004995 0.0050549 0.0050803 0.0047441 0.0051219 0.0050549 0.005073 0.0050802 0.0051047 0.0050809 0.0050448 0.0050222 0.0050169 0.0050219 0.004971 0.0049133 0.0048745 0.0047969 0.0050996 0.0048848 0.0048286 0.0048353 0.0048031 0.004958 0.0048636 0.0049002 0.0049364 0.0049249 0.0048697 0.0047486 0.004828 0.004729 0.0047077 0.0048276 0.004818 0.0046422 0.0046314 0.0045895 0.0046392 0.004692 0.0046881 0.0050444 0.0048188 0.0049476 0.005004 0.0050233 0.0050453 0.005124 0.0054449 0.0060535 0.0069665 0.0071014 0.0071168 0.0070933 0.0070618 0.0070742 0.007079 0.0069875 0.0070955 0.0070084 0.0070269 0.0069805 0.0070047 0.0069897 0.0069598 0.006906 0.0065399 0.006157 0.0059967 0.0057732 0.0056425 0.0054311 0.0052508 0.0051854 0.0051389 0.0050378 0.0050404 0.0049298 0.0049331 0.0048962 0.004932 0.0049986 0.0050038 0.004996 0.0049676 0.0050049 0.0049704 0.004948 0.0049331 0.0048925 0.0048998 0.0049584 0.0049029 0.0048812 0.0046884 0.0047803 0.004776 0.0046435 0.0046375 0.0048285 0.004884 0.005004 0.004899 0.0049075 0.004942 0.004977 0.0049708 0.0049645 0.004959 0.0049111 0.0048721 0.0050197 0.0050473 0.0050217 0.0050915
0.0050166 0.0051057 0.0049813 0.0048051 0.0049518 0.004787 0.0047848 0.0048143 0.0046451 0.0044356 0.0043984 0.0046269 0.004819 0.0048633 0.0049064 0.0048859 0.0049176 0.0045383 0.0048545 0.0048368 0.0048184 0.0047653 0.0047703 0.0047079 0.004569 0.0046348 0.0045836 0.0045446 0.0043981 0.0044375 0.0043527 0.0043155 0.0043447 0.0042655 0.0043028 0.0043479 0.0041612 0.0037878 0.0038167 0.0038029 0.0036665 0.0039268 0.0041126 0.0040859 0.0039997 0.0040691 0.0040207 0.004042 0.0041125 0.0041268 0.004083 0.003859 0.0040631 0.0043438 0.0044384 0.0044954 0.0044958 0.0045018 0.0045091 0.0045374 0.0045895 0.004642 0.004638 0.0049213 0.0049085 0.0047557 0.0048217 0.0049273 0.0049088 0.0050747 0.0050641 0.0051074 0.0050332 0.0049694 0.0049967 0.0050308 0.0050319 0.0050274 0.0050732 0.0050059 0.0049233 0.0048456 0.0048959 0.0048499 0.0048748 0.004786 0.0047675 0.0047974 0.0048346 0.0048601 0.0048668 0.0049166 0.0048942 0.0047832 0.004788 0.0047805 0.0048461 0.004929 0.0047293 0.004692 0.0047047 0.0045403 0.0045775 0.0046893 0.0047328 0.0047177 0.0047418 0.0048392 0.0049957 0.0049451 0.0049389 0.0050051 0.0050657 0.0051037 0.0053799 0.006041 0.0070513 0.0071055 0.0071138 0.0071079 0.0070686 0.0070638 0.0071138 0.007116 0.0069931 0.0070178 0.007002 0.0069682 0.0069874 0.0069388 0.0066682 0.0059304 0.0056256 0.0056328 0.0055179 0.0053819 0.00542 0.0052459 0.0052328 0.0052197 0.0050994 0.0050022 0.0048143 0.0049246 0.0048654 0.004903 0.0049398 0.0049604 0.0049905 0.0050089 0.0049749 0.0049286 0.0047649 0.004777 0.0047894 0.0048688 0.0047895 0.0047352 0.0048251 0.0048847 0.0048199 0.0047336 0.0048591 0.0049065 0.0048545 0.0048567 0.0048136 0.004878 0.004872 0.0047493 0.0049998 0.0050027 0.0049367 0.0049212 0.0049617 0.0049831 0.0050838 0.0050548 0.0049803 0.0048324
0.0050275 0.0050461 0.0047998 0.0047521 0.0048047 0.0045736 0.0046844 0.0044417 0.0044476 0.0046069 0.0045898 0.0046643 0.0048366 0.0048765 0.0049608 0.0048574 0.0049202 0.0049291 0.0048384 0.0048373 0.0046452 0.0047641 0.0047442 0.0047356 0.0046506 0.004577 0.0045795 0.0045254 0.0044628 0.0043862 0.0043416 0.0041253 0.0042264 0.0041667 0.0040807 0.0041279 0.0039532 0.0037088 0.0036692 0.0035072 0.0035659 0.0039356 0.0041623 0.0040622 0.0042502 0.0040854 0.0043185 0.0043399 0.0042693 0.0042808 0.0041198 0.0038798 0.0036811 0.004097 0.0043367 0.0044913 0.0044839 0.0045056 0.0045186 0.0045165 0.0046229 0.0047404 0.0047285 0.0049105 0.0049319 0.0049461 0.0049388 0.0049364 0.0049182 0.0048789 0.0049313 0.0050583 0.0050528 0.0049714 0.0050615 0.004972 0.0050661 0.0050149 0.0050038 0.0050238 0.0049752 0.0049284 0.0049867 0.0048947 0.0048775 0.0048437 0.0048284 0.0047973 0.0048008 0.0048268 0.0048385 0.0047566 0.0048137 0.0048604 0.0047992 0.0048339 0.0047726 0.00484 0.00476 0.0046192 0.0046645 0.004614 0.0045471 0.0046098 0.0046766 0.0047076 0.0047135 0.004691 0.0048658 0.0049396 0.0049041 0.0048895 0.0048368 0.0049365 0.0050632 0.0052829 0.0064256 0.0069294 0.0070738 0.0071155 0.0071148 0.0071053 0.0070301 0.0069789 0.0070296 0.0070268 0.0069607 0.0069499 0.0066594 0.0062526 0.0060176 0.0055302 0.0052995 0.005277 0.0052635 0.0052594 0.0053184 0.0052759 0.0051983 0.0051848 0.0051311 0.0050066 0.0049256 0.0048971 0.0048571 0.0048437 0.0048895 0.0048796 0.0049097 0.0049437 0.0049349 0.0048723 0.0048318 0.0047813 0.0046384 0.0046089 0.0046451 0.004626 0.0048136 0.0046975 0.0047914 0.0048626 0.004739 0.0048146 0.0047821 0.0047628 0.0048639 0.0048985 0.0049533 0.0048477 0.0049073 0.005013 0.0048243 0.0049479 0.0049509 0.0049883 0.0050183 0.0049773 0.0049046 0.0049088
0.0050116 0.0048513 0.0048131 0.0047917 0.0046195 0.0046416 0.004501 0.0046197 0.004657 0.0046172 0.0046677 0.0046783 0.0047847 0.0048585 0.0049234 0.0049205 0.0049208 0.0048147 0.0047627 0.0048373 0.0047296 0.0047437 0.0047214 0.0047006 0.0046455 0.0046276 0.0045689 0.0045128 0.0044256 0.0043385 0.0042609 0.0042166 0.004204 0.0040472 0.004005 0.0041478 0.0039271 0.0036585 0.0036945 0.0035034 0.0037394 0.003944 0.0040459 0.0041995 0.0042629 0.0043232 0.0043296 0.0043881 0.0043869 0.0044196 0.0041751 0.0038786 0.0039806 0.0040091 0.0040492 0.0040406 0.0043999 0.004562 0.0045495 0.0046393 0.0047501 0.0048454 0.0049053 0.0049194 0.0049574 0.0049455 0.0049626 0.0049908 0.0049737 0.0049611 0.0049822 0.005123 0.0049701 0.0049173 0.0049786 0.0049556 0.0049765 0.0049993 0.0050343 0.0050305 0.0050539 0.0050361 0.0049775 0.0049732 0.0049441 0.0048488 0.0047766 0.0047385 0.0047915 0.0048051 0.0048045 0.0048275 0.0047583 0.0048177 0.0048355 0.0048087 0.0048269 0.0047964 0.0047848 0.0046716 0.0046624 0.0047883 0.0047034 0.0046516 0.004725 0.0047716 0.0047957 0.0047184 0.0048799 0.0049367 0.0049875 0.0048936 0.0049787 0.0049596 0.0051126 0.0051106 0.0052742 0.0054836 0.0056828 0.0067901 0.0070089 0.0071001 0.0069287 0.007 0.006955 0.0069826 0.0068697 0.0066802 0.0057243 0.0053059 0.0055694 0.0054274 0.0052352 0.0052296 0.0052149 0.0051649 0.005159 0.0051952 0.0051876 0.0051478 0.0051352 0.004934 0.0049404 0.0048724 0.0049176 0.0047962 0.0048331 0.0048269 0.0048333 0.0048552 0.0048851 0.004833 0.0047779 0.0047794 0.0046832 0.0046627 0.0048352 0.0046072 0.0045603 0.0045104 0.0048159 0.0048996 0.0049975 0.0048452 0.0048924 0.0049363 0.0049662 0.0049415 0.0049475 0.0049201 0.0048782 0.0049436 0.0048563 0.0049245 0.0049213 0.0048859 0.0049228 0.0049578 0.0049504 0.0049387
0.0050083 0.0048436 0.0044927 0.0047886 0.0046151 0.0045748 0.0047256 0.0046142 0.004688 0.0046395 0.0046386 0.0047072 0.0048476 0.0048997 0.004922 0.0049097 0.004899 0.0046303 0.0048579 0.0048476 0.0048001 0.0047206 0.0047169 0.0046833 0.0046592 0.0046121 0.0045656 0.0044815 0.0043912 0.0043134 0.0042416 0.0041533 0.004099 0.0040855 0.0040751 0.0038734 0.0038841 0.003766 0.0034363 0.0032408 0.0037142 0.0039832 0.0040942 0.0041772 0.0042677 0.004346 0.0043952 0.004432 0.0044604 0.00446 0.0044499 0.0044114 0.0042241 0.0042291 0.0042047 0.0040174 0.0040978 0.0042296 0.0045392 0.0046228 0.0047639 0.0049223 0.0049517 0.0049418 0.0050589 0.0049532 0.0049194 0.0049469 0.0049945 0.0049879 0.0050246 0.0050801 0.0050215 0.0049445 0.0049951 0.0050487 0.0050058 0.0049995 0.00507 0.0050533 0.0050432 0.0050454 0.0049983 0.0050212 0.0048889 0.0048835 0.0048475 0.0047844 0.0047534 0.0048038 0.0048422 0.0048321 0.0048633 0.0048458 0.0048344 0.0048131 0.0048214 0.0046992 0.0047953 0.0046984 0.0048257 0.0048409 0.0047626 0.0047683 0.0048291 0.0048577 0.0048778 0.0048534 0.0047064 0.0049153 0.0048478 0.0049745 0.0050093 0.0050294 0.00488 0.004958 0.0051498 0.0051394 0.0052327 0.0052357 0.0054339 0.0054491 0.0059036 0.0066047 0.0061725 0.0062773 0.005746 0.0059255 0.0052959 0.0052066 0.005168 0.0051303 0.0051753 0.0051942 0.0051693 0.0051225 0.0051431 0.0051408 0.0051291 0.005046 0.005036 0.0049731 0.0049135 0.0048799 0.0048685 0.0048306 0.0048232 0.0048418 0.0048413 0.0048517 0.0048609 0.0048062 0.0047991 0.0046787 0.0047403 0.0046251 0.0044936 0.0045647 0.0047809 0.0044913 0.0047598 0.004874 0.004916 0.0047966 0.0049255 0.0047249 0.0049134 0.0049569 0.0048983 0.0048662 0.0049109 0.0048786 0.0048255 0.0048573 0.0048924 0.0049262 0.0048836 0.0049217 0.0049523 0.00499
0.0049325 0.0048301 0.0048262 0.0048186 0.0046486 0.0046115 0.0047694 0.0045317 0.0046515 0.0047452 0.0047175 0.0048307 0.0048058 0.0048456 0.0049243 0.0048676 0.0049258 0.0047151 0.0048535 0.0047015 0.0047094 0.0047143 0.0046806 0.0046728 0.0046178 0.0045847 0.0045439 0.0045071 0.0043793 0.0042914 0.004198 0.0041129 0.0040134 0.0040111 0.0039674 0.0040118 0.0040648 0.0037122 0.003645 0.0032892 0.0037758 0.0039923 0.0040884 0.0041976 0.004291 0.004371 0.0044292 0.0044688 0.0044948 0.0045391 0.0045349 0.0045544 0.0044869 0.0043218 0.004323 0.0043518 0.0044316 0.0044281 0.0044049 0.004405 0.004348 0.0047764 0.0049607 0.0049672 0.0049581 0.0049637 0.0049853 0.0050325 0.0049794 0.0049573 0.0049658 0.0050977 0.0051164 0.0051366 0.0050587 0.004985 0.0050446 0.0050481 0.0050843 0.0050829 0.0050784 0.0050751 0.0050545 0.0050041 0.0049773 0.0049229 0.0049325 0.0049372 0.0048415 0.0048105 0.0047991 0.0048513 0.0048556 0.0047529 0.0047908 0.004825 0.0048304 0.0047575 0.0047544 0.0047507 0.0048223 0.0048901 0.0047441 0.0048346 0.0048716 0.0048412 0.004923 0.0047517 0.004644 0.0047218 0.0048885 0.0048907 0.0049577 0.0049178 0.0049005 0.0049241 0.0049387 0.0051387 0.0051292 0.005158 0.0051797 0.0051875 0.0052231 0.0052397 0.0052566 0.0053364 0.0054325 0.005329 0.0053008 0.005199 0.0051324 0.0051718 0.0051688 0.0051508 0.0050838 0.0051138 0.0046615 0.0051252 0.0051218 0.0048069 0.0049329 0.0048513 0.00483 0.0048295 0.0048378 0.004841 0.0048417 0.0048448 0.00482 0.0048095 0.0048004 0.0047347 0.0046071 0.0045753 0.004539 0.0046182 0.0047866 0.0045184 0.0045444 0.0047216 0.0046282 0.0047581 0.0048769 0.0048729 0.0049719 0.0047606 0.0049287 0.0048804 0.0049212 0.0049556 0.0049351 0.0048944 0.0047879 0.0047338 0.0047407 0.0048447 0.0048441 0.0048631 0.0049537 0.0049648
0.0049663 0.0047819 0.0048749 0.0048044 0.0047952 0.0047753 0.004816 0.0049049 0.0047642 0.0048507 0.0048062 0.0049526 0.0049508 0.0049254 0.0049518 0.0048979 0.0049114 0.0048064 0.0047091 0.004827 0.0047405 0.004687 0.004672 0.0046341 0.0045963 0.0045381 0.0044954 0.0044482 0.0043434 0.0042192 0.0041269 0.0040486 0.0039789 0.0039317 0.0039151 0.0037457 0.0038437 0.0039404 0.0036422 0.0037256 0.0038368 0.0039748 0.0041062 0.0042022 0.0042634 0.0043377 0.0043868 0.004454 0.0044958 0.0045013 0.0045522 0.0045669 0.0044912 0.0043894 0.0041505 0.0043449 0.0044316 0.004478 0.0044813 0.0044428 0.0042565 0.0045979 0.0049039 0.0049196 0.0049503 0.0049546 0.0049542 0.0048268 0.0048865 0.0049217 0.0049378 0.0049466 0.0050639 0.0051568 0.0051804 0.0050783 0.0051008 0.0051123 0.0051451 0.0050994 0.0051003 0.0050871 0.0051381 0.0050639 0.0051096 0.0049794 0.0049963 0.0049987 0.0049891 0.0048359 0.0049192 0.0048868 0.0049488 0.0047291 0.0048395 0.0048304 0.0048307 0.0047142 0.0046231 0.0048114 0.0048226 0.0047856 0.0048079 0.0048197 0.0047811 0.0046801 0.0048119 0.0046272 0.0045663 0.0046621 0.0047499 0.0047737 0.0048703 0.0048321 0.0049681 0.0050637 0.0049859 0.0050931 0.0051273 0.0051506 0.0051699 0.0051533 0.0051416 0.0052162 0.0051628 0.0052695 0.0052245 0.0051442 0.0051257 0.0050915 0.0051238 0.0050737 0.0050688 0.0051084 0.0050705 0.0049187 0.0048877 0.0049658 0.0047504 0.004863 0.0048274 0.0047757 0.0047357 0.0047505 0.0047775 0.0047998 0.0048882 0.0048091 0.0047949 0.0047598 0.0047436 0.0046886 0.0045882 0.0044815 0.0045234 0.0045972 0.0047178 0.0045853 0.0044434 0.0045652 0.0045387 0.0046537 0.0047715 0.0048787 0.004788 0.0047985 0.0049121 0.0047985 0.004875 0.0049285 0.0049122 0.0048116 0.0047251 0.004898 0.0048921 0.0048428 0.004874 0.004967 0.005021 0.0049465
0.004963 0.0049437 0.0048148 0.0048173 0.0047956 0.0048298 0.0048815 0.0049255 0.0049643 0.0049739 0.0049698 0.0049596 0.0050063 0.0050194 0.0049551 0.0049872 0.0046497 0.0047514 0.0048495 0.004739 0.0047358 0.0046604 0.0046571 0.0046265 0.0045755 0.0044966 0.0044324 0.0043384 0.0042339 0.0041327 0.0040412 0.0039424 0.0038891 0.0038594 0.0038741 0.0038562 0.0036544 0.0037465 0.0036275 0.0036947 0.0038207 0.0039681 0.0040611 0.0041323 0.0042002 0.0042625 0.0043308 0.004396 0.0044686 0.004511 0.0045944 0.0045828 0.0045808 0.0044864 0.0042839 0.0043336 0.0044216 0.0044282 0.004419 0.0043251 0.0041449 0.0046542 0.0048665 0.0048832 0.0048111 0.0048621 0.0049245 0.0048383 0.0049268 0.0049203 0.0048783 0.0049863 0.0050171 0.0051143 0.005141 0.0051614 0.0050879 0.0051122 0.0050976 0.0051223 0.0051218 0.0051074 0.0051109 0.0051502 0.0050917 0.0050275 0.0050482 0.0050665 0.0050392 0.0047887 0.0049409 0.0048889 0.0049551 0.0049735 0.0049653 0.0048497 0.0048237 0.0050677 0.0048424 0.0046981 0.0047413 0.0046846 0.0046295 0.004585 0.0046671 0.0047776 0.0045749 0.0045616 0.0044791 0.0046428 0.0047136 0.0048337 0.004803 0.0047104 0.0047006 0.0047746 0.0049191 0.0049751 0.0050401 0.0050695 0.0051375 0.0051053 0.0051403 0.0051648 0.005166 0.0052125 0.0051584 0.0051037 0.0050919 0.0050656 0.0049942 0.0050099 0.0050439 0.0050603 0.0048821 0.0047451 0.0045704 0.0046241 0.0047344 0.0048112 0.0047541 0.0047026 0.0046178 0.0046593 0.0047449 0.0047734 0.0047932 0.0048168 0.0047464 0.0047298 0.0047101 0.0046912 0.0047436 0.0047042 0.0047262 0.0045783 0.0047144 0.0045883 0.0044829 0.0045765 0.0044728 0.0046978 0.0047594 0.0048259 0.0048283 0.0048724 0.004849 0.0048955 0.0048649 0.0050049 0.0048772 0.0050622 0.004869 0.0048861 0.0048993 0.0048838 0.0048389 0.0049909 0.005056 0.0049455
0.0048932 0.0049182 0.0048173 0.0048191 0.0048124 0.0048181 0.0049056 0.0050473 0.0049971 0.0049688 0.0049407 0.0049487 0.0049724 0.0049378 0.0049633 0.0049841 0.0048955 0.0048016 0.00481 0.0047508 0.0047016 0.004648 0.004632 0.0045883 0.0045354 0.0044731 0.0043647 0.0042364 0.0040968 0.0039862 0.0039053 0.0038161 0.0037632 0.0037555 0.0037908 0.0036719 0.0037135 0.0035451 0.0035807 0.0037036 0.0037984 0.0039046 0.0039725 0.0040425 0.0041226 0.0041813 0.0042676 0.0043313 0.0044018 0.0044617 0.0045019 0.0045574 0.0045699 0.0044649 0.0043343 0.0044185 0.004309 0.0043876 0.0043061 0.0042156 0.0042364 0.0043328 0.0048348 0.0048293 0.0048554 0.0048193 0.0049064 0.0049352 0.0049228 0.0049312 0.0049743 0.0049619 0.0050098 0.00506 0.0051474 0.0051816 0.0051395 0.0051175 0.0051383 0.0051458 0.0051326 0.0051255 0.0051177 0.0051454 0.0051294 0.0051475 0.0050701 0.0050746 0.0050373 0.0049575 0.0049269 0.0049568 0.0049901 0.0050087 0.0049152 0.0048739 0.0048305 0.0047394 0.0047258 0.00477 0.0047978 0.0048228 0.0045632 0.0046605 0.0047302 0.0047029 0.0047634 0.0045061 0.0044839 0.0046044 0.0047433 0.0046255 0.0047622 0.0047525 0.0047718 0.0048429 0.0048793 0.0049884 0.0049883 0.0050701 0.0050964 0.0051213 0.0050858 0.0051503 0.0051038 0.0050953 0.0051123 0.0048936 0.0049979 0.0049967 0.0049634 0.0049249 0.0050196 0.0048884 0.0047786 0.0047212 0.0044131 0.0044524 0.0046847 0.0046474 0.0047072 0.0047027 0.0046051 0.0045182 0.0047521 0.0047838 0.0047884 0.0047976 0.0048005 0.0047337 0.0046653 0.0045969 0.0045301 0.0046059 0.0048031 0.0046094 0.0046567 0.0046422 0.004507 0.0046979 0.0046645 0.0047145 0.004679 0.004677 0.0048334 0.0048695 0.0049267 0.004878 0.0048123 0.0049902 0.0050181 0.0049531 0.0049626 0.0050158 0.0049971 0.0048791 0.004787 0.0049145 0.0049184 0.0048614
0.0046988 0.0047819 0.0047855 0.0047387 0.0048435 0.0049079 0.0049899 0.0051117 0.0051048 0.0050375 0.005017 0.0049526 0.0049765 0.004972 0.0050083 0.0049693 0.0049313 0.0048842 0.0047681 0.0047483 0.0046996 0.0046339 0.0045917 0.0045188 0.0044702 0.0043975 0.0042924 0.0041089 0.0038912 0.003778 0.0037077 0.0036736 0.0036409 0.00367 0.0037246 0.0033649 0.0036404 0.003522 0.0035556 0.0036248 0.0036696 0.003761 0.0038342 0.0039073 0.0040003 0.004092 0.0041871 0.0042592 0.0043464 0.0044049 0.0044442 0.0044746 0.0045165 0.0045012 0.0043875 0.0042774 0.0042732 0.0042688 0.0043052 0.0042763 0.0041835 0.0045559 0.0047723 0.0047585 0.0048121 0.004857 0.0049437 0.0049567 0.0049706 0.0049209 0.0049583 0.0049997 0.0050559 0.0051257 0.0052075 0.0052119 0.0052005 0.0051238 0.0051541 0.0051531 0.0051844 0.0051449 0.0051332 0.005128 0.0051589 0.0051698 0.0051056 0.0050585 0.0050637 0.0050733 0.0050364 0.0050023 0.0050118 0.0049888 0.0048954 0.0049323 0.0048345 0.004799 0.0048603 0.004669 0.0047708 0.0047933 0.0046145 0.0047188 0.0045988 0.0046919 0.0045087 0.0044534 0.0045935 0.0046009 0.0045497 0.0046518 0.0046463 0.004701 0.0047348 0.0047911 0.0047924 0.0047781 0.0047949 0.0050151 0.0050531 0.0050597 0.0050735 0.0050721 0.0050414 0.0050302 0.0049387 0.0049374 0.0049571 0.0049315 0.004914 0.0047906 0.0047414 0.0048277 0.0047324 0.0046523 0.0045292 0.0044907 0.0046049 0.0046635 0.0047399 0.0047482 0.0048038 0.0048007 0.0047627 0.0047744 0.0047816 0.0047864 0.0047516 0.0047222 0.0047894 0.0046558 0.004536 0.0045641 0.0046767 0.0047164 0.0046837 0.0047384 0.0046008 0.0047122 0.0047416 0.0046893 0.0046604 0.0046379 0.0047913 0.0047941 0.0047598 0.0047425 0.0049151 0.0050034 0.0050548 0.0050808 0.0050932 0.0051258 0.005076 0.0050856 0.0050581 0.0050021 0.0050264 0.0047242
0.0047158 0.0047111 0.004756 0.0048469 0.0048533 0.0049157 0.0050596 0.005093 0.0050836 0.0050679 0.005039 0.0049821 0.0050008 0.004854 0.0049921 0.0050717 0.0049351 0.0049308 0.0048387 0.0047359 0.0046917 0.0046354 0.0045286 0.0044453 0.0043881 0.0043061 0.0041753 0.0038922 0.0036648 0.0035323 0.003511 0.003529 0.0035713 0.0036099 0.003536 0.0033925 0.0034816 0.003529 0.0034965 0.0034702 0.0034977 0.0035927 0.0036898 0.0037633 0.0038895 0.0039936 0.0040925 0.0041686 0.0042594 0.0043385 0.0043722 0.0044312 0.0044374 0.0044595 0.004363 0.004262 0.0041268 0.0041343 0.0042781 0.0042466 0.0041845 0.0045909 0.0047654 0.0046127 0.0047298 0.0052073 0.0054356 0.005174 0.0049475 0.0049861 0.0048822 0.0050006 0.0050443 0.0051102 0.0052089 0.0052013 0.0052079 0.0051251 0.0051634 0.0051345 0.0051595 0.0051493 0.0051515 0.0051501 0.0051551 0.0051483 0.0051236 0.0051228 0.0051158 0.0050778 0.0050082 0.0050184 0.005019 0.004995 0.0049393 0.0049445 0.0048411 0.0048552 0.0047667 0.0049269 0.004804 0.0047341 0.0046226 0.0046209 0.0046178 0.0046013 0.0046275 0.0044921 0.0046281 0.0046264 0.0046674 0.004613 0.0045641 0.0045574 0.0046423 0.0046601 0.0047084 0.0048663 0.0048865 0.0047669 0.0048988 0.004872 0.0049281 0.0049282 0.0049075 0.0050021 0.0049813 0.0049775 0.0049587 0.00492 0.0047853 0.0048199 0.0045245 0.0046218 0.0046591 0.0046155 0.0044644 0.0044706 0.0046193 0.0046874 0.0047652 0.0047745 0.0048069 0.0048315 0.0047798 0.004769 0.0047606 0.0047434 0.0047321 0.0046654 0.0047038 0.0046781 0.0045863 0.0046208 0.0045835 0.0046134 0.0046767 0.004737 0.0046795 0.0048235 0.0047378 0.0047271 0.0046691 0.0046181 0.0048713 0.0046309 0.0047161 0.0047879 0.004925 0.0050615 0.0050777 0.0051087 0.0051099 0.0051332 0.0051511 0.0050999 0.0051009 0.0050547 0.0051018 0.0049726
0.005029 0.0047236 0.0049444 0.0048834 0.0049623 0.0050051 0.0051523 0.0051291 0.0050573 0.0050703 0.0050695 0.0049904 0.0049481 0.0049615 0.0049988 0.0050641 0.0047468 0.0049468 0.0050066 0.0047704 0.0047099 0.0046233 0.0045408 0.0044546 0.0043437 0.0042063 0.0039819 0.0036304 0.0033028 0.0032097 0.0033045 0.003431 0.0034715 0.0035329 0.0035673 0.0035526 0.0035963 0.0036032 0.003443 0.003368 0.0033615 0.0034915 0.0035753 0.0036558 0.0037804 0.003925 0.0040291 0.0041088 0.0041648 0.0042081 0.004214 0.0043241 0.0043774 0.0043799 0.0042913 0.0042591 0.0041565 0.0044394 0.0042287 0.0044799 0.0046146 0.0051725 0.0052672 0.0053735 0.0055626 0.005484 0.0053351 0.0055544 0.0055395 0.0050119 0.0049862 0.0050839 0.0050702 0.0050911 0.0051746 0.0051719 0.0051935 0.0051702 0.0051528 0.0051454 0.0051516 0.0051534 0.005147 0.0051689 0.0051459 0.0051389 0.0051404 0.0051197 0.0051048 0.0050913 0.005105 0.0050673 0.0050463 0.0049769 0.0049411 0.0049445 0.0049191 0.0048666 0.004735 0.0048648 0.0046911 0.0047219 0.0046836 0.0045911 0.0046222 0.0045456 0.0045841 0.0045754 0.0045348 0.0045558 0.0046713 0.0045352 0.004488 0.0044819 0.0045069 0.0044188 0.0046609 0.0048613 0.0048709 0.0048764 0.0047645 0.0048795 0.0048732 0.0048472 0.0049174 0.0049554 0.004962 0.0049958 0.0048654 0.0047755 0.0047244 0.0044923 0.0044695 0.0044824 0.0045641 0.0045246 0.0044604 0.0045097 0.0045251 0.004644 0.0047271 0.0047873 0.0047769 0.0047823 0.0048126 0.0047832 0.0047304 0.0047544 0.0046724 0.0047348 0.0046693 0.0047352 0.004567 0.0044874 0.004739 0.0047875 0.0046132 0.0047883 0.0047969 0.0047282 0.0047448 0.0047158 0.0046201 0.0046802 0.0047991 0.0048322 0.0047989 0.0048076 0.0048731 0.0050846 0.0051255 0.0052007 0.0051646 0.0051523 0.0051066 0.0051684 0.0051305 0.0051957 0.0049673 0.0050013
0.005063 0.0050418 0.0049832 0.0049179 0.0049673 0.0050517 0.005113 0.0051535 0.0051341 0.00515 0.005118 0.0050466 0.0050207 0.0050511 0.0050461 0.0050603 0.0049645 0.0049527 0.004918 0.0048314 0.004749 0.0046439 0.0045527 0.0044548 0.004316 0.0041421 0.003886 0.0034126 0.0029618 0.0028828 0.0031022 0.0033303 0.0034081 0.0034306 0.0034504 0.0036116 0.003554 0.0035441 0.0034072 0.0033469 0.0033568 0.0036436 0.0034668 0.003584 0.0037135 0.003841 0.0039701 0.0040511 0.004114 0.0041602 0.0041739 0.004375 0.0042165 0.0046427 0.0052323 0.0051677 0.0051783 0.0048883 0.0053998 0.0056228 0.0052028 0.0046061 0.0045842 0.0046535 0.0052322 0.0052786 0.0051766 0.0051799 0.0048571 0.0053944 0.0050849 0.0050511 0.0050928 0.0051215 0.0051333 0.0051721 0.0051613 0.0051921 0.0052155 0.0051616 0.005156 0.0051571 0.0051533 0.0051534 0.0051308 0.0051377 0.0051527 0.0051289 0.0051016 0.0051359 0.005113 0.0050983 0.0050662 0.0050183 0.0050781 0.0049885 0.0049459 0.0048861 0.0048461 0.0048471 0.0048366 0.0047634 0.00466 0.0046041 0.0045501 0.0046892 0.0045617 0.0045543 0.0045205 0.0044998 0.0045107 0.0045506 0.0044397 0.0045445 0.0045131 0.0045792 0.0045802 0.0047909 0.004838 0.0048055 0.004819 0.0048833 0.0048441 0.0048428 0.0047686 0.0048856 0.0049024 0.0049086 0.0048576 0.0048051 0.0045389 0.0044749 0.0043902 0.0045399 0.0044988 0.0045574 0.0044479 0.0044971 0.0046786 0.0046872 0.0048129 0.0047842 0.0048167 0.0047947 0.0048102 0.0047914 0.0046979 0.0046541 0.0046386 0.0046594 0.0046468 0.0045886 0.0047003 0.0045706 0.0047987 0.0047937 0.0046635 0.0046682 0.0047574 0.004786 0.0047133 0.0047425 0.0046408 0.0046046 0.0046957 0.0049262 0.0049367 0.0049758 0.0050464 0.005131 0.0051568 0.0051802 0.0051874 0.0051783 0.0051731 0.0051884 0.0052028 0.0051779 0.005201 0.0051761
0.0051975 0.0051623 0.0052064 0.0052106 0.0050958 0.0050877 0.0051222 0.0051606 0.0051364 0.0051384 0.0051176 0.0051092 0.0051149 0.0050632 0.0050914 0.0050772 0.00506 0.0049943 0.0049542 0.0048757 0.0047807 0.0047027 0.0045719 0.0044545 0.0042759 0.00411 0.0038764 0.0034622 0.002974 0.0027041 0.0028282 0.0033261 0.0033853 0.0033883 0.0033685 0.0035173 0.0034992 0.0034318 0.003327 0.0032758 0.0033782 0.003458 0.0034447 0.0035663 0.0036736 0.0037802 0.0039601 0.0040146 0.0040698 0.0041313 0.0040994 0.0042845 0.0051148 0.0051933 0.0057272 0.0057639 0.0050823 0.0039714 0.0039133 0.0041993 0.0043866 0.0044458 0.0045306 0.0045934 0.0047205 0.0046903 0.0047445 0.0050845 0.004943 0.0049637 0.0055188 0.005146 0.0055299 0.0051808 0.0051484 0.0052159 0.0052184 0.0051839 0.005204 0.0052096 0.0051643 0.0051649 0.0051702 0.0051586 0.005163 0.0051547 0.0051764 0.0051443 0.0051521 0.0051266 0.0051268 0.0051477 0.0050755 0.0050491 0.0050096 0.0050051 0.0050185 0.0049471 0.0046248 0.0047311 0.0048484 0.0048651 0.0047349 0.004667 0.0046386 0.0045495 0.0045384 0.0045599 0.0044981 0.0045092 0.0046361 0.0045406 0.0045658 0.0044869 0.004555 0.0045946 0.0045785 0.0046401 0.0047406 0.0046854 0.0047248 0.0047941 0.0047832 0.0047595 0.0046761 0.0048855 0.0048598 0.0049226 0.0048591 0.0048513 0.0047827 0.0045715 0.0044175 0.0044772 0.0044637 0.0046164 0.0045173 0.0046397 0.0047334 0.0047411 0.0048482 0.004827 0.004787 0.0048109 0.004817 0.0048081 0.0047752 0.0047898 0.0047197 0.0047133 0.0046812 0.0045776 0.0044727 0.0046028 0.0045854 0.0046558 0.0047611 0.004789 0.0047245 0.0048446 0.0047678 0.0048909 0.0049538 0.0048774 0.0049218 0.0051243 0.0049597 0.0050428 0.0050838 0.0051481 0.0051666 0.005172 0.0052047 0.005195 0.0052124 0.0052269 0.0052282 0.0051602 0.0051779 0.0051448
0.0051147 0.0051448 0.0051397 0.0051808 0.0052094 0.0051164 0.0051632 0.0051364 0.0051642 0.005175 0.0051364 0.005148 0.00512 0.0051081 0.0051098 0.0050774 0.0050779 0.0050309 0.004994 0.0049089 0.0048419 0.0047253 0.0046288 0.0044883 0.0043355 0.0041483 0.0039331 0.0037318 0.0030418 0.0026292 0.0026291 0.0031055 0.003357 0.003358 0.0033737 0.0033474 0.0034436 0.0033925 0.003401 0.0033304 0.0033606 0.0035071 0.003931 0.0043641 0.0040592 0.0037956 0.0039465 0.0041039 0.0040889 0.0042022 0.0051612 0.0052817 0.0052638 0.0056725 0.0051864 0.0040892 0.0038559 0.0044726 0.0040282 0.0043673 0.0044414 0.0044868 0.0046925 0.0046455 0.0047704 0.0048242 0.0051441 0.0049818 0.0052396 0.0050496 0.005543 0.0055494 0.0056426 0.0053707 0.0052907 0.0052217 0.0051659 0.0051912 0.0051953 0.0052857 0.0052102 0.0051616 0.0051762 0.0051795 0.0051727 0.0051764 0.0051959 0.005151 0.0051561 0.0051561 0.0051743 0.0051065 0.0051057 0.0050945 0.005047 0.0049921 0.0050083 0.0049585 0.0048097 0.0047846 0.0048604 0.004817 0.0047028 0.0047463 0.0047351 0.004627 0.0045459 0.0046435 0.0049361 0.0050045 0.0045698 0.0046755 0.0046044 0.0046335 0.0046187 0.00458 0.0045868 0.0046122 0.0046826 0.0046992 0.0047036 0.0046445 0.0047025 0.0046542 0.0046447 0.0046759 0.0047516 0.0048439 0.0048593 0.0048587 0.0047708 0.0046674 0.0044255 0.0046504 0.0046538 0.0044953 0.0047253 0.0047922 0.0046384 0.0047594 0.0048445 0.0048553 0.0048912 0.004843 0.0048437 0.0047908 0.0047679 0.00487 0.0048443 0.004742 0.004538 0.0046017 0.0044769 0.0046814 0.0047922 0.0047496 0.0048062 0.004908 0.004807 0.0048727 0.0049672 0.0051229 0.005159 0.0050955 0.0050878 0.0051591 0.0051542 0.0051367 0.005162 0.0051675 0.0051822 0.0051985 0.0052164 0.0052988 0.0052541 0.0052473 0.0051655 0.0048643 0.0051744 0.0051588
0.0051669 0.0051611 0.0051491 0.005149 0.0052665 0.0052291 0.0051791 0.005187 0.0052342 0.0052006 0.0051869 0.0051603 0.0051408 0.005137 0.0051347 0.0051426 0.0051315 0.0050784 0.0050278 0.0049645 0.0048828 0.0047806 0.0046816 0.0045275 0.0043762 0.0042326 0.0040561 0.0039028 0.0031648 0.0026962 0.002778 0.003002 0.0032857 0.0033399 0.0033775 0.0034267 0.0033283 0.0033323 0.0034296 0.0033334 0.0041713 0.004247 0.0035655 0.0046187 0.0044397 0.0045804 0.0045767 0.0051056 0.0051225 0.0049374 0.0044791 0.0040088 0.0048047 0.0055333 0.0051346 0.0051685 0.0052046 0.0046306 0.0043203 0.0044938 0.0045313 0.0045412 0.0046271 0.0046773 0.005023 0.0051968 0.0052163 0.005175 0.0048461 0.0048933 0.0051962 0.0055765 0.0055434 0.0053926 0.0054912 0.0053709 0.0052756 0.0051766 0.0051728 0.0051951 0.0052028 0.0051883 0.0051944 0.0051699 0.005178 0.0051676 0.0051528 0.0051402 0.0051345 0.0051449 0.005136 0.00515 0.0051052 0.0050933 0.0050894 0.0050986 0.0050991 0.0050043 0.0048874 0.0049263 0.0047055 0.0046919 0.004737 0.0047494 0.0045615 0.0046882 0.0047292 0.0046471 0.0046412 0.0046528 0.0047092 0.0047011 0.0047418 0.0045532 0.0045761 0.0045805 0.0045783 0.0047193 0.0047329 0.0046831 0.004586 0.0045358 0.0045696 0.0045033 0.0046208 0.0047582 0.0046987 0.0047417 0.0048549 0.0048567 0.0048278 0.0047978 0.0045273 0.0045021 0.0046186 0.0046893 0.0046945 0.0047241 0.0046881 0.0047852 0.0048577 0.0048445 0.0049167 0.0049064 0.0048934 0.0049063 0.0049364 0.0049334 0.0049256 0.004984 0.0044824 0.0044431 0.0044896 0.0046815 0.004561 0.0048899 0.0051214 0.0050335 0.005044 0.0050349 0.0051236 0.0051575 0.0051474 0.0051311 0.0051856 0.0052154 0.0051903 0.005211 0.0052147 0.0052096 0.005214 0.0052123 0.0052318 0.0052648 0.0052987 0.0053009 0.0052281 0.0051991 0.0051893 0.0051681
0.0051746 0.0051867 0.0051993 0.0051937 0.0051703 0.0052772 0.005264 0.0052607 0.0052861 0.0052109 0.005185 0.0051365 0.0051557 0.0051693 0.005189 0.0052029 0.0052026 0.0051646 0.0050543 0.0050499 0.0049633 0.0048761 0.0047675 0.0046169 0.0044833 0.0043341 0.0041867 0.0039556 0.0036625 0.0032967 0.0030416 0.0030847 0.0032872 0.0033162 0.0033967 0.0034556 0.0034507 0.0036905 0.0035169 0.0033746 0.0034545 0.0035262 0.0036333 0.0047941 0.0043032 0.0049175 0.004389 0.0046172 0.0043002 0.0040831 0.0039649 0.0048122 0.0051059 0.0051348 0.0050567 0.0041045 0.0042057 0.0045356 0.0051344 0.005147 0.0046008 0.0046435 0.0046795 0.0046922 0.0048796 0.0047809 0.0049633 0.0048544 0.0048735 0.0049421 0.0050571 0.0051524 0.005315 0.0051247 0.0051205 0.0053141 0.0053991 0.0053232 0.0051491 0.0051675 0.0052684 0.0052197 0.005211 0.0051939 0.0051856 0.0051663 0.0051478 0.0051496 0.0051659 0.0051522 0.0051393 0.0051303 0.005143 0.0050897 0.0050908 0.0051095 0.0050995 0.0050941 0.0050377 0.0050555 0.0048902 0.0046416 0.0046914 0.0047402 0.0048239 0.0047461 0.0047156 0.0046958 0.004728 0.0046803 0.0048312 0.0048507 0.00481 0.0046098 0.0045621 0.0045804 0.0045131 0.0045739 0.0045054 0.004659 0.0045774 0.004671 0.004599 0.0046053 0.0046742 0.0046195 0.0047946 0.0046771 0.0048255 0.0048412 0.0048012 0.0046582 0.0046908 0.0045481 0.0046815 0.0047211 0.0048175 0.0047857 0.0048126 0.0048471 0.0048193 0.0048826 0.0049954 0.0050075 0.0049722 0.0049557 0.0050832 0.0050353 0.0049408 0.0048857 0.0047437 0.0046247 0.0048422 0.0048098 0.0047849 0.0049218 0.005195 0.0051278 0.0054255 0.005199 0.005173 0.0051442 0.0051455 0.0051934 0.0051938 0.0052421 0.0052442 0.0052314 0.0052313 0.005245 0.0052536 0.0052487 0.0052854 0.0052824 0.0052816 0.0052936 0.0052998 0.005256 0.0052193 0.0051936
0.0051958 0.0051903 0.0052168 0.0052221 0.0052029 0.0053428 0.0053463 0.0053107 0.0052371 0.005262 0.0051625 0.0050938 0.0051926 0.0052788 0.0052657 0.0052951 0.0051526 0.0050619 0.0051622 0.0051177 0.0050696 0.0049556 0.0049229 0.0047771 0.0046054 0.0044532 0.0043116 0.0040713 0.0038938 0.0035788 0.0033567 0.0033165 0.0032544 0.0032478 0.0034192 0.0035192 0.0035977 0.0036403 0.0036506 0.0035503 0.0035042 0.0036409 0.003735 0.0039587 0.0040362 0.0040499 0.0042172 0.0042277 0.0041806 0.0041001 0.0040316 0.0039745 0.0041055 0.0048256 0.0046668 0.0042483 0.004415 0.0045565 0.0046487 0.0052258 0.0045983 0.004788 0.0047792 0.0048558 0.0048722 0.0049007 0.0051149 0.0049767 0.0050081 0.0050704 0.005105 0.0051291 0.0055561 0.0051728 0.0051617 0.0052737 0.0052246 0.0052474 0.0051854 0.0051932 0.0052133 0.0052131 0.005268 0.0052204 0.0051899 0.0051765 0.0051868 0.0051679 0.0051659 0.0051597 0.0051526 0.0051383 0.0051272 0.0051214 0.0051039 0.0050977 0.0050229 0.0050963 0.005095 0.0051016 0.0049452 0.0048079 0.0047459 0.0047895 0.004863 0.004743 0.0047747 0.0048233 0.0048052 0.0048062 0.0048668 0.0048679 0.0047954 0.0047138 0.0046618 0.0045387 0.0044587 0.0047949 0.0047456 0.0046739 0.0046496 0.0046852 0.0046385 0.0047512 0.0045924 0.0046876 0.0046236 0.0048047 0.0048191 0.0048762 0.0047671 0.004805 0.0047771 0.0047443 0.0048455 0.0050156 0.0047593 0.0049227 0.0048889 0.0048219 0.0048865 0.0049049 0.0050571 0.0050575 0.0049797 0.0051049 0.0050774 0.004995 0.0049263 0.0048586 0.004723 0.0047716 0.0047444 0.0047954 0.0048578 0.005044 0.0051954 0.0051961 0.0052024 0.0051646 0.0052094 0.0051977 0.0051935 0.0051854 0.0052062 0.0052481 0.0052249 0.0051952 0.005282 0.0052908 0.0052831 0.0053049 0.0053153 0.0053249 0.0053226 0.0053248 0.0053097 0.0052872 0.0052342 0.0052263
0.0052379 0.005227 0.0052352 0.0052638 0.0052796 0.0053506 0.0053545 0.0052983 0.0052739 0.0051959 0.0051475 0.0050711 0.0052059 0.0052698 0.0053359 0.005222 0.0051639 0.0051956 0.0051835 0.0051235 0.0051021 0.0050591 0.0050045 0.0048971 0.0047523 0.0045435 0.0043727 0.0041819 0.0040018 0.003817 0.0035673 0.0034349 0.0031445 0.002881 0.0034695 0.0035709 0.0036361 0.0037024 0.0037433 0.0037528 0.0037647 0.0039798 0.004073 0.0041555 0.0042242 0.0043744 0.0044593 0.0045193 0.0045897 0.0046517 0.0045596 0.0048436 0.0052446 0.0042542 0.0042884 0.0043676 0.0045945 0.0046856 0.0047117 0.0050213 0.004801 0.0048675 0.0048791 0.0048726 0.0049287 0.0049522 0.0049487 0.0051163 0.0051273 0.0051161 0.0052138 0.0051376 0.0054323 0.0054642 0.0052055 0.0052067 0.0051896 0.0051951 0.0052018 0.0052304 0.0053111 0.0052747 0.0052512 0.0051986 0.0052044 0.0051996 0.0051846 0.0051677 0.0051571 0.0051528 0.0051576 0.0051682 0.0051416 0.0051349 0.0051104 0.005099 0.0050013 0.005093 0.0050909 0.005098 0.0049527 0.0049064 0.0048606 0.0048084 0.0048668 0.0048457 0.0048321 0.0048769 0.0048892 0.0049044 0.0049363 0.0049292 0.0047589 0.0046947 0.0046869 0.0045985 0.0045164 0.0047999 0.0047447 0.0047347 0.0047431 0.0046359 0.0046594 0.0046036 0.0047027 0.0047209 0.00477 0.0048086 0.0049538 0.0049157 0.0048326 0.0047159 0.0048252 0.0048587 0.005008 0.0049941 0.0049428 0.0051057 0.0049049 0.004864 0.004917 0.0049524 0.0050723 0.0050804 0.0050888 0.0051124 0.0050968 0.0049193 0.0049737 0.0048646 0.0048356 0.0048586 0.0050109 0.0050234 0.005086 0.0051923 0.0052317 0.0052577 0.0052266 0.0052212 0.0052772 0.0052497 0.005211 0.0052077 0.0052523 0.0052322 0.0051911 0.0052312 0.0052764 0.0052973 0.005304 0.0053106 0.0053128 0.0053272 0.0053319 0.0053273 0.0052966 0.0052995 0.0052688 0.0052462
0.0052523 0.0052304 0.0052634 0.0053166 0.0052962 0.0053218 0.0053563 0.0053951 0.005282 0.0052166 0.0051583 0.0051606 0.0052478 0.0053355 0.0053397 0.0052754 0.0052376 0.005215 0.0051188 0.0051666 0.0051282 0.005128 0.0050148 0.004844 0.0047019 0.0046582 0.0044798 0.0042359 0.0040259 0.0039534 0.0038454 0.0037111 0.0032234 0.0027783 0.0029174 0.0036432 0.0036806 0.0037128 0.0037931 0.0038784 0.0039843 0.0040701 0.0041342 0.0042208 0.0043288 0.0044664 0.0045558 0.004653 0.0047979 0.0049118 0.0045246 0.004237 0.0041876 0.004294 0.0043797 0.0045449 0.0046683 0.0047841 0.0048027 0.0049188 0.0048576 0.0049091 0.0050479 0.004909 0.0049404 0.0049724 0.0049415 0.0051727 0.0050563 0.0051048 0.0051522 0.0053806 0.0056993 0.0056663 0.0051712 0.0051898 0.0051927 0.0052019 0.0051744 0.0053306 0.005176 0.0053172 0.0052222 0.0051917 0.0052221 0.0052141 0.0051879 0.0051656 0.0051752 0.0051564 0.0051537 0.0051633 0.0051463 0.0051449 0.0051384 0.0051074 0.0050953 0.0050364 0.005043 0.0050051 0.0049981 0.0050103 0.0049599 0.0050198 0.0048833 0.0048274 0.0048435 0.0049674 0.0049312 0.0049235 0.0049242 0.0048167 0.0048603 0.0048158 0.0047061 0.004656 0.0047453 0.0047422 0.0046629 0.0047765 0.0047246 0.0046835 0.004708 0.0047171 0.004715 0.0047457 0.0047953 0.0048629 0.0048785 0.0049269 0.0050271 0.0049858 0.0050752 0.0050696 0.0050894 0.0050734 0.0050219 0.0050106 0.0050522 0.0049933 0.0050772 0.0050879 0.0051267 0.0051239 0.0051338 0.0050894 0.0049838 0.0049696 0.004984 0.0049138 0.004973 0.0050593 0.0051602 0.0051797 0.0051858 0.0051963 0.005235 0.0052621 0.0052479 0.0052744 0.0052522 0.0052523 0.0052342 0.0052662 0.005259 0.005237 0.0052128 0.0052655 0.0052855 0.0052948 0.005306 0.0053155 0.0053161 0.0053229 0.0053263 0.0053266 0.0053301 0.005315 0.0053003 0.0052797
0.0053333 0.0053128 0.005323 0.0053459 0.0053736 0.0053868 0.0053765 0.0053555 0.0053305 0.0052182 0.0051976 0.0052059 0.0053482 0.0053797 0.0053722 0.0053245 0.0052906 0.0051707 0.0051577 0.0051941 0.0051726 0.0050851 0.0049676 0.0047946 0.004617 0.0048153 0.0046159 0.0040874 0.0040337 0.0040607 0.0040246 0.0040603 0.003936 0.0031668 0.0034845 0.0037162 0.003658 0.0036866 0.0038114 0.00393 0.0040389 0.0041008 0.0041529 0.0041476 0.0044403 0.004561 0.0046958 0.0047831 0.0048687 0.0050348 0.0050429 0.0046778 0.0045133 0.004578 0.0046823 0.0047756 0.0048349 0.0048646 0.004885 0.0049586 0.0049477 0.0049127 0.0048479 0.0050602 0.0050856 0.0050087 0.0050375 0.005111 0.0051197 0.0051506 0.0051635 0.0051824 0.0055036 0.0055571 0.0054077 0.005314 0.0053443 0.0052977 0.0052617 0.005261 0.0051995 0.0051864 0.0052252 0.0052036 0.0051923 0.0052253 0.0051814 0.0051581 0.0051682 0.0051664 0.0051758 0.0051642 0.0051579 0.0051465 0.0051354 0.0051118 0.005107 0.0050701 0.0050916 0.0050616 0.0050609 0.005061 0.0050585 0.0050148 0.0050156 0.0048814 0.0049482 0.0050326 0.0050943 0.0049155 0.0049452 0.0048801 0.0047801 0.0047705 0.0047324 0.0048434 0.0047906 0.0047893 0.0047076 0.0047861 0.0047414 0.0047038 0.0046974 0.0047341 0.0047397 0.0047618 0.0048269 0.0048671 0.0049308 0.0049598 0.0051152 0.0051629 0.0051919 0.0052084 0.0052655 0.0052019 0.0051014 0.0050838 0.0050558 0.0051024 0.0051079 0.0051331 0.0051465 0.0051308 0.0051229 0.0050533 0.0050424 0.0050116 0.0049836 0.0049143 0.0050926 0.0051941 0.0051841 0.0051682 0.0051765 0.0052292 0.0052484 0.0052669 0.0052736 0.0052879 0.0052448 0.005285 0.0052692 0.0052805 0.005274 0.0052474 0.005258 0.0052801 0.0052881 0.0052936 0.0052966 0.0053104 0.0053167 0.0053189 0.0053181 0.0053246 0.0053291 0.0053339 0.0053384 0.0053414
0.0053302 0.0053539 0.005414 0.0053558 0.0053973 0.0054016 0.0053845 0.0053773 0.005353 0.0052809 0.0052514 0.0052373 0.0053838 0.0054162 0.0054166 0.005382 0.0052373 0.0051524 0.0052299 0.0052112 0.0051553 0.0050063 0.0048641 0.0047539 0.0048303 0.0048588 0.0047967 0.004458 0.0040639 0.004038 0.0040953 0.0042089 0.0042801 0.0041929 0.0039593 0.0038009 0.0036155 0.0035717 0.003846 0.0040013 0.0041085 0.0041677 0.0041981 0.004133 0.0044978 0.0047121 0.0048132 0.0048827 0.0049726 0.0050869 0.0051206 0.0048031 0.0047967 0.0048746 0.0049235 0.0049706 0.0049569 0.0049669 0.0049788 0.005014 0.0050727 0.004985 0.0048973 0.0049408 0.0049997 0.0050826 0.0051158 0.0051293 0.0051357 0.0051701 0.0052117 0.0054224 0.0052149 0.0053164 0.0055355 0.0054153 0.0052896 0.0052123 0.0051977 0.0052018 0.0051831 0.0052082 0.0051906 0.0052019 0.0052314 0.0051988 0.0051932 0.0051644 0.0051718 0.0051647 0.0051596 0.0051616 0.0051353 0.00513 0.0051256 0.0051226 0.0051178 0.0051197 0.0051018 0.0050668 0.0050677 0.0050625 0.0050461 0.0050589 0.0050428 0.0050363 0.0050474 0.0050276 0.0050443 0.0048753 0.0049152 0.0047188 0.0047701 0.0047407 0.0047965 0.0047523 0.0047607 0.0047996 0.0047799 0.0047771 0.0047432 0.0047118 0.0046849 0.0047006 0.0048495 0.0047835 0.0048229 0.0048965 0.0049739 0.0050634 0.0051611 0.0055023 0.0055497 0.0055509 0.0055358 0.0054708 0.0053328 0.0051776 0.0051522 0.0051443 0.0051391 0.0051647 0.0051513 0.0051239 0.0051291 0.0050718 0.0050402 0.0050479 0.0049437 0.0049647 0.0051911 0.0051823 0.0051983 0.0052028 0.0052162 0.0052223 0.0052566 0.0052719 0.0052846 0.0052871 0.0052797 0.0052729 0.0052827 0.0052817 0.0052825 0.0052812 0.0052811 0.0052783 0.005288 0.0052892 0.0052892 0.0053002 0.0053077 0.005312 0.0053152 0.0053233 0.0053304 0.0053341 0.0053397 0.0053477
0.0053427 0.0053579 0.0053705 0.0053761 0.0053969 0.0054033 0.0054009 0.0053956 0.0053783 0.0053274 0.0052761 0.0053374 0.0054206 0.0054435 0.0054504 0.0053913 0.0052203 0.0052837 0.0052691 0.0052154 0.0051222 0.0050302 0.0050493 0.0049971 0.004961 0.0049479 0.0048658 0.0046504 0.0039588 0.0040014 0.0040951 0.0043153 0.0043917 0.0043239 0.0041525 0.0039149 0.0033982 0.0033943 0.0039699 0.0040965 0.0041741 0.004223 0.0042564 0.0043295 0.004647 0.0047541 0.0048387 0.0049267 0.0050046 0.0050749 0.0051246 0.0051318 0.0049561 0.0049485 0.0049475 0.0049567 0.0049907 0.005022 0.0050486 0.0050686 0.0050793 0.0050416 0.004944 0.0050389 0.0051038 0.0051216 0.0051462 0.0051563 0.0051632 0.0051866 0.0052278 0.0054378 0.0055806 0.005433 0.0055312 0.0052233 0.0052135 0.005203 0.0052761 0.0052948 0.0052623 0.0052019 0.0052093 0.005218 0.0052 0.0051782 0.0051792 0.0051632 0.0051733 0.0051559 0.0051639 0.0051569 0.0051531 0.0051635 0.0051241 0.0051136 0.0051018 0.0051239 0.0050885 0.0050443 0.0050443 0.0050545 0.005071 0.005049 0.0050364 0.0050725 0.0049871 0.0051032 0.0050456 0.0050591 0.0049735 0.0048707 0.0048351 0.0047108 0.0047387 0.0047671 0.0047417 0.0047803 0.004782 0.0047909 0.0047337 0.0047513 0.0046919 0.0048359 0.0049383 0.0047601 0.0048267 0.0049176 0.0050639 0.0051814 0.0054776 0.0055861 0.0055685 0.0055616 0.0055595 0.0055322 0.0055187 0.0053891 0.0051836 0.0051798 0.0051869 0.0051707 0.0051403 0.0051473 0.0050733 0.0050181 0.0050388 0.0050957 0.005053 0.0050483 0.005179 0.0052112 0.0052203 0.0052352 0.0052496 0.0052406 0.0052771 0.0052876 0.0052777 0.0052888 0.0052938 0.005277 0.0052818 0.0052796 0.0052856 0.0052849 0.0052797 0.0052793 0.0052774 0.0052787 0.0052822 0.0052719 0.0052977 0.005308 0.0053036 0.0053239 0.0053353 0.0053415 0.0053452 0.0053523
0.0053606 0.0053854 0.0053408 0.005355 0.0054056 0.0054017 0.0054053 0.0053967 0.0054202 0.0053475 0.0052994 0.0054035 0.0054547 0.0054687 0.0054596 0.0053449 0.0052877 0.0053434 0.0052614 0.0051751 0.0051603 0.0051325 0.0051184 0.0050933 0.005058 0.0049987 0.0049268 0.0046872 0.0041069 0.0040809 0.0042385 0.0044705 0.0044668 0.0045269 0.0044001 0.004034 0.0032638 0.0029284 0.0037926 0.0041756 0.0042197 0.0042817 0.0043454 0.004451 0.0046255 0.0047575 0.0048571 0.0049496 0.0050105 0.0050812 0.0051259 0.0051342 0.0051109 0.0050023 0.0049883 0.0049907 0.0050175 0.0050479 0.0050692 0.0050943 0.0051154 0.0051008 0.0050764 0.0050889 0.0051089 0.0051525 0.0051885 0.0051933 0.0052008 0.0052508 0.0054318 0.0054555 0.005421 0.0055629 0.0052644 0.0052572 0.0052705 0.0052515 0.0053004 0.0052151 0.0052158 0.0052067 0.0051996 0.00521 0.0052192 0.0051979 0.0051881 0.0052038 0.0051875 0.0051895 0.0051679 0.0051606 0.0051473 0.0051548 0.0051385 0.0051658 0.0051241 0.0051037 0.0050948 0.0051063 0.005104 0.0050239 0.0049777 0.0049601 0.0050614 0.0050852 0.0050957 0.0050173 0.0050011 0.0049671 0.004953 0.004957 0.004911 0.0049503 0.0048736 0.0048034 0.0047658 0.0047772 0.0047775 0.0047067 0.0047572 0.0047388 0.0046618 0.0049905 0.0047909 0.0047603 0.0048617 0.0049778 0.0051125 0.0052741 0.0055249 0.0055985 0.0056015 0.0055926 0.0055721 0.0055557 0.0055376 0.0054813 0.0053455 0.0052487 0.0052124 0.0052112 0.005139 0.005109 0.0051061 0.0050933 0.0051415 0.0051633 0.0051482 0.00515 0.0051996 0.0052365 0.0052653 0.0052353 0.0052744 0.0052951 0.0052799 0.0052772 0.005264 0.0052673 0.0053378 0.0052541 0.0052482 0.005259 0.0052747 0.0052827 0.0052636 0.0052705 0.0052552 0.0052599 0.0052607 0.0052921 0.0052955 0.0053091 0.0052977 0.0053226 0.0053349 0.0053446 0.0053518 0.0053511
0.0053756 0.0053732 0.0053713 0.0053709 0.0054214 0.0054225 0.0054359 0.0054277 0.0054635 0.0054414 0.0054087 0.0054832 0.0054942 0.0054852 0.0054711 0.0054545 0.0053535 0.0053579 0.0052596 0.0051964 0.0051766 0.0051619 0.005132 0.0050973 0.0050508 0.005005 0.0049018 0.0046792 0.004468 0.0045518 0.0045351 0.004533 0.0045407 0.0045454 0.0045758 0.004542 0.0034083 0.0026285 0.00271 0.0041711 0.0042631 0.0043304 0.0044095 0.0045115 0.0046262 0.0047717 0.0048942 0.0049682 0.0050389 0.0050801 0.0051183 0.0051376 0.0051332 0.0050419 0.0050214 0.0050188 0.005043 0.0050707 0.0050849 0.0051049 0.0051216 0.0050876 0.0050724 0.0051308 0.005157 0.0051801 0.0052243 0.0052556 0.005289 0.005265 0.0055603 0.0054942 0.0052585 0.0055758 0.0054237 0.0052507 0.0054534 0.0052308 0.005214 0.0052399 0.0052105 0.0052025 0.00519 0.0051834 0.0051986 0.0052045 0.0052198 0.005204 0.0051972 0.0051899 0.0051694 0.0051636 0.0051654 0.005165 0.0051765 0.0051384 0.0051609 0.0051036 0.0051135 0.0051214 0.0051053 0.0050996 0.0050543 0.0049696 0.0050828 0.0050693 0.0051642 0.0050665 0.0051206 0.0049512 0.0049994 0.0049888 0.0049772 0.0050149 0.0049521 0.0048387 0.0047647 0.0048301 0.0048827 0.0047474 0.0047961 0.0047707 0.0047152 0.0046837 0.0047312 0.0048449 0.0049356 0.0050398 0.0051617 0.005329 0.0055976 0.0056128 0.0056245 0.0055951 0.00556 0.0055572 0.0055237 0.0055015 0.0053992 0.0052794 0.005243 0.0051465 0.0051689 0.0051532 0.0051302 0.0051734 0.0052023 0.0052199 0.0052194 0.0052267 0.0052498 0.0052809 0.005317 0.005324 0.005295 0.0053101 0.005293 0.0052926 0.0052579 0.0052425 0.0052245 0.005207 0.0052125 0.0052185 0.0052296 0.0052382 0.0052409 0.0052404 0.0052448 0.0052908 0.0051972 0.0052652 0.0052894 0.0052905 0.0052911 0.0053345 0.0053418 0.0053384 0.0052672 0.0053491
0.0053524 0.0053891 0.0053068 0.0053047 0.0054193 0.0054132 0.0054441 0.005462 0.0054732 0.0054861 0.0055038 0.0055222 0.0055195 0.0055126 0.0055022 0.0054618 0.0054222 0.0053426 0.0051911 0.0051991 0.0051841 0.00515 0.0051253 0.0051024 0.0050441 0.0049791 0.0049076 0.0048129 0.0046119 0.0046121 0.0045796 0.0045767 0.0045771 0.0046052 0.0046578 0.0047003 0.0045113 0.0027532 0.0029306 0.0039395 0.0042083 0.0043926 0.0044945 0.0045674 0.003789 0.0048401 0.0049329 0.0049959 0.0050516 0.0050802 0.0051238 0.0051355 0.0051385 0.005057 0.0050431 0.005054 0.0050736 0.005091 0.0051019 0.0051141 0.0051191 0.0051273 0.0051467 0.0051297 0.0051747 0.0052398 0.0052782 0.0053186 0.0053406 0.0055046 0.0055401 0.0054974 0.0053338 0.0053116 0.0052763 0.0054348 0.0052972 0.0052715 0.0052124 0.0051854 0.0051842 0.0052041 0.0051914 0.0051993 0.0051976 0.0051972 0.005521 0.0051996 0.0053007 0.0051875 0.0051657 0.0051703 0.0051707 0.0051887 0.0051824 0.005135 0.0051366 0.0051432 0.0051525 0.0051552 0.0051488 0.0050893 0.0050667 0.0050799 0.0050958 0.0051133 0.0050957 0.0051265 0.005167 0.0050544 0.0050461 0.0050907 0.0050236 0.0050066 0.0049777 0.0049344 0.0048781 0.0049067 0.0049394 0.004924 0.0048962 0.0048057 0.0047825 0.004791 0.0048163 0.0048741 0.0049761 0.0050926 0.0051921 0.0053489 0.0055995 0.005607 0.0055992 0.0055811 0.0055563 0.0055507 0.0055338 0.0055114 0.0054349 0.0053132 0.0052715 0.0051982 0.0052073 0.005216 0.0052143 0.0052263 0.0052235 0.0052793 0.0052568 0.0052981 0.0053158 0.0053326 0.0053713 0.0053975 0.0054054 0.0053494 0.0053342 0.0052871 0.0052368 0.0051942 0.0051594 0.0051418 0.0051656 0.0051677 0.005187 0.0052014 0.0052079 0.0052269 0.0052228 0.0052275 0.0052326 0.0052114 0.0052873 0.0052839 0.0053012 0.0053058 0.0053357 0.0053272 0.0052093 0.0052828
0.0053594 0.0053977 0.0054019 0.0054527 0.0054399 0.0054164 0.0054657 0.0055007 0.005508 0.0055228 0.0055405 0.0055675 0.0055617 0.0055523 0.0055491 0.0054946 0.0053505 0.0052702 0.0052052 0.0052026 0.005133 0.0044556 0.0032968 0.0031702 0.0037238 0.0049504 0.0048763 0.0048497 0.0047864 0.0046593 0.004637 0.004607 0.0046137 0.0046355 0.0046618 0.0046905 0.0046954 0.0043615 0.0038245 0.0039228 0.0042675 0.0044457 0.0045626 0.004633 0.0047546 0.0049105 0.0049638 0.0050177 0.005054 0.0050786 0.0051162 0.0051353 0.0051439 0.0050714 0.0050713 0.0050692 0.0050847 0.0051041 0.0051153 0.005118 0.0051265 0.0051263 0.0051199 0.0051575 0.0052475 0.0052959 0.0053339 0.0053659 0.0053741 0.0054889 0.0055645 0.0055188 0.0054215 0.0053563 0.0054452 0.0053377 0.0053105 0.0052744 0.0052485 0.0052351 0.0052533 0.0052067 0.0051563 0.0053677 0.0052095 0.0051998 0.0052061 0.0051972 0.0051988 0.0051997 0.00527 0.0052075 0.0051787 0.0051701 0.0051716 0.0051547 0.0051589 0.0051649 0.0051704 0.0051808 0.005166 0.0051626 0.0051124 0.0051028 0.0051143 0.0051178 0.0050999 0.0051733 0.0051458 0.0050136 0.0050598 0.0050677 0.0050797 0.0050823 0.0049996 0.0049847 0.0049416 0.0049033 0.0049232 0.0049252 0.0048795 0.0049065 0.0048623 0.0048784 0.0049198 0.0049478 0.0050208 0.0051357 0.0052378 0.0055802 0.0055901 0.0055653 0.0055961 0.0055731 0.0055532 0.005543 0.0055228 0.0055098 0.0054484 0.0053447 0.0052966 0.0052763 0.0052536 0.0052477 0.0052429 0.0052492 0.0052639 0.0052857 0.0053359 0.0053518 0.0053788 0.0054055 0.0054082 0.0054284 0.0054345 0.0054227 0.005352 0.0052787 0.0052079 0.0051629 0.0051278 0.0051025 0.0050702 0.0051015 0.0051255 0.0051709 0.0051896 0.0052036 0.0052054 0.0052149 0.0052218 0.0052266 0.0052517 0.005279 0.005286 0.0052988 0.0053114 0.0053541 0.0052593 0.0055235
0.0053879 0.0054224 0.0054319 0.0054638 0.005347 0.0054609 0.0054721 0.0054958 0.0055364 0.0055472 0.0055689 0.0055897 0.0055972 0.0055927 0.0056049 0.005399 0.0053047 0.0052885 0.00523 0.005232 0.0050729 0.0031039 0.0026312 0.0026728 0.0027658 0.0043919 0.0048627 0.0048544 0.0049137 0.0047927 0.0047146 0.0046431 0.0046258 0.0046447 0.0046677 0.0046958 0.004701 0.0046428 0.0043417 0.0043069 0.0044397 0.0045052 0.0045835 0.0046587 0.0047741 0.0049183 0.0049884 0.0050362 0.0050662 0.0050896 0.0051069 0.0051437 0.0051378 0.0050427 0.0050496 0.0050951 0.0050972 0.0051101 0.0051161 0.0051229 0.0051309 0.0051435 0.0051647 0.0052216 0.0052617 0.0053423 0.0053871 0.0054406 0.0055065 0.0055236 0.0054738 0.0055274 0.0055003 0.0054432 0.0054692 0.0053762 0.0053001 0.0053112 0.0052892 0.0052335 0.005215 0.0051819 0.0052208 0.0052829 0.0051974 0.0052045 0.0052071 0.0054532 0.0052045 0.0052279 0.0052053 0.0051999 0.0051752 0.0051686 0.0051795 0.0051898 0.0051809 0.0051825 0.0051817 0.0051961 0.0051935 0.0051789 0.0051449 0.0051338 0.0051611 0.0051571 0.0051574 0.0051529 0.0050853 0.0050487 0.0050777 0.0050829 0.0050593 0.0050332 0.0050217 0.0050047 0.0049569 0.004813 0.0049015 0.0049291 0.004939 0.0049362 0.0049245 0.0049395 0.0049559 0.0049917 0.0051108 0.0051509 0.0052548 0.0055271 0.0055734 0.0055814 0.0055704 0.0055546 0.0055475 0.0055474 0.0055289 0.005488 0.0054524 0.0054018 0.0053492 0.0053662 0.0053301 0.0053299 0.005325 0.0053597 0.0053681 0.0053876 0.0054122 0.0054335 0.0054519 0.0054518 0.0054561 0.0054808 0.0054688 0.0054651 0.0054066 0.0052746 0.0052086 0.0051389 0.0050886 0.0050252 0.0049714 0.0049734 0.0050425 0.0051472 0.0051771 0.0051841 0.0051836 0.0051963 0.0052121 0.0052325 0.0052553 0.0052757 0.0052713 0.0052987 0.0053653 0.0053611 0.005338 0.0053985
0.0053887 0.0054313 0.0054641 0.0054777 0.0054914 0.0054662 0.0054763 0.0055133 0.0055536 0.0055725 0.0055936 0.0056184 0.0056265 0.0056288 0.0056382 0.0054299 0.0053171 0.0052599 0.0051778 0.0052069 0.0051162 0.0031248 0.0026333 0.0026418 0.0027152 0.0043569 0.0049309 0.0049626 0.0049727 0.0049426 0.004805 0.0046801 0.0046082 0.0045907 0.0045973 0.0046718 0.0047128 0.0047055 0.0045779 0.0045312 0.0045556 0.0045746 0.0046002 0.0046545 0.0047375 0.0048739 0.0050046 0.0050474 0.0050807 0.0050919 0.0051071 0.005148 0.0051203 0.0051305 0.0050408 0.0050733 0.0050985 0.005108 0.0051211 0.0051235 0.0051435 0.0051444 0.0051864 0.0052608 0.0053317 0.0053987 0.0054871 0.005514 0.0055714 0.0055736 0.0056061 0.0055716 0.0055588 0.0055268 0.0055017 0.0053788 0.005349 0.0053572 0.0054423 0.0052521 0.005224 0.0052067 0.0052199 0.0052264 0.0054328 0.0051916 0.0052017 0.0051822 0.0052023 0.0052095 0.0052117 0.0052126 0.0052536 0.0051931 0.0051895 0.0051992 0.0051918 0.0051918 0.0051898 0.0051954 0.0051976 0.0051668 0.005292 0.0051659 0.0051823 0.0051381 0.0051156 0.0051508 0.0051127 0.0051026 0.0050825 0.0050642 0.0050276 0.0050183 0.0050227 0.0050644 0.0049263 0.0049753 0.0049193 0.0049907 0.0050227 0.0050574 0.0049469 0.0049573 0.0049751 0.0050156 0.0050969 0.0050757 0.0051968 0.0053227 0.00547 0.0055589 0.0055418 0.0055389 0.0055329 0.0055167 0.0055142 0.0055026 0.0054766 0.0054551 0.0054505 0.0054485 0.0054796 0.0054514 0.0054581 0.0054515 0.0054824 0.0054872 0.0054927 0.0055136 0.00553 0.0055153 0.005549 0.0055355 0.0055304 0.0054868 0.0054302 0.005275 0.0051814 0.0051113 0.0049979 0.004905 0.004874 0.0049367 0.00495 0.004749 0.0051463 0.0051635 0.0051745 0.0051869 0.0052053 0.0052296 0.0052549 0.005277 0.0052859 0.0053333 0.0052707 0.0053887 0.005375 0.0054068
0.0054944 0.0054653 0.0054582 0.0055138 0.0055446 0.0055419 0.0055343 0.0055608 0.005598 0.0056076 0.0056336 0.005642 0.0056533 0.0056564 0.005656 0.0054286 0.0053154 0.0052013 0.0051804 0.0052215 0.0051845 0.0035696 0.0030602 0.0029007 0.0032553 0.0048282 0.0050296 0.0050293 0.0050121 0.0049604 0.0048659 0.0047326 0.0046038 0.0045367 0.0044869 0.0044609 0.0046976 0.0047036 0.0046573 0.0046172 0.0046057 0.0046109 0.0046265 0.0046636 0.0047345 0.004866 0.005034 0.0050442 0.0050662 0.0050885 0.0050899 0.0051276 0.0051519 0.0051671 0.0050622 0.0050735 0.0050817 0.0051016 0.0051085 0.0051297 0.005143 0.0051496 0.0052154 0.0052695 0.0053459 0.005525 0.0055502 0.0055686 0.0056007 0.0056091 0.0056106 0.0055994 0.0055535 0.0055601 0.0055286 0.0054338 0.00541 0.0054197 0.0053265 0.0052538 0.005246 0.005288 0.0052431 0.0052243 0.0051909 0.0052175 0.005245 0.0052046 0.0052103 0.0052205 0.0052087 0.0052087 0.0051972 0.0051935 0.0052132 0.0052034 0.0051946 0.0051982 0.0051969 0.0051965 0.0052051 0.0051724 0.005154 0.0051858 0.0051416 0.0051564 0.0051811 0.0050629 0.005116 0.0051544 0.0050571 0.0050277 0.0050197 0.0050363 0.0050433 0.0050683 0.0049879 0.004991 0.0047757 0.0050396 0.0050515 0.0050439 0.0049023 0.0049476 0.0050084 0.0050153 0.005089 0.0050653 0.0051276 0.0051831 0.0052979 0.0053343 0.0054344 0.0054638 0.0054627 0.0055084 0.0055061 0.0055073 0.0055072 0.0054997 0.0055088 0.0055379 0.0055376 0.0055422 0.0055511 0.0055439 0.0055665 0.0055776 0.0055787 0.0055651 0.0055823 0.0055717 0.0055829 0.0055547 0.0055685 0.0055673 0.0055044 0.005294 0.0051718 0.0050574 0.004876 0.0048235 0.0048 0.0047925 0.00491 0.0050366 0.0051157 0.0051419 0.0051608 0.0051827 0.0052087 0.005229 0.005252 0.0052703 0.0053094 0.0053213 0.0052677 0.0054045 0.0054051 0.0054324
0.0054869 0.0055029 0.0055169 0.0055442 0.0055609 0.0055846 0.0055995 0.005624 0.0056384 0.0056442 0.0056589 0.0056617 0.0056661 0.0056647 0.005666 0.0054446 0.0052796 0.0051889 0.005219 0.0052532 0.0052567 0.0050729 0.0046058 0.0042388 0.004949 0.0051271 0.0050789 0.0050637 0.0050343 0.0049411 0.0048408 0.0047358 0.0046291 0.0045058 0.0044346 0.0044104 0.0046238 0.0047052 0.0046842 0.0046158 0.0046127 0.0045553 0.0046294 0.0046768 0.0046858 0.0049113 0.0049673 0.0050184 0.0050386 0.0050658 0.0050823 0.0050997 0.0051266 0.0051584 0.0051315 0.0050976 0.005176 0.0052926 0.0052474 0.0051694 0.0051526 0.0051295 0.0052223 0.0052764 0.005364 0.0055205 0.0055836 0.0056046 0.0056325 0.0056446 0.0056241 0.0056455 0.0055581 0.0056224 0.0055921 0.0055157 0.0054981 0.0055069 0.0054765 0.0053335 0.0052602 0.005213 0.0051903 0.0052157 0.0052002 0.0052101 0.0052138 0.0052181 0.0052157 0.0051978 0.0052233 0.0052283 0.0052183 0.0052063 0.0052287 0.0052348 0.0052591 0.0051799 0.0052191 0.0052144 0.005198 0.0051778 0.0051574 0.0051776 0.0051796 0.005172 0.0051714 0.005148 0.0051117 0.0051334 0.0050968 0.0050533 0.005054 0.005022 0.0050187 0.0050285 0.0050547 0.0049869 0.0048269 0.0050269 0.0050482 0.0050117 0.005144 0.0051025 0.0049984 0.004989 0.0050434 0.0050795 0.0050943 0.0051486 0.0051869 0.005225 0.0052732 0.0053276 0.0054033 0.0054739 0.0055053 0.0055235 0.0055447 0.0055537 0.0055568 0.0056075 0.0055802 0.0056212 0.0056389 0.0056544 0.0056688 0.0056542 0.005697 0.0056712 0.0056769 0.0056631 0.0056548 0.0056555 0.0056664 0.0056311 0.0056052 0.0053294 0.0051665 0.0050387 0.0049089 0.0048035 0.0047567 0.0043181 0.0045469 0.0049205 0.0050759 0.0051306 0.005164 0.0051833 0.0052091 0.0052329 0.0052648 0.0052935 0.0053405 0.0053095 0.0053788 0.0054042 0.0053416 0.0054712
0.0055136 0.0055253 0.00552 0.0055775 0.0056118 0.0056119 0.0056338 0.0056389 0.0056456 0.0056601 0.0056696 0.0056703 0.0056705 0.0056723 0.0056737 0.0054664 0.0052507 0.0052092 0.005219 0.0051984 0.0052617 0.0052396 0.0052357 0.0052325 0.0051869 0.0051441 0.0050516 0.0050805 0.0050043 0.0049028 0.0047847 0.0047048 0.0045848 0.0044792 0.0044154 0.0042788 0.0042939 0.0046782 0.0046994 0.0046116 0.0046375 0.0046153 0.0046424 0.0044385 0.0047632 0.0049179 0.0049894 0.0050127 0.0050274 0.0050437 0.0050179 0.0050747 0.0050818 0.0051724 0.0050777 0.0050865 0.0050975 0.0050904 0.0051887 0.0053393 0.0053751 0.0051845 0.0052491 0.0054219 0.0055167 0.0056033 0.0056305 0.0056348 0.0056525 0.0056683 0.005664 0.0056522 0.0056365 0.0056133 0.0055383 0.0055688 0.0055613 0.0055833 0.00562 0.0054201 0.0053464 0.0052382 0.0052222 0.0052488 0.0052513 0.0052262 0.0052369 0.0052271 0.0052307 0.0052056 0.0052215 0.0052541 0.0052267 0.0052289 0.0052307 0.0052752 0.0052425 0.0052221 0.0052087 0.0052197 0.0051741 0.0051783 0.0051926 0.0051792 0.0051687 0.0052055 0.0051909 0.0051427 0.0051653 0.0051527 0.0051053 0.0051302 0.0051208 0.0051207 0.0051553 0.0050402 0.0050762 0.0049266 0.0049861 0.0048646 0.0049533 0.0049361 0.0049478 0.0049969 0.0050032 0.0050245 0.0050101 0.0050109 0.0051062 0.0050741 0.0051735 0.0052298 0.005227 0.0052845 0.0054184 0.0055001 0.0055303 0.0055833 0.0056014 0.0056164 0.0056476 0.0056645 0.0056843 0.0057173 0.0057527 0.0057861 0.0058085 0.0058165 0.0058132 0.0057924 0.0057704 0.0057578 0.0057645 0.0057442 0.0057198 0.0056913 0.0056413 0.005578 0.0052178 0.005106 0.0048919 0.0047924 0.0043306 0.0028862 0.0042491 0.0048895 0.0050803 0.0051383 0.005162 0.0051875 0.0052277 0.0052278 0.0052738 0.0053093 0.005372 0.0053821 0.0054125 0.0054054 0.0054666 0.0054876
0.0055594 0.005578 0.0055866 0.0055789 0.0056386 0.0056105 0.0056644 0.0056732 0.0056732 0.0056741 0.0056765 0.0056772 0.0056746 0.0056735 0.005675 0.0055204 0.0052732 0.0052118 0.0052205 0.0052137 0.0052064 0.0052179 0.0051568 0.005176 0.0051791 0.005156 0.0051283 0.0050315 0.0049526 0.0048691 0.0047495 0.0046572 0.0045639 0.0044578 0.0042836 0.0042603 0.0043454 0.004722 0.0047724 0.0046639 0.0047046 0.0046983 0.0047071 0.0044341 0.0046712 0.004911 0.0049741 0.0049988 0.0050131 0.0049863 0.0049417 0.0049673 0.005091 0.0051289 0.0051652 0.0051897 0.0051807 0.0052176 0.005235 0.0053602 0.0052593 0.0051667 0.0055104 0.0055569 0.0055958 0.0056165 0.0056158 0.0056427 0.0056758 0.0056837 0.0056226 0.0056674 0.00567 0.0056446 0.0055768 0.0056543 0.0055989 0.0056213 0.0056462 0.0056362 0.0054133 0.0053467 0.0053033 0.0052829 0.0052911 0.0052513 0.0052288 0.0052194 0.0052309 0.005233 0.0052394 0.0052448 0.0052328 0.0052253 0.0052387 0.0052191 0.0052487 0.0052361 0.0051971 0.0051758 0.0052498 0.0051671 0.0051907 0.0051926 0.0051359 0.0052295 0.0050971 0.005156 0.0051664 0.0051407 0.0051375 0.0051467 0.0051408 0.0051328 0.0051186 0.0051344 0.0051214 0.0051771 0.0050726 0.0050121 0.0050575 0.0051409 0.0049938 0.0050443 0.0050676 0.0049506 0.0048937 0.0050585 0.0051377 0.0050862 0.0051817 0.0052085 0.0052628 0.0053775 0.0054905 0.0055583 0.0056197 0.0056243 0.0056511 0.0056842 0.0057097 0.0057555 0.0057839 0.0058431 0.0058918 0.0059024 0.0059218 0.0059051 0.0059036 0.0058758 0.0058576 0.0058598 0.0058212 0.0057849 0.0057409 0.0057093 0.0056604 0.0056012 0.0053911 0.0051287 0.0049783 0.0048367 0.0046229 0.0044329 0.0046316 0.0050308 0.005126 0.0051565 0.0051733 0.0051971 0.0052065 0.0052707 0.0053032 0.0053402 0.0053945 0.0054359 0.0054373 0.0054543 0.0054927 0.0055348
0.00561 0.0056227 0.0056431 0.0056594 0.0056809 0.0056758 0.0056893 0.0056973 0.0056983 0.0056907 0.0056935 0.0056957 0.0056911 0.005641 0.0056877 0.0056707 0.0054635 0.0052485 0.0051986 0.0052029 0.0052044 0.0052101 0.0051539 0.0051426 0.0051981 0.005169 0.0050806 0.0050101 0.0049297 0.0048269 0.0047262 0.0046288 0.0045591 0.0044482 0.004132 0.0042304 0.0044925 0.0047252 0.0047579 0.0047061 0.0047805 0.0047929 0.0047814 0.0048088 0.0048622 0.0049168 0.0049794 0.0050084 0.0050063 0.0049221 0.0049442 0.0049986 0.0050047 0.005132 0.0051427 0.0051562 0.0051586 0.0052074 0.0052241 0.0052729 0.0052626 0.0053417 0.0054726 0.0054077 0.0053376 0.0055629 0.0055914 0.0056321 0.0056745 0.0056953 0.0056766 0.0057063 0.0056937 0.0057093 0.0056979 0.0056831 0.0056547 0.0056685 0.0056886 0.005699 0.0056858 0.005453 0.0053836 0.0053314 0.0053502 0.0052672 0.0052425 0.0058199 0.0052473 0.005235 0.0052543 0.0052905 0.0052485 0.0052526 0.0052181 0.0052272 0.0052463 0.0052422 0.0052027 0.0052017 0.0051841 0.0051989 0.0051894 0.0051953 0.0051665 0.0051508 0.0051171 0.0051391 0.0051462 0.0051147 0.0051436 0.0051378 0.0051651 0.005197 0.0051887 0.0051863 0.0051427 0.005075 0.0050601 0.0050499 0.0050877 0.005043 0.0050163 0.0050423 0.005001 0.0050841 0.0051717 0.0052035 0.005198 0.0052217 0.0052433 0.0052881 0.0054194 0.0054768 0.0055402 0.0056249 0.0056483 0.0056888 0.0057369 0.0057827 0.0058279 0.0058698 0.0059314 0.0059722 0.0059967 0.0060382 0.0060236 0.0059696 0.0059996 0.0059568 0.0059398 0.005898 0.0058589 0.0058067 0.0057766 0.0057522 0.0057078 0.0056662 0.0055163 0.0052194 0.0051248 0.0050307 0.0049102 0.0048985 0.0050111 0.005135 0.0051611 0.0051741 0.0051864 0.0052035 0.0052563 0.0052911 0.0053442 0.0053966 0.0054515 0.0054957 0.0055032 0.0055129 0.005567 0.0055932
0.0056803 0.0056619 0.0056946 0.0056985 0.0057015 0.0057004 0.0057076 0.0057224 0.0057253 0.0057142 0.0057078 0.0057131 0.0057132 0.0057076 0.0057017 0.0056898 0.0055627 0.005395 0.005321 0.0053068 0.0052627 0.0052427 0.0051987 0.0051936 0.005221 0.0051018 0.0050536 0.0049945 0.0048869 0.0048061 0.0047075 0.0046817 0.0045361 0.0044598 0.0043276 0.004341 0.0045004 0.0047406 0.0047502 0.0047483 0.0048026 0.0048319 0.0048687 0.0048697 0.0049022 0.0049381 0.0049753 0.0050149 0.0049954 0.0048691 0.0049961 0.0050198 0.0050318 0.0050752 0.0050929 0.0051137 0.0051428 0.005151 0.005173 0.0052551 0.0052225 0.0053193 0.0053669 0.0054201 0.0055043 0.005516 0.0055837 0.0056158 0.0056312 0.005697 0.00571 0.0057093 0.0057305 0.0057551 0.0057413 0.0057787 0.0056977 0.0057181 0.0057393 0.0057113 0.0057044 0.0056642 0.0055249 0.0055999 0.0054432 0.0053601 0.0052758 0.0052357 0.0052655 0.0052814 0.0052912 0.0052667 0.0052479 0.0052348 0.0053178 0.0052603 0.00523 0.0052052 0.0051966 0.0052265 0.0051829 0.0051876 0.0052048 0.0052027 0.0051767 0.0051708 0.0051314 0.0051344 0.0051492 0.0051313 0.0051234 0.0051188 0.0051652 0.0051851 0.005177 0.0051759 0.0051282 0.0050807 0.0051068 0.0051143 0.0051008 0.0051694 0.0050564 0.0050333 0.0051063 0.0050773 0.0051428 0.0052233 0.0052097 0.0052432 0.0052938 0.0054077 0.0054452 0.005536 0.0055916 0.005646 0.0057003 0.0057607 0.0058425 0.0058961 0.0059351 0.0059856 0.0061035 0.0060521 0.0060951 0.0061201 0.0061046 0.0060776 0.0060576 0.0060185 0.0059634 0.0059344 0.0059624 0.0058546 0.0058504 0.0058144 0.0057705 0.0057296 0.0056161 0.0054644 0.005232 0.0051807 0.0051565 0.0051508 0.0051389 0.0050908 0.0051919 0.0051931 0.0052034 0.0052202 0.0051854 0.0055885 0.005425 0.0052622 0.0055315 0.0054238 0.0055774 0.0055902 0.005602 0.0056586
0.0057323 0.005561 0.0057028 0.0057045 0.0057288 0.0057214 0.0057238 0.005737 0.0057272 0.0057326 0.0057292 0.0057353 0.0057337 0.0057271 0.00574 0.0057285 0.0057099 0.0055843 0.0053839 0.0052343 0.0052575 0.0052542 0.0052686 0.0052456 0.0051466 0.0050753 0.0050323 0.0049657 0.0049161 0.0047546 0.0046677 0.0045901 0.0044757 0.0043726 0.004288 0.0043153 0.0044756 0.0047061 0.0047879 0.0048103 0.004848 0.0048843 0.0048994 0.0049162 0.0048897 0.0049337 0.0049325 0.0049014 0.0048949 0.0049275 0.0049948 0.005041 0.0050487 0.0050375 0.0050834 0.005129 0.0051473 0.0051564 0.0051528 0.0051613 0.0051582 0.005161 0.0052184 0.0054119 0.0054147 0.0055798 0.0056162 0.0056313 0.0056487 0.0056943 0.0057335 0.0057933 0.0057951 0.005796 0.0057842 0.0058263 0.0058058 0.0058112 0.0058038 0.0057406 0.0057842 0.0057727 0.0056954 0.0055872 0.0054918 0.00539 0.0053115 0.0052701 0.005328 0.0052853 0.0052784 0.0052236 0.0052634 0.0052606 0.0052629 0.0052305 0.0052414 0.005204 0.0052299 0.005239 0.0051743 0.0051691 0.0051929 0.0051584 0.0052351 0.0051431 0.0051522 0.0051231 0.005148 0.0050935 0.0050654 0.0050974 0.0051469 0.0051631 0.0051503 0.0051207 0.0051175 0.0051376 0.00511 0.005166 0.0051562 0.0051686 0.0051607 0.0050961 0.0051353 0.0051845 0.0051902 0.0052339 0.005268 0.0053474 0.0053856 0.0054711 0.0055218 0.005583 0.0056406 0.0057019 0.0057734 0.005866 0.0059281 0.0059681 0.0060352 0.006069 0.0061111 0.0061438 0.0062045 0.0061414 0.0061201 0.0061099 0.0060881 0.0059893 0.0060212 0.0059935 0.0059546 0.0058969 0.0058415 0.0058874 0.005868 0.0058168 0.0057659 0.0057137 0.005626 0.0055234 0.0054687 0.0053577 0.00527 0.0051842 0.0052742 0.0052355 0.005225 0.0052527 0.0052662 0.0054143 0.005505 0.0055338 0.0055877 0.0056183 0.0056339 0.0056709 0.0056947 0.0057196
0.0057731 0.0057494 0.0057494 0.0057347 0.0057447 0.0057382 0.0057442 0.0057432 0.0057391 0.0057456 0.0057519 0.0057494 0.0057466 0.0057385 0.0057543 0.0057317 0.0057471 0.0057154 0.0055566 0.0051496 0.0052162 0.0052454 0.0052236 0.0051633 0.0050463 0.0050737 0.0050277 0.0049596 0.0048538 0.0047082 0.0045681 0.0044072 0.0042515 0.0041761 0.0041256 0.0041077 0.004223 0.0044004 0.0046938 0.0048516 0.004899 0.0049162 0.0049306 0.0049241 0.004762 0.004815 0.0049586 0.0049958 0.0049392 0.0049134 0.004993 0.0049741 0.0049394 0.0049764 0.0050588 0.0051273 0.0051512 0.005165 0.0051676 0.0051728 0.0051758 0.0051705 0.0052139 0.0054038 0.0055493 0.0055971 0.0056276 0.0056301 0.0056686 0.0057059 0.005725 0.0058123 0.0057868 0.0058321 0.0058435 0.0058792 0.0058717 0.0059055 0.0058675 0.005832 0.0058178 0.0057934 0.0057986 0.005587 0.0055239 0.0054266 0.0053949 0.0053613 0.0053175 0.0053378 0.0052413 0.0052496 0.0052566 0.0053039 0.0053504 0.0052253 0.0052376 0.0052174 0.0052382 0.0052145 0.0052143 0.0052052 0.0052 0.005191 0.0051864 0.0051559 0.0051365 0.0051941 0.005132 0.0050724 0.0051536 0.0050872 0.0050961 0.0050816 0.0050652 0.0050549 0.0050922 0.0051161 0.005131 0.0051863 0.0051916 0.005183 0.0052595 0.0052282 0.0052091 0.0052546 0.0052536 0.0052718 0.0053283 0.0053831 0.0054535 0.0055258 0.0055629 0.0056287 0.0056761 0.0057611 0.0058326 0.0059255 0.0059973 0.0060564 0.0060808 0.0061146 0.0061861 0.0062266 0.0062512 0.0062374 0.0061928 0.006183 0.0061171 0.0061054 0.0060576 0.0059418 0.0059987 0.0059428 0.0059303 0.0059206 0.0058893 0.0058501 0.005845 0.0058007 0.0057694 0.0056998 0.0056731 0.0056488 0.0055761 0.0055325 0.0054378 0.0053227 0.0052828 0.0052946 0.0052982 0.005385 0.0053975 0.0055746 0.005608 0.0056369 0.0056747 0.0057311 0.0057657 0.0057804
0.0058143 0.0057654 0.00577 0.0057402 0.0057672 0.005756 0.0057657 0.005763 0.0057508 0.0057546 0.00576 0.0057617 0.0057594 0.0057464 0.0057352 0.0057274 0.0057166 0.0056909 0.0056764 0.0052264 0.0052229 0.0052087 0.0051773 0.0051414 0.0050825 0.0050815 0.0050325 0.0049661 0.0048705 0.0046324 0.0043487 0.0041419 0.003943 0.0038246 0.0038221 0.0039169 0.004017 0.0040483 0.0043153 0.0046594 0.004879 0.0049559 0.0049653 0.0049578 0.0049356 0.0048997 0.0049317 0.0049638 0.0049909 0.0050513 0.0049353 0.0049036 0.0048693 0.0048259 0.004965 0.0050818 0.0051467 0.0051606 0.0051653 0.0051633 0.0051733 0.0051662 0.0052545 0.0054385 0.0055464 0.0055954 0.0056272 0.0056524 0.0056747 0.0057341 0.0057521 0.0057981 0.0058193 0.0058765 0.00589 0.0059335 0.0059718 0.0059592 0.0059528 0.0059052 0.0059193 0.0058951 0.0058583 0.0058375 0.0057502 0.0056929 0.0056703 0.0056066 0.0054966 0.00561 0.0053205 0.0052875 0.0052519 0.0052456 0.0052791 0.0052493 0.0052665 0.0053078 0.0052263 0.0052774 0.0052365 0.0052726 0.0052183 0.0053029 0.0052351 0.0052289 0.0051816 0.0051615 0.0051451 0.0051084 0.0050881 0.0050728 0.0050715 0.0050385 0.0050396 0.0050396 0.0050681 0.0051419 0.0052672 0.0052269 0.0052066 0.0051839 0.0052048 0.0051909 0.0052534 0.005276 0.0052907 0.0053018 0.0053967 0.0054402 0.0055074 0.0055795 0.0056213 0.0056617 0.0057574 0.0058327 0.0058768 0.0059722 0.0060321 0.0061199 0.0061569 0.0062179 0.0062694 0.0062787 0.0062933 0.0063042 0.0062815 0.0062303 0.0062165 0.0061572 0.0061281 0.0060969 0.0060715 0.0060128 0.0060581 0.0060385 0.0059655 0.0058947 0.005896 0.0058343 0.005777 0.0057473 0.0056687 0.0056376 0.0055643 0.0055398 0.0054669 0.0053968 0.0053515 0.0053489 0.0053336 0.005413 0.0053838 0.0056172 0.0056321 0.0056652 0.0057337 0.0057468 0.005781 0.0057893
0.0057969 0.0057854 0.0057919 0.0057705 0.0056599 0.0057748 0.0057774 0.0057059 0.0057714 0.0057669 0.0057571 0.0057592 0.0057395 0.0057374 0.005727 0.0057139 0.0057115 0.0057216 0.00566 0.0055095 0.0051852 0.0051702 0.0051981 0.00515 0.0051469 0.0050928 0.0050578 0.0050033 0.0048288 0.00447 0.0041121 0.0038126 0.0036294 0.0036047 0.0035195 0.0035806 0.0038954 0.0039551 0.0040729 0.0044094 0.004786 0.0049632 0.0049924 0.0049833 0.0049274 0.0049462 0.0049067 0.0046983 0.0049504 0.0049631 0.0049578 0.0049225 0.0048302 0.0047565 0.004848 0.0050055 0.0051101 0.0051399 0.0051552 0.0051531 0.0051943 0.0051999 0.0052062 0.0053298 0.0055552 0.0056178 0.0056349 0.0056518 0.0057038 0.0057469 0.0058008 0.0058479 0.005857 0.0059267 0.0059654 0.0059891 0.0060066 0.0060238 0.0060251 0.0060613 0.0059598 0.005959 0.0059415 0.0059206 0.0058673 0.0057154 0.0057635 0.0056855 0.0055603 0.00554 0.0054799 0.00536 0.0053559 0.0053375 0.0053231 0.0052729 0.0052481 0.0052399 0.0053175 0.0052784 0.005298 0.0055525 0.0052964 0.0052166 0.0053455 0.0052034 0.0051894 0.0051833 0.0051668 0.0051694 0.0051379 0.0050883 0.0051947 0.0050593 0.0050654 0.0051183 0.0050917 0.0051237 0.0052496 0.0052571 0.0052623 0.005259 0.0052657 0.0052914 0.0052989 0.0053181 0.0053436 0.0053985 0.0054294 0.0054995 0.0055572 0.0056222 0.0056427 0.0057346 0.0057926 0.0058765 0.0059347 0.0059888 0.0060894 0.0061107 0.0062521 0.006306 0.0063252 0.006326 0.006325 0.0063343 0.0062984 0.0062882 0.006249 0.0062759 0.0061964 0.0061782 0.0061204 0.0061073 0.006085 0.006065 0.006031 0.0059351 0.0058387 0.0058581 0.0057939 0.0057564 0.0056977 0.0056367 0.005566 0.0055617 0.0055101 0.0054685 0.0054447 0.0054139 0.0053903 0.0053115 0.0052005 0.0056352 0.0056537 0.0056655 0.0057313 0.0057756 0.0057953 0.0057818
0.0057928 0.0057986 0.0058078 0.0058007 0.0057902 0.0057821 0.0057682 0.0057784 0.0057687 0.0057628 0.005762 0.0057649 0.0057485 0.0057578 0.0057236 0.0057313 0.0057089 0.0056367 0.0055992 0.0055046 0.0053607 0.0052764 0.0052194 0.0051913 0.0051596 0.0051274 0.0050995 0.0050166 0.0048084 0.0044065 0.0040069 0.0037699 0.0036876 0.0036668 0.0034821 0.0035783 0.0038484 0.0039988 0.0041581 0.0045041 0.0048315 0.0049805 0.0049971 0.0049885 0.0048493 0.0049634 0.0049238 0.0048364 0.0049108 0.0048848 0.0048877 0.0048502 0.0048472 0.004882 0.0049368 0.0049795 0.0050749 0.0051367 0.0051393 0.005133 0.005168 0.0052024 0.0052052 0.0052997 0.0055012 0.005646 0.0056712 0.0056474 0.005725 0.005778 0.0058174 0.0058838 0.0059195 0.0059636 0.0060129 0.0060513 0.0060695 0.006081 0.0060834 0.0060752 0.0060606 0.0060479 0.0060121 0.006078 0.0060633 0.0059178 0.0058333 0.0058065 0.0057078 0.0057191 0.0055402 0.0056802 0.0055718 0.0054765 0.0054998 0.0053578 0.0053044 0.0054186 0.0052635 0.0053327 0.0055994 0.005601 0.0055767 0.0052514 0.0053108 0.0051822 0.0051691 0.0052096 0.0052155 0.0051934 0.0051699 0.0051906 0.0053549 0.0052536 0.0051576 0.0051827 0.0052882 0.0051626 0.0052771 0.0052576 0.0052708 0.0052685 0.0053356 0.0053489 0.0053817 0.0053582 0.0054097 0.0054214 0.0054983 0.0055718 0.0056051 0.0056281 0.0056859 0.0057475 0.0058559 0.0059225 0.0059994 0.0060395 0.0061661 0.0062212 0.0062623 0.0063366 0.0063467 0.0063433 0.0063388 0.0063214 0.0063313 0.0063158 0.006299 0.0062576 0.0062284 0.0062377 0.0062286 0.0061793 0.006131 0.0060809 0.0060367 0.0060027 0.0059418 0.0058831 0.0058144 0.0057445 0.0057048 0.0056515 0.0055832 0.0055824 0.0055584 0.0055254 0.005521 0.0054608 0.0052739 0.005335 0.0052758 0.0055892 0.0056476 0.0056972 0.0057125 0.0057706 0.0057721 0.0058013
0.0057927 0.0058144 0.0058149 0.0058026 0.0057931 0.0057896 0.0057812 0.0057745 0.0057709 0.0057743 0.0057644 0.005786 0.0057686 0.005771 0.0057351 0.005723 0.0056836 0.005632 0.0055359 0.0054124 0.0053276 0.0052729 0.0052291 0.0052005 0.0051758 0.0051547 0.0051219 0.0050816 0.0049459 0.0046707 0.0042942 0.0039938 0.0038555 0.0038119 0.0037825 0.0038189 0.0039757 0.0040816 0.0045862 0.0048897 0.0050194 0.0050499 0.0050215 0.0050128 0.0050173 0.0049115 0.0049718 0.0048084 0.0048962 0.0049033 0.0048777 0.0049119 0.0047526 0.0048911 0.0050195 0.0049941 0.005031 0.0051131 0.0051443 0.0051794 0.0051759 0.0051818 0.0052061 0.0053031 0.005496 0.0056644 0.0057215 0.005741 0.0057746 0.00582 0.0058945 0.005934 0.0060097 0.0060364 0.0061742 0.0060809 0.0061213 0.0060966 0.0061276 0.0061292 0.0061112 0.0061033 0.0060459 0.006055 0.0060724 0.0059705 0.0059387 0.0058389 0.0058109 0.0058216 0.0057707 0.0057358 0.005728 0.0056696 0.0055852 0.0054566 0.0054046 0.005361 0.005513 0.0055618 0.005632 0.0055921 0.0053947 0.0055526 0.0053918 0.0055371 0.0054707 0.005528 0.0051827 0.0051735 0.0051566 0.005292 0.005173 0.0051462 0.0053184 0.0053314 0.0052935 0.0052674 0.0052767 0.0053116 0.0053229 0.0053259 0.005436 0.0055189 0.0054228 0.0054206 0.0054372 0.0055253 0.0055815 0.0056062 0.0055885 0.0056807 0.0056921 0.0057775 0.0058653 0.0059691 0.0060337 0.0060523 0.0061616 0.0062391 0.0063011 0.0063356 0.0063185 0.0062627 0.0063426 0.0063186 0.0063019 0.0062672 0.0063266 0.0062152 0.006231 0.0062187 0.0061874 0.006168 0.0061706 0.0061134 0.0060589 0.0060351 0.0059125 0.005882 0.0058101 0.0057421 0.0056666 0.005643 0.0056139 0.0055896 0.0055518 0.005567 0.0055592 0.0054882 0.0053932 0.0053293 0.0052423 0.0055628 0.0056861 0.00569 0.0057548 0.005768 0.0057931 0.0058173
0.005832 0.0058312 0.0058139 0.0058148 0.00581 0.0057999 0.0057917 0.0057769 0.0057707 0.0057839 0.0057826 0.0057638 0.0057597 0.0057443 0.005736 0.0056934 0.0056368 0.0055667 0.0054734 0.0053911 0.0053136 0.005267 0.0052333 0.0052127 0.0051982 0.0051818 0.0051615 0.0051324 0.0050699 0.0049296 0.0047862 0.0046597 0.0046157 0.0041766 0.0039871 0.0039387 0.004119 0.0045216 0.0047977 0.004981 0.0050532 0.0050788 0.0050767 0.0050905 0.0051089 0.0051263 0.0051332 0.0051049 0.0049765 0.0048691 0.0047537 0.0048706 0.0050183 0.0050063 0.0050085 0.0050593 0.0051459 0.0051246 0.0051448 0.0051871 0.005205 0.0052471 0.005288 0.0053706 0.0055086 0.0056921 0.0057157 0.0057848 0.0058318 0.0058862 0.0059207 0.0060109 0.0060476 0.0060935 0.0060904 0.0061604 0.0061567 0.0061598 0.0062005 0.0062004 0.0061351 0.0061547 0.0061293 0.0061135 0.0060799 0.0060496 0.0059611 0.0059862 0.0059405 0.0058555 0.0058389 0.0058761 0.0057813 0.0057332 0.0057191 0.005688 0.0055581 0.0054911 0.005622 0.0056126 0.0054774 0.0053947 0.0053363 0.0055719 0.0054063 0.0055402 0.0055574 0.005565 0.0053701 0.0052769 0.0052112 0.0053226 0.0052738 0.0052502 0.0053342 0.0052832 0.0052499 0.0053214 0.005334 0.0053601 0.0053495 0.0054113 0.0054446 0.0054975 0.0054982 0.0055269 0.0055395 0.0055484 0.0056039 0.0056294 0.0056639 0.0056746 0.0057653 0.0058097 0.0059378 0.0060057 0.0060738 0.006145 0.0061773 0.0062417 0.0062913 0.0063419 0.0063398 0.0063439 0.0063331 0.00629 0.0063069 0.0063116 0.0062971 0.0062858 0.006242 0.0062653 0.0062385 0.0061434 0.0061738 0.0061541 0.0060923 0.0060088 0.0058847 0.0058344 0.0057972 0.0057059 0.0056568 0.005635 0.0056273 0.0056117 0.0056065 0.0056031 0.0055977 0.0055699 0.0055263 0.0054271 0.005294 0.0056106 0.005617 0.0056477 0.005724 0.0057998 0.0058023 0.0058292
0.0058313 0.0058263 0.0058251 0.0058035 0.0058005 0.0057989 0.0057871 0.0057913 0.005766 0.0057988 0.0057879 0.0057716 0.0057691 0.0057382 0.0056929 0.0056749 0.0055889 0.0055304 0.0054568 0.0053871 0.0053127 0.0052831 0.0052567 0.0052405 0.0052228 0.0052068 0.0051874 0.005177 0.0051558 0.0051239 0.0050859 0.0050683 0.0050695 0.0050632 0.0048689 0.0048147 0.0049617 0.0050212 0.0050338 0.0050433 0.0050712 0.0050853 0.0050816 0.0050913 0.005116 0.0051362 0.0051369 0.005132 0.0049754 0.004881 0.0049918 0.0050675 0.005148 0.0051073 0.0051226 0.0051785 0.0051517 0.0052478 0.0051495 0.0051807 0.0052165 0.0052715 0.00537 0.0055181 0.0056465 0.0057282 0.0057775 0.0058124 0.0059072 0.005931 0.006007 0.0060555 0.0060803 0.0061208 0.0061389 0.0061291 0.006092 0.0060298 0.0062018 0.0062067 0.0061852 0.0062063 0.0061663 0.006156 0.0061156 0.006095 0.0060824 0.0060552 0.0060112 0.005968 0.0059254 0.0059067 0.0058869 0.0058516 0.0057606 0.0057758 0.0057105 0.0056699 0.0056708 0.0056836 0.0056414 0.0056099 0.0056857 0.0055926 0.0054954 0.0055754 0.005451 0.0054667 0.0055422 0.0054012 0.0053203 0.0053814 0.0053873 0.0054274 0.0054385 0.0052657 0.0053367 0.0053663 0.0053903 0.0054414 0.0054454 0.0054741 0.0055323 0.0054947 0.0055623 0.0055676 0.0055715 0.0055855 0.0056269 0.0056468 0.0057142 0.0057378 0.0058019 0.005856 0.0060961 0.0061135 0.0060806 0.0061263 0.0061843 0.0062322 0.006285 0.0063351 0.0063364 0.006317 0.006321 0.0063073 0.0062947 0.0062928 0.006252 0.006297 0.0062787 0.0062641 0.006212 0.0062067 0.0062033 0.0061273 0.0060526 0.0059721 0.0059128 0.0056383 0.0056923 0.0057641 0.0056946 0.0056822 0.0056617 0.0056445 0.0056463 0.0056223 0.0056285 0.0056176 0.0056009 0.0055461 0.0055702 0.0055959 0.0056299 0.0057062 0.0057238 0.0057787 0.0057988 0.0058326
0.0058374 0.0058274 0.0058252 0.0058065 0.0058189 0.0058153 0.0058064 0.0058039 0.0057891 0.0057886 0.0057966 0.0057685 0.0057598 0.0057134 0.0056686 0.005623 0.0055546 0.0055104 0.0054563 0.0053945 0.0053427 0.0053183 0.0052888 0.0052646 0.0052356 0.0052209 0.0052122 0.005201 0.005193 0.0051821 0.0051721 0.0051619 0.0051532 0.005145 0.0051324 0.0051371 0.0051413 0.0051379 0.0051104 0.0050902 0.0050864 0.005105 0.0051012 0.0050675 0.0050911 0.0051149 0.0051188 0.0051195 0.0051751 0.0050101 0.0052846 0.0053569 0.0054062 0.0052933 0.0052814 0.0051818 0.005187 0.0051891 0.0052737 0.0051958 0.0052703 0.0053522 0.0055017 0.0056234 0.0056593 0.0057816 0.0058476 0.0059145 0.0059303 0.0060261 0.0060344 0.0060766 0.006122 0.0061335 0.0061482 0.0061556 0.0061771 0.006217 0.0062387 0.006234 0.0062364 0.0062073 0.0062012 0.0061798 0.0061676 0.0061367 0.0061312 0.0060691 0.006049 0.0060249 0.0059939 0.0059491 0.0058843 0.0058511 0.0058179 0.0058214 0.0057676 0.0057769 0.0057733 0.0057497 0.0056577 0.0057103 0.0056019 0.0056282 0.006562 0.005761 0.0054876 0.0055993 0.0055601 0.0054664 0.0054271 0.0054636 0.005441 0.0054283 0.005375 0.0054711 0.0054514 0.0054749 0.0054995 0.0054842 0.0054915 0.0055138 0.0055578 0.0055537 0.0055533 0.0055817 0.0055716 0.0056072 0.0056328 0.0056749 0.0057349 0.0057862 0.0058458 0.0059138 0.0060546 0.0060936 0.006072 0.0061449 0.0061489 0.0062226 0.0062614 0.0062916 0.0063163 0.0063149 0.0062977 0.0063034 0.0062924 0.0062902 0.0062653 0.0062183 0.006282 0.0062362 0.0061854 0.006151 0.0061496 0.0060615 0.0060156 0.0059385 0.0059092 0.0056556 0.0056103 0.0057807 0.0057247 0.0057093 0.0057035 0.0056857 0.0056905 0.0056744 0.0056429 0.0056605 0.0056347 0.0056413 0.005486 0.0055629 0.0057345 0.0057214 0.0057204 0.0058042 0.0058559 0.0058145
0.0058364 0.0058383 0.0058219 0.0058233 0.0058282 0.0058316 0.0057967 0.00579 0.0057995 0.005792 0.0057739 0.005743 0.0057178 0.0056868 0.0056434 0.0055927 0.0055343 0.0054753 0.0054354 0.0053928 0.005321 0.0053286 0.005301 0.0052694 0.0052588 0.0052424 0.0052292 0.0052194 0.0052095 0.0052037 0.0051939 0.0051837 0.005173 0.0051674 0.005168 0.0051698 0.0051596 0.0051543 0.0051355 0.0051173 0.0051083 0.0051113 0.005117 0.005124 0.0051135 0.0051363 0.0051619 0.005193 0.0052681 0.005313 0.0053602 0.0054065 0.0054677 0.0055022 0.0055098 0.0053684 0.0052169 0.005202 0.0052307 0.0053323 0.0054032 0.0055267 0.0056187 0.0057592 0.0057695 0.0058341 0.005887 0.0059567 0.0060127 0.0060512 0.0061095 0.0061526 0.0061801 0.0061835 0.0062086 0.0062217 0.006229 0.00619 0.0063092 0.0063392 0.0062429 0.0062348 0.0062531 0.0061335 0.0062031 0.0061694 0.0061143 0.0060976 0.0061159 0.0060653 0.0060496 0.0060128 0.0059668 0.0059259 0.0058925 0.0058656 0.0058333 0.0057612 0.0058256 0.0057728 0.0057652 0.0057584 0.0056059 0.0062833 0.0065747 0.005697 0.0054106 0.0055985 0.0055758 0.0055298 0.0055296 0.0055198 0.0055161 0.0055293 0.005564 0.0055189 0.0055342 0.0055254 0.0055519 0.0055605 0.0055523 0.0055731 0.0055576 0.0055637 0.0055829 0.0055871 0.0055744 0.0056163 0.0056421 0.0056739 0.0057154 0.0057838 0.0058574 0.0059138 0.0059875 0.0059992 0.0060885 0.0061181 0.0061813 0.006214 0.0062467 0.0062719 0.0063131 0.0063017 0.0063113 0.0063048 0.0062706 0.0062949 0.0062844 0.0062561 0.0062418 0.0061943 0.0061888 0.006107 0.0060158 0.0060355 0.00599 0.0059369 0.0059004 0.00587 0.0058225 0.005797 0.0057702 0.0057363 0.0057263 0.0057279 0.0056996 0.005709 0.0056822 0.0056739 0.005664 0.0056737 0.00564 0.0057192 0.0057256 0.0056936 0.0057328 0.0058059 0.0058536 0.0058513
0.0058313 0.0058214 0.0058427 0.0058447 0.0058385 0.0058292 0.0058138 0.0057949 0.0057833 0.0057481 0.0057588 0.0057374 0.0056954 0.0056598 0.0056107 0.0055434 0.0054584 0.0054656 0.0054457 0.0054059 0.0053761 0.0053547 0.0053221 0.005302 0.005281 0.005266 0.0052497 0.0052347 0.0052285 0.0052165 0.005208 0.0052038 0.0051941 0.0051903 0.0051918 0.0051896 0.0051882 0.0051761 0.0051587 0.0051446 0.0051343 0.0051328 0.0051388 0.0051462 0.0051636 0.0051865 0.0052035 0.0052352 0.0052793 0.0053427 0.0054061 0.0054504 0.0054869 0.0055251 0.005554 0.0055823 0.0053348 0.0053885 0.0052902 0.0055154 0.0057062 0.0057539 0.0057997 0.0058264 0.0058681 0.0059208 0.0060015 0.0060429 0.0060854 0.00611 0.0061832 0.0062081 0.0062186 0.0062328 0.0062567 0.0062814 0.0062848 0.0062685 0.0063016 0.0062829 0.0062515 0.0062769 0.0062519 0.0062683 0.0062272 0.0062778 0.0062463 0.0061652 0.0061504 0.0060858 0.0060896 0.0060552 0.0060056 0.0059842 0.0059279 0.0058886 0.0058993 0.0059793 0.0058419 0.005831 0.0057665 0.0057652 0.0057176 0.0056718 0.0055621 0.0055695 0.0055606 0.0056411 0.0055977 0.0056183 0.005591 0.0055909 0.005564 0.0055887 0.0055848 0.005575 0.0056017 0.0056254 0.0055886 0.0056154 0.0055935 0.0055822 0.0055522 0.0055717 0.0055854 0.0055705 0.0055692 0.0056131 0.0056357 0.0056588 0.0057284 0.0057893 0.0058418 0.0058935 0.0058903 0.0059666 0.0060164 0.0060818 0.0060942 0.0061327 0.0061456 0.006187 0.0061931 0.0062346 0.0062477 0.0062534 0.0062271 0.0062319 0.0061795 0.0061811 0.0061851 0.0061789 0.0061026 0.0060391 0.0060108 0.0059623 0.0059814 0.0059324 0.0059018 0.005866 0.005835 0.0058001 0.0057776 0.0057634 0.0057527 0.0057366 0.0057455 0.0057339 0.0056526 0.0056825 0.0056639 0.0057021 0.0056931 0.0056934 0.0057126 0.0057656 0.005817 0.0058198 0.0058492 0.0058565
0.0058717 0.005863 0.005838 0.0058073 0.0058189 0.0057713 0.0057855 0.0057944 0.0057761 0.0057593 0.0057511 0.0057136 0.0056939 0.0056479 0.0056313 0.0055531 0.0060876 0.0054323 0.0054599 0.0054387 0.0054111 0.0053793 0.0053589 0.0053464 0.0053136 0.0052912 0.005274 0.0052549 0.0052412 0.0052338 0.0052259 0.005224 0.0052166 0.0052188 0.0052151 0.0052173 0.0052078 0.0052016 0.0051934 0.0051815 0.0051687 0.0051682 0.0051611 0.0051662 0.0051791 0.0052028 0.0052347 0.0053728 0.0053821 0.0054487 0.0054778 0.0054889 0.0055733 0.0055458 0.0055872 0.0056364 0.0056774 0.0056971 0.0057704 0.0058143 0.0058526 0.0058895 0.0059592 0.0059875 0.006035 0.0060767 0.0060921 0.0061319 0.006154 0.0061891 0.0062364 0.0062572 0.006266 0.0062933 0.0063088 0.0062895 0.0063022 0.0063046 0.0063221 0.0063557 0.0062737 0.0062851 0.0062995 0.0062732 0.0063108 0.0062567 0.0061997 0.0061919 0.0061396 0.0061401 0.0061168 0.0061011 0.0060573 0.0060151 0.0059448 0.0059348 0.0059271 0.0059175 0.0058878 0.0058523 0.0058309 0.0058027 0.0057563 0.0057564 0.0057392 0.0056942 0.0056665 0.0056685 0.0056708 0.0056464 0.0056464 0.0056462 0.0056258 0.0056542 0.0056282 0.0056584 0.0056899 0.0056783 0.0056746 0.0056593 0.0056148 0.0056037 0.0055848 0.0055763 0.0055561 0.0055636 0.0056137 0.0056436 0.0056465 0.005666 0.0057199 0.0057755 0.005816 0.0058272 0.00588 0.0059369 0.0059783 0.006019 0.0060253 0.0060516 0.0060739 0.0061012 0.0061114 0.0061464 0.0061594 0.0061381 0.006147 0.0061477 0.0060579 0.0060687 0.0061033 0.006058 0.0060484 0.0059919 0.0059599 0.0059858 0.0059061 0.0059385 0.0059161 0.0058364 0.005809 0.005801 0.0057885 0.0057905 0.0057552 0.0057587 0.0057413 0.0057113 0.0056965 0.0057168 0.0057223 0.0056659 0.0056844 0.0056813 0.00574 0.0057836 0.0058208 0.0058543 0.0058778 0.0058902
0.0058716 0.0058703 0.0058563 0.0058395 0.0058498 0.0058126 0.0057856 0.0057725 0.0057683 0.0057711 0.0057289 0.0056997 0.0057001 0.0056548 0.0056247 0.0056089 0.0054861 0.0055036 0.0054698 0.005466 0.0054421 0.0054228 0.0053946 0.0053712 0.0053545 0.0053335 0.0053082 0.0052867 0.005287 0.0052683 0.0052623 0.0052545 0.0052492 0.0052514 0.005247 0.0052473 0.0052432 0.0052366 0.0052304 0.0052094 0.0052035 0.005195 0.0051917 0.0051943 0.0052072 0.0052378 0.0052811 0.0053274 0.005411 0.0054513 0.0054895 0.005516 0.0055429 0.0055815 0.0056313 0.005681 0.0057319 0.0057926 0.005847 0.0058954 0.0059891 0.0060193 0.0060468 0.006069 0.0061059 0.0061196 0.0061558 0.0061874 0.0062082 0.0062517 0.0062587 0.0064441 0.0063221 0.0063241 0.0063302 0.0063497 0.0063441 0.0063249 0.0063304 0.0063235 0.0063127 0.0063601 0.0062801 0.0062883 0.0060735 0.0065795 0.0062212 0.0061966 0.0061846 0.0061479 0.0061525 0.0060948 0.0060673 0.0060429 0.0060258 0.0059762 0.0059718 0.0059296 0.0059066 0.0058451 0.0058471 0.0058282 0.0057761 0.0057313 0.0057114 0.0057159 0.0057097 0.0056786 0.0057199 0.0056979 0.0056829 0.0057061 0.0057312 0.0057254 0.0057242 0.0057369 0.005755 0.0057324 0.0057059 0.0056537 0.0056331 0.0056377 0.0056227 0.0055995 0.0055999 0.0056093 0.0055954 0.0056227 0.0056495 0.0056628 0.0057161 0.0057357 0.0057859 0.0057871 0.0058143 0.0058564 0.0059221 0.0059454 0.005961 0.0059431 0.006008 0.0059886 0.0060351 0.0060747 0.0060778 0.0060599 0.0060494 0.0060607 0.0060466 0.0060138 0.0060373 0.0060149 0.0060212 0.0060134 0.0059566 0.0059734 0.0059303 0.0059441 0.0059242 0.0058695 0.0058375 0.0058432 0.0058038 0.0057902 0.0057777 0.0057502 0.0057482 0.0057323 0.0056906 0.0057246 0.0057183 0.0056963 0.0057614 0.0057321 0.0057382 0.0057878 0.005838 0.0058368 0.0058569 0.0058649
0.0058525 0.0058641 0.0058574 0.0058138 0.0058435 0.0058352 0.0057622 0.0058056 0.0058027 0.005803 0.0057772 0.0057496 0.0057165 0.0056933 0.0056512 0.0056024 0.005611 0.0055697 0.0055441 0.0055176 0.0054935 0.0054659 0.0054313 0.0054077 0.0054059 0.005394 0.0053835 0.0053629 0.0053494 0.0053346 0.0053261 0.005308 0.0052996 0.0053048 0.00532 0.0053039 0.0053023 0.0053031 0.0052792 0.005257 0.0052478 0.0052413 0.0052417 0.0052661 0.0052819 0.0053293 0.0053656 0.0054071 0.0054605 0.0054955 0.0055261 0.005579 0.0056008 0.00564 0.0056925 0.0057314 0.0057882 0.0058456 0.0059024 0.0059819 0.0060744 0.0060258 0.0061406 0.0061637 0.0061716 0.0061955 0.0062325 0.006256 0.0062679 0.0062663 0.0063086 0.0063045 0.0063216 0.0063527 0.0063593 0.0063615 0.006342 0.0063751 0.0063929 0.0063768 0.0063372 0.0063272 0.0063317 0.006303 0.0062916 0.006281 0.0062635 0.0062508 0.006221 0.0061606 0.0061163 0.0061306 0.0060792 0.0060756 0.0059888 0.0060126 0.0060013 0.0059687 0.0059065 0.0058898 0.0058563 0.0058428 0.0058321 0.0058119 0.005811 0.0057913 0.0057382 0.0057398 0.0057486 0.0057613 0.0057869 0.0057959 0.0057925 0.005793 0.0057601 0.0057859 0.0057825 0.0057829 0.0057226 0.0056984 0.0056875 0.0056686 0.005627 0.0056348 0.0056102 0.0056145 0.0056007 0.0056234 0.0056463 0.005655 0.0056931 0.0056874 0.0057558 0.0058087 0.0057918 0.0057505 0.0058311 0.0058529 0.0058433 0.0059037 0.0059405 0.0058847 0.0059406 0.005976 0.0059703 0.0059435 0.0059697 0.0059628 0.0059656 0.0059653 0.0059612 0.0059746 0.0059684 0.0059447 0.0059408 0.0059573 0.0059443 0.0059074 0.0059065 0.0058733 0.0058857 0.0058428 0.0058261 0.0057962 0.0057799 0.0057574 0.0057046 0.0057099 0.0056998 0.0057212 0.0057359 0.0057413 0.0057625 0.005759 0.0057746 0.0057921 0.0058236 0.005862 0.0058111 0.0058454
0.0058446 0.0058485 0.0058438 0.0058492 0.0058407 0.0058588 0.0058247 0.0058052 0.0058205 0.0057768 0.0057581 0.0057618 0.0057391 0.0057065 0.0056748 0.005653 0.0056271 0.0056051 0.0055838 0.0055508 0.0055228 0.0055147 0.0054954 0.0054794 0.0054586 0.0054516 0.0054334 0.0054216 0.0054113 0.0054094 0.0054069 0.0053953 0.0054025 0.0054029 0.0053934 0.0053851 0.0053799 0.0053852 0.0053746 0.0054503 0.0053606 0.0053576 0.0053586 0.005369 0.0053794 0.0053996 0.0054226 0.0054593 0.005514 0.0055516 0.0055686 0.0056436 0.0056942 0.0057342 0.0057743 0.0058312 0.0058795 0.0059289 0.0059797 0.0060181 0.0060923 0.0061615 0.0061907 0.0062149 0.0062501 0.0064205 0.0062199 0.0063061 0.0063183 0.0063216 0.0063581 0.006311 0.0063461 0.0063997 0.0064225 0.0064109 0.0063965 0.0064037 0.0063648 0.0063794 0.0063561 0.0063567 0.0063359 0.0063424 0.0063109 0.0062973 0.0062614 0.00624 0.0062044 0.0061745 0.0061385 0.0061201 0.0061071 0.0060689 0.0060657 0.0060602 0.0059956 0.0059643 0.0059554 0.0059117 0.0058981 0.0058744 0.0058402 0.0058356 0.0058263 0.0058342 0.0057858 0.0058125 0.0058059 0.0058297 0.0058221 0.0058285 0.0058378 0.0058339 0.0058003 0.0058242 0.0058004 0.0057978 0.0057801 0.0057197 0.0057442 0.0057324 0.0056177 0.0056618 0.0056483 0.0056329 0.0056097 0.0055985 0.0056153 0.0056464 0.0056476 0.0056634 0.0056859 0.0055565 0.0056916 0.0057557 0.0057685 0.0057579 0.0058125 0.0058402 0.0058595 0.005797 0.0058809 0.0058967 0.0058985 0.0058513 0.0058841 0.0058773 0.0059002 0.0059149 0.0058988 0.0059179 0.0058991 0.0058797 0.005906 0.0059109 0.0058888 0.0058798 0.0058852 0.0058598 0.005843 0.005853 0.005823 0.0058127 0.0057984 0.0057308 0.0057676 0.0057548 0.005722 0.0057421 0.0057285 0.0057585 0.0057724 0.0057666 0.0057999 0.0058044 0.0057916 0.0058348 0.0058283 0.0058041
0.0058773 0.0058329 0.0058319 0.0061233 0.0058443 0.0058585 0.00586 0.0058503 0.0058381 0.0058288 0.0058112 0.0057737 0.0057691 0.0057351 0.0057231 0.0057119 0.0056856 0.0056694 0.0056244 0.0055818 0.0055199 0.0055742 0.005558 0.0055429 0.0055312 0.0055254 0.0055066 0.0055103 0.0055088 0.005493 0.0054889 0.0054764 0.0054716 0.0054611 0.0054501 0.0054414 0.005437 0.0054432 0.0054407 0.0054365 0.0054327 0.0054434 0.0054449 0.0054593 0.0054828 0.005499 0.0055256 0.0055406 0.0055898 0.0056298 0.0056921 0.0057348 0.0057842 0.0058407 0.0059051 0.0059368 0.0059783 0.0060227 0.0060785 0.0060943 0.0061396 0.0061945 0.0062443 0.0062886 0.006287 0.0062984 0.0063563 0.0063471 0.0063412 0.0063389 0.0063669 0.0063481 0.0063776 0.0063757 0.006388 0.0064101 0.0063917 0.0063628 0.0063575 0.0063723 0.0063622 0.0063566 0.0063186 0.0062948 0.0062777 0.0061853 0.006206 0.0061882 0.0061813 0.0061647 0.006153 0.0061171 0.0060743 0.0060565 0.0060739 0.0059745 0.0059601 0.0059667 0.0059491 0.0059235 0.0059166 0.0058901 0.005866 0.0058659 0.0058696 0.0058584 0.0058537 0.0058568 0.0058518 0.0058409 0.0058612 0.005851 0.0058713 0.0058493 0.0058402 0.0058287 0.0058229 0.0057925 0.0058177 0.0057888 0.0057605 0.0057488 0.005744 0.0057102 0.0056884 0.0056707 0.0056403 0.00563 0.005621 0.0056211 0.0056251 0.0056464 0.0056639 0.0056659 0.0056894 0.0057233 0.0057398 0.0057384 0.0057713 0.0057234 0.0057989 0.0057386 0.0058059 0.0058315 0.0057921 0.0058395 0.005835 0.005838 0.0058521 0.005854 0.0058429 0.0058482 0.0058806 0.0058802 0.005878 0.0058644 0.0058681 0.0058498 0.0058642 0.0058689 0.0058546 0.005836 0.0058456 0.0058327 0.0057858 0.0058048 0.005804 0.0058081 0.0057375 0.0057616 0.0057686 0.0057794 0.00575 0.0057969 0.0058249 0.0058379 0.0058268 0.0058439 0.0058508 0.0058572
0.0058692 0.0059133 0.0058743 0.0059065 0.0059016 0.0058862 0.0058756 0.0058845 0.0058055 0.0058388 0.0058194 0.0058191 0.0058223 0.00581 0.005864 0.0057535 0.0057405 0.0057223 0.0056823 0.0057047 0.0056867 0.0056528 0.0056441 0.0056345 0.005622 0.0056146 0.0055787 0.0055926 0.0055848 0.0055771 0.0055623 0.0055483 0.0055441 0.0055332 0.0055183 0.0055018 0.005501 0.0055038 0.0054921 0.0054893 0.0054903 0.0055061 0.0055241 0.0055437 0.0055716 0.0055976 0.0056189 0.0056544 0.0056804 0.0057204 0.0057599 0.0057703 0.0058556 0.0059332 0.0059902 0.0060523 0.006108 0.0061731 0.0061971 0.0062127 0.0062253 0.0062743 0.0062962 0.0062883 0.0063351 0.0063485 0.0063544 0.0063221 0.0063428 0.0063642 0.0063244 0.0063335 0.0063699 0.0063739 0.0063738 0.0063825 0.0063812 0.0063559 0.0063592 0.0063501 0.0063561 0.0063246 0.0063025 0.0061902 0.0066376 0.0071157 0.0059571 0.0061406 0.0061735 0.0061367 0.0061494 0.0060923 0.0060996 0.00604 0.0060343 0.0060066 0.0059772 0.0059674 0.005964 0.0059482 0.0059192 0.0059172 0.0059003 0.005858 0.0058917 0.0058519 0.005846 0.0058615 0.0058575 0.0058494 0.0058711 0.005871 0.0058854 0.0058577 0.0058114 0.0058189 0.0058588 0.0058167 0.0058059 0.0058295 0.0058149 0.0057896 0.0057808 0.0057205 0.0057168 0.0056634 0.0056761 0.0056506 0.0056459 0.0056065 0.005636 0.0056297 0.0056296 0.0056394 0.0056665 0.0056579 0.0056841 0.0056938 0.005673 0.0057108 0.0057378 0.0057312 0.0057579 0.0057651 0.0057399 0.0057867 0.005782 0.0057933 0.0057856 0.0057942 0.0058123 0.0058175 0.0058195 0.0058331 0.005776 0.0058413 0.005832 0.0058608 0.005853 0.0058509 0.0058208 0.0058172 0.0058551 0.0058496 0.0058156 0.0058532 0.0058495 0.0057887 0.0058273 0.005797 0.0058378 0.0058317 0.0058196 0.0058241 0.0058265 0.0058524 0.0058143 0.0058211 0.0058773 0.0057817
0.0059239 0.0059193 0.0059395 0.0059257 0.0059153 0.0059534 0.0059326 0.0059133 0.0059276 0.0059103 0.0058553 0.0058691 0.0058868 0.0058419 0.0058528 0.0058294 0.0058269 0.0058128 0.0058038 0.005799 0.0057417 0.0057607 0.0057175 0.0056983 0.005697 0.0056576 0.0056932 0.0056829 0.0056565 0.0056472 0.0056408 0.0056124 0.0056199 0.0055925 0.0056738 0.0055645 0.005564 0.0055607 0.0055525 0.0055595 0.0055684 0.0055831 0.0056152 0.0056264 0.005648 0.0056812 0.0057188 0.0057658 0.0057985 0.0058411 0.0058942 0.005954 0.0060047 0.0060692 0.0061335 0.0061912 0.0062557 0.0062999 0.0063462 0.006389 0.0064044 0.0063951 0.0063622 0.0063451 0.0063467 0.0063455 0.0063305 0.0063449 0.0063671 0.0063506 0.0063625 0.0063619 0.0063479 0.0063716 0.0063693 0.006352 0.0063403 0.0062995 0.0063591 0.0063383 0.006325 0.0063009 0.0062404 0.0062188 0.0062132 0.0061608 0.0061498 0.0061569 0.0061381 0.0061476 0.0061131 0.0060831 0.0060778 0.0060407 0.0060265 0.005995 0.0059802 0.005964 0.0059494 0.0059125 0.0058908 0.00591 0.0058955 0.0058566 0.0058659 0.0058657 0.0058693 0.0058516 0.005836 0.0058012 0.0058194 0.0058674 0.0058856 0.0058635 0.00585 0.0058542 0.0058155 0.0058399 0.0058333 0.0058278 0.0058131 0.0057761 0.0057906 0.005771 0.0057463 0.0057292 0.0057247 0.0056802 0.0056567 0.0056509 0.0056316 0.0056102 0.0056142 0.0056148 0.0055903 0.0056411 0.0056453 0.0056568 0.0055697 0.0056756 0.005694 0.0057189 0.0057253 0.0057075 0.0057196 0.0057243 0.0056726 0.0057544 0.0057508 0.0057636 0.0057548 0.0057968 0.0057894 0.005806 0.0058146 0.0058122 0.0058192 0.0058267 0.0058319 0.0058505 0.0058007 0.0058095 0.0058123 0.0058369 0.0058311 0.005831 0.0058678 0.0058672 0.0058695 0.0058487 0.005869 0.0058489 0.0058828 0.0058768 0.0058374 0.0058545 0.0058592 0.0059061 0.0058969 0.0059137
0.0058896 0.0059586 0.005962 0.0059447 0.0059554 0.0059606 0.0059497 0.0059639 0.0059177 0.005977 0.005939 0.0059331 0.0059224 0.005931 0.005875 0.0058492 0.0058485 0.0058862 0.005898 0.0058614 0.0058659 0.0058606 0.0058475 0.0058354 0.0057939 0.0057862 0.005677 0.0057694 0.005766 0.0057118 0.0057564 0.0056944 0.0057061 0.005671 0.0056412 0.0056212 0.0056297 0.0056276 0.0056323 0.0056352 0.0056391 0.0056767 0.0056994 0.0057278 0.0057543 0.0057918 0.0058586 0.0059167 0.005979 0.0060252 0.0060561 0.0060891 0.0061099 0.006155 0.0061873 0.0062361 0.0062666 0.006282 0.0063219 0.0063363 0.0063376 0.0063454 0.0063389 0.0063336 0.0063176 0.0063309 0.0063376 0.0063412 0.0063219 0.0063454 0.0063492 0.0063367 0.0063637 0.0063543 0.0063066 0.0063337 0.0063269 0.006297 0.0063004 0.0062841 0.0062573 0.0062421 0.0062525 0.0062199 0.0061717 0.0061771 0.0061244 0.0061078 0.0060969 0.0060783 0.0060783 0.0060519 0.0060184 0.0060142 0.0060118 0.0059471 0.0059598 0.0059578 0.0059392 0.0059288 0.0059199 0.005916 0.0059028 0.0058678 0.0058741 0.0058997 0.0058846 0.0058679 0.0058641 0.0058763 0.0058002 0.0058137 0.0058513 0.0058468 0.005861 0.005846 0.0058263 0.0058366 0.0058318 0.005797 0.0057782 0.0057918 0.0057812 0.0057787 0.0057378 0.0057303 0.0057268 0.0057171 0.0057026 0.0056875 0.0056703 0.0056419 0.0056388 0.0056188 0.0056001 0.0055827 0.0056011 0.0056337 0.0056556 0.0056465 0.0056566 0.0056566 0.0056703 0.0056698 0.0056736 0.0056762 0.0056889 0.0057054 0.0057057 0.0057003 0.0057275 0.0057105 0.0057336 0.0057611 0.0057843 0.0057994 0.0057878 0.0058084 0.0058633 0.0058398 0.0058243 0.0058231 0.0058233 0.0058531 0.0058521 0.0058717 0.0058763 0.0058968 0.0058855 0.0058707 0.0058656 0.0058968 0.0059079 0.005921 0.0059625 0.0059404 0.0059243 0.0059366 0.0059198 0.0059058
0.0059695 0.0059975 0.0060181 0.0059841 0.0059662 0.0059942 0.006155 0.0059473 0.0059851 0.0059903 0.005943 0.0059633 0.005973 0.0059526 0.0059879 0.0059955 0.0059894 0.0059623 0.0060125 0.0059243 0.0058891 0.0059359 0.0059338 0.0059126 0.0058819 0.0058665 0.0058395 0.0058099 0.0058278 0.0057816 0.0057949 0.0058044 0.0058104 0.0057572 0.0057937 0.0057974 0.0057571 0.0057581 0.0057656 0.0057729 0.0057542 0.0058096 0.0058285 0.0058462 0.0058848 0.0059086 0.0059479 0.006004 0.0060349 0.0060801 0.0061147 0.0061394 0.0061437 0.0061351 0.0061658 0.0061759 0.0061881 0.0062051 0.0062246 0.0062247 0.0062128 0.0062385 0.0062405 0.0062554 0.0063072 0.006278 0.0062848 0.0062984 0.0063349 0.0063049 0.0063194 0.0063057 0.0063007 0.006319 0.0062907 0.0062664 0.0062689 0.0062806 0.006263 0.0062354 0.0062155 0.0062101 0.0061933 0.0061658 0.0061378 0.0061285 0.0061089 0.0061024 0.0060836 0.0060441 0.0060059 0.0059796 0.0059961 0.0060016 0.0059666 0.0059627 0.0059443 0.0059371 0.0059273 0.0059093 0.0058848 0.0058676 0.0058569 0.0058478 0.0058698 0.0058781 0.0058709 0.0058506 0.0058574 0.0058508 0.0058711 0.0058458 0.0058373 0.0058381 0.0058158 0.0058342 0.0058093 0.0058019 0.0057701 0.0057973 0.0057534 0.0057818 0.0057732 0.0057361 0.0057399 0.0057367 0.0057302 0.0057306 0.0057139 0.0056921 0.0056795 0.0056843 0.0056674 0.0056587 0.0056328 0.005638 0.0056204 0.0056102 0.0055995 0.0055909 0.0055742 0.0055705 0.0055831 0.0055962 0.0056122 0.005628 0.0056518 0.0056598 0.0056897 0.0056829 0.0057096 0.0057064 0.0057046 0.0057163 0.0057471 0.0057374 0.005783 0.0058069 0.005824 0.0058347 0.0058435 0.0058158 0.0058583 0.005865 0.0058718 0.0058958 0.0058869 0.0058999 0.005855 0.005913 0.0059107 0.005902 0.0058763 0.0059226 0.0059338 0.0059481 0.0059822 0.0059298 0.0059627 0.0059538
0.0060192 0.0060449 0.0060474 0.006027 0.0060027 0.0060577 0.0060659 0.0060477 0.006046 0.006066 0.0060918 0.0060534 0.006061 0.0060187 0.0061049 0.0060436 0.0060323 0.0060205 0.005996 0.0059946 0.0060104 0.0059178 0.0059224 0.0059505 0.0059157 0.0059573 0.0059174 0.0060572 0.0059809 0.0059457 0.0059724 0.005917 0.005893 0.0058743 0.0058424 0.00587 0.0058414 0.0058549 0.0058674 0.0059013 0.0059193 0.0059412 0.0059557 0.005968 0.0059991 0.0060188 0.0060319 0.006049 0.0060685 0.0060922 0.0061243 0.0061744 0.0061572 0.0061602 0.0061592 0.0061544 0.0061386 0.0061358 0.0061165 0.0061391 0.0061543 0.0061703 0.0061849 0.0061819 0.0061987 0.0062258 0.006238 0.0062242 0.0062224 0.0062357 0.0062661 0.0062866 0.0062818 0.0062425 0.0062657 0.0062697 0.0062725 0.0062382 0.0062126 0.006173 0.0061764 0.0061558 0.006135 0.0061157 0.0061244 0.006114 0.0060943 0.0060727 0.0060485 0.0060468 0.0060169 0.0059532 0.0059549 0.0059552 0.0059494 0.0059048 0.0059118 0.0059081 0.0058926 0.0059003 0.0058822 0.0058801 0.0058652 0.0058204 0.005852 0.005855 0.0058311 0.0058206 0.0058184 0.0058007 0.0058213 0.0058248 0.0058399 0.0058338 0.0058171 0.0058341 0.0058369 0.0058105 0.0057774 0.005757 0.005773 0.0057954 0.0057844 0.0057512 0.0057446 0.0057345 0.0057197 0.0057329 0.0057012 0.0056984 0.0056862 0.0056744 0.0056813 0.0056632 0.0056706 0.005658 0.0056456 0.0056316 0.0056266 0.0056306 0.0056392 0.0056463 0.0056535 0.0056555 0.0056631 0.0056709 0.0056771 0.0056817 0.0056969 0.0057049 0.0056961 0.0057202 0.0057193 0.0057343 0.0057343 0.0057348 0.0057763 0.0057955 0.0058069 0.0057985 0.0058429 0.0058411 0.0058248 0.0058605 0.0058899 0.0059087 0.0058821 0.0059101 0.0059391 0.0059534 0.0057876 0.0063052 0.005853 0.0055283 0.0059393 0.0059655 0.0060145 0.0060022 0.0059454 0.0059879
0.0060196 0.0060626 0.0060379 0.0060571 0.0060586 0.0061049 0.0060441 0.0060803 0.0060888 0.0060849 0.0061053 0.006071 0.0060786 0.0061171 0.0060785 0.0061013 0.0060982 0.006025 0.0060592 0.0060768 0.0060531 0.0060925 0.0061105 0.0061424 0.0060787 0.0060086 0.0060223 0.0060243 0.0059311 0.0059635 0.0059733 0.0059517 0.0060036 0.006022 0.0060486 0.0059829 0.0059617 0.0059685 0.0059327 0.0059816 0.0059742 0.0059925 0.0060295 0.0060242 0.0060232 0.0060001 0.0060342 0.0060542 0.0060686 0.0061083 0.006129 0.0061352 0.0061342 0.0061397 0.0061431 0.0061898 0.0061336 0.0061291 0.0061395 0.0061474 0.0061764 0.0061953 0.0062089 0.0062097 0.0062092 0.0061974 0.006185 0.0061927 0.0062092 0.0061758 0.0062203 0.0062209 0.006221 0.006221 0.0062105 0.0062241 0.0061979 0.006194 0.0061547 0.006163 0.0061334 0.0061282 0.0061004 0.0061551 0.0060829 0.006054 0.0060328 0.0060111 0.006006 0.0060063 0.00598 0.0059702 0.0059553 0.0059332 0.0059342 0.0059227 0.0059538 0.0058868 0.0058714 0.0058616 0.0058539 0.0058514 0.0058468 0.0058306 0.0058357 0.0058412 0.0058422 0.0058278 0.0058077 0.0058303 0.0058158 0.0058035 0.0058225 0.0058198 0.0058153 0.0058065 0.0057972 0.0058066 0.0057761 0.0057771 0.0057735 0.0057663 0.0057435 0.0057797 0.0057787 0.0057658 0.0057317 0.0057262 0.0057256 0.0056996 0.0057242 0.0057132 0.0057163 0.0057043 0.0056787 0.0056872 0.0056765 0.0056761 0.0056715 0.0056712 0.0056655 0.0056859 0.0056886 0.0056511 0.0056737 0.005688 0.005703 0.005708 0.0056928 0.0056951 0.0057065 0.0057239 0.005732 0.0057387 0.0057509 0.0057525 0.0057629 0.0057926 0.0058069 0.0058235 0.0058251 0.0058516 0.0058546 0.0058821 0.0058922 0.0058888 0.0058922 0.0059062 0.0059228 0.0059435 0.0059445 0.0059657 0.0059449 0.0060328 0.0060393 0.0060496 0.0060525 0.006051 0.0060333 0.0060037
0.0060991 0.0060509 0.0059584 0.0059138 0.0059719 0.0060807 0.0060411 0.0058951 0.0059047 0.0060606 0.0060992 0.0060994 0.0061121 0.0060963 0.0060918 0.0060253 0.0059124 0.0059299 0.0058924 0.0060196 0.0059414 0.0059843 0.0061457 0.0062562 0.0060881 0.00602 0.006015 0.006067 0.0060412 0.0060361 0.0060314 0.0060334 0.006053 0.006018 0.005897 0.0060103 0.0059733 0.006005 0.0059922 0.0059785 0.0060412 0.0060291 0.0059979 0.0059987 0.0060296 0.0060593 0.0060725 0.0060864 0.0061015 0.0061112 0.0061189 0.0061327 0.00608 0.0061559 0.0061663 0.0061827 0.0061917 0.0061908 0.0061903 0.0061917 0.0062046 0.0059481 0.0059585 0.0061087 0.0061588 0.0061487 0.0061454 0.0061566 0.0061278 0.0061271 0.0061496 0.0061574 0.0061564 0.006159 0.0061406 0.0061442 0.0061334 0.0061367 0.0061494 0.0061394 0.0061184 0.0060778 0.006071 0.006059 0.0060549 0.0060313 0.005984 0.0059764 0.0060047 0.0059853 0.0059889 0.0059704 0.0059419 0.0059072 0.005901 0.0059139 0.005914 0.0059055 0.0058889 0.0058743 0.0058681 0.0058664 0.0058493 0.0058755 0.0058468 0.0058402 0.0058406 0.0058343 0.0058324 0.0058288 0.0058275 0.0058204 0.0058062 0.0057852 0.0057856 0.005783 0.0058007 0.0057733 0.0057756 0.0057454 0.0057592 0.0057699 0.0057745 0.0057781 0.0057749 0.0057797 0.0057683 0.0057608 0.0057489 0.0057325 0.0057444 0.0057266 0.0057147 0.0056934 0.005607 0.0056744 0.0057049 0.0057086 0.0057177 0.0057106 0.0056958 0.0056988 0.0056996 0.0056975 0.005702 0.0056945 0.0057132 0.0057002 0.0057099 0.0056943 0.0057166 0.0057338 0.0057312 0.0057456 0.0057614 0.0057693 0.0057812 0.005788 0.0057758 0.0058011 0.005811 0.005834 0.005866 0.0058858 0.0058927 0.0058951 0.0059113 0.0059409 0.0059428 0.005929 0.0059594 0.005935 0.0059551 0.0059833 0.0059731 0.0060496 0.0060898 0.0060804 0.0060501 0.0060773
0.0059898 0.0059426 0.0059435 0.0059816 0.0059911 0.0059737 0.0059574 0.0059558 0.0059683 0.0059618 0.0059677 0.005908 0.0060011 0.0059824 0.0059943 0.0060267 0.0060257 0.0060412 0.0060416 0.0060207 0.0060128 0.0060556 0.0060473 0.0060588 0.0060773 0.0060928 0.0060617 0.0059763 0.0060029 0.005962 0.0059834 0.0059991 0.0060117 0.0060157 0.0059995 0.0060235 0.0060077 0.0060438 0.0060377 0.0060341 0.00604 0.006051 0.0060495 0.0060319 0.0060092 0.0060181 0.0060316 0.0060464 0.0060568 0.0060865 0.0061136 0.0060986 0.0061116 0.006126 0.0061421 0.0061459 0.0061299 0.0061509 0.0061766 0.006174 0.0061903 0.0062002 0.0061938 0.0062011 0.0061808 0.0061815 0.006207 0.006186 0.0061493 0.0061284 0.0061055 0.0060932 0.0060642 0.0060746 0.0060779 0.006017 0.0060011 0.006016 0.006054 0.0060586 0.0060175 0.0060375 0.0059768 0.0058053 0.0059061 0.0060209 0.0056215 0.0056871 0.0059195 0.0054992 0.0056304 0.0058037 0.0056959 0.0055698 0.0057536 0.0055231 0.0055625 0.005779 0.005688 0.0055759 0.0056116 0.0056427 0.0056855 0.0058162 0.0058298 0.0058045 0.0058212 0.005825 0.0058314 0.0058226 0.0058185 0.0058161 0.0058118 0.0058077 0.0057899 0.0057968 0.0057897 0.005788 0.0057808 0.0057141 0.0058958 0.0057076 0.0057672 0.0057579 0.0057503 0.0057632 0.0057528 0.0057441 0.0057477 0.00575 0.005752 0.0057548 0.0057469 0.0057504 0.0057483 0.0057497 0.0057555 0.0057555 0.0057393 0.0057463 0.0057375 0.0057247 0.0057039 0.0057111 0.005714 0.0056879 0.005661 0.005666 0.0056833 0.0057021 0.0057129 0.0057021 0.0057318 0.0057499 0.0057502 0.0057772 0.0057678 0.0057908 0.0057856 0.0057903 0.0058042 0.0058295 0.0058407 0.0058685 0.0058742 0.0058953 0.0058851 0.0058828 0.0058984 0.0059436 0.005941 0.0059513 0.0059548 0.0059728 0.0059805 0.0059613 0.0059575 0.0060093 0.0060104 0.0060005
0.0056746 0.0056796 0.0056889 0.0057082 0.0056894 0.005691 0.0057004 0.0056956 0.0056995 0.005707 0.0057157 0.005723 0.0057314 0.0057394 0.0057513 0.00576 0.0057621 0.0057723 0.0057721 0.0057806 0.0057846 0.0057936 0.0058027 0.0058175 0.0058294 0.0058523 0.0058832 0.0059193 0.005918 0.0059448 0.0059776 0.005943 0.0059484 0.0060136 0.005835 0.0058337 0.0057697 0.0058629 0.0056627 0.0057051 0.0057768 0.0058137 0.005969 0.005971 0.0059794 0.0060063 0.0060341 0.0060194 0.0059516 0.0059349 0.0057557 0.0057415 0.0056798 0.005747 0.0059208 0.0057885 0.0057569 0.0057506 0.0057528 0.0057913 0.0060109 0.0059435 0.0059672 0.0059676 0.0059949 0.0060173 0.0060513 0.0059231 0.0058651 0.0057677 0.0057715 0.0057752 0.0056207 0.0056982 0.0056333 0.005543 0.0054855 0.0055389 0.0054712 0.0054175 0.0054055 0.0053417 0.0053516 0.0053188 0.0053181 0.0053303 0.0052885 0.0052841 0.0052873 0.0052707 0.005283 0.0053033 0.0052577 0.0052577 0.0053023 0.0052689 0.005272 0.0052441 0.0052442 0.0052498 0.0053029 0.0053237 0.0053188 0.0053196 0.0053197 0.005335 0.0052806 0.0054387 0.0054728 0.0056836 0.0056672 0.005487 0.0055608 0.0057549 0.0056489 0.0056778 0.0055896 0.0056302 0.005713 0.0055373 0.0055506 0.0055254 0.0055518 0.0055634 0.0056422 0.0057515 0.0055933 0.0056212 0.0056213 0.0056169 0.005641 0.0056329 0.0056335 0.0056432 0.0056497 0.0056575 0.0056859 0.0057189 0.0057504 0.0057518 0.0057537 0.0057531 0.0057539 0.0057431 0.0057514 0.0057332 0.0057365 0.0057456 0.0057507 0.0057709 0.0057711 0.0057822 0.0057856 0.0057932 0.0057916 0.005787 0.0057884 0.0058011 0.0058059 0.0057911 0.0057952 0.0058034 0.0058145 0.0058161 0.0058155 0.0058132 0.0058042 0.0057951 0.0057909 0.0057639 0.0057353 0.0057416 0.0057379 0.005734 0.0057298 0.0057126 0.0056957 0.0056799 0.0056789 0.0056755
0.0055576 0.0055585 0.0055598 0.0055591 0.0055597 0.005557 0.0055609 0.0055646 0.0055678 0.0055736 0.0055813 0.0055916 0.0055952 0.0056038 0.0056094 0.0056232 0.0056366 0.0056387 0.0056628 0.0056632 0.0056755 0.0056791 0.0056793 0.0056778 0.0056747 0.0056568 0.0057044 0.0056931 0.0056736 0.0055019 0.0054632 0.0054156 0.0054861 0.0055168 0.0054152 0.0054647 0.0054037 0.0054119 0.0054116 0.0053871 0.0053586 0.0053863 0.0053387 0.0053145 0.0053167 0.0053521 0.0053465 0.0053357 0.0053525 0.0053707 0.0054071 0.0054455 0.0055092 0.0055345 0.0054272 0.005455 0.0054044 0.0053719 0.0053674 0.0053999 0.005373 0.0055514 0.0055317 0.0057814 0.0058368 0.005902 0.0059568 0.0059938 0.0059858 0.0058685 0.0057731 0.0056619 0.0055723 0.005512 0.0054834 0.0054307 0.0054026 0.0053744 0.0053552 0.0053437 0.0053332 0.0053188 0.0053094 0.0053016 0.0052895 0.0052789 0.0052732 0.0052656 0.0052611 0.005261 0.0052608 0.0052589 0.0052574 0.0052537 0.0052487 0.0052446 0.0052404 0.005237 0.005235 0.0052325 0.0052305 0.0052264 0.0052234 0.0052205 0.0052181 0.0052162 0.0052153 0.0052138 0.0052158 0.0052295 0.0052501 0.0052795 0.0052743 0.0052859 0.0052608 0.0052824 0.0053178 0.0053299 0.0053095 0.0052897 0.0052786 0.0052845 0.0053325 0.005299 0.0053129 0.0052887 0.0053073 0.0053157 0.0052994 0.0053106 0.0052829 0.0052896 0.0053125 0.0053503 0.0053333 0.0053256 0.0053363 0.0053068 0.0053237 0.0053282 0.0053585 0.0054304 0.0054506 0.005486 0.0056146 0.0056026 0.0056954 0.0057559 0.0057666 0.0057548 0.0057442 0.0057383 0.0057382 0.0057405 0.0057589 0.0057668 0.0057599 0.0057563 0.0057329 0.0057226 0.0057151 0.0057117 0.0057022 0.0056916 0.0056818 0.0056719 0.00566 0.0056487 0.0056423 0.0056362 0.0056254 0.0056226 0.0056108 0.0056043 0.0056001 0.0055927 0.0055791 0.0055691 0.0055624 0.0055602
0.0056253 0.0055849 0.0056209 0.0056656 0.0056896 0.0057648 0.005393 0.0053657 0.0054168 0.0054632 0.005342 0.0054159 0.0053692 0.0053514 0.0053644 0.0054173 0.005285 0.0052549 0.0052499 0.0052519 0.0052523 0.0052888 0.0053833 0.0053245 0.0053213 0.0053497 0.0054364 0.0053679 0.0053524 0.0054111 0.0053822 0.005232 0.0052409 0.0052861 0.0052428 0.0052304 0.005229 0.0052279 0.0052304 0.0052352 0.005233 0.0052491 0.0052386 0.0052288 0.0052336 0.0052253 0.0052181 0.0052195 0.0052194 0.0052353 0.0052359 0.0052316 0.0052402 0.0052714 0.0052674 0.005251 0.0052535 0.0052583 0.0052672 0.0052768 0.0052817 0.0052718 0.0052942 0.0052782 0.0052718 0.0052715 0.0053157 0.0053174 0.0053885 0.0054341 0.0054689 0.0055577 0.0054976 0.0054908 0.0054788 0.0055116 0.005557 0.0056105 0.0056333 0.0056418 0.0056687 0.0056837 0.0055705 0.0054656 0.0053645 0.0053528 0.005367 0.0053843 0.0054098 0.0054714 0.0055849 0.0055713 0.0052939 0.0052619 0.0052593 0.0052703 0.0052612 0.0052536 0.0052388 0.0052309 0.0052274 0.0052367 0.0052253 0.00522 0.0052169 0.0052142 0.0052114 0.0052096 0.0052083 0.0052061 0.005205 0.0052052 0.0052061 0.005207 0.0052081 0.00521 0.0052119 0.0052134 0.0052142 0.0052132 0.0052154 0.0052184 0.0052194 0.0052172 0.0052164 0.0052163 0.0052159 0.0052162 0.0052172 0.0052155 0.0052163 0.0052156 0.0052149 0.0052166 0.0052199 0.0052199 0.0052287 0.0052278 0.0052258 0.0052475 0.0052229 0.0052232 0.005223 0.0052656 0.0052712 0.005278 0.0052981 0.0053593 0.0053001 0.0052673 0.0052892 0.005266 0.0053209 0.0053363 0.0053818 0.0054357 0.0053376 0.0053828 0.0054219 0.0054467 0.0054359 0.0053718 0.0054026 0.0055134 0.0054707 0.0054827 0.0055465 0.0056681 0.0056002 0.0056933 0.0056139 0.0055535 0.0055137 0.0054714 0.0055176 0.0055803 0.0056201 0.0055279 0.0055346 0.0055508
0.005192 0.0052022 0.0051976 0.0052002 0.0052067 0.0052005 0.0052014 0.0051989 0.0051861 0.0051829 0.0051833 0.0051842 0.0051883 0.0051909 0.0051864 0.0051803 0.0051796 0.0051806 0.0051791 0.0051788 0.0051805 0.0051874 0.0051873 0.0051714 0.0051722 0.0051718 0.0051756 0.0051773 0.0051798 0.0051806 0.0051821 0.0051755 0.0051699 0.0051738 0.0051702 0.005163 0.0051589 0.0051586 0.0051578 0.0051583 0.0051633 0.0051615 0.0051681 0.0051662 0.0051624 0.0051545 0.0051533 0.0051516 0.0051546 0.0051579 0.0051577 0.0051575 0.0051592 0.0051607 0.0051674 0.0051758 0.0051766 0.0051808 0.0051838 0.0051838 0.0051795 0.005176 0.0051751 0.0051736 0.0051726 0.0051722 0.005171 0.0051724 0.0051742 0.0051772 0.0051931 0.0052197 0.0052248 0.0052161 0.0052143 0.0052078 0.0052174 0.0052093 0.0052067 0.0052141 0.0052034 0.0051983 0.0051964 0.0051961 0.0052011 0.0051954 0.0051996 0.005211 0.0052012 0.0052085 0.0051942 0.0051893 0.0051931 0.0051869 0.005181 0.0051801 0.0051829 0.005182 0.0051863 0.0051848 0.0051803 0.0051741 0.0051747 0.0051799 0.0051804 0.0051718 0.0051702 0.0051683 0.0051659 0.0051646 0.0051638 0.0051667 0.0051637 0.0051645 0.0051654 0.0051671 0.005168 0.0051707 0.0051685 0.00518 0.0051653 0.0051672 0.0051698 0.0051732 0.0051822 0.0051873 0.0051742 0.0051733 0.0051784 0.0051784 0.005184 0.0051764 0.0051661 0.0051664 0.0051664 0.0051658 0.005166 0.0051693 0.0051757 0.0051766 0.005177 0.0051784 0.00518 0.0051776 0.0051819 0.0051819 0.0051829 0.0051793 0.0051742 0.0051682 0.0051735 0.0051684 0.0051765 0.005173 0.0051649 0.0051655 0.0051678 0.005189 0.0051803 0.0051871 0.0051785 0.0051957 0.0051957 0.0052046 0.0052038 0.0052062 0.0051993 0.0051956 0.0051978 0.0051991 0.0051966 0.0052038 0.0052092 0.0052078 0.0052091 0.0052111 0.0052034 0.0052074 0.0052147 0.0052016
0.00514 0.0051387 0.0051399 0.0051428 0.005143 0.0051335 0.0051329 0.0051285 0.0051277 0.0051282 0.0051283 0.0051268 0.0051268 0.0051265 0.0051264 0.0051257 0.005125 0.005124 0.0051245 0.0051242 0.0051232 0.005124 0.005126 0.0051245 0.0051242 0.0051251 0.0051232 0.0051203 0.0051186 0.0051163 0.005115 0.0051136 0.0051129 0.0051117 0.0051108 0.0051101 0.0051095 0.0051087 0.0051084 0.0051077 0.0051078 0.0051077 0.0051067 0.0051067 0.0051065 0.0051065 0.0051063 0.0051063 0.0051066 0.0051072 0.0051085 0.0051096 0.0051114 0.0051134 0.0051153 0.0051181 0.0051196 0.0051207 0.0051224 0.0051223 0.0051216 0.0051235 0.005124 0.0051248 0.0051257 0.0051272 0.0051282 0.0051289 0.0051287 0.0051294 0.0051301 0.0051303 0.0051317 0.0051331 0.0051342 0.0051352 0.0051364 0.0051371 0.0051393 0.0051405 0.0051395 0.0051389 0.005139 0.0051404 0.0051389 0.005141 0.0051412 0.00514 0.0051404 0.0051404 0.0051402 0.0051424 0.0051451 0.005144 0.0051417 0.0051391 0.0051378 0.0051399 0.005146 0.0051474 0.0051442 0.0051389 0.0051387 0.0051377 0.0051365 0.0051353 0.0051345 0.0051331 0.0051319 0.0051306 0.0051307 0.0051298 0.005129 0.0051282 0.0051276 0.0051267 0.0051264 0.0051258 0.005125 0.0051249 0.005125 0.0051251 0.0051247 0.0051253 0.0051263 0.0051255 0.005125 0.005124 0.0051226 0.005122 0.0051216 0.0051212 0.0051205 0.00512 0.0051185 0.0051172 0.0051157 0.0051139 0.0051127 0.0051119 0.0051113 0.0051107 0.0051105 0.0051107 0.0051107 0.00511 0.0051106 0.0051115 0.0051116 0.0051124 0.0051136 0.005115 0.0051161 0.0051176 0.0051199 0.0051214 0.0051233 0.0051254 0.0051236 0.0051215 0.0051216 0.0051222 0.0051232 0.0051233 0.0051222 0.0051232 0.0051236 0.005124 0.0051253 0.0051258 0.0051281 0.0051291 0.0051301 0.0051313 0.0051325 0.0051337 0.0051353 0.0051363 0.0051367 0.0051383
