0.00028058 0.00028072 0.00028087 0.00028092 0.00028092 0.00028089 0.00028088 0.00028092 0.00028103 0.00028114 0.00028158 0.00028173 0.00028165 0.00028182 0.00028237 0.00028265 0.00028277 0.00028295 0.000283 0.0002827 0.00028253 0.00028293 0.00028298 0.00028286 0.00028271 0.00028265 0.00028248 0.00028252 0.00028276 0.00028267 0.00028292 0.00028321 0.00028306 0.00028287 0.00028315 0.00028295 0.00028271 0.00028254 0.00028231 0.00028214 0.000282 0.00028179 0.00028162 0.00028156 0.0002815 0.00028151 0.00028148 0.00028151 0.00028148 0.00028144 0.00028137 0.00028136 0.00028128 0.00028125 0.00028124 0.00028124 0.00028102 0.00028095 0.00028088 0.00028089 0.00028084 0.00028079 0.00028079 0.00028069 0.00028073 0.00028082 0.00028085 0.00028049 0.00028034 0.00028038 0.00028021 0.00028018 0.00028018 0.00028019 0.00028007 0.00027999 0.00027995 0.00027992 0.00027988 0.0002799 0.00027985 0.00027992 0.00027993 0.00027988 0.00027994 0.00027996 0.00027995 0.00027993 0.00027992 0.00027994 0.00027998 0.00028006 0.0002801 0.00028011 0.00028013 0.00028016 0.00028013 0.00028016 0.0002802 0.00028019 0.00028013 0.00028012 0.00028009 0.00028007 0.00028012 0.00028013 0.00028015 0.00028019 0.00028021 0.00028022 0.00028025 0.0002802 0.00028011 0.00028017 0.00028032 0.00028041 0.00028037 0.00028037 0.00028039 0.00028045 0.0002805 0.00028054 0.00028057 0.00028064 0.00028074 0.00028083 0.00028083 0.00028091 0.00028098 0.00028103 0.00028107 0.0002811 0.00028113 0.00028117 0.00028119 0.00028127 0.00028128 0.00028128 0.00028127 0.00028129 0.00028116 0.00028118 0.00028112 0.00028102 0.00028107 0.00028106 0.00028103 0.00028095 0.00028085 0.00028077 0.00028075 0.00028071 0.00028071 0.00028059 0.00028052 0.00028047 0.00028044 0.00028039 0.00028037 0.0002804 0.00028038 0.00028035 0.00028033 0.00028027 0.00028026 0.00028023 0.00028026 0.00028029 0.00028031 0.00028033 0.00028038 0.00028043 0.00028044 0.00028046 0.00028047 0.00028051 0.00028054 0.00028055 0.00028055 0.00028058
0.00028536 0.00028555 0.00028563 0.00028592 0.00028585 0.00028598 0.00028577 0.00028574 0.00028568 0.00028549 0.00028548 0.00028546 0.00028524 0.00028497 0.00028485 0.00028482 0.00028486 0.00028489 0.00028487 0.00028478 0.00028476 0.00028487 0.00028517 0.00028526 0.0002852 0.00028508 0.00028508 0.00028485 0.00028503 0.00028466 0.00028521 0.00028525 0.0002849 0.00028487 0.00028485 0.00028486 0.00028479 0.0002847 0.00028475 0.00028471 0.0002846 0.00028471 0.00028462 0.00028457 0.00028449 0.00028445 0.00028443 0.00028428 0.00028418 0.00028405 0.00028371 0.00028408 0.00028362 0.00028296 0.00028303 0.00028288 0.00028257 0.00028224 0.00028208 0.00028201 0.00028246 0.00028112 0.00028134 0.00028061 0.00028041 0.00028035 0.00028017 0.00028006 0.00027999 0.00027992 0.00027976 0.00027965 0.00027984 0.00027978 0.00027896 0.00027879 0.00027856 0.00027826 0.00027816 0.00027869 0.00027772 0.00027709 0.00027705 0.00027672 0.00027663 0.00027665 0.00027674 0.00027684 0.00027696 0.00027705 0.00027717 0.0002772 0.00027725 0.00027725 0.00027727 0.00027862 0.0002783 0.00027888 0.00027844 0.00027911 0.00027909 0.0002791 0.00027937 0.00027941 0.00027954 0.0002798 0.00027999 0.00028045 0.00028072 0.00028087 0.00028045 0.00028042 0.00028053 0.0002806 0.00028066 0.00028065 0.0002808 0.0002809 0.0002811 0.00028111 0.00028131 0.00028147 0.0002815 0.00028164 0.00028184 0.0002818 0.00028183 0.00028203 0.00028223 0.00028217 0.00028236 0.00028239 0.00028243 0.00028259 0.00028293 0.00028326 0.00028349 0.00028384 0.00028367 0.00028323 0.00028286 0.00028276 0.00028269 0.00028261 0.0002825 0.00028252 0.00028238 0.00028169 0.0002816 0.00028155 0.00028155 0.00028159 0.00028171 0.00028169 0.00028167 0.00028169 0.00028186 0.00028215 0.00028239 0.00028237 0.00028257 0.00028275 0.00028297 0.00028306 0.00028336 0.00028358 0.00028384 0.00028396 0.00028431 0.00028442 0.00028484 0.00028485 0.0002849 0.00028487 0.00028506 0.00028479 0.00028416 0.00028446 0.00028533 0.00028579
0.00028397 0.00028401 0.00028407 0.00028409 0.00028412 0.00028411 0.00028415 0.00028426 0.00028426 0.00028424 0.00028424 0.00028425 0.0002843 0.00028447 0.00028432 0.00028416 0.00028419 0.00028446 0.00028443 0.00028444 0.00028444 0.00028448 0.00028454 0.00028457 0.00028453 0.00028454 0.00028463 0.00028486 0.000285 0.00028532 0.00028606 0.00028612 0.00028607 0.00028607 0.00028616 0.00028583 0.00028627 0.00028604 0.00028591 0.00028577 0.00028625 0.00028683 0.00028673 0.00028676 0.00028631 0.00028623 0.00028601 0.00028579 0.00028559 0.00028539 0.00028545 0.00028519 0.00028515 0.00028507 0.00028562 0.0002858 0.00028519 0.00028479 0.00028489 0.0002857 0.00028533 0.00028322 0.00028291 0.00028303 0.00028335 0.00028357 0.00028317 0.00028339 0.00028333 0.00028229 0.00028266 0.00028237 0.00028157 0.00028134 0.00028148 0.00028077 0.00028166 0.00028236 0.00028308 0.0002822 0.00028178 0.00028158 0.00028177 0.00028181 0.00028211 0.00028173 0.00028155 0.00028116 0.00028113 0.00028144 0.00028106 0.0002811 0.00028139 0.0002813 0.00028129 0.00028133 0.00028138 0.00028151 0.00028161 0.00028189 0.0002818 0.00028212 0.00028288 0.00028361 0.00028342 0.00028331 0.00028324 0.00028328 0.00028319 0.00028334 0.00028357 0.00028371 0.00028382 0.00028399 0.00028344 0.0002836 0.00028388 0.00028394 0.00028376 0.00028355 0.00028352 0.00028361 0.0002837 0.00028393 0.00028418 0.00028439 0.00028439 0.00028423 0.00028424 0.00028411 0.000284 0.00028392 0.00028382 0.00028384 0.00028392 0.00028415 0.00028542 0.00028774 0.00028851 0.00028802 0.00028674 0.00028615 0.00028592 0.00028599 0.000285 0.00028448 0.00028424 0.00028396 0.00028409 0.00028425 0.00028397 0.00028404 0.00028417 0.00028451 0.00028489 0.00028501 0.00028507 0.00028512 0.00028504 0.00028503 0.000285 0.00028464 0.00028431 0.00028414 0.00028407 0.00028429 0.00028446 0.00028465 0.00028495 0.00028537 0.00028481 0.00028494 0.00028486 0.00028475 0.00028458 0.00028447 0.00028437 0.00028434 0.00028407 0.00028396
0.00028423 0.00028428 0.00028433 0.00028437 0.00028439 0.0002844 0.00028444 0.00028448 0.00028453 0.00028457 0.00028462 0.00028469 0.00028476 0.00028481 0.00028478 0.0002848 0.00028484 0.00028493 0.000285 0.00028506 0.00028512 0.0002852 0.00028528 0.00028536 0.00028547 0.00028559 0.00028569 0.00028582 0.00028605 0.00028631 0.00028616 0.00028583 0.00028577 0.00028564 0.00028588 0.00028612 0.00028609 0.000286 0.00028613 0.00028626 0.00028573 0.00028573 0.00028577 0.0002858 0.00028585 0.00028591 0.00028585 0.00028692 0.00028713 0.00028728 0.00028708 0.00028711 0.00028695 0.00028694 0.000287 0.00028691 0.00028679 0.00028738 0.00028755 0.00028754 0.00028657 0.00028727 0.00028708 0.00028683 0.00028753 0.00028691 0.00028694 0.00028688 0.00028771 0.000287 0.00028762 0.00028811 0.00028848 0.0002885 0.00028816 0.00028783 0.00028791 0.00028787 0.00028786 0.00028807 0.00028802 0.00028794 0.00028761 0.00028769 0.00028773 0.00028756 0.00028742 0.00028738 0.00028749 0.00028746 0.00028688 0.00028685 0.00028705 0.00028785 0.00028689 0.00028672 0.0002865 0.0002864 0.00028646 0.00028616 0.00028661 0.00028548 0.00028584 0.00028526 0.00028614 0.00028665 0.00028677 0.00028627 0.00028602 0.00028609 0.00028619 0.00028647 0.000287 0.00028717 0.00028735 0.00028733 0.00028644 0.00028648 0.00028633 0.00028631 0.00028615 0.00028616 0.00028545 0.00028527 0.00028542 0.00028555 0.00028555 0.00028523 0.00028522 0.00028554 0.00028538 0.00028541 0.00028578 0.00028581 0.00028624 0.00028744 0.00028903 0.00028885 0.0002889 0.00028886 0.00028889 0.00028651 0.00028628 0.0002864 0.00028632 0.0002866 0.00028652 0.00028635 0.0002863 0.00028629 0.00028617 0.00028592 0.00028569 0.00028557 0.00028547 0.00028514 0.000285 0.0002851 0.00028577 0.00028653 0.00028752 0.00028809 0.00028732 0.00028618 0.00028447 0.00028447 0.00028377 0.00028359 0.00028353 0.0002835 0.00028376 0.00028427 0.00028545 0.00028543 0.00028478 0.00028431 0.00028411 0.00028404 0.00028409 0.00028417
0.00028497 0.00028513 0.00028513 0.00028546 0.00028489 0.00028505 0.00028516 0.00028526 0.00028538 0.00028551 0.00028564 0.0002858 0.00028615 0.00028623 0.00028578 0.00028575 0.00028582 0.00028592 0.00028605 0.00028616 0.00028627 0.00028636 0.0002864 0.00028649 0.00028656 0.00028667 0.00028681 0.00028688 0.00028693 0.000287 0.00028709 0.00028741 0.00028734 0.00028739 0.00028762 0.00028753 0.00028709 0.00028717 0.00028711 0.00028717 0.00028754 0.00028723 0.00028658 0.0002867 0.00028636 0.00028606 0.0002862 0.00028656 0.00028667 0.00028643 0.00028675 0.00028654 0.00028701 0.00028875 0.00028821 0.00028859 0.0002891 0.00028809 0.00028901 0.00028879 0.00028812 0.00028836 0.0002885 0.00028843 0.00028843 0.00028832 0.00028843 0.00028845 0.00028829 0.0002881 0.00028832 0.00028798 0.00028761 0.00028766 0.00028771 0.00028775 0.00028763 0.00028763 0.00028758 0.00028765 0.00028858 0.00028746 0.00028712 0.00028701 0.00028696 0.00028701 0.00028698 0.000287 0.00028695 0.00028693 0.00028689 0.00028694 0.00028672 0.00028634 0.00028592 0.00028528 0.00028382 0.00028207 0.00028412 0.00028444 0.00028548 0.00028621 0.00028609 0.00028634 0.00028697 0.00028739 0.00028768 0.00028816 0.00028808 0.00028784 0.0002874 0.00028803 0.00028826 0.00028852 0.0002885 0.00028866 0.00028873 0.00028891 0.00028885 0.00028885 0.0002888 0.00028889 0.00028876 0.00028861 0.00028858 0.00028873 0.00028783 0.0002879 0.00028805 0.00028821 0.00028834 0.00028882 0.00028894 0.00028914 0.00028923 0.00028918 0.00028911 0.00028781 0.00028603 0.00028559 0.00028549 0.0002854 0.00028536 0.00028576 0.00028595 0.000286 0.00028586 0.0002862 0.0002864 0.00028659 0.00028686 0.00028705 0.00028729 0.00028682 0.00028706 0.00028752 0.00028782 0.00028716 0.00028686 0.00028695 0.00028798 0.00028763 0.00028696 0.00028694 0.00028724 0.00028716 0.00028797 0.00028668 0.00028505 0.00028428 0.00028429 0.00028465 0.00028503 0.0002856 0.00028629 0.00028479 0.00028506 0.00028507 0.00028462 0.00028476
0.00028572 0.00028582 0.00028585 0.00028609 0.00028605 0.00028596 0.00028597 0.00028605 0.0002861 0.0002865 0.00028622 0.00028641 0.00028653 0.00028659 0.00028676 0.00028701 0.00028678 0.00028724 0.00028661 0.00028717 0.00028692 0.000287 0.00028694 0.00028791 0.00028877 0.0002867 0.00028762 0.00028863 0.00028817 0.00028837 0.00028823 0.00028824 0.00028818 0.00028822 0.00028832 0.00028836 0.00028837 0.00028834 0.00028814 0.00028806 0.00028808 0.00028762 0.00028885 0.00028907 0.00028713 0.0002875 0.00028747 0.0002872 0.0002871 0.00028778 0.00028833 0.00028757 0.00028906 0.0002886 0.00028874 0.00028917 0.00028971 0.00028716 0.00028848 0.00028745 0.00028891 0.00028842 0.00028715 0.00028805 0.00028808 0.00028871 0.00028878 0.00028864 0.00028858 0.0002885 0.00028841 0.00028846 0.00028842 0.00028844 0.00028838 0.00028831 0.00028837 0.00028846 0.00028838 0.00028794 0.00028814 0.00028848 0.00028791 0.00028784 0.00028789 0.00028833 0.00028763 0.000288 0.00028766 0.00028773 0.00028784 0.0002876 0.00028747 0.00028688 0.00028519 0.0002852 0.00028426 0.00028533 0.00028647 0.00028708 0.00028692 0.00028746 0.00028755 0.0002877 0.00028785 0.0002883 0.00028794 0.00028818 0.00028768 0.00028823 0.00028735 0.00028795 0.00028761 0.00028762 0.0002869 0.00028669 0.00028818 0.00028853 0.00028909 0.00028919 0.00028931 0.00028928 0.00028933 0.00028929 0.00028939 0.00028931 0.00028923 0.00028934 0.00028929 0.00028938 0.00028925 0.0002892 0.00028939 0.00028934 0.00028935 0.00028936 0.0002895 0.00028954 0.00028939 0.00028939 0.00028938 0.00028947 0.0002888 0.00028799 0.00028841 0.00028729 0.00028625 0.00028626 0.00028627 0.00028605 0.00028619 0.00028641 0.00028728 0.00028966 0.0002893 0.00028743 0.00028702 0.00028813 0.00028574 0.00028582 0.00028711 0.00028598 0.00028535 0.00028506 0.00028491 0.00028516 0.00028486 0.00028577 0.00028523 0.00028514 0.00028517 0.00028531 0.00028561 0.00028496 0.00028477 0.00028505 0.00028528 0.00028551 0.00028552 0.00028556
0.00028735 0.00028681 0.00028664 0.00028659 0.00028641 0.00028697 0.00028688 0.00028757 0.00028747 0.00028755 0.00028749 0.00028752 0.00028819 0.00028783 0.00028773 0.00028783 0.00028801 0.00028799 0.00028824 0.00028799 0.00028787 0.00028797 0.00028787 0.0002881 0.00028795 0.00028821 0.0002886 0.00028875 0.00028845 0.00028865 0.00028859 0.00028865 0.00028866 0.00028865 0.00028864 0.00028867 0.0002886 0.00028865 0.0002886 0.00028861 0.00028858 0.00028862 0.00028847 0.0002882 0.00028807 0.00028765 0.00028663 0.00028804 0.00028642 0.00028697 0.00028856 0.00028813 0.00028781 0.00028676 0.00028704 0.00028747 0.00028783 0.00028779 0.00028803 0.00028794 0.00028851 0.00028887 0.00028853 0.00028865 0.00028902 0.00028907 0.00028901 0.00028909 0.00028909 0.00028901 0.00028893 0.0002889 0.00028878 0.00028881 0.00028874 0.00028873 0.00028867 0.00028847 0.00028806 0.00028811 0.00028797 0.00028769 0.00028756 0.00028726 0.00028773 0.00028811 0.00028783 0.0002879 0.00028751 0.00028775 0.00028778 0.00028766 0.00028697 0.00028666 0.00028639 0.00028603 0.00028501 0.00028412 0.00028657 0.00028887 0.0002896 0.00028997 0.00029001 0.00028755 0.00028807 0.0002878 0.00028787 0.00028823 0.00028771 0.00028834 0.00028782 0.00028775 0.00028761 0.0002885 0.00028921 0.00028883 0.00028773 0.00028746 0.00028662 0.00028614 0.00028592 0.0002851 0.00028479 0.00028599 0.00028739 0.00028826 0.00028881 0.00028877 0.00028857 0.00028817 0.00028705 0.00028847 0.00028888 0.00028731 0.00028842 0.00028884 0.00028944 0.00028924 0.00028876 0.00028858 0.00028787 0.00028791 0.00028751 0.00028847 0.00028959 0.00028949 0.00028915 0.0002889 0.00028763 0.00028767 0.00028778 0.00028621 0.0002876 0.00028819 0.00028821 0.00028656 0.00028581 0.000286 0.00028554 0.00028564 0.00028586 0.00028551 0.0002855 0.00028604 0.00028578 0.00028568 0.00028596 0.00028618 0.00028628 0.00028624 0.00028603 0.00028624 0.00028669 0.00028602 0.00028607 0.0002862 0.00028662 0.00028694 0.00028714 0.00028676
0.00028776 0.00028795 0.00028751 0.00028778 0.00028745 0.00028741 0.00028764 0.00028907 0.00028806 0.0002879 0.00028971 0.00029041 0.0002883 0.00028854 0.00028857 0.00028879 0.00028838 0.0002886 0.00028861 0.00028827 0.00028827 0.00028874 0.00028873 0.00028904 0.00028875 0.0002889 0.00028899 0.00028904 0.00028898 0.00028892 0.00028893 0.00028889 0.00028896 0.00028889 0.00028809 0.00028876 0.00028877 0.00028874 0.00028868 0.00028867 0.00028857 0.00028847 0.00028848 0.0002885 0.00028858 0.00028869 0.00028853 0.00028836 0.000288 0.00028778 0.00028802 0.000287 0.0002867 0.00028742 0.00028843 0.00028859 0.00028845 0.00028909 0.00028938 0.00028944 0.00028951 0.00028947 0.00028937 0.00028926 0.0002892 0.00028919 0.00028912 0.00028871 0.00028909 0.00028888 0.00028859 0.0002883 0.00028823 0.00028791 0.0002878 0.00028794 0.00028776 0.00028811 0.00028778 0.00028782 0.00028795 0.00028805 0.00028823 0.00028785 0.00028849 0.00028803 0.00028802 0.00028833 0.00028799 0.00028799 0.00028781 0.00028724 0.00028699 0.00028758 0.00028786 0.0002879 0.00028791 0.00028793 0.00028806 0.00028781 0.00028749 0.0002877 0.00028771 0.0002876 0.00028818 0.00028828 0.00028829 0.000288 0.00028793 0.00028772 0.00028755 0.00028723 0.00028636 0.00028688 0.00028707 0.00028602 0.0002868 0.00028651 0.00028607 0.00028639 0.0002859 0.00028576 0.00028719 0.00028782 0.0002875 0.00028768 0.00028964 0.0002867 0.00028707 0.00028709 0.00028732 0.00028831 0.00028809 0.00028781 0.00028769 0.00028733 0.00028794 0.00028601 0.00028526 0.00028437 0.00028421 0.00028554 0.00028991 0.00028958 0.00028982 0.00028746 0.00028874 0.00028762 0.00028904 0.00028964 0.00028934 0.00028919 0.00028904 0.00028908 0.00028932 0.00028718 0.00028508 0.00028499 0.00028496 0.00028499 0.00028494 0.00028528 0.00028663 0.00028641 0.0002868 0.00028555 0.0002857 0.00028609 0.00028625 0.00028623 0.00028639 0.0002864 0.00028647 0.00028695 0.00028697 0.00028713 0.00028739 0.00028729 0.0002874 0.00028751
0.00028993 0.00028772 0.00028895 0.00028893 0.0002887 0.00028812 0.00028958 0.00028894 0.00028898 0.00028895 0.00028812 0.00028746 0.00028972 0.00028802 0.00028858 0.00028894 0.00028885 0.00028884 0.00028871 0.00028848 0.00028819 0.00028755 0.00028952 0.00028717 0.00028764 0.00028927 0.00028877 0.00028872 0.00028877 0.00028888 0.00028892 0.00028892 0.00028912 0.00028842 0.00028833 0.00028769 0.00028811 0.0002888 0.00028858 0.00028869 0.00028868 0.00028875 0.00028857 0.00028867 0.00028874 0.00028873 0.00028875 0.00028828 0.00028946 0.00029148 0.00029145 0.0002919 0.00029176 0.00028837 0.00028933 0.00028933 0.00028967 0.00028977 0.00028981 0.00028985 0.00028987 0.00028982 0.00028968 0.00028949 0.00028956 0.0002888 0.00028909 0.00028945 0.00028949 0.00028949 0.00028938 0.00028884 0.00028844 0.00028869 0.00028841 0.00028817 0.00028801 0.00028824 0.00028864 0.00028793 0.00028794 0.00028796 0.00028803 0.00028865 0.00028832 0.0002888 0.00028909 0.000289 0.00028877 0.00028887 0.00028818 0.0002881 0.00028742 0.00028814 0.0002881 0.00028829 0.00028863 0.00028867 0.00028866 0.00028861 0.00028869 0.0002887 0.00028887 0.00028877 0.0002886 0.00028847 0.00028874 0.00028786 0.00028772 0.00028743 0.00028659 0.00028585 0.0002864 0.00028726 0.00028809 0.00028754 0.00028792 0.0002877 0.00028789 0.00028722 0.00028748 0.00028672 0.00028632 0.00028616 0.00028683 0.00028676 0.00028741 0.00028746 0.00028798 0.00028791 0.00028783 0.00028805 0.00028813 0.00028831 0.0002885 0.00028853 0.0002885 0.00028876 0.0002881 0.00028741 0.00028826 0.00028554 0.00028587 0.00028711 0.00028732 0.00028744 0.00028759 0.00028816 0.00028984 0.00028886 0.00028836 0.00028685 0.00028838 0.00028912 0.00028972 0.00029001 0.00028886 0.00028692 0.00028511 0.00028599 0.00028549 0.00028611 0.00028711 0.00028735 0.00028591 0.0002865 0.00028737 0.00028764 0.00028736 0.00028809 0.00028963 0.00028912 0.00028837 0.00028811 0.00028814 0.00028803 0.00028836 0.000288 0.00028811 0.00028976
0.00028952 0.00028959 0.0002898 0.00028993 0.00029009 0.00029048 0.00029081 0.00029062 0.00029065 0.00029069 0.00029068 0.00028924 0.00028802 0.00028745 0.00028621 0.00028625 0.00028752 0.00028782 0.00028994 0.00028824 0.00028839 0.00028806 0.00028768 0.00028783 0.0002918 0.00028907 0.00028894 0.00028898 0.00028876 0.00028836 0.00028852 0.00028834 0.00028832 0.00028868 0.00028853 0.00028845 0.00028831 0.0002889 0.00028859 0.00028864 0.00028888 0.00028857 0.00028885 0.00028866 0.00028876 0.00028882 0.0002883 0.00028794 0.00028806 0.00029002 0.00029157 0.00029127 0.00029226 0.00028792 0.00028958 0.00028987 0.00028998 0.0002901 0.00028995 0.00028999 0.00029015 0.00028947 0.00028922 0.00028945 0.00028969 0.00028983 0.00029004 0.00028955 0.00028957 0.00028787 0.0002884 0.00028878 0.00028849 0.00028881 0.00028824 0.00028867 0.00028832 0.0002874 0.00028701 0.00028673 0.00028655 0.00028846 0.00028831 0.00028827 0.00028864 0.00028866 0.00028894 0.00028855 0.00028908 0.00028875 0.00028979 0.00028954 0.00028871 0.00028888 0.00028886 0.00028854 0.00028839 0.00028725 0.00028836 0.00028889 0.00028919 0.00028863 0.00028872 0.00028874 0.00028869 0.00028879 0.00028812 0.00028648 0.00028704 0.00028767 0.00028774 0.00028795 0.00028797 0.0002883 0.00028835 0.00028818 0.00028867 0.00028833 0.00028856 0.00028873 0.00028858 0.00028897 0.00028903 0.00028863 0.00028919 0.00028827 0.00028712 0.00028752 0.00028987 0.00028987 0.00028793 0.00028828 0.00028792 0.00028586 0.00028734 0.0002877 0.00028787 0.00028715 0.00028644 0.0002871 0.00028812 0.00028687 0.00028852 0.00028865 0.00028918 0.00028924 0.00028917 0.0002886 0.00028862 0.00028901 0.00028952 0.00028932 0.00028981 0.00028943 0.00029122 0.00029179 0.00029153 0.00029058 0.00028983 0.00028924 0.00028976 0.00028937 0.00028896 0.00028962 0.00029 0.00028985 0.00028984 0.00028949 0.0002892 0.00029032 0.00028932 0.00028996 0.00028972 0.0002898 0.00028874 0.00028874 0.00028885 0.00028906 0.00028836 0.00028956
0.00028833 0.00028845 0.00028911 0.00028961 0.00028878 0.00029222 0.00029173 0.00029062 0.00029102 0.00029093 0.0002908 0.00029032 0.00028905 0.00028929 0.00028856 0.00028907 0.00028672 0.00028706 0.0002879 0.00028861 0.00028928 0.00028884 0.00028845 0.00028841 0.00028794 0.00028931 0.00028871 0.00028902 0.00028829 0.00028963 0.00028764 0.0002878 0.00028763 0.00028814 0.00028822 0.00028839 0.00028889 0.00028894 0.00028913 0.00028913 0.00028931 0.00028913 0.00028907 0.00028919 0.0002892 0.0002908 0.00028883 0.0002894 0.00028942 0.00028938 0.00028947 0.00028975 0.00028976 0.00028998 0.00029003 0.00028989 0.00028997 0.00029002 0.00028959 0.00028959 0.00028921 0.00028998 0.00028989 0.00029023 0.00028991 0.00028948 0.00028831 0.00028837 0.00028847 0.00028845 0.00028835 0.00028868 0.00028857 0.00028894 0.00028915 0.00028957 0.0002893 0.00028811 0.00028713 0.00028762 0.00028788 0.00028879 0.00028889 0.00028799 0.00028792 0.0002875 0.00028763 0.00028755 0.00028804 0.00028856 0.00028861 0.00028884 0.00028736 0.00028892 0.00028907 0.00028891 0.00028919 0.00028918 0.00028913 0.00028924 0.00028913 0.00028906 0.00028919 0.00028903 0.0002886 0.00028806 0.0002867 0.00028884 0.00028922 0.00028899 0.00028863 0.00028828 0.00028848 0.00028826 0.00028853 0.00028764 0.00028756 0.0002886 0.00028934 0.00028975 0.00029015 0.00028984 0.00028992 0.0002901 0.00029006 0.00028987 0.00028914 0.00028832 0.0002878 0.00028784 0.00028879 0.00028848 0.0002884 0.00028853 0.00029024 0.00028821 0.00028564 0.00028635 0.0002867 0.00028684 0.00028721 0.00028721 0.00028651 0.00028675 0.00028772 0.00028857 0.0002888 0.00028833 0.0002893 0.00028942 0.00028942 0.00028959 0.00028864 0.00028545 0.00028939 0.00029116 0.00029069 0.00028665 0.00029116 0.0002909 0.00029071 0.00029015 0.00028998 0.00028981 0.0002893 0.00028878 0.00028835 0.00028859 0.00028714 0.00028664 0.00028842 0.00028967 0.00028946 0.00028909 0.00028881 0.00028852 0.00028834 0.00028817 0.00028859 0.00028859
0.00029137 0.00028822 0.00028775 0.00028907 0.00028912 0.00028933 0.0002894 0.00029092 0.0002907 0.00029099 0.00029109 0.00029108 0.00029066 0.00029038 0.00028957 0.00028899 0.00028841 0.0002876 0.00028745 0.00028693 0.00028691 0.00028643 0.00028702 0.00028708 0.00028775 0.00028769 0.00028748 0.00028734 0.00028844 0.00028687 0.00028689 0.00028707 0.00028821 0.00029109 0.00028782 0.00028825 0.00028829 0.00029008 0.000289 0.00028906 0.00028925 0.00028923 0.00028916 0.00028919 0.00028922 0.00028932 0.00028924 0.00028945 0.00028948 0.00028937 0.00028944 0.00028964 0.00028971 0.00028972 0.00028957 0.00028989 0.00029022 0.00028995 0.0002901 0.00028991 0.00028884 0.00028958 0.00029005 0.00029004 0.00028955 0.00028923 0.00029457 0.00029443 0.00029218 0.0002885 0.00028878 0.00028887 0.00028897 0.00028935 0.00028966 0.00028892 0.00028827 0.00028727 0.0002874 0.0002868 0.00028738 0.00028742 0.00028821 0.00028798 0.00028858 0.00028838 0.0002886 0.00028864 0.00028861 0.00028861 0.00028869 0.000289 0.00028884 0.00028911 0.00028901 0.00028924 0.00028901 0.00028892 0.00028899 0.0002886 0.00028869 0.00028734 0.00028697 0.00028705 0.00028642 0.00028743 0.0002899 0.00029111 0.00029095 0.00028997 0.0002897 0.00028887 0.00028893 0.00028828 0.0002886 0.0002884 0.00028912 0.00028947 0.00028999 0.00029007 0.00029002 0.00028999 0.00029013 0.00029011 0.00028995 0.00029047 0.00029044 0.00029076 0.0002908 0.0002897 0.00028831 0.00028713 0.00028821 0.00028858 0.00028719 0.00028684 0.00028661 0.00028588 0.00028692 0.00028545 0.00028596 0.00028672 0.00028677 0.00028853 0.0002879 0.0002878 0.00028693 0.00028754 0.00028836 0.00028898 0.00028958 0.00029005 0.0002893 0.00028966 0.00028992 0.00029001 0.00029008 0.0002902 0.00028943 0.00028979 0.00028966 0.00028977 0.00028937 0.00028895 0.00028946 0.00028935 0.00028935 0.00028933 0.00028921 0.00028842 0.00028962 0.00028915 0.00028903 0.00028865 0.00028782 0.000289 0.00028772 0.00028766 0.00028778 0.00028865
0.0002884 0.0002877 0.00028713 0.00028793 0.00028801 0.00028964 0.00029001 0.00029098 0.00029061 0.00029076 0.00029071 0.00029099 0.000291 0.00029101 0.00029076 0.00029032 0.00029002 0.00028989 0.00028966 0.00028903 0.00028811 0.00028788 0.00028801 0.00028761 0.00028827 0.00028812 0.00028754 0.00028915 0.00028874 0.00028759 0.0002872 0.00028776 0.00028737 0.00028782 0.00028817 0.0002884 0.00028845 0.00028859 0.00028864 0.00028905 0.0002891 0.00028929 0.00028936 0.00028937 0.00028954 0.00028961 0.00028954 0.00028952 0.00028957 0.00028955 0.00028933 0.00028916 0.00028902 0.00028928 0.00028956 0.00028982 0.00028983 0.00028985 0.0002896 0.00028798 0.00029049 0.00029022 0.0002906 0.00029115 0.00028957 0.00029036 0.00029073 0.00029086 0.00028909 0.00028893 0.00028937 0.0002891 0.00028924 0.0002895 0.00028994 0.00028968 0.00028874 0.00028839 0.00028768 0.00028705 0.00028708 0.00028764 0.00028928 0.00028822 0.00028855 0.00028863 0.00028861 0.00028847 0.000288 0.0002887 0.00028871 0.00028878 0.00028868 0.00028901 0.00028867 0.00028908 0.00028958 0.00028924 0.00028873 0.00028887 0.00028841 0.00028847 0.00028823 0.00028803 0.00028733 0.00028791 0.00028763 0.00028812 0.00028834 0.00028813 0.00028806 0.00028784 0.00028805 0.00028922 0.00028971 0.00029089 0.0002908 0.00029031 0.00028994 0.00028972 0.00028974 0.00029013 0.00029051 0.00029043 0.00029075 0.00029061 0.00029052 0.00029065 0.00029064 0.00029092 0.00028878 0.00028866 0.00028856 0.00028833 0.00029153 0.00028742 0.00028732 0.00028754 0.00028847 0.00028628 0.00028621 0.00028624 0.00028713 0.00028721 0.00028731 0.00028653 0.00028628 0.00028854 0.00028807 0.00028744 0.00028919 0.00028882 0.00028865 0.00028958 0.00028952 0.00028683 0.00028794 0.00028829 0.0002894 0.00028881 0.00028773 0.00028801 0.00028946 0.00028869 0.00028918 0.00028965 0.00028936 0.00028954 0.00028946 0.00028939 0.00028876 0.00028856 0.00028824 0.00028713 0.0002889 0.00028934 0.00028853 0.00028822 0.00028755 0.00028736
0.00028836 0.0002883 0.00028916 0.00028782 0.00028733 0.00028817 0.00028918 0.00028948 0.00029002 0.00028983 0.00029044 0.00029008 0.00029116 0.00029057 0.00029062 0.00029031 0.00029047 0.00029055 0.00029036 0.00028936 0.00028831 0.00028825 0.00028775 0.00028794 0.00028777 0.00028804 0.00028805 0.00028771 0.00028761 0.00028775 0.00028764 0.00028791 0.00028835 0.00028838 0.00028832 0.0002879 0.00028756 0.00028821 0.00028896 0.00028845 0.0002893 0.00028867 0.00028831 0.00028906 0.00028916 0.00028915 0.00028872 0.00028932 0.00028917 0.00028915 0.00028872 0.00028891 0.00028977 0.0002906 0.00028988 0.00028832 0.00028921 0.00029036 0.00029003 0.00029013 0.00028999 0.00028996 0.00029026 0.0002908 0.00029182 0.00029111 0.00028944 0.0002913 0.00028913 0.00029025 0.00028968 0.00028925 0.00028934 0.00028908 0.00028929 0.00029034 0.0002907 0.00029042 0.0002902 0.00028936 0.00028895 0.0002882 0.00028839 0.00028834 0.00028837 0.00028848 0.00028871 0.00028871 0.00028873 0.00028864 0.0002886 0.00028864 0.00028885 0.00028871 0.00028881 0.00028846 0.00028873 0.00028887 0.00028858 0.00028905 0.00028911 0.00028856 0.0002887 0.00028906 0.00028878 0.00028832 0.00028794 0.00028751 0.00028758 0.00028719 0.00028816 0.0002884 0.00028907 0.00029032 0.00029141 0.00029161 0.00029172 0.00029102 0.0002905 0.0002903 0.0002902 0.00029011 0.00029026 0.00029037 0.00029094 0.00029115 0.00029084 0.00029073 0.00029081 0.00029089 0.00029038 0.00028913 0.0002889 0.00028941 0.00028859 0.00028771 0.00028718 0.00028749 0.00028721 0.00028581 0.00028904 0.00028677 0.00028788 0.0002877 0.00028764 0.00028708 0.00028676 0.00028641 0.0002859 0.00028686 0.0002877 0.00028853 0.00028803 0.00028814 0.00028879 0.00028949 0.00029006 0.00029012 0.00028951 0.00028925 0.00028826 0.00028846 0.00028882 0.00028876 0.00028857 0.00028687 0.0002868 0.0002875 0.00028844 0.00028901 0.00028929 0.00028943 0.00028907 0.0002896 0.00028952 0.00028778 0.00028863 0.00028883 0.00028872 0.00028952
0.00028986 0.00028817 0.00028718 0.0002883 0.00028892 0.00028933 0.00028929 0.000288 0.00028825 0.00028868 0.00028779 0.00028825 0.00028943 0.00028823 0.00029253 0.0002884 0.00028918 0.00028909 0.00029045 0.00028956 0.00028938 0.00028927 0.00028936 0.00028812 0.00028782 0.00028737 0.00028975 0.00028871 0.00028776 0.00028792 0.00028879 0.00028943 0.0002895 0.00028928 0.00028935 0.00028876 0.00028793 0.0002883 0.00028814 0.00028809 0.00028894 0.0002876 0.00028844 0.00028918 0.00028852 0.00028672 0.00028955 0.00028991 0.00029002 0.0002899 0.00028983 0.00029015 0.0002901 0.00028936 0.00028859 0.00029061 0.00029062 0.00029008 0.00029065 0.00029061 0.00029048 0.00029004 0.00029039 0.00029055 0.00029125 0.00029246 0.00029149 0.00028991 0.00029169 0.00029176 0.00029112 0.00029035 0.00028853 0.00029029 0.00029081 0.00028965 0.00028933 0.00028953 0.00028921 0.00028862 0.00028697 0.00028702 0.00028833 0.00028887 0.00028838 0.00028823 0.00028799 0.00028861 0.00028882 0.00028875 0.00028887 0.0002887 0.00028874 0.00028908 0.00028888 0.00028901 0.00028891 0.00028857 0.00028883 0.00028906 0.00028923 0.00028892 0.00028877 0.00028876 0.0002877 0.00028879 0.00028862 0.00028868 0.00028872 0.00028898 0.00028924 0.00028941 0.00028966 0.00029011 0.00029077 0.00029102 0.00028983 0.00028972 0.0002898 0.00028931 0.00029287 0.00029109 0.00028951 0.00029006 0.00029054 0.00029076 0.00029127 0.00029151 0.00029067 0.00029144 0.00029247 0.00029156 0.00028694 0.00029092 0.00029048 0.00028991 0.00028762 0.00028794 0.00028789 0.00028876 0.00028714 0.00028696 0.00028676 0.00028697 0.0002871 0.00028692 0.00028693 0.00028648 0.000287 0.00028687 0.00028742 0.0002874 0.00028752 0.0002877 0.0002878 0.0002898 0.0002914 0.00029104 0.000291 0.00029061 0.00029014 0.00028959 0.00028915 0.00028867 0.00028854 0.00028785 0.00028711 0.00028765 0.00028777 0.00028593 0.00028739 0.00028878 0.00028906 0.00028855 0.0002867 0.00028745 0.00028778 0.00028949 0.00028959 0.00028953
0.00029016 0.00028907 0.00028872 0.00028932 0.00028928 0.00028893 0.0002866 0.00028788 0.00028824 0.00028786 0.00028883 0.00028785 0.00028827 0.00028674 0.00028861 0.00028982 0.00028893 0.00028923 0.00028865 0.00028929 0.00028954 0.00028959 0.000289 0.00028871 0.00028717 0.00028794 0.00028829 0.00028843 0.00028927 0.00028797 0.00028843 0.00028973 0.00028991 0.00028927 0.00028997 0.00028932 0.00028831 0.00028736 0.00028706 0.00028733 0.00028788 0.00028903 0.00028969 0.00028965 0.0002895 0.00028884 0.00028988 0.00029022 0.00029068 0.00029064 0.00029068 0.00029069 0.0002908 0.00029087 0.00029018 0.00028973 0.00029003 0.00028965 0.00029038 0.00029071 0.00029 0.00028937 0.00029216 0.00029123 0.0002899 0.00029265 0.00029025 0.00029088 0.0002917 0.00028846 0.00028905 0.00029105 0.00029303 0.00029007 0.00029145 0.00028979 0.00028988 0.00028915 0.00028861 0.00028861 0.00028751 0.00028775 0.00028834 0.0002879 0.000288 0.00028882 0.00028848 0.00028843 0.00028918 0.00028689 0.00028855 0.00028901 0.00028915 0.00028893 0.00029005 0.00028857 0.00028842 0.00028847 0.00029061 0.00028837 0.00028821 0.00028901 0.00028871 0.00028878 0.00028894 0.00028905 0.00028901 0.00028889 0.00028886 0.00028955 0.00028976 0.00029025 0.00029043 0.00029046 0.0002901 0.00028935 0.00028948 0.00028968 0.00028897 0.00028812 0.00028822 0.00028831 0.00028966 0.00029061 0.00029174 0.00029217 0.00029249 0.00029216 0.00029255 0.0002934 0.00029223 0.00029209 0.00029119 0.00029068 0.00029096 0.00029015 0.00028911 0.00028686 0.00028586 0.00028644 0.00029039 0.00029001 0.00028585 0.00028588 0.00028867 0.00028653 0.00028682 0.00028554 0.00028675 0.00028753 0.00028667 0.00028686 0.00028782 0.00028905 0.00028962 0.00029009 0.00029055 0.0002904 0.00029067 0.00029065 0.00029058 0.00029038 0.00029007 0.00028969 0.00028881 0.00028818 0.00028755 0.00028742 0.00028781 0.0002874 0.00028931 0.00028621 0.0002877 0.00028808 0.00028756 0.0002888 0.0002893 0.00028892 0.0002895 0.00028983
0.00028978 0.00028985 0.0002903 0.00029097 0.00028984 0.00028747 0.0002882 0.00028787 0.00028709 0.0002872 0.0002874 0.00029071 0.00028732 0.00028757 0.00028687 0.00028702 0.00028828 0.00028923 0.00028832 0.00028806 0.0002905 0.00028817 0.00028825 0.00028822 0.00028683 0.00028805 0.00028854 0.0002885 0.00028846 0.00028697 0.00028599 0.00028975 0.00028926 0.00028945 0.00028939 0.00028901 0.00028934 0.00028802 0.00028764 0.00028776 0.00028737 0.0002885 0.00028895 0.00028924 0.00028942 0.00028887 0.00028802 0.00028791 0.00028958 0.00029069 0.00029079 0.00029096 0.00029056 0.00029047 0.00028993 0.00028877 0.00028829 0.00028834 0.00028791 0.00028769 0.00028905 0.00029307 0.00029013 0.00028904 0.00029289 0.00029403 0.00029338 0.00029134 0.00030191 0.00028682 0.00029529 0.00029082 0.000289 0.00029027 0.00028942 0.00029151 0.00029244 0.00029135 0.00029051 0.00029274 0.00029284 0.00029002 0.00028853 0.00028868 0.00028917 0.00028858 0.0002887 0.00028821 0.0002881 0.00028874 0.00028887 0.00028904 0.00028847 0.00028788 0.00028788 0.00028776 0.00028779 0.00028798 0.00028878 0.00028796 0.00028746 0.00028773 0.0002877 0.00028785 0.00028782 0.00028902 0.00028913 0.0002895 0.00028986 0.00029021 0.00029055 0.00029092 0.00029134 0.00029171 0.00029128 0.00029061 0.00029093 0.00029098 0.00029139 0.00029064 0.00029044 0.00029094 0.0002923 0.0002938 0.0002953 0.00029519 0.0002954 0.00029531 0.00029535 0.0002975 0.00029349 0.00029285 0.00029204 0.0002929 0.0002923 0.00029194 0.0002917 0.00029022 0.00028669 0.0002887 0.00029061 0.00029166 0.00028699 0.00028732 0.00028834 0.00028799 0.00028726 0.00028683 0.0002868 0.00028753 0.00028842 0.00028876 0.00028902 0.0002885 0.00028956 0.00028896 0.00029001 0.00028888 0.00028735 0.00028783 0.00029019 0.00029044 0.00029025 0.00028956 0.00028869 0.0002881 0.00028763 0.00028762 0.00028782 0.00028762 0.00028701 0.00028675 0.00028768 0.00028784 0.00028974 0.00028778 0.00028781 0.00028804 0.00028861 0.00028968
0.00028998 0.00029005 0.00029036 0.00029059 0.0002892 0.00028908 0.00028892 0.00028812 0.00028782 0.00028874 0.00028864 0.00028841 0.00028811 0.00028835 0.00028771 0.00028813 0.00028923 0.00028894 0.00028893 0.00028878 0.00028776 0.00028645 0.00028646 0.00029045 0.00028644 0.00028813 0.00028877 0.00028878 0.00028878 0.00028825 0.00028778 0.00028948 0.00028942 0.00028914 0.00028963 0.00028877 0.00028826 0.00028781 0.00028698 0.00028676 0.00028698 0.00028676 0.00028665 0.00028707 0.00028855 0.00028798 0.00028765 0.00028838 0.0002895 0.00029009 0.0002907 0.00029079 0.00029083 0.00028966 0.00028918 0.00028707 0.00028779 0.00028693 0.00028769 0.00029158 0.00028896 0.00029382 0.00029512 0.00029275 0.0002897 0.0003051 0.00030545 0.00030724 0.00030512 0.00030535 0.00030541 0.00029713 0.00028976 0.00028988 0.00029294 0.00029109 0.00028985 0.00029176 0.00029119 0.00029091 0.00028972 0.00028901 0.00028928 0.00028922 0.00028901 0.0002887 0.00028872 0.00028819 0.00028843 0.00028783 0.00028834 0.00028872 0.0002892 0.00028855 0.00028872 0.0002898 0.00029147 0.00028873 0.00028864 0.00028885 0.00028877 0.00028861 0.00028745 0.00028784 0.00028747 0.00028801 0.00028948 0.00028972 0.00029025 0.00029078 0.00029126 0.00029169 0.00029247 0.00029331 0.00029331 0.00029429 0.00029512 0.00029613 0.00029663 0.00029951 0.0003028 0.0003047 0.00030572 0.00030689 0.00030855 0.00030551 0.00030294 0.00030265 0.00030845 0.00029904 0.000296 0.00029504 0.000294 0.00029259 0.00029338 0.00029292 0.00028919 0.00029066 0.0002903 0.00028951 0.00028911 0.00028871 0.00028886 0.00028892 0.00028685 0.00028754 0.00028778 0.00028784 0.00028848 0.00028915 0.00028987 0.00028988 0.00029237 0.00029061 0.000289 0.00028934 0.0002898 0.00028722 0.00028765 0.00029047 0.00028981 0.00028934 0.00028895 0.00028903 0.00028822 0.00028795 0.00028829 0.00028869 0.00028921 0.00028873 0.00028867 0.00028745 0.000289 0.0002882 0.00028771 0.00028791 0.00028844 0.00028928 0.00028928 0.00028982
0.00029015 0.00028928 0.00028945 0.00029105 0.00029155 0.00028794 0.00028948 0.00028977 0.00028973 0.00028929 0.00028963 0.0002885 0.00028813 0.00028884 0.00028882 0.0002888 0.00028822 0.00028903 0.00028876 0.00028896 0.00028868 0.00028734 0.00028668 0.00028891 0.00028802 0.0002886 0.00029107 0.00028852 0.00028891 0.00028854 0.00028925 0.00028896 0.00028896 0.00028986 0.0002891 0.00028907 0.00028902 0.00028734 0.00028671 0.00028664 0.0002864 0.00028671 0.00028773 0.00028815 0.00028855 0.00028883 0.00028917 0.00028907 0.00029128 0.00029352 0.00028843 0.00028859 0.00028921 0.00028872 0.00028905 0.00029016 0.00028974 0.00028819 0.00028797 0.00028991 0.00028929 0.00029434 0.00029515 0.00029639 0.00031155 0.00030889 0.000306 0.0003061 0.00030652 0.00030682 0.00030657 0.00030452 0.00029883 0.00029499 0.00029109 0.00029061 0.00029129 0.00029236 0.00029011 0.00029067 0.00029114 0.00029067 0.0002903 0.00028987 0.00028933 0.00029158 0.00028991 0.00028879 0.00028906 0.00028917 0.00028852 0.00028838 0.00028813 0.00028907 0.00028796 0.00028763 0.0002883 0.00028849 0.00028869 0.00028842 0.00028874 0.00028894 0.00028802 0.00028654 0.0002891 0.00028869 0.00028904 0.00028977 0.00029007 0.00029033 0.00029164 0.00029234 0.00029374 0.00029525 0.00029626 0.00029867 0.00030346 0.00030619 0.00031279 0.00032099 0.0003276 0.00033262 0.00033479 0.00033565 0.00033608 0.00033078 0.00032883 0.00032975 0.00032996 0.00032853 0.00031748 0.00029956 0.00029976 0.00030285 0.00029326 0.00029446 0.0002946 0.00029288 0.00028969 0.00028964 0.00028995 0.00028888 0.00028906 0.00028826 0.00028865 0.00029019 0.00028842 0.00028838 0.00028856 0.00028812 0.00028864 0.00028949 0.0002903 0.00029078 0.00029272 0.00028999 0.00028969 0.00028676 0.00029066 0.00028981 0.00029009 0.00029017 0.00029015 0.00028936 0.00028883 0.00028868 0.00028806 0.00028876 0.00028756 0.00028874 0.00028917 0.00028782 0.0002867 0.00028669 0.00028788 0.00028911 0.00028925 0.00028948 0.00029001 0.00029014
0.00028995 0.00028957 0.00028888 0.00028905 0.00029039 0.00029006 0.00028991 0.00028816 0.0002903 0.00028913 0.00028839 0.00028899 0.00028864 0.00028915 0.00028881 0.00028859 0.00028881 0.00028742 0.00028848 0.00028865 0.00028822 0.00028748 0.00028653 0.00028617 0.00028547 0.00028807 0.0002874 0.00028819 0.00028882 0.00028884 0.00028863 0.00028901 0.0002884 0.00028841 0.0002886 0.0002881 0.00028809 0.00028782 0.00028727 0.00028562 0.00028556 0.00028519 0.00028602 0.00028816 0.00028857 0.00028896 0.00028918 0.00028842 0.0002916 0.00029283 0.0002883 0.00028822 0.00028726 0.00028669 0.00028905 0.00029119 0.00029177 0.00029165 0.00028927 0.00028797 0.00028823 0.00028874 0.00029551 0.00030429 0.00030863 0.00030516 0.00030741 0.00030646 0.00030644 0.00030633 0.00030636 0.00030661 0.00029889 0.00029948 0.00030187 0.00030696 0.0002913 0.00029147 0.00029044 0.00029052 0.00029094 0.00029066 0.00028967 0.00028923 0.00028874 0.00029022 0.00028841 0.00028857 0.00028907 0.000289 0.00028891 0.00028905 0.0002893 0.00028946 0.00028884 0.00028806 0.00028829 0.00028846 0.00028862 0.00028782 0.00028909 0.0002884 0.00028778 0.00028868 0.00028841 0.00028883 0.00028952 0.00029018 0.00029078 0.00029092 0.00029299 0.00029379 0.0002943 0.00029747 0.00030071 0.00030666 0.0003133 0.00032203 0.00033051 0.00033946 0.00034229 0.00034606 0.00034737 0.0003492 0.00034896 0.0003491 0.00034761 0.00034766 0.00034654 0.00034465 0.00034752 0.00034223 0.00031303 0.00031229 0.00030138 0.00029594 0.00029221 0.00028874 0.00028749 0.00029074 0.00028994 0.00028854 0.00029095 0.00028865 0.00028724 0.00028777 0.00028849 0.00028972 0.00028915 0.00028937 0.0002902 0.00029027 0.00028995 0.00028969 0.00028837 0.00028971 0.00028987 0.00029025 0.00028998 0.00029001 0.00028986 0.00028889 0.00028915 0.00028997 0.00028985 0.00028937 0.00028827 0.00028985 0.00028895 0.0002897 0.00028887 0.00028803 0.00028899 0.0002877 0.00028793 0.00028855 0.00028888 0.00028936 0.00028955 0.00028988
0.00028807 0.00028859 0.00028831 0.00028917 0.00029104 0.00029168 0.00029216 0.00028985 0.00028982 0.00028781 0.00028876 0.00028778 0.00028778 0.00028744 0.00028804 0.00028764 0.00028751 0.00028759 0.00028608 0.00028662 0.0002873 0.00028787 0.00028629 0.00028601 0.00028733 0.00028688 0.00028764 0.0002888 0.00028875 0.00028874 0.00028836 0.00028885 0.00028813 0.0002856 0.00028555 0.00028602 0.00028659 0.00028658 0.00028668 0.0002856 0.00028521 0.00028537 0.00028573 0.00028755 0.00028827 0.00028867 0.00028874 0.00028872 0.00028857 0.00028835 0.00028797 0.00028731 0.00028634 0.00028592 0.00028651 0.00028745 0.00028974 0.00028991 0.00028843 0.000288 0.00029261 0.00029388 0.00029497 0.00029735 0.00030533 0.00031071 0.000307 0.00030735 0.00030659 0.00030867 0.00030897 0.000305 0.00030124 0.00029224 0.00029489 0.00029073 0.00029091 0.00029178 0.00029029 0.00029068 0.00029076 0.0002905 0.00028981 0.00028902 0.00028918 0.00028816 0.00028846 0.00029195 0.00029023 0.00028907 0.00028874 0.00028897 0.00029027 0.00029037 0.00028905 0.00028868 0.00028723 0.0002895 0.00028795 0.00028796 0.00028784 0.00028786 0.00028845 0.00028922 0.00028944 0.00028863 0.00028855 0.00029028 0.00029078 0.00029197 0.00029077 0.00029293 0.00029667 0.00030231 0.00031246 0.00032193 0.00033068 0.00033603 0.00034274 0.00034649 0.00035114 0.0003531 0.0003512 0.00035104 0.0003438 0.00034843 0.00034915 0.00034996 0.00034897 0.00034861 0.0003488 0.00034895 0.00034693 0.000342 0.00032438 0.000311 0.00029528 0.00029207 0.000293 0.0002912 0.00029203 0.00029016 0.00028789 0.00028905 0.00028942 0.00028742 0.00028885 0.00028837 0.00028946 0.00028978 0.00028833 0.00028934 0.00028931 0.00028921 0.00028893 0.00028992 0.0002894 0.00028895 0.00028824 0.00028833 0.00028575 0.00028754 0.00028908 0.00028888 0.00028811 0.00028928 0.00029017 0.00029106 0.00028946 0.00029087 0.00029058 0.00028984 0.00028971 0.00028864 0.00028775 0.00028689 0.0002873 0.00028778 0.00028854 0.00028889
0.00028771 0.00028875 0.00028819 0.00028811 0.00028964 0.00029099 0.00028938 0.00028826 0.00028934 0.00028846 0.00028782 0.00028809 0.00028599 0.00028878 0.00028637 0.00028687 0.00028509 0.00028562 0.00028731 0.00028683 0.00028784 0.00028655 0.0002873 0.00028796 0.00028787 0.00028893 0.00028751 0.00028823 0.00028862 0.00028856 0.00028858 0.00028857 0.00028873 0.00028701 0.00028659 0.0002869 0.00028749 0.00028761 0.00028758 0.00028695 0.00028607 0.00028577 0.00028654 0.00028677 0.00028649 0.00028781 0.00028783 0.00028803 0.00028759 0.00028768 0.00028697 0.00028663 0.00028585 0.00028585 0.00028578 0.0002865 0.00028716 0.00028715 0.00028821 0.00028924 0.00028718 0.00029138 0.00029031 0.00029463 0.00029437 0.0003075 0.00031051 0.00031002 0.00030909 0.00031032 0.00030955 0.00030657 0.00030346 0.00029316 0.00029416 0.00029385 0.00029059 0.00029043 0.0002899 0.00028871 0.00029025 0.00028966 0.00028944 0.00028933 0.0002886 0.00028871 0.00028819 0.00028873 0.00028943 0.00028917 0.00028939 0.00028941 0.00029072 0.00028931 0.0002888 0.00028731 0.00028798 0.00028768 0.00028844 0.00028961 0.00028804 0.00028719 0.00028769 0.0002884 0.0002904 0.00029045 0.00028941 0.00029017 0.00029143 0.00029117 0.00029073 0.00029192 0.00029521 0.00029853 0.00032969 0.00034376 0.00034765 0.00035247 0.00035385 0.00035086 0.00034775 0.00034981 0.000352 0.00035147 0.00034881 0.0003464 0.0003444 0.00034778 0.00034918 0.00034831 0.00034843 0.00034684 0.00034696 0.00034618 0.00034092 0.00032891 0.00031457 0.00029905 0.00029438 0.00029309 0.00029256 0.00029204 0.0002904 0.00028919 0.00029057 0.00029049 0.00028919 0.00029 0.00028983 0.00028981 0.00028984 0.00028849 0.00028816 0.00028894 0.00028806 0.00028868 0.00028884 0.00028756 0.0002868 0.00028827 0.00028995 0.00029025 0.00028812 0.00028795 0.00028907 0.0002903 0.00028993 0.0002904 0.00029093 0.00029063 0.00029048 0.00029033 0.00028836 0.00028846 0.00028776 0.00028899 0.00028821 0.00028789 0.00028871 0.00028841
0.00028879 0.00028895 0.00028865 0.00028876 0.00028935 0.00028925 0.00028951 0.00028959 0.00028987 0.00028806 0.00028758 0.0002887 0.00028761 0.00028717 0.00028735 0.00028736 0.00028949 0.0002872 0.00028803 0.00028828 0.00028779 0.00028843 0.00028996 0.00028756 0.00028836 0.00028895 0.00028848 0.00028821 0.00028822 0.00028813 0.00028784 0.00028804 0.00028789 0.00028746 0.00028746 0.00028737 0.00028744 0.0002875 0.00028772 0.00028775 0.00028703 0.0002868 0.00028718 0.00028699 0.00028696 0.00028734 0.00028734 0.00028689 0.0002865 0.00028609 0.00028591 0.0002859 0.0002858 0.00028471 0.00028428 0.0002868 0.00028771 0.00028801 0.00028886 0.00028948 0.00029035 0.0002902 0.00029147 0.00029205 0.00029287 0.00030002 0.00030481 0.00032096 0.00031828 0.00031306 0.00031117 0.00030842 0.00029809 0.00029538 0.00029358 0.00029472 0.00029013 0.00029 0.00028994 0.00029286 0.0002891 0.00028958 0.00028892 0.00028881 0.00028865 0.00028843 0.00028842 0.00028956 0.0002895 0.00028927 0.00028899 0.00028918 0.0002898 0.00028914 0.00028867 0.00028893 0.00028807 0.00028813 0.00028803 0.00028965 0.00028627 0.00028769 0.0002881 0.00028826 0.00028964 0.00028822 0.00028956 0.00029016 0.00029077 0.00029088 0.00029123 0.00029099 0.00029527 0.00030913 0.00034425 0.00034846 0.00035361 0.00035386 0.00035152 0.00035324 0.00035241 0.00035339 0.0003528 0.00035273 0.00035162 0.00035325 0.00035365 0.00034874 0.00034748 0.00035093 0.00034827 0.00034742 0.00034741 0.00034629 0.0003407 0.00033712 0.00032227 0.00030405 0.00029584 0.00029406 0.00029259 0.00029325 0.0002882 0.00029063 0.00029067 0.00028999 0.00029023 0.00028949 0.00028921 0.00028996 0.00028917 0.00028873 0.00028941 0.00028862 0.00028881 0.00028803 0.00028754 0.00028772 0.00028663 0.00028492 0.00028782 0.00028724 0.00028837 0.00029036 0.0002907 0.00029039 0.00028915 0.00029079 0.00028942 0.00028961 0.00029033 0.00029005 0.00028836 0.00028844 0.0002889 0.00028678 0.00028689 0.00028815 0.00028858 0.00028837
0.00029007 0.00028827 0.00029039 0.00028949 0.00029006 0.00028922 0.00028949 0.0002894 0.00028891 0.00028839 0.00028752 0.00028775 0.00028726 0.00028684 0.00028756 0.00028764 0.00028845 0.00028864 0.00028832 0.00028826 0.00028716 0.00028768 0.00028811 0.00028813 0.0002875 0.00028829 0.00028848 0.00028848 0.00028703 0.00028768 0.00028737 0.00028794 0.00028803 0.00028721 0.00028724 0.00028722 0.00028728 0.00028752 0.00028792 0.00028812 0.00028687 0.00028628 0.0002839 0.00028409 0.00028605 0.00028688 0.00028654 0.000286 0.00028608 0.00028546 0.0002852 0.00028524 0.00028501 0.00028524 0.00028535 0.00028702 0.00028723 0.00028776 0.00028784 0.00028867 0.00028865 0.00028888 0.00029005 0.00028884 0.00029346 0.00029294 0.00029683 0.00029838 0.00030021 0.00030171 0.00029958 0.00029919 0.0002938 0.00029548 0.00029424 0.00029047 0.00029019 0.00029068 0.00029032 0.00029064 0.00028998 0.00029515 0.00028894 0.00028937 0.00028899 0.00028897 0.00028864 0.00028966 0.00028956 0.00028896 0.00028876 0.0002892 0.0002893 0.00028906 0.00028898 0.00028843 0.00028907 0.00028837 0.00028919 0.00028802 0.00028785 0.0002881 0.00028775 0.00028687 0.00028699 0.00028786 0.00028932 0.00029165 0.00028986 0.00029061 0.0002908 0.00029135 0.00029725 0.00032684 0.00034707 0.0003527 0.00035259 0.00035114 0.0003524 0.0003537 0.000353 0.00035295 0.0003517 0.00035323 0.00035295 0.00034909 0.00035018 0.0003496 0.00035128 0.00034946 0.00034807 0.00034772 0.00034598 0.00034289 0.00033181 0.00033045 0.00032277 0.00030865 0.0002965 0.00029575 0.00029411 0.00029453 0.00029263 0.00029228 0.00029145 0.00029095 0.00029021 0.00028971 0.00028978 0.00029158 0.00029036 0.00028995 0.00028979 0.00028888 0.00028876 0.0002881 0.00028743 0.0002874 0.00028757 0.00028763 0.00028713 0.00028736 0.00028888 0.00029084 0.00029136 0.00029135 0.00029065 0.00029034 0.0002894 0.00028991 0.00028985 0.0002902 0.00028716 0.00028886 0.00028895 0.0002907 0.00028824 0.00028876 0.00028946 0.00028934
0.00029056 0.00029029 0.00029037 0.00029143 0.00029082 0.00028903 0.00028927 0.00028907 0.0002905 0.00029184 0.00029476 0.00029355 0.0002897 0.00028775 0.00028832 0.00028813 0.00028707 0.00028767 0.00028705 0.00028779 0.000287 0.00028823 0.00028812 0.0002881 0.00028767 0.00028577 0.00028698 0.0002874 0.0002879 0.00028689 0.00028663 0.00028719 0.00028678 0.0002868 0.00028629 0.00028696 0.00028712 0.0002875 0.00028759 0.00028255 0.00028167 0.00028116 0.00027496 0.00027389 0.00027423 0.0002821 0.0002821 0.00028212 0.00028417 0.00028503 0.00028433 0.00028532 0.00028465 0.00028511 0.00028502 0.00028517 0.0002854 0.00028658 0.00028859 0.00028814 0.00028738 0.00028616 0.00028918 0.00029095 0.00029071 0.00029286 0.0002926 0.00029422 0.00029705 0.00029771 0.00029711 0.0002939 0.00029543 0.00029194 0.00029209 0.00029202 0.00029132 0.00029626 0.00029108 0.00028997 0.00029041 0.00029008 0.00028927 0.00028926 0.00028884 0.00028888 0.00028937 0.0002899 0.00028983 0.00028947 0.00028888 0.00028943 0.00028871 0.00028882 0.0002891 0.00028797 0.00028764 0.00028876 0.00028858 0.0002883 0.00028758 0.00028781 0.00028668 0.00028614 0.00028967 0.00028811 0.00028888 0.00029028 0.00029028 0.0002903 0.00029102 0.00029187 0.00029682 0.00032736 0.00034386 0.00035273 0.00035276 0.00034857 0.00035321 0.00035331 0.00035327 0.00035254 0.00035351 0.00035384 0.00035241 0.000349 0.00035122 0.00035167 0.00035024 0.00035123 0.00034961 0.00034736 0.00034075 0.00033402 0.00033046 0.00032704 0.00031802 0.00030651 0.00030068 0.00029605 0.00029827 0.00029184 0.00029112 0.00029184 0.00028935 0.00028932 0.00029027 0.00029054 0.00029069 0.00029056 0.0002903 0.00029038 0.00029033 0.00028875 0.00028844 0.0002883 0.00028776 0.00028878 0.00028856 0.00028806 0.00028797 0.00028778 0.00028919 0.00029011 0.00029049 0.00029018 0.00029043 0.00029021 0.00028848 0.00028946 0.00028949 0.0002878 0.0002876 0.00028919 0.00028902 0.00028941 0.00028933 0.00028985 0.00029034 0.00028952
0.00029022 0.0002905 0.00028978 0.00028889 0.00029103 0.000289 0.00028987 0.00028956 0.00028793 0.00028895 0.00029238 0.00029243 0.0002885 0.0002878 0.00028908 0.00028844 0.00028901 0.00028801 0.00028854 0.00028865 0.00028903 0.00028739 0.00028909 0.00028905 0.00028845 0.00028844 0.00028797 0.00028733 0.00028764 0.00028738 0.0002871 0.00028261 0.00028534 0.0002863 0.00028631 0.00028671 0.00028702 0.00028695 0.00028535 0.00028492 0.00028343 0.00027972 0.00027862 0.00027891 0.00028012 0.00028052 0.00028019 0.00028099 0.00027912 0.00028245 0.00028433 0.00028441 0.0002845 0.00028476 0.00028515 0.00028524 0.0002858 0.00028655 0.00028673 0.00028783 0.00028786 0.00028821 0.00028722 0.00028775 0.0002896 0.00028856 0.00029103 0.0002958 0.0002948 0.00029481 0.00029479 0.00029468 0.00029255 0.00029177 0.00029232 0.00029189 0.00029157 0.0002909 0.00029046 0.00029052 0.00029035 0.00029048 0.00029017 0.00028949 0.00028939 0.00028884 0.00028967 0.00029048 0.00028952 0.0002894 0.00028993 0.00029005 0.00028982 0.0002888 0.00028946 0.00028842 0.00028844 0.00028837 0.00028828 0.00028935 0.0002877 0.00028822 0.0002873 0.00028753 0.00028733 0.00028723 0.00028887 0.0002898 0.00029042 0.00029052 0.00029055 0.00029289 0.00029761 0.00031474 0.00034166 0.00035307 0.00035383 0.00035351 0.00035149 0.00035294 0.00035382 0.00035345 0.00035375 0.00035383 0.0003529 0.00035119 0.00035297 0.00035165 0.00035228 0.00035004 0.00034802 0.00034316 0.00033571 0.00033138 0.00032472 0.00032037 0.00031694 0.0003116 0.00029989 0.00029385 0.00029302 0.00029127 0.0002907 0.00029054 0.0002904 0.00029094 0.00029202 0.0002908 0.00028901 0.00029041 0.00029056 0.00029088 0.00029014 0.00028968 0.00028883 0.00028943 0.00028883 0.00028817 0.00028951 0.00028909 0.00028841 0.00028811 0.00028817 0.00028871 0.00028945 0.00028976 0.00029089 0.00029039 0.00028968 0.00028962 0.00028984 0.00028937 0.0002902 0.00028994 0.00029 0.0002893 0.00028964 0.00029022 0.00029064 0.00029101
0.00029105 0.00029055 0.00029051 0.00028958 0.00029282 0.00029167 0.00029037 0.00028846 0.00028733 0.00028596 0.00028524 0.00028749 0.00028714 0.00028903 0.00028999 0.00028989 0.0002899 0.0002899 0.00028949 0.00028925 0.00028922 0.00028916 0.00028844 0.00028887 0.00028813 0.00028735 0.0002875 0.00028648 0.00028621 0.00028741 0.00028716 0.00028507 0.00028543 0.00028397 0.00028568 0.0002835 0.00028496 0.00027964 0.00028004 0.00028483 0.00027947 0.00027677 0.00028109 0.00028119 0.00028091 0.00028076 0.00028138 0.00028334 0.00028166 0.00028158 0.00028096 0.00028274 0.0002843 0.00028552 0.00028556 0.0002858 0.00028557 0.00028686 0.00028715 0.00028679 0.00028675 0.0002884 0.00028837 0.00028918 0.00029045 0.00029076 0.00029167 0.00029217 0.00028839 0.00029332 0.00029167 0.00029202 0.00029217 0.00029278 0.00029219 0.00029149 0.00029113 0.00029106 0.00029113 0.00029047 0.00028985 0.00028949 0.00028882 0.00029264 0.00028958 0.00028908 0.00028914 0.00028887 0.00029032 0.00028939 0.00028972 0.00029008 0.00028997 0.00028944 0.00028842 0.00028908 0.00028827 0.0002881 0.00028907 0.00028899 0.00028758 0.0002875 0.00028717 0.00028756 0.00028797 0.00028794 0.00029149 0.000289 0.0002902 0.00029088 0.00029115 0.0002915 0.00029339 0.00030838 0.00032689 0.00035083 0.00035385 0.00035397 0.00035305 0.00035304 0.00035331 0.00035341 0.00035133 0.00035374 0.00035182 0.00035225 0.00035117 0.00035174 0.00035139 0.00035067 0.00034937 0.00034006 0.00032977 0.00032529 0.00031881 0.00031484 0.0003079 0.00030033 0.00029646 0.00029396 0.00029138 0.00029142 0.00029001 0.00029005 0.00028969 0.00029004 0.00029081 0.00029088 0.00029077 0.00029043 0.00029089 0.00029046 0.00029021 0.00029005 0.00028965 0.00028972 0.00029032 0.00028975 0.00028955 0.00028795 0.00028868 0.00028865 0.00028759 0.00028755 0.00028908 0.00028957 0.00029088 0.00028971 0.00028979 0.00029014 0.00029054 0.00029046 0.00029039 0.00029033 0.00028983 0.00028946 0.0002911 0.00029153 0.00029113 0.00029244
0.00029105 0.00029281 0.00029059 0.00028888 0.00029025 0.00028873 0.00028872 0.00028896 0.00028761 0.00028593 0.00028562 0.00028746 0.000289 0.00028938 0.00028978 0.00028959 0.00028989 0.00028677 0.00028931 0.00028915 0.000289 0.00028856 0.0002886 0.0002881 0.00028701 0.00028753 0.00028712 0.00028682 0.00028562 0.00028595 0.00028523 0.00028491 0.00028517 0.00028446 0.0002848 0.00028519 0.00028349 0.0002793 0.00027967 0.00027949 0.00027762 0.000281 0.00028301 0.00028274 0.00028182 0.00028256 0.00028205 0.00028228 0.00028301 0.00028315 0.00028271 0.0002802 0.0002825 0.00028516 0.00028596 0.00028642 0.00028642 0.00028647 0.00028653 0.00028676 0.00028717 0.00028758 0.00028755 0.00028993 0.0002898 0.00028848 0.00028902 0.00028999 0.00028981 0.00029205 0.00029184 0.00029286 0.0002913 0.00029045 0.00029078 0.00029126 0.00029128 0.00029121 0.00029202 0.0002909 0.00028995 0.00028923 0.00028968 0.00028927 0.00028949 0.00028873 0.00028858 0.00028882 0.00028913 0.00028936 0.00028942 0.00028988 0.00028967 0.0002887 0.00028874 0.00028868 0.00028923 0.00029001 0.00028827 0.00028798 0.00028807 0.00028678 0.00028708 0.00028795 0.0002883 0.00028818 0.00028837 0.00028917 0.00029077 0.00029017 0.00029011 0.00029089 0.00029187 0.00029275 0.00030602 0.00032654 0.00035281 0.00035392 0.00035379 0.00035355 0.00035319 0.00035308 0.00035379 0.0003539 0.00035147 0.00035204 0.00035167 0.00035087 0.00035133 0.00035017 0.00034339 0.0003234 0.00031432 0.00031454 0.00031086 0.0003061 0.0003075 0.00030006 0.00029934 0.00029857 0.00029264 0.00029085 0.00028896 0.00028996 0.0002894 0.00028975 0.00029012 0.00029034 0.0002907 0.00029095 0.00029051 0.00029 0.00028856 0.00028865 0.00028875 0.00028943 0.00028876 0.00028832 0.00028905 0.00028958 0.00028901 0.0002883 0.00028935 0.00028978 0.00028931 0.00028933 0.00028896 0.00028952 0.00028946 0.00028843 0.00029082 0.00029086 0.00029009 0.00028993 0.00029036 0.00029061 0.00029226 0.00029167 0.00029058 0.00028911
0.00029121 0.00029151 0.00028884 0.00028845 0.00028888 0.00028704 0.00028792 0.00028598 0.00028603 0.00028731 0.00028717 0.00028776 0.00028915 0.0002895 0.00029035 0.00028933 0.00028992 0.00029001 0.00028917 0.00028916 0.00028761 0.00028855 0.00028839 0.00028832 0.00028765 0.00028707 0.00028709 0.00028666 0.00028616 0.00028552 0.00028514 0.00028313 0.00028411 0.00028354 0.00028268 0.00028316 0.00028131 0.00027823 0.00027766 0.00027511 0.00027608 0.00028111 0.0002835 0.00028249 0.00028432 0.00028273 0.00028494 0.00028512 0.0002845 0.0002846 0.00028308 0.00028045 0.00027784 0.00028285 0.0002851 0.00028639 0.00028633 0.0002865 0.00028661 0.00028659 0.00028743 0.00028836 0.00028826 0.00028982 0.00029004 0.00029019 0.00029011 0.00029008 0.0002899 0.00028952 0.00029003 0.00029173 0.00029163 0.00029047 0.00029179 0.00029048 0.00029188 0.00029103 0.00029088 0.00029116 0.00029051 0.00029 0.00029065 0.00028967 0.00028951 0.00028921 0.00028908 0.00028882 0.00028885 0.00028907 0.00028917 0.00028849 0.00028896 0.00028936 0.00028884 0.00028913 0.00028862 0.00028918 0.00028852 0.0002874 0.00028776 0.00028736 0.00028683 0.00028733 0.00028785 0.0002881 0.00028814 0.00028797 0.00028941 0.00029012 0.00028976 0.00028962 0.00028915 0.00029008 0.00029182 0.00030194 0.00033704 0.00034994 0.0003533 0.00035403 0.00035403 0.00035346 0.00035233 0.00035113 0.00035231 0.00035225 0.0003507 0.00035044 0.00034316 0.00033239 0.00032588 0.00031126 0.00030271 0.00030166 0.00030099 0.00030078 0.00030355 0.0003016 0.00029727 0.00029642 0.00029365 0.00029091 0.00028997 0.00028969 0.00028933 0.00028921 0.00028962 0.00028953 0.00028981 0.00029016 0.00029007 0.00028947 0.00028911 0.00028869 0.00028755 0.00028732 0.00028761 0.00028746 0.00028896 0.00028802 0.00028877 0.00028938 0.00028835 0.00028896 0.0002887 0.00028854 0.00028939 0.00028971 0.00029026 0.00028925 0.00028979 0.000291 0.00028905 0.00029021 0.00029024 0.00029067 0.00029108 0.00029054 0.00028977 0.00028981
0.00029098 0.00028928 0.00028895 0.00028877 0.00028741 0.00028758 0.00028647 0.00028741 0.0002877 0.00028739 0.00028778 0.00028787 0.00028872 0.00028934 0.00028995 0.00028992 0.00028992 0.00028896 0.00028854 0.00028916 0.00028827 0.00028838 0.00028821 0.00028804 0.00028761 0.00028747 0.00028701 0.00028656 0.00028585 0.00028511 0.00028442 0.00028401 0.0002839 0.00028234 0.00028188 0.00028336 0.00028101 0.00027751 0.00027803 0.00027505 0.00027865 0.0002812 0.00028232 0.00028385 0.00028444 0.00028498 0.00028503 0.00028554 0.00028553 0.0002858 0.00028362 0.00028044 0.00028161 0.00028193 0.00028236 0.00028226 0.00028564 0.00028695 0.00028685 0.00028756 0.00028844 0.00028923 0.00028977 0.00028991 0.00029031 0.00029018 0.00029037 0.00029071 0.0002905 0.00029035 0.0002906 0.00029335 0.00029045 0.00028989 0.00029056 0.00029029 0.00029053 0.00029082 0.00029132 0.00029126 0.00029165 0.00029135 0.00029054 0.00029049 0.00029016 0.00028926 0.00028865 0.00028834 0.00028877 0.00028888 0.00028888 0.00028907 0.0002885 0.00028899 0.00028914 0.00028891 0.00028907 0.00028881 0.00028872 0.00028781 0.00028774 0.00028875 0.00028806 0.00028766 0.00028824 0.00028861 0.00028881 0.00028818 0.00028953 0.00029009 0.00029066 0.00028966 0.00029056 0.00029033 0.00029301 0.00029296 0.00030152 0.00030971 0.00031608 0.00034649 0.00035184 0.00035382 0.00034992 0.00035163 0.00035056 0.00035122 0.00034848 0.0003437 0.00031734 0.000303 0.00031253 0.00030776 0.00029947 0.00029916 0.00029828 0.00029524 0.00029492 0.00029707 0.00029659 0.00029435 0.00029381 0.00029006 0.00029013 0.00028947 0.00028989 0.00028881 0.00028912 0.00028907 0.00028912 0.00028931 0.00028958 0.00028912 0.00028866 0.00028867 0.00028791 0.00028774 0.00028914 0.00028731 0.00028694 0.00028654 0.00028898 0.00028972 0.00029079 0.00028923 0.00028965 0.00029008 0.00029041 0.00029014 0.0002902 0.00028992 0.00028952 0.00029016 0.00028932 0.00028996 0.00028993 0.00028959 0.00028994 0.00029031 0.00029023 0.00029011
0.00029094 0.00028921 0.0002864 0.00028875 0.00028737 0.00028705 0.00028824 0.00028736 0.00028794 0.00028756 0.00028756 0.00028809 0.00028925 0.00028972 0.00028994 0.00028981 0.00028971 0.00028749 0.00028934 0.00028925 0.00028884 0.0002882 0.00028817 0.00028791 0.00028772 0.00028735 0.00028698 0.00028631 0.00028556 0.00028489 0.00028425 0.00028341 0.00028287 0.00028273 0.00028263 0.00028037 0.0002805 0.00027901 0.00027385 0.00026979 0.0002783 0.00028164 0.00028282 0.00028364 0.00028448 0.00028518 0.0002856 0.0002859 0.00028614 0.00028613 0.00028605 0.00028573 0.00028408 0.00028413 0.0002839 0.00028202 0.00028286 0.00028414 0.00028677 0.00028743 0.00028855 0.00028994 0.00029025 0.00029014 0.00029174 0.00029026 0.00028991 0.00029019 0.00029075 0.00029067 0.00029117 0.00029217 0.00029112 0.00029017 0.00029076 0.00029156 0.0002909 0.00029082 0.00029196 0.00029164 0.00029146 0.0002915 0.0002908 0.00029112 0.00028962 0.00028957 0.00028924 0.00028871 0.00028846 0.00028887 0.0002892 0.00028911 0.00028938 0.00028923 0.00028913 0.00028895 0.00028902 0.00028803 0.0002888 0.00028803 0.00028906 0.00028919 0.00028854 0.00028858 0.00028909 0.00028933 0.00028951 0.0002893 0.00028809 0.00028987 0.00028925 0.00029051 0.00029095 0.00029124 0.00028953 0.00029032 0.00029445 0.00029398 0.00029933 0.0002995 0.00030799 0.00030853 0.00032263 0.00034175 0.0003302 0.00033306 0.000318 0.00032326 0.00030255 0.00029778 0.00029541 0.00029362 0.00029584 0.00029701 0.00029549 0.00029334 0.00029414 0.00029404 0.00029357 0.00029151 0.00029135 0.00029049 0.00028985 0.00028953 0.00028943 0.0002891 0.00028904 0.0002892 0.00028919 0.00028928 0.00028936 0.00028889 0.00028883 0.00028787 0.00028836 0.00028745 0.00028641 0.00028697 0.00028868 0.00028639 0.00028851 0.00028948 0.00028988 0.00028881 0.00028997 0.00028823 0.00028985 0.0002903 0.0002897 0.00028941 0.00028983 0.00028952 0.00028906 0.00028933 0.00028965 0.00028998 0.00028957 0.00028993 0.00029025 0.0002907
0.00029004 0.0002891 0.00028906 0.000289 0.00028763 0.00028734 0.00028859 0.00028671 0.00028766 0.0002884 0.00028818 0.0002891 0.00028889 0.00028923 0.00028996 0.00028942 0.00028997 0.00028816 0.0002893 0.00028805 0.00028811 0.00028815 0.00028789 0.00028782 0.00028739 0.00028713 0.00028681 0.00028652 0.00028546 0.0002847 0.00028384 0.00028301 0.00028197 0.00028195 0.00028147 0.00028196 0.00028252 0.00027828 0.00027731 0.00027089 0.00027914 0.00028174 0.00028276 0.00028384 0.00028469 0.00028539 0.00028588 0.00028621 0.00028642 0.00028677 0.00028674 0.00028689 0.00028635 0.00028497 0.00028498 0.00028523 0.0002859 0.00028587 0.00028568 0.00028568 0.00028519 0.00028865 0.00029035 0.00029042 0.00029032 0.00029038 0.00029064 0.00029129 0.00029056 0.00029031 0.0002904 0.00029259 0.00029314 0.00029387 0.00029174 0.00029063 0.00029149 0.00029155 0.00029227 0.00029223 0.00029213 0.00029206 0.00029166 0.00029088 0.00029054 0.00028994 0.00029004 0.00029009 0.00028919 0.00028893 0.00028883 0.00028928 0.00028932 0.00028846 0.00028877 0.00028905 0.0002891 0.0002885 0.00028847 0.00028844 0.00028903 0.00028963 0.00028839 0.00028913 0.00028946 0.00028919 0.00028995 0.00028845 0.0002876 0.00028821 0.00028961 0.00028963 0.00029031 0.00028989 0.00028973 0.00028996 0.00029011 0.00029395 0.00029358 0.00029486 0.0002961 0.00029658 0.00029878 0.00029972 0.00030063 0.0003043 0.00030794 0.000304 0.00030277 0.00029731 0.0002937 0.00029563 0.00029546 0.0002945 0.00029225 0.00029305 0.00028773 0.00029343 0.00029331 0.0002889 0.00029005 0.00028928 0.00028909 0.00028909 0.00028916 0.00028919 0.00028919 0.00028922 0.00028901 0.00028892 0.00028885 0.00028831 0.00028731 0.00028706 0.00028677 0.0002874 0.00028873 0.00028661 0.00028681 0.00028821 0.00028747 0.0002885 0.00028951 0.00028947 0.00029048 0.00028852 0.00029 0.00028954 0.00028993 0.00029029 0.00029007 0.00028967 0.00028874 0.00028831 0.00028836 0.00028922 0.00028922 0.00028938 0.00029027 0.00029039
0.00029041 0.00028869 0.00028949 0.00028888 0.0002888 0.00028864 0.00028898 0.00028977 0.00028855 0.00028927 0.00028889 0.00029026 0.00029024 0.00028997 0.00029025 0.0002897 0.00028983 0.0002889 0.00028811 0.00028907 0.00028836 0.00028794 0.00028782 0.00028752 0.00028722 0.00028676 0.00028642 0.00028604 0.00028515 0.00028404 0.00028315 0.00028235 0.0002816 0.00028106 0.00028087 0.00027874 0.00028001 0.00028116 0.00027727 0.00027846 0.00027992 0.00028155 0.00028294 0.00028388 0.00028445 0.0002851 0.00028552 0.00028608 0.00028642 0.00028647 0.00028688 0.00028699 0.00028639 0.00028555 0.00028338 0.00028517 0.0002859 0.00028628 0.00028631 0.00028599 0.00028438 0.00028724 0.00028976 0.00028991 0.00029023 0.00029028 0.00029027 0.00028907 0.00028959 0.00028993 0.0002901 0.00029019 0.00029184 0.0002948 0.00029615 0.00029213 0.00029267 0.00029301 0.00029423 0.00029264 0.00029266 0.00029233 0.00029393 0.00029184 0.00029292 0.00029057 0.00029078 0.00029081 0.00029068 0.00028914 0.00028991 0.0002896 0.00029021 0.00028827 0.00028918 0.0002891 0.0002891 0.00028815 0.00028743 0.00028894 0.00028903 0.00028872 0.00028891 0.00028901 0.00028869 0.00028788 0.00028894 0.00028747 0.00028699 0.00028774 0.00028843 0.00028863 0.00028945 0.00028911 0.00029043 0.00029183 0.00029065 0.00029248 0.0002935 0.00029449 0.00029552 0.00029462 0.00029408 0.00029836 0.00029512 0.00030128 0.00029886 0.00029419 0.00029345 0.00029244 0.00029338 0.00029203 0.00029193 0.00029289 0.00029197 0.0002899 0.00028961 0.0002904 0.00028844 0.00028938 0.00028907 0.00028864 0.00028832 0.00028844 0.00028866 0.00028884 0.00028961 0.00028892 0.0002888 0.00028851 0.00028838 0.00028795 0.00028716 0.00028631 0.00028665 0.00028723 0.00028818 0.00028714 0.000286 0.00028698 0.00028677 0.00028767 0.00028861 0.00028952 0.00028874 0.00028883 0.00028984 0.00028883 0.00028949 0.00029 0.00028984 0.00028894 0.00028824 0.0002897 0.00028965 0.0002892 0.00028948 0.00029042 0.00029112 0.00029019
0.00029037 0.00029016 0.00028897 0.00028899 0.00028881 0.00028909 0.00028955 0.00028997 0.00029039 0.0002905 0.00029045 0.00029033 0.00029091 0.00029109 0.00029028 0.00029066 0.00028764 0.00028845 0.00028926 0.00028835 0.00028832 0.00028773 0.0002877 0.00028746 0.00028706 0.00028643 0.00028591 0.00028511 0.00028418 0.00028321 0.00028227 0.00028118 0.00028056 0.0002802 0.00028038 0.00028016 0.00027745 0.00027875 0.00027704 0.00027803 0.00027972 0.00028148 0.00028248 0.0002832 0.00028386 0.00028444 0.00028504 0.0002856 0.0002862 0.00028655 0.00028721 0.00028712 0.0002871 0.00028635 0.00028463 0.00028507 0.00028582 0.00028587 0.0002858 0.00028499 0.00028333 0.00028768 0.00028941 0.00028956 0.00028893 0.00028937 0.00028996 0.00028917 0.00028998 0.00028992 0.00028952 0.00029065 0.00029106 0.00029307 0.00029405 0.00029504 0.00029235 0.000293 0.00029259 0.00029333 0.00029331 0.00029286 0.00029296 0.00029447 0.00029244 0.00029121 0.00029155 0.00029189 0.0002914 0.00028875 0.00029013 0.00028962 0.00029028 0.00029049 0.0002904 0.00028926 0.00028904 0.00029191 0.0002892 0.00028802 0.00028837 0.00028792 0.00028748 0.00028713 0.00028778 0.00028866 0.00028705 0.00028695 0.00028629 0.00028759 0.00028815 0.00028913 0.00028887 0.00028812 0.00028804 0.00028863 0.00028991 0.00029051 0.00029141 0.00029195 0.0002939 0.0002928 0.00029402 0.00029523 0.00029529 0.00029814 0.00029488 0.00029276 0.00029245 0.00029187 0.00029075 0.00029096 0.00029148 0.00029177 0.00028955 0.0002884 0.00028702 0.00028744 0.00028831 0.00028894 0.00028847 0.00028806 0.00028739 0.00028772 0.00028839 0.00028862 0.00028879 0.00028898 0.00028841 0.00028827 0.00028812 0.00028797 0.00028838 0.00028807 0.00028825 0.00028708 0.00028815 0.00028716 0.00028632 0.00028707 0.00028624 0.00028802 0.00028851 0.00028906 0.00028908 0.00028947 0.00028926 0.00028968 0.0002894 0.00029089 0.00028951 0.0002918 0.00028944 0.00028959 0.00028971 0.00028957 0.00028917 0.00029071 0.00029169 0.00029018
0.00028966 0.0002899 0.00028899 0.000289 0.00028895 0.00028899 0.00028978 0.00029153 0.00029079 0.00029044 0.00029013 0.00029021 0.00029048 0.0002901 0.00029038 0.00029062 0.00028968 0.00028886 0.00028893 0.00028844 0.00028805 0.00028763 0.0002875 0.00028716 0.00028674 0.00028624 0.00028534 0.0002842 0.00028285 0.00028168 0.00028075 0.00027966 0.00027897 0.00027887 0.00027934 0.0002777 0.00027829 0.00027575 0.00027632 0.00027816 0.00027943 0.00028075 0.00028152 0.00028229 0.00028311 0.00028368 0.00028448 0.00028505 0.00028565 0.00028615 0.00028647 0.00028692 0.00028702 0.00028617 0.00028507 0.00028579 0.00028485 0.00028553 0.00028483 0.00028401 0.0002842 0.00028506 0.00028914 0.00028909 0.00028931 0.000289 0.00028978 0.00029007 0.00028994 0.00029003 0.0002905 0.00029036 0.00029096 0.00029176 0.00029434 0.00029622 0.00029399 0.00029317 0.00029394 0.00029427 0.00029371 0.00029344 0.00029317 0.00029424 0.00029359 0.00029434 0.00029196 0.00029205 0.00029137 0.00029031 0.00028999 0.0002903 0.0002907 0.00029094 0.00028987 0.00028948 0.0002891 0.00028835 0.00028824 0.0002886 0.00028882 0.00028903 0.00028696 0.00028773 0.00028828 0.00028806 0.00028854 0.00028651 0.00028633 0.00028729 0.00028838 0.00028745 0.00028853 0.00028846 0.00028861 0.0002892 0.00028953 0.00029068 0.00029067 0.00029196 0.00029256 0.0002933 0.0002923 0.00029448 0.00029276 0.00029253 0.00029301 0.00028966 0.0002908 0.00029078 0.00029038 0.00028996 0.0002911 0.00028961 0.00028867 0.00028821 0.00028575 0.00028607 0.00028792 0.00028762 0.0002881 0.00028806 0.00028729 0.0002866 0.00028845 0.00028871 0.00028875 0.00028882 0.00028885 0.0002883 0.00028777 0.00028723 0.0002867 0.0002873 0.00028887 0.00028733 0.0002877 0.00028758 0.00028651 0.00028802 0.00028776 0.00028815 0.00028787 0.00028786 0.00028912 0.00028944 0.00028998 0.00028952 0.00028895 0.0002907 0.00029108 0.00029026 0.00029037 0.00029104 0.00029079 0.00028953 0.00028873 0.00028986 0.0002899 0.00028937
0.00028803 0.00028869 0.00028872 0.00028834 0.00028921 0.0002898 0.00029069 0.00029299 0.00029279 0.00029137 0.00029106 0.00029026 0.00029053 0.00029048 0.00029094 0.00029044 0.00029003 0.00028957 0.00028858 0.00028842 0.00028803 0.00028752 0.00028719 0.00028661 0.00028622 0.00028562 0.00028471 0.00028297 0.00028059 0.00027917 0.00027821 0.00027773 0.00027725 0.00027768 0.00027845 0.00027248 0.00027724 0.00027536 0.00027592 0.000277 0.00027767 0.00027894 0.00027989 0.00028078 0.00028183 0.0002828 0.00028374 0.00028441 0.00028518 0.00028568 0.000286 0.00028625 0.00028659 0.00028647 0.00028553 0.00028457 0.00028453 0.00028449 0.00028482 0.00028456 0.0002837 0.0002869 0.00028862 0.0002885 0.00028894 0.00028933 0.00029016 0.0002903 0.00029046 0.00028992 0.00029032 0.00029082 0.00029169 0.00029345 0.00029783 0.00029811 0.0002974 0.00029338 0.00029466 0.00029461 0.0002964 0.00029422 0.00029373 0.00029353 0.00029491 0.00029551 0.00029281 0.00029173 0.00029183 0.00029202 0.00029135 0.00029086 0.00029099 0.00029068 0.00028968 0.00029004 0.00028913 0.00028883 0.00028936 0.00028779 0.0002886 0.00028879 0.00028737 0.00028819 0.00028724 0.00028797 0.00028653 0.00028608 0.0002872 0.00028726 0.00028686 0.00028766 0.00028762 0.00028805 0.00028831 0.00028877 0.00028878 0.00028866 0.0002888 0.00029103 0.00029164 0.00029176 0.00029203 0.000292 0.00029143 0.00029126 0.00029011 0.00029009 0.00029031 0.00029003 0.00028986 0.00028876 0.00028837 0.00028907 0.00028829 0.00028766 0.00028669 0.00028638 0.00028729 0.00028775 0.00028835 0.00028842 0.00028887 0.00028885 0.00028854 0.00028863 0.00028869 0.00028873 0.00028845 0.00028821 0.00028875 0.00028769 0.00028675 0.00028697 0.00028785 0.00028817 0.00028791 0.00028834 0.00028726 0.00028813 0.00028837 0.00028795 0.00028773 0.00028755 0.00028877 0.00028879 0.00028851 0.00028838 0.00028987 0.00029087 0.00029167 0.00029219 0.00029248 0.00029345 0.00029208 0.0002923 0.00029173 0.00029085 0.0002912 0.00028823
0.00028816 0.00028813 0.00028848 0.00028924 0.0002893 0.00028987 0.00029176 0.00029247 0.00029225 0.00029192 0.00029139 0.0002906 0.00029084 0.0002893 0.00029072 0.00029199 0.00029007 0.00029003 0.00028917 0.00028832 0.00028797 0.00028753 0.00028669 0.00028601 0.00028554 0.00028483 0.00028362 0.0002806 0.0002776 0.00027553 0.00027517 0.00027548 0.00027617 0.00027678 0.0002756 0.00027302 0.00027467 0.00027548 0.00027493 0.00027446 0.00027495 0.00027651 0.00027796 0.00027897 0.00028057 0.00028176 0.0002828 0.00028356 0.00028441 0.00028511 0.0002854 0.0002859 0.00028595 0.00028613 0.00028532 0.00028443 0.00028315 0.00028322 0.00028458 0.00028429 0.00028371 0.00028718 0.00028856 0.00028735 0.00028827 0.00029782 0.00030806 0.00029576 0.0002902 0.00029065 0.00028955 0.00029083 0.00029148 0.00029294 0.00029792 0.00029745 0.00029786 0.00029343 0.00029515 0.00029378 0.00029494 0.00029443 0.00029453 0.00029447 0.00029471 0.00029438 0.00029338 0.00029335 0.00029311 0.00029212 0.00029094 0.00029108 0.00029109 0.00029076 0.00029011 0.00029017 0.00028919 0.00028931 0.00028857 0.00028999 0.00028888 0.00028831 0.00028743 0.00028742 0.00028739 0.00028726 0.00028747 0.00028639 0.00028747 0.00028746 0.00028778 0.00028735 0.00028697 0.00028692 0.00028758 0.00028772 0.0002881 0.00028941 0.00028959 0.00028857 0.00028971 0.00028946 0.00029 0.00029 0.00028979 0.00029085 0.00029059 0.00029054 0.00029032 0.00028992 0.00028872 0.00028901 0.00028665 0.00028742 0.00028772 0.00028737 0.00028617 0.00028622 0.0002874 0.00028794 0.00028856 0.00028863 0.0002889 0.00028911 0.00028868 0.00028859 0.00028852 0.00028838 0.00028829 0.00028777 0.00028807 0.00028787 0.00028714 0.00028742 0.00028712 0.00028736 0.00028785 0.00028833 0.00028788 0.00028904 0.00028834 0.00028825 0.00028779 0.00028739 0.00028946 0.00028749 0.00028817 0.00028874 0.00028997 0.00029179 0.00029212 0.0002929 0.00029293 0.00029373 0.00029451 0.00029265 0.00029268 0.00029167 0.0002927 0.00029048
0.00029124 0.00028822 0.00029017 0.00028957 0.00029036 0.00029089 0.00029457 0.00029357 0.00029171 0.00029196 0.00029195 0.0002907 0.00029021 0.00029036 0.00029081 0.00029184 0.00028841 0.00029019 0.00029091 0.0002886 0.00028812 0.00028744 0.00028678 0.00028609 0.00028516 0.00028392 0.00028163 0.00027709 0.00027119 0.00026905 0.00027122 0.00027375 0.00027449 0.00027554 0.00027611 0.00027587 0.00027657 0.00027667 0.00027397 0.00027254 0.00027241 0.00027484 0.00027623 0.00027747 0.0002792 0.00028098 0.00028214 0.00028297 0.00028352 0.00028394 0.00028399 0.00028499 0.00028545 0.00028547 0.0002847 0.00028441 0.00028344 0.00028596 0.00028413 0.0002863 0.00028737 0.00029567 0.00030117 0.00030578 0.00031232 0.00030973 0.00030425 0.00031205 0.00031157 0.00029099 0.00029065 0.00029226 0.00029196 0.00029243 0.0002958 0.00029564 0.00029696 0.00029554 0.0002946 0.00029424 0.00029454 0.00029463 0.00029432 0.00029547 0.00029427 0.00029396 0.00029402 0.00029324 0.00029279 0.00029243 0.00029279 0.0002919 0.00029152 0.00029054 0.00029013 0.00029017 0.00028991 0.00028941 0.00028832 0.0002894 0.00028797 0.00028821 0.00028791 0.00028718 0.00028743 0.00028682 0.00028713 0.00028706 0.00028674 0.0002869 0.00028781 0.00028674 0.00028636 0.00028631 0.00028651 0.00028579 0.00028773 0.00028937 0.00028945 0.0002895 0.00028855 0.00028953 0.00028947 0.00028924 0.00028989 0.00029029 0.00029036 0.00029077 0.0002894 0.00028864 0.00028823 0.0002864 0.00028621 0.00028632 0.00028697 0.00028666 0.00028614 0.00028654 0.00028666 0.0002876 0.00028825 0.00028874 0.00028865 0.0002887 0.00028895 0.0002887 0.00028828 0.00028847 0.00028782 0.00028831 0.0002878 0.00028832 0.00028699 0.00028636 0.00028835 0.00028874 0.00028736 0.00028875 0.00028882 0.00028826 0.00028839 0.00028816 0.00028741 0.00028788 0.00028883 0.00028911 0.00028883 0.00028891 0.00028947 0.00029227 0.00029344 0.00029741 0.00029522 0.00029457 0.00029284 0.00029544 0.00029363 0.0002971 0.00029042 0.00029084
0.00029182 0.00029144 0.00029061 0.00028989 0.00029042 0.00029161 0.00029303 0.00029463 0.00029376 0.00029446 0.00029318 0.00029152 0.00029111 0.0002916 0.00029151 0.00029177 0.00029039 0.00029026 0.0002899 0.00028911 0.00028843 0.0002876 0.00028688 0.00028609 0.00028491 0.0002833 0.00028052 0.00027341 0.00026164 0.00025843 0.00026621 0.00027177 0.00027332 0.00027374 0.00027411 0.0002768 0.00027589 0.00027573 0.0002733 0.00027211 0.00027231 0.00027729 0.0002744 0.00027637 0.00027829 0.00027997 0.0002815 0.00028238 0.00028302 0.00028348 0.00028361 0.00028542 0.00028401 0.00028759 0.00029931 0.00029539 0.00029602 0.00028961 0.00030677 0.00031423 0.00029754 0.0002873 0.00028713 0.00028767 0.0002993 0.00030173 0.00029592 0.00029612 0.00028933 0.00030657 0.00029228 0.0002916 0.00029247 0.0002933 0.00029373 0.00029565 0.00029504 0.00029687 0.00029832 0.00029505 0.00029476 0.00029481 0.00029462 0.00029463 0.00029364 0.00029391 0.00029459 0.00029357 0.0002927 0.00029384 0.00029303 0.00029261 0.00029188 0.00029108 0.00029213 0.00029068 0.00029018 0.00028959 0.00028923 0.00028924 0.00028915 0.00028854 0.00028772 0.00028728 0.00028686 0.00028795 0.00028695 0.00028689 0.00028662 0.00028646 0.00028654 0.00028686 0.00028597 0.00028681 0.00028656 0.00028709 0.0002871 0.00028877 0.00028916 0.00028889 0.000289 0.00028957 0.00028922 0.0002892 0.00028859 0.00028959 0.00028974 0.0002898 0.00028933 0.00028888 0.00028677 0.00028626 0.00028555 0.00028678 0.00028645 0.00028692 0.00028603 0.00028643 0.00028787 0.00028794 0.00028895 0.00028871 0.00028898 0.0002888 0.00028893 0.00028877 0.00028802 0.00028768 0.00028756 0.00028772 0.00028762 0.00028716 0.00028804 0.00028702 0.00028883 0.00028879 0.00028775 0.00028779 0.00028849 0.00028873 0.00028814 0.00028837 0.00028757 0.00028729 0.000288 0.00028998 0.00029009 0.00029052 0.00029152 0.00029364 0.0002948 0.00029613 0.00029658 0.00029602 0.00029571 0.00029664 0.00029755 0.00029599 0.00029743 0.00029588
0.00029721 0.00029509 0.00029777 0.00029803 0.00029254 0.00029234 0.00029333 0.000295 0.00029386 0.00029394 0.00029317 0.00029291 0.00029309 0.00029182 0.00029243 0.00029211 0.00029176 0.00029075 0.00029027 0.0002895 0.00028868 0.00028806 0.00028703 0.00028609 0.00028456 0.00028298 0.00028041 0.00027432 0.00026208 0.00024731 0.00025579 0.00027168 0.00027288 0.00027294 0.00027255 0.00027528 0.00027497 0.00027377 0.0002717 0.00027059 0.00027274 0.00027425 0.000274 0.00027609 0.00027773 0.0002792 0.00028139 0.00028199 0.00028257 0.00028319 0.00028287 0.00028464 0.00029308 0.00029695 0.00031743 0.00031853 0.00029222 0.00028151 0.00028085 0.00028385 0.00028552 0.00028602 0.0002867 0.0002872 0.0002882 0.00028796 0.00028839 0.00029227 0.00029015 0.00029038 0.00031089 0.00029427 0.00031125 0.00029617 0.00029439 0.00029835 0.0002985 0.00029636 0.00029762 0.00029797 0.0002952 0.00029523 0.00029554 0.00029489 0.00029513 0.00029469 0.00029591 0.00029419 0.00029456 0.00029348 0.00029349 0.00029435 0.00029207 0.00029156 0.00029096 0.00029089 0.00029108 0.0002902 0.00028745 0.00028828 0.00028925 0.0002894 0.00028831 0.00028778 0.00028756 0.00028685 0.00028677 0.00028694 0.00028644 0.00028653 0.00028754 0.00028678 0.00028698 0.00028635 0.0002869 0.00028721 0.00028708 0.00028757 0.00028836 0.00028792 0.00028823 0.00028879 0.0002887 0.00028851 0.00028785 0.00028959 0.00028935 0.00028994 0.00028935 0.00028928 0.0002887 0.00028703 0.00028578 0.00028627 0.00028616 0.00028738 0.0002866 0.00028756 0.0002883 0.00028836 0.00028925 0.00028907 0.00028873 0.00028893 0.00028898 0.00028891 0.00028864 0.00028876 0.00028819 0.00028814 0.00028789 0.00028708 0.00028624 0.00028727 0.00028714 0.00028769 0.00028852 0.00028875 0.00028823 0.00028922 0.00028858 0.00028964 0.00029027 0.00028951 0.00028993 0.0002934 0.00029034 0.00029146 0.00029226 0.00029437 0.00029533 0.00029564 0.00029766 0.00029705 0.00029813 0.000299 0.00029907 0.00029498 0.000296 0.00029422
0.00029308 0.00029422 0.000294 0.00029617 0.00029795 0.00029313 0.00029514 0.00029386 0.0002952 0.00029582 0.00029386 0.00029437 0.00029325 0.00029288 0.00029293 0.00029211 0.00029212 0.00029127 0.00029075 0.00028981 0.0002892 0.00028824 0.00028748 0.00028636 0.00028508 0.00028336 0.00028108 0.00027855 0.00026438 0.00023368 0.00023354 0.0002663 0.00027232 0.00027234 0.00027265 0.00027212 0.00027399 0.00027302 0.00027319 0.00027177 0.00027239 0.00027511 0.00028105 0.00028533 0.00028246 0.0002794 0.00028123 0.00028292 0.00028277 0.00028388 0.00029503 0.00030188 0.000301 0.00031577 0.00029652 0.00028277 0.00028016 0.00028624 0.00028213 0.00028536 0.00028598 0.00028635 0.00028798 0.00028761 0.0002886 0.00028904 0.00029419 0.00029059 0.00029972 0.00029157 0.00031168 0.00031189 0.00031484 0.00030567 0.00030231 0.00029869 0.00029529 0.00029682 0.00029708 0.00030207 0.000298 0.00029505 0.00029589 0.00029609 0.00029568 0.0002959 0.00029712 0.00029451 0.00029476 0.00029477 0.00029578 0.00029284 0.00029281 0.00029251 0.00029153 0.00029072 0.00029094 0.00029032 0.00028892 0.00028872 0.00028936 0.00028898 0.00028806 0.00028841 0.00028832 0.00028746 0.00028683 0.00028759 0.00029008 0.00029089 0.00028701 0.00028784 0.00028729 0.00028752 0.0002874 0.00028709 0.00028715 0.00028735 0.0002879 0.00028803 0.00028807 0.0002876 0.00028806 0.00028768 0.0002876 0.00028785 0.00028845 0.00028921 0.00028935 0.00028934 0.0002886 0.00028778 0.00028585 0.00028765 0.00028767 0.00028642 0.00028824 0.00028878 0.00028755 0.00028851 0.00028922 0.00028931 0.00028964 0.00028921 0.00028921 0.00028877 0.00028858 0.00028944 0.00028922 0.00028837 0.00028676 0.00028727 0.00028627 0.00028789 0.00028878 0.00028843 0.00028889 0.0002898 0.0002889 0.00028947 0.00029042 0.00029335 0.00029491 0.00029254 0.00029235 0.00029492 0.00029467 0.00029387 0.00029508 0.00029538 0.00029626 0.00029728 0.00029837 0.00030268 0.0003005 0.00030014 0.00029527 0.00028939 0.00029578 0.0002949
0.00029535 0.00029502 0.00029442 0.00029441 0.00030113 0.00029912 0.00029607 0.00029655 0.00029942 0.00029741 0.00029655 0.00029498 0.00029404 0.00029388 0.00029379 0.00029412 0.00029366 0.00029213 0.00029122 0.00029039 0.00028956 0.00028868 0.00028789 0.00028668 0.00028543 0.00028416 0.00028243 0.00028072 0.00026791 0.00024653 0.00025292 0.00026307 0.00027081 0.00027197 0.00027273 0.00027367 0.00027173 0.00027181 0.00027373 0.00027183 0.00028358 0.0002843 0.00027608 0.0002874 0.00028597 0.0002871 0.00028707 0.00029281 0.00029334 0.00029009 0.00028629 0.00028192 0.00028888 0.00031137 0.00029379 0.00029544 0.00029766 0.00028749 0.00028495 0.00028641 0.00028671 0.00028679 0.00028747 0.00028786 0.00029115 0.00029717 0.00029837 0.00029582 0.00028923 0.00028966 0.00029713 0.00031276 0.00031169 0.0003065 0.00030997 0.00030568 0.00030159 0.00029592 0.00029569 0.00029706 0.00029754 0.00029664 0.00029702 0.00029552 0.000296 0.00029539 0.0002946 0.00029402 0.00029378 0.00029422 0.00029384 0.00029446 0.0002928 0.00029248 0.00029239 0.00029262 0.00029263 0.00029088 0.0002896 0.00028998 0.00028808 0.00028797 0.00028833 0.00028843 0.00028695 0.00028795 0.00028827 0.00028762 0.00028758 0.00028767 0.00028811 0.00028805 0.00028837 0.00028688 0.00028706 0.0002871 0.00028708 0.00028819 0.0002883 0.0002879 0.00028714 0.00028674 0.00028701 0.00028648 0.00028742 0.0002885 0.00028803 0.00028837 0.00028931 0.00028933 0.00028908 0.00028882 0.00028668 0.00028648 0.0002874 0.00028795 0.00028799 0.00028823 0.00028794 0.00028872 0.00028933 0.00028922 0.00028988 0.00028978 0.00028966 0.00028978 0.00029008 0.00029005 0.00028997 0.00029062 0.00028632 0.00028599 0.00028637 0.00028789 0.00028695 0.00028963 0.0002933 0.00029131 0.00029148 0.00029133 0.00029338 0.00029484 0.00029434 0.00029365 0.00029647 0.00029832 0.00029676 0.00029805 0.00029827 0.00029796 0.00029823 0.00029813 0.00029928 0.00030105 0.00030267 0.00030277 0.00029906 0.00029731 0.0002967 0.00029542
0.0002958 0.00029653 0.00029732 0.00029697 0.00029554 0.00030166 0.00030101 0.00030084 0.00030209 0.00029804 0.00029643 0.00029386 0.00029474 0.00029549 0.00029668 0.00029755 0.00029753 0.00029522 0.00029166 0.00029158 0.00029038 0.0002895 0.00028858 0.00028738 0.00028632 0.00028507 0.00028373 0.00028133 0.00027757 0.00027105 0.00026438 0.0002657 0.00027085 0.00027147 0.0002731 0.0002742 0.00027411 0.00027797 0.00027527 0.00027267 0.00027418 0.00027543 0.00027713 0.00028879 0.0002848 0.00028989 0.00028554 0.00028739 0.00028478 0.00028271 0.00028144 0.00028894 0.00029282 0.00029379 0.0002917 0.00028293 0.00028391 0.00028674 0.00029378 0.00029432 0.00028726 0.00028759 0.00028788 0.00028798 0.00028953 0.00028868 0.00029038 0.00028931 0.00028948 0.00029014 0.00029171 0.00029458 0.0003034 0.00029341 0.00029327 0.00030336 0.00030674 0.00030375 0.00029442 0.00029538 0.00030123 0.00029857 0.00029805 0.00029699 0.00029647 0.00029531 0.00029436 0.00029444 0.00029529 0.00029457 0.00029398 0.00029362 0.00029414 0.00029239 0.00029242 0.00029292 0.00029264 0.0002925 0.00029137 0.00029168 0.00028963 0.00028758 0.00028797 0.00028836 0.00028904 0.0002884 0.00028816 0.000288 0.00028826 0.00028788 0.0002891 0.00028927 0.00028893 0.00028733 0.00028695 0.0002871 0.00028656 0.00028705 0.0002865 0.00028772 0.00028707 0.00028781 0.00028724 0.00028729 0.00028783 0.00028741 0.0002888 0.00028786 0.00028906 0.00028919 0.00028885 0.00028771 0.00028797 0.00028684 0.00028789 0.0002882 0.00028899 0.00028872 0.00028895 0.00028924 0.000289 0.00028956 0.00029076 0.00029093 0.00029048 0.00029029 0.00029224 0.00029134 0.00029013 0.00028959 0.00028838 0.00028745 0.0002892 0.00028892 0.00028872 0.00028993 0.00029705 0.00029352 0.0003077 0.0002973 0.0002957 0.00029419 0.00029425 0.00029696 0.00029698 0.00029986 0.00029997 0.00029926 0.00029925 0.00030001 0.00030047 0.00030021 0.00030206 0.00030191 0.00030187 0.00030244 0.00030273 0.0003006 0.00029855 0.00029697
0.0002971 0.00029676 0.0002984 0.00029872 0.00029755 0.00030457 0.00030471 0.00030321 0.00029958 0.00030091 0.0002951 0.00029249 0.00029691 0.00030174 0.0003011 0.00030251 0.00029459 0.0002918 0.00029508 0.00029318 0.00029195 0.00029029 0.00028994 0.00028865 0.0002873 0.00028608 0.00028488 0.00028259 0.00028062 0.00027629 0.00027231 0.00027148 0.00027011 0.00026995 0.00027353 0.00027531 0.00027659 0.00027724 0.00027739 0.00027583 0.00027506 0.00027725 0.00027859 0.00028137 0.00028222 0.00028236 0.00028402 0.00028412 0.00028367 0.00028288 0.00028217 0.00028155 0.00028294 0.00028906 0.00028778 0.00028431 0.00028576 0.00028691 0.00028763 0.00029893 0.00028724 0.00028874 0.00028867 0.00028932 0.00028946 0.00028973 0.00029309 0.00029053 0.00029093 0.00029197 0.00029279 0.00029357 0.00031211 0.00029569 0.00029506 0.00030149 0.00029886 0.00030014 0.00029646 0.00029694 0.00029819 0.00029818 0.00030121 0.00029862 0.00029674 0.00029591 0.00029654 0.00029541 0.00029529 0.00029495 0.00029459 0.00029394 0.0002935 0.0002933 0.00029276 0.00029259 0.00029114 0.00029256 0.00029252 0.0002927 0.00029018 0.00028891 0.0002884 0.00028876 0.00028938 0.00028838 0.00028863 0.00028904 0.00028889 0.00028889 0.00028942 0.00028943 0.0002888 0.00028815 0.00028774 0.00028677 0.00028612 0.0002888 0.0002884 0.00028783 0.00028764 0.00028792 0.00028755 0.00028844 0.00028719 0.00028794 0.00028744 0.00028888 0.000289 0.0002895 0.00028857 0.00028888 0.00028865 0.00028839 0.00028923 0.00029104 0.00028851 0.00028994 0.00028962 0.00028903 0.00028959 0.00028977 0.00029171 0.00029172 0.00029057 0.00029279 0.00029211 0.00029076 0.00028998 0.00028934 0.00028822 0.00028861 0.00028839 0.0002888 0.00028934 0.00029148 0.00029708 0.00029713 0.00029752 0.00029522 0.00029795 0.00029722 0.00029697 0.00029646 0.00029776 0.00030018 0.00029888 0.00029707 0.0003019 0.00030231 0.00030195 0.00030295 0.00030341 0.00030382 0.00030373 0.00030382 0.00030317 0.00030214 0.00029941 0.00029896
0.00029962 0.000299 0.00029947 0.000301 0.00030178 0.00030488 0.00030504 0.00030266 0.0003015 0.00029711 0.00029434 0.00029198 0.00029774 0.0003013 0.00030429 0.00029871 0.00029518 0.0002971 0.00029634 0.00029337 0.00029271 0.00029175 0.00029089 0.00028969 0.00028845 0.00028681 0.00028541 0.00028369 0.00028185 0.00027967 0.00027611 0.00027382 0.00026738 0.00025835 0.00027445 0.00027616 0.00027717 0.00027814 0.0002787 0.00027883 0.00027899 0.00028161 0.0002826 0.00028343 0.00028409 0.00028542 0.00028613 0.00028661 0.00028717 0.00028766 0.00028693 0.00028921 0.00029999 0.00028436 0.00028467 0.00028536 0.00028721 0.00028792 0.00028813 0.00029112 0.00028885 0.00028942 0.00028953 0.00028947 0.00029 0.00029025 0.00029021 0.00029313 0.00029351 0.00029312 0.00029822 0.00029391 0.00030794 0.00030905 0.00029771 0.00029779 0.00029672 0.00029706 0.00029748 0.0002992 0.00030323 0.00030154 0.00030035 0.00029728 0.00029764 0.00029734 0.0002964 0.0002954 0.00029482 0.0002946 0.00029484 0.00029542 0.00029407 0.0002938 0.00029295 0.00029263 0.00029084 0.00029247 0.00029242 0.0002926 0.00029026 0.00028978 0.00028936 0.00028891 0.00028942 0.00028923 0.00028911 0.00028951 0.00028962 0.00028976 0.00029008 0.00029001 0.00028851 0.000288 0.00028793 0.00028724 0.00028659 0.00028884 0.00028839 0.00028831 0.00028838 0.00028753 0.00028772 0.00028728 0.00028806 0.0002882 0.0002886 0.00028891 0.00029027 0.00028987 0.00028912 0.00028816 0.00028905 0.00028934 0.00029093 0.00029075 0.00029015 0.00029281 0.00028977 0.00028939 0.00028989 0.00029025 0.000292 0.00029218 0.00029237 0.00029301 0.00029257 0.00028991 0.0002905 0.0002894 0.00028914 0.00028934 0.00029097 0.00029115 0.00029231 0.00029689 0.00029928 0.00030068 0.00029898 0.00029866 0.00030167 0.00030027 0.00029805 0.00029785 0.00030041 0.0002993 0.00029681 0.00029924 0.00030162 0.00030261 0.00030291 0.0003032 0.0003033 0.00030392 0.00030412 0.00030392 0.00030258 0.00030271 0.00030125 0.00030008
0.00030041 0.0002992 0.00030098 0.00030347 0.00030256 0.00030369 0.00030511 0.00030659 0.0003019 0.00029839 0.00029488 0.000295 0.00030017 0.00030427 0.00030444 0.00030158 0.00029961 0.00029829 0.00029321 0.00029533 0.00029354 0.00029353 0.00029103 0.00028921 0.00028805 0.00028771 0.00028629 0.00028419 0.00028211 0.00028131 0.00028003 0.00027826 0.00026938 0.00025294 0.00025991 0.00027728 0.00027783 0.00027828 0.00027937 0.00028043 0.00028166 0.00028257 0.00028322 0.00028405 0.00028503 0.00028619 0.0002869 0.00028767 0.00028882 0.00028984 0.00028666 0.0002842 0.00028374 0.00028472 0.00028546 0.00028682 0.00028779 0.00028871 0.00028886 0.0002899 0.00028933 0.00028981 0.00029155 0.00028981 0.00029013 0.00029048 0.00029014 0.00029569 0.00029169 0.00029278 0.00029457 0.00030605 0.00031659 0.00031558 0.00029559 0.00029673 0.00029691 0.00029749 0.00029579 0.00030406 0.00029588 0.00030349 0.00029872 0.00029685 0.00029871 0.00029824 0.00029661 0.00029527 0.00029583 0.00029478 0.00029464 0.00029515 0.00029429 0.00029422 0.00029394 0.00029286 0.00029253 0.00029135 0.00029146 0.00029089 0.0002908 0.00029097 0.00029034 0.0002911 0.00028957 0.00028907 0.00028921 0.00029042 0.00029003 0.00028995 0.00028996 0.00028898 0.00028936 0.00028897 0.00028809 0.00028769 0.0002884 0.00028837 0.00028775 0.00028865 0.00028823 0.00028791 0.0002881 0.00028817 0.00028816 0.0002884 0.0002888 0.00028938 0.00028952 0.00028999 0.00029121 0.00029064 0.00029207 0.00029195 0.00029239 0.00029203 0.00029113 0.00029097 0.00029162 0.00029074 0.00029211 0.00029235 0.00029349 0.00029338 0.00029376 0.00029239 0.00029062 0.00029045 0.00029062 0.00028986 0.00029049 0.00029175 0.00029498 0.0002961 0.00029648 0.00029714 0.00029946 0.00030091 0.00030017 0.00030153 0.0003004 0.00030041 0.00029942 0.00030112 0.00030076 0.00029958 0.00029816 0.00030108 0.00030206 0.0003025 0.000303 0.00030342 0.00030345 0.00030374 0.00030388 0.0003039 0.00030404 0.0003034 0.00030275 0.00030178
0.00030418 0.0003033 0.00030374 0.00030469 0.00030578 0.00030628 0.00030589 0.00030508 0.00030406 0.00029849 0.00029722 0.00029774 0.00030479 0.00030602 0.00030573 0.00030381 0.0003023 0.00029557 0.00029485 0.000297 0.00029568 0.00029228 0.00029042 0.0002888 0.00028739 0.00028897 0.00028738 0.00028275 0.00028219 0.00028248 0.00028209 0.00028247 0.00028111 0.00026797 0.00027472 0.00027833 0.0002775 0.00027791 0.0002796 0.00028104 0.00028225 0.00028289 0.00028341 0.00028335 0.00028597 0.00028694 0.000288 0.0002887 0.00028943 0.00029133 0.00029146 0.00028786 0.00028657 0.00028708 0.0002879 0.00028864 0.00028914 0.0002894 0.00028958 0.00029032 0.0002902 0.00028984 0.00028925 0.00029177 0.00029229 0.00029094 0.00029137 0.00029296 0.00029324 0.00029449 0.00029516 0.00029627 0.00031038 0.00031214 0.00030706 0.00030336 0.00030463 0.00030263 0.00030089 0.00030086 0.00029734 0.00029652 0.0002989 0.0002976 0.00029689 0.00029891 0.00029621 0.00029487 0.00029542 0.00029532 0.00029587 0.0002952 0.00029486 0.0002943 0.00029382 0.00029299 0.00029285 0.00029196 0.00029244 0.00029179 0.00029178 0.00029178 0.00029173 0.00029103 0.00029104 0.00028955 0.00029021 0.00029129 0.00029251 0.00028987 0.00029018 0.00028954 0.00028868 0.0002886 0.00028829 0.00028921 0.00028876 0.00028875 0.0002881 0.00028873 0.00028837 0.00028807 0.00028802 0.00028831 0.00028835 0.00028853 0.00028907 0.00028942 0.00029003 0.00029034 0.00029309 0.00029512 0.00029686 0.00029789 0.00030109 0.00029749 0.00029269 0.00029225 0.00029168 0.00029272 0.00029288 0.00029373 0.0002943 0.00029364 0.00029335 0.00029164 0.00029145 0.00029098 0.00029062 0.00028986 0.00029246 0.000297 0.00029638 0.00029542 0.00029591 0.00029913 0.0003002 0.00030116 0.00030149 0.00030217 0.0003 0.00030204 0.00030127 0.00030182 0.00030151 0.00030014 0.0003007 0.0003018 0.00030218 0.00030244 0.00030258 0.0003032 0.00030347 0.00030357 0.00030353 0.00030381 0.000304 0.0003042 0.00030439 0.00030451
0.00030405 0.00030501 0.00030728 0.00030509 0.00030667 0.00030683 0.0003062 0.00030592 0.00030498 0.00030184 0.00030036 0.00029959 0.00030617 0.00030736 0.00030738 0.0003061 0.00029959 0.00029458 0.00029917 0.00029806 0.00029472 0.00029091 0.00028939 0.00028847 0.0002891 0.00028934 0.00028881 0.00028612 0.00028251 0.00028224 0.00028283 0.00028394 0.0002846 0.00028379 0.00028138 0.00027947 0.00027686 0.00027618 0.00028004 0.00028184 0.00028297 0.00028355 0.00028384 0.00028321 0.00028644 0.00028813 0.00028895 0.00028956 0.00029048 0.00029233 0.00029327 0.00028887 0.00028881 0.00028949 0.00028995 0.00029046 0.0002903 0.00029042 0.00029056 0.00029102 0.00029201 0.00029063 0.0002897 0.00029013 0.00029082 0.00029223 0.00029311 0.00029358 0.00029383 0.00029553 0.00029809 0.00030758 0.00029829 0.00030346 0.00031144 0.00030733 0.00030225 0.00029813 0.00029722 0.00029748 0.00029631 0.00029788 0.00029678 0.00029749 0.00029925 0.0002973 0.00029694 0.00029521 0.00029563 0.00029523 0.00029495 0.00029505 0.00029381 0.00029361 0.00029345 0.00029334 0.00029318 0.00029324 0.0002927 0.00029189 0.00029191 0.00029181 0.00029151 0.00029174 0.00029146 0.00029135 0.00029154 0.00029122 0.00029148 0.00028949 0.00028987 0.00028819 0.0002886 0.00028836 0.00028881 0.00028845 0.00028852 0.00028884 0.00028868 0.00028865 0.00028838 0.00028813 0.00028792 0.00028804 0.00028926 0.00028871 0.00028903 0.00028969 0.0002905 0.00029183 0.00029503 0.00031034 0.0003119 0.00031194 0.00031145 0.00030928 0.00030415 0.00029597 0.00029457 0.00029419 0.00029397 0.00029522 0.00029452 0.00029338 0.00029357 0.00029199 0.00029141 0.00029154 0.00029016 0.00029039 0.00029681 0.00029627 0.00029726 0.00029754 0.00029837 0.00029873 0.00030063 0.0003014 0.00030202 0.00030214 0.00030179 0.00030145 0.00030193 0.00030188 0.00030192 0.00030186 0.00030185 0.00030172 0.00030218 0.00030224 0.00030224 0.00030274 0.00030308 0.00030327 0.00030341 0.00030376 0.00030406 0.00030421 0.00030444 0.00030476
0.00030456 0.00030517 0.00030566 0.00030588 0.00030666 0.0003069 0.00030681 0.00030661 0.00030596 0.00030393 0.00030161 0.00030434 0.00030752 0.00030833 0.00030858 0.00030645 0.00029861 0.00030198 0.00030127 0.00029831 0.00029333 0.00029126 0.00029157 0.00029079 0.00029035 0.00029021 0.00028941 0.00028765 0.00028137 0.00028184 0.00028283 0.00028491 0.00028557 0.00028498 0.0002834 0.00028087 0.00027313 0.00027306 0.0002815 0.00028285 0.00028361 0.00028407 0.00028438 0.00028503 0.00028762 0.00028847 0.00028917 0.00028998 0.00029089 0.00029206 0.00029341 0.00029367 0.0002903 0.00029021 0.0002902 0.0002903 0.00029071 0.00029113 0.00029156 0.00029193 0.00029215 0.00029144 0.00029016 0.00029139 0.00029276 0.00029331 0.00029428 0.00029478 0.00029514 0.00029653 0.00029905 0.00030813 0.00031289 0.00030796 0.0003113 0.00029879 0.0002982 0.00029756 0.00030161 0.0003025 0.00030092 0.00029749 0.00029795 0.00029847 0.00029737 0.00029601 0.00029608 0.00029514 0.00029572 0.00029475 0.00029518 0.0002948 0.00029461 0.00029516 0.00029339 0.00029305 0.0002927 0.00029338 0.00029236 0.00029148 0.00029148 0.00029166 0.00029198 0.00029156 0.00029135 0.00029201 0.00029066 0.00029274 0.00029151 0.00029175 0.00029049 0.00028945 0.00028914 0.00028812 0.00028835 0.00028857 0.00028837 0.00028868 0.00028869 0.00028877 0.0002883 0.00028845 0.00028797 0.00028914 0.0002901 0.00028852 0.00028907 0.00028989 0.00029184 0.00029621 0.00030951 0.00031307 0.00031251 0.00031228 0.00031222 0.00031133 0.00031089 0.00030637 0.00029635 0.00029611 0.00029655 0.00029557 0.00029402 0.00029433 0.00029203 0.00029107 0.00029139 0.00029254 0.00029163 0.00029155 0.00029606 0.00029806 0.00029861 0.00029947 0.00030026 0.00029977 0.00030166 0.00030216 0.00030169 0.00030222 0.00030245 0.00030165 0.00030189 0.00030178 0.00030207 0.00030203 0.00030178 0.00030176 0.00030167 0.00030174 0.00030191 0.00030141 0.00030263 0.00030309 0.00030289 0.00030378 0.00030426 0.00030451 0.00030467 0.00030495
0.00030528 0.00030623 0.00030449 0.00030506 0.00030698 0.00030683 0.00030697 0.00030665 0.00030751 0.00030476 0.0003027 0.0003069 0.00030872 0.0003092 0.00030889 0.00030465 0.00030217 0.00030459 0.00030088 0.00029583 0.00029498 0.0002937 0.0002932 0.00029248 0.00029173 0.00029081 0.00028998 0.00028794 0.00028295 0.00028269 0.00028422 0.00028622 0.00028619 0.00028667 0.00028564 0.00028219 0.00027032 0.00026035 0.00027936 0.00028363 0.00028404 0.00028461 0.00028517 0.00028606 0.00028745 0.0002885 0.00028933 0.00029022 0.00029097 0.0002922 0.00029345 0.00029377 0.00029296 0.00029086 0.00029067 0.00029071 0.00029107 0.00029154 0.00029194 0.00029251 0.0002931 0.00029268 0.00029209 0.00029237 0.0002929 0.00029458 0.00029665 0.00029695 0.00029742 0.00030033 0.00030792 0.00030875 0.00030754 0.00031233 0.00030103 0.00030066 0.00030134 0.00030036 0.00030275 0.0002983 0.00029834 0.00029778 0.00029734 0.00029799 0.00029855 0.00029724 0.00029662 0.00029761 0.00029659 0.00029671 0.00029541 0.000295 0.00029433 0.0002947 0.00029394 0.00029528 0.00029339 0.00029276 0.00029252 0.00029283 0.00029276 0.00029116 0.00029054 0.00029034 0.00029179 0.00029229 0.00029254 0.00029106 0.00029084 0.00029042 0.00029026 0.00029031 0.00028983 0.00029023 0.00028948 0.00028887 0.00028856 0.00028865 0.00028866 0.00028809 0.00028849 0.00028835 0.00028774 0.0002907 0.00028877 0.00028852 0.00028937 0.00029055 0.00029301 0.00030151 0.00031109 0.00031346 0.00031356 0.00031327 0.00031262 0.00031209 0.00031151 0.00030964 0.00030468 0.00030021 0.00029813 0.00029806 0.00029397 0.00029291 0.00029282 0.00029248 0.00029407 0.00029515 0.00029438 0.00029446 0.00029734 0.00029955 0.00030108 0.00029948 0.00030153 0.00030251 0.00030179 0.00030166 0.00030101 0.00030118 0.00030436 0.0003005 0.00030018 0.00030075 0.00030154 0.00030193 0.00030099 0.00030134 0.00030056 0.0003008 0.00030084 0.00030237 0.00030252 0.00030314 0.00030263 0.00030372 0.00030424 0.00030464 0.00030493 0.0003049
0.00030586 0.00030577 0.00030569 0.00030568 0.00030755 0.00030759 0.00030806 0.00030778 0.00030903 0.00030826 0.00030709 0.0003097 0.00031007 0.00030977 0.00030929 0.00030872 0.000305 0.00030517 0.00030079 0.00029714 0.00029592 0.00029507 0.00029368 0.00029258 0.0002916 0.00029089 0.00028974 0.00028787 0.0002862 0.00028687 0.00028674 0.00028672 0.00028678 0.00028682 0.00028706 0.00028679 0.00027333 0.00023081 0.00024785 0.00028358 0.00028444 0.00028504 0.00028572 0.00028655 0.00028746 0.00028861 0.00028967 0.00029043 0.00029139 0.00029217 0.0002932 0.00029391 0.00029373 0.00029144 0.00029112 0.00029109 0.00029146 0.00029197 0.00029228 0.00029279 0.00029331 0.00029234 0.00029201 0.00029364 0.00029481 0.00029613 0.00029884 0.00030058 0.00030223 0.00030106 0.00031224 0.00031007 0.00030073 0.00031274 0.00030763 0.00030032 0.00030868 0.00029922 0.00029823 0.00029973 0.00029802 0.00029753 0.00029674 0.00029633 0.00029728 0.00029765 0.00029858 0.00029762 0.00029719 0.00029674 0.00029549 0.00029516 0.00029527 0.00029524 0.00029591 0.00029394 0.00029502 0.00029275 0.00029304 0.0002933 0.0002928 0.00029264 0.00029166 0.00029045 0.00029223 0.00029194 0.0002952 0.00029189 0.00029327 0.00029024 0.00029082 0.00029068 0.00029054 0.00029103 0.00029025 0.00028917 0.00028855 0.0002891 0.00028956 0.00028841 0.00028881 0.0002886 0.00028816 0.00028791 0.00028829 0.00028922 0.00029007 0.00029141 0.00029506 0.00030399 0.00031343 0.00031391 0.00031428 0.00031335 0.00031223 0.00031214 0.00031105 0.00031031 0.00030674 0.00030177 0.00029991 0.00029429 0.00029546 0.00029462 0.00029361 0.00029573 0.00029751 0.00029858 0.00029855 0.00029899 0.00030027 0.00030184 0.00030349 0.00030378 0.00030251 0.00030318 0.00030241 0.00030239 0.0003007 0.00029988 0.00029886 0.00029781 0.00029814 0.0002985 0.00029915 0.00029964 0.00029979 0.00029976 0.0003 0.00030231 0.00029719 0.00030107 0.00030224 0.0003023 0.00030233 0.00030423 0.00030452 0.00030439 0.00030117 0.00030482
0.00030495 0.00030637 0.00030304 0.00030294 0.00030747 0.00030725 0.00030835 0.00030898 0.00030936 0.0003098 0.00031039 0.000311 0.00031091 0.00031068 0.00031034 0.00030897 0.00030758 0.00030456 0.00029681 0.00029731 0.00029638 0.00029446 0.00029343 0.00029272 0.00029148 0.00029056 0.00028979 0.00028895 0.00028735 0.00028735 0.00028709 0.00028707 0.00028707 0.00028729 0.00028771 0.00028804 0.00028655 0.00025127 0.00026044 0.00028115 0.00028394 0.00028557 0.00028641 0.000287 0.00027931 0.00028918 0.00029005 0.00029077 0.00029161 0.00029217 0.00029338 0.00029382 0.00029394 0.00029171 0.00029146 0.00029165 0.00029203 0.00029242 0.0002927 0.00029306 0.00029322 0.00029351 0.0002943 0.00029359 0.0002958 0.00029973 0.00030171 0.00030355 0.00030448 0.00031042 0.00031159 0.00031018 0.0003042 0.00030325 0.00030162 0.00030803 0.0003026 0.00030139 0.00029814 0.00029646 0.00029638 0.00029763 0.00029683 0.00029733 0.00029722 0.00029719 0.00031096 0.00029735 0.00030277 0.00029659 0.00029528 0.00029554 0.00029557 0.00029666 0.00029627 0.0002938 0.00029386 0.00029415 0.00029458 0.00029472 0.0002944 0.00029238 0.00029189 0.00029217 0.00029254 0.00029304 0.00029254 0.00029348 0.00029535 0.00029166 0.00029151 0.00029242 0.00029116 0.00029091 0.00029054 0.00029006 0.00028952 0.00028979 0.00029011 0.00028996 0.00028969 0.00028889 0.0002887 0.00028877 0.00028898 0.00028948 0.00029053 0.00029246 0.00029688 0.00030481 0.00031349 0.00031373 0.00031349 0.00031291 0.00031211 0.00031193 0.00031138 0.00031064 0.00030803 0.00030332 0.00030139 0.00029726 0.00029782 0.00029835 0.00029825 0.00029897 0.0002988 0.00030177 0.00030064 0.00030265 0.00030343 0.00030415 0.00030569 0.00030668 0.00030697 0.00030483 0.00030421 0.00030214 0.00029956 0.000297 0.00029494 0.00029409 0.00029528 0.00029539 0.00029656 0.00029746 0.00029786 0.000299 0.00029876 0.00029903 0.00029933 0.00029808 0.00030215 0.00030198 0.00030279 0.00030299 0.00030428 0.00030392 0.00029795 0.00030194
0.00030523 0.00030669 0.00030684 0.00030865 0.00030821 0.00030737 0.0003091 0.00031029 0.00031053 0.00031102 0.0003116 0.00031247 0.00031229 0.00031198 0.00031188 0.00031008 0.00030488 0.00030132 0.00029769 0.00029753 0.00029372 0.0002861 0.00027105 0.00026806 0.00027844 0.00029023 0.0002895 0.00028926 0.00028873 0.00028772 0.00028754 0.00028731 0.00028736 0.00028753 0.00028774 0.00028796 0.000288 0.00028531 0.00027977 0.00028096 0.00028448 0.00028602 0.00028696 0.00028751 0.00028847 0.00028982 0.00029038 0.00029107 0.00029165 0.00029214 0.00029313 0.00029381 0.00029418 0.00029199 0.00029198 0.00029194 0.00029227 0.00029277 0.0002931 0.00029318 0.00029348 0.00029347 0.00029325 0.00029484 0.00030015 0.00030254 0.0003042 0.00030548 0.0003058 0.00030989 0.00031238 0.00031089 0.00030755 0.00030511 0.00030839 0.00030436 0.0003032 0.00030153 0.0003002 0.00029947 0.00030046 0.00029779 0.00029477 0.00030555 0.00029796 0.00029736 0.00029775 0.0002972 0.00029729 0.00029735 0.00030131 0.00029783 0.00029605 0.00029553 0.00029562 0.00029469 0.00029491 0.00029523 0.00029555 0.00029617 0.0002953 0.00029511 0.00029301 0.00029273 0.00029307 0.00029318 0.00029265 0.00029572 0.00029426 0.00029101 0.00029176 0.00029191 0.00029216 0.00029222 0.00029082 0.00029063 0.00029014 0.00028975 0.00028995 0.00028997 0.00028953 0.00028978 0.00028938 0.00028952 0.00028991 0.0002902 0.00029111 0.00029383 0.00029962 0.00031288 0.0003132 0.0003124 0.00031339 0.00031265 0.00031201 0.00031168 0.00031102 0.00031059 0.0003085 0.00030465 0.00030258 0.00030162 0.00030047 0.00030016 0.0002999 0.00030024 0.000301 0.00030207 0.00030428 0.00030493 0.00030598 0.00030698 0.00030707 0.0003078 0.00030801 0.0003076 0.00030494 0.00030174 0.00029786 0.00029512 0.00029353 0.00029272 0.00029196 0.0002927 0.00029344 0.00029558 0.00029672 0.00029759 0.00029771 0.00029829 0.0002987 0.00029898 0.00030037 0.00030175 0.00030209 0.00030268 0.00030324 0.00030502 0.00030077 0.00031104
0.00030633 0.00030759 0.00030792 0.00030904 0.00030474 0.00030894 0.00030932 0.00031013 0.00031147 0.00031182 0.00031252 0.00031318 0.00031342 0.00031328 0.00031367 0.00030673 0.00030294 0.0003022 0.00029917 0.00029929 0.00029202 0.00026625 0.00023507 0.00021839 0.00025213 0.00028557 0.00028938 0.00028931 0.00028985 0.00028878 0.00028815 0.00028759 0.00028745 0.0002876 0.00028778 0.000288 0.00028805 0.00028759 0.00028514 0.00028483 0.00028597 0.0002865 0.00028712 0.00028771 0.00028863 0.0002899 0.00029068 0.00029135 0.00029188 0.00029239 0.00029285 0.00029417 0.00029392 0.00029146 0.00029157 0.00029253 0.00029258 0.00029294 0.00029313 0.00029335 0.00029364 0.00029416 0.00029523 0.00029869 0.00030089 0.00030455 0.00030629 0.00030823 0.00031048 0.00031105 0.00030938 0.00031117 0.00031027 0.00030832 0.00030922 0.00030588 0.00030274 0.00030323 0.00030224 0.00029937 0.00029829 0.00029624 0.00029864 0.00030194 0.00029721 0.00029765 0.00029781 0.00030867 0.00029765 0.00029905 0.0002977 0.00029736 0.00029583 0.00029544 0.00029609 0.00029673 0.00029618 0.00029628 0.00029622 0.00029713 0.00029696 0.00029606 0.00029422 0.00029375 0.00029503 0.00029481 0.00029483 0.0002946 0.00029229 0.00029156 0.00029212 0.00029223 0.00029175 0.0002913 0.00029113 0.00029089 0.0002903 0.00028895 0.00028974 0.00029001 0.00029011 0.00029008 0.00028996 0.00029012 0.00029029 0.00029072 0.00029296 0.0002945 0.00030054 0.00031116 0.00031266 0.00031292 0.00031257 0.00031206 0.00031183 0.00031182 0.00031122 0.00030986 0.00030864 0.00030684 0.00030483 0.00030549 0.00030404 0.00030403 0.00030383 0.00030524 0.00030557 0.00030631 0.00030722 0.00030798 0.00030863 0.00030862 0.00030877 0.00030962 0.00030921 0.00030908 0.00030701 0.00030154 0.0002979 0.00029396 0.00029237 0.00029118 0.00029047 0.00029049 0.00029145 0.00029433 0.00029595 0.00029638 0.00029635 0.00029714 0.00029811 0.00029932 0.00030056 0.00030159 0.00030137 0.00030267 0.00030546 0.0003053 0.00030437 0.00030672
0.00030635 0.0003079 0.00030905 0.00030951 0.00030998 0.00030912 0.00030947 0.00031071 0.00031203 0.00031264 0.00031331 0.00031409 0.00031434 0.00031441 0.00031471 0.00030785 0.00030349 0.0003008 0.00029599 0.0002978 0.00029313 0.00026684 0.00023601 0.00022457 0.00024831 0.00028527 0.00029003 0.00029037 0.00029048 0.00029015 0.00028888 0.00028788 0.00028732 0.00028718 0.00028723 0.00028782 0.00028814 0.00028808 0.00028708 0.00028671 0.0002869 0.00028705 0.00028725 0.00028768 0.00028834 0.00028948 0.00029089 0.00029153 0.00029218 0.00029245 0.00029285 0.00029437 0.00029326 0.00029363 0.00029142 0.00029203 0.00029261 0.00029288 0.00029329 0.00029337 0.00029416 0.0002942 0.00029652 0.00030085 0.00030411 0.00030672 0.00030983 0.00031073 0.0003126 0.00031267 0.0003137 0.00031261 0.0003122 0.00031115 0.00031032 0.00030598 0.00030482 0.00030514 0.00030829 0.00030039 0.00029883 0.00029779 0.00029859 0.00029897 0.00030796 0.00029684 0.00029748 0.00029626 0.00029751 0.00029796 0.00029809 0.00029815 0.00030048 0.00029694 0.00029671 0.00029732 0.00029685 0.00029685 0.00029673 0.00029708 0.00029722 0.00029534 0.00030237 0.00029529 0.00029626 0.00029393 0.00029311 0.0002945 0.00029302 0.00029272 0.00029222 0.00029184 0.00029122 0.00029108 0.00029114 0.00029185 0.00028998 0.00029052 0.00028991 0.00029071 0.00029114 0.00029171 0.00029019 0.00029031 0.00029051 0.00029104 0.00029257 0.00029208 0.00029717 0.00030373 0.00030925 0.0003122 0.00031164 0.00031155 0.00031135 0.00031082 0.00031074 0.00031035 0.00030947 0.00030874 0.00030858 0.00030851 0.00030958 0.00030861 0.00030884 0.00030861 0.00030967 0.00030984 0.00031002 0.00031072 0.00031126 0.00031077 0.00031188 0.00031144 0.00031127 0.00030982 0.00030786 0.00030156 0.00029621 0.00029297 0.0002908 0.00028977 0.00028948 0.00029009 0.00029023 0.00028843 0.00029429 0.00029516 0.00029579 0.00029655 0.0002977 0.00029915 0.00030054 0.00030166 0.00030208 0.00030418 0.00030135 0.00030635 0.00030584 0.00030702
0.00031008 0.00030909 0.00030884 0.00031072 0.00031174 0.00031165 0.0003114 0.00031226 0.00031345 0.00031375 0.00031456 0.00031482 0.00031518 0.00031527 0.00031526 0.00030781 0.00030341 0.00029745 0.00029615 0.00029868 0.0002964 0.00027614 0.00026496 0.00025921 0.00027013 0.00028908 0.00029125 0.00029124 0.00029099 0.00029034 0.00028941 0.0002883 0.00028728 0.00028675 0.00028635 0.00028614 0.00028802 0.00028807 0.0002877 0.00028739 0.0002873 0.00028734 0.00028746 0.00028775 0.00028831 0.00028941 0.00029131 0.00029148 0.00029188 0.00029236 0.0002924 0.00029352 0.00029455 0.00029536 0.0002918 0.00029203 0.00029221 0.0002927 0.00029289 0.0002936 0.00029414 0.00029444 0.00029832 0.00030129 0.00030469 0.00031109 0.00031192 0.00031251 0.00031353 0.0003138 0.00031384 0.00031349 0.00031202 0.00031224 0.00031121 0.00030799 0.00030714 0.00030749 0.00030389 0.00030048 0.00030007 0.00030218 0.00029991 0.00029885 0.0002968 0.00029844 0.00030001 0.00029766 0.00029801 0.00029862 0.00029791 0.00029791 0.0002972 0.00029696 0.00029818 0.00029758 0.00029703 0.00029726 0.00029717 0.00029715 0.00029769 0.00029567 0.00029466 0.00029648 0.00029407 0.00029478 0.00029619 0.00029182 0.00029312 0.00029468 0.00029171 0.00029122 0.0002911 0.00029135 0.00029147 0.00029192 0.00029067 0.00029071 0.00028864 0.00029141 0.00029161 0.00029148 0.00028974 0.0002902 0.00029094 0.00029103 0.00029237 0.00029186 0.00029352 0.00029631 0.00030264 0.00030422 0.00030801 0.00030904 0.000309 0.00031054 0.00031047 0.00031051 0.0003105 0.00031025 0.00031056 0.00031152 0.0003115 0.00031166 0.00031195 0.00031171 0.00031244 0.0003128 0.00031283 0.0003124 0.00031295 0.00031261 0.00031297 0.00031206 0.00031251 0.00031247 0.00031041 0.00030246 0.00029563 0.00029171 0.0002895 0.00028904 0.00028884 0.00028878 0.00028982 0.00029136 0.00029311 0.00029409 0.00029501 0.00029629 0.00029791 0.00029912 0.00030039 0.00030133 0.00030315 0.00030367 0.0003012 0.00030694 0.00030696 0.00030794
0.00030983 0.00031036 0.00031082 0.00031172 0.00031226 0.00031302 0.00031349 0.00031426 0.00031471 0.0003149 0.00031535 0.00031544 0.00031557 0.00031553 0.00031557 0.00030837 0.00030178 0.00029668 0.00029853 0.00030045 0.00030063 0.00029202 0.0002873 0.00028422 0.00029022 0.0002935 0.00029214 0.00029183 0.00029132 0.00029013 0.00028919 0.00028832 0.00028748 0.0002865 0.00028592 0.00028572 0.00028744 0.00028808 0.00028791 0.00028738 0.00028735 0.0002869 0.00028748 0.00028786 0.00028793 0.00028983 0.00029042 0.00029108 0.00029139 0.00029187 0.00029222 0.00029265 0.00029348 0.00029488 0.00029366 0.00029259 0.00029588 0.0003024 0.00030014 0.00029549 0.00029459 0.00029359 0.00029873 0.00030163 0.00030541 0.00031095 0.00031299 0.00031366 0.00031453 0.00031491 0.00031427 0.00031494 0.00031217 0.00031422 0.00031326 0.00031079 0.0003102 0.0003105 0.00030947 0.00030418 0.00030082 0.00029817 0.00029676 0.00029833 0.00029738 0.000298 0.00029822 0.00029848 0.00029834 0.00029723 0.00029879 0.00029908 0.00029849 0.00029776 0.0002991 0.00029945 0.00030076 0.00029612 0.00029854 0.00029825 0.00029724 0.00029599 0.00029483 0.00029598 0.0002961 0.00029564 0.00029561 0.00029436 0.00029299 0.00029374 0.00029257 0.00029164 0.00029165 0.00029113 0.00029108 0.00029123 0.00029166 0.00029066 0.00028907 0.00029121 0.00029155 0.00029098 0.00029418 0.00029272 0.0002908 0.00029068 0.00029147 0.00029216 0.00029251 0.0002944 0.00029655 0.00029889 0.00030147 0.00030394 0.0003069 0.00030938 0.00031044 0.00031105 0.00031174 0.00031203 0.00031213 0.00031375 0.00031288 0.00031418 0.00031473 0.00031521 0.00031565 0.0003152 0.00031652 0.00031573 0.0003159 0.00031548 0.00031522 0.00031524 0.00031558 0.00031449 0.00031367 0.00030401 0.00029533 0.00029139 0.00028981 0.00028887 0.00028849 0.00028493 0.00028683 0.00028992 0.00029208 0.00029363 0.00029519 0.00029633 0.00029793 0.00029934 0.00030105 0.00030243 0.00030447 0.00030315 0.00030598 0.00030693 0.00030452 0.00030929
0.00031072 0.0003111 0.00031093 0.00031279 0.00031388 0.00031389 0.00031457 0.00031473 0.00031494 0.00031539 0.00031568 0.0003157 0.00031571 0.00031576 0.0003158 0.00030913 0.00030032 0.00029794 0.00029854 0.00029727 0.00030089 0.00029972 0.0002995 0.00029932 0.00029655 0.00029419 0.00029161 0.00029218 0.00029088 0.00028975 0.00028872 0.00028808 0.00028713 0.00028629 0.00028577 0.00028458 0.00028472 0.00028787 0.00028803 0.00028734 0.00028755 0.00028737 0.00028759 0.00028596 0.00028854 0.00028989 0.00029069 0.000291 0.00029121 0.00029147 0.00029107 0.00029206 0.00029221 0.00029567 0.00029212 0.00029232 0.00029259 0.00029241 0.00029666 0.00030442 0.00030584 0.0002964 0.00030023 0.00030757 0.00031082 0.00031361 0.00031447 0.0003146 0.00031515 0.00031564 0.00031551 0.00031514 0.00031465 0.00031393 0.00031153 0.00031252 0.00031228 0.00031298 0.00031414 0.0003075 0.00030471 0.00029964 0.00029872 0.00030022 0.00030035 0.00029896 0.00029957 0.00029901 0.00029922 0.00029772 0.00029868 0.0003005 0.00029899 0.00029911 0.00029922 0.00030157 0.00029988 0.00029872 0.00029791 0.00029858 0.00029577 0.00029602 0.0002969 0.00029608 0.00029545 0.00029771 0.0002968 0.00029412 0.00029526 0.00029459 0.0002928 0.00029361 0.00029328 0.00029328 0.00029472 0.00029141 0.00029209 0.00028998 0.00029065 0.0002894 0.00029026 0.00029008 0.0002902 0.00029078 0.00029087 0.00029117 0.00029096 0.00029097 0.00029282 0.00029204 0.00029573 0.00029917 0.000299 0.00030201 0.00030744 0.00031027 0.00031127 0.00031298 0.00031355 0.00031403 0.000315 0.00031552 0.00031613 0.00031713 0.0003182 0.00031919 0.00031986 0.00032009 0.00032 0.00031938 0.00031873 0.00031835 0.00031855 0.00031794 0.00031721 0.00031634 0.0003148 0.00031281 0.00029846 0.00029282 0.00028965 0.00028878 0.00028504 0.00025858 0.00028431 0.00028962 0.00029217 0.00029394 0.00029507 0.00029659 0.00029905 0.00029905 0.0003015 0.00030315 0.00030572 0.00030611 0.00030723 0.00030697 0.00030913 0.00030985
0.00031221 0.00031281 0.00031309 0.00031284 0.00031472 0.00031384 0.00031552 0.00031579 0.00031579 0.00031582 0.00031589 0.00031591 0.00031583 0.0003158 0.00031585 0.00031094 0.00030147 0.0002981 0.00029862 0.00029821 0.00029777 0.00029847 0.0002948 0.00029588 0.00029607 0.00029476 0.00029354 0.00029128 0.00029026 0.00028944 0.00028843 0.0002877 0.00028697 0.00028612 0.00028463 0.00028442 0.00028517 0.00028821 0.00028862 0.00028775 0.00028807 0.00028802 0.00028809 0.00028592 0.00028781 0.00028983 0.0002905 0.00029081 0.000291 0.00029065 0.00029014 0.00029042 0.00029242 0.00029357 0.00029525 0.00029673 0.00029617 0.00029845 0.00029946 0.00030526 0.00030077 0.00029534 0.00031061 0.00031213 0.00031338 0.00031403 0.00031401 0.00031485 0.00031587 0.00031611 0.00031422 0.00031561 0.00031569 0.00031491 0.00031277 0.00031521 0.00031348 0.00031418 0.00031496 0.00031465 0.00030726 0.00030473 0.00030288 0.00030194 0.00030233 0.00030035 0.00029911 0.00029856 0.00029923 0.00029935 0.00029971 0.0003 0.00029934 0.0002989 0.00029967 0.00029854 0.00030022 0.00029952 0.00029719 0.00029587 0.00030027 0.00029536 0.00029679 0.0002969 0.00029384 0.00029915 0.00029258 0.00029476 0.00029532 0.00029404 0.0002939 0.0002943 0.00029404 0.00029371 0.00029321 0.00029378 0.0002933 0.00029595 0.00029201 0.00029099 0.00029172 0.00029405 0.00029074 0.00029148 0.00029191 0.00029023 0.00028966 0.00029173 0.00029391 0.00029231 0.00029623 0.0002979 0.00030095 0.00030593 0.00030994 0.00031218 0.00031413 0.00031427 0.00031511 0.00031613 0.0003169 0.00031828 0.00031913 0.00032087 0.00032229 0.0003226 0.00032316 0.00032267 0.00032263 0.00032183 0.0003213 0.00032136 0.00032023 0.00031916 0.00031785 0.00031689 0.0003154 0.00031355 0.00030644 0.00029356 0.00029055 0.00028915 0.00028743 0.00028591 0.0002875 0.00029127 0.00029346 0.00029478 0.00029572 0.00029719 0.00029777 0.00030135 0.00030288 0.00030446 0.00030657 0.00030807 0.00030811 0.00030871 0.00031002 0.00031141
0.00031382 0.00031422 0.00031486 0.00031537 0.00031603 0.00031587 0.00031628 0.00031653 0.00031656 0.00031632 0.00031641 0.00031648 0.00031634 0.0003148 0.00031623 0.00031571 0.00030903 0.0003002 0.00029728 0.00029755 0.00029765 0.00029799 0.00029465 0.00029412 0.00029725 0.00029547 0.00029218 0.00029096 0.00029001 0.00028907 0.00028825 0.00028748 0.00028693 0.00028604 0.0002832 0.00028414 0.0002864 0.00028824 0.0002885 0.00028809 0.00028868 0.00028878 0.00028869 0.00028892 0.00028937 0.00028988 0.00029057 0.00029094 0.00029091 0.00028994 0.00029017 0.00029081 0.00029089 0.00029368 0.00029413 0.00029477 0.00029489 0.00029783 0.00029883 0.00030145 0.00030094 0.00030452 0.00030934 0.00030706 0.00030435 0.00031233 0.00031324 0.00031452 0.00031583 0.00031647 0.0003159 0.0003168 0.00031642 0.00031689 0.00031655 0.00031609 0.00031522 0.00031565 0.00031626 0.00031658 0.00031617 0.00030866 0.00030616 0.0003041 0.00030486 0.00030117 0.00029988 0.00032019 0.00030014 0.00029946 0.00030051 0.0003023 0.0003002 0.00030042 0.00029848 0.00029901 0.00030009 0.00029986 0.00029754 0.00029748 0.00029638 0.0002973 0.00029671 0.00029708 0.00029532 0.0002945 0.00029316 0.00029397 0.00029428 0.00029308 0.00029416 0.00029392 0.00029525 0.00029718 0.00029666 0.00029651 0.00029413 0.00029206 0.00029176 0.00029158 0.00029234 0.00029146 0.00029105 0.00029145 0.00029084 0.00029226 0.00029563 0.00029759 0.00029724 0.00029869 0.00029992 0.00030218 0.00030748 0.00030948 0.00031159 0.00031429 0.00031502 0.00031627 0.00031773 0.00031909 0.00032043 0.00032165 0.00032343 0.00032459 0.00032529 0.00032646 0.00032605 0.00032452 0.00032537 0.00032416 0.00032367 0.00032247 0.00032133 0.0003198 0.00031891 0.00031818 0.00031684 0.00031557 0.0003108 0.00029856 0.00029342 0.00029126 0.00028982 0.00028971 0.00029098 0.0002938 0.00029503 0.00029577 0.00029652 0.00029759 0.00030061 0.00030232 0.00030462 0.00030665 0.00030861 0.00031012 0.00031037 0.00031069 0.00031246 0.0003133
0.00031601 0.00031544 0.00031644 0.00031656 0.00031665 0.00031662 0.00031684 0.00031729 0.00031737 0.00031704 0.00031685 0.00031701 0.00031701 0.00031684 0.00031666 0.0003163 0.00031232 0.00030659 0.00030366 0.00030304 0.00030094 0.00029989 0.00029729 0.00029697 0.00029865 0.0002927 0.00029164 0.00029075 0.0002896 0.00028889 0.0002881 0.00028789 0.00028675 0.00028613 0.00028502 0.00028513 0.00028646 0.00028836 0.00028844 0.00028842 0.00028886 0.00028911 0.00028943 0.00028944 0.00028974 0.0002901 0.00029052 0.00029103 0.00029077 0.00028944 0.00029077 0.0002911 0.00029128 0.00029206 0.00029247 0.00029305 0.00029413 0.00029451 0.0002957 0.00030055 0.00029874 0.00030359 0.00030553 0.0003075 0.00031041 0.0003108 0.00031299 0.00031401 0.00031449 0.00031652 0.00031691 0.00031689 0.00031753 0.00031827 0.00031786 0.00031898 0.00031654 0.00031716 0.0003178 0.00031695 0.00031674 0.00031551 0.00031109 0.00031351 0.00030832 0.00030526 0.0003016 0.0002995 0.00030108 0.00030187 0.00030233 0.00030114 0.00030017 0.00029945 0.00030352 0.00030082 0.00029918 0.00029769 0.00029716 0.00029897 0.0002963 0.0002966 0.00029767 0.00029754 0.00029592 0.00029557 0.00029366 0.00029378 0.00029442 0.00029366 0.00029337 0.00029321 0.00029525 0.00029643 0.00029594 0.00029588 0.00029354 0.00029219 0.00029284 0.00029307 0.00029268 0.00029549 0.0002917 0.0002913 0.00029283 0.00029211 0.00029413 0.00029879 0.00029797 0.00029992 0.00030245 0.00030706 0.00030839 0.00031145 0.00031324 0.00031495 0.00031662 0.00031844 0.00032085 0.00032241 0.00032354 0.00032498 0.00032829 0.00032685 0.00032806 0.00032875 0.00032832 0.00032757 0.00032701 0.00032591 0.00032435 0.00032351 0.00032432 0.00032121 0.00032109 0.00032003 0.00031873 0.00031751 0.00031402 0.00030906 0.00029929 0.00029617 0.00029478 0.0002945 0.00029396 0.00029242 0.00029686 0.00029694 0.00029758 0.0002986 0.00029646 0.00031315 0.00030768 0.00030092 0.00031131 0.00030764 0.00031279 0.0003132 0.00031357 0.00031534
0.00031759 0.00031227 0.00031669 0.00031675 0.00031748 0.00031726 0.00031733 0.00031773 0.00031743 0.0003176 0.00031749 0.00031768 0.00031763 0.00031743 0.00031782 0.00031747 0.00031691 0.00031301 0.00030617 0.00029942 0.00030068 0.0003005 0.00030124 0.00030005 0.0002943 0.00029207 0.00029129 0.0002904 0.00028988 0.00028847 0.00028778 0.00028718 0.00028626 0.0002854 0.00028467 0.00028491 0.00028626 0.00028809 0.00028874 0.00028893 0.00028925 0.00028957 0.00028972 0.00028988 0.00028962 0.00029005 0.00029004 0.00028973 0.00028967 0.00028999 0.00029076 0.00029143 0.00029156 0.00029137 0.00029224 0.00029357 0.00029433 0.00029478 0.0002946 0.00029504 0.00029487 0.00029502 0.00029849 0.00030721 0.00030731 0.00031287 0.00031402 0.00031449 0.00031503 0.00031643 0.00031762 0.00031941 0.00031946 0.00031949 0.00031914 0.00032038 0.00031978 0.00031994 0.00031972 0.00031783 0.00031914 0.0003188 0.00031647 0.0003131 0.00030999 0.0003064 0.00030324 0.00030132 0.00030395 0.00030205 0.00030172 0.0002988 0.00030098 0.00030084 0.00030096 0.00029921 0.00029982 0.00029762 0.00029917 0.00029968 0.00029578 0.00029548 0.00029692 0.00029488 0.00029946 0.00029414 0.00029457 0.00029336 0.00029437 0.00029249 0.00029187 0.00029259 0.00029432 0.00029514 0.00029448 0.00029328 0.00029317 0.00029391 0.00029294 0.0002953 0.00029477 0.00029544 0.000295 0.00029255 0.00029381 0.0002964 0.00029676 0.0002994 0.00030121 0.00030475 0.00030624 0.00030929 0.00031099 0.00031297 0.00031478 0.00031667 0.00031882 0.00032154 0.00032334 0.00032448 0.00032638 0.00032733 0.0003285 0.00032941 0.00033108 0.00032934 0.00032875 0.00032847 0.00032786 0.00032508 0.00032598 0.0003252 0.00032409 0.00032244 0.00032083 0.00032216 0.0003216 0.0003201 0.00031859 0.00031703 0.00031433 0.00031104 0.00030921 0.00030517 0.00030131 0.00029638 0.00030152 0.00029949 0.00029889 0.00030043 0.00030112 0.00030729 0.00031043 0.00031138 0.00031312 0.00031409 0.00031457 0.00031572 0.00031645 0.0003172
0.00031881 0.0003181 0.0003181 0.00031766 0.00031796 0.00031776 0.00031794 0.00031791 0.00031779 0.00031799 0.00031818 0.0003181 0.00031802 0.00031777 0.00031825 0.00031757 0.00031803 0.00031708 0.00031212 0.00029444 0.00029837 0.00030003 0.0002988 0.00029515 0.00029152 0.00029203 0.00029122 0.00029033 0.0002893 0.0002881 0.000287 0.0002857 0.00028434 0.00028363 0.00028314 0.00028296 0.00028407 0.00028564 0.00028799 0.00028928 0.00028971 0.00028988 0.00029002 0.00028996 0.00028853 0.00028897 0.00029032 0.00029077 0.00029011 0.00028985 0.00029073 0.0002905 0.00029011 0.00029053 0.00029174 0.00029351 0.00029452 0.00029524 0.00029539 0.00029569 0.00029587 0.00029555 0.00029823 0.00030691 0.00031189 0.00031342 0.00031438 0.00031446 0.00031565 0.00031679 0.00031737 0.00031997 0.00031922 0.00032055 0.00032088 0.00032193 0.00032171 0.00032268 0.00032158 0.00032055 0.00032013 0.00031941 0.00031957 0.0003131 0.00031106 0.00030774 0.00030658 0.00030531 0.00030351 0.00030436 0.00029981 0.00030026 0.00030063 0.00030291 0.00030487 0.0002989 0.00029961 0.00029844 0.00029964 0.00029826 0.00029825 0.0002977 0.00029737 0.00029681 0.00029652 0.00029476 0.00029386 0.000297 0.00029368 0.00029201 0.00029464 0.00029233 0.00029255 0.0002922 0.00029186 0.00029167 0.00029245 0.00029312 0.00029364 0.00029651 0.00029684 0.00029631 0.00030078 0.00029908 0.00029793 0.00030053 0.00030047 0.0003014 0.00030397 0.00030614 0.00030868 0.00031112 0.00031233 0.00031441 0.00031588 0.00031845 0.00032057 0.00032326 0.00032531 0.00032698 0.00032766 0.0003286 0.00033057 0.00033168 0.00033235 0.00033198 0.00033076 0.00033049 0.00032867 0.00032834 0.00032701 0.00032373 0.00032535 0.00032376 0.0003234 0.00032312 0.00032222 0.00032108 0.00032093 0.00031963 0.0003187 0.0003166 0.00031579 0.00031504 0.00031275 0.00031134 0.00030813 0.00030373 0.00030194 0.00030248 0.00030265 0.00030621 0.00030668 0.0003127 0.00031376 0.00031467 0.00031584 0.00031755 0.00031859 0.00031903
0.00032003 0.00031858 0.00031872 0.00031782 0.00031863 0.0003183 0.00031859 0.00031851 0.00031814 0.00031826 0.00031842 0.00031847 0.0003184 0.00031801 0.00031767 0.00031744 0.00031711 0.00031633 0.00031589 0.00029897 0.00029876 0.00029791 0.00029596 0.00029407 0.00029223 0.0002922 0.00029129 0.00029041 0.00028945 0.00028751 0.0002852 0.0002833 0.00028119 0.00027977 0.00027974 0.00028089 0.00028201 0.00028235 0.00028491 0.00028772 0.00028953 0.00029029 0.0002904 0.00029031 0.00029007 0.00028972 0.00029003 0.00029038 0.00029071 0.0002916 0.00029007 0.00028976 0.00028944 0.00028906 0.0002904 0.00029221 0.0002943 0.000295 0.00029526 0.00029515 0.00029572 0.00029531 0.00030052 0.00030816 0.00031179 0.00031337 0.00031437 0.00031515 0.00031584 0.00031764 0.00031818 0.00031955 0.00032018 0.00032185 0.00032224 0.00032349 0.00032458 0.00032423 0.00032404 0.00032268 0.00032308 0.00032238 0.00032132 0.00032071 0.00031812 0.00031639 0.0003157 0.00031372 0.00031015 0.00031382 0.00030364 0.00030216 0.00030038 0.00030005 0.00030176 0.00030025 0.00030114 0.00030308 0.00029896 0.00030167 0.00029955 0.00030144 0.00029849 0.00030286 0.00029946 0.00029912 0.00029622 0.00029505 0.00029423 0.00029289 0.00029235 0.00029201 0.00029199 0.00029139 0.00029141 0.00029141 0.00029192 0.00029409 0.00030117 0.000299 0.00029778 0.00029636 0.00029767 0.0002968 0.00030046 0.00030161 0.00030231 0.00030281 0.00030665 0.00030822 0.00031051 0.00031286 0.00031418 0.00031543 0.00031834 0.00032057 0.00032186 0.0003246 0.00032629 0.00032874 0.00032977 0.00033144 0.00033285 0.0003331 0.0003335 0.00033379 0.00033318 0.00033178 0.00033141 0.00032978 0.00032897 0.00032811 0.0003274 0.00032575 0.00032702 0.00032647 0.00032441 0.00032237 0.00032241 0.00032062 0.00031893 0.00031804 0.00031565 0.00031469 0.00031237 0.00031158 0.00030914 0.00030666 0.00030492 0.00030481 0.00030419 0.00030725 0.00030617 0.00031405 0.00031452 0.00031554 0.00031763 0.00031802 0.00031904 0.00031929
0.00031951 0.00031917 0.00031937 0.00031873 0.00031538 0.00031886 0.00031894 0.00031679 0.00031876 0.00031862 0.00031833 0.00031839 0.0003178 0.00031774 0.00031743 0.00031703 0.00031696 0.00031726 0.00031538 0.00031058 0.00029645 0.00029554 0.00029725 0.00029446 0.00029431 0.00029247 0.00029172 0.00029087 0.00028908 0.00028622 0.000283 0.00027962 0.00027707 0.00027669 0.00027532 0.00027632 0.00028064 0.00028133 0.0002826 0.00028572 0.00028873 0.00029038 0.00029073 0.00029061 0.00028999 0.00029019 0.00028979 0.00028802 0.00029023 0.00029037 0.00029031 0.00028994 0.0002891 0.00028849 0.00028925 0.0002909 0.00029294 0.00029401 0.00029472 0.00029461 0.00029701 0.00029736 0.00029775 0.00030403 0.00031208 0.00031407 0.00031461 0.00031513 0.00031672 0.00031802 0.00031963 0.00032101 0.00032128 0.0003233 0.0003244 0.00032507 0.00032557 0.00032606 0.00032609 0.00032711 0.00032424 0.00032422 0.00032372 0.00032312 0.00032158 0.00031707 0.00031852 0.00031617 0.00031224 0.00031159 0.00030959 0.00030526 0.00030509 0.00030435 0.00030375 0.00030146 0.00030018 0.00029973 0.00030351 0.00030172 0.00030264 0.00031199 0.00030257 0.00029839 0.00030468 0.00029758 0.00029671 0.00029633 0.00029534 0.00029549 0.00029392 0.00029236 0.00029704 0.00029175 0.00029187 0.0002932 0.00029244 0.00029338 0.00030026 0.00030066 0.00030092 0.00030076 0.0003011 0.00030234 0.00030268 0.00030353 0.0003046 0.00030672 0.00030784 0.00031025 0.00031214 0.00031421 0.00031485 0.00031765 0.00031939 0.00032184 0.00032352 0.00032507 0.0003279 0.00032849 0.00033238 0.00033384 0.00033436 0.00033438 0.00033435 0.0003346 0.00033363 0.00033336 0.00033229 0.00033302 0.00033086 0.00033036 0.00032876 0.00032839 0.00032777 0.00032722 0.00032626 0.00032354 0.00032075 0.00032131 0.00031943 0.00031831 0.00031654 0.00031466 0.00031243 0.00031229 0.0003106 0.0003092 0.00030838 0.00030728 0.00030641 0.00030324 0.0002974 0.00031462 0.00031519 0.00031555 0.00031756 0.00031888 0.00031947 0.00031907
0.00031939 0.00031956 0.00031984 0.00031963 0.00031931 0.00031908 0.00031866 0.00031897 0.00031868 0.0003185 0.00031848 0.00031856 0.00031807 0.00031835 0.00031732 0.00031756 0.00031688 0.00031466 0.00031348 0.00031042 0.00030528 0.00030163 0.00029856 0.00029682 0.00029495 0.00029351 0.00029264 0.00029105 0.00028891 0.00028569 0.0002819 0.00027906 0.00027793 0.00027763 0.00027468 0.00027628 0.00028007 0.00028182 0.00028346 0.00028649 0.00028911 0.00029058 0.00029079 0.00029068 0.00028926 0.00029038 0.00028995 0.00028915 0.00028982 0.00028958 0.00028961 0.00028927 0.00028924 0.00028955 0.00029009 0.00029057 0.00029206 0.00029387 0.00029398 0.00029372 0.00029541 0.00029752 0.00029769 0.00030272 0.0003103 0.00031495 0.00031573 0.000315 0.00031737 0.00031895 0.00032012 0.00032206 0.00032309 0.00032435 0.00032575 0.00032683 0.00032734 0.00032766 0.00032773 0.0003275 0.00032709 0.00032674 0.00032573 0.00032758 0.00032717 0.00032304 0.00032059 0.0003198 0.00031685 0.00031719 0.00031159 0.00031601 0.00031261 0.00030947 0.00031026 0.00030517 0.00030293 0.00030745 0.00030099 0.00030415 0.00031349 0.00031354 0.00031277 0.00030036 0.00030321 0.00029626 0.00029547 0.00029796 0.00029832 0.00029695 0.00029552 0.00029678 0.00030505 0.00030047 0.00029484 0.00029629 0.00030219 0.00029511 0.00030166 0.00030068 0.00030135 0.00030124 0.00030427 0.00030481 0.00030609 0.00030518 0.00030713 0.00030755 0.00031021 0.00031261 0.00031367 0.00031439 0.00031618 0.00031804 0.00032125 0.00032317 0.00032537 0.0003265 0.00033002 0.00033153 0.00033265 0.00033466 0.00033493 0.00033485 0.00033472 0.00033425 0.00033452 0.0003341 0.00033365 0.00033253 0.00033173 0.00033198 0.00033174 0.00033039 0.00032905 0.00032766 0.00032642 0.00032546 0.00032373 0.00032204 0.00032003 0.00031795 0.00031675 0.00031512 0.00031298 0.00031295 0.00031218 0.00031111 0.00031096 0.00030894 0.0003015 0.00030425 0.0003016 0.00031317 0.000315 0.00031652 0.00031699 0.00031873 0.00031878 0.00031964
0.00031939 0.00032003 0.00032004 0.00031968 0.0003194 0.0003193 0.00031905 0.00031885 0.00031874 0.00031884 0.00031855 0.00031919 0.00031867 0.00031875 0.00031767 0.00031731 0.00031611 0.00031451 0.00031145 0.00030723 0.00030394 0.00030145 0.00029913 0.0002974 0.00029587 0.00029469 0.00029331 0.00029221 0.00029018 0.00028781 0.00028472 0.00028176 0.00028015 0.00027961 0.00027923 0.0002797 0.00028156 0.00028269 0.00028714 0.00028962 0.00029109 0.00029158 0.00029112 0.000291 0.00029106 0.00028983 0.00029047 0.00028891 0.00028969 0.00028975 0.00028951 0.00028984 0.00028846 0.00028964 0.00029109 0.00029075 0.00029127 0.00029303 0.0002942 0.00029609 0.00029587 0.00029624 0.00029775 0.00030287 0.00031013 0.00031552 0.00031726 0.00031785 0.00031885 0.00032019 0.00032237 0.00032351 0.00032566 0.00032641 0.00033025 0.00032766 0.00032878 0.0003281 0.00032896 0.000329 0.0003285 0.00032828 0.00032668 0.00032693 0.00032742 0.00032455 0.00032364 0.00032075 0.00031993 0.00032024 0.00031874 0.00031769 0.00031746 0.00031568 0.00031304 0.00030879 0.00030694 0.00030529 0.0003107 0.00031229 0.00031452 0.00031326 0.00030658 0.000312 0.00030647 0.00031149 0.00030927 0.00031119 0.00029629 0.00029573 0.00029479 0.00030236 0.0002957 0.00029428 0.00030354 0.0003041 0.00030244 0.00030118 0.00030164 0.00030325 0.00030374 0.00030386 0.00030807 0.00031089 0.0003076 0.00030752 0.00030811 0.0003111 0.00031292 0.00031371 0.00031314 0.00031602 0.00031637 0.00031894 0.00032152 0.00032451 0.00032634 0.00032686 0.0003299 0.00033202 0.00033371 0.00033464 0.00033418 0.00033267 0.00033482 0.00033418 0.00033373 0.00033279 0.0003344 0.00033137 0.0003318 0.00033147 0.00033061 0.00033007 0.00033015 0.00032857 0.00032705 0.00032638 0.00032289 0.000322 0.00031991 0.00031788 0.00031559 0.00031486 0.00031395 0.00031318 0.00031197 0.00031246 0.00031221 0.00030987 0.00030652 0.00030401 0.00029987 0.00031232 0.00031619 0.0003163 0.00031826 0.00031866 0.0003194 0.00032012
0.00032055 0.00032052 0.00032002 0.00032004 0.0003199 0.0003196 0.00031936 0.00031892 0.00031874 0.00031913 0.00031909 0.00031853 0.00031841 0.00031795 0.0003177 0.00031641 0.00031466 0.00031245 0.00030937 0.00030644 0.00030334 0.00030116 0.00029937 0.00029815 0.00029725 0.00029623 0.00029505 0.0002937 0.00029196 0.00029001 0.00028873 0.00028772 0.00028738 0.00028364 0.00028169 0.00028114 0.00028307 0.00028663 0.00028882 0.00029058 0.00029164 0.00029214 0.0002921 0.00029241 0.0002929 0.00029347 0.00029373 0.00029279 0.00029053 0.00028944 0.00028847 0.00028945 0.00029108 0.00029091 0.00029094 0.00029175 0.00029427 0.00029341 0.00029422 0.00029656 0.00029768 0.00030013 0.00030218 0.00030567 0.00031055 0.00031637 0.00031709 0.00031916 0.00032054 0.00032213 0.00032312 0.00032569 0.00032673 0.00032801 0.00032792 0.00032987 0.00032976 0.00032985 0.00033097 0.00033096 0.00032917 0.00032971 0.00032901 0.00032857 0.00032763 0.00032678 0.00032428 0.00032499 0.00032369 0.00032123 0.00032075 0.00032183 0.00031905 0.00031761 0.00031719 0.00031624 0.00031217 0.00030997 0.0003142 0.00031391 0.0003095 0.00030658 0.0003043 0.00031262 0.000307 0.00031159 0.00031215 0.0003124 0.00030565 0.00030165 0.00029806 0.00030372 0.0003015 0.00030029 0.00030421 0.00030195 0.00030028 0.00030367 0.0003042 0.00030526 0.00030484 0.00030719 0.00030837 0.00031018 0.00031021 0.00031116 0.00031157 0.00031186 0.00031363 0.00031444 0.0003155 0.00031583 0.00031858 0.00031989 0.00032361 0.00032555 0.00032746 0.00032944 0.00033033 0.00033209 0.00033344 0.00033481 0.00033475 0.00033486 0.00033457 0.00033341 0.00033386 0.00033399 0.0003336 0.00033329 0.0003321 0.00033274 0.00033201 0.0003294 0.00033023 0.00032969 0.00032798 0.00032563 0.00032208 0.00032062 0.00031952 0.00031679 0.00031528 0.00031461 0.00031437 0.00031388 0.00031372 0.00031361 0.00031344 0.00031255 0.00031114 0.00030775 0.00030246 0.00031384 0.00031405 0.000315 0.00031734 0.0003196 0.00031968 0.00032046
0.00032053 0.00032038 0.00032035 0.00031971 0.00031962 0.00031957 0.00031922 0.00031935 0.0003186 0.00031957 0.00031925 0.00031876 0.00031869 0.00031776 0.00031639 0.00031584 0.00031316 0.00031127 0.0003088 0.00030629 0.0003033 0.00030195 0.00030063 0.00029977 0.00029876 0.00029779 0.00029658 0.00029594 0.00029475 0.00029339 0.0002923 0.00029192 0.00029195 0.00029182 0.00028943 0.00028897 0.00029036 0.00029112 0.00029131 0.00029147 0.00029198 0.00029229 0.0002922 0.00029243 0.00029312 0.00029385 0.00029388 0.00029368 0.00029052 0.00028954 0.00029072 0.00029191 0.00029437 0.00029286 0.00029334 0.00029603 0.00029454 0.00030016 0.00029444 0.00029616 0.00029838 0.00030139 0.00030565 0.00031086 0.00031496 0.00031746 0.00031894 0.00031997 0.00032273 0.00032342 0.00032558 0.00032695 0.00032764 0.00032877 0.00032927 0.000329 0.00032797 0.00032623 0.000331 0.00033114 0.00033055 0.00033113 0.00033003 0.00032974 0.00032863 0.00032805 0.0003277 0.00032694 0.0003257 0.00032448 0.00032326 0.00032272 0.00032215 0.00032112 0.00031843 0.00031889 0.00031693 0.00031569 0.00031571 0.00031611 0.00031481 0.00031382 0.00031617 0.00031328 0.00031011 0.00031273 0.00030859 0.00030914 0.00031166 0.00030682 0.00030363 0.00030608 0.0003063 0.00030777 0.00030816 0.0003011 0.00030432 0.0003055 0.00030641 0.00030826 0.0003084 0.00030939 0.00031133 0.00031009 0.00031231 0.00031248 0.0003126 0.00031305 0.00031436 0.00031497 0.00031704 0.00031775 0.00031966 0.00032125 0.00032808 0.00032857 0.00032765 0.00032892 0.00033052 0.00033183 0.00033327 0.00033462 0.00033466 0.00033414 0.00033424 0.00033387 0.00033353 0.00033348 0.00033237 0.0003336 0.0003331 0.0003327 0.00033128 0.00033114 0.00033104 0.00032895 0.00032687 0.00032459 0.0003229 0.00031471 0.00031637 0.00031854 0.00031644 0.00031607 0.00031544 0.0003149 0.00031496 0.00031421 0.00031441 0.00031406 0.00031354 0.00031178 0.00031256 0.00031338 0.00031445 0.0003168 0.00031733 0.00031898 0.00031957 0.00032057
0.00032071 0.00032041 0.00032035 0.0003198 0.00032016 0.00032006 0.0003198 0.00031972 0.00031928 0.00031927 0.00031951 0.00031867 0.00031841 0.00031701 0.00031565 0.00031423 0.00031206 0.00031061 0.00030878 0.00030657 0.00030456 0.00030354 0.00030222 0.00030104 0.0002995 0.00029864 0.00029812 0.00029743 0.00029693 0.00029625 0.00029565 0.00029507 0.00029462 0.00029423 0.0002937 0.00029389 0.00029406 0.00029392 0.00029295 0.0002924 0.00029231 0.00029279 0.00029269 0.00029191 0.00029243 0.00029309 0.00029321 0.00029324 0.00029582 0.00029096 0.00030202 0.00030513 0.000307 0.00030243 0.00030187 0.00029623 0.00029656 0.00029669 0.00030149 0.00029711 0.00030133 0.00030495 0.00031032 0.00031425 0.00031536 0.00031906 0.00032101 0.00032294 0.0003234 0.00032612 0.00032635 0.00032754 0.0003288 0.00032912 0.00032953 0.00032973 0.00033033 0.00033142 0.00033201 0.00033188 0.00033195 0.00033116 0.00033099 0.0003304 0.00033006 0.00032921 0.00032906 0.00032733 0.00032677 0.00032609 0.00032521 0.00032394 0.00032207 0.00032111 0.00032013 0.00032024 0.00031864 0.00031892 0.00031881 0.00031811 0.00031531 0.00031692 0.00031357 0.0003144 0.00034064 0.00031845 0.00030985 0.00031349 0.00031224 0.00030913 0.00030775 0.00030903 0.00030824 0.0003078 0.00030584 0.00030929 0.00030861 0.00030942 0.00031025 0.00030973 0.00030998 0.00031072 0.00031216 0.00031203 0.00031202 0.00031293 0.00031261 0.00031374 0.00031454 0.00031584 0.00031767 0.0003192 0.00032095 0.00032292 0.00032692 0.00032801 0.00032741 0.00032944 0.00032955 0.00033157 0.00033263 0.00033345 0.00033412 0.00033408 0.00033361 0.00033377 0.00033347 0.00033341 0.00033274 0.00033146 0.00033319 0.00033194 0.00033055 0.00032961 0.00032957 0.00032712 0.00032582 0.00032363 0.00032279 0.00031525 0.00031383 0.00031903 0.00031736 0.00031689 0.00031672 0.00031617 0.00031632 0.00031583 0.00031485 0.0003154 0.0003146 0.0003148 0.0003098 0.00031233 0.00031765 0.00031726 0.00031723 0.00031973 0.00032125 0.00032003
0.00032068 0.00032073 0.00032025 0.00032029 0.00032044 0.00032054 0.00031951 0.00031931 0.00031959 0.00031937 0.00031883 0.00031791 0.00031715 0.0003162 0.00031487 0.00031328 0.0003114 0.00030943 0.00030805 0.00030651 0.00030366 0.00030398 0.00030278 0.00030128 0.00030074 0.00029987 0.00029913 0.00029856 0.00029796 0.0002976 0.00029698 0.00029635 0.0002957 0.00029538 0.00029541 0.00029551 0.00029495 0.00029467 0.00029382 0.00029316 0.00029289 0.00029298 0.00029315 0.00029339 0.00029304 0.00029385 0.00029507 0.00029693 0.00030122 0.00030331 0.00030526 0.00030701 0.00030917 0.00031034 0.00031059 0.00030558 0.0002984 0.00029749 0.00029922 0.00030414 0.00030689 0.00031115 0.0003141 0.00031839 0.0003187 0.00032061 0.00032215 0.00032415 0.00032575 0.00032683 0.00032846 0.00032965 0.00033041 0.0003305 0.00033119 0.00033155 0.00033175 0.00033068 0.00033392 0.00033473 0.00033213 0.00033191 0.0003324 0.00032912 0.00033104 0.00033011 0.00032859 0.00032813 0.00032863 0.00032722 0.00032678 0.00032575 0.00032444 0.00032327 0.00032231 0.00032153 0.00032059 0.00031845 0.00032036 0.0003188 0.00031857 0.00031837 0.0003137 0.00033323 0.00034097 0.00031652 0.00030716 0.00031346 0.00031274 0.00031125 0.00031124 0.00031092 0.0003108 0.00031123 0.00031236 0.00031089 0.00031139 0.00031111 0.00031197 0.00031225 0.00031198 0.00031265 0.00031216 0.00031235 0.00031297 0.0003131 0.0003127 0.00031402 0.00031483 0.00031581 0.00031708 0.00031912 0.00032129 0.00032292 0.00032503 0.00032536 0.00032787 0.00032869 0.00033044 0.00033134 0.00033223 0.00033292 0.00033403 0.00033372 0.00033398 0.00033381 0.00033288 0.00033354 0.00033325 0.00033249 0.0003321 0.0003308 0.00033065 0.00032839 0.00032583 0.00032639 0.0003251 0.00032359 0.00032254 0.00032166 0.00032027 0.00031952 0.00031872 0.00031771 0.00031741 0.00031745 0.0003166 0.00031688 0.00031607 0.00031581 0.00031551 0.0003158 0.00031476 0.00031719 0.00031738 0.00031642 0.0003176 0.00031978 0.00032118 0.00032111
0.00032053 0.00032024 0.00032086 0.00032092 0.00032074 0.00032047 0.00032001 0.00031945 0.00031911 0.00031806 0.00031838 0.00031774 0.00031647 0.00031538 0.00031385 0.00031169 0.00030885 0.0003091 0.00030841 0.00030699 0.00030588 0.00030505 0.0003037 0.00030282 0.00030185 0.00030111 0.00030027 0.00029944 0.00029909 0.00029838 0.00029787 0.00029761 0.000297 0.00029676 0.00029686 0.00029672 0.00029663 0.00029588 0.0002949 0.00029421 0.00029377 0.00029371 0.00029396 0.00029428 0.00029516 0.00029652 0.00029759 0.00029947 0.00030176 0.00030456 0.000307 0.00030857 0.00030982 0.0003111 0.00031204 0.00031295 0.00030424 0.00030635 0.00030228 0.00031078 0.0003168 0.00031823 0.0003196 0.00032038 0.0003216 0.00032313 0.00032543 0.00032659 0.00032778 0.00032847 0.00033049 0.00033118 0.00033146 0.00033185 0.0003325 0.00033317 0.00033326 0.00033282 0.00033372 0.00033321 0.00033236 0.00033305 0.00033237 0.00033282 0.0003317 0.00033308 0.00033222 0.00033 0.00032959 0.0003278 0.0003279 0.00032694 0.00032554 0.00032494 0.00032333 0.0003222 0.00032251 0.0003248 0.00032084 0.00032052 0.00031861 0.00031857 0.00031714 0.00031575 0.0003123 0.00031254 0.00031225 0.0003148 0.00031344 0.00031409 0.00031322 0.00031322 0.00031236 0.00031315 0.00031303 0.00031272 0.00031357 0.00031431 0.00031315 0.00031399 0.0003133 0.00031294 0.00031198 0.00031261 0.00031305 0.00031257 0.00031253 0.00031392 0.00031463 0.00031534 0.00031747 0.00031929 0.00032083 0.00032234 0.00032225 0.00032444 0.00032585 0.00032768 0.00032803 0.0003291 0.00032946 0.0003306 0.00033077 0.0003319 0.00033226 0.00033241 0.00033169 0.00033183 0.00033039 0.00033044 0.00033055 0.00033037 0.00032826 0.00032649 0.00032569 0.00032431 0.00032486 0.00032346 0.00032258 0.00032154 0.00032064 0.00031961 0.00031894 0.00031852 0.0003182 0.00031772 0.00031798 0.00031764 0.00031515 0.00031607 0.0003155 0.00031667 0.0003164 0.00031641 0.00031699 0.00031859 0.00032011 0.00032019 0.00032105 0.00032127
0.00032171 0.00032145 0.00032072 0.00031982 0.00032016 0.00031875 0.00031918 0.00031944 0.0003189 0.0003184 0.00031815 0.00031702 0.00031642 0.00031501 0.00031449 0.00031201 0.00032785 0.00030794 0.0003089 0.00030816 0.00030718 0.000306 0.00030521 0.00030471 0.00030334 0.00030233 0.00030151 0.00030054 0.00029981 0.00029939 0.00029894 0.00029883 0.00029839 0.00029852 0.0002983 0.00029843 0.00029786 0.00029747 0.00029695 0.00029622 0.00029545 0.00029542 0.00029503 0.00029531 0.00029607 0.00029754 0.00029944 0.00030575 0.00030611 0.00030852 0.00030952 0.00030989 0.00031266 0.00031177 0.0003131 0.00031465 0.00031592 0.00031652 0.00031873 0.00032003 0.00032115 0.00032222 0.00032422 0.00032503 0.00032637 0.00032754 0.00032797 0.00032908 0.00032969 0.00033066 0.00033195 0.00033252 0.00033276 0.00033349 0.00033391 0.00033339 0.00033374 0.0003338 0.00033427 0.00033518 0.00033296 0.00033327 0.00033366 0.00033295 0.00033397 0.0003325 0.00033095 0.00033073 0.00032929 0.0003293 0.00032866 0.00032822 0.000327 0.00032581 0.00032381 0.00032353 0.00032331 0.00032303 0.00032217 0.00032114 0.00032051 0.00031969 0.00031831 0.00031831 0.00031779 0.00031643 0.00031559 0.00031565 0.00031571 0.00031496 0.00031496 0.00031496 0.00031432 0.0003152 0.0003144 0.00031534 0.0003163 0.00031595 0.00031583 0.00031536 0.00031398 0.00031363 0.00031303 0.00031276 0.00031211 0.00031235 0.00031394 0.00031488 0.00031497 0.00031557 0.00031721 0.00031888 0.00032008 0.00032041 0.00032195 0.00032359 0.00032477 0.00032592 0.0003261 0.00032684 0.00032746 0.00032823 0.00032851 0.00032948 0.00032984 0.00032925 0.0003295 0.00032951 0.00032702 0.00032732 0.00032828 0.00032702 0.00032675 0.00032516 0.00032425 0.00032498 0.0003227 0.00032363 0.00032299 0.00032068 0.00031987 0.00031964 0.00031927 0.00031932 0.00031828 0.00031838 0.00031786 0.00031695 0.0003165 0.00031712 0.00031728 0.00031557 0.00031613 0.00031604 0.00031782 0.00031912 0.00032022 0.0003212 0.00032188 0.00032224
0.0003217 0.00032166 0.00032126 0.00032077 0.00032107 0.00031998 0.00031918 0.00031879 0.00031867 0.00031875 0.00031749 0.0003166 0.00031661 0.00031522 0.00031429 0.00031379 0.0003098 0.00031039 0.00030924 0.00030911 0.00030829 0.0003076 0.00030657 0.00030569 0.00030504 0.00030419 0.0003031 0.00030212 0.00030213 0.00030123 0.00030093 0.00030052 0.00030024 0.00030036 0.00030012 0.00030014 0.00029992 0.00029955 0.0002992 0.00029795 0.00029759 0.00029705 0.00029685 0.00029701 0.00029782 0.00029962 0.00030185 0.00030393 0.00030718 0.00030861 0.00030991 0.0003108 0.00031168 0.00031292 0.00031449 0.00031603 0.00031757 0.00031939 0.00032099 0.00032239 0.00032508 0.00032593 0.0003267 0.00032733 0.00032836 0.00032874 0.00032974 0.00033061 0.00033118 0.00033237 0.00033256 0.00033754 0.00033427 0.00033433 0.00033449 0.00033501 0.00033486 0.00033435 0.0003345 0.00033431 0.00033402 0.0003353 0.00033314 0.00033336 0.00032745 0.00034109 0.00033153 0.00033086 0.00033053 0.00032952 0.00032965 0.00032805 0.00032728 0.0003266 0.00032611 0.00032471 0.00032459 0.00032338 0.00032272 0.00032093 0.00032099 0.00032044 0.0003189 0.00031756 0.00031695 0.00031709 0.0003169 0.00031596 0.00031721 0.00031655 0.00031609 0.00031679 0.00031755 0.00031738 0.00031734 0.00031773 0.00031827 0.00031759 0.00031679 0.00031519 0.00031455 0.00031469 0.00031422 0.0003135 0.00031351 0.0003138 0.00031336 0.00031422 0.00031506 0.00031547 0.0003171 0.00031769 0.00031919 0.00031922 0.00032003 0.00032126 0.00032316 0.00032383 0.00032428 0.00032377 0.00032561 0.00032506 0.00032638 0.00032749 0.00032757 0.00032707 0.00032678 0.00032709 0.0003267 0.00032577 0.00032644 0.0003258 0.00032598 0.00032576 0.00032415 0.00032463 0.0003234 0.00032379 0.00032322 0.00032164 0.00032071 0.00032088 0.00031972 0.00031932 0.00031895 0.00031812 0.00031806 0.00031759 0.00031632 0.00031735 0.00031716 0.0003165 0.00031846 0.00031758 0.00031776 0.00031925 0.00032072 0.00032069 0.00032128 0.00032151
0.00032115 0.00032148 0.00032129 0.00032001 0.00032088 0.00032064 0.00031848 0.00031977 0.00031969 0.00031969 0.00031893 0.00031811 0.00031711 0.0003164 0.00031511 0.00031358 0.00031386 0.00031255 0.00031172 0.00031085 0.00031005 0.00030911 0.0003079 0.00030705 0.00030699 0.00030655 0.00030616 0.00030537 0.00030483 0.00030423 0.00030387 0.00030309 0.00030271 0.00030295 0.00030362 0.00030291 0.00030284 0.00030287 0.00030176 0.00030065 0.00030016 0.00029981 0.00029983 0.00030112 0.00030189 0.00030401 0.00030547 0.00030703 0.00030892 0.00031011 0.00031113 0.00031284 0.00031354 0.00031476 0.00031638 0.00031756 0.00031926 0.00032095 0.0003226 0.00032487 0.00032748 0.00032611 0.00032932 0.00032996 0.00033017 0.00033083 0.00033184 0.00033248 0.00033281 0.00033276 0.00033391 0.0003338 0.00033426 0.0003351 0.00033527 0.00033533 0.00033481 0.0003357 0.00033617 0.00033574 0.00033468 0.00033441 0.00033453 0.00033376 0.00033345 0.00033316 0.00033269 0.00033234 0.00033153 0.00032987 0.00032865 0.00032904 0.00032761 0.00032751 0.00032507 0.00032574 0.00032542 0.00032449 0.00032271 0.00032223 0.00032126 0.00032086 0.00032055 0.00031996 0.00031993 0.00031935 0.00031776 0.00031781 0.00031808 0.00031846 0.00031922 0.00031948 0.00031938 0.0003194 0.00031842 0.00031919 0.00031909 0.0003191 0.00031729 0.00031656 0.00031623 0.00031565 0.00031436 0.0003146 0.00031383 0.00031397 0.00031353 0.00031425 0.00031496 0.00031523 0.0003164 0.00031622 0.00031829 0.00031986 0.00031936 0.00031813 0.00032052 0.00032116 0.00032088 0.00032263 0.00032369 0.00032208 0.00032369 0.0003247 0.00032454 0.00032378 0.00032453 0.00032433 0.00032441 0.0003244 0.00032428 0.00032466 0.00032449 0.00032381 0.0003237 0.00032417 0.0003238 0.00032274 0.00032271 0.00032175 0.00032211 0.00032086 0.00032037 0.00031949 0.00031901 0.00031834 0.00031675 0.00031691 0.0003166 0.00031725 0.0003177 0.00031786 0.00031849 0.00031839 0.00031885 0.00031937 0.0003203 0.00032142 0.00031993 0.00032094
0.00032092 0.00032103 0.00032089 0.00032105 0.0003208 0.00032133 0.00032033 0.00031976 0.00032021 0.00031892 0.00031836 0.00031847 0.00031779 0.00031681 0.00031584 0.00031517 0.00031436 0.00031367 0.000313 0.00031194 0.00031102 0.00031075 0.00031011 0.00030957 0.00030886 0.00030862 0.00030798 0.00030756 0.00030719 0.00030712 0.00030703 0.0003066 0.00030687 0.00030688 0.00030653 0.00030622 0.00030602 0.00030622 0.00030582 0.00030857 0.00030528 0.00030516 0.0003052 0.0003056 0.000306 0.00030676 0.00030759 0.00030888 0.00031073 0.00031196 0.00031251 0.00031488 0.00031643 0.00031764 0.00031884 0.00032052 0.00032193 0.00032336 0.00032481 0.0003259 0.00032798 0.0003299 0.0003307 0.00033136 0.00033232 0.00033691 0.0003315 0.00033384 0.00033417 0.00033426 0.00033524 0.00033397 0.00033492 0.00033635 0.00033696 0.00033665 0.00033627 0.00033646 0.00033542 0.00033581 0.00033519 0.0003352 0.00033465 0.00033482 0.00033397 0.0003336 0.00033263 0.00033205 0.00033108 0.00033026 0.00032926 0.00032875 0.00032839 0.00032732 0.00032724 0.00032708 0.00032526 0.00032437 0.00032412 0.00032286 0.00032247 0.00032179 0.00032079 0.00032065 0.00032038 0.00032061 0.00031918 0.00031998 0.00031978 0.00032048 0.00032026 0.00032045 0.00032072 0.0003206 0.00031962 0.00032032 0.00031962 0.00031954 0.00031902 0.00031721 0.00031794 0.00031759 0.00031407 0.00031544 0.00031502 0.00031454 0.00031382 0.00031346 0.00031399 0.00031496 0.000315 0.00031549 0.00031618 0.00031212 0.00031635 0.00031829 0.00031867 0.00031836 0.00031998 0.00032079 0.00032135 0.00031952 0.00032197 0.00032243 0.00032248 0.00032111 0.00032207 0.00032187 0.00032253 0.00032296 0.00032249 0.00032304 0.0003225 0.00032194 0.0003227 0.00032284 0.0003222 0.00032194 0.0003221 0.00032136 0.00032087 0.00032116 0.00032028 0.00031998 0.00031956 0.00031754 0.00031864 0.00031826 0.00031727 0.00031788 0.00031747 0.00031837 0.00031879 0.00031861 0.0003196 0.00031974 0.00031936 0.00032063 0.00032044 0.00031973
0.00032187 0.00032057 0.00032054 0.00032884 0.00032091 0.00032132 0.00032136 0.00032108 0.00032073 0.00032046 0.00031994 0.00031883 0.00031869 0.00031767 0.00031731 0.00031697 0.00031617 0.00031567 0.00031428 0.00031293 0.00031092 0.00031269 0.00031217 0.00031168 0.0003113 0.00031111 0.00031048 0.00031061 0.00031056 0.00031003 0.00030989 0.00030947 0.0003093 0.00030895 0.00030856 0.00030826 0.0003081 0.00030832 0.00030823 0.00030809 0.00030795 0.00030833 0.00030838 0.00030888 0.00030969 0.00031023 0.00031111 0.0003116 0.00031319 0.00031445 0.00031637 0.00031766 0.00031914 0.0003208 0.00032267 0.00032358 0.00032477 0.00032603 0.00032759 0.00032803 0.00032929 0.0003308 0.00033216 0.00033337 0.00033332 0.00033363 0.00033519 0.00033495 0.00033479 0.00033472 0.00033548 0.00033497 0.00033576 0.00033571 0.00033604 0.00033663 0.00033614 0.00033537 0.00033523 0.00033562 0.00033535 0.0003352 0.00033418 0.00033354 0.00033307 0.00033055 0.00033112 0.00033063 0.00033044 0.00032998 0.00032966 0.00032867 0.00032747 0.00032698 0.00032746 0.00032466 0.00032425 0.00032444 0.00032394 0.0003232 0.000323 0.00032224 0.00032154 0.00032154 0.00032165 0.00032132 0.00032118 0.00032127 0.00032113 0.00032081 0.0003214 0.00032111 0.0003217 0.00032105 0.00032079 0.00032045 0.00032028 0.00031938 0.00032013 0.00031928 0.00031843 0.00031808 0.00031794 0.00031692 0.00031626 0.00031571 0.00031477 0.00031445 0.00031417 0.00031417 0.0003143 0.00031496 0.0003155 0.00031557 0.00031629 0.00031732 0.00031781 0.00031777 0.00031875 0.00031732 0.00031957 0.00031778 0.00031978 0.00032053 0.00031937 0.00032077 0.00032064 0.00032072 0.00032114 0.00032119 0.00032087 0.00032102 0.00032197 0.00032195 0.00032189 0.00032149 0.0003216 0.00032107 0.00032149 0.00032162 0.00032121 0.00032067 0.00032095 0.00032057 0.00031919 0.00031975 0.00031972 0.00031984 0.00031774 0.00031847 0.00031867 0.00031899 0.00031812 0.00031951 0.00032034 0.00032072 0.0003204 0.0003209 0.0003211 0.00032128
0.00032163 0.00032291 0.00032178 0.00032271 0.00032257 0.00032213 0.00032182 0.00032208 0.00031977 0.00032075 0.00032018 0.00032017 0.00032026 0.0003199 0.00032148 0.00031822 0.00031783 0.00031729 0.00031607 0.00031675 0.0003162 0.00031516 0.00031489 0.00031459 0.0003142 0.00031397 0.00031283 0.00031328 0.00031303 0.00031278 0.00031231 0.00031186 0.00031172 0.00031136 0.00031087 0.00031033 0.0003103 0.00031039 0.00031 0.0003099 0.00030994 0.00031047 0.00031106 0.00031171 0.00031261 0.00031343 0.00031411 0.00031521 0.00031601 0.00031723 0.00031841 0.00031872 0.00032124 0.00032348 0.00032511 0.00032686 0.00032841 0.00033022 0.00033088 0.0003313 0.00033165 0.00033298 0.00033357 0.00033336 0.00033462 0.00033498 0.00033514 0.00033427 0.00033483 0.00033541 0.00033434 0.00033458 0.00033556 0.00033566 0.00033566 0.00033589 0.00033586 0.00033518 0.00033527 0.00033503 0.00033519 0.00033434 0.00033374 0.00033068 0.0003426 0.00035403 0.00032416 0.00032932 0.00033023 0.00032921 0.00032956 0.00032798 0.00032818 0.00032651 0.00032635 0.00032557 0.00032474 0.00032446 0.00032436 0.00032391 0.00032308 0.00032302 0.00032253 0.00032131 0.00032229 0.00032113 0.00032096 0.00032141 0.00032129 0.00032106 0.00032169 0.00032169 0.0003221 0.0003213 0.00031994 0.00032016 0.00032133 0.0003201 0.00031978 0.00032048 0.00032005 0.0003193 0.00031904 0.00031723 0.00031712 0.00031549 0.00031588 0.00031509 0.00031495 0.00031372 0.00031464 0.00031444 0.00031444 0.00031474 0.00031558 0.00031532 0.00031613 0.00031642 0.00031578 0.00031694 0.00031775 0.00031755 0.00031836 0.00031857 0.00031782 0.00031921 0.00031907 0.00031941 0.00031918 0.00031943 0.00031997 0.00032012 0.00032018 0.00032058 0.00031889 0.00032082 0.00032055 0.00032139 0.00032116 0.0003211 0.00032022 0.00032011 0.00032122 0.00032106 0.00032007 0.00032117 0.00032106 0.00031927 0.00032041 0.00031952 0.00032072 0.00032054 0.00032018 0.00032032 0.00032039 0.00032114 0.00032003 0.00032023 0.00032187 0.00031906
0.00032321 0.00032308 0.00032366 0.00032327 0.00032297 0.00032406 0.00032346 0.00032291 0.00032332 0.00032282 0.00032123 0.00032163 0.00032214 0.00032084 0.00032116 0.00032047 0.0003204 0.00031998 0.00031972 0.00031958 0.00031787 0.00031844 0.00031714 0.00031656 0.00031652 0.00031531 0.0003164 0.00031609 0.00031527 0.00031499 0.00031479 0.0003139 0.00031414 0.00031327 0.00031581 0.00031238 0.00031236 0.00031226 0.00031199 0.00031222 0.0003125 0.00031297 0.00031399 0.00031434 0.00031501 0.00031603 0.00031718 0.00031859 0.00031956 0.00032081 0.00032236 0.00032408 0.00032552 0.00032733 0.00032912 0.00033071 0.00033248 0.00033367 0.00033492 0.00033607 0.00033648 0.00033623 0.00033535 0.00033489 0.00033494 0.0003349 0.0003345 0.00033489 0.00033548 0.00033504 0.00033536 0.00033534 0.00033497 0.0003356 0.00033554 0.00033508 0.00033476 0.00033366 0.00033527 0.00033471 0.00033435 0.0003337 0.00033206 0.00033147 0.00033132 0.00032988 0.00032957 0.00032977 0.00032925 0.00032951 0.00032856 0.00032772 0.00032757 0.00032653 0.00032613 0.00032524 0.00032482 0.00032436 0.00032394 0.00032289 0.00032226 0.00032281 0.0003224 0.00032127 0.00032154 0.00032153 0.00032164 0.00032112 0.00032067 0.00031964 0.00032018 0.00032158 0.00032211 0.00032147 0.00032107 0.0003212 0.00032006 0.00032078 0.00032058 0.00032043 0.00031999 0.0003189 0.00031933 0.00031874 0.00031801 0.00031749 0.00031736 0.000316 0.00031528 0.0003151 0.0003145 0.00031383 0.00031396 0.00031398 0.0003132 0.0003148 0.00031493 0.00031529 0.00031255 0.00031586 0.00031643 0.00031718 0.00031738 0.00031684 0.0003172 0.00031734 0.00031577 0.00031825 0.00031814 0.00031853 0.00031826 0.00031951 0.00031929 0.00031978 0.00032004 0.00031997 0.00032017 0.00032039 0.00032055 0.00032109 0.00031963 0.00031989 0.00031997 0.00032069 0.00032052 0.00032052 0.00032159 0.00032157 0.00032164 0.00032104 0.00032163 0.00032104 0.00032203 0.00032185 0.00032071 0.00032121 0.00032134 0.0003227 0.00032244 0.00032292
0.00032223 0.00032421 0.00032431 0.00032381 0.00032412 0.00032427 0.00032395 0.00032436 0.00032304 0.00032473 0.00032365 0.00032348 0.00032317 0.00032342 0.0003218 0.00032105 0.00032103 0.00032213 0.00032247 0.00032141 0.00032154 0.00032138 0.000321 0.00032065 0.00031943 0.0003192 0.00031591 0.0003187 0.0003186 0.00031697 0.00031831 0.00031644 0.00031679 0.00031572 0.0003148 0.00031418 0.00031444 0.00031438 0.00031452 0.00031462 0.00031474 0.0003159 0.00031659 0.00031745 0.00031825 0.00031936 0.00032132 0.00032301 0.00032479 0.0003261 0.00032697 0.00032789 0.00032847 0.00032972 0.0003306 0.00033194 0.00033277 0.00033319 0.00033427 0.00033466 0.00033469 0.0003349 0.00033472 0.00033458 0.00033415 0.00033451 0.00033469 0.00033479 0.00033427 0.0003349 0.000335 0.00033467 0.00033539 0.00033514 0.00033385 0.00033458 0.0003344 0.0003336 0.00033369 0.00033325 0.00033252 0.0003321 0.00033239 0.0003315 0.00033018 0.00033033 0.00032887 0.00032841 0.00032811 0.00032759 0.00032759 0.00032685 0.00032591 0.00032579 0.00032572 0.00032388 0.00032424 0.00032419 0.00032365 0.00032335 0.0003231 0.00032299 0.00032261 0.00032159 0.00032178 0.00032252 0.00032208 0.0003216 0.00032149 0.00032184 0.00031961 0.00032001 0.00032111 0.00032098 0.0003214 0.00032096 0.00032038 0.00032068 0.00032054 0.00031952 0.00031896 0.00031936 0.00031905 0.00031898 0.00031775 0.00031753 0.00031742 0.00031713 0.00031669 0.00031623 0.0003157 0.00031482 0.00031473 0.0003141 0.00031351 0.00031296 0.00031355 0.00031457 0.00031525 0.00031497 0.00031528 0.00031528 0.0003157 0.00031568 0.0003158 0.00031588 0.00031627 0.00031677 0.00031678 0.00031662 0.00031744 0.00031693 0.00031762 0.00031845 0.00031914 0.00031959 0.00031925 0.00031985 0.00032146 0.00032078 0.00032032 0.00032029 0.00032029 0.00032116 0.00032114 0.00032171 0.00032184 0.00032243 0.00032211 0.00032168 0.00032153 0.00032243 0.00032275 0.00032313 0.00032432 0.00032369 0.00032323 0.00032358 0.0003231 0.00032269
0.00032452 0.00032531 0.0003259 0.00032493 0.00032443 0.00032522 0.00032972 0.00032389 0.00032496 0.00032511 0.00032376 0.00032434 0.00032462 0.00032404 0.00032504 0.00032526 0.00032508 0.00032431 0.00032574 0.00032323 0.00032221 0.00032356 0.0003235 0.00032289 0.000322 0.00032156 0.00032077 0.0003199 0.00032042 0.00031906 0.00031946 0.00031973 0.00031991 0.00031833 0.00031942 0.00031953 0.00031833 0.00031836 0.00031858 0.0003188 0.00031824 0.00031989 0.00032044 0.00032096 0.00032209 0.00032278 0.0003239 0.0003255 0.00032637 0.00032764 0.0003286 0.00032928 0.0003294 0.00032916 0.00033001 0.00033029 0.00033063 0.00033109 0.00033163 0.00033163 0.0003313 0.00033201 0.00033206 0.00033247 0.00033387 0.00033308 0.00033326 0.00033363 0.00033462 0.00033381 0.0003342 0.00033383 0.0003337 0.00033419 0.00033342 0.00033277 0.00033283 0.00033315 0.00033267 0.00033192 0.00033138 0.00033123 0.00033077 0.00033001 0.00032924 0.00032898 0.00032844 0.00032826 0.00032774 0.00032663 0.00032555 0.00032481 0.00032527 0.00032543 0.00032444 0.00032433 0.0003238 0.00032359 0.00032331 0.00032279 0.00032209 0.00032159 0.00032128 0.00032101 0.00032165 0.00032189 0.00032168 0.00032109 0.00032129 0.0003211 0.00032169 0.00032095 0.0003207 0.00032073 0.00032007 0.00032061 0.00031988 0.00031966 0.00031872 0.00031953 0.00031822 0.00031907 0.00031881 0.0003177 0.00031782 0.00031772 0.00031752 0.00031753 0.00031703 0.00031637 0.00031598 0.00031613 0.00031561 0.00031534 0.00031454 0.0003147 0.00031415 0.00031383 0.00031349 0.00031322 0.00031269 0.00031257 0.00031297 0.00031339 0.0003139 0.00031439 0.00031513 0.00031538 0.0003163 0.00031609 0.0003169 0.0003168 0.00031675 0.0003171 0.00031803 0.00031774 0.0003191 0.00031981 0.00032031 0.00032063 0.00032088 0.00032007 0.00032132 0.00032151 0.00032171 0.0003224 0.00032215 0.00032252 0.00032122 0.0003229 0.00032283 0.00032258 0.00032184 0.00032318 0.0003235 0.00032391 0.00032488 0.00032338 0.00032432 0.00032407
0.00032593 0.00032665 0.00032672 0.00032615 0.00032546 0.00032701 0.00032724 0.00032673 0.00032668 0.00032724 0.00032796 0.00032689 0.0003271 0.00032591 0.00032833 0.00032661 0.0003263 0.00032596 0.00032527 0.00032523 0.00032568 0.00032304 0.00032317 0.00032398 0.00032298 0.00032417 0.00032303 0.000327 0.00032484 0.00032384 0.0003246 0.00032302 0.00032232 0.00032178 0.00032085 0.00032166 0.00032082 0.00032122 0.00032158 0.00032256 0.00032308 0.00032371 0.00032412 0.00032448 0.00032536 0.00032592 0.00032629 0.00032677 0.00032731 0.00032798 0.00032887 0.00033025 0.00032978 0.00032986 0.00032983 0.0003297 0.00032926 0.00032919 0.00032865 0.00032928 0.0003297 0.00033014 0.00033054 0.00033046 0.00033092 0.00033166 0.00033199 0.00033162 0.00033157 0.00033193 0.00033276 0.00033331 0.00033318 0.00033212 0.00033275 0.00033285 0.00033293 0.000332 0.0003313 0.00033021 0.00033031 0.00032974 0.00032916 0.00032863 0.00032887 0.00032858 0.00032803 0.00032743 0.00032675 0.00032671 0.00032586 0.00032405 0.0003241 0.00032411 0.00032394 0.00032266 0.00032287 0.00032276 0.00032231 0.00032254 0.00032201 0.00032195 0.00032152 0.00032021 0.00032113 0.00032122 0.00032052 0.00032021 0.00032015 0.00031963 0.00032023 0.00032034 0.00032078 0.0003206 0.00032011 0.00032061 0.00032069 0.00031992 0.00031894 0.00031833 0.0003188 0.00031947 0.00031914 0.00031816 0.00031796 0.00031765 0.00031721 0.00031761 0.00031665 0.00031656 0.00031619 0.00031583 0.00031604 0.00031548 0.00031571 0.00031532 0.00031494 0.0003145 0.00031435 0.00031447 0.00031474 0.00031496 0.00031518 0.00031524 0.00031548 0.00031572 0.00031591 0.00031605 0.00031651 0.00031676 0.00031649 0.00031722 0.00031719 0.00031765 0.00031765 0.00031766 0.0003189 0.00031947 0.00031981 0.00031956 0.00032087 0.00032082 0.00032034 0.00032138 0.00032223 0.00032278 0.00032201 0.00032282 0.00032365 0.00032406 0.00031924 0.00033382 0.00032116 0.0003112 0.00032366 0.00032441 0.00032579 0.00032545 0.00032383 0.00032504
0.00032594 0.00032715 0.00032645 0.00032699 0.00032703 0.00032833 0.00032663 0.00032764 0.00032788 0.00032777 0.00032834 0.00032738 0.0003276 0.00032867 0.00032759 0.00032823 0.00032814 0.00032609 0.00032705 0.00032755 0.00032688 0.00032798 0.00032848 0.00032937 0.0003276 0.00032563 0.00032602 0.00032607 0.00032342 0.00032435 0.00032463 0.00032401 0.00032549 0.00032601 0.00032675 0.0003249 0.0003243 0.00032449 0.00032347 0.00032486 0.00032465 0.00032517 0.00032622 0.00032607 0.00032604 0.00032539 0.00032635 0.00032691 0.00032732 0.00032842 0.000329 0.00032917 0.00032914 0.00032929 0.00032939 0.00033068 0.00032912 0.000329 0.00032929 0.00032951 0.00033031 0.00033082 0.0003312 0.00033122 0.00033121 0.00033088 0.00033054 0.00033076 0.00033121 0.00033029 0.00033151 0.00033153 0.00033153 0.00033153 0.00033124 0.00033161 0.0003309 0.00033079 0.00032971 0.00032994 0.00032912 0.00032898 0.0003282 0.00032972 0.00032772 0.00032691 0.00032631 0.0003257 0.00032555 0.00032556 0.00032482 0.00032454 0.00032411 0.00032348 0.00032351 0.00032318 0.00032407 0.00032215 0.0003217 0.00032141 0.00032119 0.00032112 0.00032098 0.00032051 0.00032066 0.00032082 0.00032085 0.00032043 0.00031983 0.0003205 0.00032007 0.00031971 0.00032027 0.00032019 0.00032006 0.0003198 0.00031952 0.0003198 0.0003189 0.00031893 0.00031882 0.00031861 0.00031792 0.000319 0.00031898 0.00031859 0.00031757 0.0003174 0.00031738 0.0003166 0.00031734 0.00031701 0.0003171 0.00031674 0.00031596 0.00031622 0.00031589 0.00031588 0.00031574 0.00031573 0.00031555 0.00031618 0.00031626 0.00031511 0.00031581 0.00031624 0.0003167 0.00031685 0.00031639 0.00031646 0.00031681 0.00031733 0.00031758 0.00031778 0.00031815 0.00031819 0.0003185 0.00031939 0.00031981 0.0003203 0.00032034 0.00032112 0.00032121 0.00032201 0.0003223 0.0003222 0.0003223 0.00032271 0.00032318 0.00032378 0.00032381 0.00032441 0.00032382 0.00032631 0.00032649 0.00032678 0.00032686 0.00032682 0.00032632 0.00032549
0.00032817 0.00032682 0.0003242 0.00032292 0.00032459 0.00032765 0.00032655 0.00032238 0.00032266 0.00032709 0.00032817 0.00032818 0.00032853 0.00032809 0.00032796 0.0003261 0.00032288 0.00032339 0.00032231 0.00032594 0.00032372 0.00032494 0.00032946 0.00033249 0.00032786 0.00032595 0.00032581 0.00032727 0.00032655 0.0003264 0.00032627 0.00032633 0.00032688 0.00032589 0.00032244 0.00032568 0.00032463 0.00032553 0.00032516 0.00032477 0.00032655 0.00032621 0.00032532 0.00032535 0.00032622 0.00032705 0.00032742 0.00032781 0.00032823 0.0003285 0.00032872 0.0003291 0.00032764 0.00032974 0.00033003 0.00033048 0.00033073 0.0003307 0.00033069 0.00033073 0.00033108 0.00032391 0.00032421 0.00032843 0.00032982 0.00032954 0.00032945 0.00032976 0.00032897 0.00032895 0.00032957 0.00032978 0.00032975 0.00032983 0.00032932 0.00032942 0.00032912 0.00032921 0.00032956 0.00032928 0.0003287 0.00032757 0.00032738 0.00032705 0.00032693 0.00032627 0.00032493 0.00032472 0.00032552 0.00032497 0.00032507 0.00032454 0.00032373 0.00032273 0.00032256 0.00032293 0.00032293 0.00032268 0.00032221 0.00032178 0.0003216 0.00032155 0.00032105 0.00032182 0.00032098 0.00032079 0.0003208 0.00032062 0.00032056 0.00032045 0.00032041 0.00032021 0.00031979 0.00031917 0.00031918 0.0003191 0.00031963 0.00031881 0.00031888 0.00031798 0.00031839 0.00031871 0.00031885 0.00031896 0.00031886 0.00031901 0.00031867 0.00031844 0.00031809 0.00031759 0.00031795 0.00031742 0.00031706 0.00031641 0.00031373 0.00031583 0.00031676 0.00031687 0.00031715 0.00031693 0.00031648 0.00031657 0.0003166 0.00031653 0.00031667 0.00031644 0.00031701 0.00031662 0.00031691 0.00031644 0.00031711 0.00031763 0.00031755 0.00031799 0.00031846 0.0003187 0.00031905 0.00031925 0.00031889 0.00031964 0.00031993 0.00032061 0.00032154 0.00032212 0.00032232 0.00032238 0.00032285 0.0003237 0.00032376 0.00032336 0.00032423 0.00032353 0.00032411 0.00032491 0.00032462 0.00032678 0.00032791 0.00032765 0.0003268 0.00032756
0.0003251 0.00032375 0.00032378 0.00032486 0.00032513 0.00032464 0.00032417 0.00032413 0.00032449 0.0003243 0.00032447 0.00032276 0.00032542 0.00032489 0.00032522 0.00032614 0.00032611 0.00032655 0.00032656 0.00032597 0.00032575 0.00032695 0.00032672 0.00032704 0.00032756 0.00032799 0.00032712 0.00032471 0.00032547 0.00032431 0.00032491 0.00032536 0.00032572 0.00032583 0.00032537 0.00032605 0.0003256 0.00032662 0.00032645 0.00032635 0.00032651 0.00032682 0.00032678 0.00032629 0.00032564 0.0003259 0.00032628 0.00032669 0.00032699 0.00032782 0.00032857 0.00032815 0.00032851 0.00032892 0.00032936 0.00032947 0.00032902 0.0003296 0.00033031 0.00033024 0.00033069 0.00033096 0.00033078 0.00033099 0.00033043 0.00033045 0.00033115 0.00033057 0.00032956 0.00032898 0.00032835 0.000328 0.00032719 0.00032748 0.00032757 0.00032587 0.00032542 0.00032584 0.00032691 0.00032704 0.00032588 0.00032644 0.00032473 0.00031976 0.0003227 0.00032598 0.00031419 0.00031622 0.00032309 0.00031024 0.00031447 0.00031971 0.00031648 0.00031255 0.00031823 0.00031103 0.00031231 0.00031898 0.00031624 0.00031275 0.00031387 0.00031485 0.00031617 0.00032008 0.00032048 0.00031974 0.00032023 0.00032034 0.00032053 0.00032027 0.00032015 0.00032008 0.00031995 0.00031983 0.00031931 0.00031951 0.0003193 0.00031925 0.00031904 0.00031704 0.00032241 0.00031684 0.00031863 0.00031836 0.00031813 0.00031851 0.0003182 0.00031794 0.00031805 0.00031812 0.00031818 0.00031826 0.00031803 0.00031813 0.00031807 0.00031811 0.00031828 0.00031828 0.0003178 0.00031801 0.00031774 0.00031736 0.00031673 0.00031694 0.00031703 0.00031624 0.00031541 0.00031557 0.0003161 0.00031667 0.000317 0.00031667 0.00031757 0.00031812 0.00031813 0.00031893 0.00031865 0.00031933 0.00031918 0.00031932 0.00031973 0.00032048 0.0003208 0.00032161 0.00032178 0.00032239 0.0003221 0.00032203 0.00032248 0.00032378 0.00032371 0.000324 0.0003241 0.00032461 0.00032483 0.00032429 0.00032418 0.00032565 0.00032568 0.0003254
0.00031583 0.00031599 0.00031627 0.00031686 0.00031629 0.00031634 0.00031662 0.00031648 0.00031659 0.00031682 0.00031708 0.00031731 0.00031756 0.0003178 0.00031816 0.00031842 0.00031848 0.00031879 0.00031878 0.00031903 0.00031915 0.00031942 0.00031969 0.00032012 0.00032047 0.00032114 0.00032204 0.00032308 0.00032305 0.00032381 0.00032475 0.00032376 0.00032392 0.00032577 0.00032064 0.0003206 0.00031871 0.00032145 0.00031547 0.00031676 0.00031892 0.00032001 0.0003245 0.00032456 0.0003248 0.00032556 0.00032635 0.00032593 0.00032401 0.00032353 0.00031829 0.00031786 0.00031599 0.00031803 0.00032312 0.00031927 0.00031832 0.00031814 0.0003182 0.00031935 0.00032569 0.00032378 0.00032445 0.00032446 0.00032524 0.00032587 0.00032683 0.00032319 0.00032152 0.00031865 0.00031876 0.00031887 0.00031416 0.00031655 0.00031456 0.00031168 0.00030978 0.00031155 0.00030929 0.00030741 0.00030697 0.00030452 0.00030492 0.00030356 0.00030353 0.00030405 0.0003022 0.000302 0.00030215 0.00030135 0.00030194 0.00030288 0.00030069 0.00030069 0.00030284 0.00030125 0.00030141 0.00029997 0.00029997 0.00030027 0.00030286 0.00030377 0.00030356 0.0003036 0.0003036 0.00030425 0.00030183 0.00030816 0.00030935 0.00031611 0.00031561 0.00030983 0.00031226 0.00031827 0.00031504 0.00031593 0.00031318 0.00031446 0.000317 0.0003115 0.00031193 0.00031111 0.00031197 0.00031234 0.00031483 0.00031816 0.0003133 0.00031418 0.00031418 0.00031404 0.0003148 0.00031454 0.00031456 0.00031486 0.00031507 0.0003153 0.00031618 0.00031718 0.00031813 0.00031817 0.00031823 0.00031821 0.00031824 0.00031791 0.00031816 0.00031761 0.00031771 0.00031799 0.00031814 0.00031874 0.00031875 0.00031908 0.00031918 0.0003194 0.00031936 0.00031922 0.00031926 0.00031964 0.00031978 0.00031934 0.00031946 0.00031971 0.00032003 0.00032008 0.00032006 0.00031999 0.00031973 0.00031946 0.00031934 0.00031853 0.00031768 0.00031787 0.00031775 0.00031764 0.00031751 0.00031699 0.00031648 0.000316 0.00031596 0.00031586
0.00031216 0.00031218 0.00031223 0.0003122 0.00031222 0.00031213 0.00031226 0.00031238 0.00031248 0.00031267 0.00031292 0.00031324 0.00031336 0.00031363 0.00031381 0.00031424 0.00031466 0.00031472 0.00031547 0.00031548 0.00031586 0.00031597 0.00031598 0.00031593 0.00031584 0.00031528 0.00031674 0.0003164 0.0003158 0.00031033 0.00030902 0.00030734 0.0003098 0.00031082 0.00030733 0.00030907 0.00030691 0.00030721 0.0003072 0.0003063 0.0003052 0.00030626 0.0003044 0.00030338 0.00030347 0.00030494 0.00030472 0.00030428 0.00030496 0.00030567 0.00030703 0.0003084 0.00031057 0.00031141 0.00030776 0.00030873 0.00030693 0.00030572 0.00030554 0.00030677 0.00030576 0.00031196 0.00031132 0.00031905 0.00032069 0.00032258 0.00032416 0.00032521 0.00032498 0.00032161 0.00031881 0.00031544 0.00031263 0.00031066 0.00030971 0.00030788 0.00030687 0.00030581 0.00030506 0.0003046 0.00030417 0.00030356 0.00030315 0.0003028 0.00030225 0.00030175 0.00030147 0.00030109 0.00030086 0.00030086 0.00030085 0.00030075 0.00030067 0.00030048 0.00030021 0.00029999 0.00029976 0.00029957 0.00029946 0.00029932 0.0002992 0.00029897 0.00029879 0.00029862 0.00029848 0.00029836 0.00029831 0.00029822 0.00029834 0.00029915 0.00030029 0.00030178 0.00030152 0.00030208 0.00030085 0.00030191 0.00030352 0.00030403 0.00030316 0.00030226 0.00030173 0.00030201 0.00030414 0.00030269 0.00030331 0.00030221 0.00030306 0.00030343 0.0003027 0.00030321 0.00030194 0.00030225 0.00030329 0.00030487 0.00030418 0.00030385 0.0003043 0.00030304 0.00030377 0.00030396 0.0003052 0.00030787 0.00030858 0.00030979 0.00031397 0.00031359 0.00031647 0.00031829 0.00031861 0.00031826 0.00031795 0.00031777 0.00031777 0.00031783 0.00031838 0.00031862 0.00031841 0.00031831 0.0003176 0.00031729 0.00031707 0.00031696 0.00031668 0.00031635 0.00031605 0.00031575 0.00031538 0.00031503 0.00031483 0.00031465 0.00031431 0.00031422 0.00031385 0.00031364 0.00031351 0.00031328 0.00031285 0.00031252 0.00031231 0.00031224
0.00031431 0.00031303 0.00031417 0.00031556 0.00031629 0.00031856 0.00030651 0.00030548 0.00030738 0.00030902 0.00030454 0.00030735 0.00030561 0.00030491 0.00030543 0.0003074 0.00030204 0.00030054 0.00030028 0.00030038 0.0003004 0.00030222 0.00030615 0.0003038 0.00030367 0.00030484 0.00030808 0.00030556 0.00030495 0.00030718 0.00030611 0.00029929 0.00029979 0.00030209 0.0002999 0.0002992 0.00029912 0.00029906 0.0002992 0.00029947 0.00029935 0.00030024 0.00029966 0.00029911 0.00029938 0.0002989 0.00029848 0.00029856 0.00029856 0.00029948 0.00029951 0.00029927 0.00029975 0.00030138 0.00030118 0.00030033 0.00030047 0.00030072 0.00030117 0.00030165 0.00030188 0.0003014 0.00030247 0.00030171 0.0003014 0.00030138 0.00030343 0.0003035 0.00030635 0.000308 0.00030921 0.00031216 0.00031018 0.00030996 0.00030955 0.00031065 0.00031213 0.00031384 0.00031455 0.00031482 0.00031565 0.00031611 0.00031257 0.0003091 0.00030543 0.00030497 0.00030553 0.00030619 0.00030713 0.0003093 0.00031303 0.0003126 0.00030246 0.0003009 0.00030077 0.00030132 0.00030087 0.00030047 0.00029968 0.00029923 0.00029903 0.00029956 0.0002989 0.00029859 0.0002984 0.00029824 0.00029807 0.00029796 0.00029789 0.00029775 0.00029768 0.00029769 0.00029775 0.0002978 0.00029787 0.00029799 0.0002981 0.0002982 0.00029824 0.00029819 0.00029832 0.0002985 0.00029856 0.00029843 0.00029837 0.00029837 0.00029834 0.00029837 0.00029842 0.00029832 0.00029837 0.00029833 0.00029829 0.00029839 0.00029859 0.00029858 0.0002991 0.00029905 0.00029894 0.00030015 0.00029876 0.00029878 0.00029877 0.00030109 0.00030137 0.0003017 0.00030265 0.00030523 0.00030274 0.00030117 0.00030224 0.00030111 0.00030365 0.0003043 0.00030609 0.00030806 0.00030436 0.00030613 0.00030757 0.00030845 0.00030806 0.00030571 0.00030687 0.00031071 0.00030927 0.00030968 0.0003118 0.00031563 0.00031352 0.00031641 0.00031395 0.00031202 0.00031072 0.0003093 0.00031085 0.00031288 0.00031414 0.00031119 0.00031141 0.00031194
0.00029687 0.00029751 0.00029722 0.00029738 0.00029778 0.0002974 0.00029746 0.0002973 0.0002965 0.0002963 0.00029632 0.00029638 0.00029664 0.0002968 0.00029652 0.00029614 0.0002961 0.00029616 0.00029607 0.00029605 0.00029616 0.00029658 0.00029657 0.00029561 0.00029566 0.00029563 0.00029586 0.00029596 0.00029611 0.00029616 0.00029625 0.00029585 0.00029552 0.00029575 0.00029554 0.00029513 0.00029491 0.00029489 0.00029485 0.00029488 0.00029515 0.00029505 0.00029542 0.00029531 0.0002951 0.00029468 0.00029462 0.00029454 0.00029469 0.00029486 0.00029484 0.00029484 0.00029492 0.000295 0.00029537 0.00029587 0.00029592 0.00029617 0.00029635 0.00029635 0.00029609 0.00029588 0.00029583 0.00029574 0.00029568 0.00029565 0.00029558 0.00029567 0.00029577 0.00029595 0.00029694 0.00029857 0.00029887 0.00029836 0.00029825 0.00029785 0.00029844 0.00029794 0.00029778 0.00029824 0.00029758 0.00029726 0.00029714 0.00029713 0.00029744 0.00029708 0.00029735 0.00029805 0.00029745 0.0002979 0.00029701 0.0002967 0.00029694 0.00029655 0.00029618 0.00029613 0.0002963 0.00029625 0.00029651 0.00029642 0.00029614 0.00029576 0.0002958 0.00029612 0.00029615 0.00029563 0.00029554 0.00029543 0.00029529 0.00029522 0.00029517 0.00029534 0.00029517 0.00029521 0.00029527 0.00029536 0.00029541 0.00029557 0.00029544 0.00029612 0.00029526 0.00029537 0.00029552 0.00029571 0.00029626 0.00029658 0.00029577 0.00029572 0.00029602 0.00029602 0.00029637 0.00029591 0.00029531 0.00029532 0.00029532 0.00029529 0.0002953 0.00029548 0.00029586 0.00029592 0.00029594 0.00029602 0.00029612 0.00029598 0.00029624 0.00029624 0.0002963 0.00029608 0.00029577 0.00029542 0.00029573 0.00029543 0.00029591 0.0002957 0.00029523 0.00029527 0.0002954 0.00029668 0.00029614 0.00029656 0.00029603 0.0002971 0.0002971 0.00029766 0.00029761 0.00029776 0.00029733 0.00029709 0.00029723 0.00029731 0.00029716 0.00029761 0.00029794 0.00029786 0.00029793 0.00029806 0.00029758 0.00029783 0.00029828 0.00029747
0.00029401 0.00029395 0.000294 0.00029413 0.00029414 0.00029374 0.00029372 0.00029355 0.00029352 0.00029354 0.00029354 0.00029349 0.00029349 0.00029348 0.00029347 0.00029345 0.00029343 0.00029339 0.00029341 0.0002934 0.00029336 0.00029339 0.00029346 0.00029341 0.00029339 0.00029343 0.00029336 0.00029326 0.0002932 0.00029313 0.00029309 0.00029305 0.00029302 0.00029299 0.00029296 0.00029294 0.00029292 0.0002929 0.00029289 0.00029287 0.00029287 0.00029287 0.00029284 0.00029284 0.00029284 0.00029283 0.00029283 0.00029283 0.00029284 0.00029285 0.00029289 0.00029292 0.00029298 0.00029304 0.0002931 0.00029319 0.00029324 0.00029327 0.00029333 0.00029333 0.0002933 0.00029337 0.00029339 0.00029342 0.00029345 0.0002935 0.00029354 0.00029357 0.00029356 0.00029359 0.00029361 0.00029362 0.00029367 0.00029373 0.00029377 0.00029381 0.00029386 0.00029389 0.00029398 0.00029403 0.00029398 0.00029396 0.00029397 0.00029403 0.00029396 0.00029405 0.00029406 0.00029401 0.00029403 0.00029402 0.00029402 0.00029411 0.00029423 0.00029418 0.00029408 0.00029397 0.00029391 0.000294 0.00029427 0.00029434 0.00029419 0.00029396 0.00029395 0.00029391 0.00029386 0.00029381 0.00029378 0.00029373 0.00029368 0.00029363 0.00029363 0.0002936 0.00029357 0.00029354 0.00029352 0.00029348 0.00029347 0.00029345 0.00029342 0.00029342 0.00029342 0.00029343 0.00029341 0.00029343 0.00029347 0.00029344 0.00029342 0.00029339 0.00029334 0.00029332 0.00029331 0.00029329 0.00029327 0.00029325 0.0002932 0.00029316 0.00029311 0.00029305 0.00029302 0.00029299 0.00029298 0.00029296 0.00029295 0.00029296 0.00029296 0.00029294 0.00029295 0.00029298 0.00029298 0.00029301 0.00029304 0.00029309 0.00029312 0.00029317 0.00029325 0.0002933 0.00029336 0.00029344 0.00029337 0.0002933 0.0002933 0.00029333 0.00029336 0.00029336 0.00029332 0.00029336 0.00029337 0.00029339 0.00029343 0.00029345 0.00029353 0.00029357 0.00029361 0.00029366 0.0002937 0.00029375 0.00029381 0.00029385 0.00029387 0.00029394
