4.3909e-05 4.3961e-05 4.4017e-05 4.4034e-05 4.4034e-05 4.4024e-05 4.4019e-05 4.4036e-05 4.4074e-05 4.4117e-05 4.4283e-05 4.4344e-05 4.4313e-05 4.4377e-05 4.46e-05 4.4716e-05 4.4766e-05 4.4844e-05 4.4865e-05 4.4737e-05 4.4666e-05 4.4834e-05 4.4855e-05 4.4806e-05 4.4742e-05 4.4715e-05 4.4647e-05 4.4664e-05 4.4763e-05 4.4725e-05 4.4828e-05 4.4955e-05 4.4889e-05 4.481e-05 4.4927e-05 4.4841e-05 4.4742e-05 4.4671e-05 4.4575e-05 4.4505e-05 4.445e-05 4.4368e-05 4.4302e-05 4.4276e-05 4.4254e-05 4.4256e-05 4.4247e-05 4.4257e-05 4.4248e-05 4.4231e-05 4.4205e-05 4.42e-05 4.4168e-05 4.4157e-05 4.4156e-05 4.4154e-05 4.4074e-05 4.4046e-05 4.4022e-05 4.4025e-05 4.4006e-05 4.3986e-05 4.3985e-05 4.3948e-05 4.3966e-05 4.3999e-05 4.401e-05 4.3878e-05 4.3822e-05 4.3836e-05 4.3777e-05 4.3768e-05 4.3766e-05 4.3771e-05 4.3729e-05 4.3701e-05 4.3688e-05 4.3678e-05 4.3662e-05 4.3668e-05 4.3652e-05 4.3675e-05 4.3679e-05 4.3663e-05 4.3683e-05 4.3692e-05 4.3687e-05 4.368e-05 4.3675e-05 4.3682e-05 4.3696e-05 4.3727e-05 4.3739e-05 4.3744e-05 4.3748e-05 4.3758e-05 4.375e-05 4.3762e-05 4.3772e-05 4.3771e-05 4.3748e-05 4.3745e-05 4.3734e-05 4.373e-05 4.3745e-05 4.3751e-05 4.3758e-05 4.3769e-05 4.3777e-05 4.3782e-05 4.3792e-05 4.3774e-05 4.3742e-05 4.3765e-05 4.3815e-05 4.3849e-05 4.3836e-05 4.3833e-05 4.3843e-05 4.3864e-05 4.3883e-05 4.3894e-05 4.3905e-05 4.3931e-05 4.3967e-05 4.4001e-05 4.4002e-05 4.403e-05 4.4058e-05 4.4075e-05 4.4091e-05 4.4101e-05 4.4114e-05 4.4128e-05 4.4137e-05 4.4164e-05 4.4169e-05 4.4168e-05 4.4165e-05 4.4174e-05 4.4123e-05 4.4132e-05 4.4108e-05 4.4071e-05 4.409e-05 4.4087e-05 4.4077e-05 4.4047e-05 4.401e-05 4.3979e-05 4.3973e-05 4.3958e-05 4.3956e-05 4.3913e-05 4.3887e-05 4.3872e-05 4.3859e-05 4.3841e-05 4.3835e-05 4.3844e-05 4.3837e-05 4.3829e-05 4.3821e-05 4.3799e-05 4.3794e-05 4.3785e-05 4.3794e-05 4.3804e-05 4.3813e-05 4.3822e-05 4.3838e-05 4.3856e-05 4.386e-05 4.3867e-05 4.3871e-05 4.3886e-05 4.3894e-05 4.3898e-05 4.3899e-05 4.391e-05
4.5944e-05 4.6035e-05 4.6077e-05 4.6215e-05 4.6183e-05 4.6247e-05 4.6142e-05 4.6128e-05 4.6101e-05 4.6007e-05 4.6002e-05 4.5991e-05 4.5883e-05 4.5758e-05 4.57e-05 4.5683e-05 4.5705e-05 4.5716e-05 4.571e-05 4.5664e-05 4.5659e-05 4.5711e-05 4.5851e-05 4.5893e-05 4.5866e-05 4.5807e-05 4.581e-05 4.57e-05 4.5783e-05 4.5611e-05 4.5871e-05 4.5892e-05 4.5724e-05 4.5707e-05 4.57e-05 4.5704e-05 4.5672e-05 4.563e-05 4.5654e-05 4.5635e-05 4.5581e-05 4.5633e-05 4.5592e-05 4.5566e-05 4.553e-05 4.5509e-05 4.5503e-05 4.5434e-05 4.5385e-05 4.5326e-05 4.5173e-05 4.5341e-05 4.5136e-05 4.4846e-05 4.4878e-05 4.4812e-05 4.4685e-05 4.4549e-05 4.4482e-05 4.4454e-05 4.4636e-05 4.411e-05 4.4191e-05 4.3922e-05 4.3847e-05 4.3827e-05 4.3765e-05 4.3726e-05 4.37e-05 4.3675e-05 4.362e-05 4.3583e-05 4.3648e-05 4.3628e-05 4.3356e-05 4.3302e-05 4.3228e-05 4.3136e-05 4.3104e-05 4.327e-05 4.2971e-05 4.2791e-05 4.2778e-05 4.2689e-05 4.2662e-05 4.2668e-05 4.2693e-05 4.272e-05 4.2753e-05 4.2778e-05 4.2814e-05 4.2823e-05 4.2837e-05 4.2835e-05 4.2842e-05 4.3248e-05 4.3148e-05 4.333e-05 4.3192e-05 4.3403e-05 4.3399e-05 4.3402e-05 4.3491e-05 4.3504e-05 4.3545e-05 4.3635e-05 4.37e-05 4.3864e-05 4.3959e-05 4.4018e-05 4.3863e-05 4.3852e-05 4.3891e-05 4.3917e-05 4.3939e-05 4.3934e-05 4.3988e-05 4.4027e-05 4.4103e-05 4.4107e-05 4.418e-05 4.4241e-05 4.4252e-05 4.4307e-05 4.4386e-05 4.4371e-05 4.4384e-05 4.4462e-05 4.4542e-05 4.452e-05 4.4595e-05 4.4607e-05 4.4626e-05 4.4692e-05 4.4833e-05 4.4977e-05 4.5075e-05 4.5234e-05 4.5156e-05 4.4962e-05 4.4806e-05 4.4761e-05 4.4732e-05 4.4701e-05 4.4654e-05 4.4662e-05 4.4603e-05 4.4327e-05 4.4291e-05 4.4273e-05 4.4273e-05 4.429e-05 4.4334e-05 4.4329e-05 4.4319e-05 4.4328e-05 4.4396e-05 4.4513e-05 4.4608e-05 4.46e-05 4.4684e-05 4.4757e-05 4.4853e-05 4.4889e-05 4.5018e-05 4.5118e-05 4.5231e-05 4.5288e-05 4.5449e-05 4.5498e-05 4.5695e-05 4.57e-05 4.5721e-05 4.5708e-05 4.5801e-05 4.5672e-05 4.5377e-05 4.5515e-05 4.5927e-05 4.6155e-05
4.529e-05 4.5308e-05 4.5338e-05 4.5348e-05 4.5359e-05 4.5354e-05 4.5374e-05 4.5422e-05 4.5423e-05 4.5416e-05 4.5416e-05 4.5421e-05 4.5442e-05 4.5522e-05 4.5452e-05 4.538e-05 4.5391e-05 4.5514e-05 4.5502e-05 4.5505e-05 4.5508e-05 4.5523e-05 4.5555e-05 4.5566e-05 4.5549e-05 4.5551e-05 4.5594e-05 4.5705e-05 4.5773e-05 4.5925e-05 4.6284e-05 4.6315e-05 4.6292e-05 4.6291e-05 4.6335e-05 4.6171e-05 4.6391e-05 4.6274e-05 4.6213e-05 4.6145e-05 4.6382e-05 4.6664e-05 4.6613e-05 4.6631e-05 4.6409e-05 4.637e-05 4.626e-05 4.6151e-05 4.6056e-05 4.5956e-05 4.5988e-05 4.586e-05 4.584e-05 4.5804e-05 4.607e-05 4.6157e-05 4.5861e-05 4.5669e-05 4.572e-05 4.6111e-05 4.5928e-05 4.496e-05 4.4827e-05 4.4876e-05 4.5014e-05 4.5112e-05 4.4938e-05 4.5034e-05 4.5007e-05 4.4567e-05 4.4722e-05 4.46e-05 4.4282e-05 4.4193e-05 4.4247e-05 4.3978e-05 4.4316e-05 4.4597e-05 4.4898e-05 4.4532e-05 4.4362e-05 4.4285e-05 4.4359e-05 4.4377e-05 4.4497e-05 4.4344e-05 4.4272e-05 4.4123e-05 4.4111e-05 4.423e-05 4.4088e-05 4.4103e-05 4.4213e-05 4.4179e-05 4.4173e-05 4.4188e-05 4.4208e-05 4.4259e-05 4.4299e-05 4.4406e-05 4.4372e-05 4.4499e-05 4.4815e-05 4.5132e-05 4.5046e-05 4.4996e-05 4.4968e-05 4.4985e-05 4.4945e-05 4.5011e-05 4.5112e-05 4.5175e-05 4.5225e-05 4.53e-05 4.5057e-05 4.5124e-05 4.5249e-05 4.5276e-05 4.5196e-05 4.5102e-05 4.5089e-05 4.5129e-05 4.5169e-05 4.5273e-05 4.5389e-05 4.5481e-05 4.5484e-05 4.5412e-05 4.5414e-05 4.5353e-05 4.5303e-05 4.5267e-05 4.5222e-05 4.5235e-05 4.5266e-05 4.5375e-05 4.5972e-05 4.7102e-05 4.7442e-05 4.7228e-05 4.6622e-05 4.6332e-05 4.6215e-05 4.6253e-05 4.5773e-05 4.5524e-05 4.5413e-05 4.5288e-05 4.5346e-05 4.5418e-05 4.5291e-05 4.5322e-05 4.538e-05 4.5537e-05 4.5716e-05 4.5775e-05 4.5805e-05 4.5827e-05 4.5788e-05 4.5786e-05 4.5771e-05 4.56e-05 4.5446e-05 4.5367e-05 4.5334e-05 4.5438e-05 4.5516e-05 4.5603e-05 4.5748e-05 4.5947e-05 4.5682e-05 4.5744e-05 4.5704e-05 4.5651e-05 4.5572e-05 4.5521e-05 4.5473e-05 4.5458e-05 4.5336e-05 4.5288e-05
4.5409e-05 4.5435e-05 4.5457e-05 4.5477e-05 4.5484e-05 4.5489e-05 4.5506e-05 4.5524e-05 4.5547e-05 4.5568e-05 4.5592e-05 4.5622e-05 4.5655e-05 4.5679e-05 4.5667e-05 4.5675e-05 4.5696e-05 4.5735e-05 4.5772e-05 4.5799e-05 4.5829e-05 4.5866e-05 4.5903e-05 4.5945e-05 4.5995e-05 4.6056e-05 4.6105e-05 4.6169e-05 4.628e-05 4.6409e-05 4.6336e-05 4.6172e-05 4.6145e-05 4.6081e-05 4.6197e-05 4.6315e-05 4.63e-05 4.6256e-05 4.6322e-05 4.6382e-05 4.6122e-05 4.6125e-05 4.6146e-05 4.6156e-05 4.6181e-05 4.6212e-05 4.6182e-05 4.6709e-05 4.6812e-05 4.6882e-05 4.6789e-05 4.6801e-05 4.6721e-05 4.6721e-05 4.6746e-05 4.6703e-05 4.6644e-05 4.6931e-05 4.7012e-05 4.701e-05 4.6539e-05 4.6879e-05 4.6785e-05 4.6665e-05 4.7002e-05 4.6704e-05 4.6721e-05 4.6691e-05 4.709e-05 4.6747e-05 4.7044e-05 4.7271e-05 4.7427e-05 4.7436e-05 4.7291e-05 4.7145e-05 4.7178e-05 4.7163e-05 4.7155e-05 4.7253e-05 4.7229e-05 4.7194e-05 4.7043e-05 4.7077e-05 4.7099e-05 4.7017e-05 4.6952e-05 4.6932e-05 4.6984e-05 4.6968e-05 4.669e-05 4.6673e-05 4.6773e-05 4.7151e-05 4.6695e-05 4.661e-05 4.6505e-05 4.6454e-05 4.6483e-05 4.6337e-05 4.6558e-05 4.6004e-05 4.6177e-05 4.5895e-05 4.6325e-05 4.6578e-05 4.6637e-05 4.6388e-05 4.6266e-05 4.6298e-05 4.6349e-05 4.649e-05 4.6746e-05 4.683e-05 4.6916e-05 4.6906e-05 4.6472e-05 4.6491e-05 4.642e-05 4.6408e-05 4.6332e-05 4.6333e-05 4.5987e-05 4.5901e-05 4.5972e-05 4.6037e-05 4.6034e-05 4.5883e-05 4.5875e-05 4.6031e-05 4.5956e-05 4.5968e-05 4.6146e-05 4.6163e-05 4.6374e-05 4.6961e-05 4.7638e-05 4.7574e-05 4.7593e-05 4.7576e-05 4.759e-05 4.6509e-05 4.6393e-05 4.6451e-05 4.6415e-05 4.6551e-05 4.651e-05 4.6429e-05 4.6402e-05 4.6398e-05 4.6339e-05 4.6216e-05 4.6103e-05 4.6047e-05 4.5996e-05 4.584e-05 4.5771e-05 4.5819e-05 4.6145e-05 4.6519e-05 4.6998e-05 4.726e-05 4.6905e-05 4.6343e-05 4.5519e-05 4.5522e-05 4.5199e-05 4.5121e-05 4.5095e-05 4.508e-05 4.5195e-05 4.5428e-05 4.5989e-05 4.5979e-05 4.5668e-05 4.5445e-05 4.5354e-05 4.5321e-05 4.5345e-05 4.538e-05
4.5756e-05 4.5832e-05 4.5835e-05 4.5991e-05 4.572e-05 4.5797e-05 4.5845e-05 4.5897e-05 4.5953e-05 4.6015e-05 4.6078e-05 4.6156e-05 4.6329e-05 4.6369e-05 4.6146e-05 4.6132e-05 4.6167e-05 4.6217e-05 4.628e-05 4.6336e-05 4.6388e-05 4.6435e-05 4.6454e-05 4.6496e-05 4.6534e-05 4.6587e-05 4.6656e-05 4.6688e-05 4.6713e-05 4.6747e-05 4.6791e-05 4.6947e-05 4.6912e-05 4.6938e-05 4.7047e-05 4.7002e-05 4.679e-05 4.6831e-05 4.6804e-05 4.6828e-05 4.7007e-05 4.6858e-05 4.6542e-05 4.66e-05 4.6432e-05 4.6287e-05 4.6356e-05 4.6532e-05 4.6587e-05 4.6468e-05 4.6624e-05 4.6522e-05 4.6753e-05 4.7535e-05 4.7312e-05 4.7472e-05 4.7663e-05 4.726e-05 4.7633e-05 4.7552e-05 4.7274e-05 4.7379e-05 4.7438e-05 4.7407e-05 4.7407e-05 4.7362e-05 4.7409e-05 4.7417e-05 4.7347e-05 4.7266e-05 4.7362e-05 4.7213e-05 4.7041e-05 4.7065e-05 4.7089e-05 4.7107e-05 4.7051e-05 4.7053e-05 4.7027e-05 4.7058e-05 4.7469e-05 4.697e-05 4.6804e-05 4.6755e-05 4.6729e-05 4.6752e-05 4.6737e-05 4.6749e-05 4.6721e-05 4.6712e-05 4.6696e-05 4.672e-05 4.6612e-05 4.6425e-05 4.6219e-05 4.5906e-05 4.5223e-05 4.448e-05 4.5358e-05 4.5509e-05 4.6004e-05 4.6358e-05 4.63e-05 4.6425e-05 4.6735e-05 4.6938e-05 4.7073e-05 4.7291e-05 4.7258e-05 4.715e-05 4.694e-05 4.7233e-05 4.7334e-05 4.7445e-05 4.7435e-05 4.7503e-05 4.7528e-05 4.7595e-05 4.7576e-05 4.7572e-05 4.7554e-05 4.7589e-05 4.754e-05 4.748e-05 4.7468e-05 4.7527e-05 4.7142e-05 4.7176e-05 4.7245e-05 4.7313e-05 4.7368e-05 4.7561e-05 4.7607e-05 4.7678e-05 4.7706e-05 4.7689e-05 4.7666e-05 4.7135e-05 4.6271e-05 4.6055e-05 4.6005e-05 4.5963e-05 4.5945e-05 4.6139e-05 4.6234e-05 4.6255e-05 4.6189e-05 4.6353e-05 4.6453e-05 4.6545e-05 4.6681e-05 4.6772e-05 4.689e-05 4.6658e-05 4.6775e-05 4.6999e-05 4.7141e-05 4.6828e-05 4.6677e-05 4.6724e-05 4.7211e-05 4.705e-05 4.6727e-05 4.6718e-05 4.6864e-05 4.6824e-05 4.7208e-05 4.6594e-05 4.5793e-05 4.5433e-05 4.5439e-05 4.5605e-05 4.5783e-05 4.606e-05 4.6397e-05 4.5672e-05 4.5802e-05 4.5803e-05 4.5593e-05 4.5659e-05
4.6117e-05 4.617e-05 4.6181e-05 4.6299e-05 4.628e-05 4.6238e-05 4.6241e-05 4.6283e-05 4.6303e-05 4.6505e-05 4.6366e-05 4.6458e-05 4.6517e-05 4.6545e-05 4.663e-05 4.6752e-05 4.6638e-05 4.6864e-05 4.6558e-05 4.683e-05 4.6711e-05 4.6747e-05 4.672e-05 4.7179e-05 4.7544e-05 4.6601e-05 4.7046e-05 4.7489e-05 4.7295e-05 4.7382e-05 4.7323e-05 4.7326e-05 4.7302e-05 4.7318e-05 4.736e-05 4.738e-05 4.7382e-05 4.7369e-05 4.7283e-05 4.7249e-05 4.7257e-05 4.7047e-05 4.7575e-05 4.7653e-05 4.6812e-05 4.6991e-05 4.6977e-05 4.6846e-05 4.6799e-05 4.712e-05 4.7367e-05 4.7021e-05 4.7649e-05 4.7478e-05 4.7533e-05 4.7687e-05 4.7844e-05 4.6824e-05 4.7427e-05 4.6965e-05 4.7596e-05 4.7404e-05 4.682e-05 4.7245e-05 4.7255e-05 4.7519e-05 4.7547e-05 4.7492e-05 4.747e-05 4.7438e-05 4.74e-05 4.7421e-05 4.7403e-05 4.7412e-05 4.7388e-05 4.7358e-05 4.7381e-05 4.7419e-05 4.7385e-05 4.7195e-05 4.7283e-05 4.7428e-05 4.7182e-05 4.7147e-05 4.717e-05 4.7366e-05 4.705e-05 4.7219e-05 4.7065e-05 4.7095e-05 4.7147e-05 4.7034e-05 4.6976e-05 4.669e-05 4.5863e-05 4.5866e-05 4.5425e-05 4.5929e-05 4.6489e-05 4.6787e-05 4.6707e-05 4.6969e-05 4.7014e-05 4.7083e-05 4.7154e-05 4.7352e-05 4.7192e-05 4.7302e-05 4.7072e-05 4.7323e-05 4.6918e-05 4.72e-05 4.7043e-05 4.7044e-05 4.67e-05 4.6597e-05 4.7301e-05 4.745e-05 4.7659e-05 4.7695e-05 4.7731e-05 4.7722e-05 4.7738e-05 4.7726e-05 4.7756e-05 4.7734e-05 4.7706e-05 4.774e-05 4.7726e-05 4.7754e-05 4.7712e-05 4.7699e-05 4.7756e-05 4.7742e-05 4.7745e-05 4.7747e-05 4.779e-05 4.78e-05 4.7756e-05 4.7756e-05 4.7754e-05 4.7781e-05 4.7556e-05 4.7218e-05 4.7398e-05 4.6889e-05 4.6377e-05 4.6384e-05 4.639e-05 4.6283e-05 4.6348e-05 4.646e-05 4.6885e-05 4.7833e-05 4.7729e-05 4.6955e-05 4.676e-05 4.7277e-05 4.6129e-05 4.6167e-05 4.6802e-05 4.6245e-05 4.594e-05 4.5799e-05 4.5726e-05 4.5848e-05 4.5703e-05 4.6141e-05 4.5879e-05 4.5838e-05 4.5852e-05 4.5919e-05 4.6065e-05 4.5753e-05 4.5663e-05 4.5795e-05 4.5907e-05 4.6019e-05 4.6023e-05 4.6041e-05
4.6918e-05 4.6657e-05 4.6574e-05 4.6545e-05 4.6456e-05 4.6732e-05 4.669e-05 4.7022e-05 4.6977e-05 4.7012e-05 4.6983e-05 4.7e-05 4.7307e-05 4.7143e-05 4.7095e-05 4.7141e-05 4.7227e-05 4.7217e-05 4.7327e-05 4.7217e-05 4.7163e-05 4.7208e-05 4.7162e-05 4.7263e-05 4.7198e-05 4.7311e-05 4.7477e-05 4.7537e-05 4.7414e-05 4.7498e-05 4.7474e-05 4.7496e-05 4.75e-05 4.7497e-05 4.7494e-05 4.7506e-05 4.7476e-05 4.7495e-05 4.7479e-05 4.748e-05 4.7467e-05 4.7486e-05 4.7425e-05 4.7307e-05 4.7251e-05 4.7058e-05 4.6564e-05 4.724e-05 4.6465e-05 4.6733e-05 4.7459e-05 4.7276e-05 4.7132e-05 4.6629e-05 4.6767e-05 4.6976e-05 4.7146e-05 4.7126e-05 4.7236e-05 4.7194e-05 4.7439e-05 4.7581e-05 4.7449e-05 4.7496e-05 4.7635e-05 4.7653e-05 4.7633e-05 4.7659e-05 4.7659e-05 4.7631e-05 4.7604e-05 4.7591e-05 4.7549e-05 4.756e-05 4.7531e-05 4.7527e-05 4.7505e-05 4.7424e-05 4.7247e-05 4.7268e-05 4.7205e-05 4.7076e-05 4.702e-05 4.6875e-05 4.7099e-05 4.727e-05 4.7145e-05 4.7175e-05 4.6993e-05 4.7104e-05 4.7119e-05 4.7066e-05 4.6735e-05 4.6579e-05 4.6449e-05 4.6272e-05 4.5775e-05 4.5357e-05 4.6538e-05 4.7581e-05 4.7815e-05 4.7902e-05 4.791e-05 4.7014e-05 4.7252e-05 4.7132e-05 4.7162e-05 4.7322e-05 4.7087e-05 4.7371e-05 4.7139e-05 4.7105e-05 4.7042e-05 4.7437e-05 4.77e-05 4.7565e-05 4.7097e-05 4.6969e-05 4.6561e-05 4.6324e-05 4.6218e-05 4.5818e-05 4.5671e-05 4.6251e-05 4.6936e-05 4.7337e-05 4.7559e-05 4.7543e-05 4.7466e-05 4.7298e-05 4.6773e-05 4.7426e-05 4.7584e-05 4.6898e-05 4.7403e-05 4.757e-05 4.7771e-05 4.7709e-05 4.7541e-05 4.7469e-05 4.7163e-05 4.7179e-05 4.6996e-05 4.7424e-05 4.7813e-05 4.7785e-05 4.7681e-05 4.7594e-05 4.7049e-05 4.707e-05 4.712e-05 4.6358e-05 4.7037e-05 4.7307e-05 4.7312e-05 4.6534e-05 4.6163e-05 4.6259e-05 4.6033e-05 4.6081e-05 4.6186e-05 4.6017e-05 4.6009e-05 4.6277e-05 4.6147e-05 4.6097e-05 4.6234e-05 4.6345e-05 4.6395e-05 4.6373e-05 4.6272e-05 4.6372e-05 4.6595e-05 4.6266e-05 4.629e-05 4.6355e-05 4.6561e-05 4.6721e-05 4.6815e-05 4.6631e-05
4.711e-05 4.7199e-05 4.6993e-05 4.7118e-05 4.6965e-05 4.6947e-05 4.7057e-05 4.7652e-05 4.7247e-05 4.7176e-05 4.7843e-05 4.7971e-05 4.7353e-05 4.7454e-05 4.7465e-05 4.7552e-05 4.7386e-05 4.7478e-05 4.7479e-05 4.7338e-05 4.7341e-05 4.753e-05 4.7529e-05 4.7642e-05 4.7537e-05 4.7591e-05 4.7624e-05 4.7641e-05 4.7622e-05 4.76e-05 4.7602e-05 4.7588e-05 4.7615e-05 4.7589e-05 4.7262e-05 4.754e-05 4.7545e-05 4.7531e-05 4.751e-05 4.7506e-05 4.7463e-05 4.7423e-05 4.743e-05 4.7436e-05 4.7469e-05 4.7511e-05 4.7448e-05 4.7378e-05 4.722e-05 4.712e-05 4.7229e-05 4.6747e-05 4.6603e-05 4.6952e-05 4.7408e-05 4.7472e-05 4.7415e-05 4.7659e-05 4.7754e-05 4.7772e-05 4.7791e-05 4.778e-05 4.775e-05 4.7718e-05 4.7698e-05 4.7693e-05 4.767e-05 4.7522e-05 4.7662e-05 4.7586e-05 4.7471e-05 4.7351e-05 4.7322e-05 4.718e-05 4.7129e-05 4.7195e-05 4.7113e-05 4.7269e-05 4.7118e-05 4.7139e-05 4.7199e-05 4.7242e-05 4.7324e-05 4.7152e-05 4.7434e-05 4.7235e-05 4.7231e-05 4.7363e-05 4.7217e-05 4.7217e-05 4.7135e-05 4.6864e-05 4.6743e-05 4.7028e-05 4.7156e-05 4.7175e-05 4.718e-05 4.7187e-05 4.7246e-05 4.7133e-05 4.6985e-05 4.7082e-05 4.7087e-05 4.7039e-05 4.7298e-05 4.7344e-05 4.7349e-05 4.7222e-05 4.719e-05 4.7091e-05 4.7014e-05 4.6862e-05 4.6432e-05 4.669e-05 4.6783e-05 4.6267e-05 4.665e-05 4.6509e-05 4.6288e-05 4.645e-05 4.6205e-05 4.6136e-05 4.6838e-05 4.7138e-05 4.699e-05 4.7075e-05 4.7826e-05 4.66e-05 4.678e-05 4.679e-05 4.6904e-05 4.7359e-05 4.7262e-05 4.7135e-05 4.7078e-05 4.691e-05 4.7192e-05 4.626e-05 4.5895e-05 4.5474e-05 4.5399e-05 4.603e-05 4.789e-05 4.7812e-05 4.787e-05 4.6969e-05 4.7532e-05 4.7047e-05 4.7641e-05 4.7828e-05 4.7742e-05 4.7693e-05 4.7641e-05 4.7658e-05 4.7736e-05 4.6836e-05 4.5808e-05 4.5767e-05 4.5751e-05 4.5765e-05 4.574e-05 4.5904e-05 4.6567e-05 4.6457e-05 4.6649e-05 4.6036e-05 4.611e-05 4.6299e-05 4.6379e-05 4.6371e-05 4.6446e-05 4.6453e-05 4.6488e-05 4.6722e-05 4.6734e-05 4.681e-05 4.6934e-05 4.6889e-05 4.6941e-05 4.6993e-05
4.7893e-05 4.7092e-05 4.7611e-05 4.7604e-05 4.7516e-05 4.7273e-05 4.7811e-05 4.7606e-05 4.7623e-05 4.761e-05 4.7273e-05 4.6972e-05 4.7847e-05 4.7231e-05 4.747e-05 4.7605e-05 4.7573e-05 4.7568e-05 4.752e-05 4.7427e-05 4.7304e-05 4.7012e-05 4.7794e-05 4.6832e-05 4.7054e-05 4.7721e-05 4.7542e-05 4.7525e-05 4.7545e-05 4.7585e-05 4.7601e-05 4.7598e-05 4.767e-05 4.7403e-05 4.7365e-05 4.708e-05 4.7269e-05 4.7556e-05 4.7469e-05 4.7512e-05 4.7511e-05 4.7535e-05 4.7465e-05 4.7503e-05 4.753e-05 4.7527e-05 4.7534e-05 4.7343e-05 4.7776e-05 4.7996e-05 4.7998e-05 4.7962e-05 4.7976e-05 4.7382e-05 4.7738e-05 4.7738e-05 4.7834e-05 4.7858e-05 4.7868e-05 4.7878e-05 4.7881e-05 4.787e-05 4.7837e-05 4.7786e-05 4.7807e-05 4.7556e-05 4.7659e-05 4.7775e-05 4.7787e-05 4.7786e-05 4.7753e-05 4.7571e-05 4.741e-05 4.7514e-05 4.74e-05 4.7297e-05 4.7227e-05 4.7325e-05 4.7493e-05 4.7187e-05 4.7195e-05 4.7201e-05 4.7236e-05 4.7496e-05 4.7363e-05 4.7556e-05 4.7659e-05 4.763e-05 4.7544e-05 4.7582e-05 4.7299e-05 4.7267e-05 4.6953e-05 4.7285e-05 4.7263e-05 4.735e-05 4.7488e-05 4.7506e-05 4.7502e-05 4.7482e-05 4.7512e-05 4.7517e-05 4.7582e-05 4.7542e-05 4.7478e-05 4.7424e-05 4.7532e-05 4.7157e-05 4.7092e-05 4.6956e-05 4.6546e-05 4.6183e-05 4.6453e-05 4.6875e-05 4.7262e-05 4.7009e-05 4.7186e-05 4.7082e-05 4.7173e-05 4.6853e-05 4.6981e-05 4.6613e-05 4.6414e-05 4.6337e-05 4.6665e-05 4.663e-05 4.6947e-05 4.6971e-05 4.721e-05 4.718e-05 4.7142e-05 4.7242e-05 4.7279e-05 4.7356e-05 4.7435e-05 4.7449e-05 4.7435e-05 4.754e-05 4.7267e-05 4.6948e-05 4.7337e-05 4.6029e-05 4.6192e-05 4.6803e-05 4.6901e-05 4.6961e-05 4.7031e-05 4.7293e-05 4.7874e-05 4.7577e-05 4.738e-05 4.6673e-05 4.7387e-05 4.767e-05 4.7847e-05 4.791e-05 4.7578e-05 4.671e-05 4.5821e-05 4.6254e-05 4.6007e-05 4.6312e-05 4.68e-05 4.6917e-05 4.6213e-05 4.6502e-05 4.6928e-05 4.7054e-05 4.6923e-05 4.7259e-05 4.7825e-05 4.7669e-05 4.7383e-05 4.7269e-05 4.7284e-05 4.7236e-05 4.7376e-05 4.722e-05 4.7268e-05 4.7857e-05
4.7794e-05 4.7814e-05 4.7867e-05 4.7895e-05 4.7925e-05 4.7978e-05 4.8002e-05 4.7991e-05 4.7993e-05 4.7996e-05 4.7995e-05 4.7709e-05 4.7229e-05 4.6964e-05 4.636e-05 4.6377e-05 4.6997e-05 4.7138e-05 4.7896e-05 4.7329e-05 4.739e-05 4.7249e-05 4.7073e-05 4.7145e-05 4.7972e-05 4.7652e-05 4.7606e-05 4.7622e-05 4.754e-05 4.7377e-05 4.7444e-05 4.7369e-05 4.736e-05 4.751e-05 4.7447e-05 4.7416e-05 4.7356e-05 4.7592e-05 4.7475e-05 4.7492e-05 4.7586e-05 4.7467e-05 4.7573e-05 4.7502e-05 4.7539e-05 4.7564e-05 4.7352e-05 4.7195e-05 4.7248e-05 4.7911e-05 4.7991e-05 4.8005e-05 4.7919e-05 4.7186e-05 4.7811e-05 4.7882e-05 4.7904e-05 4.7927e-05 4.7898e-05 4.7907e-05 4.7935e-05 4.7781e-05 4.7703e-05 4.7775e-05 4.7839e-05 4.7873e-05 4.7916e-05 4.7802e-05 4.7809e-05 4.7159e-05 4.7395e-05 4.7546e-05 4.7431e-05 4.7559e-05 4.7325e-05 4.7505e-05 4.736e-05 4.6942e-05 4.6751e-05 4.6614e-05 4.6526e-05 4.7421e-05 4.7356e-05 4.7341e-05 4.7493e-05 4.7502e-05 4.7609e-05 4.7459e-05 4.7658e-05 4.7536e-05 4.7864e-05 4.7801e-05 4.752e-05 4.7586e-05 4.7577e-05 4.7453e-05 4.7393e-05 4.6871e-05 4.7379e-05 4.7588e-05 4.7693e-05 4.749e-05 4.7525e-05 4.7532e-05 4.7514e-05 4.755e-05 4.7274e-05 4.6492e-05 4.6769e-05 4.7067e-05 4.7101e-05 4.7196e-05 4.7206e-05 4.7353e-05 4.7372e-05 4.73e-05 4.7504e-05 4.7364e-05 4.7462e-05 4.7528e-05 4.7468e-05 4.7618e-05 4.7639e-05 4.749e-05 4.7693e-05 4.7341e-05 4.6805e-05 4.7e-05 4.7882e-05 4.7881e-05 4.7189e-05 4.7344e-05 4.7185e-05 4.6188e-05 4.6915e-05 4.7081e-05 4.7164e-05 4.6822e-05 4.6472e-05 4.6795e-05 4.7273e-05 4.6683e-05 4.7443e-05 4.7496e-05 4.7691e-05 4.7711e-05 4.7688e-05 4.7477e-05 4.7486e-05 4.7633e-05 4.7795e-05 4.7734e-05 4.7869e-05 4.7767e-05 4.8006e-05 4.7973e-05 4.7993e-05 4.7987e-05 4.7874e-05 4.7711e-05 4.7857e-05 4.775e-05 4.7615e-05 4.7822e-05 4.7908e-05 4.7877e-05 4.7875e-05 4.7785e-05 4.7697e-05 4.796e-05 4.7737e-05 4.7901e-05 4.7848e-05 4.7866e-05 4.7534e-05 4.7533e-05 4.7576e-05 4.765e-05 4.7376e-05 4.7805e-05
4.7365e-05 4.7415e-05 4.7666e-05 4.7819e-05 4.7547e-05 4.7925e-05 4.7979e-05 4.7991e-05 4.8008e-05 4.8006e-05 4.8002e-05 4.796e-05 4.7647e-05 4.7725e-05 4.7461e-05 4.7655e-05 4.6611e-05 4.6779e-05 4.7175e-05 4.7482e-05 4.7724e-05 4.7572e-05 4.7417e-05 4.7398e-05 4.7191e-05 4.7731e-05 4.7519e-05 4.7635e-05 4.7346e-05 4.7824e-05 4.7057e-05 4.7128e-05 4.7051e-05 4.7282e-05 4.7318e-05 4.7392e-05 4.7588e-05 4.7607e-05 4.7674e-05 4.7673e-05 4.7733e-05 4.7673e-05 4.7653e-05 4.7692e-05 4.7698e-05 4.8002e-05 4.7565e-05 4.7761e-05 4.7767e-05 4.7754e-05 4.7781e-05 4.7853e-05 4.7856e-05 4.7905e-05 4.7913e-05 4.7887e-05 4.7902e-05 4.7913e-05 4.7814e-05 4.7813e-05 4.7699e-05 4.7904e-05 4.7886e-05 4.7948e-05 4.7891e-05 4.7783e-05 4.7357e-05 4.738e-05 4.7423e-05 4.7417e-05 4.7375e-05 4.7507e-05 4.7464e-05 4.7606e-05 4.7679e-05 4.7808e-05 4.773e-05 4.7269e-05 4.6811e-05 4.7048e-05 4.7167e-05 4.7552e-05 4.759e-05 4.7217e-05 4.7182e-05 4.6989e-05 4.7052e-05 4.7011e-05 4.7239e-05 4.7459e-05 4.7479e-05 4.7572e-05 4.6921e-05 4.7598e-05 4.7652e-05 4.7597e-05 4.7692e-05 4.769e-05 4.7675e-05 4.771e-05 4.7673e-05 4.7649e-05 4.7694e-05 4.764e-05 4.7479e-05 4.7245e-05 4.6603e-05 4.7572e-05 4.7704e-05 4.7625e-05 4.749e-05 4.7344e-05 4.7428e-05 4.7335e-05 4.7447e-05 4.7055e-05 4.7018e-05 4.7477e-05 4.7741e-05 4.7854e-05 4.7935e-05 4.7875e-05 4.7893e-05 4.7926e-05 4.792e-05 4.7882e-05 4.7676e-05 4.7361e-05 4.7129e-05 4.7148e-05 4.7553e-05 4.7429e-05 4.7396e-05 4.745e-05 4.7949e-05 4.7312e-05 4.6079e-05 4.6431e-05 4.6599e-05 4.6667e-05 4.685e-05 4.6848e-05 4.6508e-05 4.6624e-05 4.709e-05 4.7464e-05 4.7556e-05 4.7364e-05 4.7728e-05 4.7766e-05 4.7765e-05 4.7813e-05 4.7494e-05 4.5986e-05 4.7756e-05 4.8007e-05 4.7996e-05 4.6577e-05 4.8007e-05 4.8005e-05 4.7997e-05 4.7935e-05 4.7905e-05 4.7868e-05 4.773e-05 4.7546e-05 4.7372e-05 4.7472e-05 4.6816e-05 4.6573e-05 4.7401e-05 4.7835e-05 4.7778e-05 4.7659e-05 4.7559e-05 4.7445e-05 4.7369e-05 4.7297e-05 4.7474e-05 4.7473e-05
4.8002e-05 4.7317e-05 4.7106e-05 4.7654e-05 4.7672e-05 4.774e-05 4.776e-05 4.8006e-05 4.7997e-05 4.8007e-05 4.8008e-05 4.8008e-05 4.7993e-05 4.7968e-05 4.7809e-05 4.7624e-05 4.74e-05 4.7037e-05 4.6965e-05 4.6716e-05 4.6703e-05 4.6469e-05 4.676e-05 4.6788e-05 4.7108e-05 4.708e-05 4.6981e-05 4.6912e-05 4.7411e-05 4.6685e-05 4.6694e-05 4.6784e-05 4.7315e-05 4.8008e-05 4.7139e-05 4.733e-05 4.7347e-05 4.7923e-05 4.7629e-05 4.765e-05 4.7714e-05 4.7707e-05 4.7683e-05 4.7694e-05 4.7703e-05 4.7734e-05 4.771e-05 4.7775e-05 4.7782e-05 4.775e-05 4.7772e-05 4.7826e-05 4.7846e-05 4.7848e-05 4.7809e-05 4.7887e-05 4.7947e-05 4.7898e-05 4.7927e-05 4.789e-05 4.7571e-05 4.7811e-05 4.7918e-05 4.7915e-05 4.7802e-05 4.7706e-05 4.7505e-05 4.7533e-05 4.793e-05 4.7437e-05 4.7548e-05 4.7583e-05 4.7619e-05 4.7744e-05 4.7832e-05 4.7598e-05 4.7338e-05 4.6879e-05 4.694e-05 4.6648e-05 4.693e-05 4.6949e-05 4.7312e-05 4.7213e-05 4.7469e-05 4.7386e-05 4.7477e-05 4.7491e-05 4.7482e-05 4.748e-05 4.7513e-05 4.7627e-05 4.7569e-05 4.7668e-05 4.7631e-05 4.7711e-05 4.7633e-05 4.76e-05 4.7626e-05 4.7479e-05 4.7512e-05 4.6914e-05 4.6732e-05 4.6774e-05 4.6461e-05 4.6954e-05 4.7889e-05 4.8008e-05 4.8006e-05 4.7902e-05 4.7841e-05 4.758e-05 4.7604e-05 4.7344e-05 4.7475e-05 4.7393e-05 4.7671e-05 4.778e-05 4.7906e-05 4.7922e-05 4.7912e-05 4.7907e-05 4.7932e-05 4.7928e-05 4.7898e-05 4.7977e-05 4.7974e-05 4.8e-05 4.8002e-05 4.7843e-05 4.7356e-05 4.6812e-05 4.7316e-05 4.7468e-05 4.6838e-05 4.667e-05 4.6558e-05 4.6196e-05 4.6711e-05 4.5986e-05 4.6234e-05 4.6612e-05 4.6637e-05 4.7449e-05 4.7177e-05 4.7127e-05 4.6713e-05 4.7007e-05 4.7376e-05 4.762e-05 4.7812e-05 4.7918e-05 4.7728e-05 4.7832e-05 4.7893e-05 4.791e-05 4.7922e-05 4.7944e-05 4.7769e-05 4.7864e-05 4.7832e-05 4.786e-05 4.775e-05 4.7611e-05 4.7776e-05 4.7744e-05 4.7746e-05 4.7738e-05 4.7702e-05 4.7402e-05 4.7822e-05 4.7679e-05 4.764e-05 4.7498e-05 4.7138e-05 4.763e-05 4.7091e-05 4.7066e-05 4.7121e-05 4.7498e-05
4.7395e-05 4.7084e-05 4.6811e-05 4.7188e-05 4.7226e-05 4.7828e-05 4.791e-05 4.8007e-05 4.799e-05 4.8e-05 4.7997e-05 4.8007e-05 4.8007e-05 4.8007e-05 4.8e-05 4.796e-05 4.7911e-05 4.7885e-05 4.7833e-05 4.764e-05 4.7271e-05 4.7165e-05 4.7226e-05 4.7043e-05 4.7341e-05 4.7274e-05 4.7006e-05 4.768e-05 4.7534e-05 4.7032e-05 4.6846e-05 4.7109e-05 4.6925e-05 4.7137e-05 4.7296e-05 4.7397e-05 4.7416e-05 4.7473e-05 4.7494e-05 4.7648e-05 4.7662e-05 4.7726e-05 4.7746e-05 4.775e-05 4.78e-05 4.7818e-05 4.7801e-05 4.7795e-05 4.7808e-05 4.7802e-05 4.774e-05 4.7683e-05 4.7637e-05 4.7722e-05 4.7805e-05 4.7872e-05 4.7872e-05 4.7877e-05 4.7816e-05 4.7212e-05 4.7979e-05 4.7946e-05 4.7989e-05 4.8007e-05 4.7808e-05 4.7966e-05 4.7998e-05 4.8004e-05 4.766e-05 4.7604e-05 4.7751e-05 4.7665e-05 4.7711e-05 4.779e-05 4.7896e-05 4.7838e-05 4.7533e-05 4.739e-05 4.7073e-05 4.6775e-05 4.6786e-05 4.7054e-05 4.7723e-05 4.732e-05 4.7458e-05 4.7488e-05 4.7481e-05 4.7422e-05 4.7222e-05 4.7518e-05 4.7521e-05 4.7546e-05 4.7508e-05 4.7631e-05 4.7504e-05 4.7657e-05 4.7811e-05 4.7709e-05 4.7528e-05 4.7582e-05 4.7397e-05 4.7424e-05 4.7323e-05 4.7236e-05 4.6909e-05 4.7179e-05 4.7052e-05 4.7275e-05 4.7369e-05 4.7278e-05 4.7248e-05 4.7149e-05 4.7243e-05 4.7704e-05 4.7844e-05 4.8005e-05 4.8002e-05 4.7959e-05 4.7896e-05 4.7847e-05 4.7851e-05 4.7932e-05 4.7982e-05 4.7973e-05 4.7999e-05 4.799e-05 4.7982e-05 4.7993e-05 4.7992e-05 4.8006e-05 4.7549e-05 4.75e-05 4.746e-05 4.7366e-05 4.7993e-05 4.6951e-05 4.6903e-05 4.701e-05 4.7424e-05 4.6395e-05 4.6358e-05 4.6373e-05 4.6811e-05 4.6848e-05 4.6896e-05 4.6518e-05 4.6393e-05 4.7453e-05 4.7252e-05 4.6959e-05 4.7694e-05 4.7564e-05 4.7498e-05 4.7812e-05 4.7794e-05 4.6664e-05 4.7192e-05 4.7348e-05 4.7759e-05 4.7559e-05 4.7099e-05 4.7225e-05 4.7778e-05 4.7511e-05 4.7691e-05 4.783e-05 4.7747e-05 4.78e-05 4.7777e-05 4.7757e-05 4.7539e-05 4.7461e-05 4.7329e-05 4.681e-05 4.7594e-05 4.7741e-05 4.7447e-05 4.732e-05 4.7011e-05 4.692e-05
4.7376e-05 4.7354e-05 4.7684e-05 4.7137e-05 4.6906e-05 4.7298e-05 4.769e-05 4.7784e-05 4.7911e-05 4.7872e-05 4.7974e-05 4.7922e-05 4.8007e-05 4.7987e-05 4.7991e-05 4.7958e-05 4.7977e-05 4.7985e-05 4.7965e-05 4.7746e-05 4.7357e-05 4.7332e-05 4.7108e-05 4.7191e-05 4.7117e-05 4.7239e-05 4.7244e-05 4.7089e-05 4.7039e-05 4.7106e-05 4.7054e-05 4.718e-05 4.7376e-05 4.7388e-05 4.7361e-05 4.7174e-05 4.7018e-05 4.7316e-05 4.7614e-05 4.7415e-05 4.773e-05 4.7503e-05 4.7358e-05 4.7649e-05 4.7683e-05 4.768e-05 4.7525e-05 4.7736e-05 4.7687e-05 4.7682e-05 4.7522e-05 4.7597e-05 4.7859e-05 4.7989e-05 4.7883e-05 4.7362e-05 4.7699e-05 4.7965e-05 4.7914e-05 4.7932e-05 4.7907e-05 4.79e-05 4.7952e-05 4.8002e-05 4.797e-05 4.8008e-05 4.7771e-05 4.8004e-05 4.7674e-05 4.795e-05 4.7838e-05 4.7712e-05 4.7743e-05 4.7655e-05 4.7726e-05 4.7962e-05 4.7996e-05 4.7973e-05 4.7944e-05 4.7748e-05 4.7612e-05 4.731e-05 4.7392e-05 4.7369e-05 4.7383e-05 4.7428e-05 4.7522e-05 4.7521e-05 4.7527e-05 4.7492e-05 4.7478e-05 4.7492e-05 4.7574e-05 4.752e-05 4.7558e-05 4.742e-05 4.7529e-05 4.758e-05 4.7468e-05 4.7646e-05 4.7668e-05 4.7462e-05 4.7516e-05 4.7651e-05 4.7546e-05 4.736e-05 4.7192e-05 4.6992e-05 4.7027e-05 4.6838e-05 4.7293e-05 4.7395e-05 4.7655e-05 4.796e-05 4.8e-05 4.7988e-05 4.7979e-05 4.8008e-05 4.7981e-05 4.7958e-05 4.7943e-05 4.7929e-05 4.7952e-05 4.7967e-05 4.8006e-05 4.8007e-05 4.8003e-05 4.7998e-05 4.8002e-05 4.8005e-05 4.7967e-05 4.7673e-05 4.7591e-05 4.7762e-05 4.7473e-05 4.7089e-05 4.6838e-05 4.6985e-05 4.6849e-05 4.6161e-05 4.7643e-05 4.6637e-05 4.7165e-05 4.7084e-05 4.7054e-05 4.6785e-05 4.6632e-05 4.6456e-05 4.6207e-05 4.6678e-05 4.7082e-05 4.7449e-05 4.7236e-05 4.7284e-05 4.7552e-05 4.7785e-05 4.7919e-05 4.793e-05 4.7792e-05 4.7713e-05 4.7336e-05 4.7418e-05 4.7564e-05 4.754e-05 4.7465e-05 4.6684e-05 4.665e-05 4.6988e-05 4.7412e-05 4.7634e-05 4.7726e-05 4.777e-05 4.7652e-05 4.7816e-05 4.7794e-05 4.712e-05 4.7489e-05 4.7567e-05 4.7523e-05 4.7795e-05
4.788e-05 4.7296e-05 4.6836e-05 4.7352e-05 4.7599e-05 4.7739e-05 4.7726e-05 4.7222e-05 4.7329e-05 4.7508e-05 4.7126e-05 4.733e-05 4.7768e-05 4.7323e-05 4.7881e-05 4.7394e-05 4.7691e-05 4.7661e-05 4.7976e-05 4.7806e-05 4.7752e-05 4.7721e-05 4.7748e-05 4.7274e-05 4.7137e-05 4.6929e-05 4.7853e-05 4.752e-05 4.7111e-05 4.7182e-05 4.7553e-05 4.7769e-05 4.7789e-05 4.7722e-05 4.7745e-05 4.754e-05 4.719e-05 4.7352e-05 4.7284e-05 4.726e-05 4.7606e-05 4.7038e-05 4.7413e-05 4.7691e-05 4.7445e-05 4.6609e-05 4.7802e-05 4.7889e-05 4.7911e-05 4.7888e-05 4.7873e-05 4.7935e-05 4.7927e-05 4.7749e-05 4.7472e-05 4.799e-05 4.7991e-05 4.7924e-05 4.7993e-05 4.799e-05 4.7978e-05 4.7917e-05 4.7968e-05 4.7985e-05 4.8006e-05 4.7891e-05 4.7996e-05 4.7891e-05 4.7982e-05 4.7976e-05 4.8008e-05 4.7963e-05 4.745e-05 4.7956e-05 4.8002e-05 4.783e-05 4.7737e-05 4.7797e-05 4.7699e-05 4.7485e-05 4.6731e-05 4.6758e-05 4.7364e-05 4.7582e-05 4.7386e-05 4.7321e-05 4.7216e-05 4.7481e-05 4.7561e-05 4.7536e-05 4.7581e-05 4.7516e-05 4.753e-05 4.7655e-05 4.7584e-05 4.7631e-05 4.7597e-05 4.7466e-05 4.7566e-05 4.7649e-05 4.7708e-05 4.7602e-05 4.7545e-05 4.7538e-05 4.7083e-05 4.7552e-05 4.7484e-05 4.7507e-05 4.7526e-05 4.7621e-05 4.7709e-05 4.7763e-05 4.7831e-05 4.7928e-05 4.8e-05 4.8008e-05 4.7874e-05 4.7846e-05 4.7866e-05 4.7732e-05 4.7826e-05 4.8008e-05 4.7791e-05 4.7919e-05 4.7984e-05 4.8e-05 4.8005e-05 4.7994e-05 4.7994e-05 4.7998e-05 4.789e-05 4.7992e-05 4.6719e-05 4.8006e-05 4.7979e-05 4.789e-05 4.7044e-05 4.7192e-05 4.7171e-05 4.7539e-05 4.6817e-05 4.6728e-05 4.6633e-05 4.6733e-05 4.6798e-05 4.671e-05 4.6712e-05 4.6494e-05 4.6747e-05 4.6683e-05 4.6949e-05 4.6943e-05 4.6998e-05 4.7085e-05 4.7128e-05 4.7866e-05 4.8e-05 4.8008e-05 4.8007e-05 4.799e-05 4.7934e-05 4.7813e-05 4.7679e-05 4.7506e-05 4.7453e-05 4.7152e-05 4.68e-05 4.7059e-05 4.7114e-05 4.6221e-05 4.6937e-05 4.7549e-05 4.765e-05 4.7457e-05 4.6601e-05 4.6968e-05 4.7121e-05 4.7785e-05 4.7813e-05 4.7798e-05
4.7936e-05 4.7653e-05 4.7524e-05 4.7735e-05 4.7723e-05 4.7603e-05 4.6549e-05 4.7165e-05 4.7327e-05 4.7157e-05 4.7565e-05 4.7152e-05 4.7338e-05 4.6621e-05 4.748e-05 4.787e-05 4.7603e-05 4.7706e-05 4.7498e-05 4.7726e-05 4.7801e-05 4.7813e-05 4.7627e-05 4.752e-05 4.6829e-05 4.7194e-05 4.735e-05 4.7406e-05 4.7721e-05 4.7206e-05 4.7405e-05 4.7849e-05 4.7891e-05 4.772e-05 4.7902e-05 4.7736e-05 4.7358e-05 4.692e-05 4.6776e-05 4.6908e-05 4.7165e-05 4.7638e-05 4.784e-05 4.7828e-05 4.7789e-05 4.7569e-05 4.7883e-05 4.7946e-05 4.7995e-05 4.7993e-05 4.7995e-05 4.7996e-05 4.8002e-05 4.8004e-05 4.794e-05 4.785e-05 4.7914e-05 4.7829e-05 4.7967e-05 4.7997e-05 4.7909e-05 4.7751e-05 4.7933e-05 4.8006e-05 4.7887e-05 4.7862e-05 4.7951e-05 4.8005e-05 4.7981e-05 4.7422e-05 4.7647e-05 4.8008e-05 4.7798e-05 4.7922e-05 4.7998e-05 4.7863e-05 4.7883e-05 4.768e-05 4.7481e-05 4.7481e-05 4.6994e-05 4.7109e-05 4.737e-05 4.7177e-05 4.7221e-05 4.7561e-05 4.743e-05 4.7407e-05 4.7692e-05 4.6693e-05 4.7456e-05 4.7631e-05 4.7682e-05 4.7605e-05 4.7918e-05 4.7466e-05 4.7404e-05 4.7426e-05 4.799e-05 4.7383e-05 4.7312e-05 4.7633e-05 4.7521e-05 4.7546e-05 4.7607e-05 4.7648e-05 4.7633e-05 4.7587e-05 4.7576e-05 4.7802e-05 4.7857e-05 4.795e-05 4.7973e-05 4.7977e-05 4.7926e-05 4.7745e-05 4.7783e-05 4.7838e-05 4.7617e-05 4.7275e-05 4.7319e-05 4.7355e-05 4.7832e-05 4.799e-05 4.7978e-05 4.7932e-05 4.7887e-05 4.7933e-05 4.7878e-05 4.7731e-05 4.7923e-05 4.7941e-05 4.8007e-05 4.7995e-05 4.8007e-05 4.7935e-05 4.7668e-05 4.6681e-05 4.6186e-05 4.6475e-05 4.7968e-05 4.791e-05 4.6181e-05 4.6199e-05 4.7505e-05 4.6519e-05 4.6661e-05 4.6029e-05 4.6627e-05 4.7003e-05 4.6586e-05 4.668e-05 4.7137e-05 4.7648e-05 4.7823e-05 4.7925e-05 4.7985e-05 4.797e-05 4.7994e-05 4.7993e-05 4.7988e-05 4.7967e-05 4.7921e-05 4.784e-05 4.756e-05 4.7299e-05 4.7014e-05 4.6951e-05 4.7133e-05 4.6939e-05 4.7732e-05 4.6359e-05 4.7084e-05 4.7258e-05 4.7017e-05 4.7556e-05 4.7731e-05 4.76e-05 4.7789e-05 4.7873e-05
4.786e-05 4.7878e-05 4.7957e-05 4.8007e-05 4.7876e-05 4.6976e-05 4.7311e-05 4.7163e-05 4.679e-05 4.6846e-05 4.6942e-05 4.7997e-05 4.6901e-05 4.7024e-05 4.6684e-05 4.6757e-05 4.7345e-05 4.7709e-05 4.7363e-05 4.7245e-05 4.7981e-05 4.7296e-05 4.7329e-05 4.7317e-05 4.6666e-05 4.7242e-05 4.7453e-05 4.7438e-05 4.742e-05 4.6731e-05 4.625e-05 4.7855e-05 4.7718e-05 4.7775e-05 4.7756e-05 4.7633e-05 4.7742e-05 4.7228e-05 4.7056e-05 4.7113e-05 4.6927e-05 4.7438e-05 4.7612e-05 4.7709e-05 4.7766e-05 4.7581e-05 4.7229e-05 4.718e-05 4.7811e-05 4.7996e-05 4.8001e-05 4.8007e-05 4.7986e-05 4.7978e-05 4.7894e-05 4.7543e-05 4.7347e-05 4.7369e-05 4.718e-05 4.7079e-05 4.7646e-05 4.779e-05 4.7931e-05 4.7643e-05 4.7822e-05 4.761e-05 4.7734e-05 4.8003e-05 4.674e-05 4.666e-05 4.7372e-05 4.8003e-05 4.7628e-05 4.7953e-05 4.7767e-05 4.7995e-05 4.7894e-05 4.8003e-05 4.7982e-05 4.7847e-05 4.7831e-05 4.7912e-05 4.7449e-05 4.751e-05 4.7689e-05 4.7471e-05 4.7517e-05 4.7312e-05 4.7267e-05 4.7533e-05 4.7582e-05 4.7643e-05 4.7425e-05 4.7167e-05 4.7166e-05 4.7112e-05 4.7126e-05 4.7211e-05 4.7547e-05 4.7202e-05 4.6969e-05 4.7098e-05 4.7084e-05 4.7153e-05 4.7141e-05 4.7636e-05 4.7672e-05 4.779e-05 4.788e-05 4.7944e-05 4.7985e-05 4.8006e-05 4.8003e-05 4.798e-05 4.8005e-05 4.799e-05 4.8006e-05 4.8007e-05 4.8001e-05 4.7992e-05 4.7974e-05 4.8006e-05 4.7914e-05 4.7654e-05 4.737e-05 4.739e-05 4.7353e-05 4.7369e-05 4.7362e-05 4.7032e-05 4.7714e-05 4.783e-05 4.7948e-05 4.782e-05 4.7915e-05 4.7958e-05 4.7981e-05 4.7946e-05 4.6597e-05 4.7516e-05 4.799e-05 4.7984e-05 4.6742e-05 4.6902e-05 4.7368e-05 4.7218e-05 4.6874e-05 4.6666e-05 4.6648e-05 4.7005e-05 4.7405e-05 4.7542e-05 4.7636e-05 4.7438e-05 4.7806e-05 4.7615e-05 4.791e-05 4.7585e-05 4.6917e-05 4.7145e-05 4.7942e-05 4.7974e-05 4.795e-05 4.7806e-05 4.7512e-05 4.7267e-05 4.7049e-05 4.7047e-05 4.714e-05 4.7048e-05 4.6752e-05 4.6627e-05 4.7072e-05 4.7147e-05 4.7851e-05 4.712e-05 4.7133e-05 4.7238e-05 4.7481e-05 4.7837e-05
4.7904e-05 4.7918e-05 4.7965e-05 4.7989e-05 4.7698e-05 4.7657e-05 4.76e-05 4.7273e-05 4.7137e-05 4.7533e-05 4.7491e-05 4.7398e-05 4.7268e-05 4.7375e-05 4.7089e-05 4.7281e-05 4.7707e-05 4.7609e-05 4.7604e-05 4.7549e-05 4.7112e-05 4.6477e-05 4.6482e-05 4.7975e-05 4.6473e-05 4.7277e-05 4.7543e-05 4.7549e-05 4.7547e-05 4.733e-05 4.7118e-05 4.7785e-05 4.7765e-05 4.7679e-05 4.7825e-05 4.7543e-05 4.7333e-05 4.7136e-05 4.6737e-05 4.663e-05 4.6736e-05 4.6629e-05 4.6578e-05 4.6783e-05 4.7457e-05 4.721e-05 4.7059e-05 4.7386e-05 4.7788e-05 4.7926e-05 4.7997e-05 4.8001e-05 4.8003e-05 4.7833e-05 4.7689e-05 4.6783e-05 4.7123e-05 4.6712e-05 4.708e-05 4.799e-05 4.7616e-05 4.765e-05 4.7403e-05 4.7846e-05 4.7842e-05 4.68e-05 4.6818e-05 4.6939e-05 4.6801e-05 4.6813e-05 4.6816e-05 4.7081e-05 4.7857e-05 4.7885e-05 4.7814e-05 4.8008e-05 4.7878e-05 4.7976e-05 4.8007e-05 4.8006e-05 4.7846e-05 4.763e-05 4.7722e-05 4.7702e-05 4.7634e-05 4.7515e-05 4.7526e-05 4.7304e-05 4.7408e-05 4.7143e-05 4.7368e-05 4.7525e-05 4.7698e-05 4.7455e-05 4.7525e-05 4.7866e-05 4.7997e-05 4.7527e-05 4.7493e-05 4.7574e-05 4.7545e-05 4.748e-05 4.6965e-05 4.7149e-05 4.6975e-05 4.7223e-05 4.7784e-05 4.7848e-05 4.795e-05 4.8001e-05 4.8005e-05 4.7982e-05 4.7889e-05 4.7748e-05 4.7747e-05 4.756e-05 4.7403e-05 4.7228e-05 4.7151e-05 4.6838e-05 4.6737e-05 4.6782e-05 4.6833e-05 4.6912e-05 4.7052e-05 4.6822e-05 4.6738e-05 4.6736e-05 4.7042e-05 4.6873e-05 4.7249e-05 4.7417e-05 4.7616e-05 4.7871e-05 4.7735e-05 4.7818e-05 4.7693e-05 4.7994e-05 4.7957e-05 4.7792e-05 4.7666e-05 4.7519e-05 4.7579e-05 4.7598e-05 4.6674e-05 4.7007e-05 4.7122e-05 4.7146e-05 4.743e-05 4.7679e-05 4.7882e-05 4.7884e-05 4.7904e-05 4.799e-05 4.7629e-05 4.774e-05 4.7866e-05 4.6855e-05 4.7061e-05 4.7978e-05 4.7868e-05 4.7743e-05 4.761e-05 4.7638e-05 4.732e-05 4.7196e-05 4.7346e-05 4.7511e-05 4.77e-05 4.7528e-05 4.7504e-05 4.6965e-05 4.7627e-05 4.7308e-05 4.709e-05 4.7178e-05 4.7411e-05 4.7724e-05 4.7723e-05 4.787e-05
4.7935e-05 4.7722e-05 4.7776e-05 4.8008e-05 4.7992e-05 4.7193e-05 4.7784e-05 4.7858e-05 4.7851e-05 4.7727e-05 4.7824e-05 4.7437e-05 4.7278e-05 4.7568e-05 4.7563e-05 4.7557e-05 4.732e-05 4.764e-05 4.7539e-05 4.7613e-05 4.751e-05 4.6911e-05 4.659e-05 4.7597e-05 4.7231e-05 4.7476e-05 4.8008e-05 4.7446e-05 4.7598e-05 4.7454e-05 4.7713e-05 4.7616e-05 4.7615e-05 4.788e-05 4.7663e-05 4.7652e-05 4.7635e-05 4.6914e-05 4.6607e-05 4.657e-05 4.6452e-05 4.6604e-05 4.7096e-05 4.7287e-05 4.7456e-05 4.7567e-05 4.7687e-05 4.7654e-05 4.8005e-05 4.7707e-05 4.7405e-05 4.7474e-05 4.7699e-05 4.7523e-05 4.7647e-05 4.7936e-05 4.7852e-05 4.7307e-05 4.7207e-05 4.789e-05 4.7726e-05 4.7549e-05 4.7398e-05 4.7188e-05 4.7367e-05 4.7084e-05 4.6851e-05 4.6857e-05 4.6885e-05 4.6907e-05 4.6889e-05 4.6775e-05 4.6892e-05 4.7427e-05 4.8008e-05 4.799e-05 4.8005e-05 4.7905e-05 4.7929e-05 4.7994e-05 4.8008e-05 4.7994e-05 4.7957e-05 4.7883e-05 4.7737e-05 4.799e-05 4.789e-05 4.7553e-05 4.7649e-05 4.7687e-05 4.7444e-05 4.7388e-05 4.7279e-05 4.7655e-05 4.72e-05 4.7051e-05 4.7352e-05 4.7431e-05 4.7513e-05 4.7401e-05 4.7533e-05 4.7608e-05 4.723e-05 4.6521e-05 4.7664e-05 4.7512e-05 4.7642e-05 4.7858e-05 4.7922e-05 4.7961e-05 4.7986e-05 4.7908e-05 4.7665e-05 4.7379e-05 4.7208e-05 4.6906e-05 4.6745e-05 4.6862e-05 4.7515e-05 4.8657e-05 4.9685e-05 5.0481e-05 5.0819e-05 5.0951e-05 5.1017e-05 5.0188e-05 4.988e-05 5.0026e-05 5.0059e-05 4.9832e-05 4.8142e-05 4.6835e-05 4.6822e-05 4.6737e-05 4.7755e-05 4.7527e-05 4.7501e-05 4.7823e-05 4.784e-05 4.7827e-05 4.7898e-05 4.7585e-05 4.7649e-05 4.7337e-05 4.7495e-05 4.7942e-05 4.7405e-05 4.7388e-05 4.746e-05 4.7274e-05 4.7492e-05 4.7785e-05 4.7957e-05 4.8001e-05 4.785e-05 4.7906e-05 4.784e-05 4.6631e-05 4.7993e-05 4.7868e-05 4.7925e-05 4.7938e-05 4.7935e-05 4.7747e-05 4.7568e-05 4.7509e-05 4.7245e-05 4.7539e-05 4.7015e-05 4.7533e-05 4.7687e-05 4.714e-05 4.66e-05 4.6595e-05 4.7165e-05 4.7667e-05 4.7715e-05 4.7784e-05 4.7909e-05 4.7934e-05
4.7898e-05 4.7809e-05 4.7586e-05 4.7645e-05 4.7968e-05 4.792e-05 4.789e-05 4.7293e-05 4.7958e-05 4.7674e-05 4.7393e-05 4.7625e-05 4.7491e-05 4.7679e-05 4.756e-05 4.7472e-05 4.7559e-05 4.6949e-05 4.7429e-05 4.7496e-05 4.7317e-05 4.6978e-05 4.6517e-05 4.6339e-05 4.5999e-05 4.7251e-05 4.6941e-05 4.7306e-05 4.7564e-05 4.7571e-05 4.7491e-05 4.7631e-05 4.7394e-05 4.7399e-05 4.7476e-05 4.7265e-05 4.7263e-05 4.7137e-05 4.6877e-05 4.6071e-05 4.6039e-05 4.5863e-05 4.6267e-05 4.7294e-05 4.7463e-05 4.7616e-05 4.769e-05 4.7405e-05 4.7988e-05 4.7833e-05 4.7354e-05 4.7316e-05 4.6872e-05 4.6598e-05 4.7646e-05 4.8007e-05 4.7975e-05 4.7985e-05 4.7719e-05 4.7209e-05 4.7324e-05 4.7531e-05 4.7333e-05 4.6767e-05 4.7059e-05 4.6803e-05 4.6952e-05 4.6881e-05 4.6879e-05 4.6872e-05 4.6874e-05 4.6891e-05 4.6886e-05 4.684e-05 4.6741e-05 4.6917e-05 4.8004e-05 4.7997e-05 4.7974e-05 4.7982e-05 4.8006e-05 4.7994e-05 4.7834e-05 4.7706e-05 4.753e-05 4.7946e-05 4.7399e-05 4.7465e-05 4.7654e-05 4.7628e-05 4.7598e-05 4.7646e-05 4.7728e-05 4.7778e-05 4.7571e-05 4.7247e-05 4.7346e-05 4.742e-05 4.7484e-05 4.7137e-05 4.7661e-05 4.7393e-05 4.712e-05 4.7509e-05 4.74e-05 4.7565e-05 4.7795e-05 4.7939e-05 4.8001e-05 4.8006e-05 4.7804e-05 4.7656e-05 4.7557e-05 4.7037e-05 4.6772e-05 4.6895e-05 4.7578e-05 4.8816e-05 5.0147e-05 5.1523e-05 5.1917e-05 5.237e-05 5.2496e-05 5.263e-05 5.2616e-05 5.2624e-05 5.2517e-05 5.2522e-05 5.2418e-05 5.2212e-05 5.251e-05 5.1908e-05 4.7545e-05 4.7454e-05 4.675e-05 4.726e-05 4.7926e-05 4.7531e-05 4.6983e-05 4.7999e-05 4.7897e-05 4.7453e-05 4.8007e-05 4.7496e-05 4.6864e-05 4.7116e-05 4.7432e-05 4.7847e-05 4.7679e-05 4.7752e-05 4.7943e-05 4.7953e-05 4.7899e-05 4.784e-05 4.7383e-05 4.7845e-05 4.7882e-05 4.7951e-05 4.7904e-05 4.791e-05 4.7879e-05 4.7588e-05 4.7679e-05 4.7903e-05 4.7878e-05 4.7751e-05 4.7338e-05 4.7876e-05 4.7609e-05 4.7842e-05 4.7581e-05 4.7236e-05 4.7626e-05 4.7082e-05 4.7187e-05 4.7457e-05 4.7586e-05 4.7747e-05 4.7802e-05 4.7884e-05
4.7252e-05 4.7474e-05 4.7357e-05 4.7686e-05 4.8008e-05 4.7983e-05 4.7932e-05 4.7877e-05 4.7872e-05 4.7136e-05 4.7538e-05 4.7121e-05 4.712e-05 4.696e-05 4.7239e-05 4.7056e-05 4.6995e-05 4.7032e-05 4.6295e-05 4.656e-05 4.6893e-05 4.716e-05 4.6397e-05 4.6261e-05 4.691e-05 4.6689e-05 4.7057e-05 4.7556e-05 4.7537e-05 4.7532e-05 4.7378e-05 4.7574e-05 4.7277e-05 4.6062e-05 4.6036e-05 4.6264e-05 4.6548e-05 4.6542e-05 4.6593e-05 4.6059e-05 4.5872e-05 4.5947e-05 4.6125e-05 4.701e-05 4.7341e-05 4.7506e-05 4.7533e-05 4.7526e-05 4.7467e-05 4.7374e-05 4.7207e-05 4.6899e-05 4.6422e-05 4.6217e-05 4.6506e-05 4.6967e-05 4.7852e-05 4.7889e-05 4.7408e-05 4.7223e-05 4.7868e-05 4.7639e-05 4.7431e-05 4.7051e-05 4.6812e-05 4.7272e-05 4.692e-05 4.6947e-05 4.689e-05 4.7063e-05 4.7091e-05 4.6795e-05 4.6754e-05 4.7922e-05 4.7445e-05 4.7998e-05 4.8006e-05 4.7974e-05 4.7956e-05 4.7995e-05 4.8e-05 4.7981e-05 4.7869e-05 4.7637e-05 4.769e-05 4.729e-05 4.7418e-05 4.7957e-05 4.7948e-05 4.7653e-05 4.7532e-05 4.7618e-05 4.7953e-05 4.7966e-05 4.7645e-05 4.7509e-05 4.6861e-05 4.7789e-05 4.7199e-05 4.7202e-05 4.7149e-05 4.7158e-05 4.7416e-05 4.7702e-05 4.777e-05 4.749e-05 4.7456e-05 4.7955e-05 4.8001e-05 4.7955e-05 4.8e-05 4.7816e-05 4.7145e-05 4.6737e-05 4.7474e-05 4.88e-05 5.0174e-05 5.101e-05 5.1975e-05 5.2413e-05 5.2677e-05 5.2479e-05 5.2676e-05 5.2679e-05 5.211e-05 5.2581e-05 5.2627e-05 5.2664e-05 5.2617e-05 5.2594e-05 5.2606e-05 5.2615e-05 5.2456e-05 5.1877e-05 4.9178e-05 4.7304e-05 4.7373e-05 4.7944e-05 4.7802e-05 4.8007e-05 4.7949e-05 4.7937e-05 4.7172e-05 4.7648e-05 4.7765e-05 4.6953e-05 4.7574e-05 4.7383e-05 4.7777e-05 4.7862e-05 4.7366e-05 4.7742e-05 4.7733e-05 4.7699e-05 4.7602e-05 4.7893e-05 4.7759e-05 4.7612e-05 4.7328e-05 4.7365e-05 4.6131e-05 4.7008e-05 4.7657e-05 4.7583e-05 4.727e-05 4.7724e-05 4.7938e-05 4.8008e-05 4.7777e-05 4.8004e-05 4.7987e-05 4.7876e-05 4.7845e-05 4.7495e-05 4.7108e-05 4.6695e-05 4.6895e-05 4.7121e-05 4.7454e-05 4.7589e-05
4.7088e-05 4.7535e-05 4.7304e-05 4.7269e-05 4.7826e-05 4.8007e-05 4.7753e-05 4.7335e-05 4.7742e-05 4.7419e-05 4.7138e-05 4.7262e-05 4.6252e-05 4.7548e-05 4.6439e-05 4.6685e-05 4.5813e-05 4.6069e-05 4.6897e-05 4.6664e-05 4.715e-05 4.6525e-05 4.6896e-05 4.7204e-05 4.7162e-05 4.7603e-05 4.6994e-05 4.7322e-05 4.7483e-05 4.746e-05 4.7469e-05 4.7466e-05 4.753e-05 4.6751e-05 4.6547e-05 4.6699e-05 4.6986e-05 4.7039e-05 4.7025e-05 4.6723e-05 4.629e-05 4.6144e-05 4.652e-05 4.6636e-05 4.6496e-05 4.7134e-05 4.7144e-05 4.7232e-05 4.7031e-05 4.7075e-05 4.6733e-05 4.6565e-05 4.6183e-05 4.6184e-05 4.6146e-05 4.6503e-05 4.6825e-05 4.6823e-05 4.7316e-05 4.771e-05 4.6836e-05 4.8001e-05 4.7959e-05 4.7494e-05 4.7545e-05 4.696e-05 4.725e-05 4.7197e-05 4.7103e-05 4.723e-05 4.7148e-05 4.6888e-05 4.6745e-05 4.7774e-05 4.7585e-05 4.7645e-05 4.7989e-05 4.7973e-05 4.7887e-05 4.7521e-05 4.795e-05 4.7833e-05 4.7772e-05 4.7738e-05 4.7477e-05 4.7521e-05 4.7304e-05 4.7528e-05 4.777e-05 4.7686e-05 4.7757e-05 4.7764e-05 4.7997e-05 4.7732e-05 4.7555e-05 4.6896e-05 4.7211e-05 4.7072e-05 4.7413e-05 4.7819e-05 4.7238e-05 4.6842e-05 4.7079e-05 4.7394e-05 4.797e-05 4.7976e-05 4.7764e-05 4.7939e-05 4.7999e-05 4.8007e-05 4.7998e-05 4.796e-05 4.7387e-05 4.6919e-05 5.0016e-05 5.2105e-05 5.252e-05 5.2595e-05 5.213e-05 5.268e-05 5.2529e-05 5.2658e-05 5.2642e-05 5.267e-05 5.2607e-05 5.2405e-05 5.2183e-05 5.2531e-05 5.2629e-05 5.2573e-05 5.2581e-05 5.2448e-05 5.2459e-05 5.2382e-05 5.173e-05 4.9892e-05 4.7743e-05 4.6873e-05 4.7542e-05 4.7788e-05 4.7876e-05 4.7947e-05 4.797e-05 4.7695e-05 4.7987e-05 4.798e-05 4.7693e-05 4.7908e-05 4.7872e-05 4.7869e-05 4.7875e-05 4.7431e-05 4.7291e-05 4.7607e-05 4.7246e-05 4.751e-05 4.757e-05 4.7019e-05 4.665e-05 4.7342e-05 4.7898e-05 4.7951e-05 4.7275e-05 4.7198e-05 4.7653e-05 4.7957e-05 4.7895e-05 4.797e-05 4.8006e-05 4.7991e-05 4.7979e-05 4.7961e-05 4.738e-05 4.7419e-05 4.711e-05 4.7625e-05 4.7313e-05 4.7172e-05 4.7519e-05 4.74e-05
4.7552e-05 4.7612e-05 4.7497e-05 4.754e-05 4.7744e-05 4.7712e-05 4.7792e-05 4.7814e-05 4.7881e-05 4.7246e-05 4.7025e-05 4.7516e-05 4.7042e-05 4.683e-05 4.6917e-05 4.6923e-05 4.7787e-05 4.6843e-05 4.7233e-05 4.7342e-05 4.7123e-05 4.7409e-05 4.79e-05 4.7019e-05 4.7376e-05 4.761e-05 4.743e-05 4.7313e-05 4.7319e-05 4.7278e-05 4.7147e-05 4.724e-05 4.7171e-05 4.6968e-05 4.6971e-05 4.6929e-05 4.6959e-05 4.6989e-05 4.7094e-05 4.7107e-05 4.6762e-05 4.6651e-05 4.6838e-05 4.6741e-05 4.673e-05 4.6912e-05 4.6913e-05 4.6693e-05 4.6503e-05 4.6299e-05 4.6212e-05 4.6206e-05 4.6157e-05 4.5632e-05 4.5431e-05 4.6651e-05 4.7087e-05 4.7226e-05 4.7577e-05 4.7783e-05 4.7964e-05 4.7943e-05 4.7997e-05 4.7946e-05 4.7825e-05 4.6806e-05 4.6787e-05 4.8652e-05 4.8257e-05 4.7549e-05 4.7323e-05 4.7039e-05 4.6964e-05 4.7356e-05 4.7696e-05 4.7478e-05 4.7932e-05 4.7907e-05 4.7896e-05 4.7828e-05 4.7663e-05 4.781e-05 4.7599e-05 4.7558e-05 4.7497e-05 4.7407e-05 4.7404e-05 4.7804e-05 4.7789e-05 4.7719e-05 4.7624e-05 4.7691e-05 4.7867e-05 4.7678e-05 4.7504e-05 4.7602e-05 4.7252e-05 4.728e-05 4.7234e-05 4.7829e-05 4.639e-05 4.7077e-05 4.7265e-05 4.7337e-05 4.7826e-05 4.7318e-05 4.7806e-05 4.7936e-05 4.8e-05 4.8005e-05 4.8006e-05 4.8007e-05 4.7375e-05 4.7107e-05 5.2165e-05 5.2583e-05 5.2296e-05 5.2113e-05 5.2668e-05 5.2442e-05 5.2602e-05 5.2393e-05 5.2545e-05 5.2556e-05 5.2664e-05 5.2437e-05 5.2274e-05 5.2603e-05 5.2506e-05 5.2679e-05 5.257e-05 5.2501e-05 5.25e-05 5.2393e-05 5.1699e-05 5.1176e-05 4.8852e-05 4.6759e-05 4.7277e-05 4.7604e-05 4.7871e-05 4.7758e-05 4.731e-05 4.7991e-05 4.7994e-05 4.7906e-05 4.7948e-05 4.7787e-05 4.7699e-05 4.79e-05 4.7686e-05 4.7528e-05 4.7764e-05 4.7483e-05 4.7559e-05 4.7235e-05 4.7006e-05 4.7092e-05 4.6565e-05 4.5734e-05 4.714e-05 4.6862e-05 4.7382e-05 4.7965e-05 4.7997e-05 4.7969e-05 4.7679e-05 4.8001e-05 4.7767e-05 4.782e-05 4.7961e-05 4.7917e-05 4.7376e-05 4.7412e-05 4.7594e-05 4.6638e-05 4.6695e-05 4.7288e-05 4.747e-05 4.7383e-05
4.7922e-05 4.7338e-05 4.7968e-05 4.7786e-05 4.7919e-05 4.7703e-05 4.7785e-05 4.7758e-05 4.7597e-05 4.7391e-05 4.6998e-05 4.7108e-05 4.6873e-05 4.6669e-05 4.7018e-05 4.7053e-05 4.7415e-05 4.7494e-05 4.736e-05 4.7333e-05 4.6826e-05 4.7073e-05 4.7268e-05 4.7277e-05 4.6988e-05 4.7348e-05 4.7428e-05 4.7428e-05 4.6762e-05 4.7072e-05 4.6926e-05 4.7192e-05 4.7235e-05 4.6849e-05 4.6867e-05 4.6854e-05 4.6885e-05 4.6997e-05 4.7183e-05 4.7274e-05 4.6684e-05 4.6396e-05 4.526e-05 4.5346e-05 4.6283e-05 4.6689e-05 4.6522e-05 4.6255e-05 4.6294e-05 4.5992e-05 4.5867e-05 4.5883e-05 4.5774e-05 4.5884e-05 4.5939e-05 4.6756e-05 4.6861e-05 4.7111e-05 4.7146e-05 4.7505e-05 4.7496e-05 4.7586e-05 4.7917e-05 4.7571e-05 4.772e-05 4.7814e-05 4.7123e-05 4.6934e-05 4.6795e-05 4.6743e-05 4.6833e-05 4.6861e-05 4.7654e-05 4.7339e-05 4.7568e-05 4.7977e-05 4.7941e-05 4.7995e-05 4.796e-05 4.7992e-05 4.7904e-05 4.7397e-05 4.7605e-05 4.7751e-05 4.7624e-05 4.7617e-05 4.7495e-05 4.7831e-05 4.7804e-05 4.7614e-05 4.7541e-05 4.7696e-05 4.773e-05 4.765e-05 4.7622e-05 4.7407e-05 4.7654e-05 4.7383e-05 4.7695e-05 4.7229e-05 4.7154e-05 4.7265e-05 4.7108e-05 4.6683e-05 4.6745e-05 4.7155e-05 4.7737e-05 4.7985e-05 4.7881e-05 4.799e-05 4.8002e-05 4.8003e-05 4.7064e-05 4.9565e-05 5.2469e-05 5.2562e-05 5.2579e-05 5.2678e-05 5.2604e-05 5.224e-05 5.2503e-05 5.2514e-05 5.266e-05 5.2445e-05 5.2515e-05 5.2624e-05 5.267e-05 5.265e-05 5.2675e-05 5.2643e-05 5.2554e-05 5.2526e-05 5.2361e-05 5.1994e-05 5.0353e-05 5.0137e-05 4.8928e-05 4.7061e-05 4.717e-05 4.7292e-05 4.7595e-05 4.7514e-05 4.7865e-05 4.7917e-05 4.7998e-05 4.8007e-05 4.7944e-05 4.7844e-05 4.7862e-05 4.799e-05 4.7965e-05 4.7899e-05 4.7864e-05 4.7586e-05 4.7539e-05 4.7263e-05 4.6958e-05 4.6942e-05 4.702e-05 4.705e-05 4.6809e-05 4.6921e-05 4.7584e-05 4.8003e-05 4.8002e-05 4.8002e-05 4.7993e-05 4.7962e-05 4.7761e-05 4.7891e-05 4.7878e-05 4.7943e-05 4.6825e-05 4.7576e-05 4.761e-05 4.7996e-05 4.7325e-05 4.754e-05 4.7778e-05 4.774e-05
4.7986e-05 4.7956e-05 4.7967e-05 4.7999e-05 4.8002e-05 4.764e-05 4.772e-05 4.7654e-05 4.798e-05 4.7969e-05 4.747e-05 4.7702e-05 4.7842e-05 4.7105e-05 4.7362e-05 4.7277e-05 4.6782e-05 4.7068e-05 4.6772e-05 4.7123e-05 4.6747e-05 4.7324e-05 4.7273e-05 4.7264e-05 4.707e-05 4.6142e-05 4.6738e-05 4.694e-05 4.7174e-05 4.6692e-05 4.6565e-05 4.684e-05 4.6642e-05 4.6652e-05 4.6397e-05 4.6726e-05 4.6805e-05 4.699e-05 4.7031e-05 4.4676e-05 4.4319e-05 4.4123e-05 4.2233e-05 4.1982e-05 4.2059e-05 4.4492e-05 4.4492e-05 4.45e-05 4.5382e-05 4.5784e-05 4.5457e-05 4.5925e-05 4.5606e-05 4.5825e-05 4.5779e-05 4.5851e-05 4.5965e-05 4.6542e-05 4.7474e-05 4.7282e-05 4.6931e-05 4.6333e-05 4.769e-05 4.8006e-05 4.7997e-05 4.7828e-05 4.7869e-05 4.7572e-05 4.7091e-05 4.7007e-05 4.7083e-05 4.7636e-05 4.7347e-05 4.7958e-05 4.7941e-05 4.7949e-05 4.8003e-05 4.7208e-05 4.8008e-05 4.7902e-05 4.7971e-05 4.7923e-05 4.772e-05 4.7718e-05 4.7572e-05 4.7585e-05 4.775e-05 4.7888e-05 4.7873e-05 4.778e-05 4.7585e-05 4.7768e-05 4.7519e-05 4.7562e-05 4.7663e-05 4.7206e-05 4.7057e-05 4.754e-05 4.747e-05 4.7353e-05 4.7025e-05 4.7133e-05 4.6591e-05 4.6324e-05 4.7834e-05 4.7268e-05 4.7585e-05 4.7954e-05 4.7954e-05 4.7958e-05 4.8008e-05 4.7966e-05 4.7123e-05 4.9648e-05 5.2117e-05 5.2557e-05 5.2552e-05 5.2591e-05 5.2451e-05 5.2418e-05 5.2432e-05 5.2585e-05 5.2341e-05 5.214e-05 5.2602e-05 5.2618e-05 5.2676e-05 5.2662e-05 5.2672e-05 5.2676e-05 5.265e-05 5.2496e-05 5.1706e-05 5.0699e-05 5.0139e-05 4.9596e-05 4.8219e-05 4.6884e-05 4.6773e-05 4.7242e-05 4.6945e-05 4.7969e-05 4.8008e-05 4.7969e-05 4.7743e-05 4.7736e-05 4.7954e-05 4.7984e-05 4.7996e-05 4.7986e-05 4.7957e-05 4.7967e-05 4.7962e-05 4.7537e-05 4.7412e-05 4.7353e-05 4.7111e-05 4.7546e-05 4.7462e-05 4.7248e-05 4.7205e-05 4.7123e-05 4.7693e-05 4.7928e-05 4.7979e-05 4.794e-05 4.7974e-05 4.7945e-05 4.7427e-05 4.7778e-05 4.7785e-05 4.7128e-05 4.7035e-05 4.7693e-05 4.7635e-05 4.7764e-05 4.7739e-05 4.7877e-05 4.7962e-05 4.7793e-05
4.7946e-05 4.798e-05 4.7861e-05 4.7588e-05 4.8008e-05 4.7629e-05 4.7882e-05 4.7807e-05 4.7188e-05 4.7612e-05 4.7903e-05 4.7896e-05 4.7437e-05 4.713e-05 4.7658e-05 4.7411e-05 4.7634e-05 4.7223e-05 4.7454e-05 4.7497e-05 4.764e-05 4.6937e-05 4.766e-05 4.7647e-05 4.7414e-05 4.741e-05 4.7209e-05 4.6907e-05 4.7057e-05 4.6933e-05 4.6799e-05 4.4698e-05 4.5936e-05 4.6403e-05 4.641e-05 4.6605e-05 4.676e-05 4.6723e-05 4.5938e-05 4.5733e-05 4.5051e-05 4.3609e-05 4.3247e-05 4.334e-05 4.3745e-05 4.3887e-05 4.3769e-05 4.4061e-05 4.3408e-05 4.4634e-05 4.5458e-05 4.5494e-05 4.5535e-05 4.5657e-05 4.584e-05 4.5883e-05 4.6157e-05 4.6528e-05 4.6617e-05 4.7141e-05 4.7157e-05 4.7314e-05 4.6856e-05 4.7107e-05 4.7817e-05 4.746e-05 4.8008e-05 4.7283e-05 4.7462e-05 4.7461e-05 4.7464e-05 4.7486e-05 4.7877e-05 4.7975e-05 4.7911e-05 4.7963e-05 4.7991e-05 4.8005e-05 4.7977e-05 4.7983e-05 4.7963e-05 4.7978e-05 4.7938e-05 4.7786e-05 4.7756e-05 4.757e-05 4.7833e-05 4.7978e-05 4.7795e-05 4.7759e-05 4.7895e-05 4.7917e-05 4.7872e-05 4.7555e-05 4.7778e-05 4.7402e-05 4.7413e-05 4.7382e-05 4.7344e-05 4.7743e-05 4.7083e-05 4.7317e-05 4.6894e-05 4.7005e-05 4.6908e-05 4.6859e-05 4.7581e-05 4.7865e-05 4.7972e-05 4.7983e-05 4.7985e-05 4.7822e-05 4.7019e-05 4.7765e-05 5.1831e-05 5.2489e-05 5.2149e-05 5.2342e-05 5.2669e-05 5.2518e-05 5.2157e-05 5.2366e-05 5.2207e-05 5.2142e-05 5.2525e-05 5.2677e-05 5.2511e-05 5.2662e-05 5.2617e-05 5.2666e-05 5.255e-05 5.2029e-05 5.0961e-05 5.0285e-05 4.9231e-05 4.8563e-05 4.8065e-05 4.7373e-05 4.6813e-05 4.7644e-05 4.7799e-05 4.8005e-05 4.7996e-05 4.7984e-05 4.7969e-05 4.8006e-05 4.7949e-05 4.8002e-05 4.7631e-05 4.7971e-05 4.7986e-05 4.8005e-05 4.7933e-05 4.7837e-05 4.7565e-05 4.7768e-05 4.7567e-05 4.7296e-05 4.7791e-05 4.7661e-05 4.7401e-05 4.7272e-05 4.7296e-05 4.7519e-05 4.7775e-05 4.7857e-05 4.8005e-05 4.7968e-05 4.7838e-05 4.7823e-05 4.7874e-05 4.775e-05 4.7943e-05 4.7896e-05 4.7909e-05 4.773e-05 4.7827e-05 4.7946e-05 4.7992e-05 4.8007e-05
4.8008e-05 4.7985e-05 4.7982e-05 4.7811e-05 4.7834e-05 4.7983e-05 4.7966e-05 4.7421e-05 4.6906e-05 4.6235e-05 4.5887e-05 4.6984e-05 4.6817e-05 4.7639e-05 4.7906e-05 4.7887e-05 4.7889e-05 4.7888e-05 4.7787e-05 4.7713e-05 4.7703e-05 4.7685e-05 4.7414e-05 4.7581e-05 4.7279e-05 4.6915e-05 4.6989e-05 4.6493e-05 4.6357e-05 4.6948e-05 4.6824e-05 4.5805e-05 4.5979e-05 4.5289e-05 4.61e-05 4.5081e-05 4.5749e-05 4.3582e-05 4.372e-05 4.5692e-05 4.3523e-05 4.2702e-05 4.4098e-05 4.4136e-05 4.4031e-05 4.3974e-05 4.4207e-05 4.5013e-05 4.4316e-05 4.4286e-05 4.405e-05 4.4752e-05 4.5443e-05 4.6021e-05 4.604e-05 4.6157e-05 4.6045e-05 4.6681e-05 4.6819e-05 4.6646e-05 4.6625e-05 4.7394e-05 4.7384e-05 4.769e-05 4.7975e-05 4.8e-05 4.7984e-05 4.7931e-05 4.739e-05 4.7746e-05 4.7984e-05 4.795e-05 4.7931e-05 4.784e-05 4.7929e-05 4.7996e-05 4.8008e-05 4.8008e-05 4.8008e-05 4.7977e-05 4.7877e-05 4.7785e-05 4.7561e-05 4.7863e-05 4.7811e-05 4.7658e-05 4.7677e-05 4.7581e-05 4.796e-05 4.7756e-05 4.7848e-05 4.7924e-05 4.7902e-05 4.7772e-05 4.7405e-05 4.7656e-05 4.7338e-05 4.7265e-05 4.7655e-05 4.7626e-05 4.7029e-05 4.6989e-05 4.6831e-05 4.7018e-05 4.7209e-05 4.7195e-05 4.7996e-05 4.7628e-05 4.7943e-05 4.8005e-05 4.8007e-05 4.7995e-05 4.7733e-05 4.7036e-05 4.9573e-05 5.268e-05 5.213e-05 5.1449e-05 5.0337e-05 5.2495e-05 5.2421e-05 5.2385e-05 5.2674e-05 5.2217e-05 5.2653e-05 5.2619e-05 5.2677e-05 5.2658e-05 5.2672e-05 5.2679e-05 5.2639e-05 5.1608e-05 5.0029e-05 4.9321e-05 4.8333e-05 4.7778e-05 4.6993e-05 4.6789e-05 4.7177e-05 4.7623e-05 4.8001e-05 4.7999e-05 4.7911e-05 4.7918e-05 4.7838e-05 4.7915e-05 4.8002e-05 4.8005e-05 4.8e-05 4.7973e-05 4.8005e-05 4.7976e-05 4.7944e-05 4.7917e-05 4.783e-05 4.7847e-05 4.796e-05 4.7854e-05 4.7802e-05 4.7196e-05 4.7509e-05 4.7495e-05 4.7033e-05 4.7011e-05 4.7657e-05 4.7809e-05 4.8005e-05 4.7845e-05 4.7864e-05 4.7934e-05 4.7984e-05 4.7977e-05 4.7969e-05 4.7961e-05 4.7872e-05 4.7778e-05 4.8008e-05 4.7993e-05 4.8008e-05 4.7895e-05
4.8008e-05 4.7835e-05 4.7988e-05 4.7587e-05 4.795e-05 4.753e-05 4.7523e-05 4.7615e-05 4.7039e-05 4.6223e-05 4.6071e-05 4.6972e-05 4.7629e-05 4.7755e-05 4.7862e-05 4.7813e-05 4.7886e-05 4.6633e-05 4.7731e-05 4.7681e-05 4.7627e-05 4.746e-05 4.7476e-05 4.7265e-05 4.6752e-05 4.7001e-05 4.6808e-05 4.6658e-05 4.607e-05 4.6231e-05 4.5883e-05 4.5728e-05 4.585e-05 4.5518e-05 4.5675e-05 4.5863e-05 4.5075e-05 4.3466e-05 4.359e-05 4.353e-05 4.2944e-05 4.4066e-05 4.4867e-05 4.4753e-05 4.4381e-05 4.468e-05 4.4472e-05 4.4564e-05 4.4867e-05 4.4928e-05 4.474e-05 4.3773e-05 4.4655e-05 4.5846e-05 4.6234e-05 4.6463e-05 4.6465e-05 4.6489e-05 4.6518e-05 4.6629e-05 4.6831e-05 4.7028e-05 4.7013e-05 4.7894e-05 4.7867e-05 4.7428e-05 4.7637e-05 4.7906e-05 4.7867e-05 4.7945e-05 4.7969e-05 4.7827e-05 4.8004e-05 4.7975e-05 4.8001e-05 4.8005e-05 4.8005e-05 4.8006e-05 4.7949e-05 4.8005e-05 4.7898e-05 4.7707e-05 4.7838e-05 4.7719e-05 4.7785e-05 4.7527e-05 4.7468e-05 4.7563e-05 4.7675e-05 4.7747e-05 4.7764e-05 4.7884e-05 4.7834e-05 4.7518e-05 4.7533e-05 4.751e-05 4.7708e-05 4.791e-05 4.734e-05 4.7209e-05 4.7254e-05 4.6641e-05 4.6785e-05 4.72e-05 4.7351e-05 4.73e-05 4.7382e-05 4.7688e-05 4.8e-05 4.7939e-05 4.7928e-05 4.8005e-05 4.7965e-05 4.7845e-05 4.6852e-05 4.9518e-05 5.2543e-05 5.2052e-05 5.1117e-05 5.0824e-05 5.2457e-05 5.2485e-05 5.112e-05 5.1297e-05 5.267e-05 5.2638e-05 5.2661e-05 5.268e-05 5.2674e-05 5.267e-05 5.2058e-05 4.9026e-05 4.7709e-05 4.7738e-05 4.7288e-05 4.6857e-05 4.6959e-05 4.6803e-05 4.6851e-05 4.6915e-05 4.7864e-05 4.8004e-05 4.7615e-05 4.7901e-05 4.7761e-05 4.7854e-05 4.793e-05 4.7963e-05 4.7997e-05 4.8006e-05 4.7982e-05 4.7909e-05 4.7459e-05 4.7498e-05 4.7538e-05 4.777e-05 4.7538e-05 4.7359e-05 4.7647e-05 4.781e-05 4.7632e-05 4.7354e-05 4.7744e-05 4.7862e-05 4.7731e-05 4.7737e-05 4.7613e-05 4.7794e-05 4.7778e-05 4.7407e-05 4.8003e-05 4.8004e-05 4.7924e-05 4.7894e-05 4.7965e-05 4.799e-05 4.792e-05 4.7984e-05 4.7987e-05 4.7669e-05
4.8006e-05 4.7994e-05 4.757e-05 4.7417e-05 4.7586e-05 4.677e-05 4.7182e-05 4.6248e-05 4.6272e-05 4.6897e-05 4.6832e-05 4.711e-05 4.7681e-05 4.779e-05 4.7964e-05 4.7739e-05 4.7892e-05 4.791e-05 4.7686e-05 4.7683e-05 4.704e-05 4.7456e-05 4.739e-05 4.7361e-05 4.706e-05 4.6783e-05 4.6792e-05 4.6582e-05 4.6333e-05 4.6021e-05 4.5837e-05 4.4922e-05 4.5353e-05 4.5099e-05 4.473e-05 4.4933e-05 4.418e-05 4.3126e-05 4.2956e-05 4.2269e-05 4.2516e-05 4.4104e-05 4.508e-05 4.4651e-05 4.5453e-05 4.475e-05 4.5741e-05 4.583e-05 4.5534e-05 4.5583e-05 4.4898e-05 4.3863e-05 4.3007e-05 4.48e-05 4.5816e-05 4.6447e-05 4.6418e-05 4.6504e-05 4.6555e-05 4.6547e-05 4.6957e-05 4.7377e-05 4.7337e-05 4.7871e-05 4.7915e-05 4.7941e-05 4.7928e-05 4.7924e-05 4.7888e-05 4.7796e-05 4.7914e-05 4.7979e-05 4.7986e-05 4.7977e-05 4.7973e-05 4.7978e-05 4.7965e-05 4.8008e-05 4.8005e-05 4.8007e-05 4.7982e-05 4.7909e-05 4.7993e-05 4.7835e-05 4.7792e-05 4.7701e-05 4.7657e-05 4.7563e-05 4.7574e-05 4.7652e-05 4.7686e-05 4.7432e-05 4.7613e-05 4.7747e-05 4.7569e-05 4.7673e-05 4.7484e-05 4.7691e-05 4.7443e-05 4.6943e-05 4.7111e-05 4.6924e-05 4.6667e-05 4.6908e-05 4.7154e-05 4.7264e-05 4.7285e-05 4.7206e-05 4.7762e-05 4.7929e-05 4.7857e-05 4.7822e-05 4.7681e-05 4.7924e-05 4.797e-05 4.674e-05 5.1165e-05 5.2663e-05 5.2423e-05 5.1697e-05 5.1743e-05 5.0721e-05 5.2612e-05 5.2678e-05 5.2613e-05 5.262e-05 5.2679e-05 5.2676e-05 5.2029e-05 5.0444e-05 4.9414e-05 4.7334e-05 4.6736e-05 4.6744e-05 4.6762e-05 4.6769e-05 4.6747e-05 4.6745e-05 4.7063e-05 4.7183e-05 4.7684e-05 4.8006e-05 4.7903e-05 4.7841e-05 4.7738e-05 4.7701e-05 4.7822e-05 4.7798e-05 4.7869e-05 4.7937e-05 4.7921e-05 4.7779e-05 4.7667e-05 4.7512e-05 4.7014e-05 4.6904e-05 4.704e-05 4.6968e-05 4.7613e-05 4.7229e-05 4.7544e-05 4.7753e-05 4.7372e-05 4.7616e-05 4.7515e-05 4.7452e-05 4.7757e-05 4.7844e-05 4.7952e-05 4.7712e-05 4.7864e-05 4.8007e-05 4.7645e-05 4.7944e-05 4.7949e-05 4.7995e-05 4.8008e-05 4.7984e-05 4.7858e-05 4.7867e-05
4.8007e-05 4.7722e-05 4.7611e-05 4.7545e-05 4.6944e-05 4.7027e-05 4.6486e-05 4.6945e-05 4.7083e-05 4.6935e-05 4.7122e-05 4.716e-05 4.7523e-05 4.7742e-05 4.7898e-05 4.7893e-05 4.7893e-05 4.7616e-05 4.7452e-05 4.7683e-05 4.734e-05 4.7388e-05 4.7312e-05 4.724e-05 4.7041e-05 4.6974e-05 4.6752e-05 4.6533e-05 4.6182e-05 4.5824e-05 4.5499e-05 4.5311e-05 4.5258e-05 4.4586e-05 4.4404e-05 4.5018e-05 4.4067e-05 4.291e-05 4.3064e-05 4.2253e-05 4.3257e-05 4.414e-05 4.4581e-05 4.5239e-05 4.5507e-05 4.576e-05 4.5787e-05 4.6029e-05 4.6024e-05 4.6158e-05 4.5134e-05 4.3858e-05 4.4299e-05 4.4422e-05 4.4595e-05 4.4557e-05 4.6077e-05 4.6725e-05 4.6677e-05 4.7018e-05 4.741e-05 4.7706e-05 4.786e-05 4.789e-05 4.7959e-05 4.794e-05 4.7966e-05 4.7997e-05 4.798e-05 4.7964e-05 4.7989e-05 4.7739e-05 4.7976e-05 4.7886e-05 4.7986e-05 4.7956e-05 4.7983e-05 4.8002e-05 4.8004e-05 4.8005e-05 4.7985e-05 4.8003e-05 4.7984e-05 4.798e-05 4.7937e-05 4.7715e-05 4.7497e-05 4.7371e-05 4.7545e-05 4.7587e-05 4.7585e-05 4.7654e-05 4.7437e-05 4.7625e-05 4.7678e-05 4.7598e-05 4.7653e-05 4.756e-05 4.7523e-05 4.7136e-05 4.7103e-05 4.7534e-05 4.725e-05 4.7063e-05 4.7325e-05 4.7481e-05 4.7558e-05 4.7302e-05 4.7799e-05 4.7924e-05 4.7994e-05 4.7832e-05 4.7986e-05 4.7962e-05 4.78e-05 4.7811e-05 4.6747e-05 4.7165e-05 4.7946e-05 5.2413e-05 5.2653e-05 5.2151e-05 5.2662e-05 5.2663e-05 5.2678e-05 5.2676e-05 5.2584e-05 5.2097e-05 4.8122e-05 4.6738e-05 4.7484e-05 4.6982e-05 4.6841e-05 4.6864e-05 4.6944e-05 4.7382e-05 4.744e-05 4.7089e-05 4.7157e-05 4.7547e-05 4.7653e-05 4.7919e-05 4.7931e-05 4.7779e-05 4.7886e-05 4.7559e-05 4.7671e-05 4.7652e-05 4.7671e-05 4.7733e-05 4.7812e-05 4.767e-05 4.7501e-05 4.7506e-05 4.7178e-05 4.7104e-05 4.7677e-05 4.6898e-05 4.6719e-05 4.6523e-05 4.762e-05 4.7847e-05 4.8001e-05 4.7705e-05 4.7829e-05 4.7924e-05 4.7971e-05 4.7933e-05 4.7943e-05 4.7892e-05 4.7794e-05 4.7936e-05 4.7736e-05 4.7901e-05 4.7894e-05 4.7813e-05 4.7897e-05 4.7959e-05 4.7948e-05 4.7928e-05
4.8006e-05 4.7701e-05 4.6453e-05 4.7535e-05 4.6928e-05 4.6775e-05 4.7327e-05 4.6924e-05 4.7195e-05 4.7019e-05 4.7015e-05 4.7263e-05 4.7712e-05 4.7847e-05 4.7896e-05 4.7869e-05 4.7845e-05 4.6984e-05 4.7741e-05 4.7712e-05 4.7571e-05 4.731e-05 4.7297e-05 4.7178e-05 4.7091e-05 4.6917e-05 4.6739e-05 4.6408e-05 4.6042e-05 4.5719e-05 4.5417e-05 4.5041e-05 4.4809e-05 4.4751e-05 4.4706e-05 4.3835e-05 4.3882e-05 4.3371e-05 4.1973e-05 4.1186e-05 4.3149e-05 4.431e-05 4.4788e-05 4.5144e-05 4.5527e-05 4.5855e-05 4.6058e-05 4.6209e-05 4.6323e-05 4.6322e-05 4.6281e-05 4.6124e-05 4.5343e-05 4.5364e-05 4.5261e-05 4.4458e-05 4.4804e-05 4.5366e-05 4.6636e-05 4.6956e-05 4.7456e-05 4.7896e-05 4.795e-05 4.7933e-05 4.7977e-05 4.7952e-05 4.789e-05 4.7942e-05 4.7999e-05 4.7994e-05 4.8007e-05 4.7931e-05 4.8008e-05 4.7938e-05 4.8e-05 4.7992e-05 4.8005e-05 4.8002e-05 4.7956e-05 4.7986e-05 4.7997e-05 4.7995e-05 4.8002e-05 4.8008e-05 4.7821e-05 4.7807e-05 4.7712e-05 4.7522e-05 4.7421e-05 4.7583e-05 4.7697e-05 4.7668e-05 4.7755e-05 4.7707e-05 4.7674e-05 4.7611e-05 4.7636e-05 4.7235e-05 4.7556e-05 4.7232e-05 4.7649e-05 4.7693e-05 4.7451e-05 4.747e-05 4.7659e-05 4.774e-05 4.7793e-05 4.7728e-05 4.726e-05 4.7881e-05 4.7712e-05 4.7981e-05 4.8007e-05 4.8006e-05 4.7799e-05 4.796e-05 4.7528e-05 4.7619e-05 4.6851e-05 4.6839e-05 4.7001e-05 4.7049e-05 4.8907e-05 5.1843e-05 5.0097e-05 5.0549e-05 4.8215e-05 4.9004e-05 4.6736e-05 4.6999e-05 4.7351e-05 4.7689e-05 4.7277e-05 4.7097e-05 4.7337e-05 4.7742e-05 4.7588e-05 4.7607e-05 4.7698e-05 4.7994e-05 4.8003e-05 4.7979e-05 4.7878e-05 4.7798e-05 4.7769e-05 4.7663e-05 4.7641e-05 4.7696e-05 4.7694e-05 4.7723e-05 4.7749e-05 4.759e-05 4.7568e-05 4.7162e-05 4.7377e-05 4.6965e-05 4.6457e-05 4.6736e-05 4.7511e-05 4.6447e-05 4.7442e-05 4.7783e-05 4.7883e-05 4.7561e-05 4.7903e-05 4.7324e-05 4.7878e-05 4.7958e-05 4.7843e-05 4.7763e-05 4.7872e-05 4.7795e-05 4.7648e-05 4.7739e-05 4.7829e-05 4.7904e-05 4.7808e-05 4.7895e-05 4.7951e-05 4.7996e-05
4.7916e-05 4.7662e-05 4.765e-05 4.7628e-05 4.7052e-05 4.6914e-05 4.7474e-05 4.6607e-05 4.7063e-05 4.7393e-05 4.7299e-05 4.7664e-05 4.7589e-05 4.7706e-05 4.79e-05 4.7767e-05 4.7903e-05 4.7291e-05 4.7728e-05 4.7243e-05 4.7271e-05 4.7288e-05 4.7169e-05 4.714e-05 4.6938e-05 4.6812e-05 4.6655e-05 4.651e-05 4.5993e-05 4.5627e-05 4.5232e-05 4.4869e-05 4.444e-05 4.443e-05 4.4242e-05 4.4433e-05 4.4662e-05 4.314e-05 4.2852e-05 4.1376e-05 4.3414e-05 4.4349e-05 4.4763e-05 4.5231e-05 4.5625e-05 4.5959e-05 4.6197e-05 4.6357e-05 4.6461e-05 4.6636e-05 4.6619e-05 4.6696e-05 4.643e-05 4.5754e-05 4.5759e-05 4.5879e-05 4.6207e-05 4.6193e-05 4.6098e-05 4.6098e-05 4.5863e-05 4.7496e-05 4.7963e-05 4.7972e-05 4.796e-05 4.7968e-05 4.7992e-05 4.8004e-05 4.7986e-05 4.7959e-05 4.797e-05 4.7871e-05 4.7779e-05 4.7641e-05 4.7978e-05 4.7992e-05 4.7996e-05 4.7992e-05 4.7919e-05 4.7923e-05 4.7936e-05 4.7944e-05 4.7984e-05 4.8005e-05 4.7984e-05 4.7897e-05 4.7916e-05 4.7925e-05 4.7695e-05 4.7603e-05 4.7568e-05 4.7722e-05 4.7734e-05 4.7419e-05 4.7542e-05 4.7647e-05 4.7663e-05 4.7434e-05 4.7424e-05 4.7412e-05 4.7639e-05 4.7824e-05 4.739e-05 4.7675e-05 4.7777e-05 4.7694e-05 4.7898e-05 4.7415e-05 4.7035e-05 4.7314e-05 4.782e-05 4.7825e-05 4.7959e-05 4.7887e-05 4.7849e-05 4.79e-05 4.7928e-05 4.7625e-05 4.7697e-05 4.745e-05 4.7233e-05 4.7158e-05 4.6896e-05 4.6824e-05 4.6775e-05 4.6767e-05 4.6997e-05 4.6758e-05 4.6737e-05 4.7057e-05 4.7673e-05 4.7312e-05 4.7342e-05 4.7519e-05 4.792e-05 4.7794e-05 4.7099e-05 4.7724e-05 4.7746e-05 4.7592e-05 4.7917e-05 4.7722e-05 4.7662e-05 4.766e-05 4.7684e-05 4.7693e-05 4.7695e-05 4.7704e-05 4.7632e-05 4.76e-05 4.7572e-05 4.7358e-05 4.6898e-05 4.6776e-05 4.6636e-05 4.6939e-05 4.7529e-05 4.6555e-05 4.6657e-05 4.7313e-05 4.6977e-05 4.7437e-05 4.7791e-05 4.7781e-05 4.7978e-05 4.7445e-05 4.7909e-05 4.78e-05 4.7894e-05 4.7956e-05 4.7921e-05 4.7834e-05 4.7533e-05 4.7355e-05 4.7378e-05 4.7704e-05 4.7702e-05 4.7755e-05 4.7953e-05 4.7969e-05
4.7971e-05 4.7514e-05 4.7786e-05 4.7585e-05 4.7556e-05 4.7493e-05 4.762e-05 4.7859e-05 4.7457e-05 4.7721e-05 4.759e-05 4.7951e-05 4.7948e-05 4.7902e-05 4.795e-05 4.7842e-05 4.7873e-05 4.7591e-05 4.727e-05 4.7653e-05 4.7377e-05 4.7191e-05 4.7138e-05 4.6999e-05 4.6857e-05 4.6632e-05 4.6464e-05 4.6274e-05 4.5844e-05 4.5322e-05 4.4928e-05 4.4592e-05 4.4291e-05 4.4087e-05 4.4015e-05 4.3284e-05 4.3707e-05 4.4125e-05 4.2841e-05 4.3198e-05 4.3677e-05 4.4274e-05 4.484e-05 4.525e-05 4.5509e-05 4.582e-05 4.6023e-05 4.6297e-05 4.6465e-05 4.6487e-05 4.6687e-05 4.6744e-05 4.6447e-05 4.6034e-05 4.503e-05 4.5851e-05 4.6207e-05 4.6394e-05 4.6407e-05 4.6252e-05 4.548e-05 4.6863e-05 4.7856e-05 4.7891e-05 4.7948e-05 4.7954e-05 4.7954e-05 4.7652e-05 4.7815e-05 4.7895e-05 4.7926e-05 4.7942e-05 4.7969e-05 4.7462e-05 4.7225e-05 4.7936e-05 4.7858e-05 4.7802e-05 4.7571e-05 4.7864e-05 4.786e-05 4.791e-05 4.7629e-05 4.7969e-05 4.7816e-05 4.7986e-05 4.8001e-05 4.8002e-05 4.7995e-05 4.7679e-05 4.789e-05 4.7816e-05 4.7945e-05 4.7339e-05 4.7689e-05 4.7663e-05 4.7664e-05 4.7287e-05 4.6958e-05 4.7606e-05 4.764e-05 4.7526e-05 4.7595e-05 4.7631e-05 4.7512e-05 4.7167e-05 4.7608e-05 4.6973e-05 4.6742e-05 4.7102e-05 4.7409e-05 4.7488e-05 4.7774e-05 4.7668e-05 4.7973e-05 4.7969e-05 4.7993e-05 4.7889e-05 4.7711e-05 4.7521e-05 4.7331e-05 4.7496e-05 4.7601e-05 4.6936e-05 4.7403e-05 4.6753e-05 4.6889e-05 4.7578e-05 4.7721e-05 4.7895e-05 4.7734e-05 4.7948e-05 4.7959e-05 4.7822e-05 4.7955e-05 4.7889e-05 4.7818e-05 4.797e-05 4.7411e-05 4.7754e-05 4.7654e-05 4.7494e-05 4.7361e-05 4.7411e-05 4.75e-05 4.757e-05 4.7819e-05 4.7599e-05 4.7555e-05 4.7442e-05 4.7388e-05 4.7197e-05 4.6826e-05 4.6408e-05 4.6575e-05 4.686e-05 4.73e-05 4.6815e-05 4.6255e-05 4.6738e-05 4.6634e-05 4.7071e-05 4.7481e-05 4.7795e-05 4.7533e-05 4.7566e-05 4.7875e-05 4.7566e-05 4.7786e-05 4.7909e-05 4.7875e-05 4.7607e-05 4.7325e-05 4.7843e-05 4.7829e-05 4.7699e-05 4.7783e-05 4.7972e-05 4.8008e-05 4.7942e-05
4.7967e-05 4.7937e-05 4.7616e-05 4.7624e-05 4.7557e-05 4.7661e-05 4.7802e-05 4.7903e-05 4.7968e-05 4.798e-05 4.7976e-05 4.7962e-05 4.8006e-05 4.8008e-05 4.7955e-05 4.7994e-05 4.7056e-05 4.7414e-05 4.7717e-05 4.7373e-05 4.7362e-05 4.7095e-05 4.7084e-05 4.697e-05 4.6777e-05 4.6468e-05 4.621e-05 4.5824e-05 4.5385e-05 4.4953e-05 4.456e-05 4.4133e-05 4.3903e-05 4.3775e-05 4.3838e-05 4.3761e-05 4.2892e-05 4.3287e-05 4.2778e-05 4.3065e-05 4.3608e-05 4.4245e-05 4.4646e-05 4.4952e-05 4.5241e-05 4.5505e-05 4.5792e-05 4.6061e-05 4.6356e-05 4.6525e-05 4.6849e-05 4.6805e-05 4.6797e-05 4.6428e-05 4.5596e-05 4.5804e-05 4.6166e-05 4.6193e-05 4.6156e-05 4.5768e-05 4.5005e-05 4.7073e-05 4.7764e-05 4.7807e-05 4.7605e-05 4.7752e-05 4.7901e-05 4.7686e-05 4.7905e-05 4.7892e-05 4.7794e-05 4.7993e-05 4.8008e-05 4.7791e-05 4.7606e-05 4.7417e-05 4.7907e-05 4.7802e-05 4.7871e-05 4.7743e-05 4.7747e-05 4.7827e-05 4.7809e-05 4.7525e-05 4.7894e-05 4.8006e-05 4.7992e-05 4.7964e-05 4.8e-05 4.7536e-05 4.7932e-05 4.7821e-05 4.7955e-05 4.798e-05 4.797e-05 4.7718e-05 4.7643e-05 4.7961e-05 4.7697e-05 4.7231e-05 4.738e-05 4.7183e-05 4.6982e-05 4.6814e-05 4.712e-05 4.75e-05 4.6775e-05 4.6724e-05 4.6398e-05 4.7031e-05 4.7285e-05 4.7672e-05 4.758e-05 4.7274e-05 4.724e-05 4.7491e-05 4.789e-05 4.7982e-05 4.8e-05 4.7958e-05 4.7635e-05 4.7837e-05 4.7612e-05 4.7383e-05 4.7371e-05 4.6958e-05 4.7447e-05 4.7845e-05 4.7893e-05 4.7966e-05 4.7999e-05 4.8007e-05 4.7997e-05 4.7975e-05 4.7804e-05 4.7393e-05 4.6757e-05 4.6962e-05 4.7357e-05 4.7605e-05 4.7423e-05 4.7247e-05 4.6938e-05 4.7091e-05 4.7392e-05 4.7486e-05 4.755e-05 4.7622e-05 4.7397e-05 4.7341e-05 4.7273e-05 4.7207e-05 4.7388e-05 4.7252e-05 4.7329e-05 4.6788e-05 4.7288e-05 4.6826e-05 4.6414e-05 4.6781e-05 4.6373e-05 4.723e-05 4.7441e-05 4.7649e-05 4.7657e-05 4.7779e-05 4.7716e-05 4.7837e-05 4.7759e-05 4.8005e-05 4.7792e-05 4.7972e-05 4.777e-05 4.7814e-05 4.7846e-05 4.7808e-05 4.7687e-05 4.7997e-05 4.7982e-05 4.794e-05
4.7831e-05 4.7888e-05 4.7624e-05 4.7629e-05 4.7609e-05 4.7626e-05 4.786e-05 4.7993e-05 4.8001e-05 4.7974e-05 4.7931e-05 4.7945e-05 4.7979e-05 4.7926e-05 4.7967e-05 4.7991e-05 4.7837e-05 4.7576e-05 4.7602e-05 4.7412e-05 4.7243e-05 4.705e-05 4.6991e-05 4.6826e-05 4.6621e-05 4.6374e-05 4.5932e-05 4.5395e-05 4.4799e-05 4.4323e-05 4.3973e-05 4.3587e-05 4.336e-05 4.3326e-05 4.3478e-05 4.2967e-05 4.3146e-05 4.2428e-05 4.2579e-05 4.3103e-05 4.3511e-05 4.397e-05 4.4264e-05 4.4566e-05 4.491e-05 4.5161e-05 4.5527e-05 4.5794e-05 4.6085e-05 4.6329e-05 4.649e-05 4.6707e-05 4.6756e-05 4.6341e-05 4.5806e-05 4.6153e-05 4.5701e-05 4.6027e-05 4.5689e-05 4.5307e-05 4.5395e-05 4.58e-05 4.7675e-05 4.766e-05 4.7734e-05 4.763e-05 4.7862e-05 4.7922e-05 4.7897e-05 4.7914e-05 4.7981e-05 4.7965e-05 4.8007e-05 4.7976e-05 4.755e-05 4.7214e-05 4.7618e-05 4.7773e-05 4.7628e-05 4.7564e-05 4.7672e-05 4.7723e-05 4.7772e-05 4.7568e-05 4.7695e-05 4.755e-05 4.7956e-05 4.7946e-05 4.8002e-05 4.7959e-05 4.7906e-05 4.7958e-05 4.7996e-05 4.8006e-05 4.7881e-05 4.7783e-05 4.7663e-05 4.7374e-05 4.7327e-05 4.7475e-05 4.7564e-05 4.764e-05 4.673e-05 4.7096e-05 4.7343e-05 4.7248e-05 4.7454e-05 4.6506e-05 4.6418e-05 4.6887e-05 4.7387e-05 4.6967e-05 4.745e-05 4.7418e-05 4.7482e-05 4.7699e-05 4.7797e-05 4.7995e-05 4.7995e-05 4.7956e-05 4.7876e-05 4.775e-05 4.7914e-05 4.7524e-05 4.7844e-05 4.788e-05 4.7802e-05 4.7832e-05 4.8002e-05 4.8001e-05 4.7967e-05 4.7902e-05 4.8008e-05 4.782e-05 4.7503e-05 4.7312e-05 4.6131e-05 4.6291e-05 4.7183e-05 4.7048e-05 4.7263e-05 4.7247e-05 4.689e-05 4.6554e-05 4.7416e-05 4.752e-05 4.7535e-05 4.7564e-05 4.7573e-05 4.7354e-05 4.7113e-05 4.6859e-05 4.6601e-05 4.6893e-05 4.7581e-05 4.6906e-05 4.7082e-05 4.7029e-05 4.651e-05 4.723e-05 4.7111e-05 4.7288e-05 4.7163e-05 4.7156e-05 4.7672e-05 4.7772e-05 4.7905e-05 4.7794e-05 4.7609e-05 4.7996e-05 4.8008e-05 4.7952e-05 4.7966e-05 4.8008e-05 4.8001e-05 4.7796e-05 4.753e-05 4.788e-05 4.7888e-05 4.775e-05
4.7233e-05 4.7514e-05 4.7525e-05 4.7371e-05 4.77e-05 4.7865e-05 4.7996e-05 4.7805e-05 4.7839e-05 4.8002e-05 4.8008e-05 4.7951e-05 4.7983e-05 4.7978e-05 4.8006e-05 4.7975e-05 4.7914e-05 4.7809e-05 4.7469e-05 4.7404e-05 4.7236e-05 4.6998e-05 4.6839e-05 4.6556e-05 4.6363e-05 4.6067e-05 4.5631e-05 4.4851e-05 4.3912e-05 4.3423e-05 4.3121e-05 4.2974e-05 4.2835e-05 4.2959e-05 4.3193e-05 4.1681e-05 4.2833e-05 4.2331e-05 4.2472e-05 4.2766e-05 4.2957e-05 4.335e-05 4.3666e-05 4.3982e-05 4.4384e-05 4.4779e-05 4.5186e-05 4.5492e-05 4.5857e-05 4.6098e-05 4.6258e-05 4.638e-05 4.6547e-05 4.6486e-05 4.6026e-05 4.5568e-05 4.5551e-05 4.5532e-05 4.5685e-05 4.5563e-05 4.517e-05 4.6701e-05 4.7483e-05 4.7438e-05 4.7608e-05 4.7738e-05 4.7937e-05 4.7958e-05 4.7976e-05 4.7893e-05 4.796e-05 4.8003e-05 4.7982e-05 4.7721e-05 4.6993e-05 4.6962e-05 4.7045e-05 4.7734e-05 4.7489e-05 4.7498e-05 4.7186e-05 4.7572e-05 4.7667e-05 4.7705e-05 4.7442e-05 4.7332e-05 4.7836e-05 4.7978e-05 4.7969e-05 4.7949e-05 4.8002e-05 4.8004e-05 4.8007e-05 4.7995e-05 4.7836e-05 4.7916e-05 4.7675e-05 4.7568e-05 4.7747e-05 4.7127e-05 4.7478e-05 4.755e-05 4.6925e-05 4.7303e-05 4.6866e-05 4.7209e-05 4.6516e-05 4.6295e-05 4.6846e-05 4.6874e-05 4.6677e-05 4.7064e-05 4.7044e-05 4.7241e-05 4.7358e-05 4.7543e-05 4.7547e-05 4.7502e-05 4.7555e-05 4.8008e-05 4.7986e-05 4.7976e-05 4.7948e-05 4.7952e-05 4.7999e-05 4.8005e-05 4.7928e-05 4.7926e-05 4.7958e-05 4.7914e-05 4.7879e-05 4.7542e-05 4.7381e-05 4.7655e-05 4.735e-05 4.7066e-05 4.6597e-05 4.6445e-05 4.6889e-05 4.7107e-05 4.7376e-05 4.7403e-05 4.7583e-05 4.7573e-05 4.7452e-05 4.749e-05 4.7513e-05 4.7528e-05 4.7415e-05 4.7315e-05 4.7538e-05 4.7079e-05 4.6624e-05 4.6733e-05 4.7155e-05 4.7295e-05 4.718e-05 4.737e-05 4.6874e-05 4.728e-05 4.7381e-05 4.72e-05 4.7096e-05 4.7013e-05 4.7544e-05 4.7553e-05 4.7442e-05 4.7384e-05 4.7881e-05 4.8004e-05 4.7984e-05 4.7929e-05 4.7888e-05 4.772e-05 4.7942e-05 4.7915e-05 4.7979e-05 4.8004e-05 4.8007e-05 4.7322e-05
4.7293e-05 4.7277e-05 4.7429e-05 4.771e-05 4.7728e-05 4.7883e-05 4.7976e-05 4.7889e-05 4.7921e-05 4.7961e-05 4.8001e-05 4.7989e-05 4.8003e-05 4.773e-05 4.7998e-05 4.7953e-05 4.7921e-05 4.7913e-05 4.7687e-05 4.7362e-05 4.7208e-05 4.7004e-05 4.6595e-05 4.6262e-05 4.6029e-05 4.5689e-05 4.5136e-05 4.3917e-05 4.2937e-05 4.2374e-05 4.2285e-05 4.2361e-05 4.2539e-05 4.2703e-05 4.239e-05 4.1793e-05 4.2162e-05 4.236e-05 4.2224e-05 4.2114e-05 4.2229e-05 4.2629e-05 4.3044e-05 4.336e-05 4.3905e-05 4.4355e-05 4.4781e-05 4.5107e-05 4.5492e-05 4.5824e-05 4.5964e-05 4.6205e-05 4.623e-05 4.632e-05 4.5926e-05 4.5503e-05 4.4928e-05 4.496e-05 4.5571e-05 4.5438e-05 4.5175e-05 4.6836e-05 4.7461e-05 4.6919e-05 4.7341e-05 4.6994e-05 4.7007e-05 4.729e-05 4.7943e-05 4.7993e-05 4.7804e-05 4.8003e-05 4.7996e-05 4.7813e-05 4.6983e-05 4.7039e-05 4.699e-05 4.7725e-05 4.7397e-05 4.7658e-05 4.7436e-05 4.7533e-05 4.7513e-05 4.7526e-05 4.7478e-05 4.7543e-05 4.7735e-05 4.774e-05 4.7783e-05 4.7937e-05 4.8006e-05 4.8008e-05 4.8008e-05 4.8e-05 4.7929e-05 4.7938e-05 4.7694e-05 4.7733e-05 4.7465e-05 4.7905e-05 4.7583e-05 4.7356e-05 4.6956e-05 4.695e-05 4.6938e-05 4.6875e-05 4.6974e-05 4.6451e-05 4.6976e-05 4.697e-05 4.7121e-05 4.692e-05 4.6733e-05 4.6707e-05 4.7029e-05 4.7094e-05 4.7267e-05 4.7763e-05 4.7815e-05 4.7466e-05 4.7844e-05 4.7778e-05 4.7908e-05 4.7908e-05 4.7864e-05 4.8004e-05 4.7988e-05 4.7984e-05 4.7961e-05 4.7891e-05 4.7525e-05 4.7632e-05 4.6579e-05 4.6953e-05 4.7091e-05 4.6929e-05 4.6339e-05 4.6364e-05 4.6943e-05 4.7193e-05 4.746e-05 4.749e-05 4.7592e-05 4.7666e-05 4.7507e-05 4.7472e-05 4.7445e-05 4.7387e-05 4.7349e-05 4.7114e-05 4.7251e-05 4.716e-05 4.6818e-05 4.6949e-05 4.6808e-05 4.6921e-05 4.7154e-05 4.7366e-05 4.7165e-05 4.7642e-05 4.7368e-05 4.7332e-05 4.7127e-05 4.6939e-05 4.7776e-05 4.6987e-05 4.7294e-05 4.7533e-05 4.7902e-05 4.7973e-05 4.7938e-05 4.7821e-05 4.7815e-05 4.7668e-05 4.7516e-05 4.7862e-05 4.7857e-05 4.7984e-05 4.7854e-05 4.7979e-05
4.8006e-05 4.732e-05 4.7938e-05 4.7807e-05 4.7966e-05 4.8005e-05 4.7505e-05 4.7698e-05 4.798e-05 4.7956e-05 4.7958e-05 4.7996e-05 4.7944e-05 4.7965e-05 4.8002e-05 4.7968e-05 4.7399e-05 4.7942e-05 4.8006e-05 4.7477e-05 4.7272e-05 4.6958e-05 4.6643e-05 4.63e-05 4.5845e-05 4.5268e-05 4.4304e-05 4.279e-05 4.1431e-05 4.1065e-05 4.1437e-05 4.1952e-05 4.212e-05 4.2377e-05 4.2522e-05 4.246e-05 4.2645e-05 4.2674e-05 4.2002e-05 4.1694e-05 4.1667e-05 4.2203e-05 4.2556e-05 4.2898e-05 4.3434e-05 4.4058e-05 4.4508e-05 4.4851e-05 4.5091e-05 4.5275e-05 4.53e-05 4.5764e-05 4.5985e-05 4.5995e-05 4.5627e-05 4.5491e-05 4.5055e-05 4.6239e-05 4.5363e-05 4.6402e-05 4.6926e-05 4.7305e-05 4.6756e-05 4.6837e-05 4.7457e-05 4.7167e-05 4.6765e-05 4.7426e-05 4.7369e-05 4.8007e-05 4.7993e-05 4.792e-05 4.7956e-05 4.7896e-05 4.7284e-05 4.7311e-05 4.7104e-05 4.7328e-05 4.7501e-05 4.7568e-05 4.7512e-05 4.7495e-05 4.7554e-05 4.7341e-05 4.7563e-05 4.7623e-05 4.7611e-05 4.776e-05 4.784e-05 4.7895e-05 4.7839e-05 4.7962e-05 4.7994e-05 4.7984e-05 4.7932e-05 4.7938e-05 4.789e-05 4.7764e-05 4.7359e-05 4.7759e-05 4.7206e-05 4.7314e-05 4.7179e-05 4.6837e-05 4.6954e-05 4.6662e-05 4.681e-05 4.6777e-05 4.6619e-05 4.6701e-05 4.7135e-05 4.6621e-05 4.6434e-05 4.641e-05 4.6509e-05 4.6155e-05 4.7097e-05 4.775e-05 4.7775e-05 4.7789e-05 4.7458e-05 4.7797e-05 4.7781e-05 4.7711e-05 4.7886e-05 4.7956e-05 4.7965e-05 4.8e-05 4.7761e-05 4.7493e-05 4.7322e-05 4.6451e-05 4.636e-05 4.6412e-05 4.6733e-05 4.6579e-05 4.6323e-05 4.652e-05 4.6581e-05 4.7035e-05 4.7332e-05 4.7531e-05 4.7498e-05 4.7515e-05 4.761e-05 4.7518e-05 4.7343e-05 4.7424e-05 4.7139e-05 4.7358e-05 4.7128e-05 4.736e-05 4.6744e-05 4.6432e-05 4.7372e-05 4.7532e-05 4.6921e-05 4.7534e-05 4.7561e-05 4.7336e-05 4.7392e-05 4.7293e-05 4.6946e-05 4.7167e-05 4.7568e-05 4.7668e-05 4.7568e-05 4.7594e-05 4.7781e-05 4.7918e-05 4.7722e-05 4.7044e-05 4.7385e-05 4.7506e-05 4.7831e-05 4.7346e-05 4.7687e-05 4.7085e-05 4.7972e-05 4.8003e-05
4.797e-05 4.7998e-05 4.799e-05 4.7887e-05 4.7972e-05 4.7988e-05 4.7798e-05 4.7494e-05 4.7661e-05 4.7526e-05 4.777e-05 4.7994e-05 4.8008e-05 4.7989e-05 4.7994e-05 4.7975e-05 4.7969e-05 4.7951e-05 4.7887e-05 4.7666e-05 4.7406e-05 4.7035e-05 4.6689e-05 4.6301e-05 4.573e-05 4.4994e-05 4.389e-05 4.1876e-05 4.0186e-05 3.9954e-05 4.0664e-05 4.1541e-05 4.1857e-05 4.195e-05 4.2032e-05 4.271e-05 4.2466e-05 4.2424e-05 4.1854e-05 4.1608e-05 4.1648e-05 4.2846e-05 4.21e-05 4.2593e-05 4.3146e-05 4.3695e-05 4.4253e-05 4.4603e-05 4.4873e-05 4.5071e-05 4.513e-05 4.5975e-05 4.5311e-05 4.7031e-05 4.6853e-05 4.7354e-05 4.7247e-05 4.7819e-05 4.6903e-05 4.7697e-05 4.7027e-05 4.6894e-05 4.6811e-05 4.707e-05 4.6853e-05 4.6743e-05 4.7263e-05 4.7231e-05 4.7738e-05 4.6888e-05 4.7917e-05 4.7989e-05 4.789e-05 4.7748e-05 4.7667e-05 4.7308e-05 4.7418e-05 4.7116e-05 4.694e-05 4.7415e-05 4.747e-05 4.7459e-05 4.7495e-05 4.7495e-05 4.7685e-05 4.7633e-05 4.7502e-05 4.7699e-05 4.7854e-05 4.7647e-05 4.7798e-05 4.7868e-05 4.7964e-05 4.8008e-05 4.7937e-05 4.7995e-05 4.7941e-05 4.7814e-05 4.7708e-05 4.7711e-05 4.7681e-05 4.7454e-05 4.7094e-05 4.6886e-05 4.6679e-05 4.7199e-05 4.6724e-05 4.6695e-05 4.6563e-05 4.6481e-05 4.6524e-05 4.6681e-05 4.624e-05 4.6657e-05 4.6534e-05 4.6791e-05 4.6795e-05 4.7542e-05 4.7685e-05 4.7588e-05 4.7629e-05 4.7807e-05 4.7702e-05 4.7698e-05 4.7471e-05 4.7813e-05 4.7853e-05 4.7867e-05 4.774e-05 4.7587e-05 4.6635e-05 4.6382e-05 4.6037e-05 4.6639e-05 4.6477e-05 4.6707e-05 4.6273e-05 4.647e-05 4.7161e-05 4.7192e-05 4.7611e-05 4.7521e-05 4.7622e-05 4.7555e-05 4.7602e-05 4.7544e-05 4.723e-05 4.7072e-05 4.7016e-05 4.7092e-05 4.7046e-05 4.6827e-05 4.7239e-05 4.6758e-05 4.7567e-05 4.7551e-05 4.7107e-05 4.7124e-05 4.7434e-05 4.7527e-05 4.7284e-05 4.7384e-05 4.7023e-05 4.6888e-05 4.7222e-05 4.7904e-05 4.7924e-05 4.7983e-05 4.7994e-05 4.7684e-05 4.7462e-05 4.7228e-05 4.7159e-05 4.7246e-05 4.7299e-05 4.715e-05 4.7027e-05 4.7251e-05 4.7041e-05 4.7269e-05
4.707e-05 4.7408e-05 4.7001e-05 4.6971e-05 4.7879e-05 4.7908e-05 4.7744e-05 4.7424e-05 4.7643e-05 4.7627e-05 4.7772e-05 4.7818e-05 4.7788e-05 4.797e-05 4.7895e-05 4.7939e-05 4.7976e-05 4.7999e-05 4.7954e-05 4.7788e-05 4.751e-05 4.7247e-05 4.6763e-05 4.63e-05 4.5562e-05 4.4856e-05 4.3848e-05 4.2081e-05 4.0224e-05 3.9663e-05 3.9819e-05 4.1524e-05 4.1764e-05 4.1776e-05 4.1695e-05 4.2311e-05 4.2235e-05 4.1955e-05 4.1528e-05 4.1323e-05 4.1735e-05 4.2064e-05 4.2008e-05 4.2518e-05 4.2975e-05 4.3433e-05 4.421e-05 4.4446e-05 4.4683e-05 4.4947e-05 4.4811e-05 4.5598e-05 4.7788e-05 4.7105e-05 4.8135e-05 4.8293e-05 4.7925e-05 4.4259e-05 4.4008e-05 4.5238e-05 4.6023e-05 4.6265e-05 4.6603e-05 4.6846e-05 4.7309e-05 4.7203e-05 4.7391e-05 4.7918e-05 4.7935e-05 4.7968e-05 4.7292e-05 4.7563e-05 4.7333e-05 4.7222e-05 4.7541e-05 4.6937e-05 4.6922e-05 4.7191e-05 4.7018e-05 4.6978e-05 4.7388e-05 4.7382e-05 4.7328e-05 4.7445e-05 4.7401e-05 4.7483e-05 4.7265e-05 4.7578e-05 4.7507e-05 4.7715e-05 4.7714e-05 4.7547e-05 4.7943e-05 4.7991e-05 4.8007e-05 4.8005e-05 4.8008e-05 4.7942e-05 4.6964e-05 4.7346e-05 4.7714e-05 4.776e-05 4.7359e-05 4.7119e-05 4.7015e-05 4.6676e-05 4.6633e-05 4.6717e-05 4.6474e-05 4.6518e-05 4.7006e-05 4.6642e-05 4.674e-05 4.643e-05 4.6698e-05 4.685e-05 4.6789e-05 4.7021e-05 4.7378e-05 4.7186e-05 4.7324e-05 4.7553e-05 4.7518e-05 4.7441e-05 4.7152e-05 4.7813e-05 4.7746e-05 4.7897e-05 4.7744e-05 4.7722e-05 4.7516e-05 4.6762e-05 4.6149e-05 4.6391e-05 4.6336e-05 4.6932e-05 4.655e-05 4.7019e-05 4.7353e-05 4.738e-05 4.7714e-05 4.7653e-05 4.753e-05 4.7605e-05 4.7623e-05 4.7596e-05 4.7492e-05 4.7539e-05 4.7306e-05 4.7284e-05 4.7171e-05 4.6785e-05 4.6373e-05 4.6881e-05 4.6815e-05 4.7079e-05 4.7446e-05 4.7536e-05 4.7323e-05 4.7704e-05 4.7468e-05 4.7826e-05 4.7953e-05 4.7792e-05 4.7895e-05 4.7731e-05 4.7962e-05 4.7997e-05 4.792e-05 4.7544e-05 4.7365e-05 4.7309e-05 4.7013e-05 4.7091e-05 4.6959e-05 4.6877e-05 4.6871e-05 4.7428e-05 4.725e-05 4.7573e-05
4.7789e-05 4.7573e-05 4.7616e-05 4.7222e-05 4.6979e-05 4.7779e-05 4.7399e-05 4.7643e-05 4.7389e-05 4.7279e-05 4.7643e-05 4.7545e-05 4.7757e-05 4.7824e-05 4.7815e-05 4.7938e-05 4.7937e-05 4.8005e-05 4.7999e-05 4.7868e-05 4.7696e-05 4.7326e-05 4.6979e-05 4.6435e-05 4.5811e-05 4.502e-05 4.4093e-05 4.3224e-05 4.045e-05 4.0095e-05 4.0103e-05 4.0675e-05 4.1649e-05 4.1653e-05 4.1717e-05 4.161e-05 4.2004e-05 4.1793e-05 4.1828e-05 4.1541e-05 4.1663e-05 4.2268e-05 4.4084e-05 4.593e-05 4.4638e-05 4.3499e-05 4.4151e-05 4.483e-05 4.4766e-05 4.525e-05 4.7419e-05 4.6741e-05 4.6761e-05 4.7903e-05 4.7168e-05 4.4767e-05 4.376e-05 4.6372e-05 4.4504e-05 4.5943e-05 4.6247e-05 4.6429e-05 4.7211e-05 4.7041e-05 4.7477e-05 4.7644e-05 4.758e-05 4.7989e-05 4.6824e-05 4.799e-05 4.7382e-05 4.7407e-05 4.7778e-05 4.683e-05 4.6737e-05 4.6904e-05 4.7371e-05 4.7124e-05 4.7088e-05 4.6738e-05 4.6974e-05 4.7415e-05 4.7267e-05 4.7235e-05 4.7303e-05 4.7266e-05 4.7082e-05 4.7518e-05 4.7469e-05 4.7469e-05 4.7286e-05 4.7831e-05 4.7836e-05 4.7883e-05 4.7993e-05 4.7998e-05 4.8006e-05 4.796e-05 4.7601e-05 4.7523e-05 4.7747e-05 4.7623e-05 4.7248e-05 4.7397e-05 4.7359e-05 4.6972e-05 4.6663e-05 4.7033e-05 4.7923e-05 4.8005e-05 4.6755e-05 4.715e-05 4.6887e-05 4.6996e-05 4.6941e-05 4.6794e-05 4.682e-05 4.6917e-05 4.7176e-05 4.7235e-05 4.725e-05 4.7037e-05 4.7247e-05 4.7073e-05 4.7038e-05 4.7152e-05 4.7415e-05 4.7702e-05 4.7744e-05 4.7743e-05 4.7478e-05 4.7121e-05 4.6182e-05 4.7059e-05 4.7071e-05 4.6463e-05 4.7326e-05 4.7547e-05 4.7015e-05 4.7441e-05 4.7703e-05 4.7733e-05 4.7826e-05 4.7699e-05 4.7701e-05 4.7542e-05 4.7469e-05 4.7773e-05 4.7703e-05 4.7383e-05 4.6632e-05 4.6877e-05 4.639e-05 4.7171e-05 4.7547e-05 4.7408e-05 4.759e-05 4.7866e-05 4.7593e-05 4.778e-05 4.7972e-05 4.7739e-05 4.7441e-05 4.788e-05 4.7907e-05 4.744e-05 4.7488e-05 4.7641e-05 4.7411e-05 4.7355e-05 4.7208e-05 4.7061e-05 4.6935e-05 4.6736e-05 4.6781e-05 4.6799e-05 4.7376e-05 4.7758e-05 4.7286e-05 4.7443e-05
4.7362e-05 4.742e-05 4.7535e-05 4.7536e-05 4.6757e-05 4.6867e-05 4.7239e-05 4.7163e-05 4.6845e-05 4.7044e-05 4.7163e-05 4.7428e-05 4.7607e-05 4.7638e-05 4.7657e-05 4.7593e-05 4.768e-05 4.7936e-05 4.8006e-05 4.7969e-05 4.7806e-05 4.751e-05 4.7172e-05 4.659e-05 4.598e-05 4.5379e-05 4.4625e-05 4.3962e-05 4.0895e-05 3.9667e-05 3.9721e-05 4.0315e-05 4.1363e-05 4.158e-05 4.1732e-05 4.1934e-05 4.1533e-05 4.1549e-05 4.1946e-05 4.1553e-05 4.5118e-05 4.544e-05 4.2514e-05 4.6941e-05 4.624e-05 4.6796e-05 4.6782e-05 4.7836e-05 4.7742e-05 4.7926e-05 4.6399e-05 4.442e-05 4.7586e-05 4.7346e-05 4.7657e-05 4.7345e-05 4.7013e-05 4.6986e-05 4.5748e-05 4.6457e-05 4.6605e-05 4.6644e-05 4.6973e-05 4.7157e-05 4.8007e-05 4.7076e-05 4.6935e-05 4.7279e-05 4.7708e-05 4.7832e-05 4.708e-05 4.7512e-05 4.7384e-05 4.6883e-05 4.7192e-05 4.6831e-05 4.6746e-05 4.7263e-05 4.7301e-05 4.709e-05 4.7027e-05 4.715e-05 4.7096e-05 4.7332e-05 4.725e-05 4.7354e-05 4.75e-05 4.7613e-05 4.7658e-05 4.7573e-05 4.7647e-05 4.7527e-05 4.7838e-05 4.7888e-05 4.7902e-05 4.7867e-05 4.7865e-05 4.8005e-05 4.7817e-05 4.7904e-05 4.7257e-05 4.7209e-05 4.7366e-05 4.7408e-05 4.6723e-05 4.7196e-05 4.7339e-05 4.7047e-05 4.7025e-05 4.7068e-05 4.727e-05 4.7241e-05 4.7382e-05 4.6691e-05 4.678e-05 4.6796e-05 4.6788e-05 4.7305e-05 4.7352e-05 4.7178e-05 4.6817e-05 4.6623e-05 4.6754e-05 4.6495e-05 4.6949e-05 4.7437e-05 4.7233e-05 4.7382e-05 4.7732e-05 4.7737e-05 4.7655e-05 4.7564e-05 4.659e-05 4.649e-05 4.6941e-05 4.72e-05 4.7218e-05 4.7321e-05 4.7195e-05 4.7524e-05 4.774e-05 4.7703e-05 4.7885e-05 4.7862e-05 4.7832e-05 4.7862e-05 4.7924e-05 4.7918e-05 4.7903e-05 4.7991e-05 4.6412e-05 4.6253e-05 4.6441e-05 4.7172e-05 4.6721e-05 4.7823e-05 4.7749e-05 4.8004e-05 4.7996e-05 4.8003e-05 4.7735e-05 4.7455e-05 4.755e-05 4.7683e-05 4.7176e-05 4.694e-05 4.7132e-05 4.6969e-05 4.6945e-05 4.6978e-05 4.6949e-05 4.696e-05 4.6855e-05 4.676e-05 4.6736e-05 4.6737e-05 4.6872e-05 4.7056e-05 4.7141e-05 4.7349e-05
4.7283e-05 4.7165e-05 4.7055e-05 4.7102e-05 4.7327e-05 4.6744e-05 4.6761e-05 4.6767e-05 4.6738e-05 4.6969e-05 4.7181e-05 4.7642e-05 4.7473e-05 4.7337e-05 4.7144e-05 4.7026e-05 4.7028e-05 4.7384e-05 4.7984e-05 4.799e-05 4.7967e-05 4.7789e-05 4.7467e-05 4.6934e-05 4.6415e-05 4.5806e-05 4.5184e-05 4.4191e-05 4.2927e-05 4.1406e-05 4.0449e-05 4.06e-05 4.1369e-05 4.1484e-05 4.1811e-05 4.2053e-05 4.2033e-05 4.3047e-05 4.231e-05 4.172e-05 4.2049e-05 4.2349e-05 4.2802e-05 4.7553e-05 4.5676e-05 4.7886e-05 4.6033e-05 4.6935e-05 4.5664e-05 4.4741e-05 4.4231e-05 4.7608e-05 4.7835e-05 4.7655e-05 4.7981e-05 4.4833e-05 4.5265e-05 4.6622e-05 4.7658e-05 4.7554e-05 4.6874e-05 4.7033e-05 4.7165e-05 4.721e-05 4.7798e-05 4.7511e-05 4.7967e-05 4.7731e-05 4.7782e-05 4.7934e-05 4.798e-05 4.7504e-05 4.6744e-05 4.7728e-05 4.7755e-05 4.6743e-05 4.6901e-05 4.6751e-05 4.7535e-05 4.7355e-05 4.6754e-05 4.6915e-05 4.6968e-05 4.71e-05 4.7176e-05 4.7368e-05 4.7546e-05 4.753e-05 4.7372e-05 4.7506e-05 4.762e-05 4.7689e-05 4.7589e-05 4.7901e-05 4.7897e-05 4.7816e-05 4.7863e-05 4.7885e-05 4.8001e-05 4.7983e-05 4.7824e-05 4.7027e-05 4.7207e-05 4.7377e-05 4.7644e-05 4.7396e-05 4.7292e-05 4.7223e-05 4.7335e-05 4.7168e-05 4.7665e-05 4.7721e-05 4.7602e-05 4.6908e-05 4.6725e-05 4.6796e-05 4.6534e-05 4.6771e-05 4.6503e-05 4.7091e-05 4.6785e-05 4.7134e-05 4.6867e-05 4.6891e-05 4.7146e-05 4.6944e-05 4.7554e-05 4.7156e-05 4.7648e-05 4.7694e-05 4.7575e-05 4.7088e-05 4.7205e-05 4.6671e-05 4.7172e-05 4.7311e-05 4.7624e-05 4.7526e-05 4.761e-05 4.7711e-05 4.763e-05 4.7805e-05 4.8e-05 4.8006e-05 4.7978e-05 4.7956e-05 4.7922e-05 4.8003e-05 4.7932e-05 4.7813e-05 4.7388e-05 4.6964e-05 4.7697e-05 4.7601e-05 4.7523e-05 4.7895e-05 4.7091e-05 4.7707e-05 4.6976e-05 4.7058e-05 4.73e-05 4.7579e-05 4.7567e-05 4.7104e-05 4.7101e-05 4.6815e-05 4.6808e-05 4.6856e-05 4.6857e-05 4.6806e-05 4.6782e-05 4.6795e-05 4.6738e-05 4.674e-05 4.6741e-05 4.6736e-05 4.6736e-05 4.6777e-05 4.6918e-05 4.7102e-05
4.7084e-05 4.7132e-05 4.6932e-05 4.6902e-05 4.7026e-05 4.6777e-05 4.6783e-05 4.6741e-05 4.6833e-05 4.6764e-05 4.7406e-05 4.7886e-05 4.7111e-05 4.6743e-05 4.6758e-05 4.6736e-05 4.7502e-05 4.7972e-05 4.7409e-05 4.7771e-05 4.7957e-05 4.7956e-05 4.7897e-05 4.7498e-05 4.6891e-05 4.6294e-05 4.5711e-05 4.469e-05 4.3923e-05 4.2571e-05 4.1648e-05 4.1485e-05 4.1239e-05 4.1213e-05 4.1903e-05 4.2319e-05 4.2651e-05 4.2832e-05 4.2876e-05 4.245e-05 4.2256e-05 4.2835e-05 4.3238e-05 4.4204e-05 4.4539e-05 4.4598e-05 4.5314e-05 4.5358e-05 4.5158e-05 4.4813e-05 4.4519e-05 4.4272e-05 4.4837e-05 4.7649e-05 4.7119e-05 4.5445e-05 4.6139e-05 4.6704e-05 4.7053e-05 4.6883e-05 4.6864e-05 4.7533e-05 4.7505e-05 4.7735e-05 4.7779e-05 4.7849e-05 4.7788e-05 4.7984e-05 4.8006e-05 4.7955e-05 4.7839e-05 4.7698e-05 4.7433e-05 4.7302e-05 4.7414e-05 4.6748e-05 4.6889e-05 4.6799e-05 4.7177e-05 4.7106e-05 4.6954e-05 4.6955e-05 4.6755e-05 4.6911e-05 4.7135e-05 4.7264e-05 4.7164e-05 4.7351e-05 4.7372e-05 4.7434e-05 4.7502e-05 4.7628e-05 4.7711e-05 4.7749e-05 4.7844e-05 4.7871e-05 4.8007e-05 4.7876e-05 4.7882e-05 4.7854e-05 4.7939e-05 4.7595e-05 4.7396e-05 4.7538e-05 4.7754e-05 4.7386e-05 4.7491e-05 4.7642e-05 4.7587e-05 4.759e-05 4.7765e-05 4.7767e-05 4.7557e-05 4.7286e-05 4.7101e-05 4.6634e-05 4.6317e-05 4.7555e-05 4.7395e-05 4.7144e-05 4.7056e-05 4.7185e-05 4.7015e-05 4.7414e-05 4.6842e-05 4.7193e-05 4.696e-05 4.7586e-05 4.7629e-05 4.7789e-05 4.7466e-05 4.7587e-05 4.7499e-05 4.739e-05 4.7706e-05 4.8008e-05 4.744e-05 4.7897e-05 4.7821e-05 4.7638e-05 4.7815e-05 4.7859e-05 4.798e-05 4.798e-05 4.7987e-05 4.7839e-05 4.7938e-05 4.8e-05 4.7904e-05 4.7743e-05 4.7318e-05 4.7481e-05 4.7391e-05 4.7557e-05 4.774e-05 4.7996e-05 4.7087e-05 4.7081e-05 4.7031e-05 4.7385e-05 4.6979e-05 4.7068e-05 4.7103e-05 4.7177e-05 4.7002e-05 4.6797e-05 4.6887e-05 4.7089e-05 4.674e-05 4.6737e-05 4.674e-05 4.6738e-05 4.6744e-05 4.6753e-05 4.6751e-05 4.6753e-05 4.674e-05 4.6738e-05 4.6845e-05 4.688e-05
4.683e-05 4.6877e-05 4.6841e-05 4.6761e-05 4.6742e-05 4.679e-05 4.6797e-05 4.6736e-05 4.6747e-05 4.7083e-05 4.7549e-05 4.7954e-05 4.7004e-05 4.6752e-05 4.6767e-05 4.6902e-05 4.7392e-05 4.7085e-05 4.7196e-05 4.7735e-05 4.7852e-05 4.7977e-05 4.8005e-05 4.7841e-05 4.7417e-05 4.6653e-05 4.5965e-05 4.5164e-05 4.439e-05 4.3591e-05 4.2522e-05 4.1968e-05 4.0819e-05 3.9949e-05 4.2112e-05 4.2537e-05 4.2814e-05 4.3098e-05 4.3274e-05 4.3315e-05 4.3366e-05 4.4295e-05 4.4697e-05 4.5051e-05 4.5344e-05 4.5972e-05 4.6319e-05 4.6558e-05 4.6832e-05 4.7064e-05 4.6716e-05 4.7701e-05 4.6807e-05 4.5471e-05 4.5614e-05 4.5944e-05 4.685e-05 4.7187e-05 4.7279e-05 4.8008e-05 4.7574e-05 4.7766e-05 4.7796e-05 4.778e-05 4.7909e-05 4.7951e-05 4.7945e-05 4.778e-05 4.771e-05 4.7781e-05 4.695e-05 4.7633e-05 4.6997e-05 4.7099e-05 4.7007e-05 4.6998e-05 4.7138e-05 4.709e-05 4.7035e-05 4.6861e-05 4.6741e-05 4.6746e-05 4.6788e-05 4.706e-05 4.7015e-05 4.7053e-05 4.7185e-05 4.7353e-05 4.7459e-05 4.7501e-05 4.7454e-05 4.7348e-05 4.7601e-05 4.7655e-05 4.7812e-05 4.7865e-05 4.8003e-05 4.7889e-05 4.7897e-05 4.7869e-05 4.7951e-05 4.7862e-05 4.7748e-05 4.7597e-05 4.7764e-05 4.7707e-05 4.7668e-05 4.7791e-05 4.7822e-05 4.7858e-05 4.7923e-05 4.791e-05 4.7439e-05 4.7219e-05 4.7191e-05 4.6865e-05 4.6547e-05 4.7571e-05 4.7392e-05 4.7358e-05 4.7386e-05 4.7005e-05 4.7092e-05 4.6884e-05 4.7247e-05 4.7311e-05 4.7476e-05 4.7597e-05 4.7953e-05 4.7882e-05 4.7669e-05 4.7293e-05 4.7648e-05 4.7743e-05 4.8006e-05 4.7999e-05 4.7935e-05 4.7835e-05 4.7859e-05 4.7757e-05 4.7885e-05 4.7951e-05 4.7951e-05 4.793e-05 4.7904e-05 4.7802e-05 4.7874e-05 4.789e-05 4.798e-05 4.7759e-05 4.7678e-05 4.7742e-05 4.8007e-05 4.8007e-05 4.7913e-05 4.7114e-05 4.6855e-05 4.6773e-05 4.6879e-05 4.6907e-05 4.6744e-05 4.6792e-05 4.6968e-05 4.6991e-05 4.6785e-05 4.6853e-05 4.7125e-05 4.6858e-05 4.6745e-05 4.6736e-05 4.6738e-05 4.6741e-05 4.6742e-05 4.6755e-05 4.6761e-05 4.6756e-05 4.6736e-05 4.6736e-05 4.6754e-05 4.6802e-05
4.6785e-05 4.6861e-05 4.6762e-05 4.6745e-05 4.6736e-05 4.675e-05 4.6801e-05 4.689e-05 4.674e-05 4.6933e-05 4.7448e-05 4.7425e-05 4.6797e-05 4.6766e-05 4.6772e-05 4.6746e-05 4.6831e-05 4.6943e-05 4.7765e-05 4.7365e-05 4.7704e-05 4.7705e-05 4.8008e-05 4.7702e-05 4.7244e-05 4.7088e-05 4.6401e-05 4.5393e-05 4.4494e-05 4.4181e-05 4.3714e-05 4.3136e-05 4.1118e-05 3.9722e-05 4.0051e-05 4.2844e-05 4.3004e-05 4.3143e-05 4.3488e-05 4.3857e-05 4.4314e-05 4.4685e-05 4.496e-05 4.5329e-05 4.5783e-05 4.6348e-05 4.6701e-05 4.7068e-05 4.7565e-05 4.7874e-05 4.6579e-05 4.5398e-05 4.5188e-05 4.5638e-05 4.5994e-05 4.6659e-05 4.7124e-05 4.7521e-05 4.7579e-05 4.7889e-05 4.774e-05 4.7868e-05 4.7992e-05 4.7868e-05 4.7931e-05 4.7979e-05 4.7933e-05 4.7302e-05 4.7982e-05 4.784e-05 4.7506e-05 4.6854e-05 4.8016e-05 4.7877e-05 4.7318e-05 4.7136e-05 4.7111e-05 4.7035e-05 4.7285e-05 4.676e-05 4.7269e-05 4.6746e-05 4.6901e-05 4.712e-05 4.6902e-05 4.6948e-05 4.7154e-05 4.7375e-05 4.7278e-05 4.7466e-05 4.7492e-05 4.7398e-05 4.756e-05 4.7573e-05 4.7627e-05 4.7827e-05 4.788e-05 4.8002e-05 4.7997e-05 4.8005e-05 4.8002e-05 4.8007e-05 4.7962e-05 4.8008e-05 4.7807e-05 4.7654e-05 4.7701e-05 4.7972e-05 4.7914e-05 4.7899e-05 4.79e-05 4.7622e-05 4.7747e-05 4.7619e-05 4.7259e-05 4.7079e-05 4.7394e-05 4.7383e-05 4.7105e-05 4.7497e-05 4.7323e-05 4.7179e-05 4.7266e-05 4.7297e-05 4.729e-05 4.7395e-05 4.7557e-05 4.7754e-05 4.7795e-05 4.7906e-05 4.8007e-05 4.7993e-05 4.7944e-05 4.7957e-05 4.7902e-05 4.7949e-05 4.8008e-05 4.8007e-05 4.7987e-05 4.7999e-05 4.7939e-05 4.7907e-05 4.7714e-05 4.7733e-05 4.7663e-05 4.7902e-05 4.7991e-05 4.7975e-05 4.7991e-05 4.7878e-05 4.7979e-05 4.7977e-05 4.7429e-05 4.7233e-05 4.7173e-05 4.7079e-05 4.6841e-05 4.6764e-05 4.6797e-05 4.6747e-05 4.6786e-05 4.6785e-05 4.6845e-05 4.6757e-05 4.677e-05 4.6833e-05 4.6957e-05 4.6759e-05 4.6738e-05 4.6736e-05 4.6738e-05 4.6744e-05 4.6745e-05 4.6751e-05 4.6754e-05 4.6755e-05 4.6759e-05 4.6744e-05 4.6737e-05 4.6742e-05
4.6763e-05 4.6742e-05 4.6751e-05 4.6782e-05 4.6837e-05 4.6869e-05 4.6844e-05 4.6799e-05 4.6759e-05 4.6923e-05 4.7069e-05 4.7004e-05 4.6786e-05 4.6851e-05 4.6834e-05 4.6752e-05 4.6737e-05 4.7323e-05 4.7453e-05 4.7098e-05 4.7303e-05 4.7916e-05 4.7973e-05 4.7554e-05 4.6935e-05 4.7618e-05 4.6931e-05 4.4759e-05 4.4528e-05 4.4644e-05 4.4489e-05 4.4643e-05 4.4106e-05 4.0902e-05 4.2174e-05 4.3157e-05 4.2908e-05 4.303e-05 4.3567e-05 4.408e-05 4.455e-05 4.4817e-05 4.504e-05 4.5017e-05 4.6242e-05 4.6721e-05 4.7223e-05 4.7518e-05 4.777e-05 4.8003e-05 4.7997e-05 4.7159e-05 4.6535e-05 4.6787e-05 4.7175e-05 4.7494e-05 4.7676e-05 4.7758e-05 4.7811e-05 4.796e-05 4.7943e-05 4.7876e-05 4.7713e-05 4.7975e-05 4.7915e-05 4.8006e-05 4.8002e-05 4.7809e-05 4.776e-05 4.7522e-05 4.7396e-05 4.7206e-05 4.7236e-05 4.7436e-05 4.6924e-05 4.6743e-05 4.6779e-05 4.6736e-05 4.6765e-05 4.6766e-05 4.7053e-05 4.7168e-05 4.6886e-05 4.7021e-05 4.7114e-05 4.6885e-05 4.7216e-05 4.7449e-05 4.7348e-05 4.7367e-05 4.7271e-05 4.7389e-05 4.7451e-05 4.7558e-05 4.7651e-05 4.7805e-05 4.7829e-05 4.7956e-05 4.7894e-05 4.7973e-05 4.7974e-05 4.7974e-05 4.7978e-05 4.8008e-05 4.8008e-05 4.7802e-05 4.7944e-05 4.8004e-05 4.7884e-05 4.7882e-05 4.7939e-05 4.7799e-05 4.7508e-05 4.7477e-05 4.735e-05 4.77e-05 4.7542e-05 4.7538e-05 4.7264e-05 4.7527e-05 4.7381e-05 4.7251e-05 4.7228e-05 4.7356e-05 4.7375e-05 4.7449e-05 4.7653e-05 4.7765e-05 4.7913e-05 4.7962e-05 4.7786e-05 4.7402e-05 4.7117e-05 4.6986e-05 4.6758e-05 4.7034e-05 4.7855e-05 4.792e-05 4.7982e-05 4.7851e-05 4.7825e-05 4.7669e-05 4.7558e-05 4.7685e-05 4.774e-05 4.7986e-05 4.7998e-05 4.8007e-05 4.7991e-05 4.7879e-05 4.7891e-05 4.7098e-05 4.7189e-05 4.7348e-05 4.7265e-05 4.6866e-05 4.6796e-05 4.6756e-05 4.6748e-05 4.6737e-05 4.6806e-05 4.6739e-05 4.6753e-05 4.6741e-05 4.6747e-05 4.6799e-05 4.6772e-05 4.6742e-05 4.6737e-05 4.6736e-05 4.6736e-05 4.6741e-05 4.6745e-05 4.6747e-05 4.6746e-05 4.6753e-05 4.6758e-05 4.6764e-05 4.677e-05 4.6775e-05
4.6759e-05 4.6796e-05 4.6942e-05 4.68e-05 4.6896e-05 4.6907e-05 4.6863e-05 4.6846e-05 4.6794e-05 4.6741e-05 4.6788e-05 4.6832e-05 4.6861e-05 4.6948e-05 4.695e-05 4.6857e-05 4.6832e-05 4.7504e-05 4.6863e-05 4.6967e-05 4.7477e-05 4.8006e-05 4.7757e-05 4.7423e-05 4.7663e-05 4.7743e-05 4.7561e-05 4.6314e-05 4.4658e-05 4.4546e-05 4.4793e-05 4.5279e-05 4.558e-05 4.521e-05 4.4207e-05 4.3522e-05 4.2727e-05 4.2541e-05 4.3717e-05 4.4388e-05 4.485e-05 4.5103e-05 4.5233e-05 4.4955e-05 4.6473e-05 4.728e-05 4.7612e-05 4.7805e-05 4.7979e-05 4.7911e-05 4.7754e-05 4.7581e-05 4.7561e-05 4.7785e-05 4.7899e-05 4.7976e-05 4.7958e-05 4.7972e-05 4.7986e-05 4.8008e-05 4.795e-05 4.7992e-05 4.7841e-05 4.7932e-05 4.8003e-05 4.7924e-05 4.7783e-05 4.7696e-05 4.7648e-05 4.7329e-05 4.6964e-05 4.6966e-05 4.6944e-05 4.6745e-05 4.7354e-05 4.6946e-05 4.6737e-05 4.696e-05 4.7068e-05 4.7035e-05 4.72e-05 4.6987e-05 4.7129e-05 4.7034e-05 4.6857e-05 4.7059e-05 4.7106e-05 4.7387e-05 4.7311e-05 4.7383e-05 4.7435e-05 4.7415e-05 4.7652e-05 4.7691e-05 4.7722e-05 4.7742e-05 4.7771e-05 4.776e-05 4.7853e-05 4.7963e-05 4.7961e-05 4.7971e-05 4.7994e-05 4.7977e-05 4.7997e-05 4.8002e-05 4.7993e-05 4.8006e-05 4.7996e-05 4.7787e-05 4.7881e-05 4.7303e-05 4.7476e-05 4.7378e-05 4.756e-05 4.7417e-05 4.7445e-05 4.757e-05 4.7508e-05 4.7499e-05 4.7387e-05 4.7279e-05 4.7184e-05 4.724e-05 4.7717e-05 4.7519e-05 4.7641e-05 4.7839e-05 4.798e-05 4.797e-05 4.742e-05 4.7231e-05 4.7408e-05 4.7412e-05 4.7355e-05 4.7121e-05 4.6762e-05 4.7254e-05 4.7506e-05 4.7578e-05 4.7621e-05 4.7384e-05 4.7514e-05 4.7733e-05 4.7698e-05 4.7952e-05 4.8e-05 4.7992e-05 4.7937e-05 4.7969e-05 4.7125e-05 4.7207e-05 4.7063e-05 4.7027e-05 4.6935e-05 4.6901e-05 4.6775e-05 4.675e-05 4.6739e-05 4.6738e-05 4.6742e-05 4.6748e-05 4.674e-05 4.674e-05 4.674e-05 4.6741e-05 4.6741e-05 4.6743e-05 4.6737e-05 4.6737e-05 4.6737e-05 4.6737e-05 4.6739e-05 4.6742e-05 4.6744e-05 4.6751e-05 4.6759e-05 4.6764e-05 4.6772e-05 4.6785e-05
4.6777e-05 4.6804e-05 4.683e-05 4.6843e-05 4.6895e-05 4.6912e-05 4.6905e-05 4.6891e-05 4.6848e-05 4.6756e-05 4.6745e-05 4.6769e-05 4.6961e-05 4.7032e-05 4.7054e-05 4.688e-05 4.6912e-05 4.6739e-05 4.6753e-05 4.6941e-05 4.7744e-05 4.8005e-05 4.7991e-05 4.8001e-05 4.7964e-05 4.7944e-05 4.7762e-05 4.7059e-05 4.4204e-05 4.4389e-05 4.4792e-05 4.5727e-05 4.6044e-05 4.5763e-05 4.5038e-05 4.4014e-05 4.1817e-05 4.1801e-05 4.4252e-05 4.4798e-05 4.513e-05 4.5338e-05 4.548e-05 4.5786e-05 4.7046e-05 4.7423e-05 4.7687e-05 4.7905e-05 4.8005e-05 4.7945e-05 4.7729e-05 4.7678e-05 4.7957e-05 4.7945e-05 4.7943e-05 4.7958e-05 4.7997e-05 4.8008e-05 4.7992e-05 4.7959e-05 4.7933e-05 4.7998e-05 4.7937e-05 4.8001e-05 4.7844e-05 4.7748e-05 4.7561e-05 4.7467e-05 4.7399e-05 4.7166e-05 4.6873e-05 4.7013e-05 4.7528e-05 4.6999e-05 4.7338e-05 4.6895e-05 4.6952e-05 4.7026e-05 4.6745e-05 4.6736e-05 4.6764e-05 4.7034e-05 4.698e-05 4.6925e-05 4.7049e-05 4.7248e-05 4.7237e-05 4.7399e-05 4.7297e-05 4.7471e-05 4.7392e-05 4.7462e-05 4.7498e-05 4.7396e-05 4.7732e-05 4.7795e-05 4.7854e-05 4.7733e-05 4.7905e-05 4.7996e-05 4.7996e-05 4.7984e-05 4.7954e-05 4.7991e-05 4.8002e-05 4.7951e-05 4.7994e-05 4.7847e-05 4.7995e-05 4.7977e-05 4.798e-05 4.7775e-05 4.7676e-05 4.7275e-05 4.7372e-05 4.7466e-05 4.7381e-05 4.7509e-05 4.7514e-05 4.7543e-05 4.7354e-05 4.7414e-05 4.7209e-05 4.7679e-05 4.7927e-05 4.7443e-05 4.7652e-05 4.7886e-05 4.7969e-05 4.7215e-05 4.7145e-05 4.755e-05 4.7481e-05 4.7454e-05 4.7446e-05 4.7341e-05 4.7292e-05 4.6875e-05 4.7194e-05 4.7232e-05 4.7163e-05 4.7323e-05 4.7612e-05 4.7552e-05 4.7949e-05 4.8008e-05 4.8001e-05 4.7879e-05 4.7986e-05 4.7992e-05 4.7239e-05 4.6967e-05 4.6912e-05 4.6841e-05 4.6793e-05 4.6821e-05 4.6744e-05 4.6737e-05 4.6744e-05 4.6737e-05 4.6736e-05 4.6744e-05 4.674e-05 4.6742e-05 4.6738e-05 4.6739e-05 4.6742e-05 4.6742e-05 4.6744e-05 4.6743e-05 4.674e-05 4.675e-05 4.6736e-05 4.6739e-05 4.6737e-05 4.6752e-05 4.6766e-05 4.6775e-05 4.6781e-05 4.6793e-05
4.6809e-05 4.6865e-05 4.6774e-05 4.6798e-05 4.6918e-05 4.6908e-05 4.6917e-05 4.6894e-05 4.696e-05 4.6785e-05 4.6736e-05 4.6913e-05 4.7068e-05 4.7114e-05 4.7084e-05 4.678e-05 4.6737e-05 4.6778e-05 4.6766e-05 4.7278e-05 4.7428e-05 4.7673e-05 4.7767e-05 4.7888e-05 4.7979e-05 4.8002e-05 4.7905e-05 4.7192e-05 4.4843e-05 4.4731e-05 4.5404e-05 4.6364e-05 4.6349e-05 4.6588e-05 4.6078e-05 4.4529e-05 4.1276e-05 4.0083e-05 4.3486e-05 4.5137e-05 4.5324e-05 4.5586e-05 4.5853e-05 4.6285e-05 4.6967e-05 4.7435e-05 4.7738e-05 4.7946e-05 4.8007e-05 4.7928e-05 4.772e-05 4.766e-05 4.7809e-05 4.8004e-05 4.7995e-05 4.7997e-05 4.8008e-05 4.7992e-05 4.7958e-05 4.7884e-05 4.7785e-05 4.7858e-05 4.7941e-05 4.7904e-05 4.782e-05 4.7504e-05 4.7148e-05 4.7105e-05 4.7043e-05 4.6789e-05 4.6995e-05 4.707e-05 4.6962e-05 4.7459e-05 4.676e-05 4.6774e-05 4.6751e-05 4.6787e-05 4.6737e-05 4.6942e-05 4.6938e-05 4.6998e-05 4.7052e-05 4.6975e-05 4.6918e-05 4.7067e-05 4.7152e-05 4.7019e-05 4.7157e-05 4.7139e-05 4.7351e-05 4.7425e-05 4.7551e-05 4.7482e-05 4.7626e-05 4.7373e-05 4.7732e-05 4.7845e-05 4.7882e-05 4.7832e-05 4.7843e-05 4.8007e-05 4.7985e-05 4.7963e-05 4.7973e-05 4.7916e-05 4.7879e-05 4.8008e-05 4.8003e-05 4.7972e-05 4.7952e-05 4.7958e-05 4.7872e-05 4.7948e-05 4.7782e-05 4.7582e-05 4.7462e-05 4.7499e-05 4.75e-05 4.7261e-05 4.7434e-05 4.7372e-05 4.71e-05 4.7996e-05 4.7542e-05 4.7444e-05 4.7751e-05 4.7985e-05 4.7801e-05 4.6747e-05 4.7314e-05 4.7599e-05 4.7611e-05 4.7575e-05 4.7494e-05 4.7431e-05 4.7362e-05 4.7158e-05 4.6781e-05 4.6795e-05 4.696e-05 4.6967e-05 4.7622e-05 4.7819e-05 4.7833e-05 4.7888e-05 4.7601e-05 4.7398e-05 4.7543e-05 4.7527e-05 4.7052e-05 4.6835e-05 4.6759e-05 4.684e-05 4.6747e-05 4.6736e-05 4.6742e-05 4.6744e-05 4.6761e-05 4.6756e-05 4.6769e-05 4.6781e-05 4.6797e-05 4.677e-05 4.6746e-05 4.674e-05 4.6762e-05 4.6751e-05 4.6779e-05 4.6768e-05 4.6767e-05 4.6736e-05 4.6736e-05 4.674e-05 4.6736e-05 4.675e-05 4.6765e-05 4.678e-05 4.6792e-05 4.6791e-05
4.6842e-05 4.6836e-05 4.6832e-05 4.6831e-05 4.6964e-05 4.6967e-05 4.7008e-05 4.6983e-05 4.7097e-05 4.7025e-05 4.6927e-05 4.7164e-05 4.7203e-05 4.7171e-05 4.7123e-05 4.7067e-05 4.6795e-05 4.6804e-05 4.6769e-05 4.7079e-05 4.7264e-05 4.7412e-05 4.7677e-05 4.7873e-05 4.7989e-05 4.8005e-05 4.7852e-05 4.7164e-05 4.6354e-05 4.6686e-05 4.662e-05 4.6612e-05 4.6642e-05 4.666e-05 4.6778e-05 4.6647e-05 4.1858e-05 4.0271e-05 3.9661e-05 4.5117e-05 4.5508e-05 4.579e-05 4.6117e-05 4.6527e-05 4.6969e-05 4.7481e-05 4.7834e-05 4.7973e-05 4.8001e-05 4.7931e-05 4.7768e-05 4.7634e-05 4.7668e-05 4.7998e-05 4.8008e-05 4.8008e-05 4.7997e-05 4.7955e-05 4.7917e-05 4.7839e-05 4.7748e-05 4.7908e-05 4.7951e-05 4.7685e-05 4.746e-05 4.7228e-05 4.6891e-05 4.6778e-05 4.6737e-05 4.6759e-05 4.7449e-05 4.7203e-05 4.6771e-05 4.7509e-05 4.697e-05 4.6789e-05 4.7063e-05 4.6859e-05 4.6949e-05 4.6823e-05 4.6972e-05 4.7029e-05 4.7135e-05 4.7197e-05 4.7061e-05 4.7014e-05 4.6914e-05 4.7018e-05 4.7072e-05 4.7136e-05 4.7336e-05 4.7395e-05 4.7376e-05 4.7381e-05 4.7264e-05 4.7627e-05 4.7421e-05 4.7845e-05 4.7795e-05 4.7749e-05 4.7838e-05 4.7863e-05 4.7984e-05 4.7975e-05 4.7923e-05 4.7958e-05 4.7389e-05 4.7964e-05 4.7754e-05 4.7949e-05 4.8002e-05 4.7995e-05 4.7984e-05 4.8008e-05 4.795e-05 4.7687e-05 4.7458e-05 4.7662e-05 4.7805e-05 4.7401e-05 4.7559e-05 4.7478e-05 4.7291e-05 4.718e-05 4.7346e-05 4.7704e-05 4.7922e-05 4.8e-05 4.7414e-05 4.6758e-05 4.7596e-05 4.7657e-05 4.7704e-05 4.7586e-05 4.7448e-05 4.7437e-05 4.731e-05 4.7229e-05 4.6901e-05 4.6742e-05 4.6812e-05 4.7559e-05 4.7342e-05 4.7497e-05 4.769e-05 4.7295e-05 4.7031e-05 4.6914e-05 4.6917e-05 4.6878e-05 4.6792e-05 4.6741e-05 4.6745e-05 4.6752e-05 4.6736e-05 4.674e-05 4.6736e-05 4.6736e-05 4.6772e-05 4.6814e-05 4.6889e-05 4.6996e-05 4.6958e-05 4.6922e-05 4.6865e-05 4.6829e-05 4.6819e-05 4.6821e-05 4.6807e-05 4.6737e-05 4.7072e-05 4.6759e-05 4.6737e-05 4.6737e-05 4.6737e-05 4.6765e-05 4.6775e-05 4.677e-05 4.6756e-05 4.6787e-05
4.6793e-05 4.6875e-05 4.6739e-05 4.6738e-05 4.6957e-05 4.694e-05 4.7033e-05 4.7092e-05 4.7129e-05 4.7174e-05 4.7237e-05 4.7304e-05 4.7294e-05 4.7269e-05 4.7231e-05 4.7091e-05 4.6966e-05 4.6777e-05 4.7124e-05 4.7057e-05 4.7189e-05 4.7526e-05 4.7724e-05 4.7851e-05 4.7996e-05 4.7986e-05 4.7865e-05 4.7611e-05 4.6916e-05 4.6916e-05 4.6793e-05 4.6782e-05 4.6783e-05 4.689e-05 4.7086e-05 4.7239e-05 4.6527e-05 3.9687e-05 4.009e-05 4.4121e-05 4.5276e-05 4.6047e-05 4.646e-05 4.6746e-05 4.3471e-05 4.7691e-05 4.7917e-05 4.8e-05 4.7988e-05 4.7931e-05 4.7734e-05 4.765e-05 4.7627e-05 4.798e-05 4.7997e-05 4.7985e-05 4.7948e-05 4.7896e-05 4.7853e-05 4.7792e-05 4.7763e-05 4.771e-05 4.7557e-05 4.7694e-05 4.7282e-05 4.6823e-05 4.6743e-05 4.6747e-05 4.6773e-05 4.724e-05 4.7371e-05 4.7214e-05 4.6764e-05 4.6741e-05 4.6745e-05 4.7004e-05 4.6736e-05 4.675e-05 4.6959e-05 4.7177e-05 4.7189e-05 4.7017e-05 4.7122e-05 4.7055e-05 4.7068e-05 4.7072e-05 4.73e-05 4.7052e-05 4.6737e-05 4.7157e-05 4.7373e-05 4.7327e-05 4.7323e-05 4.7147e-05 4.7206e-05 4.7654e-05 4.7642e-05 4.7587e-05 4.7503e-05 4.7478e-05 4.7538e-05 4.7903e-05 4.7963e-05 4.7932e-05 4.7879e-05 4.7796e-05 4.7879e-05 4.7716e-05 4.7361e-05 4.7984e-05 4.7994e-05 4.7897e-05 4.8007e-05 4.8006e-05 4.7985e-05 4.792e-05 4.7794e-05 4.7863e-05 4.7929e-05 4.79e-05 4.7838e-05 4.7589e-05 4.7516e-05 4.7543e-05 4.7621e-05 4.7784e-05 4.7983e-05 4.7891e-05 4.7115e-05 4.6787e-05 4.7603e-05 4.7633e-05 4.7602e-05 4.753e-05 4.7433e-05 4.7412e-05 4.7348e-05 4.7265e-05 4.7005e-05 4.6742e-05 4.675e-05 4.7064e-05 4.6994e-05 4.6937e-05 4.6947e-05 4.688e-05 4.6894e-05 4.6742e-05 4.6775e-05 4.6736e-05 4.6744e-05 4.6762e-05 4.6832e-05 4.6896e-05 4.6918e-05 4.6788e-05 4.6764e-05 4.6738e-05 4.6834e-05 4.7098e-05 4.7437e-05 4.7599e-05 4.7374e-05 4.7353e-05 4.7162e-05 4.7038e-05 4.6989e-05 4.6877e-05 4.6898e-05 4.6874e-05 4.6851e-05 4.6966e-05 4.6738e-05 4.6739e-05 4.6737e-05 4.6738e-05 4.6766e-05 4.6755e-05 4.698e-05 4.674e-05
4.6807e-05 4.6897e-05 4.6908e-05 4.7061e-05 4.702e-05 4.6949e-05 4.7104e-05 4.7226e-05 4.7252e-05 4.7307e-05 4.7373e-05 4.7477e-05 4.7454e-05 4.7418e-05 4.7406e-05 4.7204e-05 4.679e-05 4.6752e-05 4.7009e-05 4.7029e-05 4.7669e-05 4.6304e-05 4.1407e-05 4.0915e-05 4.319e-05 4.7948e-05 4.7789e-05 4.7718e-05 4.7528e-05 4.7092e-05 4.7009e-05 4.6897e-05 4.6922e-05 4.7004e-05 4.7101e-05 4.7204e-05 4.7221e-05 4.5919e-05 4.3624e-05 4.4049e-05 4.5527e-05 4.6264e-05 4.6727e-05 4.6995e-05 4.7425e-05 4.7871e-05 4.7968e-05 4.8008e-05 4.7985e-05 4.7935e-05 4.778e-05 4.7652e-05 4.7581e-05 4.7953e-05 4.7954e-05 4.7958e-05 4.7918e-05 4.7843e-05 4.7785e-05 4.777e-05 4.7716e-05 4.7717e-05 4.7758e-05 4.7455e-05 4.6799e-05 4.6736e-05 4.6764e-05 4.682e-05 4.6838e-05 4.7184e-05 4.7465e-05 4.7292e-05 4.6964e-05 4.6801e-05 4.7037e-05 4.6769e-05 4.6741e-05 4.6747e-05 4.6796e-05 4.6841e-05 4.6783e-05 4.6998e-05 4.7467e-05 4.6824e-05 4.6979e-05 4.7051e-05 4.7002e-05 4.7072e-05 4.7059e-05 4.7052e-05 4.6752e-05 4.6993e-05 4.7242e-05 4.7329e-05 4.7314e-05 4.7482e-05 4.7441e-05 4.7382e-05 4.7326e-05 4.7221e-05 4.7371e-05 4.7405e-05 4.7801e-05 4.7849e-05 4.7791e-05 4.7771e-05 4.7862e-05 4.7297e-05 4.7565e-05 4.8007e-05 4.7976e-05 4.7961e-05 4.7932e-05 4.7925e-05 4.8003e-05 4.7992e-05 4.7933e-05 4.7855e-05 4.7898e-05 4.7902e-05 4.7797e-05 4.7862e-05 4.7752e-05 4.7795e-05 4.7891e-05 4.7944e-05 4.8008e-05 4.7649e-05 4.6831e-05 4.7526e-05 4.7566e-05 4.7468e-05 4.759e-05 4.7499e-05 4.7421e-05 4.7382e-05 4.7307e-05 4.7259e-05 4.7047e-05 4.678e-05 4.6736e-05 4.6745e-05 4.6782e-05 4.6798e-05 4.6813e-05 4.6794e-05 4.6761e-05 4.6738e-05 4.6767e-05 4.6792e-05 4.6849e-05 4.6918e-05 4.6926e-05 4.6985e-05 4.7003e-05 4.6967e-05 4.6793e-05 4.6743e-05 4.699e-05 4.7402e-05 4.7707e-05 4.785e-05 4.7956e-05 4.7854e-05 4.7723e-05 4.7321e-05 4.7138e-05 4.7021e-05 4.7008e-05 4.6943e-05 4.6904e-05 4.6879e-05 4.6787e-05 4.6742e-05 4.6738e-05 4.6736e-05 4.6741e-05 4.6797e-05 4.677e-05 4.7309e-05
4.6872e-05 4.6967e-05 4.6995e-05 4.7098e-05 4.6784e-05 4.7088e-05 4.7126e-05 4.7208e-05 4.7357e-05 4.7398e-05 4.7482e-05 4.7564e-05 4.7594e-05 4.7576e-05 4.7625e-05 4.69e-05 4.6738e-05 4.6737e-05 4.6863e-05 4.6854e-05 4.795e-05 4.067e-05 4.002e-05 4.1296e-05 3.9703e-05 4.6044e-05 4.7754e-05 4.7731e-05 4.7878e-05 4.7548e-05 4.7289e-05 4.7032e-05 4.6968e-05 4.7038e-05 4.7122e-05 4.7223e-05 4.7241e-05 4.7031e-05 4.5837e-05 4.5692e-05 4.624e-05 4.6502e-05 4.6808e-05 4.7089e-05 4.7489e-05 4.7888e-05 4.7995e-05 4.8002e-05 4.7964e-05 4.7901e-05 4.783e-05 4.7583e-05 4.7632e-05 4.7998e-05 4.799e-05 4.7881e-05 4.7873e-05 4.7814e-05 4.7781e-05 4.7739e-05 4.7685e-05 4.7585e-05 4.7384e-05 4.6905e-05 4.6765e-05 4.6776e-05 4.6869e-05 4.7022e-05 4.7247e-05 4.7309e-05 4.7131e-05 4.7324e-05 4.7224e-05 4.7031e-05 4.7116e-05 4.6843e-05 4.6737e-05 4.6741e-05 4.6737e-05 4.6848e-05 4.6943e-05 4.7211e-05 4.6909e-05 4.674e-05 4.707e-05 4.7015e-05 4.6996e-05 4.7063e-05 4.7014e-05 4.6873e-05 4.7008e-05 4.705e-05 4.7277e-05 4.7345e-05 4.7235e-05 4.7136e-05 4.7221e-05 4.7205e-05 4.7213e-05 4.7081e-05 4.7104e-05 4.724e-05 4.7572e-05 4.7663e-05 4.742e-05 4.746e-05 4.7456e-05 4.7499e-05 4.7916e-05 4.7992e-05 4.7938e-05 4.7923e-05 4.7977e-05 4.8004e-05 4.8008e-05 4.8005e-05 4.7958e-05 4.7611e-05 4.7851e-05 4.791e-05 4.7928e-05 4.7923e-05 4.7901e-05 4.7929e-05 4.7956e-05 4.7997e-05 4.781e-05 4.7519e-05 4.6779e-05 4.7322e-05 4.75e-05 4.7531e-05 4.7488e-05 4.7427e-05 4.7399e-05 4.7399e-05 4.7329e-05 4.7181e-05 4.706e-05 4.6908e-05 4.6788e-05 4.6821e-05 4.6759e-05 4.6759e-05 4.6753e-05 4.6807e-05 4.6825e-05 4.6871e-05 4.6937e-05 4.7e-05 4.7059e-05 4.7058e-05 4.7072e-05 4.7156e-05 4.7114e-05 4.7102e-05 4.6921e-05 4.6747e-05 4.6985e-05 4.7623e-05 4.7905e-05 4.8007e-05 4.7977e-05 4.798e-05 4.7998e-05 4.7552e-05 4.7259e-05 4.719e-05 4.7194e-05 4.708e-05 4.6962e-05 4.6852e-05 4.6778e-05 4.6745e-05 4.675e-05 4.6736e-05 4.6819e-05 4.681e-05 4.677e-05 4.6899e-05
4.6874e-05 4.6993e-05 4.7099e-05 4.7145e-05 4.7193e-05 4.7106e-05 4.714e-05 4.7271e-05 4.7423e-05 4.7496e-05 4.7579e-05 4.768e-05 4.7712e-05 4.7722e-05 4.776e-05 4.6989e-05 4.6745e-05 4.6768e-05 4.7251e-05 4.6997e-05 4.778e-05 4.0746e-05 3.9972e-05 4.0735e-05 3.9661e-05 4.59e-05 4.7913e-05 4.7966e-05 4.7979e-05 4.7935e-05 4.7587e-05 4.7167e-05 4.6902e-05 4.6835e-05 4.686e-05 4.7137e-05 4.7283e-05 4.7257e-05 4.6786e-05 4.6605e-05 4.67e-05 4.6774e-05 4.6871e-05 4.7074e-05 4.7367e-05 4.7783e-05 4.8005e-05 4.7993e-05 4.7929e-05 4.7893e-05 4.7829e-05 4.7545e-05 4.7756e-05 4.7687e-05 4.7999e-05 4.7949e-05 4.7867e-05 4.7824e-05 4.7751e-05 4.7736e-05 4.7585e-05 4.7577e-05 4.7167e-05 4.6767e-05 4.6761e-05 4.6899e-05 4.7178e-05 4.7274e-05 4.7492e-05 4.75e-05 4.763e-05 4.7493e-05 4.7443e-05 4.7321e-05 4.723e-05 4.6849e-05 4.6787e-05 4.6802e-05 4.7028e-05 4.6786e-05 4.6892e-05 4.6998e-05 4.6914e-05 4.688e-05 4.6998e-05 4.712e-05 4.7036e-05 4.7208e-05 4.7031e-05 4.6979e-05 4.6964e-05 4.6958e-05 4.6782e-05 4.7107e-05 4.7139e-05 4.7056e-05 4.7119e-05 4.7119e-05 4.7137e-05 4.7087e-05 4.7069e-05 4.7362e-05 4.6736e-05 4.7371e-05 4.7207e-05 4.7629e-05 4.7784e-05 4.7519e-05 4.78e-05 4.785e-05 4.7924e-05 4.7968e-05 4.8006e-05 4.8008e-05 4.8008e-05 4.7968e-05 4.7904e-05 4.7982e-05 4.789e-05 4.7997e-05 4.8008e-05 4.798e-05 4.7942e-05 4.7958e-05 4.7982e-05 4.8008e-05 4.7874e-05 4.7943e-05 4.7075e-05 4.6751e-05 4.7119e-05 4.7443e-05 4.7378e-05 4.7367e-05 4.7344e-05 4.7284e-05 4.7275e-05 4.7233e-05 4.7141e-05 4.7069e-05 4.7054e-05 4.7048e-05 4.7151e-05 4.7057e-05 4.7079e-05 4.7057e-05 4.7161e-05 4.7178e-05 4.7197e-05 4.7272e-05 4.7333e-05 4.7279e-05 4.7405e-05 4.7354e-05 4.7335e-05 4.7177e-05 4.699e-05 4.6746e-05 4.7216e-05 4.7807e-05 4.8002e-05 4.7859e-05 4.7783e-05 4.7924e-05 4.7947e-05 4.7406e-05 4.756e-05 4.7396e-05 4.7285e-05 4.7164e-05 4.7008e-05 4.6865e-05 4.6779e-05 4.6744e-05 4.6738e-05 4.6763e-05 4.6751e-05 4.6873e-05 4.684e-05 4.6922e-05
4.7203e-05 4.7103e-05 4.7079e-05 4.7273e-05 4.7389e-05 4.7378e-05 4.735e-05 4.7451e-05 4.7597e-05 4.7636e-05 4.7741e-05 4.7776e-05 4.7823e-05 4.7836e-05 4.7834e-05 4.6985e-05 4.6744e-05 4.7039e-05 4.7226e-05 4.6905e-05 4.7186e-05 4.2532e-05 4.0514e-05 4.0003e-05 4.1243e-05 4.7656e-05 4.8006e-05 4.8006e-05 4.8007e-05 4.7963e-05 4.7762e-05 4.7351e-05 4.6885e-05 4.6627e-05 4.643e-05 4.6325e-05 4.7229e-05 4.725e-05 4.7084e-05 4.6936e-05 4.6892e-05 4.6912e-05 4.697e-05 4.7107e-05 4.7357e-05 4.7762e-05 4.8004e-05 4.7996e-05 4.7964e-05 4.7905e-05 4.79e-05 4.7709e-05 4.7509e-05 4.7359e-05 4.7972e-05 4.7948e-05 4.7927e-05 4.7854e-05 4.7822e-05 4.7693e-05 4.7589e-05 4.753e-05 4.694e-05 4.6753e-05 4.6782e-05 4.7315e-05 4.741e-05 4.7481e-05 4.7608e-05 4.7642e-05 4.7648e-05 4.7603e-05 4.7423e-05 4.7448e-05 4.7328e-05 4.7001e-05 4.6931e-05 4.6959e-05 4.6755e-05 4.6782e-05 4.6803e-05 4.6737e-05 4.6812e-05 4.689e-05 4.7127e-05 4.6928e-05 4.6806e-05 4.7014e-05 4.6973e-05 4.6911e-05 4.6984e-05 4.6984e-05 4.7072e-05 4.7104e-05 4.6954e-05 4.7023e-05 4.7094e-05 4.7064e-05 4.7075e-05 4.7078e-05 4.701e-05 4.7305e-05 4.749e-05 4.7173e-05 4.7601e-05 4.7466e-05 4.7218e-05 4.7971e-05 4.7781e-05 4.7485e-05 4.798e-05 4.8006e-05 4.8008e-05 4.8002e-05 4.7997e-05 4.796e-05 4.7994e-05 4.7997e-05 4.7494e-05 4.8e-05 4.7988e-05 4.7997e-05 4.7853e-05 4.7943e-05 4.8006e-05 4.8008e-05 4.7904e-05 4.7966e-05 4.7708e-05 4.72e-05 4.6736e-05 4.6764e-05 4.7003e-05 4.7098e-05 4.7094e-05 4.7254e-05 4.7245e-05 4.7249e-05 4.7249e-05 4.7222e-05 4.7255e-05 4.7363e-05 4.7362e-05 4.7379e-05 4.7413e-05 4.7386e-05 4.7473e-05 4.7516e-05 4.752e-05 4.7467e-05 4.7535e-05 4.7493e-05 4.7537e-05 4.7427e-05 4.7481e-05 4.7476e-05 4.7239e-05 4.6736e-05 4.7312e-05 4.798e-05 4.7788e-05 4.7643e-05 4.7571e-05 4.7548e-05 4.787e-05 4.8002e-05 4.7783e-05 4.7599e-05 4.7423e-05 4.7204e-05 4.6984e-05 4.6867e-05 4.6786e-05 4.6751e-05 4.674e-05 4.6749e-05 4.6755e-05 4.6915e-05 4.6917e-05 4.6997e-05
4.7177e-05 4.7234e-05 4.7285e-05 4.7387e-05 4.7451e-05 4.7544e-05 4.7603e-05 4.7702e-05 4.7761e-05 4.7785e-05 4.7846e-05 4.7858e-05 4.7876e-05 4.787e-05 4.7876e-05 4.7035e-05 4.6742e-05 4.7144e-05 4.6919e-05 4.6783e-05 4.6775e-05 4.795e-05 4.6893e-05 4.5405e-05 4.7946e-05 4.7711e-05 4.7935e-05 4.7969e-05 4.8004e-05 4.7932e-05 4.7693e-05 4.7362e-05 4.698e-05 4.6505e-05 4.6219e-05 4.612e-05 4.696e-05 4.7256e-05 4.7181e-05 4.693e-05 4.6919e-05 4.6699e-05 4.6981e-05 4.7155e-05 4.7187e-05 4.7873e-05 4.7972e-05 4.8008e-05 4.8001e-05 4.7965e-05 4.7925e-05 4.7863e-05 4.7715e-05 4.7446e-05 4.768e-05 4.7871e-05 4.7269e-05 4.6736e-05 4.6799e-05 4.7336e-05 4.7502e-05 4.7695e-05 4.6901e-05 4.6745e-05 4.6816e-05 4.7298e-05 4.754e-05 4.7624e-05 4.7737e-05 4.7787e-05 4.7703e-05 4.7791e-05 4.744e-05 4.7696e-05 4.7573e-05 4.728e-05 4.7217e-05 4.7248e-05 4.7141e-05 4.6763e-05 4.6768e-05 4.6955e-05 4.7132e-05 4.6939e-05 4.7048e-05 4.6974e-05 4.695e-05 4.6924e-05 4.6938e-05 4.7067e-05 4.6895e-05 4.6871e-05 4.6923e-05 4.7001e-05 4.6869e-05 4.6842e-05 4.677e-05 4.723e-05 4.6919e-05 4.6947e-05 4.7065e-05 4.7252e-05 4.7456e-05 4.7253e-05 4.7234e-05 4.731e-05 4.7316e-05 4.7545e-05 4.7805e-05 4.7666e-05 4.7874e-05 4.7986e-05 4.7985e-05 4.8008e-05 4.8008e-05 4.8006e-05 4.7984e-05 4.7994e-05 4.7652e-05 4.8007e-05 4.7992e-05 4.8007e-05 4.758e-05 4.785e-05 4.8002e-05 4.7995e-05 4.7997e-05 4.7933e-05 4.7884e-05 4.7539e-05 4.7163e-05 4.6887e-05 4.6748e-05 4.6756e-05 4.6912e-05 4.7132e-05 4.7243e-05 4.7309e-05 4.7389e-05 4.7423e-05 4.7435e-05 4.7635e-05 4.7527e-05 4.7691e-05 4.7763e-05 4.7827e-05 4.7887e-05 4.7826e-05 4.8006e-05 4.7897e-05 4.7921e-05 4.7863e-05 4.7829e-05 4.7832e-05 4.7877e-05 4.7731e-05 4.7626e-05 4.6758e-05 4.7365e-05 4.8001e-05 4.7868e-05 4.7582e-05 4.7432e-05 4.5739e-05 4.6666e-05 4.7893e-05 4.7942e-05 4.7687e-05 4.7391e-05 4.7197e-05 4.6982e-05 4.685e-05 4.676e-05 4.6736e-05 4.6773e-05 4.674e-05 4.6849e-05 4.6915e-05 4.6775e-05 4.7123e-05
4.7273e-05 4.7316e-05 4.7296e-05 4.7516e-05 4.7653e-05 4.7653e-05 4.7742e-05 4.7763e-05 4.7791e-05 4.7851e-05 4.7891e-05 4.7894e-05 4.7895e-05 4.7902e-05 4.7908e-05 4.7106e-05 4.679e-05 4.6981e-05 4.6919e-05 4.7062e-05 4.6765e-05 4.6824e-05 4.6839e-05 4.6852e-05 4.7163e-05 4.758e-05 4.7988e-05 4.793e-05 4.8005e-05 4.7854e-05 4.7523e-05 4.7254e-05 4.6813e-05 4.6399e-05 4.6141e-05 4.5574e-05 4.5638e-05 4.716e-05 4.7235e-05 4.6915e-05 4.7011e-05 4.6929e-05 4.7029e-05 4.6235e-05 4.7453e-05 4.7887e-05 4.7996e-05 4.8007e-05 4.8006e-05 4.7997e-05 4.8008e-05 4.7945e-05 4.7926e-05 4.7306e-05 4.7938e-05 4.7912e-05 4.7872e-05 4.7899e-05 4.7147e-05 4.6772e-05 4.6841e-05 4.7186e-05 4.6794e-05 4.6965e-05 4.7284e-05 4.7618e-05 4.7729e-05 4.7746e-05 4.782e-05 4.7885e-05 4.7867e-05 4.7818e-05 4.7753e-05 4.7659e-05 4.7365e-05 4.7482e-05 4.7453e-05 4.7539e-05 4.7686e-05 4.696e-05 4.6783e-05 4.6829e-05 4.6901e-05 4.6795e-05 4.6788e-05 4.6881e-05 4.6834e-05 4.6876e-05 4.686e-05 4.7006e-05 4.6905e-05 4.6781e-05 4.6878e-05 4.6868e-05 4.686e-05 4.6746e-05 4.6814e-05 4.6902e-05 4.6984e-05 4.6915e-05 4.7288e-05 4.7246e-05 4.7112e-05 4.7237e-05 4.7344e-05 4.7007e-05 4.7127e-05 4.7592e-05 4.7378e-05 4.7502e-05 4.7838e-05 4.769e-05 4.7753e-05 4.7753e-05 4.7477e-05 4.8e-05 4.7942e-05 4.7905e-05 4.7993e-05 4.7759e-05 4.7952e-05 4.7923e-05 4.7944e-05 4.8001e-05 4.8004e-05 4.8007e-05 4.8007e-05 4.8007e-05 4.7833e-05 4.7947e-05 4.7295e-05 4.6864e-05 4.6877e-05 4.6739e-05 4.6955e-05 4.7224e-05 4.7334e-05 4.7539e-05 4.7611e-05 4.7671e-05 4.7799e-05 4.7869e-05 4.7952e-05 4.8092e-05 4.8244e-05 4.8389e-05 4.8487e-05 4.8522e-05 4.8508e-05 4.8417e-05 4.8321e-05 4.8266e-05 4.8296e-05 4.8208e-05 4.8103e-05 4.7982e-05 4.7773e-05 4.7518e-05 4.6926e-05 4.7834e-05 4.7828e-05 4.7547e-05 4.5791e-05 3.9963e-05 4.5449e-05 4.7822e-05 4.7931e-05 4.7628e-05 4.7411e-05 4.7158e-05 4.6873e-05 4.6873e-05 4.6747e-05 4.674e-05 4.6833e-05 4.6857e-05 4.6938e-05 4.6918e-05 4.7107e-05 4.7179e-05
4.7445e-05 4.7518e-05 4.7552e-05 4.7521e-05 4.7762e-05 4.7647e-05 4.7869e-05 4.7906e-05 4.7906e-05 4.791e-05 4.7919e-05 4.7923e-05 4.7912e-05 4.7907e-05 4.7913e-05 4.7297e-05 4.6748e-05 4.6963e-05 4.6911e-05 4.6951e-05 4.7e-05 4.6925e-05 4.7462e-05 4.7269e-05 4.7239e-05 4.747e-05 4.7703e-05 4.8005e-05 4.7951e-05 4.777e-05 4.7408e-05 4.7084e-05 4.6733e-05 4.6313e-05 4.5594e-05 4.5496e-05 4.5852e-05 4.7314e-05 4.7483e-05 4.7108e-05 4.7254e-05 4.7232e-05 4.7263e-05 4.6217e-05 4.7135e-05 4.7872e-05 4.7981e-05 4.8002e-05 4.8007e-05 4.7993e-05 4.7933e-05 4.7972e-05 4.7896e-05 4.7699e-05 4.7378e-05 4.7137e-05 4.7223e-05 4.6927e-05 4.6842e-05 4.6808e-05 4.677e-05 4.7363e-05 4.7261e-05 4.7435e-05 4.7588e-05 4.7672e-05 4.7669e-05 4.7779e-05 4.7917e-05 4.795e-05 4.7696e-05 4.7882e-05 4.7892e-05 4.7787e-05 4.7513e-05 4.7827e-05 4.7601e-05 4.7691e-05 4.7793e-05 4.7752e-05 4.694e-05 4.6783e-05 4.6737e-05 4.674e-05 4.6737e-05 4.6788e-05 4.6868e-05 4.6917e-05 4.6859e-05 4.685e-05 4.6825e-05 4.6807e-05 4.6851e-05 4.6885e-05 4.6827e-05 4.6918e-05 4.6795e-05 4.6837e-05 4.7073e-05 4.7271e-05 4.6792e-05 4.736e-05 4.7128e-05 4.7112e-05 4.7647e-05 4.6865e-05 4.7873e-05 4.747e-05 4.7367e-05 4.7608e-05 4.7635e-05 4.7557e-05 4.7607e-05 4.7671e-05 4.7766e-05 4.7659e-05 4.7749e-05 4.7258e-05 4.795e-05 4.8007e-05 4.798e-05 4.7606e-05 4.7999e-05 4.7996e-05 4.7962e-05 4.7948e-05 4.7832e-05 4.7978e-05 4.7633e-05 4.7913e-05 4.7213e-05 4.6986e-05 4.6763e-05 4.6846e-05 4.7189e-05 4.7441e-05 4.7685e-05 4.7703e-05 4.7814e-05 4.7952e-05 4.806e-05 4.8257e-05 4.838e-05 4.8639e-05 4.8855e-05 4.8902e-05 4.8988e-05 4.8914e-05 4.8907e-05 4.8784e-05 4.8703e-05 4.8713e-05 4.8543e-05 4.8384e-05 4.8194e-05 4.8058e-05 4.7852e-05 4.761e-05 4.688e-05 4.7701e-05 4.7985e-05 4.7681e-05 4.6957e-05 4.6212e-05 4.6989e-05 4.8005e-05 4.7719e-05 4.7465e-05 4.7297e-05 4.7073e-05 4.7e-05 4.6751e-05 4.6737e-05 4.6773e-05 4.6888e-05 4.7008e-05 4.7012e-05 4.7066e-05 4.7197e-05 4.7351e-05
4.7645e-05 4.7697e-05 4.7781e-05 4.7848e-05 4.7938e-05 4.7917e-05 4.7973e-05 4.8007e-05 4.8011e-05 4.7979e-05 4.7991e-05 4.8001e-05 4.7981e-05 4.7772e-05 4.7967e-05 4.7895e-05 4.7097e-05 4.6796e-05 4.7061e-05 4.7026e-05 4.7015e-05 4.6975e-05 4.749e-05 4.7592e-05 4.7065e-05 4.734e-05 4.793e-05 4.8007e-05 4.7911e-05 4.7653e-05 4.7329e-05 4.6979e-05 4.6714e-05 4.6274e-05 4.4951e-05 4.537e-05 4.6452e-05 4.7326e-05 4.7436e-05 4.7259e-05 4.7509e-05 4.7549e-05 4.7512e-05 4.7598e-05 4.7752e-05 4.7885e-05 4.7986e-05 4.8006e-05 4.8006e-05 4.7896e-05 4.7937e-05 4.8002e-05 4.8005e-05 4.7677e-05 4.7591e-05 4.7468e-05 4.7445e-05 4.6994e-05 4.6891e-05 4.6748e-05 4.6763e-05 4.6775e-05 4.7128e-05 4.6924e-05 4.6769e-05 4.7459e-05 4.7571e-05 4.7735e-05 4.7911e-05 4.7999e-05 4.792e-05 4.8045e-05 4.7992e-05 4.8058e-05 4.801e-05 4.7947e-05 4.7829e-05 4.7886e-05 4.797e-05 4.8015e-05 4.7959e-05 4.7062e-05 4.6861e-05 4.6761e-05 4.6789e-05 4.6756e-05 4.6814e-05 4.8537e-05 4.6799e-05 4.6841e-05 4.678e-05 4.6737e-05 4.6795e-05 4.6785e-05 4.6924e-05 4.6876e-05 4.6802e-05 4.6815e-05 4.7028e-05 4.7035e-05 4.7189e-05 4.7058e-05 4.714e-05 4.7088e-05 4.7366e-05 4.7519e-05 4.7775e-05 4.7622e-05 4.7561e-05 4.7789e-05 4.7584e-05 4.7632e-05 4.738e-05 4.7074e-05 4.7146e-05 4.7168e-05 4.7591e-05 4.7945e-05 4.7976e-05 4.799e-05 4.7908e-05 4.7997e-05 4.8008e-05 4.7998e-05 4.8003e-05 4.7919e-05 4.7313e-05 4.7022e-05 4.7065e-05 4.6904e-05 4.6811e-05 4.6737e-05 4.6958e-05 4.7142e-05 4.7372e-05 4.7706e-05 4.7802e-05 4.7971e-05 4.8176e-05 4.8375e-05 4.8572e-05 4.8757e-05 4.903e-05 4.9211e-05 4.932e-05 4.9505e-05 4.944e-05 4.92e-05 4.9333e-05 4.9143e-05 4.9068e-05 4.8882e-05 4.8709e-05 4.848e-05 4.8348e-05 4.8242e-05 4.8052e-05 4.7876e-05 4.7282e-05 4.6917e-05 4.7727e-05 4.8005e-05 4.787e-05 4.7844e-05 4.8007e-05 4.7654e-05 4.742e-05 4.7288e-05 4.7168e-05 4.7022e-05 4.6776e-05 4.6737e-05 4.6779e-05 4.6894e-05 4.7057e-05 4.7208e-05 4.7235e-05 4.727e-05 4.7475e-05 4.7578e-05
4.7936e-05 4.7859e-05 4.7996e-05 4.8012e-05 4.8025e-05 4.802e-05 4.8051e-05 4.8114e-05 4.8127e-05 4.8079e-05 4.8052e-05 4.8074e-05 4.8075e-05 4.8051e-05 4.8026e-05 4.7975e-05 4.7458e-05 4.689e-05 4.6749e-05 4.6739e-05 4.6763e-05 4.6813e-05 4.7059e-05 4.7103e-05 4.6908e-05 4.7853e-05 4.7985e-05 4.7999e-05 4.7816e-05 4.759e-05 4.7264e-05 4.7172e-05 4.6624e-05 4.6321e-05 4.5778e-05 4.5834e-05 4.6484e-05 4.7378e-05 4.741e-05 4.7404e-05 4.7579e-05 4.7667e-05 4.7769e-05 4.7772e-05 4.7852e-05 4.7927e-05 4.7982e-05 4.8008e-05 4.8e-05 4.7771e-05 4.8e-05 4.8008e-05 4.8005e-05 4.7944e-05 4.789e-05 4.7794e-05 4.7591e-05 4.7518e-05 4.73e-05 4.6779e-05 4.69e-05 4.6747e-05 4.6822e-05 4.696e-05 4.7239e-05 4.7281e-05 4.754e-05 4.7669e-05 4.7732e-05 4.8006e-05 4.8061e-05 4.8058e-05 4.8149e-05 4.8255e-05 4.8196e-05 4.8357e-05 4.8009e-05 4.8096e-05 4.8187e-05 4.8067e-05 4.8037e-05 4.7868e-05 4.7314e-05 4.7605e-05 4.7031e-05 4.6808e-05 4.6745e-05 4.6839e-05 4.6758e-05 4.6741e-05 4.6737e-05 4.6757e-05 4.6797e-05 4.6842e-05 4.6746e-05 4.6768e-05 4.6863e-05 4.7009e-05 4.7077e-05 4.6879e-05 4.7201e-05 4.7156e-05 4.7012e-05 4.7028e-05 4.7262e-05 4.7322e-05 4.7681e-05 4.7659e-05 4.7534e-05 4.7682e-05 4.7736e-05 4.7765e-05 4.7379e-05 4.7181e-05 4.7259e-05 4.727e-05 4.7704e-05 4.7929e-05 4.783e-05 4.7791e-05 4.7858e-05 4.7336e-05 4.7981e-05 4.8004e-05 4.7832e-05 4.7939e-05 4.7591e-05 4.6895e-05 4.6977e-05 4.6812e-05 4.6736e-05 4.6924e-05 4.7037e-05 4.7356e-05 4.7572e-05 4.7792e-05 4.802e-05 4.8279e-05 4.8637e-05 4.8874e-05 4.9047e-05 4.9271e-05 4.9794e-05 4.9567e-05 4.9757e-05 4.9867e-05 4.9799e-05 4.9679e-05 4.9591e-05 4.9418e-05 4.9173e-05 4.9043e-05 4.9168e-05 4.869e-05 4.8671e-05 4.8513e-05 4.8322e-05 4.8145e-05 4.767e-05 4.71e-05 4.6854e-05 4.7222e-05 4.7466e-05 4.752e-05 4.7624e-05 4.7897e-05 4.7118e-05 4.7107e-05 4.7023e-05 4.6912e-05 4.7177e-05 4.7559e-05 4.6974e-05 4.6764e-05 4.7339e-05 4.6971e-05 4.7515e-05 4.7566e-05 4.7613e-05 4.7845e-05
4.8157e-05 4.7451e-05 4.8031e-05 4.8038e-05 4.8142e-05 4.811e-05 4.812e-05 4.8177e-05 4.8135e-05 4.8158e-05 4.8143e-05 4.8169e-05 4.8163e-05 4.8134e-05 4.819e-05 4.814e-05 4.8061e-05 4.7543e-05 4.6862e-05 4.6844e-05 4.6773e-05 4.6781e-05 4.6754e-05 4.6804e-05 4.7558e-05 4.7944e-05 4.8005e-05 4.797e-05 4.7883e-05 4.7425e-05 4.7122e-05 4.6833e-05 4.6385e-05 4.5965e-05 4.5613e-05 4.5727e-05 4.6385e-05 4.7259e-05 4.7533e-05 4.7603e-05 4.7713e-05 4.7809e-05 4.7846e-05 4.7883e-05 4.7823e-05 4.7919e-05 4.7916e-05 4.7851e-05 4.7835e-05 4.7907e-05 4.8e-05 4.7999e-05 4.7992e-05 4.8002e-05 4.7922e-05 4.7699e-05 4.7551e-05 4.7466e-05 4.7501e-05 4.7418e-05 4.7449e-05 4.7421e-05 4.6923e-05 4.6936e-05 4.6944e-05 4.7525e-05 4.7671e-05 4.7732e-05 4.7803e-05 4.7994e-05 4.8162e-05 4.8421e-05 4.8429e-05 4.8433e-05 4.8381e-05 4.8565e-05 4.8476e-05 4.8499e-05 4.8467e-05 4.8192e-05 4.8381e-05 4.8331e-05 4.7999e-05 4.7554e-05 4.7194e-05 4.6877e-05 4.6741e-05 4.6752e-05 4.6756e-05 4.6738e-05 4.6743e-05 4.6894e-05 4.6762e-05 4.6767e-05 4.6763e-05 4.6861e-05 4.6818e-05 4.7018e-05 4.6863e-05 4.6826e-05 4.7287e-05 4.7339e-05 4.7109e-05 4.7446e-05 4.6841e-05 4.7588e-05 4.7506e-05 4.7738e-05 4.7545e-05 4.7887e-05 4.7966e-05 4.7872e-05 4.7555e-05 4.74e-05 4.7524e-05 4.7753e-05 4.7773e-05 4.7634e-05 4.7814e-05 4.7371e-05 4.7468e-05 4.7345e-05 4.7424e-05 4.7877e-05 4.7652e-05 4.7186e-05 4.7133e-05 4.6846e-05 4.6755e-05 4.6785e-05 4.6866e-05 4.7122e-05 4.7303e-05 4.7537e-05 4.777e-05 4.8027e-05 4.8334e-05 4.874e-05 4.9016e-05 4.9193e-05 4.9492e-05 4.9641e-05 4.9827e-05 4.9971e-05 5.0236e-05 4.9961e-05 4.9867e-05 4.9822e-05 4.9726e-05 4.9288e-05 4.9429e-05 4.9306e-05 4.9133e-05 4.8877e-05 4.8632e-05 4.8835e-05 4.8749e-05 4.8524e-05 4.8302e-05 4.8077e-05 4.771e-05 4.7309e-05 4.7114e-05 4.6803e-05 4.6752e-05 4.7189e-05 4.6747e-05 4.684e-05 4.6887e-05 4.6784e-05 4.6757e-05 4.6943e-05 4.7241e-05 4.7348e-05 4.7556e-05 4.7679e-05 4.7743e-05 4.7896e-05 4.7996e-05 4.8102e-05
4.8333e-05 4.823e-05 4.823e-05 4.8167e-05 4.821e-05 4.8182e-05 4.8208e-05 4.8203e-05 4.8186e-05 4.8214e-05 4.8241e-05 4.823e-05 4.8218e-05 4.8183e-05 4.8251e-05 4.8154e-05 4.822e-05 4.8084e-05 4.7434e-05 4.753e-05 4.6935e-05 4.6805e-05 4.6894e-05 4.7398e-05 4.7994e-05 4.7948e-05 4.8006e-05 4.7962e-05 4.7729e-05 4.7266e-05 4.6749e-05 4.6107e-05 4.5459e-05 4.5139e-05 4.4923e-05 4.4846e-05 4.5339e-05 4.6079e-05 4.7216e-05 4.7723e-05 4.7845e-05 4.7883e-05 4.7913e-05 4.79e-05 4.7449e-05 4.7617e-05 4.796e-05 4.8e-05 4.7929e-05 4.7877e-05 4.7998e-05 4.7981e-05 4.7929e-05 4.7983e-05 4.7978e-05 4.771e-05 4.7515e-05 4.7381e-05 4.7354e-05 4.7302e-05 4.7272e-05 4.7325e-05 4.695e-05 4.6913e-05 4.7406e-05 4.7593e-05 4.7717e-05 4.7727e-05 4.7886e-05 4.8044e-05 4.8125e-05 4.8504e-05 4.8393e-05 4.8591e-05 4.8641e-05 4.8799e-05 4.8766e-05 4.8915e-05 4.8747e-05 4.859e-05 4.8528e-05 4.8421e-05 4.8444e-05 4.7553e-05 4.731e-05 4.6979e-05 4.6889e-05 4.6811e-05 4.6746e-05 4.6769e-05 4.6818e-05 4.6793e-05 4.6775e-05 4.6738e-05 4.679e-05 4.6885e-05 4.6831e-05 4.6928e-05 4.6829e-05 4.6946e-05 4.6947e-05 4.7009e-05 4.7049e-05 4.7125e-05 4.7168e-05 4.7471e-05 4.7642e-05 4.7099e-05 4.7677e-05 4.7951e-05 4.7493e-05 4.791e-05 4.7877e-05 4.7927e-05 4.7966e-05 4.7984e-05 4.7892e-05 4.7781e-05 4.7684e-05 4.7169e-05 4.712e-05 4.7201e-05 4.6769e-05 4.6871e-05 4.6981e-05 4.678e-05 4.6782e-05 4.675e-05 4.6757e-05 4.6859e-05 4.7064e-05 4.7318e-05 4.7459e-05 4.7722e-05 4.7918e-05 4.8281e-05 4.8593e-05 4.9004e-05 4.9323e-05 4.9586e-05 4.9694e-05 4.9843e-05 5.0156e-05 5.0332e-05 5.0438e-05 5.0379e-05 5.0186e-05 5.0143e-05 4.9854e-05 4.9803e-05 4.9591e-05 4.9076e-05 4.9329e-05 4.9081e-05 4.9025e-05 4.8982e-05 4.8844e-05 4.867e-05 4.8648e-05 4.8453e-05 4.8317e-05 4.8018e-05 4.7905e-05 4.7804e-05 4.751e-05 4.7343e-05 4.7014e-05 4.6751e-05 4.674e-05 4.6736e-05 4.6736e-05 4.6864e-05 4.6896e-05 4.7504e-05 4.7637e-05 4.7755e-05 4.7912e-05 4.8151e-05 4.8301e-05 4.8365e-05
4.8513e-05 4.83e-05 4.832e-05 4.819e-05 4.8307e-05 4.8259e-05 4.8301e-05 4.8289e-05 4.8236e-05 4.8253e-05 4.8276e-05 4.8284e-05 4.8273e-05 4.8217e-05 4.8169e-05 4.8136e-05 4.8089e-05 4.798e-05 4.7919e-05 4.688e-05 4.6898e-05 4.6984e-05 4.7256e-05 4.7602e-05 4.7924e-05 4.7927e-05 4.8004e-05 4.7971e-05 4.7774e-05 4.6992e-05 4.5866e-05 4.4993e-05 4.4136e-05 4.3624e-05 4.3614e-05 4.4023e-05 4.4456e-05 4.4591e-05 4.5727e-05 4.7092e-05 4.7796e-05 4.7956e-05 4.797e-05 4.7959e-05 4.7922e-05 4.7847e-05 4.7915e-05 4.7968e-05 4.7997e-05 4.7988e-05 4.7922e-05 4.7856e-05 4.7771e-05 4.7649e-05 4.7969e-05 4.7926e-05 4.7557e-05 4.7424e-05 4.7377e-05 4.7398e-05 4.7296e-05 4.7368e-05 4.678e-05 4.7016e-05 4.7395e-05 4.7587e-05 4.7715e-05 4.7819e-05 4.7912e-05 4.8165e-05 4.8242e-05 4.8442e-05 4.8535e-05 4.8787e-05 4.8847e-05 4.904e-05 4.921e-05 4.9154e-05 4.9126e-05 4.8914e-05 4.8976e-05 4.8869e-05 4.8706e-05 4.8615e-05 4.8234e-05 4.7989e-05 4.7894e-05 4.7632e-05 4.7211e-05 4.7645e-05 4.6748e-05 4.6738e-05 4.6786e-05 4.6804e-05 4.6742e-05 4.6793e-05 4.6757e-05 4.6739e-05 4.688e-05 4.6744e-05 4.6835e-05 4.6749e-05 4.6923e-05 4.6737e-05 4.6841e-05 4.6868e-05 4.7214e-05 4.7415e-05 4.757e-05 4.7822e-05 4.7907e-05 4.795e-05 4.7953e-05 4.8001e-05 4.8e-05 4.8e-05 4.796e-05 4.7599e-05 4.6756e-05 4.6877e-05 4.6999e-05 4.7192e-05 4.7012e-05 4.7127e-05 4.6783e-05 4.6745e-05 4.6737e-05 4.6737e-05 4.6894e-05 4.7021e-05 4.725e-05 4.7524e-05 4.7691e-05 4.7858e-05 4.8265e-05 4.8594e-05 4.8788e-05 4.9212e-05 4.9478e-05 4.9866e-05 5.0029e-05 5.0294e-05 5.0516e-05 5.0555e-05 5.0618e-05 5.0664e-05 5.0568e-05 5.0348e-05 5.0288e-05 5.003e-05 4.9903e-05 4.9765e-05 4.9653e-05 4.9392e-05 4.9593e-05 4.9506e-05 4.9182e-05 4.8868e-05 4.8873e-05 4.8601e-05 4.835e-05 4.8221e-05 4.7887e-05 4.7758e-05 4.7464e-05 4.737e-05 4.7108e-05 4.6895e-05 4.6792e-05 4.6787e-05 4.6763e-05 4.6939e-05 4.6861e-05 4.7674e-05 4.7735e-05 4.7872e-05 4.8163e-05 4.8219e-05 4.8367e-05 4.8403e-05
4.8436e-05 4.8386e-05 4.8415e-05 4.8322e-05 4.785e-05 4.834e-05 4.8352e-05 4.8044e-05 4.8326e-05 4.8306e-05 4.8263e-05 4.8273e-05 4.8188e-05 4.8178e-05 4.8134e-05 4.8078e-05 4.8068e-05 4.8111e-05 4.7851e-05 4.7258e-05 4.7179e-05 4.7328e-05 4.7065e-05 4.7527e-05 4.7555e-05 4.789e-05 4.7979e-05 4.8004e-05 4.7658e-05 4.6362e-05 4.4865e-05 4.3572e-05 4.2786e-05 4.268e-05 4.232e-05 4.2578e-05 4.393e-05 4.4189e-05 4.4697e-05 4.6116e-05 4.7527e-05 4.7967e-05 4.7998e-05 4.799e-05 4.7906e-05 4.7941e-05 4.7863e-05 4.7231e-05 4.7948e-05 4.7967e-05 4.7959e-05 4.7897e-05 4.7662e-05 4.7431e-05 4.7713e-05 4.8005e-05 4.7814e-05 4.7615e-05 4.7477e-05 4.7498e-05 4.7097e-05 4.705e-05 4.7002e-05 4.6759e-05 4.7429e-05 4.7677e-05 4.7747e-05 4.7816e-05 4.8035e-05 4.8219e-05 4.8454e-05 4.8661e-05 4.8701e-05 4.901e-05 4.9182e-05 4.9287e-05 4.9365e-05 4.9441e-05 4.9447e-05 4.9607e-05 4.9157e-05 4.9153e-05 4.9075e-05 4.8982e-05 4.8746e-05 4.8084e-05 4.8291e-05 4.7958e-05 4.7449e-05 4.7371e-05 4.7153e-05 4.6808e-05 4.68e-05 4.6769e-05 4.6751e-05 4.6748e-05 4.6797e-05 4.6823e-05 4.6746e-05 4.6743e-05 4.6736e-05 4.7419e-05 4.6736e-05 4.6933e-05 4.6781e-05 4.7023e-05 4.714e-05 4.7197e-05 4.7362e-05 4.7336e-05 4.7631e-05 4.7906e-05 4.7093e-05 4.7977e-05 4.7966e-05 4.7768e-05 4.7894e-05 4.7735e-05 4.6792e-05 4.6774e-05 4.6764e-05 4.677e-05 4.6758e-05 4.6736e-05 4.6736e-05 4.6746e-05 4.6778e-05 4.6899e-05 4.6988e-05 4.7222e-05 4.7437e-05 4.7695e-05 4.7779e-05 4.8166e-05 4.8418e-05 4.8787e-05 4.9045e-05 4.9285e-05 4.9732e-05 4.9826e-05 5.0442e-05 5.0671e-05 5.0752e-05 5.0755e-05 5.0751e-05 5.079e-05 5.0639e-05 5.0596e-05 5.0429e-05 5.0544e-05 5.0201e-05 5.0122e-05 4.9868e-05 4.9811e-05 4.9712e-05 4.9624e-05 4.9473e-05 4.9047e-05 4.862e-05 4.8706e-05 4.8424e-05 4.8261e-05 4.8009e-05 4.7754e-05 4.7471e-05 4.7454e-05 4.726e-05 4.7114e-05 4.7035e-05 4.6942e-05 4.6878e-05 4.6741e-05 4.7045e-05 4.7748e-05 4.7824e-05 4.7874e-05 4.8152e-05 4.8344e-05 4.843e-05 4.8371e-05
4.8419e-05 4.8444e-05 4.8484e-05 4.8453e-05 4.8407e-05 4.8372e-05 4.8312e-05 4.8356e-05 4.8314e-05 4.8288e-05 4.8285e-05 4.8297e-05 4.8226e-05 4.8266e-05 4.8119e-05 4.8152e-05 4.8056e-05 4.7754e-05 4.7602e-05 4.724e-05 4.6809e-05 4.6745e-05 4.6917e-05 4.7123e-05 4.7435e-05 4.7709e-05 4.7863e-05 4.8008e-05 4.7597e-05 4.6105e-05 4.4412e-05 4.3388e-05 4.3034e-05 4.2945e-05 4.2164e-05 4.2569e-05 4.3727e-05 4.4377e-05 4.5062e-05 4.6498e-05 4.7666e-05 4.7988e-05 4.8001e-05 4.7995e-05 4.7717e-05 4.7967e-05 4.7899e-05 4.768e-05 4.7872e-05 4.7811e-05 4.7818e-05 4.7719e-05 4.7711e-05 4.7804e-05 4.7925e-05 4.7987e-05 4.7945e-05 4.7641e-05 4.762e-05 4.7669e-05 4.735e-05 4.703e-05 4.701e-05 4.6736e-05 4.7228e-05 4.7793e-05 4.7897e-05 4.7798e-05 4.8125e-05 4.8354e-05 4.8526e-05 4.8819e-05 4.8977e-05 4.9174e-05 4.9393e-05 4.9563e-05 4.9644e-05 4.9695e-05 4.9705e-05 4.9669e-05 4.9604e-05 4.9548e-05 4.9389e-05 4.9681e-05 4.9616e-05 4.897e-05 4.8596e-05 4.8478e-05 4.8052e-05 4.81e-05 4.7372e-05 4.7935e-05 4.7493e-05 4.7141e-05 4.7223e-05 4.6804e-05 4.6738e-05 4.6956e-05 4.6762e-05 4.6762e-05 4.7603e-05 4.7609e-05 4.7513e-05 4.6788e-05 4.6741e-05 4.7208e-05 4.7339e-05 4.6978e-05 4.694e-05 4.7105e-05 4.7331e-05 4.7129e-05 4.6798e-05 4.6782e-05 4.7454e-05 4.7203e-05 4.6737e-05 4.7405e-05 4.6744e-05 4.6773e-05 4.6751e-05 4.6754e-05 4.6766e-05 4.6787e-05 4.6856e-05 4.6804e-05 4.693e-05 4.6964e-05 4.7217e-05 4.7494e-05 4.7626e-05 4.7719e-05 4.7959e-05 4.8222e-05 4.8696e-05 4.8991e-05 4.9333e-05 4.9511e-05 5.0069e-05 5.0309e-05 5.0485e-05 5.08e-05 5.0842e-05 5.0828e-05 5.0809e-05 5.0736e-05 5.0778e-05 5.0713e-05 5.0641e-05 5.0465e-05 5.034e-05 5.038e-05 5.0341e-05 5.0127e-05 4.9915e-05 4.9694e-05 4.9498e-05 4.9347e-05 4.9076e-05 4.8816e-05 4.8513e-05 4.8209e-05 4.8039e-05 4.7815e-05 4.7538e-05 4.7535e-05 4.7442e-05 4.7316e-05 4.73e-05 4.7088e-05 4.6747e-05 4.6765e-05 4.6745e-05 4.7562e-05 4.7799e-05 4.8007e-05 4.8072e-05 4.8322e-05 4.8328e-05 4.8456e-05
4.8418e-05 4.8513e-05 4.8515e-05 4.8462e-05 4.842e-05 4.8405e-05 4.8368e-05 4.8339e-05 4.8323e-05 4.8338e-05 4.8295e-05 4.8389e-05 4.8313e-05 4.8324e-05 4.8169e-05 4.8117e-05 4.7949e-05 4.7735e-05 4.7355e-05 4.6937e-05 4.6756e-05 4.6748e-05 4.6867e-05 4.7045e-05 4.7272e-05 4.7483e-05 4.7746e-05 4.7927e-05 4.794e-05 4.7133e-05 4.5639e-05 4.4356e-05 4.3758e-05 4.3569e-05 4.3443e-05 4.36e-05 4.4277e-05 4.4734e-05 4.6818e-05 4.7823e-05 4.8008e-05 4.799e-05 4.8008e-05 4.8007e-05 4.8008e-05 4.7873e-05 4.7978e-05 4.7597e-05 4.7838e-05 4.7855e-05 4.7793e-05 4.7874e-05 4.7418e-05 4.7826e-05 4.8008e-05 4.7999e-05 4.8005e-05 4.7798e-05 4.7578e-05 4.7236e-05 4.727e-05 4.7211e-05 4.7003e-05 4.6737e-05 4.7209e-05 4.7869e-05 4.811e-05 4.8194e-05 4.8339e-05 4.8538e-05 4.8867e-05 4.9042e-05 4.9378e-05 4.9497e-05 5.0105e-05 4.9694e-05 4.9872e-05 4.9764e-05 4.99e-05 4.9907e-05 4.9828e-05 4.9793e-05 4.9539e-05 4.9579e-05 4.9657e-05 4.9204e-05 4.9063e-05 4.8621e-05 4.8498e-05 4.8545e-05 4.8322e-05 4.8172e-05 4.8138e-05 4.7891e-05 4.7546e-05 4.7074e-05 4.6915e-05 4.681e-05 4.7271e-05 4.7454e-05 4.7735e-05 4.7573e-05 4.6889e-05 4.7419e-05 4.6881e-05 4.736e-05 4.7121e-05 4.7326e-05 4.7203e-05 4.7295e-05 4.7464e-05 4.6736e-05 4.73e-05 4.7561e-05 4.6747e-05 4.6761e-05 4.6736e-05 4.6756e-05 4.6744e-05 4.6741e-05 4.6751e-05 4.6754e-05 4.7008e-05 4.7292e-05 4.6968e-05 4.6961e-05 4.7012e-05 4.7316e-05 4.7532e-05 4.763e-05 4.7559e-05 4.7937e-05 4.7985e-05 4.8352e-05 4.8737e-05 4.9198e-05 4.9485e-05 4.9567e-05 5.0049e-05 5.0386e-05 5.0651e-05 5.0796e-05 5.0724e-05 5.0487e-05 5.0825e-05 5.0724e-05 5.0654e-05 5.0506e-05 5.0758e-05 5.0283e-05 5.0351e-05 5.0298e-05 5.0162e-05 5.0077e-05 5.0089e-05 4.9838e-05 4.9597e-05 4.9491e-05 4.8946e-05 4.8811e-05 4.8495e-05 4.8199e-05 4.7878e-05 4.778e-05 4.7661e-05 4.7564e-05 4.7416e-05 4.7475e-05 4.7445e-05 4.7181e-05 4.6885e-05 4.6758e-05 4.6815e-05 4.7458e-05 4.796e-05 4.7977e-05 4.8254e-05 4.8311e-05 4.842e-05 4.8526e-05
4.859e-05 4.8587e-05 4.8511e-05 4.8515e-05 4.8494e-05 4.845e-05 4.8414e-05 4.8349e-05 4.8322e-05 4.838e-05 4.8374e-05 4.8292e-05 4.8275e-05 4.8208e-05 4.8173e-05 4.7991e-05 4.7755e-05 4.7473e-05 4.713e-05 4.688e-05 4.6743e-05 4.6756e-05 4.6848e-05 4.6958e-05 4.7064e-05 4.7212e-05 4.7415e-05 4.7674e-05 4.7957e-05 4.7911e-05 4.7528e-05 4.7093e-05 4.693e-05 4.5141e-05 4.4327e-05 4.4118e-05 4.4895e-05 4.6567e-05 4.7564e-05 4.7988e-05 4.7986e-05 4.7935e-05 4.794e-05 4.7898e-05 4.782e-05 4.7717e-05 4.7667e-05 4.7839e-05 4.7983e-05 4.7771e-05 4.7422e-05 4.7775e-05 4.8008e-05 4.8006e-05 4.8006e-05 4.7977e-05 4.7563e-05 4.7728e-05 4.7573e-05 4.7162e-05 4.7011e-05 4.68e-05 4.6737e-05 4.683e-05 4.7254e-05 4.7985e-05 4.8086e-05 4.8384e-05 4.8589e-05 4.883e-05 4.8983e-05 4.9383e-05 4.9547e-05 4.975e-05 4.9736e-05 5.0044e-05 5.0028e-05 5.0041e-05 5.0219e-05 5.0218e-05 4.9933e-05 5.0019e-05 4.9908e-05 4.9838e-05 4.969e-05 4.9555e-05 4.9162e-05 4.9274e-05 4.907e-05 4.8694e-05 4.8621e-05 4.8785e-05 4.8369e-05 4.8161e-05 4.81e-05 4.7968e-05 4.744e-05 4.7192e-05 4.7694e-05 4.7656e-05 4.7144e-05 4.6889e-05 4.6767e-05 4.7494e-05 4.692e-05 4.7372e-05 4.7438e-05 4.7467e-05 4.6829e-05 4.6744e-05 4.6967e-05 4.675e-05 4.6747e-05 4.6791e-05 4.6764e-05 4.674e-05 4.6792e-05 4.6749e-05 4.6764e-05 4.6808e-05 4.6788e-05 4.6934e-05 4.7035e-05 4.7214e-05 4.7217e-05 4.7322e-05 4.7369e-05 4.7403e-05 4.7621e-05 4.7724e-05 4.7867e-05 4.7912e-05 4.8299e-05 4.8493e-05 4.9059e-05 4.936e-05 4.9663e-05 4.9977e-05 5.0118e-05 5.0397e-05 5.0609e-05 5.0822e-05 5.0813e-05 5.083e-05 5.0785e-05 5.0604e-05 5.0675e-05 5.0695e-05 5.0634e-05 5.0586e-05 5.0399e-05 5.0498e-05 5.0383e-05 4.997e-05 5.0103e-05 5.0016e-05 4.9745e-05 4.9374e-05 4.8823e-05 4.8601e-05 4.8438e-05 4.8044e-05 4.7837e-05 4.7747e-05 4.7716e-05 4.7652e-05 4.7631e-05 4.7618e-05 4.7596e-05 4.7486e-05 4.7319e-05 4.6981e-05 4.6736e-05 4.7648e-05 4.7674e-05 4.78e-05 4.8121e-05 4.8449e-05 4.846e-05 4.8578e-05
4.8587e-05 4.8565e-05 4.856e-05 4.8466e-05 4.8452e-05 4.8445e-05 4.8394e-05 4.8412e-05 4.8302e-05 4.8445e-05 4.8397e-05 4.8326e-05 4.8316e-05 4.8182e-05 4.7989e-05 4.7913e-05 4.7561e-05 4.7335e-05 4.7075e-05 4.6869e-05 4.6742e-05 4.674e-05 4.6775e-05 4.6821e-05 4.6898e-05 4.6998e-05 4.7158e-05 4.7259e-05 4.7472e-05 4.7733e-05 4.7914e-05 4.796e-05 4.7958e-05 4.797e-05 4.777e-05 4.7616e-05 4.7965e-05 4.8008e-05 4.8004e-05 4.7997e-05 4.7954e-05 4.7915e-05 4.7927e-05 4.7895e-05 4.7782e-05 4.7645e-05 4.7639e-05 4.7677e-05 4.7982e-05 4.7801e-05 4.7998e-05 4.7962e-05 4.7545e-05 4.7828e-05 4.7741e-05 4.7244e-05 4.7511e-05 4.6798e-05 4.7531e-05 4.7223e-05 4.6934e-05 4.675e-05 4.6829e-05 4.7289e-05 4.7794e-05 4.8139e-05 4.8352e-05 4.8505e-05 4.8923e-05 4.9028e-05 4.9366e-05 4.9582e-05 4.9691e-05 4.987e-05 4.995e-05 4.9907e-05 4.9743e-05 4.9468e-05 5.0225e-05 5.0246e-05 5.0152e-05 5.0244e-05 5.007e-05 5.0025e-05 4.9847e-05 4.9757e-05 4.9701e-05 4.958e-05 4.9385e-05 4.9193e-05 4.9004e-05 4.892e-05 4.8833e-05 4.8677e-05 4.8278e-05 4.8345e-05 4.8064e-05 4.7892e-05 4.7896e-05 4.795e-05 4.7774e-05 4.7645e-05 4.7958e-05 4.7576e-05 4.7207e-05 4.7508e-05 4.7056e-05 4.7107e-05 4.7379e-05 4.6906e-05 4.6748e-05 4.6855e-05 4.687e-05 4.6982e-05 4.7016e-05 4.6758e-05 4.6768e-05 4.6821e-05 4.6877e-05 4.7025e-05 4.7037e-05 4.7133e-05 4.7342e-05 4.7205e-05 4.7456e-05 4.7477e-05 4.7492e-05 4.7547e-05 4.7714e-05 4.7796e-05 4.8079e-05 4.818e-05 4.8459e-05 4.8696e-05 4.9761e-05 4.9838e-05 4.9693e-05 4.9895e-05 5.0149e-05 5.0356e-05 5.0582e-05 5.0793e-05 5.0799e-05 5.0718e-05 5.0734e-05 5.0677e-05 5.0623e-05 5.0615e-05 5.0441e-05 5.0633e-05 5.0556e-05 5.0493e-05 5.0269e-05 5.0246e-05 5.0231e-05 4.9899e-05 4.9569e-05 4.9211e-05 4.8948e-05 4.7761e-05 4.7986e-05 4.8294e-05 4.7996e-05 4.7944e-05 4.7858e-05 4.7786e-05 4.7794e-05 4.7695e-05 4.7721e-05 4.7676e-05 4.7609e-05 4.7394e-05 4.7487e-05 4.7589e-05 4.7726e-05 4.8045e-05 4.812e-05 4.8357e-05 4.8445e-05 4.8593e-05
4.8614e-05 4.857e-05 4.8561e-05 4.8479e-05 4.8533e-05 4.8517e-05 4.8478e-05 4.8467e-05 4.8402e-05 4.84e-05 4.8435e-05 4.8313e-05 4.8275e-05 4.8076e-05 4.7887e-05 4.7698e-05 4.7427e-05 4.7261e-05 4.7073e-05 4.6888e-05 4.6777e-05 4.6746e-05 4.6737e-05 4.676e-05 4.6839e-05 4.6909e-05 4.6961e-05 4.7041e-05 4.7107e-05 4.7209e-05 4.7309e-05 4.7412e-05 4.7497e-05 4.7572e-05 4.7674e-05 4.7637e-05 4.7603e-05 4.7631e-05 4.7812e-05 4.7899e-05 4.7912e-05 4.7839e-05 4.7856e-05 4.7962e-05 4.7896e-05 4.7788e-05 4.7765e-05 4.7761e-05 4.7279e-05 4.8007e-05 4.6739e-05 4.6802e-05 4.692e-05 4.6736e-05 4.6741e-05 4.7212e-05 4.7162e-05 4.7143e-05 4.6747e-05 4.7084e-05 4.6751e-05 4.6793e-05 4.723e-05 4.77e-05 4.7848e-05 4.837e-05 4.8659e-05 4.8955e-05 4.9025e-05 4.9451e-05 4.9488e-05 4.9675e-05 4.9875e-05 4.9926e-05 4.9991e-05 5.0023e-05 5.0117e-05 5.0291e-05 5.0384e-05 5.0364e-05 5.0375e-05 5.0249e-05 5.0222e-05 5.0129e-05 5.0076e-05 4.994e-05 4.9916e-05 4.9642e-05 4.9553e-05 4.9446e-05 4.9308e-05 4.9109e-05 4.8821e-05 4.8675e-05 4.8528e-05 4.8544e-05 4.8309e-05 4.835e-05 4.8334e-05 4.8232e-05 4.7841e-05 4.8063e-05 4.7613e-05 4.7719e-05 5.169e-05 4.828e-05 4.7179e-05 4.7602e-05 4.7448e-05 4.7107e-05 4.6981e-05 4.7097e-05 4.7023e-05 4.6984e-05 4.684e-05 4.7122e-05 4.7057e-05 4.7135e-05 4.7222e-05 4.7168e-05 4.7193e-05 4.7273e-05 4.7439e-05 4.7423e-05 4.7422e-05 4.7533e-05 4.7493e-05 4.7634e-05 4.7738e-05 4.7913e-05 4.8168e-05 4.839e-05 4.8651e-05 4.8952e-05 4.9578e-05 4.975e-05 4.9655e-05 4.9976e-05 4.9994e-05 5.0315e-05 5.0482e-05 5.061e-05 5.0714e-05 5.0709e-05 5.0636e-05 5.066e-05 5.0614e-05 5.0604e-05 5.0498e-05 5.0296e-05 5.0569e-05 5.0374e-05 5.0153e-05 5.0003e-05 4.9997e-05 4.9608e-05 4.9404e-05 4.9062e-05 4.8932e-05 4.7832e-05 4.7647e-05 4.8366e-05 4.8124e-05 4.8058e-05 4.8034e-05 4.7958e-05 4.7979e-05 4.7911e-05 4.778e-05 4.7853e-05 4.7746e-05 4.7773e-05 4.7174e-05 4.7459e-05 4.8166e-05 4.811e-05 4.8106e-05 4.8469e-05 4.8696e-05 4.8514e-05
4.861e-05 4.8618e-05 4.8546e-05 4.8552e-05 4.8574e-05 4.8589e-05 4.8436e-05 4.8406e-05 4.8448e-05 4.8415e-05 4.8336e-05 4.8203e-05 4.8094e-05 4.7963e-05 4.7782e-05 4.7576e-05 4.735e-05 4.7137e-05 4.7006e-05 4.6884e-05 4.6749e-05 4.6757e-05 4.6737e-05 4.6753e-05 4.6771e-05 4.6814e-05 4.6867e-05 4.6917e-05 4.6979e-05 4.702e-05 4.71e-05 4.7193e-05 4.73e-05 4.7356e-05 4.735e-05 4.7332e-05 4.7435e-05 4.7486e-05 4.765e-05 4.7774e-05 4.7822e-05 4.7807e-05 4.7776e-05 4.7732e-05 4.7796e-05 4.7644e-05 4.7412e-05 4.7108e-05 4.6755e-05 4.6742e-05 4.6808e-05 4.6921e-05 4.7111e-05 4.7231e-05 4.7259e-05 4.6825e-05 4.6932e-05 4.7034e-05 4.686e-05 4.6762e-05 4.6912e-05 4.7321e-05 4.7681e-05 4.8273e-05 4.8317e-05 4.86e-05 4.8833e-05 4.9142e-05 4.9392e-05 4.9563e-05 4.9821e-05 5.001e-05 5.013e-05 5.0145e-05 5.0254e-05 5.0311e-05 5.0342e-05 5.0173e-05 5.0685e-05 5.081e-05 5.0402e-05 5.0368e-05 5.0446e-05 4.9926e-05 5.023e-05 5.0083e-05 4.9842e-05 4.9768e-05 4.9849e-05 4.9625e-05 4.9555e-05 4.9392e-05 4.9187e-05 4.9006e-05 4.8858e-05 4.8739e-05 4.8596e-05 4.8281e-05 4.8562e-05 4.8332e-05 4.8299e-05 4.8269e-05 4.7629e-05 5.0575e-05 5.1736e-05 4.8006e-05 4.6932e-05 4.7599e-05 4.7509e-05 4.7332e-05 4.7332e-05 4.7295e-05 4.7282e-05 4.7331e-05 4.7463e-05 4.7292e-05 4.7349e-05 4.7316e-05 4.7416e-05 4.745e-05 4.7418e-05 4.7498e-05 4.7438e-05 4.7462e-05 4.7537e-05 4.7554e-05 4.7504e-05 4.7671e-05 4.7776e-05 4.7909e-05 4.8084e-05 4.8379e-05 4.8702e-05 4.8952e-05 4.928e-05 4.9332e-05 4.9728e-05 4.9858e-05 5.0136e-05 5.0278e-05 5.0419e-05 5.0526e-05 5.0701e-05 5.0653e-05 5.0694e-05 5.0666e-05 5.0521e-05 5.0624e-05 5.058e-05 5.0459e-05 5.0398e-05 5.0192e-05 5.0168e-05 4.981e-05 4.9405e-05 4.9493e-05 4.9291e-05 4.9054e-05 4.8893e-05 4.8758e-05 4.8549e-05 4.8437e-05 4.832e-05 4.8174e-05 4.8131e-05 4.8138e-05 4.8017e-05 4.8057e-05 4.7944e-05 4.7908e-05 4.7867e-05 4.7908e-05 4.7768e-05 4.8101e-05 4.8128e-05 4.7992e-05 4.8159e-05 4.8476e-05 4.8686e-05 4.8676e-05
4.8587e-05 4.8544e-05 4.8637e-05 4.8647e-05 4.8619e-05 4.8578e-05 4.8511e-05 4.8428e-05 4.8377e-05 4.8225e-05 4.8271e-05 4.8178e-05 4.7999e-05 4.785e-05 4.7648e-05 4.7384e-05 4.708e-05 4.7104e-05 4.7038e-05 4.6919e-05 4.6843e-05 4.6798e-05 4.675e-05 4.6737e-05 4.6741e-05 4.6758e-05 4.6792e-05 4.6843e-05 4.687e-05 4.6934e-05 4.6989e-05 4.702e-05 4.7098e-05 4.7132e-05 4.7118e-05 4.7138e-05 4.7152e-05 4.7269e-05 4.7444e-05 4.7575e-05 4.766e-05 4.7671e-05 4.7624e-05 4.7561e-05 4.7395e-05 4.7167e-05 4.7022e-05 4.6841e-05 4.6742e-05 4.6777e-05 4.692e-05 4.7054e-05 4.7177e-05 4.7315e-05 4.7424e-05 4.7535e-05 4.6765e-05 4.6873e-05 4.6737e-05 4.7279e-05 4.8045e-05 4.825e-05 4.8449e-05 4.8566e-05 4.875e-05 4.8983e-05 4.9342e-05 4.9526e-05 4.9714e-05 4.9823e-05 5.0144e-05 5.0252e-05 5.0297e-05 5.0359e-05 5.0461e-05 5.0567e-05 5.0581e-05 5.0512e-05 5.0653e-05 5.0573e-05 5.0439e-05 5.0548e-05 5.0441e-05 5.0511e-05 5.0335e-05 5.0552e-05 5.0417e-05 5.0065e-05 5e-05 4.9716e-05 4.9733e-05 4.958e-05 4.936e-05 4.9265e-05 4.9015e-05 4.884e-05 4.8888e-05 4.9243e-05 4.8634e-05 4.8586e-05 4.8304e-05 4.8299e-05 4.8093e-05 4.79e-05 4.7455e-05 4.7485e-05 4.745e-05 4.7772e-05 4.7596e-05 4.7679e-05 4.7569e-05 4.7569e-05 4.7463e-05 4.756e-05 4.7545e-05 4.7506e-05 4.7612e-05 4.7708e-05 4.756e-05 4.7667e-05 4.7579e-05 4.7534e-05 4.7418e-05 4.7493e-05 4.7547e-05 4.7488e-05 4.7483e-05 4.7658e-05 4.775e-05 4.7845e-05 4.814e-05 4.8403e-05 4.8633e-05 4.8862e-05 4.8848e-05 4.9187e-05 4.9408e-05 4.9698e-05 4.9753e-05 4.9923e-05 4.9979e-05 5.016e-05 5.0187e-05 5.0367e-05 5.0423e-05 5.0447e-05 5.0334e-05 5.0355e-05 5.0128e-05 5.0135e-05 5.0152e-05 5.0125e-05 4.979e-05 4.9509e-05 4.9383e-05 4.9168e-05 4.9253e-05 4.9034e-05 4.8899e-05 4.874e-05 4.8604e-05 4.8451e-05 4.8352e-05 4.8291e-05 4.8245e-05 4.8175e-05 4.8213e-05 4.8164e-05 4.782e-05 4.7945e-05 4.7867e-05 4.8028e-05 4.799e-05 4.7991e-05 4.8072e-05 4.8301e-05 4.8524e-05 4.8537e-05 4.8666e-05 4.8699e-05
4.8766e-05 4.8727e-05 4.8617e-05 4.8482e-05 4.8533e-05 4.8325e-05 4.8387e-05 4.8426e-05 4.8346e-05 4.8273e-05 4.8238e-05 4.8076e-05 4.7993e-05 4.7801e-05 4.7732e-05 4.7421e-05 4.9724e-05 4.6997e-05 4.7085e-05 4.7016e-05 4.6934e-05 4.685e-05 4.6806e-05 4.6783e-05 4.6743e-05 4.6737e-05 4.6747e-05 4.6779e-05 4.6818e-05 4.6846e-05 4.6882e-05 4.6892e-05 4.6933e-05 4.692e-05 4.6942e-05 4.6929e-05 4.699e-05 4.7037e-05 4.7105e-05 4.7215e-05 4.7343e-05 4.7348e-05 4.742e-05 4.7369e-05 4.7239e-05 4.7027e-05 4.6843e-05 4.6835e-05 4.6857e-05 4.7048e-05 4.7145e-05 4.7184e-05 4.7499e-05 4.7393e-05 4.7554e-05 4.7753e-05 4.7923e-05 4.8006e-05 4.8321e-05 4.8513e-05 4.8681e-05 4.8844e-05 4.9154e-05 4.928e-05 4.9491e-05 4.9676e-05 4.9744e-05 4.9919e-05 5.0016e-05 5.0169e-05 5.0374e-05 5.0464e-05 5.0501e-05 5.0617e-05 5.0683e-05 5.0601e-05 5.0655e-05 5.0665e-05 5.0739e-05 5.0879e-05 5.0534e-05 5.0583e-05 5.0644e-05 5.0532e-05 5.0692e-05 5.0462e-05 5.0215e-05 5.0182e-05 4.9953e-05 4.9955e-05 4.9853e-05 4.9784e-05 4.959e-05 4.9402e-05 4.909e-05 4.9045e-05 4.9011e-05 4.8968e-05 4.8837e-05 4.868e-05 4.8585e-05 4.8462e-05 4.826e-05 4.8261e-05 4.8186e-05 4.7994e-05 4.7878e-05 4.7886e-05 4.7896e-05 4.7794e-05 4.7794e-05 4.7793e-05 4.7709e-05 4.7826e-05 4.772e-05 4.7844e-05 4.7976e-05 4.7927e-05 4.7912e-05 4.7848e-05 4.7665e-05 4.762e-05 4.7545e-05 4.7511e-05 4.7432e-05 4.7462e-05 4.766e-05 4.7783e-05 4.7795e-05 4.7876e-05 4.8103e-05 4.8343e-05 4.852e-05 4.8569e-05 4.8802e-05 4.9055e-05 4.9239e-05 4.942e-05 4.9448e-05 4.9564e-05 4.9663e-05 4.9784e-05 4.9829e-05 4.9983e-05 5.004e-05 4.9946e-05 4.9986e-05 4.9988e-05 4.9592e-05 4.964e-05 4.9793e-05 4.9593e-05 4.955e-05 4.9299e-05 4.9157e-05 4.9272e-05 4.8918e-05 4.9062e-05 4.8962e-05 4.861e-05 4.8489e-05 4.8454e-05 4.84e-05 4.8409e-05 4.8255e-05 4.827e-05 4.8195e-05 4.8067e-05 4.8004e-05 4.809e-05 4.8114e-05 4.7875e-05 4.7953e-05 4.794e-05 4.819e-05 4.8379e-05 4.8541e-05 4.8689e-05 4.8792e-05 4.8847e-05
4.8765e-05 4.8759e-05 4.8698e-05 4.8624e-05 4.8669e-05 4.8505e-05 4.8387e-05 4.833e-05 4.8312e-05 4.8324e-05 4.8142e-05 4.8017e-05 4.8019e-05 4.7829e-05 4.7705e-05 4.7641e-05 4.7174e-05 4.7236e-05 4.7118e-05 4.7105e-05 4.7027e-05 4.6968e-05 4.6889e-05 4.6832e-05 4.6797e-05 4.6763e-05 4.6739e-05 4.6738e-05 4.6738e-05 4.6754e-05 4.6764e-05 4.678e-05 4.6793e-05 4.6788e-05 4.68e-05 4.6799e-05 4.6812e-05 4.6835e-05 4.6861e-05 4.6979e-05 4.7022e-05 4.7091e-05 4.7119e-05 4.7096e-05 4.6994e-05 4.6831e-05 4.6741e-05 4.6756e-05 4.6934e-05 4.7057e-05 4.7186e-05 4.7281e-05 4.7382e-05 4.7532e-05 4.7732e-05 4.7939e-05 4.8155e-05 4.8418e-05 4.8657e-05 4.8871e-05 4.9287e-05 4.9421e-05 4.9543e-05 4.9642e-05 4.9804e-05 4.9865e-05 5.0024e-05 5.0162e-05 5.0253e-05 5.044e-05 5.047e-05 5.1239e-05 5.0739e-05 5.0747e-05 5.0773e-05 5.0854e-05 5.0831e-05 5.0751e-05 5.0774e-05 5.0745e-05 5.0699e-05 5.0898e-05 5.0561e-05 5.0596e-05 4.9661e-05 5.1753e-05 5.0309e-05 5.0202e-05 5.015e-05 4.9989e-05 5.001e-05 4.9755e-05 4.9634e-05 4.9526e-05 4.945e-05 4.923e-05 4.921e-05 4.9022e-05 4.892e-05 4.8648e-05 4.8657e-05 4.8574e-05 4.8346e-05 4.8153e-05 4.8067e-05 4.8087e-05 4.806e-05 4.7929e-05 4.8104e-05 4.801e-05 4.7947e-05 4.8045e-05 4.8152e-05 4.8127e-05 4.8122e-05 4.8177e-05 4.8255e-05 4.8157e-05 4.8044e-05 4.7825e-05 4.7739e-05 4.7758e-05 4.7697e-05 4.7603e-05 4.7605e-05 4.7643e-05 4.7587e-05 4.7697e-05 4.7807e-05 4.7862e-05 4.8087e-05 4.8171e-05 4.8389e-05 4.8394e-05 4.8513e-05 4.8698e-05 4.8989e-05 4.9093e-05 4.9162e-05 4.9082e-05 4.9371e-05 4.9284e-05 4.9491e-05 4.9667e-05 4.968e-05 4.9601e-05 4.9555e-05 4.9605e-05 4.9542e-05 4.9397e-05 4.9501e-05 4.9401e-05 4.9429e-05 4.9395e-05 4.9142e-05 4.9217e-05 4.9026e-05 4.9087e-05 4.8998e-05 4.8756e-05 4.8615e-05 4.864e-05 4.8467e-05 4.8407e-05 4.8353e-05 4.8234e-05 4.8225e-05 4.8157e-05 4.7979e-05 4.8124e-05 4.8097e-05 4.8003e-05 4.8282e-05 4.8156e-05 4.8182e-05 4.8397e-05 4.8617e-05 4.8612e-05 4.87e-05 4.8735e-05
4.8681e-05 4.8732e-05 4.8702e-05 4.8511e-05 4.8641e-05 4.8604e-05 4.8285e-05 4.8475e-05 4.8462e-05 4.8463e-05 4.8351e-05 4.8231e-05 4.8089e-05 4.799e-05 4.7814e-05 4.7615e-05 4.7649e-05 4.7485e-05 4.7387e-05 4.7287e-05 4.72e-05 4.7105e-05 4.6993e-05 4.6924e-05 4.6919e-05 4.6887e-05 4.686e-05 4.6814e-05 4.6788e-05 4.6765e-05 4.6754e-05 4.6739e-05 4.6736e-05 4.6738e-05 4.6748e-05 4.6738e-05 4.6737e-05 4.6737e-05 4.6742e-05 4.6774e-05 4.6798e-05 4.6818e-05 4.6817e-05 4.6757e-05 4.674e-05 4.6758e-05 4.6819e-05 4.6923e-05 4.7087e-05 4.7207e-05 4.7319e-05 4.7522e-05 4.7609e-05 4.7768e-05 4.7987e-05 4.8153e-05 4.8399e-05 4.865e-05 4.8902e-05 4.9255e-05 4.9666e-05 4.945e-05 4.9957e-05 5.0059e-05 5.0093e-05 5.0197e-05 5.0357e-05 5.0458e-05 5.051e-05 5.0503e-05 5.0682e-05 5.0665e-05 5.0737e-05 5.0867e-05 5.0894e-05 5.0903e-05 5.0822e-05 5.0959e-05 5.1032e-05 5.0966e-05 5.0802e-05 5.076e-05 5.0779e-05 5.0658e-05 5.061e-05 5.0565e-05 5.0491e-05 5.0436e-05 5.0308e-05 5.0045e-05 4.9851e-05 4.9914e-05 4.9687e-05 4.9671e-05 4.9285e-05 4.9391e-05 4.9341e-05 4.9196e-05 4.892e-05 4.8846e-05 4.8698e-05 4.8638e-05 4.8591e-05 4.8502e-05 4.8498e-05 4.8412e-05 4.8182e-05 4.8189e-05 4.8227e-05 4.8282e-05 4.8393e-05 4.8432e-05 4.8417e-05 4.842e-05 4.8277e-05 4.8388e-05 4.8374e-05 4.8375e-05 4.8115e-05 4.8012e-05 4.7966e-05 4.7886e-05 4.7714e-05 4.7746e-05 4.7646e-05 4.7664e-05 4.7608e-05 4.77e-05 4.7794e-05 4.783e-05 4.799e-05 4.7965e-05 4.8258e-05 4.8488e-05 4.8414e-05 4.8235e-05 4.8587e-05 4.8683e-05 4.864e-05 4.8907e-05 4.9071e-05 4.8823e-05 4.9071e-05 4.9228e-05 4.9203e-05 4.9084e-05 4.9201e-05 4.917e-05 4.9182e-05 4.9181e-05 4.9163e-05 4.9222e-05 4.9195e-05 4.9089e-05 4.9072e-05 4.9145e-05 4.9088e-05 4.8924e-05 4.892e-05 4.8772e-05 4.8828e-05 4.8638e-05 4.8564e-05 4.8433e-05 4.8362e-05 4.8265e-05 4.8038e-05 4.8061e-05 4.8018e-05 4.8109e-05 4.8172e-05 4.8195e-05 4.8287e-05 4.8272e-05 4.834e-05 4.8416e-05 4.8553e-05 4.8723e-05 4.8499e-05 4.8649e-05
4.8646e-05 4.8663e-05 4.8642e-05 4.8666e-05 4.8629e-05 4.8709e-05 4.8558e-05 4.8473e-05 4.854e-05 4.8349e-05 4.8268e-05 4.8284e-05 4.8186e-05 4.8047e-05 4.7912e-05 4.7822e-05 4.7715e-05 4.7626e-05 4.7541e-05 4.7412e-05 4.7306e-05 4.7277e-05 4.7207e-05 4.7151e-05 4.708e-05 4.7058e-05 4.7e-05 4.6964e-05 4.6934e-05 4.6929e-05 4.6922e-05 4.6891e-05 4.691e-05 4.6911e-05 4.6886e-05 4.6865e-05 4.6852e-05 4.6865e-05 4.6839e-05 4.7053e-05 4.6809e-05 4.6803e-05 4.6805e-05 4.6827e-05 4.6851e-05 4.6902e-05 4.6967e-05 4.7083e-05 4.7274e-05 4.7415e-05 4.7481e-05 4.7783e-05 4.7994e-05 4.8165e-05 4.8338e-05 4.8587e-05 4.88e-05 4.9019e-05 4.9245e-05 4.9416e-05 4.9744e-05 5.0049e-05 5.0176e-05 5.0282e-05 5.0433e-05 5.1144e-05 5.0303e-05 5.0672e-05 5.0723e-05 5.0737e-05 5.0889e-05 5.0692e-05 5.084e-05 5.106e-05 5.1152e-05 5.1105e-05 5.1047e-05 5.1076e-05 5.0917e-05 5.0977e-05 5.0881e-05 5.0883e-05 5.0797e-05 5.0824e-05 5.0692e-05 5.0634e-05 5.0482e-05 5.039e-05 5.0236e-05 5.0106e-05 4.9948e-05 4.9867e-05 4.981e-05 4.9641e-05 4.9627e-05 4.9603e-05 4.9316e-05 4.9177e-05 4.9137e-05 4.8943e-05 4.8883e-05 4.8778e-05 4.8627e-05 4.8606e-05 4.8566e-05 4.86e-05 4.8388e-05 4.8505e-05 4.8476e-05 4.858e-05 4.8547e-05 4.8575e-05 4.8616e-05 4.8599e-05 4.8452e-05 4.8556e-05 4.8452e-05 4.844e-05 4.8363e-05 4.8103e-05 4.8208e-05 4.8157e-05 4.7677e-05 4.7858e-05 4.7802e-05 4.7739e-05 4.7644e-05 4.7599e-05 4.7667e-05 4.7794e-05 4.7799e-05 4.7865e-05 4.7959e-05 4.7434e-05 4.7983e-05 4.8257e-05 4.8313e-05 4.8267e-05 4.8505e-05 4.8627e-05 4.8712e-05 4.8437e-05 4.8806e-05 4.8876e-05 4.8884e-05 4.8675e-05 4.8821e-05 4.879e-05 4.8892e-05 4.8957e-05 4.8885e-05 4.897e-05 4.8887e-05 4.8801e-05 4.8918e-05 4.8939e-05 4.8841e-05 4.8801e-05 4.8825e-05 4.8713e-05 4.8639e-05 4.8683e-05 4.8551e-05 4.8506e-05 4.8443e-05 4.815e-05 4.8309e-05 4.8254e-05 4.8112e-05 4.8199e-05 4.814e-05 4.827e-05 4.833e-05 4.8305e-05 4.845e-05 4.8469e-05 4.8414e-05 4.8603e-05 4.8574e-05 4.8468e-05
4.879e-05 4.8594e-05 4.859e-05 4.9881e-05 4.8645e-05 4.8707e-05 4.8714e-05 4.8671e-05 4.8617e-05 4.8577e-05 4.8499e-05 4.8336e-05 4.8315e-05 4.8169e-05 4.8117e-05 4.8069e-05 4.7958e-05 4.789e-05 4.7704e-05 4.7533e-05 4.7296e-05 4.7503e-05 4.744e-05 4.7382e-05 4.7338e-05 4.7316e-05 4.7247e-05 4.7261e-05 4.7255e-05 4.7198e-05 4.7184e-05 4.714e-05 4.7124e-05 4.7089e-05 4.7053e-05 4.7025e-05 4.7011e-05 4.7031e-05 4.7023e-05 4.7009e-05 4.6998e-05 4.7031e-05 4.7036e-05 4.7083e-05 4.7163e-05 4.722e-05 4.7317e-05 4.7373e-05 4.7564e-05 4.7726e-05 4.7985e-05 4.8167e-05 4.8381e-05 4.8629e-05 4.8913e-05 4.9054e-05 4.9239e-05 4.9436e-05 4.9684e-05 4.9753e-05 4.9953e-05 5.0193e-05 5.0408e-05 5.0598e-05 5.0591e-05 5.0639e-05 5.0882e-05 5.0843e-05 5.0819e-05 5.0809e-05 5.0926e-05 5.0848e-05 5.097e-05 5.0962e-05 5.1012e-05 5.1102e-05 5.1028e-05 5.0909e-05 5.0887e-05 5.0948e-05 5.0906e-05 5.0883e-05 5.0725e-05 5.0624e-05 5.0551e-05 5.0153e-05 5.0243e-05 5.0166e-05 5.0135e-05 5.0063e-05 5.0012e-05 4.9854e-05 4.9665e-05 4.9586e-05 4.9663e-05 4.9222e-05 4.9158e-05 4.9187e-05 4.9109e-05 4.8995e-05 4.8965e-05 4.8847e-05 4.874e-05 4.874e-05 4.8756e-05 4.8707e-05 4.8686e-05 4.87e-05 4.8677e-05 4.863e-05 4.8719e-05 4.8674e-05 4.8764e-05 4.8667e-05 4.8627e-05 4.8576e-05 4.8551e-05 4.8417e-05 4.8528e-05 4.8401e-05 4.8278e-05 4.8228e-05 4.8207e-05 4.8062e-05 4.797e-05 4.7895e-05 4.7769e-05 4.7727e-05 4.769e-05 4.769e-05 4.7707e-05 4.7794e-05 4.7867e-05 4.7875e-05 4.7974e-05 4.8118e-05 4.8189e-05 4.8183e-05 4.8325e-05 4.8118e-05 4.8445e-05 4.8184e-05 4.8476e-05 4.8588e-05 4.8416e-05 4.8624e-05 4.8604e-05 4.8617e-05 4.8679e-05 4.8687e-05 4.8638e-05 4.8662e-05 4.8805e-05 4.8803e-05 4.8793e-05 4.8733e-05 4.8749e-05 4.8669e-05 4.8732e-05 4.8753e-05 4.869e-05 4.8608e-05 4.865e-05 4.8594e-05 4.8388e-05 4.8471e-05 4.8467e-05 4.8485e-05 4.8179e-05 4.8283e-05 4.8313e-05 4.836e-05 4.8233e-05 4.8436e-05 4.8559e-05 4.8616e-05 4.8568e-05 4.8643e-05 4.8673e-05 4.8701e-05
4.8754e-05 4.895e-05 4.8777e-05 4.892e-05 4.8898e-05 4.883e-05 4.8783e-05 4.8822e-05 4.8474e-05 4.862e-05 4.8535e-05 4.8534e-05 4.8548e-05 4.8494e-05 4.8732e-05 4.8248e-05 4.8192e-05 4.8114e-05 4.7944e-05 4.8039e-05 4.7962e-05 4.7821e-05 4.7785e-05 4.7745e-05 4.7694e-05 4.7664e-05 4.752e-05 4.7576e-05 4.7545e-05 4.7514e-05 4.7456e-05 4.7403e-05 4.7387e-05 4.7345e-05 4.729e-05 4.723e-05 4.7227e-05 4.7237e-05 4.7195e-05 4.7185e-05 4.7189e-05 4.7245e-05 4.7311e-05 4.7385e-05 4.7493e-05 4.7596e-05 4.7682e-05 4.7827e-05 4.7936e-05 4.8105e-05 4.8276e-05 4.8321e-05 4.8694e-05 4.9038e-05 4.9292e-05 4.9567e-05 4.9814e-05 5.01e-05 5.0204e-05 5.0272e-05 5.0326e-05 5.0537e-05 5.063e-05 5.0596e-05 5.0794e-05 5.0849e-05 5.0874e-05 5.0739e-05 5.0826e-05 5.0915e-05 5.0749e-05 5.0787e-05 5.0938e-05 5.0954e-05 5.0954e-05 5.099e-05 5.0984e-05 5.088e-05 5.0894e-05 5.0856e-05 5.0881e-05 5.0749e-05 5.0656e-05 5.0174e-05 5.1957e-05 5.1681e-05 4.9144e-05 4.9958e-05 5.0101e-05 4.994e-05 4.9996e-05 4.9744e-05 4.9777e-05 4.9513e-05 4.9488e-05 4.9365e-05 4.9234e-05 4.919e-05 4.9175e-05 4.9105e-05 4.8976e-05 4.8967e-05 4.8892e-05 4.8705e-05 4.8854e-05 4.8678e-05 4.8652e-05 4.872e-05 4.8703e-05 4.8667e-05 4.8763e-05 4.8762e-05 4.8826e-05 4.8704e-05 4.85e-05 4.8533e-05 4.8709e-05 4.8523e-05 4.8476e-05 4.858e-05 4.8515e-05 4.8405e-05 4.8366e-05 4.8106e-05 4.809e-05 4.7865e-05 4.7918e-05 4.7812e-05 4.7792e-05 4.7631e-05 4.7751e-05 4.7725e-05 4.7725e-05 4.7765e-05 4.7878e-05 4.7842e-05 4.7952e-05 4.7992e-05 4.7905e-05 4.8065e-05 4.818e-05 4.8152e-05 4.8267e-05 4.8298e-05 4.819e-05 4.8392e-05 4.8372e-05 4.8421e-05 4.8387e-05 4.8425e-05 4.8504e-05 4.8527e-05 4.8536e-05 4.8595e-05 4.8346e-05 4.8631e-05 4.8591e-05 4.8717e-05 4.8683e-05 4.8674e-05 4.8541e-05 4.8525e-05 4.8692e-05 4.8668e-05 4.8519e-05 4.8684e-05 4.8668e-05 4.8401e-05 4.857e-05 4.8437e-05 4.8616e-05 4.8589e-05 4.8536e-05 4.8556e-05 4.8566e-05 4.868e-05 4.8513e-05 4.8543e-05 4.879e-05 4.837e-05
4.8997e-05 4.8977e-05 4.9066e-05 4.9005e-05 4.8959e-05 4.9128e-05 4.9035e-05 4.895e-05 4.9013e-05 4.8937e-05 4.8693e-05 4.8754e-05 4.8832e-05 4.8634e-05 4.8682e-05 4.8579e-05 4.8568e-05 4.8506e-05 4.8467e-05 4.8446e-05 4.8197e-05 4.8279e-05 4.8093e-05 4.8012e-05 4.8006e-05 4.784e-05 4.799e-05 4.7946e-05 4.7836e-05 4.7797e-05 4.7771e-05 4.7655e-05 4.7685e-05 4.7575e-05 4.7908e-05 4.7465e-05 4.7463e-05 4.745e-05 4.7419e-05 4.7446e-05 4.748e-05 4.7538e-05 4.7667e-05 4.7712e-05 4.7801e-05 4.7939e-05 4.8099e-05 4.8301e-05 4.8443e-05 4.863e-05 4.8865e-05 4.9131e-05 4.9356e-05 4.9642e-05 4.9926e-05 5.0179e-05 5.0457e-05 5.0645e-05 5.084e-05 5.1016e-05 5.1079e-05 5.1041e-05 5.0906e-05 5.0835e-05 5.0842e-05 5.0837e-05 5.0774e-05 5.0834e-05 5.0926e-05 5.0858e-05 5.0907e-05 5.0905e-05 5.0847e-05 5.0945e-05 5.0936e-05 5.0864e-05 5.0815e-05 5.0644e-05 5.0893e-05 5.0807e-05 5.0751e-05 5.065e-05 5.0392e-05 5.0298e-05 5.0274e-05 5.0046e-05 4.9998e-05 5.0029e-05 4.9946e-05 4.9988e-05 4.9836e-05 4.9704e-05 4.9681e-05 4.9516e-05 4.9453e-05 4.9313e-05 4.9247e-05 4.9175e-05 4.911e-05 4.8946e-05 4.885e-05 4.8935e-05 4.8871e-05 4.8699e-05 4.874e-05 4.8739e-05 4.8755e-05 4.8677e-05 4.8608e-05 4.8456e-05 4.8535e-05 4.8746e-05 4.8827e-05 4.8729e-05 4.867e-05 4.8688e-05 4.8518e-05 4.8625e-05 4.8596e-05 4.8572e-05 4.8508e-05 4.8346e-05 4.8409e-05 4.8324e-05 4.8217e-05 4.8143e-05 4.8124e-05 4.7935e-05 4.7837e-05 4.7813e-05 4.7733e-05 4.7646e-05 4.7662e-05 4.7665e-05 4.7567e-05 4.7772e-05 4.779e-05 4.7837e-05 4.7485e-05 4.7916e-05 4.7993e-05 4.8099e-05 4.8127e-05 4.8051e-05 4.8102e-05 4.8122e-05 4.7903e-05 4.8252e-05 4.8236e-05 4.8292e-05 4.8253e-05 4.8436e-05 4.8404e-05 4.8476e-05 4.8514e-05 4.8504e-05 4.8534e-05 4.8567e-05 4.859e-05 4.8672e-05 4.8453e-05 4.8492e-05 4.8504e-05 4.8612e-05 4.8587e-05 4.8586e-05 4.8748e-05 4.8746e-05 4.8756e-05 4.8664e-05 4.8754e-05 4.8665e-05 4.8814e-05 4.8788e-05 4.8614e-05 4.869e-05 4.871e-05 4.8918e-05 4.8877e-05 4.8952e-05
4.8845e-05 4.9151e-05 4.9166e-05 4.9089e-05 4.9137e-05 4.916e-05 4.9112e-05 4.9175e-05 4.8969e-05 4.9233e-05 4.9064e-05 4.9038e-05 4.899e-05 4.9029e-05 4.878e-05 4.8666e-05 4.8663e-05 4.883e-05 4.8882e-05 4.872e-05 4.874e-05 4.8716e-05 4.8659e-05 4.8606e-05 4.8424e-05 4.839e-05 4.7922e-05 4.8317e-05 4.8302e-05 4.8069e-05 4.826e-05 4.7995e-05 4.8045e-05 4.7897e-05 4.7773e-05 4.7691e-05 4.7726e-05 4.7717e-05 4.7736e-05 4.7748e-05 4.7764e-05 4.7921e-05 4.8016e-05 4.8137e-05 4.8252e-05 4.8414e-05 4.8708e-05 4.8965e-05 4.9242e-05 4.9447e-05 4.9585e-05 4.973e-05 4.9822e-05 5.002e-05 5.0161e-05 5.0373e-05 5.0504e-05 5.057e-05 5.0738e-05 5.0799e-05 5.0804e-05 5.0836e-05 5.0809e-05 5.0787e-05 5.072e-05 5.0776e-05 5.0804e-05 5.0819e-05 5.0738e-05 5.0837e-05 5.0852e-05 5.08e-05 5.0912e-05 5.0873e-05 5.0674e-05 5.0787e-05 5.0759e-05 5.0633e-05 5.0648e-05 5.0578e-05 5.0464e-05 5.0399e-05 5.0443e-05 5.0303e-05 5.0094e-05 5.0117e-05 4.9886e-05 4.9813e-05 4.9765e-05 4.9683e-05 4.9683e-05 4.9566e-05 4.9417e-05 4.9398e-05 4.9388e-05 4.91e-05 4.9156e-05 4.9148e-05 4.9065e-05 4.9019e-05 4.8979e-05 4.8962e-05 4.8903e-05 4.8748e-05 4.8776e-05 4.889e-05 4.8823e-05 4.8749e-05 4.8732e-05 4.8786e-05 4.8451e-05 4.851e-05 4.8675e-05 4.8656e-05 4.8718e-05 4.8652e-05 4.8565e-05 4.8611e-05 4.859e-05 4.8437e-05 4.8355e-05 4.8414e-05 4.8368e-05 4.8357e-05 4.818e-05 4.8148e-05 4.8133e-05 4.8092e-05 4.803e-05 4.7966e-05 4.7893e-05 4.7775e-05 4.7763e-05 4.7681e-05 4.7606e-05 4.7536e-05 4.761e-05 4.7742e-05 4.7832e-05 4.7795e-05 4.7837e-05 4.7837e-05 4.7893e-05 4.7891e-05 4.7907e-05 4.7918e-05 4.7972e-05 4.8042e-05 4.8043e-05 4.802e-05 4.8136e-05 4.8063e-05 4.8162e-05 4.8281e-05 4.8382e-05 4.8448e-05 4.8397e-05 4.8487e-05 4.8728e-05 4.8625e-05 4.8557e-05 4.8551e-05 4.8552e-05 4.8683e-05 4.8679e-05 4.8765e-05 4.8786e-05 4.8877e-05 4.8827e-05 4.8761e-05 4.8739e-05 4.8877e-05 4.8926e-05 4.8984e-05 4.9168e-05 4.907e-05 4.8999e-05 4.9053e-05 4.8979e-05 4.8917e-05
4.92e-05 4.9324e-05 4.9416e-05 4.9264e-05 4.9185e-05 4.931e-05 5.0021e-05 4.9101e-05 4.9269e-05 4.9292e-05 4.9082e-05 4.9172e-05 4.9215e-05 4.9125e-05 4.9281e-05 4.9315e-05 4.9288e-05 4.9167e-05 4.9391e-05 4.8999e-05 4.8843e-05 4.905e-05 4.9041e-05 4.8947e-05 4.8811e-05 4.8743e-05 4.8623e-05 4.8494e-05 4.8572e-05 4.837e-05 4.8428e-05 4.8469e-05 4.8496e-05 4.8264e-05 4.8423e-05 4.8439e-05 4.8264e-05 4.8268e-05 4.83e-05 4.8332e-05 4.8251e-05 4.8492e-05 4.8575e-05 4.8653e-05 4.8824e-05 4.8929e-05 4.9104e-05 4.9353e-05 4.949e-05 4.9691e-05 4.9844e-05 4.9952e-05 4.9971e-05 4.9933e-05 5.0068e-05 5.0112e-05 5.0165e-05 5.0239e-05 5.0324e-05 5.0324e-05 5.0272e-05 5.0384e-05 5.0392e-05 5.0456e-05 5.0676e-05 5.0553e-05 5.0581e-05 5.0639e-05 5.0793e-05 5.0667e-05 5.0728e-05 5.067e-05 5.0649e-05 5.0726e-05 5.0606e-05 5.0503e-05 5.0514e-05 5.0563e-05 5.0488e-05 5.037e-05 5.0284e-05 5.0261e-05 5.0188e-05 5.0068e-05 4.9945e-05 4.9904e-05 4.9818e-05 4.9789e-05 4.9706e-05 4.9531e-05 4.9362e-05 4.9245e-05 4.9318e-05 4.9342e-05 4.9187e-05 4.917e-05 4.9088e-05 4.9056e-05 4.9012e-05 4.8932e-05 4.8823e-05 4.8747e-05 4.87e-05 4.866e-05 4.8757e-05 4.8794e-05 4.8762e-05 4.8672e-05 4.8703e-05 4.8673e-05 4.8763e-05 4.8651e-05 4.8614e-05 4.8617e-05 4.8519e-05 4.86e-05 4.8491e-05 4.8459e-05 4.832e-05 4.8438e-05 4.8247e-05 4.8371e-05 4.8333e-05 4.8173e-05 4.8189e-05 4.8176e-05 4.8148e-05 4.8149e-05 4.8078e-05 4.7985e-05 4.7932e-05 4.7952e-05 4.7882e-05 4.7845e-05 4.7738e-05 4.776e-05 4.7688e-05 4.7646e-05 4.7603e-05 4.7569e-05 4.7503e-05 4.7488e-05 4.7538e-05 4.759e-05 4.7654e-05 4.7719e-05 4.7817e-05 4.785e-05 4.7975e-05 4.7947e-05 4.806e-05 4.8046e-05 4.8038e-05 4.8088e-05 4.8221e-05 4.8178e-05 4.8376e-05 4.848e-05 4.8555e-05 4.8602e-05 4.8641e-05 4.8519e-05 4.8706e-05 4.8736e-05 4.8766e-05 4.8872e-05 4.8833e-05 4.8891e-05 4.8692e-05 4.8948e-05 4.8938e-05 4.89e-05 4.8786e-05 4.8991e-05 4.9041e-05 4.9105e-05 4.9256e-05 4.9023e-05 4.9169e-05 4.913e-05
4.942e-05 4.9535e-05 4.9546e-05 4.9455e-05 4.9347e-05 4.9592e-05 4.9628e-05 4.9547e-05 4.9539e-05 4.9628e-05 4.9743e-05 4.9572e-05 4.9606e-05 4.9418e-05 4.98e-05 4.9529e-05 4.9479e-05 4.9426e-05 4.9317e-05 4.9311e-05 4.9382e-05 4.897e-05 4.899e-05 4.9115e-05 4.896e-05 4.9146e-05 4.8968e-05 4.9589e-05 4.925e-05 4.9094e-05 4.9213e-05 4.8966e-05 4.886e-05 4.8777e-05 4.8636e-05 4.8758e-05 4.8632e-05 4.8691e-05 4.8747e-05 4.8897e-05 4.8977e-05 4.9074e-05 4.9138e-05 4.9193e-05 4.9331e-05 4.9419e-05 4.9477e-05 4.9553e-05 4.9639e-05 4.9744e-05 4.9886e-05 5.0106e-05 5.003e-05 5.0044e-05 5.0039e-05 5.0018e-05 4.9948e-05 4.9936e-05 4.9851e-05 4.9951e-05 5.0018e-05 5.0088e-05 5.0151e-05 5.0138e-05 5.0211e-05 5.0328e-05 5.0381e-05 5.0322e-05 5.0314e-05 5.0371e-05 5.0502e-05 5.0589e-05 5.0569e-05 5.0401e-05 5.05e-05 5.0517e-05 5.0529e-05 5.0382e-05 5.0271e-05 5.0099e-05 5.0114e-05 5.0024e-05 4.9933e-05 4.9848e-05 4.9886e-05 4.984e-05 4.9753e-05 4.9658e-05 4.9551e-05 4.9543e-05 4.941e-05 4.9127e-05 4.9135e-05 4.9136e-05 4.911e-05 4.8912e-05 4.8943e-05 4.8927e-05 4.8858e-05 4.8892e-05 4.8812e-05 4.8803e-05 4.8737e-05 4.854e-05 4.8679e-05 4.8692e-05 4.8586e-05 4.854e-05 4.8531e-05 4.8453e-05 4.8543e-05 4.8559e-05 4.8625e-05 4.8598e-05 4.8525e-05 4.86e-05 4.8612e-05 4.8496e-05 4.8352e-05 4.8263e-05 4.8332e-05 4.843e-05 4.8382e-05 4.8238e-05 4.821e-05 4.8166e-05 4.8103e-05 4.8159e-05 4.8024e-05 4.8012e-05 4.796e-05 4.7911e-05 4.794e-05 4.7864e-05 4.7895e-05 4.7842e-05 4.7791e-05 4.7733e-05 4.7713e-05 4.7729e-05 4.7765e-05 4.7794e-05 4.7824e-05 4.7832e-05 4.7863e-05 4.7896e-05 4.7922e-05 4.7942e-05 4.8006e-05 4.804e-05 4.8002e-05 4.8105e-05 4.8101e-05 4.8165e-05 4.8165e-05 4.8167e-05 4.8347e-05 4.843e-05 4.848e-05 4.8444e-05 4.8639e-05 4.8631e-05 4.8559e-05 4.8716e-05 4.8846e-05 4.893e-05 4.8811e-05 4.8936e-05 4.9064e-05 4.9128e-05 4.8396e-05 5.0668e-05 4.8683e-05 4.7327e-05 4.9065e-05 4.9182e-05 4.94e-05 4.9345e-05 4.9092e-05 4.9281e-05
4.9422e-05 4.9613e-05 4.9503e-05 4.9589e-05 4.9595e-05 4.98e-05 4.9531e-05 4.9692e-05 4.9729e-05 4.9712e-05 4.9802e-05 4.965e-05 4.9684e-05 4.9854e-05 4.9684e-05 4.9785e-05 4.9771e-05 4.9446e-05 4.9598e-05 4.9676e-05 4.9571e-05 4.9746e-05 4.9825e-05 4.9965e-05 4.9684e-05 4.9374e-05 4.9435e-05 4.9443e-05 4.9029e-05 4.9173e-05 4.9216e-05 4.912e-05 4.9351e-05 4.9433e-05 4.9551e-05 4.9259e-05 4.9165e-05 4.9195e-05 4.9036e-05 4.9253e-05 4.9221e-05 4.9302e-05 4.9466e-05 4.9443e-05 4.9438e-05 4.9336e-05 4.9487e-05 4.9576e-05 4.964e-05 4.9815e-05 4.9907e-05 4.9934e-05 4.9929e-05 4.9953e-05 4.9969e-05 5.0173e-05 4.9926e-05 4.9907e-05 4.9953e-05 4.9987e-05 5.0114e-05 5.0196e-05 5.0256e-05 5.0259e-05 5.0257e-05 5.0206e-05 5.0151e-05 5.0185e-05 5.0257e-05 5.0111e-05 5.0305e-05 5.0307e-05 5.0308e-05 5.0308e-05 5.0263e-05 5.0321e-05 5.0208e-05 5.0191e-05 5.0019e-05 5.0055e-05 4.9926e-05 4.9903e-05 4.978e-05 5.0021e-05 4.9703e-05 4.9575e-05 4.9481e-05 4.9385e-05 4.9362e-05 4.9363e-05 4.9246e-05 4.9203e-05 4.9136e-05 4.9038e-05 4.9043e-05 4.8991e-05 4.913e-05 4.8833e-05 4.8764e-05 4.8721e-05 4.8687e-05 4.8676e-05 4.8656e-05 4.8584e-05 4.8607e-05 4.8631e-05 4.8635e-05 4.8572e-05 4.8484e-05 4.8583e-05 4.8519e-05 4.8465e-05 4.8549e-05 4.8537e-05 4.8517e-05 4.8479e-05 4.8438e-05 4.8479e-05 4.8346e-05 4.835e-05 4.8335e-05 4.8304e-05 4.8205e-05 4.8362e-05 4.8357e-05 4.8301e-05 4.8154e-05 4.813e-05 4.8128e-05 4.8017e-05 4.8122e-05 4.8075e-05 4.8088e-05 4.8037e-05 4.7929e-05 4.7965e-05 4.792e-05 4.7918e-05 4.7899e-05 4.7898e-05 4.7873e-05 4.7959e-05 4.7971e-05 4.7814e-05 4.7908e-05 4.7968e-05 4.8031e-05 4.8053e-05 4.7988e-05 4.7998e-05 4.8046e-05 4.8121e-05 4.8155e-05 4.8184e-05 4.8237e-05 4.8244e-05 4.8289e-05 4.8418e-05 4.848e-05 4.8553e-05 4.856e-05 4.8677e-05 4.869e-05 4.8812e-05 4.8856e-05 4.8841e-05 4.8856e-05 4.8919e-05 4.8992e-05 4.9084e-05 4.9089e-05 4.9183e-05 4.909e-05 4.9481e-05 4.951e-05 4.9556e-05 4.9568e-05 4.9562e-05 4.9483e-05 4.9352e-05
4.9775e-05 4.9561e-05 4.915e-05 4.8952e-05 4.921e-05 4.9693e-05 4.9518e-05 4.8869e-05 4.8912e-05 4.9604e-05 4.9775e-05 4.9776e-05 4.9832e-05 4.9762e-05 4.9742e-05 4.9448e-05 4.8946e-05 4.9024e-05 4.8857e-05 4.9423e-05 4.9075e-05 4.9265e-05 4.998e-05 5.046e-05 4.9726e-05 4.9424e-05 4.9402e-05 4.9633e-05 4.9518e-05 4.9496e-05 4.9475e-05 4.9483e-05 4.9571e-05 4.9415e-05 4.8878e-05 4.9381e-05 4.9216e-05 4.9357e-05 4.9301e-05 4.924e-05 4.9518e-05 4.9465e-05 4.9326e-05 4.9329e-05 4.9467e-05 4.9598e-05 4.9657e-05 4.9718e-05 4.9785e-05 4.9828e-05 4.9862e-05 4.9922e-05 4.969e-05 5.0025e-05 5.007e-05 5.0142e-05 5.0181e-05 5.0177e-05 5.0175e-05 5.0181e-05 5.0237e-05 4.9104e-05 4.9151e-05 4.9817e-05 5.0037e-05 4.9993e-05 4.9979e-05 5.0028e-05 4.9901e-05 4.9898e-05 4.9997e-05 5.0031e-05 5.0027e-05 5.0038e-05 4.9957e-05 4.9973e-05 4.9926e-05 4.994e-05 4.9996e-05 4.9952e-05 4.986e-05 4.9681e-05 4.965e-05 4.9597e-05 4.9579e-05 4.9474e-05 4.9264e-05 4.923e-05 4.9356e-05 4.927e-05 4.9286e-05 4.9204e-05 4.9077e-05 4.8923e-05 4.8895e-05 4.8953e-05 4.8953e-05 4.8915e-05 4.8842e-05 4.8777e-05 4.875e-05 4.8742e-05 4.8667e-05 4.8783e-05 4.8656e-05 4.8626e-05 4.8628e-05 4.8601e-05 4.8592e-05 4.8576e-05 4.8571e-05 4.854e-05 4.8477e-05 4.8386e-05 4.8387e-05 4.8376e-05 4.8453e-05 4.8334e-05 4.8344e-05 4.8213e-05 4.8272e-05 4.8319e-05 4.8339e-05 4.8355e-05 4.8341e-05 4.8362e-05 4.8312e-05 4.828e-05 4.8228e-05 4.8157e-05 4.8209e-05 4.8132e-05 4.8081e-05 4.7991e-05 4.7633e-05 4.7911e-05 4.804e-05 4.8055e-05 4.8094e-05 4.8064e-05 4.8001e-05 4.8014e-05 4.8017e-05 4.8008e-05 4.8027e-05 4.7996e-05 4.8075e-05 4.802e-05 4.8061e-05 4.7995e-05 4.809e-05 4.8163e-05 4.8152e-05 4.8214e-05 4.8282e-05 4.8317e-05 4.8368e-05 4.8398e-05 4.8345e-05 4.8455e-05 4.8498e-05 4.8599e-05 4.874e-05 4.8828e-05 4.8859e-05 4.8869e-05 4.8941e-05 4.9072e-05 4.9081e-05 4.902e-05 4.9155e-05 4.9046e-05 4.9136e-05 4.9261e-05 4.9216e-05 4.9556e-05 4.9734e-05 4.9692e-05 4.9558e-05 4.9678e-05
4.929e-05 4.908e-05 4.9084e-05 4.9253e-05 4.9296e-05 4.9218e-05 4.9146e-05 4.9139e-05 4.9195e-05 4.9166e-05 4.9192e-05 4.8927e-05 4.934e-05 4.9257e-05 4.931e-05 4.9454e-05 4.9449e-05 4.9518e-05 4.952e-05 4.9427e-05 4.9392e-05 4.9582e-05 4.9545e-05 4.9596e-05 4.9678e-05 4.9747e-05 4.9609e-05 4.923e-05 4.9348e-05 4.9166e-05 4.9261e-05 4.9331e-05 4.9387e-05 4.9405e-05 4.9333e-05 4.944e-05 4.9369e-05 4.953e-05 4.9503e-05 4.9487e-05 4.9513e-05 4.9562e-05 4.9555e-05 4.9477e-05 4.9376e-05 4.9416e-05 4.9475e-05 4.9542e-05 4.9588e-05 4.9719e-05 4.9839e-05 4.9773e-05 4.983e-05 4.9893e-05 4.9964e-05 4.9981e-05 4.9911e-05 5.0003e-05 5.0115e-05 5.0104e-05 5.0175e-05 5.0218e-05 5.019e-05 5.0222e-05 5.0133e-05 5.0136e-05 5.0247e-05 5.0156e-05 4.9996e-05 4.9904e-05 4.9803e-05 4.9749e-05 4.962e-05 4.9667e-05 4.9681e-05 4.9411e-05 4.934e-05 4.9407e-05 4.9575e-05 4.9596e-05 4.9413e-05 4.9502e-05 4.9232e-05 4.8473e-05 4.8918e-05 4.9428e-05 4.7692e-05 4.7964e-05 4.8977e-05 4.7221e-05 4.7728e-05 4.8466e-05 4.8002e-05 4.7486e-05 4.8248e-05 4.7308e-05 4.7457e-05 4.8359e-05 4.7968e-05 4.751e-05 4.7652e-05 4.7779e-05 4.7958e-05 4.8521e-05 4.8581e-05 4.847e-05 4.8543e-05 4.856e-05 4.8588e-05 4.8549e-05 4.8531e-05 4.852e-05 4.8502e-05 4.8484e-05 4.8406e-05 4.8436e-05 4.8405e-05 4.8398e-05 4.8366e-05 4.8079e-05 4.8872e-05 4.8051e-05 4.8307e-05 4.8267e-05 4.8234e-05 4.829e-05 4.8245e-05 4.8207e-05 4.8223e-05 4.8233e-05 4.8241e-05 4.8253e-05 4.822e-05 4.8235e-05 4.8226e-05 4.8232e-05 4.8256e-05 4.8256e-05 4.8187e-05 4.8217e-05 4.8179e-05 4.8124e-05 4.8036e-05 4.8066e-05 4.8078e-05 4.7968e-05 4.7855e-05 4.7876e-05 4.7948e-05 4.8028e-05 4.8074e-05 4.8028e-05 4.8155e-05 4.8232e-05 4.8234e-05 4.8351e-05 4.831e-05 4.841e-05 4.8387e-05 4.8408e-05 4.8468e-05 4.858e-05 4.8629e-05 4.8752e-05 4.8776e-05 4.887e-05 4.8825e-05 4.8815e-05 4.8884e-05 4.9084e-05 4.9073e-05 4.9119e-05 4.9134e-05 4.9214e-05 4.9249e-05 4.9163e-05 4.9146e-05 4.9376e-05 4.9382e-05 4.9338e-05
4.7911e-05 4.7933e-05 4.7972e-05 4.8054e-05 4.7974e-05 4.7981e-05 4.8021e-05 4.8e-05 4.8017e-05 4.8048e-05 4.8085e-05 4.8117e-05 4.8153e-05 4.8187e-05 4.8239e-05 4.8276e-05 4.8285e-05 4.833e-05 4.8328e-05 4.8366e-05 4.8383e-05 4.8422e-05 4.8462e-05 4.8527e-05 4.8579e-05 4.868e-05 4.8816e-05 4.8976e-05 4.8971e-05 4.909e-05 4.9235e-05 4.9082e-05 4.9106e-05 4.9396e-05 4.8604e-05 4.8598e-05 4.8318e-05 4.8727e-05 4.7862e-05 4.804e-05 4.8349e-05 4.851e-05 4.9197e-05 4.9206e-05 4.9244e-05 4.9363e-05 4.9487e-05 4.9422e-05 4.912e-05 4.9046e-05 4.8257e-05 4.8196e-05 4.7933e-05 4.822e-05 4.8983e-05 4.84e-05 4.8262e-05 4.8235e-05 4.8245e-05 4.8412e-05 4.9384e-05 4.9084e-05 4.919e-05 4.9191e-05 4.9312e-05 4.9412e-05 4.9563e-05 4.8993e-05 4.8737e-05 4.8309e-05 4.8326e-05 4.8342e-05 4.7689e-05 4.8011e-05 4.774e-05 4.7382e-05 4.7172e-05 4.7367e-05 4.7123e-05 4.6952e-05 4.6918e-05 4.6775e-05 4.6792e-05 4.6747e-05 4.6746e-05 4.6759e-05 4.6737e-05 4.6739e-05 4.6738e-05 4.6751e-05 4.674e-05 4.6737e-05 4.6773e-05 4.6773e-05 4.6737e-05 4.6753e-05 4.6749e-05 4.6809e-05 4.6809e-05 4.6792e-05 4.6737e-05 4.6752e-05 4.6747e-05 4.6748e-05 4.6748e-05 4.6765e-05 4.6741e-05 4.7016e-05 4.7128e-05 4.7949e-05 4.7881e-05 4.7177e-05 4.745e-05 4.8254e-05 4.7804e-05 4.7925e-05 4.7564e-05 4.7727e-05 4.8074e-05 4.7361e-05 4.7411e-05 4.7316e-05 4.7416e-05 4.7461e-05 4.7777e-05 4.8239e-05 4.7578e-05 4.7691e-05 4.7691e-05 4.7673e-05 4.7772e-05 4.7739e-05 4.7741e-05 4.7781e-05 4.7808e-05 4.784e-05 4.7959e-05 4.8099e-05 4.8235e-05 4.824e-05 4.8249e-05 4.8246e-05 4.825e-05 4.8203e-05 4.8239e-05 4.816e-05 4.8175e-05 4.8214e-05 4.8236e-05 4.8323e-05 4.8324e-05 4.8373e-05 4.8387e-05 4.842e-05 4.8414e-05 4.8393e-05 4.84e-05 4.8455e-05 4.8476e-05 4.8411e-05 4.8429e-05 4.8465e-05 4.8514e-05 4.8521e-05 4.8518e-05 4.8508e-05 4.8469e-05 4.8429e-05 4.841e-05 4.8293e-05 4.817e-05 4.8197e-05 4.8181e-05 4.8164e-05 4.8146e-05 4.8072e-05 4.8001e-05 4.7934e-05 4.793e-05 4.7915e-05
4.7438e-05 4.7442e-05 4.7447e-05 4.7444e-05 4.7446e-05 4.7436e-05 4.7451e-05 4.7466e-05 4.7478e-05 4.75e-05 4.7531e-05 4.7572e-05 4.7586e-05 4.762e-05 4.7643e-05 4.7699e-05 4.7754e-05 4.7763e-05 4.7862e-05 4.7864e-05 4.7916e-05 4.7931e-05 4.7932e-05 4.7925e-05 4.7912e-05 4.7837e-05 4.8038e-05 4.7989e-05 4.7907e-05 4.723e-05 4.7096e-05 4.6947e-05 4.7174e-05 4.7284e-05 4.6945e-05 4.7101e-05 4.6913e-05 4.6936e-05 4.6935e-05 4.687e-05 4.6805e-05 4.6867e-05 4.6771e-05 4.6743e-05 4.6745e-05 4.6793e-05 4.6783e-05 4.6766e-05 4.6794e-05 4.6831e-05 4.6922e-05 4.7038e-05 4.7257e-05 4.735e-05 4.6981e-05 4.7069e-05 4.6915e-05 4.6833e-05 4.6823e-05 4.6903e-05 4.6836e-05 4.7415e-05 4.734e-05 4.8369e-05 4.8612e-05 4.89e-05 4.9143e-05 4.9308e-05 4.9272e-05 4.8752e-05 4.8333e-05 4.7859e-05 4.7495e-05 4.7267e-05 4.7165e-05 4.6992e-05 4.691e-05 4.6839e-05 4.6799e-05 4.6778e-05 4.6763e-05 4.6747e-05 4.674e-05 4.6737e-05 4.6737e-05 4.6743e-05 4.6748e-05 4.6758e-05 4.6766e-05 4.6766e-05 4.6767e-05 4.677e-05 4.6773e-05 4.6782e-05 4.6795e-05 4.6807e-05 4.6821e-05 4.6834e-05 4.6842e-05 4.6852e-05 4.6861e-05 4.688e-05 4.6895e-05 4.691e-05 4.6924e-05 4.6936e-05 4.6941e-05 4.695e-05 4.6938e-05 4.6865e-05 4.6791e-05 4.6742e-05 4.6747e-05 4.6738e-05 4.6767e-05 4.674e-05 4.6746e-05 4.6759e-05 4.674e-05 4.6737e-05 4.6743e-05 4.6739e-05 4.6762e-05 4.6736e-05 4.6742e-05 4.6737e-05 4.6739e-05 4.6744e-05 4.6736e-05 4.6741e-05 4.674e-05 4.6737e-05 4.6742e-05 4.679e-05 4.6763e-05 4.6754e-05 4.6767e-05 4.6739e-05 4.6752e-05 4.6757e-05 4.6805e-05 4.6991e-05 4.7054e-05 4.7174e-05 4.7664e-05 4.7616e-05 4.7999e-05 4.8258e-05 4.8305e-05 4.8254e-05 4.8208e-05 4.8182e-05 4.8182e-05 4.8192e-05 4.8271e-05 4.8305e-05 4.8276e-05 4.826e-05 4.8159e-05 4.8115e-05 4.8083e-05 4.8068e-05 4.8028e-05 4.7983e-05 4.7942e-05 4.79e-05 4.7851e-05 4.7804e-05 4.7777e-05 4.7752e-05 4.7708e-05 4.7697e-05 4.7649e-05 4.7622e-05 4.7605e-05 4.7576e-05 4.7522e-05 4.7483e-05 4.7457e-05 4.7448e-05
4.7707e-05 4.7545e-05 4.769e-05 4.7874e-05 4.7975e-05 4.8297e-05 4.6884e-05 4.682e-05 4.695e-05 4.7096e-05 4.6776e-05 4.6947e-05 4.6827e-05 4.6792e-05 4.6817e-05 4.6952e-05 4.6739e-05 4.6779e-05 4.6792e-05 4.6786e-05 4.6785e-05 4.6737e-05 4.686e-05 4.6752e-05 4.6749e-05 4.6788e-05 4.7009e-05 4.6825e-05 4.6793e-05 4.6934e-05 4.6857e-05 4.6854e-05 4.6819e-05 4.6738e-05 4.6813e-05 4.6861e-05 4.6867e-05 4.6872e-05 4.6861e-05 4.6841e-05 4.685e-05 4.6794e-05 4.6828e-05 4.6868e-05 4.6847e-05 4.6885e-05 4.6924e-05 4.6916e-05 4.6917e-05 4.684e-05 4.6838e-05 4.6856e-05 4.6822e-05 4.675e-05 4.6755e-05 4.6789e-05 4.6782e-05 4.6772e-05 4.6756e-05 4.6744e-05 4.674e-05 4.675e-05 4.6736e-05 4.6743e-05 4.675e-05 4.675e-05 4.6744e-05 4.6746e-05 4.6873e-05 4.7002e-05 4.7115e-05 4.7439e-05 4.7215e-05 4.7191e-05 4.7149e-05 4.7265e-05 4.7436e-05 4.7647e-05 4.774e-05 4.7775e-05 4.7887e-05 4.795e-05 4.7488e-05 4.7104e-05 4.6817e-05 4.6794e-05 4.6823e-05 4.6862e-05 4.693e-05 4.7123e-05 4.7545e-05 4.7491e-05 4.6736e-05 4.6765e-05 4.677e-05 4.6752e-05 4.6766e-05 4.6782e-05 4.6827e-05 4.6859e-05 4.6875e-05 4.6835e-05 4.6885e-05 4.6913e-05 4.6932e-05 4.6948e-05 4.6966e-05 4.6978e-05 4.6987e-05 4.7002e-05 4.7011e-05 4.7009e-05 4.7003e-05 4.6996e-05 4.6989e-05 4.6976e-05 4.6963e-05 4.6953e-05 4.6948e-05 4.6954e-05 4.694e-05 4.6923e-05 4.6917e-05 4.6929e-05 4.6935e-05 4.6935e-05 4.6938e-05 4.6935e-05 4.693e-05 4.694e-05 4.6935e-05 4.6939e-05 4.6943e-05 4.6933e-05 4.6914e-05 4.6914e-05 4.6869e-05 4.6873e-05 4.6883e-05 4.6798e-05 4.6898e-05 4.6896e-05 4.6897e-05 4.6758e-05 4.675e-05 4.6743e-05 4.6736e-05 4.6807e-05 4.6737e-05 4.6756e-05 4.6737e-05 4.6758e-05 4.6749e-05 4.6767e-05 4.6856e-05 4.7007e-05 4.6769e-05 4.6859e-05 4.6965e-05 4.7042e-05 4.7008e-05 4.6833e-05 4.691e-05 4.7272e-05 4.7121e-05 4.7162e-05 4.7396e-05 4.7884e-05 4.7606e-05 4.7991e-05 4.7661e-05 4.7422e-05 4.7273e-05 4.7123e-05 4.7287e-05 4.7527e-05 4.7686e-05 4.7326e-05 4.7351e-05 4.7412e-05
4.7116e-05 4.7032e-05 4.7069e-05 4.7048e-05 4.6999e-05 4.7045e-05 4.7038e-05 4.7058e-05 4.7171e-05 4.7201e-05 4.7198e-05 4.7189e-05 4.715e-05 4.7126e-05 4.7168e-05 4.7226e-05 4.7233e-05 4.7224e-05 4.7238e-05 4.7241e-05 4.7224e-05 4.7158e-05 4.716e-05 4.7315e-05 4.7307e-05 4.7311e-05 4.7273e-05 4.7256e-05 4.7232e-05 4.7224e-05 4.7209e-05 4.7275e-05 4.7332e-05 4.7291e-05 4.7328e-05 4.7401e-05 4.7441e-05 4.7445e-05 4.7453e-05 4.7447e-05 4.7398e-05 4.7416e-05 4.7349e-05 4.7369e-05 4.7407e-05 4.7484e-05 4.7496e-05 4.7511e-05 4.7484e-05 4.7451e-05 4.7454e-05 4.7455e-05 4.7439e-05 4.7424e-05 4.7357e-05 4.7271e-05 4.7263e-05 4.7221e-05 4.7193e-05 4.7193e-05 4.7235e-05 4.7269e-05 4.7278e-05 4.7293e-05 4.7304e-05 4.7308e-05 4.732e-05 4.7305e-05 4.7288e-05 4.7257e-05 4.7107e-05 4.6915e-05 4.6888e-05 4.6936e-05 4.6947e-05 4.699e-05 4.6928e-05 4.698e-05 4.6999e-05 4.6948e-05 4.7023e-05 4.7063e-05 4.7079e-05 4.7081e-05 4.7041e-05 4.7087e-05 4.7052e-05 4.6968e-05 4.7039e-05 4.6986e-05 4.7097e-05 4.7141e-05 4.7107e-05 4.7163e-05 4.722e-05 4.7228e-05 4.7201e-05 4.721e-05 4.7169e-05 4.7183e-05 4.7227e-05 4.7289e-05 4.7283e-05 4.723e-05 4.7226e-05 4.7312e-05 4.7328e-05 4.7348e-05 4.7372e-05 4.7385e-05 4.7393e-05 4.7363e-05 4.7394e-05 4.7386e-05 4.7376e-05 4.736e-05 4.735e-05 4.7323e-05 4.7345e-05 4.723e-05 4.7378e-05 4.7358e-05 4.7332e-05 4.7297e-05 4.7208e-05 4.7159e-05 4.7287e-05 4.7297e-05 4.7246e-05 4.7246e-05 4.719e-05 4.7265e-05 4.7369e-05 4.7367e-05 4.7367e-05 4.7372e-05 4.737e-05 4.7338e-05 4.7272e-05 4.7263e-05 4.726e-05 4.7246e-05 4.723e-05 4.7254e-05 4.7211e-05 4.7211e-05 4.7201e-05 4.7237e-05 4.7287e-05 4.7349e-05 4.7294e-05 4.7346e-05 4.7264e-05 4.7299e-05 4.7382e-05 4.7375e-05 4.7352e-05 4.7144e-05 4.7227e-05 4.7161e-05 4.7244e-05 4.7084e-05 4.7085e-05 4.7013e-05 4.702e-05 4.7002e-05 4.7055e-05 4.7085e-05 4.7067e-05 4.7056e-05 4.7077e-05 4.7019e-05 4.6981e-05 4.699e-05 4.6981e-05 4.6968e-05 4.7023e-05 4.6993e-05 4.6945e-05 4.7036e-05
4.7614e-05 4.7624e-05 4.7615e-05 4.7591e-05 4.7589e-05 4.7666e-05 4.767e-05 4.7702e-05 4.7708e-05 4.7704e-05 4.7703e-05 4.7714e-05 4.7713e-05 4.7716e-05 4.7717e-05 4.7721e-05 4.7726e-05 4.7732e-05 4.7729e-05 4.7731e-05 4.7737e-05 4.7733e-05 4.7719e-05 4.7729e-05 4.7731e-05 4.7725e-05 4.7737e-05 4.7756e-05 4.7767e-05 4.778e-05 4.7787e-05 4.7795e-05 4.7799e-05 4.7805e-05 4.781e-05 4.7814e-05 4.7817e-05 4.7821e-05 4.7822e-05 4.7826e-05 4.7825e-05 4.7826e-05 4.783e-05 4.7831e-05 4.7831e-05 4.7832e-05 4.7832e-05 4.7833e-05 4.7831e-05 4.7828e-05 4.7822e-05 4.7816e-05 4.7807e-05 4.7796e-05 4.7786e-05 4.7769e-05 4.776e-05 4.7754e-05 4.7743e-05 4.7743e-05 4.7748e-05 4.7736e-05 4.7733e-05 4.7727e-05 4.7721e-05 4.7711e-05 4.7704e-05 4.7699e-05 4.7701e-05 4.7695e-05 4.7691e-05 4.7689e-05 4.7679e-05 4.7669e-05 4.766e-05 4.7652e-05 4.7643e-05 4.7638e-05 4.762e-05 4.761e-05 4.7619e-05 4.7623e-05 4.7622e-05 4.7611e-05 4.7623e-05 4.7606e-05 4.7605e-05 4.7614e-05 4.7611e-05 4.7611e-05 4.7612e-05 4.7594e-05 4.7571e-05 4.758e-05 4.76e-05 4.7621e-05 4.7632e-05 4.7615e-05 4.7563e-05 4.755e-05 4.7579e-05 4.7623e-05 4.7625e-05 4.7633e-05 4.7642e-05 4.7651e-05 4.7658e-05 4.7669e-05 4.7677e-05 4.7687e-05 4.7686e-05 4.7693e-05 4.7698e-05 4.7704e-05 4.7708e-05 4.7715e-05 4.7717e-05 4.772e-05 4.7726e-05 4.7727e-05 4.7726e-05 4.7725e-05 4.7728e-05 4.7724e-05 4.7717e-05 4.7723e-05 4.7726e-05 4.7733e-05 4.7742e-05 4.7745e-05 4.7748e-05 4.775e-05 4.7754e-05 4.7758e-05 4.7767e-05 4.7775e-05 4.7783e-05 4.7793e-05 4.78e-05 4.7804e-05 4.7807e-05 4.781e-05 4.7812e-05 4.7811e-05 4.781e-05 4.7814e-05 4.7811e-05 4.7806e-05 4.7806e-05 4.7802e-05 4.7795e-05 4.7787e-05 4.7781e-05 4.7772e-05 4.7758e-05 4.7749e-05 4.7737e-05 4.7723e-05 4.7735e-05 4.7749e-05 4.7748e-05 4.7744e-05 4.7738e-05 4.7737e-05 4.7744e-05 4.7738e-05 4.7735e-05 4.7733e-05 4.7724e-05 4.7721e-05 4.7705e-05 4.7698e-05 4.7691e-05 4.7682e-05 4.7673e-05 4.7664e-05 4.7652e-05 4.7644e-05 4.7641e-05 4.7628e-05
