0.0020224 0.0020227 0.002023 0.0020231 0.0020231 0.002023 0.002023 0.0020231 0.0020233 0.0020236 0.0020245 0.0020248 0.0020247 0.002025 0.0020262 0.0020269 0.0020272 0.0020276 0.0020278 0.002027 0.0020266 0.0020276 0.0020277 0.0020274 0.002027 0.0020269 0.0020265 0.0020266 0.0020272 0.0020269 0.0020275 0.0020283 0.0020279 0.0020274 0.0020281 0.0020276 0.002027 0.0020266 0.0020261 0.0020257 0.0020254 0.002025 0.0020246 0.0020245 0.0020243 0.0020244 0.0020243 0.0020244 0.0020243 0.0020242 0.0020241 0.002024 0.0020239 0.0020238 0.0020238 0.0020238 0.0020233 0.0020232 0.002023 0.002023 0.0020229 0.0020228 0.0020228 0.0020226 0.0020227 0.0020229 0.002023 0.0020222 0.0020218 0.0020219 0.0020216 0.0020215 0.0020215 0.0020215 0.0020213 0.0020211 0.002021 0.0020209 0.0020208 0.0020209 0.0020208 0.0020209 0.0020209 0.0020208 0.002021 0.002021 0.002021 0.0020209 0.0020209 0.002021 0.002021 0.0020212 0.0020213 0.0020214 0.0020214 0.0020214 0.0020214 0.0020215 0.0020215 0.0020215 0.0020214 0.0020214 0.0020213 0.0020213 0.0020214 0.0020214 0.0020214 0.0020215 0.0020216 0.0020216 0.0020217 0.0020215 0.0020213 0.0020215 0.0020218 0.002022 0.0020219 0.0020219 0.002022 0.0020221 0.0020222 0.0020223 0.0020223 0.0020225 0.0020227 0.0020229 0.0020229 0.0020231 0.0020232 0.0020233 0.0020234 0.0020235 0.0020236 0.0020236 0.0020237 0.0020238 0.0020239 0.0020239 0.0020238 0.0020239 0.0020236 0.0020237 0.0020235 0.0020233 0.0020234 0.0020234 0.0020233 0.0020232 0.002023 0.0020228 0.0020228 0.0020227 0.0020226 0.0020224 0.0020222 0.0020221 0.0020221 0.002022 0.0020219 0.002022 0.0020219 0.0020219 0.0020218 0.0020217 0.0020217 0.0020216 0.0020217 0.0020217 0.0020218 0.0020218 0.0020219 0.0020221 0.0020221 0.0020221 0.0020221 0.0020222 0.0020223 0.0020223 0.0020223 0.0020224
0.0020362 0.0020373 0.0020378 0.0020396 0.0020391 0.00204 0.0020386 0.0020384 0.0020381 0.0020369 0.0020369 0.0020368 0.0020356 0.0020343 0.0020338 0.0020336 0.0020338 0.0020339 0.0020339 0.0020335 0.0020334 0.0020339 0.0020352 0.0020357 0.0020354 0.0020348 0.0020348 0.0020338 0.0020346 0.002033 0.0020354 0.0020357 0.002034 0.0020338 0.0020338 0.0020338 0.0020335 0.0020332 0.0020334 0.0020332 0.0020327 0.0020332 0.0020328 0.0020326 0.0020323 0.0020321 0.0020321 0.0020315 0.0020312 0.0020307 0.0020297 0.0020308 0.0020294 0.0020276 0.0020278 0.0020274 0.0020267 0.002026 0.0020256 0.0020254 0.0020264 0.0020235 0.002024 0.0020224 0.002022 0.0020219 0.0020215 0.0020212 0.0020211 0.0020209 0.0020205 0.0020203 0.0020207 0.0020206 0.0020187 0.0020183 0.0020177 0.0020169 0.0020166 0.002018 0.0020154 0.0020136 0.0020135 0.0020125 0.0020122 0.0020123 0.0020125 0.0020128 0.0020132 0.0020135 0.0020138 0.0020139 0.0020141 0.0020141 0.0020141 0.0020178 0.002017 0.0020185 0.0020174 0.002019 0.002019 0.002019 0.0020197 0.0020198 0.00202 0.0020206 0.0020211 0.0020221 0.0020227 0.002023 0.0020221 0.002022 0.0020223 0.0020224 0.0020225 0.0020225 0.0020228 0.0020231 0.0020235 0.0020235 0.0020239 0.0020243 0.0020243 0.0020246 0.0020251 0.002025 0.0020251 0.0020255 0.0020259 0.0020258 0.0020262 0.0020263 0.0020264 0.0020268 0.0020276 0.0020284 0.002029 0.0020301 0.0020296 0.0020283 0.0020274 0.0020272 0.002027 0.0020268 0.0020265 0.0020266 0.0020263 0.0020247 0.0020245 0.0020244 0.0020244 0.0020245 0.0020248 0.0020248 0.0020247 0.0020248 0.0020251 0.0020258 0.0020263 0.0020262 0.0020267 0.0020271 0.0020277 0.0020279 0.0020287 0.0020293 0.0020301 0.0020305 0.0020317 0.002032 0.0020337 0.0020338 0.002034 0.0020339 0.0020347 0.0020335 0.0020311 0.0020322 0.002036 0.0020388
0.0020305 0.0020306 0.0020308 0.0020309 0.002031 0.0020309 0.0020311 0.0020315 0.0020315 0.0020314 0.0020314 0.0020314 0.0020316 0.0020322 0.0020317 0.0020311 0.0020312 0.0020322 0.0020321 0.0020321 0.0020321 0.0020322 0.0020325 0.0020326 0.0020325 0.0020325 0.0020328 0.0020338 0.0020345 0.002036 0.0020405 0.002041 0.0020407 0.0020406 0.0020413 0.002039 0.0020422 0.0020404 0.0020395 0.0020386 0.002042 0.0020472 0.0020461 0.0020465 0.0020425 0.0020419 0.0020402 0.0020387 0.0020375 0.0020364 0.0020367 0.0020353 0.0020351 0.0020348 0.0020377 0.0020388 0.0020353 0.0020335 0.002034 0.0020382 0.0020361 0.0020283 0.0020275 0.0020278 0.0020287 0.0020293 0.0020282 0.0020288 0.0020286 0.0020261 0.0020269 0.0020263 0.0020245 0.002024 0.0020243 0.0020228 0.0020247 0.0020262 0.002028 0.0020259 0.0020249 0.0020245 0.0020249 0.002025 0.0020257 0.0020248 0.0020244 0.0020236 0.0020235 0.0020242 0.0020234 0.0020235 0.0020241 0.0020239 0.0020239 0.002024 0.0020241 0.0020244 0.0020246 0.0020252 0.002025 0.0020257 0.0020275 0.0020294 0.0020289 0.0020285 0.0020284 0.0020285 0.0020282 0.0020286 0.0020293 0.0020297 0.00203 0.0020306 0.0020289 0.0020294 0.0020302 0.0020304 0.0020298 0.0020292 0.0020291 0.0020294 0.0020297 0.0020304 0.0020312 0.0020319 0.0020319 0.0020314 0.0020314 0.0020309 0.0020306 0.0020303 0.00203 0.0020301 0.0020303 0.0020311 0.0020365 0.0020587 0.002073 0.0020632 0.0020463 0.0020413 0.0020396 0.0020401 0.0020345 0.0020323 0.0020314 0.0020305 0.0020309 0.0020314 0.0020305 0.0020307 0.0020311 0.0020324 0.0020339 0.0020345 0.0020348 0.002035 0.0020346 0.0020346 0.0020344 0.0020329 0.0020316 0.002031 0.0020308 0.0020316 0.0020322 0.0020329 0.0020342 0.0020363 0.0020336 0.0020342 0.0020338 0.0020333 0.0020327 0.0020322 0.0020318 0.0020317 0.0020308 0.0020305
0.0020314 0.0020315 0.0020317 0.0020319 0.0020319 0.002032 0.0020321 0.0020323 0.0020324 0.0020326 0.0020328 0.0020331 0.0020334 0.0020336 0.0020335 0.0020335 0.0020337 0.0020341 0.0020345 0.0020347 0.002035 0.0020354 0.0020358 0.0020362 0.0020368 0.0020375 0.0020381 0.0020389 0.0020405 0.0020425 0.0020413 0.002039 0.0020386 0.0020378 0.0020393 0.002041 0.0020408 0.0020401 0.0020411 0.002042 0.0020383 0.0020384 0.0020386 0.0020388 0.0020391 0.0020395 0.0020391 0.0020481 0.0020505 0.0020522 0.0020499 0.0020502 0.0020484 0.0020484 0.0020489 0.002048 0.0020468 0.0020535 0.0020559 0.0020558 0.0020447 0.0020522 0.0020498 0.0020472 0.0020556 0.002048 0.0020484 0.0020477 0.0020583 0.002049 0.0020568 0.0020649 0.0020722 0.0020726 0.0020658 0.0020602 0.0020613 0.0020608 0.0020605 0.0020642 0.0020633 0.0020619 0.0020568 0.0020579 0.0020586 0.002056 0.0020541 0.0020536 0.002055 0.0020546 0.0020477 0.0020474 0.0020496 0.0020604 0.0020478 0.0020461 0.0020441 0.0020432 0.0020437 0.0020413 0.0020451 0.0020369 0.0020391 0.0020357 0.0020412 0.0020455 0.0020466 0.0020421 0.0020403 0.0020408 0.0020415 0.0020438 0.0020489 0.0020509 0.0020531 0.0020529 0.0020435 0.0020439 0.0020427 0.0020425 0.0020413 0.0020413 0.0020367 0.0020358 0.0020365 0.0020373 0.0020373 0.0020356 0.0020355 0.0020372 0.0020364 0.0020365 0.0020387 0.0020389 0.0020419 0.0020544 0.0020854 0.0020808 0.0020821 0.002081 0.0020819 0.0020442 0.0020422 0.0020432 0.0020426 0.002045 0.0020442 0.0020428 0.0020424 0.0020423 0.0020414 0.0020396 0.0020381 0.0020374 0.0020368 0.0020351 0.0020344 0.0020349 0.0020386 0.0020444 0.0020554 0.0020645 0.0020528 0.0020414 0.0020322 0.0020322 0.0020299 0.0020293 0.0020292 0.0020291 0.0020298 0.0020315 0.0020367 0.0020366 0.0020335 0.0020316 0.0020309 0.0020307 0.0020309 0.0020311
0.0020343 0.0020351 0.0020351 0.0020368 0.002034 0.0020347 0.0020352 0.0020357 0.0020363 0.002037 0.0020378 0.0020388 0.0020412 0.0020418 0.0020386 0.0020385 0.0020389 0.0020396 0.0020405 0.0020413 0.0020421 0.0020429 0.0020432 0.0020439 0.0020446 0.0020456 0.002047 0.0020477 0.0020482 0.002049 0.00205 0.002054 0.002053 0.0020537 0.0020569 0.0020555 0.00205 0.0020509 0.0020503 0.0020509 0.0020557 0.0020516 0.0020448 0.0020459 0.0020429 0.0020406 0.0020416 0.0020446 0.0020456 0.0020435 0.0020463 0.0020444 0.0020491 0.0020783 0.0020667 0.0020746 0.0020874 0.0020645 0.002085 0.0020794 0.0020651 0.0020698 0.0020728 0.0020712 0.0020712 0.0020689 0.0020712 0.0020716 0.0020683 0.0020648 0.0020689 0.0020626 0.0020567 0.0020575 0.0020583 0.0020589 0.002057 0.0020571 0.0020563 0.0020573 0.0020744 0.0020546 0.0020503 0.0020491 0.0020486 0.0020491 0.0020487 0.002049 0.0020484 0.0020482 0.0020479 0.0020484 0.0020461 0.0020427 0.0020396 0.0020358 0.00203 0.0020256 0.002031 0.0020321 0.0020369 0.0020417 0.0020408 0.0020427 0.0020487 0.0020537 0.0020578 0.0020658 0.0020644 0.0020603 0.0020538 0.0020634 0.0020677 0.0020731 0.0020726 0.0020763 0.0020778 0.0020822 0.0020809 0.0020807 0.0020795 0.0020818 0.0020786 0.002075 0.0020744 0.0020778 0.00206 0.0020613 0.0020639 0.0020667 0.0020692 0.00208 0.0020831 0.0020886 0.002091 0.0020895 0.0020876 0.0020598 0.0020404 0.0020375 0.0020369 0.0020364 0.0020362 0.0020386 0.0020398 0.0020401 0.0020392 0.0020416 0.0020432 0.0020448 0.0020475 0.0020495 0.0020524 0.002047 0.0020496 0.0020555 0.00206 0.0020509 0.0020475 0.0020485 0.0020626 0.002057 0.0020485 0.0020483 0.0020518 0.0020508 0.0020625 0.0020458 0.0020347 0.0020315 0.0020316 0.0020329 0.0020346 0.0020376 0.0020423 0.0020335 0.0020347 0.0020348 0.0020328 0.0020334
0.0020383 0.002039 0.0020391 0.0020408 0.0020405 0.0020399 0.0020399 0.0020405 0.0020408 0.0020441 0.0020418 0.0020433 0.0020443 0.0020448 0.0020465 0.0020491 0.0020466 0.0020518 0.0020451 0.0020509 0.0020482 0.002049 0.0020484 0.0020614 0.0020789 0.0020459 0.0020569 0.0020756 0.002066 0.0020699 0.0020672 0.0020673 0.0020663 0.002067 0.0020688 0.0020698 0.0020699 0.0020693 0.0020654 0.0020641 0.0020644 0.0020569 0.0020809 0.0020866 0.0020505 0.0020552 0.0020548 0.0020513 0.0020502 0.0020593 0.0020692 0.0020561 0.0020862 0.0020749 0.0020782 0.0020893 0.0021064 0.0020508 0.0020722 0.0020545 0.0020823 0.002071 0.0020507 0.0020639 0.0020643 0.0020773 0.0020791 0.0020757 0.0020745 0.0020727 0.0020708 0.0020719 0.0020709 0.0020714 0.0020702 0.0020688 0.0020699 0.0020717 0.00207 0.002062 0.0020655 0.0020722 0.0020615 0.0020602 0.002061 0.0020691 0.002057 0.0020629 0.0020575 0.0020585 0.0020602 0.0020565 0.0020548 0.0020477 0.0020354 0.0020354 0.0020315 0.0020361 0.0020438 0.0020499 0.0020481 0.0020546 0.0020559 0.0020581 0.0020605 0.0020685 0.0020619 0.0020663 0.0020577 0.0020672 0.0020532 0.0020622 0.0020568 0.0020568 0.0020479 0.0020458 0.0020662 0.0020734 0.002087 0.0020901 0.0020934 0.0020925 0.0020941 0.0020929 0.0020959 0.0020936 0.002091 0.0020943 0.0020929 0.0020956 0.0020916 0.0020904 0.0020958 0.0020944 0.0020947 0.0020949 0.0020996 0.0021007 0.0020959 0.0020958 0.0020956 0.0020985 0.0020796 0.0020628 0.0020707 0.0020524 0.002042 0.0020421 0.0020422 0.0020405 0.0020415 0.0020433 0.0020523 0.0021048 0.0020931 0.0020542 0.0020493 0.0020652 0.0020384 0.0020389 0.0020502 0.00204 0.0020362 0.0020347 0.002034 0.0020352 0.0020338 0.0020386 0.0020355 0.0020351 0.0020352 0.002036 0.0020376 0.0020343 0.0020334 0.0020347 0.0020358 0.0020371 0.0020371 0.0020373
0.0020532 0.002047 0.0020454 0.0020449 0.0020433 0.0020486 0.0020477 0.0020562 0.0020548 0.0020559 0.002055 0.0020555 0.0020665 0.0020601 0.0020585 0.00206 0.0020632 0.0020628 0.0020673 0.0020628 0.0020608 0.0020625 0.0020608 0.0020646 0.0020621 0.0020667 0.0020748 0.0020784 0.0020715 0.0020761 0.0020747 0.002076 0.0020762 0.002076 0.0020758 0.0020765 0.0020748 0.0020759 0.002075 0.002075 0.0020743 0.0020754 0.0020721 0.0020665 0.0020641 0.0020573 0.0020452 0.0020637 0.0020434 0.0020486 0.0020739 0.0020652 0.0020597 0.0020465 0.0020494 0.0020548 0.0020602 0.0020595 0.0020635 0.0020619 0.0020728 0.0020813 0.0020733 0.0020759 0.0020852 0.0020866 0.002085 0.002087 0.002087 0.0020848 0.0020829 0.002082 0.0020792 0.0020799 0.002078 0.0020778 0.0020765 0.002072 0.002064 0.0020648 0.0020624 0.0020579 0.0020561 0.0020521 0.0020586 0.0020649 0.0020602 0.0020612 0.0020553 0.0020588 0.0020593 0.0020575 0.0020487 0.0020455 0.0020431 0.0020404 0.0020345 0.002031 0.0020447 0.0020813 0.0021025 0.002116 0.0021175 0.0020559 0.0020642 0.0020597 0.0020608 0.0020672 0.0020582 0.0020694 0.00206 0.0020588 0.0020568 0.0020727 0.0020905 0.0020802 0.0020585 0.0020546 0.0020451 0.0020411 0.0020396 0.0020349 0.0020335 0.0020401 0.0020537 0.0020678 0.0020798 0.0020788 0.0020742 0.0020661 0.0020496 0.0020721 0.0020815 0.0020526 0.0020709 0.0020806 0.0020974 0.0020913 0.0020787 0.0020744 0.0020608 0.0020614 0.0020554 0.002072 0.0021023 0.0020989 0.0020888 0.0020822 0.002057 0.0020577 0.0020593 0.0020417 0.0020566 0.0020665 0.0020667 0.0020446 0.0020389 0.0020402 0.0020373 0.0020378 0.0020392 0.0020371 0.002037 0.0020405 0.0020387 0.002038 0.0020398 0.0020415 0.0020423 0.0020419 0.0020404 0.0020419 0.0020458 0.0020403 0.0020406 0.0020416 0.0020451 0.0020484 0.0020506 0.0020465
0.002059 0.0020621 0.0020553 0.0020592 0.0020545 0.002054 0.0020572 0.0020865 0.002064 0.0020613 0.0021063 0.002134 0.0020685 0.0020736 0.0020742 0.0020794 0.0020701 0.0020749 0.002075 0.0020679 0.002068 0.002078 0.0020779 0.0020857 0.0020784 0.002082 0.0020843 0.0020856 0.0020842 0.0020826 0.0020828 0.0020817 0.0020837 0.0020819 0.0020646 0.0020786 0.0020789 0.0020781 0.0020768 0.0020765 0.0020741 0.002072 0.0020723 0.0020726 0.0020744 0.0020768 0.0020733 0.0020697 0.0020629 0.0020593 0.0020633 0.002049 0.0020459 0.0020541 0.0020712 0.0020746 0.0020715 0.002087 0.0020956 0.0020976 0.0020997 0.0020984 0.0020952 0.0020921 0.0020903 0.0020899 0.0020879 0.0020775 0.0020873 0.0020816 0.0020746 0.0020684 0.0020671 0.0020614 0.0020596 0.002062 0.0020591 0.0020649 0.0020592 0.0020599 0.0020621 0.0020638 0.0020672 0.0020604 0.0020725 0.0020635 0.0020633 0.002069 0.0020628 0.0020628 0.0020598 0.0020518 0.0020489 0.0020563 0.0020605 0.0020612 0.0020614 0.0020617 0.0020639 0.0020597 0.0020551 0.0020581 0.0020582 0.0020567 0.0020661 0.0020681 0.0020683 0.002063 0.0020618 0.0020583 0.0020559 0.0020517 0.0020429 0.0020477 0.0020498 0.0020403 0.0020469 0.0020442 0.0020406 0.0020432 0.0020394 0.0020385 0.0020511 0.0020599 0.0020552 0.0020578 0.002104 0.0020459 0.0020497 0.00205 0.0020528 0.0020688 0.0020646 0.0020598 0.0020579 0.002053 0.0020618 0.0020402 0.0020357 0.0020319 0.0020313 0.0020372 0.0021137 0.0021021 0.0021102 0.0020546 0.0020781 0.0020569 0.0020856 0.0021042 0.0020944 0.0020899 0.0020856 0.002087 0.0020938 0.0020511 0.0020348 0.0020344 0.0020343 0.0020344 0.0020342 0.0020358 0.0020453 0.0020433 0.0020469 0.0020373 0.0020382 0.0020408 0.002042 0.0020419 0.0020431 0.0020432 0.0020438 0.0020484 0.0020487 0.0020504 0.0020536 0.0020524 0.0020538 0.0020553
0.0021143 0.0020584 0.0020834 0.0020829 0.0020771 0.002065 0.0021021 0.002083 0.0020842 0.0020833 0.002065 0.0020547 0.0021068 0.0020633 0.0020745 0.002083 0.0020808 0.0020804 0.0020774 0.0020722 0.0020664 0.0020559 0.0021 0.002051 0.0020571 0.0020924 0.0020787 0.0020777 0.0020789 0.0020816 0.0020827 0.0020825 0.0020879 0.0020709 0.0020691 0.002058 0.0020649 0.0020796 0.0020744 0.0020769 0.0020768 0.0020783 0.0020742 0.0020764 0.002078 0.0020778 0.0020783 0.0020681 0.002098 0.002186 0.0021845 0.0022084 0.0022004 0.0020699 0.0020941 0.0020941 0.0021051 0.0021084 0.00211 0.0021116 0.0021121 0.0021102 0.0021054 0.0020991 0.0021015 0.0020796 0.002087 0.0020979 0.0020992 0.0020991 0.0020955 0.0020806 0.0020713 0.002077 0.0020708 0.002066 0.0020632 0.0020673 0.0020758 0.0020617 0.002062 0.0020622 0.0020635 0.0020759 0.002069 0.0020796 0.0020871 0.0020848 0.0020788 0.0020814 0.0020661 0.0020648 0.0020541 0.0020655 0.0020646 0.0020684 0.0020755 0.0020765 0.0020763 0.0020751 0.0020769 0.0020772 0.0020813 0.0020788 0.0020749 0.002072 0.0020781 0.0020606 0.0020584 0.0020542 0.0020449 0.0020391 0.0020432 0.0020521 0.0020646 0.0020558 0.0020616 0.002058 0.0020611 0.0020515 0.002055 0.0020461 0.0020426 0.0020413 0.0020472 0.0020465 0.002054 0.0020547 0.0020625 0.0020614 0.0020601 0.0020638 0.0020653 0.0020687 0.0020726 0.0020733 0.0020726 0.0020786 0.0020648 0.002054 0.0020678 0.0020372 0.0020393 0.0020503 0.0020527 0.0020544 0.0020564 0.0020659 0.002111 0.002081 0.0020698 0.0020474 0.0020702 0.002088 0.0021068 0.0021174 0.0020811 0.0020481 0.0020349 0.0020401 0.0020369 0.002041 0.0020502 0.0020532 0.0020395 0.0020441 0.0020534 0.0020571 0.0020533 0.0020645 0.0021039 0.0020879 0.0020699 0.0020649 0.0020655 0.0020635 0.0020696 0.0020629 0.0020648 0.0021082
0.0021001 0.0021024 0.0021098 0.0021146 0.0021206 0.002137 0.0021524 0.0021433 0.0021446 0.0021468 0.0021463 0.0020912 0.0020633 0.0020544 0.0020417 0.002042 0.0020554 0.0020599 0.0021147 0.0020674 0.0020703 0.0020641 0.0020577 0.0020602 0.0022028 0.0020864 0.002083 0.0020842 0.0020786 0.0020696 0.0020731 0.0020693 0.0020689 0.0020768 0.0020732 0.0020716 0.0020687 0.0020821 0.0020747 0.0020757 0.0020816 0.0020743 0.0020807 0.0020763 0.0020785 0.0020802 0.0020685 0.002062 0.002064 0.0021178 0.0021904 0.0021751 0.0022279 0.0020616 0.0021021 0.0021122 0.0021163 0.0021213 0.0021151 0.0021168 0.002123 0.0020985 0.0020907 0.0020979 0.0021057 0.0021108 0.0021187 0.0021009 0.0021018 0.0020607 0.0020706 0.002079 0.0020724 0.0020798 0.0020673 0.0020765 0.0020689 0.0020538 0.0020491 0.0020462 0.0020445 0.0020718 0.0020687 0.002068 0.0020758 0.0020763 0.0020832 0.0020738 0.002087 0.0020784 0.0021094 0.0021008 0.0020774 0.0020816 0.002081 0.0020735 0.0020704 0.0020519 0.0020698 0.0020817 0.0020899 0.0020756 0.0020777 0.0020781 0.002077 0.0020792 0.0020651 0.0020439 0.0020495 0.0020576 0.0020587 0.002062 0.0020624 0.0020685 0.0020695 0.0020662 0.0020764 0.0020691 0.002074 0.0020778 0.0020744 0.0020839 0.0020855 0.0020756 0.0020898 0.002068 0.0020503 0.0020555 0.0021124 0.0021121 0.0020617 0.0020681 0.0020616 0.0020392 0.0020531 0.002058 0.0020608 0.0020507 0.0020435 0.0020501 0.002065 0.0020476 0.002073 0.0020759 0.0020897 0.0020915 0.0020894 0.0020749 0.0020754 0.002085 0.0021001 0.0020936 0.0021102 0.002097 0.0021726 0.0022024 0.0021885 0.0021414 0.0021109 0.0020915 0.0021083 0.0020952 0.0020837 0.0021034 0.0021171 0.0021115 0.002111 0.002099 0.0020902 0.0021301 0.0020939 0.0021156 0.002107 0.0021096 0.0020782 0.0020782 0.0020809 0.0020863 0.0020696 0.0021013
0.0020691 0.0020715 0.0020876 0.0021031 0.002079 0.0022252 0.0021989 0.0021435 0.0021624 0.0021581 0.0021516 0.00213 0.0020861 0.0020928 0.002074 0.0020867 0.0020461 0.0020497 0.0020612 0.0020752 0.0020927 0.0020807 0.0020716 0.0020707 0.0020618 0.0020934 0.0020773 0.0020852 0.0020682 0.0021037 0.0020572 0.0020596 0.002057 0.0020654 0.0020669 0.0020704 0.0020817 0.0020831 0.0020883 0.0020882 0.0020936 0.0020882 0.0020866 0.0020898 0.0020903 0.0021518 0.0020802 0.0020964 0.002097 0.0020956 0.0020986 0.0021078 0.0021082 0.0021165 0.0021181 0.0021131 0.002116 0.002118 0.0021025 0.0021023 0.0020904 0.0021163 0.002113 0.0021264 0.0021138 0.0020987 0.0020687 0.0020698 0.0020719 0.0020717 0.0020696 0.0020766 0.0020741 0.002083 0.0020887 0.0021017 0.0020933 0.0020649 0.0020505 0.0020569 0.002061 0.0020794 0.0020819 0.0020628 0.0020615 0.0020552 0.0020571 0.0020558 0.0020637 0.0020739 0.002075 0.0020807 0.0020533 0.0020825 0.0020865 0.0020824 0.0020898 0.0020896 0.0020883 0.0020914 0.0020882 0.0020862 0.00209 0.0020855 0.002075 0.0020639 0.002046 0.0020807 0.0020908 0.0020844 0.0020756 0.0020681 0.0020722 0.0020677 0.0020732 0.0020572 0.002056 0.0020749 0.0020943 0.0021079 0.0021231 0.0021111 0.0021141 0.0021209 0.0021197 0.0021124 0.0020884 0.0020689 0.0020596 0.0020603 0.0020794 0.0020723 0.0020706 0.0020734 0.0021266 0.0020667 0.0020378 0.0020428 0.0020459 0.0020472 0.0020514 0.0020514 0.0020442 0.0020464 0.0020583 0.0020741 0.0020796 0.0020691 0.0020931 0.0020969 0.0020968 0.0021022 0.0020758 0.0020367 0.0020958 0.0021696 0.0021468 0.0020454 0.0021695 0.0021564 0.0021473 0.0021231 0.0021164 0.0021099 0.0020932 0.002079 0.0020694 0.0020746 0.0020506 0.0020454 0.0020708 0.0021052 0.0020982 0.002087 0.0020798 0.0020731 0.0020693 0.0020661 0.0020747 0.0020746
0.0021799 0.0020669 0.0020588 0.0020867 0.0020881 0.0020942 0.0020963 0.0021576 0.0021473 0.002161 0.0021661 0.0021652 0.002145 0.0021328 0.0021017 0.0020844 0.0020708 0.0020566 0.0020545 0.0020483 0.002048 0.0020435 0.0020493 0.0020499 0.0020589 0.002058 0.002055 0.002053 0.0020713 0.0020476 0.0020478 0.0020498 0.0020668 0.0021657 0.0020599 0.0020675 0.0020682 0.0021202 0.0020847 0.0020864 0.0020917 0.0020911 0.002089 0.00209 0.0020908 0.0020937 0.0020913 0.0020979 0.0020986 0.0020952 0.0020975 0.0021039 0.0021066 0.0021069 0.0021018 0.0021131 0.0021261 0.0021151 0.0021212 0.0021137 0.0020806 0.0021021 0.0021191 0.0021185 0.0021009 0.002091 0.00235 0.0023427 0.0022232 0.0020727 0.0020791 0.0020814 0.002084 0.0020947 0.0021048 0.0020825 0.0020679 0.0020522 0.0020538 0.0020469 0.0020535 0.002054 0.0020667 0.0020627 0.0020744 0.0020701 0.0020749 0.0020757 0.0020751 0.002075 0.0020769 0.0020846 0.0020805 0.0020877 0.0020848 0.0020915 0.002085 0.0020826 0.0020845 0.0020749 0.0020769 0.0020531 0.0020486 0.0020496 0.0020433 0.0020542 0.0021135 0.0021668 0.0021588 0.002116 0.002106 0.0020812 0.0020829 0.0020681 0.0020748 0.0020704 0.002088 0.0020984 0.0021167 0.0021199 0.0021178 0.0021168 0.0021222 0.0021214 0.0021152 0.0021365 0.0021351 0.0021501 0.0021519 0.0021062 0.0020687 0.0020505 0.0020668 0.0020744 0.0020511 0.0020473 0.0020451 0.0020393 0.0020482 0.0020367 0.0020398 0.0020461 0.0020466 0.0020733 0.0020613 0.0020596 0.0020482 0.0020557 0.0020696 0.002084 0.0021022 0.0021191 0.0020931 0.0021047 0.0021143 0.0021175 0.0021201 0.0021253 0.0020972 0.0021094 0.0021048 0.0021087 0.0020952 0.0020834 0.002098 0.0020947 0.0020948 0.002094 0.0020907 0.0020709 0.0021034 0.0020887 0.0020855 0.002076 0.0020599 0.0020848 0.0020583 0.0020575 0.0020593 0.0020761
0.0020705 0.0020581 0.0020505 0.0020617 0.0020632 0.0021042 0.0021174 0.0021604 0.002143 0.0021497 0.0021473 0.0021608 0.0021616 0.0021617 0.0021499 0.0021302 0.0021177 0.0021128 0.0021049 0.0020856 0.002065 0.0020609 0.0020632 0.0020568 0.002068 0.0020651 0.0020557 0.0020888 0.0020782 0.0020565 0.0020513 0.0020589 0.0020534 0.0020599 0.002066 0.0020706 0.0020716 0.0020746 0.0020758 0.0020861 0.0020873 0.0020929 0.0020949 0.0020952 0.0021007 0.0021029 0.0021008 0.0021001 0.0021017 0.0021009 0.0020942 0.002089 0.0020853 0.0020925 0.0021013 0.0021106 0.0021107 0.0021114 0.0021027 0.0020626 0.0021374 0.0021258 0.0021424 0.0021689 0.0021016 0.002132 0.0021486 0.0021544 0.0020871 0.0020829 0.0020954 0.0020875 0.0020914 0.0020996 0.0021147 0.0021055 0.0020782 0.0020703 0.0020577 0.0020496 0.0020499 0.0020571 0.0020926 0.002067 0.0020738 0.0020755 0.0020751 0.0020719 0.002063 0.0020772 0.0020774 0.002079 0.0020766 0.0020849 0.0020764 0.0020869 0.002102 0.0020913 0.0020779 0.0020813 0.0020707 0.002072 0.0020672 0.0020635 0.0020529 0.0020614 0.0020571 0.0020651 0.0020693 0.0020652 0.002064 0.0020603 0.0020638 0.0020909 0.0021064 0.0021562 0.0021517 0.0021297 0.0021147 0.0021068 0.0021074 0.0021223 0.0021386 0.0021348 0.0021494 0.002143 0.0021387 0.0021449 0.0021441 0.0021573 0.0020792 0.0020762 0.0020739 0.0020692 0.0021886 0.0020541 0.0020528 0.0020558 0.002072 0.0020422 0.0020417 0.0020419 0.0020505 0.0020514 0.0020526 0.0020443 0.0020422 0.0020735 0.0020642 0.0020543 0.0020899 0.0020801 0.0020761 0.0021022 0.0020999 0.0020472 0.0020618 0.0020683 0.0020962 0.0020798 0.0020586 0.0020631 0.0020981 0.0020768 0.0020897 0.0021045 0.0020949 0.0021007 0.002098 0.002096 0.0020786 0.002074 0.0020674 0.0020504 0.0020822 0.0020943 0.0020732 0.002067 0.0020558 0.0020532
0.0020696 0.0020686 0.0020891 0.0020599 0.0020529 0.0020661 0.0020896 0.0020988 0.0021177 0.0021107 0.0021352 0.0021201 0.0021694 0.0021411 0.0021435 0.0021296 0.0021365 0.0021402 0.0021318 0.0020949 0.0020687 0.0020676 0.0020589 0.0020618 0.0020592 0.0020637 0.0020639 0.0020583 0.0020567 0.0020588 0.0020572 0.0020614 0.0020696 0.0020702 0.0020689 0.0020612 0.002056 0.0020668 0.0020836 0.0020715 0.0020933 0.0020764 0.0020688 0.0020862 0.002089 0.0020888 0.0020777 0.0020938 0.0020894 0.0020889 0.0020775 0.0020824 0.0021086 0.0021424 0.0021125 0.002069 0.0020904 0.0021317 0.0021183 0.0021224 0.0021169 0.0021154 0.0021277 0.002152 0.0022041 0.002167 0.0020974 0.0021763 0.0020882 0.002127 0.0021056 0.0020916 0.0020945 0.0020867 0.0020929 0.0021308 0.0021469 0.0021346 0.0021253 0.0020951 0.0020835 0.0020666 0.0020704 0.0020693 0.00207 0.0020722 0.0020775 0.0020774 0.0020778 0.0020757 0.0020749 0.0020757 0.0020808 0.0020774 0.0020798 0.0020718 0.0020779 0.0020812 0.0020743 0.002086 0.0020878 0.002074 0.0020771 0.0020864 0.002079 0.0020689 0.0020618 0.0020553 0.0020563 0.0020511 0.0020659 0.0020705 0.0020867 0.0021301 0.0021823 0.0021928 0.0021985 0.0021625 0.002138 0.0021294 0.002125 0.0021216 0.0021277 0.0021324 0.0021586 0.0021686 0.0021538 0.0021487 0.0021522 0.0021561 0.0021326 0.0020881 0.002082 0.0020964 0.0020747 0.0020583 0.0020511 0.0020551 0.0020514 0.0020388 0.0020858 0.0020466 0.0020609 0.0020581 0.0020571 0.0020498 0.0020465 0.0020433 0.0020395 0.0020475 0.002058 0.0020733 0.0020635 0.0020655 0.0020793 0.002099 0.0021193 0.0021219 0.0020998 0.0020917 0.0020678 0.0020717 0.0020802 0.0020786 0.0020742 0.0020476 0.0020469 0.0020551 0.0020714 0.0020851 0.0020928 0.0020973 0.0020865 0.0021027 0.0021001 0.0020593 0.0020755 0.0020803 0.0020776 0.0021001
0.0021119 0.002066 0.0020511 0.0020685 0.0020825 0.0020941 0.0020929 0.002063 0.0020675 0.0020767 0.0020595 0.0020675 0.0020971 0.0020672 0.0022424 0.0020705 0.0020897 0.0020872 0.002136 0.0021014 0.0020955 0.0020924 0.002095 0.0020651 0.0020599 0.0020535 0.0021077 0.0020774 0.002059 0.0020615 0.0020794 0.0020972 0.0020995 0.0020925 0.0020947 0.0020786 0.0020618 0.0020685 0.0020655 0.0020645 0.002083 0.0020566 0.0020714 0.0020897 0.0020731 0.0020461 0.002101 0.0021135 0.0021177 0.0021133 0.0021108 0.002123 0.0021212 0.0020951 0.0020746 0.0021431 0.0021434 0.0021204 0.0021448 0.002143 0.0021369 0.0021188 0.002133 0.0021403 0.0021741 0.0022387 0.0021863 0.0021139 0.0021969 0.0022008 0.0021671 0.0021312 0.0020734 0.0021288 0.0021522 0.0021044 0.0020939 0.0021003 0.0020904 0.0020753 0.0020486 0.0020492 0.002069 0.0020813 0.0020701 0.0020671 0.0020628 0.0020751 0.00208 0.0020783 0.0020813 0.0020771 0.002078 0.0020868 0.0020815 0.0020848 0.0020824 0.0020742 0.0020803 0.0020863 0.0020912 0.0020827 0.0020789 0.0020785 0.0020581 0.0020794 0.0020752 0.0020766 0.0020777 0.0020841 0.0020913 0.0020965 0.0021046 0.0021213 0.0021504 0.0021624 0.0021109 0.0021067 0.0021097 0.0020934 0.0022608 0.0021659 0.0020996 0.0021193 0.0021398 0.00215 0.0021748 0.0021876 0.0021456 0.0021838 0.0022391 0.0021898 0.0020483 0.0021577 0.0021371 0.0021137 0.0020568 0.0020619 0.0020611 0.0020786 0.0020506 0.0020485 0.0020465 0.0020486 0.0020502 0.0020482 0.0020482 0.0020439 0.002049 0.0020476 0.002054 0.0020539 0.0020554 0.0020581 0.0020596 0.0021097 0.0021816 0.0021635 0.0021614 0.0021431 0.0021228 0.0021023 0.0020887 0.0020766 0.0020735 0.0020604 0.0020502 0.0020573 0.0020591 0.0020396 0.0020537 0.0020792 0.0020863 0.0020738 0.0020459 0.0020546 0.0020593 0.002099 0.0021023 0.0021005
0.0021233 0.0020865 0.0020776 0.0020937 0.0020926 0.0020828 0.0020449 0.0020609 0.0020674 0.0020606 0.0020802 0.0020604 0.0020679 0.0020463 0.002075 0.0021103 0.0020828 0.0020911 0.0020761 0.0020929 0.0021008 0.0021023 0.0020846 0.0020774 0.0020509 0.0020619 0.0020684 0.0020711 0.0020924 0.0020624 0.0020711 0.0021071 0.0021138 0.0020923 0.0021158 0.0020938 0.0020688 0.0020532 0.0020496 0.0020529 0.0020609 0.0020854 0.0021059 0.0021043 0.0020994 0.0020805 0.0021125 0.0021259 0.002146 0.0021444 0.002146 0.0021467 0.0021517 0.002155 0.0021244 0.0021073 0.0021184 0.0021043 0.0021325 0.0021476 0.0021173 0.0020954 0.0022221 0.0021727 0.0021132 0.0022489 0.0021273 0.0021557 0.0021975 0.0020719 0.0020861 0.002164 0.0022695 0.00212 0.0021844 0.0021092 0.0021125 0.0020887 0.0020751 0.0020751 0.0020553 0.0020589 0.0020693 0.0020613 0.0020629 0.00208 0.0020723 0.0020711 0.0020898 0.0020478 0.0020737 0.0020848 0.0020889 0.0020829 0.0021192 0.0020743 0.002071 0.0020721 0.0021429 0.0020699 0.0020667 0.002085 0.0020774 0.002079 0.0020831 0.0020861 0.002085 0.0020817 0.002081 0.0021009 0.0021083 0.002127 0.0021348 0.0021363 0.0021209 0.0020947 0.0020987 0.0021056 0.0020838 0.0020651 0.002067 0.0020686 0.0021047 0.0021427 0.0021994 0.0022226 0.00224 0.0022222 0.0022435 0.0022893 0.0022262 0.0022185 0.002171 0.002146 0.0021594 0.0021231 0.0020878 0.0020475 0.0020392 0.0020436 0.002133 0.0021174 0.0020391 0.0020394 0.0020765 0.0020444 0.0020471 0.0020372 0.0020464 0.0020556 0.0020456 0.0020475 0.0020599 0.0020862 0.0021035 0.0021208 0.00214 0.0021335 0.0021457 0.0021447 0.0021415 0.0021326 0.0021199 0.0021058 0.0020799 0.0020661 0.0020559 0.0020541 0.0020597 0.0020538 0.0020935 0.0020417 0.0020581 0.0020644 0.002056 0.0020796 0.0020933 0.0020826 0.0020994 0.0021107
0.0021088 0.0021115 0.0021292 0.0021599 0.0021112 0.0020548 0.0020666 0.0020608 0.00205 0.0020513 0.0020538 0.0021473 0.0020527 0.0020562 0.0020476 0.0020492 0.0020682 0.0020912 0.002069 0.0020639 0.002138 0.002066 0.0020675 0.0020669 0.0020472 0.0020638 0.0020735 0.0020727 0.0020718 0.0020486 0.0020401 0.002108 0.0020921 0.0020979 0.0020959 0.002085 0.0020944 0.0020632 0.0020572 0.0020591 0.0020534 0.0020727 0.0020834 0.0020913 0.0020969 0.0020813 0.0020632 0.0020614 0.002102 0.0021467 0.0021511 0.0021593 0.0021405 0.0021368 0.0021143 0.0020788 0.0020682 0.0020693 0.0020614 0.0020579 0.002086 0.0022719 0.0021222 0.0020858 0.0022619 0.0023226 0.0022884 0.0021786 0.0026085 0.0020471 0.0023841 0.0021529 0.0020846 0.0021278 0.0020969 0.0021872 0.0022376 0.0021788 0.0021385 0.002254 0.0022592 0.0021179 0.0020733 0.0020767 0.0020895 0.0020745 0.0020772 0.0020667 0.0020648 0.0020782 0.0020813 0.0020858 0.0020721 0.0020609 0.0020609 0.002059 0.0020595 0.0020626 0.002079 0.0020622 0.0020546 0.0020585 0.0020581 0.0020604 0.00206 0.0020852 0.0020881 0.0020995 0.002112 0.0021255 0.0021403 0.0021578 0.0021787 0.002198 0.0021757 0.0021427 0.0021581 0.0021603 0.0021811 0.0021442 0.0021352 0.0021587 0.0022297 0.0023109 0.0023846 0.0023794 0.002389 0.0023849 0.0023868 0.0024762 0.0022943 0.0022597 0.0022155 0.0022627 0.0022297 0.0022105 0.0021972 0.002126 0.0020458 0.0020771 0.002143 0.0021952 0.0020489 0.0020528 0.0020692 0.0020628 0.002052 0.0020472 0.0020468 0.0020557 0.002071 0.0020787 0.0020853 0.0020727 0.0021014 0.0020837 0.0021174 0.0020815 0.0020532 0.0020601 0.0021248 0.0021351 0.0021271 0.0021014 0.0020769 0.0020648 0.002057 0.0020569 0.00206 0.0020569 0.0020491 0.0020464 0.0020577 0.0020602 0.0021074 0.0020593 0.0020597 0.0020636 0.0020751 0.0021054
0.0021162 0.0021192 0.0021316 0.0021421 0.0020903 0.0020869 0.0020826 0.002065 0.0020599 0.0020782 0.0020757 0.0020707 0.0020648 0.0020696 0.0020582 0.0020654 0.0020911 0.0020832 0.0020829 0.0020792 0.002059 0.0020436 0.0020437 0.0021358 0.0020436 0.0020652 0.0020788 0.0020792 0.002079 0.0020675 0.0020592 0.0020989 0.0020967 0.0020887 0.0021038 0.0020788 0.0020676 0.0020598 0.0020487 0.0020465 0.0020487 0.0020465 0.0020455 0.0020498 0.0020738 0.0020625 0.0020573 0.0020701 0.0020993 0.0021209 0.0021472 0.0021511 0.002153 0.0021049 0.0020896 0.0020498 0.0020594 0.0020482 0.002058 0.0021908 0.0020837 0.0023118 0.0023761 0.0022542 0.0021062 0.0026742 0.0026802 0.0027082 0.0026745 0.0026786 0.0026796 0.0024619 0.0021082 0.0021128 0.0022647 0.0021659 0.0021116 0.0022005 0.0021707 0.002157 0.0021067 0.0020848 0.0020925 0.0020907 0.002085 0.0020771 0.0020777 0.0020663 0.0020712 0.0020601 0.0020692 0.0020777 0.0020903 0.0020737 0.0020777 0.0021096 0.0021855 0.0020778 0.0020757 0.0020808 0.0020789 0.002075 0.0020545 0.0020603 0.0020548 0.002063 0.0020988 0.002107 0.0021271 0.002151 0.0021747 0.002197 0.0022392 0.0022846 0.0022849 0.0023358 0.0023762 0.0024214 0.0024422 0.0025438 0.0026289 0.0026669 0.0026847 0.0027031 0.0027262 0.0026812 0.0026321 0.0026257 0.0027248 0.0025293 0.0024159 0.0023725 0.0023209 0.0022457 0.0022883 0.0022635 0.0020899 0.0021453 0.0021293 0.0020997 0.0020876 0.0020773 0.0020811 0.0020825 0.0020474 0.0020557 0.0020594 0.0020602 0.0020723 0.0020887 0.0021123 0.0021126 0.0022338 0.0021431 0.0020847 0.0020943 0.0021096 0.0020515 0.0020574 0.0021368 0.0021101 0.0020945 0.0020833 0.0020854 0.002067 0.002062 0.0020682 0.0020768 0.0020905 0.0020779 0.0020764 0.0020545 0.0020846 0.0020665 0.0020583 0.0020613 0.0020714 0.0020927 0.0020926 0.0021103
0.0021231 0.0020925 0.0020979 0.0021641 0.0021893 0.0020619 0.0020989 0.0021085 0.0021073 0.0020929 0.0021037 0.0020727 0.0020652 0.0020804 0.0020801 0.0020797 0.002067 0.0020856 0.0020786 0.0020835 0.0020768 0.002053 0.0020457 0.0020824 0.0020633 0.0020748 0.0021648 0.0020732 0.0020824 0.0020736 0.0020917 0.0020837 0.0020837 0.0021119 0.0020874 0.0020865 0.0020851 0.0020531 0.002046 0.0020453 0.0020432 0.002046 0.0020585 0.0020656 0.0020737 0.0020804 0.0020894 0.0020867 0.0021755 0.0022961 0.0020711 0.0020747 0.0020904 0.0020776 0.0020861 0.0021233 0.0021076 0.0020665 0.0020624 0.0021137 0.0020929 0.0023385 0.0023775 0.0024323 0.0027613 0.0027305 0.0026894 0.0026909 0.0026975 0.002702 0.0026983 0.0026638 0.0025224 0.0023701 0.0021658 0.0021428 0.0021759 0.0022334 0.0021216 0.0021454 0.0021683 0.0021456 0.0021293 0.0021124 0.0020939 0.0021911 0.0021137 0.0020794 0.0020863 0.0020894 0.002073 0.0020702 0.0020653 0.0020867 0.0020622 0.0020571 0.0020685 0.0020724 0.0020769 0.0020709 0.0020782 0.0020831 0.0020633 0.0020444 0.0020874 0.0020769 0.0020857 0.0021084 0.00212 0.0021304 0.0021942 0.0022323 0.0023076 0.0023824 0.0024269 0.0025171 0.0026431 0.0026923 0.0027739 0.0028398 0.002879 0.0029046 0.0029152 0.0029194 0.0029215 0.0028954 0.0028855 0.0028902 0.0028913 0.0028839 0.0028147 0.0025452 0.0025511 0.00263 0.0022823 0.0023444 0.002351 0.0022617 0.0021058 0.0021041 0.0021151 0.0020815 0.0020862 0.0020678 0.0020759 0.0021249 0.002071 0.0020702 0.0020739 0.0020651 0.0020757 0.002099 0.0021292 0.0021508 0.002253 0.0021166 0.0021058 0.0020465 0.002145 0.0021099 0.0021206 0.0021238 0.0021231 0.002095 0.0020804 0.0020767 0.0020639 0.0020785 0.002056 0.0020782 0.0020893 0.00206 0.0020459 0.0020458 0.0020609 0.0020877 0.0020918 0.0020988 0.0021173 0.0021228
0.002115 0.0021017 0.0020816 0.002086 0.0021329 0.0021195 0.0021136 0.0020659 0.0021293 0.0020882 0.0020704 0.0020844 0.0020757 0.0020887 0.0020799 0.0020746 0.0020798 0.002054 0.0020723 0.002076 0.0020669 0.0020549 0.0020443 0.0020414 0.0020369 0.0020641 0.0020538 0.0020664 0.0020801 0.0020806 0.0020756 0.0020849 0.0020705 0.0020707 0.0020748 0.0020647 0.0020646 0.0020599 0.0020521 0.0020377 0.0020373 0.0020354 0.0020403 0.0020659 0.0020741 0.0020837 0.0020896 0.002071 0.0021923 0.0022587 0.0020686 0.0020669 0.002052 0.0020458 0.002086 0.0021711 0.0022012 0.0021949 0.0020922 0.0020625 0.0020672 0.002078 0.0023941 0.0026593 0.0027271 0.0026752 0.0027106 0.0026965 0.0026962 0.0026946 0.002695 0.0026989 0.0025243 0.0025429 0.0026076 0.0027041 0.0021763 0.0021854 0.0021351 0.0021387 0.0021583 0.0021451 0.002105 0.002091 0.002078 0.0021258 0.0020707 0.0020742 0.0020867 0.0020846 0.0020825 0.002086 0.0020931 0.0020982 0.0020806 0.002064 0.0020682 0.0020718 0.0020752 0.0020599 0.0020872 0.0020704 0.0020593 0.0020767 0.0020708 0.0020802 0.0021001 0.0021242 0.002151 0.0021573 0.0022677 0.0023101 0.0023365 0.0024748 0.0025779 0.0026996 0.0027789 0.0028465 0.0028941 0.0029383 0.0029532 0.002976 0.0029854 0.0030007 0.0029985 0.0029998 0.0029873 0.0029877 0.0029793 0.0029669 0.0029866 0.0029528 0.0027763 0.002769 0.0025955 0.0024131 0.002225 0.002078 0.002055 0.0021489 0.002115 0.0020735 0.0021592 0.002076 0.0020518 0.0020591 0.0020724 0.0021069 0.0020887 0.0020954 0.002125 0.0021278 0.0021153 0.0021058 0.0020699 0.0021066 0.0021123 0.0021274 0.0021164 0.0021174 0.0021118 0.0020818 0.0020887 0.002116 0.0021117 0.0020953 0.0020678 0.0021113 0.0020833 0.0021061 0.0020813 0.0020635 0.0020845 0.002058 0.0020617 0.0020737 0.0020816 0.0020949 0.002101 0.0021126
0.0020642 0.0020747 0.0020687 0.0020893 0.0021632 0.0021964 0.0022223 0.0021114 0.0021106 0.0020598 0.0020785 0.0020593 0.0020593 0.0020543 0.0020636 0.0020572 0.0020554 0.0020565 0.0020407 0.0020451 0.0020525 0.0020607 0.0020423 0.0020402 0.002053 0.0020477 0.0020572 0.0020796 0.0020784 0.0020781 0.0020697 0.0020808 0.0020652 0.0020376 0.0020373 0.0020403 0.0020449 0.0020448 0.0020458 0.0020376 0.0020355 0.0020363 0.0020384 0.0020558 0.002068 0.0020765 0.0020781 0.0020777 0.0020743 0.0020695 0.0020624 0.0020527 0.0020427 0.0020396 0.0020441 0.0020545 0.0021075 0.0021136 0.0020712 0.002063 0.002247 0.0023148 0.0023691 0.0024706 0.0026782 0.0027521 0.0027047 0.0027097 0.0026986 0.0027277 0.0027315 0.0026724 0.002592 0.0022265 0.0023655 0.0021485 0.0021571 0.0022017 0.0021288 0.0021461 0.0021499 0.002138 0.0021101 0.0020853 0.0020896 0.0020657 0.0020717 0.002211 0.0021264 0.0020865 0.0020781 0.0020839 0.002128 0.0021322 0.0020859 0.0020767 0.0020517 0.0020994 0.0020621 0.0020622 0.0020603 0.0020606 0.0020716 0.0020907 0.0020973 0.0020756 0.0020737 0.0021286 0.0021509 0.0022117 0.0021501 0.0022641 0.002444 0.002618 0.0027706 0.0028459 0.0028949 0.0029212 0.0029556 0.002979 0.0030218 0.0030563 0.0030226 0.0030206 0.0029618 0.0029939 0.0030002 0.0030081 0.0029986 0.0029954 0.0029971 0.0029984 0.0029821 0.0029515 0.0028609 0.0027554 0.0023838 0.0022171 0.0022682 0.0021715 0.0022149 0.0021235 0.0020611 0.0020861 0.0020968 0.0020541 0.0020808 0.0020699 0.0020981 0.0021091 0.0020691 0.0020944 0.0020936 0.0020904 0.0020827 0.0021142 0.0020961 0.0020835 0.0020674 0.0020691 0.0020385 0.0020557 0.0020869 0.0020814 0.0020649 0.0020927 0.0021237 0.0021646 0.0020981 0.0021549 0.0021414 0.0021113 0.0021066 0.0020759 0.0020589 0.0020478 0.0020526 0.0020593 0.0020736 0.0020819
0.0020582 0.0020783 0.0020664 0.0020649 0.0021039 0.0021609 0.0020955 0.0020677 0.0020944 0.0020718 0.0020599 0.0020646 0.0020401 0.0020791 0.002043 0.0020476 0.0020349 0.0020377 0.0020526 0.0020472 0.0020603 0.0020445 0.0020526 0.0020623 0.0020607 0.0020828 0.0020553 0.0020671 0.0020752 0.0020739 0.0020744 0.0020743 0.002078 0.0020491 0.0020449 0.0020479 0.0020551 0.0020567 0.0020562 0.0020484 0.0020406 0.0020386 0.0020444 0.0020466 0.002044 0.0020598 0.0020601 0.0020634 0.0020564 0.0020578 0.0020487 0.0020452 0.0020391 0.0020392 0.0020386 0.0020441 0.0020508 0.0020507 0.0020669 0.0020914 0.0020511 0.0021808 0.0021299 0.0023529 0.0023396 0.0027119 0.0027499 0.0027442 0.002733 0.0027478 0.0027386 0.0026982 0.002643 0.0022768 0.0023291 0.0023132 0.002142 0.002135 0.0021132 0.0020774 0.0021271 0.0021049 0.0020975 0.002094 0.0020749 0.0020774 0.0020663 0.0020778 0.0020973 0.0020893 0.0020959 0.0020967 0.0021479 0.0020934 0.0020796 0.0020526 0.0020626 0.0020577 0.0020714 0.0021031 0.0020636 0.0020512 0.0020579 0.0020705 0.0021336 0.002136 0.0020967 0.002124 0.0021833 0.00217 0.0021486 0.0022094 0.0023803 0.0025126 0.0028899 0.0029615 0.0029876 0.0030423 0.0030842 0.0030183 0.0029883 0.0030066 0.0030341 0.0030262 0.0029972 0.0029784 0.0029654 0.0029886 0.0030005 0.0029929 0.0029939 0.0029815 0.0029824 0.0029768 0.0029458 0.0028859 0.0027907 0.0025295 0.0023404 0.0022727 0.0022441 0.0022155 0.0021336 0.0020901 0.002141 0.0021376 0.0020899 0.002117 0.0021106 0.0021102 0.0021112 0.0020724 0.0020658 0.0020831 0.0020639 0.0020768 0.0020805 0.0020561 0.0020469 0.002068 0.0021152 0.0021273 0.0020651 0.0020621 0.0020866 0.0021292 0.0021145 0.0021338 0.0021578 0.0021437 0.0021373 0.0021304 0.0020698 0.0020718 0.002059 0.0020844 0.0020667 0.0020611 0.0020773 0.0020708
0.0020793 0.0020834 0.002076 0.0020786 0.0020946 0.0020916 0.0020997 0.0021024 0.0021122 0.0020639 0.0020562 0.0020771 0.0020568 0.0020509 0.0020531 0.0020533 0.0020992 0.0020512 0.0020634 0.0020681 0.0020594 0.0020712 0.0021154 0.0020561 0.0020696 0.0020833 0.0020723 0.0020667 0.002067 0.0020652 0.0020602 0.0020637 0.0020611 0.0020546 0.0020546 0.0020535 0.0020543 0.0020552 0.0020584 0.0020588 0.0020493 0.0020469 0.0020511 0.0020488 0.0020486 0.002053 0.0020531 0.0020478 0.0020441 0.0020408 0.0020395 0.0020395 0.0020388 0.0020332 0.0020315 0.0020469 0.0020582 0.0020631 0.002081 0.0020988 0.0021316 0.0021252 0.0021855 0.0022162 0.0022612 0.0025588 0.0026689 0.0028396 0.0028208 0.0027766 0.0027572 0.0027244 0.0024974 0.0023881 0.0022992 0.002357 0.0021222 0.002117 0.0021148 0.0022603 0.0020873 0.0021019 0.0020825 0.0020797 0.002076 0.0020711 0.002071 0.0021012 0.0020994 0.0020922 0.0020843 0.0020897 0.0021098 0.0020886 0.0020764 0.0020827 0.0020642 0.0020653 0.0020635 0.0021044 0.0020422 0.0020579 0.0020647 0.0020678 0.002104 0.002067 0.0021015 0.0021234 0.0021505 0.0021555 0.0021731 0.002161 0.0023834 0.0027335 0.0029645 0.0029942 0.0030723 0.0030853 0.0030269 0.0030599 0.0030412 0.0030644 0.003049 0.0030477 0.0030284 0.0030604 0.003074 0.0029966 0.0029863 0.0030191 0.0029926 0.0029858 0.0029857 0.0029776 0.0029446 0.0029266 0.0028481 0.0026548 0.0024088 0.0023241 0.0022457 0.0022816 0.0020666 0.0021437 0.0021456 0.0021166 0.0021265 0.0020992 0.0020904 0.0021155 0.0020893 0.0020778 0.0020967 0.0020752 0.0020798 0.0020635 0.0020557 0.0020583 0.0020452 0.0020341 0.00206 0.0020517 0.0020699 0.0021319 0.0021473 0.0021333 0.0020887 0.0021512 0.002097 0.0021032 0.0021304 0.002119 0.0020696 0.0020714 0.0020821 0.0020466 0.0020478 0.0020656 0.0020745 0.0020699
0.00212 0.0020679 0.0021331 0.0020991 0.0021193 0.0020908 0.002099 0.0020961 0.0020824 0.0020703 0.0020554 0.0020589 0.002052 0.0020473 0.002056 0.0020571 0.0020716 0.0020758 0.0020689 0.0020676 0.0020508 0.0020577 0.0020648 0.0020652 0.0020551 0.0020683 0.0020722 0.0020722 0.0020493 0.0020577 0.0020534 0.0020619 0.0020635 0.0020514 0.0020518 0.0020515 0.0020523 0.0020554 0.0020615 0.0020651 0.0020476 0.0020423 0.0020303 0.0020309 0.0020405 0.0020477 0.0020444 0.0020401 0.0020407 0.0020368 0.0020354 0.0020356 0.0020345 0.0020356 0.0020362 0.0020492 0.0020517 0.002059 0.0020602 0.0020765 0.002076 0.0020816 0.0021189 0.0020806 0.0022926 0.0022646 0.0024502 0.0025075 0.0025644 0.0026036 0.0025459 0.002534 0.0023107 0.0023926 0.0023335 0.0021366 0.0021247 0.0021462 0.0021302 0.0021442 0.0021162 0.0023776 0.002083 0.0020953 0.0020843 0.0020838 0.0020759 0.0021046 0.0021012 0.0020836 0.0020787 0.0020902 0.0020932 0.0020864 0.0020842 0.0020712 0.0020867 0.00207 0.00209 0.0020633 0.0020605 0.0020647 0.0020589 0.0020476 0.0020489 0.0020605 0.0020939 0.002195 0.002112 0.0021429 0.0021519 0.0021789 0.0024668 0.0028748 0.0029832 0.0030469 0.0030447 0.0030217 0.003041 0.0030766 0.0030538 0.0030526 0.0030295 0.0030597 0.0030525 0.0029997 0.0030105 0.0030046 0.0030236 0.0030032 0.0029909 0.0029881 0.0029755 0.0029565 0.0029006 0.0028938 0.0028511 0.0027275 0.0024371 0.0024049 0.0023265 0.0023476 0.0022479 0.0022287 0.0021842 0.002159 0.0021255 0.0021063 0.002109 0.0021912 0.0021318 0.0021153 0.0021093 0.0020816 0.0020785 0.0020646 0.0020543 0.0020538 0.0020561 0.002057 0.0020504 0.0020533 0.0020815 0.0021535 0.0021797 0.002179 0.0021447 0.0021308 0.0020964 0.0021138 0.0021117 0.0021251 0.0020508 0.002081 0.0020833 0.002147 0.0020673 0.0020786 0.0020981 0.0020942
0.0021405 0.0021289 0.0021325 0.0021834 0.0021525 0.0020856 0.0020923 0.0020866 0.0021378 0.0022048 0.0023589 0.0022975 0.0021061 0.0020588 0.0020689 0.0020652 0.0020498 0.0020576 0.0020495 0.0020594 0.002049 0.0020672 0.002065 0.0020647 0.0020577 0.0020386 0.0020488 0.0020538 0.0020612 0.0020478 0.0020452 0.0020512 0.0020467 0.0020469 0.0020423 0.0020485 0.0020503 0.0020552 0.0020564 0.0020267 0.0020247 0.0020236 0.0020065 0.0020023 0.0020037 0.0020257 0.0020257 0.0020257 0.0020311 0.0020346 0.0020317 0.002036 0.0020329 0.002035 0.0020345 0.0020352 0.0020365 0.0020448 0.0020747 0.0020654 0.0020535 0.0020413 0.0020896 0.0021589 0.0021474 0.0022602 0.0022463 0.0023325 0.0024591 0.0024837 0.0024613 0.0023157 0.0023907 0.0022102 0.0022187 0.0022149 0.0021776 0.0024269 0.0021653 0.0021159 0.0021339 0.0021202 0.0020923 0.0020921 0.0020807 0.0020815 0.0020952 0.0021133 0.0021107 0.0020984 0.0020816 0.0020971 0.0020773 0.00208 0.0020874 0.0020624 0.0020572 0.0020786 0.0020745 0.0020686 0.0020563 0.0020597 0.0020457 0.0020411 0.002105 0.0020648 0.0020816 0.0021284 0.0021282 0.0021294 0.0021626 0.0022065 0.00245 0.0028777 0.0029621 0.0030476 0.0030482 0.0029951 0.0030591 0.0030622 0.0030608 0.0030437 0.0030687 0.0030835 0.0030413 0.0029989 0.0030228 0.0030291 0.0030112 0.003023 0.0030046 0.0029853 0.0029449 0.0029115 0.0028938 0.0028759 0.0028188 0.0026973 0.0025773 0.0024179 0.0025037 0.0022048 0.0021674 0.0022047 0.0020946 0.0020939 0.0021282 0.0021397 0.0021468 0.0021406 0.0021292 0.0021326 0.0021307 0.0020784 0.0020714 0.0020685 0.002059 0.002079 0.002074 0.002064 0.0020623 0.0020594 0.0020898 0.0021214 0.0021374 0.0021244 0.0021351 0.0021257 0.0020722 0.0020982 0.0020989 0.0020596 0.0020565 0.0020899 0.0020852 0.0020967 0.0020941 0.0021114 0.0021308 0.0020999
0.0021258 0.0021377 0.0021089 0.0020818 0.0021631 0.0020847 0.0021123 0.0021015 0.0020617 0.0020835 0.0022342 0.0022368 0.0020727 0.0020597 0.002087 0.0020713 0.0020851 0.002063 0.0020736 0.002076 0.0020855 0.0020537 0.0020871 0.0020861 0.0020715 0.0020713 0.0020625 0.0020529 0.0020572 0.0020536 0.0020502 0.0020268 0.0020361 0.0020424 0.0020425 0.002046 0.0020493 0.0020484 0.0020362 0.0020341 0.0020289 0.0020205 0.0020178 0.0020186 0.0020214 0.0020222 0.0020215 0.0020233 0.0020191 0.0020264 0.0020317 0.002032 0.0020323 0.0020334 0.0020351 0.0020356 0.0020388 0.0020445 0.0020462 0.00206 0.0020606 0.0020668 0.0020516 0.0020589 0.0021028 0.0020739 0.0021628 0.0024071 0.002361 0.0023613 0.0023604 0.002355 0.0022436 0.0022013 0.0022311 0.0022077 0.0021904 0.0021567 0.0021363 0.0021389 0.0021312 0.0021369 0.0021238 0.0020991 0.0020958 0.0020805 0.0021049 0.002137 0.0021001 0.0020962 0.0021145 0.002119 0.0021105 0.0020796 0.0020982 0.0020709 0.0020714 0.0020699 0.0020681 0.0020946 0.0020581 0.0020669 0.0020525 0.0020556 0.0020529 0.0020516 0.0020813 0.0021095 0.0021345 0.002139 0.0021401 0.0022622 0.0024803 0.0027922 0.0029497 0.0030553 0.0030829 0.0030687 0.0030265 0.0030522 0.0030824 0.0030666 0.0030789 0.0030834 0.0030514 0.0030224 0.0030529 0.0030288 0.0030389 0.003009 0.0029905 0.002958 0.0029197 0.0028985 0.0028628 0.0028356 0.0028105 0.0027618 0.0025549 0.0023134 0.0022693 0.0021747 0.002147 0.0021396 0.0021334 0.0021586 0.0022148 0.002152 0.0020848 0.0021339 0.0021405 0.0021557 0.0021225 0.0021055 0.0020802 0.0020971 0.0020804 0.002066 0.0020996 0.0020872 0.0020708 0.002065 0.002066 0.0020773 0.0020979 0.0021082 0.0021558 0.0021329 0.0021056 0.0021035 0.002111 0.0020952 0.0021251 0.0021148 0.0021173 0.0020933 0.002104 0.0021261 0.0021442 0.002162
0.0021637 0.0021404 0.0021385 0.002102 0.0022581 0.0021958 0.0021321 0.0020719 0.0020529 0.0020398 0.0020356 0.002055 0.0020506 0.0020854 0.0021166 0.0021131 0.0021134 0.0021133 0.0020991 0.0020916 0.0020907 0.0020892 0.0020715 0.0020813 0.0020653 0.0020531 0.0020552 0.0020439 0.0020417 0.002054 0.0020508 0.0020348 0.0020366 0.0020305 0.0020381 0.0020291 0.0020342 0.0020203 0.0020212 0.0020337 0.0020199 0.0020126 0.0020235 0.0020237 0.0020231 0.0020228 0.0020241 0.0020286 0.0020247 0.0020245 0.0020232 0.0020271 0.0020316 0.0020371 0.0020373 0.0020388 0.0020374 0.0020475 0.0020506 0.0020468 0.0020464 0.0020705 0.00207 0.0020896 0.0021357 0.0021499 0.0021958 0.002223 0.0020703 0.0022851 0.0021957 0.0022146 0.0022229 0.0022562 0.0022238 0.0021864 0.0021681 0.0021642 0.0021679 0.0021364 0.0021115 0.0020989 0.00208 0.0022486 0.002102 0.0020869 0.0020885 0.0020813 0.00213 0.0020958 0.0021069 0.0021204 0.0021158 0.0020975 0.002071 0.0020868 0.0020679 0.0020647 0.0020867 0.0020845 0.0020564 0.0020552 0.0020509 0.002056 0.0020625 0.002062 0.0021861 0.0020847 0.0021252 0.0021555 0.0021689 0.0021869 0.0022889 0.0027239 0.0028751 0.003018 0.0030842 0.003123 0.0031731 0.0030546 0.0030619 0.0030651 0.0030244 0.0030782 0.0030314 0.0030384 0.0030221 0.0030301 0.0030251 0.003016 0.0030023 0.0029413 0.0028903 0.0028662 0.0028247 0.002793 0.0027174 0.0025676 0.0024352 0.002319 0.0021804 0.0021826 0.0021177 0.002119 0.0021056 0.0021186 0.0021521 0.0021554 0.0021505 0.0021347 0.0021561 0.0021361 0.0021254 0.002119 0.0021044 0.0021068 0.0021301 0.0021079 0.0021009 0.002062 0.0020767 0.0020759 0.0020565 0.0020558 0.0020869 0.0021018 0.0021555 0.0021066 0.0021094 0.0021228 0.0021396 0.0021363 0.0021331 0.0021304 0.0021107 0.0020982 0.0021663 0.0021887 0.0021677 0.0022373
0.0021641 0.0022578 0.0021419 0.0020817 0.0021271 0.002078 0.0020776 0.0020837 0.0020567 0.0020397 0.0020377 0.0020547 0.0020847 0.0020957 0.002109 0.0021023 0.002113 0.0020465 0.0020934 0.0020889 0.0020846 0.0020739 0.0020748 0.0020647 0.0020491 0.0020555 0.0020504 0.002047 0.0020377 0.0020398 0.0020356 0.002034 0.0020352 0.0020322 0.0020335 0.0020354 0.002029 0.0020195 0.0020204 0.0020199 0.0020152 0.0020233 0.0020278 0.0020271 0.002025 0.0020267 0.0020255 0.002026 0.0020278 0.0020281 0.002027 0.0020215 0.0020266 0.0020352 0.0020398 0.0020434 0.0020434 0.0020438 0.0020443 0.0020465 0.0020509 0.0020563 0.0020559 0.0021144 0.0021098 0.0020722 0.0020853 0.0021167 0.0021099 0.0022165 0.0022049 0.0022604 0.0021766 0.0021356 0.0021509 0.0021747 0.0021756 0.002172 0.0022148 0.0021568 0.0021152 0.0020911 0.0021055 0.0020922 0.002099 0.0020778 0.0020743 0.0020801 0.0020883 0.0020949 0.0020967 0.0021127 0.002105 0.0020772 0.0020782 0.0020767 0.0020912 0.0021174 0.0020679 0.0020625 0.0020643 0.0020467 0.0020498 0.0020621 0.0020685 0.0020662 0.0020699 0.0020895 0.0021503 0.0021241 0.0021215 0.0021562 0.0022066 0.0022547 0.0026897 0.0028732 0.0030492 0.0030893 0.003139 0.0031523 0.0030585 0.0030557 0.0031389 0.0031305 0.0030262 0.0030349 0.0030292 0.0030185 0.0030243 0.0030104 0.0029594 0.002855 0.0027883 0.0027904 0.0027538 0.0026909 0.0027119 0.0025601 0.0025384 0.0025139 0.0022483 0.0021543 0.0020837 0.0021157 0.0020963 0.0021079 0.0021218 0.0021311 0.0021472 0.0021587 0.0021384 0.0021173 0.0020739 0.0020761 0.0020785 0.0020973 0.0020785 0.0020688 0.0020861 0.002102 0.0020849 0.0020686 0.0020946 0.0021091 0.0020934 0.0020939 0.0020835 0.0021 0.0020982 0.0020711 0.0021529 0.0021547 0.0021205 0.0021144 0.0021317 0.0021429 0.0022274 0.0021956 0.0021414 0.0020878
0.0021721 0.0021876 0.0020806 0.0020716 0.0020816 0.0020495 0.0020615 0.00204 0.0020404 0.0020526 0.002051 0.002059 0.0020888 0.0020995 0.0021313 0.0020941 0.002114 0.0021175 0.0020893 0.002089 0.0020567 0.0020737 0.0020703 0.0020689 0.0020573 0.0020498 0.00205 0.0020455 0.0020413 0.0020371 0.0020351 0.0020281 0.0020309 0.0020292 0.002027 0.0020282 0.0020239 0.0020168 0.0020153 0.002007 0.0020104 0.0020235 0.0020291 0.0020265 0.0020317 0.0020271 0.0020342 0.002035 0.0020323 0.0020327 0.002028 0.0020221 0.0020157 0.0020274 0.0020349 0.0020431 0.0020426 0.0020441 0.002045 0.0020449 0.0020543 0.0020697 0.0020678 0.0021105 0.0021185 0.0021245 0.0021214 0.0021204 0.0021133 0.0021002 0.0021183 0.002199 0.0021937 0.0021366 0.0022022 0.0021369 0.0022071 0.0021628 0.0021554 0.0021693 0.0021386 0.0021172 0.002145 0.0021051 0.0020998 0.0020906 0.0020869 0.0020801 0.0020808 0.0020865 0.0020893 0.0020724 0.0020835 0.002095 0.0020805 0.0020882 0.0020753 0.0020897 0.002073 0.0020539 0.002059 0.0020533 0.0020472 0.0020529 0.0020605 0.0020647 0.0020655 0.0020624 0.0020964 0.0021217 0.0021082 0.0021035 0.0020889 0.0021204 0.002204 0.0026093 0.0029262 0.003008 0.0030617 0.0031101 0.0031076 0.0031568 0.0030397 0.0030217 0.0030395 0.0030384 0.0030163 0.0030133 0.002958 0.0029035 0.0028695 0.0027583 0.002627 0.0026024 0.0025854 0.0025799 0.0026448 0.0026011 0.0024673 0.0024336 0.0023027 0.0021572 0.0021161 0.0021059 0.0020941 0.0020906 0.0021035 0.0021004 0.0021102 0.0021235 0.0021198 0.0020983 0.0020877 0.0020769 0.0020559 0.0020528 0.0020567 0.0020546 0.0020835 0.0020633 0.0020789 0.0020955 0.0020695 0.0020837 0.0020771 0.0020735 0.0020959 0.0021064 0.0021278 0.0020916 0.0021094 0.0021615 0.0020859 0.0021253 0.0021267 0.0021459 0.0021653 0.0021397 0.0021084 0.0021099
0.0021606 0.0020925 0.0020834 0.0020789 0.0020539 0.0020563 0.0020438 0.0020539 0.0020581 0.0020537 0.0020594 0.0020607 0.0020776 0.0020944 0.0021152 0.0021141 0.0021142 0.0020838 0.0020735 0.002089 0.002068 0.0020702 0.0020667 0.0020637 0.0020567 0.0020548 0.0020491 0.0020446 0.0020391 0.002035 0.0020321 0.0020306 0.0020303 0.0020262 0.0020252 0.0020287 0.0020233 0.0020148 0.0020163 0.0020068 0.0020179 0.0020237 0.0020261 0.0020301 0.0020321 0.0020343 0.0020346 0.0020372 0.0020371 0.0020388 0.0020294 0.0020221 0.0020246 0.0020253 0.0020262 0.002026 0.0020378 0.0020485 0.0020474 0.002056 0.0020713 0.002091 0.0021087 0.0021137 0.0021297 0.0021243 0.0021322 0.0021474 0.0021378 0.0021314 0.0021424 0.002287 0.0021359 0.002113 0.0021404 0.0021288 0.0021393 0.0021525 0.0021775 0.0021745 0.0021948 0.002179 0.0021398 0.0021376 0.0021237 0.0020919 0.002076 0.0020694 0.0020789 0.0020817 0.0020816 0.0020866 0.0020727 0.0020844 0.0020886 0.0020824 0.0020865 0.0020799 0.0020776 0.0020599 0.0020587 0.0020783 0.0020641 0.0020574 0.0020673 0.0020751 0.0020797 0.0020663 0.0021005 0.0021205 0.0021454 0.0021048 0.0021405 0.0021307 0.0022688 0.0022656 0.002599 0.0027406 0.0028036 0.002979 0.0030316 0.0030828 0.0030078 0.0030285 0.0030147 0.0030228 0.0029943 0.0029611 0.0028137 0.0026333 0.0027714 0.0027156 0.0025426 0.0025328 0.0025041 0.0023817 0.0023666 0.0024597 0.0024407 0.002339 0.0023111 0.0021194 0.0021221 0.0020983 0.002113 0.0020798 0.002088 0.0020865 0.002088 0.0020935 0.0021021 0.002088 0.0020763 0.0020765 0.0020613 0.0020588 0.0020885 0.0020526 0.0020483 0.0020444 0.002084 0.0021068 0.0021514 0.002091 0.0021044 0.0021204 0.002134 0.0021225 0.0021252 0.002114 0.0021 0.0021234 0.0020938 0.0021156 0.0021144 0.0021023 0.002115 0.0021299 0.0021264 0.0021213
0.0021584 0.0020905 0.0020432 0.0020783 0.0020534 0.0020496 0.0020673 0.0020534 0.002062 0.0020561 0.0020559 0.0020646 0.0020916 0.0021068 0.0021147 0.0021102 0.0021065 0.002055 0.0020943 0.0020916 0.0020806 0.0020666 0.002066 0.0020614 0.0020583 0.0020531 0.0020488 0.0020425 0.0020374 0.002034 0.0020314 0.0020288 0.0020274 0.0020271 0.0020268 0.0020219 0.0020222 0.0020188 0.0020021 0.0019827 0.002017 0.0020246 0.0020273 0.0020295 0.0020323 0.0020353 0.0020376 0.0020395 0.0020411 0.0020411 0.0020405 0.0020384 0.0020309 0.002031 0.0020303 0.0020255 0.0020274 0.002031 0.0020466 0.0020542 0.0020737 0.0021148 0.002127 0.0021227 0.0021997 0.0021277 0.0021137 0.0021249 0.0021495 0.0021457 0.0021699 0.0022228 0.0021676 0.0021238 0.0021499 0.0021899 0.0021567 0.0021527 0.0022113 0.0021942 0.002185 0.002187 0.0021519 0.0021674 0.0021033 0.0021016 0.0020915 0.0020775 0.0020718 0.0020814 0.0020902 0.0020877 0.0020957 0.0020911 0.0020883 0.0020834 0.0020853 0.0020635 0.0020796 0.0020634 0.0020862 0.0020899 0.0020734 0.0020745 0.002087 0.0020942 0.0020999 0.0020931 0.0020645 0.0021122 0.0020916 0.0021382 0.002159 0.0021736 0.0021006 0.00213 0.002344 0.0023201 0.0025382 0.0025434 0.0027187 0.0027258 0.0028503 0.0029502 0.0028925 0.0029068 0.0028186 0.0028542 0.0026233 0.0024863 0.0023896 0.002301 0.0024087 0.0024572 0.0023931 0.0022861 0.0023283 0.0023233 0.0022987 0.0021875 0.0021789 0.0021375 0.0021116 0.0021005 0.0020972 0.0020874 0.0020857 0.0020901 0.00209 0.0020926 0.0020951 0.0020819 0.0020804 0.0020608 0.0020697 0.0020545 0.0020433 0.0020487 0.0020768 0.0020431 0.002073 0.0020988 0.0021125 0.0020799 0.002116 0.0020672 0.0021115 0.0021294 0.0021063 0.0020965 0.0021106 0.0021001 0.0020862 0.0020941 0.0021044 0.0021163 0.0021017 0.0021146 0.0021273 0.0021469
0.0021188 0.0020873 0.0020863 0.0020846 0.0020571 0.0020531 0.0020747 0.002046 0.0020574 0.0020705 0.0020661 0.0020874 0.0020818 0.0020911 0.0021156 0.002097 0.0021162 0.0020658 0.0020931 0.0020638 0.0020649 0.0020656 0.002061 0.00206 0.0020537 0.0020505 0.002047 0.0020442 0.0020368 0.0020331 0.0020301 0.0020278 0.0020254 0.0020253 0.0020243 0.0020253 0.0020266 0.0020169 0.0020142 0.0019885 0.0020191 0.0020249 0.0020272 0.0020301 0.0020331 0.0020364 0.0020393 0.0020417 0.0020433 0.0020466 0.0020463 0.0020478 0.0020428 0.0020343 0.0020343 0.0020355 0.0020395 0.0020393 0.002038 0.002038 0.0020354 0.002076 0.0021312 0.0021345 0.00213 0.0021327 0.0021442 0.0021761 0.0021408 0.0021297 0.0021337 0.0022459 0.0022754 0.0023141 0.0021995 0.002144 0.0021862 0.0021893 0.002228 0.0022263 0.0022208 0.0022169 0.0021953 0.0021556 0.0021397 0.002115 0.0021188 0.0021207 0.00209 0.0020828 0.0020804 0.0020925 0.0020936 0.0020718 0.0020787 0.0020861 0.0020873 0.0020726 0.002072 0.0020714 0.0020855 0.0021037 0.0020703 0.0020883 0.0020981 0.0020899 0.0021151 0.0020715 0.0020566 0.0020668 0.0021031 0.0021038 0.0021298 0.0021131 0.0021071 0.0021155 0.0021213 0.0023187 0.002299 0.0023641 0.0024203 0.0024404 0.0025207 0.0025501 0.0025759 0.0026597 0.002718 0.0026537 0.0026282 0.0024688 0.0023054 0.0023995 0.0023918 0.0023464 0.0022273 0.0022709 0.0020586 0.0022912 0.0022849 0.0020821 0.002119 0.0020925 0.0020872 0.0020871 0.0020891 0.0020899 0.0020901 0.0020908 0.0020849 0.0020826 0.0020807 0.0020688 0.0020526 0.0020496 0.0020466 0.0020538 0.0020779 0.002045 0.002047 0.0020667 0.0020548 0.0020727 0.0020996 0.0020985 0.0021369 0.0020731 0.0021173 0.0021007 0.0021144 0.0021288 0.0021199 0.002105 0.0020782 0.0020686 0.0020697 0.0020908 0.0020907 0.0020957 0.0021279 0.0021333
0.002134 0.002077 0.002099 0.0020815 0.0020796 0.0020758 0.002084 0.0021085 0.0020737 0.0020924 0.0020819 0.0021274 0.0021266 0.002116 0.0021271 0.0021062 0.0021108 0.002082 0.0020649 0.0020865 0.0020697 0.0020618 0.0020599 0.0020555 0.0020516 0.0020465 0.0020434 0.0020404 0.0020352 0.0020307 0.0020281 0.0020262 0.0020245 0.0020234 0.002023 0.0020181 0.0020211 0.0020236 0.0020141 0.0020174 0.0020209 0.0020245 0.0020276 0.0020302 0.0020321 0.0020349 0.0020371 0.0020407 0.0020434 0.0020438 0.0020477 0.0020489 0.0020431 0.0020373 0.0020288 0.0020352 0.0020395 0.0020422 0.0020425 0.0020401 0.0020319 0.0020517 0.0021082 0.0021138 0.0021264 0.0021284 0.0021282 0.0020865 0.0021025 0.0021146 0.002121 0.0021247 0.0022047 0.002361 0.0024223 0.0022207 0.0022503 0.0022683 0.0023328 0.0022483 0.0022497 0.0022315 0.0023174 0.0022048 0.0022639 0.0021409 0.0021506 0.0021521 0.0021464 0.0020887 0.0021136 0.0021026 0.0021257 0.0020679 0.0020895 0.0020873 0.0020874 0.0020656 0.0020543 0.002083 0.0020855 0.0020777 0.0020823 0.0020849 0.0020769 0.0020609 0.0020831 0.0020547 0.0020488 0.0020587 0.0020712 0.0020755 0.0020977 0.0020877 0.0021349 0.0022045 0.0021445 0.0022394 0.0022952 0.0023458 0.0023946 0.0023523 0.002325 0.0025069 0.0023762 0.0025931 0.0025233 0.0023309 0.0022921 0.0022373 0.0022886 0.0022153 0.0022099 0.0022619 0.0022118 0.0021135 0.0021029 0.0021338 0.0020713 0.0020957 0.0020866 0.0020758 0.0020689 0.0020713 0.0020762 0.0020806 0.0021031 0.0020825 0.0020796 0.002073 0.0020702 0.002062 0.0020508 0.0020425 0.0020454 0.0020517 0.0020662 0.0020505 0.0020401 0.0020488 0.0020466 0.0020577 0.0020751 0.0021001 0.0020782 0.0020803 0.002111 0.0020803 0.0020991 0.0021172 0.0021111 0.0020831 0.0020673 0.0021062 0.0021043 0.0020904 0.0020988 0.0021344 0.0021673 0.0021247
0.0021324 0.0021235 0.0020838 0.0020843 0.0020797 0.0020872 0.002101 0.002116 0.002133 0.0021379 0.0021358 0.0021307 0.002157 0.0021661 0.0021286 0.0021452 0.0020572 0.0020715 0.002092 0.0020695 0.0020689 0.0020585 0.0020581 0.0020546 0.0020497 0.0020435 0.0020395 0.002035 0.0020312 0.0020283 0.002026 0.0020237 0.0020223 0.0020215 0.0020219 0.0020215 0.0020146 0.0020181 0.0020135 0.0020163 0.0020205 0.0020243 0.0020265 0.0020283 0.0020301 0.0020321 0.0020346 0.0020376 0.0020416 0.0020445 0.0020514 0.0020503 0.0020501 0.0020428 0.0020329 0.0020348 0.0020389 0.0020393 0.0020388 0.0020344 0.0020286 0.0020577 0.0020966 0.0021015 0.002083 0.0020954 0.0021156 0.0020892 0.0021165 0.0021141 0.0021 0.0021447 0.0021644 0.0022718 0.0023236 0.0023726 0.0022326 0.0022682 0.0022457 0.0022859 0.0022848 0.0022605 0.0022661 0.0023448 0.0022376 0.0021721 0.0021894 0.0022075 0.0021816 0.0020783 0.0021223 0.0021033 0.0021286 0.0021377 0.0021335 0.0020921 0.0020858 0.0022087 0.0020902 0.0020633 0.0020698 0.0020615 0.002055 0.0020505 0.0020593 0.0020762 0.0020496 0.0020484 0.0020423 0.0020564 0.0020655 0.0020881 0.0020812 0.0020651 0.0020637 0.0020756 0.0021136 0.0021386 0.0021823 0.0022107 0.0023159 0.0022571 0.0023221 0.0023814 0.0023843 0.0024993 0.002365 0.0022547 0.0022379 0.0022065 0.0021494 0.0021594 0.0021856 0.002201 0.0021012 0.0020705 0.0020492 0.0020544 0.0020687 0.002083 0.002072 0.002064 0.0020537 0.0020583 0.0020704 0.0020754 0.0020792 0.0020842 0.0020707 0.002068 0.002065 0.0020624 0.0020702 0.0020642 0.0020674 0.0020499 0.0020657 0.0020508 0.0020426 0.0020497 0.0020419 0.0020633 0.0020729 0.0020863 0.0020868 0.0020983 0.0020919 0.0021054 0.0020962 0.0021561 0.0020997 0.0022029 0.0020973 0.0021024 0.0021067 0.0021017 0.0020894 0.0021474 0.0021968 0.0021243
0.0021046 0.0021133 0.0020843 0.0020847 0.0020832 0.0020845 0.0021088 0.0021886 0.0021511 0.0021353 0.0021222 0.0021257 0.0021371 0.002121 0.0021325 0.0021435 0.0021054 0.0020809 0.0020827 0.0020714 0.0020638 0.002057 0.0020552 0.0020508 0.0020463 0.0020419 0.0020361 0.0020312 0.0020274 0.0020247 0.0020227 0.0020203 0.0020187 0.0020184 0.0020196 0.0020154 0.002017 0.0020093 0.0020112 0.0020166 0.0020198 0.0020227 0.0020244 0.0020261 0.002028 0.0020296 0.0020323 0.0020347 0.0020379 0.0020412 0.0020438 0.0020481 0.0020492 0.0020414 0.0020348 0.0020387 0.0020338 0.0020372 0.0020337 0.0020306 0.0020312 0.0020347 0.0020884 0.0020871 0.0020936 0.0020848 0.0021091 0.0021199 0.002115 0.0021183 0.0021381 0.0021318 0.0021594 0.0022007 0.0023383 0.0024254 0.0023204 0.0022772 0.0023177 0.0023346 0.0023059 0.0022917 0.0022775 0.0023335 0.0022994 0.0023384 0.0022113 0.0022163 0.00218 0.0021297 0.0021166 0.0021294 0.002147 0.0021586 0.0021122 0.0020987 0.0020874 0.0020695 0.0020674 0.0020748 0.0020802 0.0020856 0.0020486 0.0020585 0.0020681 0.002064 0.0020736 0.0020441 0.0020426 0.0020524 0.0020702 0.0020545 0.0020734 0.0020717 0.0020751 0.0020904 0.0021004 0.002146 0.0021459 0.0022113 0.0022441 0.002284 0.0022299 0.0023451 0.0022549 0.0022425 0.0022683 0.0021048 0.0021517 0.0021509 0.0021326 0.0021158 0.0021662 0.0021031 0.0020764 0.0020667 0.0020385 0.0020407 0.0020615 0.0020569 0.0020646 0.002064 0.0020524 0.002045 0.0020716 0.0020774 0.0020783 0.0020801 0.0020807 0.0020686 0.0020591 0.0020516 0.0020459 0.0020525 0.0020813 0.0020529 0.002058 0.0020564 0.0020442 0.0020633 0.002059 0.0020657 0.0020608 0.0020605 0.0020881 0.0020975 0.0021165 0.0020999 0.0020832 0.002147 0.0021651 0.0021277 0.0021322 0.0021635 0.0021511 0.0021003 0.002078 0.0021119 0.0021133 0.0020952
0.0020634 0.002077 0.0020777 0.0020694 0.0020905 0.0021096 0.0021468 0.0022674 0.0022565 0.0021802 0.0021643 0.0021274 0.0021393 0.0021369 0.0021583 0.0021355 0.0021183 0.0021018 0.0020744 0.002071 0.0020636 0.0020554 0.0020511 0.0020451 0.0020417 0.0020377 0.0020332 0.0020277 0.0020224 0.0020192 0.0020168 0.0020154 0.0020141 0.0020153 0.0020174 0.0019962 0.002014 0.0020079 0.0020099 0.0020133 0.0020153 0.0020186 0.0020209 0.0020228 0.0020251 0.0020273 0.0020298 0.002032 0.0020353 0.002038 0.0020402 0.002042 0.0020449 0.0020438 0.0020372 0.0020326 0.0020325 0.0020323 0.0020336 0.0020326 0.0020297 0.002048 0.0020752 0.0020727 0.0020832 0.002094 0.0021235 0.0021294 0.0021362 0.0021143 0.0021301 0.0021528 0.0021966 0.0022922 0.0024882 0.0024979 0.0024724 0.0022885 0.0023542 0.0023519 0.0024327 0.0023325 0.0023071 0.0022966 0.0023662 0.0023943 0.0022575 0.0021993 0.0022045 0.0022148 0.0021793 0.0021544 0.0021607 0.0021461 0.0021053 0.0021187 0.0020883 0.0020804 0.0020949 0.0020595 0.0020749 0.0020792 0.0020534 0.0020663 0.0020518 0.0020625 0.0020443 0.0020407 0.0020513 0.002052 0.0020475 0.0020575 0.0020568 0.0020637 0.0020688 0.0020788 0.0020791 0.0020763 0.0020796 0.002163 0.002194 0.0022004 0.0022151 0.0022135 0.0021834 0.0021743 0.0021213 0.0021208 0.0021295 0.0021184 0.0021117 0.0020787 0.0020698 0.0020867 0.0020684 0.0020575 0.0020458 0.0020431 0.0020524 0.0020589 0.0020696 0.002071 0.0020814 0.0020807 0.0020735 0.0020756 0.002077 0.0020779 0.0020715 0.0020668 0.0020785 0.0020579 0.0020464 0.0020487 0.0020605 0.002066 0.0020614 0.0020693 0.002052 0.0020653 0.0020699 0.0020621 0.0020585 0.0020559 0.0020788 0.0020794 0.0020729 0.00207 0.0021121 0.0021551 0.0021956 0.0022236 0.0022397 0.0022924 0.0022179 0.0022296 0.0021988 0.0021543 0.0021713 0.0020671
0.0020659 0.0020652 0.0020723 0.0020914 0.002093 0.0021124 0.0022004 0.0022393 0.0022271 0.002209 0.0021814 0.0021424 0.0021534 0.0020932 0.0021481 0.0022131 0.0021199 0.0021181 0.0020893 0.002069 0.0020625 0.0020556 0.0020458 0.0020402 0.0020372 0.0020337 0.0020294 0.0020224 0.0020151 0.0020085 0.0020073 0.0020084 0.0020107 0.0020126 0.0020088 0.0019986 0.0020054 0.0020083 0.0020063 0.0020046 0.0020064 0.0020118 0.0020161 0.0020187 0.0020223 0.0020249 0.0020273 0.0020292 0.002032 0.002035 0.0020364 0.0020394 0.0020398 0.0020411 0.002036 0.0020321 0.0020281 0.0020283 0.0020326 0.0020316 0.0020297 0.0020511 0.002074 0.0020532 0.002068 0.0024878 0.0027195 0.0024053 0.0021252 0.0021446 0.0021012 0.0021533 0.002186 0.0022649 0.0024915 0.0024743 0.0024892 0.0022911 0.0023778 0.0023096 0.0023677 0.0023427 0.0023479 0.0023446 0.0023568 0.0023402 0.0022883 0.0022867 0.0022743 0.0022201 0.0021583 0.0021654 0.0021658 0.0021499 0.0021216 0.0021238 0.0020899 0.0020936 0.0020742 0.0021166 0.0020814 0.0020687 0.0020542 0.002054 0.0020537 0.0020521 0.0020547 0.0020432 0.0020548 0.0020546 0.0020593 0.0020532 0.0020487 0.0020481 0.0020564 0.0020584 0.0020648 0.0020966 0.0021025 0.0020742 0.0021065 0.0020982 0.0021171 0.0021171 0.0021094 0.0021543 0.0021419 0.0021398 0.0021303 0.0021139 0.0020777 0.0020849 0.0020455 0.0020541 0.0020583 0.0020535 0.0020414 0.0020418 0.0020539 0.0020619 0.0020739 0.0020756 0.002082 0.0020876 0.0020766 0.0020746 0.0020731 0.0020702 0.0020683 0.0020591 0.0020641 0.0020607 0.0020506 0.002054 0.0020504 0.0020533 0.0020605 0.0020691 0.0020609 0.0020857 0.0020693 0.0020676 0.0020595 0.0020538 0.002098 0.0020551 0.0020659 0.0020782 0.0021158 0.0022023 0.0022199 0.0022625 0.0022644 0.002307 0.002347 0.002249 0.0022505 0.0021956 0.0022518 0.0021372
0.0021733 0.002067 0.0021238 0.0021016 0.002132 0.0021562 0.00235 0.0022988 0.002198 0.0022116 0.0022107 0.0021471 0.0021254 0.0021317 0.0021522 0.002205 0.0020707 0.0021248 0.0021572 0.0020749 0.002065 0.0020543 0.0020467 0.0020408 0.0020352 0.0020303 0.0020246 0.0020136 0.00199 0.0019785 0.0019902 0.0020017 0.0020047 0.0020086 0.0020105 0.0020097 0.002012 0.0020123 0.0020026 0.0019965 0.0019959 0.002006 0.0020109 0.0020147 0.0020193 0.0020232 0.0020257 0.0020277 0.0020291 0.0020304 0.0020306 0.0020344 0.0020367 0.0020368 0.0020331 0.002032 0.0020289 0.0020399 0.002031 0.0020424 0.0020534 0.0024015 0.0025902 0.0026857 0.0027692 0.0027408 0.0026586 0.0027665 0.0027615 0.0021608 0.0021447 0.0022274 0.0022114 0.0022367 0.002407 0.0023999 0.0024554 0.0023954 0.0023511 0.0023335 0.0023482 0.0023525 0.0023373 0.0023922 0.0023348 0.002319 0.0023222 0.0022811 0.0022564 0.002237 0.0022567 0.0022083 0.0021878 0.0021395 0.0021224 0.0021238 0.0021136 0.0020966 0.0020688 0.0020961 0.0020624 0.0020668 0.0020614 0.0020511 0.0020542 0.0020471 0.0020504 0.0020496 0.0020463 0.002048 0.0020598 0.0020463 0.0020429 0.0020425 0.0020442 0.0020388 0.0020585 0.0020952 0.0020979 0.0020995 0.0020738 0.0021004 0.0020985 0.0020915 0.002113 0.0021287 0.0021319 0.0021504 0.0020963 0.0020758 0.0020672 0.0020432 0.0020417 0.0020425 0.0020487 0.0020455 0.0020411 0.0020444 0.0020455 0.0020566 0.0020676 0.0020781 0.0020761 0.0020771 0.0020833 0.0020773 0.0020681 0.002072 0.00206 0.0020688 0.0020596 0.0020688 0.0020489 0.0020429 0.0020694 0.0020781 0.0020533 0.0020782 0.00208 0.0020677 0.0020704 0.0020659 0.002054 0.0020609 0.0020804 0.0020878 0.0020804 0.0020822 0.0020985 0.0022284 0.0022918 0.0024727 0.0023808 0.0023498 0.0022591 0.0023908 0.0023016 0.0024609 0.0021345 0.0021538
0.0022038 0.0021838 0.002143 0.0021131 0.0021345 0.0021927 0.0022695 0.0023529 0.0023088 0.0023444 0.002278 0.002188 0.002167 0.0021921 0.0021876 0.002201 0.0021331 0.0021275 0.0021132 0.0020876 0.0020711 0.0020565 0.0020477 0.0020408 0.0020341 0.0020285 0.0020223 0.0020003 0.0019281 0.0019017 0.001961 0.0019929 0.0019999 0.0020017 0.0020032 0.0020127 0.0020098 0.0020092 0.0019998 0.0019945 0.0019954 0.0020142 0.0020044 0.0020114 0.002017 0.002021 0.0020243 0.0020263 0.0020278 0.002029 0.0020294 0.0020366 0.0020306 0.0020564 0.0025375 0.0023888 0.0024166 0.0021031 0.0027012 0.0027875 0.0024776 0.0020525 0.0020504 0.0020577 0.0025374 0.0026043 0.0024123 0.0024209 0.0020941 0.0026982 0.0022287 0.0021921 0.0022391 0.0022844 0.0023072 0.0024005 0.0023723 0.002452 0.0025055 0.0023731 0.0023589 0.0023617 0.0023524 0.0023525 0.0023022 0.0023165 0.0023508 0.0022984 0.0022516 0.0023126 0.0022695 0.0022468 0.0022071 0.0021653 0.0022204 0.002146 0.0021245 0.0021024 0.0020912 0.0020914 0.0020888 0.0020736 0.0020584 0.0020523 0.0020475 0.0020621 0.0020485 0.0020478 0.0020452 0.0020437 0.0020445 0.0020475 0.0020399 0.002047 0.0020446 0.00205 0.0020501 0.0020788 0.0020892 0.0020818 0.0020847 0.0021016 0.0020907 0.0020903 0.0020745 0.0021022 0.0021077 0.0021098 0.0020942 0.0020817 0.0020466 0.002042 0.0020373 0.0020467 0.0020436 0.0020481 0.0020404 0.0020435 0.0020607 0.0020619 0.0020834 0.0020774 0.0020842 0.0020795 0.0020828 0.0020789 0.0020633 0.0020577 0.002056 0.0020584 0.0020569 0.0020509 0.0020636 0.0020492 0.0020803 0.0020793 0.0020589 0.0020594 0.0020725 0.0020778 0.0020655 0.00207 0.0020562 0.0020524 0.002063 0.0021163 0.0021205 0.0021389 0.0021879 0.0023024 0.0023609 0.0024217 0.0024401 0.0024168 0.002403 0.0024427 0.0024778 0.0024155 0.0024736 0.0024108
0.0024652 0.0023748 0.0024858 0.0024951 0.0022431 0.0022323 0.0022856 0.0023707 0.0023137 0.0023179 0.0022775 0.0022633 0.0022727 0.0022039 0.0022372 0.0022194 0.0022007 0.0021495 0.0021282 0.0020993 0.0020768 0.002064 0.0020493 0.0020408 0.0020326 0.0020277 0.002022 0.002004 0.0019315 0.0017934 0.0018783 0.0019924 0.001998 0.0019983 0.0019965 0.0020076 0.0020065 0.0020018 0.0019925 0.0019869 0.0019974 0.0020037 0.0020028 0.0020104 0.0020154 0.0020192 0.0020241 0.0020254 0.0020267 0.0020282 0.0020274 0.0020329 0.0022726 0.002455 0.0028143 0.0028226 0.0022254 0.0020244 0.0020229 0.0020301 0.0020371 0.0020403 0.0020459 0.0020513 0.0020666 0.0020623 0.0020704 0.0022282 0.0021232 0.0021327 0.0027541 0.0023349 0.0027581 0.0024232 0.0023406 0.0025062 0.0025114 0.0024313 0.0024805 0.002493 0.0023801 0.0023815 0.0023955 0.0023655 0.0023767 0.0023557 0.0024118 0.002331 0.0023494 0.0022938 0.0022943 0.002339 0.0022174 0.0021903 0.0021592 0.0021563 0.0021654 0.002125 0.0020545 0.0020682 0.0020918 0.0020962 0.0020688 0.0020593 0.002056 0.0020474 0.0020465 0.0020483 0.0020436 0.0020444 0.0020557 0.0020467 0.0020488 0.0020428 0.0020479 0.0020514 0.0020499 0.0020561 0.0020697 0.0020616 0.0020672 0.0020794 0.0020773 0.0020729 0.0020604 0.0021022 0.0020948 0.0021149 0.0020946 0.0020925 0.0020772 0.0020493 0.0020387 0.0020422 0.0020413 0.0020536 0.0020449 0.0020561 0.0020686 0.0020698 0.0020917 0.0020865 0.002078 0.0020829 0.0020843 0.0020823 0.0020757 0.0020785 0.0020665 0.0020655 0.0020611 0.0020498 0.0020419 0.0020522 0.0020506 0.0020579 0.0020732 0.0020784 0.0020672 0.0020908 0.0020744 0.0021039 0.002128 0.0020998 0.0021146 0.0022895 0.0021308 0.0021847 0.0022274 0.0023398 0.002386 0.0024003 0.002482 0.0024591 0.0024989 0.0025278 0.0025302 0.0023696 0.0024158 0.0023322
0.0022724 0.0023322 0.0023208 0.0024232 0.0024925 0.0022753 0.0023771 0.0023136 0.0023798 0.0024081 0.0023137 0.0023397 0.0022817 0.0022616 0.0022643 0.0022197 0.0022203 0.0021748 0.0021492 0.0021099 0.0020901 0.0020673 0.0020549 0.0020429 0.0020348 0.0020287 0.0020234 0.0020176 0.0019485 0.0016327 0.001631 0.0019616 0.0019954 0.0019955 0.001997 0.0019945 0.0020027 0.0019986 0.0019993 0.0019929 0.0019958 0.002007 0.0020234 0.0020361 0.0020265 0.0020197 0.0020238 0.0020276 0.0020272 0.0020302 0.002372 0.0026078 0.0025857 0.002801 0.0024377 0.0020272 0.0020215 0.0020419 0.0020257 0.0020362 0.00204 0.0020428 0.0020626 0.0020567 0.0020748 0.0020859 0.0023305 0.0021422 0.00255 0.0021907 0.0027627 0.0027649 0.0027931 0.0026839 0.0026178 0.0025178 0.0023843 0.0024498 0.00246 0.0026124 0.0024941 0.002373 0.0024112 0.0024198 0.002402 0.0024116 0.0024615 0.0023467 0.0023592 0.0023593 0.0024063 0.0022591 0.0022577 0.0022414 0.0021884 0.0021481 0.0021583 0.0021302 0.0020827 0.0020775 0.002095 0.0020843 0.002064 0.0020707 0.0020688 0.0020547 0.0020471 0.0020565 0.0021203 0.0021558 0.0020492 0.0020603 0.0020524 0.0020554 0.0020538 0.0020501 0.0020507 0.0020532 0.0020613 0.0020635 0.0020641 0.0020566 0.002064 0.0020577 0.0020566 0.0020604 0.0020715 0.0020906 0.0020947 0.0020945 0.0020749 0.0020593 0.0020391 0.0020573 0.0020577 0.0020434 0.0020673 0.002079 0.0020559 0.0020729 0.0020908 0.0020936 0.002104 0.0020904 0.0020906 0.0020787 0.0020744 0.0020976 0.0020907 0.0020699 0.0020465 0.0020521 0.0020422 0.0020611 0.002079 0.0020712 0.0020819 0.0021096 0.0020821 0.0020984 0.0021345 0.002287 0.0023664 0.0022428 0.0022324 0.0023667 0.0023544 0.0023143 0.0023741 0.0023885 0.0024269 0.0024676 0.0025072 0.0026262 0.0025724 0.0025622 0.0023832 0.002096 0.0024064 0.0023659
0.0023867 0.0023717 0.0023422 0.0023421 0.0025893 0.0025318 0.0024188 0.0024391 0.0025409 0.0024726 0.0024391 0.0023698 0.0023233 0.0023149 0.0023101 0.0023272 0.0023035 0.0022208 0.0021723 0.0021331 0.0021014 0.0020768 0.0020611 0.0020457 0.0020366 0.0020311 0.0020264 0.0020227 0.0019718 0.001785 0.0018511 0.001939 0.0019881 0.0019938 0.0019973 0.0020014 0.0019927 0.0019931 0.0020016 0.0019932 0.0020293 0.0020316 0.0020104 0.0020538 0.0020399 0.0020501 0.0020498 0.0022576 0.0022862 0.0021208 0.0020423 0.0020253 0.0020816 0.0027594 0.00231 0.002391 0.0024819 0.0020551 0.0020342 0.0020433 0.002046 0.0020468 0.0020547 0.0020606 0.0021687 0.0024635 0.002507 0.0024081 0.0020912 0.0021047 0.0024622 0.0027737 0.0027628 0.0026971 0.0027437 0.0026841 0.0026007 0.0024123 0.0024023 0.0024594 0.0024777 0.0024425 0.0024577 0.0023945 0.0024158 0.0023888 0.0023512 0.0023219 0.0023097 0.0023323 0.0023127 0.0023443 0.002257 0.0022398 0.0022346 0.0022472 0.0022479 0.0021557 0.0021028 0.0021163 0.0020644 0.0020625 0.0020691 0.0020712 0.0020484 0.002062 0.0020679 0.0020569 0.0020562 0.0020576 0.0020649 0.0020638 0.0020699 0.0020477 0.0020497 0.0020501 0.0020499 0.0020664 0.0020685 0.0020613 0.0020506 0.0020463 0.0020491 0.0020439 0.002054 0.0020727 0.0020634 0.0020699 0.0020935 0.0020939 0.0020867 0.0020802 0.0020457 0.0020439 0.0020538 0.0020621 0.0020628 0.0020671 0.002062 0.0020776 0.0020942 0.0020908 0.0021127 0.0021091 0.0021047 0.002109 0.0021204 0.0021192 0.0021161 0.0021434 0.0020425 0.0020401 0.002043 0.0020611 0.0020484 0.0021036 0.0022841 0.0021769 0.0021857 0.002178 0.0022883 0.0023628 0.0023382 0.0023028 0.0024356 0.0025053 0.0024476 0.0024959 0.0025037 0.002493 0.0025024 0.0024986 0.0025367 0.0025871 0.0026262 0.0026283 0.0025299 0.002469 0.002445 0.0023899
0.002407 0.0024384 0.0024694 0.002456 0.0023957 0.0026026 0.002586 0.0025816 0.0026128 0.0024957 0.0024342 0.0023139 0.0023583 0.0023931 0.0024443 0.0024779 0.0024773 0.0023809 0.0021951 0.002191 0.0021325 0.0020994 0.0020743 0.0020536 0.0020426 0.0020348 0.0020298 0.002024 0.002015 0.0019893 0.0019485 0.0019576 0.0019883 0.0019914 0.001999 0.0020036 0.0020032 0.0020161 0.0020076 0.0019971 0.0020035 0.0020082 0.0020137 0.0020794 0.0020336 0.002113 0.0020372 0.0020537 0.0020335 0.002027 0.0020242 0.0020832 0.002258 0.0023104 0.0021975 0.0020276 0.0020303 0.0020463 0.0023096 0.0023373 0.002052 0.0020565 0.0020609 0.0020625 0.0021004 0.0020768 0.0021325 0.0020933 0.0020986 0.0021228 0.0021979 0.0023502 0.0026417 0.0022902 0.0022825 0.0026409 0.0027008 0.0026489 0.0023421 0.0023884 0.0025917 0.0025139 0.002496 0.0024566 0.0024356 0.0023852 0.0023392 0.0023435 0.0023841 0.0023496 0.00232 0.0023011 0.0023282 0.0022348 0.0022364 0.0022638 0.0022485 0.0022409 0.0021803 0.0021963 0.0021037 0.0020563 0.0020624 0.0020696 0.0020858 0.0020706 0.0020658 0.002063 0.0020677 0.002061 0.0020875 0.0020924 0.0020827 0.0020529 0.0020485 0.0020501 0.0020446 0.0020495 0.0020441 0.0020583 0.0020498 0.0020598 0.0020518 0.0020525 0.0020602 0.0020539 0.0020795 0.0020605 0.0020862 0.00209 0.0020809 0.0020582 0.0020623 0.0020473 0.0020611 0.0020667 0.0020844 0.0020777 0.0020833 0.0020914 0.0020848 0.0021013 0.0021501 0.0021578 0.002137 0.0021289 0.0022266 0.0021783 0.0021222 0.0021023 0.0020702 0.0020544 0.0020902 0.0020827 0.0020776 0.0021146 0.0024591 0.0022962 0.0027146 0.0024687 0.0024028 0.0023307 0.0023338 0.0024554 0.0024563 0.0025541 0.0025574 0.002536 0.0025358 0.0025586 0.0025716 0.0025643 0.0026121 0.0026087 0.0026077 0.002621 0.0026273 0.0025751 0.0025131 0.0024559
0.002461 0.0024475 0.002508 0.0025187 0.002478 0.0026646 0.0026672 0.0026378 0.0025458 0.0025834 0.0023755 0.0022405 0.0024534 0.0026045 0.0025883 0.0026224 0.0023507 0.0022027 0.0023746 0.0022776 0.0022107 0.0021288 0.002115 0.0020761 0.0020525 0.0020407 0.0020339 0.0020268 0.0020225 0.0020111 0.0019954 0.0019914 0.0019844 0.0019836 0.0020008 0.0020078 0.0020121 0.002014 0.0020145 0.0020096 0.0020068 0.0020141 0.0020177 0.0020241 0.0020259 0.0020262 0.0020307 0.002031 0.0020296 0.0020275 0.0020258 0.0020244 0.0020276 0.0020862 0.0020593 0.0020316 0.0020386 0.002048 0.0020571 0.0025256 0.0020518 0.0020782 0.0020765 0.0020937 0.0020982 0.0021071 0.0022728 0.0021394 0.0021582 0.0022117 0.0022567 0.0022988 0.0027671 0.0024022 0.0023733 0.0025983 0.0025234 0.0025623 0.0024352 0.0024548 0.0025009 0.0025003 0.0025913 0.0025154 0.0024467 0.002412 0.0024387 0.0023895 0.0023841 0.0023683 0.0023507 0.0023178 0.002295 0.0022841 0.002255 0.0022459 0.0021686 0.0022439 0.0022421 0.0022515 0.0021241 0.0020823 0.0020706 0.0020785 0.0020957 0.0020701 0.0020756 0.0020857 0.0020817 0.0020819 0.0020967 0.002097 0.0020797 0.0020656 0.0020586 0.0020466 0.002041 0.0020796 0.0020705 0.0020601 0.0020572 0.0020616 0.0020559 0.0020715 0.0020512 0.0020619 0.0020543 0.0020816 0.0020847 0.0020994 0.0020742 0.0020817 0.0020761 0.0020703 0.002091 0.0021634 0.0020729 0.002115 0.0021033 0.0020854 0.0021025 0.0021085 0.0021979 0.0021982 0.002141 0.0022566 0.0022197 0.0021498 0.0021164 0.0020945 0.0020669 0.0020751 0.0020703 0.0020797 0.0020942 0.0021857 0.0024603 0.0024619 0.0024767 0.0023807 0.0024926 0.0024656 0.0024556 0.0024353 0.0024855 0.0025635 0.0025241 0.0024598 0.0026082 0.0026179 0.0026094 0.0026323 0.002642 0.0026503 0.0026484 0.0026502 0.0026369 0.0026141 0.0025408 0.0025267
0.0025471 0.0025279 0.0025425 0.0025857 0.0026055 0.0026703 0.0026731 0.0026258 0.0025986 0.0024614 0.0023385 0.0022124 0.0024848 0.0025935 0.0026593 0.0025185 0.0023789 0.0024607 0.0024301 0.0022881 0.0022523 0.0021999 0.0021559 0.0021059 0.0020717 0.0020469 0.0020365 0.0020296 0.0020251 0.0020204 0.0020105 0.002002 0.0019685 0.001901 0.0020045 0.0020107 0.0020139 0.0020166 0.002018 0.0020184 0.0020187 0.0020246 0.0020268 0.0020289 0.0020309 0.0020365 0.0020411 0.0020451 0.002051 0.0020574 0.0020483 0.0020906 0.0025581 0.0020318 0.002033 0.0020362 0.0020514 0.0020617 0.0020653 0.0021674 0.0020808 0.0020969 0.0021003 0.0020984 0.0021173 0.0021272 0.0021257 0.002275 0.0022953 0.0022747 0.0025019 0.0023163 0.002718 0.0027325 0.0024838 0.0024866 0.0024459 0.0024594 0.0024753 0.0025342 0.0026382 0.0025996 0.0025681 0.0024679 0.0024814 0.0024701 0.002433 0.002389 0.0023617 0.002351 0.0023631 0.0023902 0.0023249 0.0023105 0.0022652 0.0022478 0.0021538 0.0022394 0.0022365 0.0022464 0.0021275 0.002109 0.002095 0.0020824 0.0020967 0.0020911 0.0020877 0.0020996 0.0021034 0.0021084 0.0021203 0.0021175 0.0020728 0.0020629 0.0020618 0.0020518 0.0020449 0.0020806 0.0020704 0.0020688 0.0020701 0.0020557 0.0020584 0.0020523 0.002064 0.0020666 0.0020748 0.0020824 0.002128 0.0021123 0.0020879 0.0020659 0.0020861 0.0020945 0.0021581 0.0021493 0.0021231 0.0022578 0.0021085 0.0020959 0.0021128 0.0021274 0.0022137 0.0022232 0.0022337 0.0022685 0.0022446 0.0021137 0.0021378 0.0020961 0.0020886 0.0020945 0.0021601 0.002169 0.0022302 0.0024526 0.0025365 0.0025774 0.0025273 0.0025168 0.0026026 0.0025658 0.002496 0.0024887 0.0025697 0.0025374 0.0024496 0.0025355 0.0026016 0.0026248 0.0026315 0.0026377 0.0026397 0.0026522 0.0026561 0.0026523 0.002624 0.002627 0.0025923 0.0025606
0.0025698 0.0025342 0.0025852 0.0026432 0.0026236 0.0026477 0.0026743 0.0026985 0.0026082 0.0025078 0.0023646 0.0023706 0.002563 0.0026589 0.0026622 0.0026005 0.0025467 0.0025044 0.0022795 0.002386 0.002297 0.0022967 0.0021628 0.0020906 0.0020639 0.0020582 0.0020424 0.0020312 0.0020257 0.0020239 0.0020212 0.0020169 0.0019804 0.0018513 0.0019142 0.0020142 0.0020157 0.002017 0.0020196 0.0020221 0.0020247 0.0020267 0.0020283 0.0020308 0.0020346 0.0020415 0.002048 0.0020576 0.0020802 0.002111 0.0020455 0.0020313 0.0020298 0.0020332 0.0020368 0.0020471 0.0020594 0.0020774 0.0020812 0.0021135 0.0020942 0.00211 0.0021892 0.00211 0.0021221 0.0021371 0.0021225 0.0024021 0.002197 0.0022563 0.0023496 0.0026901 0.0028077 0.0027994 0.002398 0.0024464 0.0024535 0.0024755 0.0024065 0.0026551 0.0024107 0.0026437 0.0025188 0.002451 0.0025186 0.0025025 0.0024414 0.0023834 0.0024086 0.00236 0.0023532 0.0023775 0.0023356 0.0023323 0.0023181 0.0022604 0.0022425 0.0021792 0.0021848 0.0021562 0.0021518 0.0021597 0.0021309 0.0021663 0.0021015 0.0020866 0.0020905 0.0021346 0.0021183 0.0021152 0.0021155 0.0020842 0.0020949 0.002084 0.0020645 0.0020579 0.0020705 0.00207 0.0020588 0.002076 0.0020672 0.0020614 0.0020647 0.0020661 0.0020658 0.0020705 0.0020797 0.0020956 0.0021001 0.0021166 0.0021719 0.0021445 0.0022171 0.0022108 0.0022345 0.002215 0.0021679 0.0021599 0.0021931 0.0021489 0.0022194 0.0022325 0.0022941 0.0022887 0.0023083 0.0022346 0.0021433 0.0021357 0.0021434 0.0021117 0.0021374 0.0022 0.0023696 0.0024203 0.0024362 0.0024625 0.0025422 0.0025835 0.0025631 0.0025992 0.0025696 0.0025697 0.0025409 0.0025889 0.0025793 0.0025457 0.0024997 0.002588 0.0026122 0.0026222 0.0026334 0.0026422 0.0026427 0.0026487 0.0026515 0.0026518 0.0026547 0.0026417 0.0026278 0.0026055
0.0026572 0.0026397 0.0026487 0.0026669 0.0026857 0.0026937 0.0026876 0.0026738 0.002655 0.002511 0.0024655 0.0024848 0.0026686 0.0026895 0.0026849 0.00265 0.0026178 0.0023967 0.0023633 0.0024571 0.0024019 0.002229 0.0021346 0.0020795 0.0020536 0.0020839 0.0020535 0.0020271 0.0020258 0.0020265 0.0020256 0.0020265 0.0020235 0.0019722 0.0020056 0.0020171 0.0020148 0.002016 0.0020202 0.0020234 0.002026 0.0020275 0.0020288 0.0020287 0.0020399 0.0020484 0.002063 0.0020772 0.0020973 0.0021779 0.0021848 0.0020606 0.0020447 0.0020499 0.0020612 0.0020758 0.0020884 0.0020961 0.0021021 0.0021302 0.0021252 0.0021113 0.0020916 0.0022009 0.0022296 0.0021586 0.0021802 0.0022661 0.002281 0.0023457 0.002378 0.0024273 0.0027485 0.0027675 0.0027055 0.0026408 0.0026657 0.0026252 0.0025829 0.002582 0.00247 0.0024376 0.0025245 0.0024796 0.0024525 0.0025248 0.0024247 0.0023643 0.0023902 0.0023855 0.0024103 0.0023798 0.0023638 0.0023361 0.0023116 0.0022675 0.0022597 0.0022113 0.0022374 0.0022024 0.0022017 0.0022018 0.0021993 0.0021628 0.0021634 0.002101 0.0021255 0.0021762 0.0022412 0.0021123 0.0021242 0.0021006 0.0020767 0.0020749 0.0020684 0.0020905 0.0020787 0.0020784 0.0020647 0.0020778 0.0020698 0.0020641 0.0020632 0.0020687 0.0020696 0.0020733 0.0020865 0.0020968 0.0021181 0.0021308 0.0022731 0.0023764 0.0024516 0.0024903 0.002588 0.0024755 0.0022512 0.0022273 0.0021966 0.0022527 0.0022613 0.0023068 0.0023361 0.0023021 0.0022869 0.0021942 0.0021843 0.0021606 0.0021432 0.0021118 0.0022388 0.002457 0.0024319 0.0023903 0.0024119 0.002532 0.0025638 0.0025898 0.0025982 0.0026148 0.0025584 0.0026116 0.0025928 0.0026064 0.0025988 0.0025624 0.0025778 0.002606 0.002615 0.0026209 0.0026241 0.0026375 0.0026432 0.0026452 0.0026444 0.0026501 0.0026538 0.0026577 0.0026613 0.0026635
0.0026547 0.0026726 0.0027088 0.002674 0.0026998 0.0027022 0.0026924 0.002688 0.002672 0.002607 0.0025684 0.0025462 0.002692 0.0027099 0.0027102 0.0026909 0.0025462 0.0023501 0.0025333 0.0024963 0.0023572 0.002157 0.002096 0.0020719 0.0020873 0.0020945 0.0020799 0.002041 0.0020266 0.002026 0.0020273 0.0020304 0.0020327 0.0020299 0.0020241 0.0020199 0.0020129 0.0020107 0.0020212 0.0020251 0.0020277 0.0020292 0.0020301 0.0020283 0.0020436 0.0020653 0.0020834 0.0021014 0.0021372 0.0022312 0.0022827 0.0020813 0.0020799 0.002099 0.0021153 0.0021362 0.0021294 0.0021343 0.0021405 0.0021623 0.0022142 0.002144 0.002106 0.0021222 0.0021528 0.0022259 0.0022743 0.0022991 0.0023122 0.0023952 0.0024975 0.0027131 0.0025042 0.0026429 0.0027601 0.0027095 0.0026167 0.0024987 0.0024657 0.0024754 0.0024291 0.0024899 0.0024484 0.0024756 0.0025359 0.0024684 0.0024548 0.0023804 0.0023997 0.0023812 0.0023681 0.0023731 0.0023113 0.0023006 0.002292 0.0022863 0.0022777 0.0022811 0.0022519 0.0022078 0.0022088 0.0022033 0.0021876 0.0021997 0.0021846 0.0021792 0.0021887 0.0021722 0.002186 0.0020992 0.0021122 0.0020663 0.0020748 0.0020697 0.0020799 0.0020717 0.0020731 0.0020805 0.0020766 0.0020761 0.0020701 0.0020653 0.0020616 0.0020637 0.002092 0.0020773 0.0020856 0.0021057 0.0021379 0.0022042 0.0023718 0.002748 0.002765 0.0027654 0.0027602 0.0027353 0.0026568 0.0024148 0.0023496 0.0023309 0.0023196 0.002381 0.0023475 0.0022887 0.0022988 0.0022132 0.0021824 0.0021892 0.0021235 0.0021332 0.0024496 0.0024272 0.0024672 0.0024777 0.0025069 0.0025191 0.002576 0.0025961 0.0026112 0.002614 0.0026056 0.0025974 0.0026091 0.0026079 0.0026088 0.0026072 0.0026072 0.0026039 0.002615 0.0026162 0.0026163 0.0026277 0.0026349 0.002639 0.0026419 0.002649 0.0026549 0.0026579 0.0026623 0.0026682
0.0026645 0.0026755 0.0026838 0.0026873 0.0026995 0.0027031 0.0027018 0.0026988 0.0026887 0.0026524 0.0026013 0.0026604 0.0027122 0.0027233 0.0027264 0.0026964 0.002515 0.0026102 0.0025927 0.0025051 0.0022856 0.0021742 0.0021905 0.0021512 0.0021314 0.0021253 0.0020964 0.0020573 0.0020241 0.0020251 0.0020273 0.002034 0.0020374 0.0020344 0.0020288 0.002023 0.0019991 0.0019988 0.0020243 0.0020274 0.0020294 0.0020308 0.0020319 0.0020346 0.0020569 0.002072 0.0020893 0.0021165 0.0021559 0.0022167 0.00229 0.0023041 0.0021291 0.0021256 0.0021251 0.0021293 0.0021473 0.002168 0.0021898 0.0022097 0.0022218 0.0021837 0.0021236 0.0021813 0.0022548 0.0022846 0.0023354 0.0023598 0.0023772 0.0024382 0.0025295 0.0027206 0.002775 0.0027183 0.0027586 0.002521 0.0025014 0.0024782 0.0026013 0.0026222 0.0025838 0.0024757 0.0024923 0.0025105 0.0024711 0.0024164 0.0024191 0.0023771 0.0024035 0.0023587 0.002379 0.0023612 0.0023517 0.0023779 0.0022891 0.0022706 0.0022518 0.0022887 0.0022334 0.0021859 0.0021859 0.0021953 0.0022123 0.0021902 0.0021793 0.002214 0.0021452 0.002254 0.0021871 0.0021998 0.0021377 0.0020978 0.0020885 0.0020651 0.0020694 0.0020742 0.0020699 0.0020767 0.002077 0.0020788 0.0020686 0.0020715 0.0020625 0.0020886 0.0021212 0.002073 0.0020865 0.002113 0.0022047 0.0024249 0.0027382 0.0027767 0.0027712 0.0027689 0.0027682 0.0027589 0.0027541 0.0026951 0.0024306 0.0024206 0.002439 0.0023968 0.002322 0.0023379 0.0022149 0.0021651 0.0021813 0.002243 0.002194 0.0021896 0.0024185 0.0024963 0.0025151 0.0025425 0.0025657 0.0025516 0.0026025 0.0026145 0.0026031 0.0026158 0.0026211 0.0026024 0.002608 0.0026055 0.0026123 0.0026115 0.0026055 0.002605 0.0026028 0.0026044 0.0026085 0.0025962 0.0026251 0.0026352 0.002631 0.0026495 0.0026588 0.0026636 0.0026664 0.0026715
0.0026773 0.002693 0.0026631 0.0026734 0.0027043 0.0027022 0.0027042 0.0026995 0.002712 0.0026681 0.0026268 0.0027032 0.0027283 0.0027344 0.0027305 0.0026662 0.0026146 0.002665 0.0025825 0.0024084 0.0023698 0.0023055 0.0022789 0.0022398 0.0021988 0.0021522 0.0021165 0.0020619 0.0020276 0.002027 0.0020313 0.0020418 0.0020415 0.0020457 0.0020378 0.0020259 0.0019855 0.0019178 0.0020196 0.0020294 0.0020307 0.0020328 0.0020353 0.0020406 0.0020545 0.0020726 0.0020941 0.0021261 0.0021598 0.0022242 0.0022925 0.002309 0.0022661 0.0021544 0.0021459 0.0021473 0.0021647 0.0021892 0.0022103 0.0022411 0.0022736 0.0022504 0.0022184 0.0022339 0.0022628 0.0023503 0.0024431 0.002455 0.0024731 0.0025676 0.0027177 0.0027287 0.0027124 0.0027693 0.0025866 0.0025767 0.0025945 0.0025685 0.0026279 0.0025046 0.002506 0.0024865 0.0024703 0.0024937 0.002513 0.0024661 0.0024419 0.0024801 0.0024406 0.0024456 0.0023895 0.0023705 0.0023379 0.002356 0.0023182 0.0023838 0.0022891 0.0022548 0.0022418 0.0022587 0.0022552 0.0021694 0.00214 0.002131 0.0022021 0.002229 0.0022431 0.0021645 0.0021537 0.0021344 0.0021276 0.0021295 0.0021106 0.0021264 0.0020987 0.0020813 0.002074 0.0020761 0.0020762 0.0020645 0.0020725 0.0020694 0.0020586 0.0021472 0.0020788 0.002073 0.0020953 0.00214 0.0022687 0.0025989 0.0027563 0.0027804 0.0027813 0.0027787 0.0027723 0.002767 0.0027608 0.0027397 0.0026666 0.0025644 0.0024989 0.0024963 0.0023193 0.002263 0.0022585 0.0022397 0.0023248 0.0023775 0.0023402 0.0023443 0.0024703 0.0025448 0.0025877 0.0025427 0.0025993 0.0026225 0.0026058 0.0026026 0.0025861 0.0025903 0.0026608 0.0025723 0.0025635 0.0025792 0.0025997 0.002609 0.0025855 0.0025945 0.0025739 0.0025804 0.0025816 0.0026194 0.0026228 0.0026363 0.0026251 0.0026484 0.0026585 0.0026659 0.0026712 0.0026707
0.002687 0.0026855 0.0026843 0.002684 0.0027126 0.0027131 0.0027197 0.0027157 0.0027322 0.0027223 0.002706 0.0027404 0.0027448 0.0027413 0.0027355 0.0027283 0.0026724 0.0026754 0.0025801 0.0024626 0.0024122 0.0023739 0.0023046 0.0022453 0.0021919 0.0021561 0.0021075 0.0020608 0.0020416 0.0020476 0.0020463 0.0020461 0.0020467 0.0020471 0.0020497 0.0020468 0.0019999 0.0015957 0.0017992 0.0020293 0.0020321 0.0020346 0.0020383 0.0020445 0.0020546 0.0020751 0.002105 0.002135 0.0021813 0.0022229 0.0022787 0.0023162 0.0023069 0.0021839 0.0021676 0.0021657 0.0021848 0.002212 0.0022287 0.0022565 0.0022845 0.0022321 0.0022139 0.0023022 0.0023615 0.0024215 0.0025228 0.0025745 0.002616 0.0025873 0.0027685 0.0027448 0.0025785 0.0027735 0.0027137 0.0025674 0.0027278 0.0025348 0.0025023 0.0025504 0.0024949 0.0024771 0.0024468 0.00243 0.0024678 0.0024817 0.0025142 0.0024805 0.0024645 0.0024465 0.0023934 0.0023782 0.002383 0.0023819 0.0024121 0.002318 0.0023714 0.0022545 0.0022704 0.0022841 0.0022571 0.0022487 0.0021951 0.0021357 0.0022262 0.0022105 0.0023798 0.0022075 0.0022827 0.0021268 0.0021526 0.0021461 0.0021397 0.0021628 0.0021272 0.0020893 0.0020738 0.0020873 0.0021014 0.0020708 0.0020798 0.0020749 0.0020658 0.0020614 0.0020682 0.0020909 0.0021201 0.0021821 0.0023734 0.0026537 0.0027802 0.0027847 0.002788 0.0027794 0.0027684 0.0027675 0.0027559 0.0027477 0.0027008 0.0026052 0.0025555 0.002336 0.0023919 0.002352 0.0023009 0.0024039 0.0024766 0.0025142 0.0025133 0.0025274 0.0025661 0.0026069 0.0026435 0.0026495 0.0026224 0.0026372 0.0026203 0.0026199 0.0025777 0.0025547 0.0025233 0.0024873 0.0024993 0.0025115 0.0025327 0.0025477 0.0025522 0.0025513 0.0025583 0.0026179 0.0024645 0.0025877 0.0026164 0.0026177 0.0026183 0.0026582 0.0026638 0.0026613 0.0025903 0.0026692
0.0026716 0.0026951 0.0026342 0.0026321 0.0027115 0.0027084 0.0027235 0.0027316 0.0027363 0.0027416 0.0027486 0.0027554 0.0027544 0.0027519 0.002748 0.0027315 0.002713 0.0026645 0.0024497 0.002469 0.0024319 0.0023444 0.0022913 0.0022527 0.0021858 0.0021407 0.0021095 0.0020834 0.0020531 0.0020531 0.00205 0.0020498 0.0020498 0.0020525 0.0020582 0.0020636 0.0020445 0.0018347 0.0019185 0.0020236 0.0020304 0.0020374 0.0020433 0.0020489 0.0020195 0.0020897 0.0021189 0.0021504 0.0021925 0.002223 0.0022886 0.0023119 0.0023181 0.0021978 0.0021849 0.0021949 0.0022153 0.0022367 0.002252 0.0022714 0.0022801 0.0022953 0.0023366 0.0022999 0.0024073 0.0025502 0.0026038 0.0026449 0.0026629 0.0027489 0.0027617 0.0027461 0.0026577 0.0026386 0.0026015 0.0027192 0.0026246 0.0025957 0.002499 0.0024352 0.0024321 0.0024808 0.0024503 0.0024696 0.0024656 0.0024644 0.0027549 0.0024703 0.0026282 0.0024406 0.0023838 0.0023956 0.0023967 0.0024435 0.0024275 0.0023107 0.002314 0.0023285 0.0023504 0.0023569 0.0023414 0.0022343 0.0022077 0.0022226 0.0022432 0.0022701 0.0022431 0.0022936 0.002387 0.0021953 0.0021876 0.0022362 0.0021692 0.0021572 0.00214 0.0021196 0.0021 0.0021091 0.0021216 0.0021154 0.0021056 0.0020818 0.0020771 0.0020788 0.0020841 0.0020988 0.0021391 0.0022388 0.0024522 0.0026691 0.0027808 0.002783 0.0027807 0.0027751 0.0027672 0.0027653 0.0027595 0.0027514 0.0027192 0.0026401 0.0025957 0.002467 0.0024879 0.0025065 0.002503 0.0025267 0.0025214 0.0026051 0.0025761 0.0026256 0.0026424 0.0026567 0.0026843 0.0026999 0.0027042 0.0026695 0.0026579 0.0026139 0.0025453 0.0024572 0.0023675 0.0023255 0.0023835 0.0023889 0.0024394 0.0024744 0.0024893 0.0025277 0.00252 0.0025289 0.0025381 0.0024969 0.0026142 0.0026103 0.0026287 0.0026332 0.0026591 0.0026522 0.0024923 0.0026092
0.0026764 0.0027 0.0027023 0.0027275 0.0027216 0.0027101 0.0027331 0.0027474 0.0027501 0.0027556 0.0027619 0.0027708 0.002769 0.0027658 0.0027648 0.002745 0.0026703 0.002594 0.0024831 0.0024773 0.0023066 0.0020408 0.0019893 0.0019727 0.0020174 0.0021264 0.0020994 0.0020921 0.0020779 0.0020583 0.0020558 0.0020526 0.0020533 0.0020556 0.0020586 0.0020623 0.002063 0.002036 0.0020206 0.0020232 0.0020323 0.0020403 0.0020485 0.0020553 0.002072 0.0021105 0.0021328 0.0021649 0.0021949 0.002221 0.0022749 0.0023114 0.0023301 0.0022128 0.0022126 0.0022103 0.0022284 0.0022554 0.0022735 0.002278 0.0022937 0.0022933 0.0022815 0.0023628 0.0025624 0.0026233 0.0026577 0.0026808 0.0026861 0.0027428 0.0027699 0.0027542 0.0027126 0.0026743 0.002724 0.0026607 0.0026376 0.0025992 0.002564 0.0025425 0.0025712 0.0024866 0.0023596 0.002682 0.0024927 0.0024707 0.0024853 0.0024646 0.0024682 0.0024705 0.0025938 0.0024882 0.0024178 0.0023953 0.0023991 0.0023558 0.0023663 0.0023815 0.002396 0.0024234 0.0023845 0.0023756 0.0022686 0.0022533 0.0022717 0.0022777 0.0022491 0.0024035 0.0023345 0.002162 0.0022006 0.0022087 0.0022223 0.0022255 0.0021527 0.0021438 0.0021226 0.002108 0.0021151 0.0021159 0.0021004 0.0021091 0.0020955 0.0021001 0.0021139 0.0021253 0.0021671 0.0023121 0.002547 0.0027749 0.0027779 0.0027701 0.0027797 0.0027726 0.0027662 0.0027627 0.0027556 0.0027508 0.0027255 0.002666 0.0026241 0.0026016 0.0025716 0.0025628 0.0025553 0.0025651 0.0025859 0.0026124 0.0026593 0.0026711 0.002689 0.0027043 0.0027057 0.0027161 0.002719 0.0027132 0.0026713 0.0026044 0.0024892 0.0023764 0.0022963 0.002253 0.0022115 0.0022515 0.0022918 0.0023973 0.0024458 0.0024795 0.0024837 0.0025043 0.002518 0.0025272 0.0025689 0.0026047 0.0026127 0.0026263 0.0026384 0.0026728 0.0025797 0.0027558
0.0026944 0.0027131 0.0027178 0.0027324 0.0026677 0.0027311 0.0027359 0.0027455 0.0027604 0.0027641 0.0027713 0.0027778 0.0027801 0.0027787 0.0027824 0.0027007 0.0026321 0.0026155 0.0025334 0.002537 0.0022144 0.0019613 0.0016503 0.0014253 0.0018433 0.0020374 0.0020956 0.0020933 0.0021116 0.0020791 0.0020657 0.0020565 0.0020546 0.0020566 0.0020594 0.002063 0.0020637 0.0020564 0.0020351 0.0020337 0.0020399 0.0020441 0.0020504 0.0020583 0.0020755 0.0021133 0.002146 0.002179 0.0022071 0.0022348 0.0022596 0.0023298 0.0023167 0.0021845 0.0021907 0.0022422 0.0022452 0.0022647 0.0022748 0.002287 0.0023024 0.0023292 0.0023812 0.0025177 0.002583 0.0026642 0.0026939 0.0027219 0.0027496 0.0027559 0.0027366 0.0027573 0.0027472 0.0027231 0.0027347 0.0026874 0.0026275 0.0026382 0.0026162 0.0025396 0.0025044 0.0024262 0.0025161 0.0026092 0.002465 0.0024815 0.0024874 0.0027277 0.0024816 0.0025296 0.0024834 0.0024709 0.0024086 0.0023911 0.0024197 0.0024464 0.0024235 0.0024276 0.0024255 0.0024619 0.0024555 0.0024183 0.0023325 0.0023083 0.0023718 0.0023616 0.0023624 0.0023514 0.0022292 0.0021899 0.00222 0.0022263 0.0022001 0.0021766 0.0021678 0.002156 0.0021294 0.0020834 0.0021074 0.0021174 0.0021215 0.0021203 0.0021156 0.0021217 0.002129 0.0021479 0.0022658 0.0023464 0.0025733 0.0027572 0.0027727 0.0027753 0.0027718 0.0027666 0.0027642 0.0027642 0.0027578 0.0027424 0.0027273 0.0027023 0.0026693 0.002681 0.0026547 0.0026545 0.0026505 0.0026767 0.0026823 0.0026943 0.0027079 0.0027186 0.0027271 0.002727 0.002729 0.0027395 0.0027345 0.0027329 0.0027049 0.0025995 0.0024906 0.0023191 0.0022335 0.0021704 0.0021366 0.0021377 0.0021844 0.0023377 0.0024135 0.0024318 0.0024306 0.0024623 0.0024982 0.002538 0.0025741 0.0026008 0.0025954 0.0026262 0.0026804 0.0026776 0.0026609 0.0027004
0.0026949 0.0027175 0.0027325 0.0027382 0.0027437 0.0027334 0.0027376 0.0027521 0.0027663 0.0027725 0.002779 0.0027863 0.0027886 0.0027892 0.0027919 0.0027168 0.0026436 0.0025805 0.0024155 0.0024871 0.0022749 0.0019651 0.001662 0.0015121 0.0018041 0.0020358 0.0021182 0.0021322 0.0021373 0.002123 0.0020817 0.0020609 0.0020527 0.0020511 0.0020517 0.0020599 0.0020654 0.0020644 0.0020499 0.002046 0.0020479 0.0020496 0.002052 0.0020578 0.0020692 0.0020988 0.0021559 0.0021887 0.0022236 0.0022379 0.0022599 0.0023396 0.0022821 0.0023016 0.0021829 0.0022149 0.0022471 0.0022613 0.0022836 0.0022881 0.0023292 0.0023313 0.0024378 0.0025817 0.0026559 0.0027005 0.0027421 0.0027524 0.0027721 0.0027728 0.0027827 0.0027722 0.002768 0.0027571 0.0027478 0.002689 0.0026691 0.0026749 0.0027227 0.0025694 0.0025223 0.0024866 0.0025144 0.0025269 0.0027182 0.0024508 0.0024752 0.0024268 0.0024765 0.0024927 0.0024975 0.0024993 0.0025717 0.0024545 0.0024457 0.0024692 0.0024512 0.0024512 0.0024462 0.0024601 0.0024655 0.0023866 0.0026192 0.0023843 0.0024271 0.0023173 0.0022738 0.0023463 0.002269 0.002253 0.0022257 0.002205 0.0021722 0.0021653 0.0021685 0.0022053 0.0021163 0.0021386 0.0021137 0.0021473 0.0021685 0.0021982 0.0021249 0.0021296 0.0021386 0.0021633 0.0022447 0.0022176 0.0024636 0.0026485 0.002735 0.0027681 0.0027623 0.0027613 0.0027592 0.0027534 0.0027525 0.0027481 0.0027378 0.0027285 0.0027265 0.0027256 0.002739 0.0027269 0.0027299 0.0027269 0.0027402 0.0027421 0.0027443 0.0027522 0.0027582 0.0027529 0.0027648 0.0027601 0.0027583 0.0027419 0.0027169 0.0026 0.0024247 0.0022667 0.0021516 0.0021085 0.0020988 0.0021205 0.0021262 0.0020711 0.0023357 0.0023779 0.0024067 0.0024389 0.0024835 0.0025326 0.0025735 0.0026024 0.0026127 0.0026572 0.0025947 0.0026949 0.0026866 0.002705
0.0027449 0.002733 0.0027299 0.0027523 0.0027633 0.0027623 0.0027597 0.0027687 0.0027803 0.0027832 0.0027906 0.0027929 0.002796 0.0027968 0.0027967 0.0027162 0.002642 0.0024743 0.0024222 0.0025174 0.0024328 0.0020106 0.0019526 0.0019084 0.0019845 0.0020868 0.0021738 0.0021735 0.0021609 0.0021311 0.0020965 0.0020684 0.0020523 0.0020464 0.0020428 0.0020412 0.0020633 0.0020641 0.0020581 0.0020537 0.0020525 0.002053 0.0020546 0.0020589 0.0020687 0.0020965 0.0021772 0.0021859 0.0022071 0.0022333 0.0022352 0.0022957 0.0023489 0.0023873 0.0022029 0.0022152 0.0022247 0.0022515 0.0022621 0.0022999 0.0023281 0.0023434 0.0025053 0.0025932 0.0026669 0.0027564 0.0027652 0.0027712 0.0027811 0.0027836 0.002784 0.0027807 0.0027663 0.0027684 0.0027577 0.0027187 0.0027067 0.0027117 0.0026516 0.0025719 0.0025603 0.002615 0.0025557 0.002523 0.002449 0.0025096 0.0025586 0.0024818 0.0024945 0.0025155 0.0024911 0.0024909 0.0024646 0.0024555 0.0025006 0.0024791 0.0024583 0.002467 0.0024638 0.0024628 0.0024831 0.0024013 0.0023539 0.0024363 0.0023249 0.0023601 0.0024241 0.0022037 0.0022746 0.002355 0.0021979 0.0021723 0.0021663 0.0021792 0.0021851 0.0022094 0.0021456 0.0021475 0.0020758 0.0021819 0.0021925 0.0021856 0.0021076 0.0021252 0.0021584 0.0021631 0.0022339 0.0022062 0.0022959 0.0024292 0.0026253 0.002658 0.002719 0.0027323 0.0027319 0.0027503 0.0027494 0.0027499 0.0027498 0.002747 0.0027505 0.0027609 0.0027608 0.0027624 0.0027654 0.002763 0.0027705 0.0027741 0.0027744 0.0027701 0.0027755 0.0027722 0.0027757 0.0027666 0.0027712 0.0027708 0.0027488 0.0026214 0.0023997 0.0021981 0.0020994 0.0020857 0.0020806 0.0020791 0.0021103 0.0021794 0.0022741 0.0023256 0.002371 0.0024281 0.0024911 0.0025317 0.0025693 0.0025942 0.0026366 0.0026473 0.0025909 0.0027037 0.0027041 0.002718
0.002742 0.0027482 0.0027534 0.0027631 0.0027687 0.0027762 0.0027808 0.0027879 0.0027919 0.0027935 0.0027974 0.0027982 0.0027993 0.0027989 0.0027993 0.0027238 0.0026054 0.0024441 0.0025126 0.002571 0.002576 0.0022144 0.0020525 0.0020313 0.0021258 0.0022949 0.0022214 0.0022045 0.0021775 0.0021224 0.0020898 0.0020689 0.0020549 0.0020441 0.0020396 0.0020383 0.0020543 0.0020643 0.0020615 0.0020535 0.0020532 0.0020479 0.0020549 0.0020605 0.0020617 0.0021108 0.0021345 0.0021654 0.0021811 0.0022067 0.0022255 0.0022487 0.0022939 0.002365 0.0023036 0.0022458 0.0024108 0.0026199 0.0025623 0.0023934 0.0023506 0.0022995 0.0025189 0.0026017 0.0026796 0.0027548 0.0027759 0.0027823 0.0027903 0.0027936 0.0027879 0.0027939 0.0027678 0.0027874 0.0027785 0.002753 0.0027464 0.0027497 0.0027377 0.0026574 0.0025809 0.0025002 0.0024477 0.0025058 0.0024716 0.0024941 0.002502 0.0025108 0.0025059 0.0024661 0.002521 0.0025304 0.0025111 0.0024856 0.002531 0.0025419 0.0025794 0.002421 0.0025127 0.0025031 0.0024664 0.0024153 0.0023626 0.002415 0.00242 0.0024001 0.0023985 0.0023395 0.0022674 0.0023074 0.0022446 0.0021942 0.0021948 0.002168 0.0021655 0.0021729 0.0021955 0.0021451 0.0020865 0.0021717 0.0021894 0.0021607 0.0023304 0.002253 0.0021519 0.0021463 0.0021851 0.0022221 0.0022411 0.0023411 0.002439 0.0025242 0.0025978 0.0026526 0.0027031 0.0027366 0.0027491 0.0027559 0.0027633 0.0027663 0.0027673 0.0027831 0.0027749 0.0027871 0.002792 0.0027962 0.0028 0.0027962 0.0028071 0.0028006 0.0028021 0.0027985 0.0027963 0.0027965 0.0027994 0.0027899 0.0027824 0.002654 0.0023859 0.0021811 0.0021099 0.0020813 0.0020724 0.0020341 0.0020472 0.0021141 0.0022179 0.0023018 0.0023793 0.0024298 0.0024918 0.0025387 0.0025871 0.0026208 0.0026629 0.0026366 0.002689 0.0027036 0.0026637 0.0027355
0.0027522 0.0027565 0.0027546 0.002774 0.0027844 0.0027844 0.0027906 0.002792 0.0027939 0.0027978 0.0028002 0.0028004 0.0028005 0.0028009 0.0028013 0.0027335 0.0025673 0.0024921 0.0025126 0.0024674 0.002583 0.00255 0.0025434 0.0025379 0.0024389 0.0023305 0.0021926 0.0022233 0.0021557 0.0021078 0.0020775 0.0020643 0.0020505 0.0020423 0.0020386 0.0020327 0.0020332 0.0020607 0.0020635 0.0020531 0.0020558 0.0020535 0.0020564 0.0020398 0.0020735 0.0021131 0.0021465 0.0021613 0.0021721 0.0021855 0.002165 0.0022165 0.0022249 0.0024012 0.00222 0.0022307 0.0022456 0.0022358 0.0024435 0.0026619 0.0026867 0.0024328 0.0025649 0.0027128 0.0027534 0.0027819 0.0027897 0.0027909 0.0027957 0.0027999 0.0027988 0.0027957 0.0027914 0.0027848 0.0027611 0.0027713 0.0027688 0.0027758 0.0027867 0.0027119 0.0026672 0.0025477 0.0025189 0.0025644 0.0025683 0.0025265 0.0025454 0.0025282 0.0025347 0.0024842 0.0025174 0.0025724 0.0025274 0.0025314 0.0025347 0.0026002 0.0025547 0.0025187 0.002491 0.002514 0.0024058 0.0024167 0.0024532 0.0024192 0.0023914 0.0024838 0.002449 0.0023274 0.0023826 0.0023508 0.0022571 0.002301 0.002283 0.0022829 0.0023573 0.0021824 0.0022182 0.0021165 0.0021446 0.0020961 0.0021277 0.0021203 0.0021253 0.002151 0.002155 0.0021698 0.0021596 0.0021601 0.0022585 0.0022158 0.0024041 0.0025331 0.0025279 0.002611 0.0027111 0.0027472 0.0027583 0.0027758 0.0027813 0.0027857 0.0027944 0.0027989 0.002804 0.002812 0.0028201 0.0028274 0.0028321 0.0028337 0.002833 0.0028287 0.0028241 0.0028213 0.0028228 0.0028182 0.0028126 0.0028057 0.0027927 0.0027742 0.0025102 0.0022582 0.0021042 0.0020791 0.0020346 0.001903 0.0020317 0.0021035 0.002223 0.0023178 0.002374 0.0024405 0.0025293 0.0025294 0.0025985 0.0026365 0.0026847 0.002691 0.002708 0.0027043 0.0027335 0.0027422
0.0027682 0.0027742 0.0027769 0.0027745 0.002792 0.002784 0.0027989 0.0028012 0.0028012 0.0028014 0.002802 0.0028022 0.0028015 0.0028012 0.0028016 0.0027547 0.0025978 0.0024976 0.0025155 0.0025017 0.0024859 0.0025103 0.0023611 0.0024107 0.0024188 0.002359 0.0022971 0.0021753 0.0021274 0.0020974 0.0020712 0.0020581 0.0020486 0.002041 0.0020328 0.002032 0.0020353 0.0020668 0.0020752 0.0020589 0.0020643 0.0020634 0.0020646 0.0020396 0.0020598 0.0021107 0.002138 0.0021522 0.0021616 0.0021447 0.0021226 0.0021345 0.0022366 0.0022984 0.0023825 0.0024461 0.002423 0.0025097 0.0025421 0.002677 0.0025797 0.0023863 0.0027511 0.0027674 0.0027797 0.0027857 0.0027855 0.0027931 0.0028018 0.0028038 0.0027875 0.0027997 0.0028003 0.0027936 0.0027738 0.0027962 0.0027806 0.0027871 0.002794 0.0027913 0.0027084 0.0026675 0.0026308 0.0026092 0.0026183 0.0025682 0.0025312 0.0025134 0.0025351 0.0025387 0.0025496 0.0025583 0.0025384 0.0025248 0.0025485 0.0025128 0.0025644 0.0025441 0.0024643 0.0024102 0.002566 0.0023873 0.0024486 0.0024533 0.0023126 0.0025325 0.0022451 0.002359 0.0023855 0.0023231 0.0023159 0.0023365 0.0023232 0.0023062 0.0022792 0.0023095 0.0022841 0.0024137 0.0022141 0.0021609 0.0021982 0.0023235 0.0021491 0.002186 0.0022086 0.0021265 0.0021048 0.0021992 0.0023165 0.0022303 0.0024256 0.0024905 0.0025844 0.0026882 0.0027434 0.0027678 0.0027867 0.002788 0.0027953 0.002804 0.0028102 0.0028208 0.002827 0.002839 0.0028482 0.0028501 0.0028535 0.0028506 0.0028503 0.0028452 0.0028418 0.0028422 0.0028347 0.0028272 0.0028175 0.0028101 0.0027978 0.0027813 0.0026963 0.0022979 0.0021402 0.0020888 0.0020543 0.0020395 0.0020552 0.0021747 0.0022926 0.0023602 0.0024036 0.0024643 0.0024861 0.0025947 0.0026307 0.0026626 0.0026982 0.0027197 0.0027203 0.0027282 0.0027443 0.0027599
0.0027838 0.0027875 0.0027932 0.0027976 0.0028031 0.0028018 0.0028052 0.0028072 0.0028074 0.0028056 0.0028063 0.0028068 0.0028057 0.0027926 0.0028048 0.0028005 0.0027322 0.002564 0.0024678 0.002478 0.0024815 0.002494 0.0023538 0.0023272 0.0024667 0.0023923 0.0022234 0.0021596 0.0021177 0.0020865 0.0020674 0.0020549 0.0020482 0.0020404 0.0020283 0.0020311 0.0020432 0.0020673 0.0020726 0.0020645 0.0020767 0.0020792 0.0020769 0.0020825 0.0020954 0.0021128 0.0021409 0.0021584 0.002157 0.0021147 0.0021237 0.0021521 0.0021559 0.0023045 0.0023275 0.0023594 0.0023654 0.002488 0.0025224 0.0025974 0.0025842 0.0026638 0.0027361 0.0027055 0.0026606 0.0027693 0.0027783 0.0027902 0.0028015 0.0028067 0.002802 0.0028094 0.0028063 0.0028101 0.0028074 0.0028037 0.0027963 0.0028 0.002805 0.0028076 0.0028043 0.0027276 0.0026919 0.0026557 0.00267 0.0025902 0.0025547 0.0028344 0.0025621 0.0025423 0.0025727 0.0026177 0.0025641 0.0025701 0.0025107 0.0025283 0.0025607 0.0025543 0.0024775 0.0024753 0.0024319 0.0024686 0.0024454 0.00246 0.0023857 0.0023463 0.0022765 0.0023195 0.0023353 0.0022724 0.0023295 0.0023167 0.0023822 0.0024639 0.0024437 0.0024375 0.0023275 0.0022168 0.0022008 0.002191 0.0022323 0.0021848 0.0021638 0.0021842 0.0021536 0.0022278 0.0023994 0.0024793 0.0024664 0.0025179 0.002556 0.002615 0.0027116 0.0027379 0.0027618 0.0027881 0.0027946 0.0028051 0.0028166 0.0028267 0.002836 0.0028441 0.0028552 0.0028621 0.0028662 0.0028727 0.0028705 0.0028617 0.0028666 0.0028596 0.0028567 0.0028493 0.002842 0.0028317 0.0028254 0.00282 0.0028097 0.0027993 0.0027532 0.0025134 0.0022905 0.0021746 0.0021104 0.0021064 0.0021602 0.0023108 0.0023719 0.0024058 0.0024376 0.0024792 0.0025755 0.0026182 0.0026656 0.0026994 0.0027269 0.0027454 0.0027483 0.002752 0.0027707 0.0027789
0.002803 0.0027982 0.0028065 0.0028075 0.0028082 0.002808 0.0028097 0.0028132 0.0028139 0.0028113 0.0028098 0.002811 0.0028111 0.0028097 0.0028083 0.0028053 0.0027693 0.0026985 0.002647 0.0026341 0.0025843 0.002555 0.0024682 0.0024557 0.0025165 0.0022518 0.0021945 0.0021495 0.0021027 0.0020819 0.0020647 0.0020611 0.0020464 0.0020411 0.0020345 0.0020351 0.0020437 0.0020697 0.0020713 0.002071 0.0020812 0.0020877 0.0020972 0.0020975 0.0021076 0.0021211 0.0021387 0.0021629 0.0021501 0.0020974 0.0021506 0.0021664 0.0021755 0.002217 0.0022392 0.0022707 0.0023277 0.0023467 0.0024027 0.0025738 0.0025194 0.0026456 0.0026815 0.0027119 0.0027487 0.0027531 0.0027759 0.0027855 0.0027899 0.0028071 0.0028103 0.0028101 0.0028151 0.0028207 0.0028176 0.0028258 0.0028073 0.0028122 0.0028171 0.0028106 0.0028089 0.0027988 0.0027564 0.0027809 0.0027231 0.0026769 0.002601 0.0025435 0.002588 0.0026075 0.0026184 0.0025895 0.0025631 0.0025419 0.0026442 0.0025811 0.0025335 0.0024832 0.0024631 0.002527 0.0024288 0.0024409 0.0024822 0.0024775 0.0024126 0.002397 0.0023033 0.0023095 0.0023425 0.0023031 0.0022879 0.0022794 0.0023823 0.0024343 0.0024134 0.0024105 0.0022969 0.0022236 0.0022596 0.0022718 0.0022504 0.0023934 0.0021972 0.0021767 0.0022588 0.0022195 0.0023277 0.002521 0.0024932 0.0025558 0.0026211 0.0027055 0.0027241 0.0027603 0.0027784 0.002794 0.0028079 0.0028219 0.0028389 0.0028489 0.0028559 0.0028644 0.0028826 0.0028749 0.0028814 0.002885 0.0028828 0.0028788 0.0028757 0.0028697 0.0028607 0.0028557 0.0028605 0.0028412 0.0028404 0.0028333 0.0028241 0.0028149 0.0027856 0.0027326 0.002537 0.002423 0.0023601 0.0023461 0.0023189 0.0022363 0.0024515 0.0024547 0.002479 0.0025149 0.0024351 0.0027774 0.0027144 0.0025836 0.0027587 0.0027138 0.002774 0.002778 0.0027815 0.0027973
0.0028155 0.0027687 0.0028085 0.002809 0.0028147 0.002813 0.0028136 0.0028166 0.0028143 0.0028156 0.0028148 0.0028162 0.0028158 0.0028143 0.0028173 0.0028146 0.0028102 0.0027761 0.0026921 0.002541 0.0025772 0.0025724 0.0025921 0.0025596 0.0023363 0.0022171 0.0021759 0.0021337 0.0021125 0.0020721 0.0020594 0.002051 0.0020421 0.0020365 0.002033 0.002034 0.0020421 0.0020645 0.0020782 0.0020828 0.0020917 0.0021018 0.0021067 0.0021125 0.0021035 0.0021193 0.0021188 0.0021074 0.0021052 0.0021168 0.0021497 0.0021831 0.0021899 0.0021801 0.0022268 0.0022985 0.002338 0.0023599 0.0023511 0.0023723 0.0023644 0.0023715 0.0025113 0.0027077 0.0027092 0.0027747 0.0027857 0.0027899 0.0027947 0.0028064 0.0028158 0.0028289 0.0028293 0.0028295 0.002827 0.0028357 0.0028315 0.0028326 0.0028311 0.0028174 0.002827 0.0028245 0.0028067 0.002777 0.0027439 0.0026956 0.0026385 0.0025939 0.0026529 0.0026119 0.002604 0.0025214 0.0025852 0.0025815 0.0025846 0.0025343 0.002553 0.0024806 0.0025332 0.002549 0.0024062 0.0023927 0.002454 0.002365 0.0025423 0.0023283 0.0023496 0.0022872 0.0023396 0.0022401 0.0022063 0.0022455 0.0023371 0.0023769 0.0023451 0.002283 0.0022772 0.0023162 0.0022646 0.0023844 0.0023594 0.0023911 0.0023707 0.0022437 0.0023113 0.0024327 0.0024473 0.0025402 0.0025913 0.002668 0.002693 0.0027355 0.0027552 0.0027757 0.0027925 0.0028083 0.0028247 0.0028434 0.0028546 0.0028615 0.0028723 0.0028775 0.0028837 0.0028884 0.0028969 0.0028881 0.002885 0.0028835 0.0028803 0.002865 0.0028701 0.0028656 0.0028592 0.0028491 0.0028387 0.0028474 0.0028437 0.0028338 0.0028231 0.0028112 0.0027885 0.0027558 0.0027344 0.0026753 0.0025938 0.0024319 0.002599 0.002543 0.0025241 0.0025704 0.002589 0.0027089 0.002749 0.0027595 0.0027772 0.0027863 0.0027907 0.0028005 0.0028066 0.0028126
0.0028246 0.0028194 0.0028194 0.0028161 0.0028184 0.0028169 0.0028182 0.002818 0.0028171 0.0028186 0.00282 0.0028194 0.0028188 0.002817 0.0028205 0.0028154 0.0028189 0.0028116 0.0027673 0.0023435 0.0025069 0.0025592 0.0025215 0.0023774 0.0021878 0.0022154 0.0021723 0.0021307 0.0020932 0.0020648 0.002049 0.0020382 0.0020317 0.0020295 0.0020281 0.0020276 0.0020308 0.0020378 0.0020627 0.0020926 0.0021065 0.0021125 0.002118 0.0021155 0.0020733 0.0020838 0.0021302 0.0021504 0.0021216 0.0021115 0.0021486 0.002138 0.0021216 0.0021393 0.0021995 0.0022953 0.0023473 0.0023818 0.0023887 0.0024022 0.00241 0.0023962 0.0025022 0.0027034 0.0027649 0.00278 0.0027889 0.0027896 0.0028 0.0028093 0.0028138 0.0028329 0.0028276 0.0028368 0.002839 0.0028458 0.0028444 0.0028506 0.0028436 0.0028368 0.002834 0.0028289 0.00283 0.002777 0.002756 0.0027152 0.0026984 0.0026778 0.002644 0.0026608 0.0025527 0.0025656 0.0025759 0.0026313 0.0026702 0.0025248 0.0025467 0.0025094 0.0025477 0.0025034 0.002503 0.0024833 0.0024713 0.0024495 0.0024376 0.0023588 0.0023139 0.0024569 0.0023045 0.0022139 0.002353 0.0022316 0.0022436 0.0022246 0.0022061 0.0021957 0.0022382 0.0022748 0.0023025 0.0024373 0.0024508 0.0024289 0.0025799 0.0025302 0.0024919 0.0025731 0.0025716 0.0025961 0.0026532 0.0026916 0.0027278 0.0027567 0.0027694 0.0027892 0.0028019 0.002822 0.0028369 0.0028542 0.0028663 0.0028756 0.0028792 0.0028842 0.0028944 0.0029 0.0029033 0.0029014 0.0028953 0.002894 0.0028846 0.0028829 0.0028757 0.002857 0.0028665 0.0028572 0.002855 0.0028533 0.0028477 0.0028403 0.0028393 0.0028305 0.0028238 0.0028078 0.0028011 0.0027947 0.0027736 0.0027591 0.0027206 0.0026484 0.0026092 0.0026219 0.0026257 0.0026927 0.0026999 0.0027731 0.0027833 0.0027915 0.0028015 0.0028152 0.002823 0.0028262
0.0028333 0.002823 0.002824 0.0028173 0.0028234 0.0028209 0.002823 0.0028224 0.0028197 0.0028206 0.0028218 0.0028222 0.0028216 0.0028187 0.0028162 0.0028144 0.0028119 0.0028056 0.002802 0.0025267 0.0025202 0.0024909 0.0024141 0.0023246 0.0022258 0.0022245 0.0021761 0.0021339 0.0020978 0.0020553 0.0020354 0.0020285 0.0020237 0.0020206 0.0020205 0.002023 0.0020255 0.0020262 0.002034 0.0020584 0.0021002 0.002129 0.0021335 0.0021299 0.0021201 0.0021068 0.0021185 0.0021328 0.0021474 0.0021923 0.0021199 0.0021081 0.0020974 0.0020863 0.0021334 0.0022249 0.0023366 0.0023707 0.0023828 0.0023774 0.0024037 0.0023851 0.0025729 0.0027209 0.0027639 0.0027795 0.0027888 0.0027957 0.0028015 0.0028159 0.00282 0.0028299 0.0028343 0.0028453 0.0028478 0.0028556 0.0028621 0.00286 0.0028589 0.0028506 0.0028531 0.0028488 0.0028419 0.0028379 0.0028196 0.0028061 0.0028004 0.0027829 0.0027458 0.0027839 0.0026466 0.0026144 0.0025691 0.0025597 0.0026049 0.0025653 0.0025893 0.0026351 0.0025266 0.0026028 0.0025448 0.0025971 0.0025111 0.0026303 0.0025423 0.0025315 0.0024252 0.002373 0.002333 0.002262 0.0022328 0.0022143 0.0022129 0.002181 0.0021819 0.0021819 0.0022092 0.0023256 0.0025902 0.0025277 0.0024863 0.0024313 0.0024824 0.002449 0.0025713 0.0026012 0.0026178 0.0026292 0.0026995 0.0027217 0.0027499 0.0027746 0.0027871 0.0027982 0.0028212 0.0028369 0.0028454 0.0028621 0.0028718 0.002885 0.0028903 0.0028988 0.0029057 0.002907 0.0029089 0.0029103 0.0029073 0.0029005 0.0028986 0.0028903 0.0028862 0.0028816 0.0028778 0.0028688 0.0028758 0.0028728 0.002861 0.0028487 0.0028489 0.0028373 0.0028255 0.0028189 0.0028 0.0027917 0.0027698 0.0027616 0.0027337 0.0026995 0.002671 0.0026691 0.0026575 0.0027083 0.002692 0.0027859 0.0027902 0.0027991 0.0028159 0.0028188 0.0028263 0.0028281
0.0028297 0.0028273 0.0028286 0.0028241 0.0027977 0.002825 0.0028256 0.0028093 0.0028243 0.0028233 0.0028211 0.0028216 0.0028172 0.0028167 0.0028143 0.0028112 0.0028106 0.002813 0.0027977 0.0027507 0.0024347 0.0023956 0.0024667 0.0023443 0.002337 0.0022391 0.0021986 0.0021551 0.002087 0.0020417 0.0020278 0.0020202 0.0020136 0.0020124 0.0020078 0.0020112 0.0020225 0.002024 0.0020268 0.0020383 0.0020778 0.0021325 0.0021483 0.002143 0.0021168 0.0021246 0.0021092 0.0020634 0.0021264 0.0021324 0.0021298 0.0021149 0.0020873 0.0020724 0.0020917 0.0021565 0.0022647 0.0023213 0.0023571 0.0023518 0.0024574 0.0024709 0.0024853 0.0026544 0.0027668 0.0027861 0.0027909 0.0027955 0.0028088 0.0028189 0.0028305 0.0028399 0.0028417 0.0028544 0.002861 0.0028649 0.0028678 0.0028705 0.0028707 0.0028763 0.0028601 0.0028599 0.0028569 0.0028533 0.0028436 0.0028116 0.0028225 0.0028043 0.0027685 0.0027617 0.0027391 0.0026769 0.0026741 0.0026605 0.0026488 0.0025974 0.0025635 0.0025504 0.0026439 0.002604 0.0026254 0.0027659 0.0026238 0.0025077 0.0026666 0.0024791 0.0024454 0.0024299 0.0023866 0.0023935 0.0023168 0.0022331 0.0024584 0.0022001 0.0022063 0.0022786 0.0022375 0.0022883 0.0025657 0.0025766 0.0025838 0.0025793 0.0025883 0.0026186 0.0026264 0.0026444 0.0026652 0.0027005 0.0027166 0.0027469 0.0027675 0.0027874 0.0027931 0.0028161 0.0028288 0.0028453 0.0028558 0.0028649 0.0028805 0.0028837 0.0029034 0.0029106 0.0029131 0.0029132 0.0029131 0.0029143 0.0029096 0.0029082 0.002903 0.0029066 0.0028958 0.0028933 0.0028851 0.0028832 0.0028799 0.0028769 0.0028716 0.0028559 0.0028381 0.0028419 0.0028291 0.002821 0.0028073 0.0027914 0.0027703 0.0027689 0.0027509 0.0027344 0.0027238 0.0027087 0.0026958 0.0026385 0.0024723 0.002791 0.002796 0.0027992 0.0028153 0.0028252 0.0028293 0.0028265
0.0028288 0.00283 0.0028319 0.0028305 0.0028283 0.0028266 0.0028236 0.0028258 0.0028237 0.0028224 0.0028222 0.0028229 0.0028192 0.0028213 0.0028135 0.0028153 0.00281 0.0027914 0.0027807 0.0027489 0.0026773 0.0026017 0.0025134 0.0024501 0.002368 0.0022955 0.0022484 0.0021641 0.0020824 0.0020381 0.0020252 0.0020189 0.002016 0.0020152 0.0020054 0.0020111 0.0020213 0.002025 0.002029 0.002044 0.0020876 0.0021415 0.0021512 0.002146 0.002092 0.0021326 0.0021154 0.0020888 0.0021106 0.002102 0.0021029 0.0020922 0.0020915 0.0021011 0.0021206 0.0021409 0.0022167 0.0023142 0.0023199 0.0023066 0.0023897 0.0024768 0.0024831 0.0026271 0.0027476 0.002794 0.0028006 0.0027944 0.0028138 0.0028257 0.0028339 0.0028467 0.0028531 0.0028607 0.0028688 0.0028748 0.0028775 0.0028793 0.0028796 0.0028784 0.0028762 0.0028742 0.0028686 0.0028788 0.0028766 0.0028528 0.0028371 0.0028317 0.0028098 0.0028124 0.0027618 0.0028029 0.0027722 0.0027377 0.002747 0.0026754 0.0026318 0.0027112 0.0025854 0.0026567 0.0027807 0.0027812 0.0027738 0.0025685 0.0026379 0.0024268 0.0023925 0.0024929 0.0025055 0.0024552 0.0023947 0.0024483 0.0026734 0.0025716 0.002363 0.0024281 0.0026151 0.0023758 0.0026025 0.0025773 0.0025948 0.0025919 0.002659 0.0026691 0.0026907 0.0026756 0.0027065 0.0027126 0.0027464 0.0027722 0.0027824 0.0027891 0.0028044 0.002819 0.0028414 0.0028536 0.0028666 0.0028729 0.0028916 0.0028992 0.0029048 0.0029146 0.0029159 0.0029155 0.0029149 0.0029126 0.0029139 0.0029119 0.0029096 0.0029041 0.0029002 0.0029015 0.0029002 0.0028935 0.0028866 0.0028793 0.0028725 0.0028671 0.002857 0.0028466 0.0028333 0.0028183 0.002809 0.0027955 0.0027758 0.0027755 0.0027679 0.0027565 0.002755 0.0027311 0.0025986 0.0026586 0.0026009 0.0027776 0.0027944 0.0028072 0.0028109 0.0028241 0.0028244 0.0028306
0.0028288 0.0028333 0.0028334 0.0028309 0.0028289 0.0028282 0.0028264 0.0028249 0.0028241 0.0028249 0.0028227 0.0028274 0.0028237 0.0028242 0.0028162 0.0028134 0.0028038 0.0027901 0.0027603 0.002708 0.0026526 0.0025974 0.0025319 0.0024723 0.0024101 0.0023557 0.002285 0.0022247 0.0021244 0.0020597 0.0020332 0.0020249 0.0020214 0.0020202 0.0020193 0.0020204 0.0020245 0.002027 0.0020506 0.0021035 0.0021661 0.002191 0.0021676 0.0021614 0.0021646 0.0021108 0.0021368 0.0020824 0.0021056 0.002108 0.0020999 0.002111 0.0020717 0.002104 0.0021661 0.0021493 0.0021748 0.0022696 0.002331 0.0024196 0.0024104 0.002426 0.0024851 0.0026305 0.0027455 0.0027989 0.002813 0.0028175 0.002825 0.0028344 0.0028487 0.0028557 0.0028683 0.0028725 0.0028927 0.0028793 0.0028852 0.0028816 0.0028861 0.0028863 0.0028837 0.0028826 0.0028739 0.0028753 0.002878 0.0028619 0.0028565 0.0028382 0.0028326 0.0028347 0.0028241 0.0028163 0.0028145 0.0028002 0.0027764 0.0027292 0.0027038 0.0026775 0.002752 0.002769 0.0027901 0.0027785 0.0026983 0.002766 0.0026967 0.0027607 0.0027353 0.0027575 0.0024282 0.002404 0.0023605 0.0026192 0.0024028 0.0023354 0.0026447 0.0026557 0.0026208 0.0025904 0.0026021 0.0026386 0.0026486 0.0026511 0.0027197 0.0027542 0.0027133 0.0027122 0.0027203 0.0027565 0.0027753 0.0027828 0.0027774 0.0028031 0.0028059 0.0028256 0.0028432 0.0028616 0.002872 0.0028749 0.002891 0.0029016 0.0029099 0.0029145 0.0029122 0.0029048 0.0029154 0.0029122 0.00291 0.0029054 0.0029133 0.0028984 0.0029006 0.0028989 0.0028946 0.0028919 0.0028922 0.0028841 0.0028759 0.0028723 0.0028519 0.0028464 0.0028324 0.0028178 0.0027995 0.0027932 0.002785 0.0027778 0.0027657 0.0027707 0.0027681 0.0027425 0.0026975 0.002654 0.0025544 0.0027693 0.0028044 0.0028054 0.0028206 0.0028235 0.0028289 0.0028339
0.0028368 0.0028366 0.0028332 0.0028334 0.0028324 0.0028303 0.0028286 0.0028255 0.0028241 0.0028269 0.0028267 0.0028226 0.0028217 0.0028183 0.0028164 0.0028062 0.0027915 0.0027706 0.0027364 0.0026963 0.0026404 0.00259 0.0025393 0.0024995 0.0024668 0.0024258 0.002373 0.0023054 0.0022112 0.0021176 0.0020778 0.0020584 0.0020535 0.0020295 0.0020247 0.0020236 0.0020279 0.0020453 0.0020801 0.0021417 0.0021941 0.0022212 0.0022188 0.002236 0.0022628 0.0022933 0.0023071 0.0022565 0.0021393 0.0020974 0.0020719 0.0020978 0.0021653 0.002157 0.0021585 0.0022001 0.0023348 0.0022901 0.0023322 0.0024394 0.0024827 0.0025619 0.0026149 0.0026839 0.0027504 0.0028059 0.0028116 0.0028271 0.0028368 0.0028471 0.0028533 0.0028684 0.0028742 0.0028811 0.0028807 0.0028908 0.0028903 0.0028907 0.0028964 0.0028964 0.0028872 0.00289 0.0028864 0.0028841 0.0028791 0.0028745 0.0028603 0.0028645 0.0028568 0.0028414 0.0028382 0.0028453 0.0028264 0.0028157 0.0028124 0.0028049 0.0027678 0.0027436 0.0027873 0.0027846 0.0027381 0.0026983 0.0026596 0.0027722 0.0027047 0.0027617 0.0027676 0.00277 0.0026835 0.0026023 0.0024964 0.0026483 0.0025985 0.0025666 0.0026579 0.0026095 0.0025661 0.0026474 0.0026577 0.0026769 0.0026695 0.0027074 0.0027238 0.0027461 0.0027464 0.0027571 0.0027615 0.0027645 0.0027821 0.0027894 0.0027987 0.0028015 0.0028229 0.0028323 0.0028563 0.0028676 0.0028782 0.0028886 0.0028932 0.002902 0.0029086 0.0029153 0.002915 0.0029156 0.0029141 0.0029085 0.0029107 0.0029113 0.0029094 0.0029079 0.0029021 0.0029052 0.0029016 0.0028884 0.0028927 0.0028899 0.002881 0.0028681 0.0028468 0.0028373 0.0028297 0.0028093 0.0027969 0.002791 0.0027888 0.0027844 0.0027828 0.0027818 0.0027802 0.0027716 0.0027569 0.0027154 0.0026214 0.002784 0.0027859 0.0027944 0.0028136 0.0028303 0.0028308 0.0028362
0.0028367 0.0028357 0.0028354 0.0028311 0.0028304 0.0028301 0.0028276 0.0028285 0.0028231 0.0028301 0.0028278 0.0028243 0.0028238 0.0028169 0.0028061 0.0028016 0.0027776 0.0027583 0.0027293 0.002694 0.0026397 0.0026095 0.002576 0.0025514 0.00252 0.0024868 0.0024403 0.0024133 0.0023584 0.0022888 0.00223 0.0022094 0.0022107 0.002204 0.0020973 0.0020838 0.0021317 0.0021674 0.0021771 0.0021851 0.0022125 0.0022293 0.0022246 0.0022371 0.0022745 0.0023132 0.0023148 0.0023046 0.0021387 0.0021009 0.0021479 0.0022085 0.0023396 0.0022603 0.0022864 0.0024173 0.0023484 0.002563 0.0023432 0.0024229 0.0025075 0.0025957 0.0026835 0.0027539 0.0027941 0.0028146 0.0028256 0.0028329 0.0028509 0.0028551 0.0028678 0.0028754 0.0028792 0.0028851 0.0028877 0.0028863 0.0028809 0.0028714 0.0028966 0.0028972 0.0028943 0.0028972 0.0028916 0.0028902 0.0028844 0.0028814 0.0028795 0.0028754 0.0028685 0.0028614 0.0028542 0.0028508 0.0028473 0.0028406 0.0028219 0.0028252 0.0028104 0.0028003 0.0028005 0.0028038 0.0027927 0.0027838 0.0028043 0.0027787 0.0027453 0.0027734 0.0027267 0.0027336 0.0027624 0.002702 0.0026464 0.0026905 0.0026941 0.0027156 0.0027209 0.0025883 0.0026599 0.0026811 0.0026958 0.0027223 0.0027241 0.0027367 0.002759 0.0027451 0.0027692 0.0027709 0.0027721 0.0027765 0.0027887 0.0027942 0.0028113 0.0028168 0.0028307 0.0028415 0.0028815 0.0028841 0.0028792 0.0028859 0.0028941 0.0029007 0.0029078 0.0029144 0.0029146 0.002912 0.0029125 0.0029108 0.0029091 0.0029088 0.0029034 0.0029094 0.002907 0.002905 0.002898 0.0028972 0.0028968 0.0028861 0.002875 0.0028621 0.0028519 0.0027919 0.002806 0.0028227 0.0028065 0.0028034 0.0027982 0.0027936 0.0027941 0.0027874 0.0027892 0.0027861 0.0027812 0.0027638 0.0027717 0.0027797 0.0027895 0.0028094 0.0028136 0.0028258 0.0028301 0.0028369
0.0028379 0.0028359 0.0028354 0.0028317 0.0028342 0.0028335 0.0028316 0.0028311 0.002828 0.0028279 0.0028296 0.0028236 0.0028217 0.0028111 0.0028 0.0027876 0.0027666 0.002751 0.0027291 0.0026982 0.0026645 0.0026447 0.0026158 0.0025868 0.0025433 0.0025162 0.0024985 0.0024736 0.0024544 0.0024266 0.0024003 0.002374 0.0023521 0.0023326 0.0023054 0.0023153 0.0023243 0.0023168 0.0022653 0.0022355 0.0022306 0.0022566 0.002251 0.0022086 0.0022367 0.0022727 0.0022794 0.0022808 0.0024082 0.0021596 0.0026111 0.0026748 0.0027047 0.0026206 0.0026075 0.0024257 0.0024392 0.0024445 0.0025984 0.0024611 0.0025942 0.0026715 0.0027478 0.0027877 0.0027975 0.0028264 0.0028399 0.0028522 0.002855 0.0028709 0.0028721 0.0028786 0.0028853 0.002887 0.0028891 0.0028901 0.0028931 0.0028987 0.0029016 0.002901 0.0029013 0.0028973 0.0028965 0.0028935 0.0028918 0.0028874 0.0028866 0.0028775 0.0028744 0.0028707 0.0028657 0.0028583 0.0028468 0.0028405 0.002834 0.0028347 0.0028234 0.0028255 0.0028247 0.0028195 0.0027971 0.0028103 0.0027815 0.0027891 0.0029443 0.002822 0.0027422 0.0027807 0.0027684 0.0027335 0.0027154 0.0027322 0.0027221 0.002716 0.0026866 0.0027355 0.0027269 0.002737 0.0027469 0.0027409 0.0027438 0.0027523 0.0027677 0.0027663 0.0027662 0.0027753 0.0027722 0.0027831 0.0027904 0.0028016 0.0028161 0.0028274 0.0028395 0.0028521 0.0028753 0.0028811 0.0028779 0.0028886 0.0028892 0.0028994 0.0029047 0.0029087 0.0029119 0.0029118 0.0029095 0.0029102 0.0029088 0.0029085 0.0029052 0.0028988 0.0029074 0.0029013 0.0028943 0.0028895 0.0028893 0.0028763 0.0028692 0.0028564 0.0028513 0.0027966 0.0027839 0.0028263 0.0028138 0.0028101 0.0028087 0.0028043 0.0028055 0.0028015 0.0027931 0.0027979 0.0027909 0.0027927 0.0027416 0.0027693 0.002816 0.002813 0.0028128 0.0028312 0.0028414 0.0028333
0.0028377 0.002838 0.0028348 0.0028351 0.002836 0.0028367 0.0028296 0.0028282 0.0028302 0.0028287 0.0028248 0.002818 0.0028121 0.0028046 0.0027933 0.0027787 0.0027597 0.0027372 0.0027195 0.0026972 0.002647 0.0026534 0.0026284 0.002593 0.0025789 0.0025545 0.0025319 0.0025134 0.0024927 0.0024798 0.0024564 0.0024308 0.0024028 0.0023881 0.0023897 0.0023943 0.002368 0.0023548 0.0023118 0.0022768 0.0022619 0.0022668 0.0022763 0.002289 0.0022703 0.0023135 0.0023739 0.0024543 0.0025914 0.0026399 0.002677 0.0027048 0.002734 0.0027479 0.0027508 0.0026824 0.0025082 0.0024758 0.0025347 0.0026565 0.0027031 0.002757 0.0027864 0.0028216 0.0028238 0.0028372 0.0028473 0.0028595 0.0028687 0.0028748 0.0028835 0.0028897 0.0028936 0.002894 0.0028975 0.0028993 0.0029003 0.0028949 0.002911 0.0029149 0.0029022 0.0029011 0.0029035 0.002887 0.0028967 0.0028921 0.0028842 0.0028817 0.0028844 0.0028769 0.0028745 0.0028688 0.0028612 0.0028543 0.0028483 0.0028433 0.0028371 0.002822 0.0028355 0.0028246 0.0028229 0.0028214 0.0027827 0.0029076 0.002946 0.0028071 0.002707 0.0027804 0.0027735 0.0027581 0.002758 0.0027545 0.0027532 0.0027579 0.0027697 0.0027542 0.0027597 0.0027565 0.0027657 0.0027686 0.0027658 0.0027726 0.0027676 0.0027696 0.0027757 0.002777 0.0027731 0.0027857 0.0027929 0.0028013 0.0028116 0.0028269 0.0028417 0.0028521 0.0028647 0.0028666 0.0028804 0.0028847 0.0028937 0.0028982 0.0029027 0.0029061 0.0029115 0.00291 0.0029113 0.0029104 0.0029059 0.0029091 0.0029077 0.0029039 0.002902 0.0028955 0.0028948 0.0028831 0.0028692 0.0028723 0.0028651 0.0028562 0.0028497 0.0028441 0.0028349 0.0028297 0.002824 0.0028165 0.0028141 0.0028145 0.0028078 0.00281 0.0028034 0.0028013 0.0027988 0.0028013 0.0027924 0.0028125 0.002814 0.0028063 0.0028156 0.0028315 0.002841 0.0028406
0.0028367 0.0028347 0.0028389 0.0028393 0.0028381 0.0028363 0.0028332 0.0028293 0.0028268 0.0028191 0.0028215 0.0028167 0.0028067 0.0027977 0.0027841 0.0027628 0.00273 0.0027331 0.0027243 0.0027045 0.0026873 0.0026732 0.002648 0.0026295 0.0026071 0.0025887 0.0025659 0.0025417 0.0025307 0.0025074 0.0024895 0.00248 0.0024571 0.0024476 0.0024514 0.0024459 0.0024422 0.0024109 0.0023656 0.0023317 0.0023092 0.0023062 0.0023189 0.0023354 0.0023782 0.002438 0.0024792 0.0025426 0.002605 0.0026645 0.0027046 0.0027264 0.002742 0.0027564 0.0027664 0.0027755 0.0026584 0.0026948 0.0026173 0.0027529 0.0028094 0.0028204 0.0028303 0.0028357 0.0028438 0.0028534 0.0028669 0.0028735 0.0028799 0.0028836 0.002894 0.0028974 0.0028989 0.0029008 0.002904 0.0029073 0.0029078 0.0029056 0.00291 0.0029075 0.0029033 0.0029067 0.0029034 0.0029056 0.0029 0.0029068 0.0029026 0.0028915 0.0028894 0.00288 0.0028806 0.0028754 0.0028676 0.0028641 0.0028546 0.0028476 0.0028495 0.0028633 0.0028387 0.0028366 0.0028232 0.0028229 0.0028121 0.0028008 0.0027691 0.0027715 0.0027686 0.0027927 0.0027802 0.0027863 0.0027782 0.0027782 0.0027697 0.0027775 0.0027763 0.0027732 0.0027814 0.0027883 0.0027775 0.0027854 0.002779 0.0027755 0.0027658 0.0027722 0.0027765 0.0027718 0.0027714 0.0027848 0.0027912 0.0027974 0.0028146 0.0028281 0.0028387 0.0028485 0.0028479 0.0028612 0.0028693 0.0028794 0.0028812 0.0028869 0.0028887 0.0028945 0.0028954 0.0029011 0.0029028 0.0029036 0.0029 0.0029007 0.0028935 0.0028937 0.0028943 0.0028934 0.0028825 0.0028729 0.0028684 0.0028605 0.0028637 0.0028554 0.00285 0.0028434 0.0028374 0.0028303 0.0028256 0.0028225 0.0028202 0.0028165 0.0028185 0.0028159 0.0027958 0.0028035 0.0027987 0.0028084 0.0028062 0.0028062 0.0028109 0.002823 0.0028338 0.0028344 0.0028402 0.0028416
0.0028444 0.0028428 0.002838 0.0028318 0.0028342 0.0028242 0.0028273 0.0028292 0.0028253 0.0028216 0.0028198 0.0028111 0.0028064 0.0027945 0.0027899 0.0027661 0.0028803 0.002718 0.0027307 0.002721 0.0027073 0.0026893 0.0026761 0.0026673 0.0026405 0.0026184 0.0025988 0.0025734 0.0025526 0.0025401 0.0025259 0.0025222 0.0025078 0.0025122 0.0025045 0.0025091 0.0024891 0.0024749 0.0024552 0.0024251 0.0023916 0.0023903 0.0023718 0.002385 0.0024187 0.0024777 0.0025417 0.0026852 0.002691 0.0027257 0.0027383 0.0027427 0.0027727 0.0027637 0.002777 0.0027913 0.0028022 0.0028071 0.002824 0.0028333 0.0028408 0.0028477 0.00286 0.0028647 0.0028722 0.0028786 0.0028809 0.0028867 0.0028899 0.0028948 0.0029013 0.0029041 0.0029053 0.0029089 0.0029109 0.0029084 0.0029101 0.0029104 0.0029127 0.0029171 0.0029063 0.0029078 0.0029097 0.0029062 0.0029112 0.002904 0.0028963 0.0028952 0.0028878 0.0028879 0.0028845 0.0028823 0.0028757 0.0028691 0.0028575 0.0028558 0.0028545 0.0028528 0.0028474 0.0028408 0.0028366 0.0028309 0.0028209 0.002821 0.0028171 0.0028064 0.0027994 0.0027999 0.0028005 0.0027941 0.0027941 0.002794 0.0027884 0.0027962 0.0027891 0.0027973 0.0028054 0.0028025 0.0028015 0.0027975 0.0027853 0.002782 0.0027763 0.0027737 0.0027671 0.0027696 0.0027849 0.0027933 0.0027941 0.0027993 0.0028126 0.0028251 0.0028336 0.0028359 0.002846 0.0028562 0.0028632 0.0028697 0.0028707 0.0028748 0.0028782 0.0028823 0.0028838 0.0028888 0.0028907 0.0028876 0.0028889 0.002889 0.0028758 0.0028774 0.0028826 0.0028758 0.0028743 0.0028654 0.0028601 0.0028644 0.0028507 0.0028564 0.0028525 0.0028377 0.0028322 0.0028305 0.0028279 0.0028283 0.0028207 0.0028215 0.0028176 0.0028106 0.002807 0.0028119 0.0028132 0.0027993 0.002804 0.0028032 0.0028173 0.0028269 0.0028346 0.0028411 0.0028456 0.0028479
0.0028444 0.0028442 0.0028415 0.0028383 0.0028403 0.0028329 0.0028273 0.0028245 0.0028236 0.0028242 0.0028148 0.0028078 0.0028079 0.0027963 0.0027881 0.0027835 0.0027416 0.0027485 0.0027349 0.0027333 0.0027226 0.0027133 0.0026983 0.0026842 0.0026731 0.0026574 0.0026354 0.0026135 0.0026138 0.0025917 0.0025838 0.0025729 0.0025652 0.0025684 0.0025617 0.0025623 0.0025558 0.0025449 0.0025341 0.0024925 0.0024794 0.0024591 0.0024512 0.0024575 0.0024877 0.0025469 0.0026072 0.0026525 0.0027073 0.0027268 0.002743 0.0027531 0.0027627 0.0027753 0.0027899 0.0028031 0.0028154 0.0028288 0.0028397 0.0028488 0.0028649 0.0028698 0.0028741 0.0028775 0.002883 0.002885 0.0028902 0.0028946 0.0028974 0.0029034 0.0029043 0.0029286 0.0029127 0.002913 0.0029138 0.0029163 0.0029156 0.0029131 0.0029138 0.0029129 0.0029115 0.0029177 0.0029071 0.0029082 0.0028781 0.0029467 0.0028992 0.0028958 0.0028942 0.002889 0.0028897 0.0028813 0.0028772 0.0028735 0.0028708 0.0028628 0.0028621 0.0028549 0.0028508 0.0028394 0.0028398 0.002836 0.0028253 0.0028153 0.0028106 0.0028117 0.0028102 0.0028025 0.0028126 0.0028074 0.0028036 0.0028093 0.0028153 0.0028139 0.0028137 0.0028166 0.0028207 0.0028155 0.0028093 0.0027961 0.0027904 0.0027917 0.0027875 0.0027808 0.0027809 0.0027837 0.0027795 0.0027875 0.0027949 0.0027985 0.0028117 0.0028163 0.0028274 0.0028276 0.0028333 0.0028415 0.0028536 0.0028576 0.0028603 0.0028572 0.002868 0.0028648 0.0028723 0.0028783 0.0028788 0.0028761 0.0028745 0.0028762 0.002874 0.0028689 0.0028726 0.0028691 0.0028701 0.0028688 0.0028595 0.0028623 0.002855 0.0028574 0.002854 0.002844 0.0028379 0.002839 0.0028311 0.0028283 0.0028256 0.0028196 0.0028192 0.0028155 0.0028056 0.0028137 0.0028123 0.002807 0.0028221 0.0028155 0.0028169 0.0028278 0.002838 0.0028377 0.0028416 0.0028432
0.0028408 0.002843 0.0028417 0.0028332 0.002839 0.0028374 0.0028223 0.0028315 0.0028309 0.0028309 0.0028255 0.0028195 0.0028118 0.0028062 0.0027954 0.0027816 0.0027842 0.0027716 0.0027631 0.0027537 0.0027446 0.0027333 0.0027175 0.0027055 0.0027045 0.0026979 0.0026918 0.0026788 0.0026695 0.0026582 0.0026513 0.0026352 0.002627 0.0026322 0.0026462 0.0026313 0.0026298 0.0026305 0.0026049 0.0025765 0.0025629 0.0025527 0.0025534 0.0025888 0.0026081 0.002654 0.0026806 0.0027052 0.0027309 0.0027454 0.0027568 0.0027745 0.0027812 0.0027924 0.002806 0.0028153 0.0028279 0.0028395 0.0028501 0.0028638 0.0028783 0.0028708 0.002888 0.0028913 0.0028924 0.0028957 0.0029008 0.0029039 0.0029055 0.0029053 0.0029109 0.0029104 0.0029126 0.0029167 0.0029176 0.0029179 0.0029153 0.0029196 0.0029219 0.0029198 0.0029147 0.0029134 0.002914 0.0029102 0.0029087 0.0029073 0.0029049 0.0029032 0.0028992 0.0028908 0.0028845 0.0028866 0.002879 0.0028785 0.0028649 0.0028687 0.0028669 0.0028616 0.0028508 0.0028478 0.0028415 0.0028389 0.0028368 0.0028328 0.0028326 0.0028285 0.0028169 0.0028172 0.0028192 0.0028221 0.0028276 0.0028295 0.0028288 0.0028289 0.0028218 0.0028274 0.0028266 0.0028267 0.0028133 0.0028075 0.0028048 0.0028 0.0027887 0.0027909 0.0027839 0.0027852 0.0027811 0.0027877 0.0027941 0.0027964 0.0028062 0.0028047 0.0028209 0.0028321 0.0028286 0.0028197 0.0028366 0.0028409 0.002839 0.0028503 0.0028568 0.0028469 0.0028568 0.0028628 0.0028618 0.0028573 0.0028617 0.0028606 0.002861 0.002861 0.0028603 0.0028625 0.0028615 0.0028575 0.0028568 0.0028596 0.0028574 0.002851 0.0028508 0.0028447 0.002847 0.0028389 0.0028356 0.0028295 0.0028261 0.0028212 0.002809 0.0028103 0.0028078 0.002813 0.0028164 0.0028176 0.0028223 0.0028216 0.002825 0.0028287 0.0028351 0.0028426 0.0028326 0.0028394
0.0028393 0.00284 0.0028391 0.0028402 0.0028385 0.002842 0.0028353 0.0028314 0.0028345 0.0028254 0.0028213 0.0028222 0.0028171 0.0028094 0.0028016 0.0027959 0.0027888 0.0027824 0.002776 0.0027654 0.0027556 0.0027526 0.0027453 0.0027389 0.0027301 0.002727 0.0027185 0.0027127 0.0027074 0.0027064 0.0027051 0.0026987 0.0027027 0.0027029 0.0026976 0.0026928 0.0026897 0.0026928 0.0026864 0.0027264 0.0026772 0.0026752 0.0026759 0.0026828 0.0026894 0.0027011 0.0027132 0.0027304 0.0027524 0.0027656 0.0027712 0.0027933 0.0028064 0.002816 0.0028249 0.0028366 0.0028459 0.0028548 0.0028634 0.0028696 0.002881 0.002891 0.002895 0.0028984 0.0029031 0.0029255 0.002899 0.0029106 0.0029122 0.0029126 0.0029174 0.0029112 0.0029158 0.0029228 0.0029258 0.0029243 0.0029224 0.0029234 0.0029183 0.0029202 0.0029172 0.0029172 0.0029145 0.0029154 0.0029112 0.0029094 0.0029047 0.0029018 0.0028969 0.0028928 0.0028877 0.002885 0.0028831 0.0028775 0.002877 0.0028761 0.002866 0.0028608 0.0028593 0.0028517 0.0028493 0.0028449 0.0028384 0.0028375 0.0028357 0.0028372 0.0028273 0.0028329 0.0028315 0.0028363 0.0028348 0.0028361 0.0028379 0.0028372 0.0028304 0.0028352 0.0028304 0.0028299 0.0028261 0.0028126 0.0028182 0.0028156 0.0027861 0.0027982 0.0027946 0.0027904 0.0027838 0.0027805 0.0027854 0.0027941 0.0027944 0.0027986 0.0028044 0.0027672 0.0028058 0.0028208 0.0028236 0.0028213 0.0028329 0.0028384 0.0028421 0.0028297 0.0028462 0.002849 0.0028494 0.0028406 0.0028467 0.0028455 0.0028497 0.0028523 0.0028494 0.0028528 0.0028495 0.0028459 0.0028507 0.0028516 0.0028476 0.0028459 0.0028469 0.0028422 0.002839 0.0028409 0.002835 0.0028329 0.00283 0.0028152 0.0028234 0.0028206 0.0028131 0.0028178 0.0028146 0.0028214 0.0028245 0.0028232 0.0028303 0.0028312 0.0028286 0.0028373 0.0028361 0.0028312
0.0028455 0.002837 0.0028368 0.0028855 0.0028392 0.002842 0.0028422 0.0028404 0.002838 0.0028362 0.0028326 0.0028248 0.0028238 0.0028162 0.0028134 0.0028107 0.0028043 0.0028002 0.002788 0.0027754 0.0027545 0.002773 0.0027677 0.0027627 0.0027586 0.0027565 0.0027496 0.002751 0.0027505 0.0027444 0.0027428 0.0027377 0.0027357 0.0027312 0.0027263 0.0027223 0.0027202 0.0027231 0.002722 0.00272 0.0027181 0.0027232 0.0027239 0.0027304 0.0027403 0.0027467 0.0027566 0.0027619 0.0027778 0.0027895 0.0028059 0.0028161 0.002827 0.0028385 0.0028506 0.0028561 0.0028631 0.0028703 0.0028789 0.0028813 0.0028878 0.0028956 0.0029024 0.0029083 0.0029081 0.0029096 0.0029172 0.002916 0.0029152 0.0029149 0.0029186 0.0029161 0.00292 0.0029197 0.0029213 0.0029242 0.0029218 0.002918 0.0029173 0.0029193 0.0029179 0.0029172 0.0029122 0.0029091 0.0029068 0.0028943 0.0028972 0.0028947 0.0028937 0.0028914 0.0028897 0.0028846 0.0028783 0.0028756 0.0028782 0.0028625 0.0028601 0.0028612 0.0028583 0.0028538 0.0028526 0.0028478 0.0028434 0.0028434 0.0028441 0.0028419 0.002841 0.0028416 0.0028407 0.0028386 0.0028425 0.0028405 0.0028444 0.0028402 0.0028384 0.0028361 0.002835 0.0028288 0.002834 0.002828 0.0028219 0.0028193 0.0028182 0.0028103 0.002805 0.0028005 0.0027924 0.0027896 0.002787 0.0027871 0.0027882 0.0027941 0.0027987 0.0027993 0.0028052 0.0028134 0.0028172 0.0028169 0.0028242 0.0028135 0.0028301 0.002817 0.0028315 0.0028367 0.0028287 0.0028383 0.0028374 0.002838 0.0028407 0.0028411 0.0028389 0.00284 0.0028461 0.002846 0.0028456 0.0028431 0.0028438 0.0028403 0.002843 0.0028439 0.0028412 0.0028376 0.0028395 0.0028369 0.0028274 0.0028313 0.0028311 0.002832 0.0028167 0.0028221 0.0028237 0.002826 0.0028196 0.0028297 0.0028354 0.002838 0.0028358 0.0028391 0.0028405 0.0028417
0.002844 0.002852 0.0028449 0.0028508 0.0028499 0.0028471 0.0028452 0.0028468 0.0028315 0.0028381 0.0028343 0.0028342 0.0028349 0.0028324 0.002843 0.0028203 0.0028174 0.0028132 0.0028035 0.002809 0.0028046 0.0027958 0.0027935 0.0027908 0.0027873 0.0027852 0.0027744 0.0027787 0.0027763 0.0027739 0.0027691 0.0027645 0.0027631 0.0027593 0.002754 0.0027478 0.0027475 0.0027485 0.002744 0.0027429 0.0027433 0.0027494 0.0027561 0.002763 0.0027722 0.0027802 0.0027864 0.0027962 0.002803 0.0028127 0.0028217 0.002824 0.0028414 0.0028555 0.0028651 0.0028749 0.0028833 0.0028926 0.0028959 0.0028981 0.0028998 0.0029064 0.0029093 0.0029082 0.0029144 0.0029162 0.0029169 0.0029127 0.0029154 0.0029182 0.002913 0.0029142 0.0029189 0.0029195 0.0029195 0.0029206 0.0029204 0.0029171 0.0029176 0.0029164 0.0029172 0.002913 0.0029101 0.002895 0.0029549 0.003111 0.0028596 0.002888 0.0028926 0.0028874 0.0028892 0.0028809 0.002882 0.002873 0.0028721 0.0028678 0.002863 0.0028613 0.0028608 0.0028581 0.0028531 0.0028527 0.0028497 0.0028418 0.0028481 0.0028407 0.0028395 0.0028425 0.0028418 0.0028402 0.0028443 0.0028443 0.002847 0.0028418 0.0028327 0.0028342 0.002842 0.0028337 0.0028315 0.0028363 0.0028334 0.0028281 0.0028263 0.0028128 0.0028119 0.0027986 0.0028019 0.0027952 0.0027939 0.0027828 0.0027912 0.0027895 0.0027895 0.0027922 0.0027994 0.0027972 0.0028039 0.0028063 0.0028011 0.0028105 0.0028168 0.0028153 0.0028213 0.0028229 0.0028173 0.0028275 0.0028265 0.0028289 0.0028273 0.0028291 0.0028328 0.0028339 0.0028343 0.002837 0.0028253 0.0028386 0.0028368 0.0028424 0.0028409 0.0028405 0.0028346 0.0028338 0.0028413 0.0028402 0.0028335 0.0028409 0.0028402 0.002828 0.0028359 0.0028297 0.0028379 0.0028367 0.0028343 0.0028352 0.0028357 0.0028408 0.0028333 0.0028346 0.0028455 0.0028265
0.0028539 0.0028531 0.0028566 0.0028542 0.0028524 0.002859 0.0028554 0.002852 0.0028545 0.0028515 0.0028413 0.002844 0.0028472 0.0028387 0.0028408 0.0028363 0.0028358 0.0028329 0.0028311 0.0028301 0.0028177 0.0028219 0.0028121 0.0028074 0.0028071 0.0027971 0.0028062 0.0028036 0.0027968 0.0027943 0.0027926 0.0027845 0.0027867 0.0027787 0.0028013 0.0027699 0.0027697 0.0027686 0.0027659 0.0027682 0.0027711 0.0027758 0.0027854 0.0027886 0.0027945 0.0028032 0.0028124 0.002823 0.00283 0.0028386 0.0028486 0.0028591 0.0028674 0.0028775 0.002887 0.0028951 0.0029039 0.0029098 0.0029159 0.0029214 0.0029234 0.0029222 0.0029179 0.0029157 0.0029159 0.0029158 0.0029138 0.0029157 0.0029186 0.0029164 0.002918 0.0029179 0.0029161 0.0029192 0.0029189 0.0029166 0.0029151 0.0029097 0.0029175 0.0029148 0.0029131 0.0029099 0.0029018 0.0028989 0.0028981 0.0028908 0.0028893 0.0028903 0.0028876 0.002889 0.002884 0.0028796 0.0028788 0.0028731 0.0028709 0.0028659 0.0028635 0.0028608 0.0028583 0.0028519 0.002848 0.0028514 0.0028488 0.0028416 0.0028433 0.0028433 0.002844 0.0028406 0.0028376 0.0028306 0.0028343 0.0028436 0.002847 0.0028429 0.0028403 0.0028411 0.0028335 0.0028384 0.002837 0.002836 0.002833 0.0028253 0.0028284 0.0028242 0.0028187 0.0028148 0.0028138 0.0028029 0.0027968 0.0027953 0.00279 0.0027839 0.0027851 0.0027852 0.002778 0.0027927 0.0027938 0.0027969 0.0027716 0.0028018 0.0028064 0.0028124 0.0028139 0.0028097 0.0028126 0.0028137 0.002801 0.0028205 0.0028197 0.0028226 0.0028206 0.0028297 0.0028281 0.0028316 0.0028333 0.0028328 0.0028342 0.0028358 0.0028368 0.0028404 0.0028305 0.0028323 0.0028328 0.0028378 0.0028366 0.0028366 0.0028437 0.0028436 0.002844 0.0028401 0.0028439 0.0028401 0.0028465 0.0028454 0.0028379 0.0028412 0.0028421 0.0028507 0.0028491 0.0028521
0.0028478 0.0028599 0.0028604 0.0028575 0.0028593 0.0028602 0.0028584 0.0028608 0.0028528 0.0028629 0.0028565 0.0028555 0.0028536 0.0028551 0.0028451 0.0028402 0.00284 0.0028471 0.0028493 0.0028425 0.0028434 0.0028423 0.0028398 0.0028375 0.0028291 0.0028274 0.0028021 0.0028238 0.0028231 0.0028107 0.002821 0.0028065 0.0028093 0.0028006 0.0027927 0.0027871 0.0027895 0.0027889 0.0027902 0.002791 0.0027921 0.0028021 0.0028077 0.0028145 0.0028205 0.0028286 0.002842 0.0028526 0.0028633 0.0028707 0.0028755 0.0028805 0.0028835 0.00289 0.0028946 0.0029012 0.0029054 0.0029074 0.0029127 0.0029146 0.0029147 0.0029157 0.0029149 0.0029142 0.0029121 0.0029139 0.0029147 0.0029152 0.0029127 0.0029158 0.0029162 0.0029146 0.0029181 0.0029169 0.0029107 0.0029142 0.0029133 0.0029094 0.0029098 0.0029077 0.0029041 0.0029021 0.0029035 0.002899 0.0028924 0.0028931 0.0028857 0.0028832 0.0028816 0.0028789 0.0028789 0.0028749 0.0028696 0.002869 0.0028686 0.0028579 0.0028601 0.0028597 0.0028566 0.0028548 0.0028532 0.0028525 0.0028501 0.0028437 0.0028449 0.0028496 0.0028468 0.0028437 0.002843 0.0028453 0.0028304 0.0028331 0.0028406 0.0028397 0.0028424 0.0028395 0.0028357 0.0028377 0.0028368 0.0028297 0.0028257 0.0028286 0.0028264 0.0028258 0.0028168 0.0028151 0.0028143 0.002812 0.0028085 0.0028048 0.0028004 0.0027929 0.002792 0.0027864 0.0027809 0.0027757 0.0027812 0.0027906 0.0027966 0.0027941 0.0027968 0.0027968 0.0028004 0.0028003 0.0028013 0.0028019 0.0028051 0.0028092 0.0028092 0.0028079 0.0028144 0.0028104 0.0028158 0.002822 0.002827 0.0028302 0.0028278 0.0028321 0.0028428 0.0028383 0.0028353 0.002835 0.0028351 0.0028409 0.0028407 0.0028444 0.0028453 0.0028491 0.002847 0.0028442 0.0028433 0.0028491 0.0028511 0.0028534 0.0028605 0.0028568 0.002854 0.0028561 0.0028532 0.0028507
0.0028617 0.0028663 0.0028696 0.0028641 0.0028611 0.0028658 0.00289 0.002858 0.0028643 0.0028651 0.0028572 0.0028607 0.0028623 0.0028589 0.0028647 0.002866 0.002865 0.0028605 0.0028687 0.002854 0.0028477 0.002856 0.0028556 0.0028519 0.0028463 0.0028435 0.0028383 0.0028324 0.002836 0.0028265 0.0028293 0.0028312 0.0028325 0.0028212 0.002829 0.0028298 0.0028211 0.0028213 0.002823 0.0028246 0.0028205 0.0028323 0.0028361 0.0028396 0.0028469 0.0028512 0.0028581 0.0028673 0.0028722 0.0028791 0.0028842 0.0028878 0.0028884 0.0028872 0.0028916 0.002893 0.0028947 0.002897 0.0028997 0.0028997 0.0028981 0.0029016 0.0029018 0.0029038 0.0029107 0.0029069 0.0029078 0.0029096 0.0029144 0.0029104 0.0029123 0.0029105 0.0029099 0.0029123 0.0029086 0.0029053 0.0029057 0.0029072 0.0029049 0.0029012 0.0028984 0.0028977 0.0028954 0.0028916 0.0028876 0.0028862 0.0028834 0.0028824 0.0028797 0.0028737 0.0028676 0.0028634 0.0028661 0.0028669 0.0028612 0.0028606 0.0028574 0.0028562 0.0028545 0.0028513 0.0028469 0.0028437 0.0028416 0.0028399 0.0028441 0.0028456 0.0028443 0.0028404 0.0028417 0.0028405 0.0028443 0.0028395 0.0028378 0.002838 0.0028335 0.0028372 0.0028322 0.0028307 0.002824 0.0028298 0.0028203 0.0028265 0.0028246 0.0028164 0.0028173 0.0028165 0.002815 0.0028151 0.0028112 0.0028059 0.0028028 0.002804 0.0027997 0.0027974 0.0027904 0.0027918 0.0027869 0.0027839 0.0027808 0.0027782 0.002773 0.0027718 0.0027758 0.0027798 0.0027845 0.002789 0.0027955 0.0027977 0.0028053 0.0028036 0.0028102 0.0028094 0.002809 0.0028118 0.0028189 0.0028167 0.0028268 0.0028317 0.0028352 0.0028373 0.0028391 0.0028336 0.0028419 0.0028432 0.0028445 0.0028489 0.0028473 0.0028496 0.0028413 0.002852 0.0028516 0.00285 0.0028453 0.0028537 0.0028556 0.0028581 0.0028638 0.0028549 0.0028606 0.0028591
0.0028698 0.0028738 0.0028742 0.002871 0.0028671 0.0028758 0.002877 0.0028742 0.0028739 0.002877 0.0028809 0.0028751 0.0028762 0.0028697 0.0028828 0.0028736 0.0028718 0.00287 0.002866 0.0028658 0.0028684 0.0028528 0.0028536 0.0028585 0.0028524 0.0028597 0.0028528 0.0028757 0.0028636 0.0028577 0.0028622 0.0028527 0.0028484 0.0028449 0.0028388 0.0028441 0.0028386 0.0028413 0.0028436 0.0028499 0.0028531 0.0028569 0.0028594 0.0028614 0.0028665 0.0028697 0.0028718 0.0028744 0.0028774 0.0028809 0.0028856 0.0028928 0.0028903 0.0028908 0.0028906 0.00289 0.0028877 0.0028873 0.0028845 0.0028878 0.0028899 0.0028922 0.0028942 0.0028938 0.0028961 0.0028998 0.0029015 0.0028996 0.0028994 0.0029012 0.0029053 0.002908 0.0029074 0.0029021 0.0029052 0.0029058 0.0029061 0.0029015 0.002898 0.0028926 0.002893 0.0028902 0.0028872 0.0028844 0.0028857 0.0028841 0.0028813 0.002878 0.0028743 0.0028741 0.0028694 0.002859 0.0028592 0.0028593 0.0028583 0.0028505 0.0028518 0.0028511 0.0028483 0.0028497 0.0028464 0.002846 0.0028432 0.0028345 0.0028407 0.0028413 0.0028366 0.0028345 0.0028341 0.0028305 0.0028347 0.0028354 0.0028383 0.0028372 0.0028338 0.0028372 0.0028378 0.0028325 0.0028256 0.0028211 0.0028246 0.0028294 0.0028271 0.0028198 0.0028183 0.002816 0.0028126 0.0028157 0.0028082 0.0028075 0.0028044 0.0028015 0.0028032 0.0027986 0.0028005 0.0027972 0.0027939 0.00279 0.0027886 0.0027898 0.0027921 0.0027941 0.002796 0.0027965 0.0027985 0.0028006 0.0028021 0.0028033 0.0028071 0.002809 0.0028069 0.0028127 0.0028125 0.002816 0.002816 0.0028161 0.0028253 0.0028294 0.0028317 0.00283 0.0028389 0.0028386 0.0028354 0.0028423 0.0028478 0.0028512 0.0028464 0.0028515 0.0028565 0.002859 0.0028277 0.0029105 0.0028409 0.0027576 0.0028566 0.002861 0.002869 0.002867 0.0028576 0.0028647
0.0028698 0.0028765 0.0028727 0.0028757 0.0028759 0.0028828 0.0028737 0.0028792 0.0028804 0.0028798 0.0028829 0.0028778 0.0028789 0.0028846 0.0028789 0.0028823 0.0028818 0.0028707 0.002876 0.0028786 0.002875 0.002881 0.0028836 0.0028882 0.0028789 0.0028681 0.0028703 0.0028706 0.0028552 0.0028607 0.0028623 0.0028587 0.0028673 0.0028702 0.0028743 0.0028639 0.0028604 0.0028615 0.0028554 0.0028637 0.0028625 0.0028655 0.0028714 0.0028706 0.0028704 0.0028667 0.0028721 0.0028752 0.0028774 0.0028833 0.0028863 0.0028872 0.0028871 0.0028879 0.0028884 0.0028949 0.002887 0.0028863 0.0028878 0.002889 0.002893 0.0028957 0.0028975 0.0028976 0.0028976 0.002896 0.0028942 0.0028953 0.0028976 0.002893 0.0028991 0.0028992 0.0028992 0.0028992 0.0028978 0.0028996 0.002896 0.0028955 0.00289 0.0028912 0.0028869 0.0028862 0.0028821 0.00289 0.0028796 0.0028752 0.0028719 0.0028685 0.0028677 0.0028677 0.0028634 0.0028618 0.0028593 0.0028555 0.0028557 0.0028537 0.0028591 0.0028472 0.0028444 0.0028425 0.0028411 0.0028406 0.0028397 0.0028365 0.0028375 0.0028386 0.0028388 0.002836 0.0028319 0.0028365 0.0028336 0.002831 0.0028349 0.0028344 0.0028335 0.0028317 0.0028297 0.0028317 0.0028253 0.0028255 0.0028247 0.0028232 0.0028181 0.0028261 0.0028258 0.0028231 0.0028154 0.0028141 0.002814 0.0028078 0.0028137 0.0028111 0.0028118 0.0028089 0.0028026 0.0028047 0.002802 0.0028019 0.0028007 0.0028006 0.0027992 0.0028044 0.0028051 0.0027954 0.0028013 0.0028049 0.0028086 0.0028098 0.0028061 0.0028067 0.0028094 0.0028136 0.0028154 0.002817 0.0028198 0.0028201 0.0028224 0.0028288 0.0028317 0.0028351 0.0028354 0.0028406 0.0028412 0.0028464 0.0028482 0.0028476 0.0028482 0.0028508 0.0028537 0.0028573 0.0028575 0.0028611 0.0028575 0.0028719 0.0028729 0.0028745 0.002875 0.0028747 0.002872 0.0028673
0.002882 0.0028747 0.0028598 0.0028521 0.0028621 0.0028792 0.0028732 0.0028488 0.0028505 0.0028762 0.002882 0.002882 0.0028839 0.0028815 0.0028809 0.0028707 0.0028519 0.002855 0.0028483 0.0028698 0.0028569 0.0028641 0.0028887 0.002904 0.0028803 0.0028699 0.0028691 0.0028772 0.0028732 0.0028724 0.0028717 0.002872 0.002875 0.0028696 0.0028491 0.0028684 0.0028623 0.0028675 0.0028654 0.0028632 0.0028732 0.0028713 0.0028664 0.0028665 0.0028714 0.002876 0.002878 0.0028801 0.0028823 0.0028837 0.0028849 0.0028868 0.0028791 0.0028902 0.0028916 0.0028939 0.0028952 0.002895 0.002895 0.0028952 0.002897 0.0028581 0.0028599 0.0028834 0.0028906 0.0028891 0.0028887 0.0028903 0.0028862 0.0028861 0.0028893 0.0028904 0.0028902 0.0028906 0.002888 0.0028885 0.002887 0.0028874 0.0028892 0.0028878 0.0028848 0.0028788 0.0028778 0.0028759 0.0028753 0.0028717 0.0028641 0.0028628 0.0028674 0.0028643 0.0028649 0.0028618 0.002857 0.0028509 0.0028498 0.0028521 0.0028522 0.0028506 0.0028476 0.0028449 0.0028438 0.0028434 0.0028402 0.0028452 0.0028397 0.0028384 0.0028385 0.0028373 0.0028369 0.0028362 0.0028359 0.0028345 0.0028316 0.0028272 0.0028273 0.0028268 0.0028305 0.0028247 0.0028252 0.0028185 0.0028216 0.0028239 0.0028249 0.0028257 0.002825 0.0028261 0.0028236 0.0028219 0.0028193 0.0028156 0.0028183 0.0028142 0.0028114 0.0028062 0.002783 0.0028015 0.0028091 0.0028099 0.0028121 0.0028104 0.0028068 0.0028076 0.0028078 0.0028073 0.0028083 0.0028065 0.002811 0.0028079 0.0028103 0.0028065 0.0028119 0.0028159 0.0028153 0.0028186 0.0028221 0.0028238 0.0028264 0.0028278 0.0028252 0.0028305 0.0028326 0.0028372 0.0028434 0.0028471 0.0028483 0.0028488 0.0028517 0.0028568 0.0028572 0.0028548 0.00286 0.0028558 0.0028593 0.002864 0.0028623 0.0028745 0.0028806 0.0028792 0.0028746 0.0028787
0.002865 0.0028571 0.0028573 0.0028637 0.0028652 0.0028624 0.0028597 0.0028594 0.0028615 0.0028604 0.0028614 0.0028511 0.0028669 0.0028638 0.0028658 0.002871 0.0028708 0.0028732 0.0028733 0.00287 0.0028687 0.0028754 0.0028742 0.0028759 0.0028787 0.002881 0.0028764 0.0028628 0.0028672 0.0028604 0.002864 0.0028665 0.0028686 0.0028692 0.0028666 0.0028704 0.0028679 0.0028736 0.0028727 0.0028721 0.002873 0.0028747 0.0028745 0.0028718 0.0028682 0.0028696 0.0028717 0.002874 0.0028756 0.0028801 0.0028841 0.0028819 0.0028838 0.0028859 0.0028882 0.0028887 0.0028865 0.0028895 0.0028931 0.0028927 0.002895 0.0028963 0.0028955 0.0028965 0.0028937 0.0028938 0.0028973 0.0028944 0.0028892 0.0028862 0.0028829 0.0028811 0.0028767 0.0028783 0.0028788 0.0028694 0.0028669 0.0028693 0.0028752 0.0028759 0.0028695 0.0028726 0.0028629 0.0028314 0.0028507 0.00287 0.0027872 0.0028047 0.0028531 0.0027468 0.0027897 0.0028311 0.0028069 0.0027716 0.0028204 0.0027557 0.0027692 0.0028259 0.0028049 0.0027735 0.0027843 0.0027931 0.0028043 0.0028336 0.0028364 0.0028312 0.0028347 0.0028354 0.0028367 0.0028349 0.0028341 0.0028336 0.0028327 0.0028319 0.0028282 0.0028297 0.0028282 0.0028278 0.0028263 0.0028113 0.0028489 0.0028097 0.0028233 0.0028213 0.0028196 0.0028225 0.0028202 0.0028182 0.002819 0.0028196 0.00282 0.0028206 0.0028189 0.0028197 0.0028192 0.0028195 0.0028208 0.0028208 0.0028171 0.0028187 0.0028167 0.0028138 0.0028088 0.0028105 0.0028112 0.0028049 0.002798 0.0027993 0.0028037 0.0028084 0.002811 0.0028084 0.0028154 0.0028195 0.0028196 0.0028255 0.0028235 0.0028284 0.0028273 0.0028283 0.0028312 0.0028363 0.0028385 0.0028438 0.0028449 0.0028488 0.0028469 0.0028465 0.0028494 0.0028573 0.0028569 0.0028586 0.0028592 0.0028623 0.0028635 0.0028603 0.0028597 0.0028682 0.0028684 0.0028668
0.0028015 0.0028028 0.0028051 0.0028099 0.0028053 0.0028056 0.002808 0.0028068 0.0028077 0.0028096 0.0028116 0.0028134 0.0028153 0.0028172 0.0028198 0.0028218 0.0028222 0.0028245 0.0028244 0.0028262 0.0028271 0.002829 0.0028309 0.0028339 0.0028363 0.0028408 0.0028466 0.0028531 0.0028529 0.0028575 0.002863 0.0028572 0.0028581 0.0028689 0.0028374 0.0028371 0.0028239 0.0028428 0.0027984 0.0028091 0.0028254 0.0028331 0.0028616 0.0028619 0.0028633 0.0028677 0.0028721 0.0028698 0.0028587 0.0028558 0.0028208 0.0028176 0.0028028 0.0028189 0.0028533 0.0028279 0.0028211 0.0028197 0.0028202 0.0028285 0.0028684 0.0028573 0.0028613 0.0028614 0.0028659 0.0028695 0.0028748 0.0028538 0.0028432 0.0028235 0.0028243 0.0028251 0.0027869 0.0028074 0.0027905 0.0027627 0.0027414 0.0027613 0.0027355 0.0027106 0.0027043 0.0026637 0.002671 0.0026451 0.0026445 0.0026548 0.0026154 0.0026106 0.0026142 0.0025947 0.0026094 0.0026307 0.0025775 0.0025775 0.0026298 0.0025923 0.0025963 0.0025573 0.0025573 0.002566 0.0026304 0.0026493 0.0026451 0.0026458 0.0026459 0.0026586 0.0026067 0.002721 0.0027362 0.0028038 0.0027996 0.002742 0.0027686 0.0028206 0.0027948 0.0028023 0.0027778 0.0027896 0.002811 0.0027608 0.0027653 0.0027566 0.0027657 0.0027695 0.0027929 0.0028199 0.0027789 0.0027871 0.0027871 0.0027859 0.0027926 0.0027904 0.0027905 0.0027932 0.002795 0.002797 0.0028044 0.0028124 0.0028196 0.0028199 0.0028204 0.0028202 0.0028204 0.002818 0.0028199 0.0028157 0.0028165 0.0028186 0.0028197 0.0028242 0.0028242 0.0028266 0.0028273 0.0028289 0.0028286 0.0028276 0.0028279 0.0028305 0.0028315 0.0028285 0.0028293 0.002831 0.0028333 0.0028336 0.0028335 0.002833 0.0028312 0.0028293 0.0028284 0.0028226 0.0028162 0.0028177 0.0028168 0.0028159 0.0028149 0.0028109 0.0028068 0.0028029 0.0028026 0.0028017
0.0027676 0.0027679 0.0027683 0.0027681 0.0027683 0.0027674 0.0027687 0.0027699 0.0027709 0.0027728 0.0027752 0.0027784 0.0027795 0.002782 0.0027837 0.0027877 0.0027914 0.002792 0.0027984 0.0027986 0.0028017 0.0028027 0.0028027 0.0028023 0.0028015 0.0027969 0.0028089 0.0028062 0.0028013 0.0027478 0.0027321 0.0027096 0.0027416 0.0027534 0.0027094 0.0027327 0.0027033 0.0027077 0.0027076 0.002694 0.0026759 0.0026935 0.0026615 0.0026412 0.0026433 0.0026714 0.0026673 0.0026591 0.0026717 0.0026839 0.0027051 0.0027242 0.0027506 0.0027598 0.0027155 0.0027285 0.0027037 0.0026847 0.0026818 0.0027012 0.0026853 0.0027656 0.0027588 0.0028264 0.0028377 0.00285 0.0028596 0.0028657 0.0028644 0.0028438 0.0028246 0.0027982 0.0027724 0.0027516 0.0027405 0.0027172 0.0027027 0.0026862 0.0026735 0.0026652 0.0026571 0.0026451 0.0026366 0.0026291 0.0026165 0.0026046 0.0025977 0.0025881 0.0025822 0.002582 0.0025817 0.0025792 0.0025771 0.0025718 0.0025643 0.0025581 0.0025513 0.0025456 0.0025422 0.0025379 0.0025343 0.0025268 0.0025211 0.0025156 0.0025108 0.0025068 0.0025051 0.0025019 0.0025061 0.0025325 0.0025664 0.0026053 0.0025992 0.0026126 0.0025817 0.0026086 0.0026442 0.0026545 0.0026366 0.0026167 0.0026043 0.002611 0.0026566 0.0026265 0.0026398 0.0026156 0.0026346 0.0026424 0.0026268 0.0026377 0.0026093 0.0026166 0.0026394 0.0026701 0.0026572 0.0026509 0.0026596 0.0026341 0.0026493 0.0026531 0.0026758 0.002717 0.0027265 0.0027416 0.0027852 0.0027817 0.0028067 0.0028209 0.0028232 0.0028206 0.0028183 0.0028169 0.0028169 0.0028174 0.0028215 0.0028233 0.0028218 0.002821 0.0028157 0.0028133 0.0028115 0.0028107 0.0028084 0.0028058 0.0028033 0.0028008 0.0027977 0.0027947 0.002793 0.0027913 0.0027883 0.0027875 0.0027841 0.0027822 0.0027809 0.0027787 0.0027745 0.0027713 0.0027692 0.0027685
0.0027883 0.0027763 0.002787 0.0027992 0.0028053 0.0028228 0.0026973 0.0026807 0.0027102 0.0027321 0.002664 0.0027098 0.0026829 0.0026709 0.0026798 0.0027105 0.0026116 0.0025735 0.0025662 0.0025692 0.0025697 0.0026158 0.0026917 0.00265 0.0026473 0.0026696 0.0027199 0.0026821 0.0026716 0.0027073 0.002691 0.0025369 0.0025521 0.0026128 0.0025552 0.0025341 0.0025316 0.0025296 0.0025342 0.0025426 0.0025388 0.002565 0.0025483 0.0025312 0.0025398 0.0025247 0.0025107 0.0025135 0.0025134 0.0025427 0.0025438 0.0025362 0.002551 0.0025956 0.0025905 0.0025678 0.0025715 0.0025783 0.0025903 0.0026021 0.0026079 0.0025961 0.0026215 0.0026038 0.002596 0.0025956 0.0026423 0.0026438 0.0026948 0.0027188 0.0027345 0.0027676 0.0027462 0.0027435 0.0027387 0.0027515 0.0027674 0.002784 0.0027905 0.0027929 0.0028 0.0028038 0.0027718 0.0027331 0.0026799 0.0026719 0.0026815 0.0026923 0.0027066 0.0027356 0.0027763 0.002772 0.0026213 0.0025832 0.0025797 0.0025941 0.0025822 0.0025716 0.0025487 0.0025351 0.0025288 0.0025452 0.0025248 0.0025146 0.0025082 0.0025027 0.0024968 0.0024929 0.0024902 0.0024853 0.0024827 0.0024832 0.0024852 0.0024872 0.0024896 0.0024937 0.0024978 0.002501 0.0025027 0.0025007 0.0025052 0.0025113 0.0025134 0.0025089 0.0025072 0.0025071 0.0025062 0.0025069 0.0025089 0.0025055 0.002507 0.0025057 0.0025043 0.0025076 0.0025144 0.0025142 0.0025311 0.0025293 0.0025258 0.0025626 0.0025202 0.0025208 0.0025203 0.0025882 0.0025953 0.0026036 0.0026256 0.0026764 0.0026276 0.0025903 0.0026163 0.0025886 0.0026469 0.0026596 0.0026908 0.0027196 0.0026606 0.0026914 0.0027129 0.0027248 0.0027197 0.0026846 0.0027027 0.0027522 0.0027353 0.0027403 0.0027639 0.0027998 0.002781 0.0028062 0.002785 0.0027662 0.0027523 0.0027356 0.0027537 0.0027749 0.0027868 0.0027575 0.0027598 0.0027653
0.0024519 0.0024763 0.0024655 0.0024716 0.0024864 0.0024724 0.0024745 0.0024685 0.0024368 0.0024287 0.0024297 0.002432 0.0024426 0.0024492 0.0024377 0.002422 0.0024202 0.0024227 0.0024188 0.002418 0.0024226 0.0024404 0.0024399 0.0023987 0.0024008 0.0023997 0.0024097 0.0024141 0.0024205 0.0024226 0.0024268 0.0024093 0.0023945 0.002405 0.0023954 0.0023768 0.0023663 0.0023655 0.0023634 0.0023648 0.0023774 0.0023729 0.00239 0.002385 0.0023751 0.0023553 0.0023522 0.0023483 0.0023555 0.0023638 0.0023631 0.0023628 0.0023669 0.0023707 0.002388 0.0024101 0.0024124 0.0024233 0.0024309 0.0024309 0.0024198 0.0024107 0.0024084 0.0024045 0.0024017 0.0024007 0.0023975 0.0024013 0.0024059 0.0024138 0.0024546 0.0025139 0.0025238 0.0025067 0.0025031 0.002489 0.0025094 0.0024922 0.0024864 0.0025025 0.0024791 0.0024671 0.0024625 0.0024619 0.0024737 0.0024603 0.0024703 0.002496 0.0024741 0.0024905 0.0024573 0.002445 0.0024546 0.002439 0.0024237 0.0024215 0.0024288 0.0024265 0.0024375 0.0024335 0.0024219 0.0024056 0.0024072 0.002421 0.0024221 0.0023997 0.0023955 0.0023903 0.0023841 0.0023807 0.0023787 0.0023864 0.0023784 0.0023805 0.002383 0.0023873 0.0023897 0.0023968 0.002391 0.0024211 0.0023826 0.0023876 0.0023945 0.0024034 0.002427 0.0024401 0.002406 0.0024036 0.0024168 0.0024169 0.0024316 0.0024119 0.0023848 0.0023854 0.0023854 0.0023841 0.0023846 0.002393 0.0024099 0.0024122 0.0024133 0.0024169 0.0024212 0.0024148 0.0024261 0.002426 0.0024288 0.0024192 0.002406 0.0023901 0.0024041 0.0023907 0.0024121 0.0024029 0.0023815 0.0023832 0.0023892 0.0024443 0.0024218 0.0024395 0.0024174 0.002461 0.0024609 0.0024819 0.00248 0.0024855 0.0024696 0.0024607 0.002466 0.0024691 0.002463 0.0024801 0.002492 0.0024891 0.0024919 0.0024962 0.0024791 0.0024881 0.0025038 0.002475
0.0023215 0.0023187 0.0023213 0.0023277 0.0023282 0.0023076 0.0023063 0.0022976 0.002296 0.0022969 0.0022972 0.0022942 0.0022944 0.0022937 0.0022934 0.0022921 0.0022909 0.002289 0.00229 0.0022894 0.0022875 0.0022889 0.0022927 0.0022899 0.0022893 0.002291 0.0022875 0.0022821 0.002279 0.0022752 0.0022729 0.0022705 0.0022693 0.0022673 0.0022659 0.0022647 0.0022638 0.0022625 0.0022621 0.0022608 0.002261 0.0022608 0.0022594 0.0022593 0.0022591 0.002259 0.0022587 0.0022586 0.0022591 0.0022601 0.0022622 0.0022639 0.0022668 0.0022701 0.0022733 0.0022782 0.0022808 0.0022828 0.002286 0.0022858 0.0022845 0.0022881 0.0022889 0.0022904 0.0022922 0.0022951 0.002297 0.0022984 0.0022979 0.0022994 0.0023006 0.0023012 0.002304 0.0023068 0.0023091 0.0023112 0.0023137 0.0023151 0.0023199 0.0023225 0.0023202 0.0023191 0.0023193 0.0023224 0.0023191 0.0023237 0.002324 0.0023215 0.0023224 0.0023222 0.0023219 0.0023268 0.0023328 0.0023305 0.0023253 0.0023195 0.0023166 0.0023212 0.0023349 0.0023382 0.0023307 0.0023191 0.0023186 0.0023164 0.0023139 0.0023115 0.0023098 0.0023068 0.0023044 0.0023018 0.0023019 0.0023002 0.0022986 0.0022969 0.0022958 0.002294 0.0022934 0.0022924 0.0022908 0.0022906 0.0022908 0.002291 0.0022902 0.0022914 0.0022932 0.0022917 0.0022908 0.0022889 0.0022863 0.0022852 0.0022846 0.0022838 0.0022826 0.0022817 0.0022789 0.0022767 0.002274 0.002271 0.002269 0.0022676 0.0022668 0.0022657 0.0022654 0.0022656 0.0022658 0.0022646 0.0022656 0.0022671 0.0022671 0.0022685 0.0022704 0.0022728 0.0022748 0.0022774 0.0022815 0.0022841 0.0022877 0.0022916 0.0022882 0.0022842 0.0022845 0.0022856 0.0022874 0.0022876 0.0022855 0.0022875 0.0022882 0.0022889 0.0022913 0.0022923 0.0022967 0.0022987 0.0023007 0.0023032 0.0023056 0.0023079 0.0023113 0.0023134 0.0023144 0.0023178
