9.1676e-06 9.1557e-06 9.1433e-06 9.1394e-06 9.1396e-06 9.1418e-06 9.1429e-06 9.1391e-06 9.1308e-06 9.1217e-06 9.087e-06 9.075e-06 9.0812e-06 9.0685e-06 9.0271e-06 9.0074e-06 8.999e-06 8.9867e-06 8.9836e-06 9.0038e-06 9.0156e-06 8.9884e-06 8.9851e-06 8.9927e-06 9.0031e-06 9.0074e-06 9.019e-06 9.0161e-06 8.9995e-06 9.0058e-06 8.9892e-06 8.9701e-06 8.9799e-06 8.9921e-06 8.9742e-06 8.9873e-06 9.0029e-06 9.0149e-06 9.0316e-06 9.0443e-06 9.0546e-06 9.0702e-06 9.0832e-06 9.0885e-06 9.093e-06 9.0925e-06 9.0945e-06 9.0924e-06 9.0942e-06 9.0976e-06 9.1031e-06 9.1041e-06 9.1108e-06 9.1131e-06 9.1133e-06 9.1138e-06 9.1309e-06 9.137e-06 9.1423e-06 9.1416e-06 9.1458e-06 9.1502e-06 9.1503e-06 9.1586e-06 9.1547e-06 9.1473e-06 9.1448e-06 9.1747e-06 9.1875e-06 9.1843e-06 9.1982e-06 9.2003e-06 9.2007e-06 9.1995e-06 9.2097e-06 9.2163e-06 9.2194e-06 9.222e-06 9.2257e-06 9.2244e-06 9.2282e-06 9.2227e-06 9.2216e-06 9.2256e-06 9.2207e-06 9.2186e-06 9.2196e-06 9.2215e-06 9.2226e-06 9.2209e-06 9.2177e-06 9.2102e-06 9.2072e-06 9.2061e-06 9.205e-06 9.2026e-06 9.2046e-06 9.2018e-06 9.1993e-06 9.1997e-06 9.2051e-06 9.2059e-06 9.2084e-06 9.2093e-06 9.2059e-06 9.2044e-06 9.2027e-06 9.2e-06 9.1982e-06 9.197e-06 9.1947e-06 9.1989e-06 9.2065e-06 9.201e-06 9.1892e-06 9.1814e-06 9.1844e-06 9.185e-06 9.1828e-06 9.1779e-06 9.1735e-06 9.1709e-06 9.1685e-06 9.1625e-06 9.1544e-06 9.1469e-06 9.1466e-06 9.1405e-06 9.1342e-06 9.1305e-06 9.1271e-06 9.1249e-06 9.1223e-06 9.1193e-06 9.1174e-06 9.1115e-06 9.1106e-06 9.1108e-06 9.1113e-06 9.1095e-06 9.1203e-06 9.1185e-06 9.1234e-06 9.1314e-06 9.1273e-06 9.1281e-06 9.1302e-06 9.1366e-06 9.1448e-06 9.1517e-06 9.153e-06 9.1565e-06 9.1569e-06 9.1666e-06 9.1725e-06 9.1761e-06 9.1791e-06 9.1831e-06 9.1846e-06 9.1825e-06 9.1841e-06 9.186e-06 9.1879e-06 9.1931e-06 9.1942e-06 9.1964e-06 9.1941e-06 9.1918e-06 9.1898e-06 9.1876e-06 9.184e-06 9.1797e-06 9.1788e-06 9.1771e-06 9.1763e-06 9.1727e-06 9.1709e-06 9.1701e-06 9.1698e-06 9.1673e-06
8.8854e-06 8.8847e-06 8.8849e-06 8.8879e-06 8.8869e-06 8.8892e-06 8.8859e-06 8.8856e-06 8.8852e-06 8.8848e-06 8.8848e-06 8.8849e-06 8.8867e-06 8.8912e-06 8.8941e-06 8.8951e-06 8.8939e-06 8.8933e-06 8.8936e-06 8.8962e-06 8.8965e-06 8.8936e-06 8.8876e-06 8.8864e-06 8.8872e-06 8.8892e-06 8.889e-06 8.8941e-06 8.8901e-06 8.8995e-06 8.887e-06 8.8865e-06 8.8929e-06 8.8937e-06 8.8941e-06 8.8939e-06 8.8957e-06 8.8983e-06 8.8968e-06 8.898e-06 8.9016e-06 8.8981e-06 8.9008e-06 8.9027e-06 8.9054e-06 8.9071e-06 8.9076e-06 8.9136e-06 8.9182e-06 8.9241e-06 8.9413e-06 8.9225e-06 8.9458e-06 8.9864e-06 8.9816e-06 8.9918e-06 9.0125e-06 9.0362e-06 9.0485e-06 9.0537e-06 9.0208e-06 9.1232e-06 9.106e-06 9.1645e-06 9.1817e-06 9.1866e-06 9.201e-06 9.2103e-06 9.2166e-06 9.2226e-06 9.2362e-06 9.2453e-06 9.2292e-06 9.2342e-06 9.3032e-06 9.3176e-06 9.3372e-06 9.3624e-06 9.3711e-06 9.3261e-06 9.4082e-06 9.4602e-06 9.4637e-06 9.4902e-06 9.4981e-06 9.4964e-06 9.4891e-06 9.481e-06 9.4712e-06 9.4638e-06 9.4534e-06 9.4509e-06 9.4466e-06 9.4473e-06 9.4452e-06 9.3318e-06 9.359e-06 9.3101e-06 9.347e-06 9.2911e-06 9.2921e-06 9.2913e-06 9.2683e-06 9.2651e-06 9.2547e-06 9.2325e-06 9.2167e-06 9.1779e-06 9.1562e-06 9.1431e-06 9.178e-06 9.1805e-06 9.1716e-06 9.1658e-06 9.1608e-06 9.1619e-06 9.1496e-06 9.1411e-06 9.1246e-06 9.1238e-06 9.1082e-06 9.0955e-06 9.0933e-06 9.0824e-06 9.0667e-06 9.0697e-06 9.0671e-06 9.0522e-06 9.0375e-06 9.0415e-06 9.028e-06 9.026e-06 9.0226e-06 9.0113e-06 8.9885e-06 8.967e-06 8.9536e-06 8.9341e-06 8.9434e-06 8.9691e-06 8.9927e-06 8.9998e-06 9.0047e-06 9.0097e-06 9.0178e-06 9.0164e-06 9.0267e-06 9.0783e-06 9.0854e-06 9.089e-06 9.0891e-06 9.0857e-06 9.0769e-06 9.078e-06 9.0798e-06 9.0781e-06 9.0648e-06 9.0429e-06 9.0257e-06 9.0272e-06 9.0126e-06 9.0006e-06 8.9854e-06 8.9798e-06 8.9614e-06 8.9482e-06 8.9345e-06 8.928e-06 8.9122e-06 8.908e-06 8.8944e-06 8.8941e-06 8.893e-06 8.8937e-06 8.8894e-06 8.8957e-06 8.9189e-06 8.9067e-06 8.8857e-06 8.8861e-06
8.9278e-06 8.9259e-06 8.9228e-06 8.9218e-06 8.9207e-06 8.9212e-06 8.9192e-06 8.9146e-06 8.9145e-06 8.9152e-06 8.9152e-06 8.9148e-06 8.9129e-06 8.9061e-06 8.9119e-06 8.9187e-06 8.9176e-06 8.9067e-06 8.9077e-06 8.9075e-06 8.9072e-06 8.906e-06 8.9036e-06 8.9027e-06 8.904e-06 8.9038e-06 8.9007e-06 8.8938e-06 8.8905e-06 8.8858e-06 8.8909e-06 8.8926e-06 8.8914e-06 8.8913e-06 8.8938e-06 8.8865e-06 8.8977e-06 8.8904e-06 8.8878e-06 8.8859e-06 8.897e-06 8.9285e-06 8.9212e-06 8.9237e-06 8.8991e-06 8.8962e-06 8.8898e-06 8.886e-06 8.8848e-06 8.8852e-06 8.8849e-06 8.8873e-06 8.888e-06 8.8893e-06 8.8848e-06 8.8862e-06 8.8873e-06 8.8959e-06 8.8931e-06 8.8853e-06 8.8857e-06 8.9695e-06 8.9893e-06 8.9819e-06 8.9619e-06 8.9489e-06 8.9726e-06 8.9592e-06 8.9629e-06 9.033e-06 9.0063e-06 9.0271e-06 9.0872e-06 9.1055e-06 9.0943e-06 9.152e-06 9.0805e-06 9.0277e-06 8.9785e-06 9.0393e-06 9.0715e-06 9.0868e-06 9.072e-06 9.0685e-06 9.0458e-06 9.0749e-06 9.0894e-06 9.1203e-06 9.1228e-06 9.0979e-06 9.1277e-06 9.1245e-06 9.1014e-06 9.1086e-06 9.1096e-06 9.1067e-06 9.1025e-06 9.092e-06 9.084e-06 9.0628e-06 9.0694e-06 9.0453e-06 8.9913e-06 8.9464e-06 8.9576e-06 8.9643e-06 8.9684e-06 8.966e-06 8.9716e-06 8.9623e-06 8.9489e-06 8.941e-06 8.9352e-06 8.9268e-06 8.9561e-06 8.9473e-06 8.9324e-06 8.9294e-06 8.9385e-06 8.9501e-06 8.9518e-06 8.9467e-06 8.9417e-06 8.9298e-06 8.9178e-06 8.9094e-06 8.9092e-06 8.9156e-06 8.9154e-06 8.9213e-06 8.9265e-06 8.9304e-06 8.9355e-06 8.934e-06 8.9305e-06 8.9191e-06 8.8851e-06 9.0333e-06 9.1925e-06 9.0815e-06 8.9224e-06 8.8937e-06 8.8879e-06 8.8894e-06 8.8905e-06 8.9059e-06 8.9155e-06 8.9281e-06 8.922e-06 8.9151e-06 8.9277e-06 8.9245e-06 8.9186e-06 8.9049e-06 8.8933e-06 8.8905e-06 8.8892e-06 8.8884e-06 8.8899e-06 8.89e-06 8.8906e-06 8.9003e-06 8.9125e-06 8.9199e-06 8.9232e-06 8.9132e-06 8.9066e-06 8.9001e-06 8.8917e-06 8.8854e-06 8.8952e-06 8.8919e-06 8.8939e-06 8.8969e-06 8.9022e-06 8.9062e-06 8.9101e-06 8.9114e-06 8.923e-06 8.928e-06
8.9158e-06 8.9135e-06 8.9115e-06 8.9098e-06 8.9092e-06 8.9087e-06 8.9074e-06 8.9059e-06 8.9041e-06 8.9025e-06 8.9008e-06 8.8988e-06 8.8967e-06 8.8953e-06 8.896e-06 8.8956e-06 8.8943e-06 8.8923e-06 8.8906e-06 8.8895e-06 8.8883e-06 8.8872e-06 8.8862e-06 8.8854e-06 8.8848e-06 8.8848e-06 8.8852e-06 8.8865e-06 8.8907e-06 8.8992e-06 8.8939e-06 8.8866e-06 8.8859e-06 8.8849e-06 8.8873e-06 8.8926e-06 8.8918e-06 8.8896e-06 8.893e-06 8.897e-06 8.8855e-06 8.8855e-06 8.8859e-06 8.8862e-06 8.8868e-06 8.8878e-06 8.8869e-06 8.9358e-06 8.9551e-06 8.9704e-06 8.9503e-06 8.9527e-06 8.9379e-06 8.9378e-06 8.9422e-06 8.9348e-06 8.9256e-06 8.9825e-06 9.0046e-06 9.004e-06 8.9119e-06 8.9698e-06 8.9496e-06 8.9288e-06 9.0018e-06 8.935e-06 8.9378e-06 8.9328e-06 9.0292e-06 8.9424e-06 9.0143e-06 9.1005e-06 9.1832e-06 9.1883e-06 9.1101e-06 9.0485e-06 9.0611e-06 9.0552e-06 9.0523e-06 9.0926e-06 9.0819e-06 9.0674e-06 9.0139e-06 9.0248e-06 9.0321e-06 9.0062e-06 8.9879e-06 8.9826e-06 8.9966e-06 8.9921e-06 8.9326e-06 8.9299e-06 8.9472e-06 9.051e-06 8.9335e-06 8.9208e-06 8.9081e-06 8.903e-06 8.9058e-06 8.894e-06 8.9141e-06 8.8848e-06 8.8867e-06 8.8864e-06 8.8932e-06 8.9165e-06 8.9245e-06 8.8975e-06 8.89e-06 8.8917e-06 8.8948e-06 8.9065e-06 8.9423e-06 8.9589e-06 8.9787e-06 8.9762e-06 8.9047e-06 8.9066e-06 8.9001e-06 8.8991e-06 8.8936e-06 8.8937e-06 8.8849e-06 8.8863e-06 8.885e-06 8.8847e-06 8.8847e-06 8.8867e-06 8.8869e-06 8.8847e-06 8.8853e-06 8.8851e-06 8.8859e-06 8.8863e-06 8.8965e-06 8.9902e-06 9.3425e-06 9.2863e-06 9.3026e-06 9.2886e-06 9.2997e-06 8.9085e-06 8.8979e-06 8.9027e-06 8.8996e-06 8.9132e-06 8.9086e-06 8.9008e-06 8.8986e-06 8.8983e-06 8.8941e-06 8.888e-06 8.8852e-06 8.8847e-06 8.8848e-06 8.888e-06 8.8906e-06 8.8887e-06 8.8859e-06 8.9096e-06 9.0005e-06 9.0954e-06 8.9758e-06 8.8943e-06 8.9063e-06 8.9061e-06 8.9381e-06 8.9477e-06 8.9511e-06 8.953e-06 8.9386e-06 8.9141e-06 8.8849e-06 8.885e-06 8.8959e-06 8.9125e-06 8.9212e-06 8.9246e-06 8.9221e-06 8.9186e-06
8.8913e-06 8.8882e-06 8.8881e-06 8.8849e-06 8.8931e-06 8.8895e-06 8.8878e-06 8.8864e-06 8.8853e-06 8.8847e-06 8.8849e-06 8.8862e-06 8.8935e-06 8.8961e-06 8.8859e-06 8.8856e-06 8.8864e-06 8.888e-06 8.8907e-06 8.8939e-06 8.8975e-06 8.9013e-06 8.9031e-06 8.9071e-06 8.9113e-06 8.9178e-06 8.9274e-06 8.9323e-06 8.9365e-06 8.9425e-06 8.9509e-06 8.9866e-06 8.9777e-06 8.9842e-06 9.0152e-06 9.0016e-06 8.9506e-06 8.959e-06 8.9534e-06 8.9585e-06 9.0031e-06 8.965e-06 8.9122e-06 8.9194e-06 8.9011e-06 8.8911e-06 8.8952e-06 8.9111e-06 8.9177e-06 8.9043e-06 8.9226e-06 8.9099e-06 8.9436e-06 9.2559e-06 9.1202e-06 9.2117e-06 9.3677e-06 9.0954e-06 9.3377e-06 9.269e-06 9.1017e-06 9.1551e-06 9.1899e-06 9.1712e-06 9.1713e-06 9.1457e-06 9.172e-06 9.1769e-06 9.1377e-06 9.0984e-06 9.1457e-06 9.075e-06 9.0132e-06 9.0209e-06 9.029e-06 9.035e-06 9.0164e-06 9.017e-06 9.0092e-06 9.0188e-06 9.2096e-06 8.9927e-06 8.9534e-06 8.9439e-06 8.9393e-06 8.9433e-06 8.9407e-06 8.9428e-06 8.9379e-06 8.9363e-06 8.9337e-06 8.9377e-06 8.9211e-06 8.9005e-06 8.8881e-06 8.8861e-06 8.9353e-06 9.0489e-06 8.9208e-06 8.9071e-06 8.8848e-06 8.8953e-06 8.8918e-06 8.9004e-06 8.9403e-06 8.9841e-06 9.0236e-06 9.1098e-06 9.0947e-06 9.0504e-06 8.9846e-06 9.0838e-06 9.1311e-06 9.1942e-06 9.1881e-06 9.2326e-06 9.2505e-06 9.3041e-06 9.288e-06 9.2852e-06 9.2708e-06 9.2991e-06 9.26e-06 9.2169e-06 9.2089e-06 9.2499e-06 9.0473e-06 9.0604e-06 9.0889e-06 9.1205e-06 9.1489e-06 9.2761e-06 9.3145e-06 9.3822e-06 9.4129e-06 9.3943e-06 9.3704e-06 9.045e-06 8.8903e-06 8.8848e-06 8.8848e-06 8.8852e-06 8.8854e-06 8.8858e-06 8.8886e-06 8.8895e-06 8.8871e-06 8.895e-06 8.903e-06 8.9125e-06 8.9313e-06 8.9471e-06 8.9724e-06 8.9277e-06 8.9477e-06 9.0009e-06 9.047e-06 8.9584e-06 8.9307e-06 8.9385e-06 9.0743e-06 9.0162e-06 8.9389e-06 8.9373e-06 8.9662e-06 8.9576e-06 9.0732e-06 8.9186e-06 8.8897e-06 8.9136e-06 8.9131e-06 8.9e-06 8.8901e-06 8.8848e-06 8.8982e-06 8.8957e-06 8.8894e-06 8.8893e-06 8.9008e-06 8.8965e-06
8.8854e-06 8.8865e-06 8.8868e-06 8.8917e-06 8.8907e-06 8.8888e-06 8.889e-06 8.8909e-06 8.8919e-06 8.908e-06 8.8959e-06 8.9034e-06 8.9094e-06 8.9125e-06 8.9235e-06 8.9434e-06 8.9247e-06 8.9662e-06 8.9141e-06 8.9587e-06 8.9361e-06 8.9424e-06 8.9377e-06 9.0615e-06 9.2628e-06 8.9196e-06 9.0151e-06 9.2231e-06 9.1119e-06 9.1566e-06 9.1254e-06 9.1272e-06 9.1152e-06 9.1232e-06 9.1445e-06 9.1556e-06 9.1567e-06 9.1495e-06 9.1059e-06 9.0907e-06 9.0942e-06 9.0151e-06 9.2871e-06 9.3577e-06 8.955e-06 8.9986e-06 8.9945e-06 8.9623e-06 8.9523e-06 9.0396e-06 9.1486e-06 9.0074e-06 9.3534e-06 9.2159e-06 9.2544e-06 9.3922e-06 9.6088e-06 8.9574e-06 9.1832e-06 8.9913e-06 9.3052e-06 9.1691e-06 8.9567e-06 9.0888e-06 9.0931e-06 9.2439e-06 9.2654e-06 9.2251e-06 9.21e-06 9.1897e-06 9.1668e-06 9.1795e-06 9.1687e-06 9.174e-06 9.1602e-06 9.1438e-06 9.1564e-06 9.1779e-06 9.1584e-06 9.068e-06 9.1063e-06 9.1834e-06 9.0625e-06 9.0495e-06 9.0579e-06 9.1477e-06 9.0162e-06 9.0775e-06 9.0211e-06 9.0308e-06 9.0492e-06 9.0113e-06 8.9943e-06 8.9326e-06 8.8873e-06 8.8872e-06 8.9144e-06 8.8857e-06 8.9065e-06 8.9499e-06 8.9355e-06 8.9923e-06 9.0053e-06 9.0267e-06 9.0518e-06 9.1407e-06 9.0666e-06 9.1152e-06 9.0233e-06 9.1253e-06 8.9792e-06 9.07e-06 9.014e-06 9.0143e-06 8.9342e-06 8.919e-06 9.1144e-06 9.197e-06 9.3633e-06 9.4011e-06 9.4429e-06 9.4314e-06 9.4515e-06 9.4369e-06 9.4742e-06 9.4455e-06 9.4128e-06 9.454e-06 9.4365e-06 9.4714e-06 9.4199e-06 9.405e-06 9.4735e-06 9.456e-06 9.4593e-06 9.4622e-06 9.5212e-06 9.5353e-06 9.4744e-06 9.4734e-06 9.4708e-06 9.508e-06 9.2722e-06 9.0774e-06 9.1659e-06 8.9721e-06 8.8967e-06 8.8972e-06 8.8976e-06 8.8909e-06 8.8947e-06 8.9036e-06 8.9712e-06 9.5889e-06 9.4398e-06 8.9888e-06 8.9449e-06 9.1032e-06 8.8856e-06 8.8864e-06 8.953e-06 8.8891e-06 8.8855e-06 8.8894e-06 8.8927e-06 8.8877e-06 8.8939e-06 8.8858e-06 8.8868e-06 8.888e-06 8.8876e-06 8.8859e-06 8.8848e-06 8.8914e-06 8.8962e-06 8.8896e-06 8.8861e-06 8.8847e-06 8.8847e-06 8.8847e-06
8.9791e-06 8.9275e-06 8.916e-06 8.9126e-06 8.9032e-06 8.9399e-06 8.9326e-06 9.0076e-06 8.9945e-06 9.0047e-06 8.9962e-06 9.0012e-06 9.1173e-06 9.0479e-06 9.031e-06 9.0472e-06 9.081e-06 9.0768e-06 9.1274e-06 9.0767e-06 9.0554e-06 9.0733e-06 9.0549e-06 9.097e-06 9.069e-06 9.1197e-06 9.2146e-06 9.2572e-06 9.1751e-06 9.2293e-06 9.2126e-06 9.228e-06 9.2307e-06 9.2283e-06 9.2262e-06 9.2348e-06 9.2144e-06 9.2271e-06 9.2161e-06 9.2171e-06 9.2084e-06 9.2212e-06 9.1817e-06 9.1178e-06 9.0915e-06 9.0187e-06 8.9149e-06 9.0866e-06 8.9041e-06 8.9399e-06 9.2031e-06 9.103e-06 9.0439e-06 8.9234e-06 8.9462e-06 8.9943e-06 9.0488e-06 9.0417e-06 9.0848e-06 9.0675e-06 9.1904e-06 9.2927e-06 9.1966e-06 9.2278e-06 9.3401e-06 9.3575e-06 9.3383e-06 9.3634e-06 9.3631e-06 9.336e-06 9.3117e-06 9.3011e-06 9.2668e-06 9.275e-06 9.2527e-06 9.2503e-06 9.2339e-06 9.1809e-06 9.0898e-06 9.099e-06 9.072e-06 9.0247e-06 9.0069e-06 8.9689e-06 9.0323e-06 9.0998e-06 9.0487e-06 9.0598e-06 8.999e-06 9.034e-06 9.0392e-06 9.0212e-06 8.9403e-06 8.9167e-06 8.9025e-06 8.8903e-06 8.8905e-06 8.9209e-06 8.9117e-06 9.2927e-06 9.5595e-06 9.7325e-06 9.7521e-06 9.0052e-06 9.0918e-06 9.0437e-06 9.0551e-06 9.1252e-06 9.0282e-06 9.1507e-06 9.0464e-06 9.0344e-06 9.0137e-06 9.1894e-06 9.4067e-06 9.2795e-06 9.0315e-06 8.9925e-06 8.9144e-06 8.8932e-06 8.888e-06 8.8888e-06 8.8958e-06 8.8894e-06 8.9837e-06 9.1326e-06 9.2744e-06 9.2621e-06 9.2076e-06 9.1132e-06 8.9473e-06 9.1821e-06 9.295e-06 8.9742e-06 9.1685e-06 9.2837e-06 9.4934e-06 9.4161e-06 9.2609e-06 9.2094e-06 9.0552e-06 9.0614e-06 8.9999e-06 9.181e-06 9.5565e-06 9.5134e-06 9.3855e-06 9.3033e-06 9.0159e-06 9.0227e-06 9.0395e-06 8.8953e-06 9.0122e-06 9.1174e-06 9.12e-06 8.9112e-06 8.8863e-06 8.8897e-06 8.8847e-06 8.8849e-06 8.887e-06 8.8847e-06 8.8848e-06 8.8906e-06 8.886e-06 8.8851e-06 8.8887e-06 8.8944e-06 8.898e-06 8.8964e-06 8.8903e-06 8.8963e-06 8.9187e-06 8.8901e-06 8.8912e-06 8.8951e-06 8.9145e-06 8.9379e-06 8.9556e-06 8.9237e-06
9.036e-06 9.0696e-06 8.9991e-06 9.039e-06 8.9914e-06 8.9866e-06 9.0184e-06 9.3564e-06 9.0897e-06 9.0604e-06 9.6079e-06 9.9676e-06 9.141e-06 9.1996e-06 9.2069e-06 9.2693e-06 9.1589e-06 9.2156e-06 9.2163e-06 9.1333e-06 9.1349e-06 9.2526e-06 9.2517e-06 9.3467e-06 9.2573e-06 9.3005e-06 9.3295e-06 9.3461e-06 9.3282e-06 9.3082e-06 9.3104e-06 9.2981e-06 9.3216e-06 9.2994e-06 9.0963e-06 9.2601e-06 9.2634e-06 9.2533e-06 9.2379e-06 9.235e-06 9.2057e-06 9.1806e-06 9.1846e-06 9.1886e-06 9.2094e-06 9.2385e-06 9.196e-06 9.1544e-06 9.078e-06 9.0396e-06 9.0821e-06 8.9425e-06 8.9198e-06 8.9879e-06 9.1716e-06 9.2116e-06 9.1756e-06 9.3633e-06 9.4707e-06 9.4957e-06 9.5229e-06 9.507e-06 9.4655e-06 9.4264e-06 9.4037e-06 9.3986e-06 9.3745e-06 9.2461e-06 9.3661e-06 9.2961e-06 9.2112e-06 9.1398e-06 9.1249e-06 9.0618e-06 9.0428e-06 9.0679e-06 9.0371e-06 9.0996e-06 9.0388e-06 9.0464e-06 9.0694e-06 9.0875e-06 9.1258e-06 9.051e-06 9.1874e-06 9.0845e-06 9.0827e-06 9.1464e-06 9.0769e-06 9.0768e-06 9.045e-06 8.9662e-06 8.9418e-06 9.0093e-06 9.0526e-06 9.0598e-06 9.0619e-06 9.0647e-06 9.0893e-06 9.0442e-06 8.997e-06 9.0267e-06 9.0281e-06 9.0126e-06 9.1134e-06 9.1363e-06 9.1386e-06 9.0788e-06 9.0658e-06 9.0296e-06 9.0052e-06 8.9658e-06 8.901e-06 8.9328e-06 8.9492e-06 8.8901e-06 8.9264e-06 8.9085e-06 8.8912e-06 8.9027e-06 8.8876e-06 8.8857e-06 8.9606e-06 9.0458e-06 8.9984e-06 9.0244e-06 9.5776e-06 8.9194e-06 8.9487e-06 8.9506e-06 8.9757e-06 9.1441e-06 9.0965e-06 9.0448e-06 9.0252e-06 8.9771e-06 9.0665e-06 8.8898e-06 8.8864e-06 8.91e-06 8.9168e-06 8.8847e-06 9.7029e-06 9.554e-06 9.6586e-06 8.9926e-06 9.2535e-06 9.0154e-06 9.346e-06 9.5803e-06 9.4553e-06 9.3985e-06 9.3459e-06 9.3625e-06 9.4483e-06 8.96e-06 8.8891e-06 8.8908e-06 8.8915e-06 8.8909e-06 8.8921e-06 8.8862e-06 8.9152e-06 8.9033e-06 8.9264e-06 8.8847e-06 8.8853e-06 8.8917e-06 8.8969e-06 8.8963e-06 8.9023e-06 8.9029e-06 8.9063e-06 8.9381e-06 8.9401e-06 8.9546e-06 8.9833e-06 8.9722e-06 8.985e-06 8.9991e-06
9.7108e-06 9.03e-06 9.3181e-06 9.3119e-06 9.242e-06 9.1013e-06 9.5535e-06 9.3136e-06 9.3285e-06 9.317e-06 9.1014e-06 8.9932e-06 9.6137e-06 9.0828e-06 9.2101e-06 9.3133e-06 9.2861e-06 9.282e-06 9.245e-06 9.1829e-06 9.1163e-06 9.0047e-06 9.5263e-06 8.9593e-06 9.0175e-06 9.4307e-06 9.2612e-06 9.2488e-06 9.2639e-06 9.2957e-06 9.3094e-06 9.3072e-06 9.3744e-06 9.1684e-06 9.1474e-06 9.026e-06 9.0997e-06 9.2722e-06 9.2098e-06 9.239e-06 9.2381e-06 9.2557e-06 9.207e-06 9.233e-06 9.2525e-06 9.2504e-06 9.2555e-06 9.136e-06 9.5014e-06 1.0646e-05 1.0626e-05 1.093e-05 1.083e-05 9.1567e-06 9.4514e-06 9.4514e-06 9.5917e-06 9.6353e-06 9.6555e-06 9.6764e-06 9.6831e-06 9.6585e-06 9.5966e-06 9.5158e-06 9.546e-06 9.2719e-06 9.3632e-06 9.4995e-06 9.5167e-06 9.5155e-06 9.4694e-06 9.2837e-06 9.173e-06 9.2407e-06 9.1672e-06 9.1126e-06 9.0811e-06 9.1267e-06 9.2259e-06 9.0648e-06 9.0678e-06 9.0703e-06 9.0848e-06 9.2275e-06 9.1463e-06 9.2721e-06 9.3638e-06 9.3356e-06 9.2627e-06 9.2933e-06 9.1135e-06 9.0989e-06 8.9881e-06 9.107e-06 9.0969e-06 9.1393e-06 9.2223e-06 9.2346e-06 9.2317e-06 9.2182e-06 9.2392e-06 9.2429e-06 9.293e-06 9.2616e-06 9.2156e-06 9.181e-06 9.254e-06 9.053e-06 9.0298e-06 8.989e-06 8.9126e-06 8.8869e-06 8.9029e-06 8.9688e-06 9.0966e-06 9.0039e-06 9.0642e-06 9.0266e-06 9.059e-06 8.9639e-06 8.9959e-06 8.9212e-06 8.8995e-06 8.8939e-06 8.9287e-06 8.9236e-06 8.9866e-06 8.9931e-06 9.074e-06 9.0619e-06 9.0476e-06 9.0878e-06 9.104e-06 9.1427e-06 9.1879e-06 9.1966e-06 9.1876e-06 9.2602e-06 9.0986e-06 8.9867e-06 9.1326e-06 8.8847e-06 8.8872e-06 8.9532e-06 8.975e-06 8.9903e-06 9.0103e-06 9.1108e-06 9.6681e-06 9.2888e-06 9.1554e-06 8.9299e-06 9.1597e-06 9.3748e-06 9.6145e-06 9.7516e-06 9.2899e-06 8.9359e-06 8.8886e-06 8.8895e-06 8.8848e-06 8.8925e-06 8.9525e-06 8.9789e-06 8.8878e-06 8.9077e-06 8.9816e-06 9.0175e-06 8.9805e-06 9.095e-06 9.5765e-06 9.3739e-06 9.1571e-06 9.0995e-06 9.1067e-06 9.085e-06 9.1536e-06 9.078e-06 9.0993e-06 9.6327e-06
9.5275e-06 9.5582e-06 9.6531e-06 9.7153e-06 9.7928e-06 1.0007e-05 1.0209e-05 1.009e-05 1.0107e-05 1.0136e-05 1.013e-05 9.416e-06 9.0819e-06 8.991e-06 8.8955e-06 8.8967e-06 9.0002e-06 9.046e-06 9.7166e-06 9.1284e-06 9.1615e-06 9.0908e-06 9.0236e-06 9.0487e-06 1.086e-05 9.356e-06 9.3136e-06 9.3279e-06 9.26e-06 9.1538e-06 9.1936e-06 9.1498e-06 9.1447e-06 9.2379e-06 9.1953e-06 9.1761e-06 9.1424e-06 9.302e-06 9.2133e-06 9.2248e-06 9.2966e-06 9.208e-06 9.2854e-06 9.2323e-06 9.2588e-06 9.2788e-06 9.1403e-06 9.068e-06 9.09e-06 9.756e-06 1.0701e-05 1.0505e-05 1.1175e-05 9.0643e-06 9.5532e-06 9.6839e-06 9.7367e-06 9.8016e-06 9.7217e-06 9.7442e-06 9.8247e-06 9.5079e-06 9.4097e-06 9.5001e-06 9.5995e-06 9.666e-06 9.7682e-06 9.5382e-06 9.5504e-06 9.0539e-06 9.1643e-06 9.2646e-06 9.1853e-06 9.2744e-06 9.1267e-06 9.234e-06 9.1446e-06 8.9851e-06 8.9432e-06 8.9213e-06 8.9103e-06 9.1791e-06 9.1428e-06 9.1347e-06 9.2256e-06 9.2319e-06 9.3161e-06 9.2027e-06 9.3626e-06 9.257e-06 9.6479e-06 9.537e-06 9.2448e-06 9.2965e-06 9.2894e-06 9.1989e-06 9.1628e-06 8.9678e-06 9.1553e-06 9.2979e-06 9.3991e-06 9.2235e-06 9.2487e-06 9.2537e-06 9.2405e-06 9.2676e-06 9.102e-06 8.9067e-06 8.9466e-06 9.0217e-06 9.0328e-06 9.0685e-06 9.0724e-06 9.1408e-06 9.1515e-06 9.114e-06 9.2333e-06 9.1469e-06 9.205e-06 9.2505e-06 9.209e-06 9.3243e-06 9.3439e-06 9.2236e-06 9.3982e-06 9.1344e-06 8.9536e-06 9.0011e-06 9.6859e-06 9.6819e-06 9.0653e-06 9.1364e-06 9.0637e-06 8.887e-06 8.9783e-06 9.0263e-06 9.0556e-06 8.9571e-06 8.9047e-06 8.9517e-06 9.1014e-06 8.9316e-06 9.1931e-06 9.2276e-06 9.397e-06 9.4193e-06 9.3931e-06 9.215e-06 9.2209e-06 9.3382e-06 9.5278e-06 9.4462e-06 9.6579e-06 9.489e-06 1.0472e-05 1.0855e-05 1.0678e-05 1.0065e-05 9.6674e-06 9.419e-06 9.6339e-06 9.4659e-06 9.3217e-06 9.5704e-06 9.7472e-06 9.6745e-06 9.669e-06 9.5144e-06 9.4031e-06 9.917e-06 9.4493e-06 9.7281e-06 9.6164e-06 9.6502e-06 9.2552e-06 9.2544e-06 9.2878e-06 9.3547e-06 9.1535e-06 9.5429e-06
9.1476e-06 9.1758e-06 9.37e-06 9.5661e-06 9.2649e-06 1.1142e-05 1.0811e-05 1.0093e-05 1.034e-05 1.0284e-05 1.0199e-05 9.9154e-06 9.3513e-06 9.4354e-06 9.2042e-06 9.3591e-06 8.921e-06 8.9485e-06 9.0601e-06 9.2184e-06 9.4338e-06 9.2848e-06 9.1767e-06 9.1658e-06 9.0664e-06 9.4425e-06 9.2443e-06 9.3403e-06 9.1373e-06 9.5736e-06 9.0183e-06 9.0422e-06 9.0164e-06 9.1055e-06 9.1229e-06 9.1624e-06 9.2978e-06 9.3143e-06 9.3786e-06 9.378e-06 9.445e-06 9.3774e-06 9.3576e-06 9.3979e-06 9.4043e-06 1.0201e-05 9.2794e-06 9.4807e-06 9.4885e-06 9.4708e-06 9.5085e-06 9.6264e-06 9.6317e-06 9.7403e-06 9.7606e-06 9.6956e-06 9.7325e-06 9.7595e-06 9.5584e-06 9.5563e-06 9.4051e-06 9.7376e-06 9.6938e-06 9.8693e-06 9.7046e-06 9.5108e-06 9.143e-06 9.1557e-06 9.1804e-06 9.1772e-06 9.1531e-06 9.2357e-06 9.2063e-06 9.3133e-06 9.3839e-06 9.5488e-06 9.4416e-06 9.0996e-06 8.9549e-06 9.0155e-06 9.0569e-06 9.2689e-06 9.3002e-06 9.0768e-06 9.0629e-06 8.9979e-06 9.0167e-06 9.0043e-06 9.0862e-06 9.2031e-06 9.2162e-06 9.2847e-06 8.9799e-06 9.307e-06 9.3568e-06 9.3056e-06 9.3981e-06 9.3951e-06 9.3796e-06 9.4176e-06 9.3779e-06 9.3535e-06 9.3998e-06 9.3446e-06 9.2162e-06 9.089e-06 8.9199e-06 9.2847e-06 9.4104e-06 9.3304e-06 9.2234e-06 9.1362e-06 9.1834e-06 9.1313e-06 9.1955e-06 9.0178e-06 9.0065e-06 9.2148e-06 9.455e-06 9.6278e-06 9.826e-06 9.6694e-06 9.709e-06 9.7976e-06 9.7807e-06 9.6859e-06 9.3801e-06 9.1455e-06 9.0427e-06 9.0495e-06 9.2699e-06 9.1841e-06 9.1645e-06 9.1975e-06 9.8718e-06 9.12e-06 8.8849e-06 8.9009e-06 8.9193e-06 8.9291e-06 8.9631e-06 8.9627e-06 8.9084e-06 8.9227e-06 9.0293e-06 9.2061e-06 9.2722e-06 9.147e-06 9.4393e-06 9.487e-06 9.4864e-06 9.5555e-06 9.2261e-06 8.8849e-06 9.4735e-06 1.0433e-05 1.0135e-05 8.9164e-06 1.0432e-05 1.0261e-05 1.0142e-05 9.8251e-06 9.7383e-06 9.6543e-06 9.4409e-06 9.2642e-06 9.1512e-06 9.2117e-06 8.9558e-06 8.9159e-06 9.1676e-06 9.5932e-06 9.5034e-06 9.3635e-06 9.2742e-06 9.1942e-06 9.1498e-06 9.1128e-06 9.2128e-06 9.2122e-06
1.0567e-05 9.1225e-06 9.0348e-06 9.3586e-06 9.3765e-06 9.4535e-06 9.4792e-06 1.0277e-05 1.0142e-05 1.0321e-05 1.0388e-05 1.0376e-05 1.0113e-05 9.9521e-06 9.5491e-06 9.3301e-06 9.1671e-06 9.0122e-06 8.9914e-06 8.937e-06 8.9349e-06 8.9044e-06 8.9448e-06 8.9502e-06 9.0354e-06 9.0257e-06 8.9959e-06 8.9777e-06 9.1734e-06 8.9319e-06 8.9334e-06 8.9493e-06 9.1213e-06 1.0382e-05 9.0463e-06 9.1293e-06 9.1376e-06 9.788e-06 9.3346e-06 9.3548e-06 9.4221e-06 9.4142e-06 9.3877e-06 9.4001e-06 9.41e-06 9.4465e-06 9.4173e-06 9.5002e-06 9.5094e-06 9.4659e-06 9.4956e-06 9.5768e-06 9.6121e-06 9.6158e-06 9.5496e-06 9.6951e-06 9.8647e-06 9.7211e-06 9.8005e-06 9.7027e-06 9.2839e-06 9.5537e-06 9.7737e-06 9.7663e-06 9.5384e-06 9.4134e-06 1.2584e-05 1.2508e-05 1.1117e-05 9.189e-06 9.266e-06 9.2936e-06 9.3257e-06 9.4589e-06 9.5881e-06 9.307e-06 9.1333e-06 8.9698e-06 8.9847e-06 8.9262e-06 8.9822e-06 8.987e-06 9.1202e-06 9.0753e-06 9.2096e-06 9.1591e-06 9.2149e-06 9.2247e-06 9.2181e-06 9.2166e-06 9.2396e-06 9.3329e-06 9.2825e-06 9.3722e-06 9.336e-06 9.4193e-06 9.3386e-06 9.3084e-06 9.332e-06 9.2159e-06 9.2393e-06 8.9781e-06 8.9398e-06 8.9475e-06 8.9037e-06 8.9884e-06 9.7007e-06 1.0397e-05 1.0292e-05 9.7326e-06 9.6043e-06 9.2911e-06 9.312e-06 9.1364e-06 9.2138e-06 9.163e-06 9.375e-06 9.5063e-06 9.7426e-06 9.7839e-06 9.7564e-06 9.7434e-06 9.814e-06 9.803e-06 9.723e-06 1.0001e-05 9.9829e-06 1.0179e-05 1.0203e-05 9.6065e-06 9.1424e-06 8.9551e-06 9.1218e-06 9.209e-06 8.9606e-06 8.9294e-06 8.914e-06 8.8873e-06 8.9362e-06 8.8849e-06 8.8887e-06 8.921e-06 8.9246e-06 9.1969e-06 9.0607e-06 9.0422e-06 8.9364e-06 9.0032e-06 9.1537e-06 9.3262e-06 9.5544e-06 9.7737e-06 9.439e-06 9.5876e-06 9.7105e-06 9.7532e-06 9.7867e-06 9.8541e-06 9.4916e-06 9.6475e-06 9.5878e-06 9.6388e-06 9.4664e-06 9.3185e-06 9.5013e-06 9.4589e-06 9.4608e-06 9.4504e-06 9.4086e-06 9.1681e-06 9.5701e-06 9.3843e-06 9.3443e-06 9.2289e-06 9.046e-06 9.3356e-06 9.0295e-06 9.0214e-06 9.0398e-06 9.2293e-06
9.164e-06 9.0273e-06 8.9549e-06 9.065e-06 9.0807e-06 9.5808e-06 9.7515e-06 1.0313e-05 1.0086e-05 1.0174e-05 1.0142e-05 1.0319e-05 1.033e-05 1.0331e-05 1.0177e-05 9.918e-06 9.7558e-06 9.6915e-06 9.5896e-06 9.3451e-06 9.1005e-06 9.0559e-06 9.0808e-06 9.0141e-06 9.1349e-06 9.1018e-06 9.0028e-06 9.385e-06 9.2549e-06 9.0108e-06 8.9622e-06 9.0357e-06 8.9809e-06 9.0456e-06 9.1121e-06 9.1652e-06 9.1765e-06 9.2119e-06 9.2267e-06 9.3521e-06 9.3664e-06 9.4366e-06 9.4616e-06 9.4663e-06 9.5358e-06 9.5638e-06 9.5374e-06 9.5279e-06 9.548e-06 9.5389e-06 9.4535e-06 9.3882e-06 9.3416e-06 9.4318e-06 9.5431e-06 9.6626e-06 9.6642e-06 9.6735e-06 9.5617e-06 9.0749e-06 1.0012e-05 9.8612e-06 1.0078e-05 1.0424e-05 9.5477e-06 9.9419e-06 1.0159e-05 1.0235e-05 9.3641e-06 9.3116e-06 9.4678e-06 9.3693e-06 9.4184e-06 9.5214e-06 9.716e-06 9.5978e-06 9.2547e-06 9.1613e-06 9.0235e-06 8.9476e-06 8.9499e-06 9.0174e-06 9.4327e-06 9.1239e-06 9.2025e-06 9.2222e-06 9.2174e-06 9.18e-06 9.0788e-06 9.2434e-06 9.2453e-06 9.2644e-06 9.2361e-06 9.3365e-06 9.2335e-06 9.3616e-06 9.5529e-06 9.4162e-06 9.2508e-06 9.2929e-06 9.1654e-06 9.1809e-06 9.1255e-06 9.0849e-06 8.9769e-06 9.0615e-06 9.0168e-06 9.1025e-06 9.1497e-06 9.1036e-06 9.0901e-06 9.05e-06 9.088e-06 9.4111e-06 9.6089e-06 1.0259e-05 1.0201e-05 9.9123e-06 9.7168e-06 9.6141e-06 9.6223e-06 9.8155e-06 1.0028e-05 9.9782e-06 1.0169e-05 1.0086e-05 1.003e-05 1.0111e-05 1.0101e-05 1.0273e-05 9.267e-06 9.2309e-06 9.2034e-06 9.1481e-06 1.0678e-05 8.9876e-06 8.9755e-06 9.004e-06 9.1812e-06 8.898e-06 8.8953e-06 8.8964e-06 8.9548e-06 8.9627e-06 8.9737e-06 8.9094e-06 8.8979e-06 9.1991e-06 9.0921e-06 8.9897e-06 9.3994e-06 9.2784e-06 9.2295e-06 9.5551e-06 9.5261e-06 8.9286e-06 9.0665e-06 9.1382e-06 9.4784e-06 9.2745e-06 9.0324e-06 9.0802e-06 9.5032e-06 9.2386e-06 9.397e-06 9.585e-06 9.4625e-06 9.5357e-06 9.5017e-06 9.4756e-06 9.2591e-06 9.2042e-06 9.1284e-06 8.9547e-06 9.3035e-06 9.455e-06 9.1956e-06 9.1238e-06 9.0043e-06 8.9796e-06
9.1537e-06 9.1415e-06 9.3891e-06 9.0457e-06 8.9761e-06 9.113e-06 9.3959e-06 9.5115e-06 9.7556e-06 9.6641e-06 9.9836e-06 9.7861e-06 1.043e-05 1.0061e-05 1.0093e-05 9.9102e-06 1.0001e-05 1.005e-05 9.94e-06 9.4615e-06 9.143e-06 9.1301e-06 9.0353e-06 9.0664e-06 9.0384e-06 9.0864e-06 9.0886e-06 9.0288e-06 9.0127e-06 9.0345e-06 9.0176e-06 9.0618e-06 9.1532e-06 9.1603e-06 9.1451e-06 9.0596e-06 9.0065e-06 9.1218e-06 9.3206e-06 9.1755e-06 9.4412e-06 9.2328e-06 9.1435e-06 9.3533e-06 9.3877e-06 9.3849e-06 9.2484e-06 9.4483e-06 9.3927e-06 9.3869e-06 9.2467e-06 9.306e-06 9.6377e-06 1.0079e-05 9.6879e-06 9.1458e-06 9.4053e-06 9.9383e-06 9.7626e-06 9.8164e-06 9.7443e-06 9.7258e-06 9.8861e-06 1.0204e-05 1.0876e-05 1.0399e-05 9.4939e-06 1.052e-05 9.3781e-06 9.8772e-06 9.5987e-06 9.4201e-06 9.4571e-06 9.3595e-06 9.4369e-06 9.9265e-06 1.0137e-05 9.9762e-06 9.8543e-06 9.4641e-06 9.319e-06 9.1189e-06 9.1621e-06 9.1498e-06 9.1574e-06 9.1835e-06 9.2466e-06 9.2455e-06 9.2497e-06 9.2251e-06 9.2157e-06 9.2249e-06 9.2862e-06 9.2448e-06 9.2741e-06 9.1786e-06 9.2513e-06 9.2913e-06 9.2088e-06 9.3503e-06 9.3728e-06 9.2051e-06 9.242e-06 9.3557e-06 9.2643e-06 9.1449e-06 9.0665e-06 8.9988e-06 9.0091e-06 8.9606e-06 9.1108e-06 9.164e-06 9.359e-06 9.9174e-06 1.0598e-05 1.0732e-05 1.0806e-05 1.034e-05 1.002e-05 9.9086e-06 9.8503e-06 9.8063e-06 9.8858e-06 9.9473e-06 1.029e-05 1.0421e-05 1.0227e-05 1.016e-05 1.0207e-05 1.0257e-05 9.9495e-06 9.3771e-06 9.3009e-06 9.4815e-06 9.2124e-06 9.0288e-06 8.9605e-06 8.997e-06 8.963e-06 8.8863e-06 9.3478e-06 8.9245e-06 9.0562e-06 9.0273e-06 9.0174e-06 8.9496e-06 8.9238e-06 8.9032e-06 8.8876e-06 8.9308e-06 9.0264e-06 9.1969e-06 9.0849e-06 9.1065e-06 9.2687e-06 9.514e-06 9.7762e-06 9.8101e-06 9.5243e-06 9.4213e-06 9.1322e-06 9.1776e-06 9.2788e-06 9.2601e-06 9.2068e-06 8.9318e-06 8.9264e-06 8.9977e-06 9.1742e-06 9.339e-06 9.4359e-06 9.4922e-06 9.3563e-06 9.5612e-06 9.5276e-06 9.0394e-06 9.2228e-06 9.2807e-06 9.2473e-06 9.5285e-06
9.6794e-06 9.1124e-06 8.9601e-06 9.1406e-06 9.3077e-06 9.4516e-06 9.4367e-06 9.0792e-06 9.1288e-06 9.2363e-06 9.0415e-06 9.1288e-06 9.4902e-06 9.1253e-06 1.1355e-05 9.1638e-06 9.3967e-06 9.3654e-06 9.9939e-06 9.545e-06 9.4693e-06 9.4306e-06 9.4632e-06 9.1019e-06 9.0456e-06 8.9819e-06 9.6259e-06 9.2451e-06 9.0364e-06 9.0629e-06 9.2697e-06 9.4911e-06 9.5199e-06 9.4313e-06 9.4593e-06 9.2601e-06 9.0659e-06 9.1407e-06 9.1064e-06 9.0956e-06 9.3138e-06 9.0123e-06 9.1746e-06 9.3964e-06 9.194e-06 8.9207e-06 9.5391e-06 9.7012e-06 9.7555e-06 9.6982e-06 9.6658e-06 9.8237e-06 9.8011e-06 9.4651e-06 9.2115e-06 1.0087e-05 1.0092e-05 9.7904e-06 1.011e-05 1.0086e-05 1.0006e-05 9.7698e-06 9.9551e-06 1.0051e-05 1.0491e-05 1.1309e-05 1.0648e-05 9.7053e-06 1.0785e-05 1.0834e-05 1.0401e-05 9.9316e-06 9.1974e-06 9.8999e-06 1.0207e-05 9.5835e-06 9.4498e-06 9.5308e-06 9.4058e-06 9.2201e-06 8.9396e-06 8.9445e-06 9.1467e-06 9.2931e-06 9.1592e-06 9.1244e-06 9.0763e-06 9.2176e-06 9.2765e-06 9.2567e-06 9.2921e-06 9.2422e-06 9.2524e-06 9.3598e-06 9.2951e-06 9.3359e-06 9.3057e-06 9.2075e-06 9.2802e-06 9.3539e-06 9.4156e-06 9.3098e-06 9.2636e-06 9.2583e-06 9.0268e-06 9.269e-06 9.2195e-06 9.2355e-06 9.2492e-06 9.3274e-06 9.4168e-06 9.4826e-06 9.5859e-06 9.8028e-06 1.0183e-05 1.0339e-05 9.6667e-06 9.6124e-06 9.6516e-06 9.4431e-06 1.1577e-05 1.0385e-05 9.522e-06 9.7759e-06 1.0044e-05 1.0178e-05 1.0501e-05 1.0666e-05 1.012e-05 1.0617e-05 1.1314e-05 1.0694e-05 8.9376e-06 1.0279e-05 1.0009e-05 9.7027e-06 9.0142e-06 9.0668e-06 9.0582e-06 9.2594e-06 8.956e-06 8.9391e-06 8.924e-06 8.9399e-06 8.9523e-06 8.9361e-06 8.9363e-06 8.9069e-06 8.9425e-06 8.9316e-06 8.9872e-06 8.9856e-06 9.0007e-06 9.0276e-06 9.0425e-06 9.6516e-06 1.0589e-05 1.0353e-05 1.0326e-05 1.0087e-05 9.8216e-06 9.5564e-06 9.3837e-06 9.2351e-06 9.1989e-06 9.0511e-06 8.9526e-06 9.0189e-06 9.0373e-06 8.8881e-06 8.9838e-06 9.2665e-06 9.3546e-06 9.202e-06 8.9195e-06 8.9921e-06 9.0398e-06 9.5139e-06 9.5564e-06 9.5329e-06
9.8285e-06 9.3572e-06 9.2477e-06 9.447e-06 9.4324e-06 9.3107e-06 8.913e-06 9.056e-06 9.1276e-06 9.0532e-06 9.2793e-06 9.0511e-06 9.1333e-06 8.9223e-06 9.217e-06 9.6587e-06 9.3109e-06 9.4136e-06 9.2291e-06 9.4365e-06 9.5368e-06 9.5564e-06 9.3326e-06 9.2451e-06 8.9587e-06 9.0675e-06 9.1392e-06 9.1704e-06 9.43e-06 9.0723e-06 9.1701e-06 9.6175e-06 9.705e-06 9.4296e-06 9.7307e-06 9.4482e-06 9.1437e-06 8.9797e-06 8.9479e-06 8.9766e-06 9.0561e-06 9.343e-06 9.6019e-06 9.5815e-06 9.5195e-06 9.2827e-06 9.6874e-06 9.8626e-06 1.0125e-05 1.0104e-05 1.0125e-05 1.0134e-05 1.0201e-05 1.0244e-05 9.843e-06 9.6209e-06 9.7641e-06 9.5825e-06 9.9486e-06 1.0146e-05 9.7496e-06 9.4679e-06 1.1103e-05 1.0474e-05 9.697e-06 1.1433e-05 9.8808e-06 1.0253e-05 1.0792e-05 9.1797e-06 9.3517e-06 1.036e-05 1.1681e-05 9.7847e-06 1.0625e-05 9.6454e-06 9.6876e-06 9.3846e-06 9.2178e-06 9.2175e-06 8.9995e-06 9.0356e-06 9.1501e-06 9.0605e-06 9.0784e-06 9.2764e-06 9.1847e-06 9.1708e-06 9.3972e-06 8.9331e-06 9.2013e-06 9.3359e-06 9.387e-06 9.3124e-06 9.7752e-06 9.2077e-06 9.1695e-06 9.1821e-06 1.0085e-05 9.1571e-06 9.1199e-06 9.3381e-06 9.2455e-06 9.2647e-06 9.3143e-06 9.3523e-06 9.3384e-06 9.2978e-06 9.2885e-06 9.5388e-06 9.6334e-06 9.8768e-06 9.9781e-06 9.9983e-06 9.7974e-06 9.4598e-06 9.5105e-06 9.5982e-06 9.3233e-06 9.1025e-06 9.1233e-06 9.142e-06 9.5874e-06 1.0083e-05 1.0817e-05 1.1109e-05 1.1325e-05 1.1104e-05 1.1368e-05 1.1914e-05 1.1154e-05 1.1059e-05 1.0452e-05 1.0126e-05 1.03e-05 9.8262e-06 9.3722e-06 8.9313e-06 8.887e-06 8.905e-06 9.9548e-06 9.7511e-06 8.8868e-06 8.8874e-06 9.2342e-06 8.9096e-06 8.9281e-06 8.8847e-06 8.9231e-06 9.002e-06 8.9176e-06 8.9311e-06 9.0457e-06 9.3524e-06 9.5723e-06 9.7951e-06 1.0047e-05 9.9612e-06 1.0121e-05 1.0108e-05 1.0067e-05 9.9495e-06 9.7836e-06 9.6012e-06 9.2754e-06 9.1138e-06 9.0052e-06 8.9876e-06 9.044e-06 8.9845e-06 9.4439e-06 8.8954e-06 9.0272e-06 9.0947e-06 9.006e-06 9.2724e-06 9.4418e-06 9.3081e-06 9.5196e-06 9.6651e-06
9.64e-06 9.6751e-06 9.906e-06 1.0308e-05 9.6712e-06 8.9944e-06 9.1195e-06 9.0554e-06 8.9506e-06 8.9622e-06 8.9852e-06 1.0143e-05 8.9749e-06 9.0081e-06 8.9317e-06 8.9444e-06 9.1366e-06 9.416e-06 9.1462e-06 9.089e-06 1.002e-05 9.1122e-06 9.1287e-06 9.1225e-06 8.9289e-06 9.0874e-06 9.1993e-06 9.1897e-06 9.1788e-06 8.9397e-06 8.8893e-06 9.63e-06 9.427e-06 9.5001e-06 9.4741e-06 9.3386e-06 9.4554e-06 9.0814e-06 9.0181e-06 9.0372e-06 8.9815e-06 9.1898e-06 9.3187e-06 9.4166e-06 9.4876e-06 9.2921e-06 9.0817e-06 9.0621e-06 9.5524e-06 1.0134e-05 1.0191e-05 1.0299e-05 1.0054e-05 1.0004e-05 9.7115e-06 9.2617e-06 9.1376e-06 9.1497e-06 9.0619e-06 9.0254e-06 9.3503e-06 1.1709e-05 9.8137e-06 9.3478e-06 1.1591e-05 1.2289e-05 1.1903e-05 1.0549e-05 1.4344e-05 8.928e-06 1.2931e-05 1.0215e-05 9.3334e-06 9.8871e-06 9.4879e-06 1.066e-05 1.1295e-05 1.0553e-05 1.0027e-05 1.1495e-05 1.1558e-05 9.7573e-06 9.1966e-06 9.2373e-06 9.394e-06 9.2107e-06 9.2425e-06 9.1201e-06 9.0985e-06 9.2546e-06 9.2931e-06 9.3478e-06 9.1817e-06 9.0567e-06 9.0565e-06 9.0368e-06 9.0418e-06 9.0743e-06 9.2651e-06 9.0705e-06 8.9923e-06 9.0317e-06 9.027e-06 9.0514e-06 9.0469e-06 9.341e-06 9.3766e-06 9.5207e-06 9.6812e-06 9.8564e-06 1.005e-05 1.0279e-05 1.0551e-05 1.0799e-05 1.0512e-05 1.0083e-05 1.0284e-05 1.0312e-05 1.0583e-05 1.0102e-05 9.9836e-06 1.0292e-05 1.1198e-05 1.2159e-05 1.2936e-05 1.2885e-05 1.2978e-05 1.2939e-05 1.2957e-05 1.3727e-05 1.1971e-05 1.1564e-05 1.102e-05 1.1601e-05 1.1197e-05 1.0957e-05 1.0789e-05 9.863e-06 8.919e-06 9.2422e-06 1.0086e-05 1.0763e-05 8.9415e-06 8.9752e-06 9.1488e-06 9.0773e-06 8.9685e-06 8.9289e-06 8.9261e-06 9.0027e-06 9.17e-06 9.2611e-06 9.3413e-06 9.1895e-06 9.5449e-06 9.322e-06 9.7519e-06 9.2955e-06 8.9789e-06 9.0484e-06 9.848e-06 9.9831e-06 9.8785e-06 9.5449e-06 9.2389e-06 9.0987e-06 9.0158e-06 9.0153e-06 9.0467e-06 9.0154e-06 8.9435e-06 8.9232e-06 9.0231e-06 9.0495e-06 9.6223e-06 9.0394e-06 9.0442e-06 9.0859e-06 9.2175e-06 9.5966e-06
9.7361e-06 9.7751e-06 9.9373e-06 1.0074e-05 9.4042e-06 9.3617e-06 9.3088e-06 9.1014e-06 9.0456e-06 9.2545e-06 9.2246e-06 9.1659e-06 9.099e-06 9.1527e-06 9.0287e-06 9.105e-06 9.4139e-06 9.3161e-06 9.3123e-06 9.2666e-06 9.0368e-06 8.9052e-06 8.9057e-06 9.9912e-06 8.9048e-06 9.1032e-06 9.2621e-06 9.2667e-06 9.2651e-06 9.1292e-06 9.039e-06 9.5131e-06 9.4854e-06 9.3835e-06 9.5761e-06 9.2623e-06 9.1307e-06 9.0452e-06 8.9406e-06 8.9236e-06 8.9405e-06 8.9234e-06 8.9165e-06 8.9493e-06 9.2019e-06 9.074e-06 9.019e-06 9.159e-06 9.5177e-06 9.7963e-06 1.0141e-05 1.0192e-05 1.0217e-05 9.5895e-06 9.3949e-06 8.9493e-06 9.0407e-06 8.9362e-06 9.026e-06 1.0707e-05 9.3226e-06 1.217e-05 1.2852e-05 1.1498e-05 9.6058e-06 1.4244e-05 1.4212e-05 1.3999e-05 1.4242e-05 1.4221e-05 1.4216e-05 1.362e-05 9.6327e-06 9.6913e-06 1.1624e-05 1.0385e-05 9.676e-06 1.0831e-05 1.0448e-05 1.0269e-05 9.6124e-06 9.3358e-06 9.4322e-06 9.4089e-06 9.3387e-06 9.2416e-06 9.2493e-06 9.116e-06 9.1714e-06 9.048e-06 9.1488e-06 9.2484e-06 9.404e-06 9.2008e-06 9.2484e-06 9.6507e-06 1.0639e-05 9.2503e-06 9.2255e-06 9.2867e-06 9.2635e-06 9.2166e-06 8.9913e-06 9.0499e-06 8.994e-06 9.0794e-06 9.5115e-06 9.6161e-06 9.8783e-06 1.0191e-05 1.0499e-05 1.0786e-05 1.1315e-05 1.1858e-05 1.1862e-05 1.2433e-05 1.2853e-05 1.3281e-05 1.346e-05 1.4143e-05 1.4354e-05 1.4276e-05 1.4186e-05 1.4047e-05 1.3798e-05 1.4206e-05 1.4352e-05 1.4354e-05 1.3816e-05 1.4068e-05 1.3231e-05 1.2816e-05 1.2271e-05 1.1395e-05 1.1901e-05 1.161e-05 9.3988e-06 1.0116e-05 9.9069e-06 9.5236e-06 9.3707e-06 9.244e-06 9.2904e-06 9.3069e-06 8.9302e-06 9.0032e-06 9.0402e-06 9.0491e-06 9.1847e-06 9.3842e-06 9.6858e-06 9.6892e-06 1.1248e-05 1.0088e-05 9.3347e-06 9.4539e-06 9.6508e-06 8.9643e-06 9.0198e-06 1.0005e-05 9.6561e-06 9.4566e-06 9.3169e-06 9.3429e-06 9.1238e-06 9.0683e-06 9.1373e-06 9.2383e-06 9.4068e-06 9.251e-06 9.2335e-06 8.9914e-06 9.3325e-06 9.1179e-06 9.0291e-06 9.0611e-06 9.1735e-06 9.4343e-06 9.4324e-06 9.6589e-06
9.8255e-06 9.4317e-06 9.5007e-06 1.0361e-05 1.0688e-05 9.0672e-06 9.5127e-06 9.6356e-06 9.621e-06 9.4371e-06 9.5738e-06 9.1894e-06 9.1035e-06 9.2821e-06 9.2777e-06 9.2729e-06 9.1239e-06 9.3451e-06 9.2593e-06 9.3196e-06 9.2377e-06 8.9773e-06 8.9181e-06 9.3058e-06 9.0828e-06 9.2144e-06 1.0371e-05 9.195e-06 9.3064e-06 9.2001e-06 9.4211e-06 9.3223e-06 9.3216e-06 9.6797e-06 9.3672e-06 9.3567e-06 9.3396e-06 8.9781e-06 8.9203e-06 8.9156e-06 8.9028e-06 8.9199e-06 9.0311e-06 9.1079e-06 9.2013e-06 9.2813e-06 9.3925e-06 9.3586e-06 1.0509e-05 1.1992e-05 9.1701e-06 9.213e-06 9.4058e-06 9.2471e-06 9.3519e-06 9.828e-06 9.6242e-06 9.1173e-06 9.0729e-06 9.7027e-06 9.4362e-06 1.2463e-05 1.2866e-05 1.3376e-05 1.3232e-05 1.3741e-05 1.4155e-05 1.4144e-05 1.4094e-05 1.4056e-05 1.4088e-05 1.4288e-05 1.403e-05 1.2791e-05 1.0384e-05 1.0083e-05 1.0515e-05 1.1243e-05 9.8065e-06 1.0118e-05 1.0417e-05 1.012e-05 9.9067e-06 9.686e-06 9.4498e-06 1.071e-05 9.7029e-06 9.2695e-06 9.3539e-06 9.3926e-06 9.1932e-06 9.16e-06 9.1042e-06 9.3592e-06 9.07e-06 9.0166e-06 9.1406e-06 9.1855e-06 9.2395e-06 9.1678e-06 9.2545e-06 9.3151e-06 9.0826e-06 8.9098e-06 9.368e-06 9.2388e-06 9.3464e-06 9.6352e-06 9.7854e-06 9.9206e-06 1.075e-05 1.123e-05 1.2123e-05 1.2914e-05 1.3329e-05 1.3999e-05 1.4341e-05 1.4134e-05 1.2963e-05 1.0819e-05 8.768e-06 7.0707e-06 6.3061e-06 5.9978e-06 5.8422e-06 7.7083e-06 8.3626e-06 8.055e-06 7.9863e-06 8.4645e-06 1.1801e-05 1.4149e-05 1.4176e-05 1.4353e-05 1.1832e-05 1.2525e-05 1.2595e-05 1.1588e-05 9.6009e-06 9.5795e-06 9.7213e-06 9.2954e-06 9.3534e-06 9.1327e-06 9.2273e-06 9.8485e-06 9.1698e-06 9.1601e-06 9.2037e-06 9.1018e-06 9.2253e-06 9.514e-06 9.9057e-06 1.0188e-05 1.1483e-05 9.7408e-06 9.6012e-06 8.9236e-06 1.0112e-05 9.6543e-06 9.793e-06 9.8351e-06 9.8251e-06 9.4628e-06 9.2814e-06 9.2373e-06 9.0891e-06 9.2589e-06 9.0057e-06 9.2548e-06 9.3918e-06 9.0467e-06 8.9194e-06 8.9188e-06 9.0561e-06 9.3712e-06 9.4229e-06 9.5115e-06 9.7506e-06 9.8218e-06
9.7207e-06 9.5491e-06 9.2965e-06 9.35e-06 9.954e-06 9.7787e-06 9.7023e-06 9.1109e-06 9.9072e-06 9.3782e-06 9.1628e-06 9.3303e-06 9.2244e-06 9.384e-06 9.2752e-06 9.2114e-06 9.2744e-06 8.987e-06 9.1842e-06 9.228e-06 9.1223e-06 8.9949e-06 8.9093e-06 8.8941e-06 8.8848e-06 9.0913e-06 8.9849e-06 9.1171e-06 9.2782e-06 9.284e-06 9.2241e-06 9.3367e-06 9.1633e-06 9.1664e-06 9.2144e-06 9.0977e-06 9.0968e-06 9.0456e-06 8.9693e-06 8.8849e-06 8.8847e-06 8.8872e-06 8.8901e-06 9.1112e-06 9.2059e-06 9.3223e-06 9.3957e-06 9.1699e-06 1.0726e-05 1.1552e-05 9.1413e-06 9.1221e-06 8.9681e-06 8.9191e-06 9.3503e-06 1.0453e-05 1.0839e-05 1.0759e-05 9.4281e-06 9.0736e-06 9.1259e-06 9.2529e-06 1.3028e-05 1.4303e-05 1.3786e-05 1.4239e-05 1.3975e-05 1.4102e-05 1.4105e-05 1.4117e-05 1.4114e-05 1.4083e-05 1.4041e-05 1.4138e-05 1.4343e-05 1.4037e-05 1.052e-05 1.0638e-05 9.9825e-06 1.003e-05 1.0286e-05 1.0113e-05 9.5904e-06 9.4132e-06 9.2525e-06 9.8614e-06 9.1665e-06 9.2068e-06 9.3586e-06 9.3335e-06 9.3067e-06 9.3503e-06 9.4389e-06 9.5033e-06 9.2838e-06 9.0897e-06 9.1374e-06 9.1787e-06 9.2193e-06 9.0455e-06 9.3654e-06 9.1629e-06 9.0397e-06 9.2366e-06 9.1672e-06 9.2796e-06 9.5284e-06 9.8397e-06 1.019e-05 1.0273e-05 1.1659e-05 1.2151e-05 1.2441e-05 1.3718e-05 1.4278e-05 1.4077e-05 1.2847e-05 1.0512e-05 7.7978e-06 4.5896e-06 3.5079e-06 2.0113e-06 1.4727e-06 7.0392e-07 8.0681e-07 7.4506e-07 1.3719e-06 1.351e-06 1.8153e-06 2.5803e-06 1.41e-06 3.5338e-06 1.2908e-05 1.3073e-05 1.4323e-05 1.3205e-05 1.1139e-05 9.2528e-06 8.9964e-06 1.0164e-05 9.7201e-06 9.1992e-06 1.0298e-05 9.2279e-06 8.9662e-06 9.038e-06 9.1862e-06 9.615e-06 9.3839e-06 9.4684e-06 9.8507e-06 9.8872e-06 9.7239e-06 9.6009e-06 9.1571e-06 9.6109e-06 9.6853e-06 9.8815e-06 9.7379e-06 9.751e-06 9.6789e-06 9.2982e-06 9.3841e-06 9.7337e-06 9.6769e-06 9.4675e-06 9.1329e-06 9.6727e-06 9.3167e-06 9.6056e-06 9.2926e-06 9.0849e-06 9.3321e-06 9.0266e-06 9.0648e-06 9.2015e-06 9.2965e-06 9.4625e-06 9.5395e-06 9.6891e-06
9.0921e-06 9.2128e-06 9.143e-06 9.391e-06 1.0351e-05 1.0779e-05 1.1106e-05 9.6732e-06 9.6628e-06 9.0453e-06 9.2583e-06 9.0399e-06 9.0396e-06 8.99e-06 9.0861e-06 9.0181e-06 8.9998e-06 9.0106e-06 8.8915e-06 8.9144e-06 8.9731e-06 9.0541e-06 8.8982e-06 8.8898e-06 8.9772e-06 8.9325e-06 9.0184e-06 9.2723e-06 9.2575e-06 9.2538e-06 9.1547e-06 9.2866e-06 9.1035e-06 8.8848e-06 8.8847e-06 8.89e-06 8.9128e-06 8.9122e-06 8.9185e-06 8.8848e-06 8.887e-06 8.8854e-06 8.8855e-06 9.0042e-06 9.1349e-06 9.2345e-06 9.2542e-06 9.2492e-06 9.2081e-06 9.1525e-06 9.0727e-06 8.9744e-06 8.9002e-06 8.888e-06 8.9082e-06 8.992e-06 9.6237e-06 9.7016e-06 9.1719e-06 9.0793e-06 1.141e-05 1.2204e-05 1.2781e-05 1.3686e-05 1.4223e-05 1.3404e-05 1.4032e-05 1.3984e-05 1.4085e-05 1.3779e-05 1.3728e-05 1.4253e-05 1.4316e-05 1.1158e-05 1.2745e-05 1.0158e-05 1.0271e-05 1.0846e-05 9.9007e-06 1.0127e-05 1.0177e-05 1.002e-05 9.6567e-06 9.3423e-06 9.3959e-06 9.1093e-06 9.1777e-06 1.0964e-05 9.8684e-06 9.3569e-06 9.2538e-06 9.3247e-06 9.8898e-06 9.9449e-06 9.3496e-06 9.2369e-06 8.9657e-06 9.5189e-06 9.0694e-06 9.0708e-06 9.0502e-06 9.0534e-06 9.1761e-06 9.4089e-06 9.493e-06 9.2238e-06 9.2013e-06 9.8972e-06 1.019e-05 1.0972e-05 1.018e-05 1.1617e-05 1.3475e-05 1.4352e-05 1.3037e-05 1.0542e-05 7.7401e-06 5.86e-06 3.3346e-06 1.8362e-06 -1.5266e-07 -1.0901e-06 -1.802e-07 -1.0745e-07 2.9176e-06 1.0298e-06 7.2449e-07 3.7478e-07 8.0042e-07 9.5443e-07 8.7167e-07 8.0988e-07 1.6555e-06 3.6238e-06 9.7961e-06 1.3346e-05 1.2928e-05 1.104e-05 1.1666e-05 1.0457e-05 1.1013e-05 9.8308e-06 9.0589e-06 9.3522e-06 9.4856e-06 8.9881e-06 9.2866e-06 9.1571e-06 9.5027e-06 9.6438e-06 9.148e-06 9.4562e-06 9.4454e-06 9.4056e-06 9.3103e-06 9.7103e-06 9.4776e-06 9.3192e-06 9.1282e-06 9.1473e-06 8.8856e-06 9.0035e-06 9.3613e-06 9.2942e-06 9.0999e-06 9.4339e-06 9.8341e-06 1.0368e-05 9.5022e-06 1.0241e-05 1.0065e-05 9.6722e-06 9.6113e-06 9.2268e-06 9.0355e-06 8.9334e-06 8.9735e-06 9.0399e-06 9.1999e-06 9.2994e-06
9.0286e-06 9.2563e-06 9.1163e-06 9.0994e-06 9.5772e-06 1.032e-05 9.4697e-06 9.1315e-06 9.4562e-06 9.1783e-06 9.0461e-06 9.0965e-06 8.8894e-06 9.266e-06 8.9017e-06 8.9319e-06 8.8889e-06 8.8848e-06 8.9741e-06 8.9286e-06 9.0503e-06 8.9103e-06 8.9736e-06 9.0717e-06 9.0548e-06 9.3107e-06 8.9995e-06 9.1249e-06 9.2192e-06 9.2034e-06 9.2098e-06 9.2077e-06 9.2522e-06 8.9432e-06 8.9128e-06 8.9342e-06 8.9971e-06 9.0127e-06 9.0084e-06 8.9382e-06 8.8912e-06 8.8859e-06 8.9097e-06 8.9244e-06 8.9071e-06 9.0445e-06 9.0482e-06 9.0834e-06 9.0103e-06 9.0242e-06 8.94e-06 8.915e-06 8.8869e-06 8.8869e-06 8.8859e-06 8.9079e-06 8.9578e-06 8.9573e-06 9.1218e-06 9.4179e-06 8.9601e-06 1.0578e-05 9.9146e-06 1.2615e-05 1.2475e-05 1.3962e-05 1.3443e-05 1.3539e-05 1.3707e-05 1.348e-05 1.3626e-05 1.4089e-05 1.4341e-05 1.1767e-05 1.236e-05 1.2185e-05 1.0074e-05 9.9808e-06 9.6968e-06 9.2457e-06 9.8776e-06 9.5896e-06 9.4951e-06 9.4508e-06 9.215e-06 9.2457e-06 9.116e-06 9.2506e-06 9.4925e-06 9.3915e-06 9.4746e-06 9.4848e-06 1.015e-05 9.4435e-06 9.2717e-06 8.9737e-06 9.0744e-06 9.0233e-06 9.1746e-06 9.5662e-06 9.0858e-06 8.9614e-06 9.0254e-06 9.1635e-06 9.9634e-06 9.9938e-06 9.4845e-06 9.8368e-06 1.0611e-05 1.0439e-05 1.0159e-05 1.0943e-05 1.2894e-05 1.3973e-05 8.0768e-06 2.9336e-06 1.3573e-06 -7.7203e-07 -1.5185e-06 -2.6209e-08 1.3166e-06 4.3798e-07 -5.4718e-07 -3.0074e-07 8.694e-07 1.8722e-06 2.6798e-06 1.3025e-06 7.095e-07 1.0802e-06 1.031e-06 1.6921e-06 1.6421e-06 1.9636e-06 4.0372e-06 8.3373e-06 1.2545e-05 1.407e-05 1.2483e-05 1.1719e-05 1.1375e-05 1.1021e-05 9.9633e-06 9.401e-06 1.006e-05 1.0015e-05 9.3992e-06 9.7465e-06 9.6634e-06 9.6575e-06 9.6703e-06 9.1856e-06 9.1098e-06 9.3149e-06 9.0893e-06 9.2376e-06 9.2833e-06 9.0068e-06 8.9264e-06 9.135e-06 9.7226e-06 9.8804e-06 9.1022e-06 9.0689e-06 9.3578e-06 9.9059e-06 9.714e-06 9.965e-06 1.028e-05 1.0095e-05 1.0011e-05 9.9205e-06 9.1556e-06 9.1785e-06 9.0361e-06 9.3308e-06 9.1204e-06 9.0588e-06 9.2438e-06 9.1667e-06
9.2688e-06 9.3189e-06 9.2283e-06 9.2596e-06 9.4583e-06 9.4198e-06 9.5234e-06 9.5579e-06 9.6836e-06 9.0893e-06 9.0084e-06 9.2422e-06 9.0137e-06 8.9588e-06 8.9788e-06 8.9805e-06 9.5171e-06 8.9617e-06 9.0837e-06 9.1354e-06 9.0407e-06 9.1721e-06 9.7258e-06 9.0066e-06 9.1534e-06 9.317e-06 9.1846e-06 9.1203e-06 9.1234e-06 9.1038e-06 9.0492e-06 9.0867e-06 9.0582e-06 8.9922e-06 8.993e-06 8.982e-06 8.9897e-06 8.998e-06 9.0307e-06 9.0349e-06 8.9452e-06 8.9266e-06 8.9605e-06 8.9414e-06 8.9394e-06 8.9777e-06 8.978e-06 8.9331e-06 8.9079e-06 8.8917e-06 8.8878e-06 8.8876e-06 8.8862e-06 8.8982e-06 8.9139e-06 8.9267e-06 9.0283e-06 9.0806e-06 9.2893e-06 9.5111e-06 9.9366e-06 9.8527e-06 1.0639e-05 1.1029e-05 1.1582e-05 1.4209e-05 1.4268e-05 1.0828e-05 1.1585e-05 1.2902e-05 1.3312e-05 1.382e-05 1.3876e-05 1.297e-05 1.2027e-05 1.2657e-05 9.8141e-06 9.7455e-06 9.7171e-06 1.1571e-05 9.3668e-06 9.5513e-06 9.3074e-06 9.2736e-06 9.2288e-06 9.1711e-06 9.1692e-06 9.5425e-06 9.5191e-06 9.4284e-06 9.33e-06 9.3967e-06 9.6524e-06 9.3827e-06 9.2335e-06 9.31e-06 9.0921e-06 9.1046e-06 9.0842e-06 9.5829e-06 8.8977e-06 9.025e-06 9.0976e-06 9.1327e-06 9.5779e-06 9.1229e-06 9.5455e-06 9.8298e-06 1.0184e-05 1.025e-05 1.0479e-05 1.0322e-05 1.2924e-05 1.37e-05 2.7382e-06 1.0164e-06 -1.3672e-06 -1.5306e-06 -3.2481e-07 -1.1609e-06 -7.4295e-07 -1.241e-06 -9.3441e-07 -9.0229e-07 -3.7133e-07 -1.1703e-06 -1.3909e-06 8.9646e-07 1.4265e-06 -5.4661e-08 1.0958e-06 1.4534e-06 1.4572e-06 1.918e-06 4.1221e-06 5.4608e-06 1.044e-05 1.4316e-05 1.3166e-05 1.2307e-05 1.1394e-05 1.1824e-05 9.119e-06 1.0095e-05 1.012e-05 9.7411e-06 9.8707e-06 9.5168e-06 9.4058e-06 9.7262e-06 9.3909e-06 9.2505e-06 9.4845e-06 9.2191e-06 9.2748e-06 9.0847e-06 9.0028e-06 9.0297e-06 8.9149e-06 8.8924e-06 9.0467e-06 8.9659e-06 9.1566e-06 9.9402e-06 1.0142e-05 9.9589e-06 9.3841e-06 1.0194e-05 9.4883e-06 9.5673e-06 9.9208e-06 9.7718e-06 9.1534e-06 9.1738e-06 9.3029e-06 8.9247e-06 8.9334e-06 9.1082e-06 9.2102e-06 9.1571e-06
9.7853e-06 9.1332e-06 9.9558e-06 9.5154e-06 9.7759e-06 9.4101e-06 9.5135e-06 9.4771e-06 9.306e-06 9.1617e-06 9.0007e-06 9.0355e-06 8.9683e-06 8.9294e-06 9.0065e-06 9.0171e-06 9.1759e-06 9.2265e-06 9.1448e-06 9.1307e-06 8.958e-06 9.0236e-06 9.0993e-06 9.1033e-06 8.9977e-06 9.1386e-06 9.1836e-06 9.1835e-06 8.9452e-06 9.0232e-06 8.9811e-06 9.0668e-06 9.0846e-06 8.9629e-06 8.9669e-06 8.9641e-06 8.9712e-06 9.0004e-06 9.063e-06 9.1021e-06 8.9316e-06 8.8981e-06 8.9311e-06 8.922e-06 8.8909e-06 8.9325e-06 8.9099e-06 8.8895e-06 8.8914e-06 8.8849e-06 8.8871e-06 8.8867e-06 8.8905e-06 8.8867e-06 8.8855e-06 8.9442e-06 8.9656e-06 9.0364e-06 9.0489e-06 9.234e-06 9.228e-06 9.2968e-06 9.7712e-06 9.2844e-06 1.1951e-05 1.1623e-05 1.3526e-05 1.3941e-05 1.4231e-05 1.4338e-05 1.4153e-05 1.4094e-05 1.2157e-05 1.3014e-05 1.2408e-05 1.0002e-05 9.8462e-06 1.0129e-05 9.9181e-06 1.0102e-05 9.7357e-06 1.2867e-05 9.3132e-06 9.4674e-06 9.33e-06 9.3234e-06 9.227e-06 9.5861e-06 9.5427e-06 9.3212e-06 9.2604e-06 9.4024e-06 9.4411e-06 9.3548e-06 9.3281e-06 9.1712e-06 9.3586e-06 9.1574e-06 9.4009e-06 9.0819e-06 9.0521e-06 9.0976e-06 9.0352e-06 8.9315e-06 8.9421e-06 9.0525e-06 9.4491e-06 1.0761e-05 9.6817e-06 1.0085e-05 1.0203e-05 1.0554e-05 1.3657e-05 9.0154e-06 1.597e-06 -8.8369e-07 -8.307e-07 -1.4925e-07 -7.3694e-07 -1.4261e-06 -1.0395e-06 -1.0137e-06 -4.0552e-07 -1.1559e-06 -1.0113e-06 7.4755e-07 2.7505e-07 5.277e-07 -2.1491e-07 5.9055e-07 1.182e-06 1.3298e-06 2.044e-06 3.2768e-06 7.3517e-06 7.8185e-06 1.0292e-05 1.3782e-05 1.3417e-05 1.313e-05 1.2332e-05 1.2559e-05 1.1422e-05 1.1186e-05 1.0622e-05 1.0295e-05 9.8567e-06 9.6081e-06 9.6431e-06 1.0712e-05 9.9398e-06 9.7241e-06 9.6465e-06 9.2963e-06 9.2589e-06 9.097e-06 8.9894e-06 8.9851e-06 9.007e-06 9.0162e-06 8.9545e-06 8.9799e-06 9.2948e-06 1.0223e-05 1.0565e-05 1.0555e-05 1.0109e-05 9.9263e-06 9.4807e-06 9.7052e-06 9.6768e-06 9.8523e-06 8.9577e-06 9.2884e-06 9.3175e-06 1.0138e-05 9.1265e-06 9.26e-06 9.5031e-06 9.4538e-06
1.0054e-05 9.9019e-06 9.948e-06 1.0612e-05 1.021e-05 9.345e-06 9.4294e-06 9.3581e-06 1.0018e-05 1.0885e-05 1.2677e-05 1.2007e-05 9.6057e-06 9.0342e-06 9.1456e-06 9.1034e-06 8.949e-06 9.0221e-06 8.9472e-06 9.0406e-06 8.9424e-06 9.1259e-06 9.1013e-06 9.0974e-06 9.0227e-06 8.8859e-06 8.9408e-06 8.9847e-06 9.0594e-06 8.933e-06 8.9149e-06 8.9609e-06 8.9254e-06 8.9268e-06 8.8982e-06 8.9388e-06 8.9537e-06 8.9983e-06 9.0102e-06 9.014e-06 9.0799e-06 9.1204e-06 9.6307e-06 9.7124e-06 9.6871e-06 9.0466e-06 9.0467e-06 9.0452e-06 8.9184e-06 8.8901e-06 8.9115e-06 8.8858e-06 8.8999e-06 8.8885e-06 8.8903e-06 8.8876e-06 8.8851e-06 8.9122e-06 9.2129e-06 9.1057e-06 8.9824e-06 8.8937e-06 9.3954e-06 1.0294e-05 1.0144e-05 1.157e-05 1.1402e-05 1.2398e-05 1.3598e-05 1.3782e-05 1.3615e-05 1.2213e-05 1.2995e-05 1.0954e-05 1.106e-05 1.1013e-05 1.0537e-05 1.3329e-05 1.0378e-05 9.7313e-06 9.9668e-06 9.7872e-06 9.4298e-06 9.4271e-06 9.2849e-06 9.2954e-06 9.4662e-06 9.6977e-06 9.6646e-06 9.5066e-06 9.2958e-06 9.4894e-06 9.2442e-06 9.2767e-06 9.3676e-06 9.0724e-06 9.0184e-06 9.2598e-06 9.2101e-06 9.1412e-06 9.0086e-06 9.0441e-06 8.9183e-06 8.8932e-06 9.5914e-06 9.0993e-06 9.2957e-06 9.8946e-06 9.8927e-06 9.9086e-06 1.0342e-05 1.0907e-05 1.3525e-05 8.846e-06 2.8947e-06 -9.0096e-07 -9.1485e-07 9.6977e-07 -1.1457e-06 -1.2021e-06 -1.1776e-06 -8.0759e-07 -1.3128e-06 -1.5111e-06 -7.4593e-07 7.8769e-07 -1.8739e-07 -3.931e-07 2.4912e-07 -1.9299e-07 5.2719e-07 1.4768e-06 4.103e-06 6.5802e-06 7.815e-06 8.951e-06 1.1656e-05 1.4095e-05 1.4276e-05 1.3249e-05 1.3917e-05 1.0885e-05 1.0405e-05 1.0885e-05 9.4577e-06 9.4491e-06 9.8925e-06 1.0042e-05 1.0136e-05 1.0054e-05 9.9053e-06 9.9504e-06 9.9255e-06 9.2575e-06 9.1738e-06 9.1408e-06 9.0363e-06 9.2641e-06 9.2052e-06 9.0901e-06 9.0719e-06 9.0404e-06 9.3983e-06 9.8032e-06 1.0013e-05 9.8424e-06 9.9821e-06 9.8593e-06 9.1832e-06 9.504e-06 9.5135e-06 9.0424e-06 9.0114e-06 9.3991e-06 9.3399e-06 9.4844e-06 9.4522e-06 9.6741e-06 9.9265e-06 9.5261e-06
9.8611e-06 1.0017e-05 9.6417e-06 9.2984e-06 1.0349e-05 9.3346e-06 9.6846e-06 9.5465e-06 9.0651e-06 9.3192e-06 1.1253e-05 1.1286e-05 9.1893e-06 9.0433e-06 9.3624e-06 9.1732e-06 9.3391e-06 9.0793e-06 9.1999e-06 9.2285e-06 9.3448e-06 8.984e-06 9.3639e-06 9.3511e-06 9.175e-06 9.1729e-06 9.0735e-06 8.9765e-06 9.0185e-06 8.9828e-06 8.9524e-06 9.0103e-06 8.8856e-06 8.8987e-06 8.8992e-06 8.9201e-06 8.9448e-06 8.9383e-06 8.8855e-06 8.8924e-06 8.9568e-06 9.2389e-06 9.3323e-06 9.3073e-06 9.2058e-06 9.1725e-06 9.2e-06 9.1337e-06 9.2898e-06 9.0212e-06 8.9114e-06 8.9083e-06 8.905e-06 8.8966e-06 8.888e-06 8.8867e-06 8.8862e-06 8.9106e-06 8.9218e-06 9.0472e-06 9.053e-06 9.121e-06 8.9645e-06 9.035e-06 9.563e-06 9.2038e-06 1.0345e-05 1.315e-05 1.2699e-05 1.2702e-05 1.2693e-05 1.2637e-05 1.1369e-05 1.0841e-05 1.1215e-05 1.0922e-05 1.0701e-05 1.0265e-05 9.9981e-06 1.0032e-05 9.932e-06 1.0006e-05 9.8352e-06 9.5153e-06 9.4736e-06 9.2833e-06 9.59e-06 1.0008e-05 9.5288e-06 9.4783e-06 9.7138e-06 9.7717e-06 9.6624e-06 9.2714e-06 9.5043e-06 9.1684e-06 9.1744e-06 9.1569e-06 9.1364e-06 9.4576e-06 9.0268e-06 9.1225e-06 8.9732e-06 9.0024e-06 8.9768e-06 8.965e-06 9.2926e-06 9.6494e-06 9.9744e-06 1.0034e-05 1.0048e-05 1.1594e-05 1.3757e-05 1.2504e-05 3.7533e-06 -1.0708e-06 -1.5042e-06 -1.3118e-06 -3.0984e-07 -1.004e-06 -1.4981e-06 -1.2792e-06 -1.4565e-06 -1.5094e-06 -9.8765e-07 -1.7412e-07 -1.0208e-06 -3.8415e-07 -6.8218e-07 3.3774e-07 1.2039e-06 3.1714e-06 5.9752e-06 7.4996e-06 9.6919e-06 1.1e-05 1.1946e-05 1.3222e-05 1.4193e-05 1.2188e-05 1.1679e-05 1.0499e-05 1.0138e-05 1.0041e-05 9.9601e-06 1.029e-05 1.1011e-05 1.0203e-05 9.3361e-06 9.967e-06 1.0054e-05 1.0252e-05 9.818e-06 9.5972e-06 9.2792e-06 9.4898e-06 9.2812e-06 9.1124e-06 9.5222e-06 9.3648e-06 9.1676e-06 9.1008e-06 9.1121e-06 9.244e-06 9.5e-06 9.6325e-06 1.0254e-05 9.954e-06 9.5983e-06 9.5716e-06 9.6685e-06 9.4664e-06 9.8521e-06 9.7171e-06 9.7497e-06 9.4414e-06 9.5787e-06 9.8643e-06 1.0102e-05 1.0334e-05
1.0357e-05 1.0052e-05 1.0027e-05 9.5522e-06 1.1545e-05 1.0771e-05 9.9436e-06 9.1796e-06 8.9761e-06 8.8887e-06 8.8866e-06 8.9965e-06 8.9562e-06 9.3436e-06 9.7412e-06 9.6961e-06 9.6997e-06 9.6982e-06 9.516e-06 9.4207e-06 9.4094e-06 9.3898e-06 9.1749e-06 9.2924e-06 9.1042e-06 8.9785e-06 8.998e-06 8.9069e-06 8.8953e-06 8.9869e-06 8.9576e-06 8.8892e-06 8.885e-06 8.9279e-06 8.8851e-06 8.9529e-06 8.8916e-06 9.2456e-06 9.2119e-06 8.8946e-06 9.2602e-06 9.4861e-06 9.1256e-06 9.1176e-06 9.1401e-06 9.1528e-06 9.1027e-06 8.962e-06 9.0805e-06 9.0866e-06 9.1361e-06 9.0013e-06 8.9128e-06 8.8847e-06 8.8847e-06 8.8862e-06 8.8847e-06 8.9313e-06 8.9565e-06 8.9259e-06 8.9228e-06 9.1633e-06 9.158e-06 9.3955e-06 9.9902e-06 1.0176e-05 1.077e-05 1.1115e-05 9.1611e-06 1.1865e-05 1.077e-05 1.1009e-05 1.1114e-05 1.1522e-05 1.1124e-05 1.065e-05 1.0414e-05 1.0364e-05 1.0411e-05 1e-05 9.6744e-06 9.5132e-06 9.2765e-06 1.1429e-05 9.5526e-06 9.3619e-06 9.3818e-06 9.2922e-06 9.9155e-06 9.4739e-06 9.616e-06 9.7901e-06 9.7307e-06 9.4955e-06 9.1698e-06 9.3599e-06 9.1333e-06 9.0976e-06 9.359e-06 9.3318e-06 9.0096e-06 8.9979e-06 8.9589e-06 9.0063e-06 9.0736e-06 9.068e-06 1.0646e-05 9.3338e-06 9.853e-06 1.0249e-05 1.0424e-05 1.0657e-05 1.1909e-05 1.3826e-05 8.9997e-06 -1.3894e-08 -1.5189e-06 -1.7469e-06 -1.5851e-06 -1.0562e-06 -1.1975e-06 -1.2529e-06 -2.3949e-07 -1.4478e-06 -4.6593e-07 -6.6845e-07 -1.6372e-07 -4.254e-07 -2.6358e-07 5.8337e-08 6.2941e-07 4.3652e-06 8.0482e-06 9.5114e-06 1.144e-05 1.248e-05 1.3903e-05 1.4243e-05 1.3401e-05 1.225e-05 1.0573e-05 1.0602e-05 9.7554e-06 9.7728e-06 9.5989e-06 9.7669e-06 1.0205e-05 1.0248e-05 1.0184e-05 9.9769e-06 1.0257e-05 9.9956e-06 9.8554e-06 9.7725e-06 9.5837e-06 9.6141e-06 9.9176e-06 9.6277e-06 9.5386e-06 9.0684e-06 9.2369e-06 9.2272e-06 9.011e-06 9.0044e-06 9.3616e-06 9.5494e-06 1.025e-05 9.611e-06 9.6479e-06 9.8212e-06 1.0041e-05 9.9984e-06 9.9565e-06 9.9217e-06 9.6644e-06 9.5043e-06 1.039e-05 1.0679e-05 1.0409e-05 1.1292e-05
1.0361e-05 1.1541e-05 1.0072e-05 9.2972e-06 9.8776e-06 9.2523e-06 9.2473e-06 9.3217e-06 9.0129e-06 8.8882e-06 8.8849e-06 8.9933e-06 9.3344e-06 9.4726e-06 9.643e-06 9.5567e-06 9.6948e-06 8.924e-06 9.4425e-06 9.3863e-06 9.3328e-06 9.2037e-06 9.2145e-06 9.0979e-06 8.9434e-06 9.0015e-06 8.9543e-06 8.9276e-06 8.8848e-06 8.8885e-06 8.8867e-06 8.8927e-06 8.8877e-06 8.9064e-06 8.8955e-06 8.8873e-06 8.9536e-06 9.2749e-06 9.2435e-06 9.2584e-06 9.4159e-06 9.1325e-06 8.9832e-06 9.0012e-06 9.0677e-06 9.0133e-06 9.0505e-06 9.0336e-06 8.9832e-06 8.9741e-06 9.0033e-06 9.1992e-06 9.0177e-06 8.8878e-06 8.8887e-06 8.9039e-06 8.9041e-06 8.9064e-06 8.9095e-06 8.9235e-06 8.959e-06 9.0094e-06 9.005e-06 9.7126e-06 9.6526e-06 9.1839e-06 9.342e-06 9.7425e-06 9.6538e-06 1.1033e-05 1.0887e-05 1.1573e-05 1.0524e-05 9.989e-06 1.019e-05 1.0499e-05 1.0511e-05 1.0465e-05 1.1011e-05 1.0266e-05 9.7226e-06 9.4137e-06 9.5978e-06 9.4275e-06 9.5142e-06 9.25e-06 9.2086e-06 9.2778e-06 9.3795e-06 9.4617e-06 9.4849e-06 9.6902e-06 9.5906e-06 9.2435e-06 9.2548e-06 9.2374e-06 9.4151e-06 9.7514e-06 9.1339e-06 9.0737e-06 9.0929e-06 8.9251e-06 8.9496e-06 9.0697e-06 9.1401e-06 9.1139e-06 9.1568e-06 9.3937e-06 1.0182e-05 9.8384e-06 9.8041e-06 1.0259e-05 1.0908e-05 1.1504e-05 1.4153e-05 9.1125e-06 -9.3919e-07 -1.5704e-06 -1.7432e-06 -1.704e-06 -1.1337e-06 -1.0791e-06 -1.7434e-06 -1.7514e-06 -2.9985e-07 -5.6828e-07 -3.961e-07 -3.1814e-08 -2.3855e-07 2.8199e-07 3.08e-06 1.0099e-05 1.2608e-05 1.2553e-05 1.3374e-05 1.4144e-05 1.3962e-05 1.4214e-05 1.4116e-05 1.398e-05 1.1426e-05 1.0234e-05 9.3215e-06 9.7289e-06 9.4799e-06 9.6283e-06 9.8086e-06 9.9305e-06 1.0141e-05 1.0292e-05 1.0026e-05 9.7495e-06 9.203e-06 9.2293e-06 9.258e-06 9.4923e-06 9.2584e-06 9.1444e-06 9.3516e-06 9.5521e-06 9.3371e-06 9.1415e-06 9.4583e-06 9.6436e-06 9.4427e-06 9.4499e-06 9.3196e-06 9.5263e-06 9.5038e-06 9.1711e-06 1.0215e-05 1.0239e-05 9.7917e-06 9.7123e-06 9.9383e-06 1.0085e-05 1.1169e-05 1.0768e-05 1.0065e-05 9.3729e-06
1.0466e-05 1.0666e-05 9.2837e-06 9.1767e-06 9.2962e-06 8.9467e-06 9.0628e-06 8.8892e-06 8.8903e-06 8.9739e-06 8.9592e-06 9.0359e-06 9.3856e-06 9.5206e-06 9.9328e-06 9.4523e-06 9.7074e-06 9.752e-06 9.3911e-06 9.3877e-06 9.013e-06 9.2012e-06 9.1613e-06 9.1453e-06 9.0192e-06 8.9492e-06 8.9511e-06 8.9171e-06 8.8937e-06 8.8847e-06 8.8881e-06 8.9751e-06 8.9213e-06 8.9505e-06 9.0049e-06 8.9734e-06 9.1083e-06 9.3651e-06 9.4126e-06 9.6195e-06 9.5423e-06 9.1243e-06 8.953e-06 9.0183e-06 8.9118e-06 9.0016e-06 8.892e-06 8.8883e-06 8.9051e-06 8.9015e-06 8.9785e-06 9.1781e-06 9.3981e-06 8.9936e-06 8.8888e-06 8.9024e-06 8.8999e-06 8.908e-06 8.9138e-06 8.9128e-06 8.9892e-06 9.1541e-06 9.1325e-06 9.6616e-06 9.7661e-06 9.8443e-06 9.8034e-06 9.7904e-06 9.6978e-06 9.5295e-06 9.7632e-06 1.0812e-05 1.0744e-05 1.0002e-05 1.0852e-05 1.0007e-05 1.0914e-05 1.0345e-05 1.0248e-05 1.0429e-05 1.0028e-05 9.7483e-06 1.0112e-05 9.5928e-06 9.5245e-06 9.4076e-06 9.3612e-06 9.2774e-06 9.2863e-06 9.3566e-06 9.3913e-06 9.1858e-06 9.3198e-06 9.4628e-06 9.2823e-06 9.3775e-06 9.2197e-06 9.3961e-06 9.1927e-06 8.9855e-06 9.0362e-06 8.9805e-06 8.9291e-06 8.9766e-06 9.052e-06 9.0974e-06 9.1069e-06 9.0722e-06 9.4815e-06 9.8075e-06 9.6327e-06 9.5713e-06 9.3861e-06 9.7907e-06 1.0875e-05 1.4345e-05 5.4886e-06 3.8132e-07 -1.1931e-06 -1.7112e-06 -1.6999e-06 -1.6839e-06 -7.0375e-07 -1.4702e-07 -6.9759e-07 -6.6707e-07 4.8296e-08 1.6391e-07 3.1695e-06 7.1519e-06 9.3237e-06 1.3291e-05 1.4354e-05 1.4336e-05 1.4299e-05 1.4284e-05 1.4338e-05 1.4334e-05 1.3661e-05 1.3388e-05 1.2067e-05 1.0272e-05 9.7342e-06 9.6028e-06 9.4513e-06 9.4076e-06 9.5714e-06 9.5324e-06 9.6579e-06 9.8307e-06 9.7821e-06 9.5051e-06 9.3713e-06 9.2391e-06 9.0054e-06 8.9758e-06 9.0129e-06 8.9923e-06 9.3196e-06 9.0819e-06 9.263e-06 9.4701e-06 9.1515e-06 9.3223e-06 9.2411e-06 9.1985e-06 9.4747e-06 9.6087e-06 9.8866e-06 9.4203e-06 9.6473e-06 1.0328e-05 9.3494e-06 9.8548e-06 9.8721e-06 1.0124e-05 1.0377e-05 1.0043e-05 9.6351e-06 9.6538e-06
1.0316e-05 9.432e-06 9.3183e-06 9.2636e-06 8.9858e-06 9.009e-06 8.9061e-06 8.986e-06 9.0268e-06 8.9836e-06 9.0402e-06 9.0544e-06 9.2471e-06 9.4561e-06 9.723e-06 9.7091e-06 9.7104e-06 9.3227e-06 9.1982e-06 9.3877e-06 9.1344e-06 9.1603e-06 9.1201e-06 9.0865e-06 9.0133e-06 8.9939e-06 8.9433e-06 8.9111e-06 8.8869e-06 8.8885e-06 8.908e-06 8.9256e-06 8.9314e-06 9.0296e-06 9.0633e-06 8.9613e-06 9.1323e-06 9.4257e-06 9.3822e-06 9.6244e-06 9.3295e-06 9.1166e-06 9.0306e-06 8.9336e-06 8.9073e-06 8.8911e-06 8.89e-06 8.8847e-06 8.8847e-06 8.8862e-06 8.946e-06 9.1793e-06 9.0839e-06 9.0599e-06 9.0281e-06 9.0347e-06 8.8849e-06 8.9386e-06 8.9305e-06 9.0064e-06 9.1728e-06 9.4129e-06 9.6383e-06 9.7033e-06 9.9115e-06 9.841e-06 9.9445e-06 1.0143e-05 1.0018e-05 9.9346e-06 1.0078e-05 1.1887e-05 9.9936e-06 9.6936e-06 1.0053e-05 9.9007e-06 1.0038e-05 1.0211e-05 1.0536e-05 1.0496e-05 1.0758e-05 1.0554e-05 1.0045e-05 1.0015e-05 9.8329e-06 9.4238e-06 9.2286e-06 9.1506e-06 9.2633e-06 9.2972e-06 9.2958e-06 9.3585e-06 9.1892e-06 9.3309e-06 9.3823e-06 9.3066e-06 9.3569e-06 9.2752e-06 9.2473e-06 9.0453e-06 9.0335e-06 9.2556e-06 9.0909e-06 9.0204e-06 9.1264e-06 9.2174e-06 9.2735e-06 9.1152e-06 9.5336e-06 9.7917e-06 1.0118e-05 9.5881e-06 1.0053e-05 9.9254e-06 1.1673e-05 1.1635e-05 1.433e-05 1.3595e-05 1.2168e-05 1.8363e-06 -4.7113e-07 -1.503e-06 3.8907e-07 -3.7473e-07 1.0956e-07 -1.8663e-07 1.0102e-06 2.959e-06 1.1838e-05 1.4351e-05 1.3019e-05 1.3923e-05 1.4137e-05 1.4087e-05 1.392e-05 1.2907e-05 1.2756e-05 1.3602e-05 1.3447e-05 1.2468e-05 1.2162e-05 9.7776e-06 9.8124e-06 9.5053e-06 9.6948e-06 9.2746e-06 9.3749e-06 9.3568e-06 9.3757e-06 9.4448e-06 9.5538e-06 9.3748e-06 9.2315e-06 9.2349e-06 9.061e-06 9.0339e-06 9.3814e-06 8.9742e-06 8.9374e-06 8.9101e-06 9.3261e-06 9.6135e-06 1.0196e-05 9.4124e-06 9.583e-06 9.79e-06 9.9679e-06 9.8182e-06 9.8524e-06 9.7068e-06 9.527e-06 9.8299e-06 9.4486e-06 9.7284e-06 9.7128e-06 9.5567e-06 9.7203e-06 9.9139e-06 9.869e-06 9.8028e-06
1.0287e-05 9.4072e-06 8.9029e-06 9.2563e-06 8.9816e-06 8.9476e-06 9.1274e-06 8.9807e-06 9.0678e-06 9.0066e-06 9.0056e-06 9.0969e-06 9.4199e-06 9.6138e-06 9.7163e-06 9.6579e-06 9.6108e-06 8.9967e-06 9.4541e-06 9.42e-06 9.2845e-06 9.1189e-06 9.1126e-06 9.0612e-06 9.0296e-06 8.9788e-06 8.941e-06 8.8991e-06 8.8847e-06 8.8931e-06 8.9151e-06 8.9581e-06 8.9922e-06 9.0016e-06 9.0089e-06 9.1845e-06 9.1738e-06 9.2992e-06 9.7153e-06 9.9904e-06 9.3588e-06 9.0818e-06 8.9955e-06 8.9449e-06 8.9056e-06 8.8875e-06 8.8848e-06 8.8877e-06 8.8931e-06 8.893e-06 8.8908e-06 8.8855e-06 8.9223e-06 8.9202e-06 8.9311e-06 9.0531e-06 8.9931e-06 8.92e-06 8.9245e-06 8.989e-06 9.2009e-06 9.7176e-06 9.8769e-06 9.8198e-06 1.082e-05 9.8859e-06 9.7034e-06 9.8488e-06 1.0172e-05 1.0121e-05 1.0437e-05 1.1112e-05 1.0407e-05 9.8349e-06 1.0177e-05 1.0695e-05 1.0265e-05 1.0212e-05 1.0967e-05 1.075e-05 1.0632e-05 1.0658e-05 1.0203e-05 1.0405e-05 9.5687e-06 9.5472e-06 9.4196e-06 9.2463e-06 9.1793e-06 9.2939e-06 9.4029e-06 9.3722e-06 9.4727e-06 9.4143e-06 9.3789e-06 9.3184e-06 9.3412e-06 9.0845e-06 9.2724e-06 9.0832e-06 9.3535e-06 9.3987e-06 9.198e-06 9.2103e-06 9.3634e-06 9.4535e-06 9.5255e-06 9.439e-06 9.0956e-06 9.6837e-06 9.4205e-06 1.0023e-05 1.0296e-05 1.0485e-05 9.5339e-06 9.9153e-06 1.2521e-05 1.2262e-05 1.4115e-05 1.4141e-05 1.3888e-05 1.3802e-05 1.0333e-05 3.7191e-06 7.9039e-06 6.9174e-06 1.1663e-05 1.0142e-05 1.4354e-05 1.38e-05 1.2984e-05 1.2048e-05 1.3165e-05 1.3583e-05 1.3018e-05 1.1876e-05 1.2352e-05 1.2297e-05 1.2022e-05 1.0664e-05 1.0554e-05 1.0014e-05 9.6754e-06 9.5335e-06 9.4912e-06 9.3678e-06 9.3462e-06 9.4015e-06 9.4002e-06 9.4333e-06 9.4643e-06 9.3e-06 9.2819e-06 9.0549e-06 9.1539e-06 8.9914e-06 8.9033e-06 8.9404e-06 9.2381e-06 8.9024e-06 9.1923e-06 9.5113e-06 9.6874e-06 9.2758e-06 9.7335e-06 9.1261e-06 9.6752e-06 9.9083e-06 9.6076e-06 9.4829e-06 9.6635e-06 9.5287e-06 9.3528e-06 9.4519e-06 9.583e-06 9.7373e-06 9.548e-06 9.7144e-06 9.8807e-06 1.0137e-05
9.7698e-06 9.3663e-06 9.3548e-06 9.3333e-06 9.0169e-06 8.9781e-06 9.2126e-06 8.9204e-06 9.0203e-06 9.1632e-06 9.1135e-06 9.3678e-06 9.299e-06 9.4135e-06 9.7274e-06 9.4881e-06 9.7353e-06 9.1096e-06 9.4393e-06 9.0879e-06 9.1003e-06 9.1083e-06 9.0575e-06 9.0469e-06 8.9842e-06 8.9551e-06 8.9272e-06 8.9086e-06 8.8849e-06 8.8985e-06 8.9343e-06 8.983e-06 9.0563e-06 9.0582e-06 9.0955e-06 9.0576e-06 9.0164e-06 9.3611e-06 9.4422e-06 9.9213e-06 9.2882e-06 9.074e-06 8.9995e-06 8.9345e-06 8.8986e-06 8.8852e-06 8.8873e-06 8.8953e-06 8.9037e-06 8.9244e-06 8.9221e-06 8.9336e-06 8.9008e-06 8.8914e-06 8.8912e-06 8.8868e-06 8.8876e-06 8.8872e-06 8.8851e-06 8.8851e-06 8.8872e-06 9.2279e-06 9.9321e-06 9.9746e-06 9.9163e-06 9.9515e-06 1.0101e-05 1.0517e-05 1.0058e-05 9.9113e-06 9.9648e-06 1.1397e-05 1.1751e-05 1.2196e-05 1.0818e-05 1.0099e-05 1.0648e-05 1.0688e-05 1.1177e-05 1.1155e-05 1.1087e-05 1.1038e-05 1.0765e-05 1.0251e-05 1.0043e-05 9.7204e-06 9.7696e-06 9.7947e-06 9.4008e-06 9.3115e-06 9.2819e-06 9.4319e-06 9.4462e-06 9.1782e-06 9.2614e-06 9.3513e-06 9.3671e-06 9.1876e-06 9.1814e-06 9.1738e-06 9.3437e-06 9.5738e-06 9.161e-06 9.3794e-06 9.5025e-06 9.3997e-06 9.7209e-06 9.1758e-06 9.0117e-06 9.1209e-06 9.5671e-06 9.5762e-06 9.9137e-06 9.696e-06 9.6174e-06 9.7267e-06 9.8026e-06 1.2246e-05 1.2025e-05 1.273e-05 1.327e-05 1.3445e-05 1.402e-05 1.4172e-05 1.4272e-05 1.4302e-05 1.3896e-05 1.4319e-05 1.4354e-05 1.3672e-05 1.2098e-05 1.3079e-05 1.3006e-05 1.2546e-05 1.1168e-05 1.1697e-05 9.0323e-06 1.1936e-05 1.1862e-05 9.3018e-06 9.7717e-06 9.4321e-06 9.3659e-06 9.3645e-06 9.3893e-06 9.3991e-06 9.4012e-06 9.4109e-06 9.3374e-06 9.3087e-06 9.2853e-06 9.1436e-06 8.9741e-06 8.9479e-06 8.9243e-06 8.9845e-06 9.2516e-06 8.9137e-06 8.9275e-06 9.1205e-06 8.9946e-06 9.1889e-06 9.5219e-06 9.5073e-06 1.0006e-05 9.1939e-06 9.7499e-06 9.5355e-06 9.7123e-06 9.9007e-06 9.7835e-06 9.5914e-06 9.2545e-06 9.142e-06 9.1547e-06 9.4106e-06 9.4089e-06 9.4719e-06 9.889e-06 9.9585e-06
9.9682e-06 9.2405e-06 9.5144e-06 9.2955e-06 9.2722e-06 9.2257e-06 9.3261e-06 9.6363e-06 9.2015e-06 9.43e-06 9.3001e-06 9.8823e-06 9.8715e-06 9.7329e-06 9.8777e-06 9.6061e-06 9.6657e-06 9.3005e-06 9.0999e-06 9.357e-06 9.1542e-06 9.0664e-06 9.0459e-06 9.0008e-06 8.9646e-06 8.9239e-06 8.9039e-06 8.8904e-06 8.8878e-06 8.9244e-06 8.9741e-06 9.0285e-06 9.0854e-06 9.128e-06 9.1437e-06 9.3222e-06 9.2149e-06 9.1199e-06 9.4456e-06 9.3455e-06 9.2221e-06 9.089e-06 8.9874e-06 8.9323e-06 8.9071e-06 8.8887e-06 8.8847e-06 8.8916e-06 8.9041e-06 8.9062e-06 8.9322e-06 8.9419e-06 8.9024e-06 8.8847e-06 8.9598e-06 8.8876e-06 8.8876e-06 8.898e-06 8.899e-06 8.8894e-06 8.9095e-06 8.966e-06 9.6321e-06 9.7045e-06 9.8685e-06 9.8946e-06 9.8921e-06 9.3566e-06 9.5591e-06 9.7149e-06 9.798e-06 9.8471e-06 1.0884e-05 1.2699e-05 1.3288e-05 1.1086e-05 1.1451e-05 1.1667e-05 1.2401e-05 1.1426e-05 1.1443e-05 1.122e-05 1.2232e-05 1.0885e-05 1.1615e-05 1.0058e-05 1.0186e-05 1.0206e-05 1.013e-05 9.3835e-06 9.7025e-06 9.5604e-06 9.8599e-06 9.1335e-06 9.3945e-06 9.3672e-06 9.3678e-06 9.1081e-06 8.9894e-06 9.3138e-06 9.3446e-06 9.2492e-06 9.3044e-06 9.3365e-06 9.2388e-06 9.0567e-06 9.3151e-06 8.9935e-06 8.9415e-06 9.0332e-06 9.1723e-06 9.2221e-06 9.4977e-06 9.372e-06 9.9805e-06 1.0881e-05 1.0106e-05 1.1318e-05 1.1981e-05 1.2541e-05 1.3033e-05 1.2609e-05 1.2316e-05 1.3937e-05 1.2853e-05 1.4318e-05 1.4035e-05 1.238e-05 1.1945e-05 1.1291e-05 1.1905e-05 1.1018e-05 1.095e-05 1.1591e-05 1.0973e-05 9.7001e-06 9.564e-06 9.9652e-06 9.1733e-06 9.4717e-06 9.3584e-06 9.2264e-06 9.1453e-06 9.1734e-06 9.2305e-06 9.2836e-06 9.566e-06 9.3076e-06 9.2715e-06 9.1923e-06 9.1601e-06 9.0687e-06 8.9579e-06 8.8991e-06 8.9161e-06 8.9654e-06 9.1141e-06 8.9556e-06 8.8895e-06 8.9408e-06 8.9242e-06 9.0229e-06 9.2172e-06 9.5287e-06 9.2549e-06 9.2805e-06 9.6689e-06 9.2803e-06 9.5149e-06 9.7487e-06 9.6696e-06 9.3144e-06 9.1265e-06 9.6064e-06 9.5818e-06 9.4048e-06 9.5112e-06 9.9731e-06 1.0403e-05 9.8468e-06
9.9472e-06 9.8306e-06 9.323e-06 9.3296e-06 9.2732e-06 9.3654e-06 9.5397e-06 9.7336e-06 9.955e-06 1.0019e-05 9.9918e-06 9.9256e-06 1.027e-05 1.0387e-05 9.8976e-06 1.0115e-05 9.0182e-06 9.1753e-06 9.426e-06 9.1516e-06 9.1456e-06 9.031e-06 9.027e-06 8.9928e-06 8.9481e-06 8.9044e-06 8.8878e-06 8.8885e-06 8.9182e-06 8.9704e-06 9.0343e-06 9.1181e-06 9.1688e-06 9.1988e-06 9.1839e-06 9.202e-06 9.4306e-06 9.3214e-06 9.464e-06 9.3819e-06 9.2392e-06 9.0949e-06 9.0192e-06 8.9707e-06 8.9332e-06 8.9074e-06 8.8898e-06 8.8848e-06 8.8952e-06 8.9103e-06 8.963e-06 8.9536e-06 8.9521e-06 8.9007e-06 8.9006e-06 8.8893e-06 8.8864e-06 8.8872e-06 8.8862e-06 8.8908e-06 8.9631e-06 9.0234e-06 9.4839e-06 9.5463e-06 9.313e-06 9.4684e-06 9.7283e-06 9.3909e-06 9.7402e-06 9.708e-06 9.5275e-06 1.0109e-05 1.0365e-05 1.1708e-05 1.23e-05 1.2817e-05 1.1233e-05 1.1666e-05 1.1395e-05 1.1873e-05 1.1861e-05 1.1573e-05 1.164e-05 1.2529e-05 1.1296e-05 1.0466e-05 1.0689e-05 1.0919e-05 1.0588e-05 9.2566e-06 9.8146e-06 9.5688e-06 9.8974e-06 1.0017e-05 9.9615e-06 9.4269e-06 9.3476e-06 1.0935e-05 9.4034e-06 9.0828e-06 9.1558e-06 9.0631e-06 8.9959e-06 8.9554e-06 9.0395e-06 9.2307e-06 8.9476e-06 8.9383e-06 8.8983e-06 9.0103e-06 9.1071e-06 9.3769e-06 9.2918e-06 9.1019e-06 9.0865e-06 9.2241e-06 9.7019e-06 1.0028e-05 1.0598e-05 1.0959e-05 1.2215e-05 1.1533e-05 1.2284e-05 1.2904e-05 1.2933e-05 1.3888e-05 1.274e-05 1.1504e-05 1.1299e-05 1.0907e-05 1.017e-05 1.0301e-05 1.064e-05 1.0837e-05 9.5419e-06 9.163e-06 8.9444e-06 8.9904e-06 9.143e-06 9.3133e-06 9.1808e-06 9.0897e-06 8.9842e-06 9.0296e-06 9.1626e-06 9.2212e-06 9.2673e-06 9.3284e-06 9.1655e-06 9.1348e-06 9.1015e-06 9.0725e-06 9.1601e-06 9.092e-06 9.1285e-06 8.9502e-06 9.1085e-06 8.958e-06 8.8995e-06 8.9488e-06 8.8964e-06 9.0823e-06 9.1916e-06 9.3539e-06 9.3608e-06 9.5054e-06 9.4246e-06 9.5962e-06 9.4784e-06 1.0258e-05 9.5234e-06 1.0862e-05 9.493e-06 9.5578e-06 9.6122e-06 9.5484e-06 9.3927e-06 1.0143e-05 1.0784e-05 9.8409e-06
9.5862e-06 9.6975e-06 9.3298e-06 9.3347e-06 9.3164e-06 9.3321e-06 9.6397e-06 1.0679e-05 1.0192e-05 9.9848e-06 9.8136e-06 9.8593e-06 1.0009e-05 9.7977e-06 9.9489e-06 1.0092e-05 9.5958e-06 9.2881e-06 9.31e-06 9.1741e-06 9.088e-06 9.0162e-06 8.9985e-06 8.958e-06 8.9223e-06 8.8965e-06 8.8856e-06 8.9172e-06 8.9937e-06 9.0791e-06 9.153e-06 9.2442e-06 9.3023e-06 9.311e-06 9.2716e-06 9.4093e-06 9.3597e-06 9.5693e-06 9.5232e-06 9.3713e-06 9.2633e-06 9.1537e-06 9.091e-06 9.0332e-06 8.9768e-06 8.9427e-06 8.9057e-06 8.8897e-06 8.885e-06 8.8934e-06 8.9065e-06 8.9355e-06 8.944e-06 8.8942e-06 8.8892e-06 8.8861e-06 8.8941e-06 8.8847e-06 8.8947e-06 8.926e-06 8.9171e-06 8.8894e-06 9.3801e-06 9.3638e-06 9.4458e-06 9.3353e-06 9.6431e-06 9.7839e-06 9.7199e-06 9.7628e-06 1.0022e-05 9.9398e-06 1.03e-05 1.0834e-05 1.246e-05 1.3316e-05 1.2266e-05 1.1772e-05 1.2235e-05 1.242e-05 1.2103e-05 1.1941e-05 1.1775e-05 1.2409e-05 1.203e-05 1.2462e-05 1.0968e-05 1.1031e-05 1.0568e-05 9.9124e-06 9.7406e-06 9.9078e-06 1.0138e-05 1.029e-05 9.6833e-06 9.5109e-06 9.3672e-06 9.1523e-06 9.1277e-06 9.2138e-06 9.2787e-06 9.3452e-06 8.9394e-06 9.0311e-06 9.1355e-06 9.09e-06 9.1998e-06 8.9082e-06 8.8998e-06 8.9716e-06 9.1596e-06 8.9918e-06 9.1973e-06 9.1774e-06 9.2179e-06 9.405e-06 9.5314e-06 1.0125e-05 1.0124e-05 1.0968e-05 1.1375e-05 1.1852e-05 1.12e-05 1.2533e-05 1.1506e-05 1.1356e-05 1.1667e-05 9.5882e-06 1.0199e-05 1.019e-05 9.9497e-06 9.7305e-06 1.0389e-05 9.5667e-06 9.2329e-06 9.1199e-06 8.8856e-06 8.8913e-06 9.0631e-06 9.0155e-06 9.0969e-06 9.0897e-06 8.9723e-06 8.9136e-06 9.1767e-06 9.2449e-06 9.2556e-06 9.2782e-06 9.2856e-06 9.1417e-06 9.0372e-06 8.9651e-06 8.9195e-06 8.973e-06 9.292e-06 8.9763e-06 9.0265e-06 9.0096e-06 8.9086e-06 9.0825e-06 9.0362e-06 9.1086e-06 9.0553e-06 9.0525e-06 9.3761e-06 9.4948e-06 9.7398e-06 9.5262e-06 9.3163e-06 1.0138e-05 1.0375e-05 9.8852e-06 9.9446e-06 1.0353e-05 1.0192e-05 9.5303e-06 9.2524e-06 9.6803e-06 9.6985e-06 9.4662e-06
9.0838e-06 9.2405e-06 9.2488e-06 9.1509e-06 9.4069e-06 9.65e-06 1.0136e-05 1.1656e-05 1.1525e-05 1.057e-05 1.0365e-05 9.8823e-06 1.0037e-05 1.0006e-05 1.0286e-05 9.988e-06 9.7631e-06 9.5502e-06 9.2098e-06 9.1691e-06 9.085e-06 9.0006e-06 8.9608e-06 8.9139e-06 8.8957e-06 8.8848e-06 8.8982e-06 8.9856e-06 9.1668e-06 9.2857e-06 9.3664e-06 9.4073e-06 9.4473e-06 9.4116e-06 9.3467e-06 9.8143e-06 9.4479e-06 9.5997e-06 9.5557e-06 9.4673e-06 9.4121e-06 9.3048e-06 9.2249e-06 9.1511e-06 9.0672e-06 8.9971e-06 8.9397e-06 8.9085e-06 8.8874e-06 8.8851e-06 8.8897e-06 8.8969e-06 8.9128e-06 8.9062e-06 8.8847e-06 8.9026e-06 8.9039e-06 8.9053e-06 8.895e-06 8.9029e-06 8.9416e-06 8.9345e-06 9.2189e-06 9.1896e-06 9.3157e-06 9.4509e-06 9.8308e-06 9.9075e-06 9.9967e-06 9.7108e-06 9.9174e-06 1.0214e-05 1.0782e-05 1.1946e-05 1.3814e-05 1.3879e-05 1.3699e-05 1.1904e-05 1.2628e-05 1.2604e-05 1.3379e-05 1.2398e-05 1.2117e-05 1.1998e-05 1.2752e-05 1.303e-05 1.1538e-05 1.0815e-05 1.0882e-05 1.1012e-05 1.0558e-05 1.0235e-05 1.0317e-05 1.0127e-05 9.5954e-06 9.7684e-06 9.3793e-06 9.2815e-06 9.4623e-06 9.0419e-06 9.2157e-06 9.2675e-06 8.981e-06 9.1158e-06 8.9668e-06 9.0736e-06 8.9093e-06 8.8915e-06 8.9623e-06 8.9686e-06 8.9307e-06 9.0207e-06 9.0142e-06 9.0871e-06 9.1438e-06 9.2621e-06 9.2653e-06 9.2319e-06 9.2716e-06 1.0348e-05 1.0748e-05 1.0829e-05 1.1015e-05 1.0996e-05 1.0612e-05 1.0494e-05 9.8026e-06 9.7958e-06 9.9098e-06 9.7642e-06 9.6776e-06 9.261e-06 9.1559e-06 9.3592e-06 9.1394e-06 9.0213e-06 8.9191e-06 8.9022e-06 8.9722e-06 9.035e-06 9.1532e-06 9.1689e-06 9.2939e-06 9.2858e-06 9.1984e-06 9.2236e-06 9.2399e-06 9.251e-06 9.1757e-06 9.1215e-06 9.2581e-06 9.0254e-06 8.9227e-06 8.94e-06 9.0522e-06 9.1117e-06 9.0617e-06 9.1503e-06 8.9685e-06 9.1048e-06 9.1563e-06 9.0698e-06 9.0311e-06 9.0049e-06 9.2626e-06 9.2694e-06 9.1922e-06 9.1581e-06 9.6828e-06 1.0245e-05 1.0768e-05 1.1122e-05 1.1321e-05 1.1949e-05 1.1051e-05 1.1197e-05 1.0809e-05 1.0234e-05 1.0456e-05 9.1249e-06
9.1107e-06 9.1031e-06 9.1845e-06 9.4178e-06 9.4386e-06 9.686e-06 1.0829e-05 1.1317e-05 1.1165e-05 1.0938e-05 1.0586e-05 1.0078e-05 1.0223e-05 9.441e-06 1.0153e-05 1.099e-05 9.7834e-06 9.7608e-06 9.3919e-06 9.1458e-06 9.0733e-06 9.0022e-06 8.9187e-06 8.8899e-06 8.8847e-06 8.8948e-06 8.9459e-06 9.1658e-06 9.4179e-06 9.5862e-06 9.6144e-06 9.5905e-06 9.5353e-06 9.4861e-06 9.5813e-06 9.7757e-06 9.6537e-06 9.5906e-06 9.6337e-06 9.6691e-06 9.6322e-06 9.5079e-06 9.3877e-06 9.3023e-06 9.1685e-06 9.0729e-06 8.9967e-06 8.9495e-06 8.9085e-06 8.8885e-06 8.8851e-06 8.8876e-06 8.8885e-06 8.8929e-06 8.8857e-06 8.9076e-06 8.9741e-06 8.9695e-06 8.9023e-06 8.9132e-06 8.9411e-06 8.9601e-06 9.2041e-06 8.9793e-06 9.1348e-06 1.3811e-05 1.3879e-05 1.3134e-05 9.8525e-06 1.0107e-05 9.5423e-06 1.0221e-05 1.0645e-05 1.1626e-05 1.3836e-05 1.3713e-05 1.382e-05 1.1934e-05 1.2868e-05 1.2145e-05 1.2768e-05 1.2507e-05 1.2563e-05 1.2528e-05 1.2656e-05 1.2481e-05 1.1901e-05 1.1883e-05 1.1738e-05 1.1078e-05 1.0286e-05 1.0378e-05 1.0384e-05 1.0176e-05 9.8059e-06 9.8353e-06 9.3995e-06 9.4451e-06 9.2069e-06 9.7405e-06 9.2944e-06 9.1424e-06 8.9889e-06 8.9872e-06 8.9841e-06 8.9689e-06 8.9939e-06 8.9027e-06 8.9945e-06 8.9927e-06 9.0399e-06 8.9796e-06 8.94e-06 8.9355e-06 9.0097e-06 9.0307e-06 9.0988e-06 9.4834e-06 9.5591e-06 9.2073e-06 9.6098e-06 9.504e-06 9.7469e-06 9.7473e-06 9.648e-06 1.0234e-05 1.0072e-05 1.0045e-05 9.9196e-06 9.7062e-06 9.2485e-06 9.337e-06 8.9166e-06 8.9881e-06 9.0294e-06 8.982e-06 8.8941e-06 8.8958e-06 8.9856e-06 9.067e-06 9.2036e-06 9.2237e-06 9.3018e-06 9.3703e-06 9.2357e-06 9.2117e-06 9.194e-06 9.1598e-06 9.1388e-06 9.0374e-06 9.0915e-06 9.0541e-06 8.9564e-06 8.9871e-06 8.9542e-06 8.98e-06 9.0521e-06 9.1478e-06 9.0559e-06 9.3471e-06 9.1492e-06 9.13e-06 9.042e-06 8.9845e-06 9.5014e-06 8.9973e-06 9.1112e-06 9.2545e-06 9.7311e-06 1.0853e-05 1.1076e-05 1.1598e-05 1.162e-05 1.2115e-05 1.2553e-05 1.1435e-05 1.1453e-05 1.0768e-05 1.1469e-05 1.0011e-05
1.0481e-05 9.1239e-06 9.8344e-06 9.5469e-06 9.9425e-06 1.0259e-05 1.2584e-05 1.2022e-05 1.0799e-05 1.0971e-05 1.0959e-05 1.014e-05 9.8556e-06 9.9376e-06 1.0206e-05 1.0887e-05 9.1663e-06 9.8482e-06 1.0272e-05 9.2148e-06 9.1012e-06 8.9896e-06 8.9254e-06 8.8918e-06 8.8878e-06 8.9303e-06 9.0828e-06 9.4603e-06 9.9018e-06 1.0035e-05 9.8995e-06 9.7226e-06 9.6674e-06 9.5854e-06 9.5405e-06 9.5596e-06 9.5033e-06 9.4945e-06 9.706e-06 9.8099e-06 9.819e-06 9.6404e-06 9.5301e-06 9.4289e-06 9.2831e-06 9.1342e-06 9.0438e-06 8.9857e-06 8.9516e-06 8.9295e-06 8.9267e-06 8.8909e-06 8.8849e-06 8.8848e-06 8.8985e-06 8.9086e-06 8.9563e-06 8.8888e-06 8.9203e-06 8.8985e-06 8.9811e-06 1.3098e-05 1.4311e-05 1.4179e-05 1.3068e-05 1.3593e-05 1.4305e-05 1.3125e-05 1.3228e-05 1.0319e-05 1.0108e-05 1.117e-05 1.0969e-05 1.1284e-05 1.3149e-05 1.3083e-05 1.3568e-05 1.304e-05 1.2596e-05 1.2408e-05 1.2566e-05 1.2611e-05 1.245e-05 1.3009e-05 1.2423e-05 1.225e-05 1.2285e-05 1.1817e-05 1.1524e-05 1.1288e-05 1.1528e-05 1.093e-05 1.0668e-05 1.0041e-05 9.8163e-06 9.8353e-06 9.7022e-06 9.4842e-06 9.1441e-06 9.4779e-06 9.0723e-06 9.121e-06 9.0617e-06 8.9603e-06 8.9885e-06 8.9282e-06 8.9547e-06 8.948e-06 8.922e-06 8.9345e-06 9.0449e-06 8.9223e-06 8.9012e-06 8.8992e-06 8.9085e-06 8.8861e-06 9.0316e-06 9.4658e-06 9.4998e-06 9.5201e-06 9.2022e-06 9.5319e-06 9.5081e-06 9.4186e-06 9.6941e-06 9.8993e-06 9.9408e-06 1.0182e-05 9.4803e-06 9.226e-06 9.1252e-06 8.9028e-06 8.8955e-06 8.8993e-06 8.94e-06 8.9167e-06 8.8931e-06 8.9097e-06 8.9169e-06 9.0117e-06 9.1301e-06 9.2532e-06 9.2292e-06 9.2414e-06 9.3169e-06 9.2436e-06 9.1358e-06 9.1813e-06 9.0464e-06 9.1438e-06 9.0423e-06 9.1445e-06 8.942e-06 8.901e-06 9.1514e-06 9.2537e-06 8.9798e-06 9.2555e-06 9.2764e-06 9.1319e-06 9.1625e-06 9.1108e-06 8.9864e-06 9.0568e-06 9.2819e-06 9.3723e-06 9.2815e-06 9.3037e-06 9.5078e-06 1.1181e-05 1.1943e-05 1.3702e-05 1.2898e-05 1.2583e-05 1.1557e-05 1.2996e-05 1.2054e-05 1.3612e-05 9.9746e-06 1.0227e-05
1.0873e-05 1.0617e-05 1.0086e-05 9.696e-06 9.9752e-06 1.0731e-05 1.1681e-05 1.2615e-05 1.2136e-05 1.2526e-05 1.1781e-05 1.0671e-05 1.04e-05 1.0723e-05 1.0666e-05 1.0837e-05 9.9569e-06 9.8831e-06 9.6966e-06 9.3701e-06 9.1706e-06 9.0115e-06 8.9325e-06 8.8918e-06 8.8926e-06 8.9647e-06 9.172e-06 9.7478e-06 1.0384e-05 1.0486e-05 1.0189e-05 9.8629e-06 9.7541e-06 9.7231e-06 9.696e-06 9.4839e-06 9.5578e-06 9.5706e-06 9.7554e-06 9.8395e-06 9.8257e-06 9.444e-06 9.6737e-06 9.5191e-06 9.3596e-06 9.2178e-06 9.0931e-06 9.0267e-06 8.9823e-06 8.9542e-06 8.9466e-06 8.885e-06 8.9257e-06 9.0102e-06 1.4111e-05 1.2977e-05 1.3238e-05 9.5665e-06 1.4063e-05 1.2629e-05 1.3738e-05 8.9732e-06 8.9547e-06 9.0226e-06 1.4111e-05 1.4339e-05 1.3198e-05 1.3276e-05 9.4515e-06 1.4089e-05 1.1186e-05 1.0724e-05 1.1313e-05 1.1856e-05 1.2117e-05 1.3089e-05 1.2813e-05 1.3541e-05 1.3928e-05 1.2822e-05 1.2677e-05 1.2706e-05 1.261e-05 1.2611e-05 1.2061e-05 1.2222e-05 1.2593e-05 1.2017e-05 1.1466e-05 1.2178e-05 1.1681e-05 1.1408e-05 1.0915e-05 1.0377e-05 1.1082e-05 1.0125e-05 9.8433e-06 9.5577e-06 9.4152e-06 9.4184e-06 9.3857e-06 9.1997e-06 9.0306e-06 8.9714e-06 8.9309e-06 9.0696e-06 8.9384e-06 8.9335e-06 8.9147e-06 8.9056e-06 8.9102e-06 8.9312e-06 8.8889e-06 8.9275e-06 8.9112e-06 8.9509e-06 8.9516e-06 9.2616e-06 9.3897e-06 9.2983e-06 9.3345e-06 9.5468e-06 9.4089e-06 9.4046e-06 9.2109e-06 9.5555e-06 9.6253e-06 9.653e-06 9.453e-06 9.2971e-06 8.9243e-06 8.897e-06 8.8847e-06 8.9249e-06 8.9052e-06 8.9355e-06 8.8904e-06 8.9045e-06 9.0547e-06 9.0668e-06 9.3178e-06 9.2458e-06 9.3281e-06 9.2711e-06 9.3106e-06 9.2629e-06 9.0825e-06 9.0234e-06 9.0057e-06 9.0299e-06 9.0149e-06 8.9582e-06 9.0861e-06 8.9446e-06 9.281e-06 9.2686e-06 9.0349e-06 9.0408e-06 9.1873e-06 9.25e-06 9.1067e-06 9.158e-06 9.008e-06 8.9719e-06 9.0792e-06 9.7371e-06 9.7921e-06 1.0033e-05 1.0669e-05 1.2064e-05 1.2698e-05 1.3283e-05 1.3443e-05 1.3239e-05 1.3112e-05 1.3464e-05 1.3739e-05 1.3228e-05 1.3709e-05 1.3185e-05
1.3645e-05 1.2839e-05 1.3797e-05 1.3861e-05 1.1363e-05 1.123e-05 1.1871e-05 1.2797e-05 1.2191e-05 1.2238e-05 1.1775e-05 1.1607e-05 1.1719e-05 1.0874e-05 1.129e-05 1.107e-05 1.0833e-05 1.0171e-05 9.8918e-06 9.5175e-06 9.2378e-06 9.0897e-06 8.9454e-06 8.8917e-06 8.903e-06 8.9849e-06 9.1815e-06 9.6799e-06 1.0368e-05 1.0642e-05 1.0549e-05 9.8688e-06 9.7858e-06 9.7816e-06 9.8092e-06 9.606e-06 9.6301e-06 9.7215e-06 9.8676e-06 9.9404e-06 9.7956e-06 9.6856e-06 9.7038e-06 9.5417e-06 9.4072e-06 9.2833e-06 9.102e-06 9.0554e-06 9.0128e-06 8.9713e-06 8.992e-06 8.9004e-06 1.1718e-05 1.3565e-05 1.1815e-05 1.1516e-05 1.1145e-05 9.0919e-06 9.1454e-06 8.9337e-06 8.8847e-06 8.89e-06 8.9198e-06 8.9622e-06 9.1186e-06 9.0712e-06 9.1619e-06 1.1179e-05 9.8266e-06 9.9512e-06 1.3368e-05 1.2424e-05 1.3294e-05 1.3296e-05 1.2485e-05 1.3933e-05 1.3965e-05 1.3368e-05 1.3759e-05 1.3846e-05 1.2892e-05 1.2905e-05 1.3041e-05 1.2745e-05 1.2857e-05 1.2644e-05 1.3193e-05 1.2381e-05 1.2578e-05 1.1965e-05 1.1971e-05 1.2468e-05 1.1045e-05 1.07e-05 1.0299e-05 1.0259e-05 1.0379e-05 9.85e-06 8.9911e-06 9.1372e-06 9.4224e-06 9.4789e-06 9.144e-06 9.0393e-06 9.0056e-06 8.9305e-06 8.924e-06 8.9372e-06 8.905e-06 8.9095e-06 9.0029e-06 8.9253e-06 8.9411e-06 8.9009e-06 8.934e-06 8.9632e-06 8.9503e-06 9.0073e-06 9.1545e-06 9.0641e-06 9.1259e-06 9.2695e-06 9.2436e-06 9.1917e-06 9.0513e-06 9.5553e-06 9.4604e-06 9.7193e-06 9.4582e-06 9.4321e-06 9.2423e-06 8.9452e-06 8.886e-06 8.8977e-06 8.8939e-06 8.9828e-06 8.9132e-06 9.0068e-06 9.1412e-06 9.1554e-06 9.422e-06 9.3572e-06 9.2524e-06 9.3124e-06 9.329e-06 9.3049e-06 9.2253e-06 9.259e-06 9.1173e-06 9.1066e-06 9.0582e-06 8.9496e-06 8.8964e-06 8.9703e-06 8.9557e-06 9.0254e-06 9.195e-06 9.2571e-06 9.1255e-06 9.4104e-06 9.2092e-06 9.577e-06 9.8898e-06 9.5241e-06 9.7152e-06 1.1915e-05 9.9261e-06 1.0628e-05 1.1169e-05 1.2477e-05 1.2949e-05 1.3086e-05 1.377e-05 1.3597e-05 1.3886e-05 1.4061e-05 1.4074e-05 1.2787e-05 1.323e-05 1.2394e-05
1.1716e-05 1.2394e-05 1.227e-05 1.3297e-05 1.3843e-05 1.175e-05 1.2862e-05 1.219e-05 1.2889e-05 1.3159e-05 1.2191e-05 1.2475e-05 1.1825e-05 1.1587e-05 1.162e-05 1.1073e-05 1.108e-05 1.05e-05 1.0168e-05 9.6545e-06 9.402e-06 9.1268e-06 8.9952e-06 8.9013e-06 8.889e-06 8.961e-06 9.1267e-06 9.3382e-06 1.0274e-05 1.0501e-05 1.0498e-05 1.0184e-05 9.8254e-06 9.8239e-06 9.8019e-06 9.8388e-06 9.7052e-06 9.7757e-06 9.7639e-06 9.8628e-06 9.8203e-06 9.6196e-06 9.1286e-06 8.8857e-06 9.0206e-06 9.2663e-06 9.1143e-06 8.9889e-06 8.9991e-06 8.9323e-06 1.2811e-05 1.4343e-05 1.43e-05 1.2249e-05 1.3422e-05 8.999e-06 9.2023e-06 8.8963e-06 9.0445e-06 8.8854e-06 8.8892e-06 8.9008e-06 9.0745e-06 9.0133e-06 9.2147e-06 9.3491e-06 1.2376e-05 1.0075e-05 1.4171e-05 1.0706e-05 1.3204e-05 1.316e-05 1.2479e-05 1.4191e-05 1.4352e-05 1.4004e-05 1.2933e-05 1.3523e-05 1.3604e-05 1.4348e-05 1.3854e-05 1.2821e-05 1.3188e-05 1.3266e-05 1.3103e-05 1.3192e-05 1.3616e-05 1.255e-05 1.268e-05 1.2681e-05 1.3143e-05 1.1557e-05 1.154e-05 1.1342e-05 1.0676e-05 1.0153e-05 1.0287e-05 9.9183e-06 9.3092e-06 9.2469e-06 9.4627e-06 9.3289e-06 9.09e-06 9.1654e-06 9.1443e-06 8.9933e-06 8.9284e-06 9.011e-06 9.7886e-06 1.0254e-05 8.944e-06 9.0504e-06 8.9716e-06 9.0001e-06 8.985e-06 8.9515e-06 8.9568e-06 8.9788e-06 9.0602e-06 9.0844e-06 9.0912e-06 9.0122e-06 9.0895e-06 9.0235e-06 9.0124e-06 9.0511e-06 9.1758e-06 9.4082e-06 9.459e-06 9.457e-06 9.2157e-06 9.0398e-06 8.8869e-06 9.019e-06 9.023e-06 8.9039e-06 9.1268e-06 9.2649e-06 9.0054e-06 9.1916e-06 9.4101e-06 9.4453e-06 9.5781e-06 9.4054e-06 9.4077e-06 9.2615e-06 9.2094e-06 9.4965e-06 9.4096e-06 9.1571e-06 8.9238e-06 8.9693e-06 8.8976e-06 9.0585e-06 9.2648e-06 9.1717e-06 9.3e-06 9.6504e-06 9.3021e-06 9.5063e-06 9.9744e-06 1.1886e-05 1.2755e-05 1.1359e-05 1.1232e-05 1.2757e-05 1.2631e-05 1.2198e-05 1.2832e-05 1.2973e-05 1.3329e-05 1.3663e-05 1.3939e-05 1.4354e-05 1.426e-05 1.4223e-05 1.2922e-05 9.4764e-06 1.3144e-05 1.2749e-05
1.2957e-05 1.2808e-05 1.2501e-05 1.2501e-05 1.4309e-05 1.4082e-05 1.3257e-05 1.3434e-05 1.4128e-05 1.3701e-05 1.3434e-05 1.2789e-05 1.2297e-05 1.2205e-05 1.215e-05 1.234e-05 1.2076e-05 1.1087e-05 1.0469e-05 9.9568e-06 9.5448e-06 9.2375e-06 9.0588e-06 8.9182e-06 8.885e-06 8.9187e-06 9.0229e-06 9.1555e-06 1.0099e-05 1.0643e-05 1.0599e-05 1.033e-05 9.9262e-06 9.8494e-06 9.7967e-06 9.7285e-06 9.8657e-06 9.8601e-06 9.7244e-06 9.8586e-06 8.9481e-06 8.913e-06 9.5429e-06 8.985e-06 8.8889e-06 8.9518e-06 8.949e-06 1.1539e-05 1.1877e-05 9.7956e-06 8.8983e-06 9.0601e-06 9.2961e-06 1.327e-05 1.2149e-05 1.2998e-05 1.3769e-05 8.9971e-06 8.8917e-06 8.9033e-06 8.9201e-06 8.9256e-06 8.9935e-06 9.053e-06 1.0422e-05 1.3632e-05 1.3938e-05 1.3159e-05 9.4152e-06 9.5868e-06 1.3622e-05 1.2968e-05 1.3202e-05 1.4097e-05 1.3547e-05 1.4189e-05 1.4333e-05 1.3198e-05 1.3106e-05 1.3599e-05 1.3739e-05 1.3463e-05 1.3586e-05 1.3032e-05 1.323e-05 1.2976e-05 1.2597e-05 1.2281e-05 1.2146e-05 1.2396e-05 1.218e-05 1.2524e-05 1.1531e-05 1.1322e-05 1.1258e-05 1.1413e-05 1.1421e-05 1.0252e-05 9.5629e-06 9.7375e-06 9.0942e-06 9.0735e-06 9.1478e-06 9.1714e-06 8.9383e-06 9.0682e-06 9.1337e-06 9.0152e-06 9.0085e-06 9.0219e-06 9.1e-06 9.0873e-06 9.1567e-06 8.9328e-06 8.9486e-06 8.9518e-06 8.9502e-06 9.1166e-06 9.1403e-06 9.0609e-06 8.9561e-06 8.9226e-06 8.9438e-06 8.907e-06 8.9871e-06 9.1891e-06 9.0837e-06 9.1566e-06 9.4438e-06 9.4499e-06 9.3595e-06 9.2787e-06 8.9181e-06 8.9065e-06 8.9849e-06 9.0698e-06 9.0773e-06 9.1247e-06 9.0679e-06 9.2482e-06 9.4533e-06 9.4102e-06 9.6907e-06 9.6433e-06 9.5872e-06 9.6425e-06 9.7901e-06 9.7744e-06 9.734e-06 1.0091e-05 8.8993e-06 8.8895e-06 8.9018e-06 9.0586e-06 8.9379e-06 9.5729e-06 1.1853e-05 1.0528e-05 1.0641e-05 1.0542e-05 1.1901e-05 1.2718e-05 1.2459e-05 1.2068e-05 1.3404e-05 1.3927e-05 1.3505e-05 1.3866e-05 1.3917e-05 1.3846e-05 1.3908e-05 1.3884e-05 1.4107e-05 1.4304e-05 1.4354e-05 1.4354e-05 1.4072e-05 1.3674e-05 1.3484e-05 1.2988e-05
1.315e-05 1.3428e-05 1.3677e-05 1.3573e-05 1.3043e-05 1.4336e-05 1.4301e-05 1.4289e-05 1.4349e-05 1.3865e-05 1.3392e-05 1.2193e-05 1.2671e-05 1.3018e-05 1.3477e-05 1.374e-05 1.3736e-05 1.29e-05 1.0762e-05 1.071e-05 9.9487e-06 9.5192e-06 9.2085e-06 8.9832e-06 8.8996e-06 8.8892e-06 8.9399e-06 9.1061e-06 9.4207e-06 9.9105e-06 1.0275e-05 1.0214e-05 9.9241e-06 9.883e-06 9.7699e-06 9.689e-06 9.6956e-06 9.3869e-06 9.6065e-06 9.8007e-06 9.6904e-06 9.5942e-06 9.4567e-06 9.2696e-06 8.8955e-06 9.6943e-06 8.8847e-06 8.9836e-06 8.8962e-06 9.0032e-06 9.0977e-06 9.3159e-06 1.1544e-05 1.2153e-05 1.0793e-05 8.9885e-06 8.9306e-06 8.9225e-06 1.2144e-05 1.245e-05 8.9685e-06 9.0111e-06 9.0559e-06 9.0739e-06 9.5324e-06 9.2381e-06 9.9486e-06 9.4422e-06 9.5094e-06 9.8215e-06 1.0797e-05 1.2586e-05 1.4343e-05 1.1924e-05 1.1834e-05 1.4344e-05 1.4067e-05 1.433e-05 1.2501e-05 1.2973e-05 1.4315e-05 1.398e-05 1.3867e-05 1.3577e-05 1.3404e-05 1.2941e-05 1.247e-05 1.2516e-05 1.2931e-05 1.258e-05 1.2261e-05 1.2049e-05 1.2351e-05 1.1261e-05 1.128e-05 1.1614e-05 1.1428e-05 1.1336e-05 1.0572e-05 1.0777e-05 9.5739e-06 9.009e-06 9.0728e-06 9.1538e-06 9.3482e-06 9.1649e-06 9.1105e-06 9.0793e-06 9.1315e-06 9.0571e-06 9.3694e-06 9.4301e-06 9.31e-06 8.9766e-06 8.9386e-06 8.9518e-06 8.9112e-06 8.9469e-06 8.9079e-06 9.0294e-06 8.9495e-06 9.0446e-06 8.9669e-06 8.9725e-06 9.0488e-06 8.9858e-06 9.2707e-06 9.0526e-06 9.3529e-06 9.3998e-06 9.2872e-06 9.0284e-06 9.0719e-06 8.9297e-06 9.0587e-06 9.1196e-06 9.3303e-06 9.2494e-06 9.3171e-06 9.4184e-06 9.3354e-06 9.5438e-06 1.0179e-05 1.028e-05 1.0008e-05 9.9014e-06 1.1159e-05 1.0546e-05 9.8143e-06 9.5562e-06 9.1603e-06 8.9909e-06 9.4028e-06 9.3095e-06 9.2475e-06 9.7152e-06 1.3598e-05 1.1992e-05 1.3933e-05 1.3672e-05 1.311e-05 1.2379e-05 1.2412e-05 1.3568e-05 1.3575e-05 1.4189e-05 1.4203e-05 1.4104e-05 1.4103e-05 1.4208e-05 1.4257e-05 1.4231e-05 1.4348e-05 1.4344e-05 1.4343e-05 1.4354e-05 1.4354e-05 1.4269e-05 1.3975e-05 1.3572e-05
1.3613e-05 1.3504e-05 1.3944e-05 1.4009e-05 1.3741e-05 1.4285e-05 1.4275e-05 1.4348e-05 1.4152e-05 1.4294e-05 1.2846e-05 1.1331e-05 1.3552e-05 1.4339e-05 1.4307e-05 1.4354e-05 1.2592e-05 1.0858e-05 1.2836e-05 1.1777e-05 1.096e-05 9.9007e-06 9.7203e-06 9.2295e-06 8.9726e-06 8.8915e-06 8.8935e-06 9.0117e-06 9.1643e-06 9.5256e-06 9.8257e-06 9.8826e-06 9.971e-06 9.9804e-06 9.7387e-06 9.6034e-06 9.5016e-06 9.4481e-06 9.4353e-06 9.5626e-06 9.6234e-06 9.4473e-06 9.3346e-06 9.1033e-06 9.0381e-06 9.0275e-06 8.9253e-06 8.9208e-06 8.9431e-06 8.9915e-06 9.0418e-06 9.0893e-06 8.9879e-06 9.3532e-06 9.0391e-06 8.9125e-06 8.8858e-06 8.9349e-06 9.017e-06 1.4049e-05 8.9663e-06 9.2548e-06 9.2342e-06 9.4469e-06 9.5045e-06 9.618e-06 1.172e-05 1.0039e-05 1.0285e-05 1.0972e-05 1.1528e-05 1.2022e-05 1.3113e-05 1.3105e-05 1.2824e-05 1.4329e-05 1.4036e-05 1.4223e-05 1.3401e-05 1.3563e-05 1.3899e-05 1.3895e-05 1.4314e-05 1.399e-05 1.3497e-05 1.3196e-05 1.343e-05 1.2983e-05 1.2931e-05 1.2774e-05 1.2592e-05 1.2237e-05 1.1979e-05 1.1853e-05 1.1507e-05 1.1397e-05 1.0421e-05 1.1373e-05 1.135e-05 1.1465e-05 9.8393e-06 9.3044e-06 9.1646e-06 9.2583e-06 9.4718e-06 9.159e-06 9.2241e-06 9.3465e-06 9.2975e-06 9.3001e-06 9.4852e-06 9.4889e-06 9.2726e-06 9.1075e-06 9.0328e-06 8.9242e-06 8.8927e-06 9.2714e-06 9.1639e-06 9.0484e-06 9.018e-06 9.0638e-06 9.0055e-06 9.1749e-06 8.9614e-06 9.0672e-06 8.9899e-06 9.2961e-06 9.3347e-06 9.5195e-06 9.2076e-06 9.2971e-06 9.2297e-06 9.1615e-06 9.4132e-06 1.0352e-05 9.1912e-06 9.7196e-06 9.5688e-06 9.3425e-06 9.5591e-06 9.6365e-06 1.0798e-05 1.0802e-05 1.006e-05 1.1527e-05 1.1073e-05 1.0176e-05 9.7377e-06 9.4566e-06 9.1228e-06 9.2173e-06 9.1617e-06 9.2728e-06 9.4536e-06 1.0641e-05 1.3606e-05 1.3619e-05 1.3731e-05 1.2898e-05 1.3843e-05 1.3648e-05 1.357e-05 1.3401e-05 1.3795e-05 1.4228e-05 1.404e-05 1.3603e-05 1.4344e-05 1.4352e-05 1.4345e-05 1.4352e-05 1.4342e-05 1.4327e-05 1.4331e-05 1.4327e-05 1.4348e-05 1.435e-05 1.4128e-05 1.4054e-05
1.4158e-05 1.4061e-05 1.4137e-05 1.43e-05 1.434e-05 1.4262e-05 1.4249e-05 1.4354e-05 1.4329e-05 1.3615e-05 1.2462e-05 1.0981e-05 1.3789e-05 1.4319e-05 1.4303e-05 1.4008e-05 1.288e-05 1.361e-05 1.3357e-05 1.1899e-05 1.1475e-05 1.0823e-05 1.0254e-05 9.6027e-06 9.1772e-06 8.9269e-06 8.8851e-06 8.9424e-06 9.066e-06 9.2432e-06 9.5405e-06 9.7172e-06 1.0129e-05 1.0488e-05 9.67e-06 9.5359e-06 9.4533e-06 9.3727e-06 9.325e-06 9.3142e-06 9.3007e-06 9.0846e-06 9.0104e-06 8.9569e-06 8.9222e-06 8.885e-06 8.8929e-06 8.9141e-06 8.9592e-06 9.0206e-06 8.937e-06 9.4072e-06 1.4206e-05 8.9103e-06 8.8993e-06 8.8854e-06 8.9631e-06 9.0645e-06 9.1041e-06 1.0405e-05 9.2866e-06 9.4877e-06 9.5302e-06 9.5061e-06 9.7497e-06 9.8798e-06 9.8593e-06 1.1747e-05 1.1982e-05 1.1742e-05 1.3905e-05 1.222e-05 1.3897e-05 1.3714e-05 1.3783e-05 1.3803e-05 1.3491e-05 1.36e-05 1.3721e-05 1.4095e-05 1.4347e-05 1.4331e-05 1.4245e-05 1.3665e-05 1.3765e-05 1.3682e-05 1.3382e-05 1.2979e-05 1.2706e-05 1.2595e-05 1.272e-05 1.299e-05 1.2315e-05 1.2156e-05 1.163e-05 1.142e-05 1.0227e-05 1.1317e-05 1.1281e-05 1.1403e-05 9.883e-06 9.6429e-06 9.4635e-06 9.3058e-06 9.4851e-06 9.4139e-06 9.372e-06 9.5222e-06 9.57e-06 9.6344e-06 9.7895e-06 9.7526e-06 9.1904e-06 9.0776e-06 9.0663e-06 8.9665e-06 8.9128e-06 9.284e-06 9.1622e-06 9.1436e-06 9.1592e-06 9.0027e-06 9.0298e-06 8.971e-06 9.0898e-06 9.1193e-06 9.214e-06 9.3062e-06 9.8894e-06 9.6856e-06 9.3736e-06 9.1109e-06 9.3521e-06 9.4569e-06 1.0284e-05 1.0169e-05 9.8256e-06 1.1541e-05 9.6363e-06 9.4751e-06 9.6921e-06 9.8814e-06 1.0998e-05 1.1117e-05 1.1247e-05 1.1669e-05 1.1381e-05 9.7028e-06 1.0018e-05 9.4773e-06 9.3827e-06 9.4564e-06 1.031e-05 1.0426e-05 1.1204e-05 1.3545e-05 1.4107e-05 1.4276e-05 1.4058e-05 1.3998e-05 1.4336e-05 1.4237e-05 1.3867e-05 1.3817e-05 1.4251e-05 1.4111e-05 1.3521e-05 1.4102e-05 1.4334e-05 1.4354e-05 1.4353e-05 1.4348e-05 1.4345e-05 1.4323e-05 1.4313e-05 1.4322e-05 1.4354e-05 1.4354e-05 1.4316e-05 1.4216e-05
1.4251e-05 1.4095e-05 1.4299e-05 1.4341e-05 1.4354e-05 1.4333e-05 1.4243e-05 1.4086e-05 1.4344e-05 1.3943e-05 1.2736e-05 1.2796e-05 1.4226e-05 1.4304e-05 1.4293e-05 1.4332e-05 1.4156e-05 1.3922e-05 1.1799e-05 1.295e-05 1.2002e-05 1.1998e-05 1.0345e-05 9.4085e-06 9.0885e-06 9.0284e-06 8.8985e-06 8.9174e-06 9.0462e-06 9.108e-06 9.2132e-06 9.3624e-06 1.0015e-05 1.0598e-05 1.0442e-05 9.4445e-06 9.3988e-06 9.3604e-06 9.2691e-06 9.1796e-06 9.0808e-06 9.0125e-06 8.9695e-06 8.9237e-06 8.8901e-06 8.8946e-06 8.9345e-06 9.022e-06 9.2789e-06 9.6678e-06 8.9167e-06 8.9169e-06 8.9395e-06 8.8978e-06 8.8849e-06 8.9278e-06 9.041e-06 9.2455e-06 9.291e-06 9.7007e-06 9.453e-06 9.6552e-06 1.0687e-05 9.6548e-06 9.8123e-06 1.0009e-05 9.8182e-06 1.3104e-05 1.0787e-05 1.1523e-05 1.2581e-05 1.415e-05 1.2038e-05 1.2297e-05 1.3065e-05 1.3495e-05 1.3553e-05 1.3723e-05 1.3145e-05 1.4315e-05 1.3184e-05 1.434e-05 1.4009e-05 1.3533e-05 1.4008e-05 1.391e-05 1.3454e-05 1.2924e-05 1.3164e-05 1.2688e-05 1.2618e-05 1.2866e-05 1.2432e-05 1.2396e-05 1.2239e-05 1.1573e-05 1.1356e-05 1.0558e-05 1.063e-05 1.0259e-05 1.0201e-05 1.0305e-05 9.9271e-06 1.0391e-05 9.5467e-06 9.3584e-06 9.4071e-06 9.9755e-06 9.7629e-06 9.7233e-06 9.7268e-06 9.328e-06 9.4624e-06 9.3257e-06 9.0951e-06 9.0256e-06 9.1634e-06 9.1574e-06 9.0342e-06 9.2283e-06 9.1257e-06 9.0615e-06 9.0981e-06 9.1129e-06 9.1095e-06 9.1642e-06 9.2726e-06 9.4713e-06 9.528e-06 9.7408e-06 1.0462e-05 1.0105e-05 1.1041e-05 1.0962e-05 1.1257e-05 1.1014e-05 1.0411e-05 1.0307e-05 1.0737e-05 1.0163e-05 1.107e-05 1.1232e-05 1.1969e-05 1.1907e-05 1.2131e-05 1.1258e-05 1.009e-05 9.9906e-06 1.0092e-05 9.6771e-06 1.0013e-05 1.0824e-05 1.2787e-05 1.3271e-05 1.3409e-05 1.3624e-05 1.4135e-05 1.4294e-05 1.4226e-05 1.433e-05 1.425e-05 1.4251e-05 1.4128e-05 1.4308e-05 1.4282e-05 1.4152e-05 1.3891e-05 1.4306e-05 1.4348e-05 1.4354e-05 1.4351e-05 1.4342e-05 1.4341e-05 1.4331e-05 1.4324e-05 1.4324e-05 1.4317e-05 1.4343e-05 1.4354e-05 1.434e-05
1.4309e-05 1.4345e-05 1.4331e-05 1.4276e-05 1.4179e-05 1.4123e-05 1.4167e-05 1.4246e-05 1.4316e-05 1.3963e-05 1.3647e-05 1.3789e-05 1.4269e-05 1.4154e-05 1.4184e-05 1.4328e-05 1.4352e-05 1.3053e-05 1.2722e-05 1.3581e-05 1.3102e-05 1.1189e-05 9.9766e-06 9.2707e-06 8.9834e-06 9.3244e-06 8.9824e-06 9.0002e-06 9.0401e-06 9.0195e-06 9.0473e-06 9.0197e-06 9.124e-06 1.0097e-05 9.6497e-06 9.3564e-06 9.4262e-06 9.3916e-06 9.2492e-06 9.1296e-06 9.036e-06 8.991e-06 8.9584e-06 8.9615e-06 8.889e-06 8.9379e-06 9.0792e-06 9.2433e-06 9.4919e-06 1.0541e-05 1.0629e-05 9.0537e-06 8.9113e-06 8.95e-06 9.0598e-06 9.2262e-06 9.3805e-06 9.4771e-06 9.5532e-06 9.919e-06 9.8534e-06 9.672e-06 9.4209e-06 1.0836e-05 1.1196e-05 1.0291e-05 1.057e-05 1.1641e-05 1.1817e-05 1.2539e-05 1.287e-05 1.3333e-05 1.3468e-05 1.3106e-05 1.4025e-05 1.4344e-05 1.4281e-05 1.4354e-05 1.4293e-05 1.429e-05 1.3681e-05 1.3421e-05 1.4042e-05 1.3753e-05 1.3545e-05 1.4044e-05 1.331e-05 1.2733e-05 1.2991e-05 1.2944e-05 1.318e-05 1.2889e-05 1.2727e-05 1.2437e-05 1.2167e-05 1.1658e-05 1.1565e-05 1.0967e-05 1.1293e-05 1.0854e-05 1.0846e-05 1.0847e-05 1.0815e-05 1.0345e-05 1.0352e-05 9.5391e-06 9.8566e-06 1.0518e-05 1.1339e-05 9.6848e-06 9.8394e-06 9.5341e-06 9.2363e-06 9.215e-06 9.1395e-06 9.4067e-06 9.261e-06 9.2579e-06 9.0975e-06 9.2503e-06 9.156e-06 9.0916e-06 9.0816e-06 9.1425e-06 9.1527e-06 9.1965e-06 9.3569e-06 9.4862e-06 9.7607e-06 9.9268e-06 1.1724e-05 1.2855e-05 1.3538e-05 1.3828e-05 1.4306e-05 1.3723e-05 1.1462e-05 1.1168e-05 1.0781e-05 1.1479e-05 1.1583e-05 1.2113e-05 1.2437e-05 1.2061e-05 1.1885e-05 1.075e-05 1.0623e-05 1.0316e-05 1.0089e-05 9.679e-06 1.1309e-05 1.3581e-05 1.3373e-05 1.2991e-05 1.3195e-05 1.4083e-05 1.4229e-05 1.4311e-05 1.4328e-05 1.435e-05 1.4207e-05 1.4348e-05 1.4317e-05 1.4342e-05 1.433e-05 1.4223e-05 1.4278e-05 1.4341e-05 1.4351e-05 1.4354e-05 1.4354e-05 1.4348e-05 1.434e-05 1.4337e-05 1.4339e-05 1.4328e-05 1.4319e-05 1.4308e-05 1.4297e-05 1.4289e-05
1.4316e-05 1.4251e-05 1.3993e-05 1.4245e-05 1.4075e-05 1.4055e-05 1.4133e-05 1.4164e-05 1.4254e-05 1.4342e-05 1.4246e-05 1.4154e-05 1.4136e-05 1.3982e-05 1.398e-05 1.4144e-05 1.4154e-05 1.2586e-05 1.409e-05 1.3869e-05 1.2659e-05 1.0269e-05 9.4755e-06 9.1804e-06 9.3669e-06 9.4571e-06 9.2759e-06 8.8925e-06 9.0171e-06 9.0367e-06 8.9948e-06 8.9291e-06 8.9017e-06 8.9368e-06 9.1027e-06 9.2606e-06 9.479e-06 9.5348e-06 9.2126e-06 9.0663e-06 8.9859e-06 8.95e-06 8.9342e-06 8.9703e-06 8.9048e-06 9.1047e-06 9.3186e-06 9.5442e-06 1.001e-05 1.1217e-05 1.1837e-05 9.292e-06 9.2759e-06 9.5135e-06 9.7238e-06 9.9967e-06 9.9083e-06 9.9725e-06 1.0054e-05 1.0338e-05 1.1004e-05 1.0099e-05 9.6037e-06 9.8144e-06 1.0214e-05 1.115e-05 1.1737e-05 1.2026e-05 1.2175e-05 1.3039e-05 1.3876e-05 1.395e-05 1.392e-05 1.4341e-05 1.3255e-05 1.3987e-05 1.4352e-05 1.3885e-05 1.3648e-05 1.3721e-05 1.3348e-05 1.3825e-05 1.3512e-05 1.3723e-05 1.4103e-05 1.3669e-05 1.3563e-05 1.2894e-05 1.3081e-05 1.2903e-05 1.2771e-05 1.2822e-05 1.2164e-05 1.2043e-05 1.1945e-05 1.1878e-05 1.1778e-05 1.1818e-05 1.147e-05 1.0923e-05 1.0935e-05 1.0866e-05 1.0666e-05 1.082e-05 1.0628e-05 1.0557e-05 1.068e-05 1.0467e-05 1.0645e-05 9.5161e-06 9.6833e-06 9.1158e-06 9.2141e-06 9.1547e-06 9.2755e-06 9.1771e-06 9.1942e-06 9.2832e-06 9.236e-06 9.2296e-06 9.1594e-06 9.1041e-06 9.0634e-06 9.0865e-06 9.426e-06 9.2442e-06 9.3454e-06 9.6001e-06 1.0019e-05 1.0878e-05 1.2809e-05 1.3476e-05 1.3158e-05 1.315e-05 1.3253e-05 1.3674e-05 1.4311e-05 1.3221e-05 1.2581e-05 1.2381e-05 1.2256e-05 1.29e-05 1.2558e-05 1.1907e-05 1.2022e-05 1.0992e-05 1.0599e-05 1.0686e-05 9.8305e-06 9.9579e-06 1.3521e-05 1.3332e-05 1.366e-05 1.3739e-05 1.3938e-05 1.4011e-05 1.4272e-05 1.4324e-05 1.4347e-05 1.435e-05 1.434e-05 1.4327e-05 1.4345e-05 1.4344e-05 1.4345e-05 1.4343e-05 1.4343e-05 1.4338e-05 1.4351e-05 1.4351e-05 1.4351e-05 1.4354e-05 1.435e-05 1.4346e-05 1.4342e-05 1.433e-05 1.4316e-05 1.4307e-05 1.4293e-05 1.4271e-05
1.4285e-05 1.4238e-05 1.4191e-05 1.4169e-05 1.4077e-05 1.4046e-05 1.4058e-05 1.4083e-05 1.416e-05 1.4322e-05 1.4334e-05 1.4299e-05 1.3959e-05 1.3834e-05 1.3795e-05 1.4103e-05 1.3987e-05 1.4346e-05 1.4317e-05 1.3926e-05 1.187e-05 1.0493e-05 1.0703e-05 1.0193e-05 9.934e-06 9.8548e-06 9.4817e-06 9.019e-06 9.1032e-06 9.0663e-06 8.9949e-06 8.8927e-06 8.8847e-06 8.891e-06 8.9586e-06 9.1439e-06 9.7679e-06 9.7733e-06 9.0933e-06 8.9939e-06 8.9465e-06 8.9228e-06 8.9095e-06 8.89e-06 9.015e-06 9.1808e-06 9.392e-06 9.7398e-06 1.0255e-05 1.1036e-05 1.1921e-05 1.2083e-05 9.9038e-06 9.8581e-06 9.8522e-06 9.9072e-06 1.0142e-05 1.0412e-05 1.0694e-05 1.0948e-05 1.11e-05 1.0615e-05 9.8322e-06 1.0585e-05 1.1505e-05 1.1859e-05 1.2429e-05 1.2687e-05 1.2863e-05 1.3427e-05 1.407e-05 1.3866e-05 1.2939e-05 1.3893e-05 1.3285e-05 1.4022e-05 1.3902e-05 1.3742e-05 1.4334e-05 1.4354e-05 1.4295e-05 1.3724e-05 1.3842e-05 1.3959e-05 1.369e-05 1.3235e-05 1.326e-05 1.2862e-05 1.3116e-05 1.2675e-05 1.2881e-05 1.2701e-05 1.2603e-05 1.287e-05 1.191e-05 1.1694e-05 1.1469e-05 1.1906e-05 1.1243e-05 1.0644e-05 1.0644e-05 1.0764e-05 1.098e-05 1.0699e-05 1.0558e-05 1.1001e-05 1.0115e-05 1.1495e-05 1.066e-05 1.0822e-05 1.0017e-05 9.4992e-06 9.3811e-06 9.1025e-06 9.151e-06 9.2076e-06 9.1565e-06 9.2368e-06 9.2408e-06 9.2618e-06 9.1417e-06 9.1751e-06 9.0735e-06 9.3834e-06 9.8008e-06 9.193e-06 9.3562e-06 9.6947e-06 1.0884e-05 1.3312e-05 1.3632e-05 1.29e-05 1.3026e-05 1.3075e-05 1.3089e-05 1.3278e-05 1.3368e-05 1.4113e-05 1.3361e-05 1.3273e-05 1.3433e-05 1.3054e-05 1.2283e-05 1.2456e-05 1.1013e-05 1.0375e-05 1.0584e-05 1.1361e-05 1.0747e-05 1.0691e-05 1.3255e-05 1.3869e-05 1.3988e-05 1.4136e-05 1.4236e-05 1.4178e-05 1.4336e-05 1.435e-05 1.4337e-05 1.4351e-05 1.4354e-05 1.4336e-05 1.4344e-05 1.434e-05 1.4348e-05 1.4348e-05 1.434e-05 1.434e-05 1.4336e-05 1.4339e-05 1.4344e-05 1.4324e-05 1.4354e-05 1.435e-05 1.4353e-05 1.4329e-05 1.4305e-05 1.4289e-05 1.4278e-05 1.4256e-05
1.4228e-05 1.4129e-05 1.429e-05 1.4248e-05 1.4035e-05 1.4054e-05 1.4037e-05 1.4078e-05 1.3961e-05 1.4271e-05 1.4354e-05 1.4045e-05 1.377e-05 1.3687e-05 1.3741e-05 1.4279e-05 1.435e-05 1.4283e-05 1.4291e-05 1.3162e-05 1.2789e-05 1.2098e-05 1.1792e-05 1.1322e-05 1.0809e-05 1.0206e-05 9.7401e-06 9.0667e-06 8.987e-06 9.0048e-06 8.9163e-06 8.8957e-06 8.8947e-06 8.9179e-06 8.8849e-06 9.0399e-06 9.9575e-06 1.0428e-05 9.2696e-06 8.9457e-06 8.9242e-06 8.9013e-06 8.8876e-06 8.891e-06 8.9918e-06 9.1876e-06 9.4515e-06 9.8644e-06 1.0306e-05 1.1129e-05 1.195e-05 1.2138e-05 1.164e-05 1.0236e-05 1.0124e-05 1.0143e-05 1.0369e-05 1.0686e-05 1.0955e-05 1.1338e-05 1.1729e-05 1.1452e-05 1.1057e-05 1.1249e-05 1.1601e-05 1.2588e-05 1.3468e-05 1.3565e-05 1.3705e-05 1.4243e-05 1.39e-05 1.3765e-05 1.3957e-05 1.3065e-05 1.4302e-05 1.4274e-05 1.4321e-05 1.4247e-05 1.4354e-05 1.3923e-05 1.3932e-05 1.3802e-05 1.3683e-05 1.3851e-05 1.3975e-05 1.3652e-05 1.3458e-05 1.3756e-05 1.3447e-05 1.3488e-05 1.2983e-05 1.2796e-05 1.2456e-05 1.2647e-05 1.2241e-05 1.2928e-05 1.1911e-05 1.1504e-05 1.1347e-05 1.1553e-05 1.151e-05 1.0431e-05 1.0046e-05 9.9287e-06 1.0851e-05 1.119e-05 1.1363e-05 1.0368e-05 1.0226e-05 9.9739e-06 9.8846e-06 9.9094e-06 9.6638e-06 9.8687e-06 9.5098e-06 9.2929e-06 9.2048e-06 9.2297e-06 9.2305e-06 9.096e-06 9.187e-06 9.1511e-06 9.0327e-06 1.014e-05 9.2616e-06 9.1934e-06 9.4673e-06 1.0047e-05 1.1672e-05 1.433e-05 1.3328e-05 1.2809e-05 1.2787e-05 1.2852e-05 1.3e-05 1.3116e-05 1.3241e-05 1.3609e-05 1.4277e-05 1.4231e-05 1.3886e-05 1.3869e-05 1.2254e-05 1.1603e-05 1.1549e-05 1.1321e-05 1.2314e-05 1.2866e-05 1.2481e-05 1.2525e-05 1.3683e-05 1.4148e-05 1.4305e-05 1.4137e-05 1.433e-05 1.4354e-05 1.4341e-05 1.4336e-05 1.4301e-05 1.4312e-05 1.4298e-05 1.426e-05 1.4228e-05 1.4282e-05 1.4331e-05 1.4345e-05 1.43e-05 1.4321e-05 1.4265e-05 1.4285e-05 1.4289e-05 1.4353e-05 1.4354e-05 1.4349e-05 1.4354e-05 1.4331e-05 1.4306e-05 1.428e-05 1.4258e-05 1.426e-05
1.4171e-05 1.4181e-05 1.4188e-05 1.419e-05 1.3955e-05 1.3949e-05 1.3877e-05 1.3921e-05 1.3718e-05 1.3846e-05 1.402e-05 1.3598e-05 1.3528e-05 1.3585e-05 1.3672e-05 1.3771e-05 1.4252e-05 1.4238e-05 1.4284e-05 1.3625e-05 1.3197e-05 1.283e-05 1.2088e-05 1.1389e-05 1.072e-05 1.0258e-05 9.623e-06 9.0555e-06 8.8951e-06 8.932e-06 8.9222e-06 8.9211e-06 8.9253e-06 8.928e-06 8.9483e-06 8.9261e-06 9.7538e-06 1.0433e-05 1.0641e-05 8.9482e-06 8.9072e-06 8.8898e-06 8.8854e-06 8.9105e-06 8.9925e-06 9.2177e-06 9.5906e-06 9.9808e-06 1.0585e-05 1.1113e-05 1.1789e-05 1.2219e-05 1.2115e-05 1.0618e-05 1.0407e-05 1.0382e-05 1.063e-05 1.0977e-05 1.1186e-05 1.1526e-05 1.1857e-05 1.1228e-05 1.1e-05 1.2061e-05 1.2704e-05 1.3281e-05 1.4033e-05 1.4267e-05 1.4351e-05 1.4304e-05 1.3084e-05 1.3529e-05 1.428e-05 1.2974e-05 1.3943e-05 1.4243e-05 1.3777e-05 1.4098e-05 1.3908e-05 1.4173e-05 1.3859e-05 1.3734e-05 1.3499e-05 1.3356e-05 1.3665e-05 1.3767e-05 1.3982e-05 1.3759e-05 1.3639e-05 1.3496e-05 1.3021e-05 1.2873e-05 1.292e-05 1.2909e-05 1.3196e-05 1.2238e-05 1.2805e-05 1.1502e-05 1.1691e-05 1.1853e-05 1.1533e-05 1.1431e-05 1.0762e-05 9.9904e-06 1.1154e-05 1.0957e-05 1.2889e-05 1.0919e-05 1.1836e-05 9.8739e-06 1.0211e-05 1.0127e-05 1.0042e-05 1.0345e-05 9.8792e-06 9.392e-06 9.2026e-06 9.3662e-06 9.5443e-06 9.1675e-06 9.2744e-06 9.2155e-06 9.1097e-06 9.0618e-06 9.1373e-06 9.4114e-06 9.786e-06 1.0595e-05 1.2825e-05 1.4319e-05 1.2815e-05 1.2704e-05 1.2616e-05 1.2834e-05 1.3085e-05 1.3106e-05 1.3335e-05 1.3481e-05 1.4066e-05 1.434e-05 1.4196e-05 1.2436e-05 1.3007e-05 1.2605e-05 1.2046e-05 1.3121e-05 1.3731e-05 1.3983e-05 1.3977e-05 1.4058e-05 1.4237e-05 1.4342e-05 1.434e-05 1.4329e-05 1.4354e-05 1.4348e-05 1.4353e-05 1.4353e-05 1.4277e-05 1.4192e-05 1.4035e-05 1.3807e-05 1.3888e-05 1.3966e-05 1.4087e-05 1.4161e-05 1.4181e-05 1.4177e-05 1.4207e-05 1.4352e-05 1.3639e-05 1.4305e-05 1.4352e-05 1.4352e-05 1.4353e-05 1.4307e-05 1.4288e-05 1.4297e-05 1.4312e-05 1.4266e-05
1.4256e-05 1.4113e-05 1.4351e-05 1.4352e-05 1.3966e-05 1.3997e-05 1.3831e-05 1.3727e-05 1.366e-05 1.358e-05 1.3466e-05 1.3346e-05 1.3363e-05 1.3409e-05 1.3477e-05 1.3728e-05 1.3951e-05 1.4285e-05 1.3522e-05 1.3674e-05 1.3373e-05 1.2526e-05 1.1936e-05 1.1479e-05 1.0642e-05 1.0056e-05 9.6487e-06 9.3179e-06 8.9786e-06 8.9787e-06 8.9512e-06 8.949e-06 8.9493e-06 8.9724e-06 9.0278e-06 9.086e-06 8.9104e-06 1.0618e-05 1.0425e-05 9.1207e-06 8.9294e-06 8.8847e-06 8.9036e-06 8.9423e-06 9.2735e-06 9.3963e-06 9.7714e-06 1.0183e-05 1.0729e-05 1.1114e-05 1.1905e-05 1.217e-05 1.224e-05 1.0796e-05 1.0631e-05 1.0759e-05 1.1018e-05 1.1284e-05 1.1471e-05 1.1704e-05 1.1806e-05 1.1983e-05 1.2442e-05 1.2035e-05 1.3152e-05 1.4172e-05 1.4338e-05 1.4338e-05 1.4291e-05 1.3461e-05 1.3224e-05 1.3508e-05 1.4308e-05 1.4347e-05 1.4334e-05 1.3883e-05 1.4354e-05 1.4323e-05 1.3887e-05 1.3401e-05 1.3374e-05 1.3761e-05 1.3527e-05 1.3678e-05 1.3648e-05 1.3639e-05 1.3354e-05 1.3684e-05 1.4354e-05 1.3447e-05 1.2928e-05 1.3043e-05 1.3053e-05 1.3471e-05 1.3334e-05 1.2157e-05 1.2194e-05 1.2354e-05 1.2589e-05 1.2657e-05 1.2494e-05 1.1255e-05 1.0922e-05 1.1109e-05 1.1364e-05 1.1688e-05 1.1363e-05 1.1963e-05 1.296e-05 1.0764e-05 1.0665e-05 1.1279e-05 1.0428e-05 1.0272e-05 1.0046e-05 9.7794e-06 9.5265e-06 9.6443e-06 9.8066e-06 9.726e-06 9.5989e-06 9.2988e-06 9.2419e-06 9.2619e-06 9.3271e-06 9.5118e-06 1.0035e-05 1.131e-05 1.3542e-05 1.4267e-05 1.2802e-05 1.2746e-05 1.2804e-05 1.2936e-05 1.3112e-05 1.3151e-05 1.3267e-05 1.3417e-05 1.3882e-05 1.4345e-05 1.4324e-05 1.3658e-05 1.3811e-05 1.3935e-05 1.3913e-05 1.4055e-05 1.4025e-05 1.434e-05 1.4272e-05 1.4354e-05 1.4342e-05 1.4311e-05 1.4188e-05 1.4074e-05 1.4036e-05 1.4265e-05 1.4307e-05 1.435e-05 1.415e-05 1.3582e-05 1.2766e-05 1.2321e-05 1.2925e-05 1.2978e-05 1.3436e-05 1.3714e-05 1.3821e-05 1.406e-05 1.4017e-05 1.4066e-05 1.4115e-05 1.3873e-05 1.435e-05 1.4346e-05 1.4354e-05 1.4352e-05 1.4304e-05 1.4323e-05 1.3842e-05 1.4345e-05
1.4233e-05 1.4073e-05 1.4053e-05 1.3781e-05 1.3855e-05 1.3981e-05 1.3705e-05 1.3486e-05 1.3439e-05 1.3341e-05 1.3221e-05 1.3033e-05 1.3073e-05 1.314e-05 1.3162e-05 1.3526e-05 1.4262e-05 1.432e-05 1.3778e-05 1.3735e-05 1.2111e-05 8.892e-06 9.9105e-06 1.0092e-05 9.3476e-06 9.8691e-06 9.5197e-06 9.4269e-06 9.251e-06 9.0297e-06 9.0039e-06 8.974e-06 8.9802e-06 9.0022e-06 9.0328e-06 9.0715e-06 9.0787e-06 8.8859e-06 9.2352e-06 9.1363e-06 8.9057e-06 8.89e-06 8.939e-06 8.9996e-06 9.1816e-06 9.6618e-06 9.9521e-06 1.0372e-05 1.0759e-05 1.1089e-05 1.1745e-05 1.2165e-05 1.2372e-05 1.0986e-05 1.0985e-05 1.0955e-05 1.1182e-05 1.1512e-05 1.1728e-05 1.1782e-05 1.1964e-05 1.1959e-05 1.1823e-05 1.2717e-05 1.4224e-05 1.4354e-05 1.4308e-05 1.4209e-05 1.4177e-05 1.3562e-05 1.3054e-05 1.3368e-05 1.3954e-05 1.4243e-05 1.3825e-05 1.4299e-05 1.4348e-05 1.433e-05 1.423e-05 1.4136e-05 1.4256e-05 1.3802e-05 1.2685e-05 1.4202e-05 1.3845e-05 1.3687e-05 1.3793e-05 1.364e-05 1.3668e-05 1.3685e-05 1.432e-05 1.3814e-05 1.3248e-05 1.3039e-05 1.3076e-05 1.2645e-05 1.2753e-05 1.2906e-05 1.3046e-05 1.3298e-05 1.2934e-05 1.2847e-05 1.167e-05 1.1487e-05 1.1707e-05 1.1778e-05 1.1436e-05 1.3117e-05 1.2419e-05 1.0334e-05 1.0831e-05 1.0934e-05 1.1106e-05 1.1145e-05 1.0213e-05 1.0097e-05 9.8186e-06 9.6293e-06 9.722e-06 9.7318e-06 9.5319e-06 9.6437e-06 9.4691e-06 9.5276e-06 9.7054e-06 9.8539e-06 1.0401e-05 1.2173e-05 1.4158e-05 1.2942e-05 1.2871e-05 1.3048e-05 1.2826e-05 1.2993e-05 1.3133e-05 1.3204e-05 1.3341e-05 1.3427e-05 1.3806e-05 1.4279e-05 1.4354e-05 1.4334e-05 1.4257e-05 1.4225e-05 1.4195e-05 1.4234e-05 1.4301e-05 1.4348e-05 1.4303e-05 1.4258e-05 1.4157e-05 1.4036e-05 1.4023e-05 1.3918e-05 1.3885e-05 1.3948e-05 1.4257e-05 1.4339e-05 1.382e-05 1.2855e-05 1.1994e-05 1.1483e-05 1.097e-05 1.1465e-05 1.1942e-05 1.3058e-05 1.349e-05 1.3751e-05 1.3782e-05 1.3921e-05 1.4005e-05 1.4057e-05 1.4248e-05 1.4339e-05 1.4349e-05 1.4354e-05 1.4347e-05 1.425e-05 1.4283e-05 1.3337e-05
1.4118e-05 1.395e-05 1.3899e-05 1.3716e-05 1.4273e-05 1.3733e-05 1.3666e-05 1.3518e-05 1.3249e-05 1.3175e-05 1.3023e-05 1.2873e-05 1.2819e-05 1.2851e-05 1.2762e-05 1.4067e-05 1.4352e-05 1.4351e-05 1.409e-05 1.4109e-05 1.1007e-05 1.0187e-05 1.0529e-05 1.0012e-05 1.0609e-05 8.8847e-06 9.4707e-06 9.4422e-06 9.6763e-06 9.2661e-06 9.1088e-06 9.0106e-06 8.9921e-06 9.0124e-06 9.0402e-06 9.0793e-06 9.0871e-06 9.0103e-06 8.8881e-06 8.8946e-06 8.8889e-06 8.9078e-06 8.9542e-06 9.029e-06 9.2228e-06 9.698e-06 1.0125e-05 1.0556e-05 1.0915e-05 1.126e-05 1.1563e-05 1.2368e-05 1.2225e-05 1.0626e-05 1.0706e-05 1.1352e-05 1.1388e-05 1.1624e-05 1.1744e-05 1.1886e-05 1.2063e-05 1.2362e-05 1.2902e-05 1.4003e-05 1.4293e-05 1.4286e-05 1.4122e-05 1.3851e-05 1.3449e-05 1.3336e-05 1.3656e-05 1.331e-05 1.3489e-05 1.3836e-05 1.3684e-05 1.4168e-05 1.4354e-05 1.4347e-05 1.4351e-05 1.4122e-05 1.3921e-05 1.3322e-05 1.3994e-05 1.4345e-05 1.3643e-05 1.3766e-05 1.3808e-05 1.3779e-05 1.3767e-05 1.407e-05 1.378e-05 1.3688e-05 1.3164e-05 1.2999e-05 1.3265e-05 1.3495e-05 1.3299e-05 1.3336e-05 1.3316e-05 1.3619e-05 1.3569e-05 1.3252e-05 1.2398e-05 1.213e-05 1.2809e-05 1.2705e-05 1.2714e-05 1.2599e-05 1.1191e-05 1.0695e-05 1.1077e-05 1.1155e-05 1.0825e-05 1.0525e-05 1.0409e-05 1.0256e-05 9.9083e-06 9.318e-06 9.6216e-06 9.7517e-06 9.8043e-06 9.7892e-06 9.7284e-06 9.8071e-06 9.9023e-06 1.015e-05 1.1638e-05 1.2546e-05 1.4263e-05 1.3312e-05 1.2991e-05 1.2933e-05 1.3012e-05 1.3124e-05 1.3173e-05 1.3174e-05 1.33e-05 1.3568e-05 1.3783e-05 1.4054e-05 1.4266e-05 1.4208e-05 1.4317e-05 1.4317e-05 1.4327e-05 1.4231e-05 1.42e-05 1.4119e-05 1.4002e-05 1.389e-05 1.3786e-05 1.3787e-05 1.3762e-05 1.3613e-05 1.3686e-05 1.3708e-05 1.4031e-05 1.4331e-05 1.383e-05 1.2251e-05 1.1245e-05 1.0443e-05 1.0002e-05 1.0016e-05 1.0624e-05 1.2454e-05 1.3209e-05 1.3372e-05 1.3361e-05 1.3622e-05 1.3881e-05 1.4114e-05 1.4266e-05 1.4333e-05 1.4323e-05 1.4354e-05 1.4211e-05 1.4226e-05 1.4298e-05 1.407e-05
1.4115e-05 1.3902e-05 1.3714e-05 1.3632e-05 1.3546e-05 1.3702e-05 1.364e-05 1.3405e-05 1.3131e-05 1.2997e-05 1.2845e-05 1.2661e-05 1.2601e-05 1.2584e-05 1.2513e-05 1.391e-05 1.434e-05 1.4285e-05 1.3227e-05 1.3806e-05 1.1745e-05 1.0157e-05 1.0547e-05 1.0246e-05 1.0639e-05 8.8863e-06 9.7611e-06 9.9443e-06 1.0011e-05 9.8246e-06 9.297e-06 9.0567e-06 8.9751e-06 8.96e-06 8.9655e-06 9.0455e-06 9.1059e-06 9.0942e-06 8.9499e-06 8.9201e-06 8.9343e-06 8.9474e-06 8.9679e-06 9.0238e-06 9.1487e-06 9.511e-06 1.0255e-05 1.068e-05 1.1122e-05 1.1299e-05 1.1566e-05 1.2474e-05 1.1829e-05 1.2054e-05 1.0605e-05 1.1013e-05 1.1411e-05 1.1583e-05 1.1847e-05 1.1899e-05 1.2362e-05 1.2385e-05 1.3423e-05 1.4289e-05 1.4313e-05 1.4069e-05 1.3573e-05 1.34e-05 1.3005e-05 1.2989e-05 1.2753e-05 1.3003e-05 1.3094e-05 1.3314e-05 1.348e-05 1.4158e-05 1.4267e-05 1.424e-05 1.3841e-05 1.4249e-05 1.403e-05 1.3803e-05 1.3984e-05 1.4055e-05 1.3894e-05 1.3531e-05 1.372e-05 1.3328e-05 1.373e-05 1.3844e-05 1.3877e-05 1.3889e-05 1.4257e-05 1.3561e-05 1.3489e-05 1.3675e-05 1.3535e-05 1.3534e-05 1.3494e-05 1.3605e-05 1.3647e-05 1.2955e-05 1.4353e-05 1.2933e-05 1.3331e-05 1.2231e-05 1.1732e-05 1.2546e-05 1.1675e-05 1.1483e-05 1.1148e-05 1.0888e-05 1.0467e-05 1.0377e-05 1.0419e-05 1.0891e-05 9.7373e-06 1.0029e-05 9.7029e-06 1.0142e-05 1.0419e-05 1.0801e-05 9.8491e-06 9.9108e-06 1.0028e-05 1.0352e-05 1.1383e-05 1.1047e-05 1.3633e-05 1.4331e-05 1.3679e-05 1.3093e-05 1.3213e-05 1.3233e-05 1.3273e-05 1.3382e-05 1.3398e-05 1.3475e-05 1.3639e-05 1.3768e-05 1.3794e-05 1.3806e-05 1.362e-05 1.3789e-05 1.375e-05 1.3789e-05 1.3602e-05 1.3572e-05 1.3538e-05 1.3403e-05 1.3293e-05 1.3391e-05 1.3163e-05 1.3256e-05 1.329e-05 1.3575e-05 1.3908e-05 1.4332e-05 1.331e-05 1.1648e-05 1.0199e-05 9.6367e-06 9.5111e-06 9.7917e-06 9.8668e-06 9.1706e-06 1.2432e-05 1.287e-05 1.3146e-05 1.3432e-05 1.378e-05 1.4086e-05 1.4264e-05 1.4336e-05 1.4349e-05 1.4309e-05 1.4321e-05 1.4115e-05 1.4173e-05 1.4029e-05
1.3527e-05 1.3707e-05 1.375e-05 1.3401e-05 1.3193e-05 1.3212e-05 1.3263e-05 1.308e-05 1.2812e-05 1.2742e-05 1.2548e-05 1.2484e-05 1.2397e-05 1.2373e-05 1.2377e-05 1.3917e-05 1.4342e-05 1.3714e-05 1.3287e-05 1.4002e-05 1.338e-05 9.5375e-06 1.0249e-05 1.0464e-05 9.9696e-06 9.3607e-06 1.0488e-05 1.0484e-05 1.032e-05 9.9306e-06 9.4818e-06 9.1398e-06 8.9712e-06 8.9231e-06 8.9008e-06 8.8932e-06 9.082e-06 9.0912e-06 9.0272e-06 8.9836e-06 8.9729e-06 8.9776e-06 8.9928e-06 9.035e-06 9.1432e-06 9.4823e-06 1.0532e-05 1.0644e-05 1.0914e-05 1.1243e-05 1.1266e-05 1.1987e-05 1.2573e-05 1.2963e-05 1.0862e-05 1.1016e-05 1.1136e-05 1.1465e-05 1.1593e-05 1.2036e-05 1.235e-05 1.2515e-05 1.3927e-05 1.4318e-05 1.4276e-05 1.3326e-05 1.3154e-05 1.3025e-05 1.2793e-05 1.2731e-05 1.272e-05 1.2802e-05 1.3131e-05 1.3085e-05 1.3302e-05 1.3888e-05 1.4013e-05 1.3964e-05 1.4324e-05 1.4258e-05 1.4215e-05 1.4351e-05 1.4196e-05 1.4034e-05 1.3516e-05 1.3954e-05 1.4208e-05 1.3769e-05 1.3857e-05 1.399e-05 1.3833e-05 1.3832e-05 1.364e-05 1.3569e-05 1.3897e-05 1.3749e-05 1.3591e-05 1.3658e-05 1.3634e-05 1.3627e-05 1.3777e-05 1.3096e-05 1.2626e-05 1.341e-05 1.2315e-05 1.269e-05 1.3305e-05 1.0871e-05 1.1741e-05 1.2637e-05 1.0797e-05 1.0468e-05 1.039e-05 1.0557e-05 1.0634e-05 1.0944e-05 1.012e-05 1.0145e-05 9.2265e-06 1.0593e-05 1.0728e-05 1.064e-05 9.6248e-06 9.8528e-06 1.0288e-05 1.0349e-05 1.125e-05 1.0902e-05 1.1989e-05 1.3349e-05 1.4354e-05 1.4307e-05 1.3885e-05 1.3716e-05 1.3723e-05 1.3437e-05 1.3452e-05 1.3444e-05 1.3444e-05 1.3493e-05 1.3434e-05 1.3239e-05 1.3241e-05 1.3209e-05 1.3148e-05 1.3198e-05 1.304e-05 1.296e-05 1.2953e-05 1.305e-05 1.2926e-05 1.3003e-05 1.2922e-05 1.3123e-05 1.3026e-05 1.3034e-05 1.3463e-05 1.4354e-05 1.3081e-05 1.0801e-05 9.5186e-06 9.3472e-06 9.2841e-06 9.2657e-06 9.6592e-06 1.056e-05 1.1736e-05 1.2322e-05 1.2801e-05 1.3339e-05 1.3833e-05 1.4081e-05 1.4249e-05 1.432e-05 1.4349e-05 1.4333e-05 1.4313e-05 1.4041e-05 1.4038e-05 1.3896e-05
1.3574e-05 1.3472e-05 1.3381e-05 1.3196e-05 1.3079e-05 1.291e-05 1.2802e-05 1.262e-05 1.2511e-05 1.2467e-05 1.2354e-05 1.2332e-05 1.2298e-05 1.2309e-05 1.2299e-05 1.3828e-05 1.434e-05 1.3476e-05 1.3973e-05 1.4255e-05 1.4272e-05 1.1007e-05 8.9729e-06 8.9162e-06 9.8609e-06 1.1978e-05 1.1094e-05 1.0882e-05 1.0536e-05 9.816e-06 9.3984e-06 9.1456e-06 8.9955e-06 8.9081e-06 8.8881e-06 8.8854e-06 8.99e-06 9.0937e-06 9.0624e-06 8.9822e-06 8.9793e-06 8.9341e-06 8.9958e-06 9.0523e-06 9.0647e-06 9.6655e-06 9.975e-06 1.0378e-05 1.0582e-05 1.091e-05 1.1146e-05 1.1432e-05 1.1966e-05 1.274e-05 1.2077e-05 1.1396e-05 1.3184e-05 1.4353e-05 1.4223e-05 1.3021e-05 1.2591e-05 1.203e-05 1.401e-05 1.4335e-05 1.4216e-05 1.3357e-05 1.2917e-05 1.2764e-05 1.2556e-05 1.2464e-05 1.2619e-05 1.2457e-05 1.3099e-05 1.2631e-05 1.2856e-05 1.3389e-05 1.3503e-05 1.3446e-05 1.3639e-05 1.4309e-05 1.4287e-05 1.3895e-05 1.3505e-05 1.3931e-05 1.3694e-05 1.3854e-05 1.3906e-05 1.3961e-05 1.3931e-05 1.3652e-05 1.4022e-05 1.4075e-05 1.3964e-05 1.3795e-05 1.4078e-05 1.4133e-05 1.4282e-05 1.3277e-05 1.3973e-05 1.3913e-05 1.3654e-05 1.3226e-05 1.2715e-05 1.3222e-05 1.3268e-05 1.3085e-05 1.307e-05 1.2473e-05 1.1656e-05 1.2121e-05 1.1381e-05 1.075e-05 1.0758e-05 1.0412e-05 1.038e-05 1.0476e-05 1.0767e-05 1.0113e-05 9.3568e-06 1.046e-05 1.0689e-05 1.0317e-05 1.2375e-05 1.1483e-05 1.0203e-05 1.0129e-05 1.0634e-05 1.1104e-05 1.1338e-05 1.2491e-05 1.3434e-05 1.404e-05 1.4328e-05 1.4322e-05 1.4046e-05 1.3655e-05 1.3457e-05 1.3336e-05 1.3192e-05 1.313e-05 1.3108e-05 1.2743e-05 1.2942e-05 1.2641e-05 1.2508e-05 1.2389e-05 1.2278e-05 1.2391e-05 1.2056e-05 1.2259e-05 1.2215e-05 1.2322e-05 1.2386e-05 1.238e-05 1.2296e-05 1.2567e-05 1.276e-05 1.4318e-05 1.2948e-05 1.0583e-05 9.6543e-06 9.293e-06 9.1859e-06 8.8921e-06 8.9289e-06 9.709e-06 1.105e-05 1.2057e-05 1.2883e-05 1.3355e-05 1.3838e-05 1.4117e-05 1.4304e-05 1.4354e-05 1.4291e-05 1.4349e-05 1.4158e-05 1.4042e-05 1.4288e-05 1.3672e-05
1.3403e-05 1.3325e-05 1.336e-05 1.2961e-05 1.2711e-05 1.271e-05 1.2546e-05 1.2507e-05 1.2456e-05 1.2344e-05 1.2271e-05 1.2265e-05 1.2264e-05 1.225e-05 1.2239e-05 1.3701e-05 1.4242e-05 1.384e-05 1.3973e-05 1.3662e-05 1.4293e-05 1.4171e-05 1.4141e-05 1.4113e-05 1.3432e-05 1.2377e-05 1.073e-05 1.1118e-05 1.0252e-05 9.6274e-06 9.2469e-06 9.093e-06 8.9552e-06 8.8983e-06 8.8858e-06 8.9021e-06 8.8978e-06 9.0542e-06 9.0847e-06 8.9783e-06 9.0045e-06 8.9818e-06 9.0098e-06 8.8887e-06 9.1993e-06 9.6961e-06 1.0132e-05 1.0325e-05 1.0465e-05 1.0638e-05 1.0373e-05 1.1033e-05 1.1137e-05 1.3096e-05 1.1077e-05 1.121e-05 1.1393e-05 1.1274e-05 1.3471e-05 1.4294e-05 1.4173e-05 1.338e-05 1.4233e-05 1.3952e-05 1.3382e-05 1.2774e-05 1.2571e-05 1.2538e-05 1.2403e-05 1.2281e-05 1.2315e-05 1.2405e-05 1.2526e-05 1.27e-05 1.3236e-05 1.3023e-05 1.3076e-05 1.2919e-05 1.265e-05 1.3962e-05 1.4275e-05 1.4161e-05 1.401e-05 1.4231e-05 1.4246e-05 1.4053e-05 1.415e-05 1.4063e-05 1.4097e-05 1.3785e-05 1.4001e-05 1.426e-05 1.4059e-05 1.408e-05 1.4097e-05 1.4332e-05 1.4192e-05 1.4009e-05 1.3832e-05 1.3981e-05 1.3138e-05 1.3238e-05 1.3551e-05 1.326e-05 1.3002e-05 1.3782e-05 1.3516e-05 1.2342e-05 1.2916e-05 1.2593e-05 1.1533e-05 1.2047e-05 1.184e-05 1.1839e-05 1.2661e-05 1.0599e-05 1.1054e-05 9.7391e-06 1.0107e-05 9.4774e-06 9.8863e-06 9.7886e-06 9.8543e-06 1.0191e-05 1.0243e-05 1.0436e-05 1.0303e-05 1.0309e-05 1.155e-05 1.1024e-05 1.3122e-05 1.4089e-05 1.4061e-05 1.4347e-05 1.3971e-05 1.349e-05 1.3291e-05 1.2919e-05 1.2788e-05 1.2676e-05 1.2441e-05 1.2311e-05 1.2156e-05 1.1895e-05 1.1608e-05 1.1333e-05 1.1146e-05 1.1079e-05 1.1106e-05 1.1281e-05 1.1462e-05 1.1566e-05 1.1511e-05 1.1677e-05 1.1874e-05 1.2101e-05 1.2489e-05 1.2958e-05 1.3958e-05 1.1546e-05 9.5813e-06 9.2654e-06 8.8898e-06 1.0482e-05 8.9122e-06 9.5713e-06 1.1115e-05 1.2236e-05 1.2831e-05 1.3446e-05 1.4069e-05 1.4069e-05 1.4329e-05 1.4349e-05 1.4185e-05 1.4144e-05 1.4001e-05 1.4036e-05 1.37e-05 1.357e-05
1.309e-05 1.2958e-05 1.2896e-05 1.2951e-05 1.2509e-05 1.272e-05 1.2312e-05 1.2243e-05 1.2243e-05 1.2236e-05 1.2218e-05 1.2212e-05 1.2232e-05 1.2241e-05 1.2229e-05 1.3358e-05 1.4328e-05 1.3877e-05 1.399e-05 1.3904e-05 1.3797e-05 1.3959e-05 1.27e-05 1.3184e-05 1.3257e-05 1.2679e-05 1.2004e-05 1.0507e-05 9.8822e-06 9.4932e-06 9.1715e-06 9.0271e-06 8.9399e-06 8.8925e-06 8.9007e-06 8.9082e-06 8.8876e-06 9.1211e-06 9.2192e-06 9.0354e-06 9.0928e-06 9.0831e-06 9.0966e-06 8.888e-06 9.0448e-06 9.6641e-06 1.0021e-05 1.0207e-05 1.0329e-05 1.0109e-05 9.8191e-06 9.9751e-06 1.1283e-05 1.2018e-05 1.2915e-05 1.3493e-05 1.3295e-05 1.3955e-05 1.4135e-05 1.423e-05 1.4283e-05 1.2953e-05 1.3423e-05 1.3108e-05 1.2829e-05 1.2676e-05 1.2681e-05 1.2478e-05 1.2223e-05 1.2161e-05 1.263e-05 1.2288e-05 1.2268e-05 1.2464e-05 1.2967e-05 1.239e-05 1.2806e-05 1.264e-05 1.2452e-05 1.2528e-05 1.3997e-05 1.4274e-05 1.4353e-05 1.4345e-05 1.4353e-05 1.4245e-05 1.4079e-05 1.3977e-05 1.4099e-05 1.4118e-05 1.417e-05 1.4207e-05 1.4116e-05 1.4044e-05 1.4165e-05 1.3974e-05 1.4231e-05 1.4144e-05 1.3638e-05 1.3179e-05 1.4237e-05 1.2962e-05 1.3513e-05 1.3551e-05 1.2178e-05 1.4086e-05 1.1387e-05 1.2678e-05 1.2944e-05 1.2295e-05 1.2216e-05 1.2441e-05 1.2297e-05 1.2107e-05 1.1795e-05 1.2143e-05 1.1853e-05 1.3211e-05 1.1003e-05 1.032e-05 1.0802e-05 1.23e-05 1.0166e-05 1.0645e-05 1.0933e-05 9.8705e-06 9.5885e-06 1.0815e-05 1.2222e-05 1.1206e-05 1.3317e-05 1.3829e-05 1.4297e-05 1.4163e-05 1.3552e-05 1.3098e-05 1.2652e-05 1.2618e-05 1.2414e-05 1.2157e-05 1.1955e-05 1.1585e-05 1.1351e-05 1.0853e-05 1.0435e-05 1.0343e-05 1.0174e-05 1.032e-05 1.0333e-05 1.0574e-05 1.073e-05 1.0711e-05 1.1039e-05 1.1343e-05 1.1704e-05 1.1958e-05 1.2342e-05 1.279e-05 1.4104e-05 1.2012e-05 1.005e-05 9.3858e-06 8.9892e-06 8.8878e-06 8.9981e-06 1.05e-05 1.1952e-05 1.2691e-05 1.3118e-05 1.3638e-05 1.3799e-05 1.4321e-05 1.4353e-05 1.4292e-05 1.4088e-05 1.3877e-05 1.3869e-05 1.3772e-05 1.3538e-05 1.3261e-05
1.2725e-05 1.263e-05 1.2475e-05 1.235e-05 1.2183e-05 1.2223e-05 1.2117e-05 1.2054e-05 1.2046e-05 1.2106e-05 1.2083e-05 1.2066e-05 1.2103e-05 1.2491e-05 1.213e-05 1.2263e-05 1.3718e-05 1.423e-05 1.3665e-05 1.3741e-05 1.3766e-05 1.3853e-05 1.2625e-05 1.234e-05 1.3656e-05 1.301e-05 1.112e-05 1.0303e-05 9.7547e-06 9.3569e-06 9.1284e-06 8.9951e-06 8.9366e-06 8.8904e-06 8.9708e-06 8.9196e-06 8.9028e-06 9.1268e-06 9.1883e-06 9.0951e-06 9.2372e-06 9.2665e-06 9.2395e-06 9.3069e-06 9.4688e-06 9.6912e-06 1.0058e-05 1.0288e-05 1.0269e-05 9.7166e-06 9.8332e-06 1.0205e-05 1.0255e-05 1.2087e-05 1.2343e-05 1.2683e-05 1.2744e-05 1.3812e-05 1.4031e-05 1.4327e-05 1.4296e-05 1.4288e-05 1.3663e-05 1.4025e-05 1.4299e-05 1.3065e-05 1.2861e-05 1.2559e-05 1.2233e-05 1.207e-05 1.2216e-05 1.1982e-05 1.2083e-05 1.1959e-05 1.2049e-05 1.2166e-05 1.2386e-05 1.2279e-05 1.2123e-05 1.204e-05 1.2145e-05 1.378e-05 1.4137e-05 1.4314e-05 1.4263e-05 1.4311e-05 1.4192e-05 1.105e-05 1.4223e-05 1.4135e-05 1.4261e-05 1.4352e-05 1.423e-05 1.4252e-05 1.3961e-05 1.4063e-05 1.4217e-05 1.419e-05 1.3737e-05 1.3721e-05 1.3372e-05 1.3671e-05 1.3487e-05 1.3605e-05 1.2946e-05 1.2545e-05 1.1764e-05 1.2255e-05 1.2428e-05 1.1715e-05 1.2365e-05 1.2225e-05 1.2912e-05 1.3635e-05 1.3472e-05 1.3421e-05 1.2343e-05 1.1037e-05 1.0835e-05 1.0709e-05 1.123e-05 1.063e-05 1.0358e-05 1.0622e-05 1.0225e-05 1.1174e-05 1.3078e-05 1.375e-05 1.3654e-05 1.4004e-05 1.4197e-05 1.4351e-05 1.3966e-05 1.3637e-05 1.3223e-05 1.2613e-05 1.2436e-05 1.2121e-05 1.1736e-05 1.1361e-05 1.0983e-05 1.0625e-05 1.009e-05 9.73e-06 9.5116e-06 9.1379e-06 9.27e-06 9.7528e-06 9.4855e-06 9.8665e-06 1.0016e-05 1.0381e-05 1.0718e-05 1.1161e-05 1.1411e-05 1.1612e-05 1.1971e-05 1.2298e-05 1.3385e-05 1.3977e-05 1.1927e-05 1.0498e-05 9.6601e-06 9.6086e-06 1.0311e-05 1.2158e-05 1.281e-05 1.3138e-05 1.3422e-05 1.375e-05 1.427e-05 1.4353e-05 1.4281e-05 1.4078e-05 1.3789e-05 1.3519e-05 1.3471e-05 1.3407e-05 1.3036e-05 1.2848e-05
1.2187e-05 1.2331e-05 1.2075e-05 1.2044e-05 1.2021e-05 1.2029e-05 1.1972e-05 1.1854e-05 1.183e-05 1.1919e-05 1.197e-05 1.1928e-05 1.1927e-05 1.1972e-05 1.2019e-05 1.2113e-05 1.3067e-05 1.4086e-05 1.4334e-05 1.4351e-05 1.4296e-05 1.4193e-05 1.3668e-05 1.357e-05 1.3996e-05 1.1469e-05 1.0754e-05 1.0172e-05 9.5608e-06 9.2997e-06 9.0972e-06 9.059e-06 8.9227e-06 8.893e-06 8.8903e-06 8.8882e-06 8.9059e-06 9.1545e-06 9.1729e-06 9.1691e-06 9.2909e-06 9.3715e-06 9.4918e-06 9.4956e-06 9.6246e-06 9.7993e-06 1.0029e-05 1.0346e-05 1.0179e-05 9.4934e-06 1.0185e-05 1.0391e-05 1.051e-05 1.104e-05 1.1315e-05 1.1695e-05 1.2345e-05 1.255e-05 1.3109e-05 1.4265e-05 1.4013e-05 1.4337e-05 1.4205e-05 1.3962e-05 1.3464e-05 1.3387e-05 1.2917e-05 1.2681e-05 1.2565e-05 1.2056e-05 1.1953e-05 1.1958e-05 1.1788e-05 1.1589e-05 1.17e-05 1.1394e-05 1.205e-05 1.1888e-05 1.1717e-05 1.1942e-05 1.1998e-05 1.2313e-05 1.3327e-05 1.2799e-05 1.3836e-05 1.423e-05 1.4333e-05 1.4141e-05 1.4306e-05 1.4343e-05 1.4353e-05 1.431e-05 1.4226e-05 1.4134e-05 1.4339e-05 1.4287e-05 1.4091e-05 1.3778e-05 1.3629e-05 1.4056e-05 1.3345e-05 1.3449e-05 1.3771e-05 1.3737e-05 1.3201e-05 1.3056e-05 1.2074e-05 1.2144e-05 1.2505e-05 1.2072e-05 1.1897e-05 1.1798e-05 1.2914e-05 1.3393e-05 1.3208e-05 1.3182e-05 1.2001e-05 1.1122e-05 1.1562e-05 1.1708e-05 1.1452e-05 1.3021e-05 1.0789e-05 1.0525e-05 1.1553e-05 1.1071e-05 1.2345e-05 1.4022e-05 1.3848e-05 1.4197e-05 1.4354e-05 1.4025e-05 1.3825e-05 1.3252e-05 1.2859e-05 1.2453e-05 1.203e-05 1.1542e-05 1.0859e-05 1.0398e-05 1.0057e-05 9.6105e-06 8.5431e-06 9.0122e-06 8.6196e-06 8.39e-06 8.5327e-06 8.7803e-06 8.9624e-06 9.3155e-06 9.8075e-06 1.0064e-05 9.8171e-06 1.0755e-05 1.0791e-05 1.1097e-05 1.1462e-05 1.1796e-05 1.2679e-05 1.3713e-05 1.4109e-05 1.3295e-05 1.269e-05 1.2544e-05 1.2249e-05 1.128e-05 1.3536e-05 1.3562e-05 1.3748e-05 1.3986e-05 1.34e-05 1.2882e-05 1.3936e-05 1.4294e-05 1.3282e-05 1.3943e-05 1.2962e-05 1.287e-05 1.2783e-05 1.2356e-05
1.1774e-05 1.3079e-05 1.201e-05 1.1997e-05 1.1802e-05 1.1861e-05 1.1842e-05 1.1736e-05 1.1815e-05 1.1771e-05 1.1799e-05 1.175e-05 1.1762e-05 1.1816e-05 1.1712e-05 1.1804e-05 1.1954e-05 1.2912e-05 1.4136e-05 1.4129e-05 1.4276e-05 1.426e-05 1.4316e-05 1.4213e-05 1.2439e-05 1.1041e-05 1.0515e-05 9.9646e-06 9.6878e-06 9.1818e-06 9.0402e-06 8.9595e-06 8.8973e-06 8.8851e-06 8.8994e-06 8.8927e-06 8.8972e-06 9.0951e-06 9.2545e-06 9.3108e-06 9.4213e-06 9.5505e-06 9.6125e-06 9.688e-06 9.5722e-06 9.7758e-06 9.7693e-06 9.6212e-06 9.5936e-06 9.7438e-06 1.0174e-05 1.0608e-05 1.0695e-05 1.057e-05 1.1162e-05 1.2019e-05 1.2457e-05 1.2688e-05 1.2596e-05 1.2814e-05 1.2734e-05 1.2806e-05 1.3964e-05 1.4004e-05 1.399e-05 1.2945e-05 1.2678e-05 1.2565e-05 1.2433e-05 1.2078e-05 1.1764e-05 1.1273e-05 1.1258e-05 1.125e-05 1.1348e-05 1.0996e-05 1.1168e-05 1.1123e-05 1.1185e-05 1.1707e-05 1.1349e-05 1.1444e-05 1.2069e-05 1.2892e-05 1.3544e-05 1.4109e-05 1.4347e-05 1.432e-05 1.4321e-05 1.4348e-05 1.4338e-05 1.4025e-05 1.4299e-05 1.4289e-05 1.4297e-05 1.4095e-05 1.4185e-05 1.3759e-05 1.4089e-05 1.4167e-05 1.3142e-05 1.3014e-05 1.3557e-05 1.274e-05 1.4136e-05 1.2352e-05 1.258e-05 1.1889e-05 1.2474e-05 1.1326e-05 1.0905e-05 1.1392e-05 1.2447e-05 1.286e-05 1.2532e-05 1.184e-05 1.1772e-05 1.2219e-05 1.1622e-05 1.2934e-05 1.2683e-05 1.2999e-05 1.2798e-05 1.137e-05 1.2164e-05 1.3379e-05 1.3502e-05 1.4125e-05 1.4314e-05 1.4272e-05 1.4129e-05 1.3672e-05 1.3348e-05 1.2922e-05 1.2495e-05 1.2017e-05 1.1438e-05 1.0658e-05 1.0119e-05 9.766e-06 9.1647e-06 8.8587e-06 8.4733e-06 8.1709e-06 7.605e-06 8.1932e-06 8.3902e-06 8.4843e-06 8.6842e-06 9.5778e-06 9.2918e-06 9.54e-06 9.8856e-06 1.0391e-05 1.0867e-05 1.0473e-05 1.064e-05 1.1076e-05 1.15e-05 1.1923e-05 1.2605e-05 1.3338e-05 1.3687e-05 1.4238e-05 1.432e-05 1.3373e-05 1.433e-05 1.4139e-05 1.404e-05 1.4253e-05 1.4308e-05 1.3992e-05 1.3459e-05 1.3267e-05 1.2888e-05 1.2663e-05 1.2545e-05 1.2261e-05 1.2074e-05 1.1876e-05
1.1441e-05 1.1635e-05 1.1635e-05 1.1754e-05 1.1673e-05 1.1726e-05 1.1677e-05 1.1686e-05 1.1719e-05 1.1666e-05 1.1614e-05 1.1635e-05 1.1658e-05 1.1724e-05 1.1595e-05 1.1778e-05 1.1654e-05 1.191e-05 1.311e-05 1.2516e-05 1.3938e-05 1.4211e-05 1.4025e-05 1.2865e-05 1.0668e-05 1.1019e-05 1.0468e-05 9.9253e-06 9.4403e-06 9.0983e-06 8.9427e-06 8.8852e-06 8.9113e-06 8.9454e-06 8.9748e-06 8.9864e-06 8.9228e-06 8.8849e-06 9.0763e-06 9.433e-06 9.6108e-06 9.6881e-06 9.7594e-06 9.7263e-06 9.1968e-06 9.3235e-06 9.919e-06 1.0183e-05 9.8056e-06 9.6749e-06 1.016e-05 1.0021e-05 9.8067e-06 1.0037e-05 1.0818e-05 1.1982e-05 1.2557e-05 1.2909e-05 1.2975e-05 1.3105e-05 1.3178e-05 1.3048e-05 1.3907e-05 1.4044e-05 1.316e-05 1.282e-05 1.2592e-05 1.2574e-05 1.2279e-05 1.1985e-05 1.1833e-05 1.1114e-05 1.1327e-05 1.0947e-05 1.085e-05 1.0544e-05 1.0609e-05 1.0317e-05 1.0645e-05 1.0948e-05 1.1068e-05 1.1272e-05 1.1228e-05 1.2893e-05 1.3334e-05 1.3927e-05 1.4087e-05 1.4226e-05 1.4339e-05 1.4298e-05 1.4184e-05 1.4236e-05 1.4271e-05 1.4353e-05 1.4262e-05 1.4044e-05 1.4156e-05 1.3953e-05 1.4161e-05 1.3915e-05 1.3913e-05 1.3779e-05 1.3691e-05 1.352e-05 1.3422e-05 1.2676e-05 1.2193e-05 1.358e-05 1.2087e-05 1.1001e-05 1.2616e-05 1.1221e-05 1.1369e-05 1.1135e-05 1.0901e-05 1.0769e-05 1.1303e-05 1.1744e-05 1.2064e-05 1.3419e-05 1.3531e-05 1.3346e-05 1.4284e-05 1.4074e-05 1.3839e-05 1.4262e-05 1.4257e-05 1.4324e-05 1.432e-05 1.4139e-05 1.3777e-05 1.3321e-05 1.3065e-05 1.2584e-05 1.222e-05 1.1539e-05 1.0943e-05 1.0142e-05 9.5061e-06 8.9726e-06 8.7506e-06 8.4411e-06 7.7771e-06 7.3967e-06 7.1645e-06 7.295e-06 7.7147e-06 7.8059e-06 8.418e-06 8.5251e-06 8.9619e-06 9.9988e-06 9.4938e-06 9.9899e-06 1.01e-05 1.0185e-05 1.0457e-05 1.0794e-05 1.0837e-05 1.1211e-05 1.1471e-05 1.2034e-05 1.2244e-05 1.2432e-05 1.2971e-05 1.3276e-05 1.3866e-05 1.4331e-05 1.4345e-05 1.4354e-05 1.4354e-05 1.4131e-05 1.4074e-05 1.2982e-05 1.2739e-05 1.2522e-05 1.2231e-05 1.1784e-05 1.1501e-05 1.138e-05
1.1097e-05 1.1504e-05 1.1466e-05 1.171e-05 1.1489e-05 1.1581e-05 1.1501e-05 1.1524e-05 1.1624e-05 1.1592e-05 1.1548e-05 1.1534e-05 1.1553e-05 1.166e-05 1.1751e-05 1.1813e-05 1.19e-05 1.2105e-05 1.2218e-05 1.4055e-05 1.4018e-05 1.3832e-05 1.3215e-05 1.2312e-05 1.1149e-05 1.1133e-05 1.0517e-05 9.9672e-06 9.4985e-06 8.9989e-06 8.8872e-06 8.9648e-06 9.1175e-06 9.2351e-06 9.2377e-06 9.1419e-06 9.0534e-06 9.0288e-06 8.8927e-06 9.0298e-06 9.53e-06 9.9024e-06 9.9621e-06 9.9143e-06 9.786e-06 9.6136e-06 9.7655e-06 9.9519e-06 1.0144e-05 1.0726e-05 9.7844e-06 9.6307e-06 9.4941e-06 9.3539e-06 9.96e-06 1.1138e-05 1.2442e-05 1.2797e-05 1.2918e-05 1.2865e-05 1.3119e-05 1.2941e-05 1.4262e-05 1.3863e-05 1.318e-05 1.2832e-05 1.2596e-05 1.2404e-05 1.2231e-05 1.1759e-05 1.1613e-05 1.1233e-05 1.1055e-05 1.0568e-05 1.0451e-05 1.0071e-05 9.7333e-06 9.845e-06 9.9012e-06 1.0319e-05 1.0196e-05 1.0407e-05 1.0724e-05 1.0901e-05 1.1628e-05 1.2088e-05 1.2265e-05 1.2749e-05 1.3513e-05 1.2724e-05 1.4335e-05 1.435e-05 1.4249e-05 1.4213e-05 1.4339e-05 1.4235e-05 1.4309e-05 1.435e-05 1.4054e-05 1.4336e-05 1.4148e-05 1.4326e-05 1.3964e-05 1.4353e-05 1.4136e-05 1.4081e-05 1.3314e-05 1.2821e-05 1.2403e-05 1.1591e-05 1.1236e-05 1.1006e-05 1.0987e-05 1.058e-05 1.0593e-05 1.0593e-05 1.0941e-05 1.2322e-05 1.4311e-05 1.406e-05 1.38e-05 1.3367e-05 1.3772e-05 1.3516e-05 1.4256e-05 1.4334e-05 1.4352e-05 1.4354e-05 1.4078e-05 1.3853e-05 1.3443e-05 1.2947e-05 1.264e-05 1.2333e-05 1.1569e-05 1.0942e-05 1.0565e-05 9.7296e-06 9.1931e-06 8.3921e-06 8.0496e-06 7.4793e-06 6.9918e-06 6.9044e-06 6.7648e-06 6.6605e-06 6.8769e-06 7.3619e-06 7.4922e-06 8.047e-06 8.3159e-06 8.6034e-06 8.8354e-06 9.3667e-06 8.9577e-06 9.1358e-06 9.789e-06 1.041e-05 1.0399e-05 1.0928e-05 1.1408e-05 1.1652e-05 1.2278e-05 1.2517e-05 1.3055e-05 1.3226e-05 1.3698e-05 1.4077e-05 1.4259e-05 1.4267e-05 1.4309e-05 1.3998e-05 1.4136e-05 1.2671e-05 1.2559e-05 1.2305e-05 1.1762e-05 1.1656e-05 1.1375e-05 1.1306e-05
1.1243e-05 1.1339e-05 1.1285e-05 1.1462e-05 1.2346e-05 1.1426e-05 1.1405e-05 1.1985e-05 1.1454e-05 1.1491e-05 1.1572e-05 1.1554e-05 1.1716e-05 1.1733e-05 1.1816e-05 1.1921e-05 1.1941e-05 1.186e-05 1.2346e-05 1.3429e-05 1.3397e-05 1.3042e-05 1.3656e-05 1.2524e-05 1.2446e-05 1.1313e-05 1.0806e-05 1.0244e-05 9.3624e-06 8.8956e-06 8.9835e-06 9.2479e-06 9.4616e-06 9.4927e-06 9.6031e-06 9.5233e-06 9.1627e-06 9.1065e-06 9.0105e-06 8.8854e-06 9.25e-06 9.9485e-06 1.0156e-05 1.0086e-05 9.7429e-06 9.8446e-06 9.6444e-06 9.083e-06 9.8691e-06 9.9477e-06 9.9139e-06 9.7187e-06 9.3664e-06 9.1855e-06 9.4214e-06 1.0263e-05 1.1624e-05 1.2275e-05 1.2659e-05 1.2603e-05 1.3584e-05 1.3688e-05 1.3793e-05 1.4317e-05 1.312e-05 1.2666e-05 1.2538e-05 1.2409e-05 1.2002e-05 1.1655e-05 1.121e-05 1.0813e-05 1.0735e-05 1.0131e-05 9.7897e-06 9.5796e-06 9.4225e-06 9.2679e-06 9.2565e-06 8.9284e-06 9.8395e-06 9.8466e-06 1.0002e-05 1.0184e-05 1.0646e-05 1.191e-05 1.152e-05 1.2147e-05 1.3084e-05 1.3225e-05 1.3618e-05 1.423e-05 1.4244e-05 1.4299e-05 1.433e-05 1.4327e-05 1.4228e-05 1.4173e-05 1.4339e-05 1.4338e-05 1.4354e-05 1.3138e-05 1.4354e-05 1.3942e-05 1.4277e-05 1.3749e-05 1.3487e-05 1.3355e-05 1.2956e-05 1.3022e-05 1.2226e-05 1.124e-05 1.3592e-05 1.0825e-05 1.0904e-05 1.1789e-05 1.1294e-05 1.1902e-05 1.4236e-05 1.4274e-05 1.4295e-05 1.4282e-05 1.4307e-05 1.4353e-05 1.4354e-05 1.4339e-05 1.4283e-05 1.407e-05 1.3912e-05 1.3494e-05 1.3105e-05 1.2633e-05 1.2478e-05 1.1755e-05 1.1279e-05 1.0568e-05 1.0061e-05 9.5821e-06 8.672e-06 8.4765e-06 7.1564e-06 6.6433e-06 6.4596e-06 6.452e-06 6.4613e-06 6.3728e-06 6.7166e-06 6.8139e-06 7.1856e-06 6.9307e-06 7.6811e-06 7.8511e-06 8.3875e-06 8.5083e-06 8.7128e-06 8.8944e-06 9.2029e-06 1.0057e-05 1.0891e-05 1.0725e-05 1.1268e-05 1.1578e-05 1.2051e-05 1.2524e-05 1.3044e-05 1.3074e-05 1.3425e-05 1.3688e-05 1.3828e-05 1.3994e-05 1.4108e-05 1.4347e-05 1.3699e-05 1.2535e-05 1.2394e-05 1.2303e-05 1.1782e-05 1.142e-05 1.1256e-05 1.1368e-05
1.1277e-05 1.1229e-05 1.1152e-05 1.1211e-05 1.1299e-05 1.1366e-05 1.1481e-05 1.1397e-05 1.1476e-05 1.1525e-05 1.1531e-05 1.1508e-05 1.1642e-05 1.1566e-05 1.1844e-05 1.1782e-05 1.1962e-05 1.2524e-05 1.2804e-05 1.3461e-05 1.4228e-05 1.4335e-05 1.3978e-05 1.3525e-05 1.2771e-05 1.1985e-05 1.1428e-05 1.0361e-05 9.3059e-06 8.8852e-06 9.0617e-06 9.2948e-06 9.3904e-06 9.4155e-06 9.653e-06 9.5263e-06 9.21e-06 9.0684e-06 8.9554e-06 8.9074e-06 9.3702e-06 1.0066e-05 1.0193e-05 1.0125e-05 9.4254e-06 9.9494e-06 9.7248e-06 9.3851e-06 9.6628e-06 9.5524e-06 9.5639e-06 9.4285e-06 9.4187e-06 9.5414e-06 9.7927e-06 1.0059e-05 1.1036e-05 1.2197e-05 1.226e-05 1.2112e-05 1.2986e-05 1.3732e-05 1.3777e-05 1.4354e-05 1.3483e-05 1.2453e-05 1.2259e-05 1.2442e-05 1.1833e-05 1.14e-05 1.1071e-05 1.0504e-05 1.0195e-05 9.8058e-06 9.3657e-06 9.0197e-06 8.854e-06 8.7488e-06 8.727e-06 8.8018e-06 8.9347e-06 9.0502e-06 9.3732e-06 8.7767e-06 8.9107e-06 1.0209e-05 1.0937e-05 1.1163e-05 1.197e-05 1.188e-05 1.3223e-05 1.2188e-05 1.3002e-05 1.3639e-05 1.3492e-05 1.4238e-05 1.4352e-05 1.3969e-05 1.4299e-05 1.4311e-05 1.2802e-05 1.2791e-05 1.2967e-05 1.4246e-05 1.4347e-05 1.3328e-05 1.3013e-05 1.3846e-05 1.3929e-05 1.3566e-05 1.3034e-05 1.351e-05 1.4248e-05 1.4257e-05 1.2719e-05 1.334e-05 1.4351e-05 1.2848e-05 1.4336e-05 1.4276e-05 1.4322e-05 1.4315e-05 1.4304e-05 1.4267e-05 1.4145e-05 1.4237e-05 1.4015e-05 1.3955e-05 1.3502e-05 1.3002e-05 1.276e-05 1.2589e-05 1.2144e-05 1.165e-05 1.0745e-05 1.0168e-05 9.4873e-06 9.1262e-06 7.9643e-06 7.4481e-06 7.0597e-06 6.3503e-06 6.2534e-06 6.2855e-06 6.3295e-06 6.4963e-06 6.4014e-06 6.55e-06 6.7108e-06 7.1041e-06 7.3804e-06 7.2927e-06 7.3785e-06 7.8405e-06 8.2894e-06 8.7501e-06 9.1515e-06 9.4581e-06 9.9987e-06 1.051e-05 1.1096e-05 1.1675e-05 1.1994e-05 1.2411e-05 1.2921e-05 1.2926e-05 1.3097e-05 1.3324e-05 1.3353e-05 1.3734e-05 1.4329e-05 1.4305e-05 1.4333e-05 1.2877e-05 1.2441e-05 1.2054e-05 1.1933e-05 1.1461e-05 1.1449e-05 1.1207e-05
1.1278e-05 1.1097e-05 1.1092e-05 1.1195e-05 1.1274e-05 1.1304e-05 1.1373e-05 1.1429e-05 1.1459e-05 1.143e-05 1.1512e-05 1.1333e-05 1.1477e-05 1.1457e-05 1.1751e-05 1.1848e-05 1.2162e-05 1.2559e-05 1.3253e-05 1.4001e-05 1.4322e-05 1.4327e-05 1.4082e-05 1.3699e-05 1.3178e-05 1.2644e-05 1.1863e-05 1.1135e-05 9.8428e-06 9.0442e-06 8.8977e-06 9.0727e-06 9.2027e-06 9.2487e-06 9.2807e-06 9.2411e-06 9.0882e-06 9.0043e-06 8.9563e-06 9.5723e-06 1.0387e-05 1.0709e-05 1.0407e-05 1.0327e-05 1.0368e-05 9.6664e-06 1.0005e-05 9.3059e-06 9.5988e-06 9.6294e-06 9.5251e-06 9.6683e-06 9.1778e-06 9.5779e-06 1.0388e-05 1.0169e-05 1.0501e-05 1.1683e-05 1.2382e-05 1.3264e-05 1.3181e-05 1.3321e-05 1.3792e-05 1.4353e-05 1.3517e-05 1.2311e-05 1.1861e-05 1.1703e-05 1.1428e-05 1.1049e-05 1.0412e-05 1.0067e-05 9.3946e-06 9.1544e-06 7.8882e-06 8.7501e-06 8.3793e-06 8.6062e-06 8.3209e-06 8.3065e-06 8.4722e-06 8.5449e-06 9.0682e-06 8.9861e-06 8.8271e-06 9.7445e-06 1.0026e-05 1.0889e-05 1.1125e-05 1.1035e-05 1.1461e-05 1.1746e-05 1.1808e-05 1.2271e-05 1.2906e-05 1.3759e-05 1.404e-05 1.4227e-05 1.3406e-05 1.3073e-05 1.2559e-05 1.2856e-05 1.4087e-05 1.3137e-05 1.4101e-05 1.3245e-05 1.3675e-05 1.3306e-05 1.334e-05 1.3122e-05 1.2693e-05 1.4353e-05 1.311e-05 1.2429e-05 1.4338e-05 1.4314e-05 1.4354e-05 1.4312e-05 1.4335e-05 1.4347e-05 1.4331e-05 1.4325e-05 1.3876e-05 1.3368e-05 1.3948e-05 1.3959e-05 1.3869e-05 1.3325e-05 1.2932e-05 1.2752e-05 1.2882e-05 1.2185e-05 1.2095e-05 1.1404e-05 1.0664e-05 9.757e-06 9.1786e-06 9.0106e-06 8.0061e-06 7.2796e-06 6.6902e-06 6.3601e-06 6.5239e-06 7.056e-06 6.2929e-06 6.5235e-06 6.683e-06 7.0135e-06 6.446e-06 7.5041e-06 7.3561e-06 7.4713e-06 7.7647e-06 7.9463e-06 7.9222e-06 8.4514e-06 8.95e-06 9.1662e-06 1.0255e-05 1.052e-05 1.1132e-05 1.1694e-05 1.2294e-05 1.2476e-05 1.2695e-05 1.2874e-05 1.3143e-05 1.3036e-05 1.3091e-05 1.3566e-05 1.4094e-05 1.4318e-05 1.4191e-05 1.3066e-05 1.2142e-05 1.2111e-05 1.1591e-05 1.1482e-05 1.1275e-05 1.1072e-05
1.0948e-05 1.0955e-05 1.1101e-05 1.1093e-05 1.1133e-05 1.1218e-05 1.1286e-05 1.1409e-05 1.146e-05 1.1351e-05 1.1362e-05 1.1517e-05 1.155e-05 1.1676e-05 1.1744e-05 1.2084e-05 1.2523e-05 1.3039e-05 1.3658e-05 1.4104e-05 1.4344e-05 1.4311e-05 1.4121e-05 1.389e-05 1.3657e-05 1.332e-05 1.2821e-05 1.2098e-05 1.0966e-05 9.7544e-06 9.2506e-06 9.0302e-06 8.9822e-06 8.9452e-06 9.0784e-06 9.1214e-06 8.979e-06 8.9152e-06 9.2785e-06 1.0069e-05 1.0749e-05 1.1092e-05 1.1062e-05 1.1276e-05 1.1602e-05 1.1959e-05 1.2117e-05 1.1526e-05 1.0038e-05 9.4935e-06 9.1799e-06 9.4989e-06 1.0377e-05 1.0269e-05 1.0289e-05 1.0825e-05 1.2423e-05 1.1922e-05 1.2394e-05 1.3437e-05 1.3775e-05 1.4221e-05 1.4351e-05 1.4191e-05 1.3435e-05 1.2095e-05 1.1907e-05 1.1344e-05 1.095e-05 1.0484e-05 1.0183e-05 9.3845e-06 9.0526e-06 8.6345e-06 8.6632e-06 8.0168e-06 8.0516e-06 8.0226e-06 7.6427e-06 7.6438e-06 8.2515e-06 8.07e-06 8.3053e-06 8.4508e-06 8.7591e-06 9.0352e-06 9.8278e-06 9.6048e-06 1.001e-05 1.0748e-05 1.0889e-05 1.0571e-05 1.1372e-05 1.1766e-05 1.188e-05 1.2127e-05 1.3099e-05 1.3548e-05 1.2635e-05 1.2705e-05 1.3634e-05 1.4087e-05 1.4302e-05 1.3001e-05 1.4032e-05 1.3224e-05 1.3104e-05 1.305e-05 1.4193e-05 1.4336e-05 1.3869e-05 1.4331e-05 1.4329e-05 1.4239e-05 1.4307e-05 1.4345e-05 1.4238e-05 1.4333e-05 1.4308e-05 1.423e-05 1.4265e-05 1.4007e-05 1.3828e-05 1.3507e-05 1.3502e-05 1.3314e-05 1.3228e-05 1.3167e-05 1.2769e-05 1.2579e-05 1.2316e-05 1.2232e-05 1.1504e-05 1.1136e-05 1.0034e-05 9.4311e-06 8.8144e-06 8.1594e-06 7.8594e-06 7.2549e-06 6.7835e-06 6.2992e-06 6.3192e-06 6.2804e-06 6.3844e-06 6.796e-06 6.635e-06 6.5898e-06 6.7283e-06 6.8361e-06 7.2514e-06 7.0313e-06 7.2854e-06 8.1744e-06 7.8924e-06 8.0757e-06 8.6452e-06 9.403e-06 1.0497e-05 1.0927e-05 1.124e-05 1.1986e-05 1.237e-05 1.2537e-05 1.2595e-05 1.2711e-05 1.275e-05 1.2775e-05 1.2815e-05 1.3016e-05 1.3318e-05 1.3925e-05 1.4354e-05 1.272e-05 1.2672e-05 1.244e-05 1.184e-05 1.1218e-05 1.1197e-05 1.0972e-05
1.0954e-05 1.0996e-05 1.1006e-05 1.1187e-05 1.1213e-05 1.1226e-05 1.1325e-05 1.1289e-05 1.1499e-05 1.1227e-05 1.1318e-05 1.1453e-05 1.1473e-05 1.1726e-05 1.2088e-05 1.223e-05 1.2879e-05 1.329e-05 1.3758e-05 1.4122e-05 1.4345e-05 1.4345e-05 1.4272e-05 1.4178e-05 1.4017e-05 1.3804e-05 1.3444e-05 1.3207e-05 1.2673e-05 1.1907e-05 1.1202e-05 1.0943e-05 1.0959e-05 1.0875e-05 9.4926e-06 9.3227e-06 9.9383e-06 1.0405e-05 1.0531e-05 1.0633e-05 1.0983e-05 1.1193e-05 1.1135e-05 1.1289e-05 1.1741e-05 1.2185e-05 1.2203e-05 1.2088e-05 1.003e-05 9.5377e-06 1.0151e-05 1.0932e-05 1.2474e-05 1.1571e-05 1.188e-05 1.3244e-05 1.2568e-05 1.4226e-05 1.2513e-05 1.3294e-05 1.3941e-05 1.4324e-05 1.4193e-05 1.3373e-05 1.245e-05 1.1807e-05 1.1404e-05 1.1113e-05 1.0301e-05 1.0094e-05 9.4193e-06 8.9811e-06 8.7555e-06 8.3837e-06 8.2167e-06 8.3068e-06 8.6479e-06 9.2136e-06 7.63e-06 7.5841e-06 7.7859e-06 7.5877e-06 7.9616e-06 8.0576e-06 8.4316e-06 8.6205e-06 8.7363e-06 8.9842e-06 9.3811e-06 9.7671e-06 1.0143e-05 1.0306e-05 1.0478e-05 1.0781e-05 1.1544e-05 1.1418e-05 1.1949e-05 1.2269e-05 1.2262e-05 1.2162e-05 1.2488e-05 1.2725e-05 1.2145e-05 1.2852e-05 1.3521e-05 1.2976e-05 1.3792e-05 1.3699e-05 1.321e-05 1.4057e-05 1.4335e-05 1.4147e-05 1.4121e-05 1.3923e-05 1.3863e-05 1.4307e-05 1.4301e-05 1.4207e-05 1.4108e-05 1.3846e-05 1.3824e-05 1.3654e-05 1.3277e-05 1.3525e-05 1.3069e-05 1.3032e-05 1.3005e-05 1.2904e-05 1.2598e-05 1.2447e-05 1.1919e-05 1.1729e-05 1.1201e-05 1.0744e-05 8.6109e-06 8.4508e-06 8.7529e-06 8.3327e-06 7.7942e-06 7.3446e-06 6.8444e-06 6.3648e-06 6.3525e-06 6.5381e-06 6.5003e-06 6.6309e-06 6.7515e-06 6.7698e-06 7.1573e-06 6.7295e-06 6.9038e-06 7.0427e-06 7.5343e-06 7.5842e-06 7.6163e-06 8.324e-06 9.0074e-06 9.7309e-06 1.0253e-05 1.2512e-05 1.2093e-05 1.1514e-05 1.2075e-05 1.2173e-05 1.2332e-05 1.2465e-05 1.2451e-05 1.2633e-05 1.2586e-05 1.2668e-05 1.2792e-05 1.3182e-05 1.3013e-05 1.2828e-05 1.2576e-05 1.1983e-05 1.1842e-05 1.1394e-05 1.1227e-05 1.0943e-05
1.0902e-05 1.0987e-05 1.1005e-05 1.1163e-05 1.1058e-05 1.1089e-05 1.1163e-05 1.1184e-05 1.1308e-05 1.1312e-05 1.1245e-05 1.1479e-05 1.155e-05 1.1926e-05 1.2279e-05 1.2627e-05 1.3124e-05 1.3424e-05 1.3761e-05 1.4088e-05 1.4285e-05 1.4338e-05 1.4351e-05 1.4303e-05 1.414e-05 1.3994e-05 1.3883e-05 1.3709e-05 1.356e-05 1.3327e-05 1.3087e-05 1.2831e-05 1.2607e-05 1.2399e-05 1.2097e-05 1.2208e-05 1.2308e-05 1.2226e-05 1.1631e-05 1.127e-05 1.1209e-05 1.1527e-05 1.1459e-05 1.0933e-05 1.1285e-05 1.1719e-05 1.1798e-05 1.1814e-05 1.3161e-05 1.0303e-05 1.4347e-05 1.4241e-05 1.4032e-05 1.4354e-05 1.4343e-05 1.3319e-05 1.3435e-05 1.3479e-05 1.4329e-05 1.3613e-05 1.432e-05 1.4257e-05 1.348e-05 1.2624e-05 1.2351e-05 1.1371e-05 1.0815e-05 1.0238e-05 1.01e-05 9.2471e-06 9.1728e-06 8.7892e-06 8.3729e-06 8.2665e-06 8.1301e-06 8.0617e-06 7.8611e-06 7.4875e-06 7.2826e-06 7.3274e-06 7.3043e-06 7.5783e-06 7.6361e-06 7.8357e-06 7.9498e-06 8.2364e-06 8.2879e-06 8.8578e-06 9.04e-06 9.258e-06 9.5361e-06 9.9344e-06 1.0501e-05 1.0785e-05 1.1067e-05 1.1037e-05 1.1486e-05 1.1409e-05 1.1439e-05 1.1632e-05 1.2363e-05 1.1951e-05 1.2784e-05 1.2588e-05 4.1458e-06 1.154e-05 1.357e-05 1.2803e-05 1.3085e-05 1.37e-05 1.3925e-05 1.3718e-05 1.3849e-05 1.3919e-05 1.4173e-05 1.3672e-05 1.3789e-05 1.3649e-05 1.3494e-05 1.3591e-05 1.3545e-05 1.3401e-05 1.3101e-05 1.313e-05 1.3133e-05 1.2931e-05 1.3003e-05 1.2745e-05 1.2553e-05 1.223e-05 1.1752e-05 1.1332e-05 1.083e-05 1.0244e-05 8.9896e-06 8.634e-06 8.8312e-06 8.1603e-06 8.1241e-06 7.4351e-06 7.0679e-06 6.7812e-06 6.5455e-06 6.5581e-06 6.7232e-06 6.6684e-06 6.7734e-06 6.7945e-06 7.0311e-06 7.4751e-06 6.8728e-06 7.3064e-06 7.7836e-06 8.1044e-06 8.1174e-06 8.9271e-06 9.3421e-06 1.0028e-05 1.0284e-05 1.2379e-05 1.2722e-05 1.1377e-05 1.1835e-05 1.1959e-05 1.2005e-05 1.2145e-05 1.2107e-05 1.2234e-05 1.2477e-05 1.2342e-05 1.2539e-05 1.2489e-05 1.358e-05 1.3066e-05 1.1756e-05 1.1862e-05 1.1869e-05 1.1182e-05 1.0745e-05 1.1095e-05
1.091e-05 1.0895e-05 1.1033e-05 1.1022e-05 1.098e-05 1.0951e-05 1.1244e-05 1.1301e-05 1.1221e-05 1.1284e-05 1.1434e-05 1.1687e-05 1.1891e-05 1.2137e-05 1.2473e-05 1.2851e-05 1.3263e-05 1.3646e-05 1.388e-05 1.4096e-05 1.4334e-05 1.432e-05 1.4354e-05 1.4318e-05 1.4281e-05 1.4191e-05 1.4083e-05 1.3978e-05 1.3844e-05 1.3754e-05 1.3576e-05 1.3363e-05 1.311e-05 1.297e-05 1.2985e-05 1.303e-05 1.2771e-05 1.2635e-05 1.217e-05 1.1767e-05 1.1591e-05 1.1649e-05 1.1762e-05 1.191e-05 1.1691e-05 1.2188e-05 1.283e-05 1.3559e-05 1.4314e-05 1.4345e-05 1.423e-05 1.4031e-05 1.3693e-05 1.3477e-05 1.3427e-05 1.4199e-05 1.3946e-05 1.3725e-05 1.4097e-05 1.4312e-05 1.4047e-05 1.3315e-05 1.2659e-05 1.1555e-05 1.147e-05 1.093e-05 1.0477e-05 9.8676e-06 9.3675e-06 9.0201e-06 8.4876e-06 8.0893e-06 7.8329e-06 7.8013e-06 7.5667e-06 7.4429e-06 7.3749e-06 7.7408e-06 6.6132e-06 6.3257e-06 7.2432e-06 7.3196e-06 7.1471e-06 8.2663e-06 7.6183e-06 7.9333e-06 8.4432e-06 8.5966e-06 8.4289e-06 8.8925e-06 9.0351e-06 9.3666e-06 9.778e-06 1.0138e-05 1.0429e-05 1.0661e-05 1.0937e-05 1.1538e-05 1.1002e-05 1.1443e-05 1.1505e-05 1.1561e-05 1.2754e-05 6.86e-06 4.0193e-06 1.2057e-05 1.401e-05 1.2809e-05 1.2973e-05 1.3294e-05 1.3296e-05 1.3362e-05 1.3386e-05 1.3298e-05 1.3058e-05 1.3367e-05 1.3265e-05 1.3324e-05 1.3143e-05 1.3082e-05 1.314e-05 1.2993e-05 1.3103e-05 1.306e-05 1.2922e-05 1.2892e-05 1.2983e-05 1.2677e-05 1.2483e-05 1.2238e-05 1.191e-05 1.1352e-05 1.0732e-05 1.0244e-05 9.5934e-06 9.4891e-06 8.6805e-06 8.4085e-06 7.822e-06 7.5155e-06 7.2072e-06 6.9687e-06 6.5758e-06 6.6845e-06 6.5931e-06 6.6551e-06 6.9806e-06 6.7493e-06 6.8499e-06 7.1184e-06 7.2536e-06 7.7007e-06 7.7519e-06 8.5103e-06 9.3403e-06 9.162e-06 9.5708e-06 1.0042e-05 1.0361e-05 1.0623e-05 1.1028e-05 1.1242e-05 1.1464e-05 1.1741e-05 1.1822e-05 1.1809e-05 1.2035e-05 1.1961e-05 1.2173e-05 1.2238e-05 1.2315e-05 1.2239e-05 1.2499e-05 1.1879e-05 1.1828e-05 1.2083e-05 1.177e-05 1.1167e-05 1.0764e-05 1.0783e-05
1.0954e-05 1.1037e-05 1.0857e-05 1.084e-05 1.0893e-05 1.0971e-05 1.1101e-05 1.126e-05 1.1356e-05 1.1645e-05 1.1558e-05 1.1733e-05 1.2069e-05 1.2347e-05 1.2719e-05 1.3201e-05 1.3748e-05 1.3705e-05 1.3822e-05 1.4034e-05 1.4169e-05 1.4248e-05 1.4332e-05 1.4353e-05 1.4343e-05 1.4308e-05 1.4237e-05 1.4133e-05 1.4076e-05 1.3941e-05 1.3823e-05 1.3755e-05 1.3582e-05 1.3504e-05 1.3535e-05 1.3491e-05 1.346e-05 1.3185e-05 1.2746e-05 1.2389e-05 1.214e-05 1.2106e-05 1.2249e-05 1.243e-05 1.2873e-05 1.3424e-05 1.375e-05 1.4137e-05 1.434e-05 1.4285e-05 1.4033e-05 1.3795e-05 1.3575e-05 1.3326e-05 1.3128e-05 1.2927e-05 1.4306e-05 1.4116e-05 1.4352e-05 1.3391e-05 1.1983e-05 1.1598e-05 1.1219e-05 1.0995e-05 1.064e-05 1.0183e-05 9.468e-06 9.0955e-06 8.709e-06 8.4832e-06 7.8046e-06 7.5714e-06 7.4727e-06 7.3389e-06 7.113e-06 6.8786e-06 6.8461e-06 7.0009e-06 6.6852e-06 6.8641e-06 7.1618e-06 6.9209e-06 7.1579e-06 7.0027e-06 7.3912e-06 6.9126e-06 7.2114e-06 7.9724e-06 8.1096e-06 8.7046e-06 8.6705e-06 8.9839e-06 9.4315e-06 9.6232e-06 1.0121e-05 1.0463e-05 1.037e-05 9.6663e-06 1.0864e-05 1.0956e-05 1.1495e-05 1.1506e-05 1.1892e-05 1.2254e-05 1.3071e-05 1.3018e-05 1.3081e-05 1.249e-05 1.2815e-05 1.2663e-05 1.2864e-05 1.2864e-05 1.3058e-05 1.2881e-05 1.2909e-05 1.2979e-05 1.2785e-05 1.2609e-05 1.2881e-05 1.2684e-05 1.2845e-05 1.2928e-05 1.314e-05 1.3003e-05 1.2904e-05 1.3012e-05 1.3021e-05 1.2701e-05 1.2532e-05 1.2355e-05 1.1805e-05 1.1306e-05 1.0865e-05 1.0421e-05 1.0448e-05 9.7792e-06 9.3349e-06 8.7418e-06 8.6283e-06 8.2738e-06 8.1547e-06 7.7691e-06 7.7114e-06 7.3214e-06 7.1979e-06 7.1439e-06 7.3928e-06 7.347e-06 7.8387e-06 7.824e-06 7.7864e-06 7.8446e-06 8.5509e-06 9.1295e-06 9.3851e-06 9.8177e-06 9.6476e-06 1.0082e-05 1.0349e-05 1.0658e-05 1.0922e-05 1.1216e-05 1.1404e-05 1.1521e-05 1.1608e-05 1.1739e-05 1.1667e-05 1.176e-05 1.2403e-05 1.217e-05 1.2316e-05 1.2016e-05 1.2087e-05 1.2085e-05 1.1932e-05 1.1502e-05 1.1075e-05 1.1051e-05 1.0801e-05 1.0739e-05
1.0609e-05 1.0683e-05 1.0897e-05 1.1156e-05 1.1058e-05 1.1455e-05 1.1338e-05 1.1264e-05 1.1415e-05 1.1554e-05 1.1621e-05 1.1924e-05 1.2081e-05 1.2438e-05 1.2565e-05 1.3134e-05 8.6885e-06 1.3897e-05 1.3739e-05 1.3861e-05 1.4008e-05 1.4155e-05 1.4234e-05 1.4275e-05 1.4344e-05 1.4353e-05 1.433e-05 1.4263e-05 1.4183e-05 1.4125e-05 1.405e-05 1.4029e-05 1.3943e-05 1.397e-05 1.3922e-05 1.3951e-05 1.3819e-05 1.3718e-05 1.3567e-05 1.3313e-05 1.3003e-05 1.2991e-05 1.2809e-05 1.2939e-05 1.3257e-05 1.3738e-05 1.4132e-05 1.4182e-05 1.4144e-05 1.3805e-05 1.3631e-05 1.3562e-05 1.2992e-05 1.3185e-05 1.2891e-05 1.2527e-05 1.221e-05 1.2056e-05 1.1463e-05 1.1097e-05 1.0772e-05 1.0455e-05 9.8452e-06 9.5936e-06 9.1668e-06 8.7881e-06 8.6473e-06 8.2813e-06 8.0763e-06 7.7493e-06 7.3051e-06 7.1077e-06 7.0244e-06 6.765e-06 6.6171e-06 6.8015e-06 6.6799e-06 6.6567e-06 6.4895e-06 6.1667e-06 6.9515e-06 6.8434e-06 6.7061e-06 6.9558e-06 6.5972e-06 7.1127e-06 7.6503e-06 7.7228e-06 8.2096e-06 8.2055e-06 8.4207e-06 8.5647e-06 8.9652e-06 9.3462e-06 9.9721e-06 1.006e-05 1.0128e-05 1.0212e-05 1.047e-05 1.0775e-05 1.0957e-05 1.1194e-05 1.1579e-05 1.1577e-05 1.1718e-05 1.2079e-05 1.2295e-05 1.228e-05 1.2262e-05 1.245e-05 1.245e-05 1.2452e-05 1.2606e-05 1.239e-05 1.2588e-05 1.2358e-05 1.2112e-05 1.2203e-05 1.2232e-05 1.2351e-05 1.2688e-05 1.2771e-05 1.2908e-05 1.297e-05 1.3113e-05 1.306e-05 1.2696e-05 1.2472e-05 1.2449e-05 1.2299e-05 1.1874e-05 1.1421e-05 1.1083e-05 1.0988e-05 1.0538e-05 1.0042e-05 9.6751e-06 9.3113e-06 9.2545e-06 9.0169e-06 8.8135e-06 8.5635e-06 8.4699e-06 8.1464e-06 8.0262e-06 8.2239e-06 8.1412e-06 8.1352e-06 8.9596e-06 8.8611e-06 8.5446e-06 8.9587e-06 9.0453e-06 9.5543e-06 9.8386e-06 9.6088e-06 1.0312e-05 1.0027e-05 1.0224e-05 1.091e-05 1.1142e-05 1.1209e-05 1.1313e-05 1.1296e-05 1.1587e-05 1.1559e-05 1.1701e-05 1.1943e-05 1.206e-05 1.1899e-05 1.1855e-05 1.23e-05 1.2155e-05 1.2179e-05 1.1711e-05 1.1353e-05 1.1042e-05 1.0758e-05 1.0556e-05 1.045e-05
1.061e-05 1.0621e-05 1.0741e-05 1.0884e-05 1.0796e-05 1.1111e-05 1.1337e-05 1.1445e-05 1.148e-05 1.1457e-05 1.1801e-05 1.2035e-05 1.2031e-05 1.2386e-05 1.2614e-05 1.2732e-05 1.3579e-05 1.3468e-05 1.368e-05 1.3703e-05 1.3842e-05 1.3948e-05 1.4088e-05 1.4188e-05 1.4249e-05 1.4309e-05 1.435e-05 1.4349e-05 1.435e-05 1.4315e-05 1.4295e-05 1.4262e-05 1.4234e-05 1.4246e-05 1.4221e-05 1.4223e-05 1.4197e-05 1.4148e-05 1.4094e-05 1.3843e-05 1.3751e-05 1.3597e-05 1.3534e-05 1.3585e-05 1.381e-05 1.4157e-05 1.4343e-05 1.4322e-05 1.4008e-05 1.379e-05 1.3558e-05 1.3387e-05 1.3205e-05 1.2932e-05 1.2565e-05 1.2182e-05 1.1777e-05 1.1279e-05 1.082e-05 1.0404e-05 9.579e-06 9.3082e-06 9.0605e-06 8.8584e-06 8.5211e-06 8.3944e-06 8.0593e-06 7.7653e-06 7.5701e-06 7.16e-06 7.0935e-06 5.3082e-06 6.4899e-06 6.4703e-06 6.4115e-06 6.2248e-06 6.2786e-06 6.4628e-06 6.4101e-06 6.4756e-06 6.5799e-06 6.1237e-06 6.8905e-06 6.8124e-06 8.8176e-06 3.9716e-06 7.4481e-06 7.6793e-06 7.7915e-06 8.1328e-06 8.0901e-06 8.623e-06 8.8738e-06 9.0954e-06 9.2498e-06 9.694e-06 9.733e-06 1.0106e-05 1.0307e-05 1.0836e-05 1.0819e-05 1.098e-05 1.1416e-05 1.1781e-05 1.1942e-05 1.1906e-05 1.1955e-05 1.2201e-05 1.1873e-05 1.2049e-05 1.2167e-05 1.1984e-05 1.1783e-05 1.1829e-05 1.1839e-05 1.1736e-05 1.1589e-05 1.1773e-05 1.1986e-05 1.2394e-05 1.2551e-05 1.2517e-05 1.263e-05 1.2801e-05 1.2799e-05 1.2729e-05 1.2832e-05 1.2629e-05 1.2427e-05 1.2324e-05 1.1904e-05 1.1746e-05 1.1334e-05 1.1325e-05 1.1097e-05 1.074e-05 1.0172e-05 9.9668e-06 9.8291e-06 9.9871e-06 9.41e-06 9.584e-06 9.1657e-06 8.806e-06 8.7783e-06 8.9412e-06 9.0367e-06 8.9343e-06 9.0618e-06 9.3581e-06 9.1464e-06 9.3485e-06 9.2919e-06 9.3619e-06 9.8681e-06 9.7189e-06 1.0099e-05 9.9785e-06 1.0153e-05 1.0628e-05 1.0901e-05 1.0853e-05 1.1185e-05 1.1299e-05 1.1402e-05 1.1628e-05 1.1645e-05 1.1774e-05 1.2107e-05 1.1836e-05 1.1886e-05 1.2062e-05 1.1537e-05 1.1775e-05 1.1726e-05 1.1319e-05 1.0897e-05 1.0907e-05 1.0736e-05 1.0667e-05
1.0773e-05 1.0674e-05 1.0731e-05 1.1101e-05 1.085e-05 1.0921e-05 1.153e-05 1.117e-05 1.1194e-05 1.1192e-05 1.1407e-05 1.1633e-05 1.1901e-05 1.2086e-05 1.2413e-05 1.2781e-05 1.2717e-05 1.3017e-05 1.3196e-05 1.3376e-05 1.3533e-05 1.3703e-05 1.3902e-05 1.4025e-05 1.4034e-05 1.4091e-05 1.4138e-05 1.422e-05 1.4265e-05 1.4306e-05 1.4325e-05 1.435e-05 1.4354e-05 1.4352e-05 1.4335e-05 1.4353e-05 1.4353e-05 1.4353e-05 1.434e-05 1.4273e-05 1.4226e-05 1.4183e-05 1.4186e-05 1.4308e-05 1.4344e-05 1.4318e-05 1.421e-05 1.4028e-05 1.3736e-05 1.352e-05 1.3319e-05 1.2951e-05 1.2792e-05 1.2499e-05 1.2092e-05 1.1781e-05 1.1315e-05 1.0832e-05 1.0343e-05 9.6431e-06 8.8089e-06 9.2503e-06 8.2009e-06 7.9863e-06 7.9126e-06 7.6897e-06 7.3416e-06 7.1195e-06 7.0064e-06 7.0215e-06 6.6185e-06 6.6581e-06 6.4944e-06 6.1956e-06 6.1319e-06 6.1105e-06 6.2989e-06 5.9795e-06 5.8069e-06 5.9632e-06 6.3442e-06 6.441e-06 6.3975e-06 6.6727e-06 6.7814e-06 6.8816e-06 7.048e-06 7.1682e-06 7.45e-06 8.015e-06 8.425e-06 8.2929e-06 8.7656e-06 8.7985e-06 9.5821e-06 9.3684e-06 9.4704e-06 9.7612e-06 1.0308e-05 1.0452e-05 1.0741e-05 1.0856e-05 1.0947e-05 1.1118e-05 1.1125e-05 1.129e-05 1.1726e-05 1.1713e-05 1.1642e-05 1.1538e-05 1.1326e-05 1.1251e-05 1.128e-05 1.1275e-05 1.1547e-05 1.1335e-05 1.1363e-05 1.1359e-05 1.1852e-05 1.2045e-05 1.2131e-05 1.2279e-05 1.2597e-05 1.2539e-05 1.2723e-05 1.2691e-05 1.2793e-05 1.2624e-05 1.2451e-05 1.2384e-05 1.2087e-05 1.2132e-05 1.1582e-05 1.1144e-05 1.1285e-05 1.1626e-05 1.0955e-05 1.077e-05 1.0852e-05 1.0332e-05 1.001e-05 1.0497e-05 1.0009e-05 9.6962e-06 9.7467e-06 9.9835e-06 9.7518e-06 9.8136e-06 9.7881e-06 9.791e-06 9.827e-06 9.7088e-06 9.7631e-06 9.9733e-06 1.0007e-05 9.8621e-06 9.9764e-06 1.03e-05 1.0308e-05 1.0595e-05 1.0488e-05 1.0856e-05 1.0998e-05 1.1249e-05 1.1385e-05 1.157e-05 1.1996e-05 1.1954e-05 1.2034e-05 1.1863e-05 1.1744e-05 1.1701e-05 1.1528e-05 1.1557e-05 1.1428e-05 1.1283e-05 1.1019e-05 1.0692e-05 1.1124e-05 1.0834e-05
1.0841e-05 1.0808e-05 1.0847e-05 1.0802e-05 1.0874e-05 1.0719e-05 1.101e-05 1.1174e-05 1.1045e-05 1.141e-05 1.1564e-05 1.1534e-05 1.1718e-05 1.198e-05 1.2231e-05 1.2399e-05 1.2596e-05 1.2761e-05 1.2916e-05 1.315e-05 1.3341e-05 1.3395e-05 1.3521e-05 1.3621e-05 1.3747e-05 1.3788e-05 1.389e-05 1.3954e-05 1.4007e-05 1.4017e-05 1.4029e-05 1.4084e-05 1.405e-05 1.4049e-05 1.4093e-05 1.413e-05 1.4153e-05 1.413e-05 1.4175e-05 1.3796e-05 1.4228e-05 1.4239e-05 1.4235e-05 1.4197e-05 1.4155e-05 1.4064e-05 1.3949e-05 1.3743e-05 1.34e-05 1.3145e-05 1.3025e-05 1.2471e-05 1.2078e-05 1.1758e-05 1.143e-05 1.0955e-05 1.0541e-05 1.0112e-05 9.6627e-06 9.3194e-06 8.6458e-06 8.0062e-06 7.7343e-06 7.5069e-06 7.1753e-06 5.5382e-06 7.4607e-06 6.6426e-06 6.5257e-06 6.4947e-06 6.1434e-06 6.5955e-06 6.2586e-06 5.7409e-06 5.5188e-06 5.6323e-06 5.7721e-06 5.7019e-06 6.079e-06 5.9376e-06 6.1622e-06 6.1572e-06 6.3566e-06 6.2943e-06 6.5968e-06 6.7267e-06 7.0678e-06 7.2703e-06 7.6054e-06 7.8852e-06 8.2202e-06 8.3904e-06 8.5101e-06 8.8593e-06 8.8881e-06 8.9383e-06 9.5215e-06 9.7995e-06 9.8789e-06 1.0263e-05 1.0381e-05 1.0585e-05 1.0878e-05 1.0917e-05 1.0996e-05 1.0929e-05 1.1336e-05 1.1112e-05 1.1167e-05 1.0967e-05 1.1031e-05 1.0977e-05 1.0899e-05 1.0932e-05 1.1214e-05 1.1014e-05 1.1213e-05 1.1236e-05 1.1383e-05 1.1875e-05 1.1677e-05 1.1773e-05 1.2667e-05 1.2332e-05 1.2436e-05 1.2553e-05 1.2726e-05 1.2809e-05 1.2685e-05 1.245e-05 1.2441e-05 1.2319e-05 1.2144e-05 1.3111e-05 1.2099e-05 1.1583e-05 1.1479e-05 1.1565e-05 1.1112e-05 1.0878e-05 1.0714e-05 1.1242e-05 1.0529e-05 1.0393e-05 1.0377e-05 1.0784e-05 1.0502e-05 1.0561e-05 1.0363e-05 1.0234e-05 1.0375e-05 1.0208e-05 1.0372e-05 1.054e-05 1.0312e-05 1.0269e-05 1.0461e-05 1.0539e-05 1.0493e-05 1.0711e-05 1.0854e-05 1.0769e-05 1.1024e-05 1.1111e-05 1.1231e-05 1.1786e-05 1.1486e-05 1.1591e-05 1.1857e-05 1.1695e-05 1.1805e-05 1.1561e-05 1.1446e-05 1.1494e-05 1.1218e-05 1.118e-05 1.1287e-05 1.0924e-05 1.0979e-05 1.1183e-05
1.0561e-05 1.094e-05 1.0949e-05 8.3608e-06 1.0843e-05 1.0722e-05 1.071e-05 1.0792e-05 1.0896e-05 1.0974e-05 1.1123e-05 1.1435e-05 1.1474e-05 1.1751e-05 1.1848e-05 1.1938e-05 1.2146e-05 1.2273e-05 1.2617e-05 1.293e-05 1.3361e-05 1.2985e-05 1.31e-05 1.3205e-05 1.3285e-05 1.3324e-05 1.3448e-05 1.3424e-05 1.3434e-05 1.3536e-05 1.3562e-05 1.364e-05 1.3669e-05 1.3732e-05 1.3797e-05 1.3846e-05 1.3871e-05 1.3836e-05 1.385e-05 1.3874e-05 1.3895e-05 1.3835e-05 1.3827e-05 1.3743e-05 1.36e-05 1.3498e-05 1.3323e-05 1.3221e-05 1.2872e-05 1.2576e-05 1.2095e-05 1.1754e-05 1.1348e-05 1.0874e-05 1.032e-05 1.0043e-05 9.6758e-06 9.2782e-06 8.7719e-06 8.6271e-06 8.2102e-06 7.6982e-06 7.2304e-06 6.8094e-06 6.8253e-06 6.7163e-06 6.1604e-06 6.2496e-06 6.3062e-06 6.3285e-06 6.0586e-06 6.2394e-06 5.9552e-06 5.9732e-06 5.8544e-06 5.6397e-06 5.818e-06 6.0978e-06 6.1488e-06 6.0064e-06 6.1035e-06 6.1578e-06 6.5226e-06 6.7501e-06 6.913e-06 7.7843e-06 7.5905e-06 7.7572e-06 7.8223e-06 7.9773e-06 8.0858e-06 8.4175e-06 8.8103e-06 8.9724e-06 8.8137e-06 9.7094e-06 9.837e-06 9.7789e-06 9.9344e-06 1.0159e-05 1.022e-05 1.045e-05 1.0658e-05 1.0658e-05 1.0627e-05 1.0723e-05 1.0763e-05 1.0736e-05 1.078e-05 1.0872e-05 1.0699e-05 1.0786e-05 1.0612e-05 1.0801e-05 1.0878e-05 1.0976e-05 1.1024e-05 1.128e-05 1.1068e-05 1.131e-05 1.1544e-05 1.164e-05 1.1679e-05 1.1951e-05 1.2124e-05 1.2262e-05 1.2496e-05 1.2575e-05 1.2642e-05 1.2641e-05 1.2612e-05 1.245e-05 1.2316e-05 1.23e-05 1.2116e-05 1.1846e-05 1.1713e-05 1.1725e-05 1.1455e-05 1.1846e-05 1.1227e-05 1.1723e-05 1.1168e-05 1.0952e-05 1.1283e-05 1.0884e-05 1.0922e-05 1.0897e-05 1.0777e-05 1.0761e-05 1.0855e-05 1.081e-05 1.0532e-05 1.0535e-05 1.0555e-05 1.0672e-05 1.064e-05 1.0797e-05 1.0673e-05 1.0633e-05 1.0755e-05 1.0914e-05 1.0832e-05 1.0941e-05 1.1335e-05 1.1177e-05 1.1184e-05 1.115e-05 1.1731e-05 1.1535e-05 1.1478e-05 1.1389e-05 1.163e-05 1.1243e-05 1.1008e-05 1.0898e-05 1.0991e-05 1.0846e-05 1.0788e-05 1.0733e-05
1.063e-05 1.0248e-05 1.0586e-05 1.0308e-05 1.035e-05 1.0484e-05 1.0575e-05 1.0498e-05 1.1171e-05 1.089e-05 1.1055e-05 1.1056e-05 1.103e-05 1.1133e-05 1.0675e-05 1.1601e-05 1.1708e-05 1.1854e-05 1.2172e-05 1.1995e-05 1.2138e-05 1.2401e-05 1.2468e-05 1.254e-05 1.2635e-05 1.269e-05 1.2953e-05 1.2852e-05 1.2909e-05 1.2964e-05 1.307e-05 1.3167e-05 1.3196e-05 1.3271e-05 1.3372e-05 1.3479e-05 1.3485e-05 1.3467e-05 1.3542e-05 1.3559e-05 1.3553e-05 1.3451e-05 1.3332e-05 1.3199e-05 1.3003e-05 1.2816e-05 1.2658e-05 1.2388e-05 1.2187e-05 1.187e-05 1.1549e-05 1.1464e-05 1.0747e-05 1.0074e-05 9.5693e-06 9.0104e-06 8.5013e-06 7.8982e-06 7.6742e-06 7.5279e-06 7.4095e-06 6.9455e-06 6.737e-06 6.8128e-06 6.3645e-06 6.2362e-06 6.1792e-06 6.4899e-06 6.2905e-06 6.0843e-06 6.4674e-06 6.3803e-06 6.0295e-06 5.9909e-06 5.992e-06 5.908e-06 5.9202e-06 6.1646e-06 6.1324e-06 6.2202e-06 6.1624e-06 6.466e-06 6.6773e-06 7.7393e-06 3.3891e-06 -1.7148e-06 9.8638e-06 8.2004e-06 7.8949e-06 8.2365e-06 8.1189e-06 8.646e-06 8.579e-06 9.1215e-06 9.173e-06 9.4224e-06 9.6855e-06 9.7725e-06 9.8023e-06 9.9419e-06 1.0197e-05 1.0214e-05 1.0362e-05 1.0727e-05 1.0436e-05 1.0779e-05 1.0829e-05 1.0696e-05 1.0731e-05 1.08e-05 1.0614e-05 1.0615e-05 1.049e-05 1.0729e-05 1.1121e-05 1.1058e-05 1.0719e-05 1.1077e-05 1.1168e-05 1.0969e-05 1.1092e-05 1.1304e-05 1.1377e-05 1.1869e-05 1.1899e-05 1.2319e-05 1.222e-05 1.2418e-05 1.2454e-05 1.275e-05 1.2529e-05 1.2577e-05 1.2577e-05 1.2504e-05 1.2295e-05 1.2362e-05 1.2158e-05 1.2082e-05 1.2244e-05 1.1946e-05 1.173e-05 1.1783e-05 1.1565e-05 1.1507e-05 1.1712e-05 1.1328e-05 1.1367e-05 1.1273e-05 1.1337e-05 1.1265e-05 1.1114e-05 1.107e-05 1.1053e-05 1.0938e-05 1.1416e-05 1.0869e-05 1.0947e-05 1.0703e-05 1.077e-05 1.0787e-05 1.1043e-05 1.1073e-05 1.0751e-05 1.0798e-05 1.1086e-05 1.0767e-05 1.0799e-05 1.1311e-05 1.0987e-05 1.1242e-05 1.0898e-05 1.095e-05 1.1053e-05 1.1015e-05 1.0995e-05 1.0775e-05 1.1097e-05 1.104e-05 1.0561e-05 1.137e-05
1.0156e-05 1.0196e-05 1.0019e-05 1.014e-05 1.0231e-05 9.8963e-06 1.008e-05 1.0248e-05 1.0124e-05 1.0274e-05 1.0749e-05 1.0631e-05 1.0479e-05 1.0864e-05 1.0771e-05 1.097e-05 1.0991e-05 1.111e-05 1.1185e-05 1.1225e-05 1.1698e-05 1.1543e-05 1.1893e-05 1.2046e-05 1.2056e-05 1.2364e-05 1.2086e-05 1.2168e-05 1.2373e-05 1.2444e-05 1.2493e-05 1.2707e-05 1.2651e-05 1.2853e-05 1.2238e-05 1.3054e-05 1.3057e-05 1.3081e-05 1.3138e-05 1.3089e-05 1.3026e-05 1.2921e-05 1.2685e-05 1.2601e-05 1.2438e-05 1.2181e-05 1.1882e-05 1.1501e-05 1.123e-05 1.0871e-05 1.0415e-05 9.8908e-06 9.4401e-06 8.8567e-06 8.2665e-06 7.7293e-06 7.1222e-06 6.7022e-06 6.2579e-06 5.8449e-06 5.6956e-06 5.7852e-06 6.1036e-06 6.2684e-06 6.2529e-06 6.2647e-06 6.4086e-06 6.2704e-06 6.0569e-06 6.2152e-06 6.1009e-06 6.1063e-06 6.2415e-06 6.013e-06 6.0352e-06 6.2025e-06 6.3146e-06 6.7057e-06 6.1335e-06 6.3336e-06 6.4618e-06 6.6924e-06 7.2666e-06 7.4705e-06 7.5234e-06 8.0136e-06 8.1151e-06 8.049e-06 8.2238e-06 8.1361e-06 8.4549e-06 8.7293e-06 8.7779e-06 9.1159e-06 9.2437e-06 9.5268e-06 9.6583e-06 9.8027e-06 9.932e-06 1.0255e-05 1.0444e-05 1.0277e-05 1.0403e-05 1.0738e-05 1.0659e-05 1.066e-05 1.0629e-05 1.0781e-05 1.0914e-05 1.1207e-05 1.1054e-05 1.0646e-05 1.0489e-05 1.0679e-05 1.0795e-05 1.0759e-05 1.1087e-05 1.0881e-05 1.0937e-05 1.0983e-05 1.1107e-05 1.1416e-05 1.1295e-05 1.1458e-05 1.166e-05 1.1799e-05 1.1835e-05 1.2189e-05 1.2371e-05 1.2416e-05 1.2563e-05 1.2723e-05 1.2693e-05 1.2689e-05 1.2869e-05 1.249e-05 1.2458e-05 1.237e-05 1.3017e-05 1.2224e-05 1.208e-05 1.1882e-05 1.183e-05 1.1973e-05 1.1876e-05 1.1839e-05 1.2247e-05 1.1594e-05 1.1623e-05 1.1519e-05 1.1591e-05 1.1244e-05 1.1306e-05 1.1167e-05 1.1095e-05 1.1114e-05 1.1056e-05 1.0992e-05 1.0948e-05 1.079e-05 1.1211e-05 1.1137e-05 1.1114e-05 1.0906e-05 1.0955e-05 1.0956e-05 1.0642e-05 1.0648e-05 1.0628e-05 1.0806e-05 1.0632e-05 1.0804e-05 1.0514e-05 1.0565e-05 1.0902e-05 1.0756e-05 1.0716e-05 1.0311e-05 1.0391e-05 1.0245e-05
1.0454e-05 9.8502e-06 9.8202e-06 9.9734e-06 9.8787e-06 9.8325e-06 9.9291e-06 9.8031e-06 1.021e-05 9.6875e-06 1.0023e-05 1.0075e-05 1.0169e-05 1.0093e-05 1.058e-05 1.0801e-05 1.0807e-05 1.0484e-05 1.0382e-05 1.0698e-05 1.0658e-05 1.0704e-05 1.0816e-05 1.0919e-05 1.1268e-05 1.1332e-05 1.2214e-05 1.1471e-05 1.1499e-05 1.1938e-05 1.1578e-05 1.2077e-05 1.1984e-05 1.226e-05 1.249e-05 1.2641e-05 1.2577e-05 1.2593e-05 1.2557e-05 1.2535e-05 1.2506e-05 1.2216e-05 1.2037e-05 1.181e-05 1.1595e-05 1.1285e-05 1.0721e-05 1.0219e-05 9.6689e-06 9.2551e-06 8.9754e-06 8.6749e-06 8.4844e-06 8.0675e-06 7.7664e-06 7.3076e-06 7.0187e-06 6.8726e-06 6.4911e-06 6.353e-06 6.3403e-06 6.2661e-06 6.3285e-06 6.3787e-06 6.5327e-06 6.4049e-06 6.3407e-06 6.3057e-06 6.4915e-06 6.2654e-06 6.2292e-06 6.3494e-06 6.0897e-06 6.1803e-06 6.638e-06 6.3786e-06 6.4437e-06 6.7293e-06 6.697e-06 6.8527e-06 7.107e-06 7.2513e-06 7.1527e-06 7.4601e-06 7.9115e-06 7.861e-06 8.3502e-06 8.5034e-06 8.6031e-06 8.7732e-06 8.7734e-06 9.0141e-06 9.3162e-06 9.3548e-06 9.376e-06 9.9523e-06 9.8397e-06 9.857e-06 1.0022e-05 1.0113e-05 1.0191e-05 1.0225e-05 1.034e-05 1.0642e-05 1.0588e-05 1.0367e-05 1.0498e-05 1.0642e-05 1.0674e-05 1.0569e-05 1.1216e-05 1.1102e-05 1.0784e-05 1.0822e-05 1.0701e-05 1.0829e-05 1.0996e-05 1.0909e-05 1.0949e-05 1.1242e-05 1.1398e-05 1.1285e-05 1.1373e-05 1.1394e-05 1.1729e-05 1.179e-05 1.1818e-05 1.1896e-05 1.2011e-05 1.2131e-05 1.2266e-05 1.2485e-05 1.2508e-05 1.2658e-05 1.2797e-05 1.2924e-05 1.279e-05 1.2547e-05 1.2379e-05 1.2449e-05 1.2372e-05 1.2371e-05 1.2266e-05 1.227e-05 1.224e-05 1.222e-05 1.212e-05 1.1989e-05 1.1987e-05 1.203e-05 1.1813e-05 1.1949e-05 1.1763e-05 1.1539e-05 1.1347e-05 1.1222e-05 1.1318e-05 1.1147e-05 1.0681e-05 1.0882e-05 1.1013e-05 1.1023e-05 1.1021e-05 1.0768e-05 1.0777e-05 1.0609e-05 1.0569e-05 1.0392e-05 1.0489e-05 1.0618e-05 1.0661e-05 1.0392e-05 1.0296e-05 1.0181e-05 9.816e-06 1.0011e-05 1.0152e-05 1.0045e-05 1.0192e-05 1.0314e-05
9.7537e-06 9.5042e-06 9.3197e-06 9.6241e-06 9.7827e-06 9.5333e-06 8.0671e-06 9.9497e-06 9.615e-06 9.5686e-06 9.9882e-06 9.8091e-06 9.7231e-06 9.9031e-06 9.5904e-06 9.5219e-06 9.5766e-06 9.8179e-06 9.3701e-06 1.0152e-05 1.0458e-05 1.005e-05 1.0069e-05 1.0255e-05 1.0521e-05 1.0653e-05 1.0884e-05 1.1134e-05 1.0983e-05 1.137e-05 1.1259e-05 1.1181e-05 1.113e-05 1.1571e-05 1.1269e-05 1.1239e-05 1.1572e-05 1.1564e-05 1.1502e-05 1.1442e-05 1.1596e-05 1.1137e-05 1.0977e-05 1.0827e-05 1.0496e-05 1.0289e-05 9.9446e-06 9.4461e-06 9.1677e-06 8.7575e-06 8.4396e-06 8.212e-06 8.1723e-06 8.252e-06 7.967e-06 7.8726e-06 7.7589e-06 7.5991e-06 7.4158e-06 7.4148e-06 7.5272e-06 7.2846e-06 7.2657e-06 7.1254e-06 6.6321e-06 6.9104e-06 6.8461e-06 6.716e-06 6.367e-06 6.6536e-06 6.515e-06 6.6461e-06 6.6939e-06 6.5189e-06 6.7899e-06 7.0208e-06 6.9969e-06 6.8861e-06 7.0532e-06 7.3139e-06 7.5016e-06 7.5521e-06 7.7097e-06 7.967e-06 8.2267e-06 8.3127e-06 8.4935e-06 8.5529e-06 8.725e-06 9.085e-06 9.4289e-06 9.664e-06 9.5169e-06 9.4679e-06 9.7791e-06 9.8137e-06 9.9764e-06 1.004e-05 1.0126e-05 1.0283e-05 1.0496e-05 1.0644e-05 1.0735e-05 1.0813e-05 1.0625e-05 1.0554e-05 1.0616e-05 1.079e-05 1.0731e-05 1.0788e-05 1.0614e-05 1.0831e-05 1.0903e-05 1.0896e-05 1.1085e-05 1.0929e-05 1.1139e-05 1.1201e-05 1.1465e-05 1.124e-05 1.1602e-05 1.1368e-05 1.144e-05 1.1743e-05 1.1712e-05 1.1738e-05 1.1791e-05 1.1788e-05 1.1922e-05 1.2095e-05 1.2194e-05 1.2156e-05 1.2288e-05 1.2355e-05 1.2553e-05 1.2514e-05 1.2647e-05 1.2723e-05 1.2802e-05 1.2864e-05 1.2985e-05 1.3012e-05 1.2921e-05 1.2826e-05 1.2708e-05 1.2589e-05 1.2409e-05 1.2347e-05 1.2114e-05 1.2167e-05 1.1956e-05 1.1981e-05 1.1996e-05 1.1902e-05 1.1653e-05 1.1733e-05 1.1359e-05 1.1159e-05 1.1015e-05 1.0925e-05 1.085e-05 1.1085e-05 1.0724e-05 1.0666e-05 1.0608e-05 1.0401e-05 1.0477e-05 1.0365e-05 1.0752e-05 1.0251e-05 1.0271e-05 1.0347e-05 1.0569e-05 1.0167e-05 1.0069e-05 9.943e-06 9.641e-06 1.0104e-05 9.8144e-06 9.8927e-06
9.3099e-06 9.0772e-06 9.055e-06 9.2396e-06 9.458e-06 8.9609e-06 8.8865e-06 9.0522e-06 9.0678e-06 8.8856e-06 8.6498e-06 9.0007e-06 8.9316e-06 9.314e-06 8.5298e-06 9.0896e-06 9.1912e-06 9.2981e-06 9.5178e-06 9.5298e-06 9.3882e-06 1.0209e-05 1.0169e-05 9.9216e-06 1.0228e-05 9.8614e-06 1.0213e-05 8.9656e-06 9.6522e-06 9.9639e-06 9.7276e-06 1.0216e-05 1.0425e-05 1.0587e-05 1.086e-05 1.0623e-05 1.0868e-05 1.0753e-05 1.0646e-05 1.0353e-05 1.0196e-05 1.0004e-05 9.8761e-06 9.7671e-06 9.4901e-06 9.3132e-06 9.1946e-06 9.0403e-06 8.8629e-06 8.6461e-06 8.3512e-06 7.8862e-06 8.0464e-06 8.0183e-06 8.0285e-06 8.0723e-06 8.2195e-06 8.2446e-06 8.4234e-06 8.2141e-06 8.0732e-06 7.9243e-06 7.7883e-06 7.8162e-06 7.6591e-06 7.405e-06 7.2896e-06 7.4195e-06 7.437e-06 7.3117e-06 7.0238e-06 6.8285e-06 6.8745e-06 7.2469e-06 7.0273e-06 6.9899e-06 6.9629e-06 7.2879e-06 7.529e-06 7.8996e-06 7.8679e-06 8.0593e-06 8.2526e-06 8.4309e-06 8.3506e-06 8.4467e-06 8.6272e-06 8.8247e-06 9.0446e-06 9.0599e-06 9.3299e-06 9.898e-06 9.8833e-06 9.8805e-06 9.9319e-06 1.0323e-05 1.0262e-05 1.0294e-05 1.0429e-05 1.0361e-05 1.0518e-05 1.0536e-05 1.0665e-05 1.1046e-05 1.0778e-05 1.0752e-05 1.0955e-05 1.1044e-05 1.1062e-05 1.1211e-05 1.1038e-05 1.1008e-05 1.0881e-05 1.0933e-05 1.1074e-05 1.093e-05 1.0906e-05 1.1129e-05 1.1405e-05 1.1573e-05 1.1441e-05 1.1255e-05 1.1347e-05 1.162e-05 1.1674e-05 1.1756e-05 1.1875e-05 1.1769e-05 1.2023e-05 1.2045e-05 1.2142e-05 1.2234e-05 1.218e-05 1.2321e-05 1.2263e-05 1.2361e-05 1.2456e-05 1.2562e-05 1.26e-05 1.257e-05 1.2505e-05 1.2451e-05 1.2395e-05 1.238e-05 1.2322e-05 1.2261e-05 1.2213e-05 1.2176e-05 1.2057e-05 1.1994e-05 1.2063e-05 1.1871e-05 1.1879e-05 1.1758e-05 1.1758e-05 1.1754e-05 1.1414e-05 1.1255e-05 1.1159e-05 1.123e-05 1.0855e-05 1.087e-05 1.1009e-05 1.0705e-05 1.0452e-05 1.0288e-05 1.0519e-05 1.0276e-05 1.0022e-05 9.8964e-06 1.132e-05 6.6512e-06 1.0769e-05 1.3305e-05 1.0021e-05 9.7891e-06 9.352e-06 9.4621e-06 9.9669e-06 9.5904e-06
9.3056e-06 8.9166e-06 9.1411e-06 8.9669e-06 8.9534e-06 8.5302e-06 9.0846e-06 8.7552e-06 8.6777e-06 8.7137e-06 8.5261e-06 8.8401e-06 8.7708e-06 8.4179e-06 8.7714e-06 8.5626e-06 8.5913e-06 9.2571e-06 8.9476e-06 8.787e-06 9.0032e-06 8.6436e-06 8.4784e-06 8.1842e-06 8.7699e-06 9.4044e-06 9.2812e-06 9.2636e-06 1.0092e-05 9.8073e-06 9.7204e-06 9.9116e-06 9.4496e-06 9.2844e-06 9.044e-06 9.6348e-06 9.8227e-06 9.7624e-06 1.0078e-05 9.6464e-06 9.7117e-06 9.5488e-06 9.2167e-06 9.2644e-06 9.2731e-06 9.481e-06 9.1745e-06 8.9934e-06 8.8622e-06 8.4989e-06 8.3076e-06 8.2502e-06 8.2601e-06 8.2092e-06 8.177e-06 7.7422e-06 8.2657e-06 8.3071e-06 8.2105e-06 8.1379e-06 7.868e-06 7.6915e-06 7.5634e-06 7.5564e-06 7.5607e-06 7.6713e-06 7.788e-06 7.7151e-06 7.5607e-06 7.8735e-06 7.4562e-06 7.4511e-06 7.4503e-06 7.45e-06 7.5482e-06 7.4211e-06 7.6672e-06 7.7032e-06 8.0697e-06 7.9929e-06 8.2676e-06 8.3151e-06 8.5715e-06 8.0666e-06 8.7314e-06 8.9947e-06 9.1869e-06 9.3819e-06 9.4282e-06 9.4258e-06 9.6604e-06 9.7474e-06 9.8799e-06 1.0074e-05 1.0066e-05 1.0167e-05 9.893e-06 1.0478e-05 1.0611e-05 1.0695e-05 1.0762e-05 1.0783e-05 1.0822e-05 1.096e-05 1.0916e-05 1.087e-05 1.0862e-05 1.0983e-05 1.1153e-05 1.0962e-05 1.1084e-05 1.1188e-05 1.1028e-05 1.1051e-05 1.1088e-05 1.1163e-05 1.124e-05 1.1162e-05 1.1416e-05 1.1407e-05 1.1437e-05 1.1496e-05 1.1683e-05 1.1386e-05 1.1394e-05 1.15e-05 1.1778e-05 1.1823e-05 1.1828e-05 1.2036e-05 1.1839e-05 1.1927e-05 1.1902e-05 1.1998e-05 1.22e-05 1.2133e-05 1.2217e-05 1.2221e-05 1.2256e-05 1.2258e-05 1.2303e-05 1.2143e-05 1.2122e-05 1.2414e-05 1.2239e-05 1.2127e-05 1.2009e-05 1.1969e-05 1.209e-05 1.2071e-05 1.1981e-05 1.1841e-05 1.1777e-05 1.1722e-05 1.1623e-05 1.161e-05 1.1525e-05 1.1278e-05 1.1159e-05 1.1019e-05 1.1006e-05 1.0781e-05 1.0756e-05 1.0519e-05 1.0432e-05 1.0462e-05 1.0432e-05 1.031e-05 1.0165e-05 9.9841e-06 9.9744e-06 9.7873e-06 9.9711e-06 9.187e-06 9.1283e-06 9.0346e-06 9.0085e-06 9.0222e-06 9.1824e-06 9.4483e-06
8.5829e-06 9.0229e-06 9.8517e-06 1.0244e-05 9.7321e-06 8.7517e-06 9.1115e-06 1.0407e-05 1.0324e-05 8.9349e-06 8.5826e-06 8.5801e-06 8.4633e-06 8.6087e-06 8.6499e-06 9.2546e-06 1.0257e-05 1.0103e-05 1.043e-05 9.3055e-06 1.0002e-05 9.622e-06 8.1533e-06 7.1171e-06 8.6838e-06 9.3023e-06 9.3474e-06 8.8763e-06 9.1107e-06 9.1569e-06 9.1997e-06 9.1818e-06 9.004e-06 9.3202e-06 1.039e-05 9.3891e-06 9.7203e-06 9.4372e-06 9.5514e-06 9.674e-06 9.1112e-06 9.22e-06 9.5007e-06 9.4939e-06 9.2154e-06 8.947e-06 8.8268e-06 8.7e-06 8.5609e-06 8.4717e-06 8.4007e-06 8.2741e-06 8.7578e-06 8.0586e-06 7.962e-06 7.8087e-06 7.725e-06 7.7332e-06 7.738e-06 7.7251e-06 7.6036e-06 9.9433e-06 9.8509e-06 8.4947e-06 8.0315e-06 8.1258e-06 8.1559e-06 8.052e-06 8.3186e-06 8.3251e-06 8.1171e-06 8.0451e-06 8.0543e-06 8.0298e-06 8.2004e-06 8.1669e-06 8.2671e-06 8.2368e-06 8.1193e-06 8.212e-06 8.4062e-06 8.7779e-06 8.8403e-06 8.9495e-06 8.9864e-06 9.2005e-06 9.625e-06 9.6922e-06 9.44e-06 9.6129e-06 9.5809e-06 9.7458e-06 9.9979e-06 1.0302e-05 1.0355e-05 1.0243e-05 1.0242e-05 1.0317e-05 1.046e-05 1.0587e-05 1.064e-05 1.0655e-05 1.0801e-05 1.0576e-05 1.0822e-05 1.0878e-05 1.0875e-05 1.0928e-05 1.0944e-05 1.0975e-05 1.0986e-05 1.1046e-05 1.1165e-05 1.134e-05 1.1337e-05 1.1359e-05 1.1211e-05 1.1439e-05 1.1419e-05 1.1668e-05 1.1555e-05 1.1467e-05 1.1429e-05 1.1399e-05 1.1425e-05 1.1385e-05 1.148e-05 1.1542e-05 1.1639e-05 1.1772e-05 1.1676e-05 1.1819e-05 1.1915e-05 1.2085e-05 1.2747e-05 1.2234e-05 1.1993e-05 1.1964e-05 1.1891e-05 1.1948e-05 1.2065e-05 1.2042e-05 1.2036e-05 1.2052e-05 1.2017e-05 1.2076e-05 1.1927e-05 1.2031e-05 1.1953e-05 1.2077e-05 1.19e-05 1.1761e-05 1.1783e-05 1.1666e-05 1.1537e-05 1.1471e-05 1.1374e-05 1.1317e-05 1.1418e-05 1.1208e-05 1.1125e-05 1.0931e-05 1.0658e-05 1.0487e-05 1.0427e-05 1.0407e-05 1.0266e-05 1.0007e-05 9.9898e-06 1.0111e-05 9.8436e-06 1.0058e-05 9.8814e-06 9.6312e-06 9.7216e-06 9.0346e-06 8.6685e-06 8.754e-06 9.0307e-06 8.7828e-06
9.573e-06 9.9916e-06 9.9835e-06 9.6463e-06 9.5617e-06 9.7161e-06 9.8609e-06 9.8752e-06 9.7639e-06 9.8216e-06 9.7697e-06 1.0294e-05 9.4721e-06 9.6389e-06 9.5324e-06 9.2416e-06 9.2512e-06 9.1109e-06 9.1072e-06 9.2957e-06 9.3671e-06 8.9802e-06 9.0555e-06 8.9511e-06 8.7827e-06 8.6411e-06 8.9254e-06 9.6933e-06 9.4561e-06 9.8199e-06 9.6302e-06 9.4898e-06 9.3768e-06 9.3412e-06 9.486e-06 9.271e-06 9.4129e-06 9.087e-06 9.1426e-06 9.1752e-06 9.1216e-06 9.0223e-06 9.0359e-06 9.1946e-06 9.3998e-06 9.3194e-06 9.1981e-06 9.0634e-06 8.9692e-06 8.6983e-06 8.45e-06 8.5873e-06 8.4687e-06 8.3352e-06 8.1866e-06 8.1512e-06 8.2992e-06 8.1049e-06 7.8661e-06 7.8899e-06 7.7382e-06 7.6454e-06 7.7052e-06 7.6366e-06 7.8269e-06 7.8201e-06 7.5818e-06 7.7778e-06 8.1195e-06 8.3138e-06 8.5243e-06 8.6372e-06 8.9019e-06 8.807e-06 8.7776e-06 9.3289e-06 9.4722e-06 9.3379e-06 8.9947e-06 8.9527e-06 9.3249e-06 9.1447e-06 9.6888e-06 1.1173e-05 1.0311e-05 9.2938e-06 1.2639e-05 1.2134e-05 1.0194e-05 1.3496e-05 1.2571e-05 1.1186e-05 1.2065e-05 1.3016e-05 1.1601e-05 1.3339e-05 1.3068e-05 1.1391e-05 1.2127e-05 1.2973e-05 1.2713e-05 1.2478e-05 1.2147e-05 1.1081e-05 1.0966e-05 1.118e-05 1.1039e-05 1.1007e-05 1.0953e-05 1.1027e-05 1.1062e-05 1.1082e-05 1.1118e-05 1.1153e-05 1.1301e-05 1.1244e-05 1.1303e-05 1.1317e-05 1.1377e-05 1.192e-05 1.04e-05 1.1972e-05 1.1489e-05 1.1565e-05 1.1627e-05 1.1522e-05 1.1607e-05 1.1678e-05 1.1649e-05 1.163e-05 1.1614e-05 1.1591e-05 1.1655e-05 1.1626e-05 1.1644e-05 1.1633e-05 1.1585e-05 1.1585e-05 1.1717e-05 1.166e-05 1.1732e-05 1.1835e-05 1.2001e-05 1.1944e-05 1.1921e-05 1.2128e-05 1.2338e-05 1.2299e-05 1.2164e-05 1.2015e-05 1.193e-05 1.2015e-05 1.1778e-05 1.1631e-05 1.1628e-05 1.1406e-05 1.1484e-05 1.1293e-05 1.1337e-05 1.1298e-05 1.1182e-05 1.0968e-05 1.0874e-05 1.0636e-05 1.0588e-05 1.0405e-05 1.0493e-05 1.0513e-05 1.0378e-05 9.9832e-06 1.0005e-05 9.915e-06 9.8842e-06 9.7241e-06 9.6556e-06 9.8261e-06 9.8597e-06 9.3988e-06 9.3885e-06 9.4772e-06
1.2233e-05 1.2193e-05 1.212e-05 1.1967e-05 1.2116e-05 1.2103e-05 1.2029e-05 1.2067e-05 1.2037e-05 1.1977e-05 1.1908e-05 1.1848e-05 1.1781e-05 1.1716e-05 1.1619e-05 1.1548e-05 1.1531e-05 1.1447e-05 1.1449e-05 1.1378e-05 1.1345e-05 1.127e-05 1.1194e-05 1.107e-05 1.097e-05 1.0775e-05 1.051e-05 1.0196e-05 1.0207e-05 9.9722e-06 9.6821e-06 9.9877e-06 9.9409e-06 9.3598e-06 1.0922e-05 1.0933e-05 1.1468e-05 1.0684e-05 1.2325e-05 1.1992e-05 1.141e-05 1.1102e-05 9.7585e-06 9.7403e-06 9.6659e-06 9.4253e-06 9.1747e-06 9.3075e-06 9.9125e-06 1.0059e-05 1.1583e-05 1.1699e-05 1.2192e-05 1.1654e-05 1.0183e-05 1.1313e-05 1.1574e-05 1.1625e-05 1.1607e-05 1.129e-05 9.3841e-06 9.9835e-06 9.7738e-06 9.7706e-06 9.5277e-06 9.3262e-06 9.0192e-06 1.0163e-05 1.0665e-05 1.1485e-05 1.1453e-05 1.1423e-05 1.2645e-05 1.2047e-05 1.255e-05 1.3204e-05 1.3583e-05 1.3232e-05 1.3672e-05 1.3975e-05 1.4036e-05 1.4288e-05 1.4259e-05 1.4337e-05 1.4338e-05 1.4316e-05 1.4351e-05 1.4347e-05 1.435e-05 1.4322e-05 1.4345e-05 1.4353e-05 1.4276e-05 1.4276e-05 1.4353e-05 1.4316e-05 1.4325e-05 1.4203e-05 1.4203e-05 1.4237e-05 1.4353e-05 1.4329e-05 1.4337e-05 1.4336e-05 1.4336e-05 1.4305e-05 1.4342e-05 1.3861e-05 1.3662e-05 1.2162e-05 1.229e-05 1.3574e-05 1.308e-05 1.159e-05 1.2431e-05 1.2208e-05 1.2874e-05 1.2573e-05 1.1929e-05 1.3243e-05 1.3151e-05 1.3324e-05 1.3143e-05 1.3062e-05 1.2482e-05 1.1618e-05 1.2847e-05 1.2641e-05 1.264e-05 1.2673e-05 1.2491e-05 1.2553e-05 1.2548e-05 1.2475e-05 1.2425e-05 1.2365e-05 1.2144e-05 1.1882e-05 1.1627e-05 1.1616e-05 1.16e-05 1.1605e-05 1.1598e-05 1.1686e-05 1.1619e-05 1.1767e-05 1.174e-05 1.1666e-05 1.1624e-05 1.1459e-05 1.1457e-05 1.1365e-05 1.1337e-05 1.1274e-05 1.1287e-05 1.1325e-05 1.1313e-05 1.1208e-05 1.1168e-05 1.1291e-05 1.1257e-05 1.1189e-05 1.1095e-05 1.1082e-05 1.1087e-05 1.1107e-05 1.1182e-05 1.1258e-05 1.1293e-05 1.1516e-05 1.175e-05 1.1699e-05 1.1729e-05 1.176e-05 1.1794e-05 1.1932e-05 1.2066e-05 1.219e-05 1.2199e-05 1.2225e-05
1.3102e-05 1.3097e-05 1.3087e-05 1.3092e-05 1.3088e-05 1.3107e-05 1.308e-05 1.3053e-05 1.3031e-05 1.2989e-05 1.2934e-05 1.2859e-05 1.2833e-05 1.277e-05 1.2729e-05 1.2626e-05 1.2525e-05 1.2509e-05 1.2324e-05 1.2321e-05 1.2225e-05 1.2197e-05 1.2195e-05 1.2207e-05 1.2232e-05 1.2371e-05 1.1997e-05 1.2087e-05 1.224e-05 1.3479e-05 1.372e-05 1.3985e-05 1.3579e-05 1.3381e-05 1.3987e-05 1.3711e-05 1.4045e-05 1.4004e-05 1.4005e-05 1.4122e-05 1.4235e-05 1.4125e-05 1.4296e-05 1.4343e-05 1.434e-05 1.4257e-05 1.4274e-05 1.4304e-05 1.4256e-05 1.4191e-05 1.4028e-05 1.3823e-05 1.3431e-05 1.3262e-05 1.3924e-05 1.3768e-05 1.4041e-05 1.4186e-05 1.4203e-05 1.4063e-05 1.4181e-05 1.3146e-05 1.3281e-05 1.1372e-05 1.0907e-05 1.0347e-05 9.8663e-06 9.5375e-06 9.6084e-06 1.0636e-05 1.144e-05 1.2331e-05 1.2998e-05 1.3413e-05 1.3596e-05 1.3905e-05 1.405e-05 1.4176e-05 1.4247e-05 1.4283e-05 1.431e-05 1.4337e-05 1.4349e-05 1.4354e-05 1.4352e-05 1.4339e-05 1.4328e-05 1.4306e-05 1.4291e-05 1.429e-05 1.4289e-05 1.4282e-05 1.4275e-05 1.4258e-05 1.4231e-05 1.4206e-05 1.4177e-05 1.4151e-05 1.4135e-05 1.4114e-05 1.4095e-05 1.4055e-05 1.4023e-05 1.3991e-05 1.3962e-05 1.3937e-05 1.3926e-05 1.3905e-05 1.3932e-05 1.4086e-05 1.4239e-05 1.434e-05 1.433e-05 1.4349e-05 1.4289e-05 1.4344e-05 1.4339e-05 1.4317e-05 1.4349e-05 1.4352e-05 1.4339e-05 1.4347e-05 1.4311e-05 1.4354e-05 1.4345e-05 1.4351e-05 1.4351e-05 1.4342e-05 1.4354e-05 1.4348e-05 1.4345e-05 1.4352e-05 1.4346e-05 1.4263e-05 1.4309e-05 1.4326e-05 1.4302e-05 1.4351e-05 1.4329e-05 1.432e-05 1.4236e-05 1.3907e-05 1.3794e-05 1.358e-05 1.269e-05 1.2779e-05 1.2069e-05 1.1582e-05 1.1494e-05 1.1591e-05 1.1677e-05 1.1725e-05 1.1726e-05 1.1707e-05 1.1557e-05 1.1492e-05 1.1549e-05 1.1578e-05 1.1769e-05 1.1852e-05 1.1912e-05 1.1939e-05 1.2015e-05 1.2099e-05 1.2176e-05 1.2253e-05 1.2346e-05 1.2432e-05 1.2482e-05 1.2528e-05 1.261e-05 1.263e-05 1.2718e-05 1.2767e-05 1.2798e-05 1.2851e-05 1.295e-05 1.3022e-05 1.3069e-05 1.3084e-05
1.261e-05 1.2908e-05 1.2643e-05 1.2302e-05 1.2115e-05 1.1509e-05 1.4095e-05 1.4209e-05 1.3979e-05 1.372e-05 1.4287e-05 1.3984e-05 1.4196e-05 1.4259e-05 1.4214e-05 1.3976e-05 1.4348e-05 1.4264e-05 1.4238e-05 1.4249e-05 1.4251e-05 1.4351e-05 1.4139e-05 1.4328e-05 1.4333e-05 1.4265e-05 1.3874e-05 1.4201e-05 1.4256e-05 1.4008e-05 1.4143e-05 1.4109e-05 1.4181e-05 1.4349e-05 1.4194e-05 1.4094e-05 1.4081e-05 1.407e-05 1.4095e-05 1.4137e-05 1.4118e-05 1.4234e-05 1.4164e-05 1.4079e-05 1.4123e-05 1.4043e-05 1.3961e-05 1.3978e-05 1.3977e-05 1.4137e-05 1.4143e-05 1.4105e-05 1.4176e-05 1.4323e-05 1.4312e-05 1.4244e-05 1.4257e-05 1.4279e-05 1.4312e-05 1.4335e-05 1.4344e-05 1.4324e-05 1.4354e-05 1.4338e-05 1.4324e-05 1.4323e-05 1.4342e-05 1.434e-05 1.4116e-05 1.3887e-05 1.3685e-05 1.3102e-05 1.3507e-05 1.355e-05 1.3625e-05 1.3415e-05 1.3107e-05 1.2721e-05 1.255e-05 1.2485e-05 1.2278e-05 1.2161e-05 1.3012e-05 1.3705e-05 1.4214e-05 1.4255e-05 1.4205e-05 1.4134e-05 1.4014e-05 1.367e-05 1.2908e-05 1.3006e-05 1.4354e-05 1.4293e-05 1.4283e-05 1.432e-05 1.4291e-05 1.4257e-05 1.4166e-05 1.4099e-05 1.4066e-05 1.4149e-05 1.4044e-05 1.3985e-05 1.3946e-05 1.391e-05 1.3872e-05 1.3846e-05 1.3827e-05 1.3793e-05 1.3775e-05 1.3778e-05 1.3792e-05 1.3807e-05 1.3823e-05 1.3851e-05 1.3879e-05 1.39e-05 1.391e-05 1.3898e-05 1.3927e-05 1.3965e-05 1.3977e-05 1.395e-05 1.3939e-05 1.3939e-05 1.3933e-05 1.3937e-05 1.395e-05 1.3928e-05 1.3938e-05 1.393e-05 1.3921e-05 1.3942e-05 1.3983e-05 1.3983e-05 1.4078e-05 1.4069e-05 1.4049e-05 1.4224e-05 1.4018e-05 1.4021e-05 1.4018e-05 1.4306e-05 1.4323e-05 1.4338e-05 1.4354e-05 1.4233e-05 1.4354e-05 1.4312e-05 1.4351e-05 1.4308e-05 1.4334e-05 1.4302e-05 1.4145e-05 1.3878e-05 1.4299e-05 1.4141e-05 1.3952e-05 1.3816e-05 1.3877e-05 1.4186e-05 1.405e-05 1.3404e-05 1.3675e-05 1.3601e-05 1.318e-05 1.2283e-05 1.2797e-05 1.2085e-05 1.2695e-05 1.3131e-05 1.3402e-05 1.367e-05 1.3376e-05 1.2941e-05 1.2649e-05 1.3307e-05 1.3261e-05 1.315e-05
1.354e-05 1.3728e-05 1.3647e-05 1.3693e-05 1.3801e-05 1.3699e-05 1.3715e-05 1.367e-05 1.3415e-05 1.3344e-05 1.3353e-05 1.3373e-05 1.3464e-05 1.3518e-05 1.3422e-05 1.3286e-05 1.327e-05 1.3292e-05 1.3257e-05 1.325e-05 1.3291e-05 1.3445e-05 1.3441e-05 1.3072e-05 1.3091e-05 1.3081e-05 1.3175e-05 1.3215e-05 1.3272e-05 1.3291e-05 1.3328e-05 1.3171e-05 1.3032e-05 1.3131e-05 1.304e-05 1.2859e-05 1.2754e-05 1.2745e-05 1.2723e-05 1.2738e-05 1.2865e-05 1.282e-05 1.2988e-05 1.294e-05 1.2842e-05 1.264e-05 1.2608e-05 1.2567e-05 1.2642e-05 1.2727e-05 1.2721e-05 1.2718e-05 1.2759e-05 1.2798e-05 1.2969e-05 1.3178e-05 1.3199e-05 1.3298e-05 1.3364e-05 1.3364e-05 1.3266e-05 1.3184e-05 1.3162e-05 1.3126e-05 1.31e-05 1.309e-05 1.306e-05 1.3096e-05 1.3139e-05 1.3212e-05 1.3562e-05 1.3981e-05 1.4038e-05 1.3936e-05 1.3913e-05 1.3819e-05 1.3953e-05 1.3841e-05 1.3801e-05 1.391e-05 1.3749e-05 1.3659e-05 1.3624e-05 1.3619e-05 1.3709e-05 1.3607e-05 1.3683e-05 1.3867e-05 1.3712e-05 1.3829e-05 1.3583e-05 1.3484e-05 1.3561e-05 1.3433e-05 1.3301e-05 1.3281e-05 1.3346e-05 1.3325e-05 1.3421e-05 1.3386e-05 1.3285e-05 1.3136e-05 1.3151e-05 1.3277e-05 1.3287e-05 1.3081e-05 1.3042e-05 1.2992e-05 1.2931e-05 1.2898e-05 1.2878e-05 1.2953e-05 1.2875e-05 1.2896e-05 1.292e-05 1.2962e-05 1.2986e-05 1.3054e-05 1.2998e-05 1.3278e-05 1.2916e-05 1.2965e-05 1.3031e-05 1.3116e-05 1.333e-05 1.3442e-05 1.314e-05 1.3117e-05 1.324e-05 1.324e-05 1.337e-05 1.3194e-05 1.2938e-05 1.2944e-05 1.2944e-05 1.2931e-05 1.2936e-05 1.3017e-05 1.3176e-05 1.3198e-05 1.3207e-05 1.324e-05 1.3278e-05 1.3221e-05 1.3322e-05 1.3321e-05 1.3345e-05 1.3261e-05 1.314e-05 1.2989e-05 1.3123e-05 1.2995e-05 1.3196e-05 1.3111e-05 1.2906e-05 1.2923e-05 1.298e-05 1.3477e-05 1.3284e-05 1.3438e-05 1.3244e-05 1.3612e-05 1.3611e-05 1.3769e-05 1.3755e-05 1.3794e-05 1.3678e-05 1.361e-05 1.3651e-05 1.3674e-05 1.3628e-05 1.3756e-05 1.384e-05 1.382e-05 1.3839e-05 1.3868e-05 1.3749e-05 1.3813e-05 1.3918e-05 1.3719e-05
1.2277e-05 1.2246e-05 1.2275e-05 1.2345e-05 1.2351e-05 1.2122e-05 1.2108e-05 1.2009e-05 1.199e-05 1.2001e-05 1.2004e-05 1.197e-05 1.1972e-05 1.1964e-05 1.1961e-05 1.1946e-05 1.1932e-05 1.191e-05 1.1921e-05 1.1914e-05 1.1893e-05 1.1908e-05 1.1952e-05 1.1921e-05 1.1913e-05 1.1933e-05 1.1893e-05 1.183e-05 1.1794e-05 1.1748e-05 1.1721e-05 1.1693e-05 1.1679e-05 1.1655e-05 1.1638e-05 1.1624e-05 1.1613e-05 1.1598e-05 1.1593e-05 1.1578e-05 1.158e-05 1.1578e-05 1.156e-05 1.1559e-05 1.1557e-05 1.1556e-05 1.1553e-05 1.1551e-05 1.1557e-05 1.1568e-05 1.1594e-05 1.1615e-05 1.165e-05 1.1689e-05 1.1726e-05 1.1784e-05 1.1815e-05 1.1838e-05 1.1875e-05 1.1873e-05 1.1857e-05 1.1899e-05 1.1909e-05 1.1927e-05 1.1947e-05 1.198e-05 1.2002e-05 1.2018e-05 1.2012e-05 1.2029e-05 1.2043e-05 1.205e-05 1.2082e-05 1.2113e-05 1.2139e-05 1.2163e-05 1.2191e-05 1.2207e-05 1.226e-05 1.2288e-05 1.2264e-05 1.225e-05 1.2253e-05 1.2287e-05 1.2251e-05 1.2302e-05 1.2305e-05 1.2278e-05 1.2287e-05 1.2285e-05 1.2282e-05 1.2335e-05 1.2401e-05 1.2376e-05 1.2319e-05 1.2255e-05 1.2223e-05 1.2274e-05 1.2424e-05 1.246e-05 1.2379e-05 1.2251e-05 1.2246e-05 1.2221e-05 1.2193e-05 1.2166e-05 1.2147e-05 1.2113e-05 1.2086e-05 1.2057e-05 1.2058e-05 1.2038e-05 1.202e-05 1.2001e-05 1.1988e-05 1.1968e-05 1.1961e-05 1.1949e-05 1.193e-05 1.1928e-05 1.1931e-05 1.1932e-05 1.1924e-05 1.1937e-05 1.1958e-05 1.1941e-05 1.1931e-05 1.1908e-05 1.1878e-05 1.1866e-05 1.1859e-05 1.185e-05 1.1835e-05 1.1825e-05 1.1792e-05 1.1766e-05 1.1735e-05 1.1699e-05 1.1676e-05 1.1659e-05 1.1648e-05 1.1636e-05 1.1632e-05 1.1635e-05 1.1637e-05 1.1622e-05 1.1634e-05 1.1652e-05 1.1653e-05 1.1669e-05 1.1692e-05 1.172e-05 1.1743e-05 1.1775e-05 1.1822e-05 1.1853e-05 1.1894e-05 1.194e-05 1.1901e-05 1.1855e-05 1.1857e-05 1.1871e-05 1.1892e-05 1.1893e-05 1.187e-05 1.1892e-05 1.1901e-05 1.1908e-05 1.1937e-05 1.1948e-05 1.1998e-05 1.2021e-05 1.2044e-05 1.2073e-05 1.2099e-05 1.2126e-05 1.2164e-05 1.2187e-05 1.2198e-05 1.2237e-05
