0.00014055 0.00014084 0.00014116 0.00014126 0.00014125 0.0001412 0.00014117 0.00014127 0.00014148 0.00014173 0.00014267 0.00014302 0.00014284 0.00014321 0.00014447 0.00014513 0.00014542 0.00014586 0.00014598 0.00014525 0.00014485 0.0001458 0.00014592 0.00014564 0.00014528 0.00014513 0.00014474 0.00014483 0.0001454 0.00014518 0.00014577 0.00014649 0.00014611 0.00014567 0.00014633 0.00014584 0.00014528 0.00014487 0.00014433 0.00014393 0.00014362 0.00014315 0.00014278 0.00014263 0.0001425 0.00014252 0.00014246 0.00014252 0.00014247 0.00014238 0.00014223 0.0001422 0.00014202 0.00014195 0.00014195 0.00014194 0.00014148 0.00014132 0.00014119 0.0001412 0.0001411 0.00014098 0.00014098 0.00014077 0.00014087 0.00014106 0.00014112 0.00014037 0.00014006 0.00014014 0.0001398 0.00013975 0.00013974 0.00013977 0.00013953 0.00013937 0.0001393 0.00013924 0.00013915 0.00013918 0.00013909 0.00013922 0.00013924 0.00013915 0.00013927 0.00013932 0.00013929 0.00013925 0.00013922 0.00013926 0.00013934 0.00013951 0.00013959 0.00013961 0.00013964 0.00013969 0.00013965 0.00013971 0.00013977 0.00013976 0.00013964 0.00013962 0.00013956 0.00013953 0.00013962 0.00013965 0.00013969 0.00013976 0.0001398 0.00013983 0.00013988 0.00013978 0.0001396 0.00013973 0.00014002 0.00014021 0.00014013 0.00014012 0.00014017 0.00014029 0.0001404 0.00014046 0.00014052 0.00014067 0.00014088 0.00014107 0.00014108 0.00014123 0.0001414 0.00014149 0.00014158 0.00014164 0.00014171 0.00014179 0.00014184 0.000142 0.00014202 0.00014202 0.000142 0.00014205 0.00014176 0.00014181 0.00014168 0.00014147 0.00014158 0.00014156 0.0001415 0.00014133 0.00014112 0.00014095 0.00014091 0.00014082 0.00014081 0.00014057 0.00014043 0.00014034 0.00014026 0.00014016 0.00014013 0.00014018 0.00014014 0.00014009 0.00014005 0.00013992 0.0001399 0.00013984 0.0001399 0.00013995 0.00014 0.00014005 0.00014014 0.00014025 0.00014027 0.00014031 0.00014033 0.00014042 0.00014046 0.00014048 0.00014049 0.00014055
0.00015216 0.00015268 0.00015292 0.00015372 0.00015354 0.00015391 0.0001533 0.00015322 0.00015306 0.00015252 0.00015249 0.00015243 0.00015181 0.00015109 0.00015075 0.00015066 0.00015078 0.00015084 0.00015081 0.00015055 0.00015052 0.00015081 0.00015162 0.00015186 0.00015171 0.00015137 0.00015139 0.00015075 0.00015123 0.00015024 0.00015174 0.00015186 0.00015089 0.0001508 0.00015075 0.00015077 0.00015059 0.00015035 0.00015049 0.00015038 0.00015007 0.00015037 0.00015013 0.00014998 0.00014978 0.00014966 0.00014963 0.00014923 0.00014895 0.00014861 0.00014774 0.0001487 0.00014753 0.00014587 0.00014605 0.00014568 0.00014495 0.00014418 0.0001438 0.00014364 0.00014468 0.00014169 0.00014215 0.00014062 0.0001402 0.00014008 0.00013973 0.00013951 0.00013936 0.00013922 0.00013891 0.0001387 0.00013907 0.00013895 0.00013741 0.00013711 0.00013669 0.00013616 0.00013599 0.00013692 0.00013523 0.00013421 0.00013414 0.00013363 0.00013348 0.00013352 0.00013365 0.00013381 0.000134 0.00013414 0.00013434 0.00013439 0.00013447 0.00013446 0.0001345 0.0001368 0.00013623 0.00013727 0.00013649 0.00013768 0.00013766 0.00013767 0.00013818 0.00013825 0.00013849 0.00013899 0.00013936 0.00014029 0.00014083 0.00014117 0.00014029 0.00014023 0.00014045 0.00014059 0.00014072 0.00014069 0.000141 0.00014122 0.00014165 0.00014167 0.00014209 0.00014243 0.0001425 0.0001428 0.00014326 0.00014317 0.00014325 0.00014369 0.00014414 0.00014402 0.00014444 0.00014451 0.00014462 0.00014499 0.0001458 0.00014662 0.00014718 0.00014808 0.00014764 0.00014653 0.00014564 0.00014539 0.00014522 0.00014505 0.00014478 0.00014482 0.00014449 0.00014292 0.00014272 0.00014262 0.00014261 0.00014271 0.00014296 0.00014293 0.00014288 0.00014293 0.00014331 0.00014397 0.00014452 0.00014447 0.00014495 0.00014536 0.00014591 0.00014612 0.00014685 0.00014742 0.00014807 0.0001484 0.00014931 0.00014959 0.00015073 0.00015075 0.00015088 0.0001508 0.00015133 0.00015059 0.0001489 0.00014969 0.00015206 0.00015338
0.00014841 0.00014851 0.00014868 0.00014873 0.0001488 0.00014877 0.00014888 0.00014916 0.00014917 0.00014913 0.00014913 0.00014915 0.00014927 0.00014973 0.00014933 0.00014892 0.00014898 0.00014969 0.00014962 0.00014963 0.00014965 0.00014974 0.00014992 0.00014998 0.00014988 0.0001499 0.00015015 0.00015078 0.00015117 0.00015205 0.00015412 0.0001543 0.00015417 0.00015416 0.00015442 0.00015347 0.00015474 0.00015406 0.00015371 0.00015332 0.00015469 0.00015633 0.00015604 0.00015614 0.00015485 0.00015462 0.00015398 0.00015335 0.0001528 0.00015223 0.00015241 0.00015167 0.00015156 0.00015135 0.00015288 0.00015339 0.00015168 0.00015057 0.00015087 0.00015312 0.00015207 0.00014652 0.00014577 0.00014604 0.00014683 0.00014739 0.0001464 0.00014694 0.00014679 0.00014428 0.00014516 0.00014447 0.00014267 0.00014216 0.00014247 0.00014094 0.00014286 0.00014445 0.00014617 0.00014409 0.00014312 0.00014268 0.0001431 0.0001432 0.00014388 0.00014302 0.00014261 0.00014176 0.0001417 0.00014237 0.00014156 0.00014165 0.00014227 0.00014208 0.00014205 0.00014213 0.00014224 0.00014253 0.00014276 0.00014337 0.00014318 0.0001439 0.00014569 0.0001475 0.00014701 0.00014673 0.00014656 0.00014666 0.00014644 0.00014681 0.00014739 0.00014775 0.00014803 0.00014846 0.00014707 0.00014746 0.00014817 0.00014832 0.00014787 0.00014733 0.00014726 0.00014749 0.00014772 0.00014831 0.00014897 0.0001495 0.00014951 0.0001491 0.00014911 0.00014876 0.00014848 0.00014827 0.00014802 0.00014809 0.00014827 0.00014889 0.00015232 0.00015892 0.00016098 0.00015968 0.00015609 0.0001544 0.00015372 0.00015394 0.00015117 0.00014975 0.00014911 0.00014839 0.00014872 0.00014913 0.00014841 0.00014859 0.00014892 0.00014982 0.00015085 0.00015118 0.00015136 0.00015148 0.00015126 0.00015125 0.00015116 0.00015018 0.0001493 0.00014884 0.00014866 0.00014925 0.0001497 0.0001502 0.00015103 0.00015217 0.00015065 0.00015101 0.00015077 0.00015047 0.00015002 0.00014972 0.00014945 0.00014937 0.00014867 0.0001484
0.00014909 0.00014923 0.00014936 0.00014947 0.00014951 0.00014955 0.00014964 0.00014974 0.00014988 0.00015 0.00015013 0.0001503 0.0001505 0.00015063 0.00015056 0.00015061 0.00015073 0.00015096 0.00015117 0.00015132 0.0001515 0.00015171 0.00015192 0.00015216 0.00015245 0.0001528 0.00015309 0.00015345 0.0001541 0.00015485 0.00015443 0.00015347 0.00015331 0.00015295 0.00015362 0.0001543 0.00015422 0.00015396 0.00015434 0.00015469 0.00015318 0.0001532 0.00015332 0.00015338 0.00015353 0.00015371 0.00015353 0.0001566 0.00015721 0.00015762 0.00015707 0.00015714 0.00015667 0.00015667 0.00015681 0.00015656 0.00015622 0.00015791 0.00015839 0.00015837 0.00015561 0.0001576 0.00015704 0.00015634 0.00015833 0.00015657 0.00015667 0.00015649 0.00015885 0.00015682 0.00015857 0.00015993 0.00016088 0.00016094 0.00016006 0.00015918 0.00015938 0.00015928 0.00015924 0.00015983 0.00015968 0.00015947 0.00015857 0.00015877 0.0001589 0.00015842 0.00015803 0.00015791 0.00015822 0.00015812 0.00015649 0.00015639 0.00015697 0.00015922 0.00015651 0.00015602 0.00015541 0.00015511 0.00015528 0.00015443 0.00015571 0.0001525 0.0001535 0.00015187 0.00015436 0.00015583 0.00015618 0.00015472 0.00015402 0.0001542 0.0001545 0.00015532 0.00015682 0.00015731 0.00015782 0.00015776 0.00015521 0.00015532 0.00015491 0.00015484 0.0001544 0.0001544 0.0001524 0.00015191 0.00015232 0.00015269 0.00015267 0.0001518 0.00015176 0.00015266 0.00015222 0.0001523 0.00015332 0.00015342 0.00015465 0.00015808 0.00016219 0.00016179 0.00016191 0.00016181 0.00016189 0.00015543 0.00015476 0.00015509 0.00015488 0.00015567 0.00015544 0.00015496 0.00015481 0.00015478 0.00015444 0.00015373 0.00015307 0.00015275 0.00015245 0.00015156 0.00015116 0.00015144 0.00015332 0.00015549 0.0001583 0.00015987 0.00015775 0.00015446 0.00014971 0.00014973 0.00014789 0.00014744 0.00014729 0.00014721 0.00014786 0.00014919 0.00015241 0.00015236 0.00015057 0.00014929 0.00014877 0.00014858 0.00014872 0.00014892
0.00015107 0.00015151 0.00015153 0.00015243 0.00015087 0.00015131 0.00015159 0.00015188 0.00015221 0.00015257 0.00015293 0.00015338 0.00015439 0.00015461 0.00015332 0.00015324 0.00015345 0.00015373 0.0001541 0.00015443 0.00015473 0.000155 0.00015511 0.00015535 0.00015557 0.00015589 0.00015629 0.00015647 0.00015662 0.00015682 0.00015708 0.000158 0.00015779 0.00015795 0.00015859 0.00015832 0.00015707 0.00015731 0.00015715 0.0001573 0.00015836 0.00015748 0.00015562 0.00015596 0.00015498 0.00015414 0.00015454 0.00015557 0.00015589 0.00015519 0.0001561 0.00015551 0.00015686 0.00016155 0.00016018 0.00016116 0.00016235 0.00015987 0.00016216 0.00016165 0.00015995 0.00016059 0.00016095 0.00016076 0.00016076 0.00016049 0.00016077 0.00016082 0.00016039 0.00015991 0.00016048 0.00015958 0.00015855 0.0001587 0.00015885 0.00015895 0.00015862 0.00015863 0.00015848 0.00015866 0.00016114 0.00015814 0.00015716 0.00015687 0.00015672 0.00015685 0.00015676 0.00015683 0.00015667 0.00015661 0.00015652 0.00015666 0.00015603 0.00015494 0.00015374 0.00015194 0.00014802 0.00014379 0.00014879 0.00014966 0.0001525 0.00015455 0.00015421 0.00015494 0.00015675 0.00015794 0.00015875 0.00016005 0.00015986 0.00015921 0.00015796 0.00015971 0.00016032 0.00016099 0.00016093 0.00016135 0.0001615 0.00016192 0.0001618 0.00016178 0.00016167 0.00016189 0.00016158 0.00016121 0.00016113 0.0001615 0.00015916 0.00015936 0.00015978 0.00016019 0.00016052 0.00016171 0.000162 0.00016245 0.00016263 0.00016252 0.00016237 0.00015912 0.00015404 0.00015279 0.00015251 0.00015226 0.00015216 0.00015328 0.00015383 0.00015395 0.00015357 0.00015452 0.0001551 0.00015564 0.00015644 0.00015697 0.00015766 0.0001563 0.00015699 0.00015831 0.00015915 0.0001573 0.00015641 0.00015669 0.00015957 0.00015861 0.0001567 0.00015665 0.00015751 0.00015728 0.00015956 0.00015592 0.00015129 0.00014922 0.00014926 0.00015021 0.00015123 0.00015282 0.00015478 0.00015059 0.00015134 0.00015134 0.00015014 0.00015052
0.00015316 0.00015346 0.00015353 0.00015421 0.0001541 0.00015385 0.00015387 0.00015411 0.00015423 0.0001554 0.0001546 0.00015513 0.00015548 0.00015564 0.00015613 0.00015685 0.00015618 0.00015751 0.00015572 0.00015731 0.00015661 0.00015682 0.00015666 0.00015938 0.0001616 0.00015597 0.00015859 0.00016126 0.00016008 0.00016061 0.00016025 0.00016027 0.00016012 0.00016022 0.00016047 0.00016059 0.00016061 0.00016053 0.00016001 0.0001598 0.00015985 0.00015859 0.0001618 0.00016229 0.0001572 0.00015826 0.00015818 0.0001574 0.00015713 0.00015903 0.00016052 0.00015844 0.00016226 0.0001612 0.00016153 0.00016251 0.00016354 0.00015727 0.00016088 0.00015811 0.00016193 0.00016074 0.00015725 0.00015978 0.00015984 0.00016145 0.00016162 0.00016128 0.00016114 0.00016095 0.00016072 0.00016085 0.00016074 0.00016079 0.00016064 0.00016046 0.0001606 0.00016083 0.00016063 0.00015948 0.00016001 0.00016089 0.0001594 0.00015919 0.00015933 0.00016051 0.00015861 0.00015962 0.0001587 0.00015888 0.00015919 0.00015852 0.00015817 0.00015649 0.00015169 0.00015171 0.00014918 0.00015207 0.00015532 0.00015705 0.00015659 0.00015813 0.0001584 0.00015881 0.00015923 0.00016043 0.00015946 0.00016012 0.00015874 0.00016025 0.00015783 0.00015951 0.00015857 0.00015858 0.00015654 0.00015594 0.00016011 0.00016102 0.00016233 0.00016256 0.00016279 0.00016273 0.00016284 0.00016276 0.00016295 0.00016281 0.00016263 0.00016285 0.00016276 0.00016294 0.00016267 0.00016258 0.00016295 0.00016286 0.00016288 0.00016289 0.00016318 0.00016324 0.00016296 0.00016295 0.00016294 0.00016312 0.00016168 0.00015962 0.00016071 0.00015766 0.00015466 0.0001547 0.00015474 0.00015412 0.0001545 0.00015514 0.00015763 0.00016346 0.00016278 0.00015805 0.0001569 0.00015997 0.00015323 0.00015344 0.00015714 0.00015389 0.00015214 0.00015132 0.0001509 0.0001516 0.00015077 0.0001533 0.00015178 0.00015155 0.00015162 0.00015201 0.00015285 0.00015106 0.00015054 0.0001513 0.00015194 0.00015259 0.00015261 0.00015271
0.00015783 0.00015629 0.00015581 0.00015564 0.00015512 0.00015674 0.00015649 0.00015845 0.00015818 0.00015839 0.00015821 0.00015832 0.00016015 0.00015917 0.00015888 0.00015916 0.00015967 0.00015961 0.00016027 0.00015961 0.00015929 0.00015956 0.00015928 0.00015989 0.00015949 0.00016018 0.00016119 0.00016156 0.0001608 0.00016132 0.00016117 0.00016131 0.00016133 0.00016131 0.00016129 0.00016137 0.00016118 0.0001613 0.0001612 0.00016121 0.00016113 0.00016125 0.00016087 0.00016015 0.00015981 0.00015866 0.00015575 0.00015975 0.00015517 0.00015674 0.00016108 0.00015997 0.0001591 0.00015613 0.00015694 0.00015817 0.00015918 0.00015906 0.00015972 0.00015947 0.00016096 0.00016184 0.00016102 0.00016131 0.00016217 0.00016229 0.00016216 0.00016233 0.00016233 0.00016215 0.00016198 0.0001619 0.00016164 0.0001617 0.00016152 0.0001615 0.00016136 0.00016086 0.00015979 0.00015991 0.00015954 0.00015877 0.00015843 0.00015758 0.0001589 0.00015993 0.00015918 0.00015935 0.00015827 0.00015893 0.00015902 0.0001587 0.00015675 0.00015584 0.00015508 0.00015405 0.00015118 0.00014879 0.0001556 0.00016184 0.00016334 0.00016395 0.00016401 0.0001584 0.00015982 0.0001591 0.00015928 0.00016025 0.00015883 0.00016054 0.00015914 0.00015894 0.00015856 0.00016095 0.00016259 0.00016174 0.00015889 0.00015813 0.00015573 0.00015435 0.00015374 0.00015143 0.00015059 0.00015393 0.00015794 0.00016033 0.0001617 0.0001616 0.00016112 0.0001601 0.00015697 0.00016087 0.00016185 0.00015771 0.00016073 0.00016177 0.00016305 0.00016264 0.00016159 0.00016114 0.00015928 0.00015938 0.00015829 0.00016086 0.00016333 0.00016314 0.00016247 0.00016192 0.00015861 0.00015873 0.00015903 0.00015455 0.00015853 0.00016015 0.00016018 0.00015557 0.00015342 0.00015397 0.00015267 0.00015295 0.00015355 0.00015258 0.00015253 0.00015408 0.00015333 0.00015304 0.00015383 0.00015447 0.00015477 0.00015464 0.00015405 0.00015463 0.00015593 0.00015402 0.00015416 0.00015453 0.00015573 0.00015667 0.00015722 0.00015614
0.00015897 0.0001595 0.00015827 0.00015902 0.00015811 0.000158 0.00015865 0.00016228 0.00015979 0.00015936 0.00016354 0.00016449 0.00016043 0.00016105 0.00016112 0.00016166 0.00016063 0.0001612 0.0001612 0.00016034 0.00016036 0.00016152 0.00016151 0.00016222 0.00016156 0.0001619 0.0001621 0.00016222 0.00016209 0.00016195 0.00016197 0.00016188 0.00016205 0.00016189 0.00015988 0.00016158 0.00016161 0.00016153 0.0001614 0.00016137 0.0001611 0.00016086 0.0001609 0.00016094 0.00016114 0.0001614 0.00016101 0.00016058 0.00015962 0.00015903 0.00015968 0.00015682 0.00015598 0.00015803 0.00016077 0.00016116 0.00016081 0.00016233 0.00016294 0.00016306 0.00016319 0.00016311 0.00016291 0.0001627 0.00016257 0.00016254 0.0001624 0.00016147 0.00016234 0.00016186 0.00016116 0.00016042 0.00016024 0.00015939 0.00015908 0.00015948 0.00015899 0.00015992 0.00015902 0.00015914 0.0001595 0.00015976 0.00016025 0.00015922 0.00016093 0.00015972 0.00015969 0.00016049 0.00015961 0.00015961 0.00015912 0.00015751 0.0001568 0.00015848 0.00015924 0.00015935 0.00015939 0.00015943 0.00015978 0.00015911 0.00015823 0.0001588 0.00015883 0.00015854 0.0001601 0.00016038 0.0001604 0.00015964 0.00015945 0.00015886 0.0001584 0.0001575 0.00015498 0.00015649 0.00015703 0.00015402 0.00015625 0.00015543 0.00015415 0.00015509 0.00015366 0.00015326 0.00015736 0.00015913 0.00015826 0.00015876 0.00016342 0.00015596 0.00015702 0.00015707 0.00015775 0.00016047 0.00015988 0.00015912 0.00015878 0.00015778 0.00015946 0.00015398 0.00015187 0.00014946 0.00014903 0.00015266 0.00016386 0.00016332 0.00016372 0.00015813 0.00016153 0.0001586 0.00016221 0.00016343 0.00016286 0.00016254 0.00016221 0.00016232 0.00016282 0.00015734 0.00015137 0.00015114 0.00015104 0.00015112 0.00015098 0.00015193 0.00015577 0.00015513 0.00015625 0.00015269 0.00015311 0.00015421 0.00015468 0.00015463 0.00015506 0.0001551 0.0001553 0.00015668 0.00015674 0.00015719 0.00015793 0.00015766 0.00015797 0.00015827
0.00016389 0.00015886 0.00016202 0.00016198 0.00016143 0.00015994 0.00016332 0.00016199 0.0001621 0.00016202 0.00015995 0.00015815 0.00016356 0.00015969 0.00016115 0.00016199 0.00016179 0.00016176 0.00016146 0.00016088 0.00016014 0.00015839 0.0001632 0.00015732 0.00015864 0.00016273 0.00016159 0.00016149 0.00016161 0.00016186 0.00016196 0.00016194 0.0001624 0.00016073 0.0001605 0.00015879 0.00015992 0.00016168 0.00016114 0.0001614 0.0001614 0.00016155 0.00016112 0.00016135 0.00016152 0.0001615 0.00016154 0.00016037 0.00016309 0.00016504 0.00016504 0.00016501 0.00016504 0.00016061 0.00016284 0.00016284 0.00016347 0.00016364 0.00016371 0.00016378 0.0001638 0.00016372 0.00016349 0.00016315 0.00016329 0.00016168 0.00016233 0.00016308 0.00016316 0.00016315 0.00016293 0.00016177 0.00016078 0.00016142 0.00016072 0.00016009 0.00015967 0.00016026 0.00016129 0.00015943 0.00015948 0.00015951 0.00015972 0.0001613 0.00016049 0.00016168 0.00016233 0.00016214 0.0001616 0.00016184 0.0001601 0.00015991 0.00015803 0.00016002 0.00015989 0.00016041 0.00016126 0.00016137 0.00016134 0.00016122 0.00016141 0.00016144 0.00016184 0.00016159 0.0001612 0.00016086 0.00016153 0.00015925 0.00015886 0.00015806 0.00015564 0.00015354 0.0001551 0.00015757 0.00015988 0.00015837 0.00015942 0.0001588 0.00015934 0.00015745 0.0001582 0.00015604 0.00015487 0.00015443 0.00015634 0.00015614 0.000158 0.00015814 0.00015957 0.00015939 0.00015916 0.00015976 0.00015998 0.00016045 0.00016093 0.00016102 0.00016093 0.00016158 0.00015991 0.000158 0.00016033 0.00015265 0.00015359 0.00015715 0.00015773 0.00015808 0.0001585 0.00016007 0.00016375 0.00016181 0.00016059 0.00015639 0.00016064 0.0001624 0.00016356 0.00016401 0.00016182 0.0001566 0.00015145 0.00015394 0.00015252 0.00015429 0.00015713 0.00015782 0.00015371 0.00015539 0.00015789 0.00015864 0.00015786 0.00015986 0.00016341 0.00016239 0.00016061 0.00015992 0.00016001 0.00015972 0.00016057 0.00015963 0.00015992 0.00016363
0.00016321 0.00016334 0.0001637 0.0001639 0.00016412 0.00016456 0.00016482 0.00016468 0.0001647 0.00016474 0.00016473 0.00016264 0.00015968 0.0001581 0.00015456 0.00015466 0.0001583 0.00015914 0.0001639 0.00016028 0.00016066 0.0001598 0.00015875 0.00015918 0.00016503 0.00016228 0.00016199 0.00016209 0.00016158 0.00016057 0.00016099 0.00016053 0.00016047 0.0001614 0.000161 0.00016081 0.00016045 0.00016191 0.00016117 0.00016128 0.00016187 0.00016113 0.00016178 0.00016135 0.00016157 0.00016173 0.00016042 0.00015948 0.00015979 0.00016402 0.00016505 0.00016501 0.00016491 0.00015942 0.00016332 0.0001638 0.00016396 0.00016414 0.00016392 0.00016399 0.0001642 0.00016312 0.00016261 0.00016308 0.0001635 0.00016374 0.00016405 0.00016325 0.00016331 0.00015926 0.00016069 0.00016162 0.00016091 0.0001617 0.00016026 0.00016136 0.00016047 0.00015797 0.00015684 0.00015604 0.00015553 0.00016084 0.00016045 0.00016036 0.00016129 0.00016134 0.00016201 0.00016108 0.00016232 0.00016156 0.00016368 0.00016325 0.00016145 0.00016187 0.00016181 0.00016104 0.00016067 0.00015755 0.00016059 0.00016188 0.00016255 0.00016127 0.00016149 0.00016153 0.00016142 0.00016164 0.00015995 0.00015533 0.00015695 0.00015871 0.00015891 0.00015949 0.00015954 0.00016043 0.00016055 0.00016011 0.00016135 0.0001605 0.0001611 0.0001615 0.00016114 0.00016207 0.0001622 0.00016127 0.00016254 0.00016036 0.00015716 0.00015831 0.00016381 0.0001638 0.00015944 0.00016038 0.00015941 0.00015356 0.00015781 0.0001588 0.00015929 0.00015726 0.00015521 0.00015711 0.00015995 0.00015645 0.00016098 0.0001613 0.00016253 0.00016266 0.00016251 0.00016119 0.00016124 0.00016216 0.00016321 0.00016281 0.00016372 0.00016303 0.000165 0.00016503 0.00016505 0.00016464 0.00016375 0.00016266 0.00016363 0.00016291 0.00016205 0.00016339 0.00016399 0.00016377 0.00016375 0.00016315 0.00016257 0.0001644 0.00016283 0.00016394 0.00016357 0.00016369 0.00016154 0.00016153 0.0001618 0.00016227 0.00016057 0.00016327
0.00016051 0.00016081 0.00016237 0.00016337 0.00016162 0.00016492 0.00016504 0.00016468 0.00016493 0.00016489 0.00016481 0.00016439 0.00016225 0.00016275 0.00016109 0.0001623 0.00015603 0.00015701 0.00015936 0.00016122 0.00016274 0.00016178 0.00016082 0.0001607 0.00015946 0.00016279 0.00016145 0.00016218 0.00016039 0.0001634 0.00015865 0.00015907 0.00015862 0.00016 0.00016022 0.00016067 0.00016188 0.000162 0.00016242 0.00016242 0.0001628 0.00016242 0.00016229 0.00016254 0.00016258 0.00016481 0.00016174 0.00016299 0.00016302 0.00016294 0.00016312 0.00016361 0.00016362 0.00016397 0.00016403 0.00016384 0.00016395 0.00016403 0.00016334 0.00016333 0.00016258 0.00016397 0.00016383 0.0001643 0.00016387 0.00016313 0.00016045 0.0001606 0.00016086 0.00016082 0.00016057 0.00016138 0.00016111 0.00016199 0.00016246 0.0001633 0.00016279 0.00015992 0.0001572 0.0001586 0.00015931 0.00016165 0.00016189 0.00015961 0.0001594 0.00015825 0.00015862 0.00015838 0.00015974 0.00016108 0.0001612 0.00016178 0.00015785 0.00016194 0.00016229 0.00016193 0.00016254 0.00016252 0.00016243 0.00016265 0.00016242 0.00016226 0.00016255 0.00016221 0.0001612 0.00015978 0.00015598 0.00016178 0.00016261 0.00016211 0.00016127 0.00016038 0.00016089 0.00016032 0.00016101 0.00015864 0.00015842 0.00016119 0.00016286 0.00016361 0.0001642 0.00016376 0.00016388 0.00016413 0.00016409 0.00016381 0.00016243 0.00016048 0.00015908 0.00015919 0.00016166 0.00016089 0.00016069 0.00016103 0.0001643 0.00016018 0.00015293 0.00015497 0.00015595 0.00015635 0.00015742 0.00015742 0.00015542 0.0001561 0.00015885 0.00016111 0.00016168 0.0001605 0.00016277 0.00016302 0.00016301 0.00016333 0.00016129 0.0001524 0.00016295 0.00016498 0.00016474 0.00015583 0.00016498 0.00016487 0.00016475 0.0001642 0.00016397 0.0001637 0.00016278 0.00016162 0.00016055 0.00016116 0.00015722 0.0001558 0.00016072 0.00016348 0.0001631 0.00016233 0.0001617 0.00016099 0.00016053 0.00016009 0.00016117 0.00016116
0.00016503 0.00016021 0.00015895 0.0001623 0.00016241 0.00016285 0.00016298 0.00016488 0.00016474 0.00016491 0.00016496 0.00016495 0.00016471 0.00016446 0.0001633 0.00016211 0.00016072 0.00015853 0.00015811 0.00015664 0.00015657 0.0001552 0.0001569 0.00015706 0.00015896 0.00015879 0.0001582 0.00015779 0.00016078 0.00015646 0.00015651 0.00015704 0.0001602 0.00016495 0.00015914 0.00016029 0.00016039 0.0001641 0.00016214 0.00016227 0.00016268 0.00016263 0.00016248 0.00016255 0.00016261 0.00016281 0.00016265 0.00016308 0.00016312 0.00016291 0.00016306 0.00016342 0.00016355 0.00016357 0.0001633 0.00016384 0.00016429 0.00016392 0.00016414 0.00016386 0.00016177 0.00016332 0.00016407 0.00016405 0.00016325 0.00016263 0.00016323 0.00016336 0.00016494 0.00016094 0.00016163 0.00016184 0.00016208 0.00016288 0.00016346 0.00016194 0.00016034 0.0001576 0.00015796 0.00015624 0.0001579 0.00015801 0.00016018 0.00015959 0.00016114 0.00016063 0.00016119 0.00016128 0.00016122 0.00016121 0.00016141 0.00016213 0.00016176 0.00016238 0.00016215 0.00016266 0.00016217 0.00016195 0.00016212 0.0001612 0.00016141 0.0001578 0.00015673 0.00015698 0.00015515 0.00015804 0.00016386 0.00016496 0.00016489 0.00016395 0.00016352 0.00016183 0.00016198 0.00016038 0.00016118 0.00016068 0.0001624 0.00016311 0.00016398 0.00016409 0.00016402 0.00016398 0.00016417 0.00016414 0.00016392 0.00016455 0.00016452 0.00016479 0.00016481 0.00016353 0.00016045 0.0001572 0.0001602 0.00016114 0.00015736 0.00015637 0.00015571 0.00015361 0.00015661 0.0001524 0.00015383 0.00015603 0.00015618 0.00016102 0.00015937 0.00015907 0.00015662 0.00015836 0.00016057 0.00016208 0.00016332 0.00016407 0.00016277 0.00016346 0.00016389 0.00016401 0.0001641 0.00016426 0.00016304 0.00016368 0.00016346 0.00016365 0.00016291 0.00016203 0.00016309 0.00016288 0.00016289 0.00016283 0.0001626 0.00016073 0.00016339 0.00016246 0.0001622 0.00016132 0.00015914 0.00016214 0.00015886 0.00015871 0.00015903 0.00016132
0.00016069 0.00015882 0.0001572 0.00015943 0.00015966 0.00016343 0.00016401 0.00016491 0.00016467 0.00016478 0.00016475 0.00016491 0.00016492 0.00016492 0.00016478 0.0001644 0.00016402 0.00016383 0.00016347 0.00016221 0.00015993 0.00015929 0.00015967 0.00015857 0.00016036 0.00015995 0.00015835 0.00016246 0.00016154 0.00015851 0.0001574 0.00015896 0.00015787 0.00015913 0.00016008 0.0001607 0.00016082 0.00016116 0.0001613 0.00016225 0.00016235 0.00016276 0.00016289 0.00016291 0.00016324 0.00016336 0.00016325 0.00016321 0.0001633 0.00016326 0.00016285 0.00016248 0.00016219 0.00016273 0.00016327 0.00016373 0.00016374 0.00016377 0.00016335 0.00015958 0.00016457 0.00016428 0.00016466 0.00016498 0.00016329 0.00016444 0.00016476 0.00016484 0.00016233 0.00016198 0.00016292 0.00016236 0.00016266 0.00016318 0.0001639 0.0001635 0.00016154 0.00016066 0.00015875 0.00015698 0.00015705 0.00015863 0.00016274 0.00016023 0.00016107 0.00016126 0.00016121 0.00016085 0.00015964 0.00016144 0.00016146 0.00016162 0.00016138 0.00016215 0.00016136 0.00016232 0.00016332 0.00016265 0.0001615 0.00016184 0.0001607 0.00016086 0.00016025 0.00015972 0.00015777 0.00015938 0.00015862 0.00015996 0.00016053 0.00015997 0.0001598 0.0001592 0.00015977 0.00016262 0.00016354 0.00016487 0.00016481 0.00016439 0.00016391 0.00016356 0.00016359 0.00016417 0.00016459 0.00016451 0.00016478 0.00016467 0.00016459 0.00016471 0.00016469 0.00016488 0.00016164 0.00016133 0.00016108 0.00016051 0.00016505 0.00015802 0.00015774 0.00015837 0.00016086 0.00015476 0.00015455 0.00015464 0.0001572 0.00015742 0.0001577 0.00015548 0.00015475 0.00016104 0.00015982 0.00015807 0.00016255 0.00016173 0.00016132 0.00016333 0.0001632 0.00015634 0.00015946 0.0001604 0.00016298 0.0001617 0.00015891 0.00015966 0.00016309 0.0001614 0.00016253 0.00016345 0.00016289 0.00016324 0.00016309 0.00016296 0.00016157 0.00016109 0.00016028 0.00015719 0.00016192 0.00016286 0.00016101 0.00016023 0.00015838 0.00015784
0.00016057 0.00016044 0.00016249 0.00015913 0.00015776 0.0001601 0.00016253 0.00016313 0.00016402 0.00016374 0.00016452 0.0001641 0.00016498 0.00016464 0.00016468 0.00016438 0.00016455 0.00016462 0.00016444 0.00016289 0.00016045 0.0001603 0.00015896 0.00015946 0.00015901 0.00015974 0.00015977 0.00015884 0.00015854 0.00015894 0.00015864 0.00015939 0.00016057 0.00016065 0.00016048 0.00015935 0.00015842 0.0001602 0.00016204 0.00016081 0.00016278 0.00016135 0.00016046 0.00016226 0.00016248 0.00016246 0.00016148 0.00016282 0.00016251 0.00016247 0.00016147 0.00016194 0.00016365 0.00016466 0.00016382 0.00016049 0.00016258 0.00016444 0.00016404 0.00016418 0.00016399 0.00016393 0.00016433 0.00016481 0.00016503 0.00016496 0.00016305 0.00016502 0.00016242 0.00016431 0.0001635 0.00016267 0.00016287 0.0001623 0.00016276 0.00016441 0.00016474 0.00016451 0.00016426 0.0001629 0.00016203 0.00016017 0.00016067 0.00016053 0.00016061 0.00016089 0.00016147 0.00016146 0.0001615 0.00016128 0.0001612 0.00016128 0.00016179 0.00016145 0.00016169 0.00016084 0.00016151 0.00016183 0.00016113 0.00016224 0.00016239 0.0001611 0.00016143 0.00016228 0.00016162 0.00016048 0.00015946 0.00015827 0.00015847 0.00015736 0.00016007 0.00016069 0.0001623 0.0001644 0.00016504 0.00016505 0.00016504 0.00016493 0.00016458 0.00016438 0.00016426 0.00016415 0.00016433 0.00016445 0.00016489 0.00016498 0.00016484 0.00016477 0.00016482 0.00016486 0.00016446 0.00016241 0.0001619 0.00016299 0.00016117 0.00015884 0.00015735 0.00015823 0.00015742 0.00015341 0.00016223 0.00015618 0.0001593 0.00015882 0.00015863 0.00015704 0.00015615 0.00015512 0.00015367 0.00015642 0.0001588 0.00016102 0.00015972 0.00016001 0.00016165 0.00016314 0.00016407 0.00016416 0.00016319 0.00016267 0.00016033 0.00016083 0.00016173 0.00016158 0.00016111 0.00015645 0.00015625 0.00015824 0.00016079 0.00016217 0.00016275 0.00016304 0.00016228 0.00016335 0.00016321 0.00015903 0.00016126 0.00016175 0.00016148 0.00016321
0.00016379 0.00016009 0.00015734 0.00016043 0.00016195 0.00016284 0.00016276 0.00015964 0.00016029 0.00016138 0.00015906 0.00016029 0.00016303 0.00016025 0.00016478 0.00016068 0.00016253 0.00016234 0.00016454 0.00016328 0.00016293 0.00016273 0.0001629 0.00015995 0.00015913 0.00015789 0.0001636 0.00016146 0.00015897 0.0001594 0.00016166 0.00016304 0.00016317 0.00016273 0.00016288 0.00016158 0.00015945 0.00016043 0.00016001 0.00015987 0.00016199 0.00015854 0.0001608 0.00016253 0.00016099 0.00015601 0.00016326 0.00016386 0.00016402 0.00016385 0.00016374 0.00016419 0.00016414 0.00016291 0.00016116 0.00016468 0.00016468 0.00016411 0.00016471 0.00016467 0.00016456 0.00016406 0.00016447 0.00016462 0.00016501 0.00016482 0.00016504 0.00016387 0.00016504 0.00016504 0.00016497 0.00016442 0.00016102 0.00016436 0.00016482 0.00016344 0.00016283 0.00016322 0.00016259 0.00016124 0.00015673 0.00015689 0.0001605 0.00016184 0.00016063 0.00016024 0.0001596 0.00016121 0.00016171 0.00016155 0.00016183 0.00016143 0.00016152 0.0001623 0.00016186 0.00016215 0.00016193 0.00016112 0.00016174 0.00016227 0.00016264 0.00016196 0.00016161 0.00016157 0.00015881 0.00016165 0.00016123 0.00016137 0.00016149 0.00016209 0.00016265 0.000163 0.00016345 0.00016414 0.00016479 0.00016493 0.00016375 0.00016355 0.00016369 0.00016279 0.00016459 0.00016496 0.00016318 0.00016407 0.00016462 0.00016479 0.00016501 0.00016505 0.00016472 0.00016504 0.00016481 0.00016505 0.00015666 0.00016488 0.00016456 0.00016386 0.00015857 0.00015946 0.00015933 0.00016158 0.00015723 0.00015671 0.00015615 0.00015674 0.00015712 0.00015661 0.00015662 0.00015534 0.00015682 0.00015645 0.00015801 0.00015798 0.0001583 0.00015882 0.00015908 0.0001637 0.00016504 0.00016494 0.00016492 0.00016468 0.00016419 0.00016333 0.00016245 0.00016137 0.00016104 0.00015922 0.00015713 0.00015866 0.00015899 0.00015375 0.00015794 0.00016163 0.00016227 0.00016107 0.00015597 0.00015812 0.00015903 0.00016314 0.00016333 0.00016323
0.00016421 0.00016229 0.00016148 0.00016281 0.00016274 0.00016197 0.00015566 0.0001593 0.00016027 0.00015925 0.00016174 0.00015922 0.00016034 0.00015608 0.00016121 0.00016372 0.00016197 0.00016263 0.00016132 0.00016276 0.00016325 0.00016333 0.00016212 0.00016146 0.00015731 0.00015947 0.00016041 0.00016075 0.00016272 0.00015954 0.00016075 0.00016357 0.00016387 0.00016272 0.00016395 0.00016282 0.00016046 0.00015784 0.00015699 0.00015777 0.0001593 0.00016219 0.00016351 0.00016343 0.00016317 0.00016176 0.00016381 0.00016428 0.00016472 0.0001647 0.00016472 0.00016474 0.00016481 0.00016485 0.00016424 0.00016359 0.00016404 0.00016344 0.00016446 0.00016475 0.000164 0.00016292 0.00016495 0.000165 0.00016384 0.00016472 0.00016432 0.00016486 0.00016504 0.00016085 0.00016225 0.00016494 0.00016449 0.0001641 0.00016504 0.00016367 0.00016381 0.00016246 0.00016122 0.00016121 0.00015828 0.00015896 0.00016053 0.00015937 0.00015963 0.00016171 0.0001609 0.00016076 0.00016254 0.0001565 0.00016106 0.00016215 0.00016247 0.00016198 0.00016407 0.00016112 0.00016074 0.00016087 0.00016467 0.00016061 0.00016018 0.00016216 0.00016146 0.00016162 0.000162 0.00016226 0.00016216 0.00016188 0.00016181 0.00016326 0.00016363 0.00016431 0.00016451 0.00016454 0.00016413 0.00016288 0.00016313 0.0001635 0.00016206 0.00015996 0.00016022 0.00016044 0.00016346 0.00016467 0.00016504 0.00016494 0.00016481 0.00016494 0.00016477 0.00016422 0.00016492 0.00016497 0.00016499 0.00016473 0.0001649 0.0001642 0.00016238 0.00015644 0.00015355 0.00015523 0.00016447 0.00016401 0.00015353 0.00015363 0.00016136 0.00015549 0.00015632 0.00015265 0.00015612 0.00015833 0.00015588 0.00015643 0.00015913 0.00016226 0.0001634 0.00016412 0.00016462 0.00016448 0.00016472 0.0001647 0.00016465 0.00016446 0.00016409 0.00016351 0.0001617 0.00016011 0.0001584 0.00015802 0.0001591 0.00015795 0.0001628 0.00015456 0.00015881 0.00015986 0.00015841 0.00016168 0.00016279 0.00016195 0.00016317 0.00016374
0.00016365 0.00016377 0.00016437 0.0001649 0.00016376 0.00015817 0.00016018 0.00015929 0.00015707 0.0001574 0.00015797 0.00016475 0.00015773 0.00015845 0.00015645 0.00015688 0.00016038 0.00016264 0.00016049 0.00015978 0.00016458 0.00016009 0.00016029 0.00016021 0.00015635 0.00015976 0.00016104 0.00016095 0.00016084 0.00015673 0.00015392 0.00016362 0.00016271 0.00016308 0.00016295 0.00016216 0.00016286 0.00015967 0.00015865 0.00015899 0.00015788 0.00016095 0.00016203 0.00016265 0.00016302 0.00016183 0.00015968 0.00015939 0.00016331 0.00016474 0.0001648 0.0001649 0.00016463 0.00016455 0.00016389 0.0001616 0.00016039 0.00016053 0.00015939 0.00015878 0.00016224 0.00016446 0.00016417 0.00016223 0.00016458 0.0001637 0.00016423 0.00016503 0.00015871 0.00015631 0.0001626 0.00016482 0.00016213 0.00016434 0.00016302 0.00016505 0.00016483 0.00016503 0.00016459 0.00016467 0.00016461 0.00016402 0.00016102 0.00016139 0.00016252 0.00016115 0.00016144 0.00016018 0.00015991 0.00016154 0.00016184 0.00016223 0.00016087 0.00015931 0.0001593 0.00015898 0.00015907 0.00015957 0.00016162 0.00015952 0.00015813 0.00015889 0.00015881 0.00015922 0.00015915 0.00016218 0.00016241 0.00016318 0.00016379 0.00016427 0.00016462 0.00016488 0.00016503 0.00016504 0.00016501 0.00016467 0.00016489 0.00016491 0.00016503 0.0001647 0.00016452 0.00016489 0.00016489 0.00016389 0.00016259 0.00016269 0.00016251 0.00016259 0.00016255 0.00016083 0.00016415 0.0001646 0.00016498 0.00016457 0.00016489 0.00016501 0.00016504 0.00016428 0.00015594 0.00016143 0.00016467 0.00016505 0.00015679 0.00015773 0.00016052 0.00015962 0.00015757 0.00015635 0.00015624 0.00015835 0.00016075 0.00016159 0.00016218 0.00016095 0.00016328 0.00016205 0.00016401 0.00016186 0.00015782 0.00015917 0.00016425 0.00016452 0.00016432 0.00016328 0.0001614 0.00015991 0.0001586 0.00015859 0.00015915 0.0001586 0.00015685 0.00015612 0.00015874 0.00015919 0.00016359 0.00015903 0.00015911 0.00015974 0.00016121 0.00016349
0.00016396 0.00016407 0.00016444 0.00016466 0.00016258 0.00016232 0.00016196 0.00015995 0.00015913 0.00016154 0.00016128 0.00016071 0.00015991 0.00016056 0.00015884 0.00015999 0.00016263 0.00016201 0.00016198 0.00016163 0.00015898 0.00015524 0.00015527 0.00016453 0.00015522 0.00015997 0.0001616 0.00016164 0.00016162 0.00016029 0.00015902 0.00016314 0.00016301 0.00016245 0.00016341 0.0001616 0.00016031 0.00015912 0.00015676 0.00015614 0.00015676 0.00015613 0.00015583 0.00015703 0.00016107 0.00015957 0.00015866 0.00016063 0.00016316 0.00016413 0.00016474 0.0001648 0.00016483 0.00016347 0.00016252 0.00015704 0.00015905 0.00015661 0.00015879 0.00016505 0.00016206 0.00016388 0.00016275 0.00016467 0.00016353 0.00015831 0.00015831 0.00015847 0.00015831 0.00015831 0.00015831 0.0001611 0.00016363 0.00016383 0.00016455 0.00016496 0.00016378 0.00016504 0.00016499 0.00016487 0.00016355 0.00016215 0.00016273 0.0001626 0.00016217 0.00016143 0.00016149 0.00016013 0.00016076 0.00015917 0.00016052 0.00016148 0.00016257 0.00016106 0.00016148 0.00016369 0.00016504 0.0001615 0.00016129 0.00016179 0.00016161 0.00016121 0.00015811 0.0001592 0.00015816 0.00015964 0.00016313 0.00016357 0.00016432 0.0001648 0.00016501 0.00016504 0.00016481 0.00016429 0.00016428 0.00016348 0.00016275 0.00016188 0.00016148 0.00015962 0.00015851 0.00015831 0.00015832 0.00015842 0.00015869 0.00015832 0.00015849 0.00015854 0.00015867 0.00015986 0.00016199 0.00016282 0.00016373 0.00016475 0.00016424 0.00016456 0.00016254 0.00016471 0.00016438 0.00016319 0.00016237 0.00016145 0.00016182 0.00016194 0.0001564 0.00015836 0.00015904 0.00015919 0.0001609 0.00016246 0.00016381 0.00016382 0.00016486 0.00016468 0.00016214 0.00016285 0.00016369 0.00015746 0.00015868 0.00016455 0.00016371 0.00016286 0.00016201 0.00016219 0.00016023 0.00015948 0.00016039 0.0001614 0.00016259 0.00016151 0.00016136 0.00015811 0.00016212 0.00016016 0.00015885 0.00015938 0.00016079 0.00016275 0.00016274 0.00016372
0.0001642 0.00016273 0.00016308 0.00016494 0.00016505 0.00015947 0.00016314 0.00016364 0.00016359 0.00016276 0.0001634 0.00016095 0.00015997 0.00016176 0.00016172 0.00016168 0.00016023 0.00016221 0.00016158 0.00016203 0.00016139 0.00015779 0.0001559 0.00016193 0.00015969 0.00016118 0.00016495 0.000161 0.00016194 0.00016105 0.00016267 0.00016205 0.00016205 0.00016379 0.00016235 0.00016228 0.00016217 0.0001578 0.000156 0.00015579 0.0001551 0.00015598 0.00015888 0.00016003 0.00016106 0.00016175 0.00016251 0.0001623 0.00016501 0.00016412 0.00016075 0.00016117 0.00016259 0.00016147 0.00016225 0.0001642 0.0001636 0.00016015 0.00015955 0.00016386 0.00016276 0.00016343 0.00016273 0.00016167 0.00015946 0.00015876 0.00015834 0.00015835 0.00015838 0.00015842 0.00015839 0.00015832 0.00015998 0.00016286 0.00016496 0.00016467 0.00016502 0.00016486 0.00016415 0.00016472 0.00016497 0.00016472 0.00016438 0.00016381 0.00016283 0.00016505 0.00016386 0.00016166 0.00016227 0.00016251 0.00016098 0.00016064 0.00015998 0.0001623 0.00015951 0.00015862 0.00016043 0.00016091 0.00016141 0.00016073 0.00016154 0.000162 0.00015969 0.0001555 0.00016236 0.0001614 0.00016222 0.00016364 0.0001641 0.0001644 0.00016505 0.00016487 0.00016395 0.00016263 0.00016178 0.00016007 0.00015841 0.00015835 0.00015987 0.00016337 0.00016687 0.00016978 0.00017108 0.00017161 0.00017187 0.00016869 0.00016757 0.0001681 0.00016822 0.0001674 0.00016172 0.00015959 0.0001595 0.0001585 0.00016432 0.00016333 0.00016321 0.00016458 0.00016351 0.00016343 0.00016392 0.00016186 0.00016226 0.00016034 0.0001613 0.00016425 0.00016075 0.00016064 0.00016109 0.00015995 0.00016128 0.00016314 0.00016437 0.0001648 0.00016468 0.00016398 0.00016351 0.00015614 0.00016471 0.0001637 0.00016412 0.00016422 0.0001642 0.0001629 0.00016175 0.00016139 0.00015978 0.00016157 0.00015841 0.00016154 0.0001625 0.00015915 0.00015596 0.00015593 0.0001593 0.00016238 0.00016268 0.00016313 0.000164 0.00016419
0.00016392 0.0001633 0.00016187 0.00016224 0.00016447 0.00016408 0.00016386 0.00016007 0.00016438 0.00016242 0.00016067 0.00016211 0.00016128 0.00016246 0.0001617 0.00016116 0.0001617 0.00015801 0.00016089 0.00016131 0.00016021 0.00015818 0.00015547 0.00015444 0.00015247 0.00015981 0.00015796 0.00016015 0.00016173 0.00016177 0.00016127 0.00016215 0.00016068 0.00016071 0.00016119 0.0001599 0.00015988 0.00015913 0.00015759 0.00015289 0.00015271 0.00015169 0.00015402 0.00016007 0.00016111 0.00016205 0.00016253 0.00016075 0.00016505 0.00016462 0.00016044 0.00016021 0.00015756 0.00015595 0.00016224 0.00016499 0.00016504 0.00016505 0.00016271 0.00015956 0.00016025 0.00016152 0.00016241 0.00015833 0.00015871 0.00015831 0.00015849 0.00015838 0.00015838 0.00015837 0.00015837 0.00015839 0.00015995 0.00015963 0.00015872 0.00015843 0.00016502 0.00016504 0.00016452 0.00016459 0.00016489 0.00016471 0.00016347 0.00016263 0.00016152 0.00016428 0.00016071 0.00016111 0.0001623 0.00016213 0.00016194 0.00016224 0.00016277 0.0001631 0.00016177 0.00015979 0.00016039 0.00016084 0.00016123 0.00015913 0.00016234 0.00016067 0.00015903 0.00016138 0.00016072 0.00016174 0.00016321 0.00016423 0.0001648 0.00016488 0.00016451 0.00016391 0.00016347 0.00016085 0.00015909 0.0001584 0.00016004 0.00016389 0.00016854 0.00017395 0.00017571 0.00017802 0.00017881 0.00017986 0.00017973 0.00017981 0.00017895 0.00017898 0.00017831 0.00017716 0.0001789 0.00017567 0.00015995 0.0001597 0.00015886 0.00016205 0.00016493 0.00016152 0.00015822 0.00016477 0.00016392 0.00016104 0.0001649 0.00016131 0.00015751 0.000159 0.00016092 0.00016356 0.00016246 0.00016292 0.00016426 0.00016434 0.00016393 0.00016351 0.00016061 0.00016355 0.00016381 0.00016432 0.00016397 0.00016401 0.00016379 0.00016188 0.00016246 0.00016396 0.00016378 0.00016292 0.00016034 0.00016377 0.00016201 0.00016353 0.00016184 0.00015972 0.00016212 0.0001588 0.00015943 0.00016106 0.00016187 0.00016289 0.00016326 0.00016382
0.00015982 0.00016117 0.00016045 0.0001625 0.00016493 0.00016504 0.00016494 0.00016377 0.00016373 0.00015912 0.00016157 0.00015903 0.00015903 0.00015808 0.00015974 0.00015865 0.00015829 0.0001585 0.00015419 0.00015573 0.00015768 0.00015927 0.00015478 0.00015399 0.00015778 0.00015648 0.00015865 0.00016168 0.00016156 0.00016153 0.00016059 0.00016179 0.00015997 0.00015284 0.00015269 0.00015401 0.00015565 0.00015562 0.00015592 0.00015282 0.00015174 0.00015217 0.0001532 0.00015838 0.00016036 0.00016137 0.00016153 0.00016149 0.00016113 0.00016056 0.00015955 0.00015772 0.00015493 0.00015373 0.00015541 0.00015812 0.0001636 0.00016386 0.00016077 0.00015964 0.00016474 0.00016383 0.00016288 0.00016093 0.00015831 0.00015921 0.00015844 0.00015848 0.00015839 0.00015872 0.00015878 0.00015831 0.00015891 0.00016492 0.00016295 0.00016476 0.00016488 0.00016504 0.00016436 0.00016473 0.00016478 0.00016458 0.00016371 0.00016219 0.00016253 0.00016005 0.00016083 0.000165 0.0001643 0.00016229 0.00016153 0.00016207 0.00016434 0.00016445 0.00016224 0.00016139 0.00015749 0.00016317 0.0001595 0.00015952 0.0001592 0.00015926 0.00016081 0.0001626 0.00016305 0.00016127 0.00016106 0.00016436 0.0001648 0.000165 0.00016479 0.00016455 0.00016144 0.00015861 0.00015975 0.00016384 0.00016864 0.00017184 0.00017598 0.00017828 0.0001809 0.00018168 0.00018093 0.00018085 0.00017664 0.00017943 0.00017984 0.00018028 0.00017974 0.00017953 0.00017964 0.00017972 0.00017855 0.00017552 0.00016511 0.0001593 0.00016261 0.00016497 0.0001645 0.00016499 0.00016499 0.00016421 0.00015934 0.00016226 0.00016301 0.00015803 0.00016179 0.00016061 0.00016309 0.00016367 0.00016051 0.00016286 0.00016281 0.00016258 0.00016197 0.00016389 0.00016297 0.00016203 0.00016028 0.0001605 0.00015324 0.00015836 0.00016231 0.00016185 0.00015993 0.00016274 0.00016422 0.00016495 0.00016309 0.00016485 0.00016464 0.00016376 0.00016355 0.0001613 0.00015896 0.00015651 0.00015769 0.00015903 0.00016105 0.00016189
0.00015884 0.00016155 0.00016014 0.00015992 0.00016342 0.00016491 0.00016293 0.00016032 0.00016286 0.00016084 0.00015914 0.00015988 0.00015394 0.00016163 0.00015502 0.00015646 0.0001514 0.00015288 0.00015771 0.00015633 0.00015921 0.00015552 0.0001577 0.00015953 0.00015928 0.00016197 0.00015828 0.00016024 0.00016123 0.00016108 0.00016114 0.00016112 0.00016152 0.00015685 0.00015565 0.00015654 0.00015823 0.00015854 0.00015846 0.00015668 0.00015415 0.00015331 0.00015549 0.00015617 0.00015535 0.00015911 0.00015917 0.0001597 0.0001585 0.00015876 0.00015674 0.00015576 0.00015354 0.00015354 0.00015332 0.0001554 0.00015728 0.00015727 0.0001602 0.00016265 0.00015734 0.00016503 0.00016439 0.00016318 0.00016341 0.00015851 0.00015916 0.00015903 0.00015881 0.00015911 0.00015891 0.00015839 0.00015841 0.00016439 0.0001636 0.00016386 0.00016466 0.00016451 0.00016384 0.00016146 0.00016432 0.00016347 0.00016306 0.00016283 0.00016119 0.00016146 0.00016013 0.0001615 0.00016304 0.0001625 0.00016296 0.00016301 0.00016475 0.0001628 0.00016168 0.0001577 0.00015957 0.00015874 0.0001608 0.00016337 0.00015974 0.00015738 0.00015878 0.00016068 0.00016448 0.00016454 0.00016301 0.00016422 0.00016504 0.00016498 0.00016476 0.00016501 0.00016267 0.00016015 0.00016806 0.00017661 0.00017897 0.00018149 0.00018166 0.00018076 0.00017903 0.00018021 0.0001813 0.00018106 0.00017965 0.00017823 0.00017701 0.00017905 0.00017986 0.00017936 0.00017943 0.00017849 0.00017856 0.00017809 0.00017486 0.00016761 0.00016052 0.00015986 0.0001634 0.00016445 0.00016477 0.00016498 0.00016448 0.00016256 0.00016464 0.00016457 0.00016255 0.00016399 0.00016374 0.00016372 0.00016376 0.00016091 0.00016005 0.000162 0.00015978 0.00016139 0.00016177 0.00015843 0.00015625 0.00016036 0.00016392 0.00016432 0.00015996 0.00015949 0.00016229 0.00016437 0.0001639 0.00016449 0.00016488 0.00016469 0.00016456 0.0001644 0.0001606 0.00016084 0.00015897 0.00016211 0.00016019 0.00015934 0.00016145 0.00016071
0.00016165 0.00016203 0.00016131 0.00016158 0.00016287 0.00016267 0.00016319 0.00016334 0.0001638 0.00015978 0.00015846 0.00016143 0.00015856 0.00015731 0.00015782 0.00015786 0.00016316 0.00015739 0.00015971 0.00016037 0.00015905 0.00016077 0.00016393 0.00015843 0.00016057 0.00016202 0.0001609 0.00016019 0.00016022 0.00015998 0.00015919 0.00015975 0.00015933 0.00015812 0.00015814 0.0001579 0.00015807 0.00015825 0.00015888 0.00015895 0.00015691 0.00015626 0.00015736 0.00015679 0.00015672 0.00015779 0.0001578 0.0001565 0.0001554 0.00015421 0.00015371 0.00015367 0.00015338 0.00015036 0.00014921 0.00015626 0.00015883 0.00015966 0.00016181 0.00016313 0.00016443 0.00016426 0.00016504 0.00016498 0.00016459 0.00015938 0.00015831 0.00016335 0.00016208 0.00015996 0.00015935 0.00015867 0.00016043 0.00016252 0.00016407 0.0001631 0.00016417 0.00016399 0.00016391 0.0001646 0.00016235 0.00016331 0.00016195 0.00016169 0.00016132 0.00016076 0.00016074 0.00016327 0.00016317 0.00016271 0.00016211 0.00016253 0.0001637 0.00016245 0.00016136 0.00016197 0.00015982 0.00015999 0.00015971 0.00016344 0.00015474 0.00015877 0.0001599 0.00016033 0.00016342 0.00016022 0.00016329 0.00016421 0.00016479 0.00016486 0.000165 0.00016491 0.00016261 0.00015881 0.00017692 0.00017945 0.00018173 0.00018165 0.00018108 0.00018171 0.00018146 0.00018173 0.0001816 0.00018158 0.00018113 0.00018171 0.00018172 0.00017961 0.00017887 0.00018079 0.00017934 0.00017884 0.00017883 0.00017816 0.00017472 0.00017251 0.00016401 0.00015835 0.00016213 0.00016368 0.00016475 0.00016433 0.00016017 0.00016469 0.00016472 0.00016398 0.0001643 0.00016316 0.00016259 0.00016393 0.0001625 0.0001615 0.000163 0.00016123 0.0001617 0.00015972 0.00015835 0.00015886 0.00015575 0.00015095 0.00015915 0.0001575 0.00016061 0.00016444 0.00016475 0.00016448 0.00016246 0.0001648 0.00016302 0.00016338 0.0001644 0.00016406 0.00016057 0.00016079 0.00016191 0.00015618 0.00015651 0.00016003 0.00016115 0.00016061
0.0001641 0.00016034 0.00016447 0.00016315 0.00016407 0.00016261 0.00016314 0.00016297 0.00016194 0.00016066 0.0001583 0.00015896 0.00015756 0.00015636 0.00015842 0.00015863 0.00016081 0.0001613 0.00016047 0.00016031 0.00015729 0.00015875 0.00015992 0.00015997 0.00015824 0.0001604 0.00016089 0.00016089 0.00015691 0.00015874 0.00015787 0.00015946 0.00015972 0.00015742 0.00015753 0.00015745 0.00015764 0.0001583 0.0001594 0.00015995 0.00015645 0.00015477 0.00014823 0.00014872 0.00015412 0.00015648 0.00015551 0.00015395 0.00015418 0.00015243 0.00015171 0.00015181 0.00015118 0.00015181 0.00015213 0.00015688 0.00015749 0.00015898 0.00015918 0.00016136 0.00016131 0.00016187 0.00016406 0.00016177 0.00016417 0.00016455 0.00016133 0.00016024 0.00015929 0.00015877 0.00015958 0.00015978 0.0001639 0.00016244 0.00016352 0.00016455 0.00016425 0.00016473 0.0001644 0.0001647 0.00016396 0.00016272 0.00016199 0.00016292 0.00016211 0.00016206 0.0001613 0.00016345 0.00016327 0.00016205 0.00016158 0.00016257 0.00016278 0.00016227 0.00016209 0.00016076 0.0001623 0.00016062 0.00016256 0.00015968 0.00015923 0.0001599 0.00015895 0.00015644 0.00015681 0.00015924 0.00016283 0.00016505 0.0001638 0.00016467 0.00016481 0.00016503 0.000161 0.00016645 0.00017863 0.00018156 0.00018153 0.0001809 0.00018146 0.00018171 0.00018166 0.00018164 0.00018116 0.0001817 0.00018164 0.00017981 0.00018041 0.00018009 0.00018097 0.00018001 0.00017922 0.00017901 0.00017797 0.00017608 0.0001693 0.0001685 0.00016426 0.00015871 0.00016158 0.0001622 0.00016364 0.00016327 0.00016473 0.0001649 0.00016504 0.00016489 0.00016427 0.00016354 0.00016367 0.00016505 0.00016444 0.00016393 0.00016368 0.00016186 0.00016157 0.00015989 0.00015806 0.00015797 0.00015843 0.00015861 0.00015719 0.00015785 0.00016185 0.00016483 0.00016503 0.00016503 0.0001647 0.00016441 0.00016299 0.00016387 0.00016378 0.00016426 0.00015728 0.0001618 0.00016202 0.00016474 0.00016026 0.00016158 0.00016309 0.00016285
0.00016463 0.00016437 0.00016446 0.00016504 0.00016482 0.00016221 0.00016272 0.00016229 0.00016457 0.00016503 0.00016307 0.0001641 0.00016353 0.00015894 0.00016048 0.00015997 0.00015703 0.00015872 0.00015697 0.00015905 0.00015682 0.00016025 0.00015994 0.00015989 0.00015873 0.0001533 0.00015677 0.00015796 0.00015935 0.0001565 0.00015576 0.00015737 0.00015621 0.00015626 0.00015478 0.0001567 0.00015716 0.00015825 0.0001585 0.0001449 0.00014287 0.00014176 0.00013105 0.00012963 0.00013006 0.00014386 0.00014386 0.0001439 0.00014893 0.00015124 0.00014936 0.00015205 0.00015022 0.00015147 0.00015121 0.00015162 0.00015228 0.00015562 0.00016117 0.00016 0.0001579 0.0001544 0.00016252 0.00016489 0.00016475 0.0001646 0.00016475 0.00016354 0.00016115 0.00016068 0.00016111 0.00016382 0.00016248 0.00016501 0.00016497 0.00016499 0.00016502 0.00016178 0.00016495 0.00016395 0.00016449 0.0001641 0.00016272 0.00016271 0.00016178 0.00016186 0.00016291 0.00016385 0.00016374 0.00016311 0.00016186 0.00016303 0.00016145 0.00016171 0.00016235 0.00015954 0.00015865 0.00016158 0.00016115 0.00016043 0.00015846 0.0001591 0.00015591 0.00015436 0.00016347 0.00015992 0.00016186 0.00016435 0.00016435 0.00016438 0.00016493 0.00016502 0.00016133 0.00016674 0.00017668 0.00018158 0.00018158 0.00017951 0.0001817 0.00018172 0.00018171 0.00018151 0.00018173 0.00018167 0.00018147 0.00017975 0.00018094 0.00018115 0.00018044 0.00018095 0.00018009 0.0001788 0.00017475 0.00017062 0.00016851 0.00016656 0.00016196 0.00015838 0.0001591 0.00016195 0.00016031 0.00016503 0.00016497 0.00016503 0.00016287 0.00016283 0.00016435 0.00016461 0.00016474 0.00016463 0.00016437 0.00016446 0.00016441 0.00016156 0.00016079 0.00016043 0.00015897 0.00016161 0.0001611 0.00015979 0.00015954 0.00015904 0.00016254 0.00016414 0.00016457 0.00016424 0.00016452 0.00016428 0.00016088 0.0001631 0.00016314 0.00015908 0.00015852 0.00016255 0.00016217 0.000163 0.00016284 0.00016377 0.00016441 0.0001632
0.00016428 0.00016457 0.00016366 0.00016188 0.00016493 0.00016214 0.00016381 0.00016329 0.00015944 0.00016203 0.00016486 0.00016484 0.00016095 0.00015909 0.00016232 0.00016078 0.00016217 0.00015964 0.00016105 0.00016131 0.00016221 0.00015794 0.00016233 0.00016225 0.0001608 0.00016078 0.00015956 0.00015777 0.00015866 0.00015791 0.00015713 0.00014503 0.00015211 0.00015481 0.00015485 0.00015599 0.0001569 0.00015668 0.00015212 0.00015095 0.00014704 0.00013884 0.00013679 0.00013733 0.00013962 0.00014042 0.00013975 0.00014141 0.00013771 0.00014467 0.00014937 0.00014957 0.00014981 0.00015051 0.00015156 0.00015181 0.00015339 0.00015554 0.00015606 0.00015916 0.00015925 0.00016019 0.00015746 0.00015895 0.00016336 0.00016109 0.00016493 0.00016216 0.00016303 0.00016303 0.00016304 0.00016314 0.00016477 0.00016504 0.00016488 0.00016502 0.00016505 0.00016487 0.00016454 0.0001646 0.00016443 0.00016456 0.00016422 0.00016315 0.00016295 0.00016177 0.00016347 0.00016456 0.00016321 0.00016297 0.0001639 0.00016406 0.00016373 0.00016167 0.0001631 0.00016073 0.0001608 0.00016061 0.00016038 0.00016287 0.00015881 0.00016021 0.00015769 0.00015834 0.00015777 0.00015748 0.00016184 0.00016369 0.0001645 0.0001646 0.00016462 0.00016458 0.00016075 0.00016058 0.00017531 0.00018167 0.00018167 0.00018173 0.00018107 0.00018164 0.00018168 0.00018173 0.0001817 0.00018167 0.00018163 0.00018092 0.00018165 0.00018114 0.00018141 0.00018033 0.00017919 0.00017624 0.00017164 0.00016905 0.00016529 0.00016306 0.00016149 0.00015948 0.00015944 0.00016385 0.00016449 0.00016501 0.00016474 0.00016461 0.00016448 0.00016489 0.00016499 0.00016481 0.00016215 0.00016449 0.00016463 0.00016486 0.00016418 0.0001635 0.00016173 0.00016303 0.00016175 0.00016009 0.00016318 0.00016234 0.00016072 0.00015994 0.00016008 0.00016145 0.00016308 0.00016363 0.00016486 0.00016447 0.0001635 0.00016339 0.00016375 0.00016291 0.00016426 0.00016391 0.000164 0.00016278 0.00016342 0.00016429 0.0001647 0.00016492
0.00016494 0.00016463 0.00016459 0.00016331 0.00016462 0.00016505 0.00016445 0.00016085 0.00015776 0.00015384 0.00015183 0.00015822 0.00015724 0.0001622 0.00016398 0.00016384 0.00016385 0.00016385 0.00016315 0.00016267 0.00016261 0.00016249 0.0001608 0.00016184 0.00015998 0.00015781 0.00015825 0.00015534 0.00015455 0.00015801 0.00015728 0.00015135 0.00015236 0.0001484 0.00015306 0.00014721 0.00015104 0.00013869 0.00013947 0.00015071 0.00013836 0.00013371 0.00014162 0.00014183 0.00014124 0.00014092 0.00014224 0.00014682 0.00014286 0.00014268 0.00014135 0.00014534 0.00014928 0.0001526 0.00015271 0.00015339 0.00015274 0.00015644 0.00015724 0.00015623 0.00015611 0.00016068 0.00016062 0.00016253 0.00016453 0.00016478 0.00016505 0.00016494 0.00016065 0.00016428 0.00016505 0.00016499 0.00016494 0.00016464 0.00016493 0.00016504 0.00016497 0.00016494 0.00016497 0.00016455 0.00016377 0.00016314 0.00016171 0.00016473 0.00016332 0.00016232 0.00016244 0.00016183 0.00016439 0.00016295 0.00016357 0.00016411 0.00016395 0.00016306 0.00016075 0.00016231 0.00016034 0.0001599 0.0001623 0.00016212 0.00015848 0.00015825 0.00015731 0.00015842 0.00015956 0.00015948 0.00016504 0.00016213 0.00016426 0.00016486 0.00016498 0.00016505 0.00016423 0.00015866 0.00016648 0.00018075 0.00018166 0.00018093 0.00017912 0.00018166 0.00018172 0.00018173 0.00018099 0.00018171 0.00018122 0.0001814 0.00018091 0.00018118 0.00018102 0.00018066 0.00017996 0.00017432 0.00016811 0.0001656 0.00016232 0.00016062 0.00015857 0.00015924 0.00016161 0.00016376 0.00016503 0.00016504 0.00016402 0.00016406 0.0001635 0.00016405 0.00016481 0.00016486 0.00016479 0.00016451 0.00016486 0.00016454 0.00016427 0.00016406 0.00016344 0.00016356 0.0001644 0.00016361 0.00016326 0.00015949 0.00016139 0.0001613 0.00015851 0.00015838 0.00016232 0.0001633 0.00016486 0.00016355 0.00016368 0.00016419 0.00016461 0.00016454 0.00016447 0.00016441 0.00016374 0.0001631 0.00016496 0.00016505 0.00016497 0.00016483
0.00016494 0.00016463 0.00016466 0.00016187 0.00016432 0.00016152 0.00016148 0.00016205 0.00015855 0.00015377 0.00015289 0.00015815 0.00016214 0.00016295 0.00016367 0.00016333 0.00016384 0.00015615 0.00016279 0.00016247 0.00016213 0.00016109 0.00016119 0.0001599 0.00015685 0.00015832 0.00015718 0.0001563 0.00015288 0.00015381 0.0001518 0.00015091 0.00015161 0.00014971 0.00015061 0.00015169 0.00014718 0.00013803 0.00013874 0.0001384 0.00013508 0.00014144 0.00014599 0.00014534 0.00014323 0.00014493 0.00014374 0.00014426 0.00014599 0.00014634 0.00014527 0.00013978 0.00014478 0.00015159 0.00015383 0.00015516 0.00015517 0.00015531 0.00015548 0.00015613 0.00015731 0.00015848 0.00015839 0.00016389 0.0001637 0.00016089 0.00016219 0.00016398 0.0001637 0.00016498 0.00016503 0.0001646 0.00016502 0.00016453 0.0001648 0.00016501 0.00016501 0.000165 0.00016499 0.00016487 0.00016392 0.00016263 0.0001635 0.00016271 0.00016315 0.0001615 0.00016113 0.00016172 0.00016243 0.00016289 0.00016301 0.00016382 0.00016347 0.00016144 0.00016154 0.00016139 0.00016264 0.00016401 0.00016035 0.00015956 0.00015983 0.0001562 0.00015704 0.0001595 0.00016042 0.00016011 0.00016061 0.00016251 0.00016479 0.00016423 0.00016415 0.00016486 0.00016502 0.00016466 0.00015834 0.00016628 0.0001816 0.00018161 0.00018044 0.00017997 0.0001817 0.00018167 0.00018045 0.00018071 0.00018106 0.00018132 0.00018115 0.00018077 0.00018099 0.0001804 0.00017639 0.00016459 0.00016042 0.0001605 0.00015926 0.00015835 0.00015851 0.00015936 0.00015971 0.00016013 0.00016473 0.00016484 0.00016205 0.00016394 0.00016298 0.00016361 0.00016416 0.00016442 0.00016474 0.00016489 0.00016459 0.000164 0.00016108 0.00016132 0.00016156 0.00016304 0.00016157 0.00016047 0.00016225 0.00016331 0.00016215 0.00016044 0.00016287 0.00016367 0.00016279 0.00016283 0.00016203 0.0001632 0.0001631 0.00016076 0.00016482 0.00016485 0.00016411 0.00016389 0.00016444 0.00016467 0.00016491 0.00016505 0.00016464 0.00016239
0.000165 0.00016505 0.00016177 0.00016082 0.00016186 0.00015696 0.0001594 0.00015391 0.00015405 0.0001577 0.00015732 0.00015897 0.00016247 0.00016318 0.00016443 0.00016284 0.00016388 0.00016401 0.0001625 0.00016248 0.00015855 0.00016106 0.00016066 0.00016048 0.00015867 0.00015703 0.00015709 0.00015586 0.00015441 0.0001526 0.00015154 0.0001463 0.00014876 0.00014731 0.00014521 0.00014637 0.00014209 0.00013611 0.00013515 0.00013125 0.00013266 0.00014166 0.00014721 0.00014476 0.00014934 0.00014533 0.00015099 0.0001515 0.0001498 0.00015008 0.00014617 0.00014029 0.00013544 0.00014561 0.00015142 0.00015507 0.0001549 0.0001554 0.0001557 0.00015565 0.00015806 0.00016058 0.00016033 0.00016373 0.00016405 0.00016424 0.00016414 0.00016411 0.00016385 0.00016322 0.00016404 0.00016504 0.00016505 0.00016455 0.00016503 0.00016456 0.00016502 0.00016493 0.00016486 0.00016498 0.00016459 0.000164 0.00016471 0.00016348 0.00016319 0.0001626 0.00016231 0.00016172 0.00016179 0.00016228 0.0001625 0.00016091 0.00016204 0.0001629 0.00016176 0.00016242 0.00016123 0.00016253 0.00016098 0.00015798 0.00015897 0.00015786 0.00015635 0.00015777 0.00015923 0.00015989 0.00016002 0.00015954 0.00016299 0.00016415 0.00016363 0.00016339 0.00016247 0.00016411 0.00016503 0.0001587 0.00017246 0.00018028 0.00018172 0.00018125 0.0001813 0.00017979 0.00018143 0.0001809 0.00018143 0.0001814 0.00018068 0.00018054 0.00017624 0.00016964 0.00016592 0.00015938 0.00015853 0.00015878 0.00015899 0.00015907 0.0001584 0.0001588 0.000161 0.00016165 0.00016402 0.00016488 0.00016396 0.00016352 0.00016284 0.0001626 0.00016339 0.00016323 0.00016372 0.00016421 0.00016409 0.0001631 0.00016238 0.00016141 0.0001584 0.00015775 0.00015855 0.00015813 0.00016203 0.00015968 0.00016161 0.00016293 0.00016055 0.00016205 0.00016142 0.00016104 0.00016296 0.00016354 0.00016433 0.00016267 0.00016368 0.00016492 0.00016224 0.00016427 0.0001643 0.00016472 0.00016495 0.00016461 0.00016364 0.0001637
0.00016491 0.00016273 0.00016202 0.00016161 0.00015798 0.00015847 0.00015529 0.00015799 0.00015881 0.00015793 0.00015904 0.00015927 0.00016147 0.00016286 0.00016392 0.00016388 0.00016389 0.00016206 0.00016103 0.00016248 0.00016035 0.00016065 0.00016018 0.00015975 0.00015856 0.00015816 0.00015685 0.00015557 0.00015353 0.00015146 0.0001496 0.00014853 0.00014822 0.00014439 0.00014336 0.00014685 0.00014145 0.00013489 0.00013576 0.00013116 0.00013685 0.00014186 0.00014436 0.00014811 0.00014965 0.0001511 0.00015125 0.00015265 0.00015262 0.00015339 0.00014752 0.00014026 0.00014276 0.00014346 0.00014444 0.00014423 0.00015293 0.00015669 0.00015641 0.00015842 0.00016078 0.00016263 0.00016365 0.00016386 0.00016439 0.00016423 0.00016445 0.00016475 0.00016458 0.00016443 0.00016466 0.00016425 0.00016454 0.00016383 0.00016463 0.00016436 0.00016461 0.00016482 0.00016502 0.00016501 0.00016505 0.00016503 0.00016462 0.00016457 0.00016422 0.00016269 0.00016131 0.00016054 0.00016161 0.00016187 0.00016186 0.0001623 0.00016094 0.00016211 0.00016245 0.00016194 0.00016229 0.0001617 0.00016148 0.00015912 0.00015893 0.00016154 0.00015981 0.00015869 0.00016026 0.00016121 0.00016169 0.00016012 0.00016323 0.00016411 0.00016472 0.00016346 0.00016463 0.00016441 0.0001645 0.00016453 0.00015882 0.00015895 0.00016112 0.00017828 0.00018123 0.00018167 0.00018027 0.00018113 0.00018061 0.00018094 0.00017945 0.00017658 0.00016166 0.00015848 0.00015978 0.00015855 0.00015964 0.0001598 0.00016031 0.00016265 0.00016293 0.00016114 0.00016151 0.00016342 0.00016389 0.00016408 0.00016417 0.0001631 0.00016384 0.0001617 0.0001624 0.00016229 0.0001624 0.0001628 0.00016332 0.0001624 0.00016134 0.00016137 0.00015937 0.00015893 0.00016244 0.00015771 0.00015665 0.00015551 0.00016208 0.00016356 0.0001648 0.00016262 0.00016344 0.00016411 0.00016449 0.00016418 0.00016426 0.00016388 0.0001632 0.00016421 0.00016282 0.00016394 0.00016389 0.00016333 0.00016392 0.00016439 0.0001643 0.00016414
0.00016489 0.00016259 0.0001551 0.00016155 0.00015789 0.00015698 0.00016027 0.00015787 0.00015948 0.00015842 0.0001584 0.00015989 0.00016267 0.00016356 0.0001639 0.00016372 0.00016355 0.00015822 0.00016285 0.00016267 0.00016177 0.00016017 0.00016009 0.00015938 0.00015886 0.00015782 0.00015677 0.00015484 0.00015272 0.00015086 0.00014913 0.00014699 0.00014566 0.00014533 0.00014507 0.00014013 0.00014039 0.0001375 0.00012958 0.00012509 0.00013624 0.00014282 0.00014554 0.00014757 0.00014976 0.00015164 0.00015282 0.00015368 0.00015435 0.00015434 0.0001541 0.0001532 0.00014871 0.00014883 0.00014824 0.00014366 0.00014563 0.00014884 0.00015617 0.00015806 0.00016106 0.00016391 0.00016431 0.00016418 0.00016504 0.00016433 0.00016386 0.00016425 0.00016478 0.00016472 0.00016498 0.00016494 0.00016497 0.00016422 0.00016478 0.00016505 0.00016487 0.00016482 0.000165 0.00016505 0.00016504 0.00016505 0.00016481 0.00016497 0.00016338 0.00016329 0.00016266 0.00016147 0.00016085 0.00016185 0.00016257 0.00016238 0.00016295 0.00016263 0.00016242 0.00016203 0.00016218 0.00015972 0.00016168 0.0001597 0.00016226 0.00016254 0.00016103 0.00016115 0.00016233 0.00016285 0.0001632 0.00016277 0.00015987 0.0001638 0.00016267 0.00016458 0.0001649 0.000165 0.00016323 0.00016439 0.00016334 0.00016375 0.00015971 0.00015962 0.00015859 0.00015869 0.00016419 0.00017537 0.00016836 0.00017005 0.00016195 0.00016452 0.00015856 0.00016063 0.0001625 0.00016405 0.00016213 0.00016119 0.00016243 0.00016427 0.00016361 0.00016369 0.00016408 0.00016505 0.00016503 0.00016457 0.00016378 0.00016323 0.00016304 0.00016236 0.00016222 0.00016256 0.00016255 0.00016274 0.0001629 0.00016189 0.00016176 0.00015928 0.00016058 0.00015811 0.00015512 0.00015675 0.0001614 0.00015507 0.00016098 0.00016313 0.00016381 0.00016171 0.00016396 0.00016026 0.00016377 0.00016438 0.00016354 0.000163 0.00016374 0.00016321 0.00016226 0.00016284 0.00016344 0.00016397 0.0001633 0.0001639 0.00016432 0.00016474
0.00016406 0.00016235 0.00016227 0.00016213 0.00015863 0.00015781 0.00016117 0.000156 0.00015869 0.00016068 0.0001601 0.00016236 0.00016188 0.00016263 0.00016394 0.00016302 0.00016396 0.00016005 0.00016277 0.00015977 0.00015993 0.00016004 0.00015932 0.00015915 0.00015795 0.00015721 0.00015628 0.00015544 0.00015244 0.00015033 0.00014807 0.000146 0.00014356 0.00014351 0.00014243 0.00014352 0.00014482 0.00013619 0.00013456 0.00012618 0.00013774 0.00014304 0.0001454 0.00014807 0.00015033 0.00015224 0.00015362 0.00015455 0.00015515 0.00015617 0.00015607 0.00015652 0.00015497 0.00015107 0.00015109 0.00015178 0.00015368 0.00015359 0.00015305 0.00015305 0.00015169 0.00016131 0.00016443 0.0001645 0.00016439 0.00016446 0.00016469 0.00016502 0.00016463 0.00016439 0.00016449 0.00016475 0.00016441 0.00016384 0.00016504 0.00016469 0.00016504 0.00016505 0.00016491 0.00016492 0.00016495 0.00016498 0.00016505 0.00016486 0.00016461 0.00016392 0.00016406 0.00016412 0.00016256 0.00016198 0.00016175 0.00016273 0.00016281 0.00016083 0.00016159 0.00016225 0.00016235 0.00016093 0.00016087 0.00016079 0.0001622 0.0001634 0.00016065 0.00016243 0.00016309 0.00016255 0.00016392 0.00016081 0.00015852 0.00016019 0.00016338 0.00016341 0.00016439 0.00016384 0.00016357 0.00016394 0.00016414 0.00016377 0.00016408 0.00016297 0.00016191 0.00016151 0.00016001 0.00015951 0.00015912 0.00015833 0.00015858 0.00015835 0.00015852 0.00016097 0.00016398 0.00016231 0.00016245 0.00016329 0.00016491 0.00016447 0.0001589 0.00016419 0.00016428 0.00016191 0.00016406 0.00016273 0.00016234 0.00016233 0.00016249 0.00016255 0.00016256 0.00016262 0.00016216 0.00016196 0.00016178 0.00016046 0.00015771 0.00015699 0.00015617 0.00015795 0.00016151 0.0001557 0.00015629 0.00016019 0.00015818 0.00016094 0.00016318 0.00016311 0.00016456 0.00016099 0.000164 0.00016324 0.00016389 0.00016436 0.00016409 0.00016347 0.00016154 0.00016044 0.00016058 0.00016261 0.0001626 0.00016294 0.00016434 0.00016447
0.00016449 0.00016142 0.00016315 0.00016186 0.00016168 0.00016129 0.00016208 0.00016364 0.00016106 0.00016272 0.00016189 0.00016433 0.0001643 0.00016395 0.00016432 0.00016353 0.00016374 0.0001619 0.00015993 0.00016229 0.00016058 0.00015946 0.00015913 0.00015831 0.00015747 0.00015615 0.00015516 0.00015406 0.00015158 0.00014859 0.00014634 0.00014443 0.00014272 0.00014156 0.00014115 0.00013701 0.0001394 0.00014177 0.00013449 0.00013652 0.00013923 0.00014262 0.00014584 0.00014818 0.00014966 0.00015144 0.00015261 0.0001542 0.00015517 0.0001553 0.00015647 0.0001568 0.00015507 0.00015268 0.00014692 0.00015162 0.00015367 0.00015476 0.00015484 0.00015394 0.00014949 0.0001575 0.00016363 0.00016387 0.0001643 0.00016435 0.00016435 0.00016228 0.00016334 0.0001639 0.00016413 0.00016425 0.00016503 0.00016303 0.00016187 0.00016495 0.00016471 0.0001645 0.00016353 0.00016473 0.00016471 0.00016488 0.00016379 0.00016503 0.00016455 0.00016464 0.00016479 0.00016481 0.00016473 0.00016245 0.00016386 0.00016335 0.00016428 0.00016034 0.00016252 0.00016235 0.00016236 0.00016003 0.00015806 0.00016199 0.0001622 0.00016149 0.00016192 0.00016215 0.0001614 0.00015931 0.000162 0.00015815 0.00015679 0.00015892 0.00016077 0.00016126 0.00016307 0.00016238 0.00016451 0.00016503 0.0001647 0.00016481 0.00016414 0.0001633 0.0001624 0.00016319 0.00016366 0.00016026 0.00016275 0.00015889 0.00015996 0.00016356 0.00016418 0.00016483 0.00016423 0.00016498 0.00016501 0.00016458 0.000165 0.00016385 0.00016336 0.00016449 0.00016078 0.00016294 0.0001623 0.00016129 0.00016048 0.00016078 0.00016133 0.00016177 0.00016337 0.00016195 0.00016167 0.00016098 0.00016064 0.00015949 0.00015728 0.00015484 0.00015581 0.00015749 0.00016011 0.00015722 0.00015395 0.00015677 0.00015616 0.00015874 0.00016121 0.00016321 0.00016154 0.00016174 0.00016375 0.00016174 0.00016315 0.000164 0.00016376 0.000162 0.00016026 0.00016353 0.00016344 0.00016258 0.00016313 0.0001645 0.00016497 0.00016425
0.00016445 0.00016421 0.00016206 0.0001621 0.00016169 0.00016234 0.00016326 0.00016396 0.00016447 0.00016458 0.00016453 0.00016441 0.00016487 0.00016496 0.00016436 0.00016471 0.00015865 0.0001608 0.0001627 0.00016055 0.00016048 0.00015888 0.00015881 0.00015814 0.000157 0.00015519 0.00015369 0.00015146 0.00014895 0.00014648 0.00014424 0.00014182 0.00014052 0.00013979 0.00014015 0.00013971 0.00013479 0.00013702 0.00013414 0.00013576 0.00013884 0.00014245 0.00014473 0.00014647 0.00014813 0.00014964 0.00015128 0.00015283 0.00015454 0.00015553 0.00015742 0.00015716 0.00015712 0.00015496 0.00015015 0.00015135 0.00015344 0.00015359 0.00015338 0.00015114 0.00014678 0.00015875 0.000163 0.00016329 0.00016199 0.00016292 0.00016394 0.0001625 0.00016397 0.00016388 0.00016321 0.0001647 0.00016494 0.00016446 0.00016369 0.00016282 0.00016487 0.0001645 0.00016475 0.00016427 0.00016428 0.0001646 0.00016453 0.00016332 0.00016483 0.000165 0.00016505 0.00016502 0.00016503 0.00016155 0.00016417 0.00016338 0.00016436 0.00016457 0.00016448 0.00016271 0.00016222 0.00016501 0.00016257 0.00015969 0.0001606 0.0001594 0.0001582 0.00015721 0.00015903 0.00016133 0.00015698 0.00015668 0.00015479 0.0001585 0.00016002 0.00016241 0.00016183 0.00015995 0.00015974 0.00016127 0.00016386 0.00016459 0.00016504 0.00016501 0.00016381 0.00016463 0.00016371 0.00016265 0.0001626 0.00016039 0.00016296 0.00016466 0.00016483 0.00016502 0.00016478 0.0001649 0.00016504 0.00016504 0.00016327 0.00016068 0.00015688 0.00015809 0.00016045 0.00016199 0.00016086 0.00015979 0.00015795 0.00015886 0.00016067 0.00016125 0.00016164 0.0001621 0.0001607 0.00016036 0.00015995 0.00015955 0.00016064 0.00015982 0.00016028 0.00015706 0.00016004 0.00015729 0.00015487 0.00015702 0.00015464 0.00015969 0.00016097 0.00016227 0.00016231 0.00016311 0.00016269 0.00016349 0.00016298 0.00016486 0.00016319 0.00016503 0.00016305 0.00016334 0.00016355 0.0001633 0.00016251 0.00016475 0.00016504 0.00016423
0.00016345 0.00016385 0.0001621 0.00016214 0.00016201 0.00016212 0.00016365 0.00016505 0.0001648 0.00016452 0.00016417 0.00016428 0.00016456 0.00016413 0.00016446 0.00016468 0.00016349 0.0001618 0.00016197 0.00016079 0.00015977 0.00015861 0.00015826 0.00015729 0.00015609 0.00015465 0.00015209 0.00014901 0.00014561 0.0001429 0.00014091 0.00013872 0.00013743 0.00013725 0.00013811 0.00013521 0.00013622 0.00013216 0.00013301 0.00013598 0.00013829 0.00014089 0.00014256 0.00014428 0.00014624 0.00014767 0.00014976 0.00015129 0.00015297 0.00015438 0.00015532 0.00015659 0.00015687 0.00015445 0.00015136 0.00015337 0.00015076 0.00015264 0.00015069 0.0001485 0.00014901 0.00015133 0.00016243 0.00016233 0.00016281 0.00016214 0.00016367 0.00016409 0.00016391 0.00016404 0.00016458 0.00016444 0.0001649 0.00016504 0.00016344 0.00016181 0.00016374 0.00016439 0.00016378 0.0001635 0.00016397 0.00016419 0.00016438 0.00016352 0.00016407 0.00016343 0.000165 0.00016498 0.00016503 0.00016439 0.00016398 0.00016438 0.00016474 0.00016489 0.0001638 0.00016313 0.00016235 0.00016056 0.00016028 0.00016118 0.00016173 0.00016221 0.00015672 0.00015888 0.00016037 0.00015979 0.00016105 0.00015541 0.0001549 0.00015765 0.00016064 0.00015812 0.00016102 0.00016083 0.00016122 0.00016258 0.00016322 0.00016472 0.00016472 0.000165 0.00016477 0.0001643 0.00016489 0.00016332 0.00016466 0.00016478 0.0001645 0.00016346 0.00016481 0.0001648 0.00016446 0.00016395 0.00016496 0.00016337 0.00016135 0.00016018 0.00015324 0.00015416 0.00015941 0.0001586 0.00015989 0.00015979 0.00015766 0.00015569 0.00016082 0.00016146 0.00016155 0.00016173 0.00016178 0.00016044 0.00015899 0.00015748 0.00015596 0.00015768 0.00016183 0.00015776 0.0001588 0.00015848 0.00015543 0.00015969 0.00015897 0.00016004 0.00015929 0.00015924 0.00016241 0.00016305 0.00016397 0.0001632 0.00016201 0.00016474 0.00016495 0.00016433 0.00016445 0.00016494 0.0001648 0.00016322 0.00016152 0.00016379 0.00016385 0.00016291
0.00015971 0.00016142 0.00016149 0.00016054 0.00016259 0.00016369 0.00016474 0.00016451 0.00016464 0.00016503 0.00016494 0.00016433 0.0001646 0.00016456 0.00016489 0.00016453 0.00016404 0.00016331 0.00016114 0.00016074 0.00015973 0.0001583 0.00015736 0.0001557 0.00015458 0.00015287 0.00015036 0.0001459 0.00014057 0.00013779 0.00013608 0.00013525 0.00013446 0.00013517 0.00013649 0.00012791 0.00013445 0.00013161 0.00013241 0.00013407 0.00013516 0.00013738 0.00013917 0.00014096 0.00014324 0.00014549 0.00014781 0.00014956 0.00015165 0.00015304 0.00015397 0.00015468 0.00015565 0.0001553 0.00015263 0.00015 0.0001499 0.00014979 0.00015067 0.00014997 0.00014772 0.00015655 0.00016123 0.00016095 0.00016201 0.00016283 0.00016421 0.00016438 0.00016454 0.00016389 0.0001644 0.00016482 0.00016504 0.00016418 0.0001606 0.00016042 0.0001609 0.00016423 0.00016315 0.0001632 0.00016166 0.00016354 0.00016395 0.00016411 0.00016294 0.00016241 0.00016463 0.00016504 0.00016503 0.00016499 0.00016503 0.00016484 0.00016491 0.00016473 0.00016349 0.00016405 0.00016243 0.00016175 0.00016289 0.00015907 0.0001612 0.00016164 0.00015787 0.00016013 0.00015752 0.00015956 0.00015547 0.00015419 0.0001574 0.00015757 0.00015641 0.0001587 0.00015857 0.00015975 0.00016046 0.0001616 0.00016162 0.00016134 0.00016167 0.00016493 0.00016505 0.00016504 0.00016499 0.00016499 0.00016504 0.00016501 0.00016414 0.00016412 0.00016438 0.00016404 0.00016378 0.00016159 0.0001606 0.0001623 0.00016041 0.00015871 0.00015594 0.00015506 0.00015766 0.00015895 0.00016057 0.00016074 0.00016185 0.00016179 0.00016103 0.00016127 0.00016141 0.00016151 0.00016081 0.0001602 0.00016157 0.00015878 0.0001561 0.00015674 0.00015924 0.00016008 0.00015938 0.00016054 0.00015757 0.00015999 0.0001606 0.00015951 0.00015888 0.00015839 0.0001616 0.00016166 0.00016097 0.00016062 0.0001638 0.00016485 0.00016505 0.00016494 0.00016481 0.00016418 0.00016497 0.00016489 0.00016504 0.00016484 0.00016499 0.00016024
0.00016007 0.00015997 0.0001609 0.00016265 0.00016277 0.00016381 0.00016504 0.00016481 0.00016491 0.00016501 0.00016503 0.00016466 0.00016483 0.00016278 0.00016476 0.00016499 0.00016409 0.00016403 0.0001625 0.00016049 0.00015956 0.00015834 0.00015593 0.000154 0.00015265 0.00015069 0.00014752 0.00014059 0.00013504 0.00013185 0.00013134 0.00013177 0.00013278 0.00013371 0.00013194 0.00012855 0.00013065 0.00013177 0.000131 0.00013037 0.00013103 0.0001333 0.00013565 0.00013743 0.00014052 0.00014308 0.0001455 0.00014736 0.00014956 0.00015147 0.00015227 0.00015367 0.00015381 0.00015433 0.00015205 0.00014963 0.00014634 0.00014652 0.00015001 0.00014925 0.00014775 0.00015734 0.00016109 0.00015783 0.00016036 0.00016061 0.0001586 0.00016219 0.00016426 0.0001647 0.00016327 0.00016483 0.00016504 0.00016454 0.00016054 0.00016086 0.00016058 0.00016419 0.00016272 0.00016391 0.00016291 0.00016336 0.00016327 0.00016333 0.00016311 0.0001634 0.00016424 0.00016426 0.00016443 0.00016496 0.00016489 0.00016495 0.00016496 0.00016478 0.00016415 0.00016422 0.00016255 0.0001628 0.00016112 0.00016398 0.00016185 0.00016045 0.00015805 0.00015802 0.00015794 0.00015758 0.00015816 0.00015509 0.00015817 0.00015814 0.00015903 0.00015784 0.00015674 0.00015659 0.00015849 0.00015888 0.00015991 0.000163 0.00016334 0.00016112 0.00016354 0.0001631 0.00016399 0.00016399 0.00016368 0.00016484 0.00016465 0.00016462 0.0001644 0.00016387 0.00016149 0.00016215 0.00015584 0.00015804 0.00015885 0.0001579 0.00015444 0.00015459 0.00015798 0.00015946 0.00016108 0.00016127 0.00016191 0.00016237 0.00016138 0.00016116 0.00016099 0.00016064 0.00016041 0.00015899 0.00015981 0.00015927 0.00015724 0.00015801 0.00015718 0.00015785 0.00015923 0.00016051 0.0001593 0.00016222 0.00016052 0.0001603 0.00015907 0.00015795 0.00016309 0.00015824 0.00016007 0.00016154 0.00016395 0.00016503 0.00016496 0.00016457 0.00016455 0.00016396 0.00016328 0.00016472 0.00016471 0.00016505 0.00016469 0.00016456
0.000165 0.00016023 0.00016422 0.00016329 0.00016445 0.00016486 0.00016323 0.00016408 0.00016504 0.000165 0.00016501 0.00016474 0.00016427 0.00016444 0.00016482 0.00016503 0.00016071 0.00016425 0.00016488 0.00016119 0.00015994 0.00015807 0.00015621 0.00015421 0.00015159 0.00014828 0.00014279 0.00013421 0.00012649 0.0001244 0.00012652 0.00012945 0.00013041 0.00013186 0.00013269 0.00013234 0.00013339 0.00013355 0.00012974 0.00012798 0.00012783 0.00013088 0.00013288 0.00013482 0.00013785 0.0001414 0.00014395 0.0001459 0.00014727 0.00014832 0.00014846 0.00015112 0.00015239 0.00015245 0.00015033 0.00014956 0.00014706 0.00015386 0.00014882 0.0001548 0.00015787 0.00016227 0.00015893 0.00015833 0.00015971 0.00015896 0.00015834 0.00015962 0.00015947 0.00016491 0.0001647 0.00016491 0.000165 0.00016484 0.00016216 0.0001623 0.00016122 0.00016239 0.00016321 0.00016352 0.00016326 0.00016318 0.00016345 0.00016245 0.0001635 0.00016376 0.00016371 0.00016434 0.00016464 0.00016483 0.00016464 0.00016501 0.00016505 0.00016461 0.00016418 0.00016422 0.00016386 0.000163 0.00016047 0.00016297 0.00015954 0.0001602 0.00015938 0.00015735 0.00015804 0.00015632 0.00015719 0.000157 0.00015607 0.00015655 0.00015912 0.00015608 0.00015499 0.00015485 0.00015543 0.00015337 0.00015889 0.00016291 0.00016308 0.00016317 0.00016107 0.00016323 0.00016312 0.00016266 0.00016384 0.00016436 0.00016444 0.00016479 0.00016298 0.00016129 0.00016025 0.00015509 0.00015456 0.00015486 0.00015674 0.00015584 0.00015435 0.00015549 0.00015585 0.00015852 0.0001603 0.00016153 0.00016132 0.00016143 0.00016201 0.00016144 0.00016037 0.00016087 0.00015914 0.00016046 0.00015907 0.00016047 0.00015681 0.00015498 0.00016055 0.00016153 0.00015784 0.00016154 0.00016171 0.00016033 0.00016067 0.00016007 0.000158 0.00015931 0.00016176 0.00016238 0.00016175 0.00016192 0.00016312 0.0001649 0.00016418 0.00016089 0.00016266 0.00016323 0.00016461 0.00016247 0.00016404 0.00016112 0.0001645 0.00016484
0.00016503 0.00016504 0.00016467 0.00016384 0.0001645 0.00016505 0.00016449 0.00016318 0.00016393 0.00016333 0.00016438 0.00016505 0.00016496 0.00016505 0.00016505 0.00016504 0.00016447 0.00016433 0.00016384 0.00016237 0.00016075 0.00015852 0.00015648 0.00015422 0.00015093 0.00014671 0.00014044 0.00012902 0.00011929 0.0001179 0.00012208 0.00012711 0.00012892 0.00012944 0.00012991 0.00013375 0.00013237 0.00013213 0.00012889 0.0001275 0.00012772 0.00013453 0.00013029 0.00013309 0.00013622 0.00013933 0.0001425 0.00014449 0.00014603 0.00014715 0.00014749 0.00015234 0.00014852 0.0001585 0.00015972 0.00016251 0.00016198 0.00016337 0.00015841 0.00016038 0.0001608 0.00015768 0.00015719 0.00015873 0.00015972 0.00015876 0.00016206 0.00016189 0.00016284 0.00015839 0.0001649 0.00016505 0.00016482 0.00016429 0.00016395 0.00016229 0.00016282 0.00016129 0.00016028 0.00016281 0.00016307 0.00016302 0.00016319 0.00016319 0.00016403 0.0001638 0.00016322 0.00016409 0.00016469 0.00016387 0.00016449 0.00016474 0.00016502 0.00016495 0.00016496 0.00016472 0.00016424 0.00016334 0.00016264 0.00016266 0.00016247 0.00016105 0.00015887 0.00015764 0.00015642 0.0001595 0.00015669 0.00015652 0.00015575 0.00015527 0.00015552 0.00015643 0.00015387 0.00015629 0.00015557 0.00015708 0.0001571 0.00016159 0.00016249 0.00016188 0.00016214 0.00016329 0.0001626 0.00016258 0.00016115 0.00016333 0.0001636 0.0001637 0.00016285 0.00016187 0.00015617 0.00015469 0.0001527 0.00015619 0.00015524 0.00015659 0.00015406 0.0001552 0.00015928 0.00015946 0.00016202 0.00016146 0.00016209 0.00016167 0.00016197 0.0001616 0.00015969 0.00015874 0.00015841 0.00015886 0.00015859 0.00015729 0.00015974 0.00015689 0.00016175 0.00016165 0.00015895 0.00015905 0.00016093 0.0001615 0.00016001 0.00016062 0.00015845 0.00015765 0.00015964 0.00016397 0.00016412 0.0001646 0.00016505 0.00016403 0.00016303 0.00016188 0.00016152 0.00016197 0.00016224 0.00016147 0.0001608 0.000162 0.00016087 0.00016209
0.00016104 0.00016278 0.00016064 0.00016047 0.00016478 0.00016487 0.00016427 0.00016285 0.00016385 0.00016378 0.00016438 0.00016456 0.00016445 0.00016503 0.00016483 0.00016496 0.00016504 0.00016478 0.00016435 0.00016316 0.00016139 0.00015979 0.00015692 0.00015421 0.00014996 0.00014593 0.0001402 0.00013019 0.00011952 0.00011589 0.00011706 0.00012702 0.00012838 0.00012845 0.00012799 0.00013149 0.00013106 0.00012947 0.00012704 0.00012587 0.00012822 0.00013009 0.00012977 0.00013266 0.00013525 0.00013785 0.00014226 0.00014359 0.00014494 0.00014645 0.00014567 0.00015017 0.00016445 0.00016123 0.0001617 0.0001622 0.00016492 0.00014253 0.00014111 0.00014811 0.00015261 0.00015401 0.00015598 0.0001574 0.00016017 0.00015953 0.00016066 0.0001649 0.0001642 0.00016446 0.00015927 0.0001635 0.00015937 0.00016185 0.0001634 0.00016027 0.00016017 0.00016169 0.00016074 0.00016051 0.00016268 0.00016265 0.00016238 0.00016295 0.00016274 0.00016313 0.00016207 0.00016356 0.00016324 0.00016416 0.00016415 0.00016342 0.00016497 0.00016505 0.0001649 0.00016487 0.00016495 0.00016425 0.0001581 0.00016039 0.00016268 0.00016298 0.00016047 0.00015902 0.00015841 0.00015641 0.00015616 0.00015665 0.00015523 0.00015548 0.00015835 0.00015621 0.00015678 0.00015497 0.00015653 0.00015743 0.00015707 0.00015844 0.00016058 0.00015942 0.00016025 0.00016166 0.00016144 0.00016097 0.00015922 0.00016333 0.00016288 0.00016391 0.00016287 0.00016273 0.00016143 0.00015691 0.00015334 0.00015474 0.00015443 0.00015791 0.00015567 0.00015843 0.00016043 0.00016059 0.00016268 0.00016229 0.00016152 0.00016198 0.0001621 0.00016193 0.00016128 0.00016157 0.00016015 0.00016001 0.00015933 0.00015704 0.00015464 0.00015761 0.00015722 0.00015878 0.000161 0.00016156 0.00016025 0.00016261 0.00016114 0.00016342 0.00016434 0.00016319 0.0001639 0.00016422 0.00016441 0.00016504 0.00016491 0.00016341 0.00016257 0.00016229 0.00016072 0.00016115 0.0001604 0.00015989 0.00015984 0.00016287 0.00016199 0.00016354
0.00016445 0.00016354 0.00016373 0.00016185 0.00016052 0.00016441 0.00016273 0.00016385 0.00016268 0.00016214 0.00016385 0.00016341 0.00016433 0.00016458 0.00016455 0.00016496 0.00016496 0.00016501 0.00016477 0.00016371 0.00016256 0.00016027 0.00015819 0.000155 0.00015139 0.00014686 0.00014159 0.00013667 0.00012084 0.00011773 0.00011777 0.00012215 0.00012773 0.00012775 0.00012812 0.00012751 0.00012975 0.00012855 0.00012875 0.00012712 0.00012781 0.00013125 0.00014154 0.00015208 0.00014469 0.00013823 0.00014192 0.00014578 0.00014541 0.00014818 0.00016283 0.00015872 0.00015899 0.00016099 0.00016157 0.00014542 0.0001397 0.00015463 0.00014393 0.00015215 0.00015391 0.00015497 0.00015957 0.00015856 0.00016119 0.00016223 0.00016357 0.00016466 0.00015952 0.00016505 0.0001595 0.00015957 0.00016062 0.00015832 0.00015861 0.00016006 0.0001626 0.00016133 0.00016114 0.00015867 0.00016049 0.00016281 0.00016208 0.00016192 0.00016226 0.00016207 0.00016111 0.00016329 0.00016306 0.00016306 0.00016218 0.00016461 0.00016463 0.00016479 0.00016505 0.00016476 0.00016489 0.0001644 0.00016196 0.00016147 0.0001629 0.0001621 0.00015979 0.0001607 0.00016047 0.00015815 0.00015633 0.00015851 0.00016411 0.00016486 0.00015687 0.00015921 0.00015765 0.00015829 0.00015797 0.0001571 0.00015725 0.00015782 0.00015936 0.00015972 0.00015981 0.00015853 0.00015979 0.00015875 0.00015854 0.00015922 0.00016081 0.0001626 0.00016288 0.00016287 0.0001612 0.00015903 0.00015353 0.00015866 0.00015874 0.00015516 0.00016027 0.00016162 0.0001584 0.00016097 0.00016261 0.0001628 0.00016342 0.00016258 0.0001626 0.00016159 0.00016114 0.00016306 0.00016261 0.00016061 0.00015615 0.00015759 0.00015473 0.00015933 0.00016162 0.00016077 0.00016189 0.00016369 0.00016191 0.00016311 0.0001645 0.00016425 0.00016293 0.00016478 0.00016487 0.00016293 0.00016315 0.00016384 0.00016279 0.00016252 0.00016178 0.00016099 0.00016025 0.00015854 0.00015917 0.00015933 0.00016262 0.00016296 0.00016217 0.00016294
0.00016255 0.00016283 0.00016337 0.00016337 0.00015894 0.00015982 0.00016193 0.00016154 0.00015966 0.00016089 0.00016154 0.00016287 0.00016369 0.00016383 0.00016391 0.00016363 0.00016401 0.00016495 0.000165 0.00016447 0.00016328 0.00016139 0.00015934 0.0001559 0.00015236 0.00014891 0.00014461 0.00014085 0.00012342 0.00011589 0.00011642 0.00012006 0.0001261 0.00012733 0.0001282 0.00012935 0.00012707 0.00012716 0.00012942 0.00012719 0.00014742 0.00014926 0.00013264 0.00015797 0.00015386 0.00015711 0.00015703 0.00016463 0.00016427 0.00016412 0.00015479 0.00014345 0.00016186 0.00015941 0.00016391 0.00016247 0.00016072 0.00015823 0.00015103 0.00015513 0.00015599 0.00015622 0.00015815 0.00015925 0.00016498 0.00016107 0.00016025 0.00016214 0.00016264 0.00016346 0.00016109 0.00015986 0.00015951 0.00015838 0.00015902 0.00015832 0.0001588 0.00016206 0.00016225 0.00016115 0.0001608 0.00016147 0.00016118 0.0001624 0.00016199 0.00016251 0.00016321 0.00016372 0.00016391 0.00016354 0.00016386 0.00016333 0.00016464 0.00016481 0.00016485 0.00016474 0.00016473 0.00016486 0.00016336 0.00016397 0.00015985 0.00015956 0.00016051 0.00016076 0.00015668 0.00015948 0.00016035 0.00015859 0.00015846 0.00015872 0.00015993 0.00015976 0.00016061 0.00015649 0.00015701 0.00015711 0.00015706 0.00016014 0.00016042 0.00015937 0.00015723 0.0001561 0.00015686 0.00015535 0.00015801 0.00016094 0.00015971 0.00016061 0.0001628 0.00016283 0.0001623 0.00016173 0.0001559 0.00015532 0.00015796 0.00015951 0.00015962 0.00016024 0.00015948 0.00016148 0.00016285 0.00016261 0.00016382 0.00016367 0.00016346 0.00016366 0.00016411 0.00016407 0.00016396 0.00016468 0.00015486 0.00015394 0.00015503 0.00015934 0.00015667 0.0001634 0.00016429 0.00016502 0.00016504 0.00016502 0.00016424 0.000163 0.00016344 0.00016402 0.00016161 0.00016028 0.00016137 0.00016046 0.00016031 0.00016051 0.00016034 0.00016041 0.00015973 0.00015897 0.00015854 0.00015852 0.00015985 0.00016096 0.00016142 0.00016249
0.00016216 0.00016155 0.00016095 0.00016121 0.00016238 0.00015878 0.00015898 0.00015904 0.00015866 0.00016046 0.00016164 0.00016385 0.00016308 0.00016243 0.00016144 0.00016079 0.0001608 0.00016266 0.00016505 0.00016505 0.00016446 0.00016317 0.00016113 0.00015792 0.00015488 0.00015136 0.0001478 0.00014214 0.00013498 0.00012635 0.00012084 0.00012172 0.00012613 0.00012679 0.00012865 0.00013003 0.00012992 0.00013566 0.00013148 0.00012814 0.00013 0.0001317 0.00013428 0.00016166 0.00015062 0.00016384 0.00015267 0.00015793 0.00015055 0.00014527 0.00014237 0.00016201 0.00016462 0.0001639 0.00016504 0.00014579 0.00014826 0.00015609 0.00016392 0.00016345 0.00015757 0.00015851 0.00015929 0.00015957 0.00016323 0.0001614 0.00016446 0.00016279 0.00016312 0.00016419 0.00016504 0.00016323 0.00015842 0.00016421 0.00016432 0.00015842 0.00015841 0.00015838 0.00016337 0.00016252 0.00015891 0.00016013 0.00016045 0.0001612 0.00016161 0.00016258 0.00016342 0.00016335 0.0001626 0.00016324 0.00016375 0.00016405 0.00016361 0.00016485 0.00016484 0.00016456 0.00016473 0.0001648 0.00016503 0.00016504 0.0001634 0.00015847 0.00015955 0.00016057 0.00016223 0.0001607 0.00016006 0.00015964 0.00016032 0.00015931 0.00016237 0.00016272 0.00016197 0.00015777 0.00015669 0.00015711 0.00015557 0.00015696 0.0001554 0.00015885 0.00015704 0.00015911 0.00015753 0.00015767 0.00015918 0.00015798 0.00016167 0.00015924 0.00016226 0.00016255 0.0001618 0.00015883 0.00015954 0.00015638 0.00015934 0.00016018 0.00016211 0.00016149 0.00016202 0.00016266 0.00016214 0.00016328 0.00016479 0.00016488 0.00016456 0.00016437 0.00016492 0.00016503 0.00016417 0.00016333 0.00016065 0.0001581 0.00016257 0.00016196 0.00016148 0.0001639 0.00016115 0.00016412 0.00015854 0.00016097 0.00016224 0.00016357 0.00016351 0.00016122 0.00016121 0.00015945 0.0001594 0.00015975 0.00015975 0.00015938 0.00015918 0.00015929 0.00015867 0.00015871 0.00015872 0.00015858 0.00015853 0.00015914 0.00016014 0.00016121
0.00016112 0.00016138 0.00016023 0.00016004 0.00016079 0.00015832 0.00015831 0.00015844 0.00015958 0.00015902 0.00016276 0.0001648 0.00016126 0.00015876 0.00015896 0.00015857 0.00016322 0.00016503 0.00016278 0.00016438 0.00016501 0.00016436 0.00016392 0.00016132 0.00015767 0.00015418 0.00015082 0.00014498 0.00014063 0.00013297 0.00012772 0.0001268 0.00012539 0.00012524 0.00012918 0.00013154 0.00013342 0.00013445 0.0001347 0.00013228 0.00013118 0.00013446 0.00013674 0.00014222 0.00014412 0.00014446 0.00014854 0.00014879 0.00014765 0.00014569 0.00014401 0.00014261 0.00014582 0.00016226 0.00015902 0.00014929 0.00015328 0.00015657 0.00015863 0.00015992 0.00015751 0.00016154 0.00016136 0.00016281 0.0001631 0.00016357 0.00016445 0.00016461 0.00016489 0.000165 0.00016464 0.00016408 0.00015964 0.00016225 0.0001628 0.00015883 0.00015996 0.00015932 0.00016162 0.00016124 0.00016037 0.00016037 0.00015892 0.0001601 0.00016139 0.00016207 0.00016155 0.0001625 0.0001626 0.0001629 0.00016322 0.00016378 0.00016414 0.00016429 0.00016466 0.00016475 0.00016498 0.00016477 0.00016479 0.00016469 0.00016423 0.00016192 0.00016069 0.00016157 0.00016294 0.00016063 0.00016127 0.00016222 0.00016187 0.00016189 0.00016301 0.00016303 0.00016168 0.00016003 0.00015891 0.00015616 0.00015431 0.00016167 0.00016068 0.00015917 0.00015865 0.00015942 0.0001584 0.0001608 0.00015738 0.00015947 0.00015807 0.00016186 0.00016214 0.00016317 0.00016112 0.00016187 0.00016132 0.00016066 0.00016263 0.00016494 0.00016096 0.00016391 0.00016338 0.00016219 0.00016334 0.00016364 0.00016504 0.00016504 0.00016464 0.00016464 0.00016496 0.00016478 0.00016397 0.00016286 0.00016022 0.00016121 0.00016066 0.00016168 0.00016285 0.00016504 0.00016113 0.0001611 0.00016082 0.00016266 0.00016052 0.00016103 0.00016122 0.00016161 0.00016065 0.00015931 0.00015995 0.00016114 0.00015871 0.00015861 0.0001587 0.00015849 0.00015842 0.00015837 0.00015838 0.00015837 0.00015845 0.00015865 0.00015967 0.00015991
0.00015956 0.00015988 0.00015964 0.00015899 0.00015874 0.00015831 0.00015831 0.00015854 0.00015882 0.00016111 0.00016343 0.000165 0.00016066 0.00015889 0.00015833 0.00016005 0.0001627 0.00016112 0.00016171 0.00016424 0.00016469 0.00016504 0.00016486 0.00016352 0.00016082 0.00015627 0.00015228 0.00014768 0.00014328 0.00013875 0.00013269 0.00012954 0.00012298 0.00011787 0.00013036 0.00013277 0.00013434 0.00013595 0.00013695 0.00013718 0.00013747 0.00014274 0.00014502 0.00014704 0.00014871 0.00015232 0.00015432 0.00015572 0.00015732 0.00015869 0.00015664 0.00016259 0.00015939 0.00014944 0.00015026 0.00015216 0.00015743 0.00015943 0.00015998 0.00016497 0.00016179 0.00016302 0.00016322 0.00016311 0.000164 0.00016432 0.00016428 0.00016442 0.00016413 0.00016442 0.00016035 0.00016381 0.00015858 0.0001588 0.00016068 0.00016063 0.00016141 0.00016115 0.00016084 0.00015978 0.00015844 0.00015881 0.00015924 0.00016098 0.00016073 0.00016094 0.00016166 0.00016251 0.00016302 0.00016321 0.00016299 0.00016248 0.00016367 0.0001639 0.00016454 0.00016473 0.00016484 0.00016481 0.00016484 0.00016475 0.00016433 0.00016366 0.0001629 0.00016193 0.00016301 0.00016263 0.00016238 0.00016318 0.00016339 0.00016363 0.00016411 0.00016401 0.00016096 0.00015962 0.00015945 0.00015752 0.00015565 0.00016177 0.00016067 0.00016046 0.00016063 0.00015835 0.00015886 0.00015763 0.00015979 0.00016017 0.00016118 0.00016194 0.00016434 0.00016381 0.00016239 0.00016007 0.00016225 0.00016287 0.00016489 0.00016478 0.0001642 0.00016463 0.00016364 0.00016296 0.00016383 0.00016432 0.00016499 0.00016494 0.00016486 0.0001645 0.00016476 0.00016386 0.00016457 0.00016297 0.00016245 0.00016286 0.00016491 0.00016498 0.00016489 0.00016128 0.00015974 0.0001591 0.00015989 0.00016008 0.00015878 0.00015927 0.00016045 0.00016059 0.00015921 0.00015972 0.00016134 0.00015975 0.00015879 0.00015855 0.00015849 0.00015845 0.00015843 0.00015836 0.00015834 0.00015836 0.00015855 0.00015853 0.0001589 0.00015935
0.00015921 0.00015978 0.000159 0.00015841 0.00015856 0.00015838 0.00015831 0.00015839 0.00015871 0.00016024 0.00016296 0.00016285 0.00015931 0.00015833 0.00015832 0.0001588 0.00015957 0.0001603 0.00016436 0.00016256 0.00016411 0.00016411 0.00016493 0.0001626 0.00015977 0.00015884 0.0001548 0.00014899 0.00014387 0.00014209 0.00013944 0.00013616 0.0001247 0.00011643 0.00011849 0.00013452 0.00013542 0.0001362 0.00013816 0.00014025 0.00014285 0.00014495 0.00014652 0.00014863 0.00015123 0.00015449 0.00015655 0.00015872 0.00016173 0.00016375 0.00015584 0.00014902 0.00014782 0.0001504 0.00015245 0.0001563 0.00015905 0.00016146 0.00016182 0.00016386 0.00016285 0.00016371 0.00016505 0.00016371 0.00016417 0.00016456 0.00016418 0.00016226 0.00016504 0.00016464 0.00016324 0.00015834 0.00016133 0.00016091 0.00016234 0.0001614 0.00016126 0.00016084 0.00016217 0.00015835 0.00016209 0.00015841 0.00016004 0.00016131 0.00016005 0.00016033 0.00016149 0.00016261 0.00016213 0.00016305 0.00016317 0.00016273 0.00016348 0.00016354 0.00016378 0.0001646 0.00016478 0.00016503 0.00016504 0.00016486 0.00016481 0.0001649 0.00016442 0.00016496 0.00016329 0.0001623 0.00016259 0.0001645 0.00016404 0.00016393 0.00016394 0.00016209 0.00016289 0.00016208 0.00015986 0.00015879 0.00016068 0.00016061 0.00015894 0.00016131 0.00016025 0.00015938 0.0001599 0.00016009 0.00016005 0.00016069 0.00016168 0.00016294 0.00016321 0.00016398 0.000165 0.0001647 0.00016497 0.000165 0.00016485 0.00016499 0.00016497 0.0001649 0.00016505 0.00016477 0.00016496 0.00016487 0.00016415 0.00016423 0.00016393 0.00016485 0.00016468 0.00016453 0.00016468 0.00016378 0.00016457 0.00016504 0.00016287 0.0001619 0.0001616 0.00016109 0.00015964 0.00015902 0.00015931 0.00015882 0.00015921 0.00015921 0.00015966 0.00015895 0.00015908 0.00015959 0.00016039 0.00015896 0.00015867 0.00015857 0.00015848 0.00015842 0.00015841 0.00015838 0.00015836 0.00015836 0.00015835 0.00015842 0.00015852 0.00015874
0.00015834 0.00015843 0.00015838 0.00015831 0.00015833 0.00015836 0.00015833 0.00015831 0.00015835 0.00016018 0.00016103 0.00016066 0.00015831 0.00015834 0.00015833 0.00015837 0.00015861 0.00016236 0.00016299 0.00016119 0.00016226 0.0001649 0.00016451 0.00016167 0.00015793 0.00016207 0.0001579 0.00014538 0.00014406 0.00014472 0.00014384 0.00014471 0.00014166 0.00012346 0.00013072 0.00013629 0.00013488 0.00013557 0.00013861 0.00014152 0.00014419 0.0001457 0.00014698 0.00014685 0.00015388 0.00015667 0.00015964 0.00016144 0.00016304 0.00016502 0.00016504 0.00015926 0.00015558 0.00015706 0.00015935 0.00016129 0.00016243 0.00016297 0.00016332 0.0001644 0.00016426 0.00016376 0.00016267 0.00016504 0.00016489 0.00016489 0.00016503 0.00016453 0.00016434 0.00016331 0.00016272 0.00016177 0.00015913 0.00015965 0.00015844 0.00015842 0.00015832 0.00015854 0.00015903 0.00015904 0.00016094 0.00016157 0.00015994 0.00016076 0.00016128 0.00015994 0.00016182 0.00016297 0.00016248 0.00016257 0.0001621 0.00016268 0.00016298 0.00016347 0.00016388 0.00016451 0.0001646 0.000165 0.00016483 0.00016503 0.00016504 0.00016503 0.00016504 0.00016493 0.00016494 0.00016326 0.00016427 0.00016502 0.0001648 0.00016381 0.00016423 0.00016324 0.00016138 0.00016119 0.00016041 0.00016259 0.00016159 0.00016156 0.00015989 0.0001615 0.0001606 0.00015981 0.00015968 0.00016045 0.00016056 0.00016102 0.00016229 0.00016301 0.00016403 0.00016442 0.00016444 0.00016275 0.0001613 0.00016056 0.00015896 0.00016084 0.0001647 0.00016491 0.00016504 0.00016468 0.00016459 0.00016396 0.00016347 0.00016403 0.00016426 0.00016505 0.00016504 0.00016491 0.00016468 0.00016379 0.00016482 0.00016119 0.00016168 0.00016248 0.00016207 0.00015981 0.0001593 0.00015893 0.00015883 0.00015864 0.00015938 0.00015868 0.0001589 0.00015873 0.00015882 0.00015932 0.0001591 0.00015874 0.00015864 0.00015858 0.00015855 0.00015845 0.00015841 0.0001584 0.0001584 0.00015837 0.00015835 0.00015834 0.00015833 0.00015832
0.00015835 0.00015831 0.00015847 0.00015831 0.0001584 0.00015842 0.00015835 0.00015834 0.00015831 0.00015873 0.00015923 0.00015958 0.00015835 0.00015849 0.00015849 0.00015835 0.00015958 0.00016323 0.00015979 0.00016045 0.0001631 0.00016487 0.00016296 0.00016086 0.00016235 0.00016287 0.00016171 0.00015429 0.0001448 0.00014417 0.00014557 0.00014834 0.00015006 0.00014795 0.00014224 0.00013835 0.00013385 0.00013279 0.00013946 0.00014327 0.00014589 0.00014734 0.00014808 0.00014649 0.00015522 0.00015999 0.00016203 0.00016328 0.00016456 0.00016488 0.00016431 0.00016183 0.00016171 0.00016314 0.00016393 0.00016454 0.00016438 0.0001645 0.00016463 0.00016493 0.00016499 0.00016469 0.00016352 0.00016417 0.00016482 0.00016492 0.00016443 0.00016408 0.00016387 0.00016239 0.00016043 0.00015852 0.0001603 0.00015841 0.00015943 0.00015848 0.00015863 0.0001604 0.00016103 0.00016084 0.00016173 0.00016057 0.00016136 0.00016084 0.00015975 0.00016097 0.00016124 0.00016267 0.0001623 0.00016266 0.0001629 0.00016281 0.00016389 0.00016405 0.00016418 0.00016426 0.00016438 0.00016434 0.00016469 0.00016502 0.00016501 0.00016503 0.00016505 0.00016504 0.00016504 0.00016503 0.00016505 0.000165 0.00016504 0.00016315 0.0001638 0.00016013 0.00016118 0.00016059 0.00016171 0.00016082 0.00016099 0.00016177 0.00016138 0.00016132 0.00016064 0.00015998 0.00015941 0.00015975 0.0001627 0.00016145 0.00016221 0.00016351 0.00016458 0.00016503 0.00016283 0.00015911 0.00015957 0.00015958 0.00015943 0.00015885 0.00015834 0.00016201 0.00016324 0.00016356 0.00016375 0.00016266 0.00016327 0.00016423 0.00016408 0.00016499 0.00016504 0.00016505 0.00016421 0.00016447 0.00016134 0.00016177 0.000161 0.0001608 0.00016025 0.00016004 0.00015912 0.00015886 0.00015868 0.00015865 0.00015874 0.00015884 0.0001587 0.00015872 0.00015871 0.00015872 0.00015873 0.00015876 0.00015864 0.00015863 0.00015863 0.00015852 0.00015846 0.00015844 0.00015842 0.00015838 0.00015835 0.00015834 0.00015832 0.00015831
0.00015832 0.00015831 0.00015832 0.00015833 0.0001584 0.00015842 0.00015841 0.00015839 0.00015834 0.00015836 0.00015879 0.00015833 0.00015851 0.00015865 0.0001587 0.00015838 0.00016011 0.00015869 0.0001589 0.00016029 0.00016427 0.00016501 0.00016505 0.0001648 0.00016443 0.00016427 0.00016299 0.00015866 0.00014222 0.00014327 0.00014557 0.00015091 0.00015273 0.00015111 0.00014697 0.00014115 0.00012868 0.00012859 0.0001425 0.0001456 0.00014749 0.00014868 0.00014949 0.00015125 0.00015859 0.00016086 0.0001625 0.00016397 0.00016486 0.00016498 0.00016421 0.000164 0.00016437 0.00016427 0.00016426 0.00016438 0.00016475 0.00016497 0.00016505 0.00016501 0.00016495 0.00016504 0.00016421 0.00016503 0.00016466 0.00016429 0.00016349 0.00016305 0.00016273 0.00016156 0.00015986 0.00015861 0.0001599 0.00015858 0.00015939 0.00016 0.00016036 0.00016079 0.00015879 0.00015857 0.00015901 0.00016084 0.00016052 0.00016019 0.00016092 0.00016198 0.00016193 0.00016273 0.00016223 0.00016307 0.0001627 0.00016303 0.0001632 0.00016272 0.00016422 0.00016447 0.00016469 0.00016423 0.00016486 0.00016504 0.00016504 0.00016505 0.000165 0.00016505 0.00016503 0.00016499 0.00016471 0.00016467 0.00016505 0.00016504 0.00016457 0.00016308 0.00016244 0.00015996 0.00016054 0.00016112 0.0001606 0.00016139 0.00016142 0.0001616 0.00016044 0.0001608 0.00015956 0.00016245 0.00016414 0.00016098 0.00016228 0.00016384 0.00016503 0.00016182 0.0001589 0.00015996 0.00015977 0.0001597 0.00015967 0.0001594 0.00015927 0.00015837 0.00016171 0.0001619 0.00016154 0.00016236 0.00016371 0.00016344 0.00016499 0.00016495 0.00016503 0.00016478 0.00016505 0.00016505 0.00016194 0.00016045 0.00016011 0.00015964 0.00015927 0.00015949 0.00015878 0.00015865 0.00015877 0.00015863 0.00015858 0.00015878 0.00015872 0.00015874 0.00015867 0.00015868 0.00015874 0.00015875 0.00015877 0.00015876 0.00015871 0.00015885 0.00015855 0.00015846 0.0001585 0.00015837 0.00015833 0.00015832 0.00015832 0.00015831
0.00015831 0.00015836 0.00015832 0.00015831 0.00015843 0.00015842 0.00015843 0.0001584 0.00015851 0.00015831 0.00015853 0.00015842 0.00015873 0.00015883 0.00015876 0.00015832 0.00015865 0.00015832 0.00015903 0.00016214 0.00016287 0.00016398 0.00016437 0.00016481 0.00016504 0.00016481 0.00016397 0.00015946 0.00014585 0.00014522 0.00014906 0.00015459 0.0001545 0.00015589 0.00015293 0.00014407 0.0001256 0.00011869 0.00013815 0.00014753 0.0001486 0.0001501 0.00015163 0.00015413 0.00015812 0.00016093 0.00016284 0.00016429 0.0001649 0.00016493 0.00016417 0.00016392 0.00016453 0.00016484 0.00016472 0.00016475 0.00016495 0.00016505 0.00016501 0.0001648 0.00016444 0.00016471 0.00016497 0.00016486 0.00016457 0.00016322 0.00016146 0.00016123 0.00016088 0.00015924 0.00015857 0.00015873 0.00015851 0.00015971 0.00015898 0.00015911 0.00015888 0.00015923 0.00015852 0.0001603 0.00016027 0.00016063 0.00016094 0.0001605 0.00016015 0.00016102 0.00016149 0.00016075 0.00016151 0.00016141 0.0001625 0.00016286 0.00016344 0.00016312 0.00016378 0.00016261 0.00016422 0.00016466 0.00016479 0.00016462 0.00016466 0.00016498 0.00016462 0.00016442 0.00016503 0.0001649 0.00016478 0.00016495 0.00016483 0.0001645 0.00016433 0.00016438 0.00016374 0.0001643 0.00016313 0.00016184 0.0001611 0.00016132 0.00016133 0.00015987 0.00016092 0.00016055 0.00015891 0.00016474 0.00016159 0.00016099 0.00016292 0.00016462 0.0001645 0.00015882 0.00015932 0.0001601 0.00016014 0.00016004 0.00015981 0.00015964 0.00015945 0.00015893 0.00015832 0.00015929 0.0001604 0.00016045 0.00016376 0.00016457 0.00016462 0.00016481 0.00016367 0.00016273 0.0001634 0.00016333 0.00016094 0.0001596 0.00015896 0.00015963 0.00015882 0.00015857 0.00015874 0.00015878 0.00015898 0.00015893 0.00015833 0.00015918 0.0001593 0.00015908 0.00015881 0.0001587 0.00015899 0.00015888 0.00015915 0.00015906 0.00015904 0.0001586 0.00015857 0.00015846 0.00015855 0.00015838 0.00015834 0.00015832 0.00015831 0.00015831
0.00015833 0.00015833 0.00015832 0.00015832 0.00015851 0.00015852 0.0001586 0.00015855 0.00015879 0.00015863 0.00015845 0.00015895 0.00015904 0.00015896 0.00015885 0.00015872 0.00015831 0.00015831 0.00015906 0.00016109 0.00016206 0.00016279 0.00016399 0.00016476 0.00016505 0.00016486 0.00016359 0.00015929 0.00015453 0.00015646 0.00015608 0.00015603 0.00015621 0.00015631 0.00015701 0.00015624 0.00012892 0.00011858 0.00011591 0.00014742 0.00014965 0.00015127 0.00015315 0.00015554 0.00015813 0.00016122 0.00016347 0.00016451 0.00016503 0.00016494 0.00016437 0.00016381 0.00016396 0.00016504 0.00016497 0.00016495 0.00016504 0.000165 0.0001649 0.00016464 0.00016429 0.00016487 0.00016499 0.00016403 0.00016302 0.00016188 0.00015997 0.00015914 0.00015863 0.00015897 0.00015968 0.00015904 0.00015909 0.00015985 0.00015853 0.00015925 0.00015872 0.00015977 0.00016034 0.00015951 0.00016047 0.00016081 0.00016139 0.00016172 0.00016099 0.00016072 0.00016012 0.00016074 0.00016105 0.0001614 0.00016242 0.00016271 0.00016262 0.00016264 0.00016206 0.00016378 0.00016284 0.00016466 0.00016448 0.00016429 0.00016463 0.00016472 0.00016505 0.00016453 0.00016492 0.00016501 0.00016268 0.00016502 0.00016431 0.00016431 0.00016482 0.00016473 0.00016461 0.00016493 0.00016432 0.0001625 0.00016107 0.00016235 0.00016328 0.00016072 0.0001617 0.0001612 0.00016005 0.00015939 0.00016039 0.00016262 0.0001641 0.00016504 0.0001628 0.00015835 0.00016009 0.00016027 0.00016041 0.00016006 0.00015968 0.00015965 0.00015931 0.00015911 0.00015841 0.00015875 0.00015943 0.00016348 0.00016245 0.00016319 0.00016405 0.00016222 0.00016082 0.00016012 0.00016014 0.00015989 0.00015927 0.00015873 0.00015841 0.00015837 0.00015857 0.00015845 0.00015859 0.00015859 0.0001591 0.00015944 0.00015996 0.00016062 0.00016039 0.00016017 0.0001598 0.00015955 0.00015948 0.00015949 0.00015938 0.00015861 0.00016105 0.00015896 0.00015863 0.00015862 0.00015861 0.00015834 0.00015832 0.00015833 0.00015893 0.00015831
0.00015831 0.00015837 0.00015847 0.00015849 0.0001585 0.00015847 0.00015865 0.00015878 0.00015887 0.00015897 0.00015913 0.0001593 0.00015927 0.00015921 0.00015911 0.00015878 0.00015852 0.00015832 0.00016133 0.00016096 0.00016168 0.00016333 0.00016419 0.00016468 0.00016504 0.00016463 0.00016368 0.00016202 0.00015782 0.00015782 0.00015709 0.00015702 0.00015704 0.00015767 0.00015883 0.00015974 0.00015553 0.00011617 0.00011872 0.00014175 0.00014832 0.00015275 0.00015514 0.00015682 0.00013806 0.00016253 0.00016406 0.00016479 0.00016505 0.00016494 0.00016423 0.00016388 0.00016378 0.00016504 0.00016504 0.00016505 0.00016498 0.00016484 0.00016469 0.00016446 0.00016435 0.00016413 0.00016347 0.00016406 0.00016216 0.00015951 0.00015876 0.0001584 0.00015832 0.00015913 0.00015947 0.00015907 0.00015834 0.00015844 0.00015879 0.00015859 0.00015855 0.00015886 0.0001604 0.00016162 0.00016168 0.00016074 0.00016132 0.00016095 0.00016103 0.00016105 0.00015929 0.00016094 0.00015852 0.00016151 0.00016261 0.00016238 0.00016236 0.00016145 0.00016176 0.0001639 0.00016384 0.0001636 0.00016322 0.00016311 0.00016338 0.00016486 0.00016502 0.00016494 0.00016478 0.00016448 0.00016478 0.00016416 0.00016255 0.00016505 0.00016505 0.00016484 0.00016498 0.00016488 0.00016462 0.00016408 0.0001632 0.00016367 0.00016415 0.00016393 0.0001635 0.00016188 0.00016143 0.0001616 0.00016209 0.00016313 0.0001646 0.00016482 0.00016129 0.00015831 0.00016011 0.0001602 0.00016011 0.00015991 0.00015964 0.00015958 0.00015941 0.0001592 0.00015859 0.00015843 0.00015886 0.000161 0.00016061 0.00016026 0.00016033 0.0001599 0.00016 0.00015875 0.00015912 0.00015854 0.00015841 0.00015834 0.00015832 0.0001584 0.00015843 0.00015831 0.00015834 0.00015865 0.00015959 0.00016119 0.00016291 0.00016366 0.00016261 0.00016251 0.00016153 0.00016086 0.00016058 0.00015989 0.00016002 0.00015987 0.00015971 0.00016044 0.00015865 0.00015869 0.00015851 0.00015848 0.00015833 0.00015836 0.00016052 0.0001587
0.00015831 0.0001584 0.00015842 0.00015871 0.00015862 0.00015849 0.00015881 0.0001591 0.00015917 0.0001593 0.00015948 0.00015976 0.0001597 0.0001596 0.00015957 0.00015905 0.00015831 0.00015888 0.00016069 0.00016081 0.00016396 0.00015424 0.00012635 0.00012353 0.00013647 0.0001643 0.00016317 0.00016271 0.00016151 0.00015886 0.00015837 0.0001577 0.00015785 0.00015834 0.00015891 0.00015953 0.00015964 0.00015202 0.00013893 0.00014134 0.00014976 0.00015401 0.00015671 0.00015828 0.00016087 0.00016373 0.00016446 0.00016495 0.00016505 0.00016495 0.00016442 0.00016389 0.00016358 0.000165 0.000165 0.00016501 0.0001649 0.00016465 0.00016444 0.00016438 0.00016416 0.00016416 0.00016433 0.000163 0.00015932 0.00015856 0.00015834 0.00015832 0.00015833 0.000159 0.00015973 0.00015927 0.00015851 0.00015831 0.00015866 0.00015833 0.00015845 0.00015882 0.0001593 0.00015964 0.00015919 0.00016063 0.00016306 0.00015832 0.00016052 0.00016093 0.00016065 0.00016105 0.00016098 0.00016093 0.00015888 0.0001606 0.00016195 0.00016239 0.00016231 0.00016313 0.00016293 0.00016265 0.00016237 0.00016185 0.00016259 0.00016276 0.0001645 0.00016468 0.00016446 0.00016438 0.00016472 0.00016223 0.0001635 0.00016492 0.00016504 0.00016501 0.00016494 0.00016492 0.00016482 0.00016469 0.00016418 0.00016362 0.00016392 0.00016395 0.00016323 0.00016367 0.00016293 0.00016321 0.00016387 0.00016426 0.00016497 0.00016387 0.00015956 0.0001599 0.00016001 0.00015974 0.00016008 0.00015982 0.00015961 0.0001595 0.0001593 0.00015918 0.00015868 0.00015832 0.00015855 0.00015879 0.00015918 0.00015932 0.00015943 0.00015928 0.00015899 0.00015867 0.00015833 0.00015831 0.00015834 0.00015843 0.00015845 0.00015855 0.00015859 0.00015852 0.00015831 0.00015876 0.00016058 0.00016275 0.00016412 0.00016468 0.000165 0.0001647 0.00016419 0.00016235 0.00016141 0.00016076 0.00016068 0.0001603 0.00016006 0.0001599 0.00015923 0.00015875 0.00015867 0.00015854 0.00015844 0.00015831 0.00015907 0.00015931
0.00015837 0.00015852 0.00015857 0.00015879 0.00015831 0.00015877 0.00015886 0.00015906 0.00015944 0.00015955 0.00015977 0.00016 0.00016009 0.00016004 0.00016018 0.00015841 0.00015849 0.00015864 0.00015979 0.00015973 0.00016499 0.00012212 0.00011738 0.00012368 0.00011629 0.00015274 0.00016294 0.00016279 0.00016378 0.00016163 0.00016004 0.0001585 0.00015812 0.00015854 0.00015904 0.00015964 0.00015975 0.0001585 0.00015154 0.00015071 0.00015387 0.00015539 0.00015718 0.00015885 0.00016126 0.00016385 0.00016472 0.00016503 0.00016502 0.00016485 0.00016461 0.00016358 0.0001638 0.00016504 0.00016505 0.00016479 0.00016476 0.00016455 0.00016442 0.00016425 0.00016403 0.00016359 0.00016266 0.00016006 0.00015903 0.00015832 0.00015836 0.00015863 0.00015915 0.00015931 0.00015887 0.00015935 0.0001591 0.00015865 0.00015884 0.00015833 0.00015852 0.00015844 0.00015863 0.00015969 0.0001603 0.00016179 0.00016009 0.0001587 0.00016104 0.00016073 0.00016062 0.00015872 0.00016072 0.00015985 0.00016069 0.00016093 0.00016213 0.00016247 0.00016192 0.0001614 0.00016184 0.00016176 0.0001618 0.0001611 0.00016122 0.00016194 0.00016354 0.00016393 0.00016283 0.00016302 0.000163 0.0001632 0.0001649 0.00016505 0.00016496 0.00016492 0.00016504 0.00016502 0.00016497 0.00016486 0.00016438 0.00016202 0.00016359 0.00016401 0.00016415 0.00016411 0.00016394 0.00016415 0.00016437 0.00016475 0.00016453 0.00016329 0.00015916 0.00015935 0.00015982 0.00015991 0.00015979 0.00015962 0.00015955 0.00015955 0.00015936 0.00015899 0.00015871 0.00015842 0.00015831 0.00015832 0.00015835 0.00015835 0.00015837 0.00015831 0.00015832 0.00015836 0.00015847 0.00015858 0.00015871 0.00015871 0.00015874 0.00015893 0.00015883 0.0001588 0.00015844 0.00015881 0.00016055 0.00016376 0.00016486 0.00016499 0.00016455 0.00016457 0.00016504 0.00016345 0.00016204 0.00016168 0.00016171 0.00016109 0.00016041 0.00015971 0.00015915 0.0001588 0.00015886 0.00015854 0.00015832 0.00015831 0.00015833 0.0001584
0.00015837 0.00015857 0.0001588 0.0001589 0.00015902 0.00015881 0.00015889 0.00015921 0.00015961 0.00015981 0.00016005 0.00016033 0.00016043 0.00016046 0.00016057 0.00015856 0.00015841 0.00015906 0.000162 0.00016062 0.00016442 0.00012256 0.00011715 0.00012087 0.00011592 0.0001519 0.00016403 0.00016445 0.00016456 0.0001642 0.00016187 0.00015931 0.00015773 0.00015734 0.00015749 0.00015913 0.00016 0.00015985 0.00015705 0.00015599 0.00015655 0.00015698 0.00015755 0.00015875 0.00016052 0.00016313 0.00016486 0.00016505 0.00016494 0.00016483 0.0001646 0.00016341 0.00016432 0.00016404 0.00016504 0.00016499 0.00016474 0.00016459 0.0001643 0.00016424 0.00016359 0.00016356 0.00016156 0.00015904 0.00015834 0.0001584 0.00015898 0.00015922 0.0001598 0.00015983 0.00016019 0.0001598 0.00015967 0.00015934 0.00015911 0.00015834 0.00015831 0.00015831 0.00015864 0.00015922 0.00015998 0.00016063 0.00016012 0.0001599 0.00015858 0.00016131 0.00016085 0.00016178 0.00016082 0.00016052 0.00016043 0.00016039 0.00015918 0.00016124 0.00016141 0.00016096 0.0001613 0.0001613 0.0001614 0.00016113 0.00016103 0.00016255 0.0001586 0.0001626 0.00016177 0.00016379 0.00016443 0.0001633 0.00016449 0.00016468 0.00016492 0.00016503 0.000165 0.00016495 0.00016497 0.00016503 0.00016397 0.00016459 0.00016386 0.00016475 0.00016497 0.00016504 0.00016425 0.00016438 0.00016459 0.00016494 0.00016476 0.00016497 0.00016107 0.00015838 0.00015884 0.00015967 0.00015949 0.00015946 0.0001594 0.00015925 0.00015922 0.00015912 0.00015889 0.00015873 0.0001587 0.00015868 0.00015892 0.0001587 0.00015875 0.0001587 0.00015894 0.00015898 0.00015903 0.00015922 0.00015937 0.00015923 0.00015957 0.00015943 0.00015938 0.00015898 0.00015856 0.00015881 0.00016182 0.00016452 0.00016481 0.00016364 0.00016313 0.00016411 0.00016429 0.00016076 0.00016348 0.00016272 0.00016217 0.00016154 0.00016069 0.0001598 0.00015916 0.00015878 0.00015867 0.00015834 0.00015887 0.00015837 0.00015833 0.00015844
0.00015904 0.0001588 0.00015875 0.00015922 0.00015952 0.00015949 0.00015942 0.00015969 0.0001601 0.00016021 0.00016051 0.00016061 0.00016075 0.00016079 0.00016079 0.00015855 0.00015842 0.00016086 0.00016187 0.00016007 0.00016166 0.00013274 0.00012122 0.0001182 0.00012541 0.00016231 0.00016501 0.000165 0.00016491 0.00016442 0.00016299 0.00016042 0.00015763 0.00015612 0.00015497 0.00015436 0.00015968 0.00015981 0.00015881 0.00015793 0.00015768 0.00015779 0.00015814 0.00015895 0.00016046 0.00016299 0.00016502 0.00016504 0.00016502 0.00016486 0.00016485 0.00016413 0.00016325 0.00016254 0.00016503 0.00016498 0.00016493 0.00016469 0.00016458 0.00016406 0.00016361 0.00016335 0.00016028 0.00015889 0.00015831 0.00015933 0.00015958 0.00015977 0.00016013 0.00016022 0.00016024 0.00016011 0.00015961 0.00015968 0.00015936 0.00015859 0.00015845 0.0001585 0.00015836 0.00015918 0.00015935 0.00015864 0.00015943 0.00015997 0.00016135 0.00016021 0.00015938 0.00016072 0.00016048 0.0001601 0.00016055 0.00016055 0.00016105 0.00016122 0.00016037 0.00016077 0.00016117 0.000161 0.00016106 0.00016108 0.0001607 0.00016227 0.00016316 0.00016159 0.00016367 0.00016305 0.00016183 0.00016503 0.00016442 0.00016314 0.00016504 0.000165 0.00016496 0.00016503 0.00016504 0.00016501 0.00016472 0.00016475 0.00016129 0.00016504 0.00016505 0.00016504 0.0001636 0.00016426 0.00016489 0.00016493 0.00016486 0.00016502 0.00016412 0.00016173 0.00015854 0.00015834 0.00015859 0.00015879 0.00015879 0.00015917 0.00015915 0.00015916 0.00015916 0.00015909 0.00015917 0.00015945 0.00015945 0.0001595 0.00015959 0.00015951 0.00015975 0.00015987 0.00015988 0.00015973 0.00015992 0.00015981 0.00015993 0.00015962 0.00015977 0.00015976 0.00015913 0.00015858 0.0001623 0.00016504 0.00016317 0.00016222 0.00016177 0.00016163 0.00016372 0.00016503 0.00016443 0.00016365 0.00016285 0.00016175 0.00016055 0.00015982 0.00015922 0.00015888 0.00015845 0.00015839 0.00015892 0.00015843 0.00015843 0.00015858
0.00015898 0.00015912 0.00015925 0.00015952 0.00015969 0.00015995 0.00016011 0.0001604 0.00016057 0.00016064 0.00016082 0.00016086 0.00016091 0.00016089 0.00016091 0.00015866 0.00015875 0.00016144 0.00016015 0.00015919 0.00015912 0.00016499 0.00015768 0.00014906 0.00016428 0.00016414 0.00016495 0.00016503 0.00016502 0.00016417 0.00016254 0.00016048 0.0001582 0.00015541 0.00015374 0.00015317 0.00015808 0.00015984 0.0001594 0.0001579 0.00015783 0.00015654 0.0001582 0.00015924 0.00015943 0.00016374 0.0001645 0.00016495 0.00016503 0.00016502 0.00016492 0.00016472 0.00016415 0.00016296 0.00016401 0.00016475 0.00016209 0.00015859 0.00015932 0.00016242 0.00016322 0.00016407 0.00016004 0.00015879 0.00015831 0.00015928 0.00015994 0.00016017 0.0001605 0.00016065 0.0001604 0.00016066 0.00015966 0.00016038 0.00016003 0.00015924 0.00015908 0.00015916 0.00015889 0.00015834 0.00015905 0.00016038 0.00016137 0.00016027 0.00016091 0.00016049 0.00016034 0.00016019 0.00016027 0.00016102 0.00016 0.00015984 0.00016018 0.00016065 0.00015983 0.00015965 0.00015908 0.00016189 0.00016015 0.00016032 0.00016101 0.000162 0.000163 0.00016201 0.00016191 0.0001623 0.00016233 0.00016342 0.00016451 0.00016395 0.00016476 0.00016505 0.00016505 0.00016497 0.00016495 0.000165 0.00016505 0.00016471 0.00016228 0.00016499 0.00016505 0.00016491 0.00016357 0.00016468 0.00016481 0.00016473 0.00016504 0.00016494 0.0001648 0.00016339 0.00016154 0.00015995 0.00015883 0.00015836 0.00015842 0.00015887 0.00015914 0.00015931 0.00015952 0.00015961 0.00015965 0.00016021 0.0001599 0.00016037 0.00016058 0.00016077 0.00016094 0.00016076 0.0001613 0.00016098 0.00016105 0.00016087 0.00016077 0.00016078 0.00016092 0.00016048 0.00016018 0.00015835 0.00016257 0.00016503 0.0001637 0.00016184 0.00016091 0.00015098 0.00015635 0.00016388 0.00016497 0.00016404 0.00016269 0.00016172 0.00016053 0.0001597 0.00015897 0.00015858 0.00015832 0.00015845 0.00015834 0.00015843 0.00015832 0.00015885
0.00015922 0.00015933 0.00015928 0.00015987 0.00016026 0.00016026 0.00016052 0.00016058 0.00016066 0.00016084 0.00016096 0.00016096 0.00016097 0.00016099 0.00016101 0.00015881 0.00015925 0.00016053 0.00016015 0.00016099 0.00015903 0.00015952 0.00015962 0.00015971 0.00016154 0.00016357 0.00016505 0.00016494 0.00016486 0.00016361 0.00016147 0.00015984 0.00015721 0.00015479 0.00015329 0.00015003 0.0001504 0.00015927 0.00015972 0.00015781 0.00015838 0.00015789 0.00015849 0.00015384 0.00016104 0.00016384 0.00016473 0.00016492 0.000165 0.00016504 0.00016495 0.00016498 0.00016493 0.00016227 0.00016496 0.00016488 0.00016475 0.00016484 0.00016145 0.00015833 0.00015833 0.00016166 0.00015928 0.00015852 0.00015925 0.00016016 0.00016048 0.00016053 0.00016074 0.00016094 0.00016089 0.00016074 0.00016055 0.00016027 0.00015946 0.00015977 0.00015969 0.00015993 0.00016035 0.00015851 0.00015831 0.00015955 0.00016004 0.00015929 0.00015923 0.00015991 0.00015959 0.00015988 0.00015977 0.00016067 0.00016007 0.00015917 0.00015989 0.00015982 0.00015977 0.00015881 0.00015944 0.00016004 0.00016055 0.00016013 0.00016219 0.00016197 0.00016127 0.00016193 0.00016246 0.00016068 0.00016135 0.00016362 0.00016263 0.00016322 0.00016463 0.00016405 0.00016431 0.00016431 0.0001631 0.00016504 0.00016497 0.00016397 0.0001647 0.00016297 0.00016433 0.00016411 0.00016426 0.0001648 0.00016485 0.00016498 0.0001649 0.00016491 0.00016462 0.00016498 0.00016222 0.00015979 0.00015988 0.00015868 0.0001585 0.00015909 0.00015938 0.00015993 0.00016014 0.00016031 0.00016068 0.00016089 0.00016114 0.00016157 0.00016204 0.0001625 0.00016282 0.00016293 0.00016288 0.00016259 0.00016229 0.00016211 0.0001622 0.00016193 0.0001616 0.00016123 0.00016061 0.00015987 0.0001602 0.00016462 0.00016343 0.00016162 0.00015128 0.00011796 0.00014931 0.00016339 0.00016494 0.00016378 0.00016279 0.00016151 0.00015986 0.00015986 0.00015883 0.00015845 0.00015832 0.00015835 0.00015847 0.00015843 0.00015881 0.00015898
0.00015967 0.00015987 0.00015997 0.00015988 0.00016057 0.00016024 0.00016089 0.000161 0.000161 0.00016101 0.00016104 0.00016105 0.00016102 0.000161 0.00016102 0.00015928 0.00015883 0.00016042 0.0001601 0.00016035 0.00016064 0.00016019 0.00016303 0.00016209 0.00016193 0.00016307 0.00016411 0.00016501 0.00016433 0.00016305 0.00016076 0.00015881 0.00015674 0.00015429 0.00015015 0.00014958 0.00015163 0.0001602 0.00016123 0.00015896 0.00015983 0.0001597 0.00015988 0.00015373 0.00015912 0.00016374 0.00016458 0.00016482 0.00016492 0.0001647 0.00016418 0.0001645 0.00016484 0.00016409 0.00016263 0.0001614 0.00016185 0.00016021 0.00015964 0.00015831 0.00015907 0.00016256 0.00015919 0.00015965 0.00016007 0.00016031 0.0001603 0.00016062 0.00016103 0.00016113 0.00016038 0.00016093 0.00016096 0.00016065 0.00015986 0.00016077 0.00016011 0.00016037 0.00016067 0.00016054 0.00015847 0.00015831 0.0001585 0.0001587 0.00015861 0.00015923 0.00015983 0.00016014 0.00015976 0.0001597 0.00015952 0.00015939 0.00015971 0.00015994 0.00015954 0.00016015 0.00015929 0.00015961 0.00016105 0.0001621 0.00015927 0.00016254 0.00016136 0.00016127 0.00016387 0.00015981 0.00016476 0.00016307 0.00016258 0.0001637 0.00016381 0.00016347 0.00016369 0.00016397 0.00016436 0.00016392 0.00016429 0.00016203 0.00016499 0.00016491 0.00016504 0.00016369 0.00016477 0.00016504 0.00016501 0.0001643 0.00016346 0.00016504 0.0001638 0.00016489 0.0001618 0.00016056 0.00015901 0.00015834 0.00015901 0.00015966 0.00016035 0.0001604 0.00016073 0.00016114 0.00016147 0.00016208 0.00016247 0.00016331 0.00016402 0.00016417 0.00016446 0.00016421 0.00016419 0.00016378 0.00016352 0.00016355 0.000163 0.00016248 0.00016188 0.00016146 0.00016084 0.00016013 0.00015838 0.00016409 0.00016462 0.00016247 0.00015806 0.0001537 0.00015825 0.00016501 0.00016417 0.00016305 0.00016223 0.00016105 0.00016064 0.00015887 0.0001585 0.00015832 0.00015839 0.0001586 0.00015861 0.00015872 0.00015903 0.00015942
0.00016023 0.00016038 0.00016063 0.00016083 0.0001611 0.00016103 0.0001612 0.00016131 0.00016132 0.00016122 0.00016126 0.00016129 0.00016123 0.0001606 0.00016118 0.00016097 0.00015879 0.0001593 0.00016099 0.00016079 0.00016073 0.00016049 0.00016316 0.00016363 0.00016101 0.00016245 0.00016494 0.0001649 0.00016402 0.00016229 0.00016028 0.00015819 0.00015663 0.00015407 0.00014647 0.00014886 0.0001551 0.00016026 0.00016094 0.00015986 0.00016139 0.00016163 0.00016141 0.00016194 0.00016293 0.00016383 0.00016464 0.00016489 0.00016487 0.0001639 0.00016422 0.00016481 0.00016486 0.00016399 0.00016362 0.00016306 0.00016295 0.0001606 0.00015998 0.00015884 0.00015901 0.00015832 0.00015886 0.00015844 0.00015833 0.00015971 0.00016002 0.0001605 0.00016102 0.00016128 0.00016104 0.00016143 0.00016126 0.00016146 0.00016132 0.00016113 0.00016077 0.00016094 0.0001612 0.00016133 0.00016116 0.00015871 0.00015835 0.00015835 0.00015831 0.00015893 0.00015944 0.00016298 0.00015933 0.00015964 0.00015917 0.00015862 0.0001593 0.00015921 0.00016019 0.00015988 0.00015935 0.00015945 0.0001608 0.00016084 0.00016168 0.00016097 0.00016142 0.00016113 0.00016257 0.0001633 0.0001644 0.00016376 0.00016349 0.00016445 0.00016359 0.0001638 0.00016264 0.00016106 0.00016145 0.00016157 0.00016362 0.00016498 0.00016504 0.00016505 0.00016487 0.00016504 0.00016494 0.00016504 0.00016483 0.00016491 0.00016231 0.00016077 0.00016101 0.00016006 0.00015942 0.00015864 0.0001585 0.0001589 0.00015948 0.00016041 0.00016069 0.0001612 0.00016183 0.00016245 0.00016309 0.0001637 0.00016461 0.00016522 0.0001656 0.00016624 0.00016601 0.00016518 0.00016564 0.00016499 0.00016473 0.00016411 0.00016354 0.00016279 0.00016237 0.00016204 0.00016144 0.00016091 0.00015924 0.00016014 0.0001642 0.00016501 0.00016372 0.00016354 0.00016491 0.0001639 0.00016283 0.00016219 0.00016157 0.00016077 0.00015913 0.00015861 0.00015832 0.0001584 0.0001587 0.00015905 0.00015912 0.00015921 0.00015975 0.00016004
0.00016109 0.00016086 0.00016127 0.00016132 0.00016136 0.00016135 0.00016144 0.00016164 0.00016167 0.00016153 0.00016144 0.00016151 0.00016152 0.00016144 0.00016137 0.00016121 0.00015971 0.00015839 0.00015839 0.00015847 0.00015901 0.00015944 0.00016098 0.00016122 0.00016008 0.00016469 0.00016505 0.00016478 0.00016335 0.00016189 0.00015989 0.00015934 0.0001561 0.00015434 0.0001512 0.00015152 0.00015528 0.00016058 0.00016078 0.00016074 0.00016182 0.00016238 0.00016304 0.00016306 0.0001636 0.00016413 0.00016459 0.00016493 0.00016479 0.00016305 0.00016479 0.00016496 0.00016501 0.00016497 0.00016481 0.00016447 0.00016362 0.00016329 0.00016225 0.00015915 0.00016003 0.00015839 0.00015832 0.00015851 0.00015913 0.00015924 0.00015994 0.0001603 0.00016048 0.0001613 0.00016147 0.00016146 0.00016174 0.00016208 0.00016189 0.0001624 0.00016131 0.00016158 0.00016186 0.00016149 0.0001614 0.00016089 0.00015932 0.00016012 0.00015865 0.00015831 0.0001588 0.00015962 0.00015896 0.00015872 0.00015861 0.00015894 0.00015931 0.00015965 0.0001584 0.00015905 0.00015979 0.00016069 0.00016108 0.0001599 0.00016174 0.00016151 0.00016071 0.0001608 0.00016205 0.00016235 0.00016401 0.00016392 0.00016336 0.00016402 0.00016424 0.00016436 0.00016263 0.00016163 0.00016204 0.00016209 0.00016411 0.00016494 0.00016461 0.00016446 0.00016471 0.00016242 0.00016504 0.00016502 0.00016462 0.00016496 0.00016362 0.00016 0.00016051 0.00015942 0.00015858 0.00015844 0.00015866 0.00015943 0.00016002 0.00016066 0.00016135 0.00016215 0.0001633 0.00016408 0.00016466 0.00016543 0.00016726 0.00016645 0.00016713 0.00016752 0.00016728 0.00016685 0.00016654 0.00016593 0.00016509 0.00016465 0.00016507 0.00016347 0.00016341 0.0001629 0.00016229 0.00016173 0.00016031 0.0001588 0.00015973 0.00016185 0.00016305 0.0001633 0.00016376 0.00016484 0.0001613 0.00016124 0.00016077 0.00016011 0.00016162 0.00015999 0.00015853 0.00015902 0.00015939 0.00015853 0.00015987 0.00016001 0.00016014 0.00016082
0.00016177 0.00015969 0.00016138 0.0001614 0.00016172 0.00016162 0.00016166 0.00016183 0.0001617 0.00016177 0.00016173 0.00016181 0.00016179 0.0001617 0.00016187 0.00016172 0.00016147 0.00015994 0.00015835 0.00015966 0.0001591 0.00015917 0.00015891 0.00015936 0.00016347 0.00016497 0.00016502 0.00016449 0.00016382 0.00016087 0.00015904 0.00015733 0.00015471 0.00015228 0.00015025 0.00015091 0.0001547 0.00015986 0.00016154 0.00016197 0.00016267 0.00016331 0.00016355 0.00016382 0.0001634 0.00016407 0.00016406 0.00016359 0.00016348 0.00016398 0.00016478 0.00016504 0.00016505 0.00016503 0.00016491 0.00016409 0.00016344 0.00016305 0.00016321 0.00016282 0.00016297 0.00016284 0.00016018 0.00015846 0.00015848 0.00015989 0.00016031 0.00016049 0.0001607 0.00016127 0.00016178 0.0001626 0.00016263 0.00016264 0.00016248 0.00016307 0.00016278 0.00016285 0.00016275 0.00016188 0.00016248 0.00016232 0.00016128 0.00015998 0.00015902 0.00015837 0.00015844 0.00015888 0.00015836 0.00015867 0.00015876 0.00016 0.000159 0.00015905 0.000159 0.00015977 0.00015947 0.00016074 0.00015979 0.00015953 0.00016218 0.00016244 0.00016125 0.00016296 0.00015964 0.00016361 0.00016324 0.00016425 0.00016341 0.00016481 0.00016502 0.00016476 0.00016346 0.00016274 0.00016332 0.00016431 0.00016439 0.00016381 0.00016455 0.0001626 0.00016306 0.00016247 0.00016285 0.00016477 0.00016389 0.00016166 0.00016138 0.00015967 0.00015892 0.00015831 0.00015836 0.00015885 0.00015929 0.00015993 0.0001606 0.00016137 0.00016233 0.00016364 0.00016456 0.00016516 0.00016619 0.00016672 0.00016738 0.0001679 0.00016887 0.00016786 0.00016752 0.00016736 0.00016702 0.00016548 0.00016597 0.00016555 0.00016496 0.00016409 0.00016328 0.00016395 0.00016367 0.00016293 0.00016222 0.00016152 0.00016042 0.00015931 0.00015883 0.00015831 0.00015888 0.00016168 0.00015882 0.00015963 0.00015995 0.0001592 0.00015895 0.00015848 0.00015914 0.00015941 0.00015998 0.00016033 0.00016052 0.00016097 0.00016128 0.0001616
0.00016232 0.000162 0.000162 0.0001618 0.00016193 0.00016185 0.00016193 0.00016191 0.00016186 0.00016195 0.00016203 0.000162 0.00016196 0.00016185 0.00016206 0.00016176 0.00016197 0.00016154 0.00015964 0.00016335 0.00016025 0.00015937 0.00015999 0.00016273 0.00016505 0.00016498 0.000165 0.00016441 0.00016278 0.00015991 0.00015683 0.0001531 0.00014937 0.00014754 0.00014631 0.00014587 0.00014868 0.00015294 0.0001596 0.00016274 0.00016355 0.00016382 0.00016403 0.00016393 0.00016102 0.00016206 0.0001644 0.00016479 0.00016415 0.00016377 0.00016477 0.00016458 0.00016415 0.0001646 0.00016504 0.00016413 0.00016328 0.00016264 0.00016251 0.00016225 0.0001621 0.00016237 0.00016034 0.00015843 0.00015957 0.00016009 0.00016044 0.00016047 0.00016094 0.00016142 0.00016167 0.00016287 0.00016251 0.00016315 0.00016331 0.00016383 0.00016372 0.00016422 0.00016366 0.00016315 0.00016295 0.0001626 0.00016268 0.00015997 0.00015931 0.00015854 0.00015839 0.00015831 0.0001584 0.00015833 0.00015947 0.00015927 0.00015912 0.00015849 0.00015831 0.00015994 0.00015957 0.00016021 0.00015955 0.00016032 0.00016033 0.00016069 0.00016092 0.00016134 0.00016157 0.00016307 0.00016385 0.00016119 0.00016399 0.00016499 0.00016318 0.00016488 0.00016477 0.00016493 0.00016502 0.00016505 0.00016482 0.00016442 0.00016403 0.00016157 0.00016131 0.00016174 0.00015907 0.00015984 0.00016053 0.00015916 0.00015918 0.00015886 0.00015836 0.00015835 0.00015872 0.00015933 0.00015971 0.00016046 0.00016104 0.00016216 0.00016316 0.00016452 0.00016561 0.00016652 0.0001669 0.00016744 0.00016858 0.00016923 0.00016962 0.0001694 0.00016868 0.00016853 0.00016748 0.00016729 0.00016654 0.00016476 0.00016563 0.00016478 0.00016459 0.00016444 0.00016398 0.00016341 0.00016334 0.00016271 0.00016227 0.00016134 0.000161 0.0001607 0.00015985 0.0001594 0.00015861 0.00015838 0.0001587 0.00015857 0.00015854 0.00015836 0.0001584 0.00015984 0.00016021 0.00016055 0.00016102 0.00016175 0.00016222 0.00016242
0.0001629 0.00016222 0.00016228 0.00016187 0.00016224 0.00016209 0.00016222 0.00016218 0.00016202 0.00016207 0.00016214 0.00016217 0.00016213 0.00016196 0.00016181 0.0001617 0.00016156 0.00016123 0.00016104 0.0001599 0.00016002 0.00016055 0.00016203 0.00016367 0.00016492 0.00016493 0.00016502 0.00016449 0.00016307 0.00015827 0.00015171 0.00014671 0.00014184 0.00013893 0.00013887 0.0001412 0.00014365 0.00014442 0.00015091 0.00015886 0.00016322 0.00016437 0.00016448 0.00016439 0.0001641 0.00016356 0.00016404 0.00016446 0.00016475 0.00016505 0.0001641 0.00016362 0.00016305 0.00016227 0.00016448 0.00016493 0.00016347 0.00016285 0.00016263 0.00016273 0.00016223 0.00016258 0.00015917 0.00015862 0.00015954 0.00016007 0.00016044 0.00016074 0.00016102 0.00016179 0.00016203 0.00016267 0.00016297 0.00016379 0.00016399 0.00016464 0.00016522 0.00016503 0.00016493 0.00016422 0.00016443 0.00016407 0.00016353 0.00016323 0.00016201 0.00016125 0.00016096 0.0001602 0.00015906 0.00016023 0.00015839 0.00015865 0.00015922 0.00015936 0.00015875 0.00015928 0.00015894 0.00015846 0.00015991 0.00015877 0.0001596 0.00015884 0.00016018 0.0001585 0.00015964 0.00015982 0.00016181 0.00016281 0.00016353 0.00016458 0.00016487 0.00016499 0.000165 0.00016503 0.00016504 0.00016504 0.00016501 0.00016365 0.00015893 0.00015989 0.00016064 0.00016169 0.00016071 0.00016135 0.00015919 0.00015879 0.00015861 0.00015851 0.0001584 0.00015863 0.00015916 0.00015989 0.00016037 0.00016086 0.00016211 0.00016316 0.0001638 0.00016522 0.00016614 0.00016752 0.00016811 0.00016909 0.00016992 0.00017007 0.00017031 0.00017048 0.00017011 0.00016929 0.00016906 0.00016811 0.00016765 0.00016716 0.00016676 0.00016585 0.00016655 0.00016624 0.00016512 0.00016406 0.00016408 0.00016318 0.00016238 0.00016197 0.00016094 0.00016056 0.00015973 0.00015947 0.00015882 0.0001584 0.00015831 0.00015831 0.00015834 0.00015847 0.00015835 0.00016032 0.0001605 0.0001609 0.00016179 0.00016196 0.00016243 0.00016255
0.00016265 0.00016249 0.00016258 0.00016229 0.00016083 0.00016235 0.00016238 0.00016142 0.0001623 0.00016224 0.0001621 0.00016213 0.00016186 0.00016184 0.0001617 0.00016153 0.00016149 0.00016163 0.00016084 0.00015918 0.00016163 0.00016238 0.00016101 0.00016333 0.00016346 0.00016482 0.00016504 0.00016485 0.00016232 0.00015457 0.00014598 0.00013864 0.00013418 0.00013359 0.00013154 0.00013301 0.00014067 0.00014213 0.00014502 0.00015315 0.0001615 0.00016446 0.00016476 0.00016467 0.00016398 0.00016424 0.00016367 0.0001597 0.0001643 0.00016445 0.00016439 0.00016391 0.00016235 0.00016091 0.00016267 0.00016487 0.00016455 0.00016372 0.0001631 0.0001632 0.00016119 0.00016093 0.00016065 0.00015835 0.00015963 0.00016033 0.00016053 0.00016073 0.00016139 0.00016196 0.00016271 0.00016338 0.00016351 0.00016454 0.00016512 0.00016548 0.00016575 0.00016602 0.00016603 0.0001666 0.00016503 0.00016502 0.00016476 0.00016445 0.00016366 0.00016154 0.00016219 0.00016116 0.00015968 0.00015947 0.00015892 0.00015831 0.00015831 0.00015833 0.00015838 0.00015884 0.00015931 0.00015951 0.0001584 0.00015876 0.00015854 0.0001596 0.00015856 0.00016024 0.00015832 0.00016077 0.00016142 0.00016172 0.00016255 0.00016242 0.0001638 0.00016487 0.00016117 0.00016504 0.00016502 0.00016437 0.00016483 0.00016423 0.00015927 0.00015911 0.00015901 0.00015908 0.00015895 0.00015861 0.00015853 0.0001584 0.00015832 0.0001584 0.00015856 0.00015909 0.00015965 0.00016038 0.00016062 0.0001618 0.00016259 0.00016379 0.00016466 0.00016548 0.00016704 0.00016737 0.00016964 0.00017051 0.00017082 0.00017084 0.00017082 0.00017097 0.00017039 0.00017022 0.00016959 0.00017002 0.00016874 0.00016845 0.00016753 0.00016732 0.00016697 0.00016666 0.00016613 0.00016466 0.00016325 0.00016353 0.00016261 0.00016209 0.00016131 0.00016055 0.00015974 0.0001597 0.00015918 0.00015883 0.00015866 0.00015847 0.00015837 0.00015844 0.0001609 0.00016053 0.00016076 0.0001609 0.00016176 0.00016236 0.00016263 0.00016244
0.0001626 0.00016268 0.0001628 0.0001627 0.00016256 0.00016245 0.00016225 0.00016239 0.00016226 0.00016218 0.00016217 0.00016221 0.00016199 0.00016211 0.00016165 0.00016175 0.00016146 0.00016055 0.00016011 0.00015913 0.00015831 0.00015879 0.00016014 0.00016133 0.0001629 0.00016413 0.00016473 0.00016494 0.00016194 0.00015308 0.0001434 0.0001376 0.00013559 0.00013509 0.00013066 0.00013295 0.00013952 0.00014321 0.0001471 0.00015537 0.00016237 0.00016465 0.0001648 0.00016472 0.0001627 0.00016446 0.00016393 0.00016246 0.00016373 0.00016331 0.00016336 0.00016271 0.00016266 0.00016327 0.00016412 0.00016464 0.00016498 0.00016384 0.00016375 0.00016396 0.00016249 0.00016081 0.0001607 0.00015853 0.0001591 0.00016066 0.00016098 0.00016068 0.00016167 0.00016239 0.00016294 0.0001639 0.00016443 0.00016509 0.00016585 0.00016644 0.00016673 0.00016691 0.00016694 0.00016682 0.00016659 0.00016639 0.00016583 0.00016686 0.00016663 0.0001644 0.00016317 0.00016279 0.00016145 0.00016159 0.00015948 0.00016109 0.00015981 0.00015889 0.00015909 0.00015831 0.00015849 0.0001585 0.00015899 0.00015834 0.00016011 0.00016013 0.00015986 0.00015923 0.00015844 0.00016178 0.00016244 0.00016051 0.00016028 0.00016123 0.0001624 0.00016136 0.00015831 0.00015919 0.00016299 0.00016175 0.00015864 0.00016276 0.00015878 0.0001591 0.00015887 0.00015891 0.00015833 0.00015831 0.00015835 0.00015831 0.00015845 0.00015851 0.00015908 0.00015981 0.00016018 0.00016045 0.00016116 0.00016197 0.00016349 0.00016447 0.00016564 0.00016626 0.00016825 0.00016914 0.0001698 0.00017101 0.00017117 0.00017112 0.00017104 0.00017076 0.00017092 0.00017067 0.0001704 0.00016973 0.00016925 0.0001694 0.00016926 0.00016847 0.0001677 0.0001669 0.00016621 0.00016569 0.00016476 0.00016389 0.0001629 0.00016193 0.00016141 0.00016073 0.00015993 0.00015992 0.00015966 0.00015933 0.00015929 0.00015877 0.00015882 0.00015834 0.0001588 0.00016 0.00016068 0.00016131 0.00016151 0.00016229 0.00016231 0.00016271
0.00016259 0.0001629 0.00016291 0.00016273 0.0001626 0.00016255 0.00016243 0.00016234 0.00016229 0.00016234 0.0001622 0.0001625 0.00016226 0.00016229 0.00016181 0.00016165 0.00016113 0.00016049 0.00015943 0.00015847 0.00015836 0.00015884 0.00015982 0.0001609 0.0001621 0.00016313 0.00016428 0.00016493 0.00016424 0.00015911 0.0001504 0.00014308 0.00013969 0.00013862 0.00013791 0.00013879 0.00014264 0.00014524 0.00015724 0.0001634 0.00016496 0.00016505 0.00016497 0.00016492 0.00016495 0.00016375 0.00016455 0.00016194 0.0001635 0.00016362 0.0001632 0.00016375 0.00016083 0.00016342 0.00016496 0.00016478 0.00016501 0.00016449 0.00016356 0.00016192 0.0001621 0.00016179 0.00016066 0.0001585 0.00015906 0.00016089 0.00016163 0.00016188 0.00016234 0.00016298 0.00016406 0.00016465 0.0001658 0.00016621 0.00016838 0.0001669 0.00016754 0.00016715 0.00016764 0.00016767 0.00016738 0.00016726 0.00016636 0.0001665 0.00016677 0.0001652 0.00016472 0.00016325 0.00016285 0.000163 0.00016229 0.00016181 0.00016171 0.00016096 0.00015995 0.00015874 0.00015843 0.00015831 0.00015921 0.0001597 0.00016049 0.00016003 0.00015839 0.0001596 0.00015838 0.00015944 0.00015885 0.00015935 0.00016175 0.00016222 0.00016304 0.0001586 0.00016224 0.00016349 0.0001584 0.00015835 0.00015858 0.00015893 0.00015878 0.00015844 0.00015838 0.00015837 0.0001586 0.00015927 0.00015852 0.00015851 0.00015861 0.00015933 0.00015991 0.00016019 0.00015999 0.0001611 0.00016124 0.00016238 0.00016363 0.00016518 0.00016617 0.00016646 0.00016818 0.00016943 0.00017043 0.00017099 0.00017071 0.00016981 0.00017111 0.00017072 0.00017044 0.00016988 0.00017085 0.00016904 0.0001693 0.0001691 0.0001686 0.00016828 0.00016833 0.00016742 0.00016656 0.00016619 0.00016432 0.00016387 0.00016284 0.0001619 0.00016092 0.00016063 0.00016028 0.00016 0.00015959 0.00015975 0.00015967 0.00015899 0.00015838 0.00015835 0.00015945 0.00015971 0.00016116 0.00016121 0.00016207 0.00016225 0.0001626 0.00016294
0.00016315 0.00016314 0.00016289 0.0001629 0.00016284 0.00016269 0.00016258 0.00016237 0.00016229 0.00016247 0.00016245 0.00016219 0.00016214 0.00016193 0.00016182 0.00016126 0.00016055 0.00015975 0.00015887 0.00015838 0.00015843 0.00015893 0.00015969 0.00016039 0.000161 0.0001618 0.00016281 0.00016398 0.000165 0.00016401 0.0001615 0.00015887 0.0001579 0.00014756 0.00014292 0.00014173 0.00014615 0.00015577 0.00016173 0.00016465 0.00016505 0.00016495 0.00016496 0.00016484 0.00016457 0.00016416 0.00016395 0.00016464 0.00016461 0.00016305 0.00016085 0.00016307 0.00016495 0.00016487 0.00016489 0.00016504 0.0001635 0.00016421 0.00016354 0.00016153 0.0001607 0.00015933 0.00015864 0.00015832 0.00015917 0.00016124 0.00016155 0.00016248 0.00016315 0.00016394 0.00016445 0.00016581 0.00016638 0.0001671 0.00016705 0.00016816 0.0001681 0.00016815 0.00016881 0.0001688 0.00016776 0.00016807 0.00016767 0.00016742 0.00016689 0.00016641 0.00016505 0.00016544 0.00016474 0.00016349 0.00016325 0.00016379 0.00016244 0.00016178 0.00016159 0.00016119 0.00015966 0.00015901 0.00016037 0.00016026 0.0001589 0.00015839 0.00015833 0.00015981 0.00015844 0.00015948 0.00015965 0.00015973 0.00015832 0.00015878 0.00016045 0.00015838 0.00015883 0.00015926 0.00015834 0.0001587 0.00015927 0.00015838 0.00015834 0.00015831 0.00015831 0.00015846 0.00015866 0.00015907 0.00015908 0.00015934 0.00015947 0.00015956 0.00016016 0.00016046 0.00016088 0.00016102 0.00016222 0.00016283 0.0001647 0.00016573 0.00016679 0.00016792 0.00016843 0.00016947 0.00017027 0.0001711 0.00017106 0.00017113 0.00017095 0.00017025 0.00017053 0.0001706 0.00017037 0.00017018 0.00016948 0.00016985 0.00016942 0.00016789 0.00016838 0.00016806 0.00016708 0.00016578 0.00016391 0.00016318 0.00016266 0.00016142 0.0001608 0.00016053 0.00016044 0.00016025 0.00016019 0.00016016 0.00016009 0.00015979 0.00015934 0.00015855 0.00015858 0.00016024 0.00016032 0.00016068 0.00016166 0.00016269 0.00016273 0.00016311
0.00016314 0.00016307 0.00016305 0.00016275 0.0001627 0.00016268 0.00016252 0.00016257 0.00016222 0.00016268 0.00016253 0.0001623 0.00016227 0.00016185 0.00016125 0.00016102 0.00015999 0.00015938 0.00015874 0.00015836 0.00015843 0.0001587 0.00015912 0.00015949 0.00016002 0.00016063 0.00016152 0.00016204 0.00016308 0.00016423 0.00016489 0.00016501 0.00016501 0.00016503 0.00016304 0.00016206 0.00016444 0.00016497 0.00016502 0.00016504 0.000165 0.0001649 0.00016493 0.00016483 0.00016442 0.00016386 0.00016383 0.00016399 0.00016459 0.00016325 0.00016476 0.00016501 0.00016341 0.0001646 0.00016426 0.00016196 0.00016326 0.00015931 0.00016335 0.00016185 0.00016024 0.00015886 0.00015832 0.00015926 0.00016067 0.00016171 0.00016238 0.00016287 0.00016425 0.0001646 0.00016576 0.00016651 0.0001669 0.00016753 0.00016782 0.00016767 0.00016708 0.00016611 0.00016883 0.00016891 0.00016856 0.0001689 0.00016826 0.00016809 0.00016745 0.00016713 0.00016693 0.0001665 0.00016582 0.00016516 0.00016452 0.00016424 0.00016395 0.00016343 0.00016215 0.00016236 0.00016148 0.00016096 0.00016097 0.00016113 0.00016061 0.00016023 0.00016116 0.00016004 0.00015905 0.00015985 0.0001587 0.00015882 0.0001595 0.00015841 0.00015839 0.00015835 0.00015836 0.00015855 0.00015862 0.00015895 0.00015833 0.00015832 0.00015837 0.00015863 0.00015866 0.00015887 0.0001594 0.00015905 0.0001597 0.00015976 0.0001598 0.00015996 0.00016043 0.00016067 0.00016153 0.00016184 0.00016272 0.00016349 0.00016714 0.00016742 0.0001669 0.00016762 0.00016855 0.00016932 0.00017017 0.00017098 0.00017101 0.00017069 0.00017075 0.00017053 0.00017033 0.0001703 0.00016964 0.00017037 0.00017007 0.00016983 0.00016899 0.00016891 0.00016885 0.00016764 0.00016646 0.00016522 0.00016433 0.00016057 0.00016124 0.0001622 0.00016127 0.00016112 0.00016086 0.00016064 0.00016067 0.00016038 0.00016045 0.00016032 0.00016013 0.00015954 0.00015979 0.00016007 0.00016047 0.00016142 0.00016166 0.0001624 0.00016268 0.00016316
0.00016323 0.00016308 0.00016305 0.00016279 0.00016296 0.00016291 0.00016279 0.00016275 0.00016254 0.00016254 0.00016265 0.00016226 0.00016214 0.00016152 0.00016094 0.00016039 0.00015962 0.00015919 0.00015874 0.00015839 0.00015832 0.0001584 0.00015863 0.00015897 0.00015962 0.00016009 0.00016041 0.00016087 0.00016124 0.00016178 0.00016229 0.00016279 0.00016319 0.00016353 0.00016398 0.00016382 0.00016368 0.0001638 0.00016454 0.00016485 0.00016489 0.00016464 0.0001647 0.00016501 0.00016484 0.00016445 0.00016436 0.00016434 0.00016214 0.0001649 0.00015868 0.00015831 0.00015844 0.00015859 0.00015872 0.0001618 0.00016154 0.00016143 0.00015883 0.00016111 0.00015888 0.00015831 0.00015911 0.00016039 0.00016083 0.00016244 0.00016337 0.00016435 0.00016459 0.00016605 0.00016618 0.00016684 0.00016755 0.00016774 0.00016797 0.00016809 0.00016843 0.00016907 0.00016942 0.00016935 0.00016938 0.00016892 0.00016882 0.00016847 0.00016828 0.00016779 0.0001677 0.00016672 0.00016641 0.00016603 0.00016555 0.00016487 0.00016391 0.00016342 0.00016295 0.000163 0.00016225 0.00016237 0.00016232 0.000162 0.00016081 0.00016148 0.00016014 0.00016045 0.00017468 0.00016216 0.00015899 0.00016011 0.00015968 0.00015881 0.00015855 0.00015879 0.00015863 0.00015855 0.00015833 0.00015885 0.0001587 0.00015888 0.00015909 0.00015896 0.00015902 0.00015922 0.00015966 0.00015961 0.00015961 0.00015991 0.0001598 0.0001602 0.0001605 0.00016102 0.0001618 0.0001625 0.00016335 0.00016434 0.00016649 0.0001671 0.00016677 0.00016792 0.00016798 0.00016916 0.00016979 0.00017028 0.00017068 0.00017066 0.00017038 0.00017047 0.00017029 0.00017025 0.00016985 0.00016909 0.00017012 0.00016938 0.00016856 0.00016801 0.00016799 0.0001666 0.00016589 0.00016471 0.00016428 0.00016078 0.00016024 0.00016243 0.00016167 0.00016146 0.00016139 0.00016116 0.00016122 0.00016102 0.00016063 0.00016084 0.00016053 0.00016061 0.00015897 0.00015971 0.0001618 0.00016162 0.00016161 0.00016276 0.00016349 0.0001629
0.00016321 0.00016324 0.00016301 0.00016302 0.00016309 0.00016314 0.00016265 0.00016256 0.00016269 0.00016258 0.00016233 0.00016191 0.00016158 0.00016117 0.00016063 0.00016004 0.00015942 0.00015888 0.0001586 0.00015838 0.00015839 0.00015835 0.00015852 0.00015889 0.00015908 0.00015944 0.00015981 0.00016014 0.00016052 0.00016076 0.0001612 0.0001617 0.00016224 0.00016252 0.00016249 0.00016241 0.0001629 0.00016314 0.00016388 0.00016439 0.00016458 0.00016452 0.0001644 0.00016422 0.00016448 0.00016385 0.00016279 0.00016124 0.00015891 0.00015843 0.00015831 0.00015844 0.00015882 0.00015911 0.00015918 0.00015832 0.00016023 0.00016083 0.00015977 0.00015834 0.00015842 0.00015934 0.00016034 0.00016213 0.00016227 0.00016318 0.00016395 0.00016499 0.00016584 0.00016644 0.00016736 0.00016804 0.00016848 0.00016853 0.00016894 0.00016915 0.00016926 0.00016864 0.00017056 0.00017105 0.00016949 0.00016936 0.00016965 0.00016774 0.00016885 0.00016831 0.00016743 0.00016717 0.00016746 0.00016666 0.00016641 0.00016585 0.00016514 0.00016452 0.00016403 0.00016363 0.00016317 0.00016216 0.00016306 0.00016232 0.00016221 0.00016212 0.00016019 0.00017014 0.00017489 0.0001613 0.00015846 0.0001601 0.00015985 0.00015937 0.00015937 0.00015928 0.00015924 0.00015937 0.00015972 0.00015927 0.00015942 0.00015933 0.00015959 0.00015969 0.0001596 0.00015982 0.00015965 0.00015972 0.00015993 0.00015997 0.00015983 0.00016031 0.00016062 0.00016101 0.00016154 0.00016247 0.00016351 0.00016434 0.00016546 0.00016564 0.00016702 0.00016749 0.0001685 0.00016902 0.00016955 0.00016996 0.00017063 0.00017044 0.0001706 0.00017049 0.00016994 0.00017033 0.00017016 0.0001697 0.00016947 0.00016871 0.00016862 0.00016732 0.00016589 0.0001662 0.0001655 0.00016469 0.00016414 0.0001637 0.00016301 0.00016265 0.00016228 0.00016182 0.00016169 0.00016171 0.00016134 0.00016146 0.00016111 0.00016101 0.00016089 0.00016101 0.00016059 0.00016159 0.00016168 0.00016126 0.00016177 0.00016278 0.00016346 0.00016343
0.00016314 0.000163 0.0001633 0.00016333 0.00016324 0.00016311 0.00016289 0.00016262 0.00016246 0.00016198 0.00016213 0.00016184 0.00016128 0.00016083 0.00016024 0.00015951 0.00015875 0.00015881 0.00015866 0.00015844 0.00015833 0.00015831 0.00015838 0.00015851 0.00015873 0.00015895 0.00015927 0.00015965 0.00015984 0.00016025 0.00016057 0.00016075 0.00016119 0.00016138 0.0001613 0.00016141 0.00016148 0.00016209 0.00016295 0.00016355 0.00016392 0.00016397 0.00016376 0.00016349 0.00016271 0.00016156 0.00016077 0.00015964 0.00015875 0.00015832 0.00015844 0.0001587 0.00015898 0.00015933 0.00015962 0.00015992 0.00015834 0.00015837 0.00015862 0.00015923 0.00016142 0.00016206 0.00016269 0.00016307 0.00016367 0.00016445 0.00016567 0.00016631 0.00016698 0.00016736 0.00016853 0.00016893 0.0001691 0.00016933 0.00016971 0.00017011 0.00017017 0.0001699 0.00017044 0.00017014 0.00016963 0.00017004 0.00016963 0.0001699 0.00016924 0.00017005 0.00016954 0.00016824 0.000168 0.00016698 0.00016704 0.0001665 0.00016573 0.00016541 0.00016455 0.00016397 0.00016413 0.00016533 0.00016329 0.00016314 0.00016223 0.00016221 0.00016157 0.00016098 0.0001597 0.00015978 0.00015969 0.0001606 0.00016009 0.00016033 0.00016002 0.00016002 0.00015972 0.00015999 0.00015995 0.00015984 0.00016014 0.00016042 0.00015999 0.0001603 0.00016005 0.00015992 0.0001596 0.00015981 0.00015996 0.00015979 0.00015978 0.00016027 0.00016054 0.00016082 0.00016172 0.00016255 0.00016329 0.00016404 0.000164 0.00016514 0.0001659 0.00016692 0.00016711 0.00016772 0.00016793 0.00016859 0.00016869 0.00016936 0.00016957 0.00016966 0.00016923 0.00016931 0.00016847 0.00016849 0.00016856 0.00016846 0.00016725 0.00016625 0.00016581 0.00016507 0.00016536 0.00016462 0.00016416 0.00016364 0.00016319 0.0001627 0.00016238 0.00016219 0.00016204 0.00016183 0.00016194 0.00016179 0.00016074 0.00016112 0.00016088 0.00016137 0.00016125 0.00016126 0.00016151 0.00016222 0.00016293 0.00016298 0.0001634 0.0001635
0.00016372 0.0001636 0.00016323 0.0001628 0.00016296 0.0001623 0.00016249 0.00016262 0.00016236 0.00016213 0.00016202 0.00016152 0.00016126 0.00016069 0.00016049 0.00015961 0.00016701 0.00015858 0.00015876 0.00015862 0.00015846 0.00015834 0.00015831 0.00015831 0.00015843 0.00015861 0.00015882 0.00015916 0.00015947 0.00015968 0.00015992 0.00015998 0.00016024 0.00016016 0.0001603 0.00016022 0.00016058 0.00016085 0.00016123 0.00016181 0.00016246 0.00016248 0.00016283 0.00016258 0.00016194 0.0001608 0.00015965 0.00015833 0.00015835 0.00015868 0.0001589 0.000159 0.00015982 0.00015953 0.00015998 0.00016055 0.00016105 0.00016131 0.00016228 0.0001629 0.00016345 0.00016398 0.00016503 0.00016546 0.00016619 0.00016684 0.00016708 0.00016771 0.00016806 0.00016862 0.00016938 0.00016972 0.00016986 0.0001703 0.00017056 0.00017024 0.00017045 0.00017049 0.00017077 0.00017132 0.00016999 0.00017017 0.0001704 0.00016998 0.00017059 0.00016971 0.00016879 0.00016867 0.00016783 0.00016784 0.00016747 0.00016722 0.00016653 0.00016588 0.00016481 0.00016466 0.00016454 0.0001644 0.00016396 0.00016344 0.00016313 0.00016273 0.00016209 0.00016209 0.00016186 0.00016127 0.00016092 0.00016094 0.00016097 0.00016067 0.00016067 0.00016067 0.00016042 0.00016076 0.00016045 0.00016082 0.00016121 0.00016107 0.00016102 0.00016083 0.00016029 0.00016016 0.00015995 0.00015986 0.00015964 0.00015972 0.00016028 0.00016063 0.00016067 0.00016091 0.0001616 0.00016235 0.00016292 0.00016308 0.00016384 0.00016469 0.00016532 0.00016594 0.00016604 0.00016645 0.0001668 0.00016723 0.00016739 0.00016794 0.00016815 0.00016781 0.00016795 0.00016796 0.00016654 0.00016671 0.00016726 0.00016655 0.0001664 0.00016552 0.00016504 0.00016543 0.00016423 0.00016471 0.00016438 0.00016321 0.00016282 0.00016271 0.00016254 0.00016256 0.00016208 0.00016212 0.00016189 0.00016149 0.0001613 0.00016156 0.00016163 0.00016091 0.00016114 0.0001611 0.00016187 0.00016247 0.00016299 0.00016347 0.00016381 0.00016399
0.00016372 0.0001637 0.0001635 0.00016326 0.00016341 0.00016287 0.00016249 0.00016231 0.00016226 0.00016229 0.00016172 0.00016134 0.00016134 0.00016077 0.00016041 0.00016022 0.00015897 0.00015913 0.00015884 0.00015881 0.00015864 0.00015852 0.00015839 0.00015832 0.00015831 0.00015834 0.00015846 0.00015866 0.00015865 0.00015891 0.00015901 0.00015917 0.00015928 0.00015923 0.00015933 0.00015932 0.00015942 0.0001596 0.00015978 0.00016052 0.00016076 0.00016115 0.00016131 0.00016118 0.00016061 0.00015957 0.00015873 0.00015836 0.00015846 0.0001587 0.000159 0.00015924 0.0001595 0.00015991 0.00016049 0.0001611 0.00016176 0.00016259 0.00016336 0.00016407 0.00016548 0.00016595 0.00016637 0.00016672 0.0001673 0.00016752 0.00016809 0.0001686 0.00016893 0.00016963 0.00016974 0.00017276 0.00017077 0.00017081 0.00017091 0.00017122 0.00017113 0.00017082 0.00017091 0.0001708 0.00017062 0.00017139 0.00017009 0.00017022 0.00016679 0.00017496 0.00016914 0.00016874 0.00016855 0.00016796 0.00016804 0.00016712 0.00016669 0.00016631 0.00016605 0.00016528 0.00016522 0.00016458 0.00016424 0.00016334 0.00016337 0.00016309 0.00016236 0.00016176 0.00016149 0.00016155 0.00016147 0.00016107 0.0001616 0.00016132 0.00016112 0.00016142 0.00016175 0.00016168 0.00016166 0.00016183 0.00016207 0.00016177 0.00016142 0.00016076 0.00016051 0.00016056 0.00016038 0.00016011 0.00016012 0.00016023 0.00016007 0.00016038 0.00016071 0.00016087 0.00016155 0.00016181 0.0001625 0.00016252 0.0001629 0.0001635 0.00016447 0.00016482 0.00016505 0.00016478 0.00016577 0.00016547 0.00016619 0.00016681 0.00016686 0.00016658 0.00016641 0.00016659 0.00016637 0.00016586 0.00016622 0.00016588 0.00016597 0.00016585 0.00016499 0.00016524 0.00016459 0.0001648 0.0001645 0.00016369 0.00016323 0.00016331 0.00016275 0.00016256 0.00016239 0.00016201 0.00016198 0.00016177 0.00016122 0.00016167 0.00016158 0.0001613 0.00016216 0.00016177 0.00016185 0.00016253 0.00016323 0.00016322 0.00016351 0.00016362
0.00016344 0.00016361 0.00016351 0.00016289 0.00016331 0.00016319 0.00016217 0.00016277 0.00016273 0.00016274 0.00016238 0.000162 0.00016156 0.00016126 0.00016073 0.00016015 0.00016025 0.00015978 0.00015952 0.00015925 0.00015904 0.00015881 0.00015857 0.00015844 0.00015844 0.00015839 0.00015835 0.00015831 0.00015831 0.00015834 0.00015836 0.00015846 0.00015853 0.00015849 0.00015839 0.00015849 0.00015851 0.0001585 0.00015875 0.00015911 0.00015931 0.00015947 0.00015946 0.00015895 0.00015871 0.00015835 0.00015832 0.00015844 0.00015877 0.00015905 0.00015934 0.00015988 0.00016013 0.00016059 0.00016125 0.00016176 0.00016253 0.00016334 0.00016417 0.00016537 0.0001668 0.00016605 0.00016785 0.00016822 0.00016834 0.00016872 0.00016932 0.0001697 0.00016989 0.00016987 0.00017055 0.00017049 0.00017076 0.00017127 0.00017138 0.00017141 0.0001711 0.00017164 0.00017193 0.00017166 0.00017102 0.00017086 0.00017093 0.00017046 0.00017028 0.00017011 0.00016982 0.00016962 0.00016914 0.00016817 0.00016746 0.00016769 0.00016688 0.00016682 0.00016548 0.00016584 0.00016567 0.00016517 0.00016423 0.00016399 0.0001635 0.0001633 0.00016315 0.00016286 0.00016285 0.00016257 0.00016185 0.00016187 0.00016199 0.00016216 0.00016251 0.00016264 0.00016259 0.0001626 0.00016214 0.0001625 0.00016245 0.00016246 0.00016164 0.00016132 0.00016118 0.00016094 0.00016043 0.00016053 0.00016024 0.00016029 0.00016013 0.00016039 0.00016067 0.00016077 0.00016125 0.00016118 0.00016209 0.00016282 0.00016258 0.00016201 0.00016314 0.00016345 0.00016331 0.00016419 0.00016474 0.00016391 0.00016474 0.00016528 0.00016519 0.00016479 0.00016519 0.00016508 0.00016512 0.00016512 0.00016506 0.00016526 0.00016517 0.00016481 0.00016475 0.000165 0.0001648 0.00016425 0.00016424 0.00016375 0.00016393 0.0001633 0.00016306 0.00016264 0.00016242 0.00016211 0.0001614 0.00016147 0.00016134 0.00016162 0.00016182 0.00016189 0.00016218 0.00016213 0.00016234 0.00016259 0.00016303 0.00016358 0.00016285 0.00016334
0.00016333 0.00016339 0.00016332 0.0001634 0.00016327 0.00016354 0.00016304 0.00016277 0.00016299 0.00016237 0.00016212 0.00016217 0.00016186 0.00016143 0.00016102 0.00016075 0.00016044 0.00016018 0.00015994 0.00015958 0.0001593 0.00015923 0.00015905 0.00015892 0.00015875 0.0001587 0.00015858 0.00015851 0.00015846 0.00015845 0.00015844 0.00015839 0.00015842 0.00015842 0.00015838 0.00015836 0.00015834 0.00015836 0.00015833 0.00015869 0.00015831 0.00015831 0.00015831 0.00015832 0.00015834 0.00015841 0.00015852 0.00015876 0.00015922 0.00015959 0.00015977 0.00016063 0.00016127 0.00016179 0.00016234 0.00016314 0.00016384 0.00016457 0.00016534 0.00016593 0.00016708 0.00016818 0.00016865 0.00016904 0.0001696 0.00017238 0.00016912 0.00017051 0.00017071 0.00017076 0.00017136 0.00017059 0.00017116 0.00017204 0.00017241 0.00017222 0.00017199 0.0001721 0.00017147 0.00017171 0.00017133 0.00017134 0.000171 0.0001711 0.00017059 0.00017037 0.00016979 0.00016944 0.00016887 0.00016839 0.00016781 0.00016752 0.00016732 0.00016672 0.00016667 0.00016658 0.00016558 0.0001651 0.00016497 0.00016431 0.00016411 0.00016376 0.00016327 0.0001632 0.00016307 0.00016318 0.0001625 0.00016287 0.00016278 0.00016312 0.00016301 0.0001631 0.00016323 0.00016318 0.0001627 0.00016304 0.0001627 0.00016266 0.00016242 0.0001616 0.00016193 0.00016177 0.00016032 0.00016086 0.00016069 0.00016051 0.00016023 0.0001601 0.0001603 0.00016067 0.00016068 0.00016088 0.00016116 0.00015964 0.00016124 0.00016208 0.00016226 0.00016211 0.00016287 0.00016327 0.00016355 0.00016265 0.00016386 0.00016409 0.00016412 0.00016343 0.0001639 0.0001638 0.00016414 0.00016436 0.00016412 0.00016441 0.00016413 0.00016384 0.00016423 0.0001643 0.00016397 0.00016384 0.00016392 0.00016355 0.00016331 0.00016345 0.00016302 0.00016287 0.00016267 0.00016175 0.00016225 0.00016207 0.00016163 0.0001619 0.00016172 0.00016212 0.00016231 0.00016223 0.00016269 0.00016276 0.00016258 0.00016319 0.0001631 0.00016275
0.0001638 0.00016316 0.00016315 0.00016757 0.00016333 0.00016353 0.00016355 0.00016341 0.00016324 0.0001631 0.00016285 0.00016233 0.00016227 0.00016181 0.00016165 0.0001615 0.00016116 0.00016095 0.0001604 0.00015992 0.00015928 0.00015983 0.00015966 0.0001595 0.00015939 0.00015933 0.00015915 0.00015919 0.00015917 0.00015903 0.000159 0.00015889 0.00015885 0.00015877 0.00015869 0.00015863 0.00015861 0.00015865 0.00015863 0.0001586 0.00015858 0.00015865 0.00015866 0.00015876 0.00015894 0.00015908 0.00015933 0.00015948 0.00016 0.00016047 0.00016124 0.0001618 0.00016248 0.00016327 0.00016421 0.00016469 0.00016532 0.000166 0.00016687 0.00016712 0.00016783 0.00016871 0.00016951 0.00017023 0.0001702 0.00017039 0.00017133 0.00017118 0.00017108 0.00017105 0.0001715 0.0001712 0.00017168 0.00017165 0.00017185 0.00017221 0.00017191 0.00017144 0.00017135 0.00017159 0.00017143 0.00017133 0.00017072 0.00017033 0.00017005 0.00016856 0.00016889 0.00016861 0.0001685 0.00016823 0.00016805 0.00016748 0.0001668 0.00016652 0.0001668 0.00016526 0.00016504 0.00016514 0.00016487 0.00016449 0.00016439 0.00016399 0.00016364 0.00016364 0.00016369 0.00016353 0.00016346 0.00016351 0.00016343 0.00016328 0.00016357 0.00016342 0.00016372 0.0001634 0.00016327 0.0001631 0.00016302 0.00016259 0.00016295 0.00016254 0.00016215 0.00016199 0.00016193 0.00016148 0.00016119 0.00016097 0.00016059 0.00016047 0.00016036 0.00016036 0.00016041 0.00016067 0.00016088 0.00016091 0.00016121 0.00016165 0.00016187 0.00016185 0.0001623 0.00016165 0.00016268 0.00016185 0.00016278 0.00016314 0.00016259 0.00016326 0.00016319 0.00016324 0.00016344 0.00016347 0.00016331 0.00016338 0.00016385 0.00016385 0.00016381 0.00016362 0.00016367 0.0001634 0.00016361 0.00016368 0.00016347 0.00016321 0.00016334 0.00016316 0.0001625 0.00016276 0.00016275 0.00016281 0.00016184 0.00016216 0.00016226 0.00016241 0.00016201 0.00016265 0.00016305 0.00016323 0.00016308 0.00016332 0.00016342 0.00016351
0.00016369 0.00016434 0.00016376 0.00016423 0.00016416 0.00016393 0.00016378 0.00016391 0.00016277 0.00016325 0.00016297 0.00016297 0.00016301 0.00016284 0.00016361 0.00016205 0.00016188 0.00016164 0.00016112 0.0001614 0.00016117 0.00016075 0.00016064 0.00016052 0.00016038 0.00016029 0.00015988 0.00016004 0.00015995 0.00015986 0.0001597 0.00015956 0.00015952 0.00015941 0.00015926 0.00015911 0.0001591 0.00015913 0.00015902 0.000159 0.00015901 0.00015915 0.00015932 0.00015951 0.0001598 0.00016009 0.00016034 0.00016077 0.00016109 0.00016161 0.00016214 0.00016228 0.00016349 0.00016463 0.0001655 0.00016646 0.00016733 0.00016837 0.00016875 0.000169 0.0001692 0.00017 0.00017035 0.00017022 0.00017098 0.0001712 0.0001713 0.00017077 0.00017111 0.00017146 0.00017081 0.00017096 0.00017155 0.00017162 0.00017161 0.00017176 0.00017174 0.00017132 0.00017138 0.00017123 0.00017133 0.00017081 0.00017045 0.00016864 0.0001759 0.00018123 0.00016499 0.00016785 0.00016837 0.00016779 0.00016799 0.00016708 0.0001672 0.00016627 0.00016618 0.00016575 0.0001653 0.00016515 0.0001651 0.00016486 0.00016442 0.00016439 0.00016414 0.00016352 0.00016402 0.00016343 0.00016335 0.00016357 0.00016352 0.0001634 0.00016371 0.00016371 0.00016392 0.00016352 0.00016286 0.00016296 0.00016354 0.00016293 0.00016278 0.00016311 0.00016291 0.00016255 0.00016243 0.00016161 0.00016156 0.00016088 0.00016104 0.00016072 0.00016066 0.00016019 0.00016054 0.00016047 0.00016047 0.00016058 0.00016092 0.00016081 0.00016114 0.00016126 0.000161 0.00016148 0.00016184 0.00016175 0.00016211 0.00016221 0.00016187 0.00016251 0.00016244 0.0001626 0.00016249 0.00016261 0.00016287 0.00016294 0.00016297 0.00016317 0.00016236 0.00016328 0.00016315 0.00016356 0.00016345 0.00016342 0.00016299 0.00016294 0.00016348 0.0001634 0.00016292 0.00016345 0.0001634 0.00016254 0.00016308 0.00016265 0.00016323 0.00016315 0.00016297 0.00016304 0.00016307 0.00016344 0.0001629 0.00016299 0.0001638 0.00016244
0.00016449 0.00016443 0.00016473 0.00016452 0.00016437 0.00016494 0.00016462 0.00016434 0.00016455 0.00016429 0.00016348 0.00016369 0.00016394 0.00016329 0.00016345 0.00016311 0.00016308 0.00016288 0.00016275 0.00016268 0.00016189 0.00016215 0.00016157 0.00016132 0.0001613 0.00016081 0.00016126 0.00016112 0.00016079 0.00016068 0.0001606 0.00016026 0.00016035 0.00016004 0.00016101 0.00015973 0.00015972 0.00015969 0.0001596 0.00015968 0.00015977 0.00015993 0.0001603 0.00016043 0.00016069 0.0001611 0.00016159 0.00016222 0.00016267 0.00016328 0.00016405 0.00016495 0.00016572 0.00016672 0.00016774 0.00016866 0.0001697 0.00017041 0.00017117 0.00017186 0.00017211 0.00017196 0.00017143 0.00017115 0.00017117 0.00017115 0.00017091 0.00017114 0.00017151 0.00017124 0.00017143 0.00017142 0.00017119 0.00017158 0.00017154 0.00017126 0.00017107 0.00017041 0.00017138 0.00017104 0.00017082 0.00017043 0.00016945 0.0001691 0.00016901 0.00016817 0.000168 0.00016811 0.00016781 0.00016796 0.00016741 0.00016694 0.00016686 0.00016628 0.00016606 0.00016557 0.00016535 0.0001651 0.00016488 0.00016432 0.000164 0.00016429 0.00016407 0.0001635 0.00016364 0.00016364 0.00016369 0.00016343 0.00016321 0.00016271 0.00016297 0.00016366 0.00016393 0.0001636 0.00016341 0.00016347 0.00016291 0.00016326 0.00016317 0.00016309 0.00016288 0.00016236 0.00016256 0.00016229 0.00016196 0.00016173 0.00016167 0.00016109 0.00016079 0.00016072 0.00016049 0.00016024 0.00016028 0.00016029 0.00016001 0.0001606 0.00016066 0.0001608 0.00015978 0.00016103 0.00016127 0.00016159 0.00016168 0.00016144 0.0001616 0.00016166 0.00016099 0.00016207 0.00016202 0.00016219 0.00016207 0.00016265 0.00016255 0.00016278 0.0001629 0.00016287 0.00016297 0.00016307 0.00016315 0.00016342 0.00016271 0.00016283 0.00016287 0.00016322 0.00016314 0.00016313 0.00016367 0.00016366 0.00016369 0.00016339 0.00016368 0.00016339 0.00016388 0.0001638 0.00016323 0.00016347 0.00016354 0.00016423 0.00016409 0.00016434
0.00016399 0.00016502 0.00016507 0.00016481 0.00016497 0.00016505 0.00016488 0.0001651 0.0001644 0.0001653 0.00016472 0.00016463 0.00016447 0.0001646 0.00016377 0.0001634 0.00016339 0.00016394 0.00016411 0.00016357 0.00016364 0.00016356 0.00016337 0.0001632 0.00016261 0.0001625 0.00016105 0.00016227 0.00016222 0.0001615 0.00016209 0.00016127 0.00016142 0.00016097 0.0001606 0.00016037 0.00016047 0.00016044 0.0001605 0.00016053 0.00016058 0.00016105 0.00016134 0.00016171 0.00016207 0.00016258 0.00016353 0.00016439 0.00016533 0.00016604 0.00016652 0.00016703 0.00016736 0.00016808 0.00016859 0.00016938 0.00016987 0.00017012 0.00017077 0.000171 0.00017103 0.00017115 0.00017105 0.00017096 0.0001707 0.00017092 0.00017103 0.00017108 0.00017077 0.00017115 0.00017121 0.00017101 0.00017145 0.0001713 0.00017052 0.00017096 0.00017085 0.00017037 0.00017042 0.00017016 0.00016972 0.00016948 0.00016964 0.00016912 0.00016834 0.00016843 0.00016759 0.00016733 0.00016716 0.00016686 0.00016686 0.00016645 0.00016593 0.00016587 0.00016583 0.00016484 0.00016503 0.000165 0.00016472 0.00016457 0.00016443 0.00016438 0.00016418 0.00016367 0.00016376 0.00016413 0.00016391 0.00016367 0.00016361 0.00016379 0.0001627 0.00016289 0.00016343 0.00016336 0.00016357 0.00016335 0.00016307 0.00016321 0.00016315 0.00016265 0.00016239 0.00016258 0.00016243 0.0001624 0.00016184 0.00016174 0.0001617 0.00016157 0.00016138 0.00016118 0.00016096 0.00016061 0.00016058 0.00016034 0.00016012 0.00015993 0.00016013 0.00016051 0.00016078 0.00016067 0.00016079 0.00016079 0.00016096 0.00016096 0.00016101 0.00016104 0.0001612 0.00016141 0.00016142 0.00016135 0.0001617 0.00016148 0.00016179 0.00016216 0.00016248 0.00016269 0.00016253 0.00016281 0.0001636 0.00016326 0.00016304 0.00016302 0.00016302 0.00016345 0.00016344 0.00016372 0.00016379 0.00016409 0.00016393 0.00016371 0.00016363 0.00016409 0.00016426 0.00016445 0.00016508 0.00016474 0.0001645 0.00016468 0.00016443 0.00016422
0.00016518 0.00016561 0.00016593 0.0001654 0.00016513 0.00016556 0.00016808 0.00016485 0.00016542 0.0001655 0.00016478 0.00016509 0.00016523 0.00016493 0.00016546 0.00016558 0.00016549 0.00016507 0.00016584 0.0001645 0.00016398 0.00016467 0.00016464 0.00016433 0.00016387 0.00016365 0.00016326 0.00016284 0.00016309 0.00016244 0.00016262 0.00016276 0.00016284 0.0001621 0.00016261 0.00016266 0.0001621 0.00016212 0.00016222 0.00016232 0.00016206 0.00016283 0.0001631 0.00016335 0.00016392 0.00016427 0.00016486 0.00016571 0.00016619 0.00016689 0.00016744 0.00016783 0.0001679 0.00016776 0.00016825 0.00016841 0.00016861 0.00016888 0.00016919 0.0001692 0.000169 0.00016942 0.00016945 0.00016969 0.00017053 0.00017006 0.00017017 0.00017039 0.00017098 0.00017049 0.00017073 0.00017051 0.00017043 0.00017072 0.00017026 0.00016987 0.00016991 0.0001701 0.00016981 0.00016937 0.00016905 0.00016896 0.00016869 0.00016825 0.0001678 0.00016766 0.00016735 0.00016724 0.00016695 0.00016633 0.00016574 0.00016534 0.00016559 0.00016567 0.00016514 0.00016508 0.0001648 0.00016469 0.00016455 0.00016428 0.00016391 0.00016366 0.00016351 0.00016338 0.00016369 0.00016382 0.00016371 0.00016342 0.00016352 0.00016342 0.00016371 0.00016335 0.00016322 0.00016324 0.00016292 0.00016318 0.00016283 0.00016272 0.00016228 0.00016266 0.00016205 0.00016244 0.00016232 0.00016182 0.00016187 0.00016183 0.00016174 0.00016175 0.00016152 0.00016124 0.00016108 0.00016114 0.00016093 0.00016082 0.0001605 0.00016057 0.00016036 0.00016024 0.00016011 0.00016002 0.00015983 0.00015979 0.00015993 0.00016008 0.00016026 0.00016045 0.00016073 0.00016083 0.00016121 0.00016112 0.00016147 0.00016143 0.0001614 0.00016156 0.00016197 0.00016184 0.00016246 0.00016279 0.00016304 0.00016319 0.00016331 0.00016292 0.00016353 0.00016363 0.00016372 0.00016408 0.00016395 0.00016414 0.00016348 0.00016433 0.0001643 0.00016417 0.00016379 0.00016448 0.00016464 0.00016486 0.00016538 0.00016458 0.00016508 0.00016494
0.00016594 0.00016634 0.00016638 0.00016606 0.00016569 0.00016654 0.00016667 0.00016639 0.00016636 0.00016667 0.00016708 0.00016647 0.00016659 0.00016594 0.00016728 0.00016632 0.00016615 0.00016596 0.00016559 0.00016557 0.00016581 0.0001644 0.00016447 0.00016489 0.00016437 0.000165 0.0001644 0.00016653 0.00016536 0.00016482 0.00016523 0.00016439 0.00016404 0.00016376 0.0001633 0.0001637 0.00016328 0.00016348 0.00016366 0.00016416 0.00016443 0.00016475 0.00016497 0.00016516 0.00016563 0.00016594 0.00016614 0.00016641 0.00016671 0.00016708 0.00016759 0.00016839 0.00016811 0.00016816 0.00016814 0.00016807 0.00016782 0.00016777 0.00016747 0.00016783 0.00016807 0.00016832 0.00016856 0.00016851 0.00016878 0.00016921 0.00016941 0.00016919 0.00016916 0.00016937 0.00016986 0.0001702 0.00017012 0.00016948 0.00016986 0.00016992 0.00016997 0.00016941 0.000169 0.00016837 0.00016842 0.00016809 0.00016776 0.00016745 0.00016759 0.00016743 0.00016712 0.00016678 0.0001664 0.00016637 0.00016591 0.00016493 0.00016496 0.00016496 0.00016488 0.00016421 0.00016431 0.00016426 0.00016403 0.00016414 0.00016388 0.00016385 0.00016363 0.00016298 0.00016344 0.00016348 0.00016314 0.00016299 0.00016296 0.00016271 0.000163 0.00016305 0.00016326 0.00016317 0.00016294 0.00016318 0.00016322 0.00016284 0.00016238 0.0001621 0.00016232 0.00016263 0.00016248 0.00016202 0.00016193 0.0001618 0.0001616 0.00016178 0.00016136 0.00016132 0.00016117 0.00016102 0.0001611 0.00016088 0.00016097 0.00016081 0.00016066 0.00016049 0.00016043 0.00016048 0.00016058 0.00016067 0.00016076 0.00016078 0.00016087 0.00016097 0.00016105 0.00016111 0.0001613 0.00016141 0.00016129 0.00016161 0.0001616 0.00016179 0.00016179 0.0001618 0.00016237 0.00016263 0.00016279 0.00016267 0.00016331 0.00016328 0.00016305 0.00016356 0.00016399 0.00016427 0.00016387 0.00016429 0.00016472 0.00016494 0.00016252 0.0001705 0.00016345 0.00015936 0.00016473 0.00016512 0.00016587 0.00016568 0.00016482 0.00016546
0.00016595 0.00016662 0.00016623 0.00016653 0.00016656 0.00016728 0.00016633 0.0001669 0.00016703 0.00016697 0.00016729 0.00016675 0.00016687 0.00016748 0.00016687 0.00016723 0.00016718 0.00016603 0.00016657 0.00016684 0.00016647 0.00016709 0.00016737 0.00016788 0.00016687 0.00016578 0.00016599 0.00016602 0.0001646 0.00016509 0.00016524 0.00016491 0.0001657 0.00016599 0.0001664 0.00016539 0.00016506 0.00016517 0.00016463 0.00016537 0.00016525 0.00016553 0.0001661 0.00016602 0.00016601 0.00016565 0.00016618 0.00016649 0.00016671 0.00016734 0.00016766 0.00016776 0.00016775 0.00016783 0.00016789 0.00016863 0.00016774 0.00016767 0.00016783 0.00016796 0.00016842 0.00016872 0.00016894 0.00016895 0.00016895 0.00016876 0.00016856 0.00016868 0.00016895 0.00016841 0.00016912 0.00016913 0.00016913 0.00016914 0.00016897 0.00016918 0.00016876 0.0001687 0.00016807 0.00016821 0.00016773 0.00016765 0.00016721 0.00016808 0.00016694 0.00016648 0.00016615 0.00016582 0.00016574 0.00016574 0.00016534 0.00016519 0.00016497 0.00016463 0.00016465 0.00016448 0.00016494 0.00016394 0.00016372 0.00016358 0.00016346 0.00016343 0.00016336 0.00016313 0.0001632 0.00016328 0.00016329 0.00016309 0.0001628 0.00016313 0.00016292 0.00016274 0.00016301 0.00016298 0.00016291 0.00016279 0.00016266 0.00016279 0.00016236 0.00016238 0.00016233 0.00016223 0.00016192 0.00016241 0.0001624 0.00016222 0.00016176 0.00016169 0.00016168 0.00016134 0.00016166 0.00016152 0.00016156 0.0001614 0.00016107 0.00016118 0.00016104 0.00016104 0.00016098 0.00016098 0.0001609 0.00016116 0.0001612 0.00016073 0.00016101 0.00016119 0.00016138 0.00016145 0.00016125 0.00016128 0.00016143 0.00016166 0.00016176 0.00016185 0.00016202 0.00016204 0.00016218 0.00016259 0.00016279 0.00016303 0.00016305 0.00016343 0.00016347 0.00016388 0.00016402 0.00016397 0.00016402 0.00016423 0.00016448 0.00016479 0.0001648 0.00016512 0.00016481 0.00016615 0.00016625 0.00016642 0.00016646 0.00016644 0.00016616 0.00016571
0.00016719 0.00016644 0.00016501 0.00016434 0.00016522 0.0001669 0.00016628 0.00016407 0.00016421 0.00016659 0.00016719 0.0001672 0.0001674 0.00016715 0.00016708 0.00016604 0.00016432 0.00016458 0.00016403 0.00016595 0.00016476 0.00016541 0.00016793 0.0001697 0.00016702 0.00016596 0.00016588 0.00016669 0.00016629 0.00016621 0.00016613 0.00016616 0.00016647 0.00016593 0.00016409 0.00016581 0.00016524 0.00016572 0.00016553 0.00016532 0.00016628 0.0001661 0.00016562 0.00016563 0.00016611 0.00016657 0.00016677 0.00016699 0.00016723 0.00016738 0.0001675 0.00016772 0.00016689 0.00016809 0.00016826 0.00016852 0.00016866 0.00016865 0.00016864 0.00016866 0.00016887 0.00016486 0.00016502 0.00016734 0.00016814 0.00016798 0.00016793 0.0001681 0.00016765 0.00016763 0.00016799 0.00016812 0.0001681 0.00016814 0.00016785 0.00016791 0.00016773 0.00016779 0.00016799 0.00016783 0.0001675 0.00016686 0.00016675 0.00016656 0.0001665 0.00016613 0.0001654 0.00016529 0.00016572 0.00016542 0.00016548 0.0001652 0.00016476 0.00016424 0.00016415 0.00016435 0.00016435 0.00016422 0.00016398 0.00016376 0.00016367 0.00016365 0.0001634 0.00016378 0.00016336 0.00016327 0.00016327 0.00016318 0.00016315 0.0001631 0.00016308 0.00016298 0.00016278 0.00016249 0.0001625 0.00016246 0.00016271 0.00016232 0.00016236 0.00016194 0.00016213 0.00016228 0.00016234 0.00016239 0.00016235 0.00016241 0.00016226 0.00016215 0.00016199 0.00016177 0.00016193 0.00016169 0.00016154 0.00016126 0.0001602 0.00016102 0.00016141 0.00016145 0.00016158 0.00016148 0.00016129 0.00016133 0.00016134 0.00016131 0.00016137 0.00016127 0.00016152 0.00016135 0.00016147 0.00016127 0.00016156 0.00016179 0.00016175 0.00016195 0.00016216 0.00016227 0.00016243 0.00016253 0.00016236 0.00016271 0.00016285 0.00016318 0.00016364 0.00016393 0.00016403 0.00016407 0.00016431 0.00016475 0.00016478 0.00016457 0.00016503 0.00016466 0.00016496 0.00016539 0.00016524 0.00016642 0.00016704 0.0001669 0.00016642 0.00016685
0.00016549 0.00016477 0.00016479 0.00016537 0.00016551 0.00016525 0.000165 0.00016497 0.00016516 0.00016507 0.00016515 0.00016426 0.00016566 0.00016538 0.00016556 0.00016606 0.00016604 0.00016628 0.00016629 0.00016597 0.00016584 0.00016651 0.00016638 0.00016656 0.00016685 0.00016709 0.0001666 0.00016529 0.00016569 0.00016507 0.00016539 0.00016563 0.00016583 0.00016589 0.00016564 0.00016601 0.00016577 0.00016633 0.00016623 0.00016617 0.00016627 0.00016644 0.00016641 0.00016614 0.00016579 0.00016593 0.00016613 0.00016637 0.00016653 0.00016699 0.00016742 0.00016718 0.00016739 0.00016762 0.00016787 0.00016793 0.00016768 0.00016801 0.00016842 0.00016838 0.00016864 0.0001688 0.0001687 0.00016882 0.00016849 0.0001685 0.00016891 0.00016857 0.00016799 0.00016765 0.00016729 0.0001671 0.00016664 0.00016681 0.00016686 0.00016591 0.00016566 0.00016589 0.00016648 0.00016656 0.00016592 0.00016623 0.00016529 0.00016277 0.00016423 0.00016597 0.00016037 0.00016118 0.00016443 0.00015909 0.00016048 0.00016275 0.00016129 0.00015978 0.00016205 0.00015931 0.00015971 0.0001624 0.00016119 0.00015985 0.00016025 0.00016062 0.00016116 0.00016292 0.00016312 0.00016276 0.000163 0.00016305 0.00016314 0.00016301 0.00016296 0.00016292 0.00016286 0.0001628 0.00016255 0.00016265 0.00016255 0.00016253 0.00016243 0.00016153 0.00016408 0.00016144 0.00016224 0.00016211 0.00016201 0.00016219 0.00016204 0.00016193 0.00016197 0.00016201 0.00016203 0.00016207 0.00016196 0.00016201 0.00016198 0.000162 0.00016208 0.00016208 0.00016186 0.00016196 0.00016184 0.00016167 0.00016139 0.00016149 0.00016153 0.00016119 0.00016085 0.00016091 0.00016113 0.00016137 0.00016151 0.00016137 0.00016176 0.000162 0.00016201 0.00016238 0.00016225 0.00016257 0.00016249 0.00016256 0.00016275 0.00016311 0.00016327 0.00016368 0.00016376 0.00016407 0.00016392 0.00016389 0.00016412 0.00016479 0.00016475 0.00016491 0.00016496 0.00016523 0.00016535 0.00016506 0.000165 0.00016579 0.00016581 0.00016566
0.00016102 0.00016108 0.0001612 0.00016145 0.00016121 0.00016123 0.00016135 0.00016129 0.00016134 0.00016143 0.00016155 0.00016165 0.00016176 0.00016186 0.00016202 0.00016214 0.00016217 0.00016231 0.00016231 0.00016243 0.00016248 0.00016261 0.00016273 0.00016294 0.00016311 0.00016344 0.00016389 0.00016443 0.00016441 0.00016481 0.0001653 0.00016478 0.00016486 0.00016586 0.00016319 0.00016317 0.00016228 0.00016359 0.00016087 0.00016141 0.00016237 0.00016289 0.00016517 0.0001652 0.00016533 0.00016574 0.00016618 0.00016595 0.00016491 0.00016466 0.00016208 0.00016189 0.00016108 0.00016197 0.00016445 0.00016254 0.0001621 0.00016201 0.00016204 0.00016257 0.00016582 0.00016479 0.00016515 0.00016515 0.00016557 0.00016591 0.00016644 0.00016448 0.00016363 0.00016225 0.0001623 0.00016235 0.00016036 0.00016132 0.00016051 0.0001595 0.00015897 0.00015946 0.00015885 0.00015849 0.00015843 0.00015832 0.00015831 0.0001584 0.0001584 0.00015835 0.00015864 0.00015869 0.00015865 0.00015887 0.0001587 0.0001585 0.0001591 0.0001591 0.00015851 0.0001589 0.00015885 0.0001594 0.0001594 0.00015927 0.0001585 0.00015837 0.0001584 0.00015839 0.00015839 0.00015834 0.00015873 0.00015862 0.00015886 0.00016113 0.00016093 0.00015898 0.00015969 0.00016207 0.0001607 0.00016106 0.00016 0.00016047 0.00016151 0.00015945 0.00015958 0.00015933 0.00015959 0.00015972 0.00016062 0.00016203 0.00016004 0.00016037 0.00016037 0.00016032 0.0001606 0.0001605 0.00016051 0.00016063 0.00016071 0.0001608 0.00016116 0.00016159 0.00016201 0.00016203 0.00016206 0.00016205 0.00016206 0.00016191 0.00016202 0.00016178 0.00016182 0.00016195 0.00016202 0.00016229 0.00016229 0.00016245 0.00016249 0.0001626 0.00016258 0.00016251 0.00016253 0.00016271 0.00016278 0.00016257 0.00016263 0.00016274 0.0001629 0.00016292 0.00016291 0.00016288 0.00016275 0.00016263 0.00016257 0.0001622 0.00016181 0.00016189 0.00016184 0.00016179 0.00016173 0.00016151 0.00016129 0.00016109 0.00016107 0.00016103
0.00015966 0.00015966 0.00015968 0.00015967 0.00015968 0.00015965 0.00015969 0.00015973 0.00015976 0.00015983 0.00015991 0.00016002 0.00016007 0.00016016 0.00016023 0.00016039 0.00016055 0.00016057 0.00016087 0.00016088 0.00016103 0.00016108 0.00016108 0.00016106 0.00016102 0.0001608 0.0001614 0.00016125 0.00016101 0.00015911 0.00015879 0.00015848 0.00015897 0.00015925 0.00015848 0.0001588 0.00015843 0.00015846 0.00015846 0.00015836 0.00015831 0.00015836 0.00015833 0.00015842 0.00015841 0.00015831 0.00015831 0.00015833 0.00015831 0.00015832 0.00015844 0.00015866 0.00015918 0.00015942 0.00015855 0.00015873 0.00015843 0.00015832 0.00015832 0.00015841 0.00015833 0.00015959 0.00015939 0.00016244 0.00016322 0.00016417 0.00016499 0.00016555 0.00016543 0.00016368 0.00016232 0.00016086 0.00015981 0.0001592 0.00015895 0.00015857 0.00015842 0.00015833 0.00015831 0.00015832 0.00015834 0.0001584 0.00015845 0.00015851 0.00015863 0.00015875 0.00015884 0.00015896 0.00015904 0.00015904 0.00015904 0.00015908 0.00015911 0.00015918 0.00015929 0.00015939 0.00015949 0.00015959 0.00015964 0.00015971 0.00015977 0.0001599 0.00016 0.0001601 0.00016018 0.00016026 0.00016029 0.00016035 0.00016027 0.00015981 0.00015926 0.00015875 0.00015882 0.00015867 0.00015904 0.00015871 0.0001584 0.00015835 0.00015845 0.00015862 0.00015876 0.00015868 0.00015834 0.00015853 0.00015843 0.00015864 0.00015847 0.00015841 0.00015853 0.00015844 0.0001587 0.00015863 0.00015843 0.00015831 0.00015834 0.00015837 0.00015833 0.00015847 0.00015837 0.00015836 0.00015831 0.00015857 0.0001587 0.00015897 0.00016029 0.00016015 0.00016128 0.00016209 0.00016223 0.00016207 0.00016193 0.00016185 0.00016185 0.00016188 0.00016213 0.00016223 0.00016214 0.00016209 0.00016178 0.00016164 0.00016154 0.0001615 0.00016137 0.00016123 0.00016111 0.00016098 0.00016084 0.0001607 0.00016062 0.00016054 0.00016042 0.00016038 0.00016024 0.00016017 0.00016012 0.00016004 0.00015989 0.00015978 0.00015971 0.00015968
0.00016041 0.00015995 0.00016036 0.00016091 0.00016121 0.00016221 0.00015838 0.00015832 0.00015849 0.00015879 0.00015832 0.00015848 0.00015832 0.00015831 0.00015831 0.00015849 0.00015868 0.00015916 0.00015926 0.00015922 0.00015921 0.00015863 0.00015835 0.00015837 0.00015839 0.00015831 0.0001586 0.00015832 0.00015831 0.00015846 0.00015835 0.00015973 0.00015948 0.00015866 0.00015943 0.00015978 0.00015982 0.00015985 0.00015978 0.00015964 0.0001597 0.00015928 0.00015954 0.00015983 0.00015968 0.00015994 0.00016019 0.00016014 0.00016014 0.00015963 0.00015962 0.00015974 0.0001595 0.00015886 0.00015893 0.00015924 0.00015919 0.00015909 0.00015893 0.00015878 0.00015872 0.00015886 0.00015858 0.00015876 0.00015886 0.00015886 0.00015841 0.0001584 0.00015837 0.00015859 0.00015883 0.00015966 0.00015907 0.00015901 0.00015891 0.0001592 0.00015965 0.00016024 0.00016051 0.00016061 0.00016094 0.00016113 0.00015979 0.00015881 0.00015831 0.00015831 0.00015832 0.00015835 0.00015845 0.00015885 0.00015995 0.0001598 0.00015858 0.00015902 0.00015907 0.00015888 0.00015904 0.00015919 0.00015954 0.00015976 0.00015987 0.00015959 0.00015994 0.00016012 0.00016023 0.00016033 0.00016044 0.00016051 0.00016056 0.00016065 0.0001607 0.00016069 0.00016066 0.00016062 0.00016057 0.0001605 0.00016042 0.00016036 0.00016033 0.00016037 0.00016029 0.00016018 0.00016014 0.00016022 0.00016025 0.00016025 0.00016027 0.00016026 0.00016022 0.00016028 0.00016025 0.00016028 0.0001603 0.00016024 0.00016012 0.00016012 0.00015983 0.00015986 0.00015992 0.00015932 0.00016002 0.00016001 0.00016002 0.00015896 0.00015887 0.00015877 0.00015854 0.00015831 0.00015852 0.00015893 0.00015863 0.00015895 0.00015839 0.00015833 0.00015835 0.0001586 0.00015833 0.00015835 0.00015852 0.00015867 0.0001586 0.00015832 0.00015842 0.00015922 0.00015885 0.00015894 0.00015954 0.00016094 0.00016012 0.00016126 0.00016028 0.00015961 0.00015922 0.00015885 0.00015925 0.0001599 0.00016035 0.00015935 0.00015942 0.00015958
0.00016129 0.00016082 0.00016103 0.00016091 0.00016063 0.0001609 0.00016086 0.00016097 0.00016158 0.00016174 0.00016172 0.00016168 0.00016147 0.00016134 0.00016157 0.00016187 0.00016191 0.00016186 0.00016193 0.00016195 0.00016186 0.00016152 0.00016152 0.00016232 0.00016228 0.0001623 0.00016211 0.00016203 0.0001619 0.00016186 0.00016178 0.00016212 0.0001624 0.0001622 0.00016239 0.00016274 0.00016293 0.00016295 0.00016299 0.00016296 0.00016273 0.00016281 0.00016249 0.00016258 0.00016277 0.00016313 0.00016319 0.00016326 0.00016313 0.00016298 0.00016299 0.000163 0.00016292 0.00016285 0.00016253 0.0001621 0.00016206 0.00016185 0.0001617 0.0001617 0.00016192 0.00016209 0.00016214 0.00016221 0.00016226 0.00016228 0.00016235 0.00016227 0.00016218 0.00016203 0.00016124 0.00016013 0.00015995 0.00016026 0.00016033 0.00016058 0.00016021 0.00016053 0.00016063 0.00016033 0.00016077 0.000161 0.00016109 0.0001611 0.00016087 0.00016113 0.00016094 0.00016045 0.00016087 0.00016056 0.00016119 0.00016142 0.00016124 0.00016154 0.00016184 0.00016188 0.00016174 0.00016179 0.00016157 0.00016165 0.00016187 0.00016219 0.00016216 0.00016189 0.00016187 0.0001623 0.00016238 0.00016248 0.0001626 0.00016266 0.0001627 0.00016256 0.00016271 0.00016267 0.00016262 0.00016254 0.00016249 0.00016236 0.00016247 0.00016189 0.00016263 0.00016253 0.0001624 0.00016223 0.00016177 0.00016152 0.00016218 0.00016223 0.00016197 0.00016197 0.00016169 0.00016207 0.00016259 0.00016258 0.00016258 0.0001626 0.00016259 0.00016243 0.00016211 0.00016206 0.00016204 0.00016197 0.00016189 0.00016201 0.00016179 0.00016179 0.00016174 0.00016193 0.00016218 0.00016249 0.00016222 0.00016248 0.00016206 0.00016224 0.00016265 0.00016262 0.0001625 0.00016144 0.00016188 0.00016153 0.00016196 0.00016112 0.00016112 0.00016072 0.00016075 0.00016065 0.00016095 0.00016112 0.00016102 0.00016096 0.00016108 0.00016075 0.00016053 0.00016058 0.00016053 0.00016045 0.00016077 0.0001606 0.00016031 0.00016085
0.00016372 0.00016377 0.00016373 0.00016362 0.00016361 0.00016395 0.00016397 0.0001641 0.00016412 0.00016411 0.00016411 0.00016415 0.00016415 0.00016416 0.00016416 0.00016418 0.0001642 0.00016422 0.00016421 0.00016422 0.00016425 0.00016423 0.00016417 0.00016421 0.00016422 0.0001642 0.00016425 0.00016432 0.00016436 0.00016441 0.00016444 0.00016447 0.00016449 0.00016451 0.00016453 0.00016455 0.00016456 0.00016457 0.00016458 0.00016459 0.00016459 0.00016459 0.00016461 0.00016461 0.00016461 0.00016461 0.00016462 0.00016462 0.00016461 0.0001646 0.00016458 0.00016456 0.00016452 0.00016448 0.00016444 0.00016437 0.00016434 0.00016431 0.00016427 0.00016427 0.00016429 0.00016424 0.00016423 0.0001642 0.00016418 0.00016414 0.00016411 0.00016409 0.00016409 0.00016407 0.00016405 0.00016405 0.000164 0.00016396 0.00016392 0.00016389 0.00016385 0.00016383 0.00016375 0.00016371 0.00016374 0.00016376 0.00016376 0.00016371 0.00016376 0.00016368 0.00016368 0.00016372 0.00016371 0.00016371 0.00016371 0.00016363 0.00016353 0.00016357 0.00016366 0.00016375 0.0001638 0.00016373 0.0001635 0.00016344 0.00016357 0.00016376 0.00016377 0.00016381 0.00016385 0.00016388 0.00016391 0.00016396 0.000164 0.00016404 0.00016403 0.00016406 0.00016408 0.00016411 0.00016413 0.00016415 0.00016416 0.00016418 0.0001642 0.0001642 0.0001642 0.0001642 0.00016421 0.00016419 0.00016416 0.00016419 0.0001642 0.00016423 0.00016426 0.00016428 0.00016429 0.0001643 0.00016431 0.00016433 0.00016436 0.00016439 0.00016443 0.00016447 0.00016449 0.00016451 0.00016452 0.00016453 0.00016454 0.00016453 0.00016453 0.00016455 0.00016454 0.00016452 0.00016452 0.0001645 0.00016447 0.00016444 0.00016442 0.00016438 0.00016433 0.00016429 0.00016424 0.00016419 0.00016424 0.00016429 0.00016429 0.00016427 0.00016425 0.00016425 0.00016427 0.00016425 0.00016424 0.00016423 0.00016419 0.00016418 0.00016411 0.00016408 0.00016405 0.00016401 0.00016398 0.00016394 0.00016389 0.00016385 0.00016384 0.00016378
